{
  "claim_boundary": "computational_independent_dual_receptor_Docking_geometry_only",
  "counts": {
    "folds": 5,
    "parents": 54,
    "raw_numeric_features": 162,
    "raw_rows_scanned": 10644,
    "rows": 9849
  },
  "feature_firewall": {
    "candidate_id_is_model_input": false,
    "open_rows_excluded_before_value_parsing": 795,
    "parent_id_is_model_input": false
  },
  "input_access": {
    "frozen_test_rows": 0,
    "open_development_rows": 0
  },
  "methods": {
    "G0_EQUAL_RANK4": {
      "binary_ndcg_true_top10_at_budget5": 0.3010536785316196,
      "fold_ef5": [
        2.120140801958984,
        3.939393939393939,
        2.8268471517202483,
        2.069898034579577,
        4.895833333333333
      ],
      "hits_at5": 143,
      "median_fold_ef5": 2.8268471517202483,
      "pooled_ef10": 2.5581159009508108,
      "pooled_ef5": 2.900314041247516,
      "precision_at5": 0.29006085192697767,
      "recall_at5": 0.14517766497461929,
      "spearman": 0.6011107021712083,
      "worst_fold_ef5": 2.069898034579577
    },
    "G1_HGB_TOP10_RAW": {
      "binary_ndcg_true_top10_at_budget5": 0.25850789274429326,
      "fold_ef5": [
        2.019181716151413,
        2.929292929292929,
        2.4230118443316413,
        2.3655977538052313,
        4.791666666666667
      ],
      "hits_at5": 128,
      "median_fold_ef5": 2.4230118443316413,
      "pooled_ef10": 2.456603365198794,
      "pooled_ef5": 2.5960852956621125,
      "precision_at5": 0.25963488843813387,
      "recall_at5": 0.1299492385786802,
      "spearman": 0.583116008881743,
      "worst_fold_ef5": 2.019181716151413
    },
    "G2_EXTRA_TREES_TOP10_RAW": {
      "binary_ndcg_true_top10_at_budget5": 0.2893253774260485,
      "fold_ef5": [
        2.322058973574125,
        3.4343434343434343,
        3.230682459108855,
        2.562730899955667,
        5.208333333333333
      ],
      "hits_at5": 145,
      "median_fold_ef5": 3.230682459108855,
      "pooled_ef10": 2.4972083794996007,
      "pooled_ef5": 2.9408778739922368,
      "precision_at5": 0.29411764705882354,
      "recall_at5": 0.14720812182741116,
      "spearman": 0.5851085913308339,
      "worst_fold_ef5": 2.322058973574125
    },
    "G3_HGB_R8R9_RAW": {
      "binary_ndcg_true_top10_at_budget5": 0.3017601759657656,
      "fold_ef5": [
        2.322058973574125,
        3.838383838383838,
        2.5239706711787933,
        2.168464607654795,
        5.520833333333333
      ],
      "hits_at5": 152,
      "median_fold_ef5": 2.5239706711787933,
      "pooled_ef10": 2.639325929552424,
      "pooled_ef5": 3.0828512885987585,
      "precision_at5": 0.30831643002028397,
      "recall_at5": 0.15431472081218275,
      "spearman": 0.6006022583059898,
      "worst_fold_ef5": 2.168464607654795
    },
    "G4_CLASSIFIER_MEAN": {
      "binary_ndcg_true_top10_at_budget5": 0.29565391679989467,
      "fold_ef5": [
        2.120140801958984,
        2.828282828282828,
        2.7258883248730963,
        2.6612974730308854,
        4.6875
      ],
      "hits_at5": 140,
      "median_fold_ef5": 2.7258883248730963,
      "pooled_ef10": 2.7509897188796417,
      "pooled_ef5": 2.8394682921304355,
      "precision_at5": 0.2839756592292089,
      "recall_at5": 0.14213197969543148,
      "spearman": 0.5613363535706914,
      "worst_fold_ef5": 2.120140801958984
    },
    "G5_CLASSIFIER_BASE_BLEND": {
      "binary_ndcg_true_top10_at_budget5": 0.3107726084237265,
      "fold_ef5": [
        2.221099887766554,
        3.1313131313131315,
        3.1297236322617037,
        2.168464607654795,
        5.416666666666666
      ],
      "hits_at5": 148,
      "median_fold_ef5": 3.1297236322617037,
      "pooled_ef10": 2.7509897188796417,
      "pooled_ef5": 3.0017236231093176,
      "precision_at5": 0.3002028397565923,
      "recall_at5": 0.150253807106599,
      "spearman": 0.5721568476211245,
      "worst_fold_ef5": 2.168464607654795
    }
  },
  "schema_version": "pvrig_v2_15_raw_multimodal_top5_oof_v1",
  "selected_method": "G3_HGB_R8R9_RAW",
  "status": "PASS_V2_15_RAW_MULTIMODAL_TOP5_OOF",
  "target_achieved_in_this_oof": false,
  "target_ef5": 5.0
}
