model,baseline,haddock_rank,haddock_score,hotspot_overlap_count,align_rmsd_A,total_vhh_pvrl2_atom_occlusion,total_vhh_pvrl2_residue_pair_occlusion,total_vhh_pvrl2_atom_clash,total_vhh_pvrl2_residue_pair_clash,cdr3_atom_occlusion,cdr3_atom_occlusion_fraction,cdr3_residue_pair_occlusion,cdr3_residue_pair_occlusion_fraction,cdr3_atom_clash,cdr3_residue_pair_clash,cdr3_vhh_residue_count,cdr3_pvrl2_residue_count,cdr12_atom_occlusion,cdr12_residue_pair_occlusion,framework_atom_occlusion,framework_residue_pair_occlusion,framework_residue_pair_occlusion_fraction
cluster_1_model_1,9e6y,1,,10,0.605,8452,692,1456,265,832,0.09843823946994794,58,0.0838150289017341,161,27,12,25,1785,130,5835,504,0.7283236994219653
cluster_2_model_1,9e6y,2,,11,0.684,7282,598,1292,228,2057,0.2824773413897281,142,0.23745819397993312,369,60,13,45,899,66,4326,390,0.6521739130434783
cluster_2_model_2,9e6y,4,,10,0.580,6104,503,1130,171,2066,0.33846657929226737,145,0.2882703777335984,384,56,13,52,912,60,3126,298,0.5924453280318092
cluster_3_model_1,9e6y,3,,11,0.707,10531,887,1914,313,1988,0.18877599468236636,140,0.15783540022547915,390,56,13,44,1489,119,7054,628,0.7080045095828635
cluster_4_model_1,9e6y,5,,13,0.606,9164,768,1652,285,1844,0.20122217372326495,140,0.18229166666666666,359,55,13,46,1586,104,5734,524,0.6822916666666666
cluster_4_model_2,9e6y,6,,10,0.717,6413,521,1165,186,1684,0.26259161079058163,119,0.22840690978886757,308,45,13,35,1427,113,3302,289,0.5547024952015355
cluster_4_model_3,9e6y,7,,10,0.574,9093,767,1685,275,1809,0.19894424282415044,144,0.1877444589308996,372,50,13,45,1590,105,5694,518,0.6753585397653195
cluster_4_model_4,9e6y,8,,10,0.646,8438,702,1516,259,2003,0.23737852571699455,136,0.19373219373219372,382,55,13,44,1472,104,4963,462,0.6581196581196581
