model,baseline,haddock_rank,haddock_score,hotspot_overlap_count,align_rmsd_A,total_vhh_pvrl2_atom_occlusion,total_vhh_pvrl2_residue_pair_occlusion,total_vhh_pvrl2_atom_clash,total_vhh_pvrl2_residue_pair_clash,cdr3_atom_occlusion,cdr3_atom_occlusion_fraction,cdr3_residue_pair_occlusion,cdr3_residue_pair_occlusion_fraction,cdr3_atom_clash,cdr3_residue_pair_clash,cdr3_vhh_residue_count,cdr3_pvrl2_residue_count,cdr12_atom_occlusion,cdr12_residue_pair_occlusion,framework_atom_occlusion,framework_residue_pair_occlusion,framework_residue_pair_occlusion_fraction
cluster_1_model_1,8x6b,1,,17,0.585,8448,702,1494,271,922,0.10913825757575757,71,0.10113960113960115,181,31,12,26,1696,128,5830,503,0.7165242165242165
cluster_2_model_1,8x6b,2,,18,0.632,7174,609,1336,222,1985,0.27669361583495955,138,0.22660098522167488,350,56,13,46,919,70,4270,401,0.6584564860426929
cluster_2_model_2,8x6b,4,,14,0.573,5972,528,1105,169,2009,0.33640321500334897,145,0.2746212121212121,384,55,13,50,879,69,3084,314,0.5946969696969697
cluster_3_model_1,8x6b,3,,17,0.557,10289,853,1854,309,1901,0.18476042375352317,144,0.16881594372801875,376,56,13,47,1493,110,6895,599,0.7022274325908558
cluster_4_model_1,8x6b,5,,15,0.458,8843,756,1603,267,1772,0.20038448490331334,140,0.18518518518518517,330,53,13,48,1546,108,5525,508,0.671957671957672
cluster_4_model_2,8x6b,6,,17,0.682,6097,510,1090,176,1639,0.2688207315072987,123,0.2411764705882353,307,48,13,37,1376,118,3082,269,0.5274509803921569
cluster_4_model_3,8x6b,7,,13,0.463,8780,733,1650,261,1758,0.2002277904328018,140,0.19099590723055934,339,54,13,45,1554,106,5468,487,0.6643929058663028
cluster_4_model_4,8x6b,8,,13,0.535,8190,688,1455,247,1924,0.23492063492063492,136,0.19767441860465115,355,52,13,47,1455,103,4811,449,0.6526162790697675
