final_rank	candidate_id	source_cohort	route	conformation	seed	state	representative_model	pdb_path	pdb_sha256	archive_path	archive_member	haddock_score	representative_pair_label	job_id	chain_set
1	P1MCPUFP__CPUFP500K_0288__00659	existing_old_new7500_top200	c2_four_seed	8x6b	42	SUCCESS	cluster_1_model_1.pdb.gz	/data/qlyu/projects/pvrig_top7500_dualpanel_screen_v1_20260724/run/qc397_top20_plus_top10_fusion_developability_v2_20260726/fusion_panel_common4_bundle/representative_complexes/R01__P1MCPUFP__CPUFP500K_0288__00659__8x6b__s42.pdb	e7168b69bec92a42310de18b3f2805f17030d108d62d9a2a94ef204f1d474875	/data1/qlyu/projects/pvrig_c2_new4220_seed42_3047_docking_results_v1_20260723/c2_new4220_seed42_3047/compressed_queue/CANDIDATE_P1MCPUFP__CPUFP500K_0288__00659_8x6b_s42_82c844237df9.tar.gz	runs/CANDIDATE_P1MCPUFP__CPUFP500K_0288__00659_8x6b_s42_82c844237df9/haddock_run/6_seletopclusts/cluster_1_model_1.pdb.gz	-78.2441	STRICT_A	CANDIDATE_P1MCPUFP__CPUFP500K_0288__00659_8x6b_s42_82c844237df9	AT
1	P1MCPUFP__CPUFP500K_0288__00659	existing_old_new7500_top200	c2_four_seed	9e6y	42	SUCCESS	cluster_1_model_1.pdb.gz	/data/qlyu/projects/pvrig_top7500_dualpanel_screen_v1_20260724/run/qc397_top20_plus_top10_fusion_developability_v2_20260726/fusion_panel_common4_bundle/representative_complexes/R01__P1MCPUFP__CPUFP500K_0288__00659__9e6y__s42.pdb	24070b3d6e23ded23dc3ee3016c8e65ebd085d74898727e0e6e21bc06ba104a0	/data1/qlyu/projects/pvrig_c2_new4220_seed42_3047_docking_results_v1_20260723/c2_new4220_seed42_3047/compressed_queue/CANDIDATE_P1MCPUFP__CPUFP500K_0288__00659_9e6y_s42_ab71026c84de.tar.gz	runs/CANDIDATE_P1MCPUFP__CPUFP500K_0288__00659_9e6y_s42_ab71026c84de/haddock_run/6_seletopclusts/cluster_1_model_1.pdb.gz	-57.17300000000001	STRICT_A	CANDIDATE_P1MCPUFP__CPUFP500K_0288__00659_9e6y_s42_ab71026c84de	AT
1	P1MCPUFP__CPUFP500K_0288__00659	existing_old_new7500_top200	c2_four_seed	8x6b	917	SUCCESS	cluster_1_model_1.pdb.gz	/data/qlyu/projects/pvrig_top7500_dualpanel_screen_v1_20260724/run/qc397_top20_plus_top10_fusion_developability_v2_20260726/fusion_panel_common4_bundle/representative_complexes/R01__P1MCPUFP__CPUFP500K_0288__00659__8x6b__s917.pdb	a982fed87ab44bb15e1082f502a7dc94cd0f2ba2a42ee26783f2d86cee1ef565	/data1/qlyu/projects/pvrig_c2_new6220_dualreceptor_2seed_docking_results_v1_20260723/c2_new4220/compressed_queue/CANDIDATE_P1MCPUFP__CPUFP500K_0288__00659_8x6b_s917_a58d0caec33e.tar.gz	runs/CANDIDATE_P1MCPUFP__CPUFP500K_0288__00659_8x6b_s917_a58d0caec33e/haddock_run/6_seletopclusts/cluster_1_model_1.pdb.gz	-72.7329	STRICT_A	CANDIDATE_P1MCPUFP__CPUFP500K_0288__00659_8x6b_s917_a58d0caec33e	AT
1	P1MCPUFP__CPUFP500K_0288__00659	existing_old_new7500_top200	c2_four_seed	9e6y	917	SUCCESS	cluster_1_model_1.pdb.gz	/data/qlyu/projects/pvrig_top7500_dualpanel_screen_v1_20260724/run/qc397_top20_plus_top10_fusion_developability_v2_20260726/fusion_panel_common4_bundle/representative_complexes/R01__P1MCPUFP__CPUFP500K_0288__00659__9e6y__s917.pdb	ab8fb55053b332b35e112df9ad1ed68401bc573efeda13ab4d7784162fb715c8	/data1/qlyu/projects/pvrig_c2_new6220_dualreceptor_2seed_docking_results_v1_20260723/c2_new4220/compressed_queue/CANDIDATE_P1MCPUFP__CPUFP500K_0288__00659_9e6y_s917_974dd02ead33.tar.gz	runs/CANDIDATE_P1MCPUFP__CPUFP500K_0288__00659_9e6y_s917_974dd02ead33/haddock_run/6_seletopclusts/cluster_1_model_1.pdb.gz	-74.9533	STRICT_A	CANDIDATE_P1MCPUFP__CPUFP500K_0288__00659_9e6y_s917_974dd02ead33	AT
1	P1MCPUFP__CPUFP500K_0288__00659	existing_old_new7500_top200	c2_four_seed	8x6b	1931	SUCCESS	cluster_1_model_1.pdb.gz	/data/qlyu/projects/pvrig_top7500_dualpanel_screen_v1_20260724/run/qc397_top20_plus_top10_fusion_developability_v2_20260726/fusion_panel_common4_bundle/representative_complexes/R01__P1MCPUFP__CPUFP500K_0288__00659__8x6b__s1931.pdb	b559661dd4029dd37d7e4b4b818f4acd12186cb616e03b3e23fd1f4f3ff63054	/data1/qlyu/projects/pvrig_c2_new6220_dualreceptor_2seed_docking_results_v1_20260723/c2_new4220/compressed_queue/CANDIDATE_P1MCPUFP__CPUFP500K_0288__00659_8x6b_s1931_16a65d3eb246.tar.gz	runs/CANDIDATE_P1MCPUFP__CPUFP500K_0288__00659_8x6b_s1931_16a65d3eb246/haddock_run/6_seletopclusts/cluster_1_model_1.pdb.gz	-65.91562	STRICT_A	CANDIDATE_P1MCPUFP__CPUFP500K_0288__00659_8x6b_s1931_16a65d3eb246	AT
1	P1MCPUFP__CPUFP500K_0288__00659	existing_old_new7500_top200	c2_four_seed	9e6y	1931	SUCCESS	cluster_1_model_1.pdb.gz	/data/qlyu/projects/pvrig_top7500_dualpanel_screen_v1_20260724/run/qc397_top20_plus_top10_fusion_developability_v2_20260726/fusion_panel_common4_bundle/representative_complexes/R01__P1MCPUFP__CPUFP500K_0288__00659__9e6y__s1931.pdb	5afb75e586f8defe596e90e722914f53dd545cc47712292770b55417e91e014b	/data1/qlyu/projects/pvrig_c2_new6220_dualreceptor_2seed_docking_results_v1_20260723/c2_new4220/compressed_queue/CANDIDATE_P1MCPUFP__CPUFP500K_0288__00659_9e6y_s1931_9981534b21f6.tar.gz	runs/CANDIDATE_P1MCPUFP__CPUFP500K_0288__00659_9e6y_s1931_9981534b21f6/haddock_run/6_seletopclusts/cluster_1_model_1.pdb.gz	-72.32260000000001	STRICT_A	CANDIDATE_P1MCPUFP__CPUFP500K_0288__00659_9e6y_s1931_9981534b21f6	AT
1	P1MCPUFP__CPUFP500K_0288__00659	existing_old_new7500_top200	c2_four_seed	8x6b	3047	SUCCESS	cluster_1_model_1.pdb.gz	/data/qlyu/projects/pvrig_top7500_dualpanel_screen_v1_20260724/run/qc397_top20_plus_top10_fusion_developability_v2_20260726/fusion_panel_common4_bundle/representative_complexes/R01__P1MCPUFP__CPUFP500K_0288__00659__8x6b__s3047.pdb	1603399eea4c7e76ed4cac3e9bb9e46ef63638c1d15e8dd7e89a4d61672baba5	/data1/qlyu/projects/pvrig_c2_new4220_seed42_3047_docking_results_v1_20260723/c2_new4220_seed42_3047/compressed_queue/CANDIDATE_P1MCPUFP__CPUFP500K_0288__00659_8x6b_s3047_329c9d6b5be6.tar.gz	runs/CANDIDATE_P1MCPUFP__CPUFP500K_0288__00659_8x6b_s3047_329c9d6b5be6/haddock_run/6_seletopclusts/cluster_1_model_1.pdb.gz	-84.38310000000001	STRICT_A	CANDIDATE_P1MCPUFP__CPUFP500K_0288__00659_8x6b_s3047_329c9d6b5be6	AT
1	P1MCPUFP__CPUFP500K_0288__00659	existing_old_new7500_top200	c2_four_seed	9e6y	3047	SUCCESS	cluster_1_model_1.pdb.gz	/data/qlyu/projects/pvrig_top7500_dualpanel_screen_v1_20260724/run/qc397_top20_plus_top10_fusion_developability_v2_20260726/fusion_panel_common4_bundle/representative_complexes/R01__P1MCPUFP__CPUFP500K_0288__00659__9e6y__s3047.pdb	e91b6d81e4713125c9f671e65642b6f7e77a74a669fea572b2108e19d731c33a	/data1/qlyu/projects/pvrig_c2_new4220_seed42_3047_docking_results_v1_20260723/c2_new4220_seed42_3047/compressed_queue/CANDIDATE_P1MCPUFP__CPUFP500K_0288__00659_9e6y_s3047_36838e6f48ea.tar.gz	runs/CANDIDATE_P1MCPUFP__CPUFP500K_0288__00659_9e6y_s3047_36838e6f48ea/haddock_run/6_seletopclusts/cluster_1_model_1.pdb.gz	-70.8307	STRICT_A	CANDIDATE_P1MCPUFP__CPUFP500K_0288__00659_9e6y_s3047_36838e6f48ea	AT
2	NODE1GEN_112448_source_rfantibody_source_id_PVRIG_RFAb_v2_P5_qkg_L_bb355_mpn01_arm_P5_qkg_L_backbone_P5_qkg_L_bb355_status_NEEDS_RF2_AND_DOCKING	generated_top3000	rfantibody	8x6b	42	SUCCESS	cluster_1_model_1.pdb.gz	/data/qlyu/projects/pvrig_top7500_dualpanel_screen_v1_20260724/run/qc397_top20_plus_top10_fusion_developability_v2_20260726/fusion_panel_common4_bundle/representative_complexes/R02__NODE1GEN_112448__8x6b__s42.pdb	2f3c5e165840b68864b2ee4ed608740abe7f49c5605444ccab1d5c2237a31e95	/data/qlyu/projects/pvrig_node1_generated100k_multimodal_top5000_4seed_docking_results_v2_20260724/compressed_queue/CANDIDATE_NODE1GEN_112448_source_rfantibody_source_id_PVRIG_RFAb_v2_P5_qkg_L_bb355_mpn01_arm_P5_qkg_L_backbone_P5_qkg_L_bb355_status_NEEDS_RF2_AND_DOCKING_8x6b_s42_b6645234e005.tar.gz	runs/CANDIDATE_NODE1GEN_112448_source_rfantibody_source_id_PVRIG_RFAb_v2_P5_qkg_L_bb355_mpn01_arm_P5_qkg_L_backbone_P5_qkg_L_bb355_status_NEEDS_RF2_AND_DOCKING_8x6b_s42_b6645234e005/haddock_run/6_seletopclusts/cluster_1_model_1.pdb.gz	-76.33619999999999	STRICT_A	CANDIDATE_NODE1GEN_112448_source_rfantibody_source_id_PVRIG_RFAb_v2_P5_qkg_L_bb355_mpn01_arm_P5_qkg_L_backbone_P5_qkg_L_bb355_status_NEEDS_RF2_AND_DOCKING_8x6b_s42_b6645234e005	AT
2	NODE1GEN_112448_source_rfantibody_source_id_PVRIG_RFAb_v2_P5_qkg_L_bb355_mpn01_arm_P5_qkg_L_backbone_P5_qkg_L_bb355_status_NEEDS_RF2_AND_DOCKING	generated_top3000	rfantibody	9e6y	42	SUCCESS	cluster_1_model_1.pdb.gz	/data/qlyu/projects/pvrig_top7500_dualpanel_screen_v1_20260724/run/qc397_top20_plus_top10_fusion_developability_v2_20260726/fusion_panel_common4_bundle/representative_complexes/R02__NODE1GEN_112448__9e6y__s42.pdb	9a70ba659ec796d2b9d6ab4a4fbb272b3f12d62ac5e07f1bbadf8a4532da3e14	/data/qlyu/projects/pvrig_node1_generated100k_multimodal_top5000_4seed_docking_results_v2_20260724/compressed_queue/CANDIDATE_NODE1GEN_112448_source_rfantibody_source_id_PVRIG_RFAb_v2_P5_qkg_L_bb355_mpn01_arm_P5_qkg_L_backbone_P5_qkg_L_bb355_status_NEEDS_RF2_AND_DOCKING_9e6y_s42_39618e1c8e75.tar.gz	runs/CANDIDATE_NODE1GEN_112448_source_rfantibody_source_id_PVRIG_RFAb_v2_P5_qkg_L_bb355_mpn01_arm_P5_qkg_L_backbone_P5_qkg_L_bb355_status_NEEDS_RF2_AND_DOCKING_9e6y_s42_39618e1c8e75/haddock_run/6_seletopclusts/cluster_1_model_1.pdb.gz	-83.594	STRICT_A	CANDIDATE_NODE1GEN_112448_source_rfantibody_source_id_PVRIG_RFAb_v2_P5_qkg_L_bb355_mpn01_arm_P5_qkg_L_backbone_P5_qkg_L_bb355_status_NEEDS_RF2_AND_DOCKING_9e6y_s42_39618e1c8e75	AT
2	NODE1GEN_112448_source_rfantibody_source_id_PVRIG_RFAb_v2_P5_qkg_L_bb355_mpn01_arm_P5_qkg_L_backbone_P5_qkg_L_bb355_status_NEEDS_RF2_AND_DOCKING	generated_top3000	rfantibody	8x6b	917	SUCCESS	cluster_1_model_1.pdb.gz	/data/qlyu/projects/pvrig_top7500_dualpanel_screen_v1_20260724/run/qc397_top20_plus_top10_fusion_developability_v2_20260726/fusion_panel_common4_bundle/representative_complexes/R02__NODE1GEN_112448__8x6b__s917.pdb	9740f2dc2ecda3ea458bd7ecf4a534c4549720dc3db4b5849ea2c99a68240d1a	/data/qlyu/projects/pvrig_node1_generated100k_multimodal_top5000_4seed_docking_results_v2_20260724/compressed_queue/CANDIDATE_NODE1GEN_112448_source_rfantibody_source_id_PVRIG_RFAb_v2_P5_qkg_L_bb355_mpn01_arm_P5_qkg_L_backbone_P5_qkg_L_bb355_status_NEEDS_RF2_AND_DOCKING_8x6b_s917_a89c9b52000a.tar.gz	runs/CANDIDATE_NODE1GEN_112448_source_rfantibody_source_id_PVRIG_RFAb_v2_P5_qkg_L_bb355_mpn01_arm_P5_qkg_L_backbone_P5_qkg_L_bb355_status_NEEDS_RF2_AND_DOCKING_8x6b_s917_a89c9b52000a/haddock_run/6_seletopclusts/cluster_1_model_1.pdb.gz	-78.59789999999998	STRICT_A	CANDIDATE_NODE1GEN_112448_source_rfantibody_source_id_PVRIG_RFAb_v2_P5_qkg_L_bb355_mpn01_arm_P5_qkg_L_backbone_P5_qkg_L_bb355_status_NEEDS_RF2_AND_DOCKING_8x6b_s917_a89c9b52000a	AT
2	NODE1GEN_112448_source_rfantibody_source_id_PVRIG_RFAb_v2_P5_qkg_L_bb355_mpn01_arm_P5_qkg_L_backbone_P5_qkg_L_bb355_status_NEEDS_RF2_AND_DOCKING	generated_top3000	rfantibody	9e6y	917	SUCCESS	cluster_1_model_1.pdb.gz	/data/qlyu/projects/pvrig_top7500_dualpanel_screen_v1_20260724/run/qc397_top20_plus_top10_fusion_developability_v2_20260726/fusion_panel_common4_bundle/representative_complexes/R02__NODE1GEN_112448__9e6y__s917.pdb	ae8cb90f893de9c19d3e1e1e42b08f88b0607dfca4e75d854611eb80147e55d1	/data/qlyu/projects/pvrig_node1_generated100k_multimodal_top5000_4seed_docking_results_v2_20260724/compressed_queue/CANDIDATE_NODE1GEN_112448_source_rfantibody_source_id_PVRIG_RFAb_v2_P5_qkg_L_bb355_mpn01_arm_P5_qkg_L_backbone_P5_qkg_L_bb355_status_NEEDS_RF2_AND_DOCKING_9e6y_s917_46387d67eab9.tar.gz	runs/CANDIDATE_NODE1GEN_112448_source_rfantibody_source_id_PVRIG_RFAb_v2_P5_qkg_L_bb355_mpn01_arm_P5_qkg_L_backbone_P5_qkg_L_bb355_status_NEEDS_RF2_AND_DOCKING_9e6y_s917_46387d67eab9/haddock_run/6_seletopclusts/cluster_1_model_1.pdb.gz	-68.0395	STRICT_A	CANDIDATE_NODE1GEN_112448_source_rfantibody_source_id_PVRIG_RFAb_v2_P5_qkg_L_bb355_mpn01_arm_P5_qkg_L_backbone_P5_qkg_L_bb355_status_NEEDS_RF2_AND_DOCKING_9e6y_s917_46387d67eab9	AT
2	NODE1GEN_112448_source_rfantibody_source_id_PVRIG_RFAb_v2_P5_qkg_L_bb355_mpn01_arm_P5_qkg_L_backbone_P5_qkg_L_bb355_status_NEEDS_RF2_AND_DOCKING	generated_top3000	rfantibody	8x6b	1931	SUCCESS	cluster_1_model_1.pdb.gz	/data/qlyu/projects/pvrig_top7500_dualpanel_screen_v1_20260724/run/qc397_top20_plus_top10_fusion_developability_v2_20260726/fusion_panel_common4_bundle/representative_complexes/R02__NODE1GEN_112448__8x6b__s1931.pdb	ff0cc0f9977dcac4249b204abd34cb880d71266a074123f23141a3cf69ce0a27	/data/qlyu/projects/pvrig_node1_generated100k_multimodal_top5000_4seed_docking_results_v2_20260724/compressed_queue/CANDIDATE_NODE1GEN_112448_source_rfantibody_source_id_PVRIG_RFAb_v2_P5_qkg_L_bb355_mpn01_arm_P5_qkg_L_backbone_P5_qkg_L_bb355_status_NEEDS_RF2_AND_DOCKING_8x6b_s1931_cc0fcdf935e5.tar.gz	runs/CANDIDATE_NODE1GEN_112448_source_rfantibody_source_id_PVRIG_RFAb_v2_P5_qkg_L_bb355_mpn01_arm_P5_qkg_L_backbone_P5_qkg_L_bb355_status_NEEDS_RF2_AND_DOCKING_8x6b_s1931_cc0fcdf935e5/haddock_run/6_seletopclusts/cluster_1_model_1.pdb.gz	-77.6662	STRICT_A	CANDIDATE_NODE1GEN_112448_source_rfantibody_source_id_PVRIG_RFAb_v2_P5_qkg_L_bb355_mpn01_arm_P5_qkg_L_backbone_P5_qkg_L_bb355_status_NEEDS_RF2_AND_DOCKING_8x6b_s1931_cc0fcdf935e5	AT
2	NODE1GEN_112448_source_rfantibody_source_id_PVRIG_RFAb_v2_P5_qkg_L_bb355_mpn01_arm_P5_qkg_L_backbone_P5_qkg_L_bb355_status_NEEDS_RF2_AND_DOCKING	generated_top3000	rfantibody	9e6y	1931	SUCCESS	cluster_1_model_1.pdb.gz	/data/qlyu/projects/pvrig_top7500_dualpanel_screen_v1_20260724/run/qc397_top20_plus_top10_fusion_developability_v2_20260726/fusion_panel_common4_bundle/representative_complexes/R02__NODE1GEN_112448__9e6y__s1931.pdb	66e7b2baf7709ed5481081be96d305b144c3736473f28dea713c58b826c3d89d	/data/qlyu/projects/pvrig_node1_generated100k_multimodal_top5000_4seed_docking_results_v2_20260724/compressed_queue/CANDIDATE_NODE1GEN_112448_source_rfantibody_source_id_PVRIG_RFAb_v2_P5_qkg_L_bb355_mpn01_arm_P5_qkg_L_backbone_P5_qkg_L_bb355_status_NEEDS_RF2_AND_DOCKING_9e6y_s1931_4bf716e596a9.tar.gz	runs/CANDIDATE_NODE1GEN_112448_source_rfantibody_source_id_PVRIG_RFAb_v2_P5_qkg_L_bb355_mpn01_arm_P5_qkg_L_backbone_P5_qkg_L_bb355_status_NEEDS_RF2_AND_DOCKING_9e6y_s1931_4bf716e596a9/haddock_run/6_seletopclusts/cluster_1_model_1.pdb.gz	-76.08370000000001	STRICT_A	CANDIDATE_NODE1GEN_112448_source_rfantibody_source_id_PVRIG_RFAb_v2_P5_qkg_L_bb355_mpn01_arm_P5_qkg_L_backbone_P5_qkg_L_bb355_status_NEEDS_RF2_AND_DOCKING_9e6y_s1931_4bf716e596a9	AT
2	NODE1GEN_112448_source_rfantibody_source_id_PVRIG_RFAb_v2_P5_qkg_L_bb355_mpn01_arm_P5_qkg_L_backbone_P5_qkg_L_bb355_status_NEEDS_RF2_AND_DOCKING	generated_top3000	rfantibody	8x6b	3047	SUCCESS	cluster_1_model_1.pdb.gz	/data/qlyu/projects/pvrig_top7500_dualpanel_screen_v1_20260724/run/qc397_top20_plus_top10_fusion_developability_v2_20260726/fusion_panel_common4_bundle/representative_complexes/R02__NODE1GEN_112448__8x6b__s3047.pdb	8b5800ddd297e027c4af96327e271682f7c8b48250b1ea5f5ee818ede7cd4125	/data/qlyu/projects/pvrig_node1_generated100k_multimodal_top5000_4seed_docking_results_v2_20260724/compressed_queue/CANDIDATE_NODE1GEN_112448_source_rfantibody_source_id_PVRIG_RFAb_v2_P5_qkg_L_bb355_mpn01_arm_P5_qkg_L_backbone_P5_qkg_L_bb355_status_NEEDS_RF2_AND_DOCKING_8x6b_s3047_95f444c1e245.tar.gz	runs/CANDIDATE_NODE1GEN_112448_source_rfantibody_source_id_PVRIG_RFAb_v2_P5_qkg_L_bb355_mpn01_arm_P5_qkg_L_backbone_P5_qkg_L_bb355_status_NEEDS_RF2_AND_DOCKING_8x6b_s3047_95f444c1e245/haddock_run/6_seletopclusts/cluster_1_model_1.pdb.gz	-82.4154	STRICT_A	CANDIDATE_NODE1GEN_112448_source_rfantibody_source_id_PVRIG_RFAb_v2_P5_qkg_L_bb355_mpn01_arm_P5_qkg_L_backbone_P5_qkg_L_bb355_status_NEEDS_RF2_AND_DOCKING_8x6b_s3047_95f444c1e245	AT
2	NODE1GEN_112448_source_rfantibody_source_id_PVRIG_RFAb_v2_P5_qkg_L_bb355_mpn01_arm_P5_qkg_L_backbone_P5_qkg_L_bb355_status_NEEDS_RF2_AND_DOCKING	generated_top3000	rfantibody	9e6y	3047	SUCCESS	cluster_1_model_1.pdb.gz	/data/qlyu/projects/pvrig_top7500_dualpanel_screen_v1_20260724/run/qc397_top20_plus_top10_fusion_developability_v2_20260726/fusion_panel_common4_bundle/representative_complexes/R02__NODE1GEN_112448__9e6y__s3047.pdb	a67f3ab72f2467d7fd1029bdfb8bb15220889298ce65f94a34d2ea114194cf9f	/data/qlyu/projects/pvrig_node1_generated100k_multimodal_top5000_4seed_docking_results_v2_20260724/compressed_queue/CANDIDATE_NODE1GEN_112448_source_rfantibody_source_id_PVRIG_RFAb_v2_P5_qkg_L_bb355_mpn01_arm_P5_qkg_L_backbone_P5_qkg_L_bb355_status_NEEDS_RF2_AND_DOCKING_9e6y_s3047_4bc71d0db491.tar.gz	runs/CANDIDATE_NODE1GEN_112448_source_rfantibody_source_id_PVRIG_RFAb_v2_P5_qkg_L_bb355_mpn01_arm_P5_qkg_L_backbone_P5_qkg_L_bb355_status_NEEDS_RF2_AND_DOCKING_9e6y_s3047_4bc71d0db491/haddock_run/6_seletopclusts/cluster_1_model_1.pdb.gz	-70.29949999999998	STRICT_A	CANDIDATE_NODE1GEN_112448_source_rfantibody_source_id_PVRIG_RFAb_v2_P5_qkg_L_bb355_mpn01_arm_P5_qkg_L_backbone_P5_qkg_L_bb355_status_NEEDS_RF2_AND_DOCKING_9e6y_s3047_4bc71d0db491	AT
3	NODE1GEN_229102_source_fixed_pose_mpnn_source_id_P500K__FIXED_POSE_MPNN__2F90E7DCCA05F9E4	generated_top3000	fixed_pose_mpnn	8x6b	42	SUCCESS	cluster_1_model_1.pdb.gz	/data/qlyu/projects/pvrig_top7500_dualpanel_screen_v1_20260724/run/qc397_top20_plus_top10_fusion_developability_v2_20260726/fusion_panel_common4_bundle/representative_complexes/R03__NODE1GEN_229102_source_fixed_pose_mpnn_source_id_P500K__FIXED_POSE_MPNN__2F90E7DCCA05F9E4__8x6b__s42.pdb	081a43661eafb3c36d0435489ba89bccfe9e1f9baed172c033bc9e96ce361c28	/data/qlyu/projects/pvrig_node1_generated100k_multimodal_top5000_4seed_docking_results_v2_20260724/compressed_queue/CANDIDATE_NODE1GEN_229102_source_fixed_pose_mpnn_source_id_P500K__FIXED_POSE_MPNN__2F90E7DCCA05F9E4_8x6b_s42_5c5970c35d75.tar.gz	runs/CANDIDATE_NODE1GEN_229102_source_fixed_pose_mpnn_source_id_P500K__FIXED_POSE_MPNN__2F90E7DCCA05F9E4_8x6b_s42_5c5970c35d75/haddock_run/6_seletopclusts/cluster_1_model_1.pdb.gz	-67.8973	STRICT_A	CANDIDATE_NODE1GEN_229102_source_fixed_pose_mpnn_source_id_P500K__FIXED_POSE_MPNN__2F90E7DCCA05F9E4_8x6b_s42_5c5970c35d75	AT
3	NODE1GEN_229102_source_fixed_pose_mpnn_source_id_P500K__FIXED_POSE_MPNN__2F90E7DCCA05F9E4	generated_top3000	fixed_pose_mpnn	9e6y	42	SUCCESS	cluster_1_model_1.pdb.gz	/data/qlyu/projects/pvrig_top7500_dualpanel_screen_v1_20260724/run/qc397_top20_plus_top10_fusion_developability_v2_20260726/fusion_panel_common4_bundle/representative_complexes/R03__NODE1GEN_229102_source_fixed_pose_mpnn_source_id_P500K__FIXED_POSE_MPNN__2F90E7DCCA05F9E4__9e6y__s42.pdb	10850d0526c87368a7925cf1cbb3e6f3f4c32d59b366f3e3befe6734f82ef40d	/data/qlyu/projects/pvrig_node1_generated100k_multimodal_top5000_4seed_docking_results_v2_20260724/compressed_queue/CANDIDATE_NODE1GEN_229102_source_fixed_pose_mpnn_source_id_P500K__FIXED_POSE_MPNN__2F90E7DCCA05F9E4_9e6y_s42_baefef03edfb.tar.gz	runs/CANDIDATE_NODE1GEN_229102_source_fixed_pose_mpnn_source_id_P500K__FIXED_POSE_MPNN__2F90E7DCCA05F9E4_9e6y_s42_baefef03edfb/haddock_run/6_seletopclusts/cluster_1_model_1.pdb.gz	-64.6918	STRICT_A	CANDIDATE_NODE1GEN_229102_source_fixed_pose_mpnn_source_id_P500K__FIXED_POSE_MPNN__2F90E7DCCA05F9E4_9e6y_s42_baefef03edfb	AT
3	NODE1GEN_229102_source_fixed_pose_mpnn_source_id_P500K__FIXED_POSE_MPNN__2F90E7DCCA05F9E4	generated_top3000	fixed_pose_mpnn	8x6b	917	SUCCESS	cluster_1_model_1.pdb.gz	/data/qlyu/projects/pvrig_top7500_dualpanel_screen_v1_20260724/run/qc397_top20_plus_top10_fusion_developability_v2_20260726/fusion_panel_common4_bundle/representative_complexes/R03__NODE1GEN_229102_source_fixed_pose_mpnn_source_id_P500K__FIXED_POSE_MPNN__2F90E7DCCA05F9E4__8x6b__s917.pdb	4570645a60f28f46da9796fc5cbf058766157e909b35a2f5cf21f9bf5a1467bf	/data/qlyu/projects/pvrig_node1_generated100k_multimodal_top5000_4seed_docking_results_v2_20260724/compressed_queue/CANDIDATE_NODE1GEN_229102_source_fixed_pose_mpnn_source_id_P500K__FIXED_POSE_MPNN__2F90E7DCCA05F9E4_8x6b_s917_172d485bde17.tar.gz	runs/CANDIDATE_NODE1GEN_229102_source_fixed_pose_mpnn_source_id_P500K__FIXED_POSE_MPNN__2F90E7DCCA05F9E4_8x6b_s917_172d485bde17/haddock_run/6_seletopclusts/cluster_1_model_1.pdb.gz	-71.84245999999999	STRICT_A	CANDIDATE_NODE1GEN_229102_source_fixed_pose_mpnn_source_id_P500K__FIXED_POSE_MPNN__2F90E7DCCA05F9E4_8x6b_s917_172d485bde17	AT
3	NODE1GEN_229102_source_fixed_pose_mpnn_source_id_P500K__FIXED_POSE_MPNN__2F90E7DCCA05F9E4	generated_top3000	fixed_pose_mpnn	9e6y	917	SUCCESS	cluster_1_model_1.pdb.gz	/data/qlyu/projects/pvrig_top7500_dualpanel_screen_v1_20260724/run/qc397_top20_plus_top10_fusion_developability_v2_20260726/fusion_panel_common4_bundle/representative_complexes/R03__NODE1GEN_229102_source_fixed_pose_mpnn_source_id_P500K__FIXED_POSE_MPNN__2F90E7DCCA05F9E4__9e6y__s917.pdb	c9843b2b61f229e4e2e750976f864e699e32f4bc4ff194a1e08552e2a55e81d9	/data/qlyu/projects/pvrig_node1_generated100k_multimodal_top5000_4seed_docking_results_v2_20260724/compressed_queue/CANDIDATE_NODE1GEN_229102_source_fixed_pose_mpnn_source_id_P500K__FIXED_POSE_MPNN__2F90E7DCCA05F9E4_9e6y_s917_e125af6c1d1f.tar.gz	runs/CANDIDATE_NODE1GEN_229102_source_fixed_pose_mpnn_source_id_P500K__FIXED_POSE_MPNN__2F90E7DCCA05F9E4_9e6y_s917_e125af6c1d1f/haddock_run/6_seletopclusts/cluster_1_model_1.pdb.gz	-59.308730000000004	STRICT_A	CANDIDATE_NODE1GEN_229102_source_fixed_pose_mpnn_source_id_P500K__FIXED_POSE_MPNN__2F90E7DCCA05F9E4_9e6y_s917_e125af6c1d1f	AT
3	NODE1GEN_229102_source_fixed_pose_mpnn_source_id_P500K__FIXED_POSE_MPNN__2F90E7DCCA05F9E4	generated_top3000	fixed_pose_mpnn	8x6b	1931	SUCCESS	cluster_1_model_1.pdb.gz	/data/qlyu/projects/pvrig_top7500_dualpanel_screen_v1_20260724/run/qc397_top20_plus_top10_fusion_developability_v2_20260726/fusion_panel_common4_bundle/representative_complexes/R03__NODE1GEN_229102_source_fixed_pose_mpnn_source_id_P500K__FIXED_POSE_MPNN__2F90E7DCCA05F9E4__8x6b__s1931.pdb	7e0a6c427ebc10902111336f90a63d60426375f5066124a8d6a12c6e92dbae7f	/data/qlyu/projects/pvrig_node1_generated100k_multimodal_top5000_4seed_docking_results_v2_20260724/compressed_queue/CANDIDATE_NODE1GEN_229102_source_fixed_pose_mpnn_source_id_P500K__FIXED_POSE_MPNN__2F90E7DCCA05F9E4_8x6b_s1931_4a7cbfcb4faa.tar.gz	runs/CANDIDATE_NODE1GEN_229102_source_fixed_pose_mpnn_source_id_P500K__FIXED_POSE_MPNN__2F90E7DCCA05F9E4_8x6b_s1931_4a7cbfcb4faa/haddock_run/6_seletopclusts/cluster_1_model_1.pdb.gz	-65.4028	STRICT_A	CANDIDATE_NODE1GEN_229102_source_fixed_pose_mpnn_source_id_P500K__FIXED_POSE_MPNN__2F90E7DCCA05F9E4_8x6b_s1931_4a7cbfcb4faa	AT
3	NODE1GEN_229102_source_fixed_pose_mpnn_source_id_P500K__FIXED_POSE_MPNN__2F90E7DCCA05F9E4	generated_top3000	fixed_pose_mpnn	9e6y	1931	SUCCESS	cluster_1_model_1.pdb.gz	/data/qlyu/projects/pvrig_top7500_dualpanel_screen_v1_20260724/run/qc397_top20_plus_top10_fusion_developability_v2_20260726/fusion_panel_common4_bundle/representative_complexes/R03__NODE1GEN_229102_source_fixed_pose_mpnn_source_id_P500K__FIXED_POSE_MPNN__2F90E7DCCA05F9E4__9e6y__s1931.pdb	aa8e529872a434426acd80eb720c1606e76d89e2e472bb270313dc56ebcbc4cc	/data/qlyu/projects/pvrig_node1_generated100k_multimodal_top5000_4seed_docking_results_v2_20260724/compressed_queue/CANDIDATE_NODE1GEN_229102_source_fixed_pose_mpnn_source_id_P500K__FIXED_POSE_MPNN__2F90E7DCCA05F9E4_9e6y_s1931_af764851b344.tar.gz	runs/CANDIDATE_NODE1GEN_229102_source_fixed_pose_mpnn_source_id_P500K__FIXED_POSE_MPNN__2F90E7DCCA05F9E4_9e6y_s1931_af764851b344/haddock_run/6_seletopclusts/cluster_1_model_1.pdb.gz	-71.56269	STRICT_A	CANDIDATE_NODE1GEN_229102_source_fixed_pose_mpnn_source_id_P500K__FIXED_POSE_MPNN__2F90E7DCCA05F9E4_9e6y_s1931_af764851b344	AT
3	NODE1GEN_229102_source_fixed_pose_mpnn_source_id_P500K__FIXED_POSE_MPNN__2F90E7DCCA05F9E4	generated_top3000	fixed_pose_mpnn	8x6b	3047	SUCCESS	cluster_1_model_1.pdb.gz	/data/qlyu/projects/pvrig_top7500_dualpanel_screen_v1_20260724/run/qc397_top20_plus_top10_fusion_developability_v2_20260726/fusion_panel_common4_bundle/representative_complexes/R03__NODE1GEN_229102_source_fixed_pose_mpnn_source_id_P500K__FIXED_POSE_MPNN__2F90E7DCCA05F9E4__8x6b__s3047.pdb	423bc4e6d03822a12f1fec1ad5be9e8b32056d0634e1e84f08544114527169b2	/data/qlyu/projects/pvrig_node1_generated100k_multimodal_top5000_4seed_docking_results_v2_20260724/compressed_queue/CANDIDATE_NODE1GEN_229102_source_fixed_pose_mpnn_source_id_P500K__FIXED_POSE_MPNN__2F90E7DCCA05F9E4_8x6b_s3047_6c8b3cb52f94.tar.gz	runs/CANDIDATE_NODE1GEN_229102_source_fixed_pose_mpnn_source_id_P500K__FIXED_POSE_MPNN__2F90E7DCCA05F9E4_8x6b_s3047_6c8b3cb52f94/haddock_run/6_seletopclusts/cluster_1_model_1.pdb.gz	-71.43058	STRICT_A	CANDIDATE_NODE1GEN_229102_source_fixed_pose_mpnn_source_id_P500K__FIXED_POSE_MPNN__2F90E7DCCA05F9E4_8x6b_s3047_6c8b3cb52f94	AT
3	NODE1GEN_229102_source_fixed_pose_mpnn_source_id_P500K__FIXED_POSE_MPNN__2F90E7DCCA05F9E4	generated_top3000	fixed_pose_mpnn	9e6y	3047	SUCCESS	cluster_1_model_1.pdb.gz	/data/qlyu/projects/pvrig_top7500_dualpanel_screen_v1_20260724/run/qc397_top20_plus_top10_fusion_developability_v2_20260726/fusion_panel_common4_bundle/representative_complexes/R03__NODE1GEN_229102_source_fixed_pose_mpnn_source_id_P500K__FIXED_POSE_MPNN__2F90E7DCCA05F9E4__9e6y__s3047.pdb	c629ee3313ccf976ee70e174e72ec238ac83bea84903a2ad51652edbe406d59c	/data/qlyu/projects/pvrig_node1_generated100k_multimodal_top5000_4seed_docking_results_v2_20260724/compressed_queue/CANDIDATE_NODE1GEN_229102_source_fixed_pose_mpnn_source_id_P500K__FIXED_POSE_MPNN__2F90E7DCCA05F9E4_9e6y_s3047_9873e24d692f.tar.gz	runs/CANDIDATE_NODE1GEN_229102_source_fixed_pose_mpnn_source_id_P500K__FIXED_POSE_MPNN__2F90E7DCCA05F9E4_9e6y_s3047_9873e24d692f/haddock_run/6_seletopclusts/cluster_1_model_1.pdb.gz	-63.80442	STRICT_A	CANDIDATE_NODE1GEN_229102_source_fixed_pose_mpnn_source_id_P500K__FIXED_POSE_MPNN__2F90E7DCCA05F9E4_9e6y_s3047_9873e24d692f	AT
4	P1MCPUFP__CPUFP500K_0188__00519	existing_old_new7500_top200	c2_four_seed	8x6b	42	SUCCESS	cluster_1_model_1.pdb.gz	/data/qlyu/projects/pvrig_top7500_dualpanel_screen_v1_20260724/run/qc397_top20_plus_top10_fusion_developability_v2_20260726/fusion_panel_common4_bundle/representative_complexes/R04__P1MCPUFP__CPUFP500K_0188__00519__8x6b__s42.pdb	b036ac7d7a0a46461b4e7fc871b417a05e3eb6c60ff1838ab70e5fd391b1f831	/data1/qlyu/projects/pvrig_c2_new4220_seed42_3047_docking_results_v1_20260723/c2_new4220_seed42_3047/compressed_queue/CANDIDATE_P1MCPUFP__CPUFP500K_0188__00519_8x6b_s42_27897e361e04.tar.gz	runs/CANDIDATE_P1MCPUFP__CPUFP500K_0188__00519_8x6b_s42_27897e361e04/haddock_run/6_seletopclusts/cluster_1_model_1.pdb.gz	-66.69977999999999	STRICT_A	CANDIDATE_P1MCPUFP__CPUFP500K_0188__00519_8x6b_s42_27897e361e04	AT
4	P1MCPUFP__CPUFP500K_0188__00519	existing_old_new7500_top200	c2_four_seed	9e6y	42	SUCCESS	cluster_1_model_1.pdb.gz	/data/qlyu/projects/pvrig_top7500_dualpanel_screen_v1_20260724/run/qc397_top20_plus_top10_fusion_developability_v2_20260726/fusion_panel_common4_bundle/representative_complexes/R04__P1MCPUFP__CPUFP500K_0188__00519__9e6y__s42.pdb	2a54f8d41a032310ea8cb8684970a9d19fbd82ff8322cfb2c93e4dd52a882120	/data1/qlyu/projects/pvrig_c2_new4220_seed42_3047_docking_results_v1_20260723/c2_new4220_seed42_3047/compressed_queue/CANDIDATE_P1MCPUFP__CPUFP500K_0188__00519_9e6y_s42_a738b72f9de2.tar.gz	runs/CANDIDATE_P1MCPUFP__CPUFP500K_0188__00519_9e6y_s42_a738b72f9de2/haddock_run/6_seletopclusts/cluster_1_model_1.pdb.gz	-56.078100000000006	STRICT_A	CANDIDATE_P1MCPUFP__CPUFP500K_0188__00519_9e6y_s42_a738b72f9de2	AT
4	P1MCPUFP__CPUFP500K_0188__00519	existing_old_new7500_top200	c2_four_seed	8x6b	917	SUCCESS	cluster_1_model_1.pdb.gz	/data/qlyu/projects/pvrig_top7500_dualpanel_screen_v1_20260724/run/qc397_top20_plus_top10_fusion_developability_v2_20260726/fusion_panel_common4_bundle/representative_complexes/R04__P1MCPUFP__CPUFP500K_0188__00519__8x6b__s917.pdb	46e31406e95b34957b652ad926343ca52848157c5a12879a7282f398292741f1	/data1/qlyu/projects/pvrig_c2_new6220_dualreceptor_2seed_docking_results_v1_20260723/c2_new4220/compressed_queue/CANDIDATE_P1MCPUFP__CPUFP500K_0188__00519_8x6b_s917_91b35b9738b7.tar.gz	runs/CANDIDATE_P1MCPUFP__CPUFP500K_0188__00519_8x6b_s917_91b35b9738b7/haddock_run/6_seletopclusts/cluster_1_model_1.pdb.gz	-56.2451	STRICT_A	CANDIDATE_P1MCPUFP__CPUFP500K_0188__00519_8x6b_s917_91b35b9738b7	AT
4	P1MCPUFP__CPUFP500K_0188__00519	existing_old_new7500_top200	c2_four_seed	9e6y	917	SUCCESS	cluster_1_model_1.pdb.gz	/data/qlyu/projects/pvrig_top7500_dualpanel_screen_v1_20260724/run/qc397_top20_plus_top10_fusion_developability_v2_20260726/fusion_panel_common4_bundle/representative_complexes/R04__P1MCPUFP__CPUFP500K_0188__00519__9e6y__s917.pdb	db9c9a9b2873373d210a9ef1a18666bbedd43fd5b65ce4c0c093f61126770249	/data1/qlyu/projects/pvrig_c2_new6220_dualreceptor_2seed_docking_results_v1_20260723/c2_new4220/compressed_queue/CANDIDATE_P1MCPUFP__CPUFP500K_0188__00519_9e6y_s917_d962a9b6816c.tar.gz	runs/CANDIDATE_P1MCPUFP__CPUFP500K_0188__00519_9e6y_s917_d962a9b6816c/haddock_run/6_seletopclusts/cluster_1_model_1.pdb.gz	-59.53119999999999	STRICT_A	CANDIDATE_P1MCPUFP__CPUFP500K_0188__00519_9e6y_s917_d962a9b6816c	AT
4	P1MCPUFP__CPUFP500K_0188__00519	existing_old_new7500_top200	c2_four_seed	8x6b	1931	SUCCESS	cluster_1_model_1.pdb.gz	/data/qlyu/projects/pvrig_top7500_dualpanel_screen_v1_20260724/run/qc397_top20_plus_top10_fusion_developability_v2_20260726/fusion_panel_common4_bundle/representative_complexes/R04__P1MCPUFP__CPUFP500K_0188__00519__8x6b__s1931.pdb	acb6f70e1327b78d8e1e48fc564d048c3de8ac51678bd2daf32ca093d802ae79	/data1/qlyu/projects/pvrig_c2_new6220_dualreceptor_2seed_docking_results_v1_20260723/c2_new4220/compressed_queue/CANDIDATE_P1MCPUFP__CPUFP500K_0188__00519_8x6b_s1931_b92439ad6a3b.tar.gz	runs/CANDIDATE_P1MCPUFP__CPUFP500K_0188__00519_8x6b_s1931_b92439ad6a3b/haddock_run/6_seletopclusts/cluster_1_model_1.pdb.gz	-67.31793	STRICT_A	CANDIDATE_P1MCPUFP__CPUFP500K_0188__00519_8x6b_s1931_b92439ad6a3b	AT
4	P1MCPUFP__CPUFP500K_0188__00519	existing_old_new7500_top200	c2_four_seed	9e6y	1931	SUCCESS	cluster_1_model_1.pdb.gz	/data/qlyu/projects/pvrig_top7500_dualpanel_screen_v1_20260724/run/qc397_top20_plus_top10_fusion_developability_v2_20260726/fusion_panel_common4_bundle/representative_complexes/R04__P1MCPUFP__CPUFP500K_0188__00519__9e6y__s1931.pdb	7cefda36c77d67d93e5d401d6cecb02cd3f9dcdeb9beed6aa16e778c2af1faf7	/data1/qlyu/projects/pvrig_c2_new6220_dualreceptor_2seed_docking_results_v1_20260723/c2_new4220/compressed_queue/CANDIDATE_P1MCPUFP__CPUFP500K_0188__00519_9e6y_s1931_290df34d8ae7.tar.gz	runs/CANDIDATE_P1MCPUFP__CPUFP500K_0188__00519_9e6y_s1931_290df34d8ae7/haddock_run/6_seletopclusts/cluster_1_model_1.pdb.gz	-62.827149999999996	STRICT_A	CANDIDATE_P1MCPUFP__CPUFP500K_0188__00519_9e6y_s1931_290df34d8ae7	AT
4	P1MCPUFP__CPUFP500K_0188__00519	existing_old_new7500_top200	c2_four_seed	8x6b	3047	SUCCESS	cluster_1_model_1.pdb.gz	/data/qlyu/projects/pvrig_top7500_dualpanel_screen_v1_20260724/run/qc397_top20_plus_top10_fusion_developability_v2_20260726/fusion_panel_common4_bundle/representative_complexes/R04__P1MCPUFP__CPUFP500K_0188__00519__8x6b__s3047.pdb	76efe16a7ad59255cf3d790565edc5e4029b11d832250dbee7888f952555c4e5	/data1/qlyu/projects/pvrig_c2_new4220_seed42_3047_docking_results_v1_20260723/c2_new4220_seed42_3047/compressed_queue/CANDIDATE_P1MCPUFP__CPUFP500K_0188__00519_8x6b_s3047_b91eeed3dc78.tar.gz	runs/CANDIDATE_P1MCPUFP__CPUFP500K_0188__00519_8x6b_s3047_b91eeed3dc78/haddock_run/6_seletopclusts/cluster_1_model_1.pdb.gz	-72.96108	STRICT_A	CANDIDATE_P1MCPUFP__CPUFP500K_0188__00519_8x6b_s3047_b91eeed3dc78	AT
4	P1MCPUFP__CPUFP500K_0188__00519	existing_old_new7500_top200	c2_four_seed	9e6y	3047	SUCCESS	cluster_1_model_1.pdb.gz	/data/qlyu/projects/pvrig_top7500_dualpanel_screen_v1_20260724/run/qc397_top20_plus_top10_fusion_developability_v2_20260726/fusion_panel_common4_bundle/representative_complexes/R04__P1MCPUFP__CPUFP500K_0188__00519__9e6y__s3047.pdb	6eb4a3833fa9448a825186a88f6b34ce2de868c9014c34d6080610387e5166af	/data1/qlyu/projects/pvrig_c2_new4220_seed42_3047_docking_results_v1_20260723/c2_new4220_seed42_3047/compressed_queue/CANDIDATE_P1MCPUFP__CPUFP500K_0188__00519_9e6y_s3047_c7eb87a93f2e.tar.gz	runs/CANDIDATE_P1MCPUFP__CPUFP500K_0188__00519_9e6y_s3047_c7eb87a93f2e/haddock_run/6_seletopclusts/cluster_1_model_1.pdb.gz	-62.482200000000006	STRICT_A	CANDIDATE_P1MCPUFP__CPUFP500K_0188__00519_9e6y_s3047_c7eb87a93f2e	AT
5	P1MCPUFP__CPUFP500K_0100__00092	existing_old_new7500_top200	c2_four_seed	8x6b	42	SUCCESS	cluster_1_model_1.pdb.gz	/data/qlyu/projects/pvrig_top7500_dualpanel_screen_v1_20260724/run/qc397_top20_plus_top10_fusion_developability_v2_20260726/fusion_panel_common4_bundle/representative_complexes/R05__P1MCPUFP__CPUFP500K_0100__00092__8x6b__s42.pdb	29e20cdbd4aa09be111b3eb8016d7fe93a9c78ae6341e33ec4a750f0e4bf4329	/data1/qlyu/projects/pvrig_c2_new4220_seed42_3047_docking_results_v1_20260723/c2_new4220_seed42_3047/compressed_queue/CANDIDATE_P1MCPUFP__CPUFP500K_0100__00092_8x6b_s42_0b55c33bb12f.tar.gz	runs/CANDIDATE_P1MCPUFP__CPUFP500K_0100__00092_8x6b_s42_0b55c33bb12f/haddock_run/6_seletopclusts/cluster_1_model_1.pdb.gz	-85.6185	STRICT_A	CANDIDATE_P1MCPUFP__CPUFP500K_0100__00092_8x6b_s42_0b55c33bb12f	AT
5	P1MCPUFP__CPUFP500K_0100__00092	existing_old_new7500_top200	c2_four_seed	9e6y	42	SUCCESS	cluster_1_model_1.pdb.gz	/data/qlyu/projects/pvrig_top7500_dualpanel_screen_v1_20260724/run/qc397_top20_plus_top10_fusion_developability_v2_20260726/fusion_panel_common4_bundle/representative_complexes/R05__P1MCPUFP__CPUFP500K_0100__00092__9e6y__s42.pdb	aa36ba37a76eba4fe0f2e59850890a89f8001709ca3e6e18bc9fd4a6eba8bb89	/data1/qlyu/projects/pvrig_c2_new4220_seed42_3047_docking_results_v1_20260723/c2_new4220_seed42_3047/compressed_queue/CANDIDATE_P1MCPUFP__CPUFP500K_0100__00092_9e6y_s42_3577b5e30803.tar.gz	runs/CANDIDATE_P1MCPUFP__CPUFP500K_0100__00092_9e6y_s42_3577b5e30803/haddock_run/6_seletopclusts/cluster_1_model_1.pdb.gz	-92.923	STRICT_A	CANDIDATE_P1MCPUFP__CPUFP500K_0100__00092_9e6y_s42_3577b5e30803	AT
5	P1MCPUFP__CPUFP500K_0100__00092	existing_old_new7500_top200	c2_four_seed	8x6b	917	SUCCESS	cluster_1_model_1.pdb.gz	/data/qlyu/projects/pvrig_top7500_dualpanel_screen_v1_20260724/run/qc397_top20_plus_top10_fusion_developability_v2_20260726/fusion_panel_common4_bundle/representative_complexes/R05__P1MCPUFP__CPUFP500K_0100__00092__8x6b__s917.pdb	395b7413e0ade0c89f734876c0a97564243cdba7e666a020856f2aeeb3aba35a	/data1/qlyu/projects/pvrig_c2_new6220_dualreceptor_2seed_docking_results_v1_20260723/c2_new4220/compressed_queue/CANDIDATE_P1MCPUFP__CPUFP500K_0100__00092_8x6b_s917_d33335e2aa2e.tar.gz	runs/CANDIDATE_P1MCPUFP__CPUFP500K_0100__00092_8x6b_s917_d33335e2aa2e/haddock_run/6_seletopclusts/cluster_1_model_1.pdb.gz	-73.13316	STRICT_A	CANDIDATE_P1MCPUFP__CPUFP500K_0100__00092_8x6b_s917_d33335e2aa2e	AT
5	P1MCPUFP__CPUFP500K_0100__00092	existing_old_new7500_top200	c2_four_seed	9e6y	917	SUCCESS	cluster_1_model_1.pdb.gz	/data/qlyu/projects/pvrig_top7500_dualpanel_screen_v1_20260724/run/qc397_top20_plus_top10_fusion_developability_v2_20260726/fusion_panel_common4_bundle/representative_complexes/R05__P1MCPUFP__CPUFP500K_0100__00092__9e6y__s917.pdb	369c871e26e0d3b3e73323832c9b978004945615142676a20a6cfdd53a14147e	/data1/qlyu/projects/pvrig_c2_new6220_dualreceptor_2seed_docking_results_v1_20260723/c2_new4220/compressed_queue/CANDIDATE_P1MCPUFP__CPUFP500K_0100__00092_9e6y_s917_89b6de17ad66.tar.gz	runs/CANDIDATE_P1MCPUFP__CPUFP500K_0100__00092_9e6y_s917_89b6de17ad66/haddock_run/6_seletopclusts/cluster_1_model_1.pdb.gz	-76.22970000000001	STRICT_A	CANDIDATE_P1MCPUFP__CPUFP500K_0100__00092_9e6y_s917_89b6de17ad66	AT
5	P1MCPUFP__CPUFP500K_0100__00092	existing_old_new7500_top200	c2_four_seed	8x6b	1931	SUCCESS	cluster_1_model_1.pdb.gz	/data/qlyu/projects/pvrig_top7500_dualpanel_screen_v1_20260724/run/qc397_top20_plus_top10_fusion_developability_v2_20260726/fusion_panel_common4_bundle/representative_complexes/R05__P1MCPUFP__CPUFP500K_0100__00092__8x6b__s1931.pdb	4811374488c37946768a184d7015975b20506f3af5e95cf10ddc029a0f02f886	/data1/qlyu/projects/pvrig_c2_new6220_dualreceptor_2seed_docking_results_v1_20260723/c2_new4220/compressed_queue/CANDIDATE_P1MCPUFP__CPUFP500K_0100__00092_8x6b_s1931_8cd894911276.tar.gz	runs/CANDIDATE_P1MCPUFP__CPUFP500K_0100__00092_8x6b_s1931_8cd894911276/haddock_run/6_seletopclusts/cluster_1_model_1.pdb.gz	-90.6545	STRICT_A	CANDIDATE_P1MCPUFP__CPUFP500K_0100__00092_8x6b_s1931_8cd894911276	AT
5	P1MCPUFP__CPUFP500K_0100__00092	existing_old_new7500_top200	c2_four_seed	9e6y	1931	SUCCESS	cluster_1_model_1.pdb.gz	/data/qlyu/projects/pvrig_top7500_dualpanel_screen_v1_20260724/run/qc397_top20_plus_top10_fusion_developability_v2_20260726/fusion_panel_common4_bundle/representative_complexes/R05__P1MCPUFP__CPUFP500K_0100__00092__9e6y__s1931.pdb	4cc6acdb93940f2310fd90edcf291332d5927194070ff9a115a4a8e7c2b1a14b	/data1/qlyu/projects/pvrig_c2_new6220_dualreceptor_2seed_docking_results_v1_20260723/c2_new4220/compressed_queue/CANDIDATE_P1MCPUFP__CPUFP500K_0100__00092_9e6y_s1931_557bc6c3f46c.tar.gz	runs/CANDIDATE_P1MCPUFP__CPUFP500K_0100__00092_9e6y_s1931_557bc6c3f46c/haddock_run/6_seletopclusts/cluster_1_model_1.pdb.gz	-86.51939999999999	STRICT_A	CANDIDATE_P1MCPUFP__CPUFP500K_0100__00092_9e6y_s1931_557bc6c3f46c	AT
5	P1MCPUFP__CPUFP500K_0100__00092	existing_old_new7500_top200	c2_four_seed	8x6b	3047	SUCCESS	cluster_1_model_1.pdb.gz	/data/qlyu/projects/pvrig_top7500_dualpanel_screen_v1_20260724/run/qc397_top20_plus_top10_fusion_developability_v2_20260726/fusion_panel_common4_bundle/representative_complexes/R05__P1MCPUFP__CPUFP500K_0100__00092__8x6b__s3047.pdb	c2be5f756394e71324b0bd5dc68621c580af30a33c91f998cfde35011f9f0fef	/data1/qlyu/projects/pvrig_c2_new4220_seed42_3047_docking_results_v1_20260723/c2_new4220_seed42_3047/compressed_queue/CANDIDATE_P1MCPUFP__CPUFP500K_0100__00092_8x6b_s3047_3b90898b43e4.tar.gz	runs/CANDIDATE_P1MCPUFP__CPUFP500K_0100__00092_8x6b_s3047_3b90898b43e4/haddock_run/6_seletopclusts/cluster_1_model_1.pdb.gz	-71.26400000000001	STRICT_A	CANDIDATE_P1MCPUFP__CPUFP500K_0100__00092_8x6b_s3047_3b90898b43e4	AT
5	P1MCPUFP__CPUFP500K_0100__00092	existing_old_new7500_top200	c2_four_seed	9e6y	3047	SUCCESS	cluster_1_model_1.pdb.gz	/data/qlyu/projects/pvrig_top7500_dualpanel_screen_v1_20260724/run/qc397_top20_plus_top10_fusion_developability_v2_20260726/fusion_panel_common4_bundle/representative_complexes/R05__P1MCPUFP__CPUFP500K_0100__00092__9e6y__s3047.pdb	b37917987d7c2503eae8af2a9bdbf671e49a2b94893be77dac0f55ae4ae0b169	/data1/qlyu/projects/pvrig_c2_new4220_seed42_3047_docking_results_v1_20260723/c2_new4220_seed42_3047/compressed_queue/CANDIDATE_P1MCPUFP__CPUFP500K_0100__00092_9e6y_s3047_039133555aa0.tar.gz	runs/CANDIDATE_P1MCPUFP__CPUFP500K_0100__00092_9e6y_s3047_039133555aa0/haddock_run/6_seletopclusts/cluster_1_model_1.pdb.gz	-71.75366	STRICT_A	CANDIDATE_P1MCPUFP__CPUFP500K_0100__00092_9e6y_s3047_039133555aa0	AT
6	NODE1GEN_181778_source_fixed_pose_mpnn_source_id_P500K__FIXED_POSE_MPNN__8EDA6734F7A8BD2C	generated_top3000	fixed_pose_mpnn	8x6b	42	SUCCESS	cluster_1_model_1.pdb.gz	/data/qlyu/projects/pvrig_top7500_dualpanel_screen_v1_20260724/run/qc397_top20_plus_top10_fusion_developability_v2_20260726/fusion_panel_common4_bundle/representative_complexes/R06__NODE1GEN_181778_source_fixed_pose_mpnn_source_id_P500K__FIXED_POSE_MPNN__8EDA6734F7A8BD2C__8x6b__s42.pdb	de552dd30397e57654498729190d08f4cc1e550cea9bbffe9a51f6492804d4e7	/data/qlyu/projects/pvrig_node1_generated100k_multimodal_top5000_4seed_docking_results_v2_20260724/compressed_queue/CANDIDATE_NODE1GEN_181778_source_fixed_pose_mpnn_source_id_P500K__FIXED_POSE_MPNN__8EDA6734F7A8BD2C_8x6b_s42_ef3cdc72a181.tar.gz	runs/CANDIDATE_NODE1GEN_181778_source_fixed_pose_mpnn_source_id_P500K__FIXED_POSE_MPNN__8EDA6734F7A8BD2C_8x6b_s42_ef3cdc72a181/haddock_run/6_seletopclusts/cluster_1_model_1.pdb.gz	-63.48682999999998	STRICT_A	CANDIDATE_NODE1GEN_181778_source_fixed_pose_mpnn_source_id_P500K__FIXED_POSE_MPNN__8EDA6734F7A8BD2C_8x6b_s42_ef3cdc72a181	AT
6	NODE1GEN_181778_source_fixed_pose_mpnn_source_id_P500K__FIXED_POSE_MPNN__8EDA6734F7A8BD2C	generated_top3000	fixed_pose_mpnn	9e6y	42	SUCCESS	cluster_1_model_1.pdb.gz	/data/qlyu/projects/pvrig_top7500_dualpanel_screen_v1_20260724/run/qc397_top20_plus_top10_fusion_developability_v2_20260726/fusion_panel_common4_bundle/representative_complexes/R06__NODE1GEN_181778_source_fixed_pose_mpnn_source_id_P500K__FIXED_POSE_MPNN__8EDA6734F7A8BD2C__9e6y__s42.pdb	53b185e0f81daacc60bc650d411e29b9cac36336275aa8d9ad4cf6538a8c35ca	/data/qlyu/projects/pvrig_node1_generated100k_multimodal_top5000_4seed_docking_results_v2_20260724/compressed_queue/CANDIDATE_NODE1GEN_181778_source_fixed_pose_mpnn_source_id_P500K__FIXED_POSE_MPNN__8EDA6734F7A8BD2C_9e6y_s42_d7f0f089734c.tar.gz	runs/CANDIDATE_NODE1GEN_181778_source_fixed_pose_mpnn_source_id_P500K__FIXED_POSE_MPNN__8EDA6734F7A8BD2C_9e6y_s42_d7f0f089734c/haddock_run/6_seletopclusts/cluster_1_model_1.pdb.gz	-74.39680000000001	STRICT_A	CANDIDATE_NODE1GEN_181778_source_fixed_pose_mpnn_source_id_P500K__FIXED_POSE_MPNN__8EDA6734F7A8BD2C_9e6y_s42_d7f0f089734c	AT
6	NODE1GEN_181778_source_fixed_pose_mpnn_source_id_P500K__FIXED_POSE_MPNN__8EDA6734F7A8BD2C	generated_top3000	fixed_pose_mpnn	8x6b	917	SUCCESS	cluster_1_model_1.pdb.gz	/data/qlyu/projects/pvrig_top7500_dualpanel_screen_v1_20260724/run/qc397_top20_plus_top10_fusion_developability_v2_20260726/fusion_panel_common4_bundle/representative_complexes/R06__NODE1GEN_181778_source_fixed_pose_mpnn_source_id_P500K__FIXED_POSE_MPNN__8EDA6734F7A8BD2C__8x6b__s917.pdb	140a40361aa7e2b030bea1c9bef27b7b28a17e5ea9d3f672c08d4624e30ba918	/data/qlyu/projects/pvrig_node1_generated100k_multimodal_top5000_4seed_docking_results_v2_20260724/compressed_queue/CANDIDATE_NODE1GEN_181778_source_fixed_pose_mpnn_source_id_P500K__FIXED_POSE_MPNN__8EDA6734F7A8BD2C_8x6b_s917_827cf3efd9bf.tar.gz	runs/CANDIDATE_NODE1GEN_181778_source_fixed_pose_mpnn_source_id_P500K__FIXED_POSE_MPNN__8EDA6734F7A8BD2C_8x6b_s917_827cf3efd9bf/haddock_run/6_seletopclusts/cluster_1_model_1.pdb.gz	-63.184	STRICT_A	CANDIDATE_NODE1GEN_181778_source_fixed_pose_mpnn_source_id_P500K__FIXED_POSE_MPNN__8EDA6734F7A8BD2C_8x6b_s917_827cf3efd9bf	AT
6	NODE1GEN_181778_source_fixed_pose_mpnn_source_id_P500K__FIXED_POSE_MPNN__8EDA6734F7A8BD2C	generated_top3000	fixed_pose_mpnn	9e6y	917	SUCCESS	cluster_1_model_1.pdb.gz	/data/qlyu/projects/pvrig_top7500_dualpanel_screen_v1_20260724/run/qc397_top20_plus_top10_fusion_developability_v2_20260726/fusion_panel_common4_bundle/representative_complexes/R06__NODE1GEN_181778_source_fixed_pose_mpnn_source_id_P500K__FIXED_POSE_MPNN__8EDA6734F7A8BD2C__9e6y__s917.pdb	8673a3aeb4869c4c6770685b84795999a70c89637a1c5da708d8caf03831416c	/data/qlyu/projects/pvrig_node1_generated100k_multimodal_top5000_4seed_docking_results_v2_20260724/compressed_queue/CANDIDATE_NODE1GEN_181778_source_fixed_pose_mpnn_source_id_P500K__FIXED_POSE_MPNN__8EDA6734F7A8BD2C_9e6y_s917_0795f78c9033.tar.gz	runs/CANDIDATE_NODE1GEN_181778_source_fixed_pose_mpnn_source_id_P500K__FIXED_POSE_MPNN__8EDA6734F7A8BD2C_9e6y_s917_0795f78c9033/haddock_run/6_seletopclusts/cluster_1_model_1.pdb.gz	-79.31013000000002	STRICT_A	CANDIDATE_NODE1GEN_181778_source_fixed_pose_mpnn_source_id_P500K__FIXED_POSE_MPNN__8EDA6734F7A8BD2C_9e6y_s917_0795f78c9033	AT
6	NODE1GEN_181778_source_fixed_pose_mpnn_source_id_P500K__FIXED_POSE_MPNN__8EDA6734F7A8BD2C	generated_top3000	fixed_pose_mpnn	8x6b	1931	SUCCESS	cluster_1_model_1.pdb.gz	/data/qlyu/projects/pvrig_top7500_dualpanel_screen_v1_20260724/run/qc397_top20_plus_top10_fusion_developability_v2_20260726/fusion_panel_common4_bundle/representative_complexes/R06__NODE1GEN_181778_source_fixed_pose_mpnn_source_id_P500K__FIXED_POSE_MPNN__8EDA6734F7A8BD2C__8x6b__s1931.pdb	0736b1207579b7168bf1b7bc0211fdc995b564de069082120eb4ebcd8596aecc	/data/qlyu/projects/pvrig_node1_generated100k_multimodal_top5000_4seed_docking_results_v2_20260724/compressed_queue/CANDIDATE_NODE1GEN_181778_source_fixed_pose_mpnn_source_id_P500K__FIXED_POSE_MPNN__8EDA6734F7A8BD2C_8x6b_s1931_593a146703e1.tar.gz	runs/CANDIDATE_NODE1GEN_181778_source_fixed_pose_mpnn_source_id_P500K__FIXED_POSE_MPNN__8EDA6734F7A8BD2C_8x6b_s1931_593a146703e1/haddock_run/6_seletopclusts/cluster_1_model_1.pdb.gz	-64.3851	STRICT_A	CANDIDATE_NODE1GEN_181778_source_fixed_pose_mpnn_source_id_P500K__FIXED_POSE_MPNN__8EDA6734F7A8BD2C_8x6b_s1931_593a146703e1	AT
6	NODE1GEN_181778_source_fixed_pose_mpnn_source_id_P500K__FIXED_POSE_MPNN__8EDA6734F7A8BD2C	generated_top3000	fixed_pose_mpnn	9e6y	1931	SUCCESS	cluster_1_model_1.pdb.gz	/data/qlyu/projects/pvrig_top7500_dualpanel_screen_v1_20260724/run/qc397_top20_plus_top10_fusion_developability_v2_20260726/fusion_panel_common4_bundle/representative_complexes/R06__NODE1GEN_181778_source_fixed_pose_mpnn_source_id_P500K__FIXED_POSE_MPNN__8EDA6734F7A8BD2C__9e6y__s1931.pdb	017937e6f8fbafd1077940b6a061341b13d23878ada28aa6f3f8cee451d7f432	/data/qlyu/projects/pvrig_node1_generated100k_multimodal_top5000_4seed_docking_results_v2_20260724/compressed_queue/CANDIDATE_NODE1GEN_181778_source_fixed_pose_mpnn_source_id_P500K__FIXED_POSE_MPNN__8EDA6734F7A8BD2C_9e6y_s1931_2fd58b11607b.tar.gz	runs/CANDIDATE_NODE1GEN_181778_source_fixed_pose_mpnn_source_id_P500K__FIXED_POSE_MPNN__8EDA6734F7A8BD2C_9e6y_s1931_2fd58b11607b/haddock_run/6_seletopclusts/cluster_1_model_1.pdb.gz	-60.94323	STRICT_A	CANDIDATE_NODE1GEN_181778_source_fixed_pose_mpnn_source_id_P500K__FIXED_POSE_MPNN__8EDA6734F7A8BD2C_9e6y_s1931_2fd58b11607b	AT
6	NODE1GEN_181778_source_fixed_pose_mpnn_source_id_P500K__FIXED_POSE_MPNN__8EDA6734F7A8BD2C	generated_top3000	fixed_pose_mpnn	8x6b	3047	SUCCESS	cluster_1_model_1.pdb.gz	/data/qlyu/projects/pvrig_top7500_dualpanel_screen_v1_20260724/run/qc397_top20_plus_top10_fusion_developability_v2_20260726/fusion_panel_common4_bundle/representative_complexes/R06__NODE1GEN_181778_source_fixed_pose_mpnn_source_id_P500K__FIXED_POSE_MPNN__8EDA6734F7A8BD2C__8x6b__s3047.pdb	7d5dc9fa5ced9a12eb795aa83aa84379e1b5c2f33325dd6dcb76761e9bb9c472	/data/qlyu/projects/pvrig_node1_generated100k_multimodal_top5000_4seed_docking_results_v2_20260724/compressed_queue/CANDIDATE_NODE1GEN_181778_source_fixed_pose_mpnn_source_id_P500K__FIXED_POSE_MPNN__8EDA6734F7A8BD2C_8x6b_s3047_64dd84e3a7bf.tar.gz	runs/CANDIDATE_NODE1GEN_181778_source_fixed_pose_mpnn_source_id_P500K__FIXED_POSE_MPNN__8EDA6734F7A8BD2C_8x6b_s3047_64dd84e3a7bf/haddock_run/6_seletopclusts/cluster_1_model_1.pdb.gz	-61.870599999999996	STRICT_A	CANDIDATE_NODE1GEN_181778_source_fixed_pose_mpnn_source_id_P500K__FIXED_POSE_MPNN__8EDA6734F7A8BD2C_8x6b_s3047_64dd84e3a7bf	AT
6	NODE1GEN_181778_source_fixed_pose_mpnn_source_id_P500K__FIXED_POSE_MPNN__8EDA6734F7A8BD2C	generated_top3000	fixed_pose_mpnn	9e6y	3047	SUCCESS	cluster_1_model_1.pdb.gz	/data/qlyu/projects/pvrig_top7500_dualpanel_screen_v1_20260724/run/qc397_top20_plus_top10_fusion_developability_v2_20260726/fusion_panel_common4_bundle/representative_complexes/R06__NODE1GEN_181778_source_fixed_pose_mpnn_source_id_P500K__FIXED_POSE_MPNN__8EDA6734F7A8BD2C__9e6y__s3047.pdb	712313d3d476bbbd12a28303940b8b22e80de4d2ac9ff0a1fbba9d22b420e298	/data/qlyu/projects/pvrig_node1_generated100k_multimodal_top5000_4seed_docking_results_v2_20260724/compressed_queue/CANDIDATE_NODE1GEN_181778_source_fixed_pose_mpnn_source_id_P500K__FIXED_POSE_MPNN__8EDA6734F7A8BD2C_9e6y_s3047_4e5a71e2e195.tar.gz	runs/CANDIDATE_NODE1GEN_181778_source_fixed_pose_mpnn_source_id_P500K__FIXED_POSE_MPNN__8EDA6734F7A8BD2C_9e6y_s3047_4e5a71e2e195/haddock_run/6_seletopclusts/cluster_1_model_1.pdb.gz	-64.66337999999999	STRICT_A	CANDIDATE_NODE1GEN_181778_source_fixed_pose_mpnn_source_id_P500K__FIXED_POSE_MPNN__8EDA6734F7A8BD2C_9e6y_s3047_4e5a71e2e195	AT
7	NODE1GEN_154595_source_fixed_pose_mpnn_source_id_P500K__FIXED_POSE_MPNN__9B999365EA60CCE9	generated_top3000	fixed_pose_mpnn	8x6b	42	SUCCESS	cluster_1_model_1.pdb.gz	/data/qlyu/projects/pvrig_top7500_dualpanel_screen_v1_20260724/run/qc397_top20_plus_top10_fusion_developability_v2_20260726/fusion_panel_common4_bundle/representative_complexes/R07__NODE1GEN_154595_source_fixed_pose_mpnn_source_id_P500K__FIXED_POSE_MPNN__9B999365EA60CCE9__8x6b__s42.pdb	3a3c803669d0323e7cfd4eb8ee42be2ba127821f99f1a7fd838a98cb37ec8010	/data/qlyu/projects/pvrig_node1_generated100k_multimodal_top5000_4seed_docking_results_v2_20260724/compressed_queue/CANDIDATE_NODE1GEN_154595_source_fixed_pose_mpnn_source_id_P500K__FIXED_POSE_MPNN__9B999365EA60CCE9_8x6b_s42_c0f03f47c033.tar.gz	runs/CANDIDATE_NODE1GEN_154595_source_fixed_pose_mpnn_source_id_P500K__FIXED_POSE_MPNN__9B999365EA60CCE9_8x6b_s42_c0f03f47c033/haddock_run/6_seletopclusts/cluster_1_model_1.pdb.gz	-87.69309999999999	STRICT_A	CANDIDATE_NODE1GEN_154595_source_fixed_pose_mpnn_source_id_P500K__FIXED_POSE_MPNN__9B999365EA60CCE9_8x6b_s42_c0f03f47c033	AT
7	NODE1GEN_154595_source_fixed_pose_mpnn_source_id_P500K__FIXED_POSE_MPNN__9B999365EA60CCE9	generated_top3000	fixed_pose_mpnn	9e6y	42	SUCCESS	cluster_1_model_1.pdb.gz	/data/qlyu/projects/pvrig_top7500_dualpanel_screen_v1_20260724/run/qc397_top20_plus_top10_fusion_developability_v2_20260726/fusion_panel_common4_bundle/representative_complexes/R07__NODE1GEN_154595_source_fixed_pose_mpnn_source_id_P500K__FIXED_POSE_MPNN__9B999365EA60CCE9__9e6y__s42.pdb	5827e697b1c368294684751daa8a8f67662557a7cd73c856b7f3286d629a3ff3	/data/qlyu/projects/pvrig_node1_generated100k_multimodal_top5000_4seed_docking_results_v2_20260724/compressed_queue/CANDIDATE_NODE1GEN_154595_source_fixed_pose_mpnn_source_id_P500K__FIXED_POSE_MPNN__9B999365EA60CCE9_9e6y_s42_6156dfd05412.tar.gz	runs/CANDIDATE_NODE1GEN_154595_source_fixed_pose_mpnn_source_id_P500K__FIXED_POSE_MPNN__9B999365EA60CCE9_9e6y_s42_6156dfd05412/haddock_run/6_seletopclusts/cluster_1_model_1.pdb.gz	-83.9195	STRICT_A	CANDIDATE_NODE1GEN_154595_source_fixed_pose_mpnn_source_id_P500K__FIXED_POSE_MPNN__9B999365EA60CCE9_9e6y_s42_6156dfd05412	AT
7	NODE1GEN_154595_source_fixed_pose_mpnn_source_id_P500K__FIXED_POSE_MPNN__9B999365EA60CCE9	generated_top3000	fixed_pose_mpnn	8x6b	917	SUCCESS	cluster_1_model_1.pdb.gz	/data/qlyu/projects/pvrig_top7500_dualpanel_screen_v1_20260724/run/qc397_top20_plus_top10_fusion_developability_v2_20260726/fusion_panel_common4_bundle/representative_complexes/R07__NODE1GEN_154595_source_fixed_pose_mpnn_source_id_P500K__FIXED_POSE_MPNN__9B999365EA60CCE9__8x6b__s917.pdb	d6949d2ad0d5334cc1df34bc0c5502a08a623c52eab3374c4ee777bc4b06b399	/data/qlyu/projects/pvrig_node1_generated100k_multimodal_top5000_4seed_docking_results_v2_20260724/compressed_queue/CANDIDATE_NODE1GEN_154595_source_fixed_pose_mpnn_source_id_P500K__FIXED_POSE_MPNN__9B999365EA60CCE9_8x6b_s917_9110409c472c.tar.gz	runs/CANDIDATE_NODE1GEN_154595_source_fixed_pose_mpnn_source_id_P500K__FIXED_POSE_MPNN__9B999365EA60CCE9_8x6b_s917_9110409c472c/haddock_run/6_seletopclusts/cluster_1_model_1.pdb.gz	-76.69669999999999	STRICT_A	CANDIDATE_NODE1GEN_154595_source_fixed_pose_mpnn_source_id_P500K__FIXED_POSE_MPNN__9B999365EA60CCE9_8x6b_s917_9110409c472c	AT
7	NODE1GEN_154595_source_fixed_pose_mpnn_source_id_P500K__FIXED_POSE_MPNN__9B999365EA60CCE9	generated_top3000	fixed_pose_mpnn	9e6y	917	SUCCESS	cluster_1_model_1.pdb.gz	/data/qlyu/projects/pvrig_top7500_dualpanel_screen_v1_20260724/run/qc397_top20_plus_top10_fusion_developability_v2_20260726/fusion_panel_common4_bundle/representative_complexes/R07__NODE1GEN_154595_source_fixed_pose_mpnn_source_id_P500K__FIXED_POSE_MPNN__9B999365EA60CCE9__9e6y__s917.pdb	25b5ed39325a0b8d2c525e8a695c75aa0492438c39d4a9cbb3e33134061afcee	/data/qlyu/projects/pvrig_node1_generated100k_multimodal_top5000_4seed_docking_results_v2_20260724/compressed_queue/CANDIDATE_NODE1GEN_154595_source_fixed_pose_mpnn_source_id_P500K__FIXED_POSE_MPNN__9B999365EA60CCE9_9e6y_s917_b0818d2088de.tar.gz	runs/CANDIDATE_NODE1GEN_154595_source_fixed_pose_mpnn_source_id_P500K__FIXED_POSE_MPNN__9B999365EA60CCE9_9e6y_s917_b0818d2088de/haddock_run/6_seletopclusts/cluster_1_model_1.pdb.gz	-87.8392	STRICT_A	CANDIDATE_NODE1GEN_154595_source_fixed_pose_mpnn_source_id_P500K__FIXED_POSE_MPNN__9B999365EA60CCE9_9e6y_s917_b0818d2088de	AT
7	NODE1GEN_154595_source_fixed_pose_mpnn_source_id_P500K__FIXED_POSE_MPNN__9B999365EA60CCE9	generated_top3000	fixed_pose_mpnn	8x6b	1931	SUCCESS	cluster_1_model_1.pdb.gz	/data/qlyu/projects/pvrig_top7500_dualpanel_screen_v1_20260724/run/qc397_top20_plus_top10_fusion_developability_v2_20260726/fusion_panel_common4_bundle/representative_complexes/R07__NODE1GEN_154595_source_fixed_pose_mpnn_source_id_P500K__FIXED_POSE_MPNN__9B999365EA60CCE9__8x6b__s1931.pdb	524a32b012490452d74543be8a45c409ef197425311d3e9adce4f969a0ab62b5	/data/qlyu/projects/pvrig_node1_generated100k_multimodal_top5000_4seed_docking_results_v2_20260724/compressed_queue/CANDIDATE_NODE1GEN_154595_source_fixed_pose_mpnn_source_id_P500K__FIXED_POSE_MPNN__9B999365EA60CCE9_8x6b_s1931_8fc9b442fea3.tar.gz	runs/CANDIDATE_NODE1GEN_154595_source_fixed_pose_mpnn_source_id_P500K__FIXED_POSE_MPNN__9B999365EA60CCE9_8x6b_s1931_8fc9b442fea3/haddock_run/6_seletopclusts/cluster_1_model_1.pdb.gz	-85.5453	STRICT_A	CANDIDATE_NODE1GEN_154595_source_fixed_pose_mpnn_source_id_P500K__FIXED_POSE_MPNN__9B999365EA60CCE9_8x6b_s1931_8fc9b442fea3	AT
7	NODE1GEN_154595_source_fixed_pose_mpnn_source_id_P500K__FIXED_POSE_MPNN__9B999365EA60CCE9	generated_top3000	fixed_pose_mpnn	9e6y	1931	SUCCESS	cluster_1_model_1.pdb.gz	/data/qlyu/projects/pvrig_top7500_dualpanel_screen_v1_20260724/run/qc397_top20_plus_top10_fusion_developability_v2_20260726/fusion_panel_common4_bundle/representative_complexes/R07__NODE1GEN_154595_source_fixed_pose_mpnn_source_id_P500K__FIXED_POSE_MPNN__9B999365EA60CCE9__9e6y__s1931.pdb	97b794ad92b79364ce7ad0d0040fd63bc1044635b70743cb337619da6b41529d	/data/qlyu/projects/pvrig_node1_generated100k_multimodal_top5000_4seed_docking_results_v2_20260724/compressed_queue/CANDIDATE_NODE1GEN_154595_source_fixed_pose_mpnn_source_id_P500K__FIXED_POSE_MPNN__9B999365EA60CCE9_9e6y_s1931_c1b96a2bb837.tar.gz	runs/CANDIDATE_NODE1GEN_154595_source_fixed_pose_mpnn_source_id_P500K__FIXED_POSE_MPNN__9B999365EA60CCE9_9e6y_s1931_c1b96a2bb837/haddock_run/6_seletopclusts/cluster_1_model_1.pdb.gz	-83.9799	STRICT_A	CANDIDATE_NODE1GEN_154595_source_fixed_pose_mpnn_source_id_P500K__FIXED_POSE_MPNN__9B999365EA60CCE9_9e6y_s1931_c1b96a2bb837	AT
7	NODE1GEN_154595_source_fixed_pose_mpnn_source_id_P500K__FIXED_POSE_MPNN__9B999365EA60CCE9	generated_top3000	fixed_pose_mpnn	8x6b	3047	SUCCESS	cluster_1_model_1.pdb.gz	/data/qlyu/projects/pvrig_top7500_dualpanel_screen_v1_20260724/run/qc397_top20_plus_top10_fusion_developability_v2_20260726/fusion_panel_common4_bundle/representative_complexes/R07__NODE1GEN_154595_source_fixed_pose_mpnn_source_id_P500K__FIXED_POSE_MPNN__9B999365EA60CCE9__8x6b__s3047.pdb	7428b47280d64f027d09640a66f7585525f2b9b12777b4c4b193f76052bc9d8e	/data/qlyu/projects/pvrig_node1_generated100k_multimodal_top5000_4seed_docking_results_v2_20260724/compressed_queue/CANDIDATE_NODE1GEN_154595_source_fixed_pose_mpnn_source_id_P500K__FIXED_POSE_MPNN__9B999365EA60CCE9_8x6b_s3047_8bdec0106ac3.tar.gz	runs/CANDIDATE_NODE1GEN_154595_source_fixed_pose_mpnn_source_id_P500K__FIXED_POSE_MPNN__9B999365EA60CCE9_8x6b_s3047_8bdec0106ac3/haddock_run/6_seletopclusts/cluster_1_model_1.pdb.gz	-93.2845	STRICT_A	CANDIDATE_NODE1GEN_154595_source_fixed_pose_mpnn_source_id_P500K__FIXED_POSE_MPNN__9B999365EA60CCE9_8x6b_s3047_8bdec0106ac3	AT
7	NODE1GEN_154595_source_fixed_pose_mpnn_source_id_P500K__FIXED_POSE_MPNN__9B999365EA60CCE9	generated_top3000	fixed_pose_mpnn	9e6y	3047	SUCCESS	cluster_1_model_1.pdb.gz	/data/qlyu/projects/pvrig_top7500_dualpanel_screen_v1_20260724/run/qc397_top20_plus_top10_fusion_developability_v2_20260726/fusion_panel_common4_bundle/representative_complexes/R07__NODE1GEN_154595_source_fixed_pose_mpnn_source_id_P500K__FIXED_POSE_MPNN__9B999365EA60CCE9__9e6y__s3047.pdb	ae2bff83fee2904aa888ef6481390ab02bbdebb158242a8182f84ea98963582c	/data/qlyu/projects/pvrig_node1_generated100k_multimodal_top5000_4seed_docking_results_v2_20260724/compressed_queue/CANDIDATE_NODE1GEN_154595_source_fixed_pose_mpnn_source_id_P500K__FIXED_POSE_MPNN__9B999365EA60CCE9_9e6y_s3047_4f2a78ff6ac7.tar.gz	runs/CANDIDATE_NODE1GEN_154595_source_fixed_pose_mpnn_source_id_P500K__FIXED_POSE_MPNN__9B999365EA60CCE9_9e6y_s3047_4f2a78ff6ac7/haddock_run/6_seletopclusts/cluster_1_model_1.pdb.gz	-86.9452	STRICT_A	CANDIDATE_NODE1GEN_154595_source_fixed_pose_mpnn_source_id_P500K__FIXED_POSE_MPNN__9B999365EA60CCE9_9e6y_s3047_4f2a78ff6ac7	AT
8	NODE1GEN_256613_source_fixed_pose_mpnn_source_id_P500K__FIXED_POSE_MPNN__0A1B353F72DFABBD	generated_top3000	fixed_pose_mpnn	8x6b	42	SUCCESS	cluster_1_model_1.pdb.gz	/data/qlyu/projects/pvrig_top7500_dualpanel_screen_v1_20260724/run/qc397_top20_plus_top10_fusion_developability_v2_20260726/fusion_panel_common4_bundle/representative_complexes/R08__NODE1GEN_256613_source_fixed_pose_mpnn_source_id_P500K__FIXED_POSE_MPNN__0A1B353F72DFABBD__8x6b__s42.pdb	d07d7139d4743eb46b107a341ea6042cc1f294cd70ce02f92d947cd2e4b3e521	/data/qlyu/projects/pvrig_node1_generated100k_multimodal_top5000_4seed_docking_results_v2_20260724/compressed_queue/CANDIDATE_NODE1GEN_256613_source_fixed_pose_mpnn_source_id_P500K__FIXED_POSE_MPNN__0A1B353F72DFABBD_8x6b_s42_a4fd2bd98fd0.tar.gz	runs/CANDIDATE_NODE1GEN_256613_source_fixed_pose_mpnn_source_id_P500K__FIXED_POSE_MPNN__0A1B353F72DFABBD_8x6b_s42_a4fd2bd98fd0/haddock_run/6_seletopclusts/cluster_1_model_1.pdb.gz	-76.63839999999999	STRICT_A	CANDIDATE_NODE1GEN_256613_source_fixed_pose_mpnn_source_id_P500K__FIXED_POSE_MPNN__0A1B353F72DFABBD_8x6b_s42_a4fd2bd98fd0	AT
8	NODE1GEN_256613_source_fixed_pose_mpnn_source_id_P500K__FIXED_POSE_MPNN__0A1B353F72DFABBD	generated_top3000	fixed_pose_mpnn	9e6y	42	SUCCESS	cluster_1_model_1.pdb.gz	/data/qlyu/projects/pvrig_top7500_dualpanel_screen_v1_20260724/run/qc397_top20_plus_top10_fusion_developability_v2_20260726/fusion_panel_common4_bundle/representative_complexes/R08__NODE1GEN_256613_source_fixed_pose_mpnn_source_id_P500K__FIXED_POSE_MPNN__0A1B353F72DFABBD__9e6y__s42.pdb	991a68659995ac7b0a479b84ceb832be5748ce61e3405bb2c0904d6fd6ef1a03	/data/qlyu/projects/pvrig_node1_generated100k_multimodal_top5000_4seed_docking_results_v2_20260724/compressed_queue/CANDIDATE_NODE1GEN_256613_source_fixed_pose_mpnn_source_id_P500K__FIXED_POSE_MPNN__0A1B353F72DFABBD_9e6y_s42_72a26e9810d0.tar.gz	runs/CANDIDATE_NODE1GEN_256613_source_fixed_pose_mpnn_source_id_P500K__FIXED_POSE_MPNN__0A1B353F72DFABBD_9e6y_s42_72a26e9810d0/haddock_run/6_seletopclusts/cluster_1_model_1.pdb.gz	-75.88264000000001	STRICT_A	CANDIDATE_NODE1GEN_256613_source_fixed_pose_mpnn_source_id_P500K__FIXED_POSE_MPNN__0A1B353F72DFABBD_9e6y_s42_72a26e9810d0	AT
8	NODE1GEN_256613_source_fixed_pose_mpnn_source_id_P500K__FIXED_POSE_MPNN__0A1B353F72DFABBD	generated_top3000	fixed_pose_mpnn	8x6b	917	SUCCESS	cluster_1_model_1.pdb.gz	/data/qlyu/projects/pvrig_top7500_dualpanel_screen_v1_20260724/run/qc397_top20_plus_top10_fusion_developability_v2_20260726/fusion_panel_common4_bundle/representative_complexes/R08__NODE1GEN_256613_source_fixed_pose_mpnn_source_id_P500K__FIXED_POSE_MPNN__0A1B353F72DFABBD__8x6b__s917.pdb	a9c1f080ccec75a4004dbb6f2375114441b13c0d3d722caeeaeed5a8e09da100	/data/qlyu/projects/pvrig_node1_generated100k_multimodal_top5000_4seed_docking_results_v2_20260724/compressed_queue/CANDIDATE_NODE1GEN_256613_source_fixed_pose_mpnn_source_id_P500K__FIXED_POSE_MPNN__0A1B353F72DFABBD_8x6b_s917_38a0921eeeb2.tar.gz	runs/CANDIDATE_NODE1GEN_256613_source_fixed_pose_mpnn_source_id_P500K__FIXED_POSE_MPNN__0A1B353F72DFABBD_8x6b_s917_38a0921eeeb2/haddock_run/6_seletopclusts/cluster_1_model_1.pdb.gz	-76.12886	STRICT_A	CANDIDATE_NODE1GEN_256613_source_fixed_pose_mpnn_source_id_P500K__FIXED_POSE_MPNN__0A1B353F72DFABBD_8x6b_s917_38a0921eeeb2	AT
8	NODE1GEN_256613_source_fixed_pose_mpnn_source_id_P500K__FIXED_POSE_MPNN__0A1B353F72DFABBD	generated_top3000	fixed_pose_mpnn	9e6y	917	SUCCESS	cluster_1_model_1.pdb.gz	/data/qlyu/projects/pvrig_top7500_dualpanel_screen_v1_20260724/run/qc397_top20_plus_top10_fusion_developability_v2_20260726/fusion_panel_common4_bundle/representative_complexes/R08__NODE1GEN_256613_source_fixed_pose_mpnn_source_id_P500K__FIXED_POSE_MPNN__0A1B353F72DFABBD__9e6y__s917.pdb	e10f2cb0389c96169ea8080ff15d9a238f249600fefade1f20ff310b112742cb	/data/qlyu/projects/pvrig_node1_generated100k_multimodal_top5000_4seed_docking_results_v2_20260724/compressed_queue/CANDIDATE_NODE1GEN_256613_source_fixed_pose_mpnn_source_id_P500K__FIXED_POSE_MPNN__0A1B353F72DFABBD_9e6y_s917_ba577d236cab.tar.gz	runs/CANDIDATE_NODE1GEN_256613_source_fixed_pose_mpnn_source_id_P500K__FIXED_POSE_MPNN__0A1B353F72DFABBD_9e6y_s917_ba577d236cab/haddock_run/6_seletopclusts/cluster_1_model_1.pdb.gz	-79.36448	STRICT_A	CANDIDATE_NODE1GEN_256613_source_fixed_pose_mpnn_source_id_P500K__FIXED_POSE_MPNN__0A1B353F72DFABBD_9e6y_s917_ba577d236cab	AT
8	NODE1GEN_256613_source_fixed_pose_mpnn_source_id_P500K__FIXED_POSE_MPNN__0A1B353F72DFABBD	generated_top3000	fixed_pose_mpnn	8x6b	1931	SUCCESS	cluster_1_model_1.pdb.gz	/data/qlyu/projects/pvrig_top7500_dualpanel_screen_v1_20260724/run/qc397_top20_plus_top10_fusion_developability_v2_20260726/fusion_panel_common4_bundle/representative_complexes/R08__NODE1GEN_256613_source_fixed_pose_mpnn_source_id_P500K__FIXED_POSE_MPNN__0A1B353F72DFABBD__8x6b__s1931.pdb	917040af1c751a74e698efdf5c88dc68d249cb9fc16ab418fada5376b6029ddd	/data/qlyu/projects/pvrig_node1_generated100k_multimodal_top5000_4seed_docking_results_v2_20260724/compressed_queue/CANDIDATE_NODE1GEN_256613_source_fixed_pose_mpnn_source_id_P500K__FIXED_POSE_MPNN__0A1B353F72DFABBD_8x6b_s1931_857697c5fe9b.tar.gz	runs/CANDIDATE_NODE1GEN_256613_source_fixed_pose_mpnn_source_id_P500K__FIXED_POSE_MPNN__0A1B353F72DFABBD_8x6b_s1931_857697c5fe9b/haddock_run/6_seletopclusts/cluster_1_model_1.pdb.gz	-68.22612000000001	STRICT_A	CANDIDATE_NODE1GEN_256613_source_fixed_pose_mpnn_source_id_P500K__FIXED_POSE_MPNN__0A1B353F72DFABBD_8x6b_s1931_857697c5fe9b	AT
8	NODE1GEN_256613_source_fixed_pose_mpnn_source_id_P500K__FIXED_POSE_MPNN__0A1B353F72DFABBD	generated_top3000	fixed_pose_mpnn	9e6y	1931	SUCCESS	cluster_1_model_1.pdb.gz	/data/qlyu/projects/pvrig_top7500_dualpanel_screen_v1_20260724/run/qc397_top20_plus_top10_fusion_developability_v2_20260726/fusion_panel_common4_bundle/representative_complexes/R08__NODE1GEN_256613_source_fixed_pose_mpnn_source_id_P500K__FIXED_POSE_MPNN__0A1B353F72DFABBD__9e6y__s1931.pdb	769da334a61f6b493e37c34ab51ff25cfac3e84381293564cb171e6d306c2669	/data/qlyu/projects/pvrig_node1_generated100k_multimodal_top5000_4seed_docking_results_v2_20260724/compressed_queue/CANDIDATE_NODE1GEN_256613_source_fixed_pose_mpnn_source_id_P500K__FIXED_POSE_MPNN__0A1B353F72DFABBD_9e6y_s1931_86433d6cfe04.tar.gz	runs/CANDIDATE_NODE1GEN_256613_source_fixed_pose_mpnn_source_id_P500K__FIXED_POSE_MPNN__0A1B353F72DFABBD_9e6y_s1931_86433d6cfe04/haddock_run/6_seletopclusts/cluster_1_model_1.pdb.gz	-72.1996	STRICT_A	CANDIDATE_NODE1GEN_256613_source_fixed_pose_mpnn_source_id_P500K__FIXED_POSE_MPNN__0A1B353F72DFABBD_9e6y_s1931_86433d6cfe04	AT
8	NODE1GEN_256613_source_fixed_pose_mpnn_source_id_P500K__FIXED_POSE_MPNN__0A1B353F72DFABBD	generated_top3000	fixed_pose_mpnn	8x6b	3047	SUCCESS	cluster_1_model_1.pdb.gz	/data/qlyu/projects/pvrig_top7500_dualpanel_screen_v1_20260724/run/qc397_top20_plus_top10_fusion_developability_v2_20260726/fusion_panel_common4_bundle/representative_complexes/R08__NODE1GEN_256613_source_fixed_pose_mpnn_source_id_P500K__FIXED_POSE_MPNN__0A1B353F72DFABBD__8x6b__s3047.pdb	f74dede6fef32db74715805faf689443713c2f3370038be94c6654c2432b3fcd	/data/qlyu/projects/pvrig_node1_generated100k_multimodal_top5000_4seed_docking_results_v2_20260724/compressed_queue/CANDIDATE_NODE1GEN_256613_source_fixed_pose_mpnn_source_id_P500K__FIXED_POSE_MPNN__0A1B353F72DFABBD_8x6b_s3047_0c9cdc1a6b0f.tar.gz	runs/CANDIDATE_NODE1GEN_256613_source_fixed_pose_mpnn_source_id_P500K__FIXED_POSE_MPNN__0A1B353F72DFABBD_8x6b_s3047_0c9cdc1a6b0f/haddock_run/6_seletopclusts/cluster_1_model_1.pdb.gz	-64.6934	STRICT_A	CANDIDATE_NODE1GEN_256613_source_fixed_pose_mpnn_source_id_P500K__FIXED_POSE_MPNN__0A1B353F72DFABBD_8x6b_s3047_0c9cdc1a6b0f	AT
8	NODE1GEN_256613_source_fixed_pose_mpnn_source_id_P500K__FIXED_POSE_MPNN__0A1B353F72DFABBD	generated_top3000	fixed_pose_mpnn	9e6y	3047	SUCCESS	cluster_1_model_1.pdb.gz	/data/qlyu/projects/pvrig_top7500_dualpanel_screen_v1_20260724/run/qc397_top20_plus_top10_fusion_developability_v2_20260726/fusion_panel_common4_bundle/representative_complexes/R08__NODE1GEN_256613_source_fixed_pose_mpnn_source_id_P500K__FIXED_POSE_MPNN__0A1B353F72DFABBD__9e6y__s3047.pdb	25d3365434540aeef8520dbc673838a431084d12b317d38444768f4af8fd0b64	/data/qlyu/projects/pvrig_node1_generated100k_multimodal_top5000_4seed_docking_results_v2_20260724/compressed_queue/CANDIDATE_NODE1GEN_256613_source_fixed_pose_mpnn_source_id_P500K__FIXED_POSE_MPNN__0A1B353F72DFABBD_9e6y_s3047_5a33358c5898.tar.gz	runs/CANDIDATE_NODE1GEN_256613_source_fixed_pose_mpnn_source_id_P500K__FIXED_POSE_MPNN__0A1B353F72DFABBD_9e6y_s3047_5a33358c5898/haddock_run/6_seletopclusts/cluster_1_model_1.pdb.gz	-76.79078	STRICT_A	CANDIDATE_NODE1GEN_256613_source_fixed_pose_mpnn_source_id_P500K__FIXED_POSE_MPNN__0A1B353F72DFABBD_9e6y_s3047_5a33358c5898	AT
9	NODE1GEN_183154_source_fixed_pose_mpnn_source_id_P500K__FIXED_POSE_MPNN__E25C2338B83B903C	generated_top3000	fixed_pose_mpnn	8x6b	42	SUCCESS	cluster_1_model_1.pdb.gz	/data/qlyu/projects/pvrig_top7500_dualpanel_screen_v1_20260724/run/qc397_top20_plus_top10_fusion_developability_v2_20260726/fusion_panel_common4_bundle/representative_complexes/R09__NODE1GEN_183154_source_fixed_pose_mpnn_source_id_P500K__FIXED_POSE_MPNN__E25C2338B83B903C__8x6b__s42.pdb	f0f2e5898d86c92ac92e602adb37c3c27ac0c520504a3aefc856649bab14774e	/data/qlyu/projects/pvrig_node1_generated100k_multimodal_top5000_4seed_docking_results_v2_20260724/compressed_queue/CANDIDATE_NODE1GEN_183154_source_fixed_pose_mpnn_source_id_P500K__FIXED_POSE_MPNN__E25C2338B83B903C_8x6b_s42_9e7f8e5f6f5a.tar.gz	runs/CANDIDATE_NODE1GEN_183154_source_fixed_pose_mpnn_source_id_P500K__FIXED_POSE_MPNN__E25C2338B83B903C_8x6b_s42_9e7f8e5f6f5a/haddock_run/6_seletopclusts/cluster_1_model_1.pdb.gz	-52.02819	STRICT_A	CANDIDATE_NODE1GEN_183154_source_fixed_pose_mpnn_source_id_P500K__FIXED_POSE_MPNN__E25C2338B83B903C_8x6b_s42_9e7f8e5f6f5a	AT
9	NODE1GEN_183154_source_fixed_pose_mpnn_source_id_P500K__FIXED_POSE_MPNN__E25C2338B83B903C	generated_top3000	fixed_pose_mpnn	9e6y	42	SUCCESS	cluster_1_model_1.pdb.gz	/data/qlyu/projects/pvrig_top7500_dualpanel_screen_v1_20260724/run/qc397_top20_plus_top10_fusion_developability_v2_20260726/fusion_panel_common4_bundle/representative_complexes/R09__NODE1GEN_183154_source_fixed_pose_mpnn_source_id_P500K__FIXED_POSE_MPNN__E25C2338B83B903C__9e6y__s42.pdb	fcafe23db9b93a92acab76d9340db2259345cffe8cc18e4cc933542ce78187ea	/data/qlyu/projects/pvrig_node1_generated100k_multimodal_top5000_4seed_docking_results_v2_20260724/compressed_queue/CANDIDATE_NODE1GEN_183154_source_fixed_pose_mpnn_source_id_P500K__FIXED_POSE_MPNN__E25C2338B83B903C_9e6y_s42_2c920b596e3c.tar.gz	runs/CANDIDATE_NODE1GEN_183154_source_fixed_pose_mpnn_source_id_P500K__FIXED_POSE_MPNN__E25C2338B83B903C_9e6y_s42_2c920b596e3c/haddock_run/6_seletopclusts/cluster_1_model_1.pdb.gz	-82.81916000000001	STRICT_A	CANDIDATE_NODE1GEN_183154_source_fixed_pose_mpnn_source_id_P500K__FIXED_POSE_MPNN__E25C2338B83B903C_9e6y_s42_2c920b596e3c	AT
9	NODE1GEN_183154_source_fixed_pose_mpnn_source_id_P500K__FIXED_POSE_MPNN__E25C2338B83B903C	generated_top3000	fixed_pose_mpnn	8x6b	917	SUCCESS	cluster_1_model_1.pdb.gz	/data/qlyu/projects/pvrig_top7500_dualpanel_screen_v1_20260724/run/qc397_top20_plus_top10_fusion_developability_v2_20260726/fusion_panel_common4_bundle/representative_complexes/R09__NODE1GEN_183154_source_fixed_pose_mpnn_source_id_P500K__FIXED_POSE_MPNN__E25C2338B83B903C__8x6b__s917.pdb	b4c24a3649f63cbac77e9bbf59f019d995cd8f9229aece4e7bbd001347b11c3d	/data/qlyu/projects/pvrig_node1_generated100k_multimodal_top5000_4seed_docking_results_v2_20260724/compressed_queue/CANDIDATE_NODE1GEN_183154_source_fixed_pose_mpnn_source_id_P500K__FIXED_POSE_MPNN__E25C2338B83B903C_8x6b_s917_78956abcdb13.tar.gz	runs/CANDIDATE_NODE1GEN_183154_source_fixed_pose_mpnn_source_id_P500K__FIXED_POSE_MPNN__E25C2338B83B903C_8x6b_s917_78956abcdb13/haddock_run/6_seletopclusts/cluster_1_model_1.pdb.gz	-73.68369999999999	STRICT_A	CANDIDATE_NODE1GEN_183154_source_fixed_pose_mpnn_source_id_P500K__FIXED_POSE_MPNN__E25C2338B83B903C_8x6b_s917_78956abcdb13	AT
9	NODE1GEN_183154_source_fixed_pose_mpnn_source_id_P500K__FIXED_POSE_MPNN__E25C2338B83B903C	generated_top3000	fixed_pose_mpnn	9e6y	917	SUCCESS	cluster_1_model_1.pdb.gz	/data/qlyu/projects/pvrig_top7500_dualpanel_screen_v1_20260724/run/qc397_top20_plus_top10_fusion_developability_v2_20260726/fusion_panel_common4_bundle/representative_complexes/R09__NODE1GEN_183154_source_fixed_pose_mpnn_source_id_P500K__FIXED_POSE_MPNN__E25C2338B83B903C__9e6y__s917.pdb	73cee2bfacd6aa81bef3f1991665377b0fcdcaf981a704d21faba0d0bacfa8b1	/data/qlyu/projects/pvrig_node1_generated100k_multimodal_top5000_4seed_docking_results_v2_20260724/compressed_queue/CANDIDATE_NODE1GEN_183154_source_fixed_pose_mpnn_source_id_P500K__FIXED_POSE_MPNN__E25C2338B83B903C_9e6y_s917_bc78cf6dd30d.tar.gz	runs/CANDIDATE_NODE1GEN_183154_source_fixed_pose_mpnn_source_id_P500K__FIXED_POSE_MPNN__E25C2338B83B903C_9e6y_s917_bc78cf6dd30d/haddock_run/6_seletopclusts/cluster_1_model_1.pdb.gz	-72.7499	STRICT_A	CANDIDATE_NODE1GEN_183154_source_fixed_pose_mpnn_source_id_P500K__FIXED_POSE_MPNN__E25C2338B83B903C_9e6y_s917_bc78cf6dd30d	AT
9	NODE1GEN_183154_source_fixed_pose_mpnn_source_id_P500K__FIXED_POSE_MPNN__E25C2338B83B903C	generated_top3000	fixed_pose_mpnn	8x6b	1931	SUCCESS	cluster_1_model_1.pdb.gz	/data/qlyu/projects/pvrig_top7500_dualpanel_screen_v1_20260724/run/qc397_top20_plus_top10_fusion_developability_v2_20260726/fusion_panel_common4_bundle/representative_complexes/R09__NODE1GEN_183154_source_fixed_pose_mpnn_source_id_P500K__FIXED_POSE_MPNN__E25C2338B83B903C__8x6b__s1931.pdb	0169dcbe5601160fdbafe6463bb1c0bae1a5f035647184e743b64e2a06fe7a69	/data/qlyu/projects/pvrig_node1_generated100k_multimodal_top5000_4seed_docking_results_v2_20260724/compressed_queue/CANDIDATE_NODE1GEN_183154_source_fixed_pose_mpnn_source_id_P500K__FIXED_POSE_MPNN__E25C2338B83B903C_8x6b_s1931_12e7ea23af9b.tar.gz	runs/CANDIDATE_NODE1GEN_183154_source_fixed_pose_mpnn_source_id_P500K__FIXED_POSE_MPNN__E25C2338B83B903C_8x6b_s1931_12e7ea23af9b/haddock_run/6_seletopclusts/cluster_1_model_1.pdb.gz	-76.2954	STRICT_A	CANDIDATE_NODE1GEN_183154_source_fixed_pose_mpnn_source_id_P500K__FIXED_POSE_MPNN__E25C2338B83B903C_8x6b_s1931_12e7ea23af9b	AT
9	NODE1GEN_183154_source_fixed_pose_mpnn_source_id_P500K__FIXED_POSE_MPNN__E25C2338B83B903C	generated_top3000	fixed_pose_mpnn	9e6y	1931	SUCCESS	cluster_1_model_1.pdb.gz	/data/qlyu/projects/pvrig_top7500_dualpanel_screen_v1_20260724/run/qc397_top20_plus_top10_fusion_developability_v2_20260726/fusion_panel_common4_bundle/representative_complexes/R09__NODE1GEN_183154_source_fixed_pose_mpnn_source_id_P500K__FIXED_POSE_MPNN__E25C2338B83B903C__9e6y__s1931.pdb	9171b2489826ae20de9f383af4d44a630e70d6bbdcfbcf3fe68268469b3b16e5	/data/qlyu/projects/pvrig_node1_generated100k_multimodal_top5000_4seed_docking_results_v2_20260724/compressed_queue/CANDIDATE_NODE1GEN_183154_source_fixed_pose_mpnn_source_id_P500K__FIXED_POSE_MPNN__E25C2338B83B903C_9e6y_s1931_913ba26a088c.tar.gz	runs/CANDIDATE_NODE1GEN_183154_source_fixed_pose_mpnn_source_id_P500K__FIXED_POSE_MPNN__E25C2338B83B903C_9e6y_s1931_913ba26a088c/haddock_run/6_seletopclusts/cluster_1_model_1.pdb.gz	-96.1603	STRICT_A	CANDIDATE_NODE1GEN_183154_source_fixed_pose_mpnn_source_id_P500K__FIXED_POSE_MPNN__E25C2338B83B903C_9e6y_s1931_913ba26a088c	AT
9	NODE1GEN_183154_source_fixed_pose_mpnn_source_id_P500K__FIXED_POSE_MPNN__E25C2338B83B903C	generated_top3000	fixed_pose_mpnn	8x6b	3047	SUCCESS	cluster_1_model_1.pdb.gz	/data/qlyu/projects/pvrig_top7500_dualpanel_screen_v1_20260724/run/qc397_top20_plus_top10_fusion_developability_v2_20260726/fusion_panel_common4_bundle/representative_complexes/R09__NODE1GEN_183154_source_fixed_pose_mpnn_source_id_P500K__FIXED_POSE_MPNN__E25C2338B83B903C__8x6b__s3047.pdb	08da048558b96b6b83205323b1708734991a20d113e0436b810f61bce082433d	/data/qlyu/projects/pvrig_node1_generated100k_multimodal_top5000_4seed_docking_results_v2_20260724/compressed_queue/CANDIDATE_NODE1GEN_183154_source_fixed_pose_mpnn_source_id_P500K__FIXED_POSE_MPNN__E25C2338B83B903C_8x6b_s3047_fc3a5f829b75.tar.gz	runs/CANDIDATE_NODE1GEN_183154_source_fixed_pose_mpnn_source_id_P500K__FIXED_POSE_MPNN__E25C2338B83B903C_8x6b_s3047_fc3a5f829b75/haddock_run/6_seletopclusts/cluster_1_model_1.pdb.gz	-86.09499	STRICT_A	CANDIDATE_NODE1GEN_183154_source_fixed_pose_mpnn_source_id_P500K__FIXED_POSE_MPNN__E25C2338B83B903C_8x6b_s3047_fc3a5f829b75	AT
9	NODE1GEN_183154_source_fixed_pose_mpnn_source_id_P500K__FIXED_POSE_MPNN__E25C2338B83B903C	generated_top3000	fixed_pose_mpnn	9e6y	3047	SUCCESS	cluster_1_model_1.pdb.gz	/data/qlyu/projects/pvrig_top7500_dualpanel_screen_v1_20260724/run/qc397_top20_plus_top10_fusion_developability_v2_20260726/fusion_panel_common4_bundle/representative_complexes/R09__NODE1GEN_183154_source_fixed_pose_mpnn_source_id_P500K__FIXED_POSE_MPNN__E25C2338B83B903C__9e6y__s3047.pdb	3185b2d274bb36a130ed4f6ce2914e13e5177805b879e5a70bda3d3fcc753fd9	/data/qlyu/projects/pvrig_node1_generated100k_multimodal_top5000_4seed_docking_results_v2_20260724/compressed_queue/CANDIDATE_NODE1GEN_183154_source_fixed_pose_mpnn_source_id_P500K__FIXED_POSE_MPNN__E25C2338B83B903C_9e6y_s3047_2e0be54dd31c.tar.gz	runs/CANDIDATE_NODE1GEN_183154_source_fixed_pose_mpnn_source_id_P500K__FIXED_POSE_MPNN__E25C2338B83B903C_9e6y_s3047_2e0be54dd31c/haddock_run/6_seletopclusts/cluster_1_model_1.pdb.gz	-89.3342	STRICT_A	CANDIDATE_NODE1GEN_183154_source_fixed_pose_mpnn_source_id_P500K__FIXED_POSE_MPNN__E25C2338B83B903C_9e6y_s3047_2e0be54dd31c	AT
10	P1MCPUFP__CPUFP500K_0188__00282	existing_old_new7500_top200	c2_four_seed	8x6b	42	SUCCESS	cluster_1_model_1.pdb.gz	/data/qlyu/projects/pvrig_top7500_dualpanel_screen_v1_20260724/run/qc397_top20_plus_top10_fusion_developability_v2_20260726/fusion_panel_common4_bundle/representative_complexes/R10__P1MCPUFP__CPUFP500K_0188__00282__8x6b__s42.pdb	9309172074a3690189562f928102a465988eaba7a27a591ea8a00b5c6fea02a4	/data1/qlyu/projects/pvrig_c2_new4220_seed42_3047_docking_results_v1_20260723/c2_new4220_seed42_3047/compressed_queue/CANDIDATE_P1MCPUFP__CPUFP500K_0188__00282_8x6b_s42_31e5608800d0.tar.gz	runs/CANDIDATE_P1MCPUFP__CPUFP500K_0188__00282_8x6b_s42_31e5608800d0/haddock_run/6_seletopclusts/cluster_1_model_1.pdb.gz	-75.65780000000001	STRICT_A	CANDIDATE_P1MCPUFP__CPUFP500K_0188__00282_8x6b_s42_31e5608800d0	AT
10	P1MCPUFP__CPUFP500K_0188__00282	existing_old_new7500_top200	c2_four_seed	9e6y	42	SUCCESS	cluster_1_model_1.pdb.gz	/data/qlyu/projects/pvrig_top7500_dualpanel_screen_v1_20260724/run/qc397_top20_plus_top10_fusion_developability_v2_20260726/fusion_panel_common4_bundle/representative_complexes/R10__P1MCPUFP__CPUFP500K_0188__00282__9e6y__s42.pdb	30d6b0ef78126100f5a6cfec57615f30e0a282278fbff91547a2dd548f198ab2	/data1/qlyu/projects/pvrig_c2_new4220_seed42_3047_docking_results_v1_20260723/c2_new4220_seed42_3047/compressed_queue/CANDIDATE_P1MCPUFP__CPUFP500K_0188__00282_9e6y_s42_2945b0478911.tar.gz	runs/CANDIDATE_P1MCPUFP__CPUFP500K_0188__00282_9e6y_s42_2945b0478911/haddock_run/6_seletopclusts/cluster_1_model_1.pdb.gz	-82.1524	STRICT_A	CANDIDATE_P1MCPUFP__CPUFP500K_0188__00282_9e6y_s42_2945b0478911	AT
10	P1MCPUFP__CPUFP500K_0188__00282	existing_old_new7500_top200	c2_four_seed	8x6b	917	SUCCESS	cluster_1_model_1.pdb.gz	/data/qlyu/projects/pvrig_top7500_dualpanel_screen_v1_20260724/run/qc397_top20_plus_top10_fusion_developability_v2_20260726/fusion_panel_common4_bundle/representative_complexes/R10__P1MCPUFP__CPUFP500K_0188__00282__8x6b__s917.pdb	1602e3de8347dbd0b1e04c2558bb4d39cec9d9b6511db11a59e409cb5f018056	/data1/qlyu/projects/pvrig_c2_new6220_dualreceptor_2seed_docking_results_v1_20260723/c2_new4220/compressed_queue/CANDIDATE_P1MCPUFP__CPUFP500K_0188__00282_8x6b_s917_0ae50f6e74b7.tar.gz	runs/CANDIDATE_P1MCPUFP__CPUFP500K_0188__00282_8x6b_s917_0ae50f6e74b7/haddock_run/6_seletopclusts/cluster_1_model_1.pdb.gz	-96.7813	STRICT_A	CANDIDATE_P1MCPUFP__CPUFP500K_0188__00282_8x6b_s917_0ae50f6e74b7	AT
10	P1MCPUFP__CPUFP500K_0188__00282	existing_old_new7500_top200	c2_four_seed	9e6y	917	SUCCESS	cluster_1_model_1.pdb.gz	/data/qlyu/projects/pvrig_top7500_dualpanel_screen_v1_20260724/run/qc397_top20_plus_top10_fusion_developability_v2_20260726/fusion_panel_common4_bundle/representative_complexes/R10__P1MCPUFP__CPUFP500K_0188__00282__9e6y__s917.pdb	38886d3e8801a023ee1c5458f6930fbf9600eb0bf89ded7cd87b7eeb804967d6	/data1/qlyu/projects/pvrig_c2_new6220_dualreceptor_2seed_docking_results_v1_20260723/c2_new4220/compressed_queue/CANDIDATE_P1MCPUFP__CPUFP500K_0188__00282_9e6y_s917_b0decbd03586.tar.gz	runs/CANDIDATE_P1MCPUFP__CPUFP500K_0188__00282_9e6y_s917_b0decbd03586/haddock_run/6_seletopclusts/cluster_1_model_1.pdb.gz	-96.3777	STRICT_A	CANDIDATE_P1MCPUFP__CPUFP500K_0188__00282_9e6y_s917_b0decbd03586	AT
10	P1MCPUFP__CPUFP500K_0188__00282	existing_old_new7500_top200	c2_four_seed	8x6b	1931	SUCCESS	cluster_1_model_1.pdb.gz	/data/qlyu/projects/pvrig_top7500_dualpanel_screen_v1_20260724/run/qc397_top20_plus_top10_fusion_developability_v2_20260726/fusion_panel_common4_bundle/representative_complexes/R10__P1MCPUFP__CPUFP500K_0188__00282__8x6b__s1931.pdb	935e27d433669b24d8130055675cf99a188d79271fb99dfe3e2937aa7b9c8a30	/data1/qlyu/projects/pvrig_c2_new6220_dualreceptor_2seed_docking_results_v1_20260723/c2_new4220/compressed_queue/CANDIDATE_P1MCPUFP__CPUFP500K_0188__00282_8x6b_s1931_c85c1ff2ca38.tar.gz	runs/CANDIDATE_P1MCPUFP__CPUFP500K_0188__00282_8x6b_s1931_c85c1ff2ca38/haddock_run/6_seletopclusts/cluster_1_model_1.pdb.gz	-70.43739999999998	STRICT_A	CANDIDATE_P1MCPUFP__CPUFP500K_0188__00282_8x6b_s1931_c85c1ff2ca38	AT
10	P1MCPUFP__CPUFP500K_0188__00282	existing_old_new7500_top200	c2_four_seed	9e6y	1931	SUCCESS	cluster_1_model_1.pdb.gz	/data/qlyu/projects/pvrig_top7500_dualpanel_screen_v1_20260724/run/qc397_top20_plus_top10_fusion_developability_v2_20260726/fusion_panel_common4_bundle/representative_complexes/R10__P1MCPUFP__CPUFP500K_0188__00282__9e6y__s1931.pdb	157f914e422444a26b966d0f01b3696a7d74adbdb1cbaacc6643e742d334e991	/data1/qlyu/projects/pvrig_c2_new6220_dualreceptor_2seed_docking_results_v1_20260723/c2_new4220/compressed_queue/CANDIDATE_P1MCPUFP__CPUFP500K_0188__00282_9e6y_s1931_2cd495ac2b46.tar.gz	runs/CANDIDATE_P1MCPUFP__CPUFP500K_0188__00282_9e6y_s1931_2cd495ac2b46/haddock_run/6_seletopclusts/cluster_1_model_1.pdb.gz	-79.34096000000001	STRICT_A	CANDIDATE_P1MCPUFP__CPUFP500K_0188__00282_9e6y_s1931_2cd495ac2b46	AT
10	P1MCPUFP__CPUFP500K_0188__00282	existing_old_new7500_top200	c2_four_seed	8x6b	3047	SUCCESS	cluster_1_model_1.pdb.gz	/data/qlyu/projects/pvrig_top7500_dualpanel_screen_v1_20260724/run/qc397_top20_plus_top10_fusion_developability_v2_20260726/fusion_panel_common4_bundle/representative_complexes/R10__P1MCPUFP__CPUFP500K_0188__00282__8x6b__s3047.pdb	728a2144edd46c6d93fa5fcd553bdcf042daf86c35bf848f66b67a16bd197da5	/data1/qlyu/projects/pvrig_c2_new4220_seed42_3047_docking_results_v1_20260723/c2_new4220_seed42_3047/compressed_queue/CANDIDATE_P1MCPUFP__CPUFP500K_0188__00282_8x6b_s3047_a82240dc6438.tar.gz	runs/CANDIDATE_P1MCPUFP__CPUFP500K_0188__00282_8x6b_s3047_a82240dc6438/haddock_run/6_seletopclusts/cluster_1_model_1.pdb.gz	-71.03817999999998	STRICT_A	CANDIDATE_P1MCPUFP__CPUFP500K_0188__00282_8x6b_s3047_a82240dc6438	AT
10	P1MCPUFP__CPUFP500K_0188__00282	existing_old_new7500_top200	c2_four_seed	9e6y	3047	SUCCESS	cluster_1_model_1.pdb.gz	/data/qlyu/projects/pvrig_top7500_dualpanel_screen_v1_20260724/run/qc397_top20_plus_top10_fusion_developability_v2_20260726/fusion_panel_common4_bundle/representative_complexes/R10__P1MCPUFP__CPUFP500K_0188__00282__9e6y__s3047.pdb	4c2dff4632fd38ec737cdf22d2a698ac4eff68d4a74a29307f4714ae35e44b2f	/data1/qlyu/projects/pvrig_c2_new4220_seed42_3047_docking_results_v1_20260723/c2_new4220_seed42_3047/compressed_queue/CANDIDATE_P1MCPUFP__CPUFP500K_0188__00282_9e6y_s3047_2efbb887fd78.tar.gz	runs/CANDIDATE_P1MCPUFP__CPUFP500K_0188__00282_9e6y_s3047_2efbb887fd78/haddock_run/6_seletopclusts/cluster_1_model_1.pdb.gz	-90.32167999999999	STRICT_A	CANDIDATE_P1MCPUFP__CPUFP500K_0188__00282_9e6y_s3047_2efbb887fd78	AT
11	NODE1GEN_191476_source_fixed_pose_mpnn_source_id_P500K__FIXED_POSE_MPNN__310934EF4B70CA47	generated_top3000	fixed_pose_mpnn	8x6b	42	SUCCESS	cluster_1_model_1.pdb.gz	/data/qlyu/projects/pvrig_top7500_dualpanel_screen_v1_20260724/run/qc397_top20_plus_top10_fusion_developability_v2_20260726/fusion_panel_common4_bundle/representative_complexes/R11__NODE1GEN_191476_source_fixed_pose_mpnn_source_id_P500K__FIXED_POSE_MPNN__310934EF4B70CA47__8x6b__s42.pdb	c2b60d2463be0b10870050587b6ce828fe1a6ae61c8fbc4da5bb5772d9f64454	/data/qlyu/projects/pvrig_node1_generated100k_multimodal_top5000_4seed_docking_results_v2_20260724/compressed_queue/CANDIDATE_NODE1GEN_191476_source_fixed_pose_mpnn_source_id_P500K__FIXED_POSE_MPNN__310934EF4B70CA47_8x6b_s42_4bf644fbcdf2.tar.gz	runs/CANDIDATE_NODE1GEN_191476_source_fixed_pose_mpnn_source_id_P500K__FIXED_POSE_MPNN__310934EF4B70CA47_8x6b_s42_4bf644fbcdf2/haddock_run/6_seletopclusts/cluster_1_model_1.pdb.gz	-73.5986	STRICT_A	CANDIDATE_NODE1GEN_191476_source_fixed_pose_mpnn_source_id_P500K__FIXED_POSE_MPNN__310934EF4B70CA47_8x6b_s42_4bf644fbcdf2	AT
11	NODE1GEN_191476_source_fixed_pose_mpnn_source_id_P500K__FIXED_POSE_MPNN__310934EF4B70CA47	generated_top3000	fixed_pose_mpnn	9e6y	42	SUCCESS	cluster_1_model_1.pdb.gz	/data/qlyu/projects/pvrig_top7500_dualpanel_screen_v1_20260724/run/qc397_top20_plus_top10_fusion_developability_v2_20260726/fusion_panel_common4_bundle/representative_complexes/R11__NODE1GEN_191476_source_fixed_pose_mpnn_source_id_P500K__FIXED_POSE_MPNN__310934EF4B70CA47__9e6y__s42.pdb	6448d331e19fe896fb25b809659e252fe07bf24eddb663f04511e794e9c48764	/data/qlyu/projects/pvrig_node1_generated100k_multimodal_top5000_4seed_docking_results_v2_20260724/compressed_queue/CANDIDATE_NODE1GEN_191476_source_fixed_pose_mpnn_source_id_P500K__FIXED_POSE_MPNN__310934EF4B70CA47_9e6y_s42_f55b61862750.tar.gz	runs/CANDIDATE_NODE1GEN_191476_source_fixed_pose_mpnn_source_id_P500K__FIXED_POSE_MPNN__310934EF4B70CA47_9e6y_s42_f55b61862750/haddock_run/6_seletopclusts/cluster_1_model_1.pdb.gz	-83.06279999999998	STRICT_A	CANDIDATE_NODE1GEN_191476_source_fixed_pose_mpnn_source_id_P500K__FIXED_POSE_MPNN__310934EF4B70CA47_9e6y_s42_f55b61862750	AT
11	NODE1GEN_191476_source_fixed_pose_mpnn_source_id_P500K__FIXED_POSE_MPNN__310934EF4B70CA47	generated_top3000	fixed_pose_mpnn	8x6b	917	SUCCESS	cluster_1_model_1.pdb.gz	/data/qlyu/projects/pvrig_top7500_dualpanel_screen_v1_20260724/run/qc397_top20_plus_top10_fusion_developability_v2_20260726/fusion_panel_common4_bundle/representative_complexes/R11__NODE1GEN_191476_source_fixed_pose_mpnn_source_id_P500K__FIXED_POSE_MPNN__310934EF4B70CA47__8x6b__s917.pdb	3940890e1c63f3a139091389ed8caf5e5d5bd0d31627e3e70155ff981779be0d	/data/qlyu/projects/pvrig_node1_generated100k_multimodal_top5000_4seed_docking_results_v2_20260724/compressed_queue/CANDIDATE_NODE1GEN_191476_source_fixed_pose_mpnn_source_id_P500K__FIXED_POSE_MPNN__310934EF4B70CA47_8x6b_s917_bf36150a4764.tar.gz	runs/CANDIDATE_NODE1GEN_191476_source_fixed_pose_mpnn_source_id_P500K__FIXED_POSE_MPNN__310934EF4B70CA47_8x6b_s917_bf36150a4764/haddock_run/6_seletopclusts/cluster_1_model_1.pdb.gz	-69.2074	STRICT_A	CANDIDATE_NODE1GEN_191476_source_fixed_pose_mpnn_source_id_P500K__FIXED_POSE_MPNN__310934EF4B70CA47_8x6b_s917_bf36150a4764	AT
11	NODE1GEN_191476_source_fixed_pose_mpnn_source_id_P500K__FIXED_POSE_MPNN__310934EF4B70CA47	generated_top3000	fixed_pose_mpnn	9e6y	917	SUCCESS	cluster_1_model_1.pdb.gz	/data/qlyu/projects/pvrig_top7500_dualpanel_screen_v1_20260724/run/qc397_top20_plus_top10_fusion_developability_v2_20260726/fusion_panel_common4_bundle/representative_complexes/R11__NODE1GEN_191476_source_fixed_pose_mpnn_source_id_P500K__FIXED_POSE_MPNN__310934EF4B70CA47__9e6y__s917.pdb	b159fd50c1d1792de9141463e7123b189383efbd5d724de094095798afd3f483	/data/qlyu/projects/pvrig_node1_generated100k_multimodal_top5000_4seed_docking_results_v2_20260724/compressed_queue/CANDIDATE_NODE1GEN_191476_source_fixed_pose_mpnn_source_id_P500K__FIXED_POSE_MPNN__310934EF4B70CA47_9e6y_s917_bcdb76bad778.tar.gz	runs/CANDIDATE_NODE1GEN_191476_source_fixed_pose_mpnn_source_id_P500K__FIXED_POSE_MPNN__310934EF4B70CA47_9e6y_s917_bcdb76bad778/haddock_run/6_seletopclusts/cluster_1_model_1.pdb.gz	-83.1669	STRICT_A	CANDIDATE_NODE1GEN_191476_source_fixed_pose_mpnn_source_id_P500K__FIXED_POSE_MPNN__310934EF4B70CA47_9e6y_s917_bcdb76bad778	AT
11	NODE1GEN_191476_source_fixed_pose_mpnn_source_id_P500K__FIXED_POSE_MPNN__310934EF4B70CA47	generated_top3000	fixed_pose_mpnn	8x6b	1931	SUCCESS	cluster_1_model_1.pdb.gz	/data/qlyu/projects/pvrig_top7500_dualpanel_screen_v1_20260724/run/qc397_top20_plus_top10_fusion_developability_v2_20260726/fusion_panel_common4_bundle/representative_complexes/R11__NODE1GEN_191476_source_fixed_pose_mpnn_source_id_P500K__FIXED_POSE_MPNN__310934EF4B70CA47__8x6b__s1931.pdb	a54448bdd33ac99938906f4eab1ca8c34dfd9d03ca06cdfef5ac60038c8a5711	/data/qlyu/projects/pvrig_node1_generated100k_multimodal_top5000_4seed_docking_results_v2_20260724/compressed_queue/CANDIDATE_NODE1GEN_191476_source_fixed_pose_mpnn_source_id_P500K__FIXED_POSE_MPNN__310934EF4B70CA47_8x6b_s1931_193306bad538.tar.gz	runs/CANDIDATE_NODE1GEN_191476_source_fixed_pose_mpnn_source_id_P500K__FIXED_POSE_MPNN__310934EF4B70CA47_8x6b_s1931_193306bad538/haddock_run/6_seletopclusts/cluster_1_model_1.pdb.gz	-84.7062	STRICT_A	CANDIDATE_NODE1GEN_191476_source_fixed_pose_mpnn_source_id_P500K__FIXED_POSE_MPNN__310934EF4B70CA47_8x6b_s1931_193306bad538	AT
11	NODE1GEN_191476_source_fixed_pose_mpnn_source_id_P500K__FIXED_POSE_MPNN__310934EF4B70CA47	generated_top3000	fixed_pose_mpnn	9e6y	1931	SUCCESS	cluster_1_model_1.pdb.gz	/data/qlyu/projects/pvrig_top7500_dualpanel_screen_v1_20260724/run/qc397_top20_plus_top10_fusion_developability_v2_20260726/fusion_panel_common4_bundle/representative_complexes/R11__NODE1GEN_191476_source_fixed_pose_mpnn_source_id_P500K__FIXED_POSE_MPNN__310934EF4B70CA47__9e6y__s1931.pdb	702fe37362a1e8966496f6f41b3ae6284618a7ff097270b1eb66ae34775db61f	/data/qlyu/projects/pvrig_node1_generated100k_multimodal_top5000_4seed_docking_results_v2_20260724/compressed_queue/CANDIDATE_NODE1GEN_191476_source_fixed_pose_mpnn_source_id_P500K__FIXED_POSE_MPNN__310934EF4B70CA47_9e6y_s1931_65c6a6d38bf7.tar.gz	runs/CANDIDATE_NODE1GEN_191476_source_fixed_pose_mpnn_source_id_P500K__FIXED_POSE_MPNN__310934EF4B70CA47_9e6y_s1931_65c6a6d38bf7/haddock_run/6_seletopclusts/cluster_1_model_1.pdb.gz	-70.04490000000001	STRICT_A	CANDIDATE_NODE1GEN_191476_source_fixed_pose_mpnn_source_id_P500K__FIXED_POSE_MPNN__310934EF4B70CA47_9e6y_s1931_65c6a6d38bf7	AT
11	NODE1GEN_191476_source_fixed_pose_mpnn_source_id_P500K__FIXED_POSE_MPNN__310934EF4B70CA47	generated_top3000	fixed_pose_mpnn	8x6b	3047	SUCCESS	cluster_1_model_1.pdb.gz	/data/qlyu/projects/pvrig_top7500_dualpanel_screen_v1_20260724/run/qc397_top20_plus_top10_fusion_developability_v2_20260726/fusion_panel_common4_bundle/representative_complexes/R11__NODE1GEN_191476_source_fixed_pose_mpnn_source_id_P500K__FIXED_POSE_MPNN__310934EF4B70CA47__8x6b__s3047.pdb	8da42ca566506ce34a3cdcbb05431e58a6b83443c583f374335528ba10e23991	/data/qlyu/projects/pvrig_node1_generated100k_multimodal_top5000_4seed_docking_results_v2_20260724/compressed_queue/CANDIDATE_NODE1GEN_191476_source_fixed_pose_mpnn_source_id_P500K__FIXED_POSE_MPNN__310934EF4B70CA47_8x6b_s3047_82ff7926853a.tar.gz	runs/CANDIDATE_NODE1GEN_191476_source_fixed_pose_mpnn_source_id_P500K__FIXED_POSE_MPNN__310934EF4B70CA47_8x6b_s3047_82ff7926853a/haddock_run/6_seletopclusts/cluster_1_model_1.pdb.gz	-76.3398	STRICT_A	CANDIDATE_NODE1GEN_191476_source_fixed_pose_mpnn_source_id_P500K__FIXED_POSE_MPNN__310934EF4B70CA47_8x6b_s3047_82ff7926853a	AT
11	NODE1GEN_191476_source_fixed_pose_mpnn_source_id_P500K__FIXED_POSE_MPNN__310934EF4B70CA47	generated_top3000	fixed_pose_mpnn	9e6y	3047	SUCCESS	cluster_1_model_1.pdb.gz	/data/qlyu/projects/pvrig_top7500_dualpanel_screen_v1_20260724/run/qc397_top20_plus_top10_fusion_developability_v2_20260726/fusion_panel_common4_bundle/representative_complexes/R11__NODE1GEN_191476_source_fixed_pose_mpnn_source_id_P500K__FIXED_POSE_MPNN__310934EF4B70CA47__9e6y__s3047.pdb	c095a6ffab5821bd7e57e63dab1af841ed5c1bd43d872dfbb07277abd7a0f6c6	/data/qlyu/projects/pvrig_node1_generated100k_multimodal_top5000_4seed_docking_results_v2_20260724/compressed_queue/CANDIDATE_NODE1GEN_191476_source_fixed_pose_mpnn_source_id_P500K__FIXED_POSE_MPNN__310934EF4B70CA47_9e6y_s3047_bff3d65b06f5.tar.gz	runs/CANDIDATE_NODE1GEN_191476_source_fixed_pose_mpnn_source_id_P500K__FIXED_POSE_MPNN__310934EF4B70CA47_9e6y_s3047_bff3d65b06f5/haddock_run/6_seletopclusts/cluster_1_model_1.pdb.gz	-67.70439999999999	STRICT_A	CANDIDATE_NODE1GEN_191476_source_fixed_pose_mpnn_source_id_P500K__FIXED_POSE_MPNN__310934EF4B70CA47_9e6y_s3047_bff3d65b06f5	AT
12	P1MCPUFP__CPUFP500K_0090__00532	existing_old_new7500_top200	old_top7500	8x6b	42	SUCCESS	cluster_1_model_1.pdb.gz	/data/qlyu/projects/pvrig_top7500_dualpanel_screen_v1_20260724/run/qc397_top20_plus_top10_fusion_developability_v2_20260726/fusion_panel_common4_bundle/representative_complexes/R12__P1MCPUFP__CPUFP500K_0090__00532__8x6b__s42.pdb	d9144147118eecc25eedb0f461fad253278605fd68cf88b2ba77152fb9304123	/data1/qlyu/projects/pvrig_top200_common4_seed_completion106_docking_results_v1_20260725/top200_seed_completion/compressed_queue/CANDIDATE_P1MCPUFP__CPUFP500K_0090__00532_8x6b_s42_3cb7fd9764fc.tar.gz	runs/CANDIDATE_P1MCPUFP__CPUFP500K_0090__00532_8x6b_s42_3cb7fd9764fc/haddock_run/6_seletopclusts/cluster_1_model_1.pdb.gz	-90.1088	STRICT_A	CANDIDATE_P1MCPUFP__CPUFP500K_0090__00532_8x6b_s42_3cb7fd9764fc	AT
12	P1MCPUFP__CPUFP500K_0090__00532	existing_old_new7500_top200	old_top7500	9e6y	42	SUCCESS	cluster_1_model_1.pdb.gz	/data/qlyu/projects/pvrig_top7500_dualpanel_screen_v1_20260724/run/qc397_top20_plus_top10_fusion_developability_v2_20260726/fusion_panel_common4_bundle/representative_complexes/R12__P1MCPUFP__CPUFP500K_0090__00532__9e6y__s42.pdb	57306eda0e4dc2411af663743a6e9530cb4052cd1e648de37d1d6f725b04bd3d	/data1/qlyu/projects/pvrig_top200_common4_seed_completion106_docking_results_v1_20260725/top200_seed_completion/compressed_queue/CANDIDATE_P1MCPUFP__CPUFP500K_0090__00532_9e6y_s42_e0fddef7a0f6.tar.gz	runs/CANDIDATE_P1MCPUFP__CPUFP500K_0090__00532_9e6y_s42_e0fddef7a0f6/haddock_run/6_seletopclusts/cluster_1_model_1.pdb.gz	-73.5737	STRICT_A	CANDIDATE_P1MCPUFP__CPUFP500K_0090__00532_9e6y_s42_e0fddef7a0f6	AT
12	P1MCPUFP__CPUFP500K_0090__00532	existing_old_new7500_top200	old_top7500	8x6b	917	SUCCESS	cluster_1_model_1.pdb.gz	/data/qlyu/projects/pvrig_top7500_dualpanel_screen_v1_20260724/run/qc397_top20_plus_top10_fusion_developability_v2_20260726/fusion_panel_common4_bundle/representative_complexes/R12__P1MCPUFP__CPUFP500K_0090__00532__8x6b__s917.pdb	f9b3f8bf630f62c26037cfd355385bb5f6737c8dfaeafc3799ce43d303d2dcee	/data1/qlyu/projects/pvrig_priority_top7500_dualreceptor_multiseed_docking_results_v1_20260722/top7500_25k/compressed_queue/CANDIDATE_P1MCPUFP__CPUFP500K_0090__00532_8x6b_s917_1184e127de62.tar.gz	runs/CANDIDATE_P1MCPUFP__CPUFP500K_0090__00532_8x6b_s917_1184e127de62/haddock_run/6_seletopclusts/cluster_1_model_1.pdb.gz	-66.89945999999999	STRICT_A	CANDIDATE_P1MCPUFP__CPUFP500K_0090__00532_8x6b_s917_1184e127de62	AT
12	P1MCPUFP__CPUFP500K_0090__00532	existing_old_new7500_top200	old_top7500	9e6y	917	SUCCESS	cluster_1_model_1.pdb.gz	/data/qlyu/projects/pvrig_top7500_dualpanel_screen_v1_20260724/run/qc397_top20_plus_top10_fusion_developability_v2_20260726/fusion_panel_common4_bundle/representative_complexes/R12__P1MCPUFP__CPUFP500K_0090__00532__9e6y__s917.pdb	e438ecb76d3a56d557fef57af3287bf5bbee0708ca7eec355c8563673533e1dc	/data1/qlyu/projects/pvrig_priority_top7500_dualreceptor_multiseed_docking_results_v1_20260722/top7500_25k/compressed_queue/CANDIDATE_P1MCPUFP__CPUFP500K_0090__00532_9e6y_s917_300001e7a2b3.tar.gz	runs/CANDIDATE_P1MCPUFP__CPUFP500K_0090__00532_9e6y_s917_300001e7a2b3/haddock_run/6_seletopclusts/cluster_1_model_1.pdb.gz	-56.7583	STRICT_A	CANDIDATE_P1MCPUFP__CPUFP500K_0090__00532_9e6y_s917_300001e7a2b3	AT
12	P1MCPUFP__CPUFP500K_0090__00532	existing_old_new7500_top200	old_top7500	8x6b	1931	SUCCESS	cluster_1_model_1.pdb.gz	/data/qlyu/projects/pvrig_top7500_dualpanel_screen_v1_20260724/run/qc397_top20_plus_top10_fusion_developability_v2_20260726/fusion_panel_common4_bundle/representative_complexes/R12__P1MCPUFP__CPUFP500K_0090__00532__8x6b__s1931.pdb	2f2bfc18df4c8fe9988f81d1f283ed2cb7acdab1da9448c6ee7f82cf0d7ce342	/data1/qlyu/projects/pvrig_priority_top7500_dualreceptor_multiseed_docking_results_v1_20260722/top7500_25k/compressed_queue/CANDIDATE_P1MCPUFP__CPUFP500K_0090__00532_8x6b_s1931_cf77c60f20e6.tar.gz	runs/CANDIDATE_P1MCPUFP__CPUFP500K_0090__00532_8x6b_s1931_cf77c60f20e6/haddock_run/6_seletopclusts/cluster_1_model_1.pdb.gz	-67.82839999999999	STRICT_A	CANDIDATE_P1MCPUFP__CPUFP500K_0090__00532_8x6b_s1931_cf77c60f20e6	AT
12	P1MCPUFP__CPUFP500K_0090__00532	existing_old_new7500_top200	old_top7500	9e6y	1931	SUCCESS	cluster_1_model_1.pdb.gz	/data/qlyu/projects/pvrig_top7500_dualpanel_screen_v1_20260724/run/qc397_top20_plus_top10_fusion_developability_v2_20260726/fusion_panel_common4_bundle/representative_complexes/R12__P1MCPUFP__CPUFP500K_0090__00532__9e6y__s1931.pdb	9975b696322b964daedf10d5420200edc2d362bf60ad3c24babc9275f84bdb56	/data1/qlyu/projects/pvrig_priority_top7500_dualreceptor_multiseed_docking_results_v1_20260722/top7500_25k/compressed_queue/CANDIDATE_P1MCPUFP__CPUFP500K_0090__00532_9e6y_s1931_979c34880b94.tar.gz	runs/CANDIDATE_P1MCPUFP__CPUFP500K_0090__00532_9e6y_s1931_979c34880b94/haddock_run/6_seletopclusts/cluster_1_model_1.pdb.gz	-66.458	STRICT_A	CANDIDATE_P1MCPUFP__CPUFP500K_0090__00532_9e6y_s1931_979c34880b94	AT
12	P1MCPUFP__CPUFP500K_0090__00532	existing_old_new7500_top200	old_top7500	8x6b	3047	SUCCESS	cluster_1_model_1.pdb.gz	/data/qlyu/projects/pvrig_top7500_dualpanel_screen_v1_20260724/run/qc397_top20_plus_top10_fusion_developability_v2_20260726/fusion_panel_common4_bundle/representative_complexes/R12__P1MCPUFP__CPUFP500K_0090__00532__8x6b__s3047.pdb	bba079834eff929a4f3e0a44a160cadd6d8bcf657746b3730b4b26bc954cb32d	/data1/qlyu/projects/pvrig_top200_common4_seed_completion106_docking_results_v1_20260725/top200_seed_completion/compressed_queue/CANDIDATE_P1MCPUFP__CPUFP500K_0090__00532_8x6b_s3047_b6d1a1b4efc3.tar.gz	runs/CANDIDATE_P1MCPUFP__CPUFP500K_0090__00532_8x6b_s3047_b6d1a1b4efc3/haddock_run/6_seletopclusts/cluster_1_model_1.pdb.gz	-85.3734	STRICT_A	CANDIDATE_P1MCPUFP__CPUFP500K_0090__00532_8x6b_s3047_b6d1a1b4efc3	AT
12	P1MCPUFP__CPUFP500K_0090__00532	existing_old_new7500_top200	old_top7500	9e6y	3047	SUCCESS	cluster_1_model_1.pdb.gz	/data/qlyu/projects/pvrig_top7500_dualpanel_screen_v1_20260724/run/qc397_top20_plus_top10_fusion_developability_v2_20260726/fusion_panel_common4_bundle/representative_complexes/R12__P1MCPUFP__CPUFP500K_0090__00532__9e6y__s3047.pdb	ab47fb0bf6a0df06d4f5d9579453934a83f5b6ebde0ddce1b0109aac3c6968f6	/data1/qlyu/projects/pvrig_top200_common4_seed_completion106_docking_results_v1_20260725/top200_seed_completion/compressed_queue/CANDIDATE_P1MCPUFP__CPUFP500K_0090__00532_9e6y_s3047_89a1686fc205.tar.gz	runs/CANDIDATE_P1MCPUFP__CPUFP500K_0090__00532_9e6y_s3047_89a1686fc205/haddock_run/6_seletopclusts/cluster_1_model_1.pdb.gz	-65.05493999999999	STRICT_A	CANDIDATE_P1MCPUFP__CPUFP500K_0090__00532_9e6y_s3047_89a1686fc205	AT
13	NODE1GEN_177961_source_fixed_pose_mpnn_source_id_P500K__FIXED_POSE_MPNN__8431DA62B813A913	generated_top3000	fixed_pose_mpnn	8x6b	42	SUCCESS	cluster_1_model_1.pdb.gz	/data/qlyu/projects/pvrig_top7500_dualpanel_screen_v1_20260724/run/qc397_top20_plus_top10_fusion_developability_v2_20260726/fusion_panel_common4_bundle/representative_complexes/R13__NODE1GEN_177961_source_fixed_pose_mpnn_source_id_P500K__FIXED_POSE_MPNN__8431DA62B813A913__8x6b__s42.pdb	36d19b0e17477cffad8adb60479117157294d5d19e51fbf2b85b97b2fdc6e696	/data/qlyu/projects/pvrig_node1_generated100k_multimodal_top5000_4seed_docking_results_v2_20260724/compressed_queue/CANDIDATE_NODE1GEN_177961_source_fixed_pose_mpnn_source_id_P500K__FIXED_POSE_MPNN__8431DA62B813A913_8x6b_s42_34402eecd2d9.tar.gz	runs/CANDIDATE_NODE1GEN_177961_source_fixed_pose_mpnn_source_id_P500K__FIXED_POSE_MPNN__8431DA62B813A913_8x6b_s42_34402eecd2d9/haddock_run/6_seletopclusts/cluster_1_model_1.pdb.gz	-79.0273	STRICT_A	CANDIDATE_NODE1GEN_177961_source_fixed_pose_mpnn_source_id_P500K__FIXED_POSE_MPNN__8431DA62B813A913_8x6b_s42_34402eecd2d9	AT
13	NODE1GEN_177961_source_fixed_pose_mpnn_source_id_P500K__FIXED_POSE_MPNN__8431DA62B813A913	generated_top3000	fixed_pose_mpnn	9e6y	42	SUCCESS	cluster_1_model_1.pdb.gz	/data/qlyu/projects/pvrig_top7500_dualpanel_screen_v1_20260724/run/qc397_top20_plus_top10_fusion_developability_v2_20260726/fusion_panel_common4_bundle/representative_complexes/R13__NODE1GEN_177961_source_fixed_pose_mpnn_source_id_P500K__FIXED_POSE_MPNN__8431DA62B813A913__9e6y__s42.pdb	02cf68a1b2e70e5fed33a94b9e64b510409db8bb12d57574b00d3a39bb118ce2	/data/qlyu/projects/pvrig_node1_generated100k_multimodal_top5000_4seed_docking_results_v2_20260724/compressed_queue/CANDIDATE_NODE1GEN_177961_source_fixed_pose_mpnn_source_id_P500K__FIXED_POSE_MPNN__8431DA62B813A913_9e6y_s42_a69daea940ff.tar.gz	runs/CANDIDATE_NODE1GEN_177961_source_fixed_pose_mpnn_source_id_P500K__FIXED_POSE_MPNN__8431DA62B813A913_9e6y_s42_a69daea940ff/haddock_run/6_seletopclusts/cluster_1_model_1.pdb.gz	-82.57539999999999	STRICT_A	CANDIDATE_NODE1GEN_177961_source_fixed_pose_mpnn_source_id_P500K__FIXED_POSE_MPNN__8431DA62B813A913_9e6y_s42_a69daea940ff	AT
13	NODE1GEN_177961_source_fixed_pose_mpnn_source_id_P500K__FIXED_POSE_MPNN__8431DA62B813A913	generated_top3000	fixed_pose_mpnn	8x6b	917	SUCCESS	cluster_1_model_1.pdb.gz	/data/qlyu/projects/pvrig_top7500_dualpanel_screen_v1_20260724/run/qc397_top20_plus_top10_fusion_developability_v2_20260726/fusion_panel_common4_bundle/representative_complexes/R13__NODE1GEN_177961_source_fixed_pose_mpnn_source_id_P500K__FIXED_POSE_MPNN__8431DA62B813A913__8x6b__s917.pdb	4518e3a20ab09dcc0b4499b1742438c88e0c9eb61230d5b127f24bb3c28c2369	/data/qlyu/projects/pvrig_node1_generated100k_multimodal_top5000_4seed_docking_results_v2_20260724/compressed_queue/CANDIDATE_NODE1GEN_177961_source_fixed_pose_mpnn_source_id_P500K__FIXED_POSE_MPNN__8431DA62B813A913_8x6b_s917_2ccbd7cfac65.tar.gz	runs/CANDIDATE_NODE1GEN_177961_source_fixed_pose_mpnn_source_id_P500K__FIXED_POSE_MPNN__8431DA62B813A913_8x6b_s917_2ccbd7cfac65/haddock_run/6_seletopclusts/cluster_1_model_1.pdb.gz	-71.64900000000002	STRICT_A	CANDIDATE_NODE1GEN_177961_source_fixed_pose_mpnn_source_id_P500K__FIXED_POSE_MPNN__8431DA62B813A913_8x6b_s917_2ccbd7cfac65	AT
13	NODE1GEN_177961_source_fixed_pose_mpnn_source_id_P500K__FIXED_POSE_MPNN__8431DA62B813A913	generated_top3000	fixed_pose_mpnn	9e6y	917	SUCCESS	cluster_1_model_1.pdb.gz	/data/qlyu/projects/pvrig_top7500_dualpanel_screen_v1_20260724/run/qc397_top20_plus_top10_fusion_developability_v2_20260726/fusion_panel_common4_bundle/representative_complexes/R13__NODE1GEN_177961_source_fixed_pose_mpnn_source_id_P500K__FIXED_POSE_MPNN__8431DA62B813A913__9e6y__s917.pdb	8a60f15da99d57c1cf2ba30972961efb065014c77c64a49a5ff25abafeead36a	/data/qlyu/projects/pvrig_node1_generated100k_multimodal_top5000_4seed_docking_results_v2_20260724/compressed_queue/CANDIDATE_NODE1GEN_177961_source_fixed_pose_mpnn_source_id_P500K__FIXED_POSE_MPNN__8431DA62B813A913_9e6y_s917_d089fd67a6db.tar.gz	runs/CANDIDATE_NODE1GEN_177961_source_fixed_pose_mpnn_source_id_P500K__FIXED_POSE_MPNN__8431DA62B813A913_9e6y_s917_d089fd67a6db/haddock_run/6_seletopclusts/cluster_1_model_1.pdb.gz	-80.9031	STRICT_A	CANDIDATE_NODE1GEN_177961_source_fixed_pose_mpnn_source_id_P500K__FIXED_POSE_MPNN__8431DA62B813A913_9e6y_s917_d089fd67a6db	AT
13	NODE1GEN_177961_source_fixed_pose_mpnn_source_id_P500K__FIXED_POSE_MPNN__8431DA62B813A913	generated_top3000	fixed_pose_mpnn	8x6b	1931	SUCCESS	cluster_1_model_1.pdb.gz	/data/qlyu/projects/pvrig_top7500_dualpanel_screen_v1_20260724/run/qc397_top20_plus_top10_fusion_developability_v2_20260726/fusion_panel_common4_bundle/representative_complexes/R13__NODE1GEN_177961_source_fixed_pose_mpnn_source_id_P500K__FIXED_POSE_MPNN__8431DA62B813A913__8x6b__s1931.pdb	495c74fd040a18f186333d8974877413f79c5f557d0ed7bee1a9c7a59be709a3	/data/qlyu/projects/pvrig_node1_generated100k_multimodal_top5000_4seed_docking_results_v2_20260724/compressed_queue/CANDIDATE_NODE1GEN_177961_source_fixed_pose_mpnn_source_id_P500K__FIXED_POSE_MPNN__8431DA62B813A913_8x6b_s1931_45fd45018fb7.tar.gz	runs/CANDIDATE_NODE1GEN_177961_source_fixed_pose_mpnn_source_id_P500K__FIXED_POSE_MPNN__8431DA62B813A913_8x6b_s1931_45fd45018fb7/haddock_run/6_seletopclusts/cluster_1_model_1.pdb.gz	-92.4712	STRICT_A	CANDIDATE_NODE1GEN_177961_source_fixed_pose_mpnn_source_id_P500K__FIXED_POSE_MPNN__8431DA62B813A913_8x6b_s1931_45fd45018fb7	AT
13	NODE1GEN_177961_source_fixed_pose_mpnn_source_id_P500K__FIXED_POSE_MPNN__8431DA62B813A913	generated_top3000	fixed_pose_mpnn	9e6y	1931	SUCCESS	cluster_1_model_1.pdb.gz	/data/qlyu/projects/pvrig_top7500_dualpanel_screen_v1_20260724/run/qc397_top20_plus_top10_fusion_developability_v2_20260726/fusion_panel_common4_bundle/representative_complexes/R13__NODE1GEN_177961_source_fixed_pose_mpnn_source_id_P500K__FIXED_POSE_MPNN__8431DA62B813A913__9e6y__s1931.pdb	3ebc09f3a0723917558f07f00745c78ecf3a4aeab1b0c5e48cabfdac33cdc568	/data/qlyu/projects/pvrig_node1_generated100k_multimodal_top5000_4seed_docking_results_v2_20260724/compressed_queue/CANDIDATE_NODE1GEN_177961_source_fixed_pose_mpnn_source_id_P500K__FIXED_POSE_MPNN__8431DA62B813A913_9e6y_s1931_21dd026ea6bb.tar.gz	runs/CANDIDATE_NODE1GEN_177961_source_fixed_pose_mpnn_source_id_P500K__FIXED_POSE_MPNN__8431DA62B813A913_9e6y_s1931_21dd026ea6bb/haddock_run/6_seletopclusts/cluster_1_model_1.pdb.gz	-74.45439999999999	STRICT_A	CANDIDATE_NODE1GEN_177961_source_fixed_pose_mpnn_source_id_P500K__FIXED_POSE_MPNN__8431DA62B813A913_9e6y_s1931_21dd026ea6bb	AT
13	NODE1GEN_177961_source_fixed_pose_mpnn_source_id_P500K__FIXED_POSE_MPNN__8431DA62B813A913	generated_top3000	fixed_pose_mpnn	8x6b	3047	SUCCESS	cluster_1_model_1.pdb.gz	/data/qlyu/projects/pvrig_top7500_dualpanel_screen_v1_20260724/run/qc397_top20_plus_top10_fusion_developability_v2_20260726/fusion_panel_common4_bundle/representative_complexes/R13__NODE1GEN_177961_source_fixed_pose_mpnn_source_id_P500K__FIXED_POSE_MPNN__8431DA62B813A913__8x6b__s3047.pdb	952d987dd7ac9a4a365517c36be234984f409f72aabac1c737772401999d98fa	/data/qlyu/projects/pvrig_node1_generated100k_multimodal_top5000_4seed_docking_results_v2_20260724/compressed_queue/CANDIDATE_NODE1GEN_177961_source_fixed_pose_mpnn_source_id_P500K__FIXED_POSE_MPNN__8431DA62B813A913_8x6b_s3047_c9ef596c3ad7.tar.gz	runs/CANDIDATE_NODE1GEN_177961_source_fixed_pose_mpnn_source_id_P500K__FIXED_POSE_MPNN__8431DA62B813A913_8x6b_s3047_c9ef596c3ad7/haddock_run/6_seletopclusts/cluster_1_model_1.pdb.gz	-78.2516	STRICT_A	CANDIDATE_NODE1GEN_177961_source_fixed_pose_mpnn_source_id_P500K__FIXED_POSE_MPNN__8431DA62B813A913_8x6b_s3047_c9ef596c3ad7	AT
13	NODE1GEN_177961_source_fixed_pose_mpnn_source_id_P500K__FIXED_POSE_MPNN__8431DA62B813A913	generated_top3000	fixed_pose_mpnn	9e6y	3047	SUCCESS	cluster_1_model_1.pdb.gz	/data/qlyu/projects/pvrig_top7500_dualpanel_screen_v1_20260724/run/qc397_top20_plus_top10_fusion_developability_v2_20260726/fusion_panel_common4_bundle/representative_complexes/R13__NODE1GEN_177961_source_fixed_pose_mpnn_source_id_P500K__FIXED_POSE_MPNN__8431DA62B813A913__9e6y__s3047.pdb	a3adeea88037a2a66c70095ebfcb1e841bda7227778e1d4df917de54fe54d74a	/data/qlyu/projects/pvrig_node1_generated100k_multimodal_top5000_4seed_docking_results_v2_20260724/compressed_queue/CANDIDATE_NODE1GEN_177961_source_fixed_pose_mpnn_source_id_P500K__FIXED_POSE_MPNN__8431DA62B813A913_9e6y_s3047_73e40f927464.tar.gz	runs/CANDIDATE_NODE1GEN_177961_source_fixed_pose_mpnn_source_id_P500K__FIXED_POSE_MPNN__8431DA62B813A913_9e6y_s3047_73e40f927464/haddock_run/6_seletopclusts/cluster_1_model_1.pdb.gz	-73.51660000000001	STRICT_A	CANDIDATE_NODE1GEN_177961_source_fixed_pose_mpnn_source_id_P500K__FIXED_POSE_MPNN__8431DA62B813A913_9e6y_s3047_73e40f927464	AT
14	P1MCPUFP__CPUFP500K_0100__00188	existing_old_new7500_top200	old_top7500	8x6b	42	SUCCESS	cluster_1_model_1.pdb.gz	/data/qlyu/projects/pvrig_top7500_dualpanel_screen_v1_20260724/run/qc397_top20_plus_top10_fusion_developability_v2_20260726/fusion_panel_common4_bundle/representative_complexes/R14__P1MCPUFP__CPUFP500K_0100__00188__8x6b__s42.pdb	daacc97820b3461d309f04b1bd98048f699fcba3ae62d7dc837bc25b1a48f81b	/data1/qlyu/projects/pvrig_top200_common4_seed_completion106_docking_results_v1_20260725/top200_seed_completion/compressed_queue/CANDIDATE_P1MCPUFP__CPUFP500K_0100__00188_8x6b_s42_238d721845be.tar.gz	runs/CANDIDATE_P1MCPUFP__CPUFP500K_0100__00188_8x6b_s42_238d721845be/haddock_run/6_seletopclusts/cluster_1_model_1.pdb.gz	-72.6704	STRICT_A	CANDIDATE_P1MCPUFP__CPUFP500K_0100__00188_8x6b_s42_238d721845be	AT
14	P1MCPUFP__CPUFP500K_0100__00188	existing_old_new7500_top200	old_top7500	9e6y	42	SUCCESS	cluster_1_model_1.pdb.gz	/data/qlyu/projects/pvrig_top7500_dualpanel_screen_v1_20260724/run/qc397_top20_plus_top10_fusion_developability_v2_20260726/fusion_panel_common4_bundle/representative_complexes/R14__P1MCPUFP__CPUFP500K_0100__00188__9e6y__s42.pdb	d295e440412633d5522838ae073270ee1949f1e09fd2253b2c0c7d0b8eca41f6	/data1/qlyu/projects/pvrig_top200_common4_seed_completion106_docking_results_v1_20260725/top200_seed_completion/compressed_queue/CANDIDATE_P1MCPUFP__CPUFP500K_0100__00188_9e6y_s42_c468246bc5f7.tar.gz	runs/CANDIDATE_P1MCPUFP__CPUFP500K_0100__00188_9e6y_s42_c468246bc5f7/haddock_run/6_seletopclusts/cluster_1_model_1.pdb.gz	-75.07560000000001	STRICT_A	CANDIDATE_P1MCPUFP__CPUFP500K_0100__00188_9e6y_s42_c468246bc5f7	AT
14	P1MCPUFP__CPUFP500K_0100__00188	existing_old_new7500_top200	old_top7500	8x6b	917	SUCCESS	cluster_1_model_1.pdb.gz	/data/qlyu/projects/pvrig_top7500_dualpanel_screen_v1_20260724/run/qc397_top20_plus_top10_fusion_developability_v2_20260726/fusion_panel_common4_bundle/representative_complexes/R14__P1MCPUFP__CPUFP500K_0100__00188__8x6b__s917.pdb	114505d873327198c0de03aa1f97557e3d7c06ea8f6a9c9246b8f63972e89378	/data1/qlyu/projects/pvrig_priority_top7500_dualreceptor_multiseed_docking_results_v1_20260722/top7500_25k/compressed_queue/CANDIDATE_P1MCPUFP__CPUFP500K_0100__00188_8x6b_s917_5474bbadfe7f.tar.gz	runs/CANDIDATE_P1MCPUFP__CPUFP500K_0100__00188_8x6b_s917_5474bbadfe7f/haddock_run/6_seletopclusts/cluster_1_model_1.pdb.gz	-62.5652	STRICT_A	CANDIDATE_P1MCPUFP__CPUFP500K_0100__00188_8x6b_s917_5474bbadfe7f	AT
14	P1MCPUFP__CPUFP500K_0100__00188	existing_old_new7500_top200	old_top7500	9e6y	917	SUCCESS	cluster_1_model_1.pdb.gz	/data/qlyu/projects/pvrig_top7500_dualpanel_screen_v1_20260724/run/qc397_top20_plus_top10_fusion_developability_v2_20260726/fusion_panel_common4_bundle/representative_complexes/R14__P1MCPUFP__CPUFP500K_0100__00188__9e6y__s917.pdb	9ec7da675f923427328a3ee43cc5ec17132e605dc2d2deb4026ddde99216e6a3	/data1/qlyu/projects/pvrig_priority_top7500_dualreceptor_multiseed_docking_results_v1_20260722/top7500_25k/compressed_queue/CANDIDATE_P1MCPUFP__CPUFP500K_0100__00188_9e6y_s917_dfe478261fea.tar.gz	runs/CANDIDATE_P1MCPUFP__CPUFP500K_0100__00188_9e6y_s917_dfe478261fea/haddock_run/6_seletopclusts/cluster_1_model_1.pdb.gz	-80.6493	STRICT_A	CANDIDATE_P1MCPUFP__CPUFP500K_0100__00188_9e6y_s917_dfe478261fea	AT
14	P1MCPUFP__CPUFP500K_0100__00188	existing_old_new7500_top200	old_top7500	8x6b	1931	SUCCESS	cluster_1_model_1.pdb.gz	/data/qlyu/projects/pvrig_top7500_dualpanel_screen_v1_20260724/run/qc397_top20_plus_top10_fusion_developability_v2_20260726/fusion_panel_common4_bundle/representative_complexes/R14__P1MCPUFP__CPUFP500K_0100__00188__8x6b__s1931.pdb	495eaee0d64c439d029a37533544f5cb3b9d4a7d6d6e33162cd38b780c80036b	/data1/qlyu/projects/pvrig_priority_top7500_dualreceptor_multiseed_docking_results_v1_20260722/top7500_25k/compressed_queue/CANDIDATE_P1MCPUFP__CPUFP500K_0100__00188_8x6b_s1931_7be42e699cbd.tar.gz	runs/CANDIDATE_P1MCPUFP__CPUFP500K_0100__00188_8x6b_s1931_7be42e699cbd/haddock_run/6_seletopclusts/cluster_1_model_1.pdb.gz	-89.4409	STRICT_A	CANDIDATE_P1MCPUFP__CPUFP500K_0100__00188_8x6b_s1931_7be42e699cbd	AT
14	P1MCPUFP__CPUFP500K_0100__00188	existing_old_new7500_top200	old_top7500	9e6y	1931	SUCCESS	cluster_1_model_1.pdb.gz	/data/qlyu/projects/pvrig_top7500_dualpanel_screen_v1_20260724/run/qc397_top20_plus_top10_fusion_developability_v2_20260726/fusion_panel_common4_bundle/representative_complexes/R14__P1MCPUFP__CPUFP500K_0100__00188__9e6y__s1931.pdb	e4f839776cbc54a871b5741f94ac8944339eef37b71f5fe86e2ad228f5ff37e1	/data1/qlyu/projects/pvrig_priority_top7500_dualreceptor_multiseed_docking_results_v1_20260722/top7500_25k/compressed_queue/CANDIDATE_P1MCPUFP__CPUFP500K_0100__00188_9e6y_s1931_7689df92d3e5.tar.gz	runs/CANDIDATE_P1MCPUFP__CPUFP500K_0100__00188_9e6y_s1931_7689df92d3e5/haddock_run/6_seletopclusts/cluster_1_model_1.pdb.gz	-62.0659	STRICT_A	CANDIDATE_P1MCPUFP__CPUFP500K_0100__00188_9e6y_s1931_7689df92d3e5	AT
14	P1MCPUFP__CPUFP500K_0100__00188	existing_old_new7500_top200	old_top7500	8x6b	3047	SUCCESS	cluster_1_model_1.pdb.gz	/data/qlyu/projects/pvrig_top7500_dualpanel_screen_v1_20260724/run/qc397_top20_plus_top10_fusion_developability_v2_20260726/fusion_panel_common4_bundle/representative_complexes/R14__P1MCPUFP__CPUFP500K_0100__00188__8x6b__s3047.pdb	ece0044e3fad81114ef135abb292b4fe0bd4f2bce716c5d58430374f4d5c4d05	/data1/qlyu/projects/pvrig_top200_common4_seed_completion106_docking_results_v1_20260725/top200_seed_completion/compressed_queue/CANDIDATE_P1MCPUFP__CPUFP500K_0100__00188_8x6b_s3047_863a12728166.tar.gz	runs/CANDIDATE_P1MCPUFP__CPUFP500K_0100__00188_8x6b_s3047_863a12728166/haddock_run/6_seletopclusts/cluster_1_model_1.pdb.gz	-70.74864	STRICT_A	CANDIDATE_P1MCPUFP__CPUFP500K_0100__00188_8x6b_s3047_863a12728166	AT
14	P1MCPUFP__CPUFP500K_0100__00188	existing_old_new7500_top200	old_top7500	9e6y	3047	SUCCESS	cluster_1_model_1.pdb.gz	/data/qlyu/projects/pvrig_top7500_dualpanel_screen_v1_20260724/run/qc397_top20_plus_top10_fusion_developability_v2_20260726/fusion_panel_common4_bundle/representative_complexes/R14__P1MCPUFP__CPUFP500K_0100__00188__9e6y__s3047.pdb	53e4e25568f221216bc507f5ca91856431708f9ce1924fc38dea2148451f52a1	/data1/qlyu/projects/pvrig_top200_common4_seed_completion106_docking_results_v1_20260725/top200_seed_completion/compressed_queue/CANDIDATE_P1MCPUFP__CPUFP500K_0100__00188_9e6y_s3047_7060b1b9529f.tar.gz	runs/CANDIDATE_P1MCPUFP__CPUFP500K_0100__00188_9e6y_s3047_7060b1b9529f/haddock_run/6_seletopclusts/cluster_1_model_1.pdb.gz	-79.1643	STRICT_A	CANDIDATE_P1MCPUFP__CPUFP500K_0100__00188_9e6y_s3047_7060b1b9529f	AT
15	NODE1GEN_206644_source_fixed_pose_mpnn_source_id_P500K__FIXED_POSE_MPNN__53F648E960398F2F	generated_top3000	fixed_pose_mpnn	8x6b	42	SUCCESS	cluster_1_model_1.pdb.gz	/data/qlyu/projects/pvrig_top7500_dualpanel_screen_v1_20260724/run/qc397_top20_plus_top10_fusion_developability_v2_20260726/fusion_panel_common4_bundle/representative_complexes/R15__NODE1GEN_206644_source_fixed_pose_mpnn_source_id_P500K__FIXED_POSE_MPNN__53F648E960398F2F__8x6b__s42.pdb	6e731cb5148424251ef8aeedf5e88c7293f6667931926c8d0c04fd38a06b6a2c	/data/qlyu/projects/pvrig_node1_generated100k_multimodal_top5000_4seed_docking_results_v2_20260724/compressed_queue/CANDIDATE_NODE1GEN_206644_source_fixed_pose_mpnn_source_id_P500K__FIXED_POSE_MPNN__53F648E960398F2F_8x6b_s42_eb40bf288792.tar.gz	runs/CANDIDATE_NODE1GEN_206644_source_fixed_pose_mpnn_source_id_P500K__FIXED_POSE_MPNN__53F648E960398F2F_8x6b_s42_eb40bf288792/haddock_run/6_seletopclusts/cluster_1_model_1.pdb.gz	-70.2373	STRICT_A	CANDIDATE_NODE1GEN_206644_source_fixed_pose_mpnn_source_id_P500K__FIXED_POSE_MPNN__53F648E960398F2F_8x6b_s42_eb40bf288792	AT
15	NODE1GEN_206644_source_fixed_pose_mpnn_source_id_P500K__FIXED_POSE_MPNN__53F648E960398F2F	generated_top3000	fixed_pose_mpnn	9e6y	42	SUCCESS	cluster_1_model_1.pdb.gz	/data/qlyu/projects/pvrig_top7500_dualpanel_screen_v1_20260724/run/qc397_top20_plus_top10_fusion_developability_v2_20260726/fusion_panel_common4_bundle/representative_complexes/R15__NODE1GEN_206644_source_fixed_pose_mpnn_source_id_P500K__FIXED_POSE_MPNN__53F648E960398F2F__9e6y__s42.pdb	c76f0a968e2bc719c628c16cbdaca4ac7ce16fc5081045f4cf491379271146b3	/data/qlyu/projects/pvrig_node1_generated100k_multimodal_top5000_4seed_docking_results_v2_20260724/compressed_queue/CANDIDATE_NODE1GEN_206644_source_fixed_pose_mpnn_source_id_P500K__FIXED_POSE_MPNN__53F648E960398F2F_9e6y_s42_015d367b5175.tar.gz	runs/CANDIDATE_NODE1GEN_206644_source_fixed_pose_mpnn_source_id_P500K__FIXED_POSE_MPNN__53F648E960398F2F_9e6y_s42_015d367b5175/haddock_run/6_seletopclusts/cluster_1_model_1.pdb.gz	-89.47476999999999	STRICT_A	CANDIDATE_NODE1GEN_206644_source_fixed_pose_mpnn_source_id_P500K__FIXED_POSE_MPNN__53F648E960398F2F_9e6y_s42_015d367b5175	AT
15	NODE1GEN_206644_source_fixed_pose_mpnn_source_id_P500K__FIXED_POSE_MPNN__53F648E960398F2F	generated_top3000	fixed_pose_mpnn	8x6b	917	SUCCESS	cluster_1_model_1.pdb.gz	/data/qlyu/projects/pvrig_top7500_dualpanel_screen_v1_20260724/run/qc397_top20_plus_top10_fusion_developability_v2_20260726/fusion_panel_common4_bundle/representative_complexes/R15__NODE1GEN_206644_source_fixed_pose_mpnn_source_id_P500K__FIXED_POSE_MPNN__53F648E960398F2F__8x6b__s917.pdb	9e450333409a4dbc7e89fc99ac526d593156c9f3e1785c532fd0e31b9b2eff8b	/data/qlyu/projects/pvrig_node1_generated100k_multimodal_top5000_4seed_docking_results_v2_20260724/compressed_queue/CANDIDATE_NODE1GEN_206644_source_fixed_pose_mpnn_source_id_P500K__FIXED_POSE_MPNN__53F648E960398F2F_8x6b_s917_b4d53cf248ad.tar.gz	runs/CANDIDATE_NODE1GEN_206644_source_fixed_pose_mpnn_source_id_P500K__FIXED_POSE_MPNN__53F648E960398F2F_8x6b_s917_b4d53cf248ad/haddock_run/6_seletopclusts/cluster_1_model_1.pdb.gz	-63.49250000000001	STRICT_A	CANDIDATE_NODE1GEN_206644_source_fixed_pose_mpnn_source_id_P500K__FIXED_POSE_MPNN__53F648E960398F2F_8x6b_s917_b4d53cf248ad	AT
15	NODE1GEN_206644_source_fixed_pose_mpnn_source_id_P500K__FIXED_POSE_MPNN__53F648E960398F2F	generated_top3000	fixed_pose_mpnn	9e6y	917	SUCCESS	cluster_1_model_1.pdb.gz	/data/qlyu/projects/pvrig_top7500_dualpanel_screen_v1_20260724/run/qc397_top20_plus_top10_fusion_developability_v2_20260726/fusion_panel_common4_bundle/representative_complexes/R15__NODE1GEN_206644_source_fixed_pose_mpnn_source_id_P500K__FIXED_POSE_MPNN__53F648E960398F2F__9e6y__s917.pdb	a4892719b46a5f2f9e36fd6057935be70addac07c9ad6bfa4145cf55f2776d84	/data/qlyu/projects/pvrig_node1_generated100k_multimodal_top5000_4seed_docking_results_v2_20260724/compressed_queue/CANDIDATE_NODE1GEN_206644_source_fixed_pose_mpnn_source_id_P500K__FIXED_POSE_MPNN__53F648E960398F2F_9e6y_s917_42383a201a0f.tar.gz	runs/CANDIDATE_NODE1GEN_206644_source_fixed_pose_mpnn_source_id_P500K__FIXED_POSE_MPNN__53F648E960398F2F_9e6y_s917_42383a201a0f/haddock_run/6_seletopclusts/cluster_1_model_1.pdb.gz	-84.84485	STRICT_A	CANDIDATE_NODE1GEN_206644_source_fixed_pose_mpnn_source_id_P500K__FIXED_POSE_MPNN__53F648E960398F2F_9e6y_s917_42383a201a0f	AT
15	NODE1GEN_206644_source_fixed_pose_mpnn_source_id_P500K__FIXED_POSE_MPNN__53F648E960398F2F	generated_top3000	fixed_pose_mpnn	8x6b	1931	SUCCESS	cluster_1_model_1.pdb.gz	/data/qlyu/projects/pvrig_top7500_dualpanel_screen_v1_20260724/run/qc397_top20_plus_top10_fusion_developability_v2_20260726/fusion_panel_common4_bundle/representative_complexes/R15__NODE1GEN_206644_source_fixed_pose_mpnn_source_id_P500K__FIXED_POSE_MPNN__53F648E960398F2F__8x6b__s1931.pdb	2f4b1f08174904825304353c673a160b95e740aff0062115d1a78fd92214a318	/data/qlyu/projects/pvrig_node1_generated100k_multimodal_top5000_4seed_docking_results_v2_20260724/compressed_queue/CANDIDATE_NODE1GEN_206644_source_fixed_pose_mpnn_source_id_P500K__FIXED_POSE_MPNN__53F648E960398F2F_8x6b_s1931_422286686823.tar.gz	runs/CANDIDATE_NODE1GEN_206644_source_fixed_pose_mpnn_source_id_P500K__FIXED_POSE_MPNN__53F648E960398F2F_8x6b_s1931_422286686823/haddock_run/6_seletopclusts/cluster_1_model_1.pdb.gz	-56.59203000000001	STRICT_A	CANDIDATE_NODE1GEN_206644_source_fixed_pose_mpnn_source_id_P500K__FIXED_POSE_MPNN__53F648E960398F2F_8x6b_s1931_422286686823	AT
15	NODE1GEN_206644_source_fixed_pose_mpnn_source_id_P500K__FIXED_POSE_MPNN__53F648E960398F2F	generated_top3000	fixed_pose_mpnn	9e6y	1931	SUCCESS	cluster_1_model_1.pdb.gz	/data/qlyu/projects/pvrig_top7500_dualpanel_screen_v1_20260724/run/qc397_top20_plus_top10_fusion_developability_v2_20260726/fusion_panel_common4_bundle/representative_complexes/R15__NODE1GEN_206644_source_fixed_pose_mpnn_source_id_P500K__FIXED_POSE_MPNN__53F648E960398F2F__9e6y__s1931.pdb	7f8f0c3645d2a1339ef580ef3d33a0755ee808ff261f3d3bcaa379d6d4e27e30	/data/qlyu/projects/pvrig_node1_generated100k_multimodal_top5000_4seed_docking_results_v2_20260724/compressed_queue/CANDIDATE_NODE1GEN_206644_source_fixed_pose_mpnn_source_id_P500K__FIXED_POSE_MPNN__53F648E960398F2F_9e6y_s1931_4231dec995f5.tar.gz	runs/CANDIDATE_NODE1GEN_206644_source_fixed_pose_mpnn_source_id_P500K__FIXED_POSE_MPNN__53F648E960398F2F_9e6y_s1931_4231dec995f5/haddock_run/6_seletopclusts/cluster_1_model_1.pdb.gz	-63.25662	STRICT_A	CANDIDATE_NODE1GEN_206644_source_fixed_pose_mpnn_source_id_P500K__FIXED_POSE_MPNN__53F648E960398F2F_9e6y_s1931_4231dec995f5	AT
15	NODE1GEN_206644_source_fixed_pose_mpnn_source_id_P500K__FIXED_POSE_MPNN__53F648E960398F2F	generated_top3000	fixed_pose_mpnn	8x6b	3047	SUCCESS	cluster_1_model_1.pdb.gz	/data/qlyu/projects/pvrig_top7500_dualpanel_screen_v1_20260724/run/qc397_top20_plus_top10_fusion_developability_v2_20260726/fusion_panel_common4_bundle/representative_complexes/R15__NODE1GEN_206644_source_fixed_pose_mpnn_source_id_P500K__FIXED_POSE_MPNN__53F648E960398F2F__8x6b__s3047.pdb	37e1f18ea3e73ee28370cdf9d5975a62c697a575a2177ba989387dd89aadc076	/data/qlyu/projects/pvrig_node1_generated100k_multimodal_top5000_4seed_docking_results_v2_20260724/compressed_queue/CANDIDATE_NODE1GEN_206644_source_fixed_pose_mpnn_source_id_P500K__FIXED_POSE_MPNN__53F648E960398F2F_8x6b_s3047_ac7a83862c3b.tar.gz	runs/CANDIDATE_NODE1GEN_206644_source_fixed_pose_mpnn_source_id_P500K__FIXED_POSE_MPNN__53F648E960398F2F_8x6b_s3047_ac7a83862c3b/haddock_run/6_seletopclusts/cluster_1_model_1.pdb.gz	-91.0701	STRICT_A	CANDIDATE_NODE1GEN_206644_source_fixed_pose_mpnn_source_id_P500K__FIXED_POSE_MPNN__53F648E960398F2F_8x6b_s3047_ac7a83862c3b	AT
15	NODE1GEN_206644_source_fixed_pose_mpnn_source_id_P500K__FIXED_POSE_MPNN__53F648E960398F2F	generated_top3000	fixed_pose_mpnn	9e6y	3047	SUCCESS	cluster_1_model_1.pdb.gz	/data/qlyu/projects/pvrig_top7500_dualpanel_screen_v1_20260724/run/qc397_top20_plus_top10_fusion_developability_v2_20260726/fusion_panel_common4_bundle/representative_complexes/R15__NODE1GEN_206644_source_fixed_pose_mpnn_source_id_P500K__FIXED_POSE_MPNN__53F648E960398F2F__9e6y__s3047.pdb	27b3b2cf1317703e3f1b8f455c07c9b5a3e2ec712f45fae8be92b78c1e41f687	/data/qlyu/projects/pvrig_node1_generated100k_multimodal_top5000_4seed_docking_results_v2_20260724/compressed_queue/CANDIDATE_NODE1GEN_206644_source_fixed_pose_mpnn_source_id_P500K__FIXED_POSE_MPNN__53F648E960398F2F_9e6y_s3047_7dc4a73f7bf9.tar.gz	runs/CANDIDATE_NODE1GEN_206644_source_fixed_pose_mpnn_source_id_P500K__FIXED_POSE_MPNN__53F648E960398F2F_9e6y_s3047_7dc4a73f7bf9/haddock_run/6_seletopclusts/cluster_1_model_1.pdb.gz	-91.22180999999998	STRICT_A	CANDIDATE_NODE1GEN_206644_source_fixed_pose_mpnn_source_id_P500K__FIXED_POSE_MPNN__53F648E960398F2F_9e6y_s3047_7dc4a73f7bf9	AT
16	P1MCPUFP__CPUFP500K_0002__00919	existing_old_new7500_top200	c2_four_seed	8x6b	42	SUCCESS	cluster_1_model_1.pdb.gz	/data/qlyu/projects/pvrig_top7500_dualpanel_screen_v1_20260724/run/qc397_top20_plus_top10_fusion_developability_v2_20260726/fusion_panel_common4_bundle/representative_complexes/R16__P1MCPUFP__CPUFP500K_0002__00919__8x6b__s42.pdb	5da68387f55324b934cc30274484e6e0ba34f8ecedc21e2687ef1ae3b0e0eb54	/data1/qlyu/projects/pvrig_c2_new4220_seed42_3047_docking_results_v1_20260723/c2_new4220_seed42_3047/compressed_queue/CANDIDATE_P1MCPUFP__CPUFP500K_0002__00919_8x6b_s42_8f0e9b505799.tar.gz	runs/CANDIDATE_P1MCPUFP__CPUFP500K_0002__00919_8x6b_s42_8f0e9b505799/haddock_run/6_seletopclusts/cluster_1_model_1.pdb.gz	-69.82580000000002	STRICT_A	CANDIDATE_P1MCPUFP__CPUFP500K_0002__00919_8x6b_s42_8f0e9b505799	AT
16	P1MCPUFP__CPUFP500K_0002__00919	existing_old_new7500_top200	c2_four_seed	9e6y	42	SUCCESS	cluster_1_model_1.pdb.gz	/data/qlyu/projects/pvrig_top7500_dualpanel_screen_v1_20260724/run/qc397_top20_plus_top10_fusion_developability_v2_20260726/fusion_panel_common4_bundle/representative_complexes/R16__P1MCPUFP__CPUFP500K_0002__00919__9e6y__s42.pdb	0c205be9249e89177096f7600aa1fc000b721e90f085a238f156703fd451f478	/data1/qlyu/projects/pvrig_c2_new4220_seed42_3047_docking_results_v1_20260723/c2_new4220_seed42_3047/compressed_queue/CANDIDATE_P1MCPUFP__CPUFP500K_0002__00919_9e6y_s42_55e2dcea888c.tar.gz	runs/CANDIDATE_P1MCPUFP__CPUFP500K_0002__00919_9e6y_s42_55e2dcea888c/haddock_run/6_seletopclusts/cluster_1_model_1.pdb.gz	-92.1588	STRICT_A	CANDIDATE_P1MCPUFP__CPUFP500K_0002__00919_9e6y_s42_55e2dcea888c	AT
16	P1MCPUFP__CPUFP500K_0002__00919	existing_old_new7500_top200	c2_four_seed	8x6b	917	SUCCESS	cluster_1_model_1.pdb.gz	/data/qlyu/projects/pvrig_top7500_dualpanel_screen_v1_20260724/run/qc397_top20_plus_top10_fusion_developability_v2_20260726/fusion_panel_common4_bundle/representative_complexes/R16__P1MCPUFP__CPUFP500K_0002__00919__8x6b__s917.pdb	5199243acef4d683beadfb60e34bbe43a4acce614acb1190ed1edb702f4f60f8	/data1/qlyu/projects/pvrig_c2_new6220_dualreceptor_2seed_docking_results_v1_20260723/c2_new4220/compressed_queue/CANDIDATE_P1MCPUFP__CPUFP500K_0002__00919_8x6b_s917_1072ed9e7ca3.tar.gz	runs/CANDIDATE_P1MCPUFP__CPUFP500K_0002__00919_8x6b_s917_1072ed9e7ca3/haddock_run/6_seletopclusts/cluster_1_model_1.pdb.gz	-87.8222	STRICT_A	CANDIDATE_P1MCPUFP__CPUFP500K_0002__00919_8x6b_s917_1072ed9e7ca3	AT
16	P1MCPUFP__CPUFP500K_0002__00919	existing_old_new7500_top200	c2_four_seed	9e6y	917	SUCCESS	cluster_1_model_1.pdb.gz	/data/qlyu/projects/pvrig_top7500_dualpanel_screen_v1_20260724/run/qc397_top20_plus_top10_fusion_developability_v2_20260726/fusion_panel_common4_bundle/representative_complexes/R16__P1MCPUFP__CPUFP500K_0002__00919__9e6y__s917.pdb	5fa9c0b7c9813546e9f33d2186c7e3c307e02df43746cc75480e6acc5f5b2ce0	/data1/qlyu/projects/pvrig_c2_new6220_dualreceptor_2seed_docking_results_v1_20260723/c2_new4220/compressed_queue/CANDIDATE_P1MCPUFP__CPUFP500K_0002__00919_9e6y_s917_4f97687dbff1.tar.gz	runs/CANDIDATE_P1MCPUFP__CPUFP500K_0002__00919_9e6y_s917_4f97687dbff1/haddock_run/6_seletopclusts/cluster_1_model_1.pdb.gz	-74.6677	STRICT_A	CANDIDATE_P1MCPUFP__CPUFP500K_0002__00919_9e6y_s917_4f97687dbff1	AT
16	P1MCPUFP__CPUFP500K_0002__00919	existing_old_new7500_top200	c2_four_seed	8x6b	1931	SUCCESS	cluster_1_model_1.pdb.gz	/data/qlyu/projects/pvrig_top7500_dualpanel_screen_v1_20260724/run/qc397_top20_plus_top10_fusion_developability_v2_20260726/fusion_panel_common4_bundle/representative_complexes/R16__P1MCPUFP__CPUFP500K_0002__00919__8x6b__s1931.pdb	53a83fcb71053006d525c574371dc0084c0119934911f36765949d30c24eb27b	/data1/qlyu/projects/pvrig_c2_new6220_dualreceptor_2seed_docking_results_v1_20260723/c2_new4220/compressed_queue/CANDIDATE_P1MCPUFP__CPUFP500K_0002__00919_8x6b_s1931_6d616c7dd7c2.tar.gz	runs/CANDIDATE_P1MCPUFP__CPUFP500K_0002__00919_8x6b_s1931_6d616c7dd7c2/haddock_run/6_seletopclusts/cluster_1_model_1.pdb.gz	-78.73570000000001	STRICT_A	CANDIDATE_P1MCPUFP__CPUFP500K_0002__00919_8x6b_s1931_6d616c7dd7c2	AT
16	P1MCPUFP__CPUFP500K_0002__00919	existing_old_new7500_top200	c2_four_seed	9e6y	1931	SUCCESS	cluster_1_model_1.pdb.gz	/data/qlyu/projects/pvrig_top7500_dualpanel_screen_v1_20260724/run/qc397_top20_plus_top10_fusion_developability_v2_20260726/fusion_panel_common4_bundle/representative_complexes/R16__P1MCPUFP__CPUFP500K_0002__00919__9e6y__s1931.pdb	3bb28baa79beffd4766f2a04579bccc9f3316c3e9f4834cdde18d2ea2d688466	/data1/qlyu/projects/pvrig_c2_new6220_dualreceptor_2seed_docking_results_v1_20260723/c2_new4220/compressed_queue/CANDIDATE_P1MCPUFP__CPUFP500K_0002__00919_9e6y_s1931_7abeb3b56b2c.tar.gz	runs/CANDIDATE_P1MCPUFP__CPUFP500K_0002__00919_9e6y_s1931_7abeb3b56b2c/haddock_run/6_seletopclusts/cluster_1_model_1.pdb.gz	-81.31080000000001	STRICT_A	CANDIDATE_P1MCPUFP__CPUFP500K_0002__00919_9e6y_s1931_7abeb3b56b2c	AT
16	P1MCPUFP__CPUFP500K_0002__00919	existing_old_new7500_top200	c2_four_seed	8x6b	3047	SUCCESS	cluster_1_model_1.pdb.gz	/data/qlyu/projects/pvrig_top7500_dualpanel_screen_v1_20260724/run/qc397_top20_plus_top10_fusion_developability_v2_20260726/fusion_panel_common4_bundle/representative_complexes/R16__P1MCPUFP__CPUFP500K_0002__00919__8x6b__s3047.pdb	a2b82004bcf54408746b63370df8cb3ba711c1584590d69d7e147bebfbec6038	/data1/qlyu/projects/pvrig_c2_new4220_seed42_3047_docking_results_v1_20260723/c2_new4220_seed42_3047/compressed_queue/CANDIDATE_P1MCPUFP__CPUFP500K_0002__00919_8x6b_s3047_656b283c7727.tar.gz	runs/CANDIDATE_P1MCPUFP__CPUFP500K_0002__00919_8x6b_s3047_656b283c7727/haddock_run/6_seletopclusts/cluster_1_model_1.pdb.gz	-80.27439999999999	STRICT_A	CANDIDATE_P1MCPUFP__CPUFP500K_0002__00919_8x6b_s3047_656b283c7727	AT
16	P1MCPUFP__CPUFP500K_0002__00919	existing_old_new7500_top200	c2_four_seed	9e6y	3047	SUCCESS	cluster_1_model_1.pdb.gz	/data/qlyu/projects/pvrig_top7500_dualpanel_screen_v1_20260724/run/qc397_top20_plus_top10_fusion_developability_v2_20260726/fusion_panel_common4_bundle/representative_complexes/R16__P1MCPUFP__CPUFP500K_0002__00919__9e6y__s3047.pdb	65e23282229305e20bf5afd90b606c5dd340ef754c8ae8fadd645618558bfb64	/data1/qlyu/projects/pvrig_c2_new4220_seed42_3047_docking_results_v1_20260723/c2_new4220_seed42_3047/compressed_queue/CANDIDATE_P1MCPUFP__CPUFP500K_0002__00919_9e6y_s3047_4e7decdabccd.tar.gz	runs/CANDIDATE_P1MCPUFP__CPUFP500K_0002__00919_9e6y_s3047_4e7decdabccd/haddock_run/6_seletopclusts/cluster_1_model_1.pdb.gz	-87.45620000000001	STRICT_A	CANDIDATE_P1MCPUFP__CPUFP500K_0002__00919_9e6y_s3047_4e7decdabccd	AT
17	P1MCPUFP__CPUFP500K_0287__00804	existing_old_new7500_top200	c2_four_seed	8x6b	42	SUCCESS	cluster_1_model_1.pdb.gz	/data/qlyu/projects/pvrig_top7500_dualpanel_screen_v1_20260724/run/qc397_top20_plus_top10_fusion_developability_v2_20260726/fusion_panel_common4_bundle/representative_complexes/R17__P1MCPUFP__CPUFP500K_0287__00804__8x6b__s42.pdb	18bab0247407ec1eb34156c29b0fa527b6ed3d3965c97ef58c3d7b698af57c06	/data1/qlyu/projects/pvrig_c2_new4220_seed42_3047_docking_results_v1_20260723/c2_new4220_seed42_3047/compressed_queue/CANDIDATE_P1MCPUFP__CPUFP500K_0287__00804_8x6b_s42_b3b243ffdaef.tar.gz	runs/CANDIDATE_P1MCPUFP__CPUFP500K_0287__00804_8x6b_s42_b3b243ffdaef/haddock_run/6_seletopclusts/cluster_1_model_1.pdb.gz	-66.19160000000001	STRICT_A	CANDIDATE_P1MCPUFP__CPUFP500K_0287__00804_8x6b_s42_b3b243ffdaef	AT
17	P1MCPUFP__CPUFP500K_0287__00804	existing_old_new7500_top200	c2_four_seed	9e6y	42	SUCCESS	cluster_1_model_1.pdb.gz	/data/qlyu/projects/pvrig_top7500_dualpanel_screen_v1_20260724/run/qc397_top20_plus_top10_fusion_developability_v2_20260726/fusion_panel_common4_bundle/representative_complexes/R17__P1MCPUFP__CPUFP500K_0287__00804__9e6y__s42.pdb	6dc3a0249bd9488752fbc2f57e09991c6bea4ce9471bf952ceb7f537c4fed11c	/data1/qlyu/projects/pvrig_c2_new4220_seed42_3047_docking_results_v1_20260723/c2_new4220_seed42_3047/compressed_queue/CANDIDATE_P1MCPUFP__CPUFP500K_0287__00804_9e6y_s42_b212bc93a959.tar.gz	runs/CANDIDATE_P1MCPUFP__CPUFP500K_0287__00804_9e6y_s42_b212bc93a959/haddock_run/6_seletopclusts/cluster_1_model_1.pdb.gz	-68.65719999999999	STRICT_A	CANDIDATE_P1MCPUFP__CPUFP500K_0287__00804_9e6y_s42_b212bc93a959	AT
17	P1MCPUFP__CPUFP500K_0287__00804	existing_old_new7500_top200	c2_four_seed	8x6b	917	SUCCESS	cluster_1_model_1.pdb.gz	/data/qlyu/projects/pvrig_top7500_dualpanel_screen_v1_20260724/run/qc397_top20_plus_top10_fusion_developability_v2_20260726/fusion_panel_common4_bundle/representative_complexes/R17__P1MCPUFP__CPUFP500K_0287__00804__8x6b__s917.pdb	8e8b470037c4c687568c2fb17a21cde8064e3b49ba4b720ae0c3c50727166acb	/data1/qlyu/projects/pvrig_c2_new6220_dualreceptor_2seed_docking_results_v1_20260723/c2_new4220/compressed_queue/CANDIDATE_P1MCPUFP__CPUFP500K_0287__00804_8x6b_s917_cee84144f49d.tar.gz	runs/CANDIDATE_P1MCPUFP__CPUFP500K_0287__00804_8x6b_s917_cee84144f49d/haddock_run/6_seletopclusts/cluster_1_model_1.pdb.gz	-69.0014	STRICT_A	CANDIDATE_P1MCPUFP__CPUFP500K_0287__00804_8x6b_s917_cee84144f49d	AT
17	P1MCPUFP__CPUFP500K_0287__00804	existing_old_new7500_top200	c2_four_seed	9e6y	917	SUCCESS	cluster_1_model_1.pdb.gz	/data/qlyu/projects/pvrig_top7500_dualpanel_screen_v1_20260724/run/qc397_top20_plus_top10_fusion_developability_v2_20260726/fusion_panel_common4_bundle/representative_complexes/R17__P1MCPUFP__CPUFP500K_0287__00804__9e6y__s917.pdb	9415b2fc6548a25ac9b1d5423618fe8cbf01c8be7c17d4fa7c28300d95fbd675	/data1/qlyu/projects/pvrig_c2_new6220_dualreceptor_2seed_docking_results_v1_20260723/c2_new4220/compressed_queue/CANDIDATE_P1MCPUFP__CPUFP500K_0287__00804_9e6y_s917_d7eeacb18834.tar.gz	runs/CANDIDATE_P1MCPUFP__CPUFP500K_0287__00804_9e6y_s917_d7eeacb18834/haddock_run/6_seletopclusts/cluster_1_model_1.pdb.gz	-68.50594	STRICT_A	CANDIDATE_P1MCPUFP__CPUFP500K_0287__00804_9e6y_s917_d7eeacb18834	AT
17	P1MCPUFP__CPUFP500K_0287__00804	existing_old_new7500_top200	c2_four_seed	8x6b	1931	SUCCESS	cluster_1_model_1.pdb.gz	/data/qlyu/projects/pvrig_top7500_dualpanel_screen_v1_20260724/run/qc397_top20_plus_top10_fusion_developability_v2_20260726/fusion_panel_common4_bundle/representative_complexes/R17__P1MCPUFP__CPUFP500K_0287__00804__8x6b__s1931.pdb	a988b2aa29a20a4a14ceaad18e0381bbdd7248947aae25b2d64b2ec0b4216b90	/data1/qlyu/projects/pvrig_c2_new6220_dualreceptor_2seed_docking_results_v1_20260723/c2_new4220/compressed_queue/CANDIDATE_P1MCPUFP__CPUFP500K_0287__00804_8x6b_s1931_6035eb57ea25.tar.gz	runs/CANDIDATE_P1MCPUFP__CPUFP500K_0287__00804_8x6b_s1931_6035eb57ea25/haddock_run/6_seletopclusts/cluster_1_model_1.pdb.gz	-72.32749999999999	STRICT_A	CANDIDATE_P1MCPUFP__CPUFP500K_0287__00804_8x6b_s1931_6035eb57ea25	AT
17	P1MCPUFP__CPUFP500K_0287__00804	existing_old_new7500_top200	c2_four_seed	9e6y	1931	SUCCESS	cluster_1_model_1.pdb.gz	/data/qlyu/projects/pvrig_top7500_dualpanel_screen_v1_20260724/run/qc397_top20_plus_top10_fusion_developability_v2_20260726/fusion_panel_common4_bundle/representative_complexes/R17__P1MCPUFP__CPUFP500K_0287__00804__9e6y__s1931.pdb	a5a331aa0f426c0f544839b0f9ee42fc07e676b02d59f6f3a33e0610c6246129	/data1/qlyu/projects/pvrig_c2_new6220_dualreceptor_2seed_docking_results_v1_20260723/c2_new4220/compressed_queue/CANDIDATE_P1MCPUFP__CPUFP500K_0287__00804_9e6y_s1931_c7fe3b5c0523.tar.gz	runs/CANDIDATE_P1MCPUFP__CPUFP500K_0287__00804_9e6y_s1931_c7fe3b5c0523/haddock_run/6_seletopclusts/cluster_1_model_1.pdb.gz	-61.12636	STRICT_A	CANDIDATE_P1MCPUFP__CPUFP500K_0287__00804_9e6y_s1931_c7fe3b5c0523	AT
17	P1MCPUFP__CPUFP500K_0287__00804	existing_old_new7500_top200	c2_four_seed	8x6b	3047	SUCCESS	cluster_1_model_1.pdb.gz	/data/qlyu/projects/pvrig_top7500_dualpanel_screen_v1_20260724/run/qc397_top20_plus_top10_fusion_developability_v2_20260726/fusion_panel_common4_bundle/representative_complexes/R17__P1MCPUFP__CPUFP500K_0287__00804__8x6b__s3047.pdb	07bc43869b45f0c698de54414e09b01404f548be1284d66be1df7099711acbc2	/data1/qlyu/projects/pvrig_c2_new4220_seed42_3047_docking_results_v1_20260723/c2_new4220_seed42_3047/compressed_queue/CANDIDATE_P1MCPUFP__CPUFP500K_0287__00804_8x6b_s3047_5617d4cf615b.tar.gz	runs/CANDIDATE_P1MCPUFP__CPUFP500K_0287__00804_8x6b_s3047_5617d4cf615b/haddock_run/6_seletopclusts/cluster_1_model_1.pdb.gz	-57.388279999999995	STRICT_A	CANDIDATE_P1MCPUFP__CPUFP500K_0287__00804_8x6b_s3047_5617d4cf615b	AT
17	P1MCPUFP__CPUFP500K_0287__00804	existing_old_new7500_top200	c2_four_seed	9e6y	3047	SUCCESS	cluster_1_model_1.pdb.gz	/data/qlyu/projects/pvrig_top7500_dualpanel_screen_v1_20260724/run/qc397_top20_plus_top10_fusion_developability_v2_20260726/fusion_panel_common4_bundle/representative_complexes/R17__P1MCPUFP__CPUFP500K_0287__00804__9e6y__s3047.pdb	added644ec05d48a9ae8eee3e11ff9b0819a91deb113ffd07dc3b3b28df4f87b	/data1/qlyu/projects/pvrig_c2_new4220_seed42_3047_docking_results_v1_20260723/c2_new4220_seed42_3047/compressed_queue/CANDIDATE_P1MCPUFP__CPUFP500K_0287__00804_9e6y_s3047_56a459c045c6.tar.gz	runs/CANDIDATE_P1MCPUFP__CPUFP500K_0287__00804_9e6y_s3047_56a459c045c6/haddock_run/6_seletopclusts/cluster_1_model_1.pdb.gz	-69.30030000000001	STRICT_A	CANDIDATE_P1MCPUFP__CPUFP500K_0287__00804_9e6y_s3047_56a459c045c6	AT
18	NODE1GEN_127352_source_rfantibody_source_id_PVRIG_RFAb_v2_P6_ekg_L_bb203_mpn04_arm_P6_ekg_L_backbone_P6_ekg_L_bb203_status_NEEDS_RF2_AND_DOCKING	generated_top3000	rfantibody	8x6b	42	SUCCESS	cluster_1_model_1.pdb.gz	/data/qlyu/projects/pvrig_top7500_dualpanel_screen_v1_20260724/run/qc397_top20_plus_top10_fusion_developability_v2_20260726/fusion_panel_common4_bundle/representative_complexes/R18__NODE1GEN_127352__8x6b__s42.pdb	81c6e7485a412fef01816b390810d1090505edeaa0688a77fff6f9a3a101738d	/data/qlyu/projects/pvrig_node1_generated100k_multimodal_top5000_4seed_docking_results_v2_20260724/compressed_queue/CANDIDATE_NODE1GEN_127352_source_rfantibody_source_id_PVRIG_RFAb_v2_P6_ekg_L_bb203_mpn04_arm_P6_ekg_L_backbone_P6_ekg_L_bb203_status_NEEDS_RF2_AND_DOCKING_8x6b_s42_3f3d9c3441b5.tar.gz	runs/CANDIDATE_NODE1GEN_127352_source_rfantibody_source_id_PVRIG_RFAb_v2_P6_ekg_L_bb203_mpn04_arm_P6_ekg_L_backbone_P6_ekg_L_bb203_status_NEEDS_RF2_AND_DOCKING_8x6b_s42_3f3d9c3441b5/haddock_run/6_seletopclusts/cluster_1_model_1.pdb.gz	-84.511	STRICT_A	CANDIDATE_NODE1GEN_127352_source_rfantibody_source_id_PVRIG_RFAb_v2_P6_ekg_L_bb203_mpn04_arm_P6_ekg_L_backbone_P6_ekg_L_bb203_status_NEEDS_RF2_AND_DOCKING_8x6b_s42_3f3d9c3441b5	AT
18	NODE1GEN_127352_source_rfantibody_source_id_PVRIG_RFAb_v2_P6_ekg_L_bb203_mpn04_arm_P6_ekg_L_backbone_P6_ekg_L_bb203_status_NEEDS_RF2_AND_DOCKING	generated_top3000	rfantibody	9e6y	42	SUCCESS	cluster_1_model_1.pdb.gz	/data/qlyu/projects/pvrig_top7500_dualpanel_screen_v1_20260724/run/qc397_top20_plus_top10_fusion_developability_v2_20260726/fusion_panel_common4_bundle/representative_complexes/R18__NODE1GEN_127352__9e6y__s42.pdb	e92d123c62ffdedc3b398ac6fb1fccdc7fd615f948561c19473e6412423a8a56	/data/qlyu/projects/pvrig_node1_generated100k_multimodal_top5000_4seed_docking_results_v2_20260724/compressed_queue/CANDIDATE_NODE1GEN_127352_source_rfantibody_source_id_PVRIG_RFAb_v2_P6_ekg_L_bb203_mpn04_arm_P6_ekg_L_backbone_P6_ekg_L_bb203_status_NEEDS_RF2_AND_DOCKING_9e6y_s42_c50eadda60ba.tar.gz	runs/CANDIDATE_NODE1GEN_127352_source_rfantibody_source_id_PVRIG_RFAb_v2_P6_ekg_L_bb203_mpn04_arm_P6_ekg_L_backbone_P6_ekg_L_bb203_status_NEEDS_RF2_AND_DOCKING_9e6y_s42_c50eadda60ba/haddock_run/6_seletopclusts/cluster_1_model_1.pdb.gz	-92.6193	STRICT_A	CANDIDATE_NODE1GEN_127352_source_rfantibody_source_id_PVRIG_RFAb_v2_P6_ekg_L_bb203_mpn04_arm_P6_ekg_L_backbone_P6_ekg_L_bb203_status_NEEDS_RF2_AND_DOCKING_9e6y_s42_c50eadda60ba	AT
18	NODE1GEN_127352_source_rfantibody_source_id_PVRIG_RFAb_v2_P6_ekg_L_bb203_mpn04_arm_P6_ekg_L_backbone_P6_ekg_L_bb203_status_NEEDS_RF2_AND_DOCKING	generated_top3000	rfantibody	8x6b	917	SUCCESS	cluster_1_model_1.pdb.gz	/data/qlyu/projects/pvrig_top7500_dualpanel_screen_v1_20260724/run/qc397_top20_plus_top10_fusion_developability_v2_20260726/fusion_panel_common4_bundle/representative_complexes/R18__NODE1GEN_127352__8x6b__s917.pdb	4412e2f1e428c1f4a18bf700bac4c65efbbe1b78f630181cd327e86a073a595f	/data/qlyu/projects/pvrig_node1_generated100k_multimodal_top5000_4seed_docking_results_v2_20260724/compressed_queue/CANDIDATE_NODE1GEN_127352_source_rfantibody_source_id_PVRIG_RFAb_v2_P6_ekg_L_bb203_mpn04_arm_P6_ekg_L_backbone_P6_ekg_L_bb203_status_NEEDS_RF2_AND_DOCKING_8x6b_s917_1fe1d7fc46ad.tar.gz	runs/CANDIDATE_NODE1GEN_127352_source_rfantibody_source_id_PVRIG_RFAb_v2_P6_ekg_L_bb203_mpn04_arm_P6_ekg_L_backbone_P6_ekg_L_bb203_status_NEEDS_RF2_AND_DOCKING_8x6b_s917_1fe1d7fc46ad/haddock_run/6_seletopclusts/cluster_1_model_1.pdb.gz	-90.5328	STRICT_A	CANDIDATE_NODE1GEN_127352_source_rfantibody_source_id_PVRIG_RFAb_v2_P6_ekg_L_bb203_mpn04_arm_P6_ekg_L_backbone_P6_ekg_L_bb203_status_NEEDS_RF2_AND_DOCKING_8x6b_s917_1fe1d7fc46ad	AT
18	NODE1GEN_127352_source_rfantibody_source_id_PVRIG_RFAb_v2_P6_ekg_L_bb203_mpn04_arm_P6_ekg_L_backbone_P6_ekg_L_bb203_status_NEEDS_RF2_AND_DOCKING	generated_top3000	rfantibody	9e6y	917	SUCCESS	cluster_1_model_1.pdb.gz	/data/qlyu/projects/pvrig_top7500_dualpanel_screen_v1_20260724/run/qc397_top20_plus_top10_fusion_developability_v2_20260726/fusion_panel_common4_bundle/representative_complexes/R18__NODE1GEN_127352__9e6y__s917.pdb	c55305f24cf4d8d6f02ca005d072e90618f8116d7ffe1a86bec7b3d0a64f2c1d	/data/qlyu/projects/pvrig_node1_generated100k_multimodal_top5000_4seed_docking_results_v2_20260724/compressed_queue/CANDIDATE_NODE1GEN_127352_source_rfantibody_source_id_PVRIG_RFAb_v2_P6_ekg_L_bb203_mpn04_arm_P6_ekg_L_backbone_P6_ekg_L_bb203_status_NEEDS_RF2_AND_DOCKING_9e6y_s917_f1581531a3d8.tar.gz	runs/CANDIDATE_NODE1GEN_127352_source_rfantibody_source_id_PVRIG_RFAb_v2_P6_ekg_L_bb203_mpn04_arm_P6_ekg_L_backbone_P6_ekg_L_bb203_status_NEEDS_RF2_AND_DOCKING_9e6y_s917_f1581531a3d8/haddock_run/6_seletopclusts/cluster_1_model_1.pdb.gz	-85.2148	STRICT_A	CANDIDATE_NODE1GEN_127352_source_rfantibody_source_id_PVRIG_RFAb_v2_P6_ekg_L_bb203_mpn04_arm_P6_ekg_L_backbone_P6_ekg_L_bb203_status_NEEDS_RF2_AND_DOCKING_9e6y_s917_f1581531a3d8	AT
18	NODE1GEN_127352_source_rfantibody_source_id_PVRIG_RFAb_v2_P6_ekg_L_bb203_mpn04_arm_P6_ekg_L_backbone_P6_ekg_L_bb203_status_NEEDS_RF2_AND_DOCKING	generated_top3000	rfantibody	8x6b	1931	SUCCESS	cluster_1_model_1.pdb.gz	/data/qlyu/projects/pvrig_top7500_dualpanel_screen_v1_20260724/run/qc397_top20_plus_top10_fusion_developability_v2_20260726/fusion_panel_common4_bundle/representative_complexes/R18__NODE1GEN_127352__8x6b__s1931.pdb	f759abb5db3ab83a4e71aa7d4f1fdc4ebae28bd1f9c4236f6e6e036c28ed9ad2	/data/qlyu/projects/pvrig_node1_generated100k_multimodal_top5000_4seed_docking_results_v2_20260724/compressed_queue/CANDIDATE_NODE1GEN_127352_source_rfantibody_source_id_PVRIG_RFAb_v2_P6_ekg_L_bb203_mpn04_arm_P6_ekg_L_backbone_P6_ekg_L_bb203_status_NEEDS_RF2_AND_DOCKING_8x6b_s1931_82424be3a994.tar.gz	runs/CANDIDATE_NODE1GEN_127352_source_rfantibody_source_id_PVRIG_RFAb_v2_P6_ekg_L_bb203_mpn04_arm_P6_ekg_L_backbone_P6_ekg_L_bb203_status_NEEDS_RF2_AND_DOCKING_8x6b_s1931_82424be3a994/haddock_run/6_seletopclusts/cluster_1_model_1.pdb.gz	-79.31796	STRICT_A	CANDIDATE_NODE1GEN_127352_source_rfantibody_source_id_PVRIG_RFAb_v2_P6_ekg_L_bb203_mpn04_arm_P6_ekg_L_backbone_P6_ekg_L_bb203_status_NEEDS_RF2_AND_DOCKING_8x6b_s1931_82424be3a994	AT
18	NODE1GEN_127352_source_rfantibody_source_id_PVRIG_RFAb_v2_P6_ekg_L_bb203_mpn04_arm_P6_ekg_L_backbone_P6_ekg_L_bb203_status_NEEDS_RF2_AND_DOCKING	generated_top3000	rfantibody	9e6y	1931	SUCCESS	cluster_1_model_1.pdb.gz	/data/qlyu/projects/pvrig_top7500_dualpanel_screen_v1_20260724/run/qc397_top20_plus_top10_fusion_developability_v2_20260726/fusion_panel_common4_bundle/representative_complexes/R18__NODE1GEN_127352__9e6y__s1931.pdb	e0e50c3a9ca6b8a276f6a03c71747b961e728460439709f25e30450a89227ae7	/data/qlyu/projects/pvrig_node1_generated100k_multimodal_top5000_4seed_docking_results_v2_20260724/compressed_queue/CANDIDATE_NODE1GEN_127352_source_rfantibody_source_id_PVRIG_RFAb_v2_P6_ekg_L_bb203_mpn04_arm_P6_ekg_L_backbone_P6_ekg_L_bb203_status_NEEDS_RF2_AND_DOCKING_9e6y_s1931_a23d48ddce56.tar.gz	runs/CANDIDATE_NODE1GEN_127352_source_rfantibody_source_id_PVRIG_RFAb_v2_P6_ekg_L_bb203_mpn04_arm_P6_ekg_L_backbone_P6_ekg_L_bb203_status_NEEDS_RF2_AND_DOCKING_9e6y_s1931_a23d48ddce56/haddock_run/6_seletopclusts/cluster_1_model_1.pdb.gz	-85.1178	STRICT_A	CANDIDATE_NODE1GEN_127352_source_rfantibody_source_id_PVRIG_RFAb_v2_P6_ekg_L_bb203_mpn04_arm_P6_ekg_L_backbone_P6_ekg_L_bb203_status_NEEDS_RF2_AND_DOCKING_9e6y_s1931_a23d48ddce56	AT
18	NODE1GEN_127352_source_rfantibody_source_id_PVRIG_RFAb_v2_P6_ekg_L_bb203_mpn04_arm_P6_ekg_L_backbone_P6_ekg_L_bb203_status_NEEDS_RF2_AND_DOCKING	generated_top3000	rfantibody	8x6b	3047	SUCCESS	cluster_1_model_1.pdb.gz	/data/qlyu/projects/pvrig_top7500_dualpanel_screen_v1_20260724/run/qc397_top20_plus_top10_fusion_developability_v2_20260726/fusion_panel_common4_bundle/representative_complexes/R18__NODE1GEN_127352__8x6b__s3047.pdb	0eef7118f35f7024d70bdf239169c65b4575a0191e169e3923f7686094f256f8	/data/qlyu/projects/pvrig_node1_generated100k_multimodal_top5000_4seed_docking_results_v2_20260724/compressed_queue/CANDIDATE_NODE1GEN_127352_source_rfantibody_source_id_PVRIG_RFAb_v2_P6_ekg_L_bb203_mpn04_arm_P6_ekg_L_backbone_P6_ekg_L_bb203_status_NEEDS_RF2_AND_DOCKING_8x6b_s3047_5af65b33b921.tar.gz	runs/CANDIDATE_NODE1GEN_127352_source_rfantibody_source_id_PVRIG_RFAb_v2_P6_ekg_L_bb203_mpn04_arm_P6_ekg_L_backbone_P6_ekg_L_bb203_status_NEEDS_RF2_AND_DOCKING_8x6b_s3047_5af65b33b921/haddock_run/6_seletopclusts/cluster_1_model_1.pdb.gz	-91.9555	STRICT_A	CANDIDATE_NODE1GEN_127352_source_rfantibody_source_id_PVRIG_RFAb_v2_P6_ekg_L_bb203_mpn04_arm_P6_ekg_L_backbone_P6_ekg_L_bb203_status_NEEDS_RF2_AND_DOCKING_8x6b_s3047_5af65b33b921	AT
18	NODE1GEN_127352_source_rfantibody_source_id_PVRIG_RFAb_v2_P6_ekg_L_bb203_mpn04_arm_P6_ekg_L_backbone_P6_ekg_L_bb203_status_NEEDS_RF2_AND_DOCKING	generated_top3000	rfantibody	9e6y	3047	SUCCESS	cluster_1_model_1.pdb.gz	/data/qlyu/projects/pvrig_top7500_dualpanel_screen_v1_20260724/run/qc397_top20_plus_top10_fusion_developability_v2_20260726/fusion_panel_common4_bundle/representative_complexes/R18__NODE1GEN_127352__9e6y__s3047.pdb	e05063dd97d0057eea81651f63aef1ef7b5080d1a463e5a1e4e5e26372af6901	/data/qlyu/projects/pvrig_node1_generated100k_multimodal_top5000_4seed_docking_results_v2_20260724/compressed_queue/CANDIDATE_NODE1GEN_127352_source_rfantibody_source_id_PVRIG_RFAb_v2_P6_ekg_L_bb203_mpn04_arm_P6_ekg_L_backbone_P6_ekg_L_bb203_status_NEEDS_RF2_AND_DOCKING_9e6y_s3047_6ea691d240ca.tar.gz	runs/CANDIDATE_NODE1GEN_127352_source_rfantibody_source_id_PVRIG_RFAb_v2_P6_ekg_L_bb203_mpn04_arm_P6_ekg_L_backbone_P6_ekg_L_bb203_status_NEEDS_RF2_AND_DOCKING_9e6y_s3047_6ea691d240ca/haddock_run/6_seletopclusts/cluster_1_model_1.pdb.gz	-72.97756000000001	STRICT_A	CANDIDATE_NODE1GEN_127352_source_rfantibody_source_id_PVRIG_RFAb_v2_P6_ekg_L_bb203_mpn04_arm_P6_ekg_L_backbone_P6_ekg_L_bb203_status_NEEDS_RF2_AND_DOCKING_9e6y_s3047_6ea691d240ca	AT
19	P1MCPUFP__CPUFP500K_0089__00735	existing_old_new7500_top200	c2_four_seed	8x6b	42	SUCCESS	cluster_1_model_1.pdb.gz	/data/qlyu/projects/pvrig_top7500_dualpanel_screen_v1_20260724/run/qc397_top20_plus_top10_fusion_developability_v2_20260726/fusion_panel_common4_bundle/representative_complexes/R19__P1MCPUFP__CPUFP500K_0089__00735__8x6b__s42.pdb	d46fa951a80bc3eb8096dfd11f15dc0f7f443e994c84cefe217070f2bf10126d	/data1/qlyu/projects/pvrig_c2_new4220_seed42_3047_docking_results_v1_20260723/c2_new4220_seed42_3047/compressed_queue/CANDIDATE_P1MCPUFP__CPUFP500K_0089__00735_8x6b_s42_b9a6e9cf22eb.tar.gz	runs/CANDIDATE_P1MCPUFP__CPUFP500K_0089__00735_8x6b_s42_b9a6e9cf22eb/haddock_run/6_seletopclusts/cluster_1_model_1.pdb.gz	-76.34509999999999	STRICT_A	CANDIDATE_P1MCPUFP__CPUFP500K_0089__00735_8x6b_s42_b9a6e9cf22eb	AT
19	P1MCPUFP__CPUFP500K_0089__00735	existing_old_new7500_top200	c2_four_seed	9e6y	42	SUCCESS	cluster_1_model_1.pdb.gz	/data/qlyu/projects/pvrig_top7500_dualpanel_screen_v1_20260724/run/qc397_top20_plus_top10_fusion_developability_v2_20260726/fusion_panel_common4_bundle/representative_complexes/R19__P1MCPUFP__CPUFP500K_0089__00735__9e6y__s42.pdb	d08d8e74de8bb58d7dade7219ad2aa5f08edaa8889f5f72897f6c7dde982bca8	/data1/qlyu/projects/pvrig_c2_new4220_seed42_3047_docking_results_v1_20260723/c2_new4220_seed42_3047/compressed_queue/CANDIDATE_P1MCPUFP__CPUFP500K_0089__00735_9e6y_s42_55e2fec42ecb.tar.gz	runs/CANDIDATE_P1MCPUFP__CPUFP500K_0089__00735_9e6y_s42_55e2fec42ecb/haddock_run/6_seletopclusts/cluster_1_model_1.pdb.gz	-99.3605	STRICT_A	CANDIDATE_P1MCPUFP__CPUFP500K_0089__00735_9e6y_s42_55e2fec42ecb	AT
19	P1MCPUFP__CPUFP500K_0089__00735	existing_old_new7500_top200	c2_four_seed	8x6b	917	SUCCESS	cluster_1_model_1.pdb.gz	/data/qlyu/projects/pvrig_top7500_dualpanel_screen_v1_20260724/run/qc397_top20_plus_top10_fusion_developability_v2_20260726/fusion_panel_common4_bundle/representative_complexes/R19__P1MCPUFP__CPUFP500K_0089__00735__8x6b__s917.pdb	b963172e3fb05837f261bc2dfc7a7c5d3ab36fa948304c1b495ee8000324778e	/data1/qlyu/projects/pvrig_c2_new6220_dualreceptor_2seed_docking_results_v1_20260723/c2_new4220/compressed_queue/CANDIDATE_P1MCPUFP__CPUFP500K_0089__00735_8x6b_s917_abb2d6b07ca4.tar.gz	runs/CANDIDATE_P1MCPUFP__CPUFP500K_0089__00735_8x6b_s917_abb2d6b07ca4/haddock_run/6_seletopclusts/cluster_1_model_1.pdb.gz	-81.1698	STRICT_A	CANDIDATE_P1MCPUFP__CPUFP500K_0089__00735_8x6b_s917_abb2d6b07ca4	AT
19	P1MCPUFP__CPUFP500K_0089__00735	existing_old_new7500_top200	c2_four_seed	9e6y	917	SUCCESS	cluster_1_model_1.pdb.gz	/data/qlyu/projects/pvrig_top7500_dualpanel_screen_v1_20260724/run/qc397_top20_plus_top10_fusion_developability_v2_20260726/fusion_panel_common4_bundle/representative_complexes/R19__P1MCPUFP__CPUFP500K_0089__00735__9e6y__s917.pdb	992c15c0a8177b0d06f34e63278a6fdb84a00bfbb0cf7250cc08dac843b9895a	/data1/qlyu/projects/pvrig_c2_new6220_dualreceptor_2seed_docking_results_v1_20260723/c2_new4220/compressed_queue/CANDIDATE_P1MCPUFP__CPUFP500K_0089__00735_9e6y_s917_e7e6a1d177a6.tar.gz	runs/CANDIDATE_P1MCPUFP__CPUFP500K_0089__00735_9e6y_s917_e7e6a1d177a6/haddock_run/6_seletopclusts/cluster_1_model_1.pdb.gz	-75.79279999999999	STRICT_A	CANDIDATE_P1MCPUFP__CPUFP500K_0089__00735_9e6y_s917_e7e6a1d177a6	AT
19	P1MCPUFP__CPUFP500K_0089__00735	existing_old_new7500_top200	c2_four_seed	8x6b	1931	SUCCESS	cluster_1_model_1.pdb.gz	/data/qlyu/projects/pvrig_top7500_dualpanel_screen_v1_20260724/run/qc397_top20_plus_top10_fusion_developability_v2_20260726/fusion_panel_common4_bundle/representative_complexes/R19__P1MCPUFP__CPUFP500K_0089__00735__8x6b__s1931.pdb	6941d02fe0fa34b878ff4c68eabcd9ea092154c7013ed47a30c61a2db83e695b	/data1/qlyu/projects/pvrig_c2_new6220_dualreceptor_2seed_docking_results_v1_20260723/c2_new4220/compressed_queue/CANDIDATE_P1MCPUFP__CPUFP500K_0089__00735_8x6b_s1931_d7bf18ea1c2f.tar.gz	runs/CANDIDATE_P1MCPUFP__CPUFP500K_0089__00735_8x6b_s1931_d7bf18ea1c2f/haddock_run/6_seletopclusts/cluster_1_model_1.pdb.gz	-83.0068	STRICT_A	CANDIDATE_P1MCPUFP__CPUFP500K_0089__00735_8x6b_s1931_d7bf18ea1c2f	AT
19	P1MCPUFP__CPUFP500K_0089__00735	existing_old_new7500_top200	c2_four_seed	9e6y	1931	SUCCESS	cluster_1_model_1.pdb.gz	/data/qlyu/projects/pvrig_top7500_dualpanel_screen_v1_20260724/run/qc397_top20_plus_top10_fusion_developability_v2_20260726/fusion_panel_common4_bundle/representative_complexes/R19__P1MCPUFP__CPUFP500K_0089__00735__9e6y__s1931.pdb	d04c3fdea8171d2f63366643b2d04ce551f7e18312c1b01c9aa8a078112c9ab5	/data1/qlyu/projects/pvrig_c2_new6220_dualreceptor_2seed_docking_results_v1_20260723/c2_new4220/compressed_queue/CANDIDATE_P1MCPUFP__CPUFP500K_0089__00735_9e6y_s1931_ea8156d7d976.tar.gz	runs/CANDIDATE_P1MCPUFP__CPUFP500K_0089__00735_9e6y_s1931_ea8156d7d976/haddock_run/6_seletopclusts/cluster_1_model_1.pdb.gz	-78.44260000000001	STRICT_A	CANDIDATE_P1MCPUFP__CPUFP500K_0089__00735_9e6y_s1931_ea8156d7d976	AT
19	P1MCPUFP__CPUFP500K_0089__00735	existing_old_new7500_top200	c2_four_seed	8x6b	3047	SUCCESS	cluster_1_model_1.pdb.gz	/data/qlyu/projects/pvrig_top7500_dualpanel_screen_v1_20260724/run/qc397_top20_plus_top10_fusion_developability_v2_20260726/fusion_panel_common4_bundle/representative_complexes/R19__P1MCPUFP__CPUFP500K_0089__00735__8x6b__s3047.pdb	2d2bb19034e59be6eb2872ace41e8c587e171dff58b9c3efb7f7ec9d0154f407	/data1/qlyu/projects/pvrig_c2_new4220_seed42_3047_docking_results_v1_20260723/c2_new4220_seed42_3047/compressed_queue/CANDIDATE_P1MCPUFP__CPUFP500K_0089__00735_8x6b_s3047_bfd33960c7ac.tar.gz	runs/CANDIDATE_P1MCPUFP__CPUFP500K_0089__00735_8x6b_s3047_bfd33960c7ac/haddock_run/6_seletopclusts/cluster_1_model_1.pdb.gz	-95.08170000000001	STRICT_A	CANDIDATE_P1MCPUFP__CPUFP500K_0089__00735_8x6b_s3047_bfd33960c7ac	AT
19	P1MCPUFP__CPUFP500K_0089__00735	existing_old_new7500_top200	c2_four_seed	9e6y	3047	SUCCESS	cluster_1_model_1.pdb.gz	/data/qlyu/projects/pvrig_top7500_dualpanel_screen_v1_20260724/run/qc397_top20_plus_top10_fusion_developability_v2_20260726/fusion_panel_common4_bundle/representative_complexes/R19__P1MCPUFP__CPUFP500K_0089__00735__9e6y__s3047.pdb	7b4b990fed3e1e0f12dd2234273e5e67ea98103091396b120cec927e441a0d82	/data1/qlyu/projects/pvrig_c2_new4220_seed42_3047_docking_results_v1_20260723/c2_new4220_seed42_3047/compressed_queue/CANDIDATE_P1MCPUFP__CPUFP500K_0089__00735_9e6y_s3047_8f873bd355dd.tar.gz	runs/CANDIDATE_P1MCPUFP__CPUFP500K_0089__00735_9e6y_s3047_8f873bd355dd/haddock_run/6_seletopclusts/cluster_1_model_1.pdb.gz	-88.4116	STRICT_A	CANDIDATE_P1MCPUFP__CPUFP500K_0089__00735_9e6y_s3047_8f873bd355dd	AT
20	NODE1GEN_258472_source_fixed_pose_mpnn_source_id_P500K__FIXED_POSE_MPNN__2E2B33208D567583	generated_top3000	fixed_pose_mpnn	8x6b	42	SUCCESS	cluster_1_model_1.pdb.gz	/data/qlyu/projects/pvrig_top7500_dualpanel_screen_v1_20260724/run/qc397_top20_plus_top10_fusion_developability_v2_20260726/fusion_panel_common4_bundle/representative_complexes/R20__NODE1GEN_258472_source_fixed_pose_mpnn_source_id_P500K__FIXED_POSE_MPNN__2E2B33208D567583__8x6b__s42.pdb	0895d939c3a88e9d8e9444cc78f83a726f9126d149cc651caf64526143eb599b	/data/qlyu/projects/pvrig_node1_generated100k_multimodal_top5000_4seed_docking_results_v2_20260724/compressed_queue/CANDIDATE_NODE1GEN_258472_source_fixed_pose_mpnn_source_id_P500K__FIXED_POSE_MPNN__2E2B33208D567583_8x6b_s42_5a1b2aa30a1d.tar.gz	runs/CANDIDATE_NODE1GEN_258472_source_fixed_pose_mpnn_source_id_P500K__FIXED_POSE_MPNN__2E2B33208D567583_8x6b_s42_5a1b2aa30a1d/haddock_run/6_seletopclusts/cluster_1_model_1.pdb.gz	-76.38409999999999	STRICT_A	CANDIDATE_NODE1GEN_258472_source_fixed_pose_mpnn_source_id_P500K__FIXED_POSE_MPNN__2E2B33208D567583_8x6b_s42_5a1b2aa30a1d	AT
20	NODE1GEN_258472_source_fixed_pose_mpnn_source_id_P500K__FIXED_POSE_MPNN__2E2B33208D567583	generated_top3000	fixed_pose_mpnn	9e6y	42	SUCCESS	cluster_1_model_1.pdb.gz	/data/qlyu/projects/pvrig_top7500_dualpanel_screen_v1_20260724/run/qc397_top20_plus_top10_fusion_developability_v2_20260726/fusion_panel_common4_bundle/representative_complexes/R20__NODE1GEN_258472_source_fixed_pose_mpnn_source_id_P500K__FIXED_POSE_MPNN__2E2B33208D567583__9e6y__s42.pdb	49401793a6aed8853ebb4c9879029283ed453b2fa5b90058d2977981b8a533f7	/data/qlyu/projects/pvrig_node1_generated100k_multimodal_top5000_4seed_docking_results_v2_20260724/compressed_queue/CANDIDATE_NODE1GEN_258472_source_fixed_pose_mpnn_source_id_P500K__FIXED_POSE_MPNN__2E2B33208D567583_9e6y_s42_1d603753fe9a.tar.gz	runs/CANDIDATE_NODE1GEN_258472_source_fixed_pose_mpnn_source_id_P500K__FIXED_POSE_MPNN__2E2B33208D567583_9e6y_s42_1d603753fe9a/haddock_run/6_seletopclusts/cluster_1_model_1.pdb.gz	-75.76109999999998	STRICT_A	CANDIDATE_NODE1GEN_258472_source_fixed_pose_mpnn_source_id_P500K__FIXED_POSE_MPNN__2E2B33208D567583_9e6y_s42_1d603753fe9a	AT
20	NODE1GEN_258472_source_fixed_pose_mpnn_source_id_P500K__FIXED_POSE_MPNN__2E2B33208D567583	generated_top3000	fixed_pose_mpnn	8x6b	917	SUCCESS	cluster_1_model_1.pdb.gz	/data/qlyu/projects/pvrig_top7500_dualpanel_screen_v1_20260724/run/qc397_top20_plus_top10_fusion_developability_v2_20260726/fusion_panel_common4_bundle/representative_complexes/R20__NODE1GEN_258472_source_fixed_pose_mpnn_source_id_P500K__FIXED_POSE_MPNN__2E2B33208D567583__8x6b__s917.pdb	1df8b35dabed290a9b06b821edc4b24e55ae6fe0491d8356ce55c59e266fc3ec	/data/qlyu/projects/pvrig_node1_generated100k_multimodal_top5000_4seed_docking_results_v2_20260724/compressed_queue/CANDIDATE_NODE1GEN_258472_source_fixed_pose_mpnn_source_id_P500K__FIXED_POSE_MPNN__2E2B33208D567583_8x6b_s917_267634b47c74.tar.gz	runs/CANDIDATE_NODE1GEN_258472_source_fixed_pose_mpnn_source_id_P500K__FIXED_POSE_MPNN__2E2B33208D567583_8x6b_s917_267634b47c74/haddock_run/6_seletopclusts/cluster_1_model_1.pdb.gz	-74.0984	STRICT_A	CANDIDATE_NODE1GEN_258472_source_fixed_pose_mpnn_source_id_P500K__FIXED_POSE_MPNN__2E2B33208D567583_8x6b_s917_267634b47c74	AT
20	NODE1GEN_258472_source_fixed_pose_mpnn_source_id_P500K__FIXED_POSE_MPNN__2E2B33208D567583	generated_top3000	fixed_pose_mpnn	9e6y	917	SUCCESS	cluster_1_model_1.pdb.gz	/data/qlyu/projects/pvrig_top7500_dualpanel_screen_v1_20260724/run/qc397_top20_plus_top10_fusion_developability_v2_20260726/fusion_panel_common4_bundle/representative_complexes/R20__NODE1GEN_258472_source_fixed_pose_mpnn_source_id_P500K__FIXED_POSE_MPNN__2E2B33208D567583__9e6y__s917.pdb	a28829e162b32cd2ff02df8f4f85a26a18ebaa7d8058288f35dae9118225aef9	/data/qlyu/projects/pvrig_node1_generated100k_multimodal_top5000_4seed_docking_results_v2_20260724/compressed_queue/CANDIDATE_NODE1GEN_258472_source_fixed_pose_mpnn_source_id_P500K__FIXED_POSE_MPNN__2E2B33208D567583_9e6y_s917_d6bab930f073.tar.gz	runs/CANDIDATE_NODE1GEN_258472_source_fixed_pose_mpnn_source_id_P500K__FIXED_POSE_MPNN__2E2B33208D567583_9e6y_s917_d6bab930f073/haddock_run/6_seletopclusts/cluster_1_model_1.pdb.gz	-83.99167999999999	STRICT_A	CANDIDATE_NODE1GEN_258472_source_fixed_pose_mpnn_source_id_P500K__FIXED_POSE_MPNN__2E2B33208D567583_9e6y_s917_d6bab930f073	AT
20	NODE1GEN_258472_source_fixed_pose_mpnn_source_id_P500K__FIXED_POSE_MPNN__2E2B33208D567583	generated_top3000	fixed_pose_mpnn	8x6b	1931	SUCCESS	cluster_1_model_1.pdb.gz	/data/qlyu/projects/pvrig_top7500_dualpanel_screen_v1_20260724/run/qc397_top20_plus_top10_fusion_developability_v2_20260726/fusion_panel_common4_bundle/representative_complexes/R20__NODE1GEN_258472_source_fixed_pose_mpnn_source_id_P500K__FIXED_POSE_MPNN__2E2B33208D567583__8x6b__s1931.pdb	7215187b3e9fd8a49bb388bb3a31a0bd7c8e043ce8d1107678ecd9a469c26667	/data/qlyu/projects/pvrig_node1_generated100k_multimodal_top5000_4seed_docking_results_v2_20260724/compressed_queue/CANDIDATE_NODE1GEN_258472_source_fixed_pose_mpnn_source_id_P500K__FIXED_POSE_MPNN__2E2B33208D567583_8x6b_s1931_283b5cdb83bb.tar.gz	runs/CANDIDATE_NODE1GEN_258472_source_fixed_pose_mpnn_source_id_P500K__FIXED_POSE_MPNN__2E2B33208D567583_8x6b_s1931_283b5cdb83bb/haddock_run/6_seletopclusts/cluster_1_model_1.pdb.gz	-76.4514	STRICT_A	CANDIDATE_NODE1GEN_258472_source_fixed_pose_mpnn_source_id_P500K__FIXED_POSE_MPNN__2E2B33208D567583_8x6b_s1931_283b5cdb83bb	AT
20	NODE1GEN_258472_source_fixed_pose_mpnn_source_id_P500K__FIXED_POSE_MPNN__2E2B33208D567583	generated_top3000	fixed_pose_mpnn	9e6y	1931	SUCCESS	cluster_1_model_1.pdb.gz	/data/qlyu/projects/pvrig_top7500_dualpanel_screen_v1_20260724/run/qc397_top20_plus_top10_fusion_developability_v2_20260726/fusion_panel_common4_bundle/representative_complexes/R20__NODE1GEN_258472_source_fixed_pose_mpnn_source_id_P500K__FIXED_POSE_MPNN__2E2B33208D567583__9e6y__s1931.pdb	1672ded8fbd4adef78f339167cb6e64c3c78199441f49aadc860f66c377ce064	/data/qlyu/projects/pvrig_node1_generated100k_multimodal_top5000_4seed_docking_results_v2_20260724/compressed_queue/CANDIDATE_NODE1GEN_258472_source_fixed_pose_mpnn_source_id_P500K__FIXED_POSE_MPNN__2E2B33208D567583_9e6y_s1931_79d6d17fd789.tar.gz	runs/CANDIDATE_NODE1GEN_258472_source_fixed_pose_mpnn_source_id_P500K__FIXED_POSE_MPNN__2E2B33208D567583_9e6y_s1931_79d6d17fd789/haddock_run/6_seletopclusts/cluster_1_model_1.pdb.gz	-73.9538	STRICT_A	CANDIDATE_NODE1GEN_258472_source_fixed_pose_mpnn_source_id_P500K__FIXED_POSE_MPNN__2E2B33208D567583_9e6y_s1931_79d6d17fd789	AT
20	NODE1GEN_258472_source_fixed_pose_mpnn_source_id_P500K__FIXED_POSE_MPNN__2E2B33208D567583	generated_top3000	fixed_pose_mpnn	8x6b	3047	SUCCESS	cluster_1_model_1.pdb.gz	/data/qlyu/projects/pvrig_top7500_dualpanel_screen_v1_20260724/run/qc397_top20_plus_top10_fusion_developability_v2_20260726/fusion_panel_common4_bundle/representative_complexes/R20__NODE1GEN_258472_source_fixed_pose_mpnn_source_id_P500K__FIXED_POSE_MPNN__2E2B33208D567583__8x6b__s3047.pdb	c415f98deb89aba91678ace6ffab1e39dde9426eb406ac87bcf3610975cab7f4	/data/qlyu/projects/pvrig_node1_generated100k_multimodal_top5000_4seed_docking_results_v2_20260724/compressed_queue/CANDIDATE_NODE1GEN_258472_source_fixed_pose_mpnn_source_id_P500K__FIXED_POSE_MPNN__2E2B33208D567583_8x6b_s3047_53ca6ecf7fb3.tar.gz	runs/CANDIDATE_NODE1GEN_258472_source_fixed_pose_mpnn_source_id_P500K__FIXED_POSE_MPNN__2E2B33208D567583_8x6b_s3047_53ca6ecf7fb3/haddock_run/6_seletopclusts/cluster_1_model_1.pdb.gz	-72.45570000000001	STRICT_A	CANDIDATE_NODE1GEN_258472_source_fixed_pose_mpnn_source_id_P500K__FIXED_POSE_MPNN__2E2B33208D567583_8x6b_s3047_53ca6ecf7fb3	AT
20	NODE1GEN_258472_source_fixed_pose_mpnn_source_id_P500K__FIXED_POSE_MPNN__2E2B33208D567583	generated_top3000	fixed_pose_mpnn	9e6y	3047	SUCCESS	cluster_1_model_1.pdb.gz	/data/qlyu/projects/pvrig_top7500_dualpanel_screen_v1_20260724/run/qc397_top20_plus_top10_fusion_developability_v2_20260726/fusion_panel_common4_bundle/representative_complexes/R20__NODE1GEN_258472_source_fixed_pose_mpnn_source_id_P500K__FIXED_POSE_MPNN__2E2B33208D567583__9e6y__s3047.pdb	198c793de13b4225f1c799af0fd10b9f94c18c154094abcf0d5bc53d107ebf8d	/data/qlyu/projects/pvrig_node1_generated100k_multimodal_top5000_4seed_docking_results_v2_20260724/compressed_queue/CANDIDATE_NODE1GEN_258472_source_fixed_pose_mpnn_source_id_P500K__FIXED_POSE_MPNN__2E2B33208D567583_9e6y_s3047_72821e1048e6.tar.gz	runs/CANDIDATE_NODE1GEN_258472_source_fixed_pose_mpnn_source_id_P500K__FIXED_POSE_MPNN__2E2B33208D567583_9e6y_s3047_72821e1048e6/haddock_run/6_seletopclusts/cluster_1_model_1.pdb.gz	-70.2583	STRICT_A	CANDIDATE_NODE1GEN_258472_source_fixed_pose_mpnn_source_id_P500K__FIXED_POSE_MPNN__2E2B33208D567583_9e6y_s3047_72821e1048e6	AT
24	NODE1GEN_002130_source_rfantibody_source_id_PVRIG_RFAb_v2_P1_ekg_L_bb177_mpn10_arm_P1_ekg_L_backbone_P1_ekg_L_bb177_status_NEEDS_RF2_AND_DOCKING	generated_top3000	rfantibody	8x6b	42	SUCCESS	cluster_1_model_1.pdb.gz	/data/qlyu/projects/pvrig_top7500_dualpanel_screen_v1_20260724/run/qc397_top20_plus_top10_fusion_developability_v2_20260726/fusion_panel_common4_bundle/representative_complexes/R24__NODE1GEN_002130__8x6b__s42.pdb	97900c73537586037cc4c6978dd11d229fe0fe73eb060e14647af700d739f808	/data/qlyu/projects/pvrig_node1_generated100k_multimodal_top5000_4seed_docking_results_v2_20260724/compressed_queue/CANDIDATE_NODE1GEN_002130_source_rfantibody_source_id_PVRIG_RFAb_v2_P1_ekg_L_bb177_mpn10_arm_P1_ekg_L_backbone_P1_ekg_L_bb177_status_NEEDS_RF2_AND_DOCKING_8x6b_s42_4b32c9132c6a.tar.gz	runs/CANDIDATE_NODE1GEN_002130_source_rfantibody_source_id_PVRIG_RFAb_v2_P1_ekg_L_bb177_mpn10_arm_P1_ekg_L_backbone_P1_ekg_L_bb177_status_NEEDS_RF2_AND_DOCKING_8x6b_s42_4b32c9132c6a/haddock_run/6_seletopclusts/cluster_1_model_1.pdb.gz	-72.14030000000001	STRICT_A	CANDIDATE_NODE1GEN_002130_source_rfantibody_source_id_PVRIG_RFAb_v2_P1_ekg_L_bb177_mpn10_arm_P1_ekg_L_backbone_P1_ekg_L_bb177_status_NEEDS_RF2_AND_DOCKING_8x6b_s42_4b32c9132c6a	AT
24	NODE1GEN_002130_source_rfantibody_source_id_PVRIG_RFAb_v2_P1_ekg_L_bb177_mpn10_arm_P1_ekg_L_backbone_P1_ekg_L_bb177_status_NEEDS_RF2_AND_DOCKING	generated_top3000	rfantibody	9e6y	42	SUCCESS	cluster_1_model_1.pdb.gz	/data/qlyu/projects/pvrig_top7500_dualpanel_screen_v1_20260724/run/qc397_top20_plus_top10_fusion_developability_v2_20260726/fusion_panel_common4_bundle/representative_complexes/R24__NODE1GEN_002130__9e6y__s42.pdb	d8c067f2a2d8df789b9771774ed2e1f6094e676b5b6c24261f8b02475d86e457	/data/qlyu/projects/pvrig_node1_generated100k_multimodal_top5000_4seed_docking_results_v2_20260724/compressed_queue/CANDIDATE_NODE1GEN_002130_source_rfantibody_source_id_PVRIG_RFAb_v2_P1_ekg_L_bb177_mpn10_arm_P1_ekg_L_backbone_P1_ekg_L_bb177_status_NEEDS_RF2_AND_DOCKING_9e6y_s42_5a30663d9a3d.tar.gz	runs/CANDIDATE_NODE1GEN_002130_source_rfantibody_source_id_PVRIG_RFAb_v2_P1_ekg_L_bb177_mpn10_arm_P1_ekg_L_backbone_P1_ekg_L_bb177_status_NEEDS_RF2_AND_DOCKING_9e6y_s42_5a30663d9a3d/haddock_run/6_seletopclusts/cluster_1_model_1.pdb.gz	-62.451370000000004	STRICT_A	CANDIDATE_NODE1GEN_002130_source_rfantibody_source_id_PVRIG_RFAb_v2_P1_ekg_L_bb177_mpn10_arm_P1_ekg_L_backbone_P1_ekg_L_bb177_status_NEEDS_RF2_AND_DOCKING_9e6y_s42_5a30663d9a3d	AT
24	NODE1GEN_002130_source_rfantibody_source_id_PVRIG_RFAb_v2_P1_ekg_L_bb177_mpn10_arm_P1_ekg_L_backbone_P1_ekg_L_bb177_status_NEEDS_RF2_AND_DOCKING	generated_top3000	rfantibody	8x6b	917	SUCCESS	cluster_1_model_1.pdb.gz	/data/qlyu/projects/pvrig_top7500_dualpanel_screen_v1_20260724/run/qc397_top20_plus_top10_fusion_developability_v2_20260726/fusion_panel_common4_bundle/representative_complexes/R24__NODE1GEN_002130__8x6b__s917.pdb	fe74223dc20471b0a2c1fd370f7cc0926712d34c1cab592ac557fcae1df0fbb2	/data/qlyu/projects/pvrig_node1_generated100k_multimodal_top5000_4seed_docking_results_v2_20260724/compressed_queue/CANDIDATE_NODE1GEN_002130_source_rfantibody_source_id_PVRIG_RFAb_v2_P1_ekg_L_bb177_mpn10_arm_P1_ekg_L_backbone_P1_ekg_L_bb177_status_NEEDS_RF2_AND_DOCKING_8x6b_s917_bfbe5252f926.tar.gz	runs/CANDIDATE_NODE1GEN_002130_source_rfantibody_source_id_PVRIG_RFAb_v2_P1_ekg_L_bb177_mpn10_arm_P1_ekg_L_backbone_P1_ekg_L_bb177_status_NEEDS_RF2_AND_DOCKING_8x6b_s917_bfbe5252f926/haddock_run/6_seletopclusts/cluster_1_model_1.pdb.gz	-60.70179999999999	STRICT_A	CANDIDATE_NODE1GEN_002130_source_rfantibody_source_id_PVRIG_RFAb_v2_P1_ekg_L_bb177_mpn10_arm_P1_ekg_L_backbone_P1_ekg_L_bb177_status_NEEDS_RF2_AND_DOCKING_8x6b_s917_bfbe5252f926	AT
24	NODE1GEN_002130_source_rfantibody_source_id_PVRIG_RFAb_v2_P1_ekg_L_bb177_mpn10_arm_P1_ekg_L_backbone_P1_ekg_L_bb177_status_NEEDS_RF2_AND_DOCKING	generated_top3000	rfantibody	9e6y	917	SUCCESS	cluster_1_model_1.pdb.gz	/data/qlyu/projects/pvrig_top7500_dualpanel_screen_v1_20260724/run/qc397_top20_plus_top10_fusion_developability_v2_20260726/fusion_panel_common4_bundle/representative_complexes/R24__NODE1GEN_002130__9e6y__s917.pdb	9f27679f75f1a20907118342865d0ec5e30d8e311b6f71b9feb91533b356fea4	/data/qlyu/projects/pvrig_node1_generated100k_multimodal_top5000_4seed_docking_results_v2_20260724/compressed_queue/CANDIDATE_NODE1GEN_002130_source_rfantibody_source_id_PVRIG_RFAb_v2_P1_ekg_L_bb177_mpn10_arm_P1_ekg_L_backbone_P1_ekg_L_bb177_status_NEEDS_RF2_AND_DOCKING_9e6y_s917_8dcc74d724d7.tar.gz	runs/CANDIDATE_NODE1GEN_002130_source_rfantibody_source_id_PVRIG_RFAb_v2_P1_ekg_L_bb177_mpn10_arm_P1_ekg_L_backbone_P1_ekg_L_bb177_status_NEEDS_RF2_AND_DOCKING_9e6y_s917_8dcc74d724d7/haddock_run/6_seletopclusts/cluster_1_model_1.pdb.gz	-63.752739999999996	STRICT_A	CANDIDATE_NODE1GEN_002130_source_rfantibody_source_id_PVRIG_RFAb_v2_P1_ekg_L_bb177_mpn10_arm_P1_ekg_L_backbone_P1_ekg_L_bb177_status_NEEDS_RF2_AND_DOCKING_9e6y_s917_8dcc74d724d7	AT
24	NODE1GEN_002130_source_rfantibody_source_id_PVRIG_RFAb_v2_P1_ekg_L_bb177_mpn10_arm_P1_ekg_L_backbone_P1_ekg_L_bb177_status_NEEDS_RF2_AND_DOCKING	generated_top3000	rfantibody	8x6b	1931	SUCCESS	cluster_1_model_1.pdb.gz	/data/qlyu/projects/pvrig_top7500_dualpanel_screen_v1_20260724/run/qc397_top20_plus_top10_fusion_developability_v2_20260726/fusion_panel_common4_bundle/representative_complexes/R24__NODE1GEN_002130__8x6b__s1931.pdb	bed59bea70c5accfad695ad1a36244c43a4f2eb90bbfc7b967562d4b644c47ce	/data/qlyu/projects/pvrig_node1_generated100k_multimodal_top5000_4seed_docking_results_v2_20260724/compressed_queue/CANDIDATE_NODE1GEN_002130_source_rfantibody_source_id_PVRIG_RFAb_v2_P1_ekg_L_bb177_mpn10_arm_P1_ekg_L_backbone_P1_ekg_L_bb177_status_NEEDS_RF2_AND_DOCKING_8x6b_s1931_c81fa89aefd1.tar.gz	runs/CANDIDATE_NODE1GEN_002130_source_rfantibody_source_id_PVRIG_RFAb_v2_P1_ekg_L_bb177_mpn10_arm_P1_ekg_L_backbone_P1_ekg_L_bb177_status_NEEDS_RF2_AND_DOCKING_8x6b_s1931_c81fa89aefd1/haddock_run/6_seletopclusts/cluster_1_model_1.pdb.gz	-64.17858000000001	STRICT_A	CANDIDATE_NODE1GEN_002130_source_rfantibody_source_id_PVRIG_RFAb_v2_P1_ekg_L_bb177_mpn10_arm_P1_ekg_L_backbone_P1_ekg_L_bb177_status_NEEDS_RF2_AND_DOCKING_8x6b_s1931_c81fa89aefd1	AT
24	NODE1GEN_002130_source_rfantibody_source_id_PVRIG_RFAb_v2_P1_ekg_L_bb177_mpn10_arm_P1_ekg_L_backbone_P1_ekg_L_bb177_status_NEEDS_RF2_AND_DOCKING	generated_top3000	rfantibody	9e6y	1931	SUCCESS	cluster_1_model_1.pdb.gz	/data/qlyu/projects/pvrig_top7500_dualpanel_screen_v1_20260724/run/qc397_top20_plus_top10_fusion_developability_v2_20260726/fusion_panel_common4_bundle/representative_complexes/R24__NODE1GEN_002130__9e6y__s1931.pdb	79e5f21b01995638e6df45ddd23961540c60cd2e46f6d6ec15d904fd54db0407	/data/qlyu/projects/pvrig_node1_generated100k_multimodal_top5000_4seed_docking_results_v2_20260724/compressed_queue/CANDIDATE_NODE1GEN_002130_source_rfantibody_source_id_PVRIG_RFAb_v2_P1_ekg_L_bb177_mpn10_arm_P1_ekg_L_backbone_P1_ekg_L_bb177_status_NEEDS_RF2_AND_DOCKING_9e6y_s1931_ebf5e80e3289.tar.gz	runs/CANDIDATE_NODE1GEN_002130_source_rfantibody_source_id_PVRIG_RFAb_v2_P1_ekg_L_bb177_mpn10_arm_P1_ekg_L_backbone_P1_ekg_L_bb177_status_NEEDS_RF2_AND_DOCKING_9e6y_s1931_ebf5e80e3289/haddock_run/6_seletopclusts/cluster_1_model_1.pdb.gz	-57.97881000000001	STRICT_A	CANDIDATE_NODE1GEN_002130_source_rfantibody_source_id_PVRIG_RFAb_v2_P1_ekg_L_bb177_mpn10_arm_P1_ekg_L_backbone_P1_ekg_L_bb177_status_NEEDS_RF2_AND_DOCKING_9e6y_s1931_ebf5e80e3289	AT
24	NODE1GEN_002130_source_rfantibody_source_id_PVRIG_RFAb_v2_P1_ekg_L_bb177_mpn10_arm_P1_ekg_L_backbone_P1_ekg_L_bb177_status_NEEDS_RF2_AND_DOCKING	generated_top3000	rfantibody	8x6b	3047	SUCCESS	cluster_1_model_1.pdb.gz	/data/qlyu/projects/pvrig_top7500_dualpanel_screen_v1_20260724/run/qc397_top20_plus_top10_fusion_developability_v2_20260726/fusion_panel_common4_bundle/representative_complexes/R24__NODE1GEN_002130__8x6b__s3047.pdb	d7f83433b750a69b55a6abe90ba4f39e7f31ea0d41a1417f89449e68b2ecd274	/data/qlyu/projects/pvrig_node1_generated100k_multimodal_top5000_4seed_docking_results_v2_20260724/compressed_queue/CANDIDATE_NODE1GEN_002130_source_rfantibody_source_id_PVRIG_RFAb_v2_P1_ekg_L_bb177_mpn10_arm_P1_ekg_L_backbone_P1_ekg_L_bb177_status_NEEDS_RF2_AND_DOCKING_8x6b_s3047_66a6af7ad2ad.tar.gz	runs/CANDIDATE_NODE1GEN_002130_source_rfantibody_source_id_PVRIG_RFAb_v2_P1_ekg_L_bb177_mpn10_arm_P1_ekg_L_backbone_P1_ekg_L_bb177_status_NEEDS_RF2_AND_DOCKING_8x6b_s3047_66a6af7ad2ad/haddock_run/6_seletopclusts/cluster_1_model_1.pdb.gz	-68.18306	STRICT_A	CANDIDATE_NODE1GEN_002130_source_rfantibody_source_id_PVRIG_RFAb_v2_P1_ekg_L_bb177_mpn10_arm_P1_ekg_L_backbone_P1_ekg_L_bb177_status_NEEDS_RF2_AND_DOCKING_8x6b_s3047_66a6af7ad2ad	AT
24	NODE1GEN_002130_source_rfantibody_source_id_PVRIG_RFAb_v2_P1_ekg_L_bb177_mpn10_arm_P1_ekg_L_backbone_P1_ekg_L_bb177_status_NEEDS_RF2_AND_DOCKING	generated_top3000	rfantibody	9e6y	3047	SUCCESS	cluster_1_model_1.pdb.gz	/data/qlyu/projects/pvrig_top7500_dualpanel_screen_v1_20260724/run/qc397_top20_plus_top10_fusion_developability_v2_20260726/fusion_panel_common4_bundle/representative_complexes/R24__NODE1GEN_002130__9e6y__s3047.pdb	0a2950fd296c4580b1b08cd81d2e0683d6b89ee7068c9ab3fcb3af287d742e87	/data/qlyu/projects/pvrig_node1_generated100k_multimodal_top5000_4seed_docking_results_v2_20260724/compressed_queue/CANDIDATE_NODE1GEN_002130_source_rfantibody_source_id_PVRIG_RFAb_v2_P1_ekg_L_bb177_mpn10_arm_P1_ekg_L_backbone_P1_ekg_L_bb177_status_NEEDS_RF2_AND_DOCKING_9e6y_s3047_9cefe62918a2.tar.gz	runs/CANDIDATE_NODE1GEN_002130_source_rfantibody_source_id_PVRIG_RFAb_v2_P1_ekg_L_bb177_mpn10_arm_P1_ekg_L_backbone_P1_ekg_L_bb177_status_NEEDS_RF2_AND_DOCKING_9e6y_s3047_9cefe62918a2/haddock_run/6_seletopclusts/cluster_1_model_1.pdb.gz	-75.61930000000001	STRICT_A	CANDIDATE_NODE1GEN_002130_source_rfantibody_source_id_PVRIG_RFAb_v2_P1_ekg_L_bb177_mpn10_arm_P1_ekg_L_backbone_P1_ekg_L_bb177_status_NEEDS_RF2_AND_DOCKING_9e6y_s3047_9cefe62918a2	AT
31	NODE1GEN_128014_source_rfantibody_source_id_PVRIG_RFAb_v2_P6_ekg_L_bb258_mpn01_arm_P6_ekg_L_backbone_P6_ekg_L_bb258_status_NEEDS_RF2_AND_DOCKING	generated_top3000	rfantibody	8x6b	42	SUCCESS	cluster_1_model_1.pdb.gz	/data/qlyu/projects/pvrig_top7500_dualpanel_screen_v1_20260724/run/qc397_top20_plus_top10_fusion_developability_v2_20260726/fusion_panel_common4_bundle/representative_complexes/R31__NODE1GEN_128014__8x6b__s42.pdb	8c1429878a682e6326f487fee47aa780ff99c482f65e9603dbd89f4fa6595012	/data/qlyu/projects/pvrig_node1_generated100k_multimodal_top5000_4seed_docking_results_v2_20260724/compressed_queue/CANDIDATE_NODE1GEN_128014_source_rfantibody_source_id_PVRIG_RFAb_v2_P6_ekg_L_bb258_mpn01_arm_P6_ekg_L_backbone_P6_ekg_L_bb258_status_NEEDS_RF2_AND_DOCKING_8x6b_s42_6d22339a8f10.tar.gz	runs/CANDIDATE_NODE1GEN_128014_source_rfantibody_source_id_PVRIG_RFAb_v2_P6_ekg_L_bb258_mpn01_arm_P6_ekg_L_backbone_P6_ekg_L_bb258_status_NEEDS_RF2_AND_DOCKING_8x6b_s42_6d22339a8f10/haddock_run/6_seletopclusts/cluster_1_model_1.pdb.gz	-92.76410000000001	STRICT_A	CANDIDATE_NODE1GEN_128014_source_rfantibody_source_id_PVRIG_RFAb_v2_P6_ekg_L_bb258_mpn01_arm_P6_ekg_L_backbone_P6_ekg_L_bb258_status_NEEDS_RF2_AND_DOCKING_8x6b_s42_6d22339a8f10	AT
31	NODE1GEN_128014_source_rfantibody_source_id_PVRIG_RFAb_v2_P6_ekg_L_bb258_mpn01_arm_P6_ekg_L_backbone_P6_ekg_L_bb258_status_NEEDS_RF2_AND_DOCKING	generated_top3000	rfantibody	9e6y	42	SUCCESS	cluster_1_model_1.pdb.gz	/data/qlyu/projects/pvrig_top7500_dualpanel_screen_v1_20260724/run/qc397_top20_plus_top10_fusion_developability_v2_20260726/fusion_panel_common4_bundle/representative_complexes/R31__NODE1GEN_128014__9e6y__s42.pdb	658d9fd6eed2c9b995e0bed5c0ef87b54744a3cc176fcd328af6ddd3437a5f07	/data/qlyu/projects/pvrig_node1_generated100k_multimodal_top5000_4seed_docking_results_v2_20260724/compressed_queue/CANDIDATE_NODE1GEN_128014_source_rfantibody_source_id_PVRIG_RFAb_v2_P6_ekg_L_bb258_mpn01_arm_P6_ekg_L_backbone_P6_ekg_L_bb258_status_NEEDS_RF2_AND_DOCKING_9e6y_s42_09971e88ef9c.tar.gz	runs/CANDIDATE_NODE1GEN_128014_source_rfantibody_source_id_PVRIG_RFAb_v2_P6_ekg_L_bb258_mpn01_arm_P6_ekg_L_backbone_P6_ekg_L_bb258_status_NEEDS_RF2_AND_DOCKING_9e6y_s42_09971e88ef9c/haddock_run/6_seletopclusts/cluster_1_model_1.pdb.gz	-83.79545999999999	STRICT_A	CANDIDATE_NODE1GEN_128014_source_rfantibody_source_id_PVRIG_RFAb_v2_P6_ekg_L_bb258_mpn01_arm_P6_ekg_L_backbone_P6_ekg_L_bb258_status_NEEDS_RF2_AND_DOCKING_9e6y_s42_09971e88ef9c	AT
31	NODE1GEN_128014_source_rfantibody_source_id_PVRIG_RFAb_v2_P6_ekg_L_bb258_mpn01_arm_P6_ekg_L_backbone_P6_ekg_L_bb258_status_NEEDS_RF2_AND_DOCKING	generated_top3000	rfantibody	8x6b	917	SUCCESS	cluster_1_model_1.pdb.gz	/data/qlyu/projects/pvrig_top7500_dualpanel_screen_v1_20260724/run/qc397_top20_plus_top10_fusion_developability_v2_20260726/fusion_panel_common4_bundle/representative_complexes/R31__NODE1GEN_128014__8x6b__s917.pdb	390828a56c0ffefe6202c2aae1c76a433ae117ab494b131e5e80b7772ee37e6a	/data/qlyu/projects/pvrig_node1_generated100k_multimodal_top5000_4seed_docking_results_v2_20260724/compressed_queue/CANDIDATE_NODE1GEN_128014_source_rfantibody_source_id_PVRIG_RFAb_v2_P6_ekg_L_bb258_mpn01_arm_P6_ekg_L_backbone_P6_ekg_L_bb258_status_NEEDS_RF2_AND_DOCKING_8x6b_s917_3517e52e57f5.tar.gz	runs/CANDIDATE_NODE1GEN_128014_source_rfantibody_source_id_PVRIG_RFAb_v2_P6_ekg_L_bb258_mpn01_arm_P6_ekg_L_backbone_P6_ekg_L_bb258_status_NEEDS_RF2_AND_DOCKING_8x6b_s917_3517e52e57f5/haddock_run/6_seletopclusts/cluster_1_model_1.pdb.gz	-68.89093000000001	STRICT_A	CANDIDATE_NODE1GEN_128014_source_rfantibody_source_id_PVRIG_RFAb_v2_P6_ekg_L_bb258_mpn01_arm_P6_ekg_L_backbone_P6_ekg_L_bb258_status_NEEDS_RF2_AND_DOCKING_8x6b_s917_3517e52e57f5	AT
31	NODE1GEN_128014_source_rfantibody_source_id_PVRIG_RFAb_v2_P6_ekg_L_bb258_mpn01_arm_P6_ekg_L_backbone_P6_ekg_L_bb258_status_NEEDS_RF2_AND_DOCKING	generated_top3000	rfantibody	9e6y	917	SUCCESS	cluster_1_model_1.pdb.gz	/data/qlyu/projects/pvrig_top7500_dualpanel_screen_v1_20260724/run/qc397_top20_plus_top10_fusion_developability_v2_20260726/fusion_panel_common4_bundle/representative_complexes/R31__NODE1GEN_128014__9e6y__s917.pdb	dd5d0a557b2757a9fc9060eb4e4d81d72e79b44ba1c55e085ab25af3522ce331	/data/qlyu/projects/pvrig_node1_generated100k_multimodal_top5000_4seed_docking_results_v2_20260724/compressed_queue/CANDIDATE_NODE1GEN_128014_source_rfantibody_source_id_PVRIG_RFAb_v2_P6_ekg_L_bb258_mpn01_arm_P6_ekg_L_backbone_P6_ekg_L_bb258_status_NEEDS_RF2_AND_DOCKING_9e6y_s917_e1b15766e992.tar.gz	runs/CANDIDATE_NODE1GEN_128014_source_rfantibody_source_id_PVRIG_RFAb_v2_P6_ekg_L_bb258_mpn01_arm_P6_ekg_L_backbone_P6_ekg_L_bb258_status_NEEDS_RF2_AND_DOCKING_9e6y_s917_e1b15766e992/haddock_run/6_seletopclusts/cluster_1_model_1.pdb.gz	-73.08169000000002	STRICT_A	CANDIDATE_NODE1GEN_128014_source_rfantibody_source_id_PVRIG_RFAb_v2_P6_ekg_L_bb258_mpn01_arm_P6_ekg_L_backbone_P6_ekg_L_bb258_status_NEEDS_RF2_AND_DOCKING_9e6y_s917_e1b15766e992	AT
31	NODE1GEN_128014_source_rfantibody_source_id_PVRIG_RFAb_v2_P6_ekg_L_bb258_mpn01_arm_P6_ekg_L_backbone_P6_ekg_L_bb258_status_NEEDS_RF2_AND_DOCKING	generated_top3000	rfantibody	8x6b	1931	SUCCESS	cluster_1_model_1.pdb.gz	/data/qlyu/projects/pvrig_top7500_dualpanel_screen_v1_20260724/run/qc397_top20_plus_top10_fusion_developability_v2_20260726/fusion_panel_common4_bundle/representative_complexes/R31__NODE1GEN_128014__8x6b__s1931.pdb	82b053a88787048b38f879579666cd926da2ee0ea84fb0b2635a72e4a0b899ea	/data/qlyu/projects/pvrig_node1_generated100k_multimodal_top5000_4seed_docking_results_v2_20260724/compressed_queue/CANDIDATE_NODE1GEN_128014_source_rfantibody_source_id_PVRIG_RFAb_v2_P6_ekg_L_bb258_mpn01_arm_P6_ekg_L_backbone_P6_ekg_L_bb258_status_NEEDS_RF2_AND_DOCKING_8x6b_s1931_f99203dce248.tar.gz	runs/CANDIDATE_NODE1GEN_128014_source_rfantibody_source_id_PVRIG_RFAb_v2_P6_ekg_L_bb258_mpn01_arm_P6_ekg_L_backbone_P6_ekg_L_bb258_status_NEEDS_RF2_AND_DOCKING_8x6b_s1931_f99203dce248/haddock_run/6_seletopclusts/cluster_1_model_1.pdb.gz	-89.12536	STRICT_A	CANDIDATE_NODE1GEN_128014_source_rfantibody_source_id_PVRIG_RFAb_v2_P6_ekg_L_bb258_mpn01_arm_P6_ekg_L_backbone_P6_ekg_L_bb258_status_NEEDS_RF2_AND_DOCKING_8x6b_s1931_f99203dce248	AT
31	NODE1GEN_128014_source_rfantibody_source_id_PVRIG_RFAb_v2_P6_ekg_L_bb258_mpn01_arm_P6_ekg_L_backbone_P6_ekg_L_bb258_status_NEEDS_RF2_AND_DOCKING	generated_top3000	rfantibody	9e6y	1931	SUCCESS	cluster_1_model_1.pdb.gz	/data/qlyu/projects/pvrig_top7500_dualpanel_screen_v1_20260724/run/qc397_top20_plus_top10_fusion_developability_v2_20260726/fusion_panel_common4_bundle/representative_complexes/R31__NODE1GEN_128014__9e6y__s1931.pdb	ca735212c41ea9e62b8cba88b9042906154f7c4c0766e24688e010a84fe61519	/data/qlyu/projects/pvrig_node1_generated100k_multimodal_top5000_4seed_docking_results_v2_20260724/compressed_queue/CANDIDATE_NODE1GEN_128014_source_rfantibody_source_id_PVRIG_RFAb_v2_P6_ekg_L_bb258_mpn01_arm_P6_ekg_L_backbone_P6_ekg_L_bb258_status_NEEDS_RF2_AND_DOCKING_9e6y_s1931_fe6f92d35426.tar.gz	runs/CANDIDATE_NODE1GEN_128014_source_rfantibody_source_id_PVRIG_RFAb_v2_P6_ekg_L_bb258_mpn01_arm_P6_ekg_L_backbone_P6_ekg_L_bb258_status_NEEDS_RF2_AND_DOCKING_9e6y_s1931_fe6f92d35426/haddock_run/6_seletopclusts/cluster_1_model_1.pdb.gz	-72.03451000000001	STRICT_A	CANDIDATE_NODE1GEN_128014_source_rfantibody_source_id_PVRIG_RFAb_v2_P6_ekg_L_bb258_mpn01_arm_P6_ekg_L_backbone_P6_ekg_L_bb258_status_NEEDS_RF2_AND_DOCKING_9e6y_s1931_fe6f92d35426	AT
31	NODE1GEN_128014_source_rfantibody_source_id_PVRIG_RFAb_v2_P6_ekg_L_bb258_mpn01_arm_P6_ekg_L_backbone_P6_ekg_L_bb258_status_NEEDS_RF2_AND_DOCKING	generated_top3000	rfantibody	8x6b	3047	SUCCESS	cluster_1_model_1.pdb.gz	/data/qlyu/projects/pvrig_top7500_dualpanel_screen_v1_20260724/run/qc397_top20_plus_top10_fusion_developability_v2_20260726/fusion_panel_common4_bundle/representative_complexes/R31__NODE1GEN_128014__8x6b__s3047.pdb	693fc9359aa64681cb8d6b6a284f52aef39f1c05ca3a40a24c5cde7e03e7dbff	/data/qlyu/projects/pvrig_node1_generated100k_multimodal_top5000_4seed_docking_results_v2_20260724/compressed_queue/CANDIDATE_NODE1GEN_128014_source_rfantibody_source_id_PVRIG_RFAb_v2_P6_ekg_L_bb258_mpn01_arm_P6_ekg_L_backbone_P6_ekg_L_bb258_status_NEEDS_RF2_AND_DOCKING_8x6b_s3047_1c1812348282.tar.gz	runs/CANDIDATE_NODE1GEN_128014_source_rfantibody_source_id_PVRIG_RFAb_v2_P6_ekg_L_bb258_mpn01_arm_P6_ekg_L_backbone_P6_ekg_L_bb258_status_NEEDS_RF2_AND_DOCKING_8x6b_s3047_1c1812348282/haddock_run/6_seletopclusts/cluster_1_model_1.pdb.gz	-99.24828000000001	STRICT_A	CANDIDATE_NODE1GEN_128014_source_rfantibody_source_id_PVRIG_RFAb_v2_P6_ekg_L_bb258_mpn01_arm_P6_ekg_L_backbone_P6_ekg_L_bb258_status_NEEDS_RF2_AND_DOCKING_8x6b_s3047_1c1812348282	AT
31	NODE1GEN_128014_source_rfantibody_source_id_PVRIG_RFAb_v2_P6_ekg_L_bb258_mpn01_arm_P6_ekg_L_backbone_P6_ekg_L_bb258_status_NEEDS_RF2_AND_DOCKING	generated_top3000	rfantibody	9e6y	3047	SUCCESS	cluster_1_model_1.pdb.gz	/data/qlyu/projects/pvrig_top7500_dualpanel_screen_v1_20260724/run/qc397_top20_plus_top10_fusion_developability_v2_20260726/fusion_panel_common4_bundle/representative_complexes/R31__NODE1GEN_128014__9e6y__s3047.pdb	22df0497bd9a04c6b908d799b8483d750cd3b953c0afb02da40c2e4a95eca75d	/data/qlyu/projects/pvrig_node1_generated100k_multimodal_top5000_4seed_docking_results_v2_20260724/compressed_queue/CANDIDATE_NODE1GEN_128014_source_rfantibody_source_id_PVRIG_RFAb_v2_P6_ekg_L_bb258_mpn01_arm_P6_ekg_L_backbone_P6_ekg_L_bb258_status_NEEDS_RF2_AND_DOCKING_9e6y_s3047_43f70a37834c.tar.gz	runs/CANDIDATE_NODE1GEN_128014_source_rfantibody_source_id_PVRIG_RFAb_v2_P6_ekg_L_bb258_mpn01_arm_P6_ekg_L_backbone_P6_ekg_L_bb258_status_NEEDS_RF2_AND_DOCKING_9e6y_s3047_43f70a37834c/haddock_run/6_seletopclusts/cluster_1_model_1.pdb.gz	-77.70649	STRICT_A	CANDIDATE_NODE1GEN_128014_source_rfantibody_source_id_PVRIG_RFAb_v2_P6_ekg_L_bb258_mpn01_arm_P6_ekg_L_backbone_P6_ekg_L_bb258_status_NEEDS_RF2_AND_DOCKING_9e6y_s3047_43f70a37834c	AT
