{
  "dev": {
    "BLEND_HGB_0.25": {
      "ef": 3.7265625,
      "hits": 15,
      "k": 40,
      "n": 795,
      "positives": 80,
      "precision": 0.375,
      "recall": 0.1875,
      "rho": 0.6557519026983173
    },
    "BLEND_HGB_0.50": {
      "ef": 3.975,
      "hits": 16,
      "k": 40,
      "n": 795,
      "positives": 80,
      "precision": 0.4,
      "recall": 0.2,
      "rho": 0.6511939179850894
    },
    "BLEND_HGB_0.75": {
      "ef": 3.7265625,
      "hits": 15,
      "k": 40,
      "n": 795,
      "positives": 80,
      "precision": 0.375,
      "recall": 0.1875,
      "rho": 0.6446593366523238
    },
    "HGB": {
      "ef": 3.7265625,
      "hits": 15,
      "k": 40,
      "n": 795,
      "positives": 80,
      "precision": 0.375,
      "recall": 0.1875,
      "rho": 0.6384207464237651
    },
    "MEAN4": {
      "ef": 3.975,
      "hits": 16,
      "k": 40,
      "n": 795,
      "positives": 80,
      "precision": 0.4,
      "recall": 0.2,
      "rho": 0.6570328531066724
    }
  },
  "fixed_hgb": {
    "depth": 3,
    "l2": 5.0,
    "lr": 0.05,
    "max_iter": 128,
    "min_leaf": 128,
    "seed": 43
  },
  "oof": {
    "BLEND_HGB_0.25": {
      "ef": 3.042287455854038,
      "hits": 150,
      "k": 493,
      "n": 9849,
      "positives": 985,
      "precision": 0.30425963488843816,
      "recall": 0.15228426395939088,
      "rho": 0.6028167501038035
    },
    "BLEND_HGB_0.50": {
      "ef": 3.1639789540881993,
      "hits": 156,
      "k": 493,
      "n": 9849,
      "positives": 985,
      "precision": 0.31643002028397565,
      "recall": 0.15837563451776648,
      "rho": 0.5937971285060173
    },
    "BLEND_HGB_0.75": {
      "ef": 3.305952368694721,
      "hits": 163,
      "k": 493,
      "n": 9849,
      "positives": 985,
      "precision": 0.3306288032454361,
      "recall": 0.16548223350253807,
      "rho": 0.5754752163115254
    },
    "HGB": {
      "ef": 3.305952368694721,
      "hits": 163,
      "k": 493,
      "n": 9849,
      "positives": 985,
      "precision": 0.3306288032454361,
      "recall": 0.16548223350253807,
      "rho": 0.5494550485494593
    },
    "MEAN4": {
      "ef": 2.7177767938962742,
      "hits": 134,
      "k": 493,
      "n": 9849,
      "positives": 985,
      "precision": 0.2718052738336714,
      "recall": 0.13604060913705585,
      "rho": 0.6006555902425857
    },
    "fold_HGB": [
      {
        "ef": 2.7258953168044076,
        "hits": 27,
        "k": 99,
        "n": 1979,
        "positives": 198,
        "precision": 0.2727272727272727,
        "recall": 0.13636363636363635,
        "rho": 0.46109266791789294
      },
      {
        "ef": 4.141414141414141,
        "hits": 41,
        "k": 99,
        "n": 1980,
        "positives": 198,
        "precision": 0.41414141414141414,
        "recall": 0.20707070707070707,
        "rho": 0.6834305682783199
      },
      {
        "ef": 3.0287648054145517,
        "hits": 30,
        "k": 99,
        "n": 1969,
        "positives": 197,
        "precision": 0.30303030303030304,
        "recall": 0.15228426395939088,
        "rho": 0.4594148657657081
      },
      {
        "ef": 2.562730899955667,
        "hits": 26,
        "k": 101,
        "n": 2001,
        "positives": 201,
        "precision": 0.25742574257425743,
        "recall": 0.12935323383084577,
        "rho": 0.5613078294663232
      },
      {
        "ef": 4.895833333333333,
        "hits": 47,
        "k": 96,
        "n": 1920,
        "positives": 192,
        "precision": 0.4895833333333333,
        "recall": 0.24479166666666666,
        "rho": 0.5737711791392563
      }
    ]
  },
  "schema": "v213_fixed_hgb_descriptive_v1"
}
