{
  "base_and_fixed_scores": {
    "B": {
      "ef5": 2.210953346855984,
      "hits": 109
    },
    "C2": {
      "ef5": 1.5415821501014197,
      "hits": 76
    },
    "M2": {
      "ef5": 2.677484787018255,
      "hits": 132
    },
    "S0": {
      "ef5": 2.6977687626774847,
      "hits": 133
    },
    "mean_minus_0.25_std": {
      "ef5": 2.758620689655172,
      "hits": 136
    },
    "mean_minus_0.5_std": {
      "ef5": 2.636916835699797,
      "hits": 130
    },
    "mean_minus_0_std": {
      "ef5": 2.718052738336714,
      "hits": 134
    },
    "mean_minus_1_std": {
      "ef5": 2.4949290060851927,
      "hits": 123
    },
    "mean_minus_2_std": {
      "ef5": 2.2920892494929004,
      "hits": 113
    },
    "mean_rank_power_0.25": {
      "ef5": 2.758620689655172,
      "hits": 136
    },
    "mean_rank_power_0.5": {
      "ef5": 2.758620689655172,
      "hits": 136
    },
    "mean_rank_power_1": {
      "ef5": 2.718052738336714,
      "hits": 134
    },
    "mean_rank_power_2": {
      "ef5": 2.718052738336714,
      "hits": 134
    },
    "mean_rank_power_3": {
      "ef5": 2.758620689655172,
      "hits": 136
    },
    "mean_rank_power_5": {
      "ef5": 2.677484787018255,
      "hits": 132
    },
    "mean_rank_power_8": {
      "ef5": 2.758620689655172,
      "hits": 136
    },
    "quantile_0": {
      "ef5": 2.2718052738336714,
      "hits": 112
    },
    "quantile_0.1": {
      "ef5": 2.434077079107505,
      "hits": 120
    },
    "quantile_0.25": {
      "ef5": 2.7383367139959427,
      "hits": 135
    },
    "quantile_0.5": {
      "ef5": 2.677484787018255,
      "hits": 132
    },
    "quantile_0.75": {
      "ef5": 2.7383367139959427,
      "hits": 135
    },
    "quantile_1": {
      "ef5": 2.5152129817444218,
      "hits": 124
    },
    "vote_0.7_eps_0.001": {
      "ef5": 2.636916835699797,
      "hits": 130
    },
    "vote_0.7_eps_0.01": {
      "ef5": 2.636916835699797,
      "hits": 130
    },
    "vote_0.7_eps_0.1": {
      "ef5": 2.636916835699797,
      "hits": 130
    },
    "vote_0.8_eps_0.001": {
      "ef5": 2.718052738336714,
      "hits": 134
    },
    "vote_0.8_eps_0.01": {
      "ef5": 2.718052738336714,
      "hits": 134
    },
    "vote_0.8_eps_0.1": {
      "ef5": 2.718052738336714,
      "hits": 134
    },
    "vote_0.95_eps_0.001": {
      "ef5": 2.5963488843813387,
      "hits": 128
    },
    "vote_0.95_eps_0.01": {
      "ef5": 2.5963488843813387,
      "hits": 128
    },
    "vote_0.95_eps_0.1": {
      "ef5": 2.5963488843813387,
      "hits": 128
    },
    "vote_0.9_eps_0.001": {
      "ef5": 2.8194726166328596,
      "hits": 139
    },
    "vote_0.9_eps_0.01": {
      "ef5": 2.8194726166328596,
      "hits": 139
    },
    "vote_0.9_eps_0.1": {
      "ef5": 2.8194726166328596,
      "hits": 139
    }
  },
  "optimistic_full_label_rank_grid": {
    "ef5": 3.0831643002028395,
    "hits": 152,
    "weights": [
      0.15000000000000002,
      0.55,
      0.2,
      0.09999999999999992
    ]
  },
  "oracle_union_coverage": {
    "0.05": {
      "max_possible_ef5": 6.591622821017082,
      "max_possible_hits_at_budget5": 325,
      "truth_top10_in_union": 325,
      "union_size": 1539
    },
    "0.1": {
      "max_possible_ef5": 9.998984771573605,
      "max_possible_hits_at_budget5": 493,
      "truth_top10_in_union": 545,
      "union_size": 2734
    },
    "0.2": {
      "max_possible_ef5": 9.998984771573605,
      "max_possible_hits_at_budget5": 493,
      "truth_top10_in_union": 758,
      "union_size": 4412
    },
    "0.3": {
      "max_possible_ef5": 9.998984771573605,
      "max_possible_hits_at_budget5": 493,
      "truth_top10_in_union": 853,
      "union_size": 5373
    }
  }
}
