model,baseline,haddock_rank,haddock_score,hotspot_overlap_count,align_rmsd_A,total_vhh_pvrl2_atom_occlusion,total_vhh_pvrl2_residue_pair_occlusion,total_vhh_pvrl2_atom_clash,total_vhh_pvrl2_residue_pair_clash,cdr3_atom_occlusion,cdr3_atom_occlusion_fraction,cdr3_residue_pair_occlusion,cdr3_residue_pair_occlusion_fraction,cdr3_atom_clash,cdr3_residue_pair_clash,cdr3_vhh_residue_count,cdr3_pvrl2_residue_count,cdr12_atom_occlusion,cdr12_residue_pair_occlusion,framework_atom_occlusion,framework_residue_pair_occlusion,framework_residue_pair_occlusion_fraction
cluster_1_model_1,9e6y,1,,10,0.596,8200,689,1507,235,1829,0.22304878048780488,146,0.21190130624092887,367,52,13,44,1076,65,5295,478,0.6937590711175616
cluster_1_model_2,9e6y,2,,10,0.637,8320,701,1523,248,1837,0.22079326923076922,137,0.19543509272467904,365,54,13,42,928,59,5555,505,0.7203994293865906
cluster_1_model_3,9e6y,3,,9,0.620,8186,684,1491,236,1862,0.22746151966772538,146,0.2134502923976608,376,52,13,46,1092,69,5232,469,0.685672514619883
cluster_1_model_4,9e6y,5,,7,0.505,7880,665,1417,243,1850,0.23477157360406092,136,0.20451127819548873,346,57,13,43,856,54,5174,475,0.7142857142857143
cluster_2_model_1,9e6y,4,,9,0.670,6477,528,1178,193,855,0.13200555812876333,60,0.11363636363636363,194,24,10,21,1328,110,4294,358,0.678030303030303
cluster_3_model_1,9e6y,6,,12,0.594,9932,825,1797,301,1952,0.19653644784534838,150,0.18181818181818182,368,58,13,46,1670,112,6310,563,0.6824242424242424
cluster_4_model_1,9e6y,7,,9,0.507,9080,757,1580,266,1868,0.20572687224669603,134,0.17701453104359313,321,53,13,41,1777,134,5435,489,0.6459709379128138
