job_id	priority	entity_type	entity_id	control_class	expected_behavior	conformation	seed	sequence_sha256	cdr1_range	cdr2_range	cdr3_range	cdr_residues	monomer_source	monomer_source_kind	monomer_source_chain	monomer_sha256	receptor_pdb	receptor_chain	ligand_chain	vhh_chain	numbering	cfg_hash	restraint_hash	protocol_core_sha256	protocol_hash	job_hash	job_hash_basis	candidate_priority_rank	docking_stage	repeat_selection_rank
CANDIDATE_P1MCPUFP__CPUFP500K_0107__00292_8x6b_s42_93585e7f8def	1	candidate	P1MCPUFP__CPUFP500K_0107__00292		CANDIDATE_UNKNOWN	8x6b	42	6410ab84743bb4ada0739d19f98f972e84e0b5cf45368613806cc3181fee46af	26-35	53-59	98-116	27,28,29,30,31,34,35,36,37,38,56,57,58,59,63,64,65,105,106,107,108,109,110,111,112,113,114,115,116,117	inputs/candidate_monomers/P1MCPUFP__CPUFP500K_0107__00292.pdb	frozen_nbb2_archive_extract	H	e3d81d796fe0b13161b003b9f82ae1a6552b8e20499cf8e86a3a78a0272497df	inputs/normalized/8x6b_pvrig_receptor.pdb	T	L	A	UniProt_Q6DKI7	6e3411303a8196b0e07523e8d66724b2c6a9380dca7a347caa47b5632620a2a8	cb4c825dedbb6b8ccf1510daf94ccd67c095d4743b9f9b2a3b6dc9fa7c1cda34	8c55751f66ac2930ce115a9419321a2b2bed220b61af2e1671f7ac6e6a2e33b3	8c55751f66ac2930ce115a9419321a2b2bed220b61af2e1671f7ac6e6a2e33b3	93585e7f8def1d76974d1558ccf2b3b5b8f9f6b923363efea35769b4ce5c6ff9	"{""cfg_hash"":""6e3411303a8196b0e07523e8d66724b2c6a9380dca7a347caa47b5632620a2a8"",""conformation"":""8x6b"",""entity_id"":""P1MCPUFP__CPUFP500K_0107__00292"",""entity_type"":""candidate"",""monomer_sha256"":""e3d81d796fe0b13161b003b9f82ae1a6552b8e20499cf8e86a3a78a0272497df"",""protocol_core_sha256"":""8c55751f66ac2930ce115a9419321a2b2bed220b61af2e1671f7ac6e6a2e33b3"",""restraint_hash"":""cb4c825dedbb6b8ccf1510daf94ccd67c095d4743b9f9b2a3b6dc9fa7c1cda34"",""seed"":42,""sequence_sha256"":""6410ab84743bb4ada0739d19f98f972e84e0b5cf45368613806cc3181fee46af""}"	128	FINAL50_COMMON4_SEED_COMPLETION	1
CANDIDATE_P1MCPUFP__CPUFP500K_0107__00292_9e6y_s42_a4ace079c699	2	candidate	P1MCPUFP__CPUFP500K_0107__00292		CANDIDATE_UNKNOWN	9e6y	42	6410ab84743bb4ada0739d19f98f972e84e0b5cf45368613806cc3181fee46af	26-35	53-59	98-116	27,28,29,30,31,34,35,36,37,38,56,57,58,59,63,64,65,105,106,107,108,109,110,111,112,113,114,115,116,117	inputs/candidate_monomers/P1MCPUFP__CPUFP500K_0107__00292.pdb	frozen_nbb2_archive_extract	H	e3d81d796fe0b13161b003b9f82ae1a6552b8e20499cf8e86a3a78a0272497df	inputs/normalized/9e6y_pvrig_receptor.pdb	T	L	A	UniProt_Q6DKI7	7b597e4976340689606e650f7a864d1c028938e4a1d0c4201b7092f53302813a	cb4c825dedbb6b8ccf1510daf94ccd67c095d4743b9f9b2a3b6dc9fa7c1cda34	8c55751f66ac2930ce115a9419321a2b2bed220b61af2e1671f7ac6e6a2e33b3	8c55751f66ac2930ce115a9419321a2b2bed220b61af2e1671f7ac6e6a2e33b3	a4ace079c699996275caa538b69800a396bdc3dff29f7e6007f1fc15bc07da9b	"{""cfg_hash"":""7b597e4976340689606e650f7a864d1c028938e4a1d0c4201b7092f53302813a"",""conformation"":""9e6y"",""entity_id"":""P1MCPUFP__CPUFP500K_0107__00292"",""entity_type"":""candidate"",""monomer_sha256"":""e3d81d796fe0b13161b003b9f82ae1a6552b8e20499cf8e86a3a78a0272497df"",""protocol_core_sha256"":""8c55751f66ac2930ce115a9419321a2b2bed220b61af2e1671f7ac6e6a2e33b3"",""restraint_hash"":""cb4c825dedbb6b8ccf1510daf94ccd67c095d4743b9f9b2a3b6dc9fa7c1cda34"",""seed"":42,""sequence_sha256"":""6410ab84743bb4ada0739d19f98f972e84e0b5cf45368613806cc3181fee46af""}"	128	FINAL50_COMMON4_SEED_COMPLETION	1
CANDIDATE_P1MCPUFP__CPUFP500K_0107__00292_8x6b_s3047_69c56d2f9ee6	3	candidate	P1MCPUFP__CPUFP500K_0107__00292		CANDIDATE_UNKNOWN	8x6b	3047	6410ab84743bb4ada0739d19f98f972e84e0b5cf45368613806cc3181fee46af	26-35	53-59	98-116	27,28,29,30,31,34,35,36,37,38,56,57,58,59,63,64,65,105,106,107,108,109,110,111,112,113,114,115,116,117	inputs/candidate_monomers/P1MCPUFP__CPUFP500K_0107__00292.pdb	frozen_nbb2_archive_extract	H	e3d81d796fe0b13161b003b9f82ae1a6552b8e20499cf8e86a3a78a0272497df	inputs/normalized/8x6b_pvrig_receptor.pdb	T	L	A	UniProt_Q6DKI7	21918201f2d7d8fd86e7fbe3003003c516ebb4de914b20d6f1f82a78554f6225	cb4c825dedbb6b8ccf1510daf94ccd67c095d4743b9f9b2a3b6dc9fa7c1cda34	8c55751f66ac2930ce115a9419321a2b2bed220b61af2e1671f7ac6e6a2e33b3	8c55751f66ac2930ce115a9419321a2b2bed220b61af2e1671f7ac6e6a2e33b3	69c56d2f9ee62f4e6d6bb450b98aba94fa625fc39f23be7fa69743f4f62021af	"{""cfg_hash"":""21918201f2d7d8fd86e7fbe3003003c516ebb4de914b20d6f1f82a78554f6225"",""conformation"":""8x6b"",""entity_id"":""P1MCPUFP__CPUFP500K_0107__00292"",""entity_type"":""candidate"",""monomer_sha256"":""e3d81d796fe0b13161b003b9f82ae1a6552b8e20499cf8e86a3a78a0272497df"",""protocol_core_sha256"":""8c55751f66ac2930ce115a9419321a2b2bed220b61af2e1671f7ac6e6a2e33b3"",""restraint_hash"":""cb4c825dedbb6b8ccf1510daf94ccd67c095d4743b9f9b2a3b6dc9fa7c1cda34"",""seed"":3047,""sequence_sha256"":""6410ab84743bb4ada0739d19f98f972e84e0b5cf45368613806cc3181fee46af""}"	128	FINAL50_COMMON4_SEED_COMPLETION	1
CANDIDATE_P1MCPUFP__CPUFP500K_0107__00292_9e6y_s3047_36c038c250f3	4	candidate	P1MCPUFP__CPUFP500K_0107__00292		CANDIDATE_UNKNOWN	9e6y	3047	6410ab84743bb4ada0739d19f98f972e84e0b5cf45368613806cc3181fee46af	26-35	53-59	98-116	27,28,29,30,31,34,35,36,37,38,56,57,58,59,63,64,65,105,106,107,108,109,110,111,112,113,114,115,116,117	inputs/candidate_monomers/P1MCPUFP__CPUFP500K_0107__00292.pdb	frozen_nbb2_archive_extract	H	e3d81d796fe0b13161b003b9f82ae1a6552b8e20499cf8e86a3a78a0272497df	inputs/normalized/9e6y_pvrig_receptor.pdb	T	L	A	UniProt_Q6DKI7	036faa08876ef5dc8e4331507bf042bf828faae3f3cf5a5fd358a89d5fb215da	cb4c825dedbb6b8ccf1510daf94ccd67c095d4743b9f9b2a3b6dc9fa7c1cda34	8c55751f66ac2930ce115a9419321a2b2bed220b61af2e1671f7ac6e6a2e33b3	8c55751f66ac2930ce115a9419321a2b2bed220b61af2e1671f7ac6e6a2e33b3	36c038c250f3251921364e97ae3aa2ffb6e74805ae43ee922853bf49fde957d8	"{""cfg_hash"":""036faa08876ef5dc8e4331507bf042bf828faae3f3cf5a5fd358a89d5fb215da"",""conformation"":""9e6y"",""entity_id"":""P1MCPUFP__CPUFP500K_0107__00292"",""entity_type"":""candidate"",""monomer_sha256"":""e3d81d796fe0b13161b003b9f82ae1a6552b8e20499cf8e86a3a78a0272497df"",""protocol_core_sha256"":""8c55751f66ac2930ce115a9419321a2b2bed220b61af2e1671f7ac6e6a2e33b3"",""restraint_hash"":""cb4c825dedbb6b8ccf1510daf94ccd67c095d4743b9f9b2a3b6dc9fa7c1cda34"",""seed"":3047,""sequence_sha256"":""6410ab84743bb4ada0739d19f98f972e84e0b5cf45368613806cc3181fee46af""}"	128	FINAL50_COMMON4_SEED_COMPLETION	1
CANDIDATE_P1MCPUFP__CPUFP500K_0032__00042_8x6b_s42_3ccc05ef9a84	5	candidate	P1MCPUFP__CPUFP500K_0032__00042		CANDIDATE_UNKNOWN	8x6b	42	124b53e54df3e863efeb393671f2fa6ce1db460473af96c7816e18afa54eaeb8	26-33	51-58	97-112	27,28,29,30,35,36,37,38,56,57,58,59,62,63,64,65,105,106,107,108,109,110,111,112,113,114,115,116,117	inputs/candidate_monomers/P1MCPUFP__CPUFP500K_0032__00042.pdb	frozen_nbb2_archive_extract	H	e59f4c8ee7480bb9a41f46968e14a4d420c58d8ccd424bba2f8b69bf1cafc0aa	inputs/normalized/8x6b_pvrig_receptor.pdb	T	L	A	UniProt_Q6DKI7	6e3411303a8196b0e07523e8d66724b2c6a9380dca7a347caa47b5632620a2a8	4c76f09ba6c24bc9c82a9a97a8fa1f279c4d5ce2a6d051dbf284751701c25880	8c55751f66ac2930ce115a9419321a2b2bed220b61af2e1671f7ac6e6a2e33b3	8c55751f66ac2930ce115a9419321a2b2bed220b61af2e1671f7ac6e6a2e33b3	3ccc05ef9a84edcbc497a5a880689d3a71dbf613aa0d1a514b24af18c3456eb7	"{""cfg_hash"":""6e3411303a8196b0e07523e8d66724b2c6a9380dca7a347caa47b5632620a2a8"",""conformation"":""8x6b"",""entity_id"":""P1MCPUFP__CPUFP500K_0032__00042"",""entity_type"":""candidate"",""monomer_sha256"":""e59f4c8ee7480bb9a41f46968e14a4d420c58d8ccd424bba2f8b69bf1cafc0aa"",""protocol_core_sha256"":""8c55751f66ac2930ce115a9419321a2b2bed220b61af2e1671f7ac6e6a2e33b3"",""restraint_hash"":""4c76f09ba6c24bc9c82a9a97a8fa1f279c4d5ce2a6d051dbf284751701c25880"",""seed"":42,""sequence_sha256"":""124b53e54df3e863efeb393671f2fa6ce1db460473af96c7816e18afa54eaeb8""}"	316	FINAL50_COMMON4_SEED_COMPLETION	2
CANDIDATE_P1MCPUFP__CPUFP500K_0032__00042_9e6y_s42_05b594d8207b	6	candidate	P1MCPUFP__CPUFP500K_0032__00042		CANDIDATE_UNKNOWN	9e6y	42	124b53e54df3e863efeb393671f2fa6ce1db460473af96c7816e18afa54eaeb8	26-33	51-58	97-112	27,28,29,30,35,36,37,38,56,57,58,59,62,63,64,65,105,106,107,108,109,110,111,112,113,114,115,116,117	inputs/candidate_monomers/P1MCPUFP__CPUFP500K_0032__00042.pdb	frozen_nbb2_archive_extract	H	e59f4c8ee7480bb9a41f46968e14a4d420c58d8ccd424bba2f8b69bf1cafc0aa	inputs/normalized/9e6y_pvrig_receptor.pdb	T	L	A	UniProt_Q6DKI7	7b597e4976340689606e650f7a864d1c028938e4a1d0c4201b7092f53302813a	4c76f09ba6c24bc9c82a9a97a8fa1f279c4d5ce2a6d051dbf284751701c25880	8c55751f66ac2930ce115a9419321a2b2bed220b61af2e1671f7ac6e6a2e33b3	8c55751f66ac2930ce115a9419321a2b2bed220b61af2e1671f7ac6e6a2e33b3	05b594d8207b39e6c7981ae6a3aeeb7d80b4020eaa363ab8a519b428ea0cf091	"{""cfg_hash"":""7b597e4976340689606e650f7a864d1c028938e4a1d0c4201b7092f53302813a"",""conformation"":""9e6y"",""entity_id"":""P1MCPUFP__CPUFP500K_0032__00042"",""entity_type"":""candidate"",""monomer_sha256"":""e59f4c8ee7480bb9a41f46968e14a4d420c58d8ccd424bba2f8b69bf1cafc0aa"",""protocol_core_sha256"":""8c55751f66ac2930ce115a9419321a2b2bed220b61af2e1671f7ac6e6a2e33b3"",""restraint_hash"":""4c76f09ba6c24bc9c82a9a97a8fa1f279c4d5ce2a6d051dbf284751701c25880"",""seed"":42,""sequence_sha256"":""124b53e54df3e863efeb393671f2fa6ce1db460473af96c7816e18afa54eaeb8""}"	316	FINAL50_COMMON4_SEED_COMPLETION	2
CANDIDATE_P1MCPUFP__CPUFP500K_0032__00042_8x6b_s3047_583713030b22	7	candidate	P1MCPUFP__CPUFP500K_0032__00042		CANDIDATE_UNKNOWN	8x6b	3047	124b53e54df3e863efeb393671f2fa6ce1db460473af96c7816e18afa54eaeb8	26-33	51-58	97-112	27,28,29,30,35,36,37,38,56,57,58,59,62,63,64,65,105,106,107,108,109,110,111,112,113,114,115,116,117	inputs/candidate_monomers/P1MCPUFP__CPUFP500K_0032__00042.pdb	frozen_nbb2_archive_extract	H	e59f4c8ee7480bb9a41f46968e14a4d420c58d8ccd424bba2f8b69bf1cafc0aa	inputs/normalized/8x6b_pvrig_receptor.pdb	T	L	A	UniProt_Q6DKI7	21918201f2d7d8fd86e7fbe3003003c516ebb4de914b20d6f1f82a78554f6225	4c76f09ba6c24bc9c82a9a97a8fa1f279c4d5ce2a6d051dbf284751701c25880	8c55751f66ac2930ce115a9419321a2b2bed220b61af2e1671f7ac6e6a2e33b3	8c55751f66ac2930ce115a9419321a2b2bed220b61af2e1671f7ac6e6a2e33b3	583713030b229eca0b1c5b85188f431ae693543f13b09d0d471794addea7ee9e	"{""cfg_hash"":""21918201f2d7d8fd86e7fbe3003003c516ebb4de914b20d6f1f82a78554f6225"",""conformation"":""8x6b"",""entity_id"":""P1MCPUFP__CPUFP500K_0032__00042"",""entity_type"":""candidate"",""monomer_sha256"":""e59f4c8ee7480bb9a41f46968e14a4d420c58d8ccd424bba2f8b69bf1cafc0aa"",""protocol_core_sha256"":""8c55751f66ac2930ce115a9419321a2b2bed220b61af2e1671f7ac6e6a2e33b3"",""restraint_hash"":""4c76f09ba6c24bc9c82a9a97a8fa1f279c4d5ce2a6d051dbf284751701c25880"",""seed"":3047,""sequence_sha256"":""124b53e54df3e863efeb393671f2fa6ce1db460473af96c7816e18afa54eaeb8""}"	316	FINAL50_COMMON4_SEED_COMPLETION	2
CANDIDATE_P1MCPUFP__CPUFP500K_0032__00042_9e6y_s3047_9d0c526f5efb	8	candidate	P1MCPUFP__CPUFP500K_0032__00042		CANDIDATE_UNKNOWN	9e6y	3047	124b53e54df3e863efeb393671f2fa6ce1db460473af96c7816e18afa54eaeb8	26-33	51-58	97-112	27,28,29,30,35,36,37,38,56,57,58,59,62,63,64,65,105,106,107,108,109,110,111,112,113,114,115,116,117	inputs/candidate_monomers/P1MCPUFP__CPUFP500K_0032__00042.pdb	frozen_nbb2_archive_extract	H	e59f4c8ee7480bb9a41f46968e14a4d420c58d8ccd424bba2f8b69bf1cafc0aa	inputs/normalized/9e6y_pvrig_receptor.pdb	T	L	A	UniProt_Q6DKI7	036faa08876ef5dc8e4331507bf042bf828faae3f3cf5a5fd358a89d5fb215da	4c76f09ba6c24bc9c82a9a97a8fa1f279c4d5ce2a6d051dbf284751701c25880	8c55751f66ac2930ce115a9419321a2b2bed220b61af2e1671f7ac6e6a2e33b3	8c55751f66ac2930ce115a9419321a2b2bed220b61af2e1671f7ac6e6a2e33b3	9d0c526f5efb638df9ccca0f0eca219c00f6d092acb33b26647831c377dce316	"{""cfg_hash"":""036faa08876ef5dc8e4331507bf042bf828faae3f3cf5a5fd358a89d5fb215da"",""conformation"":""9e6y"",""entity_id"":""P1MCPUFP__CPUFP500K_0032__00042"",""entity_type"":""candidate"",""monomer_sha256"":""e59f4c8ee7480bb9a41f46968e14a4d420c58d8ccd424bba2f8b69bf1cafc0aa"",""protocol_core_sha256"":""8c55751f66ac2930ce115a9419321a2b2bed220b61af2e1671f7ac6e6a2e33b3"",""restraint_hash"":""4c76f09ba6c24bc9c82a9a97a8fa1f279c4d5ce2a6d051dbf284751701c25880"",""seed"":3047,""sequence_sha256"":""124b53e54df3e863efeb393671f2fa6ce1db460473af96c7816e18afa54eaeb8""}"	316	FINAL50_COMMON4_SEED_COMPLETION	2
CANDIDATE_P1MCPUFP__CPUFP500K_0086__00466_8x6b_s42_ad7b9ef5059b	9	candidate	P1MCPUFP__CPUFP500K_0086__00466		CANDIDATE_UNKNOWN	8x6b	42	9e91c2bcd67388f3118d962f905465480b13b0bd2acfa8d5d15faa05b8122afa	26-35	53-59	98-116	27,28,29,30,31,34,35,36,37,38,56,57,58,59,63,64,65,105,106,107,108,109,110,111,112,113,114,115,116,117	inputs/candidate_monomers/P1MCPUFP__CPUFP500K_0086__00466.pdb	frozen_nbb2_archive_extract	H	7ba35a095e1769cf251038a83f1cae0102d125e2b097061ecdff81c611b80ea7	inputs/normalized/8x6b_pvrig_receptor.pdb	T	L	A	UniProt_Q6DKI7	6e3411303a8196b0e07523e8d66724b2c6a9380dca7a347caa47b5632620a2a8	cb4c825dedbb6b8ccf1510daf94ccd67c095d4743b9f9b2a3b6dc9fa7c1cda34	8c55751f66ac2930ce115a9419321a2b2bed220b61af2e1671f7ac6e6a2e33b3	8c55751f66ac2930ce115a9419321a2b2bed220b61af2e1671f7ac6e6a2e33b3	ad7b9ef5059bf2da20ce65729bdf8717b455c27d24aa0800615a595b2fc1c243	"{""cfg_hash"":""6e3411303a8196b0e07523e8d66724b2c6a9380dca7a347caa47b5632620a2a8"",""conformation"":""8x6b"",""entity_id"":""P1MCPUFP__CPUFP500K_0086__00466"",""entity_type"":""candidate"",""monomer_sha256"":""7ba35a095e1769cf251038a83f1cae0102d125e2b097061ecdff81c611b80ea7"",""protocol_core_sha256"":""8c55751f66ac2930ce115a9419321a2b2bed220b61af2e1671f7ac6e6a2e33b3"",""restraint_hash"":""cb4c825dedbb6b8ccf1510daf94ccd67c095d4743b9f9b2a3b6dc9fa7c1cda34"",""seed"":42,""sequence_sha256"":""9e91c2bcd67388f3118d962f905465480b13b0bd2acfa8d5d15faa05b8122afa""}"	389	FINAL50_COMMON4_SEED_COMPLETION	6
CANDIDATE_P1MCPUFP__CPUFP500K_0086__00466_9e6y_s42_98752313f717	10	candidate	P1MCPUFP__CPUFP500K_0086__00466		CANDIDATE_UNKNOWN	9e6y	42	9e91c2bcd67388f3118d962f905465480b13b0bd2acfa8d5d15faa05b8122afa	26-35	53-59	98-116	27,28,29,30,31,34,35,36,37,38,56,57,58,59,63,64,65,105,106,107,108,109,110,111,112,113,114,115,116,117	inputs/candidate_monomers/P1MCPUFP__CPUFP500K_0086__00466.pdb	frozen_nbb2_archive_extract	H	7ba35a095e1769cf251038a83f1cae0102d125e2b097061ecdff81c611b80ea7	inputs/normalized/9e6y_pvrig_receptor.pdb	T	L	A	UniProt_Q6DKI7	7b597e4976340689606e650f7a864d1c028938e4a1d0c4201b7092f53302813a	cb4c825dedbb6b8ccf1510daf94ccd67c095d4743b9f9b2a3b6dc9fa7c1cda34	8c55751f66ac2930ce115a9419321a2b2bed220b61af2e1671f7ac6e6a2e33b3	8c55751f66ac2930ce115a9419321a2b2bed220b61af2e1671f7ac6e6a2e33b3	98752313f717b6f5ec225207923c46c21137e01113eb1b69bffeba2f0c82f715	"{""cfg_hash"":""7b597e4976340689606e650f7a864d1c028938e4a1d0c4201b7092f53302813a"",""conformation"":""9e6y"",""entity_id"":""P1MCPUFP__CPUFP500K_0086__00466"",""entity_type"":""candidate"",""monomer_sha256"":""7ba35a095e1769cf251038a83f1cae0102d125e2b097061ecdff81c611b80ea7"",""protocol_core_sha256"":""8c55751f66ac2930ce115a9419321a2b2bed220b61af2e1671f7ac6e6a2e33b3"",""restraint_hash"":""cb4c825dedbb6b8ccf1510daf94ccd67c095d4743b9f9b2a3b6dc9fa7c1cda34"",""seed"":42,""sequence_sha256"":""9e91c2bcd67388f3118d962f905465480b13b0bd2acfa8d5d15faa05b8122afa""}"	389	FINAL50_COMMON4_SEED_COMPLETION	6
CANDIDATE_P1MCPUFP__CPUFP500K_0086__00466_8x6b_s3047_43451036dd36	11	candidate	P1MCPUFP__CPUFP500K_0086__00466		CANDIDATE_UNKNOWN	8x6b	3047	9e91c2bcd67388f3118d962f905465480b13b0bd2acfa8d5d15faa05b8122afa	26-35	53-59	98-116	27,28,29,30,31,34,35,36,37,38,56,57,58,59,63,64,65,105,106,107,108,109,110,111,112,113,114,115,116,117	inputs/candidate_monomers/P1MCPUFP__CPUFP500K_0086__00466.pdb	frozen_nbb2_archive_extract	H	7ba35a095e1769cf251038a83f1cae0102d125e2b097061ecdff81c611b80ea7	inputs/normalized/8x6b_pvrig_receptor.pdb	T	L	A	UniProt_Q6DKI7	21918201f2d7d8fd86e7fbe3003003c516ebb4de914b20d6f1f82a78554f6225	cb4c825dedbb6b8ccf1510daf94ccd67c095d4743b9f9b2a3b6dc9fa7c1cda34	8c55751f66ac2930ce115a9419321a2b2bed220b61af2e1671f7ac6e6a2e33b3	8c55751f66ac2930ce115a9419321a2b2bed220b61af2e1671f7ac6e6a2e33b3	43451036dd36a19a61bdcbfa289d4fade72c801a1cb7621fff2e84262f1d5634	"{""cfg_hash"":""21918201f2d7d8fd86e7fbe3003003c516ebb4de914b20d6f1f82a78554f6225"",""conformation"":""8x6b"",""entity_id"":""P1MCPUFP__CPUFP500K_0086__00466"",""entity_type"":""candidate"",""monomer_sha256"":""7ba35a095e1769cf251038a83f1cae0102d125e2b097061ecdff81c611b80ea7"",""protocol_core_sha256"":""8c55751f66ac2930ce115a9419321a2b2bed220b61af2e1671f7ac6e6a2e33b3"",""restraint_hash"":""cb4c825dedbb6b8ccf1510daf94ccd67c095d4743b9f9b2a3b6dc9fa7c1cda34"",""seed"":3047,""sequence_sha256"":""9e91c2bcd67388f3118d962f905465480b13b0bd2acfa8d5d15faa05b8122afa""}"	389	FINAL50_COMMON4_SEED_COMPLETION	6
CANDIDATE_P1MCPUFP__CPUFP500K_0086__00466_9e6y_s3047_d46df4d32ac8	12	candidate	P1MCPUFP__CPUFP500K_0086__00466		CANDIDATE_UNKNOWN	9e6y	3047	9e91c2bcd67388f3118d962f905465480b13b0bd2acfa8d5d15faa05b8122afa	26-35	53-59	98-116	27,28,29,30,31,34,35,36,37,38,56,57,58,59,63,64,65,105,106,107,108,109,110,111,112,113,114,115,116,117	inputs/candidate_monomers/P1MCPUFP__CPUFP500K_0086__00466.pdb	frozen_nbb2_archive_extract	H	7ba35a095e1769cf251038a83f1cae0102d125e2b097061ecdff81c611b80ea7	inputs/normalized/9e6y_pvrig_receptor.pdb	T	L	A	UniProt_Q6DKI7	036faa08876ef5dc8e4331507bf042bf828faae3f3cf5a5fd358a89d5fb215da	cb4c825dedbb6b8ccf1510daf94ccd67c095d4743b9f9b2a3b6dc9fa7c1cda34	8c55751f66ac2930ce115a9419321a2b2bed220b61af2e1671f7ac6e6a2e33b3	8c55751f66ac2930ce115a9419321a2b2bed220b61af2e1671f7ac6e6a2e33b3	d46df4d32ac8b9f2068b72c890557bd97586c509bc790d98a11e2472fd0db50a	"{""cfg_hash"":""036faa08876ef5dc8e4331507bf042bf828faae3f3cf5a5fd358a89d5fb215da"",""conformation"":""9e6y"",""entity_id"":""P1MCPUFP__CPUFP500K_0086__00466"",""entity_type"":""candidate"",""monomer_sha256"":""7ba35a095e1769cf251038a83f1cae0102d125e2b097061ecdff81c611b80ea7"",""protocol_core_sha256"":""8c55751f66ac2930ce115a9419321a2b2bed220b61af2e1671f7ac6e6a2e33b3"",""restraint_hash"":""cb4c825dedbb6b8ccf1510daf94ccd67c095d4743b9f9b2a3b6dc9fa7c1cda34"",""seed"":3047,""sequence_sha256"":""9e91c2bcd67388f3118d962f905465480b13b0bd2acfa8d5d15faa05b8122afa""}"	389	FINAL50_COMMON4_SEED_COMPLETION	6
CANDIDATE_P1MCPUFP__CPUFP500K_0100__00383_8x6b_s42_bad4de10e471	13	candidate	P1MCPUFP__CPUFP500K_0100__00383		CANDIDATE_UNKNOWN	8x6b	42	f69bd2010a46452727d20704c4361da805ce4a60728526860d0ad0afc606772d	26-35	53-59	98-116	27,28,29,30,31,34,35,36,37,38,56,57,58,59,63,64,65,105,106,107,108,109,110,111,112,113,114,115,116,117	inputs/candidate_monomers/P1MCPUFP__CPUFP500K_0100__00383.pdb	frozen_nbb2_archive_extract	H	2b5954384d17be6a073fe1373497a48fd471eb6620c23dea0f47f6dd0b2fb5a9	inputs/normalized/8x6b_pvrig_receptor.pdb	T	L	A	UniProt_Q6DKI7	6e3411303a8196b0e07523e8d66724b2c6a9380dca7a347caa47b5632620a2a8	cb4c825dedbb6b8ccf1510daf94ccd67c095d4743b9f9b2a3b6dc9fa7c1cda34	8c55751f66ac2930ce115a9419321a2b2bed220b61af2e1671f7ac6e6a2e33b3	8c55751f66ac2930ce115a9419321a2b2bed220b61af2e1671f7ac6e6a2e33b3	bad4de10e4713fd7dce3db27ad190a39e4a318dab4c3539a48f55c4fb864e012	"{""cfg_hash"":""6e3411303a8196b0e07523e8d66724b2c6a9380dca7a347caa47b5632620a2a8"",""conformation"":""8x6b"",""entity_id"":""P1MCPUFP__CPUFP500K_0100__00383"",""entity_type"":""candidate"",""monomer_sha256"":""2b5954384d17be6a073fe1373497a48fd471eb6620c23dea0f47f6dd0b2fb5a9"",""protocol_core_sha256"":""8c55751f66ac2930ce115a9419321a2b2bed220b61af2e1671f7ac6e6a2e33b3"",""restraint_hash"":""cb4c825dedbb6b8ccf1510daf94ccd67c095d4743b9f9b2a3b6dc9fa7c1cda34"",""seed"":42,""sequence_sha256"":""f69bd2010a46452727d20704c4361da805ce4a60728526860d0ad0afc606772d""}"	253	FINAL50_COMMON4_SEED_COMPLETION	7
CANDIDATE_P1MCPUFP__CPUFP500K_0100__00383_9e6y_s42_e1919319e353	14	candidate	P1MCPUFP__CPUFP500K_0100__00383		CANDIDATE_UNKNOWN	9e6y	42	f69bd2010a46452727d20704c4361da805ce4a60728526860d0ad0afc606772d	26-35	53-59	98-116	27,28,29,30,31,34,35,36,37,38,56,57,58,59,63,64,65,105,106,107,108,109,110,111,112,113,114,115,116,117	inputs/candidate_monomers/P1MCPUFP__CPUFP500K_0100__00383.pdb	frozen_nbb2_archive_extract	H	2b5954384d17be6a073fe1373497a48fd471eb6620c23dea0f47f6dd0b2fb5a9	inputs/normalized/9e6y_pvrig_receptor.pdb	T	L	A	UniProt_Q6DKI7	7b597e4976340689606e650f7a864d1c028938e4a1d0c4201b7092f53302813a	cb4c825dedbb6b8ccf1510daf94ccd67c095d4743b9f9b2a3b6dc9fa7c1cda34	8c55751f66ac2930ce115a9419321a2b2bed220b61af2e1671f7ac6e6a2e33b3	8c55751f66ac2930ce115a9419321a2b2bed220b61af2e1671f7ac6e6a2e33b3	e1919319e3535da5832685a683464b22501f09547105e92ab6c309bb19e26610	"{""cfg_hash"":""7b597e4976340689606e650f7a864d1c028938e4a1d0c4201b7092f53302813a"",""conformation"":""9e6y"",""entity_id"":""P1MCPUFP__CPUFP500K_0100__00383"",""entity_type"":""candidate"",""monomer_sha256"":""2b5954384d17be6a073fe1373497a48fd471eb6620c23dea0f47f6dd0b2fb5a9"",""protocol_core_sha256"":""8c55751f66ac2930ce115a9419321a2b2bed220b61af2e1671f7ac6e6a2e33b3"",""restraint_hash"":""cb4c825dedbb6b8ccf1510daf94ccd67c095d4743b9f9b2a3b6dc9fa7c1cda34"",""seed"":42,""sequence_sha256"":""f69bd2010a46452727d20704c4361da805ce4a60728526860d0ad0afc606772d""}"	253	FINAL50_COMMON4_SEED_COMPLETION	7
CANDIDATE_P1MCPUFP__CPUFP500K_0100__00383_8x6b_s3047_0a9cfbc45606	15	candidate	P1MCPUFP__CPUFP500K_0100__00383		CANDIDATE_UNKNOWN	8x6b	3047	f69bd2010a46452727d20704c4361da805ce4a60728526860d0ad0afc606772d	26-35	53-59	98-116	27,28,29,30,31,34,35,36,37,38,56,57,58,59,63,64,65,105,106,107,108,109,110,111,112,113,114,115,116,117	inputs/candidate_monomers/P1MCPUFP__CPUFP500K_0100__00383.pdb	frozen_nbb2_archive_extract	H	2b5954384d17be6a073fe1373497a48fd471eb6620c23dea0f47f6dd0b2fb5a9	inputs/normalized/8x6b_pvrig_receptor.pdb	T	L	A	UniProt_Q6DKI7	21918201f2d7d8fd86e7fbe3003003c516ebb4de914b20d6f1f82a78554f6225	cb4c825dedbb6b8ccf1510daf94ccd67c095d4743b9f9b2a3b6dc9fa7c1cda34	8c55751f66ac2930ce115a9419321a2b2bed220b61af2e1671f7ac6e6a2e33b3	8c55751f66ac2930ce115a9419321a2b2bed220b61af2e1671f7ac6e6a2e33b3	0a9cfbc45606ba69100ca6278167a8ba4515f0364e7a6ec3b921606c75a077fc	"{""cfg_hash"":""21918201f2d7d8fd86e7fbe3003003c516ebb4de914b20d6f1f82a78554f6225"",""conformation"":""8x6b"",""entity_id"":""P1MCPUFP__CPUFP500K_0100__00383"",""entity_type"":""candidate"",""monomer_sha256"":""2b5954384d17be6a073fe1373497a48fd471eb6620c23dea0f47f6dd0b2fb5a9"",""protocol_core_sha256"":""8c55751f66ac2930ce115a9419321a2b2bed220b61af2e1671f7ac6e6a2e33b3"",""restraint_hash"":""cb4c825dedbb6b8ccf1510daf94ccd67c095d4743b9f9b2a3b6dc9fa7c1cda34"",""seed"":3047,""sequence_sha256"":""f69bd2010a46452727d20704c4361da805ce4a60728526860d0ad0afc606772d""}"	253	FINAL50_COMMON4_SEED_COMPLETION	7
CANDIDATE_P1MCPUFP__CPUFP500K_0100__00383_9e6y_s3047_434f29c7683e	16	candidate	P1MCPUFP__CPUFP500K_0100__00383		CANDIDATE_UNKNOWN	9e6y	3047	f69bd2010a46452727d20704c4361da805ce4a60728526860d0ad0afc606772d	26-35	53-59	98-116	27,28,29,30,31,34,35,36,37,38,56,57,58,59,63,64,65,105,106,107,108,109,110,111,112,113,114,115,116,117	inputs/candidate_monomers/P1MCPUFP__CPUFP500K_0100__00383.pdb	frozen_nbb2_archive_extract	H	2b5954384d17be6a073fe1373497a48fd471eb6620c23dea0f47f6dd0b2fb5a9	inputs/normalized/9e6y_pvrig_receptor.pdb	T	L	A	UniProt_Q6DKI7	036faa08876ef5dc8e4331507bf042bf828faae3f3cf5a5fd358a89d5fb215da	cb4c825dedbb6b8ccf1510daf94ccd67c095d4743b9f9b2a3b6dc9fa7c1cda34	8c55751f66ac2930ce115a9419321a2b2bed220b61af2e1671f7ac6e6a2e33b3	8c55751f66ac2930ce115a9419321a2b2bed220b61af2e1671f7ac6e6a2e33b3	434f29c7683e26b3a2cb0c4941457a4e528445d77184cb5ff73e09a880b41a36	"{""cfg_hash"":""036faa08876ef5dc8e4331507bf042bf828faae3f3cf5a5fd358a89d5fb215da"",""conformation"":""9e6y"",""entity_id"":""P1MCPUFP__CPUFP500K_0100__00383"",""entity_type"":""candidate"",""monomer_sha256"":""2b5954384d17be6a073fe1373497a48fd471eb6620c23dea0f47f6dd0b2fb5a9"",""protocol_core_sha256"":""8c55751f66ac2930ce115a9419321a2b2bed220b61af2e1671f7ac6e6a2e33b3"",""restraint_hash"":""cb4c825dedbb6b8ccf1510daf94ccd67c095d4743b9f9b2a3b6dc9fa7c1cda34"",""seed"":3047,""sequence_sha256"":""f69bd2010a46452727d20704c4361da805ce4a60728526860d0ad0afc606772d""}"	253	FINAL50_COMMON4_SEED_COMPLETION	7
CANDIDATE_P1MCPUFP__CPUFP500K_0032__00069_8x6b_s42_df24f7ece627	17	candidate	P1MCPUFP__CPUFP500K_0032__00069		CANDIDATE_UNKNOWN	8x6b	42	951237a70e3da672ee7465656b80a72d6fcbcf60e4d9f7eeb162d980d9dc5368	26-33	51-58	97-112	27,28,29,30,35,36,37,38,56,57,58,59,62,63,64,65,105,106,107,108,109,110,111,112,113,114,115,116,117	inputs/candidate_monomers/P1MCPUFP__CPUFP500K_0032__00069.pdb	frozen_nbb2_archive_extract	H	c76ee50ba6d3d59d6de118cde17dfa1b19e4d41a469747094e686461eeb58a8e	inputs/normalized/8x6b_pvrig_receptor.pdb	T	L	A	UniProt_Q6DKI7	6e3411303a8196b0e07523e8d66724b2c6a9380dca7a347caa47b5632620a2a8	4c76f09ba6c24bc9c82a9a97a8fa1f279c4d5ce2a6d051dbf284751701c25880	8c55751f66ac2930ce115a9419321a2b2bed220b61af2e1671f7ac6e6a2e33b3	8c55751f66ac2930ce115a9419321a2b2bed220b61af2e1671f7ac6e6a2e33b3	df24f7ece6278bf138848b71daa74d34f114375658c2f0bab9b409ca50b415cd	"{""cfg_hash"":""6e3411303a8196b0e07523e8d66724b2c6a9380dca7a347caa47b5632620a2a8"",""conformation"":""8x6b"",""entity_id"":""P1MCPUFP__CPUFP500K_0032__00069"",""entity_type"":""candidate"",""monomer_sha256"":""c76ee50ba6d3d59d6de118cde17dfa1b19e4d41a469747094e686461eeb58a8e"",""protocol_core_sha256"":""8c55751f66ac2930ce115a9419321a2b2bed220b61af2e1671f7ac6e6a2e33b3"",""restraint_hash"":""4c76f09ba6c24bc9c82a9a97a8fa1f279c4d5ce2a6d051dbf284751701c25880"",""seed"":42,""sequence_sha256"":""951237a70e3da672ee7465656b80a72d6fcbcf60e4d9f7eeb162d980d9dc5368""}"	326	FINAL50_COMMON4_SEED_COMPLETION	9
CANDIDATE_P1MCPUFP__CPUFP500K_0032__00069_9e6y_s42_332e342d72c7	18	candidate	P1MCPUFP__CPUFP500K_0032__00069		CANDIDATE_UNKNOWN	9e6y	42	951237a70e3da672ee7465656b80a72d6fcbcf60e4d9f7eeb162d980d9dc5368	26-33	51-58	97-112	27,28,29,30,35,36,37,38,56,57,58,59,62,63,64,65,105,106,107,108,109,110,111,112,113,114,115,116,117	inputs/candidate_monomers/P1MCPUFP__CPUFP500K_0032__00069.pdb	frozen_nbb2_archive_extract	H	c76ee50ba6d3d59d6de118cde17dfa1b19e4d41a469747094e686461eeb58a8e	inputs/normalized/9e6y_pvrig_receptor.pdb	T	L	A	UniProt_Q6DKI7	7b597e4976340689606e650f7a864d1c028938e4a1d0c4201b7092f53302813a	4c76f09ba6c24bc9c82a9a97a8fa1f279c4d5ce2a6d051dbf284751701c25880	8c55751f66ac2930ce115a9419321a2b2bed220b61af2e1671f7ac6e6a2e33b3	8c55751f66ac2930ce115a9419321a2b2bed220b61af2e1671f7ac6e6a2e33b3	332e342d72c7e657748715a32064d098820647e886afe67ace765db4010f7727	"{""cfg_hash"":""7b597e4976340689606e650f7a864d1c028938e4a1d0c4201b7092f53302813a"",""conformation"":""9e6y"",""entity_id"":""P1MCPUFP__CPUFP500K_0032__00069"",""entity_type"":""candidate"",""monomer_sha256"":""c76ee50ba6d3d59d6de118cde17dfa1b19e4d41a469747094e686461eeb58a8e"",""protocol_core_sha256"":""8c55751f66ac2930ce115a9419321a2b2bed220b61af2e1671f7ac6e6a2e33b3"",""restraint_hash"":""4c76f09ba6c24bc9c82a9a97a8fa1f279c4d5ce2a6d051dbf284751701c25880"",""seed"":42,""sequence_sha256"":""951237a70e3da672ee7465656b80a72d6fcbcf60e4d9f7eeb162d980d9dc5368""}"	326	FINAL50_COMMON4_SEED_COMPLETION	9
CANDIDATE_P1MCPUFP__CPUFP500K_0032__00069_8x6b_s3047_59289e7cb3f5	19	candidate	P1MCPUFP__CPUFP500K_0032__00069		CANDIDATE_UNKNOWN	8x6b	3047	951237a70e3da672ee7465656b80a72d6fcbcf60e4d9f7eeb162d980d9dc5368	26-33	51-58	97-112	27,28,29,30,35,36,37,38,56,57,58,59,62,63,64,65,105,106,107,108,109,110,111,112,113,114,115,116,117	inputs/candidate_monomers/P1MCPUFP__CPUFP500K_0032__00069.pdb	frozen_nbb2_archive_extract	H	c76ee50ba6d3d59d6de118cde17dfa1b19e4d41a469747094e686461eeb58a8e	inputs/normalized/8x6b_pvrig_receptor.pdb	T	L	A	UniProt_Q6DKI7	21918201f2d7d8fd86e7fbe3003003c516ebb4de914b20d6f1f82a78554f6225	4c76f09ba6c24bc9c82a9a97a8fa1f279c4d5ce2a6d051dbf284751701c25880	8c55751f66ac2930ce115a9419321a2b2bed220b61af2e1671f7ac6e6a2e33b3	8c55751f66ac2930ce115a9419321a2b2bed220b61af2e1671f7ac6e6a2e33b3	59289e7cb3f54992f2ae7f81da16af78784354bc339beca90f1ca155f998915d	"{""cfg_hash"":""21918201f2d7d8fd86e7fbe3003003c516ebb4de914b20d6f1f82a78554f6225"",""conformation"":""8x6b"",""entity_id"":""P1MCPUFP__CPUFP500K_0032__00069"",""entity_type"":""candidate"",""monomer_sha256"":""c76ee50ba6d3d59d6de118cde17dfa1b19e4d41a469747094e686461eeb58a8e"",""protocol_core_sha256"":""8c55751f66ac2930ce115a9419321a2b2bed220b61af2e1671f7ac6e6a2e33b3"",""restraint_hash"":""4c76f09ba6c24bc9c82a9a97a8fa1f279c4d5ce2a6d051dbf284751701c25880"",""seed"":3047,""sequence_sha256"":""951237a70e3da672ee7465656b80a72d6fcbcf60e4d9f7eeb162d980d9dc5368""}"	326	FINAL50_COMMON4_SEED_COMPLETION	9
CANDIDATE_P1MCPUFP__CPUFP500K_0032__00069_9e6y_s3047_07dc4dc07cdc	20	candidate	P1MCPUFP__CPUFP500K_0032__00069		CANDIDATE_UNKNOWN	9e6y	3047	951237a70e3da672ee7465656b80a72d6fcbcf60e4d9f7eeb162d980d9dc5368	26-33	51-58	97-112	27,28,29,30,35,36,37,38,56,57,58,59,62,63,64,65,105,106,107,108,109,110,111,112,113,114,115,116,117	inputs/candidate_monomers/P1MCPUFP__CPUFP500K_0032__00069.pdb	frozen_nbb2_archive_extract	H	c76ee50ba6d3d59d6de118cde17dfa1b19e4d41a469747094e686461eeb58a8e	inputs/normalized/9e6y_pvrig_receptor.pdb	T	L	A	UniProt_Q6DKI7	036faa08876ef5dc8e4331507bf042bf828faae3f3cf5a5fd358a89d5fb215da	4c76f09ba6c24bc9c82a9a97a8fa1f279c4d5ce2a6d051dbf284751701c25880	8c55751f66ac2930ce115a9419321a2b2bed220b61af2e1671f7ac6e6a2e33b3	8c55751f66ac2930ce115a9419321a2b2bed220b61af2e1671f7ac6e6a2e33b3	07dc4dc07cdc64694fb0d044b8e115971fec19b71212e8ce25b06d189f637cfe	"{""cfg_hash"":""036faa08876ef5dc8e4331507bf042bf828faae3f3cf5a5fd358a89d5fb215da"",""conformation"":""9e6y"",""entity_id"":""P1MCPUFP__CPUFP500K_0032__00069"",""entity_type"":""candidate"",""monomer_sha256"":""c76ee50ba6d3d59d6de118cde17dfa1b19e4d41a469747094e686461eeb58a8e"",""protocol_core_sha256"":""8c55751f66ac2930ce115a9419321a2b2bed220b61af2e1671f7ac6e6a2e33b3"",""restraint_hash"":""4c76f09ba6c24bc9c82a9a97a8fa1f279c4d5ce2a6d051dbf284751701c25880"",""seed"":3047,""sequence_sha256"":""951237a70e3da672ee7465656b80a72d6fcbcf60e4d9f7eeb162d980d9dc5368""}"	326	FINAL50_COMMON4_SEED_COMPLETION	9
CANDIDATE_P1MCPUFP__CPUFP500K_0299__00453_8x6b_s42_1fcef0e36f96	21	candidate	P1MCPUFP__CPUFP500K_0299__00453		CANDIDATE_UNKNOWN	8x6b	42	0881a81fef15573c7cfb32a8e94e176573688e8446884d7c7b50a64d2d583aff	26-35	53-59	98-116	27,28,29,30,31,34,35,36,37,38,56,57,58,59,63,64,65,105,106,107,108,109,110,111,112,113,114,115,116,117	inputs/candidate_monomers/P1MCPUFP__CPUFP500K_0299__00453.pdb	frozen_nbb2_archive_extract	H	87eb30e3da10a98a27845120b5820be00c4429c4128d3651425c31c00f8beedc	inputs/normalized/8x6b_pvrig_receptor.pdb	T	L	A	UniProt_Q6DKI7	6e3411303a8196b0e07523e8d66724b2c6a9380dca7a347caa47b5632620a2a8	cb4c825dedbb6b8ccf1510daf94ccd67c095d4743b9f9b2a3b6dc9fa7c1cda34	8c55751f66ac2930ce115a9419321a2b2bed220b61af2e1671f7ac6e6a2e33b3	8c55751f66ac2930ce115a9419321a2b2bed220b61af2e1671f7ac6e6a2e33b3	1fcef0e36f96faed9358f76083e106cd13b079c096fbb7977e3e957262c8bcff	"{""cfg_hash"":""6e3411303a8196b0e07523e8d66724b2c6a9380dca7a347caa47b5632620a2a8"",""conformation"":""8x6b"",""entity_id"":""P1MCPUFP__CPUFP500K_0299__00453"",""entity_type"":""candidate"",""monomer_sha256"":""87eb30e3da10a98a27845120b5820be00c4429c4128d3651425c31c00f8beedc"",""protocol_core_sha256"":""8c55751f66ac2930ce115a9419321a2b2bed220b61af2e1671f7ac6e6a2e33b3"",""restraint_hash"":""cb4c825dedbb6b8ccf1510daf94ccd67c095d4743b9f9b2a3b6dc9fa7c1cda34"",""seed"":42,""sequence_sha256"":""0881a81fef15573c7cfb32a8e94e176573688e8446884d7c7b50a64d2d583aff""}"	147	FINAL50_COMMON4_SEED_COMPLETION	13
CANDIDATE_P1MCPUFP__CPUFP500K_0299__00453_9e6y_s42_5fbb00c537db	22	candidate	P1MCPUFP__CPUFP500K_0299__00453		CANDIDATE_UNKNOWN	9e6y	42	0881a81fef15573c7cfb32a8e94e176573688e8446884d7c7b50a64d2d583aff	26-35	53-59	98-116	27,28,29,30,31,34,35,36,37,38,56,57,58,59,63,64,65,105,106,107,108,109,110,111,112,113,114,115,116,117	inputs/candidate_monomers/P1MCPUFP__CPUFP500K_0299__00453.pdb	frozen_nbb2_archive_extract	H	87eb30e3da10a98a27845120b5820be00c4429c4128d3651425c31c00f8beedc	inputs/normalized/9e6y_pvrig_receptor.pdb	T	L	A	UniProt_Q6DKI7	7b597e4976340689606e650f7a864d1c028938e4a1d0c4201b7092f53302813a	cb4c825dedbb6b8ccf1510daf94ccd67c095d4743b9f9b2a3b6dc9fa7c1cda34	8c55751f66ac2930ce115a9419321a2b2bed220b61af2e1671f7ac6e6a2e33b3	8c55751f66ac2930ce115a9419321a2b2bed220b61af2e1671f7ac6e6a2e33b3	5fbb00c537dbaf3c77fec984955a82b7946fc8965cff28ec99001706ce2e0f09	"{""cfg_hash"":""7b597e4976340689606e650f7a864d1c028938e4a1d0c4201b7092f53302813a"",""conformation"":""9e6y"",""entity_id"":""P1MCPUFP__CPUFP500K_0299__00453"",""entity_type"":""candidate"",""monomer_sha256"":""87eb30e3da10a98a27845120b5820be00c4429c4128d3651425c31c00f8beedc"",""protocol_core_sha256"":""8c55751f66ac2930ce115a9419321a2b2bed220b61af2e1671f7ac6e6a2e33b3"",""restraint_hash"":""cb4c825dedbb6b8ccf1510daf94ccd67c095d4743b9f9b2a3b6dc9fa7c1cda34"",""seed"":42,""sequence_sha256"":""0881a81fef15573c7cfb32a8e94e176573688e8446884d7c7b50a64d2d583aff""}"	147	FINAL50_COMMON4_SEED_COMPLETION	13
CANDIDATE_P1MCPUFP__CPUFP500K_0299__00453_8x6b_s3047_fc6ac4f0c35f	23	candidate	P1MCPUFP__CPUFP500K_0299__00453		CANDIDATE_UNKNOWN	8x6b	3047	0881a81fef15573c7cfb32a8e94e176573688e8446884d7c7b50a64d2d583aff	26-35	53-59	98-116	27,28,29,30,31,34,35,36,37,38,56,57,58,59,63,64,65,105,106,107,108,109,110,111,112,113,114,115,116,117	inputs/candidate_monomers/P1MCPUFP__CPUFP500K_0299__00453.pdb	frozen_nbb2_archive_extract	H	87eb30e3da10a98a27845120b5820be00c4429c4128d3651425c31c00f8beedc	inputs/normalized/8x6b_pvrig_receptor.pdb	T	L	A	UniProt_Q6DKI7	21918201f2d7d8fd86e7fbe3003003c516ebb4de914b20d6f1f82a78554f6225	cb4c825dedbb6b8ccf1510daf94ccd67c095d4743b9f9b2a3b6dc9fa7c1cda34	8c55751f66ac2930ce115a9419321a2b2bed220b61af2e1671f7ac6e6a2e33b3	8c55751f66ac2930ce115a9419321a2b2bed220b61af2e1671f7ac6e6a2e33b3	fc6ac4f0c35f9d8c0c7976730e210bad1ce65d5ed451f12241d4342eac4b8c95	"{""cfg_hash"":""21918201f2d7d8fd86e7fbe3003003c516ebb4de914b20d6f1f82a78554f6225"",""conformation"":""8x6b"",""entity_id"":""P1MCPUFP__CPUFP500K_0299__00453"",""entity_type"":""candidate"",""monomer_sha256"":""87eb30e3da10a98a27845120b5820be00c4429c4128d3651425c31c00f8beedc"",""protocol_core_sha256"":""8c55751f66ac2930ce115a9419321a2b2bed220b61af2e1671f7ac6e6a2e33b3"",""restraint_hash"":""cb4c825dedbb6b8ccf1510daf94ccd67c095d4743b9f9b2a3b6dc9fa7c1cda34"",""seed"":3047,""sequence_sha256"":""0881a81fef15573c7cfb32a8e94e176573688e8446884d7c7b50a64d2d583aff""}"	147	FINAL50_COMMON4_SEED_COMPLETION	13
CANDIDATE_P1MCPUFP__CPUFP500K_0299__00453_9e6y_s3047_33676f1a2458	24	candidate	P1MCPUFP__CPUFP500K_0299__00453		CANDIDATE_UNKNOWN	9e6y	3047	0881a81fef15573c7cfb32a8e94e176573688e8446884d7c7b50a64d2d583aff	26-35	53-59	98-116	27,28,29,30,31,34,35,36,37,38,56,57,58,59,63,64,65,105,106,107,108,109,110,111,112,113,114,115,116,117	inputs/candidate_monomers/P1MCPUFP__CPUFP500K_0299__00453.pdb	frozen_nbb2_archive_extract	H	87eb30e3da10a98a27845120b5820be00c4429c4128d3651425c31c00f8beedc	inputs/normalized/9e6y_pvrig_receptor.pdb	T	L	A	UniProt_Q6DKI7	036faa08876ef5dc8e4331507bf042bf828faae3f3cf5a5fd358a89d5fb215da	cb4c825dedbb6b8ccf1510daf94ccd67c095d4743b9f9b2a3b6dc9fa7c1cda34	8c55751f66ac2930ce115a9419321a2b2bed220b61af2e1671f7ac6e6a2e33b3	8c55751f66ac2930ce115a9419321a2b2bed220b61af2e1671f7ac6e6a2e33b3	33676f1a2458927c974f54a0aaf331367c991b23689631f4b48ef7e8ffe3b075	"{""cfg_hash"":""036faa08876ef5dc8e4331507bf042bf828faae3f3cf5a5fd358a89d5fb215da"",""conformation"":""9e6y"",""entity_id"":""P1MCPUFP__CPUFP500K_0299__00453"",""entity_type"":""candidate"",""monomer_sha256"":""87eb30e3da10a98a27845120b5820be00c4429c4128d3651425c31c00f8beedc"",""protocol_core_sha256"":""8c55751f66ac2930ce115a9419321a2b2bed220b61af2e1671f7ac6e6a2e33b3"",""restraint_hash"":""cb4c825dedbb6b8ccf1510daf94ccd67c095d4743b9f9b2a3b6dc9fa7c1cda34"",""seed"":3047,""sequence_sha256"":""0881a81fef15573c7cfb32a8e94e176573688e8446884d7c7b50a64d2d583aff""}"	147	FINAL50_COMMON4_SEED_COMPLETION	13
CANDIDATE_P1MCPUFP__CPUFP500K_0090__00532_8x6b_s42_3cb7fd9764fc	25	candidate	P1MCPUFP__CPUFP500K_0090__00532		CANDIDATE_UNKNOWN	8x6b	42	87f5423c6dfe7107231ce24f8ae6d23ab430e47d07e71bed0e6d70cd5910c651	26-35	53-59	98-116	27,28,29,30,31,34,35,36,37,38,56,57,58,59,63,64,65,105,106,107,108,109,110,111,112,113,114,115,116,117	inputs/candidate_monomers/P1MCPUFP__CPUFP500K_0090__00532.pdb	frozen_nbb2_archive_extract	H	5dfad612207550292223cbaea1dd4db09f0f2b7d12e3588bebf0269a1c3f8896	inputs/normalized/8x6b_pvrig_receptor.pdb	T	L	A	UniProt_Q6DKI7	6e3411303a8196b0e07523e8d66724b2c6a9380dca7a347caa47b5632620a2a8	cb4c825dedbb6b8ccf1510daf94ccd67c095d4743b9f9b2a3b6dc9fa7c1cda34	8c55751f66ac2930ce115a9419321a2b2bed220b61af2e1671f7ac6e6a2e33b3	8c55751f66ac2930ce115a9419321a2b2bed220b61af2e1671f7ac6e6a2e33b3	3cb7fd9764fcecc4fd3a04bb8a2d693d79f89f9b4bc3d409a855739f1a001e04	"{""cfg_hash"":""6e3411303a8196b0e07523e8d66724b2c6a9380dca7a347caa47b5632620a2a8"",""conformation"":""8x6b"",""entity_id"":""P1MCPUFP__CPUFP500K_0090__00532"",""entity_type"":""candidate"",""monomer_sha256"":""5dfad612207550292223cbaea1dd4db09f0f2b7d12e3588bebf0269a1c3f8896"",""protocol_core_sha256"":""8c55751f66ac2930ce115a9419321a2b2bed220b61af2e1671f7ac6e6a2e33b3"",""restraint_hash"":""cb4c825dedbb6b8ccf1510daf94ccd67c095d4743b9f9b2a3b6dc9fa7c1cda34"",""seed"":42,""sequence_sha256"":""87f5423c6dfe7107231ce24f8ae6d23ab430e47d07e71bed0e6d70cd5910c651""}"	371	FINAL50_COMMON4_SEED_COMPLETION	14
CANDIDATE_P1MCPUFP__CPUFP500K_0090__00532_9e6y_s42_e0fddef7a0f6	26	candidate	P1MCPUFP__CPUFP500K_0090__00532		CANDIDATE_UNKNOWN	9e6y	42	87f5423c6dfe7107231ce24f8ae6d23ab430e47d07e71bed0e6d70cd5910c651	26-35	53-59	98-116	27,28,29,30,31,34,35,36,37,38,56,57,58,59,63,64,65,105,106,107,108,109,110,111,112,113,114,115,116,117	inputs/candidate_monomers/P1MCPUFP__CPUFP500K_0090__00532.pdb	frozen_nbb2_archive_extract	H	5dfad612207550292223cbaea1dd4db09f0f2b7d12e3588bebf0269a1c3f8896	inputs/normalized/9e6y_pvrig_receptor.pdb	T	L	A	UniProt_Q6DKI7	7b597e4976340689606e650f7a864d1c028938e4a1d0c4201b7092f53302813a	cb4c825dedbb6b8ccf1510daf94ccd67c095d4743b9f9b2a3b6dc9fa7c1cda34	8c55751f66ac2930ce115a9419321a2b2bed220b61af2e1671f7ac6e6a2e33b3	8c55751f66ac2930ce115a9419321a2b2bed220b61af2e1671f7ac6e6a2e33b3	e0fddef7a0f68e0f1b34f406993b84bcc837ab65954e2c0d8f38be94a301abb3	"{""cfg_hash"":""7b597e4976340689606e650f7a864d1c028938e4a1d0c4201b7092f53302813a"",""conformation"":""9e6y"",""entity_id"":""P1MCPUFP__CPUFP500K_0090__00532"",""entity_type"":""candidate"",""monomer_sha256"":""5dfad612207550292223cbaea1dd4db09f0f2b7d12e3588bebf0269a1c3f8896"",""protocol_core_sha256"":""8c55751f66ac2930ce115a9419321a2b2bed220b61af2e1671f7ac6e6a2e33b3"",""restraint_hash"":""cb4c825dedbb6b8ccf1510daf94ccd67c095d4743b9f9b2a3b6dc9fa7c1cda34"",""seed"":42,""sequence_sha256"":""87f5423c6dfe7107231ce24f8ae6d23ab430e47d07e71bed0e6d70cd5910c651""}"	371	FINAL50_COMMON4_SEED_COMPLETION	14
CANDIDATE_P1MCPUFP__CPUFP500K_0090__00532_8x6b_s3047_b6d1a1b4efc3	27	candidate	P1MCPUFP__CPUFP500K_0090__00532		CANDIDATE_UNKNOWN	8x6b	3047	87f5423c6dfe7107231ce24f8ae6d23ab430e47d07e71bed0e6d70cd5910c651	26-35	53-59	98-116	27,28,29,30,31,34,35,36,37,38,56,57,58,59,63,64,65,105,106,107,108,109,110,111,112,113,114,115,116,117	inputs/candidate_monomers/P1MCPUFP__CPUFP500K_0090__00532.pdb	frozen_nbb2_archive_extract	H	5dfad612207550292223cbaea1dd4db09f0f2b7d12e3588bebf0269a1c3f8896	inputs/normalized/8x6b_pvrig_receptor.pdb	T	L	A	UniProt_Q6DKI7	21918201f2d7d8fd86e7fbe3003003c516ebb4de914b20d6f1f82a78554f6225	cb4c825dedbb6b8ccf1510daf94ccd67c095d4743b9f9b2a3b6dc9fa7c1cda34	8c55751f66ac2930ce115a9419321a2b2bed220b61af2e1671f7ac6e6a2e33b3	8c55751f66ac2930ce115a9419321a2b2bed220b61af2e1671f7ac6e6a2e33b3	b6d1a1b4efc39b643559ce6e198e9532a64754abe09b5a963fe6a4849d674579	"{""cfg_hash"":""21918201f2d7d8fd86e7fbe3003003c516ebb4de914b20d6f1f82a78554f6225"",""conformation"":""8x6b"",""entity_id"":""P1MCPUFP__CPUFP500K_0090__00532"",""entity_type"":""candidate"",""monomer_sha256"":""5dfad612207550292223cbaea1dd4db09f0f2b7d12e3588bebf0269a1c3f8896"",""protocol_core_sha256"":""8c55751f66ac2930ce115a9419321a2b2bed220b61af2e1671f7ac6e6a2e33b3"",""restraint_hash"":""cb4c825dedbb6b8ccf1510daf94ccd67c095d4743b9f9b2a3b6dc9fa7c1cda34"",""seed"":3047,""sequence_sha256"":""87f5423c6dfe7107231ce24f8ae6d23ab430e47d07e71bed0e6d70cd5910c651""}"	371	FINAL50_COMMON4_SEED_COMPLETION	14
CANDIDATE_P1MCPUFP__CPUFP500K_0090__00532_9e6y_s3047_89a1686fc205	28	candidate	P1MCPUFP__CPUFP500K_0090__00532		CANDIDATE_UNKNOWN	9e6y	3047	87f5423c6dfe7107231ce24f8ae6d23ab430e47d07e71bed0e6d70cd5910c651	26-35	53-59	98-116	27,28,29,30,31,34,35,36,37,38,56,57,58,59,63,64,65,105,106,107,108,109,110,111,112,113,114,115,116,117	inputs/candidate_monomers/P1MCPUFP__CPUFP500K_0090__00532.pdb	frozen_nbb2_archive_extract	H	5dfad612207550292223cbaea1dd4db09f0f2b7d12e3588bebf0269a1c3f8896	inputs/normalized/9e6y_pvrig_receptor.pdb	T	L	A	UniProt_Q6DKI7	036faa08876ef5dc8e4331507bf042bf828faae3f3cf5a5fd358a89d5fb215da	cb4c825dedbb6b8ccf1510daf94ccd67c095d4743b9f9b2a3b6dc9fa7c1cda34	8c55751f66ac2930ce115a9419321a2b2bed220b61af2e1671f7ac6e6a2e33b3	8c55751f66ac2930ce115a9419321a2b2bed220b61af2e1671f7ac6e6a2e33b3	89a1686fc205fc620fcc7c64a21d5b40b667a776ac3df3a5bc10b72d4f63430b	"{""cfg_hash"":""036faa08876ef5dc8e4331507bf042bf828faae3f3cf5a5fd358a89d5fb215da"",""conformation"":""9e6y"",""entity_id"":""P1MCPUFP__CPUFP500K_0090__00532"",""entity_type"":""candidate"",""monomer_sha256"":""5dfad612207550292223cbaea1dd4db09f0f2b7d12e3588bebf0269a1c3f8896"",""protocol_core_sha256"":""8c55751f66ac2930ce115a9419321a2b2bed220b61af2e1671f7ac6e6a2e33b3"",""restraint_hash"":""cb4c825dedbb6b8ccf1510daf94ccd67c095d4743b9f9b2a3b6dc9fa7c1cda34"",""seed"":3047,""sequence_sha256"":""87f5423c6dfe7107231ce24f8ae6d23ab430e47d07e71bed0e6d70cd5910c651""}"	371	FINAL50_COMMON4_SEED_COMPLETION	14
CANDIDATE_P1MCPUFP__CPUFP500K_0405__00049_8x6b_s42_9727ecd84fc0	29	candidate	P1MCPUFP__CPUFP500K_0405__00049		CANDIDATE_UNKNOWN	8x6b	42	5a1b21aedc7ce0e9adb88ecffe3deb04083d753feebf8535327288316e4ad988	26-35	53-59	98-116	27,28,29,30,31,34,35,36,37,38,56,57,58,59,63,64,65,105,106,107,108,109,110,111,112,113,114,115,116,117	inputs/candidate_monomers/P1MCPUFP__CPUFP500K_0405__00049.pdb	frozen_nbb2_archive_extract	H	18dcd0629b5987da69292699dfc780ab8da8df425230b3fc47bc75afda99d09b	inputs/normalized/8x6b_pvrig_receptor.pdb	T	L	A	UniProt_Q6DKI7	6e3411303a8196b0e07523e8d66724b2c6a9380dca7a347caa47b5632620a2a8	cb4c825dedbb6b8ccf1510daf94ccd67c095d4743b9f9b2a3b6dc9fa7c1cda34	8c55751f66ac2930ce115a9419321a2b2bed220b61af2e1671f7ac6e6a2e33b3	8c55751f66ac2930ce115a9419321a2b2bed220b61af2e1671f7ac6e6a2e33b3	9727ecd84fc0abd88a1c8459992dd9afc0c037ca96921a20f9ed1cff9b72add9	"{""cfg_hash"":""6e3411303a8196b0e07523e8d66724b2c6a9380dca7a347caa47b5632620a2a8"",""conformation"":""8x6b"",""entity_id"":""P1MCPUFP__CPUFP500K_0405__00049"",""entity_type"":""candidate"",""monomer_sha256"":""18dcd0629b5987da69292699dfc780ab8da8df425230b3fc47bc75afda99d09b"",""protocol_core_sha256"":""8c55751f66ac2930ce115a9419321a2b2bed220b61af2e1671f7ac6e6a2e33b3"",""restraint_hash"":""cb4c825dedbb6b8ccf1510daf94ccd67c095d4743b9f9b2a3b6dc9fa7c1cda34"",""seed"":42,""sequence_sha256"":""5a1b21aedc7ce0e9adb88ecffe3deb04083d753feebf8535327288316e4ad988""}"	250	FINAL50_COMMON4_SEED_COMPLETION	15
CANDIDATE_P1MCPUFP__CPUFP500K_0405__00049_9e6y_s42_8f2895efa377	30	candidate	P1MCPUFP__CPUFP500K_0405__00049		CANDIDATE_UNKNOWN	9e6y	42	5a1b21aedc7ce0e9adb88ecffe3deb04083d753feebf8535327288316e4ad988	26-35	53-59	98-116	27,28,29,30,31,34,35,36,37,38,56,57,58,59,63,64,65,105,106,107,108,109,110,111,112,113,114,115,116,117	inputs/candidate_monomers/P1MCPUFP__CPUFP500K_0405__00049.pdb	frozen_nbb2_archive_extract	H	18dcd0629b5987da69292699dfc780ab8da8df425230b3fc47bc75afda99d09b	inputs/normalized/9e6y_pvrig_receptor.pdb	T	L	A	UniProt_Q6DKI7	7b597e4976340689606e650f7a864d1c028938e4a1d0c4201b7092f53302813a	cb4c825dedbb6b8ccf1510daf94ccd67c095d4743b9f9b2a3b6dc9fa7c1cda34	8c55751f66ac2930ce115a9419321a2b2bed220b61af2e1671f7ac6e6a2e33b3	8c55751f66ac2930ce115a9419321a2b2bed220b61af2e1671f7ac6e6a2e33b3	8f2895efa377ceefa74d7b89bd9322bd43fb0df1f959a37aa763d7fcc681d3c9	"{""cfg_hash"":""7b597e4976340689606e650f7a864d1c028938e4a1d0c4201b7092f53302813a"",""conformation"":""9e6y"",""entity_id"":""P1MCPUFP__CPUFP500K_0405__00049"",""entity_type"":""candidate"",""monomer_sha256"":""18dcd0629b5987da69292699dfc780ab8da8df425230b3fc47bc75afda99d09b"",""protocol_core_sha256"":""8c55751f66ac2930ce115a9419321a2b2bed220b61af2e1671f7ac6e6a2e33b3"",""restraint_hash"":""cb4c825dedbb6b8ccf1510daf94ccd67c095d4743b9f9b2a3b6dc9fa7c1cda34"",""seed"":42,""sequence_sha256"":""5a1b21aedc7ce0e9adb88ecffe3deb04083d753feebf8535327288316e4ad988""}"	250	FINAL50_COMMON4_SEED_COMPLETION	15
CANDIDATE_P1MCPUFP__CPUFP500K_0405__00049_8x6b_s3047_210eec95f613	31	candidate	P1MCPUFP__CPUFP500K_0405__00049		CANDIDATE_UNKNOWN	8x6b	3047	5a1b21aedc7ce0e9adb88ecffe3deb04083d753feebf8535327288316e4ad988	26-35	53-59	98-116	27,28,29,30,31,34,35,36,37,38,56,57,58,59,63,64,65,105,106,107,108,109,110,111,112,113,114,115,116,117	inputs/candidate_monomers/P1MCPUFP__CPUFP500K_0405__00049.pdb	frozen_nbb2_archive_extract	H	18dcd0629b5987da69292699dfc780ab8da8df425230b3fc47bc75afda99d09b	inputs/normalized/8x6b_pvrig_receptor.pdb	T	L	A	UniProt_Q6DKI7	21918201f2d7d8fd86e7fbe3003003c516ebb4de914b20d6f1f82a78554f6225	cb4c825dedbb6b8ccf1510daf94ccd67c095d4743b9f9b2a3b6dc9fa7c1cda34	8c55751f66ac2930ce115a9419321a2b2bed220b61af2e1671f7ac6e6a2e33b3	8c55751f66ac2930ce115a9419321a2b2bed220b61af2e1671f7ac6e6a2e33b3	210eec95f613317a8712d2bdd4b807dc6ef1bda1ff0ece9ec29444c0300faef5	"{""cfg_hash"":""21918201f2d7d8fd86e7fbe3003003c516ebb4de914b20d6f1f82a78554f6225"",""conformation"":""8x6b"",""entity_id"":""P1MCPUFP__CPUFP500K_0405__00049"",""entity_type"":""candidate"",""monomer_sha256"":""18dcd0629b5987da69292699dfc780ab8da8df425230b3fc47bc75afda99d09b"",""protocol_core_sha256"":""8c55751f66ac2930ce115a9419321a2b2bed220b61af2e1671f7ac6e6a2e33b3"",""restraint_hash"":""cb4c825dedbb6b8ccf1510daf94ccd67c095d4743b9f9b2a3b6dc9fa7c1cda34"",""seed"":3047,""sequence_sha256"":""5a1b21aedc7ce0e9adb88ecffe3deb04083d753feebf8535327288316e4ad988""}"	250	FINAL50_COMMON4_SEED_COMPLETION	15
CANDIDATE_P1MCPUFP__CPUFP500K_0405__00049_9e6y_s3047_927fef1b77a1	32	candidate	P1MCPUFP__CPUFP500K_0405__00049		CANDIDATE_UNKNOWN	9e6y	3047	5a1b21aedc7ce0e9adb88ecffe3deb04083d753feebf8535327288316e4ad988	26-35	53-59	98-116	27,28,29,30,31,34,35,36,37,38,56,57,58,59,63,64,65,105,106,107,108,109,110,111,112,113,114,115,116,117	inputs/candidate_monomers/P1MCPUFP__CPUFP500K_0405__00049.pdb	frozen_nbb2_archive_extract	H	18dcd0629b5987da69292699dfc780ab8da8df425230b3fc47bc75afda99d09b	inputs/normalized/9e6y_pvrig_receptor.pdb	T	L	A	UniProt_Q6DKI7	036faa08876ef5dc8e4331507bf042bf828faae3f3cf5a5fd358a89d5fb215da	cb4c825dedbb6b8ccf1510daf94ccd67c095d4743b9f9b2a3b6dc9fa7c1cda34	8c55751f66ac2930ce115a9419321a2b2bed220b61af2e1671f7ac6e6a2e33b3	8c55751f66ac2930ce115a9419321a2b2bed220b61af2e1671f7ac6e6a2e33b3	927fef1b77a18d0274b3fced4397e4793dc8753b9fe2768d559d7b14cb5cd66e	"{""cfg_hash"":""036faa08876ef5dc8e4331507bf042bf828faae3f3cf5a5fd358a89d5fb215da"",""conformation"":""9e6y"",""entity_id"":""P1MCPUFP__CPUFP500K_0405__00049"",""entity_type"":""candidate"",""monomer_sha256"":""18dcd0629b5987da69292699dfc780ab8da8df425230b3fc47bc75afda99d09b"",""protocol_core_sha256"":""8c55751f66ac2930ce115a9419321a2b2bed220b61af2e1671f7ac6e6a2e33b3"",""restraint_hash"":""cb4c825dedbb6b8ccf1510daf94ccd67c095d4743b9f9b2a3b6dc9fa7c1cda34"",""seed"":3047,""sequence_sha256"":""5a1b21aedc7ce0e9adb88ecffe3deb04083d753feebf8535327288316e4ad988""}"	250	FINAL50_COMMON4_SEED_COMPLETION	15
CANDIDATE_P1MCPUFP__CPUFP500K_0100__00188_8x6b_s42_238d721845be	33	candidate	P1MCPUFP__CPUFP500K_0100__00188		CANDIDATE_UNKNOWN	8x6b	42	9c868db5026eb441e514242a1c11d6351f78443c84e2eb7331ba8fcc72e6a7ac	26-35	53-59	98-116	27,28,29,30,31,34,35,36,37,38,56,57,58,59,63,64,65,105,106,107,108,109,110,111,112,113,114,115,116,117	inputs/candidate_monomers/P1MCPUFP__CPUFP500K_0100__00188.pdb	frozen_nbb2_archive_extract	H	59f1fc965cf2c70e1480a9660af492718c87e6fff7ddf97fe75638bddc0ddd02	inputs/normalized/8x6b_pvrig_receptor.pdb	T	L	A	UniProt_Q6DKI7	6e3411303a8196b0e07523e8d66724b2c6a9380dca7a347caa47b5632620a2a8	cb4c825dedbb6b8ccf1510daf94ccd67c095d4743b9f9b2a3b6dc9fa7c1cda34	8c55751f66ac2930ce115a9419321a2b2bed220b61af2e1671f7ac6e6a2e33b3	8c55751f66ac2930ce115a9419321a2b2bed220b61af2e1671f7ac6e6a2e33b3	238d721845bec08f85cf54093449563c46b51dbc7ca1c2b9daa9d864bcf62a9a	"{""cfg_hash"":""6e3411303a8196b0e07523e8d66724b2c6a9380dca7a347caa47b5632620a2a8"",""conformation"":""8x6b"",""entity_id"":""P1MCPUFP__CPUFP500K_0100__00188"",""entity_type"":""candidate"",""monomer_sha256"":""59f1fc965cf2c70e1480a9660af492718c87e6fff7ddf97fe75638bddc0ddd02"",""protocol_core_sha256"":""8c55751f66ac2930ce115a9419321a2b2bed220b61af2e1671f7ac6e6a2e33b3"",""restraint_hash"":""cb4c825dedbb6b8ccf1510daf94ccd67c095d4743b9f9b2a3b6dc9fa7c1cda34"",""seed"":42,""sequence_sha256"":""9c868db5026eb441e514242a1c11d6351f78443c84e2eb7331ba8fcc72e6a7ac""}"	166	FINAL50_COMMON4_SEED_COMPLETION	16
CANDIDATE_P1MCPUFP__CPUFP500K_0100__00188_9e6y_s42_c468246bc5f7	34	candidate	P1MCPUFP__CPUFP500K_0100__00188		CANDIDATE_UNKNOWN	9e6y	42	9c868db5026eb441e514242a1c11d6351f78443c84e2eb7331ba8fcc72e6a7ac	26-35	53-59	98-116	27,28,29,30,31,34,35,36,37,38,56,57,58,59,63,64,65,105,106,107,108,109,110,111,112,113,114,115,116,117	inputs/candidate_monomers/P1MCPUFP__CPUFP500K_0100__00188.pdb	frozen_nbb2_archive_extract	H	59f1fc965cf2c70e1480a9660af492718c87e6fff7ddf97fe75638bddc0ddd02	inputs/normalized/9e6y_pvrig_receptor.pdb	T	L	A	UniProt_Q6DKI7	7b597e4976340689606e650f7a864d1c028938e4a1d0c4201b7092f53302813a	cb4c825dedbb6b8ccf1510daf94ccd67c095d4743b9f9b2a3b6dc9fa7c1cda34	8c55751f66ac2930ce115a9419321a2b2bed220b61af2e1671f7ac6e6a2e33b3	8c55751f66ac2930ce115a9419321a2b2bed220b61af2e1671f7ac6e6a2e33b3	c468246bc5f750a9002a17eaf81e01f284645d7a443d60e7a44ffbdba885dcc1	"{""cfg_hash"":""7b597e4976340689606e650f7a864d1c028938e4a1d0c4201b7092f53302813a"",""conformation"":""9e6y"",""entity_id"":""P1MCPUFP__CPUFP500K_0100__00188"",""entity_type"":""candidate"",""monomer_sha256"":""59f1fc965cf2c70e1480a9660af492718c87e6fff7ddf97fe75638bddc0ddd02"",""protocol_core_sha256"":""8c55751f66ac2930ce115a9419321a2b2bed220b61af2e1671f7ac6e6a2e33b3"",""restraint_hash"":""cb4c825dedbb6b8ccf1510daf94ccd67c095d4743b9f9b2a3b6dc9fa7c1cda34"",""seed"":42,""sequence_sha256"":""9c868db5026eb441e514242a1c11d6351f78443c84e2eb7331ba8fcc72e6a7ac""}"	166	FINAL50_COMMON4_SEED_COMPLETION	16
CANDIDATE_P1MCPUFP__CPUFP500K_0100__00188_8x6b_s3047_863a12728166	35	candidate	P1MCPUFP__CPUFP500K_0100__00188		CANDIDATE_UNKNOWN	8x6b	3047	9c868db5026eb441e514242a1c11d6351f78443c84e2eb7331ba8fcc72e6a7ac	26-35	53-59	98-116	27,28,29,30,31,34,35,36,37,38,56,57,58,59,63,64,65,105,106,107,108,109,110,111,112,113,114,115,116,117	inputs/candidate_monomers/P1MCPUFP__CPUFP500K_0100__00188.pdb	frozen_nbb2_archive_extract	H	59f1fc965cf2c70e1480a9660af492718c87e6fff7ddf97fe75638bddc0ddd02	inputs/normalized/8x6b_pvrig_receptor.pdb	T	L	A	UniProt_Q6DKI7	21918201f2d7d8fd86e7fbe3003003c516ebb4de914b20d6f1f82a78554f6225	cb4c825dedbb6b8ccf1510daf94ccd67c095d4743b9f9b2a3b6dc9fa7c1cda34	8c55751f66ac2930ce115a9419321a2b2bed220b61af2e1671f7ac6e6a2e33b3	8c55751f66ac2930ce115a9419321a2b2bed220b61af2e1671f7ac6e6a2e33b3	863a127281669976bf5946c5a579c1685c7daa60db0c4084ba26bd243706fc1f	"{""cfg_hash"":""21918201f2d7d8fd86e7fbe3003003c516ebb4de914b20d6f1f82a78554f6225"",""conformation"":""8x6b"",""entity_id"":""P1MCPUFP__CPUFP500K_0100__00188"",""entity_type"":""candidate"",""monomer_sha256"":""59f1fc965cf2c70e1480a9660af492718c87e6fff7ddf97fe75638bddc0ddd02"",""protocol_core_sha256"":""8c55751f66ac2930ce115a9419321a2b2bed220b61af2e1671f7ac6e6a2e33b3"",""restraint_hash"":""cb4c825dedbb6b8ccf1510daf94ccd67c095d4743b9f9b2a3b6dc9fa7c1cda34"",""seed"":3047,""sequence_sha256"":""9c868db5026eb441e514242a1c11d6351f78443c84e2eb7331ba8fcc72e6a7ac""}"	166	FINAL50_COMMON4_SEED_COMPLETION	16
CANDIDATE_P1MCPUFP__CPUFP500K_0100__00188_9e6y_s3047_7060b1b9529f	36	candidate	P1MCPUFP__CPUFP500K_0100__00188		CANDIDATE_UNKNOWN	9e6y	3047	9c868db5026eb441e514242a1c11d6351f78443c84e2eb7331ba8fcc72e6a7ac	26-35	53-59	98-116	27,28,29,30,31,34,35,36,37,38,56,57,58,59,63,64,65,105,106,107,108,109,110,111,112,113,114,115,116,117	inputs/candidate_monomers/P1MCPUFP__CPUFP500K_0100__00188.pdb	frozen_nbb2_archive_extract	H	59f1fc965cf2c70e1480a9660af492718c87e6fff7ddf97fe75638bddc0ddd02	inputs/normalized/9e6y_pvrig_receptor.pdb	T	L	A	UniProt_Q6DKI7	036faa08876ef5dc8e4331507bf042bf828faae3f3cf5a5fd358a89d5fb215da	cb4c825dedbb6b8ccf1510daf94ccd67c095d4743b9f9b2a3b6dc9fa7c1cda34	8c55751f66ac2930ce115a9419321a2b2bed220b61af2e1671f7ac6e6a2e33b3	8c55751f66ac2930ce115a9419321a2b2bed220b61af2e1671f7ac6e6a2e33b3	7060b1b9529f7d6af0e050fe9ab963f3123267b7c2c01ffd9d690d80437c4183	"{""cfg_hash"":""036faa08876ef5dc8e4331507bf042bf828faae3f3cf5a5fd358a89d5fb215da"",""conformation"":""9e6y"",""entity_id"":""P1MCPUFP__CPUFP500K_0100__00188"",""entity_type"":""candidate"",""monomer_sha256"":""59f1fc965cf2c70e1480a9660af492718c87e6fff7ddf97fe75638bddc0ddd02"",""protocol_core_sha256"":""8c55751f66ac2930ce115a9419321a2b2bed220b61af2e1671f7ac6e6a2e33b3"",""restraint_hash"":""cb4c825dedbb6b8ccf1510daf94ccd67c095d4743b9f9b2a3b6dc9fa7c1cda34"",""seed"":3047,""sequence_sha256"":""9c868db5026eb441e514242a1c11d6351f78443c84e2eb7331ba8fcc72e6a7ac""}"	166	FINAL50_COMMON4_SEED_COMPLETION	16
CANDIDATE_P1MCPUFP__CPUFP500K_0189__00858_8x6b_s42_b66f93878be8	37	candidate	P1MCPUFP__CPUFP500K_0189__00858		CANDIDATE_UNKNOWN	8x6b	42	0d999dc1b693bc19c667df3a8f6934def9a35327ac896cb1edda2ebda12f66a4	26-35	53-59	98-116	27,28,29,30,31,34,35,36,37,38,56,57,58,59,63,64,65,105,106,107,108,109,110,111,112,113,114,115,116,117	inputs/candidate_monomers/P1MCPUFP__CPUFP500K_0189__00858.pdb	frozen_nbb2_archive_extract	H	58d54cb174c2a44531f62abef9d626989a849c958a919c67c0f7884ffe4ef818	inputs/normalized/8x6b_pvrig_receptor.pdb	T	L	A	UniProt_Q6DKI7	6e3411303a8196b0e07523e8d66724b2c6a9380dca7a347caa47b5632620a2a8	cb4c825dedbb6b8ccf1510daf94ccd67c095d4743b9f9b2a3b6dc9fa7c1cda34	8c55751f66ac2930ce115a9419321a2b2bed220b61af2e1671f7ac6e6a2e33b3	8c55751f66ac2930ce115a9419321a2b2bed220b61af2e1671f7ac6e6a2e33b3	b66f93878be8e92f102b7ebc73a364cf4cec7a91978a38a4ce2c8b8e4669a6d4	"{""cfg_hash"":""6e3411303a8196b0e07523e8d66724b2c6a9380dca7a347caa47b5632620a2a8"",""conformation"":""8x6b"",""entity_id"":""P1MCPUFP__CPUFP500K_0189__00858"",""entity_type"":""candidate"",""monomer_sha256"":""58d54cb174c2a44531f62abef9d626989a849c958a919c67c0f7884ffe4ef818"",""protocol_core_sha256"":""8c55751f66ac2930ce115a9419321a2b2bed220b61af2e1671f7ac6e6a2e33b3"",""restraint_hash"":""cb4c825dedbb6b8ccf1510daf94ccd67c095d4743b9f9b2a3b6dc9fa7c1cda34"",""seed"":42,""sequence_sha256"":""0d999dc1b693bc19c667df3a8f6934def9a35327ac896cb1edda2ebda12f66a4""}"	327	FINAL50_COMMON4_SEED_COMPLETION	22
CANDIDATE_P1MCPUFP__CPUFP500K_0189__00858_9e6y_s42_368562bfa145	38	candidate	P1MCPUFP__CPUFP500K_0189__00858		CANDIDATE_UNKNOWN	9e6y	42	0d999dc1b693bc19c667df3a8f6934def9a35327ac896cb1edda2ebda12f66a4	26-35	53-59	98-116	27,28,29,30,31,34,35,36,37,38,56,57,58,59,63,64,65,105,106,107,108,109,110,111,112,113,114,115,116,117	inputs/candidate_monomers/P1MCPUFP__CPUFP500K_0189__00858.pdb	frozen_nbb2_archive_extract	H	58d54cb174c2a44531f62abef9d626989a849c958a919c67c0f7884ffe4ef818	inputs/normalized/9e6y_pvrig_receptor.pdb	T	L	A	UniProt_Q6DKI7	7b597e4976340689606e650f7a864d1c028938e4a1d0c4201b7092f53302813a	cb4c825dedbb6b8ccf1510daf94ccd67c095d4743b9f9b2a3b6dc9fa7c1cda34	8c55751f66ac2930ce115a9419321a2b2bed220b61af2e1671f7ac6e6a2e33b3	8c55751f66ac2930ce115a9419321a2b2bed220b61af2e1671f7ac6e6a2e33b3	368562bfa145822736b3c0f1daf1a7081d3785fc4cf17617138dbea3b3faaffc	"{""cfg_hash"":""7b597e4976340689606e650f7a864d1c028938e4a1d0c4201b7092f53302813a"",""conformation"":""9e6y"",""entity_id"":""P1MCPUFP__CPUFP500K_0189__00858"",""entity_type"":""candidate"",""monomer_sha256"":""58d54cb174c2a44531f62abef9d626989a849c958a919c67c0f7884ffe4ef818"",""protocol_core_sha256"":""8c55751f66ac2930ce115a9419321a2b2bed220b61af2e1671f7ac6e6a2e33b3"",""restraint_hash"":""cb4c825dedbb6b8ccf1510daf94ccd67c095d4743b9f9b2a3b6dc9fa7c1cda34"",""seed"":42,""sequence_sha256"":""0d999dc1b693bc19c667df3a8f6934def9a35327ac896cb1edda2ebda12f66a4""}"	327	FINAL50_COMMON4_SEED_COMPLETION	22
CANDIDATE_P1MCPUFP__CPUFP500K_0189__00858_8x6b_s3047_cc8c674bb23c	39	candidate	P1MCPUFP__CPUFP500K_0189__00858		CANDIDATE_UNKNOWN	8x6b	3047	0d999dc1b693bc19c667df3a8f6934def9a35327ac896cb1edda2ebda12f66a4	26-35	53-59	98-116	27,28,29,30,31,34,35,36,37,38,56,57,58,59,63,64,65,105,106,107,108,109,110,111,112,113,114,115,116,117	inputs/candidate_monomers/P1MCPUFP__CPUFP500K_0189__00858.pdb	frozen_nbb2_archive_extract	H	58d54cb174c2a44531f62abef9d626989a849c958a919c67c0f7884ffe4ef818	inputs/normalized/8x6b_pvrig_receptor.pdb	T	L	A	UniProt_Q6DKI7	21918201f2d7d8fd86e7fbe3003003c516ebb4de914b20d6f1f82a78554f6225	cb4c825dedbb6b8ccf1510daf94ccd67c095d4743b9f9b2a3b6dc9fa7c1cda34	8c55751f66ac2930ce115a9419321a2b2bed220b61af2e1671f7ac6e6a2e33b3	8c55751f66ac2930ce115a9419321a2b2bed220b61af2e1671f7ac6e6a2e33b3	cc8c674bb23c8c26758754ac1511fb0975a60873337bc52e65d534fed028b4ac	"{""cfg_hash"":""21918201f2d7d8fd86e7fbe3003003c516ebb4de914b20d6f1f82a78554f6225"",""conformation"":""8x6b"",""entity_id"":""P1MCPUFP__CPUFP500K_0189__00858"",""entity_type"":""candidate"",""monomer_sha256"":""58d54cb174c2a44531f62abef9d626989a849c958a919c67c0f7884ffe4ef818"",""protocol_core_sha256"":""8c55751f66ac2930ce115a9419321a2b2bed220b61af2e1671f7ac6e6a2e33b3"",""restraint_hash"":""cb4c825dedbb6b8ccf1510daf94ccd67c095d4743b9f9b2a3b6dc9fa7c1cda34"",""seed"":3047,""sequence_sha256"":""0d999dc1b693bc19c667df3a8f6934def9a35327ac896cb1edda2ebda12f66a4""}"	327	FINAL50_COMMON4_SEED_COMPLETION	22
CANDIDATE_P1MCPUFP__CPUFP500K_0189__00858_9e6y_s3047_9600015a3628	40	candidate	P1MCPUFP__CPUFP500K_0189__00858		CANDIDATE_UNKNOWN	9e6y	3047	0d999dc1b693bc19c667df3a8f6934def9a35327ac896cb1edda2ebda12f66a4	26-35	53-59	98-116	27,28,29,30,31,34,35,36,37,38,56,57,58,59,63,64,65,105,106,107,108,109,110,111,112,113,114,115,116,117	inputs/candidate_monomers/P1MCPUFP__CPUFP500K_0189__00858.pdb	frozen_nbb2_archive_extract	H	58d54cb174c2a44531f62abef9d626989a849c958a919c67c0f7884ffe4ef818	inputs/normalized/9e6y_pvrig_receptor.pdb	T	L	A	UniProt_Q6DKI7	036faa08876ef5dc8e4331507bf042bf828faae3f3cf5a5fd358a89d5fb215da	cb4c825dedbb6b8ccf1510daf94ccd67c095d4743b9f9b2a3b6dc9fa7c1cda34	8c55751f66ac2930ce115a9419321a2b2bed220b61af2e1671f7ac6e6a2e33b3	8c55751f66ac2930ce115a9419321a2b2bed220b61af2e1671f7ac6e6a2e33b3	9600015a3628cc44b4e04599c9f7f5678a2cfe1de00816cf460da235c5a6ee12	"{""cfg_hash"":""036faa08876ef5dc8e4331507bf042bf828faae3f3cf5a5fd358a89d5fb215da"",""conformation"":""9e6y"",""entity_id"":""P1MCPUFP__CPUFP500K_0189__00858"",""entity_type"":""candidate"",""monomer_sha256"":""58d54cb174c2a44531f62abef9d626989a849c958a919c67c0f7884ffe4ef818"",""protocol_core_sha256"":""8c55751f66ac2930ce115a9419321a2b2bed220b61af2e1671f7ac6e6a2e33b3"",""restraint_hash"":""cb4c825dedbb6b8ccf1510daf94ccd67c095d4743b9f9b2a3b6dc9fa7c1cda34"",""seed"":3047,""sequence_sha256"":""0d999dc1b693bc19c667df3a8f6934def9a35327ac896cb1edda2ebda12f66a4""}"	327	FINAL50_COMMON4_SEED_COMPLETION	22
CANDIDATE_P1MCPUFP__CPUFP500K_0496__00432_8x6b_s42_e7c42835d899	41	candidate	P1MCPUFP__CPUFP500K_0496__00432		CANDIDATE_UNKNOWN	8x6b	42	ea6d6f18b0c566535e0110cd0a3789883dfd5d4cd1b3e5e0714aab803c5d1c34	26-35	53-59	98-116	27,28,29,30,31,34,35,36,37,38,56,57,58,59,63,64,65,105,106,107,108,109,110,111,112,113,114,115,116,117	inputs/candidate_monomers/P1MCPUFP__CPUFP500K_0496__00432.pdb	frozen_nbb2_archive_extract	H	114cca376677eab22b0bfb491ad94b1939f8f4e25b7c3a49f058a70be4bddc02	inputs/normalized/8x6b_pvrig_receptor.pdb	T	L	A	UniProt_Q6DKI7	6e3411303a8196b0e07523e8d66724b2c6a9380dca7a347caa47b5632620a2a8	cb4c825dedbb6b8ccf1510daf94ccd67c095d4743b9f9b2a3b6dc9fa7c1cda34	8c55751f66ac2930ce115a9419321a2b2bed220b61af2e1671f7ac6e6a2e33b3	8c55751f66ac2930ce115a9419321a2b2bed220b61af2e1671f7ac6e6a2e33b3	e7c42835d89972f26322862b9593e0ddd05dcc46ed0edf191f716907a42ff28d	"{""cfg_hash"":""6e3411303a8196b0e07523e8d66724b2c6a9380dca7a347caa47b5632620a2a8"",""conformation"":""8x6b"",""entity_id"":""P1MCPUFP__CPUFP500K_0496__00432"",""entity_type"":""candidate"",""monomer_sha256"":""114cca376677eab22b0bfb491ad94b1939f8f4e25b7c3a49f058a70be4bddc02"",""protocol_core_sha256"":""8c55751f66ac2930ce115a9419321a2b2bed220b61af2e1671f7ac6e6a2e33b3"",""restraint_hash"":""cb4c825dedbb6b8ccf1510daf94ccd67c095d4743b9f9b2a3b6dc9fa7c1cda34"",""seed"":42,""sequence_sha256"":""ea6d6f18b0c566535e0110cd0a3789883dfd5d4cd1b3e5e0714aab803c5d1c34""}"	112	FINAL50_COMMON4_SEED_COMPLETION	26
CANDIDATE_P1MCPUFP__CPUFP500K_0496__00432_9e6y_s42_bde1d3278297	42	candidate	P1MCPUFP__CPUFP500K_0496__00432		CANDIDATE_UNKNOWN	9e6y	42	ea6d6f18b0c566535e0110cd0a3789883dfd5d4cd1b3e5e0714aab803c5d1c34	26-35	53-59	98-116	27,28,29,30,31,34,35,36,37,38,56,57,58,59,63,64,65,105,106,107,108,109,110,111,112,113,114,115,116,117	inputs/candidate_monomers/P1MCPUFP__CPUFP500K_0496__00432.pdb	frozen_nbb2_archive_extract	H	114cca376677eab22b0bfb491ad94b1939f8f4e25b7c3a49f058a70be4bddc02	inputs/normalized/9e6y_pvrig_receptor.pdb	T	L	A	UniProt_Q6DKI7	7b597e4976340689606e650f7a864d1c028938e4a1d0c4201b7092f53302813a	cb4c825dedbb6b8ccf1510daf94ccd67c095d4743b9f9b2a3b6dc9fa7c1cda34	8c55751f66ac2930ce115a9419321a2b2bed220b61af2e1671f7ac6e6a2e33b3	8c55751f66ac2930ce115a9419321a2b2bed220b61af2e1671f7ac6e6a2e33b3	bde1d3278297727a972f14c304e66f0389c22f80de8f8fddfcb121e4e27f65ce	"{""cfg_hash"":""7b597e4976340689606e650f7a864d1c028938e4a1d0c4201b7092f53302813a"",""conformation"":""9e6y"",""entity_id"":""P1MCPUFP__CPUFP500K_0496__00432"",""entity_type"":""candidate"",""monomer_sha256"":""114cca376677eab22b0bfb491ad94b1939f8f4e25b7c3a49f058a70be4bddc02"",""protocol_core_sha256"":""8c55751f66ac2930ce115a9419321a2b2bed220b61af2e1671f7ac6e6a2e33b3"",""restraint_hash"":""cb4c825dedbb6b8ccf1510daf94ccd67c095d4743b9f9b2a3b6dc9fa7c1cda34"",""seed"":42,""sequence_sha256"":""ea6d6f18b0c566535e0110cd0a3789883dfd5d4cd1b3e5e0714aab803c5d1c34""}"	112	FINAL50_COMMON4_SEED_COMPLETION	26
CANDIDATE_P1MCPUFP__CPUFP500K_0496__00432_8x6b_s3047_adf35ac9babb	43	candidate	P1MCPUFP__CPUFP500K_0496__00432		CANDIDATE_UNKNOWN	8x6b	3047	ea6d6f18b0c566535e0110cd0a3789883dfd5d4cd1b3e5e0714aab803c5d1c34	26-35	53-59	98-116	27,28,29,30,31,34,35,36,37,38,56,57,58,59,63,64,65,105,106,107,108,109,110,111,112,113,114,115,116,117	inputs/candidate_monomers/P1MCPUFP__CPUFP500K_0496__00432.pdb	frozen_nbb2_archive_extract	H	114cca376677eab22b0bfb491ad94b1939f8f4e25b7c3a49f058a70be4bddc02	inputs/normalized/8x6b_pvrig_receptor.pdb	T	L	A	UniProt_Q6DKI7	21918201f2d7d8fd86e7fbe3003003c516ebb4de914b20d6f1f82a78554f6225	cb4c825dedbb6b8ccf1510daf94ccd67c095d4743b9f9b2a3b6dc9fa7c1cda34	8c55751f66ac2930ce115a9419321a2b2bed220b61af2e1671f7ac6e6a2e33b3	8c55751f66ac2930ce115a9419321a2b2bed220b61af2e1671f7ac6e6a2e33b3	adf35ac9babb07aba6d066837969a9b9a682840cd578a841aa2c1c31c825fde6	"{""cfg_hash"":""21918201f2d7d8fd86e7fbe3003003c516ebb4de914b20d6f1f82a78554f6225"",""conformation"":""8x6b"",""entity_id"":""P1MCPUFP__CPUFP500K_0496__00432"",""entity_type"":""candidate"",""monomer_sha256"":""114cca376677eab22b0bfb491ad94b1939f8f4e25b7c3a49f058a70be4bddc02"",""protocol_core_sha256"":""8c55751f66ac2930ce115a9419321a2b2bed220b61af2e1671f7ac6e6a2e33b3"",""restraint_hash"":""cb4c825dedbb6b8ccf1510daf94ccd67c095d4743b9f9b2a3b6dc9fa7c1cda34"",""seed"":3047,""sequence_sha256"":""ea6d6f18b0c566535e0110cd0a3789883dfd5d4cd1b3e5e0714aab803c5d1c34""}"	112	FINAL50_COMMON4_SEED_COMPLETION	26
CANDIDATE_P1MCPUFP__CPUFP500K_0496__00432_9e6y_s3047_e8be94aa1431	44	candidate	P1MCPUFP__CPUFP500K_0496__00432		CANDIDATE_UNKNOWN	9e6y	3047	ea6d6f18b0c566535e0110cd0a3789883dfd5d4cd1b3e5e0714aab803c5d1c34	26-35	53-59	98-116	27,28,29,30,31,34,35,36,37,38,56,57,58,59,63,64,65,105,106,107,108,109,110,111,112,113,114,115,116,117	inputs/candidate_monomers/P1MCPUFP__CPUFP500K_0496__00432.pdb	frozen_nbb2_archive_extract	H	114cca376677eab22b0bfb491ad94b1939f8f4e25b7c3a49f058a70be4bddc02	inputs/normalized/9e6y_pvrig_receptor.pdb	T	L	A	UniProt_Q6DKI7	036faa08876ef5dc8e4331507bf042bf828faae3f3cf5a5fd358a89d5fb215da	cb4c825dedbb6b8ccf1510daf94ccd67c095d4743b9f9b2a3b6dc9fa7c1cda34	8c55751f66ac2930ce115a9419321a2b2bed220b61af2e1671f7ac6e6a2e33b3	8c55751f66ac2930ce115a9419321a2b2bed220b61af2e1671f7ac6e6a2e33b3	e8be94aa14317c02fd34f74fe7282e4cc5aff092cbe949959255a3fb5971d721	"{""cfg_hash"":""036faa08876ef5dc8e4331507bf042bf828faae3f3cf5a5fd358a89d5fb215da"",""conformation"":""9e6y"",""entity_id"":""P1MCPUFP__CPUFP500K_0496__00432"",""entity_type"":""candidate"",""monomer_sha256"":""114cca376677eab22b0bfb491ad94b1939f8f4e25b7c3a49f058a70be4bddc02"",""protocol_core_sha256"":""8c55751f66ac2930ce115a9419321a2b2bed220b61af2e1671f7ac6e6a2e33b3"",""restraint_hash"":""cb4c825dedbb6b8ccf1510daf94ccd67c095d4743b9f9b2a3b6dc9fa7c1cda34"",""seed"":3047,""sequence_sha256"":""ea6d6f18b0c566535e0110cd0a3789883dfd5d4cd1b3e5e0714aab803c5d1c34""}"	112	FINAL50_COMMON4_SEED_COMPLETION	26
CANDIDATE_P1MCPUFP__CPUFP500K_0134__00289_8x6b_s42_4f8b3750e872	45	candidate	P1MCPUFP__CPUFP500K_0134__00289		CANDIDATE_UNKNOWN	8x6b	42	4f6f465cd41f8505f63059265efe981867b9adc131be0dba27c259dd11611a44	26-33	51-58	97-112	27,28,29,30,35,36,37,38,56,57,58,59,62,63,64,65,105,106,107,108,109,110,111,112,113,114,115,116,117	inputs/candidate_monomers/P1MCPUFP__CPUFP500K_0134__00289.pdb	frozen_nbb2_archive_extract	H	4d291957613bef7ba80953496baca907a5982db398b012dd5fd079d92f6d0d69	inputs/normalized/8x6b_pvrig_receptor.pdb	T	L	A	UniProt_Q6DKI7	6e3411303a8196b0e07523e8d66724b2c6a9380dca7a347caa47b5632620a2a8	4c76f09ba6c24bc9c82a9a97a8fa1f279c4d5ce2a6d051dbf284751701c25880	8c55751f66ac2930ce115a9419321a2b2bed220b61af2e1671f7ac6e6a2e33b3	8c55751f66ac2930ce115a9419321a2b2bed220b61af2e1671f7ac6e6a2e33b3	4f8b3750e8725b23214170b6c4b8b8b6f402ff34eea6d3fec10b48c30b3c9100	"{""cfg_hash"":""6e3411303a8196b0e07523e8d66724b2c6a9380dca7a347caa47b5632620a2a8"",""conformation"":""8x6b"",""entity_id"":""P1MCPUFP__CPUFP500K_0134__00289"",""entity_type"":""candidate"",""monomer_sha256"":""4d291957613bef7ba80953496baca907a5982db398b012dd5fd079d92f6d0d69"",""protocol_core_sha256"":""8c55751f66ac2930ce115a9419321a2b2bed220b61af2e1671f7ac6e6a2e33b3"",""restraint_hash"":""4c76f09ba6c24bc9c82a9a97a8fa1f279c4d5ce2a6d051dbf284751701c25880"",""seed"":42,""sequence_sha256"":""4f6f465cd41f8505f63059265efe981867b9adc131be0dba27c259dd11611a44""}"	4160	FINAL50_COMMON4_SEED_COMPLETION	33
CANDIDATE_P1MCPUFP__CPUFP500K_0134__00289_9e6y_s42_40a866a6354b	46	candidate	P1MCPUFP__CPUFP500K_0134__00289		CANDIDATE_UNKNOWN	9e6y	42	4f6f465cd41f8505f63059265efe981867b9adc131be0dba27c259dd11611a44	26-33	51-58	97-112	27,28,29,30,35,36,37,38,56,57,58,59,62,63,64,65,105,106,107,108,109,110,111,112,113,114,115,116,117	inputs/candidate_monomers/P1MCPUFP__CPUFP500K_0134__00289.pdb	frozen_nbb2_archive_extract	H	4d291957613bef7ba80953496baca907a5982db398b012dd5fd079d92f6d0d69	inputs/normalized/9e6y_pvrig_receptor.pdb	T	L	A	UniProt_Q6DKI7	7b597e4976340689606e650f7a864d1c028938e4a1d0c4201b7092f53302813a	4c76f09ba6c24bc9c82a9a97a8fa1f279c4d5ce2a6d051dbf284751701c25880	8c55751f66ac2930ce115a9419321a2b2bed220b61af2e1671f7ac6e6a2e33b3	8c55751f66ac2930ce115a9419321a2b2bed220b61af2e1671f7ac6e6a2e33b3	40a866a6354b7c44bf884e2256ab954bdb30b0118f37f1d6e1f14deee944d2f8	"{""cfg_hash"":""7b597e4976340689606e650f7a864d1c028938e4a1d0c4201b7092f53302813a"",""conformation"":""9e6y"",""entity_id"":""P1MCPUFP__CPUFP500K_0134__00289"",""entity_type"":""candidate"",""monomer_sha256"":""4d291957613bef7ba80953496baca907a5982db398b012dd5fd079d92f6d0d69"",""protocol_core_sha256"":""8c55751f66ac2930ce115a9419321a2b2bed220b61af2e1671f7ac6e6a2e33b3"",""restraint_hash"":""4c76f09ba6c24bc9c82a9a97a8fa1f279c4d5ce2a6d051dbf284751701c25880"",""seed"":42,""sequence_sha256"":""4f6f465cd41f8505f63059265efe981867b9adc131be0dba27c259dd11611a44""}"	4160	FINAL50_COMMON4_SEED_COMPLETION	33
CANDIDATE_P1MCPUFP__CPUFP500K_0134__00289_8x6b_s3047_ac2496489850	47	candidate	P1MCPUFP__CPUFP500K_0134__00289		CANDIDATE_UNKNOWN	8x6b	3047	4f6f465cd41f8505f63059265efe981867b9adc131be0dba27c259dd11611a44	26-33	51-58	97-112	27,28,29,30,35,36,37,38,56,57,58,59,62,63,64,65,105,106,107,108,109,110,111,112,113,114,115,116,117	inputs/candidate_monomers/P1MCPUFP__CPUFP500K_0134__00289.pdb	frozen_nbb2_archive_extract	H	4d291957613bef7ba80953496baca907a5982db398b012dd5fd079d92f6d0d69	inputs/normalized/8x6b_pvrig_receptor.pdb	T	L	A	UniProt_Q6DKI7	21918201f2d7d8fd86e7fbe3003003c516ebb4de914b20d6f1f82a78554f6225	4c76f09ba6c24bc9c82a9a97a8fa1f279c4d5ce2a6d051dbf284751701c25880	8c55751f66ac2930ce115a9419321a2b2bed220b61af2e1671f7ac6e6a2e33b3	8c55751f66ac2930ce115a9419321a2b2bed220b61af2e1671f7ac6e6a2e33b3	ac24964898508f3a7824ae17cb1a966c03ff137c4b848980b0f04db2d8e23ce5	"{""cfg_hash"":""21918201f2d7d8fd86e7fbe3003003c516ebb4de914b20d6f1f82a78554f6225"",""conformation"":""8x6b"",""entity_id"":""P1MCPUFP__CPUFP500K_0134__00289"",""entity_type"":""candidate"",""monomer_sha256"":""4d291957613bef7ba80953496baca907a5982db398b012dd5fd079d92f6d0d69"",""protocol_core_sha256"":""8c55751f66ac2930ce115a9419321a2b2bed220b61af2e1671f7ac6e6a2e33b3"",""restraint_hash"":""4c76f09ba6c24bc9c82a9a97a8fa1f279c4d5ce2a6d051dbf284751701c25880"",""seed"":3047,""sequence_sha256"":""4f6f465cd41f8505f63059265efe981867b9adc131be0dba27c259dd11611a44""}"	4160	FINAL50_COMMON4_SEED_COMPLETION	33
CANDIDATE_P1MCPUFP__CPUFP500K_0134__00289_9e6y_s3047_b12f6e47bd96	48	candidate	P1MCPUFP__CPUFP500K_0134__00289		CANDIDATE_UNKNOWN	9e6y	3047	4f6f465cd41f8505f63059265efe981867b9adc131be0dba27c259dd11611a44	26-33	51-58	97-112	27,28,29,30,35,36,37,38,56,57,58,59,62,63,64,65,105,106,107,108,109,110,111,112,113,114,115,116,117	inputs/candidate_monomers/P1MCPUFP__CPUFP500K_0134__00289.pdb	frozen_nbb2_archive_extract	H	4d291957613bef7ba80953496baca907a5982db398b012dd5fd079d92f6d0d69	inputs/normalized/9e6y_pvrig_receptor.pdb	T	L	A	UniProt_Q6DKI7	036faa08876ef5dc8e4331507bf042bf828faae3f3cf5a5fd358a89d5fb215da	4c76f09ba6c24bc9c82a9a97a8fa1f279c4d5ce2a6d051dbf284751701c25880	8c55751f66ac2930ce115a9419321a2b2bed220b61af2e1671f7ac6e6a2e33b3	8c55751f66ac2930ce115a9419321a2b2bed220b61af2e1671f7ac6e6a2e33b3	b12f6e47bd96b1ed4205f022b2df77049984d635f2b9053e7cbbe0390173d372	"{""cfg_hash"":""036faa08876ef5dc8e4331507bf042bf828faae3f3cf5a5fd358a89d5fb215da"",""conformation"":""9e6y"",""entity_id"":""P1MCPUFP__CPUFP500K_0134__00289"",""entity_type"":""candidate"",""monomer_sha256"":""4d291957613bef7ba80953496baca907a5982db398b012dd5fd079d92f6d0d69"",""protocol_core_sha256"":""8c55751f66ac2930ce115a9419321a2b2bed220b61af2e1671f7ac6e6a2e33b3"",""restraint_hash"":""4c76f09ba6c24bc9c82a9a97a8fa1f279c4d5ce2a6d051dbf284751701c25880"",""seed"":3047,""sequence_sha256"":""4f6f465cd41f8505f63059265efe981867b9adc131be0dba27c259dd11611a44""}"	4160	FINAL50_COMMON4_SEED_COMPLETION	33
CANDIDATE_P1MCPUFP__CPUFP500K_0388__00174_8x6b_s42_4167e337ef23	49	candidate	P1MCPUFP__CPUFP500K_0388__00174		CANDIDATE_UNKNOWN	8x6b	42	f77391cb04abddbcc919b3202d0a20288713cc77f7c4a3828a8cb1a8a5836d97	26-35	53-59	98-116	27,28,29,30,31,34,35,36,37,38,56,57,58,59,63,64,65,105,106,107,108,109,110,111,112,113,114,115,116,117	inputs/candidate_monomers/P1MCPUFP__CPUFP500K_0388__00174.pdb	frozen_nbb2_archive_extract	H	463dc44b9e28892ab6769d4ec39cbbb8de3517eb4b00f2aaa35257fbabfbd6bd	inputs/normalized/8x6b_pvrig_receptor.pdb	T	L	A	UniProt_Q6DKI7	6e3411303a8196b0e07523e8d66724b2c6a9380dca7a347caa47b5632620a2a8	cb4c825dedbb6b8ccf1510daf94ccd67c095d4743b9f9b2a3b6dc9fa7c1cda34	8c55751f66ac2930ce115a9419321a2b2bed220b61af2e1671f7ac6e6a2e33b3	8c55751f66ac2930ce115a9419321a2b2bed220b61af2e1671f7ac6e6a2e33b3	4167e337ef230efc56e99352a45a9c11e75ccbdbd8fc2173c28d3de2a655b6f7	"{""cfg_hash"":""6e3411303a8196b0e07523e8d66724b2c6a9380dca7a347caa47b5632620a2a8"",""conformation"":""8x6b"",""entity_id"":""P1MCPUFP__CPUFP500K_0388__00174"",""entity_type"":""candidate"",""monomer_sha256"":""463dc44b9e28892ab6769d4ec39cbbb8de3517eb4b00f2aaa35257fbabfbd6bd"",""protocol_core_sha256"":""8c55751f66ac2930ce115a9419321a2b2bed220b61af2e1671f7ac6e6a2e33b3"",""restraint_hash"":""cb4c825dedbb6b8ccf1510daf94ccd67c095d4743b9f9b2a3b6dc9fa7c1cda34"",""seed"":42,""sequence_sha256"":""f77391cb04abddbcc919b3202d0a20288713cc77f7c4a3828a8cb1a8a5836d97""}"	4594	FINAL50_COMMON4_SEED_COMPLETION	34
CANDIDATE_P1MCPUFP__CPUFP500K_0388__00174_9e6y_s42_af0704ccc7d1	50	candidate	P1MCPUFP__CPUFP500K_0388__00174		CANDIDATE_UNKNOWN	9e6y	42	f77391cb04abddbcc919b3202d0a20288713cc77f7c4a3828a8cb1a8a5836d97	26-35	53-59	98-116	27,28,29,30,31,34,35,36,37,38,56,57,58,59,63,64,65,105,106,107,108,109,110,111,112,113,114,115,116,117	inputs/candidate_monomers/P1MCPUFP__CPUFP500K_0388__00174.pdb	frozen_nbb2_archive_extract	H	463dc44b9e28892ab6769d4ec39cbbb8de3517eb4b00f2aaa35257fbabfbd6bd	inputs/normalized/9e6y_pvrig_receptor.pdb	T	L	A	UniProt_Q6DKI7	7b597e4976340689606e650f7a864d1c028938e4a1d0c4201b7092f53302813a	cb4c825dedbb6b8ccf1510daf94ccd67c095d4743b9f9b2a3b6dc9fa7c1cda34	8c55751f66ac2930ce115a9419321a2b2bed220b61af2e1671f7ac6e6a2e33b3	8c55751f66ac2930ce115a9419321a2b2bed220b61af2e1671f7ac6e6a2e33b3	af0704ccc7d1e8fdf7a0428100f43471b91430e65224c29b3ba71ed595ef23e6	"{""cfg_hash"":""7b597e4976340689606e650f7a864d1c028938e4a1d0c4201b7092f53302813a"",""conformation"":""9e6y"",""entity_id"":""P1MCPUFP__CPUFP500K_0388__00174"",""entity_type"":""candidate"",""monomer_sha256"":""463dc44b9e28892ab6769d4ec39cbbb8de3517eb4b00f2aaa35257fbabfbd6bd"",""protocol_core_sha256"":""8c55751f66ac2930ce115a9419321a2b2bed220b61af2e1671f7ac6e6a2e33b3"",""restraint_hash"":""cb4c825dedbb6b8ccf1510daf94ccd67c095d4743b9f9b2a3b6dc9fa7c1cda34"",""seed"":42,""sequence_sha256"":""f77391cb04abddbcc919b3202d0a20288713cc77f7c4a3828a8cb1a8a5836d97""}"	4594	FINAL50_COMMON4_SEED_COMPLETION	34
CANDIDATE_P1MCPUFP__CPUFP500K_0388__00174_8x6b_s3047_62f5fd857de2	51	candidate	P1MCPUFP__CPUFP500K_0388__00174		CANDIDATE_UNKNOWN	8x6b	3047	f77391cb04abddbcc919b3202d0a20288713cc77f7c4a3828a8cb1a8a5836d97	26-35	53-59	98-116	27,28,29,30,31,34,35,36,37,38,56,57,58,59,63,64,65,105,106,107,108,109,110,111,112,113,114,115,116,117	inputs/candidate_monomers/P1MCPUFP__CPUFP500K_0388__00174.pdb	frozen_nbb2_archive_extract	H	463dc44b9e28892ab6769d4ec39cbbb8de3517eb4b00f2aaa35257fbabfbd6bd	inputs/normalized/8x6b_pvrig_receptor.pdb	T	L	A	UniProt_Q6DKI7	21918201f2d7d8fd86e7fbe3003003c516ebb4de914b20d6f1f82a78554f6225	cb4c825dedbb6b8ccf1510daf94ccd67c095d4743b9f9b2a3b6dc9fa7c1cda34	8c55751f66ac2930ce115a9419321a2b2bed220b61af2e1671f7ac6e6a2e33b3	8c55751f66ac2930ce115a9419321a2b2bed220b61af2e1671f7ac6e6a2e33b3	62f5fd857de2d7bfdbdc47cb58e967ca2db1d2c728ef04adff674663dad61ae0	"{""cfg_hash"":""21918201f2d7d8fd86e7fbe3003003c516ebb4de914b20d6f1f82a78554f6225"",""conformation"":""8x6b"",""entity_id"":""P1MCPUFP__CPUFP500K_0388__00174"",""entity_type"":""candidate"",""monomer_sha256"":""463dc44b9e28892ab6769d4ec39cbbb8de3517eb4b00f2aaa35257fbabfbd6bd"",""protocol_core_sha256"":""8c55751f66ac2930ce115a9419321a2b2bed220b61af2e1671f7ac6e6a2e33b3"",""restraint_hash"":""cb4c825dedbb6b8ccf1510daf94ccd67c095d4743b9f9b2a3b6dc9fa7c1cda34"",""seed"":3047,""sequence_sha256"":""f77391cb04abddbcc919b3202d0a20288713cc77f7c4a3828a8cb1a8a5836d97""}"	4594	FINAL50_COMMON4_SEED_COMPLETION	34
CANDIDATE_P1MCPUFP__CPUFP500K_0388__00174_9e6y_s3047_19540d9d3fe2	52	candidate	P1MCPUFP__CPUFP500K_0388__00174		CANDIDATE_UNKNOWN	9e6y	3047	f77391cb04abddbcc919b3202d0a20288713cc77f7c4a3828a8cb1a8a5836d97	26-35	53-59	98-116	27,28,29,30,31,34,35,36,37,38,56,57,58,59,63,64,65,105,106,107,108,109,110,111,112,113,114,115,116,117	inputs/candidate_monomers/P1MCPUFP__CPUFP500K_0388__00174.pdb	frozen_nbb2_archive_extract	H	463dc44b9e28892ab6769d4ec39cbbb8de3517eb4b00f2aaa35257fbabfbd6bd	inputs/normalized/9e6y_pvrig_receptor.pdb	T	L	A	UniProt_Q6DKI7	036faa08876ef5dc8e4331507bf042bf828faae3f3cf5a5fd358a89d5fb215da	cb4c825dedbb6b8ccf1510daf94ccd67c095d4743b9f9b2a3b6dc9fa7c1cda34	8c55751f66ac2930ce115a9419321a2b2bed220b61af2e1671f7ac6e6a2e33b3	8c55751f66ac2930ce115a9419321a2b2bed220b61af2e1671f7ac6e6a2e33b3	19540d9d3fe296118f166f40e0e8a6360358fa748684c6bac776c73695011de7	"{""cfg_hash"":""036faa08876ef5dc8e4331507bf042bf828faae3f3cf5a5fd358a89d5fb215da"",""conformation"":""9e6y"",""entity_id"":""P1MCPUFP__CPUFP500K_0388__00174"",""entity_type"":""candidate"",""monomer_sha256"":""463dc44b9e28892ab6769d4ec39cbbb8de3517eb4b00f2aaa35257fbabfbd6bd"",""protocol_core_sha256"":""8c55751f66ac2930ce115a9419321a2b2bed220b61af2e1671f7ac6e6a2e33b3"",""restraint_hash"":""cb4c825dedbb6b8ccf1510daf94ccd67c095d4743b9f9b2a3b6dc9fa7c1cda34"",""seed"":3047,""sequence_sha256"":""f77391cb04abddbcc919b3202d0a20288713cc77f7c4a3828a8cb1a8a5836d97""}"	4594	FINAL50_COMMON4_SEED_COMPLETION	34
CANDIDATE_P1MCPUFP__CPUFP500K_0313__00128_8x6b_s42_676681852b07	53	candidate	P1MCPUFP__CPUFP500K_0313__00128		CANDIDATE_UNKNOWN	8x6b	42	be6208de315567a1ff6e0def62b3224c66e05449ae8e364185a9cb7cf972767a	26-33	51-57	96-110	27,28,29,30,35,36,37,38,56,57,58,59,63,64,65,105,106,107,108,109,110,111,112,113,114,115,116,117	inputs/candidate_monomers/P1MCPUFP__CPUFP500K_0313__00128.pdb	frozen_nbb2_archive_extract	H	88f42610ac7ccb4387a1706284ae6a2de32e11aec0302bac40842a4cac24b08f	inputs/normalized/8x6b_pvrig_receptor.pdb	T	L	A	UniProt_Q6DKI7	6e3411303a8196b0e07523e8d66724b2c6a9380dca7a347caa47b5632620a2a8	e8c303eefaa8bed003ef374d715e23ed0aa11530cee0b01fd9a9ca7ab3c97778	8c55751f66ac2930ce115a9419321a2b2bed220b61af2e1671f7ac6e6a2e33b3	8c55751f66ac2930ce115a9419321a2b2bed220b61af2e1671f7ac6e6a2e33b3	676681852b0700c21f542dc5aa18efeb54f3658bc4fc40ea66f13d6ddf27eec1	"{""cfg_hash"":""6e3411303a8196b0e07523e8d66724b2c6a9380dca7a347caa47b5632620a2a8"",""conformation"":""8x6b"",""entity_id"":""P1MCPUFP__CPUFP500K_0313__00128"",""entity_type"":""candidate"",""monomer_sha256"":""88f42610ac7ccb4387a1706284ae6a2de32e11aec0302bac40842a4cac24b08f"",""protocol_core_sha256"":""8c55751f66ac2930ce115a9419321a2b2bed220b61af2e1671f7ac6e6a2e33b3"",""restraint_hash"":""e8c303eefaa8bed003ef374d715e23ed0aa11530cee0b01fd9a9ca7ab3c97778"",""seed"":42,""sequence_sha256"":""be6208de315567a1ff6e0def62b3224c66e05449ae8e364185a9cb7cf972767a""}"	2198	FINAL50_COMMON4_SEED_COMPLETION	35
CANDIDATE_P1MCPUFP__CPUFP500K_0313__00128_9e6y_s42_528aee54129e	54	candidate	P1MCPUFP__CPUFP500K_0313__00128		CANDIDATE_UNKNOWN	9e6y	42	be6208de315567a1ff6e0def62b3224c66e05449ae8e364185a9cb7cf972767a	26-33	51-57	96-110	27,28,29,30,35,36,37,38,56,57,58,59,63,64,65,105,106,107,108,109,110,111,112,113,114,115,116,117	inputs/candidate_monomers/P1MCPUFP__CPUFP500K_0313__00128.pdb	frozen_nbb2_archive_extract	H	88f42610ac7ccb4387a1706284ae6a2de32e11aec0302bac40842a4cac24b08f	inputs/normalized/9e6y_pvrig_receptor.pdb	T	L	A	UniProt_Q6DKI7	7b597e4976340689606e650f7a864d1c028938e4a1d0c4201b7092f53302813a	e8c303eefaa8bed003ef374d715e23ed0aa11530cee0b01fd9a9ca7ab3c97778	8c55751f66ac2930ce115a9419321a2b2bed220b61af2e1671f7ac6e6a2e33b3	8c55751f66ac2930ce115a9419321a2b2bed220b61af2e1671f7ac6e6a2e33b3	528aee54129e5782e6cb134fa7d69b51bd0c834fa940269fad7bd4e79f827fef	"{""cfg_hash"":""7b597e4976340689606e650f7a864d1c028938e4a1d0c4201b7092f53302813a"",""conformation"":""9e6y"",""entity_id"":""P1MCPUFP__CPUFP500K_0313__00128"",""entity_type"":""candidate"",""monomer_sha256"":""88f42610ac7ccb4387a1706284ae6a2de32e11aec0302bac40842a4cac24b08f"",""protocol_core_sha256"":""8c55751f66ac2930ce115a9419321a2b2bed220b61af2e1671f7ac6e6a2e33b3"",""restraint_hash"":""e8c303eefaa8bed003ef374d715e23ed0aa11530cee0b01fd9a9ca7ab3c97778"",""seed"":42,""sequence_sha256"":""be6208de315567a1ff6e0def62b3224c66e05449ae8e364185a9cb7cf972767a""}"	2198	FINAL50_COMMON4_SEED_COMPLETION	35
CANDIDATE_P1MCPUFP__CPUFP500K_0313__00128_8x6b_s3047_36ee6c1f6f43	55	candidate	P1MCPUFP__CPUFP500K_0313__00128		CANDIDATE_UNKNOWN	8x6b	3047	be6208de315567a1ff6e0def62b3224c66e05449ae8e364185a9cb7cf972767a	26-33	51-57	96-110	27,28,29,30,35,36,37,38,56,57,58,59,63,64,65,105,106,107,108,109,110,111,112,113,114,115,116,117	inputs/candidate_monomers/P1MCPUFP__CPUFP500K_0313__00128.pdb	frozen_nbb2_archive_extract	H	88f42610ac7ccb4387a1706284ae6a2de32e11aec0302bac40842a4cac24b08f	inputs/normalized/8x6b_pvrig_receptor.pdb	T	L	A	UniProt_Q6DKI7	21918201f2d7d8fd86e7fbe3003003c516ebb4de914b20d6f1f82a78554f6225	e8c303eefaa8bed003ef374d715e23ed0aa11530cee0b01fd9a9ca7ab3c97778	8c55751f66ac2930ce115a9419321a2b2bed220b61af2e1671f7ac6e6a2e33b3	8c55751f66ac2930ce115a9419321a2b2bed220b61af2e1671f7ac6e6a2e33b3	36ee6c1f6f4339d931dbb120189e05bc27692c7bf4833f2875d7c381e5f070b8	"{""cfg_hash"":""21918201f2d7d8fd86e7fbe3003003c516ebb4de914b20d6f1f82a78554f6225"",""conformation"":""8x6b"",""entity_id"":""P1MCPUFP__CPUFP500K_0313__00128"",""entity_type"":""candidate"",""monomer_sha256"":""88f42610ac7ccb4387a1706284ae6a2de32e11aec0302bac40842a4cac24b08f"",""protocol_core_sha256"":""8c55751f66ac2930ce115a9419321a2b2bed220b61af2e1671f7ac6e6a2e33b3"",""restraint_hash"":""e8c303eefaa8bed003ef374d715e23ed0aa11530cee0b01fd9a9ca7ab3c97778"",""seed"":3047,""sequence_sha256"":""be6208de315567a1ff6e0def62b3224c66e05449ae8e364185a9cb7cf972767a""}"	2198	FINAL50_COMMON4_SEED_COMPLETION	35
CANDIDATE_P1MCPUFP__CPUFP500K_0313__00128_9e6y_s3047_0deb73291288	56	candidate	P1MCPUFP__CPUFP500K_0313__00128		CANDIDATE_UNKNOWN	9e6y	3047	be6208de315567a1ff6e0def62b3224c66e05449ae8e364185a9cb7cf972767a	26-33	51-57	96-110	27,28,29,30,35,36,37,38,56,57,58,59,63,64,65,105,106,107,108,109,110,111,112,113,114,115,116,117	inputs/candidate_monomers/P1MCPUFP__CPUFP500K_0313__00128.pdb	frozen_nbb2_archive_extract	H	88f42610ac7ccb4387a1706284ae6a2de32e11aec0302bac40842a4cac24b08f	inputs/normalized/9e6y_pvrig_receptor.pdb	T	L	A	UniProt_Q6DKI7	036faa08876ef5dc8e4331507bf042bf828faae3f3cf5a5fd358a89d5fb215da	e8c303eefaa8bed003ef374d715e23ed0aa11530cee0b01fd9a9ca7ab3c97778	8c55751f66ac2930ce115a9419321a2b2bed220b61af2e1671f7ac6e6a2e33b3	8c55751f66ac2930ce115a9419321a2b2bed220b61af2e1671f7ac6e6a2e33b3	0deb73291288bb8554e1547adce8a4ed1dda222f977d93b6c48c5e93b36d48e1	"{""cfg_hash"":""036faa08876ef5dc8e4331507bf042bf828faae3f3cf5a5fd358a89d5fb215da"",""conformation"":""9e6y"",""entity_id"":""P1MCPUFP__CPUFP500K_0313__00128"",""entity_type"":""candidate"",""monomer_sha256"":""88f42610ac7ccb4387a1706284ae6a2de32e11aec0302bac40842a4cac24b08f"",""protocol_core_sha256"":""8c55751f66ac2930ce115a9419321a2b2bed220b61af2e1671f7ac6e6a2e33b3"",""restraint_hash"":""e8c303eefaa8bed003ef374d715e23ed0aa11530cee0b01fd9a9ca7ab3c97778"",""seed"":3047,""sequence_sha256"":""be6208de315567a1ff6e0def62b3224c66e05449ae8e364185a9cb7cf972767a""}"	2198	FINAL50_COMMON4_SEED_COMPLETION	35
CANDIDATE_P1MCPUFP__CPUFP500K_0432__00378_8x6b_s42_5de7505819ef	57	candidate	P1MCPUFP__CPUFP500K_0432__00378		CANDIDATE_UNKNOWN	8x6b	42	f62e47c17343fb1d001034cc0956443924ab0b10ceda1939ccd1f4bb48c59687	26-33	51-58	97-112	27,28,29,30,35,36,37,38,56,57,58,59,62,63,64,65,105,106,107,108,109,110,111,112,113,114,115,116,117	inputs/candidate_monomers/P1MCPUFP__CPUFP500K_0432__00378.pdb	frozen_nbb2_archive_extract	H	8697ba2bf679be28d924ed7d90c359f478f45af5639f99a141d7400ac709952b	inputs/normalized/8x6b_pvrig_receptor.pdb	T	L	A	UniProt_Q6DKI7	6e3411303a8196b0e07523e8d66724b2c6a9380dca7a347caa47b5632620a2a8	4c76f09ba6c24bc9c82a9a97a8fa1f279c4d5ce2a6d051dbf284751701c25880	8c55751f66ac2930ce115a9419321a2b2bed220b61af2e1671f7ac6e6a2e33b3	8c55751f66ac2930ce115a9419321a2b2bed220b61af2e1671f7ac6e6a2e33b3	5de7505819efe4d41f38b4db5dde6bce848575f16e3afe8fe7b5b49691f49d4f	"{""cfg_hash"":""6e3411303a8196b0e07523e8d66724b2c6a9380dca7a347caa47b5632620a2a8"",""conformation"":""8x6b"",""entity_id"":""P1MCPUFP__CPUFP500K_0432__00378"",""entity_type"":""candidate"",""monomer_sha256"":""8697ba2bf679be28d924ed7d90c359f478f45af5639f99a141d7400ac709952b"",""protocol_core_sha256"":""8c55751f66ac2930ce115a9419321a2b2bed220b61af2e1671f7ac6e6a2e33b3"",""restraint_hash"":""4c76f09ba6c24bc9c82a9a97a8fa1f279c4d5ce2a6d051dbf284751701c25880"",""seed"":42,""sequence_sha256"":""f62e47c17343fb1d001034cc0956443924ab0b10ceda1939ccd1f4bb48c59687""}"	5742	FINAL50_COMMON4_SEED_COMPLETION	36
CANDIDATE_P1MCPUFP__CPUFP500K_0432__00378_9e6y_s42_9edf4f295c63	58	candidate	P1MCPUFP__CPUFP500K_0432__00378		CANDIDATE_UNKNOWN	9e6y	42	f62e47c17343fb1d001034cc0956443924ab0b10ceda1939ccd1f4bb48c59687	26-33	51-58	97-112	27,28,29,30,35,36,37,38,56,57,58,59,62,63,64,65,105,106,107,108,109,110,111,112,113,114,115,116,117	inputs/candidate_monomers/P1MCPUFP__CPUFP500K_0432__00378.pdb	frozen_nbb2_archive_extract	H	8697ba2bf679be28d924ed7d90c359f478f45af5639f99a141d7400ac709952b	inputs/normalized/9e6y_pvrig_receptor.pdb	T	L	A	UniProt_Q6DKI7	7b597e4976340689606e650f7a864d1c028938e4a1d0c4201b7092f53302813a	4c76f09ba6c24bc9c82a9a97a8fa1f279c4d5ce2a6d051dbf284751701c25880	8c55751f66ac2930ce115a9419321a2b2bed220b61af2e1671f7ac6e6a2e33b3	8c55751f66ac2930ce115a9419321a2b2bed220b61af2e1671f7ac6e6a2e33b3	9edf4f295c6304a0871f6dbcd12a7fbbf3903b1779526db4491c83ffd70063e9	"{""cfg_hash"":""7b597e4976340689606e650f7a864d1c028938e4a1d0c4201b7092f53302813a"",""conformation"":""9e6y"",""entity_id"":""P1MCPUFP__CPUFP500K_0432__00378"",""entity_type"":""candidate"",""monomer_sha256"":""8697ba2bf679be28d924ed7d90c359f478f45af5639f99a141d7400ac709952b"",""protocol_core_sha256"":""8c55751f66ac2930ce115a9419321a2b2bed220b61af2e1671f7ac6e6a2e33b3"",""restraint_hash"":""4c76f09ba6c24bc9c82a9a97a8fa1f279c4d5ce2a6d051dbf284751701c25880"",""seed"":42,""sequence_sha256"":""f62e47c17343fb1d001034cc0956443924ab0b10ceda1939ccd1f4bb48c59687""}"	5742	FINAL50_COMMON4_SEED_COMPLETION	36
CANDIDATE_P1MCPUFP__CPUFP500K_0432__00378_8x6b_s3047_a282f0d23b14	59	candidate	P1MCPUFP__CPUFP500K_0432__00378		CANDIDATE_UNKNOWN	8x6b	3047	f62e47c17343fb1d001034cc0956443924ab0b10ceda1939ccd1f4bb48c59687	26-33	51-58	97-112	27,28,29,30,35,36,37,38,56,57,58,59,62,63,64,65,105,106,107,108,109,110,111,112,113,114,115,116,117	inputs/candidate_monomers/P1MCPUFP__CPUFP500K_0432__00378.pdb	frozen_nbb2_archive_extract	H	8697ba2bf679be28d924ed7d90c359f478f45af5639f99a141d7400ac709952b	inputs/normalized/8x6b_pvrig_receptor.pdb	T	L	A	UniProt_Q6DKI7	21918201f2d7d8fd86e7fbe3003003c516ebb4de914b20d6f1f82a78554f6225	4c76f09ba6c24bc9c82a9a97a8fa1f279c4d5ce2a6d051dbf284751701c25880	8c55751f66ac2930ce115a9419321a2b2bed220b61af2e1671f7ac6e6a2e33b3	8c55751f66ac2930ce115a9419321a2b2bed220b61af2e1671f7ac6e6a2e33b3	a282f0d23b1440b2981fe4bfcaa3bb1ab89eb247bfe98ff95dd8f0124e6747df	"{""cfg_hash"":""21918201f2d7d8fd86e7fbe3003003c516ebb4de914b20d6f1f82a78554f6225"",""conformation"":""8x6b"",""entity_id"":""P1MCPUFP__CPUFP500K_0432__00378"",""entity_type"":""candidate"",""monomer_sha256"":""8697ba2bf679be28d924ed7d90c359f478f45af5639f99a141d7400ac709952b"",""protocol_core_sha256"":""8c55751f66ac2930ce115a9419321a2b2bed220b61af2e1671f7ac6e6a2e33b3"",""restraint_hash"":""4c76f09ba6c24bc9c82a9a97a8fa1f279c4d5ce2a6d051dbf284751701c25880"",""seed"":3047,""sequence_sha256"":""f62e47c17343fb1d001034cc0956443924ab0b10ceda1939ccd1f4bb48c59687""}"	5742	FINAL50_COMMON4_SEED_COMPLETION	36
CANDIDATE_P1MCPUFP__CPUFP500K_0432__00378_9e6y_s3047_27beb3babf37	60	candidate	P1MCPUFP__CPUFP500K_0432__00378		CANDIDATE_UNKNOWN	9e6y	3047	f62e47c17343fb1d001034cc0956443924ab0b10ceda1939ccd1f4bb48c59687	26-33	51-58	97-112	27,28,29,30,35,36,37,38,56,57,58,59,62,63,64,65,105,106,107,108,109,110,111,112,113,114,115,116,117	inputs/candidate_monomers/P1MCPUFP__CPUFP500K_0432__00378.pdb	frozen_nbb2_archive_extract	H	8697ba2bf679be28d924ed7d90c359f478f45af5639f99a141d7400ac709952b	inputs/normalized/9e6y_pvrig_receptor.pdb	T	L	A	UniProt_Q6DKI7	036faa08876ef5dc8e4331507bf042bf828faae3f3cf5a5fd358a89d5fb215da	4c76f09ba6c24bc9c82a9a97a8fa1f279c4d5ce2a6d051dbf284751701c25880	8c55751f66ac2930ce115a9419321a2b2bed220b61af2e1671f7ac6e6a2e33b3	8c55751f66ac2930ce115a9419321a2b2bed220b61af2e1671f7ac6e6a2e33b3	27beb3babf371b6a8ac21b8a4d11cd0ab125136a3c099c6e65f48fa9cdd91cb4	"{""cfg_hash"":""036faa08876ef5dc8e4331507bf042bf828faae3f3cf5a5fd358a89d5fb215da"",""conformation"":""9e6y"",""entity_id"":""P1MCPUFP__CPUFP500K_0432__00378"",""entity_type"":""candidate"",""monomer_sha256"":""8697ba2bf679be28d924ed7d90c359f478f45af5639f99a141d7400ac709952b"",""protocol_core_sha256"":""8c55751f66ac2930ce115a9419321a2b2bed220b61af2e1671f7ac6e6a2e33b3"",""restraint_hash"":""4c76f09ba6c24bc9c82a9a97a8fa1f279c4d5ce2a6d051dbf284751701c25880"",""seed"":3047,""sequence_sha256"":""f62e47c17343fb1d001034cc0956443924ab0b10ceda1939ccd1f4bb48c59687""}"	5742	FINAL50_COMMON4_SEED_COMPLETION	36
CANDIDATE_P1MCPUFP__CPUFP500K_0029__00647_8x6b_s42_419c5042517a	61	candidate	P1MCPUFP__CPUFP500K_0029__00647		CANDIDATE_UNKNOWN	8x6b	42	b43bb585be9ee8385a6cac0406521c82b0204df2093bfc178014e275b4132973	26-33	51-58	97-112	27,28,29,30,35,36,37,38,56,57,58,59,62,63,64,65,105,106,107,108,109,110,111,112,113,114,115,116,117	inputs/candidate_monomers/P1MCPUFP__CPUFP500K_0029__00647.pdb	frozen_nbb2_archive_extract	H	09c0af18e7c78545700ad01ebc5ee13469f61ee88d535ed763118e26a9b2e88f	inputs/normalized/8x6b_pvrig_receptor.pdb	T	L	A	UniProt_Q6DKI7	6e3411303a8196b0e07523e8d66724b2c6a9380dca7a347caa47b5632620a2a8	4c76f09ba6c24bc9c82a9a97a8fa1f279c4d5ce2a6d051dbf284751701c25880	8c55751f66ac2930ce115a9419321a2b2bed220b61af2e1671f7ac6e6a2e33b3	8c55751f66ac2930ce115a9419321a2b2bed220b61af2e1671f7ac6e6a2e33b3	419c5042517aa7f2150048175dfa66bce6cdb9c8e27d759462993316f751e2f4	"{""cfg_hash"":""6e3411303a8196b0e07523e8d66724b2c6a9380dca7a347caa47b5632620a2a8"",""conformation"":""8x6b"",""entity_id"":""P1MCPUFP__CPUFP500K_0029__00647"",""entity_type"":""candidate"",""monomer_sha256"":""09c0af18e7c78545700ad01ebc5ee13469f61ee88d535ed763118e26a9b2e88f"",""protocol_core_sha256"":""8c55751f66ac2930ce115a9419321a2b2bed220b61af2e1671f7ac6e6a2e33b3"",""restraint_hash"":""4c76f09ba6c24bc9c82a9a97a8fa1f279c4d5ce2a6d051dbf284751701c25880"",""seed"":42,""sequence_sha256"":""b43bb585be9ee8385a6cac0406521c82b0204df2093bfc178014e275b4132973""}"	1796	FINAL50_COMMON4_SEED_COMPLETION	37
CANDIDATE_P1MCPUFP__CPUFP500K_0029__00647_9e6y_s42_fb7a20da1d22	62	candidate	P1MCPUFP__CPUFP500K_0029__00647		CANDIDATE_UNKNOWN	9e6y	42	b43bb585be9ee8385a6cac0406521c82b0204df2093bfc178014e275b4132973	26-33	51-58	97-112	27,28,29,30,35,36,37,38,56,57,58,59,62,63,64,65,105,106,107,108,109,110,111,112,113,114,115,116,117	inputs/candidate_monomers/P1MCPUFP__CPUFP500K_0029__00647.pdb	frozen_nbb2_archive_extract	H	09c0af18e7c78545700ad01ebc5ee13469f61ee88d535ed763118e26a9b2e88f	inputs/normalized/9e6y_pvrig_receptor.pdb	T	L	A	UniProt_Q6DKI7	7b597e4976340689606e650f7a864d1c028938e4a1d0c4201b7092f53302813a	4c76f09ba6c24bc9c82a9a97a8fa1f279c4d5ce2a6d051dbf284751701c25880	8c55751f66ac2930ce115a9419321a2b2bed220b61af2e1671f7ac6e6a2e33b3	8c55751f66ac2930ce115a9419321a2b2bed220b61af2e1671f7ac6e6a2e33b3	fb7a20da1d22cce815c4b31a16489ee6957ff6e69bd1aef498d0f409bc4c1c98	"{""cfg_hash"":""7b597e4976340689606e650f7a864d1c028938e4a1d0c4201b7092f53302813a"",""conformation"":""9e6y"",""entity_id"":""P1MCPUFP__CPUFP500K_0029__00647"",""entity_type"":""candidate"",""monomer_sha256"":""09c0af18e7c78545700ad01ebc5ee13469f61ee88d535ed763118e26a9b2e88f"",""protocol_core_sha256"":""8c55751f66ac2930ce115a9419321a2b2bed220b61af2e1671f7ac6e6a2e33b3"",""restraint_hash"":""4c76f09ba6c24bc9c82a9a97a8fa1f279c4d5ce2a6d051dbf284751701c25880"",""seed"":42,""sequence_sha256"":""b43bb585be9ee8385a6cac0406521c82b0204df2093bfc178014e275b4132973""}"	1796	FINAL50_COMMON4_SEED_COMPLETION	37
CANDIDATE_P1MCPUFP__CPUFP500K_0029__00647_8x6b_s3047_9dbb0ecd9bf1	63	candidate	P1MCPUFP__CPUFP500K_0029__00647		CANDIDATE_UNKNOWN	8x6b	3047	b43bb585be9ee8385a6cac0406521c82b0204df2093bfc178014e275b4132973	26-33	51-58	97-112	27,28,29,30,35,36,37,38,56,57,58,59,62,63,64,65,105,106,107,108,109,110,111,112,113,114,115,116,117	inputs/candidate_monomers/P1MCPUFP__CPUFP500K_0029__00647.pdb	frozen_nbb2_archive_extract	H	09c0af18e7c78545700ad01ebc5ee13469f61ee88d535ed763118e26a9b2e88f	inputs/normalized/8x6b_pvrig_receptor.pdb	T	L	A	UniProt_Q6DKI7	21918201f2d7d8fd86e7fbe3003003c516ebb4de914b20d6f1f82a78554f6225	4c76f09ba6c24bc9c82a9a97a8fa1f279c4d5ce2a6d051dbf284751701c25880	8c55751f66ac2930ce115a9419321a2b2bed220b61af2e1671f7ac6e6a2e33b3	8c55751f66ac2930ce115a9419321a2b2bed220b61af2e1671f7ac6e6a2e33b3	9dbb0ecd9bf12a919fb678f02d011c2cfa0cc57d8eb92b8fbdb2b5e2f61cde15	"{""cfg_hash"":""21918201f2d7d8fd86e7fbe3003003c516ebb4de914b20d6f1f82a78554f6225"",""conformation"":""8x6b"",""entity_id"":""P1MCPUFP__CPUFP500K_0029__00647"",""entity_type"":""candidate"",""monomer_sha256"":""09c0af18e7c78545700ad01ebc5ee13469f61ee88d535ed763118e26a9b2e88f"",""protocol_core_sha256"":""8c55751f66ac2930ce115a9419321a2b2bed220b61af2e1671f7ac6e6a2e33b3"",""restraint_hash"":""4c76f09ba6c24bc9c82a9a97a8fa1f279c4d5ce2a6d051dbf284751701c25880"",""seed"":3047,""sequence_sha256"":""b43bb585be9ee8385a6cac0406521c82b0204df2093bfc178014e275b4132973""}"	1796	FINAL50_COMMON4_SEED_COMPLETION	37
CANDIDATE_P1MCPUFP__CPUFP500K_0029__00647_9e6y_s3047_f9551e5c1ea5	64	candidate	P1MCPUFP__CPUFP500K_0029__00647		CANDIDATE_UNKNOWN	9e6y	3047	b43bb585be9ee8385a6cac0406521c82b0204df2093bfc178014e275b4132973	26-33	51-58	97-112	27,28,29,30,35,36,37,38,56,57,58,59,62,63,64,65,105,106,107,108,109,110,111,112,113,114,115,116,117	inputs/candidate_monomers/P1MCPUFP__CPUFP500K_0029__00647.pdb	frozen_nbb2_archive_extract	H	09c0af18e7c78545700ad01ebc5ee13469f61ee88d535ed763118e26a9b2e88f	inputs/normalized/9e6y_pvrig_receptor.pdb	T	L	A	UniProt_Q6DKI7	036faa08876ef5dc8e4331507bf042bf828faae3f3cf5a5fd358a89d5fb215da	4c76f09ba6c24bc9c82a9a97a8fa1f279c4d5ce2a6d051dbf284751701c25880	8c55751f66ac2930ce115a9419321a2b2bed220b61af2e1671f7ac6e6a2e33b3	8c55751f66ac2930ce115a9419321a2b2bed220b61af2e1671f7ac6e6a2e33b3	f9551e5c1ea56cd3d65d9ed73445763c0cd431bd5ed60673b81fc6703da4d34d	"{""cfg_hash"":""036faa08876ef5dc8e4331507bf042bf828faae3f3cf5a5fd358a89d5fb215da"",""conformation"":""9e6y"",""entity_id"":""P1MCPUFP__CPUFP500K_0029__00647"",""entity_type"":""candidate"",""monomer_sha256"":""09c0af18e7c78545700ad01ebc5ee13469f61ee88d535ed763118e26a9b2e88f"",""protocol_core_sha256"":""8c55751f66ac2930ce115a9419321a2b2bed220b61af2e1671f7ac6e6a2e33b3"",""restraint_hash"":""4c76f09ba6c24bc9c82a9a97a8fa1f279c4d5ce2a6d051dbf284751701c25880"",""seed"":3047,""sequence_sha256"":""b43bb585be9ee8385a6cac0406521c82b0204df2093bfc178014e275b4132973""}"	1796	FINAL50_COMMON4_SEED_COMPLETION	37
CANDIDATE_P1MCPUFP__CPUFP500K_0134__00713_8x6b_s42_918a8633bd2b	65	candidate	P1MCPUFP__CPUFP500K_0134__00713		CANDIDATE_UNKNOWN	8x6b	42	da8ff3c15ad746b85992af1b23e5ba5dfe56d635eff7396e8c3f31ae8198a69b	26-33	51-58	97-112	27,28,29,30,35,36,37,38,56,57,58,59,62,63,64,65,105,106,107,108,109,110,111,112,113,114,115,116,117	inputs/candidate_monomers/P1MCPUFP__CPUFP500K_0134__00713.pdb	frozen_nbb2_archive_extract	H	e50f131df3648b27bd46b744f981c0560c1e0e03da60ade245b9344613c7bbae	inputs/normalized/8x6b_pvrig_receptor.pdb	T	L	A	UniProt_Q6DKI7	6e3411303a8196b0e07523e8d66724b2c6a9380dca7a347caa47b5632620a2a8	4c76f09ba6c24bc9c82a9a97a8fa1f279c4d5ce2a6d051dbf284751701c25880	8c55751f66ac2930ce115a9419321a2b2bed220b61af2e1671f7ac6e6a2e33b3	8c55751f66ac2930ce115a9419321a2b2bed220b61af2e1671f7ac6e6a2e33b3	918a8633bd2bce1b92b4a6ffe10ade685824dd5ed181a3ff87850d8a0b448077	"{""cfg_hash"":""6e3411303a8196b0e07523e8d66724b2c6a9380dca7a347caa47b5632620a2a8"",""conformation"":""8x6b"",""entity_id"":""P1MCPUFP__CPUFP500K_0134__00713"",""entity_type"":""candidate"",""monomer_sha256"":""e50f131df3648b27bd46b744f981c0560c1e0e03da60ade245b9344613c7bbae"",""protocol_core_sha256"":""8c55751f66ac2930ce115a9419321a2b2bed220b61af2e1671f7ac6e6a2e33b3"",""restraint_hash"":""4c76f09ba6c24bc9c82a9a97a8fa1f279c4d5ce2a6d051dbf284751701c25880"",""seed"":42,""sequence_sha256"":""da8ff3c15ad746b85992af1b23e5ba5dfe56d635eff7396e8c3f31ae8198a69b""}"	7451	FINAL50_COMMON4_SEED_COMPLETION	38
CANDIDATE_P1MCPUFP__CPUFP500K_0134__00713_9e6y_s42_1b3257775fd8	66	candidate	P1MCPUFP__CPUFP500K_0134__00713		CANDIDATE_UNKNOWN	9e6y	42	da8ff3c15ad746b85992af1b23e5ba5dfe56d635eff7396e8c3f31ae8198a69b	26-33	51-58	97-112	27,28,29,30,35,36,37,38,56,57,58,59,62,63,64,65,105,106,107,108,109,110,111,112,113,114,115,116,117	inputs/candidate_monomers/P1MCPUFP__CPUFP500K_0134__00713.pdb	frozen_nbb2_archive_extract	H	e50f131df3648b27bd46b744f981c0560c1e0e03da60ade245b9344613c7bbae	inputs/normalized/9e6y_pvrig_receptor.pdb	T	L	A	UniProt_Q6DKI7	7b597e4976340689606e650f7a864d1c028938e4a1d0c4201b7092f53302813a	4c76f09ba6c24bc9c82a9a97a8fa1f279c4d5ce2a6d051dbf284751701c25880	8c55751f66ac2930ce115a9419321a2b2bed220b61af2e1671f7ac6e6a2e33b3	8c55751f66ac2930ce115a9419321a2b2bed220b61af2e1671f7ac6e6a2e33b3	1b3257775fd8ab7ddef27f89b889b23ee5f3ec12a540082ff01311ad386d6986	"{""cfg_hash"":""7b597e4976340689606e650f7a864d1c028938e4a1d0c4201b7092f53302813a"",""conformation"":""9e6y"",""entity_id"":""P1MCPUFP__CPUFP500K_0134__00713"",""entity_type"":""candidate"",""monomer_sha256"":""e50f131df3648b27bd46b744f981c0560c1e0e03da60ade245b9344613c7bbae"",""protocol_core_sha256"":""8c55751f66ac2930ce115a9419321a2b2bed220b61af2e1671f7ac6e6a2e33b3"",""restraint_hash"":""4c76f09ba6c24bc9c82a9a97a8fa1f279c4d5ce2a6d051dbf284751701c25880"",""seed"":42,""sequence_sha256"":""da8ff3c15ad746b85992af1b23e5ba5dfe56d635eff7396e8c3f31ae8198a69b""}"	7451	FINAL50_COMMON4_SEED_COMPLETION	38
CANDIDATE_P1MCPUFP__CPUFP500K_0134__00713_8x6b_s3047_d5678f37f0ba	67	candidate	P1MCPUFP__CPUFP500K_0134__00713		CANDIDATE_UNKNOWN	8x6b	3047	da8ff3c15ad746b85992af1b23e5ba5dfe56d635eff7396e8c3f31ae8198a69b	26-33	51-58	97-112	27,28,29,30,35,36,37,38,56,57,58,59,62,63,64,65,105,106,107,108,109,110,111,112,113,114,115,116,117	inputs/candidate_monomers/P1MCPUFP__CPUFP500K_0134__00713.pdb	frozen_nbb2_archive_extract	H	e50f131df3648b27bd46b744f981c0560c1e0e03da60ade245b9344613c7bbae	inputs/normalized/8x6b_pvrig_receptor.pdb	T	L	A	UniProt_Q6DKI7	21918201f2d7d8fd86e7fbe3003003c516ebb4de914b20d6f1f82a78554f6225	4c76f09ba6c24bc9c82a9a97a8fa1f279c4d5ce2a6d051dbf284751701c25880	8c55751f66ac2930ce115a9419321a2b2bed220b61af2e1671f7ac6e6a2e33b3	8c55751f66ac2930ce115a9419321a2b2bed220b61af2e1671f7ac6e6a2e33b3	d5678f37f0baaa8ae1558a2f3b68b9adfdcd6c606710245df04f9062770b96c7	"{""cfg_hash"":""21918201f2d7d8fd86e7fbe3003003c516ebb4de914b20d6f1f82a78554f6225"",""conformation"":""8x6b"",""entity_id"":""P1MCPUFP__CPUFP500K_0134__00713"",""entity_type"":""candidate"",""monomer_sha256"":""e50f131df3648b27bd46b744f981c0560c1e0e03da60ade245b9344613c7bbae"",""protocol_core_sha256"":""8c55751f66ac2930ce115a9419321a2b2bed220b61af2e1671f7ac6e6a2e33b3"",""restraint_hash"":""4c76f09ba6c24bc9c82a9a97a8fa1f279c4d5ce2a6d051dbf284751701c25880"",""seed"":3047,""sequence_sha256"":""da8ff3c15ad746b85992af1b23e5ba5dfe56d635eff7396e8c3f31ae8198a69b""}"	7451	FINAL50_COMMON4_SEED_COMPLETION	38
CANDIDATE_P1MCPUFP__CPUFP500K_0134__00713_9e6y_s3047_dee6de4954c5	68	candidate	P1MCPUFP__CPUFP500K_0134__00713		CANDIDATE_UNKNOWN	9e6y	3047	da8ff3c15ad746b85992af1b23e5ba5dfe56d635eff7396e8c3f31ae8198a69b	26-33	51-58	97-112	27,28,29,30,35,36,37,38,56,57,58,59,62,63,64,65,105,106,107,108,109,110,111,112,113,114,115,116,117	inputs/candidate_monomers/P1MCPUFP__CPUFP500K_0134__00713.pdb	frozen_nbb2_archive_extract	H	e50f131df3648b27bd46b744f981c0560c1e0e03da60ade245b9344613c7bbae	inputs/normalized/9e6y_pvrig_receptor.pdb	T	L	A	UniProt_Q6DKI7	036faa08876ef5dc8e4331507bf042bf828faae3f3cf5a5fd358a89d5fb215da	4c76f09ba6c24bc9c82a9a97a8fa1f279c4d5ce2a6d051dbf284751701c25880	8c55751f66ac2930ce115a9419321a2b2bed220b61af2e1671f7ac6e6a2e33b3	8c55751f66ac2930ce115a9419321a2b2bed220b61af2e1671f7ac6e6a2e33b3	dee6de4954c53bbea813322342cb2603572ad55fd30949fed9b35185430af675	"{""cfg_hash"":""036faa08876ef5dc8e4331507bf042bf828faae3f3cf5a5fd358a89d5fb215da"",""conformation"":""9e6y"",""entity_id"":""P1MCPUFP__CPUFP500K_0134__00713"",""entity_type"":""candidate"",""monomer_sha256"":""e50f131df3648b27bd46b744f981c0560c1e0e03da60ade245b9344613c7bbae"",""protocol_core_sha256"":""8c55751f66ac2930ce115a9419321a2b2bed220b61af2e1671f7ac6e6a2e33b3"",""restraint_hash"":""4c76f09ba6c24bc9c82a9a97a8fa1f279c4d5ce2a6d051dbf284751701c25880"",""seed"":3047,""sequence_sha256"":""da8ff3c15ad746b85992af1b23e5ba5dfe56d635eff7396e8c3f31ae8198a69b""}"	7451	FINAL50_COMMON4_SEED_COMPLETION	38
CANDIDATE_P1MCPUFP__CPUFP500K_0130__00610_8x6b_s42_78114941f405	69	candidate	P1MCPUFP__CPUFP500K_0130__00610		CANDIDATE_UNKNOWN	8x6b	42	b97892f6b73fc4fd15a50c8ebeddaf924f3581907677f3836af04bc58a29b765	26-33	51-58	97-112	27,28,29,30,35,36,37,38,56,57,58,59,62,63,64,65,105,106,107,108,109,110,111,112,113,114,115,116,117	inputs/candidate_monomers/P1MCPUFP__CPUFP500K_0130__00610.pdb	frozen_nbb2_archive_extract	H	7f8b6ed89145a3a15f6e6204a13fe852f1f4e228d4c4276e087c9c5215f90a8f	inputs/normalized/8x6b_pvrig_receptor.pdb	T	L	A	UniProt_Q6DKI7	6e3411303a8196b0e07523e8d66724b2c6a9380dca7a347caa47b5632620a2a8	4c76f09ba6c24bc9c82a9a97a8fa1f279c4d5ce2a6d051dbf284751701c25880	8c55751f66ac2930ce115a9419321a2b2bed220b61af2e1671f7ac6e6a2e33b3	8c55751f66ac2930ce115a9419321a2b2bed220b61af2e1671f7ac6e6a2e33b3	78114941f405662579e7e641923c2d97538d6a87be45f7ed59f7a6409a2521f8	"{""cfg_hash"":""6e3411303a8196b0e07523e8d66724b2c6a9380dca7a347caa47b5632620a2a8"",""conformation"":""8x6b"",""entity_id"":""P1MCPUFP__CPUFP500K_0130__00610"",""entity_type"":""candidate"",""monomer_sha256"":""7f8b6ed89145a3a15f6e6204a13fe852f1f4e228d4c4276e087c9c5215f90a8f"",""protocol_core_sha256"":""8c55751f66ac2930ce115a9419321a2b2bed220b61af2e1671f7ac6e6a2e33b3"",""restraint_hash"":""4c76f09ba6c24bc9c82a9a97a8fa1f279c4d5ce2a6d051dbf284751701c25880"",""seed"":42,""sequence_sha256"":""b97892f6b73fc4fd15a50c8ebeddaf924f3581907677f3836af04bc58a29b765""}"	2871	FINAL50_COMMON4_SEED_COMPLETION	39
CANDIDATE_P1MCPUFP__CPUFP500K_0130__00610_9e6y_s42_81f653f44cfc	70	candidate	P1MCPUFP__CPUFP500K_0130__00610		CANDIDATE_UNKNOWN	9e6y	42	b97892f6b73fc4fd15a50c8ebeddaf924f3581907677f3836af04bc58a29b765	26-33	51-58	97-112	27,28,29,30,35,36,37,38,56,57,58,59,62,63,64,65,105,106,107,108,109,110,111,112,113,114,115,116,117	inputs/candidate_monomers/P1MCPUFP__CPUFP500K_0130__00610.pdb	frozen_nbb2_archive_extract	H	7f8b6ed89145a3a15f6e6204a13fe852f1f4e228d4c4276e087c9c5215f90a8f	inputs/normalized/9e6y_pvrig_receptor.pdb	T	L	A	UniProt_Q6DKI7	7b597e4976340689606e650f7a864d1c028938e4a1d0c4201b7092f53302813a	4c76f09ba6c24bc9c82a9a97a8fa1f279c4d5ce2a6d051dbf284751701c25880	8c55751f66ac2930ce115a9419321a2b2bed220b61af2e1671f7ac6e6a2e33b3	8c55751f66ac2930ce115a9419321a2b2bed220b61af2e1671f7ac6e6a2e33b3	81f653f44cfcb0d094fbb8af95a36873dab4eec4fb111d7e376cce742a9d0b07	"{""cfg_hash"":""7b597e4976340689606e650f7a864d1c028938e4a1d0c4201b7092f53302813a"",""conformation"":""9e6y"",""entity_id"":""P1MCPUFP__CPUFP500K_0130__00610"",""entity_type"":""candidate"",""monomer_sha256"":""7f8b6ed89145a3a15f6e6204a13fe852f1f4e228d4c4276e087c9c5215f90a8f"",""protocol_core_sha256"":""8c55751f66ac2930ce115a9419321a2b2bed220b61af2e1671f7ac6e6a2e33b3"",""restraint_hash"":""4c76f09ba6c24bc9c82a9a97a8fa1f279c4d5ce2a6d051dbf284751701c25880"",""seed"":42,""sequence_sha256"":""b97892f6b73fc4fd15a50c8ebeddaf924f3581907677f3836af04bc58a29b765""}"	2871	FINAL50_COMMON4_SEED_COMPLETION	39
CANDIDATE_P1MCPUFP__CPUFP500K_0130__00610_8x6b_s3047_d117f0cbe1dc	71	candidate	P1MCPUFP__CPUFP500K_0130__00610		CANDIDATE_UNKNOWN	8x6b	3047	b97892f6b73fc4fd15a50c8ebeddaf924f3581907677f3836af04bc58a29b765	26-33	51-58	97-112	27,28,29,30,35,36,37,38,56,57,58,59,62,63,64,65,105,106,107,108,109,110,111,112,113,114,115,116,117	inputs/candidate_monomers/P1MCPUFP__CPUFP500K_0130__00610.pdb	frozen_nbb2_archive_extract	H	7f8b6ed89145a3a15f6e6204a13fe852f1f4e228d4c4276e087c9c5215f90a8f	inputs/normalized/8x6b_pvrig_receptor.pdb	T	L	A	UniProt_Q6DKI7	21918201f2d7d8fd86e7fbe3003003c516ebb4de914b20d6f1f82a78554f6225	4c76f09ba6c24bc9c82a9a97a8fa1f279c4d5ce2a6d051dbf284751701c25880	8c55751f66ac2930ce115a9419321a2b2bed220b61af2e1671f7ac6e6a2e33b3	8c55751f66ac2930ce115a9419321a2b2bed220b61af2e1671f7ac6e6a2e33b3	d117f0cbe1dc75b806a9a82980d1ebfd1bf87b343014f30cf0c4586fd824045b	"{""cfg_hash"":""21918201f2d7d8fd86e7fbe3003003c516ebb4de914b20d6f1f82a78554f6225"",""conformation"":""8x6b"",""entity_id"":""P1MCPUFP__CPUFP500K_0130__00610"",""entity_type"":""candidate"",""monomer_sha256"":""7f8b6ed89145a3a15f6e6204a13fe852f1f4e228d4c4276e087c9c5215f90a8f"",""protocol_core_sha256"":""8c55751f66ac2930ce115a9419321a2b2bed220b61af2e1671f7ac6e6a2e33b3"",""restraint_hash"":""4c76f09ba6c24bc9c82a9a97a8fa1f279c4d5ce2a6d051dbf284751701c25880"",""seed"":3047,""sequence_sha256"":""b97892f6b73fc4fd15a50c8ebeddaf924f3581907677f3836af04bc58a29b765""}"	2871	FINAL50_COMMON4_SEED_COMPLETION	39
CANDIDATE_P1MCPUFP__CPUFP500K_0130__00610_9e6y_s3047_ab722c99bd56	72	candidate	P1MCPUFP__CPUFP500K_0130__00610		CANDIDATE_UNKNOWN	9e6y	3047	b97892f6b73fc4fd15a50c8ebeddaf924f3581907677f3836af04bc58a29b765	26-33	51-58	97-112	27,28,29,30,35,36,37,38,56,57,58,59,62,63,64,65,105,106,107,108,109,110,111,112,113,114,115,116,117	inputs/candidate_monomers/P1MCPUFP__CPUFP500K_0130__00610.pdb	frozen_nbb2_archive_extract	H	7f8b6ed89145a3a15f6e6204a13fe852f1f4e228d4c4276e087c9c5215f90a8f	inputs/normalized/9e6y_pvrig_receptor.pdb	T	L	A	UniProt_Q6DKI7	036faa08876ef5dc8e4331507bf042bf828faae3f3cf5a5fd358a89d5fb215da	4c76f09ba6c24bc9c82a9a97a8fa1f279c4d5ce2a6d051dbf284751701c25880	8c55751f66ac2930ce115a9419321a2b2bed220b61af2e1671f7ac6e6a2e33b3	8c55751f66ac2930ce115a9419321a2b2bed220b61af2e1671f7ac6e6a2e33b3	ab722c99bd56357d050311da639ae80eee65784eebedb7d950fad3072923339f	"{""cfg_hash"":""036faa08876ef5dc8e4331507bf042bf828faae3f3cf5a5fd358a89d5fb215da"",""conformation"":""9e6y"",""entity_id"":""P1MCPUFP__CPUFP500K_0130__00610"",""entity_type"":""candidate"",""monomer_sha256"":""7f8b6ed89145a3a15f6e6204a13fe852f1f4e228d4c4276e087c9c5215f90a8f"",""protocol_core_sha256"":""8c55751f66ac2930ce115a9419321a2b2bed220b61af2e1671f7ac6e6a2e33b3"",""restraint_hash"":""4c76f09ba6c24bc9c82a9a97a8fa1f279c4d5ce2a6d051dbf284751701c25880"",""seed"":3047,""sequence_sha256"":""b97892f6b73fc4fd15a50c8ebeddaf924f3581907677f3836af04bc58a29b765""}"	2871	FINAL50_COMMON4_SEED_COMPLETION	39
CANDIDATE_P1MCPUFP__CPUFP500K_0128__00809_8x6b_s42_83c1f16cba46	73	candidate	P1MCPUFP__CPUFP500K_0128__00809		CANDIDATE_UNKNOWN	8x6b	42	1c4736654ac2232169e99a4b29b67fa06c9e8f3bf566bbd65574db8792b87aca	26-33	51-58	97-112	27,28,29,30,35,36,37,38,56,57,58,59,62,63,64,65,105,106,107,108,109,110,111,112,113,114,115,116,117	inputs/candidate_monomers/P1MCPUFP__CPUFP500K_0128__00809.pdb	frozen_nbb2_archive_extract	H	9ad83ad3eea4234104d82b168fbdde9d8dc721065447591ea87182993d7d623f	inputs/normalized/8x6b_pvrig_receptor.pdb	T	L	A	UniProt_Q6DKI7	6e3411303a8196b0e07523e8d66724b2c6a9380dca7a347caa47b5632620a2a8	4c76f09ba6c24bc9c82a9a97a8fa1f279c4d5ce2a6d051dbf284751701c25880	8c55751f66ac2930ce115a9419321a2b2bed220b61af2e1671f7ac6e6a2e33b3	8c55751f66ac2930ce115a9419321a2b2bed220b61af2e1671f7ac6e6a2e33b3	83c1f16cba46ba9dcd0050b841253ed5d134ed0890174e2e806edad5fc2aaf28	"{""cfg_hash"":""6e3411303a8196b0e07523e8d66724b2c6a9380dca7a347caa47b5632620a2a8"",""conformation"":""8x6b"",""entity_id"":""P1MCPUFP__CPUFP500K_0128__00809"",""entity_type"":""candidate"",""monomer_sha256"":""9ad83ad3eea4234104d82b168fbdde9d8dc721065447591ea87182993d7d623f"",""protocol_core_sha256"":""8c55751f66ac2930ce115a9419321a2b2bed220b61af2e1671f7ac6e6a2e33b3"",""restraint_hash"":""4c76f09ba6c24bc9c82a9a97a8fa1f279c4d5ce2a6d051dbf284751701c25880"",""seed"":42,""sequence_sha256"":""1c4736654ac2232169e99a4b29b67fa06c9e8f3bf566bbd65574db8792b87aca""}"	579	FINAL50_COMMON4_SEED_COMPLETION	40
CANDIDATE_P1MCPUFP__CPUFP500K_0128__00809_9e6y_s42_ef0edebdd87f	74	candidate	P1MCPUFP__CPUFP500K_0128__00809		CANDIDATE_UNKNOWN	9e6y	42	1c4736654ac2232169e99a4b29b67fa06c9e8f3bf566bbd65574db8792b87aca	26-33	51-58	97-112	27,28,29,30,35,36,37,38,56,57,58,59,62,63,64,65,105,106,107,108,109,110,111,112,113,114,115,116,117	inputs/candidate_monomers/P1MCPUFP__CPUFP500K_0128__00809.pdb	frozen_nbb2_archive_extract	H	9ad83ad3eea4234104d82b168fbdde9d8dc721065447591ea87182993d7d623f	inputs/normalized/9e6y_pvrig_receptor.pdb	T	L	A	UniProt_Q6DKI7	7b597e4976340689606e650f7a864d1c028938e4a1d0c4201b7092f53302813a	4c76f09ba6c24bc9c82a9a97a8fa1f279c4d5ce2a6d051dbf284751701c25880	8c55751f66ac2930ce115a9419321a2b2bed220b61af2e1671f7ac6e6a2e33b3	8c55751f66ac2930ce115a9419321a2b2bed220b61af2e1671f7ac6e6a2e33b3	ef0edebdd87f86681ae65765dd45773956aa224cbdf1f74b6294cf37412b17d6	"{""cfg_hash"":""7b597e4976340689606e650f7a864d1c028938e4a1d0c4201b7092f53302813a"",""conformation"":""9e6y"",""entity_id"":""P1MCPUFP__CPUFP500K_0128__00809"",""entity_type"":""candidate"",""monomer_sha256"":""9ad83ad3eea4234104d82b168fbdde9d8dc721065447591ea87182993d7d623f"",""protocol_core_sha256"":""8c55751f66ac2930ce115a9419321a2b2bed220b61af2e1671f7ac6e6a2e33b3"",""restraint_hash"":""4c76f09ba6c24bc9c82a9a97a8fa1f279c4d5ce2a6d051dbf284751701c25880"",""seed"":42,""sequence_sha256"":""1c4736654ac2232169e99a4b29b67fa06c9e8f3bf566bbd65574db8792b87aca""}"	579	FINAL50_COMMON4_SEED_COMPLETION	40
CANDIDATE_P1MCPUFP__CPUFP500K_0128__00809_8x6b_s3047_82a1420f76ed	75	candidate	P1MCPUFP__CPUFP500K_0128__00809		CANDIDATE_UNKNOWN	8x6b	3047	1c4736654ac2232169e99a4b29b67fa06c9e8f3bf566bbd65574db8792b87aca	26-33	51-58	97-112	27,28,29,30,35,36,37,38,56,57,58,59,62,63,64,65,105,106,107,108,109,110,111,112,113,114,115,116,117	inputs/candidate_monomers/P1MCPUFP__CPUFP500K_0128__00809.pdb	frozen_nbb2_archive_extract	H	9ad83ad3eea4234104d82b168fbdde9d8dc721065447591ea87182993d7d623f	inputs/normalized/8x6b_pvrig_receptor.pdb	T	L	A	UniProt_Q6DKI7	21918201f2d7d8fd86e7fbe3003003c516ebb4de914b20d6f1f82a78554f6225	4c76f09ba6c24bc9c82a9a97a8fa1f279c4d5ce2a6d051dbf284751701c25880	8c55751f66ac2930ce115a9419321a2b2bed220b61af2e1671f7ac6e6a2e33b3	8c55751f66ac2930ce115a9419321a2b2bed220b61af2e1671f7ac6e6a2e33b3	82a1420f76ed4a342b8c370f9fdf356d5504d13f22f32d609f6ee73965094e88	"{""cfg_hash"":""21918201f2d7d8fd86e7fbe3003003c516ebb4de914b20d6f1f82a78554f6225"",""conformation"":""8x6b"",""entity_id"":""P1MCPUFP__CPUFP500K_0128__00809"",""entity_type"":""candidate"",""monomer_sha256"":""9ad83ad3eea4234104d82b168fbdde9d8dc721065447591ea87182993d7d623f"",""protocol_core_sha256"":""8c55751f66ac2930ce115a9419321a2b2bed220b61af2e1671f7ac6e6a2e33b3"",""restraint_hash"":""4c76f09ba6c24bc9c82a9a97a8fa1f279c4d5ce2a6d051dbf284751701c25880"",""seed"":3047,""sequence_sha256"":""1c4736654ac2232169e99a4b29b67fa06c9e8f3bf566bbd65574db8792b87aca""}"	579	FINAL50_COMMON4_SEED_COMPLETION	40
CANDIDATE_P1MCPUFP__CPUFP500K_0128__00809_9e6y_s3047_f513d1bad3da	76	candidate	P1MCPUFP__CPUFP500K_0128__00809		CANDIDATE_UNKNOWN	9e6y	3047	1c4736654ac2232169e99a4b29b67fa06c9e8f3bf566bbd65574db8792b87aca	26-33	51-58	97-112	27,28,29,30,35,36,37,38,56,57,58,59,62,63,64,65,105,106,107,108,109,110,111,112,113,114,115,116,117	inputs/candidate_monomers/P1MCPUFP__CPUFP500K_0128__00809.pdb	frozen_nbb2_archive_extract	H	9ad83ad3eea4234104d82b168fbdde9d8dc721065447591ea87182993d7d623f	inputs/normalized/9e6y_pvrig_receptor.pdb	T	L	A	UniProt_Q6DKI7	036faa08876ef5dc8e4331507bf042bf828faae3f3cf5a5fd358a89d5fb215da	4c76f09ba6c24bc9c82a9a97a8fa1f279c4d5ce2a6d051dbf284751701c25880	8c55751f66ac2930ce115a9419321a2b2bed220b61af2e1671f7ac6e6a2e33b3	8c55751f66ac2930ce115a9419321a2b2bed220b61af2e1671f7ac6e6a2e33b3	f513d1bad3dab093a99d8dc808c545c7c762c72a421f36ed5be9032b450aa6a3	"{""cfg_hash"":""036faa08876ef5dc8e4331507bf042bf828faae3f3cf5a5fd358a89d5fb215da"",""conformation"":""9e6y"",""entity_id"":""P1MCPUFP__CPUFP500K_0128__00809"",""entity_type"":""candidate"",""monomer_sha256"":""9ad83ad3eea4234104d82b168fbdde9d8dc721065447591ea87182993d7d623f"",""protocol_core_sha256"":""8c55751f66ac2930ce115a9419321a2b2bed220b61af2e1671f7ac6e6a2e33b3"",""restraint_hash"":""4c76f09ba6c24bc9c82a9a97a8fa1f279c4d5ce2a6d051dbf284751701c25880"",""seed"":3047,""sequence_sha256"":""1c4736654ac2232169e99a4b29b67fa06c9e8f3bf566bbd65574db8792b87aca""}"	579	FINAL50_COMMON4_SEED_COMPLETION	40
CANDIDATE_P1MCPUFP__CPUFP500K_0480__00342_8x6b_s42_cef496b9cbab	77	candidate	P1MCPUFP__CPUFP500K_0480__00342		CANDIDATE_UNKNOWN	8x6b	42	d8ae793e016c8d9909ac78b44faeeb7dbf8f7953f988300c6988c2dae802bf9b	26-35	53-59	98-116	27,28,29,30,31,34,35,36,37,38,56,57,58,59,63,64,65,105,106,107,108,109,110,111,112,113,114,115,116,117	inputs/candidate_monomers/P1MCPUFP__CPUFP500K_0480__00342.pdb	frozen_nbb2_archive_extract	H	a4547a6f68161488f1935cc890a8a48974660b09410b6759972d9faf97f8916a	inputs/normalized/8x6b_pvrig_receptor.pdb	T	L	A	UniProt_Q6DKI7	6e3411303a8196b0e07523e8d66724b2c6a9380dca7a347caa47b5632620a2a8	cb4c825dedbb6b8ccf1510daf94ccd67c095d4743b9f9b2a3b6dc9fa7c1cda34	8c55751f66ac2930ce115a9419321a2b2bed220b61af2e1671f7ac6e6a2e33b3	8c55751f66ac2930ce115a9419321a2b2bed220b61af2e1671f7ac6e6a2e33b3	cef496b9cbabd2d6c3e8922afbc7b1916a076c4f6e872e3e4a0fa53498852bbc	"{""cfg_hash"":""6e3411303a8196b0e07523e8d66724b2c6a9380dca7a347caa47b5632620a2a8"",""conformation"":""8x6b"",""entity_id"":""P1MCPUFP__CPUFP500K_0480__00342"",""entity_type"":""candidate"",""monomer_sha256"":""a4547a6f68161488f1935cc890a8a48974660b09410b6759972d9faf97f8916a"",""protocol_core_sha256"":""8c55751f66ac2930ce115a9419321a2b2bed220b61af2e1671f7ac6e6a2e33b3"",""restraint_hash"":""cb4c825dedbb6b8ccf1510daf94ccd67c095d4743b9f9b2a3b6dc9fa7c1cda34"",""seed"":42,""sequence_sha256"":""d8ae793e016c8d9909ac78b44faeeb7dbf8f7953f988300c6988c2dae802bf9b""}"	3599	FINAL50_COMMON4_SEED_COMPLETION	41
CANDIDATE_P1MCPUFP__CPUFP500K_0480__00342_9e6y_s42_9a2fed2ae8ae	78	candidate	P1MCPUFP__CPUFP500K_0480__00342		CANDIDATE_UNKNOWN	9e6y	42	d8ae793e016c8d9909ac78b44faeeb7dbf8f7953f988300c6988c2dae802bf9b	26-35	53-59	98-116	27,28,29,30,31,34,35,36,37,38,56,57,58,59,63,64,65,105,106,107,108,109,110,111,112,113,114,115,116,117	inputs/candidate_monomers/P1MCPUFP__CPUFP500K_0480__00342.pdb	frozen_nbb2_archive_extract	H	a4547a6f68161488f1935cc890a8a48974660b09410b6759972d9faf97f8916a	inputs/normalized/9e6y_pvrig_receptor.pdb	T	L	A	UniProt_Q6DKI7	7b597e4976340689606e650f7a864d1c028938e4a1d0c4201b7092f53302813a	cb4c825dedbb6b8ccf1510daf94ccd67c095d4743b9f9b2a3b6dc9fa7c1cda34	8c55751f66ac2930ce115a9419321a2b2bed220b61af2e1671f7ac6e6a2e33b3	8c55751f66ac2930ce115a9419321a2b2bed220b61af2e1671f7ac6e6a2e33b3	9a2fed2ae8aeac7ae97ca936e3956acf87027e418845b6ca70ef01d3acd6a0b9	"{""cfg_hash"":""7b597e4976340689606e650f7a864d1c028938e4a1d0c4201b7092f53302813a"",""conformation"":""9e6y"",""entity_id"":""P1MCPUFP__CPUFP500K_0480__00342"",""entity_type"":""candidate"",""monomer_sha256"":""a4547a6f68161488f1935cc890a8a48974660b09410b6759972d9faf97f8916a"",""protocol_core_sha256"":""8c55751f66ac2930ce115a9419321a2b2bed220b61af2e1671f7ac6e6a2e33b3"",""restraint_hash"":""cb4c825dedbb6b8ccf1510daf94ccd67c095d4743b9f9b2a3b6dc9fa7c1cda34"",""seed"":42,""sequence_sha256"":""d8ae793e016c8d9909ac78b44faeeb7dbf8f7953f988300c6988c2dae802bf9b""}"	3599	FINAL50_COMMON4_SEED_COMPLETION	41
CANDIDATE_P1MCPUFP__CPUFP500K_0480__00342_8x6b_s3047_f2ab0b6d937d	79	candidate	P1MCPUFP__CPUFP500K_0480__00342		CANDIDATE_UNKNOWN	8x6b	3047	d8ae793e016c8d9909ac78b44faeeb7dbf8f7953f988300c6988c2dae802bf9b	26-35	53-59	98-116	27,28,29,30,31,34,35,36,37,38,56,57,58,59,63,64,65,105,106,107,108,109,110,111,112,113,114,115,116,117	inputs/candidate_monomers/P1MCPUFP__CPUFP500K_0480__00342.pdb	frozen_nbb2_archive_extract	H	a4547a6f68161488f1935cc890a8a48974660b09410b6759972d9faf97f8916a	inputs/normalized/8x6b_pvrig_receptor.pdb	T	L	A	UniProt_Q6DKI7	21918201f2d7d8fd86e7fbe3003003c516ebb4de914b20d6f1f82a78554f6225	cb4c825dedbb6b8ccf1510daf94ccd67c095d4743b9f9b2a3b6dc9fa7c1cda34	8c55751f66ac2930ce115a9419321a2b2bed220b61af2e1671f7ac6e6a2e33b3	8c55751f66ac2930ce115a9419321a2b2bed220b61af2e1671f7ac6e6a2e33b3	f2ab0b6d937d3fd5a05c6be6109cd227a612b59c3e147bff9015aeb705b857bf	"{""cfg_hash"":""21918201f2d7d8fd86e7fbe3003003c516ebb4de914b20d6f1f82a78554f6225"",""conformation"":""8x6b"",""entity_id"":""P1MCPUFP__CPUFP500K_0480__00342"",""entity_type"":""candidate"",""monomer_sha256"":""a4547a6f68161488f1935cc890a8a48974660b09410b6759972d9faf97f8916a"",""protocol_core_sha256"":""8c55751f66ac2930ce115a9419321a2b2bed220b61af2e1671f7ac6e6a2e33b3"",""restraint_hash"":""cb4c825dedbb6b8ccf1510daf94ccd67c095d4743b9f9b2a3b6dc9fa7c1cda34"",""seed"":3047,""sequence_sha256"":""d8ae793e016c8d9909ac78b44faeeb7dbf8f7953f988300c6988c2dae802bf9b""}"	3599	FINAL50_COMMON4_SEED_COMPLETION	41
CANDIDATE_P1MCPUFP__CPUFP500K_0480__00342_9e6y_s3047_aa867d514791	80	candidate	P1MCPUFP__CPUFP500K_0480__00342		CANDIDATE_UNKNOWN	9e6y	3047	d8ae793e016c8d9909ac78b44faeeb7dbf8f7953f988300c6988c2dae802bf9b	26-35	53-59	98-116	27,28,29,30,31,34,35,36,37,38,56,57,58,59,63,64,65,105,106,107,108,109,110,111,112,113,114,115,116,117	inputs/candidate_monomers/P1MCPUFP__CPUFP500K_0480__00342.pdb	frozen_nbb2_archive_extract	H	a4547a6f68161488f1935cc890a8a48974660b09410b6759972d9faf97f8916a	inputs/normalized/9e6y_pvrig_receptor.pdb	T	L	A	UniProt_Q6DKI7	036faa08876ef5dc8e4331507bf042bf828faae3f3cf5a5fd358a89d5fb215da	cb4c825dedbb6b8ccf1510daf94ccd67c095d4743b9f9b2a3b6dc9fa7c1cda34	8c55751f66ac2930ce115a9419321a2b2bed220b61af2e1671f7ac6e6a2e33b3	8c55751f66ac2930ce115a9419321a2b2bed220b61af2e1671f7ac6e6a2e33b3	aa867d514791e9b4d606766bac8541a76f9e081945a42987fa961d01c697bfa8	"{""cfg_hash"":""036faa08876ef5dc8e4331507bf042bf828faae3f3cf5a5fd358a89d5fb215da"",""conformation"":""9e6y"",""entity_id"":""P1MCPUFP__CPUFP500K_0480__00342"",""entity_type"":""candidate"",""monomer_sha256"":""a4547a6f68161488f1935cc890a8a48974660b09410b6759972d9faf97f8916a"",""protocol_core_sha256"":""8c55751f66ac2930ce115a9419321a2b2bed220b61af2e1671f7ac6e6a2e33b3"",""restraint_hash"":""cb4c825dedbb6b8ccf1510daf94ccd67c095d4743b9f9b2a3b6dc9fa7c1cda34"",""seed"":3047,""sequence_sha256"":""d8ae793e016c8d9909ac78b44faeeb7dbf8f7953f988300c6988c2dae802bf9b""}"	3599	FINAL50_COMMON4_SEED_COMPLETION	41
CANDIDATE_P1MCPUFP__CPUFP500K_0288__00895_8x6b_s42_6fd91ae962d0	81	candidate	P1MCPUFP__CPUFP500K_0288__00895		CANDIDATE_UNKNOWN	8x6b	42	994cb7e491a3d0b0e6d86b09e286cd405131cec9dda28161a0ba4a65f8314a9e	26-35	53-59	98-116	27,28,29,30,31,34,35,36,37,38,56,57,58,59,63,64,65,105,106,107,108,109,110,111,112,113,114,115,116,117	inputs/candidate_monomers/P1MCPUFP__CPUFP500K_0288__00895.pdb	frozen_nbb2_archive_extract	H	a86cc7a02d1ae2ed825c65bbbe340614613d98069f07543885e2cb677da2f60b	inputs/normalized/8x6b_pvrig_receptor.pdb	T	L	A	UniProt_Q6DKI7	6e3411303a8196b0e07523e8d66724b2c6a9380dca7a347caa47b5632620a2a8	cb4c825dedbb6b8ccf1510daf94ccd67c095d4743b9f9b2a3b6dc9fa7c1cda34	8c55751f66ac2930ce115a9419321a2b2bed220b61af2e1671f7ac6e6a2e33b3	8c55751f66ac2930ce115a9419321a2b2bed220b61af2e1671f7ac6e6a2e33b3	6fd91ae962d07178c89dbeebc006af00b2745d0714f55c7d64b931281a053826	"{""cfg_hash"":""6e3411303a8196b0e07523e8d66724b2c6a9380dca7a347caa47b5632620a2a8"",""conformation"":""8x6b"",""entity_id"":""P1MCPUFP__CPUFP500K_0288__00895"",""entity_type"":""candidate"",""monomer_sha256"":""a86cc7a02d1ae2ed825c65bbbe340614613d98069f07543885e2cb677da2f60b"",""protocol_core_sha256"":""8c55751f66ac2930ce115a9419321a2b2bed220b61af2e1671f7ac6e6a2e33b3"",""restraint_hash"":""cb4c825dedbb6b8ccf1510daf94ccd67c095d4743b9f9b2a3b6dc9fa7c1cda34"",""seed"":42,""sequence_sha256"":""994cb7e491a3d0b0e6d86b09e286cd405131cec9dda28161a0ba4a65f8314a9e""}"	4127	FINAL50_COMMON4_SEED_COMPLETION	42
CANDIDATE_P1MCPUFP__CPUFP500K_0288__00895_9e6y_s42_b406442e4398	82	candidate	P1MCPUFP__CPUFP500K_0288__00895		CANDIDATE_UNKNOWN	9e6y	42	994cb7e491a3d0b0e6d86b09e286cd405131cec9dda28161a0ba4a65f8314a9e	26-35	53-59	98-116	27,28,29,30,31,34,35,36,37,38,56,57,58,59,63,64,65,105,106,107,108,109,110,111,112,113,114,115,116,117	inputs/candidate_monomers/P1MCPUFP__CPUFP500K_0288__00895.pdb	frozen_nbb2_archive_extract	H	a86cc7a02d1ae2ed825c65bbbe340614613d98069f07543885e2cb677da2f60b	inputs/normalized/9e6y_pvrig_receptor.pdb	T	L	A	UniProt_Q6DKI7	7b597e4976340689606e650f7a864d1c028938e4a1d0c4201b7092f53302813a	cb4c825dedbb6b8ccf1510daf94ccd67c095d4743b9f9b2a3b6dc9fa7c1cda34	8c55751f66ac2930ce115a9419321a2b2bed220b61af2e1671f7ac6e6a2e33b3	8c55751f66ac2930ce115a9419321a2b2bed220b61af2e1671f7ac6e6a2e33b3	b406442e43981ae30ab3a56369c7bf6b843b87e81dff2ebbdcd5557afe3e3ff5	"{""cfg_hash"":""7b597e4976340689606e650f7a864d1c028938e4a1d0c4201b7092f53302813a"",""conformation"":""9e6y"",""entity_id"":""P1MCPUFP__CPUFP500K_0288__00895"",""entity_type"":""candidate"",""monomer_sha256"":""a86cc7a02d1ae2ed825c65bbbe340614613d98069f07543885e2cb677da2f60b"",""protocol_core_sha256"":""8c55751f66ac2930ce115a9419321a2b2bed220b61af2e1671f7ac6e6a2e33b3"",""restraint_hash"":""cb4c825dedbb6b8ccf1510daf94ccd67c095d4743b9f9b2a3b6dc9fa7c1cda34"",""seed"":42,""sequence_sha256"":""994cb7e491a3d0b0e6d86b09e286cd405131cec9dda28161a0ba4a65f8314a9e""}"	4127	FINAL50_COMMON4_SEED_COMPLETION	42
CANDIDATE_P1MCPUFP__CPUFP500K_0288__00895_8x6b_s3047_d026fb6d093a	83	candidate	P1MCPUFP__CPUFP500K_0288__00895		CANDIDATE_UNKNOWN	8x6b	3047	994cb7e491a3d0b0e6d86b09e286cd405131cec9dda28161a0ba4a65f8314a9e	26-35	53-59	98-116	27,28,29,30,31,34,35,36,37,38,56,57,58,59,63,64,65,105,106,107,108,109,110,111,112,113,114,115,116,117	inputs/candidate_monomers/P1MCPUFP__CPUFP500K_0288__00895.pdb	frozen_nbb2_archive_extract	H	a86cc7a02d1ae2ed825c65bbbe340614613d98069f07543885e2cb677da2f60b	inputs/normalized/8x6b_pvrig_receptor.pdb	T	L	A	UniProt_Q6DKI7	21918201f2d7d8fd86e7fbe3003003c516ebb4de914b20d6f1f82a78554f6225	cb4c825dedbb6b8ccf1510daf94ccd67c095d4743b9f9b2a3b6dc9fa7c1cda34	8c55751f66ac2930ce115a9419321a2b2bed220b61af2e1671f7ac6e6a2e33b3	8c55751f66ac2930ce115a9419321a2b2bed220b61af2e1671f7ac6e6a2e33b3	d026fb6d093a4b51bc278ed0d76b0b372d2c150abbaad17811a689bfb1c88382	"{""cfg_hash"":""21918201f2d7d8fd86e7fbe3003003c516ebb4de914b20d6f1f82a78554f6225"",""conformation"":""8x6b"",""entity_id"":""P1MCPUFP__CPUFP500K_0288__00895"",""entity_type"":""candidate"",""monomer_sha256"":""a86cc7a02d1ae2ed825c65bbbe340614613d98069f07543885e2cb677da2f60b"",""protocol_core_sha256"":""8c55751f66ac2930ce115a9419321a2b2bed220b61af2e1671f7ac6e6a2e33b3"",""restraint_hash"":""cb4c825dedbb6b8ccf1510daf94ccd67c095d4743b9f9b2a3b6dc9fa7c1cda34"",""seed"":3047,""sequence_sha256"":""994cb7e491a3d0b0e6d86b09e286cd405131cec9dda28161a0ba4a65f8314a9e""}"	4127	FINAL50_COMMON4_SEED_COMPLETION	42
CANDIDATE_P1MCPUFP__CPUFP500K_0288__00895_9e6y_s3047_c4f3f023ea66	84	candidate	P1MCPUFP__CPUFP500K_0288__00895		CANDIDATE_UNKNOWN	9e6y	3047	994cb7e491a3d0b0e6d86b09e286cd405131cec9dda28161a0ba4a65f8314a9e	26-35	53-59	98-116	27,28,29,30,31,34,35,36,37,38,56,57,58,59,63,64,65,105,106,107,108,109,110,111,112,113,114,115,116,117	inputs/candidate_monomers/P1MCPUFP__CPUFP500K_0288__00895.pdb	frozen_nbb2_archive_extract	H	a86cc7a02d1ae2ed825c65bbbe340614613d98069f07543885e2cb677da2f60b	inputs/normalized/9e6y_pvrig_receptor.pdb	T	L	A	UniProt_Q6DKI7	036faa08876ef5dc8e4331507bf042bf828faae3f3cf5a5fd358a89d5fb215da	cb4c825dedbb6b8ccf1510daf94ccd67c095d4743b9f9b2a3b6dc9fa7c1cda34	8c55751f66ac2930ce115a9419321a2b2bed220b61af2e1671f7ac6e6a2e33b3	8c55751f66ac2930ce115a9419321a2b2bed220b61af2e1671f7ac6e6a2e33b3	c4f3f023ea66ad3a70b346d459598aa1644bc26a23f0b2ee5b348224c0bf0539	"{""cfg_hash"":""036faa08876ef5dc8e4331507bf042bf828faae3f3cf5a5fd358a89d5fb215da"",""conformation"":""9e6y"",""entity_id"":""P1MCPUFP__CPUFP500K_0288__00895"",""entity_type"":""candidate"",""monomer_sha256"":""a86cc7a02d1ae2ed825c65bbbe340614613d98069f07543885e2cb677da2f60b"",""protocol_core_sha256"":""8c55751f66ac2930ce115a9419321a2b2bed220b61af2e1671f7ac6e6a2e33b3"",""restraint_hash"":""cb4c825dedbb6b8ccf1510daf94ccd67c095d4743b9f9b2a3b6dc9fa7c1cda34"",""seed"":3047,""sequence_sha256"":""994cb7e491a3d0b0e6d86b09e286cd405131cec9dda28161a0ba4a65f8314a9e""}"	4127	FINAL50_COMMON4_SEED_COMPLETION	42
CANDIDATE_P1MCPUFP__CPUFP500K_0030__00860_8x6b_s42_9d9f695faaf7	85	candidate	P1MCPUFP__CPUFP500K_0030__00860		CANDIDATE_UNKNOWN	8x6b	42	88e29f568a187dba44c777901bfd34035add75097b18a1fcd0da2be550e350d8	26-33	51-58	97-112	27,28,29,30,35,36,37,38,56,57,58,59,62,63,64,65,105,106,107,108,109,110,111,112,113,114,115,116,117	inputs/candidate_monomers/P1MCPUFP__CPUFP500K_0030__00860.pdb	frozen_nbb2_archive_extract	H	577319d38778f49e9b72d2b99daf6a84be382a86fbee83e274e312a741c4d974	inputs/normalized/8x6b_pvrig_receptor.pdb	T	L	A	UniProt_Q6DKI7	6e3411303a8196b0e07523e8d66724b2c6a9380dca7a347caa47b5632620a2a8	4c76f09ba6c24bc9c82a9a97a8fa1f279c4d5ce2a6d051dbf284751701c25880	8c55751f66ac2930ce115a9419321a2b2bed220b61af2e1671f7ac6e6a2e33b3	8c55751f66ac2930ce115a9419321a2b2bed220b61af2e1671f7ac6e6a2e33b3	9d9f695faaf72391b10d975f41c1c581037bc194a0206e4f50ba5dd4d6bfc06c	"{""cfg_hash"":""6e3411303a8196b0e07523e8d66724b2c6a9380dca7a347caa47b5632620a2a8"",""conformation"":""8x6b"",""entity_id"":""P1MCPUFP__CPUFP500K_0030__00860"",""entity_type"":""candidate"",""monomer_sha256"":""577319d38778f49e9b72d2b99daf6a84be382a86fbee83e274e312a741c4d974"",""protocol_core_sha256"":""8c55751f66ac2930ce115a9419321a2b2bed220b61af2e1671f7ac6e6a2e33b3"",""restraint_hash"":""4c76f09ba6c24bc9c82a9a97a8fa1f279c4d5ce2a6d051dbf284751701c25880"",""seed"":42,""sequence_sha256"":""88e29f568a187dba44c777901bfd34035add75097b18a1fcd0da2be550e350d8""}"	1259	FINAL50_COMMON4_SEED_COMPLETION	43
CANDIDATE_P1MCPUFP__CPUFP500K_0030__00860_9e6y_s42_82c0fe6f8ac9	86	candidate	P1MCPUFP__CPUFP500K_0030__00860		CANDIDATE_UNKNOWN	9e6y	42	88e29f568a187dba44c777901bfd34035add75097b18a1fcd0da2be550e350d8	26-33	51-58	97-112	27,28,29,30,35,36,37,38,56,57,58,59,62,63,64,65,105,106,107,108,109,110,111,112,113,114,115,116,117	inputs/candidate_monomers/P1MCPUFP__CPUFP500K_0030__00860.pdb	frozen_nbb2_archive_extract	H	577319d38778f49e9b72d2b99daf6a84be382a86fbee83e274e312a741c4d974	inputs/normalized/9e6y_pvrig_receptor.pdb	T	L	A	UniProt_Q6DKI7	7b597e4976340689606e650f7a864d1c028938e4a1d0c4201b7092f53302813a	4c76f09ba6c24bc9c82a9a97a8fa1f279c4d5ce2a6d051dbf284751701c25880	8c55751f66ac2930ce115a9419321a2b2bed220b61af2e1671f7ac6e6a2e33b3	8c55751f66ac2930ce115a9419321a2b2bed220b61af2e1671f7ac6e6a2e33b3	82c0fe6f8ac9275b689b49e4787a8a89ad1df66006ac39854153ac9967f6de8b	"{""cfg_hash"":""7b597e4976340689606e650f7a864d1c028938e4a1d0c4201b7092f53302813a"",""conformation"":""9e6y"",""entity_id"":""P1MCPUFP__CPUFP500K_0030__00860"",""entity_type"":""candidate"",""monomer_sha256"":""577319d38778f49e9b72d2b99daf6a84be382a86fbee83e274e312a741c4d974"",""protocol_core_sha256"":""8c55751f66ac2930ce115a9419321a2b2bed220b61af2e1671f7ac6e6a2e33b3"",""restraint_hash"":""4c76f09ba6c24bc9c82a9a97a8fa1f279c4d5ce2a6d051dbf284751701c25880"",""seed"":42,""sequence_sha256"":""88e29f568a187dba44c777901bfd34035add75097b18a1fcd0da2be550e350d8""}"	1259	FINAL50_COMMON4_SEED_COMPLETION	43
CANDIDATE_P1MCPUFP__CPUFP500K_0030__00860_8x6b_s3047_445516f3d933	87	candidate	P1MCPUFP__CPUFP500K_0030__00860		CANDIDATE_UNKNOWN	8x6b	3047	88e29f568a187dba44c777901bfd34035add75097b18a1fcd0da2be550e350d8	26-33	51-58	97-112	27,28,29,30,35,36,37,38,56,57,58,59,62,63,64,65,105,106,107,108,109,110,111,112,113,114,115,116,117	inputs/candidate_monomers/P1MCPUFP__CPUFP500K_0030__00860.pdb	frozen_nbb2_archive_extract	H	577319d38778f49e9b72d2b99daf6a84be382a86fbee83e274e312a741c4d974	inputs/normalized/8x6b_pvrig_receptor.pdb	T	L	A	UniProt_Q6DKI7	21918201f2d7d8fd86e7fbe3003003c516ebb4de914b20d6f1f82a78554f6225	4c76f09ba6c24bc9c82a9a97a8fa1f279c4d5ce2a6d051dbf284751701c25880	8c55751f66ac2930ce115a9419321a2b2bed220b61af2e1671f7ac6e6a2e33b3	8c55751f66ac2930ce115a9419321a2b2bed220b61af2e1671f7ac6e6a2e33b3	445516f3d9337ab877b4a867d7d1c4e61a7d4ca8c75005bcc44fdbd09ca78a1f	"{""cfg_hash"":""21918201f2d7d8fd86e7fbe3003003c516ebb4de914b20d6f1f82a78554f6225"",""conformation"":""8x6b"",""entity_id"":""P1MCPUFP__CPUFP500K_0030__00860"",""entity_type"":""candidate"",""monomer_sha256"":""577319d38778f49e9b72d2b99daf6a84be382a86fbee83e274e312a741c4d974"",""protocol_core_sha256"":""8c55751f66ac2930ce115a9419321a2b2bed220b61af2e1671f7ac6e6a2e33b3"",""restraint_hash"":""4c76f09ba6c24bc9c82a9a97a8fa1f279c4d5ce2a6d051dbf284751701c25880"",""seed"":3047,""sequence_sha256"":""88e29f568a187dba44c777901bfd34035add75097b18a1fcd0da2be550e350d8""}"	1259	FINAL50_COMMON4_SEED_COMPLETION	43
CANDIDATE_P1MCPUFP__CPUFP500K_0030__00860_9e6y_s3047_bd3806460671	88	candidate	P1MCPUFP__CPUFP500K_0030__00860		CANDIDATE_UNKNOWN	9e6y	3047	88e29f568a187dba44c777901bfd34035add75097b18a1fcd0da2be550e350d8	26-33	51-58	97-112	27,28,29,30,35,36,37,38,56,57,58,59,62,63,64,65,105,106,107,108,109,110,111,112,113,114,115,116,117	inputs/candidate_monomers/P1MCPUFP__CPUFP500K_0030__00860.pdb	frozen_nbb2_archive_extract	H	577319d38778f49e9b72d2b99daf6a84be382a86fbee83e274e312a741c4d974	inputs/normalized/9e6y_pvrig_receptor.pdb	T	L	A	UniProt_Q6DKI7	036faa08876ef5dc8e4331507bf042bf828faae3f3cf5a5fd358a89d5fb215da	4c76f09ba6c24bc9c82a9a97a8fa1f279c4d5ce2a6d051dbf284751701c25880	8c55751f66ac2930ce115a9419321a2b2bed220b61af2e1671f7ac6e6a2e33b3	8c55751f66ac2930ce115a9419321a2b2bed220b61af2e1671f7ac6e6a2e33b3	bd3806460671e54899d2b950239fc49bd10fe362d13ea250123b2e379ce84da2	"{""cfg_hash"":""036faa08876ef5dc8e4331507bf042bf828faae3f3cf5a5fd358a89d5fb215da"",""conformation"":""9e6y"",""entity_id"":""P1MCPUFP__CPUFP500K_0030__00860"",""entity_type"":""candidate"",""monomer_sha256"":""577319d38778f49e9b72d2b99daf6a84be382a86fbee83e274e312a741c4d974"",""protocol_core_sha256"":""8c55751f66ac2930ce115a9419321a2b2bed220b61af2e1671f7ac6e6a2e33b3"",""restraint_hash"":""4c76f09ba6c24bc9c82a9a97a8fa1f279c4d5ce2a6d051dbf284751701c25880"",""seed"":3047,""sequence_sha256"":""88e29f568a187dba44c777901bfd34035add75097b18a1fcd0da2be550e350d8""}"	1259	FINAL50_COMMON4_SEED_COMPLETION	43
CANDIDATE_P1MCPUFP__CPUFP500K_0228__00225_8x6b_s42_ef12918051dc	89	candidate	P1MCPUFP__CPUFP500K_0228__00225		CANDIDATE_UNKNOWN	8x6b	42	a13b08282690c4c09be1ba774a1fbd31a821035c6e8df7a620256fb9fe5665cc	26-33	51-58	97-112	27,28,29,30,35,36,37,38,56,57,58,59,62,63,64,65,105,106,107,108,109,110,111,112,113,114,115,116,117	inputs/candidate_monomers/P1MCPUFP__CPUFP500K_0228__00225.pdb	frozen_nbb2_archive_extract	H	10b2403e0b560555030693a41b2cbd32d9eefb1d6a77e06eba94ac73d246db2d	inputs/normalized/8x6b_pvrig_receptor.pdb	T	L	A	UniProt_Q6DKI7	6e3411303a8196b0e07523e8d66724b2c6a9380dca7a347caa47b5632620a2a8	4c76f09ba6c24bc9c82a9a97a8fa1f279c4d5ce2a6d051dbf284751701c25880	8c55751f66ac2930ce115a9419321a2b2bed220b61af2e1671f7ac6e6a2e33b3	8c55751f66ac2930ce115a9419321a2b2bed220b61af2e1671f7ac6e6a2e33b3	ef12918051dcbac63b79dab42589119d2c3dca07e05e80e7a182ef2d02e12e06	"{""cfg_hash"":""6e3411303a8196b0e07523e8d66724b2c6a9380dca7a347caa47b5632620a2a8"",""conformation"":""8x6b"",""entity_id"":""P1MCPUFP__CPUFP500K_0228__00225"",""entity_type"":""candidate"",""monomer_sha256"":""10b2403e0b560555030693a41b2cbd32d9eefb1d6a77e06eba94ac73d246db2d"",""protocol_core_sha256"":""8c55751f66ac2930ce115a9419321a2b2bed220b61af2e1671f7ac6e6a2e33b3"",""restraint_hash"":""4c76f09ba6c24bc9c82a9a97a8fa1f279c4d5ce2a6d051dbf284751701c25880"",""seed"":42,""sequence_sha256"":""a13b08282690c4c09be1ba774a1fbd31a821035c6e8df7a620256fb9fe5665cc""}"	1686	FINAL50_COMMON4_SEED_COMPLETION	44
CANDIDATE_P1MCPUFP__CPUFP500K_0228__00225_9e6y_s42_6c2293c26908	90	candidate	P1MCPUFP__CPUFP500K_0228__00225		CANDIDATE_UNKNOWN	9e6y	42	a13b08282690c4c09be1ba774a1fbd31a821035c6e8df7a620256fb9fe5665cc	26-33	51-58	97-112	27,28,29,30,35,36,37,38,56,57,58,59,62,63,64,65,105,106,107,108,109,110,111,112,113,114,115,116,117	inputs/candidate_monomers/P1MCPUFP__CPUFP500K_0228__00225.pdb	frozen_nbb2_archive_extract	H	10b2403e0b560555030693a41b2cbd32d9eefb1d6a77e06eba94ac73d246db2d	inputs/normalized/9e6y_pvrig_receptor.pdb	T	L	A	UniProt_Q6DKI7	7b597e4976340689606e650f7a864d1c028938e4a1d0c4201b7092f53302813a	4c76f09ba6c24bc9c82a9a97a8fa1f279c4d5ce2a6d051dbf284751701c25880	8c55751f66ac2930ce115a9419321a2b2bed220b61af2e1671f7ac6e6a2e33b3	8c55751f66ac2930ce115a9419321a2b2bed220b61af2e1671f7ac6e6a2e33b3	6c2293c26908a7cdd91a29e37cb03e2ec27d74cba96a02186701003c07bcbc03	"{""cfg_hash"":""7b597e4976340689606e650f7a864d1c028938e4a1d0c4201b7092f53302813a"",""conformation"":""9e6y"",""entity_id"":""P1MCPUFP__CPUFP500K_0228__00225"",""entity_type"":""candidate"",""monomer_sha256"":""10b2403e0b560555030693a41b2cbd32d9eefb1d6a77e06eba94ac73d246db2d"",""protocol_core_sha256"":""8c55751f66ac2930ce115a9419321a2b2bed220b61af2e1671f7ac6e6a2e33b3"",""restraint_hash"":""4c76f09ba6c24bc9c82a9a97a8fa1f279c4d5ce2a6d051dbf284751701c25880"",""seed"":42,""sequence_sha256"":""a13b08282690c4c09be1ba774a1fbd31a821035c6e8df7a620256fb9fe5665cc""}"	1686	FINAL50_COMMON4_SEED_COMPLETION	44
CANDIDATE_P1MCPUFP__CPUFP500K_0228__00225_8x6b_s3047_26bb6510c1c1	91	candidate	P1MCPUFP__CPUFP500K_0228__00225		CANDIDATE_UNKNOWN	8x6b	3047	a13b08282690c4c09be1ba774a1fbd31a821035c6e8df7a620256fb9fe5665cc	26-33	51-58	97-112	27,28,29,30,35,36,37,38,56,57,58,59,62,63,64,65,105,106,107,108,109,110,111,112,113,114,115,116,117	inputs/candidate_monomers/P1MCPUFP__CPUFP500K_0228__00225.pdb	frozen_nbb2_archive_extract	H	10b2403e0b560555030693a41b2cbd32d9eefb1d6a77e06eba94ac73d246db2d	inputs/normalized/8x6b_pvrig_receptor.pdb	T	L	A	UniProt_Q6DKI7	21918201f2d7d8fd86e7fbe3003003c516ebb4de914b20d6f1f82a78554f6225	4c76f09ba6c24bc9c82a9a97a8fa1f279c4d5ce2a6d051dbf284751701c25880	8c55751f66ac2930ce115a9419321a2b2bed220b61af2e1671f7ac6e6a2e33b3	8c55751f66ac2930ce115a9419321a2b2bed220b61af2e1671f7ac6e6a2e33b3	26bb6510c1c133d3d8a27258835e524d36cec4f8f47664ed13b604af173cd110	"{""cfg_hash"":""21918201f2d7d8fd86e7fbe3003003c516ebb4de914b20d6f1f82a78554f6225"",""conformation"":""8x6b"",""entity_id"":""P1MCPUFP__CPUFP500K_0228__00225"",""entity_type"":""candidate"",""monomer_sha256"":""10b2403e0b560555030693a41b2cbd32d9eefb1d6a77e06eba94ac73d246db2d"",""protocol_core_sha256"":""8c55751f66ac2930ce115a9419321a2b2bed220b61af2e1671f7ac6e6a2e33b3"",""restraint_hash"":""4c76f09ba6c24bc9c82a9a97a8fa1f279c4d5ce2a6d051dbf284751701c25880"",""seed"":3047,""sequence_sha256"":""a13b08282690c4c09be1ba774a1fbd31a821035c6e8df7a620256fb9fe5665cc""}"	1686	FINAL50_COMMON4_SEED_COMPLETION	44
CANDIDATE_P1MCPUFP__CPUFP500K_0228__00225_9e6y_s3047_43fd234b7ac1	92	candidate	P1MCPUFP__CPUFP500K_0228__00225		CANDIDATE_UNKNOWN	9e6y	3047	a13b08282690c4c09be1ba774a1fbd31a821035c6e8df7a620256fb9fe5665cc	26-33	51-58	97-112	27,28,29,30,35,36,37,38,56,57,58,59,62,63,64,65,105,106,107,108,109,110,111,112,113,114,115,116,117	inputs/candidate_monomers/P1MCPUFP__CPUFP500K_0228__00225.pdb	frozen_nbb2_archive_extract	H	10b2403e0b560555030693a41b2cbd32d9eefb1d6a77e06eba94ac73d246db2d	inputs/normalized/9e6y_pvrig_receptor.pdb	T	L	A	UniProt_Q6DKI7	036faa08876ef5dc8e4331507bf042bf828faae3f3cf5a5fd358a89d5fb215da	4c76f09ba6c24bc9c82a9a97a8fa1f279c4d5ce2a6d051dbf284751701c25880	8c55751f66ac2930ce115a9419321a2b2bed220b61af2e1671f7ac6e6a2e33b3	8c55751f66ac2930ce115a9419321a2b2bed220b61af2e1671f7ac6e6a2e33b3	43fd234b7ac13f8f35c7bbdf7c522ff314e1b7f1e6748c247a6378bc37d24eba	"{""cfg_hash"":""036faa08876ef5dc8e4331507bf042bf828faae3f3cf5a5fd358a89d5fb215da"",""conformation"":""9e6y"",""entity_id"":""P1MCPUFP__CPUFP500K_0228__00225"",""entity_type"":""candidate"",""monomer_sha256"":""10b2403e0b560555030693a41b2cbd32d9eefb1d6a77e06eba94ac73d246db2d"",""protocol_core_sha256"":""8c55751f66ac2930ce115a9419321a2b2bed220b61af2e1671f7ac6e6a2e33b3"",""restraint_hash"":""4c76f09ba6c24bc9c82a9a97a8fa1f279c4d5ce2a6d051dbf284751701c25880"",""seed"":3047,""sequence_sha256"":""a13b08282690c4c09be1ba774a1fbd31a821035c6e8df7a620256fb9fe5665cc""}"	1686	FINAL50_COMMON4_SEED_COMPLETION	44
CANDIDATE_P1MCPUFP__CPUFP500K_0487__00827_8x6b_s42_66d940651514	93	candidate	P1MCPUFP__CPUFP500K_0487__00827		CANDIDATE_UNKNOWN	8x6b	42	885b844f1bb7b151e8f9061886db4ca5666a039c731a05a528c26329831dc069	26-35	53-59	98-116	27,28,29,30,31,34,35,36,37,38,56,57,58,59,63,64,65,105,106,107,108,109,110,111,112,113,114,115,116,117	inputs/candidate_monomers/P1MCPUFP__CPUFP500K_0487__00827.pdb	frozen_nbb2_archive_extract	H	6daf9fcacbe066684d8f313a5af7d393d332300c0c87c79ecb49444b233055e5	inputs/normalized/8x6b_pvrig_receptor.pdb	T	L	A	UniProt_Q6DKI7	6e3411303a8196b0e07523e8d66724b2c6a9380dca7a347caa47b5632620a2a8	cb4c825dedbb6b8ccf1510daf94ccd67c095d4743b9f9b2a3b6dc9fa7c1cda34	8c55751f66ac2930ce115a9419321a2b2bed220b61af2e1671f7ac6e6a2e33b3	8c55751f66ac2930ce115a9419321a2b2bed220b61af2e1671f7ac6e6a2e33b3	66d940651514e6ad1dd3230eb0a0b76b0dfa82592688120ccbb3c568167cb896	"{""cfg_hash"":""6e3411303a8196b0e07523e8d66724b2c6a9380dca7a347caa47b5632620a2a8"",""conformation"":""8x6b"",""entity_id"":""P1MCPUFP__CPUFP500K_0487__00827"",""entity_type"":""candidate"",""monomer_sha256"":""6daf9fcacbe066684d8f313a5af7d393d332300c0c87c79ecb49444b233055e5"",""protocol_core_sha256"":""8c55751f66ac2930ce115a9419321a2b2bed220b61af2e1671f7ac6e6a2e33b3"",""restraint_hash"":""cb4c825dedbb6b8ccf1510daf94ccd67c095d4743b9f9b2a3b6dc9fa7c1cda34"",""seed"":42,""sequence_sha256"":""885b844f1bb7b151e8f9061886db4ca5666a039c731a05a528c26329831dc069""}"	2570	FINAL50_COMMON4_SEED_COMPLETION	46
CANDIDATE_P1MCPUFP__CPUFP500K_0487__00827_9e6y_s42_f300a9bddcd7	94	candidate	P1MCPUFP__CPUFP500K_0487__00827		CANDIDATE_UNKNOWN	9e6y	42	885b844f1bb7b151e8f9061886db4ca5666a039c731a05a528c26329831dc069	26-35	53-59	98-116	27,28,29,30,31,34,35,36,37,38,56,57,58,59,63,64,65,105,106,107,108,109,110,111,112,113,114,115,116,117	inputs/candidate_monomers/P1MCPUFP__CPUFP500K_0487__00827.pdb	frozen_nbb2_archive_extract	H	6daf9fcacbe066684d8f313a5af7d393d332300c0c87c79ecb49444b233055e5	inputs/normalized/9e6y_pvrig_receptor.pdb	T	L	A	UniProt_Q6DKI7	7b597e4976340689606e650f7a864d1c028938e4a1d0c4201b7092f53302813a	cb4c825dedbb6b8ccf1510daf94ccd67c095d4743b9f9b2a3b6dc9fa7c1cda34	8c55751f66ac2930ce115a9419321a2b2bed220b61af2e1671f7ac6e6a2e33b3	8c55751f66ac2930ce115a9419321a2b2bed220b61af2e1671f7ac6e6a2e33b3	f300a9bddcd7136ece786b2668c98fa8147b742a271ecf17fb930c7a98c64012	"{""cfg_hash"":""7b597e4976340689606e650f7a864d1c028938e4a1d0c4201b7092f53302813a"",""conformation"":""9e6y"",""entity_id"":""P1MCPUFP__CPUFP500K_0487__00827"",""entity_type"":""candidate"",""monomer_sha256"":""6daf9fcacbe066684d8f313a5af7d393d332300c0c87c79ecb49444b233055e5"",""protocol_core_sha256"":""8c55751f66ac2930ce115a9419321a2b2bed220b61af2e1671f7ac6e6a2e33b3"",""restraint_hash"":""cb4c825dedbb6b8ccf1510daf94ccd67c095d4743b9f9b2a3b6dc9fa7c1cda34"",""seed"":42,""sequence_sha256"":""885b844f1bb7b151e8f9061886db4ca5666a039c731a05a528c26329831dc069""}"	2570	FINAL50_COMMON4_SEED_COMPLETION	46
CANDIDATE_P1MCPUFP__CPUFP500K_0487__00827_8x6b_s3047_fd69af7e3b1a	95	candidate	P1MCPUFP__CPUFP500K_0487__00827		CANDIDATE_UNKNOWN	8x6b	3047	885b844f1bb7b151e8f9061886db4ca5666a039c731a05a528c26329831dc069	26-35	53-59	98-116	27,28,29,30,31,34,35,36,37,38,56,57,58,59,63,64,65,105,106,107,108,109,110,111,112,113,114,115,116,117	inputs/candidate_monomers/P1MCPUFP__CPUFP500K_0487__00827.pdb	frozen_nbb2_archive_extract	H	6daf9fcacbe066684d8f313a5af7d393d332300c0c87c79ecb49444b233055e5	inputs/normalized/8x6b_pvrig_receptor.pdb	T	L	A	UniProt_Q6DKI7	21918201f2d7d8fd86e7fbe3003003c516ebb4de914b20d6f1f82a78554f6225	cb4c825dedbb6b8ccf1510daf94ccd67c095d4743b9f9b2a3b6dc9fa7c1cda34	8c55751f66ac2930ce115a9419321a2b2bed220b61af2e1671f7ac6e6a2e33b3	8c55751f66ac2930ce115a9419321a2b2bed220b61af2e1671f7ac6e6a2e33b3	fd69af7e3b1aa461a55d846a68cc99ffe67a809ad3ec342f6684d60932bddc6c	"{""cfg_hash"":""21918201f2d7d8fd86e7fbe3003003c516ebb4de914b20d6f1f82a78554f6225"",""conformation"":""8x6b"",""entity_id"":""P1MCPUFP__CPUFP500K_0487__00827"",""entity_type"":""candidate"",""monomer_sha256"":""6daf9fcacbe066684d8f313a5af7d393d332300c0c87c79ecb49444b233055e5"",""protocol_core_sha256"":""8c55751f66ac2930ce115a9419321a2b2bed220b61af2e1671f7ac6e6a2e33b3"",""restraint_hash"":""cb4c825dedbb6b8ccf1510daf94ccd67c095d4743b9f9b2a3b6dc9fa7c1cda34"",""seed"":3047,""sequence_sha256"":""885b844f1bb7b151e8f9061886db4ca5666a039c731a05a528c26329831dc069""}"	2570	FINAL50_COMMON4_SEED_COMPLETION	46
CANDIDATE_P1MCPUFP__CPUFP500K_0487__00827_9e6y_s3047_7116a6302118	96	candidate	P1MCPUFP__CPUFP500K_0487__00827		CANDIDATE_UNKNOWN	9e6y	3047	885b844f1bb7b151e8f9061886db4ca5666a039c731a05a528c26329831dc069	26-35	53-59	98-116	27,28,29,30,31,34,35,36,37,38,56,57,58,59,63,64,65,105,106,107,108,109,110,111,112,113,114,115,116,117	inputs/candidate_monomers/P1MCPUFP__CPUFP500K_0487__00827.pdb	frozen_nbb2_archive_extract	H	6daf9fcacbe066684d8f313a5af7d393d332300c0c87c79ecb49444b233055e5	inputs/normalized/9e6y_pvrig_receptor.pdb	T	L	A	UniProt_Q6DKI7	036faa08876ef5dc8e4331507bf042bf828faae3f3cf5a5fd358a89d5fb215da	cb4c825dedbb6b8ccf1510daf94ccd67c095d4743b9f9b2a3b6dc9fa7c1cda34	8c55751f66ac2930ce115a9419321a2b2bed220b61af2e1671f7ac6e6a2e33b3	8c55751f66ac2930ce115a9419321a2b2bed220b61af2e1671f7ac6e6a2e33b3	7116a630211809afc8d41366704787cfc7dd4b954ba20c4a293e6ead883ec8ca	"{""cfg_hash"":""036faa08876ef5dc8e4331507bf042bf828faae3f3cf5a5fd358a89d5fb215da"",""conformation"":""9e6y"",""entity_id"":""P1MCPUFP__CPUFP500K_0487__00827"",""entity_type"":""candidate"",""monomer_sha256"":""6daf9fcacbe066684d8f313a5af7d393d332300c0c87c79ecb49444b233055e5"",""protocol_core_sha256"":""8c55751f66ac2930ce115a9419321a2b2bed220b61af2e1671f7ac6e6a2e33b3"",""restraint_hash"":""cb4c825dedbb6b8ccf1510daf94ccd67c095d4743b9f9b2a3b6dc9fa7c1cda34"",""seed"":3047,""sequence_sha256"":""885b844f1bb7b151e8f9061886db4ca5666a039c731a05a528c26329831dc069""}"	2570	FINAL50_COMMON4_SEED_COMPLETION	46
CANDIDATE_P1MCPUFP__CPUFP500K_0108__00327_8x6b_s42_98cf5a02d17b	97	candidate	P1MCPUFP__CPUFP500K_0108__00327		CANDIDATE_UNKNOWN	8x6b	42	a153e5083f3a1729f4271568788bcfb25c39073de4a66b5c9c29e46def7505bf	26-35	53-59	98-116	27,28,29,30,31,34,35,36,37,38,56,57,58,59,63,64,65,105,106,107,108,109,110,111,112,113,114,115,116,117	inputs/candidate_monomers/P1MCPUFP__CPUFP500K_0108__00327.pdb	frozen_nbb2_archive_extract	H	efa062ff1fd0547e4ad89e286916d81b3fe7df1abecc06b13b0e6155af00add5	inputs/normalized/8x6b_pvrig_receptor.pdb	T	L	A	UniProt_Q6DKI7	6e3411303a8196b0e07523e8d66724b2c6a9380dca7a347caa47b5632620a2a8	cb4c825dedbb6b8ccf1510daf94ccd67c095d4743b9f9b2a3b6dc9fa7c1cda34	8c55751f66ac2930ce115a9419321a2b2bed220b61af2e1671f7ac6e6a2e33b3	8c55751f66ac2930ce115a9419321a2b2bed220b61af2e1671f7ac6e6a2e33b3	98cf5a02d17b9d293e21a9d99f2688705b04a36693af5766be10113fbe7658a2	"{""cfg_hash"":""6e3411303a8196b0e07523e8d66724b2c6a9380dca7a347caa47b5632620a2a8"",""conformation"":""8x6b"",""entity_id"":""P1MCPUFP__CPUFP500K_0108__00327"",""entity_type"":""candidate"",""monomer_sha256"":""efa062ff1fd0547e4ad89e286916d81b3fe7df1abecc06b13b0e6155af00add5"",""protocol_core_sha256"":""8c55751f66ac2930ce115a9419321a2b2bed220b61af2e1671f7ac6e6a2e33b3"",""restraint_hash"":""cb4c825dedbb6b8ccf1510daf94ccd67c095d4743b9f9b2a3b6dc9fa7c1cda34"",""seed"":42,""sequence_sha256"":""a153e5083f3a1729f4271568788bcfb25c39073de4a66b5c9c29e46def7505bf""}"	124	FINAL50_COMMON4_SEED_COMPLETION	47
CANDIDATE_P1MCPUFP__CPUFP500K_0108__00327_9e6y_s42_605560209d00	98	candidate	P1MCPUFP__CPUFP500K_0108__00327		CANDIDATE_UNKNOWN	9e6y	42	a153e5083f3a1729f4271568788bcfb25c39073de4a66b5c9c29e46def7505bf	26-35	53-59	98-116	27,28,29,30,31,34,35,36,37,38,56,57,58,59,63,64,65,105,106,107,108,109,110,111,112,113,114,115,116,117	inputs/candidate_monomers/P1MCPUFP__CPUFP500K_0108__00327.pdb	frozen_nbb2_archive_extract	H	efa062ff1fd0547e4ad89e286916d81b3fe7df1abecc06b13b0e6155af00add5	inputs/normalized/9e6y_pvrig_receptor.pdb	T	L	A	UniProt_Q6DKI7	7b597e4976340689606e650f7a864d1c028938e4a1d0c4201b7092f53302813a	cb4c825dedbb6b8ccf1510daf94ccd67c095d4743b9f9b2a3b6dc9fa7c1cda34	8c55751f66ac2930ce115a9419321a2b2bed220b61af2e1671f7ac6e6a2e33b3	8c55751f66ac2930ce115a9419321a2b2bed220b61af2e1671f7ac6e6a2e33b3	605560209d004de86357d3d28dccc5a8f71e148e4bfa3ffc3bbb7920fce8b4f0	"{""cfg_hash"":""7b597e4976340689606e650f7a864d1c028938e4a1d0c4201b7092f53302813a"",""conformation"":""9e6y"",""entity_id"":""P1MCPUFP__CPUFP500K_0108__00327"",""entity_type"":""candidate"",""monomer_sha256"":""efa062ff1fd0547e4ad89e286916d81b3fe7df1abecc06b13b0e6155af00add5"",""protocol_core_sha256"":""8c55751f66ac2930ce115a9419321a2b2bed220b61af2e1671f7ac6e6a2e33b3"",""restraint_hash"":""cb4c825dedbb6b8ccf1510daf94ccd67c095d4743b9f9b2a3b6dc9fa7c1cda34"",""seed"":42,""sequence_sha256"":""a153e5083f3a1729f4271568788bcfb25c39073de4a66b5c9c29e46def7505bf""}"	124	FINAL50_COMMON4_SEED_COMPLETION	47
CANDIDATE_P1MCPUFP__CPUFP500K_0108__00327_8x6b_s3047_650248d40e0c	99	candidate	P1MCPUFP__CPUFP500K_0108__00327		CANDIDATE_UNKNOWN	8x6b	3047	a153e5083f3a1729f4271568788bcfb25c39073de4a66b5c9c29e46def7505bf	26-35	53-59	98-116	27,28,29,30,31,34,35,36,37,38,56,57,58,59,63,64,65,105,106,107,108,109,110,111,112,113,114,115,116,117	inputs/candidate_monomers/P1MCPUFP__CPUFP500K_0108__00327.pdb	frozen_nbb2_archive_extract	H	efa062ff1fd0547e4ad89e286916d81b3fe7df1abecc06b13b0e6155af00add5	inputs/normalized/8x6b_pvrig_receptor.pdb	T	L	A	UniProt_Q6DKI7	21918201f2d7d8fd86e7fbe3003003c516ebb4de914b20d6f1f82a78554f6225	cb4c825dedbb6b8ccf1510daf94ccd67c095d4743b9f9b2a3b6dc9fa7c1cda34	8c55751f66ac2930ce115a9419321a2b2bed220b61af2e1671f7ac6e6a2e33b3	8c55751f66ac2930ce115a9419321a2b2bed220b61af2e1671f7ac6e6a2e33b3	650248d40e0cc4e77c0b9125e6dda9daa10bbc4ab1fa052f9cdee3fef0372661	"{""cfg_hash"":""21918201f2d7d8fd86e7fbe3003003c516ebb4de914b20d6f1f82a78554f6225"",""conformation"":""8x6b"",""entity_id"":""P1MCPUFP__CPUFP500K_0108__00327"",""entity_type"":""candidate"",""monomer_sha256"":""efa062ff1fd0547e4ad89e286916d81b3fe7df1abecc06b13b0e6155af00add5"",""protocol_core_sha256"":""8c55751f66ac2930ce115a9419321a2b2bed220b61af2e1671f7ac6e6a2e33b3"",""restraint_hash"":""cb4c825dedbb6b8ccf1510daf94ccd67c095d4743b9f9b2a3b6dc9fa7c1cda34"",""seed"":3047,""sequence_sha256"":""a153e5083f3a1729f4271568788bcfb25c39073de4a66b5c9c29e46def7505bf""}"	124	FINAL50_COMMON4_SEED_COMPLETION	47
CANDIDATE_P1MCPUFP__CPUFP500K_0108__00327_9e6y_s3047_57b65a3fe8d0	100	candidate	P1MCPUFP__CPUFP500K_0108__00327		CANDIDATE_UNKNOWN	9e6y	3047	a153e5083f3a1729f4271568788bcfb25c39073de4a66b5c9c29e46def7505bf	26-35	53-59	98-116	27,28,29,30,31,34,35,36,37,38,56,57,58,59,63,64,65,105,106,107,108,109,110,111,112,113,114,115,116,117	inputs/candidate_monomers/P1MCPUFP__CPUFP500K_0108__00327.pdb	frozen_nbb2_archive_extract	H	efa062ff1fd0547e4ad89e286916d81b3fe7df1abecc06b13b0e6155af00add5	inputs/normalized/9e6y_pvrig_receptor.pdb	T	L	A	UniProt_Q6DKI7	036faa08876ef5dc8e4331507bf042bf828faae3f3cf5a5fd358a89d5fb215da	cb4c825dedbb6b8ccf1510daf94ccd67c095d4743b9f9b2a3b6dc9fa7c1cda34	8c55751f66ac2930ce115a9419321a2b2bed220b61af2e1671f7ac6e6a2e33b3	8c55751f66ac2930ce115a9419321a2b2bed220b61af2e1671f7ac6e6a2e33b3	57b65a3fe8d00d8aa12e6a0b05b52fec7467ddfb9ab39ab19c3352cca41d190d	"{""cfg_hash"":""036faa08876ef5dc8e4331507bf042bf828faae3f3cf5a5fd358a89d5fb215da"",""conformation"":""9e6y"",""entity_id"":""P1MCPUFP__CPUFP500K_0108__00327"",""entity_type"":""candidate"",""monomer_sha256"":""efa062ff1fd0547e4ad89e286916d81b3fe7df1abecc06b13b0e6155af00add5"",""protocol_core_sha256"":""8c55751f66ac2930ce115a9419321a2b2bed220b61af2e1671f7ac6e6a2e33b3"",""restraint_hash"":""cb4c825dedbb6b8ccf1510daf94ccd67c095d4743b9f9b2a3b6dc9fa7c1cda34"",""seed"":3047,""sequence_sha256"":""a153e5083f3a1729f4271568788bcfb25c39073de4a66b5c9c29e46def7505bf""}"	124	FINAL50_COMMON4_SEED_COMPLETION	47
CANDIDATE_P1MCPUFP__CPUFP500K_0432__00670_8x6b_s42_374dfccd5ec6	101	candidate	P1MCPUFP__CPUFP500K_0432__00670		CANDIDATE_UNKNOWN	8x6b	42	181aa44ad0f299a2c5fdce7b4bc71d3a6bad72531b94f1ca7491df8667af0234	26-33	51-58	97-112	27,28,29,30,35,36,37,38,56,57,58,59,62,63,64,65,105,106,107,108,109,110,111,112,113,114,115,116,117	inputs/candidate_monomers/P1MCPUFP__CPUFP500K_0432__00670.pdb	frozen_nbb2_archive_extract	H	874f42ebf22f0f512d089292005b32e60fca320f965225e4f6be438f458f7c4f	inputs/normalized/8x6b_pvrig_receptor.pdb	T	L	A	UniProt_Q6DKI7	6e3411303a8196b0e07523e8d66724b2c6a9380dca7a347caa47b5632620a2a8	4c76f09ba6c24bc9c82a9a97a8fa1f279c4d5ce2a6d051dbf284751701c25880	8c55751f66ac2930ce115a9419321a2b2bed220b61af2e1671f7ac6e6a2e33b3	8c55751f66ac2930ce115a9419321a2b2bed220b61af2e1671f7ac6e6a2e33b3	374dfccd5ec6291bd76f0f2e7365c70f25b920b4c89823c887b09c70cb04f7ce	"{""cfg_hash"":""6e3411303a8196b0e07523e8d66724b2c6a9380dca7a347caa47b5632620a2a8"",""conformation"":""8x6b"",""entity_id"":""P1MCPUFP__CPUFP500K_0432__00670"",""entity_type"":""candidate"",""monomer_sha256"":""874f42ebf22f0f512d089292005b32e60fca320f965225e4f6be438f458f7c4f"",""protocol_core_sha256"":""8c55751f66ac2930ce115a9419321a2b2bed220b61af2e1671f7ac6e6a2e33b3"",""restraint_hash"":""4c76f09ba6c24bc9c82a9a97a8fa1f279c4d5ce2a6d051dbf284751701c25880"",""seed"":42,""sequence_sha256"":""181aa44ad0f299a2c5fdce7b4bc71d3a6bad72531b94f1ca7491df8667af0234""}"	6109	FINAL50_COMMON4_SEED_COMPLETION	48
CANDIDATE_P1MCPUFP__CPUFP500K_0432__00670_9e6y_s42_5b7d3f38e991	102	candidate	P1MCPUFP__CPUFP500K_0432__00670		CANDIDATE_UNKNOWN	9e6y	42	181aa44ad0f299a2c5fdce7b4bc71d3a6bad72531b94f1ca7491df8667af0234	26-33	51-58	97-112	27,28,29,30,35,36,37,38,56,57,58,59,62,63,64,65,105,106,107,108,109,110,111,112,113,114,115,116,117	inputs/candidate_monomers/P1MCPUFP__CPUFP500K_0432__00670.pdb	frozen_nbb2_archive_extract	H	874f42ebf22f0f512d089292005b32e60fca320f965225e4f6be438f458f7c4f	inputs/normalized/9e6y_pvrig_receptor.pdb	T	L	A	UniProt_Q6DKI7	7b597e4976340689606e650f7a864d1c028938e4a1d0c4201b7092f53302813a	4c76f09ba6c24bc9c82a9a97a8fa1f279c4d5ce2a6d051dbf284751701c25880	8c55751f66ac2930ce115a9419321a2b2bed220b61af2e1671f7ac6e6a2e33b3	8c55751f66ac2930ce115a9419321a2b2bed220b61af2e1671f7ac6e6a2e33b3	5b7d3f38e991714a68d3cef30da0edf410f53e0a010d3ddbfc4937b7a7764bdb	"{""cfg_hash"":""7b597e4976340689606e650f7a864d1c028938e4a1d0c4201b7092f53302813a"",""conformation"":""9e6y"",""entity_id"":""P1MCPUFP__CPUFP500K_0432__00670"",""entity_type"":""candidate"",""monomer_sha256"":""874f42ebf22f0f512d089292005b32e60fca320f965225e4f6be438f458f7c4f"",""protocol_core_sha256"":""8c55751f66ac2930ce115a9419321a2b2bed220b61af2e1671f7ac6e6a2e33b3"",""restraint_hash"":""4c76f09ba6c24bc9c82a9a97a8fa1f279c4d5ce2a6d051dbf284751701c25880"",""seed"":42,""sequence_sha256"":""181aa44ad0f299a2c5fdce7b4bc71d3a6bad72531b94f1ca7491df8667af0234""}"	6109	FINAL50_COMMON4_SEED_COMPLETION	48
CANDIDATE_P1MCPUFP__CPUFP500K_0432__00670_8x6b_s3047_0ae5dd073673	103	candidate	P1MCPUFP__CPUFP500K_0432__00670		CANDIDATE_UNKNOWN	8x6b	3047	181aa44ad0f299a2c5fdce7b4bc71d3a6bad72531b94f1ca7491df8667af0234	26-33	51-58	97-112	27,28,29,30,35,36,37,38,56,57,58,59,62,63,64,65,105,106,107,108,109,110,111,112,113,114,115,116,117	inputs/candidate_monomers/P1MCPUFP__CPUFP500K_0432__00670.pdb	frozen_nbb2_archive_extract	H	874f42ebf22f0f512d089292005b32e60fca320f965225e4f6be438f458f7c4f	inputs/normalized/8x6b_pvrig_receptor.pdb	T	L	A	UniProt_Q6DKI7	21918201f2d7d8fd86e7fbe3003003c516ebb4de914b20d6f1f82a78554f6225	4c76f09ba6c24bc9c82a9a97a8fa1f279c4d5ce2a6d051dbf284751701c25880	8c55751f66ac2930ce115a9419321a2b2bed220b61af2e1671f7ac6e6a2e33b3	8c55751f66ac2930ce115a9419321a2b2bed220b61af2e1671f7ac6e6a2e33b3	0ae5dd073673b8c77e488878fb35f5cded56a9b838db0341373e3514499e19b8	"{""cfg_hash"":""21918201f2d7d8fd86e7fbe3003003c516ebb4de914b20d6f1f82a78554f6225"",""conformation"":""8x6b"",""entity_id"":""P1MCPUFP__CPUFP500K_0432__00670"",""entity_type"":""candidate"",""monomer_sha256"":""874f42ebf22f0f512d089292005b32e60fca320f965225e4f6be438f458f7c4f"",""protocol_core_sha256"":""8c55751f66ac2930ce115a9419321a2b2bed220b61af2e1671f7ac6e6a2e33b3"",""restraint_hash"":""4c76f09ba6c24bc9c82a9a97a8fa1f279c4d5ce2a6d051dbf284751701c25880"",""seed"":3047,""sequence_sha256"":""181aa44ad0f299a2c5fdce7b4bc71d3a6bad72531b94f1ca7491df8667af0234""}"	6109	FINAL50_COMMON4_SEED_COMPLETION	48
CANDIDATE_P1MCPUFP__CPUFP500K_0432__00670_9e6y_s3047_54e1ea2f6133	104	candidate	P1MCPUFP__CPUFP500K_0432__00670		CANDIDATE_UNKNOWN	9e6y	3047	181aa44ad0f299a2c5fdce7b4bc71d3a6bad72531b94f1ca7491df8667af0234	26-33	51-58	97-112	27,28,29,30,35,36,37,38,56,57,58,59,62,63,64,65,105,106,107,108,109,110,111,112,113,114,115,116,117	inputs/candidate_monomers/P1MCPUFP__CPUFP500K_0432__00670.pdb	frozen_nbb2_archive_extract	H	874f42ebf22f0f512d089292005b32e60fca320f965225e4f6be438f458f7c4f	inputs/normalized/9e6y_pvrig_receptor.pdb	T	L	A	UniProt_Q6DKI7	036faa08876ef5dc8e4331507bf042bf828faae3f3cf5a5fd358a89d5fb215da	4c76f09ba6c24bc9c82a9a97a8fa1f279c4d5ce2a6d051dbf284751701c25880	8c55751f66ac2930ce115a9419321a2b2bed220b61af2e1671f7ac6e6a2e33b3	8c55751f66ac2930ce115a9419321a2b2bed220b61af2e1671f7ac6e6a2e33b3	54e1ea2f61333211fff58f3dc588c64f9842454e382498e939b988e4623bb6a3	"{""cfg_hash"":""036faa08876ef5dc8e4331507bf042bf828faae3f3cf5a5fd358a89d5fb215da"",""conformation"":""9e6y"",""entity_id"":""P1MCPUFP__CPUFP500K_0432__00670"",""entity_type"":""candidate"",""monomer_sha256"":""874f42ebf22f0f512d089292005b32e60fca320f965225e4f6be438f458f7c4f"",""protocol_core_sha256"":""8c55751f66ac2930ce115a9419321a2b2bed220b61af2e1671f7ac6e6a2e33b3"",""restraint_hash"":""4c76f09ba6c24bc9c82a9a97a8fa1f279c4d5ce2a6d051dbf284751701c25880"",""seed"":3047,""sequence_sha256"":""181aa44ad0f299a2c5fdce7b4bc71d3a6bad72531b94f1ca7491df8667af0234""}"	6109	FINAL50_COMMON4_SEED_COMPLETION	48
CANDIDATE_P1MCPUFP__CPUFP500K_0388__00757_8x6b_s42_5f749950dee9	105	candidate	P1MCPUFP__CPUFP500K_0388__00757		CANDIDATE_UNKNOWN	8x6b	42	c95882271969706bd602bf647fa54b104590ea9f7f0b7af5f2ea66e44314d8fb	26-35	53-59	98-116	27,28,29,30,31,34,35,36,37,38,56,57,58,59,63,64,65,105,106,107,108,109,110,111,112,113,114,115,116,117	inputs/candidate_monomers/P1MCPUFP__CPUFP500K_0388__00757.pdb	frozen_nbb2_archive_extract	H	df7f58a79cb3fc1b5112baad35f6348ab8fb98e42dfc69ebc1b7d2f25a0b3cb4	inputs/normalized/8x6b_pvrig_receptor.pdb	T	L	A	UniProt_Q6DKI7	6e3411303a8196b0e07523e8d66724b2c6a9380dca7a347caa47b5632620a2a8	cb4c825dedbb6b8ccf1510daf94ccd67c095d4743b9f9b2a3b6dc9fa7c1cda34	8c55751f66ac2930ce115a9419321a2b2bed220b61af2e1671f7ac6e6a2e33b3	8c55751f66ac2930ce115a9419321a2b2bed220b61af2e1671f7ac6e6a2e33b3	5f749950dee9a67c04e3cf29e4a14c7253a5f279777620171e73351c687757a1	"{""cfg_hash"":""6e3411303a8196b0e07523e8d66724b2c6a9380dca7a347caa47b5632620a2a8"",""conformation"":""8x6b"",""entity_id"":""P1MCPUFP__CPUFP500K_0388__00757"",""entity_type"":""candidate"",""monomer_sha256"":""df7f58a79cb3fc1b5112baad35f6348ab8fb98e42dfc69ebc1b7d2f25a0b3cb4"",""protocol_core_sha256"":""8c55751f66ac2930ce115a9419321a2b2bed220b61af2e1671f7ac6e6a2e33b3"",""restraint_hash"":""cb4c825dedbb6b8ccf1510daf94ccd67c095d4743b9f9b2a3b6dc9fa7c1cda34"",""seed"":42,""sequence_sha256"":""c95882271969706bd602bf647fa54b104590ea9f7f0b7af5f2ea66e44314d8fb""}"	4171	FINAL50_COMMON4_SEED_COMPLETION	49
CANDIDATE_P1MCPUFP__CPUFP500K_0388__00757_9e6y_s42_3b10135fb7cb	106	candidate	P1MCPUFP__CPUFP500K_0388__00757		CANDIDATE_UNKNOWN	9e6y	42	c95882271969706bd602bf647fa54b104590ea9f7f0b7af5f2ea66e44314d8fb	26-35	53-59	98-116	27,28,29,30,31,34,35,36,37,38,56,57,58,59,63,64,65,105,106,107,108,109,110,111,112,113,114,115,116,117	inputs/candidate_monomers/P1MCPUFP__CPUFP500K_0388__00757.pdb	frozen_nbb2_archive_extract	H	df7f58a79cb3fc1b5112baad35f6348ab8fb98e42dfc69ebc1b7d2f25a0b3cb4	inputs/normalized/9e6y_pvrig_receptor.pdb	T	L	A	UniProt_Q6DKI7	7b597e4976340689606e650f7a864d1c028938e4a1d0c4201b7092f53302813a	cb4c825dedbb6b8ccf1510daf94ccd67c095d4743b9f9b2a3b6dc9fa7c1cda34	8c55751f66ac2930ce115a9419321a2b2bed220b61af2e1671f7ac6e6a2e33b3	8c55751f66ac2930ce115a9419321a2b2bed220b61af2e1671f7ac6e6a2e33b3	3b10135fb7cb3d0f8dfb444309d47a4c815071d82f7fe34f87184193478bc347	"{""cfg_hash"":""7b597e4976340689606e650f7a864d1c028938e4a1d0c4201b7092f53302813a"",""conformation"":""9e6y"",""entity_id"":""P1MCPUFP__CPUFP500K_0388__00757"",""entity_type"":""candidate"",""monomer_sha256"":""df7f58a79cb3fc1b5112baad35f6348ab8fb98e42dfc69ebc1b7d2f25a0b3cb4"",""protocol_core_sha256"":""8c55751f66ac2930ce115a9419321a2b2bed220b61af2e1671f7ac6e6a2e33b3"",""restraint_hash"":""cb4c825dedbb6b8ccf1510daf94ccd67c095d4743b9f9b2a3b6dc9fa7c1cda34"",""seed"":42,""sequence_sha256"":""c95882271969706bd602bf647fa54b104590ea9f7f0b7af5f2ea66e44314d8fb""}"	4171	FINAL50_COMMON4_SEED_COMPLETION	49
CANDIDATE_P1MCPUFP__CPUFP500K_0388__00757_8x6b_s3047_149a8206e5ce	107	candidate	P1MCPUFP__CPUFP500K_0388__00757		CANDIDATE_UNKNOWN	8x6b	3047	c95882271969706bd602bf647fa54b104590ea9f7f0b7af5f2ea66e44314d8fb	26-35	53-59	98-116	27,28,29,30,31,34,35,36,37,38,56,57,58,59,63,64,65,105,106,107,108,109,110,111,112,113,114,115,116,117	inputs/candidate_monomers/P1MCPUFP__CPUFP500K_0388__00757.pdb	frozen_nbb2_archive_extract	H	df7f58a79cb3fc1b5112baad35f6348ab8fb98e42dfc69ebc1b7d2f25a0b3cb4	inputs/normalized/8x6b_pvrig_receptor.pdb	T	L	A	UniProt_Q6DKI7	21918201f2d7d8fd86e7fbe3003003c516ebb4de914b20d6f1f82a78554f6225	cb4c825dedbb6b8ccf1510daf94ccd67c095d4743b9f9b2a3b6dc9fa7c1cda34	8c55751f66ac2930ce115a9419321a2b2bed220b61af2e1671f7ac6e6a2e33b3	8c55751f66ac2930ce115a9419321a2b2bed220b61af2e1671f7ac6e6a2e33b3	149a8206e5ce98aa12a1975006654eb36c79dbba883d502b64093fd48e005d42	"{""cfg_hash"":""21918201f2d7d8fd86e7fbe3003003c516ebb4de914b20d6f1f82a78554f6225"",""conformation"":""8x6b"",""entity_id"":""P1MCPUFP__CPUFP500K_0388__00757"",""entity_type"":""candidate"",""monomer_sha256"":""df7f58a79cb3fc1b5112baad35f6348ab8fb98e42dfc69ebc1b7d2f25a0b3cb4"",""protocol_core_sha256"":""8c55751f66ac2930ce115a9419321a2b2bed220b61af2e1671f7ac6e6a2e33b3"",""restraint_hash"":""cb4c825dedbb6b8ccf1510daf94ccd67c095d4743b9f9b2a3b6dc9fa7c1cda34"",""seed"":3047,""sequence_sha256"":""c95882271969706bd602bf647fa54b104590ea9f7f0b7af5f2ea66e44314d8fb""}"	4171	FINAL50_COMMON4_SEED_COMPLETION	49
CANDIDATE_P1MCPUFP__CPUFP500K_0388__00757_9e6y_s3047_bcd4a1990168	108	candidate	P1MCPUFP__CPUFP500K_0388__00757		CANDIDATE_UNKNOWN	9e6y	3047	c95882271969706bd602bf647fa54b104590ea9f7f0b7af5f2ea66e44314d8fb	26-35	53-59	98-116	27,28,29,30,31,34,35,36,37,38,56,57,58,59,63,64,65,105,106,107,108,109,110,111,112,113,114,115,116,117	inputs/candidate_monomers/P1MCPUFP__CPUFP500K_0388__00757.pdb	frozen_nbb2_archive_extract	H	df7f58a79cb3fc1b5112baad35f6348ab8fb98e42dfc69ebc1b7d2f25a0b3cb4	inputs/normalized/9e6y_pvrig_receptor.pdb	T	L	A	UniProt_Q6DKI7	036faa08876ef5dc8e4331507bf042bf828faae3f3cf5a5fd358a89d5fb215da	cb4c825dedbb6b8ccf1510daf94ccd67c095d4743b9f9b2a3b6dc9fa7c1cda34	8c55751f66ac2930ce115a9419321a2b2bed220b61af2e1671f7ac6e6a2e33b3	8c55751f66ac2930ce115a9419321a2b2bed220b61af2e1671f7ac6e6a2e33b3	bcd4a19901681fa93b3037f7b20fdf250661b6b9096c8b1218eba73ed3260f40	"{""cfg_hash"":""036faa08876ef5dc8e4331507bf042bf828faae3f3cf5a5fd358a89d5fb215da"",""conformation"":""9e6y"",""entity_id"":""P1MCPUFP__CPUFP500K_0388__00757"",""entity_type"":""candidate"",""monomer_sha256"":""df7f58a79cb3fc1b5112baad35f6348ab8fb98e42dfc69ebc1b7d2f25a0b3cb4"",""protocol_core_sha256"":""8c55751f66ac2930ce115a9419321a2b2bed220b61af2e1671f7ac6e6a2e33b3"",""restraint_hash"":""cb4c825dedbb6b8ccf1510daf94ccd67c095d4743b9f9b2a3b6dc9fa7c1cda34"",""seed"":3047,""sequence_sha256"":""c95882271969706bd602bf647fa54b104590ea9f7f0b7af5f2ea66e44314d8fb""}"	4171	FINAL50_COMMON4_SEED_COMPLETION	49
CANDIDATE_P1MCPUFP__CPUFP500K_0397__00076_8x6b_s42_9d60f57a2429	109	candidate	P1MCPUFP__CPUFP500K_0397__00076		CANDIDATE_UNKNOWN	8x6b	42	b2d552ee19e076f9cb42c98f617939f0f64f7acf6682a00860680f070e6b8114	26-35	53-59	98-116	27,28,29,30,31,34,35,36,37,38,56,57,58,59,63,64,65,105,106,107,108,109,110,111,112,113,114,115,116,117	inputs/candidate_monomers/P1MCPUFP__CPUFP500K_0397__00076.pdb	frozen_nbb2_archive_extract	H	199119b8b2392131b5c7bb83090a2a142b306e0846e08c725282f02bee138ab1	inputs/normalized/8x6b_pvrig_receptor.pdb	T	L	A	UniProt_Q6DKI7	6e3411303a8196b0e07523e8d66724b2c6a9380dca7a347caa47b5632620a2a8	cb4c825dedbb6b8ccf1510daf94ccd67c095d4743b9f9b2a3b6dc9fa7c1cda34	8c55751f66ac2930ce115a9419321a2b2bed220b61af2e1671f7ac6e6a2e33b3	8c55751f66ac2930ce115a9419321a2b2bed220b61af2e1671f7ac6e6a2e33b3	9d60f57a2429fba9d85f7cefe50bff3a3242dafc89341aea6d403e60eec0519b	"{""cfg_hash"":""6e3411303a8196b0e07523e8d66724b2c6a9380dca7a347caa47b5632620a2a8"",""conformation"":""8x6b"",""entity_id"":""P1MCPUFP__CPUFP500K_0397__00076"",""entity_type"":""candidate"",""monomer_sha256"":""199119b8b2392131b5c7bb83090a2a142b306e0846e08c725282f02bee138ab1"",""protocol_core_sha256"":""8c55751f66ac2930ce115a9419321a2b2bed220b61af2e1671f7ac6e6a2e33b3"",""restraint_hash"":""cb4c825dedbb6b8ccf1510daf94ccd67c095d4743b9f9b2a3b6dc9fa7c1cda34"",""seed"":42,""sequence_sha256"":""b2d552ee19e076f9cb42c98f617939f0f64f7acf6682a00860680f070e6b8114""}"	308	FINAL50_COMMON4_SEED_COMPLETION	50
CANDIDATE_P1MCPUFP__CPUFP500K_0397__00076_9e6y_s42_455fe92e636e	110	candidate	P1MCPUFP__CPUFP500K_0397__00076		CANDIDATE_UNKNOWN	9e6y	42	b2d552ee19e076f9cb42c98f617939f0f64f7acf6682a00860680f070e6b8114	26-35	53-59	98-116	27,28,29,30,31,34,35,36,37,38,56,57,58,59,63,64,65,105,106,107,108,109,110,111,112,113,114,115,116,117	inputs/candidate_monomers/P1MCPUFP__CPUFP500K_0397__00076.pdb	frozen_nbb2_archive_extract	H	199119b8b2392131b5c7bb83090a2a142b306e0846e08c725282f02bee138ab1	inputs/normalized/9e6y_pvrig_receptor.pdb	T	L	A	UniProt_Q6DKI7	7b597e4976340689606e650f7a864d1c028938e4a1d0c4201b7092f53302813a	cb4c825dedbb6b8ccf1510daf94ccd67c095d4743b9f9b2a3b6dc9fa7c1cda34	8c55751f66ac2930ce115a9419321a2b2bed220b61af2e1671f7ac6e6a2e33b3	8c55751f66ac2930ce115a9419321a2b2bed220b61af2e1671f7ac6e6a2e33b3	455fe92e636e224f5cf83069e8a39b2dd86d4826268165259499cf07fe8304ac	"{""cfg_hash"":""7b597e4976340689606e650f7a864d1c028938e4a1d0c4201b7092f53302813a"",""conformation"":""9e6y"",""entity_id"":""P1MCPUFP__CPUFP500K_0397__00076"",""entity_type"":""candidate"",""monomer_sha256"":""199119b8b2392131b5c7bb83090a2a142b306e0846e08c725282f02bee138ab1"",""protocol_core_sha256"":""8c55751f66ac2930ce115a9419321a2b2bed220b61af2e1671f7ac6e6a2e33b3"",""restraint_hash"":""cb4c825dedbb6b8ccf1510daf94ccd67c095d4743b9f9b2a3b6dc9fa7c1cda34"",""seed"":42,""sequence_sha256"":""b2d552ee19e076f9cb42c98f617939f0f64f7acf6682a00860680f070e6b8114""}"	308	FINAL50_COMMON4_SEED_COMPLETION	50
CANDIDATE_P1MCPUFP__CPUFP500K_0397__00076_8x6b_s3047_fe9879b4a75c	111	candidate	P1MCPUFP__CPUFP500K_0397__00076		CANDIDATE_UNKNOWN	8x6b	3047	b2d552ee19e076f9cb42c98f617939f0f64f7acf6682a00860680f070e6b8114	26-35	53-59	98-116	27,28,29,30,31,34,35,36,37,38,56,57,58,59,63,64,65,105,106,107,108,109,110,111,112,113,114,115,116,117	inputs/candidate_monomers/P1MCPUFP__CPUFP500K_0397__00076.pdb	frozen_nbb2_archive_extract	H	199119b8b2392131b5c7bb83090a2a142b306e0846e08c725282f02bee138ab1	inputs/normalized/8x6b_pvrig_receptor.pdb	T	L	A	UniProt_Q6DKI7	21918201f2d7d8fd86e7fbe3003003c516ebb4de914b20d6f1f82a78554f6225	cb4c825dedbb6b8ccf1510daf94ccd67c095d4743b9f9b2a3b6dc9fa7c1cda34	8c55751f66ac2930ce115a9419321a2b2bed220b61af2e1671f7ac6e6a2e33b3	8c55751f66ac2930ce115a9419321a2b2bed220b61af2e1671f7ac6e6a2e33b3	fe9879b4a75c0b4cbf45a18ae7765d5b92759c02d1fa01b42629f7cb7af6e0b7	"{""cfg_hash"":""21918201f2d7d8fd86e7fbe3003003c516ebb4de914b20d6f1f82a78554f6225"",""conformation"":""8x6b"",""entity_id"":""P1MCPUFP__CPUFP500K_0397__00076"",""entity_type"":""candidate"",""monomer_sha256"":""199119b8b2392131b5c7bb83090a2a142b306e0846e08c725282f02bee138ab1"",""protocol_core_sha256"":""8c55751f66ac2930ce115a9419321a2b2bed220b61af2e1671f7ac6e6a2e33b3"",""restraint_hash"":""cb4c825dedbb6b8ccf1510daf94ccd67c095d4743b9f9b2a3b6dc9fa7c1cda34"",""seed"":3047,""sequence_sha256"":""b2d552ee19e076f9cb42c98f617939f0f64f7acf6682a00860680f070e6b8114""}"	308	FINAL50_COMMON4_SEED_COMPLETION	50
CANDIDATE_P1MCPUFP__CPUFP500K_0397__00076_9e6y_s3047_5214b9b5c8fd	112	candidate	P1MCPUFP__CPUFP500K_0397__00076		CANDIDATE_UNKNOWN	9e6y	3047	b2d552ee19e076f9cb42c98f617939f0f64f7acf6682a00860680f070e6b8114	26-35	53-59	98-116	27,28,29,30,31,34,35,36,37,38,56,57,58,59,63,64,65,105,106,107,108,109,110,111,112,113,114,115,116,117	inputs/candidate_monomers/P1MCPUFP__CPUFP500K_0397__00076.pdb	frozen_nbb2_archive_extract	H	199119b8b2392131b5c7bb83090a2a142b306e0846e08c725282f02bee138ab1	inputs/normalized/9e6y_pvrig_receptor.pdb	T	L	A	UniProt_Q6DKI7	036faa08876ef5dc8e4331507bf042bf828faae3f3cf5a5fd358a89d5fb215da	cb4c825dedbb6b8ccf1510daf94ccd67c095d4743b9f9b2a3b6dc9fa7c1cda34	8c55751f66ac2930ce115a9419321a2b2bed220b61af2e1671f7ac6e6a2e33b3	8c55751f66ac2930ce115a9419321a2b2bed220b61af2e1671f7ac6e6a2e33b3	5214b9b5c8fdb9b4d34cf9be85cb9752dd4a663a6f616dfa44f8ffa189b58af3	"{""cfg_hash"":""036faa08876ef5dc8e4331507bf042bf828faae3f3cf5a5fd358a89d5fb215da"",""conformation"":""9e6y"",""entity_id"":""P1MCPUFP__CPUFP500K_0397__00076"",""entity_type"":""candidate"",""monomer_sha256"":""199119b8b2392131b5c7bb83090a2a142b306e0846e08c725282f02bee138ab1"",""protocol_core_sha256"":""8c55751f66ac2930ce115a9419321a2b2bed220b61af2e1671f7ac6e6a2e33b3"",""restraint_hash"":""cb4c825dedbb6b8ccf1510daf94ccd67c095d4743b9f9b2a3b6dc9fa7c1cda34"",""seed"":3047,""sequence_sha256"":""b2d552ee19e076f9cb42c98f617939f0f64f7acf6682a00860680f070e6b8114""}"	308	FINAL50_COMMON4_SEED_COMPLETION	50
