model,baseline,haddock_rank,haddock_score,hotspot_overlap_count,align_rmsd_A,total_vhh_pvrl2_atom_occlusion,total_vhh_pvrl2_residue_pair_occlusion,total_vhh_pvrl2_atom_clash,total_vhh_pvrl2_residue_pair_clash,cdr3_atom_occlusion,cdr3_atom_occlusion_fraction,cdr3_residue_pair_occlusion,cdr3_residue_pair_occlusion_fraction,cdr3_atom_clash,cdr3_residue_pair_clash,cdr3_vhh_residue_count,cdr3_pvrl2_residue_count,cdr12_atom_occlusion,cdr12_residue_pair_occlusion,framework_atom_occlusion,framework_residue_pair_occlusion,framework_residue_pair_occlusion_fraction
cluster_1_model_1,9e6y,1,,11,0.516,9156,740,1644,267,1689,0.1844692005242464,119,0.1608108108108108,335,46,13,32,1162,96,6305,525,0.7094594594594594
cluster_1_model_2,9e6y,2,,12,0.646,9654,791,1735,299,1832,0.1897659001450176,123,0.1554993678887484,350,53,13,34,1177,99,6645,569,0.7193426042983565
cluster_1_model_3,9e6y,3,,12,0.669,9588,800,1699,290,1838,0.1916979557780559,124,0.155,352,52,13,34,1141,100,6609,576,0.72
cluster_1_model_4,9e6y,6,,11,0.601,8711,731,1600,266,1721,0.19756629548846286,116,0.15868673050615595,335,50,13,34,1535,129,5455,486,0.66484268125855
cluster_2_model_1,9e6y,4,,10,0.497,8698,704,1530,269,2167,0.24913773281214072,150,0.21306818181818182,390,60,13,48,1211,82,5320,472,0.6704545454545454
cluster_3_model_1,9e6y,5,,10,0.609,8744,702,1498,277,1518,0.17360475754803292,111,0.1581196581196581,280,44,13,33,1699,134,5527,457,0.6509971509971509
cluster_4_model_1,9e6y,7,,10,0.560,8717,742,1647,263,2041,0.2341401858437536,150,0.20215633423180593,401,60,13,51,1309,91,5367,501,0.6752021563342318
cluster_4_model_2,9e6y,8,,11,0.568,8999,758,1621,271,2039,0.2265807311923547,150,0.19788918205804748,405,56,13,48,1358,98,5602,510,0.6728232189973615
