pair_id	parent	child	mutation_count	experimental_ddg_kcal_mol	foldx_binding_ddg_median	foldx_binding_ddg_mean	foldx_binding_ddg_stdev	repeat_count	experimental_class	predicted_class
20_to_20H5	PVRIG-20	20H5	12	-0.7217638594644291	-0.7432800000000004	-0.6355440000000001	0.2692147089777972	5	stronger	stronger
30_to_30H2	PVRIG-30	30H2	20	0.5786630122146004	1.3313999999999986	1.4204919999999994	0.8523291244114566	5	weaker	weaker
39_to_39H2	PVRIG-39	39H2	15	-0.0034149082992686	1.93819	1.6539760000000001	0.5391356509543771	5	neutral	weaker
39_to_39H4	PVRIG-39	39H4	12	-0.2176822566145265	1.5213200000000002	1.508582	0.027623265918424542	5	stronger	weaker
151_to_151H7	PVRIG-151_HR151	151H7	8	1.0615905190247437	0.0	2.7999999999999996e-05	6.260990336999411e-05	5	weaker	neutral
151_to_151H8	PVRIG-151_HR151	151H8	12		0.2281599999999999	0.22276399999999988	0.013968118341423225	5	unknown	weaker
