pair_id	mutation	experimental_pair_ddg_kcal_mol	graphinity_ddg_median	graphinity_ddg_mean	graphinity_ddg_stdev	repeat_count
20_to_20H5	DA1E	-0.7217638594644291	0.9969897270202636	1.0215359926223755	0.11344728014664236	3
20_to_20H5	RA26G	-0.7217638594644291	0.3354361951351166	0.3424716492493947	0.016966287991838223	3
20_to_20H5	DA103E	-0.7217638594644291	-0.3630503416061401	-0.3637000620365143	0.01353672331863844	3
30_to_30H2	HA1E	0.5786630122146004	-0.0190890729427337	-0.022655278444290133	0.020283778984203225	3
30_to_30H2	SA28T	0.5786630122146004	-0.1101962178945541	-0.15415175259113315	0.2313202729829092	3
30_to_30H2	YA29F	0.5786630122146004	-0.465974360704422	-0.47016411026318866	0.00779700967048613	3
39_to_39H2	RA26G	-0.0034149082992686	0.0681622922420501	0.0681622922420501	0.0	3
39_to_39H4	RA26G	-0.2176822566145265	0.0681622922420501	0.0681622922420501	0.0	3
151_to_151H8	HA1E		-0.4998673498630523	-0.4423169394334157	0.10110150125686544	3
