model,baseline,haddock_rank,haddock_score,hotspot_overlap_count,align_rmsd_A,total_vhh_pvrl2_atom_occlusion,total_vhh_pvrl2_residue_pair_occlusion,total_vhh_pvrl2_atom_clash,total_vhh_pvrl2_residue_pair_clash,cdr3_atom_occlusion,cdr3_atom_occlusion_fraction,cdr3_residue_pair_occlusion,cdr3_residue_pair_occlusion_fraction,cdr3_atom_clash,cdr3_residue_pair_clash,cdr3_vhh_residue_count,cdr3_pvrl2_residue_count,cdr12_atom_occlusion,cdr12_residue_pair_occlusion,framework_atom_occlusion,framework_residue_pair_occlusion,framework_residue_pair_occlusion_fraction
cluster_1_model_1,8x6b,1,,20,0.427,9076,739,1614,264,1674,0.18444248567650948,122,0.16508795669824086,348,49,13,34,1227,96,6175,521,0.7050067658998647
cluster_1_model_2,8x6b,2,,21,0.524,9414,777,1745,294,1765,0.1874867219035479,127,0.16344916344916344,355,57,13,37,1219,98,6430,552,0.7104247104247104
cluster_1_model_3,8x6b,3,,21,0.523,9376,768,1726,296,1783,0.19016638225255972,128,0.16666666666666666,353,52,13,38,1169,95,6424,545,0.7096354166666666
cluster_1_model_4,8x6b,6,,18,0.478,8608,735,1585,257,1692,0.19656133828996283,120,0.16326530612244897,334,52,13,36,1597,128,5319,487,0.6625850340136055
cluster_2_model_1,8x6b,4,,16,0.470,8544,695,1510,267,2056,0.2406367041198502,143,0.20575539568345325,375,56,13,49,1128,87,5360,465,0.6690647482014388
cluster_3_model_1,8x6b,5,,14,0.524,8493,687,1452,269,1501,0.1767337807606264,112,0.16302765647743814,285,46,13,34,1679,131,5313,444,0.6462882096069869
cluster_4_model_1,8x6b,7,,18,0.571,8596,743,1559,261,2006,0.23336435551419266,148,0.19919246298788695,394,56,13,50,1194,99,5396,496,0.6675639300134589
cluster_4_model_2,8x6b,8,,17,0.556,8769,735,1561,276,2023,0.2306990534838636,140,0.19047619047619047,382,58,13,46,1242,104,5504,491,0.6680272108843538
