{
  "abnativ_vhh_score_pass_only": {
    "max": 0.9497506082953361,
    "mean": 0.7907436939266486,
    "median": 0.7987110964677548,
    "min": 0.4550882584309087,
    "q05": 0.6669829010821574,
    "q95": 0.8876514703842252
  },
  "na_reason_counts": {
    "AHO_INSERTION_UNSUPPORTED": 332
  },
  "output": "/publicfs04/fs04-al/home/als001821/pvrig_bxcpu_model_runtime_v1_20260721/pvrig1m_cpu700k_replacement_reserve12124_prefilter_v1_20260722/aggregated/finalize_11939795/abnativ_all.tsv.gz",
  "output_sha256": "f5c17ec4b0d7886fed165f24b4b70aa76469d37596f8ac4ec893b98daee1f4e0",
  "records": 12124,
  "scientific_boundary": "VHH nativeness/developability proxy; not measured expression or purity",
  "status": "PASS",
  "status_counts": {
    "NA": 332,
    "PASS": 11792
  },
  "tasks": 4
}
