model,baseline,haddock_rank,haddock_score,hotspot_overlap_count,align_rmsd_A,total_vhh_pvrl2_atom_occlusion,total_vhh_pvrl2_residue_pair_occlusion,total_vhh_pvrl2_atom_clash,total_vhh_pvrl2_residue_pair_clash,cdr3_atom_occlusion,cdr3_atom_occlusion_fraction,cdr3_residue_pair_occlusion,cdr3_residue_pair_occlusion_fraction,cdr3_atom_clash,cdr3_residue_pair_clash,cdr3_vhh_residue_count,cdr3_pvrl2_residue_count,cdr12_atom_occlusion,cdr12_residue_pair_occlusion,framework_atom_occlusion,framework_residue_pair_occlusion,framework_residue_pair_occlusion_fraction
cluster_1_model_1,9e6y,1,,13,0.672,8308,688,1457,248,1891,0.22761194029850745,129,0.1875,331,56,12,48,940,66,5477,493,0.7165697674418605
cluster_1_model_2,9e6y,2,,12,0.645,9372,764,1754,274,1919,0.20475885616730688,133,0.17408376963350786,355,53,12,45,1322,87,6131,544,0.7120418848167539
cluster_1_model_3,9e6y,3,,12,0.579,7628,612,1342,232,1892,0.24803356056633455,129,0.2107843137254902,331,55,12,45,763,50,4973,433,0.7075163398692811
cluster_1_model_4,9e6y,4,,14,0.622,8745,699,1538,273,1816,0.20766152086906803,128,0.18311874105865522,375,56,12,41,982,67,5947,504,0.721030042918455
cluster_2_model_1,9e6y,5,,10,0.517,9739,852,1730,294,1855,0.1904713009549235,146,0.17136150234741784,331,50,12,51,1491,121,6393,585,0.6866197183098591
cluster_3_model_1,9e6y,6,,11,0.560,7500,613,1403,217,1411,0.18813333333333335,106,0.1729200652528548,275,42,12,35,1118,67,4971,440,0.7177814029363785
cluster_4_model_1,9e6y,7,,10,0.650,7539,651,1404,227,1160,0.15386656055179732,78,0.11981566820276497,227,33,12,22,1727,148,4652,425,0.65284178187404
cluster_4_model_2,9e6y,8,,12,0.617,7723,647,1389,241,1159,0.15007121584876343,76,0.11746522411128284,206,31,12,25,1573,130,4991,441,0.6816074188562596
cluster_5_model_1,9e6y,9,,10,0.606,7805,665,1392,238,1337,0.17130044843049327,96,0.1443609022556391,229,42,12,30,1688,135,4780,434,0.6526315789473685
