candidate_id_a	submission_id_a	competition_rank_a	candidate_id_b	submission_id_b	competition_rank_b	weighted_jaccard_contact_similarity
NODE1GEN_112448_source_rfantibody_source_id_PVRIG_RFAb_v2_P5_qkg_L_bb355_mpn01_arm_P5_qkg_L_backbone_P5_qkg_L_bb355_status_NEEDS_RF2_AND_DOCKING	PVRIG_CAND_001	1	NODE1GEN_229102_source_fixed_pose_mpnn_source_id_P500K__FIXED_POSE_MPNN__2F90E7DCCA05F9E4	PVRIG_CAND_002	2	0.790576
NODE1GEN_112448_source_rfantibody_source_id_PVRIG_RFAb_v2_P5_qkg_L_bb355_mpn01_arm_P5_qkg_L_backbone_P5_qkg_L_bb355_status_NEEDS_RF2_AND_DOCKING	PVRIG_CAND_001	1	P1MCPUFP__CPUFP500K_0188__00519	PVRIG_CAND_003	3	0.719577
NODE1GEN_112448_source_rfantibody_source_id_PVRIG_RFAb_v2_P5_qkg_L_bb355_mpn01_arm_P5_qkg_L_backbone_P5_qkg_L_bb355_status_NEEDS_RF2_AND_DOCKING	PVRIG_CAND_001	1	NODE1GEN_181778_source_fixed_pose_mpnn_source_id_P500K__FIXED_POSE_MPNN__8EDA6734F7A8BD2C	PVRIG_CAND_004	4	0.779570
NODE1GEN_112448_source_rfantibody_source_id_PVRIG_RFAb_v2_P5_qkg_L_bb355_mpn01_arm_P5_qkg_L_backbone_P5_qkg_L_bb355_status_NEEDS_RF2_AND_DOCKING	PVRIG_CAND_001	1	NODE1GEN_256613_source_fixed_pose_mpnn_source_id_P500K__FIXED_POSE_MPNN__0A1B353F72DFABBD	PVRIG_CAND_005	5	0.773399
NODE1GEN_112448_source_rfantibody_source_id_PVRIG_RFAb_v2_P5_qkg_L_bb355_mpn01_arm_P5_qkg_L_backbone_P5_qkg_L_bb355_status_NEEDS_RF2_AND_DOCKING	PVRIG_CAND_001	1	NODE1GEN_183154_source_fixed_pose_mpnn_source_id_P500K__FIXED_POSE_MPNN__E25C2338B83B903C	PVRIG_CAND_006	6	0.681818
NODE1GEN_112448_source_rfantibody_source_id_PVRIG_RFAb_v2_P5_qkg_L_bb355_mpn01_arm_P5_qkg_L_backbone_P5_qkg_L_bb355_status_NEEDS_RF2_AND_DOCKING	PVRIG_CAND_001	1	P1MCPUFP__CPUFP500K_0100__00188	PVRIG_CAND_007	7	0.813187
NODE1GEN_112448_source_rfantibody_source_id_PVRIG_RFAb_v2_P5_qkg_L_bb355_mpn01_arm_P5_qkg_L_backbone_P5_qkg_L_bb355_status_NEEDS_RF2_AND_DOCKING	PVRIG_CAND_001	1	P1MCPUFP__CPUFP500K_0002__00919	PVRIG_CAND_008	8	0.802198
NODE1GEN_112448_source_rfantibody_source_id_PVRIG_RFAb_v2_P5_qkg_L_bb355_mpn01_arm_P5_qkg_L_backbone_P5_qkg_L_bb355_status_NEEDS_RF2_AND_DOCKING	PVRIG_CAND_001	1	P1MCPUFP__CPUFP500K_0288__00659	PVRIG_CAND_009	9	0.864407
NODE1GEN_112448_source_rfantibody_source_id_PVRIG_RFAb_v2_P5_qkg_L_bb355_mpn01_arm_P5_qkg_L_backbone_P5_qkg_L_bb355_status_NEEDS_RF2_AND_DOCKING	PVRIG_CAND_001	1	P1MCPUFP__CPUFP500K_0100__00092	PVRIG_CAND_010	10	0.682927
NODE1GEN_112448_source_rfantibody_source_id_PVRIG_RFAb_v2_P5_qkg_L_bb355_mpn01_arm_P5_qkg_L_backbone_P5_qkg_L_bb355_status_NEEDS_RF2_AND_DOCKING	PVRIG_CAND_001	1	NODE1GEN_154595_source_fixed_pose_mpnn_source_id_P500K__FIXED_POSE_MPNN__9B999365EA60CCE9	PVRIG_CAND_011	11	0.581081
NODE1GEN_112448_source_rfantibody_source_id_PVRIG_RFAb_v2_P5_qkg_L_bb355_mpn01_arm_P5_qkg_L_backbone_P5_qkg_L_bb355_status_NEEDS_RF2_AND_DOCKING	PVRIG_CAND_001	1	P1MCPUFP__CPUFP500K_0188__00282	PVRIG_CAND_012	12	0.750000
NODE1GEN_112448_source_rfantibody_source_id_PVRIG_RFAb_v2_P5_qkg_L_bb355_mpn01_arm_P5_qkg_L_backbone_P5_qkg_L_bb355_status_NEEDS_RF2_AND_DOCKING	PVRIG_CAND_001	1	NODE1GEN_191476_source_fixed_pose_mpnn_source_id_P500K__FIXED_POSE_MPNN__310934EF4B70CA47	PVRIG_CAND_013	13	0.878453
NODE1GEN_112448_source_rfantibody_source_id_PVRIG_RFAb_v2_P5_qkg_L_bb355_mpn01_arm_P5_qkg_L_backbone_P5_qkg_L_bb355_status_NEEDS_RF2_AND_DOCKING	PVRIG_CAND_001	1	P1MCPUFP__CPUFP500K_0090__00532	PVRIG_CAND_014	14	0.782857
NODE1GEN_112448_source_rfantibody_source_id_PVRIG_RFAb_v2_P5_qkg_L_bb355_mpn01_arm_P5_qkg_L_backbone_P5_qkg_L_bb355_status_NEEDS_RF2_AND_DOCKING	PVRIG_CAND_001	1	NODE1GEN_177961_source_fixed_pose_mpnn_source_id_P500K__FIXED_POSE_MPNN__8431DA62B813A913	PVRIG_CAND_015	15	0.733668
NODE1GEN_112448_source_rfantibody_source_id_PVRIG_RFAb_v2_P5_qkg_L_bb355_mpn01_arm_P5_qkg_L_backbone_P5_qkg_L_bb355_status_NEEDS_RF2_AND_DOCKING	PVRIG_CAND_001	1	NODE1GEN_206644_source_fixed_pose_mpnn_source_id_P500K__FIXED_POSE_MPNN__53F648E960398F2F	PVRIG_CAND_016	16	0.798969
NODE1GEN_112448_source_rfantibody_source_id_PVRIG_RFAb_v2_P5_qkg_L_bb355_mpn01_arm_P5_qkg_L_backbone_P5_qkg_L_bb355_status_NEEDS_RF2_AND_DOCKING	PVRIG_CAND_001	1	P1MCPUFP__CPUFP500K_0287__00804	PVRIG_CAND_017	17	0.762712
NODE1GEN_112448_source_rfantibody_source_id_PVRIG_RFAb_v2_P5_qkg_L_bb355_mpn01_arm_P5_qkg_L_backbone_P5_qkg_L_bb355_status_NEEDS_RF2_AND_DOCKING	PVRIG_CAND_001	1	NODE1GEN_127352_source_rfantibody_source_id_PVRIG_RFAb_v2_P6_ekg_L_bb203_mpn04_arm_P6_ekg_L_backbone_P6_ekg_L_bb203_status_NEEDS_RF2_AND_DOCKING	PVRIG_CAND_018	18	0.698324
NODE1GEN_112448_source_rfantibody_source_id_PVRIG_RFAb_v2_P5_qkg_L_bb355_mpn01_arm_P5_qkg_L_backbone_P5_qkg_L_bb355_status_NEEDS_RF2_AND_DOCKING	PVRIG_CAND_001	1	P1MCPUFP__CPUFP500K_0089__00735	PVRIG_CAND_019	19	0.797872
NODE1GEN_112448_source_rfantibody_source_id_PVRIG_RFAb_v2_P5_qkg_L_bb355_mpn01_arm_P5_qkg_L_backbone_P5_qkg_L_bb355_status_NEEDS_RF2_AND_DOCKING	PVRIG_CAND_001	1	NODE1GEN_258472_source_fixed_pose_mpnn_source_id_P500K__FIXED_POSE_MPNN__2E2B33208D567583	PVRIG_CAND_020	20	0.714286
NODE1GEN_112448_source_rfantibody_source_id_PVRIG_RFAb_v2_P5_qkg_L_bb355_mpn01_arm_P5_qkg_L_backbone_P5_qkg_L_bb355_status_NEEDS_RF2_AND_DOCKING	PVRIG_CAND_001	1	P1MCPUFP__CPUFP500K_0299__00780	PVRIG_CAND_021	21	0.801105
NODE1GEN_112448_source_rfantibody_source_id_PVRIG_RFAb_v2_P5_qkg_L_bb355_mpn01_arm_P5_qkg_L_backbone_P5_qkg_L_bb355_status_NEEDS_RF2_AND_DOCKING	PVRIG_CAND_001	1	P1MCPUFP__CPUFP500K_0189__00858	PVRIG_CAND_022	22	0.776596
NODE1GEN_112448_source_rfantibody_source_id_PVRIG_RFAb_v2_P5_qkg_L_bb355_mpn01_arm_P5_qkg_L_backbone_P5_qkg_L_bb355_status_NEEDS_RF2_AND_DOCKING	PVRIG_CAND_001	1	NODE1GEN_174576_source_fixed_pose_mpnn_source_id_P500K__FIXED_POSE_MPNN__D5384A7F42146722	PVRIG_CAND_023	23	0.518692
NODE1GEN_112448_source_rfantibody_source_id_PVRIG_RFAb_v2_P5_qkg_L_bb355_mpn01_arm_P5_qkg_L_backbone_P5_qkg_L_bb355_status_NEEDS_RF2_AND_DOCKING	PVRIG_CAND_001	1	NODE1GEN_002130_source_rfantibody_source_id_PVRIG_RFAb_v2_P1_ekg_L_bb177_mpn10_arm_P1_ekg_L_backbone_P1_ekg_L_bb177_status_NEEDS_RF2_AND_DOCKING	PVRIG_CAND_024	24	0.835294
NODE1GEN_112448_source_rfantibody_source_id_PVRIG_RFAb_v2_P5_qkg_L_bb355_mpn01_arm_P5_qkg_L_backbone_P5_qkg_L_bb355_status_NEEDS_RF2_AND_DOCKING	PVRIG_CAND_001	1	P1MCPUFP__CPUFP500K_0380__00771	PVRIG_CAND_025	25	0.765363
NODE1GEN_112448_source_rfantibody_source_id_PVRIG_RFAb_v2_P5_qkg_L_bb355_mpn01_arm_P5_qkg_L_backbone_P5_qkg_L_bb355_status_NEEDS_RF2_AND_DOCKING	PVRIG_CAND_001	1	NODE1GEN_217675_source_fixed_pose_mpnn_source_id_P500K__FIXED_POSE_MPNN__68DDB4A6D7CBCA89	PVRIG_CAND_026	26	0.786885
NODE1GEN_112448_source_rfantibody_source_id_PVRIG_RFAb_v2_P5_qkg_L_bb355_mpn01_arm_P5_qkg_L_backbone_P5_qkg_L_bb355_status_NEEDS_RF2_AND_DOCKING	PVRIG_CAND_001	1	P1MCPUFP__CPUFP500K_0404__00029	PVRIG_CAND_027	27	0.783069
NODE1GEN_112448_source_rfantibody_source_id_PVRIG_RFAb_v2_P5_qkg_L_bb355_mpn01_arm_P5_qkg_L_backbone_P5_qkg_L_bb355_status_NEEDS_RF2_AND_DOCKING	PVRIG_CAND_001	1	P1MCPUFP__CPUFP500K_0188__00549	PVRIG_CAND_028	28	0.811518
NODE1GEN_112448_source_rfantibody_source_id_PVRIG_RFAb_v2_P5_qkg_L_bb355_mpn01_arm_P5_qkg_L_backbone_P5_qkg_L_bb355_status_NEEDS_RF2_AND_DOCKING	PVRIG_CAND_001	1	P1MCPUFP__CPUFP500K_0188__00481	PVRIG_CAND_029	29	0.832432
NODE1GEN_112448_source_rfantibody_source_id_PVRIG_RFAb_v2_P5_qkg_L_bb355_mpn01_arm_P5_qkg_L_backbone_P5_qkg_L_bb355_status_NEEDS_RF2_AND_DOCKING	PVRIG_CAND_001	1	NODE1GEN_182669_source_fixed_pose_mpnn_source_id_P500K__FIXED_POSE_MPNN__D4BBD3AB583903E7	PVRIG_CAND_030	30	0.755435
NODE1GEN_112448_source_rfantibody_source_id_PVRIG_RFAb_v2_P5_qkg_L_bb355_mpn01_arm_P5_qkg_L_backbone_P5_qkg_L_bb355_status_NEEDS_RF2_AND_DOCKING	PVRIG_CAND_001	1	NODE1GEN_128014_source_rfantibody_source_id_PVRIG_RFAb_v2_P6_ekg_L_bb258_mpn01_arm_P6_ekg_L_backbone_P6_ekg_L_bb258_status_NEEDS_RF2_AND_DOCKING	PVRIG_CAND_031	31	0.827027
NODE1GEN_112448_source_rfantibody_source_id_PVRIG_RFAb_v2_P5_qkg_L_bb355_mpn01_arm_P5_qkg_L_backbone_P5_qkg_L_bb355_status_NEEDS_RF2_AND_DOCKING	PVRIG_CAND_001	1	NODE1GEN_218195_source_fixed_pose_mpnn_source_id_P500K__FIXED_POSE_MPNN__A6B62FDDBC1A99BE	PVRIG_CAND_032	32	0.831461
NODE1GEN_112448_source_rfantibody_source_id_PVRIG_RFAb_v2_P5_qkg_L_bb355_mpn01_arm_P5_qkg_L_backbone_P5_qkg_L_bb355_status_NEEDS_RF2_AND_DOCKING	PVRIG_CAND_001	1	NODE1GEN_195165_source_fixed_pose_mpnn_source_id_P500K__FIXED_POSE_MPNN__499D245F888E5DC4	PVRIG_CAND_033	33	0.804348
NODE1GEN_112448_source_rfantibody_source_id_PVRIG_RFAb_v2_P5_qkg_L_bb355_mpn01_arm_P5_qkg_L_backbone_P5_qkg_L_bb355_status_NEEDS_RF2_AND_DOCKING	PVRIG_CAND_001	1	NODE1GEN_235318_source_fixed_pose_mpnn_source_id_P500K__FIXED_POSE_MPNN__B52C2EC7CC64BFED	PVRIG_CAND_034	34	0.755208
NODE1GEN_112448_source_rfantibody_source_id_PVRIG_RFAb_v2_P5_qkg_L_bb355_mpn01_arm_P5_qkg_L_backbone_P5_qkg_L_bb355_status_NEEDS_RF2_AND_DOCKING	PVRIG_CAND_001	1	NODE1GEN_076816_source_rfantibody_source_id_PVRIG_RFAb_v2_P4_ekg_L_bb155_mpn03_arm_P4_ekg_L_backbone_P4_ekg_L_bb155_status_NEEDS_RF2_AND_DOCKING	PVRIG_CAND_035	35	0.823204
NODE1GEN_112448_source_rfantibody_source_id_PVRIG_RFAb_v2_P5_qkg_L_bb355_mpn01_arm_P5_qkg_L_backbone_P5_qkg_L_bb355_status_NEEDS_RF2_AND_DOCKING	PVRIG_CAND_001	1	NODE1GEN_136300_source_rfantibody_source_id_PVRIG_RFAb_v2_P6_qkg_L_bb255_mpn02_arm_P6_qkg_L_backbone_P6_qkg_L_bb255_status_NEEDS_RF2_AND_DOCKING	PVRIG_CAND_036	36	0.781250
NODE1GEN_112448_source_rfantibody_source_id_PVRIG_RFAb_v2_P5_qkg_L_bb355_mpn01_arm_P5_qkg_L_backbone_P5_qkg_L_bb355_status_NEEDS_RF2_AND_DOCKING	PVRIG_CAND_001	1	NODE1GEN_095824_source_rfantibody_source_id_PVRIG_RFAb_v2_P4_qrg_L_bb358_mpn04_arm_P4_qrg_L_backbone_P4_qrg_L_bb358_status_NEEDS_RF2_AND_DOCKING	PVRIG_CAND_037	37	0.703883
NODE1GEN_112448_source_rfantibody_source_id_PVRIG_RFAb_v2_P5_qkg_L_bb355_mpn01_arm_P5_qkg_L_backbone_P5_qkg_L_bb355_status_NEEDS_RF2_AND_DOCKING	PVRIG_CAND_001	1	NODE1GEN_017313_source_rfantibody_source_id_PVRIG_RFAb_v2_P1_qrg_L_bb054_mpn00_arm_P1_qrg_L_backbone_P1_qrg_L_bb054_status_NEEDS_RF2_AND_DOCKING	PVRIG_CAND_038	38	0.824176
NODE1GEN_112448_source_rfantibody_source_id_PVRIG_RFAb_v2_P5_qkg_L_bb355_mpn01_arm_P5_qkg_L_backbone_P5_qkg_L_bb355_status_NEEDS_RF2_AND_DOCKING	PVRIG_CAND_001	1	NODE1GEN_109783_source_rfantibody_source_id_PVRIG_RFAb_v2_P5_qkg_L_bb121_mpn06_arm_P5_qkg_L_backbone_P5_qkg_L_bb121_status_NEEDS_RF2_AND_DOCKING	PVRIG_CAND_039	39	0.739362
NODE1GEN_112448_source_rfantibody_source_id_PVRIG_RFAb_v2_P5_qkg_L_bb355_mpn01_arm_P5_qkg_L_backbone_P5_qkg_L_bb355_status_NEEDS_RF2_AND_DOCKING	PVRIG_CAND_001	1	NODE1GEN_100102_source_rfantibody_source_id_PVRIG_RFAb_v2_P5_ekg_L_bb007_mpn10_arm_P5_ekg_L_backbone_P5_ekg_L_bb007_status_NEEDS_RF2_AND_DOCKING	PVRIG_CAND_040	40	0.826590
NODE1GEN_112448_source_rfantibody_source_id_PVRIG_RFAb_v2_P5_qkg_L_bb355_mpn01_arm_P5_qkg_L_backbone_P5_qkg_L_bb355_status_NEEDS_RF2_AND_DOCKING	PVRIG_CAND_001	1	NODE1GEN_109883_source_rfantibody_source_id_PVRIG_RFAb_v2_P5_qkg_L_bb130_mpn02_arm_P5_qkg_L_backbone_P5_qkg_L_bb130_status_NEEDS_RF2_AND_DOCKING	PVRIG_CAND_041	41	0.744444
NODE1GEN_112448_source_rfantibody_source_id_PVRIG_RFAb_v2_P5_qkg_L_bb355_mpn01_arm_P5_qkg_L_backbone_P5_qkg_L_bb355_status_NEEDS_RF2_AND_DOCKING	PVRIG_CAND_001	1	P1MCPUFP__CPUFP500K_0030__00860	PVRIG_CAND_042	42	0.650794
NODE1GEN_112448_source_rfantibody_source_id_PVRIG_RFAb_v2_P5_qkg_L_bb355_mpn01_arm_P5_qkg_L_backbone_P5_qkg_L_bb355_status_NEEDS_RF2_AND_DOCKING	PVRIG_CAND_001	1	P1MCPUFP__CPUFP500K_0029__00647	PVRIG_CAND_043	43	0.715847
NODE1GEN_112448_source_rfantibody_source_id_PVRIG_RFAb_v2_P5_qkg_L_bb355_mpn01_arm_P5_qkg_L_backbone_P5_qkg_L_bb355_status_NEEDS_RF2_AND_DOCKING	PVRIG_CAND_001	1	P1MCPUFP__CPUFP500K_0090__00860	PVRIG_CAND_044	44	0.705882
NODE1GEN_112448_source_rfantibody_source_id_PVRIG_RFAb_v2_P5_qkg_L_bb355_mpn01_arm_P5_qkg_L_backbone_P5_qkg_L_bb355_status_NEEDS_RF2_AND_DOCKING	PVRIG_CAND_001	1	P1MCPUFP__CPUFP500K_0289__00496	PVRIG_CAND_045	45	0.725888
NODE1GEN_112448_source_rfantibody_source_id_PVRIG_RFAb_v2_P5_qkg_L_bb355_mpn01_arm_P5_qkg_L_backbone_P5_qkg_L_bb355_status_NEEDS_RF2_AND_DOCKING	PVRIG_CAND_001	1	P1MCPUFP__CPUFP500K_0091__00849	PVRIG_CAND_046	46	0.793478
NODE1GEN_112448_source_rfantibody_source_id_PVRIG_RFAb_v2_P5_qkg_L_bb355_mpn01_arm_P5_qkg_L_backbone_P5_qkg_L_bb355_status_NEEDS_RF2_AND_DOCKING	PVRIG_CAND_001	1	P1MCPUFP__CPUFP500K_0388__00174	PVRIG_CAND_047	47	0.850000
NODE1GEN_112448_source_rfantibody_source_id_PVRIG_RFAb_v2_P5_qkg_L_bb355_mpn01_arm_P5_qkg_L_backbone_P5_qkg_L_bb355_status_NEEDS_RF2_AND_DOCKING	PVRIG_CAND_001	1	P1MCPUFP__CPUFP500K_0487__00827	PVRIG_CAND_048	48	0.849711
NODE1GEN_112448_source_rfantibody_source_id_PVRIG_RFAb_v2_P5_qkg_L_bb355_mpn01_arm_P5_qkg_L_backbone_P5_qkg_L_bb355_status_NEEDS_RF2_AND_DOCKING	PVRIG_CAND_001	1	P1MCPUFP__CPUFP500K_0188__00645	PVRIG_CAND_049	49	0.820652
NODE1GEN_112448_source_rfantibody_source_id_PVRIG_RFAb_v2_P5_qkg_L_bb355_mpn01_arm_P5_qkg_L_backbone_P5_qkg_L_bb355_status_NEEDS_RF2_AND_DOCKING	PVRIG_CAND_001	1	NODE1GEN_128929_source_rfantibody_source_id_PVRIG_RFAb_v2_P6_ekg_L_bb339_mpn06_arm_P6_ekg_L_backbone_P6_ekg_L_bb339_status_NEEDS_RF2_AND_DOCKING	PVRIG_CAND_050	50	0.703125
NODE1GEN_229102_source_fixed_pose_mpnn_source_id_P500K__FIXED_POSE_MPNN__2F90E7DCCA05F9E4	PVRIG_CAND_002	2	P1MCPUFP__CPUFP500K_0188__00519	PVRIG_CAND_003	3	0.589623
NODE1GEN_229102_source_fixed_pose_mpnn_source_id_P500K__FIXED_POSE_MPNN__2F90E7DCCA05F9E4	PVRIG_CAND_002	2	NODE1GEN_181778_source_fixed_pose_mpnn_source_id_P500K__FIXED_POSE_MPNN__8EDA6734F7A8BD2C	PVRIG_CAND_004	4	0.750000
NODE1GEN_229102_source_fixed_pose_mpnn_source_id_P500K__FIXED_POSE_MPNN__2F90E7DCCA05F9E4	PVRIG_CAND_002	2	NODE1GEN_256613_source_fixed_pose_mpnn_source_id_P500K__FIXED_POSE_MPNN__0A1B353F72DFABBD	PVRIG_CAND_005	5	0.746479
NODE1GEN_229102_source_fixed_pose_mpnn_source_id_P500K__FIXED_POSE_MPNN__2F90E7DCCA05F9E4	PVRIG_CAND_002	2	NODE1GEN_183154_source_fixed_pose_mpnn_source_id_P500K__FIXED_POSE_MPNN__E25C2338B83B903C	PVRIG_CAND_006	6	0.675439
NODE1GEN_229102_source_fixed_pose_mpnn_source_id_P500K__FIXED_POSE_MPNN__2F90E7DCCA05F9E4	PVRIG_CAND_002	2	P1MCPUFP__CPUFP500K_0100__00188	PVRIG_CAND_007	7	0.668293
NODE1GEN_229102_source_fixed_pose_mpnn_source_id_P500K__FIXED_POSE_MPNN__2F90E7DCCA05F9E4	PVRIG_CAND_002	2	P1MCPUFP__CPUFP500K_0002__00919	PVRIG_CAND_008	8	0.708543
NODE1GEN_229102_source_fixed_pose_mpnn_source_id_P500K__FIXED_POSE_MPNN__2F90E7DCCA05F9E4	PVRIG_CAND_002	2	P1MCPUFP__CPUFP500K_0288__00659	PVRIG_CAND_009	9	0.800000
NODE1GEN_229102_source_fixed_pose_mpnn_source_id_P500K__FIXED_POSE_MPNN__2F90E7DCCA05F9E4	PVRIG_CAND_002	2	P1MCPUFP__CPUFP500K_0100__00092	PVRIG_CAND_010	10	0.758621
NODE1GEN_229102_source_fixed_pose_mpnn_source_id_P500K__FIXED_POSE_MPNN__2F90E7DCCA05F9E4	PVRIG_CAND_002	2	NODE1GEN_154595_source_fixed_pose_mpnn_source_id_P500K__FIXED_POSE_MPNN__9B999365EA60CCE9	PVRIG_CAND_011	11	0.680556
NODE1GEN_229102_source_fixed_pose_mpnn_source_id_P500K__FIXED_POSE_MPNN__2F90E7DCCA05F9E4	PVRIG_CAND_002	2	P1MCPUFP__CPUFP500K_0188__00282	PVRIG_CAND_012	12	0.593458
NODE1GEN_229102_source_fixed_pose_mpnn_source_id_P500K__FIXED_POSE_MPNN__2F90E7DCCA05F9E4	PVRIG_CAND_002	2	NODE1GEN_191476_source_fixed_pose_mpnn_source_id_P500K__FIXED_POSE_MPNN__310934EF4B70CA47	PVRIG_CAND_013	13	0.786802
NODE1GEN_229102_source_fixed_pose_mpnn_source_id_P500K__FIXED_POSE_MPNN__2F90E7DCCA05F9E4	PVRIG_CAND_002	2	P1MCPUFP__CPUFP500K_0090__00532	PVRIG_CAND_014	14	0.687500
NODE1GEN_229102_source_fixed_pose_mpnn_source_id_P500K__FIXED_POSE_MPNN__2F90E7DCCA05F9E4	PVRIG_CAND_002	2	NODE1GEN_177961_source_fixed_pose_mpnn_source_id_P500K__FIXED_POSE_MPNN__8431DA62B813A913	PVRIG_CAND_015	15	0.645161
NODE1GEN_229102_source_fixed_pose_mpnn_source_id_P500K__FIXED_POSE_MPNN__2F90E7DCCA05F9E4	PVRIG_CAND_002	2	NODE1GEN_206644_source_fixed_pose_mpnn_source_id_P500K__FIXED_POSE_MPNN__53F648E960398F2F	PVRIG_CAND_016	16	0.702830
NODE1GEN_229102_source_fixed_pose_mpnn_source_id_P500K__FIXED_POSE_MPNN__2F90E7DCCA05F9E4	PVRIG_CAND_002	2	P1MCPUFP__CPUFP500K_0287__00804	PVRIG_CAND_017	17	0.628141
NODE1GEN_229102_source_fixed_pose_mpnn_source_id_P500K__FIXED_POSE_MPNN__2F90E7DCCA05F9E4	PVRIG_CAND_002	2	NODE1GEN_127352_source_rfantibody_source_id_PVRIG_RFAb_v2_P6_ekg_L_bb203_mpn04_arm_P6_ekg_L_backbone_P6_ekg_L_bb203_status_NEEDS_RF2_AND_DOCKING	PVRIG_CAND_018	18	0.628866
NODE1GEN_229102_source_fixed_pose_mpnn_source_id_P500K__FIXED_POSE_MPNN__2F90E7DCCA05F9E4	PVRIG_CAND_002	2	P1MCPUFP__CPUFP500K_0089__00735	PVRIG_CAND_019	19	0.690821
NODE1GEN_229102_source_fixed_pose_mpnn_source_id_P500K__FIXED_POSE_MPNN__2F90E7DCCA05F9E4	PVRIG_CAND_002	2	NODE1GEN_258472_source_fixed_pose_mpnn_source_id_P500K__FIXED_POSE_MPNN__2E2B33208D567583	PVRIG_CAND_020	20	0.607656
NODE1GEN_229102_source_fixed_pose_mpnn_source_id_P500K__FIXED_POSE_MPNN__2F90E7DCCA05F9E4	PVRIG_CAND_002	2	P1MCPUFP__CPUFP500K_0299__00780	PVRIG_CAND_021	21	0.690000
NODE1GEN_229102_source_fixed_pose_mpnn_source_id_P500K__FIXED_POSE_MPNN__2F90E7DCCA05F9E4	PVRIG_CAND_002	2	P1MCPUFP__CPUFP500K_0189__00858	PVRIG_CAND_022	22	0.647619
NODE1GEN_229102_source_fixed_pose_mpnn_source_id_P500K__FIXED_POSE_MPNN__2F90E7DCCA05F9E4	PVRIG_CAND_002	2	NODE1GEN_174576_source_fixed_pose_mpnn_source_id_P500K__FIXED_POSE_MPNN__D5384A7F42146722	PVRIG_CAND_023	23	0.404167
NODE1GEN_229102_source_fixed_pose_mpnn_source_id_P500K__FIXED_POSE_MPNN__2F90E7DCCA05F9E4	PVRIG_CAND_002	2	NODE1GEN_002130_source_rfantibody_source_id_PVRIG_RFAb_v2_P1_ekg_L_bb177_mpn10_arm_P1_ekg_L_backbone_P1_ekg_L_bb177_status_NEEDS_RF2_AND_DOCKING	PVRIG_CAND_024	24	0.670103
NODE1GEN_229102_source_fixed_pose_mpnn_source_id_P500K__FIXED_POSE_MPNN__2F90E7DCCA05F9E4	PVRIG_CAND_002	2	P1MCPUFP__CPUFP500K_0380__00771	PVRIG_CAND_025	25	0.822222
NODE1GEN_229102_source_fixed_pose_mpnn_source_id_P500K__FIXED_POSE_MPNN__2F90E7DCCA05F9E4	PVRIG_CAND_002	2	NODE1GEN_217675_source_fixed_pose_mpnn_source_id_P500K__FIXED_POSE_MPNN__68DDB4A6D7CBCA89	PVRIG_CAND_026	26	0.669951
NODE1GEN_229102_source_fixed_pose_mpnn_source_id_P500K__FIXED_POSE_MPNN__2F90E7DCCA05F9E4	PVRIG_CAND_002	2	P1MCPUFP__CPUFP500K_0404__00029	PVRIG_CAND_027	27	0.661905
NODE1GEN_229102_source_fixed_pose_mpnn_source_id_P500K__FIXED_POSE_MPNN__2F90E7DCCA05F9E4	PVRIG_CAND_002	2	P1MCPUFP__CPUFP500K_0188__00549	PVRIG_CAND_028	28	0.763547
NODE1GEN_229102_source_fixed_pose_mpnn_source_id_P500K__FIXED_POSE_MPNN__2F90E7DCCA05F9E4	PVRIG_CAND_002	2	P1MCPUFP__CPUFP500K_0188__00481	PVRIG_CAND_029	29	0.703883
NODE1GEN_229102_source_fixed_pose_mpnn_source_id_P500K__FIXED_POSE_MPNN__2F90E7DCCA05F9E4	PVRIG_CAND_002	2	NODE1GEN_182669_source_fixed_pose_mpnn_source_id_P500K__FIXED_POSE_MPNN__D4BBD3AB583903E7	PVRIG_CAND_030	30	0.618357
NODE1GEN_229102_source_fixed_pose_mpnn_source_id_P500K__FIXED_POSE_MPNN__2F90E7DCCA05F9E4	PVRIG_CAND_002	2	NODE1GEN_128014_source_rfantibody_source_id_PVRIG_RFAb_v2_P6_ekg_L_bb258_mpn01_arm_P6_ekg_L_backbone_P6_ekg_L_bb258_status_NEEDS_RF2_AND_DOCKING	PVRIG_CAND_031	31	0.724138
NODE1GEN_229102_source_fixed_pose_mpnn_source_id_P500K__FIXED_POSE_MPNN__2F90E7DCCA05F9E4	PVRIG_CAND_002	2	NODE1GEN_218195_source_fixed_pose_mpnn_source_id_P500K__FIXED_POSE_MPNN__A6B62FDDBC1A99BE	PVRIG_CAND_032	32	0.681592
NODE1GEN_229102_source_fixed_pose_mpnn_source_id_P500K__FIXED_POSE_MPNN__2F90E7DCCA05F9E4	PVRIG_CAND_002	2	NODE1GEN_195165_source_fixed_pose_mpnn_source_id_P500K__FIXED_POSE_MPNN__499D245F888E5DC4	PVRIG_CAND_033	33	0.720000
NODE1GEN_229102_source_fixed_pose_mpnn_source_id_P500K__FIXED_POSE_MPNN__2F90E7DCCA05F9E4	PVRIG_CAND_002	2	NODE1GEN_235318_source_fixed_pose_mpnn_source_id_P500K__FIXED_POSE_MPNN__B52C2EC7CC64BFED	PVRIG_CAND_034	34	0.836842
NODE1GEN_229102_source_fixed_pose_mpnn_source_id_P500K__FIXED_POSE_MPNN__2F90E7DCCA05F9E4	PVRIG_CAND_002	2	NODE1GEN_076816_source_rfantibody_source_id_PVRIG_RFAb_v2_P4_ekg_L_bb155_mpn03_arm_P4_ekg_L_backbone_P4_ekg_L_bb155_status_NEEDS_RF2_AND_DOCKING	PVRIG_CAND_035	35	0.762887
NODE1GEN_229102_source_fixed_pose_mpnn_source_id_P500K__FIXED_POSE_MPNN__2F90E7DCCA05F9E4	PVRIG_CAND_002	2	NODE1GEN_136300_source_rfantibody_source_id_PVRIG_RFAb_v2_P6_qkg_L_bb255_mpn02_arm_P6_qkg_L_backbone_P6_qkg_L_bb255_status_NEEDS_RF2_AND_DOCKING	PVRIG_CAND_036	36	0.693780
NODE1GEN_229102_source_fixed_pose_mpnn_source_id_P500K__FIXED_POSE_MPNN__2F90E7DCCA05F9E4	PVRIG_CAND_002	2	NODE1GEN_095824_source_rfantibody_source_id_PVRIG_RFAb_v2_P4_qrg_L_bb358_mpn04_arm_P4_qrg_L_backbone_P4_qrg_L_bb358_status_NEEDS_RF2_AND_DOCKING	PVRIG_CAND_037	37	0.627803
NODE1GEN_229102_source_fixed_pose_mpnn_source_id_P500K__FIXED_POSE_MPNN__2F90E7DCCA05F9E4	PVRIG_CAND_002	2	NODE1GEN_017313_source_rfantibody_source_id_PVRIG_RFAb_v2_P1_qrg_L_bb054_mpn00_arm_P1_qrg_L_backbone_P1_qrg_L_bb054_status_NEEDS_RF2_AND_DOCKING	PVRIG_CAND_038	38	0.720000
NODE1GEN_229102_source_fixed_pose_mpnn_source_id_P500K__FIXED_POSE_MPNN__2F90E7DCCA05F9E4	PVRIG_CAND_002	2	NODE1GEN_109783_source_rfantibody_source_id_PVRIG_RFAb_v2_P5_qkg_L_bb121_mpn06_arm_P5_qkg_L_backbone_P5_qkg_L_bb121_status_NEEDS_RF2_AND_DOCKING	PVRIG_CAND_039	39	0.622010
NODE1GEN_229102_source_fixed_pose_mpnn_source_id_P500K__FIXED_POSE_MPNN__2F90E7DCCA05F9E4	PVRIG_CAND_002	2	NODE1GEN_100102_source_rfantibody_source_id_PVRIG_RFAb_v2_P5_ekg_L_bb007_mpn10_arm_P5_ekg_L_backbone_P5_ekg_L_bb007_status_NEEDS_RF2_AND_DOCKING	PVRIG_CAND_040	40	0.772973
NODE1GEN_229102_source_fixed_pose_mpnn_source_id_P500K__FIXED_POSE_MPNN__2F90E7DCCA05F9E4	PVRIG_CAND_002	2	NODE1GEN_109883_source_rfantibody_source_id_PVRIG_RFAb_v2_P5_qkg_L_bb130_mpn02_arm_P5_qkg_L_backbone_P5_qkg_L_bb130_status_NEEDS_RF2_AND_DOCKING	PVRIG_CAND_041	41	0.638191
NODE1GEN_229102_source_fixed_pose_mpnn_source_id_P500K__FIXED_POSE_MPNN__2F90E7DCCA05F9E4	PVRIG_CAND_002	2	P1MCPUFP__CPUFP500K_0030__00860	PVRIG_CAND_042	42	0.557692
NODE1GEN_229102_source_fixed_pose_mpnn_source_id_P500K__FIXED_POSE_MPNN__2F90E7DCCA05F9E4	PVRIG_CAND_002	2	P1MCPUFP__CPUFP500K_0029__00647	PVRIG_CAND_043	43	0.671795
NODE1GEN_229102_source_fixed_pose_mpnn_source_id_P500K__FIXED_POSE_MPNN__2F90E7DCCA05F9E4	PVRIG_CAND_002	2	P1MCPUFP__CPUFP500K_0090__00860	PVRIG_CAND_044	44	0.732984
NODE1GEN_229102_source_fixed_pose_mpnn_source_id_P500K__FIXED_POSE_MPNN__2F90E7DCCA05F9E4	PVRIG_CAND_002	2	P1MCPUFP__CPUFP500K_0289__00496	PVRIG_CAND_045	45	0.852632
NODE1GEN_229102_source_fixed_pose_mpnn_source_id_P500K__FIXED_POSE_MPNN__2F90E7DCCA05F9E4	PVRIG_CAND_002	2	P1MCPUFP__CPUFP500K_0091__00849	PVRIG_CAND_046	46	0.701493
NODE1GEN_229102_source_fixed_pose_mpnn_source_id_P500K__FIXED_POSE_MPNN__2F90E7DCCA05F9E4	PVRIG_CAND_002	2	P1MCPUFP__CPUFP500K_0388__00174	PVRIG_CAND_047	47	0.751269
NODE1GEN_229102_source_fixed_pose_mpnn_source_id_P500K__FIXED_POSE_MPNN__2F90E7DCCA05F9E4	PVRIG_CAND_002	2	P1MCPUFP__CPUFP500K_0487__00827	PVRIG_CAND_048	48	0.711340
NODE1GEN_229102_source_fixed_pose_mpnn_source_id_P500K__FIXED_POSE_MPNN__2F90E7DCCA05F9E4	PVRIG_CAND_002	2	P1MCPUFP__CPUFP500K_0188__00645	PVRIG_CAND_049	49	0.735000
NODE1GEN_229102_source_fixed_pose_mpnn_source_id_P500K__FIXED_POSE_MPNN__2F90E7DCCA05F9E4	PVRIG_CAND_002	2	NODE1GEN_128929_source_rfantibody_source_id_PVRIG_RFAb_v2_P6_ekg_L_bb339_mpn06_arm_P6_ekg_L_backbone_P6_ekg_L_bb339_status_NEEDS_RF2_AND_DOCKING	PVRIG_CAND_050	50	0.622010
P1MCPUFP__CPUFP500K_0188__00519	PVRIG_CAND_003	3	NODE1GEN_181778_source_fixed_pose_mpnn_source_id_P500K__FIXED_POSE_MPNN__8EDA6734F7A8BD2C	PVRIG_CAND_004	4	0.621891
P1MCPUFP__CPUFP500K_0188__00519	PVRIG_CAND_003	3	NODE1GEN_256613_source_fixed_pose_mpnn_source_id_P500K__FIXED_POSE_MPNN__0A1B353F72DFABBD	PVRIG_CAND_005	5	0.714976
P1MCPUFP__CPUFP500K_0188__00519	PVRIG_CAND_003	3	NODE1GEN_183154_source_fixed_pose_mpnn_source_id_P500K__FIXED_POSE_MPNN__E25C2338B83B903C	PVRIG_CAND_006	6	0.586957
P1MCPUFP__CPUFP500K_0188__00519	PVRIG_CAND_003	3	P1MCPUFP__CPUFP500K_0100__00188	PVRIG_CAND_007	7	0.766304
P1MCPUFP__CPUFP500K_0188__00519	PVRIG_CAND_003	3	P1MCPUFP__CPUFP500K_0002__00919	PVRIG_CAND_008	8	0.794444
P1MCPUFP__CPUFP500K_0188__00519	PVRIG_CAND_003	3	P1MCPUFP__CPUFP500K_0288__00659	PVRIG_CAND_009	9	0.658163
P1MCPUFP__CPUFP500K_0188__00519	PVRIG_CAND_003	3	P1MCPUFP__CPUFP500K_0100__00092	PVRIG_CAND_010	10	0.574074
P1MCPUFP__CPUFP500K_0188__00519	PVRIG_CAND_003	3	NODE1GEN_154595_source_fixed_pose_mpnn_source_id_P500K__FIXED_POSE_MPNN__9B999365EA60CCE9	PVRIG_CAND_011	11	0.510917
P1MCPUFP__CPUFP500K_0188__00519	PVRIG_CAND_003	3	P1MCPUFP__CPUFP500K_0188__00282	PVRIG_CAND_012	12	0.760870
P1MCPUFP__CPUFP500K_0188__00519	PVRIG_CAND_003	3	NODE1GEN_191476_source_fixed_pose_mpnn_source_id_P500K__FIXED_POSE_MPNN__310934EF4B70CA47	PVRIG_CAND_013	13	0.700508
P1MCPUFP__CPUFP500K_0188__00519	PVRIG_CAND_003	3	P1MCPUFP__CPUFP500K_0090__00532	PVRIG_CAND_014	14	0.677596
P1MCPUFP__CPUFP500K_0188__00519	PVRIG_CAND_003	3	NODE1GEN_177961_source_fixed_pose_mpnn_source_id_P500K__FIXED_POSE_MPNN__8431DA62B813A913	PVRIG_CAND_015	15	0.752577
P1MCPUFP__CPUFP500K_0188__00519	PVRIG_CAND_003	3	NODE1GEN_206644_source_fixed_pose_mpnn_source_id_P500K__FIXED_POSE_MPNN__53F648E960398F2F	PVRIG_CAND_016	16	0.678049
P1MCPUFP__CPUFP500K_0188__00519	PVRIG_CAND_003	3	P1MCPUFP__CPUFP500K_0287__00804	PVRIG_CAND_017	17	0.784884
P1MCPUFP__CPUFP500K_0188__00519	PVRIG_CAND_003	3	NODE1GEN_127352_source_rfantibody_source_id_PVRIG_RFAb_v2_P6_ekg_L_bb203_mpn04_arm_P6_ekg_L_backbone_P6_ekg_L_bb203_status_NEEDS_RF2_AND_DOCKING	PVRIG_CAND_018	18	0.661111
P1MCPUFP__CPUFP500K_0188__00519	PVRIG_CAND_003	3	P1MCPUFP__CPUFP500K_0089__00735	PVRIG_CAND_019	19	0.790323
P1MCPUFP__CPUFP500K_0188__00519	PVRIG_CAND_003	3	NODE1GEN_258472_source_fixed_pose_mpnn_source_id_P500K__FIXED_POSE_MPNN__2E2B33208D567583	PVRIG_CAND_020	20	0.792135
P1MCPUFP__CPUFP500K_0188__00519	PVRIG_CAND_003	3	P1MCPUFP__CPUFP500K_0299__00780	PVRIG_CAND_021	21	0.735135
P1MCPUFP__CPUFP500K_0188__00519	PVRIG_CAND_003	3	P1MCPUFP__CPUFP500K_0189__00858	PVRIG_CAND_022	22	0.713542
P1MCPUFP__CPUFP500K_0188__00519	PVRIG_CAND_003	3	NODE1GEN_174576_source_fixed_pose_mpnn_source_id_P500K__FIXED_POSE_MPNN__D5384A7F42146722	PVRIG_CAND_023	23	0.584158
P1MCPUFP__CPUFP500K_0188__00519	PVRIG_CAND_003	3	NODE1GEN_002130_source_rfantibody_source_id_PVRIG_RFAb_v2_P1_ekg_L_bb177_mpn10_arm_P1_ekg_L_backbone_P1_ekg_L_bb177_status_NEEDS_RF2_AND_DOCKING	PVRIG_CAND_024	24	0.784884
P1MCPUFP__CPUFP500K_0188__00519	PVRIG_CAND_003	3	P1MCPUFP__CPUFP500K_0380__00771	PVRIG_CAND_025	25	0.594872
P1MCPUFP__CPUFP500K_0188__00519	PVRIG_CAND_003	3	NODE1GEN_217675_source_fixed_pose_mpnn_source_id_P500K__FIXED_POSE_MPNN__68DDB4A6D7CBCA89	PVRIG_CAND_026	26	0.808989
P1MCPUFP__CPUFP500K_0188__00519	PVRIG_CAND_003	3	P1MCPUFP__CPUFP500K_0404__00029	PVRIG_CAND_027	27	0.738220
P1MCPUFP__CPUFP500K_0188__00519	PVRIG_CAND_003	3	P1MCPUFP__CPUFP500K_0188__00549	PVRIG_CAND_028	28	0.696517
P1MCPUFP__CPUFP500K_0188__00519	PVRIG_CAND_003	3	P1MCPUFP__CPUFP500K_0188__00481	PVRIG_CAND_029	29	0.695431
P1MCPUFP__CPUFP500K_0188__00519	PVRIG_CAND_003	3	NODE1GEN_182669_source_fixed_pose_mpnn_source_id_P500K__FIXED_POSE_MPNN__D4BBD3AB583903E7	PVRIG_CAND_030	30	0.756906
P1MCPUFP__CPUFP500K_0188__00519	PVRIG_CAND_003	3	NODE1GEN_128014_source_rfantibody_source_id_PVRIG_RFAb_v2_P6_ekg_L_bb258_mpn01_arm_P6_ekg_L_backbone_P6_ekg_L_bb258_status_NEEDS_RF2_AND_DOCKING	PVRIG_CAND_031	31	0.743455
P1MCPUFP__CPUFP500K_0188__00519	PVRIG_CAND_003	3	NODE1GEN_218195_source_fixed_pose_mpnn_source_id_P500K__FIXED_POSE_MPNN__A6B62FDDBC1A99BE	PVRIG_CAND_032	32	0.754098
P1MCPUFP__CPUFP500K_0188__00519	PVRIG_CAND_003	3	NODE1GEN_195165_source_fixed_pose_mpnn_source_id_P500K__FIXED_POSE_MPNN__499D245F888E5DC4	PVRIG_CAND_033	33	0.685567
P1MCPUFP__CPUFP500K_0188__00519	PVRIG_CAND_003	3	NODE1GEN_235318_source_fixed_pose_mpnn_source_id_P500K__FIXED_POSE_MPNN__B52C2EC7CC64BFED	PVRIG_CAND_034	34	0.619512
P1MCPUFP__CPUFP500K_0188__00519	PVRIG_CAND_003	3	NODE1GEN_076816_source_rfantibody_source_id_PVRIG_RFAb_v2_P4_ekg_L_bb155_mpn03_arm_P4_ekg_L_backbone_P4_ekg_L_bb155_status_NEEDS_RF2_AND_DOCKING	PVRIG_CAND_035	35	0.719577
P1MCPUFP__CPUFP500K_0188__00519	PVRIG_CAND_003	3	NODE1GEN_136300_source_rfantibody_source_id_PVRIG_RFAb_v2_P6_qkg_L_bb255_mpn02_arm_P6_qkg_L_backbone_P6_qkg_L_bb255_status_NEEDS_RF2_AND_DOCKING	PVRIG_CAND_036	36	0.693467
P1MCPUFP__CPUFP500K_0188__00519	PVRIG_CAND_003	3	NODE1GEN_095824_source_rfantibody_source_id_PVRIG_RFAb_v2_P4_qrg_L_bb358_mpn04_arm_P4_qrg_L_backbone_P4_qrg_L_bb358_status_NEEDS_RF2_AND_DOCKING	PVRIG_CAND_037	37	0.679612
P1MCPUFP__CPUFP500K_0188__00519	PVRIG_CAND_003	3	NODE1GEN_017313_source_rfantibody_source_id_PVRIG_RFAb_v2_P1_qrg_L_bb054_mpn00_arm_P1_qrg_L_backbone_P1_qrg_L_bb054_status_NEEDS_RF2_AND_DOCKING	PVRIG_CAND_038	38	0.786885
P1MCPUFP__CPUFP500K_0188__00519	PVRIG_CAND_003	3	NODE1GEN_109783_source_rfantibody_source_id_PVRIG_RFAb_v2_P5_qkg_L_bb121_mpn06_arm_P5_qkg_L_backbone_P5_qkg_L_bb121_status_NEEDS_RF2_AND_DOCKING	PVRIG_CAND_039	39	0.798883
P1MCPUFP__CPUFP500K_0188__00519	PVRIG_CAND_003	3	NODE1GEN_100102_source_rfantibody_source_id_PVRIG_RFAb_v2_P5_ekg_L_bb007_mpn10_arm_P5_ekg_L_backbone_P5_ekg_L_bb007_status_NEEDS_RF2_AND_DOCKING	PVRIG_CAND_040	40	0.636842
P1MCPUFP__CPUFP500K_0188__00519	PVRIG_CAND_003	3	NODE1GEN_109883_source_rfantibody_source_id_PVRIG_RFAb_v2_P5_qkg_L_bb130_mpn02_arm_P5_qkg_L_backbone_P5_qkg_L_bb130_status_NEEDS_RF2_AND_DOCKING	PVRIG_CAND_041	41	0.670270
P1MCPUFP__CPUFP500K_0188__00519	PVRIG_CAND_003	3	P1MCPUFP__CPUFP500K_0030__00860	PVRIG_CAND_042	42	0.590674
P1MCPUFP__CPUFP500K_0188__00519	PVRIG_CAND_003	3	P1MCPUFP__CPUFP500K_0029__00647	PVRIG_CAND_043	43	0.670270
P1MCPUFP__CPUFP500K_0188__00519	PVRIG_CAND_003	3	P1MCPUFP__CPUFP500K_0090__00860	PVRIG_CAND_044	44	0.577889
P1MCPUFP__CPUFP500K_0188__00519	PVRIG_CAND_003	3	P1MCPUFP__CPUFP500K_0289__00496	PVRIG_CAND_045	45	0.543779
P1MCPUFP__CPUFP500K_0188__00519	PVRIG_CAND_003	3	P1MCPUFP__CPUFP500K_0091__00849	PVRIG_CAND_046	46	0.766304
P1MCPUFP__CPUFP500K_0188__00519	PVRIG_CAND_003	3	P1MCPUFP__CPUFP500K_0388__00174	PVRIG_CAND_047	47	0.717277
P1MCPUFP__CPUFP500K_0188__00519	PVRIG_CAND_003	3	P1MCPUFP__CPUFP500K_0487__00827	PVRIG_CAND_048	48	0.721311
P1MCPUFP__CPUFP500K_0188__00519	PVRIG_CAND_003	3	P1MCPUFP__CPUFP500K_0188__00645	PVRIG_CAND_049	49	0.709845
P1MCPUFP__CPUFP500K_0188__00519	PVRIG_CAND_003	3	NODE1GEN_128929_source_rfantibody_source_id_PVRIG_RFAb_v2_P6_ekg_L_bb339_mpn06_arm_P6_ekg_L_backbone_P6_ekg_L_bb339_status_NEEDS_RF2_AND_DOCKING	PVRIG_CAND_050	50	0.659794
NODE1GEN_181778_source_fixed_pose_mpnn_source_id_P500K__FIXED_POSE_MPNN__8EDA6734F7A8BD2C	PVRIG_CAND_004	4	NODE1GEN_256613_source_fixed_pose_mpnn_source_id_P500K__FIXED_POSE_MPNN__0A1B353F72DFABBD	PVRIG_CAND_005	5	0.769608
NODE1GEN_181778_source_fixed_pose_mpnn_source_id_P500K__FIXED_POSE_MPNN__8EDA6734F7A8BD2C	PVRIG_CAND_004	4	NODE1GEN_183154_source_fixed_pose_mpnn_source_id_P500K__FIXED_POSE_MPNN__E25C2338B83B903C	PVRIG_CAND_006	6	0.701835
NODE1GEN_181778_source_fixed_pose_mpnn_source_id_P500K__FIXED_POSE_MPNN__8EDA6734F7A8BD2C	PVRIG_CAND_004	4	P1MCPUFP__CPUFP500K_0100__00188	PVRIG_CAND_007	7	0.742105
NODE1GEN_181778_source_fixed_pose_mpnn_source_id_P500K__FIXED_POSE_MPNN__8EDA6734F7A8BD2C	PVRIG_CAND_004	4	P1MCPUFP__CPUFP500K_0002__00919	PVRIG_CAND_008	8	0.645000
NODE1GEN_181778_source_fixed_pose_mpnn_source_id_P500K__FIXED_POSE_MPNN__8EDA6734F7A8BD2C	PVRIG_CAND_004	4	P1MCPUFP__CPUFP500K_0288__00659	PVRIG_CAND_009	9	0.779570
NODE1GEN_181778_source_fixed_pose_mpnn_source_id_P500K__FIXED_POSE_MPNN__8EDA6734F7A8BD2C	PVRIG_CAND_004	4	P1MCPUFP__CPUFP500K_0100__00092	PVRIG_CAND_010	10	0.632075
NODE1GEN_181778_source_fixed_pose_mpnn_source_id_P500K__FIXED_POSE_MPNN__8EDA6734F7A8BD2C	PVRIG_CAND_004	4	NODE1GEN_154595_source_fixed_pose_mpnn_source_id_P500K__FIXED_POSE_MPNN__9B999365EA60CCE9	PVRIG_CAND_011	11	0.592760
NODE1GEN_181778_source_fixed_pose_mpnn_source_id_P500K__FIXED_POSE_MPNN__8EDA6734F7A8BD2C	PVRIG_CAND_004	4	P1MCPUFP__CPUFP500K_0188__00282	PVRIG_CAND_012	12	0.683673
NODE1GEN_181778_source_fixed_pose_mpnn_source_id_P500K__FIXED_POSE_MPNN__8EDA6734F7A8BD2C	PVRIG_CAND_004	4	NODE1GEN_191476_source_fixed_pose_mpnn_source_id_P500K__FIXED_POSE_MPNN__310934EF4B70CA47	PVRIG_CAND_013	13	0.748718
NODE1GEN_181778_source_fixed_pose_mpnn_source_id_P500K__FIXED_POSE_MPNN__8EDA6734F7A8BD2C	PVRIG_CAND_004	4	P1MCPUFP__CPUFP500K_0090__00532	PVRIG_CAND_014	14	0.682796
NODE1GEN_181778_source_fixed_pose_mpnn_source_id_P500K__FIXED_POSE_MPNN__8EDA6734F7A8BD2C	PVRIG_CAND_004	4	NODE1GEN_177961_source_fixed_pose_mpnn_source_id_P500K__FIXED_POSE_MPNN__8431DA62B813A913	PVRIG_CAND_015	15	0.712871
NODE1GEN_181778_source_fixed_pose_mpnn_source_id_P500K__FIXED_POSE_MPNN__8EDA6734F7A8BD2C	PVRIG_CAND_004	4	NODE1GEN_206644_source_fixed_pose_mpnn_source_id_P500K__FIXED_POSE_MPNN__53F648E960398F2F	PVRIG_CAND_016	16	0.750000
NODE1GEN_181778_source_fixed_pose_mpnn_source_id_P500K__FIXED_POSE_MPNN__8EDA6734F7A8BD2C	PVRIG_CAND_004	4	P1MCPUFP__CPUFP500K_0287__00804	PVRIG_CAND_017	17	0.664894
NODE1GEN_181778_source_fixed_pose_mpnn_source_id_P500K__FIXED_POSE_MPNN__8EDA6734F7A8BD2C	PVRIG_CAND_004	4	NODE1GEN_127352_source_rfantibody_source_id_PVRIG_RFAb_v2_P6_ekg_L_bb203_mpn04_arm_P6_ekg_L_backbone_P6_ekg_L_bb203_status_NEEDS_RF2_AND_DOCKING	PVRIG_CAND_018	18	0.605263
NODE1GEN_181778_source_fixed_pose_mpnn_source_id_P500K__FIXED_POSE_MPNN__8EDA6734F7A8BD2C	PVRIG_CAND_004	4	P1MCPUFP__CPUFP500K_0089__00735	PVRIG_CAND_019	19	0.695000
NODE1GEN_181778_source_fixed_pose_mpnn_source_id_P500K__FIXED_POSE_MPNN__8EDA6734F7A8BD2C	PVRIG_CAND_004	4	NODE1GEN_258472_source_fixed_pose_mpnn_source_id_P500K__FIXED_POSE_MPNN__2E2B33208D567583	PVRIG_CAND_020	20	0.608911
NODE1GEN_181778_source_fixed_pose_mpnn_source_id_P500K__FIXED_POSE_MPNN__8EDA6734F7A8BD2C	PVRIG_CAND_004	4	P1MCPUFP__CPUFP500K_0299__00780	PVRIG_CAND_021	21	0.748663
NODE1GEN_181778_source_fixed_pose_mpnn_source_id_P500K__FIXED_POSE_MPNN__8EDA6734F7A8BD2C	PVRIG_CAND_004	4	P1MCPUFP__CPUFP500K_0189__00858	PVRIG_CAND_022	22	0.691919
NODE1GEN_181778_source_fixed_pose_mpnn_source_id_P500K__FIXED_POSE_MPNN__8EDA6734F7A8BD2C	PVRIG_CAND_004	4	NODE1GEN_174576_source_fixed_pose_mpnn_source_id_P500K__FIXED_POSE_MPNN__D5384A7F42146722	PVRIG_CAND_023	23	0.405172
NODE1GEN_181778_source_fixed_pose_mpnn_source_id_P500K__FIXED_POSE_MPNN__8EDA6734F7A8BD2C	PVRIG_CAND_004	4	NODE1GEN_002130_source_rfantibody_source_id_PVRIG_RFAb_v2_P1_ekg_L_bb177_mpn10_arm_P1_ekg_L_backbone_P1_ekg_L_bb177_status_NEEDS_RF2_AND_DOCKING	PVRIG_CAND_024	24	0.758427
NODE1GEN_181778_source_fixed_pose_mpnn_source_id_P500K__FIXED_POSE_MPNN__8EDA6734F7A8BD2C	PVRIG_CAND_004	4	P1MCPUFP__CPUFP500K_0380__00771	PVRIG_CAND_025	25	0.677249
NODE1GEN_181778_source_fixed_pose_mpnn_source_id_P500K__FIXED_POSE_MPNN__8EDA6734F7A8BD2C	PVRIG_CAND_004	4	NODE1GEN_217675_source_fixed_pose_mpnn_source_id_P500K__FIXED_POSE_MPNN__68DDB4A6D7CBCA89	PVRIG_CAND_026	26	0.726316
NODE1GEN_181778_source_fixed_pose_mpnn_source_id_P500K__FIXED_POSE_MPNN__8EDA6734F7A8BD2C	PVRIG_CAND_004	4	P1MCPUFP__CPUFP500K_0404__00029	PVRIG_CAND_027	27	0.760417
NODE1GEN_181778_source_fixed_pose_mpnn_source_id_P500K__FIXED_POSE_MPNN__8EDA6734F7A8BD2C	PVRIG_CAND_004	4	P1MCPUFP__CPUFP500K_0188__00549	PVRIG_CAND_028	28	0.788660
NODE1GEN_181778_source_fixed_pose_mpnn_source_id_P500K__FIXED_POSE_MPNN__8EDA6734F7A8BD2C	PVRIG_CAND_004	4	P1MCPUFP__CPUFP500K_0188__00481	PVRIG_CAND_029	29	0.752577
NODE1GEN_181778_source_fixed_pose_mpnn_source_id_P500K__FIXED_POSE_MPNN__8EDA6734F7A8BD2C	PVRIG_CAND_004	4	NODE1GEN_182669_source_fixed_pose_mpnn_source_id_P500K__FIXED_POSE_MPNN__D4BBD3AB583903E7	PVRIG_CAND_030	30	0.723404
NODE1GEN_181778_source_fixed_pose_mpnn_source_id_P500K__FIXED_POSE_MPNN__8EDA6734F7A8BD2C	PVRIG_CAND_004	4	NODE1GEN_128014_source_rfantibody_source_id_PVRIG_RFAb_v2_P6_ekg_L_bb258_mpn01_arm_P6_ekg_L_backbone_P6_ekg_L_bb258_status_NEEDS_RF2_AND_DOCKING	PVRIG_CAND_031	31	0.765625
NODE1GEN_181778_source_fixed_pose_mpnn_source_id_P500K__FIXED_POSE_MPNN__8EDA6734F7A8BD2C	PVRIG_CAND_004	4	NODE1GEN_218195_source_fixed_pose_mpnn_source_id_P500K__FIXED_POSE_MPNN__A6B62FDDBC1A99BE	PVRIG_CAND_032	32	0.703125
NODE1GEN_181778_source_fixed_pose_mpnn_source_id_P500K__FIXED_POSE_MPNN__8EDA6734F7A8BD2C	PVRIG_CAND_004	4	NODE1GEN_195165_source_fixed_pose_mpnn_source_id_P500K__FIXED_POSE_MPNN__499D245F888E5DC4	PVRIG_CAND_033	33	0.734375
NODE1GEN_181778_source_fixed_pose_mpnn_source_id_P500K__FIXED_POSE_MPNN__8EDA6734F7A8BD2C	PVRIG_CAND_004	4	NODE1GEN_235318_source_fixed_pose_mpnn_source_id_P500K__FIXED_POSE_MPNN__B52C2EC7CC64BFED	PVRIG_CAND_034	34	0.788360
NODE1GEN_181778_source_fixed_pose_mpnn_source_id_P500K__FIXED_POSE_MPNN__8EDA6734F7A8BD2C	PVRIG_CAND_004	4	NODE1GEN_076816_source_rfantibody_source_id_PVRIG_RFAb_v2_P4_ekg_L_bb155_mpn03_arm_P4_ekg_L_backbone_P4_ekg_L_bb155_status_NEEDS_RF2_AND_DOCKING	PVRIG_CAND_035	35	0.808743
NODE1GEN_181778_source_fixed_pose_mpnn_source_id_P500K__FIXED_POSE_MPNN__8EDA6734F7A8BD2C	PVRIG_CAND_004	4	NODE1GEN_136300_source_rfantibody_source_id_PVRIG_RFAb_v2_P6_qkg_L_bb255_mpn02_arm_P6_qkg_L_backbone_P6_qkg_L_bb255_status_NEEDS_RF2_AND_DOCKING	PVRIG_CAND_036	36	0.732323
NODE1GEN_181778_source_fixed_pose_mpnn_source_id_P500K__FIXED_POSE_MPNN__8EDA6734F7A8BD2C	PVRIG_CAND_004	4	NODE1GEN_095824_source_rfantibody_source_id_PVRIG_RFAb_v2_P4_qrg_L_bb358_mpn04_arm_P4_qrg_L_backbone_P4_qrg_L_bb358_status_NEEDS_RF2_AND_DOCKING	PVRIG_CAND_037	37	0.717073
NODE1GEN_181778_source_fixed_pose_mpnn_source_id_P500K__FIXED_POSE_MPNN__8EDA6734F7A8BD2C	PVRIG_CAND_004	4	NODE1GEN_017313_source_rfantibody_source_id_PVRIG_RFAb_v2_P1_qrg_L_bb054_mpn00_arm_P1_qrg_L_backbone_P1_qrg_L_bb054_status_NEEDS_RF2_AND_DOCKING	PVRIG_CAND_038	38	0.716495
NODE1GEN_181778_source_fixed_pose_mpnn_source_id_P500K__FIXED_POSE_MPNN__8EDA6734F7A8BD2C	PVRIG_CAND_004	4	NODE1GEN_109783_source_rfantibody_source_id_PVRIG_RFAb_v2_P5_qkg_L_bb121_mpn06_arm_P5_qkg_L_backbone_P5_qkg_L_bb121_status_NEEDS_RF2_AND_DOCKING	PVRIG_CAND_039	39	0.664975
NODE1GEN_181778_source_fixed_pose_mpnn_source_id_P500K__FIXED_POSE_MPNN__8EDA6734F7A8BD2C	PVRIG_CAND_004	4	NODE1GEN_100102_source_rfantibody_source_id_PVRIG_RFAb_v2_P5_ekg_L_bb007_mpn10_arm_P5_ekg_L_backbone_P5_ekg_L_bb007_status_NEEDS_RF2_AND_DOCKING	PVRIG_CAND_040	40	0.780899
NODE1GEN_181778_source_fixed_pose_mpnn_source_id_P500K__FIXED_POSE_MPNN__8EDA6734F7A8BD2C	PVRIG_CAND_004	4	NODE1GEN_109883_source_rfantibody_source_id_PVRIG_RFAb_v2_P5_qkg_L_bb130_mpn02_arm_P5_qkg_L_backbone_P5_qkg_L_bb130_status_NEEDS_RF2_AND_DOCKING	PVRIG_CAND_041	41	0.721311
NODE1GEN_181778_source_fixed_pose_mpnn_source_id_P500K__FIXED_POSE_MPNN__8EDA6734F7A8BD2C	PVRIG_CAND_004	4	P1MCPUFP__CPUFP500K_0030__00860	PVRIG_CAND_042	42	0.664894
NODE1GEN_181778_source_fixed_pose_mpnn_source_id_P500K__FIXED_POSE_MPNN__8EDA6734F7A8BD2C	PVRIG_CAND_004	4	P1MCPUFP__CPUFP500K_0029__00647	PVRIG_CAND_043	43	0.590909
NODE1GEN_181778_source_fixed_pose_mpnn_source_id_P500K__FIXED_POSE_MPNN__8EDA6734F7A8BD2C	PVRIG_CAND_004	4	P1MCPUFP__CPUFP500K_0090__00860	PVRIG_CAND_044	44	0.675393
NODE1GEN_181778_source_fixed_pose_mpnn_source_id_P500K__FIXED_POSE_MPNN__8EDA6734F7A8BD2C	PVRIG_CAND_004	4	P1MCPUFP__CPUFP500K_0289__00496	PVRIG_CAND_045	45	0.730964
NODE1GEN_181778_source_fixed_pose_mpnn_source_id_P500K__FIXED_POSE_MPNN__8EDA6734F7A8BD2C	PVRIG_CAND_004	4	P1MCPUFP__CPUFP500K_0091__00849	PVRIG_CAND_046	46	0.715026
NODE1GEN_181778_source_fixed_pose_mpnn_source_id_P500K__FIXED_POSE_MPNN__8EDA6734F7A8BD2C	PVRIG_CAND_004	4	P1MCPUFP__CPUFP500K_0388__00174	PVRIG_CAND_047	47	0.730570
NODE1GEN_181778_source_fixed_pose_mpnn_source_id_P500K__FIXED_POSE_MPNN__8EDA6734F7A8BD2C	PVRIG_CAND_004	4	P1MCPUFP__CPUFP500K_0487__00827	PVRIG_CAND_048	48	0.754098
NODE1GEN_181778_source_fixed_pose_mpnn_source_id_P500K__FIXED_POSE_MPNN__8EDA6734F7A8BD2C	PVRIG_CAND_004	4	P1MCPUFP__CPUFP500K_0188__00645	PVRIG_CAND_049	49	0.759162
NODE1GEN_181778_source_fixed_pose_mpnn_source_id_P500K__FIXED_POSE_MPNN__8EDA6734F7A8BD2C	PVRIG_CAND_004	4	NODE1GEN_128929_source_rfantibody_source_id_PVRIG_RFAb_v2_P6_ekg_L_bb339_mpn06_arm_P6_ekg_L_backbone_P6_ekg_L_bb339_status_NEEDS_RF2_AND_DOCKING	PVRIG_CAND_050	50	0.673469
NODE1GEN_256613_source_fixed_pose_mpnn_source_id_P500K__FIXED_POSE_MPNN__0A1B353F72DFABBD	PVRIG_CAND_005	5	NODE1GEN_183154_source_fixed_pose_mpnn_source_id_P500K__FIXED_POSE_MPNN__E25C2338B83B903C	PVRIG_CAND_006	6	0.724138
NODE1GEN_256613_source_fixed_pose_mpnn_source_id_P500K__FIXED_POSE_MPNN__0A1B353F72DFABBD	PVRIG_CAND_005	5	P1MCPUFP__CPUFP500K_0100__00188	PVRIG_CAND_007	7	0.730769
NODE1GEN_256613_source_fixed_pose_mpnn_source_id_P500K__FIXED_POSE_MPNN__0A1B353F72DFABBD	PVRIG_CAND_005	5	P1MCPUFP__CPUFP500K_0002__00919	PVRIG_CAND_008	8	0.672897
NODE1GEN_256613_source_fixed_pose_mpnn_source_id_P500K__FIXED_POSE_MPNN__0A1B353F72DFABBD	PVRIG_CAND_005	5	P1MCPUFP__CPUFP500K_0288__00659	PVRIG_CAND_009	9	0.782178
NODE1GEN_256613_source_fixed_pose_mpnn_source_id_P500K__FIXED_POSE_MPNN__0A1B353F72DFABBD	PVRIG_CAND_005	5	P1MCPUFP__CPUFP500K_0100__00092	PVRIG_CAND_010	10	0.712329
NODE1GEN_256613_source_fixed_pose_mpnn_source_id_P500K__FIXED_POSE_MPNN__0A1B353F72DFABBD	PVRIG_CAND_005	5	NODE1GEN_154595_source_fixed_pose_mpnn_source_id_P500K__FIXED_POSE_MPNN__9B999365EA60CCE9	PVRIG_CAND_011	11	0.671053
NODE1GEN_256613_source_fixed_pose_mpnn_source_id_P500K__FIXED_POSE_MPNN__0A1B353F72DFABBD	PVRIG_CAND_005	5	P1MCPUFP__CPUFP500K_0188__00282	PVRIG_CAND_012	12	0.669767
NODE1GEN_256613_source_fixed_pose_mpnn_source_id_P500K__FIXED_POSE_MPNN__0A1B353F72DFABBD	PVRIG_CAND_005	5	NODE1GEN_191476_source_fixed_pose_mpnn_source_id_P500K__FIXED_POSE_MPNN__310934EF4B70CA47	PVRIG_CAND_013	13	0.778846
NODE1GEN_256613_source_fixed_pose_mpnn_source_id_P500K__FIXED_POSE_MPNN__0A1B353F72DFABBD	PVRIG_CAND_005	5	P1MCPUFP__CPUFP500K_0090__00532	PVRIG_CAND_014	14	0.660194
NODE1GEN_256613_source_fixed_pose_mpnn_source_id_P500K__FIXED_POSE_MPNN__0A1B353F72DFABBD	PVRIG_CAND_005	5	NODE1GEN_177961_source_fixed_pose_mpnn_source_id_P500K__FIXED_POSE_MPNN__8431DA62B813A913	PVRIG_CAND_015	15	0.696833
NODE1GEN_256613_source_fixed_pose_mpnn_source_id_P500K__FIXED_POSE_MPNN__0A1B353F72DFABBD	PVRIG_CAND_005	5	NODE1GEN_206644_source_fixed_pose_mpnn_source_id_P500K__FIXED_POSE_MPNN__53F648E960398F2F	PVRIG_CAND_016	16	0.787736
NODE1GEN_256613_source_fixed_pose_mpnn_source_id_P500K__FIXED_POSE_MPNN__0A1B353F72DFABBD	PVRIG_CAND_005	5	P1MCPUFP__CPUFP500K_0287__00804	PVRIG_CAND_017	17	0.660194
NODE1GEN_256613_source_fixed_pose_mpnn_source_id_P500K__FIXED_POSE_MPNN__0A1B353F72DFABBD	PVRIG_CAND_005	5	NODE1GEN_127352_source_rfantibody_source_id_PVRIG_RFAb_v2_P6_ekg_L_bb203_mpn04_arm_P6_ekg_L_backbone_P6_ekg_L_bb203_status_NEEDS_RF2_AND_DOCKING	PVRIG_CAND_018	18	0.598086
NODE1GEN_256613_source_fixed_pose_mpnn_source_id_P500K__FIXED_POSE_MPNN__0A1B353F72DFABBD	PVRIG_CAND_005	5	P1MCPUFP__CPUFP500K_0089__00735	PVRIG_CAND_019	19	0.695853
NODE1GEN_256613_source_fixed_pose_mpnn_source_id_P500K__FIXED_POSE_MPNN__0A1B353F72DFABBD	PVRIG_CAND_005	5	NODE1GEN_258472_source_fixed_pose_mpnn_source_id_P500K__FIXED_POSE_MPNN__2E2B33208D567583	PVRIG_CAND_020	20	0.638889
NODE1GEN_256613_source_fixed_pose_mpnn_source_id_P500K__FIXED_POSE_MPNN__0A1B353F72DFABBD	PVRIG_CAND_005	5	P1MCPUFP__CPUFP500K_0299__00780	PVRIG_CAND_021	21	0.745098
NODE1GEN_256613_source_fixed_pose_mpnn_source_id_P500K__FIXED_POSE_MPNN__0A1B353F72DFABBD	PVRIG_CAND_005	5	P1MCPUFP__CPUFP500K_0189__00858	PVRIG_CAND_022	22	0.654545
NODE1GEN_256613_source_fixed_pose_mpnn_source_id_P500K__FIXED_POSE_MPNN__0A1B353F72DFABBD	PVRIG_CAND_005	5	NODE1GEN_174576_source_fixed_pose_mpnn_source_id_P500K__FIXED_POSE_MPNN__D5384A7F42146722	PVRIG_CAND_023	23	0.454918
NODE1GEN_256613_source_fixed_pose_mpnn_source_id_P500K__FIXED_POSE_MPNN__0A1B353F72DFABBD	PVRIG_CAND_005	5	NODE1GEN_002130_source_rfantibody_source_id_PVRIG_RFAb_v2_P1_ekg_L_bb177_mpn10_arm_P1_ekg_L_backbone_P1_ekg_L_bb177_status_NEEDS_RF2_AND_DOCKING	PVRIG_CAND_024	24	0.744898
NODE1GEN_256613_source_fixed_pose_mpnn_source_id_P500K__FIXED_POSE_MPNN__0A1B353F72DFABBD	PVRIG_CAND_005	5	P1MCPUFP__CPUFP500K_0380__00771	PVRIG_CAND_025	25	0.663462
NODE1GEN_256613_source_fixed_pose_mpnn_source_id_P500K__FIXED_POSE_MPNN__0A1B353F72DFABBD	PVRIG_CAND_005	5	NODE1GEN_217675_source_fixed_pose_mpnn_source_id_P500K__FIXED_POSE_MPNN__68DDB4A6D7CBCA89	PVRIG_CAND_026	26	0.741463
NODE1GEN_256613_source_fixed_pose_mpnn_source_id_P500K__FIXED_POSE_MPNN__0A1B353F72DFABBD	PVRIG_CAND_005	5	P1MCPUFP__CPUFP500K_0404__00029	PVRIG_CAND_027	27	0.739336
NODE1GEN_256613_source_fixed_pose_mpnn_source_id_P500K__FIXED_POSE_MPNN__0A1B353F72DFABBD	PVRIG_CAND_005	5	P1MCPUFP__CPUFP500K_0188__00549	PVRIG_CAND_028	28	0.799043
NODE1GEN_256613_source_fixed_pose_mpnn_source_id_P500K__FIXED_POSE_MPNN__0A1B353F72DFABBD	PVRIG_CAND_005	5	P1MCPUFP__CPUFP500K_0188__00481	PVRIG_CAND_029	29	0.765550
NODE1GEN_256613_source_fixed_pose_mpnn_source_id_P500K__FIXED_POSE_MPNN__0A1B353F72DFABBD	PVRIG_CAND_005	5	NODE1GEN_182669_source_fixed_pose_mpnn_source_id_P500K__FIXED_POSE_MPNN__D4BBD3AB583903E7	PVRIG_CAND_030	30	0.697115
NODE1GEN_256613_source_fixed_pose_mpnn_source_id_P500K__FIXED_POSE_MPNN__0A1B353F72DFABBD	PVRIG_CAND_005	5	NODE1GEN_128014_source_rfantibody_source_id_PVRIG_RFAb_v2_P6_ekg_L_bb258_mpn01_arm_P6_ekg_L_backbone_P6_ekg_L_bb258_status_NEEDS_RF2_AND_DOCKING	PVRIG_CAND_031	31	0.769231
NODE1GEN_256613_source_fixed_pose_mpnn_source_id_P500K__FIXED_POSE_MPNN__0A1B353F72DFABBD	PVRIG_CAND_005	5	NODE1GEN_218195_source_fixed_pose_mpnn_source_id_P500K__FIXED_POSE_MPNN__A6B62FDDBC1A99BE	PVRIG_CAND_032	32	0.728155
NODE1GEN_256613_source_fixed_pose_mpnn_source_id_P500K__FIXED_POSE_MPNN__0A1B353F72DFABBD	PVRIG_CAND_005	5	NODE1GEN_195165_source_fixed_pose_mpnn_source_id_P500K__FIXED_POSE_MPNN__499D245F888E5DC4	PVRIG_CAND_033	33	0.683721
NODE1GEN_256613_source_fixed_pose_mpnn_source_id_P500K__FIXED_POSE_MPNN__0A1B353F72DFABBD	PVRIG_CAND_005	5	NODE1GEN_235318_source_fixed_pose_mpnn_source_id_P500K__FIXED_POSE_MPNN__B52C2EC7CC64BFED	PVRIG_CAND_034	34	0.772947
NODE1GEN_256613_source_fixed_pose_mpnn_source_id_P500K__FIXED_POSE_MPNN__0A1B353F72DFABBD	PVRIG_CAND_005	5	NODE1GEN_076816_source_rfantibody_source_id_PVRIG_RFAb_v2_P4_ekg_L_bb155_mpn03_arm_P4_ekg_L_backbone_P4_ekg_L_bb155_status_NEEDS_RF2_AND_DOCKING	PVRIG_CAND_035	35	0.809045
NODE1GEN_256613_source_fixed_pose_mpnn_source_id_P500K__FIXED_POSE_MPNN__0A1B353F72DFABBD	PVRIG_CAND_005	5	NODE1GEN_136300_source_rfantibody_source_id_PVRIG_RFAb_v2_P6_qkg_L_bb255_mpn02_arm_P6_qkg_L_backbone_P6_qkg_L_bb255_status_NEEDS_RF2_AND_DOCKING	PVRIG_CAND_036	36	0.738318
NODE1GEN_256613_source_fixed_pose_mpnn_source_id_P500K__FIXED_POSE_MPNN__0A1B353F72DFABBD	PVRIG_CAND_005	5	NODE1GEN_095824_source_rfantibody_source_id_PVRIG_RFAb_v2_P4_qrg_L_bb358_mpn04_arm_P4_qrg_L_backbone_P4_qrg_L_bb358_status_NEEDS_RF2_AND_DOCKING	PVRIG_CAND_037	37	0.755760
NODE1GEN_256613_source_fixed_pose_mpnn_source_id_P500K__FIXED_POSE_MPNN__0A1B353F72DFABBD	PVRIG_CAND_005	5	NODE1GEN_017313_source_rfantibody_source_id_PVRIG_RFAb_v2_P1_qrg_L_bb054_mpn00_arm_P1_qrg_L_backbone_P1_qrg_L_bb054_status_NEEDS_RF2_AND_DOCKING	PVRIG_CAND_038	38	0.723810
NODE1GEN_256613_source_fixed_pose_mpnn_source_id_P500K__FIXED_POSE_MPNN__0A1B353F72DFABBD	PVRIG_CAND_005	5	NODE1GEN_109783_source_rfantibody_source_id_PVRIG_RFAb_v2_P5_qkg_L_bb121_mpn06_arm_P5_qkg_L_backbone_P5_qkg_L_bb121_status_NEEDS_RF2_AND_DOCKING	PVRIG_CAND_039	39	0.676056
NODE1GEN_256613_source_fixed_pose_mpnn_source_id_P500K__FIXED_POSE_MPNN__0A1B353F72DFABBD	PVRIG_CAND_005	5	NODE1GEN_100102_source_rfantibody_source_id_PVRIG_RFAb_v2_P5_ekg_L_bb007_mpn10_arm_P5_ekg_L_backbone_P5_ekg_L_bb007_status_NEEDS_RF2_AND_DOCKING	PVRIG_CAND_040	40	0.687805
NODE1GEN_256613_source_fixed_pose_mpnn_source_id_P500K__FIXED_POSE_MPNN__0A1B353F72DFABBD	PVRIG_CAND_005	5	NODE1GEN_109883_source_rfantibody_source_id_PVRIG_RFAb_v2_P5_qkg_L_bb130_mpn02_arm_P5_qkg_L_backbone_P5_qkg_L_bb130_status_NEEDS_RF2_AND_DOCKING	PVRIG_CAND_041	41	0.711443
NODE1GEN_256613_source_fixed_pose_mpnn_source_id_P500K__FIXED_POSE_MPNN__0A1B353F72DFABBD	PVRIG_CAND_005	5	P1MCPUFP__CPUFP500K_0030__00860	PVRIG_CAND_042	42	0.668293
NODE1GEN_256613_source_fixed_pose_mpnn_source_id_P500K__FIXED_POSE_MPNN__0A1B353F72DFABBD	PVRIG_CAND_005	5	P1MCPUFP__CPUFP500K_0029__00647	PVRIG_CAND_043	43	0.615023
NODE1GEN_256613_source_fixed_pose_mpnn_source_id_P500K__FIXED_POSE_MPNN__0A1B353F72DFABBD	PVRIG_CAND_005	5	P1MCPUFP__CPUFP500K_0090__00860	PVRIG_CAND_044	44	0.623256
NODE1GEN_256613_source_fixed_pose_mpnn_source_id_P500K__FIXED_POSE_MPNN__0A1B353F72DFABBD	PVRIG_CAND_005	5	P1MCPUFP__CPUFP500K_0289__00496	PVRIG_CAND_045	45	0.681818
NODE1GEN_256613_source_fixed_pose_mpnn_source_id_P500K__FIXED_POSE_MPNN__0A1B353F72DFABBD	PVRIG_CAND_005	5	P1MCPUFP__CPUFP500K_0091__00849	PVRIG_CAND_046	46	0.714286
NODE1GEN_256613_source_fixed_pose_mpnn_source_id_P500K__FIXED_POSE_MPNN__0A1B353F72DFABBD	PVRIG_CAND_005	5	P1MCPUFP__CPUFP500K_0388__00174	PVRIG_CAND_047	47	0.712264
NODE1GEN_256613_source_fixed_pose_mpnn_source_id_P500K__FIXED_POSE_MPNN__0A1B353F72DFABBD	PVRIG_CAND_005	5	P1MCPUFP__CPUFP500K_0487__00827	PVRIG_CAND_048	48	0.732673
NODE1GEN_256613_source_fixed_pose_mpnn_source_id_P500K__FIXED_POSE_MPNN__0A1B353F72DFABBD	PVRIG_CAND_005	5	P1MCPUFP__CPUFP500K_0188__00645	PVRIG_CAND_049	49	0.763285
NODE1GEN_256613_source_fixed_pose_mpnn_source_id_P500K__FIXED_POSE_MPNN__0A1B353F72DFABBD	PVRIG_CAND_005	5	NODE1GEN_128929_source_rfantibody_source_id_PVRIG_RFAb_v2_P6_ekg_L_bb339_mpn06_arm_P6_ekg_L_backbone_P6_ekg_L_bb339_status_NEEDS_RF2_AND_DOCKING	PVRIG_CAND_050	50	0.700000
NODE1GEN_183154_source_fixed_pose_mpnn_source_id_P500K__FIXED_POSE_MPNN__E25C2338B83B903C	PVRIG_CAND_006	6	P1MCPUFP__CPUFP500K_0100__00188	PVRIG_CAND_007	7	0.666667
NODE1GEN_183154_source_fixed_pose_mpnn_source_id_P500K__FIXED_POSE_MPNN__E25C2338B83B903C	PVRIG_CAND_006	6	P1MCPUFP__CPUFP500K_0002__00919	PVRIG_CAND_008	8	0.600000
NODE1GEN_183154_source_fixed_pose_mpnn_source_id_P500K__FIXED_POSE_MPNN__E25C2338B83B903C	PVRIG_CAND_006	6	P1MCPUFP__CPUFP500K_0288__00659	PVRIG_CAND_009	9	0.697248
NODE1GEN_183154_source_fixed_pose_mpnn_source_id_P500K__FIXED_POSE_MPNN__E25C2338B83B903C	PVRIG_CAND_006	6	P1MCPUFP__CPUFP500K_0100__00092	PVRIG_CAND_010	10	0.604167
NODE1GEN_183154_source_fixed_pose_mpnn_source_id_P500K__FIXED_POSE_MPNN__E25C2338B83B903C	PVRIG_CAND_006	6	NODE1GEN_154595_source_fixed_pose_mpnn_source_id_P500K__FIXED_POSE_MPNN__9B999365EA60CCE9	PVRIG_CAND_011	11	0.533333
NODE1GEN_183154_source_fixed_pose_mpnn_source_id_P500K__FIXED_POSE_MPNN__E25C2338B83B903C	PVRIG_CAND_006	6	P1MCPUFP__CPUFP500K_0188__00282	PVRIG_CAND_012	12	0.669683
NODE1GEN_183154_source_fixed_pose_mpnn_source_id_P500K__FIXED_POSE_MPNN__E25C2338B83B903C	PVRIG_CAND_006	6	NODE1GEN_191476_source_fixed_pose_mpnn_source_id_P500K__FIXED_POSE_MPNN__310934EF4B70CA47	PVRIG_CAND_013	13	0.659389
NODE1GEN_183154_source_fixed_pose_mpnn_source_id_P500K__FIXED_POSE_MPNN__E25C2338B83B903C	PVRIG_CAND_006	6	P1MCPUFP__CPUFP500K_0090__00532	PVRIG_CAND_014	14	0.578475
NODE1GEN_183154_source_fixed_pose_mpnn_source_id_P500K__FIXED_POSE_MPNN__E25C2338B83B903C	PVRIG_CAND_006	6	NODE1GEN_177961_source_fixed_pose_mpnn_source_id_P500K__FIXED_POSE_MPNN__8431DA62B813A913	PVRIG_CAND_015	15	0.688596
NODE1GEN_183154_source_fixed_pose_mpnn_source_id_P500K__FIXED_POSE_MPNN__E25C2338B83B903C	PVRIG_CAND_006	6	NODE1GEN_206644_source_fixed_pose_mpnn_source_id_P500K__FIXED_POSE_MPNN__53F648E960398F2F	PVRIG_CAND_016	16	0.760181
NODE1GEN_183154_source_fixed_pose_mpnn_source_id_P500K__FIXED_POSE_MPNN__E25C2338B83B903C	PVRIG_CAND_006	6	P1MCPUFP__CPUFP500K_0287__00804	PVRIG_CAND_017	17	0.622120
NODE1GEN_183154_source_fixed_pose_mpnn_source_id_P500K__FIXED_POSE_MPNN__E25C2338B83B903C	PVRIG_CAND_006	6	NODE1GEN_127352_source_rfantibody_source_id_PVRIG_RFAb_v2_P6_ekg_L_bb203_mpn04_arm_P6_ekg_L_backbone_P6_ekg_L_bb203_status_NEEDS_RF2_AND_DOCKING	PVRIG_CAND_018	18	0.515419
NODE1GEN_183154_source_fixed_pose_mpnn_source_id_P500K__FIXED_POSE_MPNN__E25C2338B83B903C	PVRIG_CAND_006	6	P1MCPUFP__CPUFP500K_0089__00735	PVRIG_CAND_019	19	0.650655
NODE1GEN_183154_source_fixed_pose_mpnn_source_id_P500K__FIXED_POSE_MPNN__E25C2338B83B903C	PVRIG_CAND_006	6	NODE1GEN_258472_source_fixed_pose_mpnn_source_id_P500K__FIXED_POSE_MPNN__2E2B33208D567583	PVRIG_CAND_020	20	0.589520
NODE1GEN_183154_source_fixed_pose_mpnn_source_id_P500K__FIXED_POSE_MPNN__E25C2338B83B903C	PVRIG_CAND_006	6	P1MCPUFP__CPUFP500K_0299__00780	PVRIG_CAND_021	21	0.718310
NODE1GEN_183154_source_fixed_pose_mpnn_source_id_P500K__FIXED_POSE_MPNN__E25C2338B83B903C	PVRIG_CAND_006	6	P1MCPUFP__CPUFP500K_0189__00858	PVRIG_CAND_022	22	0.619048
NODE1GEN_183154_source_fixed_pose_mpnn_source_id_P500K__FIXED_POSE_MPNN__E25C2338B83B903C	PVRIG_CAND_006	6	NODE1GEN_174576_source_fixed_pose_mpnn_source_id_P500K__FIXED_POSE_MPNN__D5384A7F42146722	PVRIG_CAND_023	23	0.448413
NODE1GEN_183154_source_fixed_pose_mpnn_source_id_P500K__FIXED_POSE_MPNN__E25C2338B83B903C	PVRIG_CAND_006	6	NODE1GEN_002130_source_rfantibody_source_id_PVRIG_RFAb_v2_P1_ekg_L_bb177_mpn10_arm_P1_ekg_L_backbone_P1_ekg_L_bb177_status_NEEDS_RF2_AND_DOCKING	PVRIG_CAND_024	24	0.660377
NODE1GEN_183154_source_fixed_pose_mpnn_source_id_P500K__FIXED_POSE_MPNN__E25C2338B83B903C	PVRIG_CAND_006	6	P1MCPUFP__CPUFP500K_0380__00771	PVRIG_CAND_025	25	0.589286
NODE1GEN_183154_source_fixed_pose_mpnn_source_id_P500K__FIXED_POSE_MPNN__E25C2338B83B903C	PVRIG_CAND_006	6	NODE1GEN_217675_source_fixed_pose_mpnn_source_id_P500K__FIXED_POSE_MPNN__68DDB4A6D7CBCA89	PVRIG_CAND_026	26	0.660633
NODE1GEN_183154_source_fixed_pose_mpnn_source_id_P500K__FIXED_POSE_MPNN__E25C2338B83B903C	PVRIG_CAND_006	6	P1MCPUFP__CPUFP500K_0404__00029	PVRIG_CAND_027	27	0.745370
NODE1GEN_183154_source_fixed_pose_mpnn_source_id_P500K__FIXED_POSE_MPNN__E25C2338B83B903C	PVRIG_CAND_006	6	P1MCPUFP__CPUFP500K_0188__00549	PVRIG_CAND_028	28	0.670996
NODE1GEN_183154_source_fixed_pose_mpnn_source_id_P500K__FIXED_POSE_MPNN__E25C2338B83B903C	PVRIG_CAND_006	6	P1MCPUFP__CPUFP500K_0188__00481	PVRIG_CAND_029	29	0.738532
NODE1GEN_183154_source_fixed_pose_mpnn_source_id_P500K__FIXED_POSE_MPNN__E25C2338B83B903C	PVRIG_CAND_006	6	NODE1GEN_182669_source_fixed_pose_mpnn_source_id_P500K__FIXED_POSE_MPNN__D4BBD3AB583903E7	PVRIG_CAND_030	30	0.672811
NODE1GEN_183154_source_fixed_pose_mpnn_source_id_P500K__FIXED_POSE_MPNN__E25C2338B83B903C	PVRIG_CAND_006	6	NODE1GEN_128014_source_rfantibody_source_id_PVRIG_RFAb_v2_P6_ekg_L_bb258_mpn01_arm_P6_ekg_L_backbone_P6_ekg_L_bb258_status_NEEDS_RF2_AND_DOCKING	PVRIG_CAND_031	31	0.702703
NODE1GEN_183154_source_fixed_pose_mpnn_source_id_P500K__FIXED_POSE_MPNN__E25C2338B83B903C	PVRIG_CAND_006	6	NODE1GEN_218195_source_fixed_pose_mpnn_source_id_P500K__FIXED_POSE_MPNN__A6B62FDDBC1A99BE	PVRIG_CAND_032	32	0.678899
NODE1GEN_183154_source_fixed_pose_mpnn_source_id_P500K__FIXED_POSE_MPNN__E25C2338B83B903C	PVRIG_CAND_006	6	NODE1GEN_195165_source_fixed_pose_mpnn_source_id_P500K__FIXED_POSE_MPNN__499D245F888E5DC4	PVRIG_CAND_033	33	0.660714
NODE1GEN_183154_source_fixed_pose_mpnn_source_id_P500K__FIXED_POSE_MPNN__E25C2338B83B903C	PVRIG_CAND_006	6	NODE1GEN_235318_source_fixed_pose_mpnn_source_id_P500K__FIXED_POSE_MPNN__B52C2EC7CC64BFED	PVRIG_CAND_034	34	0.632035
NODE1GEN_183154_source_fixed_pose_mpnn_source_id_P500K__FIXED_POSE_MPNN__E25C2338B83B903C	PVRIG_CAND_006	6	NODE1GEN_076816_source_rfantibody_source_id_PVRIG_RFAb_v2_P4_ekg_L_bb155_mpn03_arm_P4_ekg_L_backbone_P4_ekg_L_bb155_status_NEEDS_RF2_AND_DOCKING	PVRIG_CAND_035	35	0.712963
NODE1GEN_183154_source_fixed_pose_mpnn_source_id_P500K__FIXED_POSE_MPNN__E25C2338B83B903C	PVRIG_CAND_006	6	NODE1GEN_136300_source_rfantibody_source_id_PVRIG_RFAb_v2_P6_qkg_L_bb255_mpn02_arm_P6_qkg_L_backbone_P6_qkg_L_bb255_status_NEEDS_RF2_AND_DOCKING	PVRIG_CAND_036	36	0.752294
NODE1GEN_183154_source_fixed_pose_mpnn_source_id_P500K__FIXED_POSE_MPNN__E25C2338B83B903C	PVRIG_CAND_006	6	NODE1GEN_095824_source_rfantibody_source_id_PVRIG_RFAb_v2_P4_qrg_L_bb358_mpn04_arm_P4_qrg_L_backbone_P4_qrg_L_bb358_status_NEEDS_RF2_AND_DOCKING	PVRIG_CAND_037	37	0.737778
NODE1GEN_183154_source_fixed_pose_mpnn_source_id_P500K__FIXED_POSE_MPNN__E25C2338B83B903C	PVRIG_CAND_006	6	NODE1GEN_017313_source_rfantibody_source_id_PVRIG_RFAb_v2_P1_qrg_L_bb054_mpn00_arm_P1_qrg_L_backbone_P1_qrg_L_bb054_status_NEEDS_RF2_AND_DOCKING	PVRIG_CAND_038	38	0.675676
NODE1GEN_183154_source_fixed_pose_mpnn_source_id_P500K__FIXED_POSE_MPNN__E25C2338B83B903C	PVRIG_CAND_006	6	NODE1GEN_109783_source_rfantibody_source_id_PVRIG_RFAb_v2_P5_qkg_L_bb121_mpn06_arm_P5_qkg_L_backbone_P5_qkg_L_bb121_status_NEEDS_RF2_AND_DOCKING	PVRIG_CAND_039	39	0.631111
NODE1GEN_183154_source_fixed_pose_mpnn_source_id_P500K__FIXED_POSE_MPNN__E25C2338B83B903C	PVRIG_CAND_006	6	NODE1GEN_100102_source_rfantibody_source_id_PVRIG_RFAb_v2_P5_ekg_L_bb007_mpn10_arm_P5_ekg_L_backbone_P5_ekg_L_bb007_status_NEEDS_RF2_AND_DOCKING	PVRIG_CAND_040	40	0.648148
NODE1GEN_183154_source_fixed_pose_mpnn_source_id_P500K__FIXED_POSE_MPNN__E25C2338B83B903C	PVRIG_CAND_006	6	NODE1GEN_109883_source_rfantibody_source_id_PVRIG_RFAb_v2_P5_qkg_L_bb130_mpn02_arm_P5_qkg_L_backbone_P5_qkg_L_bb130_status_NEEDS_RF2_AND_DOCKING	PVRIG_CAND_041	41	0.693780
NODE1GEN_183154_source_fixed_pose_mpnn_source_id_P500K__FIXED_POSE_MPNN__E25C2338B83B903C	PVRIG_CAND_006	6	P1MCPUFP__CPUFP500K_0030__00860	PVRIG_CAND_042	42	0.676190
NODE1GEN_183154_source_fixed_pose_mpnn_source_id_P500K__FIXED_POSE_MPNN__E25C2338B83B903C	PVRIG_CAND_006	6	P1MCPUFP__CPUFP500K_0029__00647	PVRIG_CAND_043	43	0.519313
NODE1GEN_183154_source_fixed_pose_mpnn_source_id_P500K__FIXED_POSE_MPNN__E25C2338B83B903C	PVRIG_CAND_006	6	P1MCPUFP__CPUFP500K_0090__00860	PVRIG_CAND_044	44	0.567686
NODE1GEN_183154_source_fixed_pose_mpnn_source_id_P500K__FIXED_POSE_MPNN__E25C2338B83B903C	PVRIG_CAND_006	6	P1MCPUFP__CPUFP500K_0289__00496	PVRIG_CAND_045	45	0.630901
NODE1GEN_183154_source_fixed_pose_mpnn_source_id_P500K__FIXED_POSE_MPNN__E25C2338B83B903C	PVRIG_CAND_006	6	P1MCPUFP__CPUFP500K_0091__00849	PVRIG_CAND_046	46	0.659193
NODE1GEN_183154_source_fixed_pose_mpnn_source_id_P500K__FIXED_POSE_MPNN__E25C2338B83B903C	PVRIG_CAND_006	6	P1MCPUFP__CPUFP500K_0388__00174	PVRIG_CAND_047	47	0.650442
NODE1GEN_183154_source_fixed_pose_mpnn_source_id_P500K__FIXED_POSE_MPNN__E25C2338B83B903C	PVRIG_CAND_006	6	P1MCPUFP__CPUFP500K_0487__00827	PVRIG_CAND_048	48	0.651376
NODE1GEN_183154_source_fixed_pose_mpnn_source_id_P500K__FIXED_POSE_MPNN__E25C2338B83B903C	PVRIG_CAND_006	6	P1MCPUFP__CPUFP500K_0188__00645	PVRIG_CAND_049	49	0.689189
NODE1GEN_183154_source_fixed_pose_mpnn_source_id_P500K__FIXED_POSE_MPNN__E25C2338B83B903C	PVRIG_CAND_006	6	NODE1GEN_128929_source_rfantibody_source_id_PVRIG_RFAb_v2_P6_ekg_L_bb339_mpn06_arm_P6_ekg_L_backbone_P6_ekg_L_bb339_status_NEEDS_RF2_AND_DOCKING	PVRIG_CAND_050	50	0.675799
P1MCPUFP__CPUFP500K_0100__00188	PVRIG_CAND_007	7	P1MCPUFP__CPUFP500K_0002__00919	PVRIG_CAND_008	8	0.763441
P1MCPUFP__CPUFP500K_0100__00188	PVRIG_CAND_007	7	P1MCPUFP__CPUFP500K_0288__00659	PVRIG_CAND_009	9	0.755319
P1MCPUFP__CPUFP500K_0100__00188	PVRIG_CAND_007	7	P1MCPUFP__CPUFP500K_0100__00092	PVRIG_CAND_010	10	0.612150
P1MCPUFP__CPUFP500K_0100__00188	PVRIG_CAND_007	7	NODE1GEN_154595_source_fixed_pose_mpnn_source_id_P500K__FIXED_POSE_MPNN__9B999365EA60CCE9	PVRIG_CAND_011	11	0.539474
P1MCPUFP__CPUFP500K_0100__00188	PVRIG_CAND_007	7	P1MCPUFP__CPUFP500K_0188__00282	PVRIG_CAND_012	12	0.807692
P1MCPUFP__CPUFP500K_0100__00188	PVRIG_CAND_007	7	NODE1GEN_191476_source_fixed_pose_mpnn_source_id_P500K__FIXED_POSE_MPNN__310934EF4B70CA47	PVRIG_CAND_013	13	0.789474
P1MCPUFP__CPUFP500K_0100__00188	PVRIG_CAND_007	7	P1MCPUFP__CPUFP500K_0090__00532	PVRIG_CAND_014	14	0.772727
P1MCPUFP__CPUFP500K_0100__00188	PVRIG_CAND_007	7	NODE1GEN_177961_source_fixed_pose_mpnn_source_id_P500K__FIXED_POSE_MPNN__8431DA62B813A913	PVRIG_CAND_015	15	0.787565
P1MCPUFP__CPUFP500K_0100__00188	PVRIG_CAND_007	7	NODE1GEN_206644_source_fixed_pose_mpnn_source_id_P500K__FIXED_POSE_MPNN__53F648E960398F2F	PVRIG_CAND_016	16	0.798969
P1MCPUFP__CPUFP500K_0100__00188	PVRIG_CAND_007	7	P1MCPUFP__CPUFP500K_0287__00804	PVRIG_CAND_017	17	0.772727
P1MCPUFP__CPUFP500K_0100__00188	PVRIG_CAND_007	7	NODE1GEN_127352_source_rfantibody_source_id_PVRIG_RFAb_v2_P6_ekg_L_bb203_mpn04_arm_P6_ekg_L_backbone_P6_ekg_L_bb203_status_NEEDS_RF2_AND_DOCKING	PVRIG_CAND_018	18	0.679558
P1MCPUFP__CPUFP500K_0100__00188	PVRIG_CAND_007	7	P1MCPUFP__CPUFP500K_0089__00735	PVRIG_CAND_019	19	0.788360
P1MCPUFP__CPUFP500K_0100__00188	PVRIG_CAND_007	7	NODE1GEN_258472_source_fixed_pose_mpnn_source_id_P500K__FIXED_POSE_MPNN__2E2B33208D567583	PVRIG_CAND_020	20	0.705263
P1MCPUFP__CPUFP500K_0100__00188	PVRIG_CAND_007	7	P1MCPUFP__CPUFP500K_0299__00780	PVRIG_CAND_021	21	0.811111
P1MCPUFP__CPUFP500K_0100__00188	PVRIG_CAND_007	7	P1MCPUFP__CPUFP500K_0189__00858	PVRIG_CAND_022	22	0.786096
P1MCPUFP__CPUFP500K_0100__00188	PVRIG_CAND_007	7	NODE1GEN_174576_source_fixed_pose_mpnn_source_id_P500K__FIXED_POSE_MPNN__D5384A7F42146722	PVRIG_CAND_023	23	0.555024
P1MCPUFP__CPUFP500K_0100__00188	PVRIG_CAND_007	7	NODE1GEN_002130_source_rfantibody_source_id_PVRIG_RFAb_v2_P1_ekg_L_bb177_mpn10_arm_P1_ekg_L_backbone_P1_ekg_L_bb177_status_NEEDS_RF2_AND_DOCKING	PVRIG_CAND_024	24	0.793103
P1MCPUFP__CPUFP500K_0100__00188	PVRIG_CAND_007	7	P1MCPUFP__CPUFP500K_0380__00771	PVRIG_CAND_025	25	0.680851
P1MCPUFP__CPUFP500K_0100__00188	PVRIG_CAND_007	7	NODE1GEN_217675_source_fixed_pose_mpnn_source_id_P500K__FIXED_POSE_MPNN__68DDB4A6D7CBCA89	PVRIG_CAND_026	26	0.806630
P1MCPUFP__CPUFP500K_0100__00188	PVRIG_CAND_007	7	P1MCPUFP__CPUFP500K_0404__00029	PVRIG_CAND_027	27	0.841530
P1MCPUFP__CPUFP500K_0100__00188	PVRIG_CAND_007	7	P1MCPUFP__CPUFP500K_0188__00549	PVRIG_CAND_028	28	0.783505
P1MCPUFP__CPUFP500K_0100__00188	PVRIG_CAND_007	7	P1MCPUFP__CPUFP500K_0188__00481	PVRIG_CAND_029	29	0.784211
P1MCPUFP__CPUFP500K_0100__00188	PVRIG_CAND_007	7	NODE1GEN_182669_source_fixed_pose_mpnn_source_id_P500K__FIXED_POSE_MPNN__D4BBD3AB583903E7	PVRIG_CAND_030	30	0.835227
P1MCPUFP__CPUFP500K_0100__00188	PVRIG_CAND_007	7	NODE1GEN_128014_source_rfantibody_source_id_PVRIG_RFAb_v2_P6_ekg_L_bb258_mpn01_arm_P6_ekg_L_backbone_P6_ekg_L_bb258_status_NEEDS_RF2_AND_DOCKING	PVRIG_CAND_031	31	0.867403
P1MCPUFP__CPUFP500K_0100__00188	PVRIG_CAND_007	7	NODE1GEN_218195_source_fixed_pose_mpnn_source_id_P500K__FIXED_POSE_MPNN__A6B62FDDBC1A99BE	PVRIG_CAND_032	32	0.811111
P1MCPUFP__CPUFP500K_0100__00188	PVRIG_CAND_007	7	NODE1GEN_195165_source_fixed_pose_mpnn_source_id_P500K__FIXED_POSE_MPNN__499D245F888E5DC4	PVRIG_CAND_033	33	0.775401
P1MCPUFP__CPUFP500K_0100__00188	PVRIG_CAND_007	7	NODE1GEN_235318_source_fixed_pose_mpnn_source_id_P500K__FIXED_POSE_MPNN__B52C2EC7CC64BFED	PVRIG_CAND_034	34	0.685000
P1MCPUFP__CPUFP500K_0100__00188	PVRIG_CAND_007	7	NODE1GEN_076816_source_rfantibody_source_id_PVRIG_RFAb_v2_P4_ekg_L_bb155_mpn03_arm_P4_ekg_L_backbone_P4_ekg_L_bb155_status_NEEDS_RF2_AND_DOCKING	PVRIG_CAND_035	35	0.755319
P1MCPUFP__CPUFP500K_0100__00188	PVRIG_CAND_007	7	NODE1GEN_136300_source_rfantibody_source_id_PVRIG_RFAb_v2_P6_qkg_L_bb255_mpn02_arm_P6_qkg_L_backbone_P6_qkg_L_bb255_status_NEEDS_RF2_AND_DOCKING	PVRIG_CAND_036	36	0.736041
P1MCPUFP__CPUFP500K_0100__00188	PVRIG_CAND_007	7	NODE1GEN_095824_source_rfantibody_source_id_PVRIG_RFAb_v2_P4_qrg_L_bb358_mpn04_arm_P4_qrg_L_backbone_P4_qrg_L_bb358_status_NEEDS_RF2_AND_DOCKING	PVRIG_CAND_037	37	0.729064
P1MCPUFP__CPUFP500K_0100__00188	PVRIG_CAND_007	7	NODE1GEN_017313_source_rfantibody_source_id_PVRIG_RFAb_v2_P1_qrg_L_bb054_mpn00_arm_P1_qrg_L_backbone_P1_qrg_L_bb054_status_NEEDS_RF2_AND_DOCKING	PVRIG_CAND_038	38	0.824176
P1MCPUFP__CPUFP500K_0100__00188	PVRIG_CAND_007	7	NODE1GEN_109783_source_rfantibody_source_id_PVRIG_RFAb_v2_P5_qkg_L_bb121_mpn06_arm_P5_qkg_L_backbone_P5_qkg_L_bb121_status_NEEDS_RF2_AND_DOCKING	PVRIG_CAND_039	39	0.816667
P1MCPUFP__CPUFP500K_0100__00188	PVRIG_CAND_007	7	NODE1GEN_100102_source_rfantibody_source_id_PVRIG_RFAb_v2_P5_ekg_L_bb007_mpn10_arm_P5_ekg_L_backbone_P5_ekg_L_bb007_status_NEEDS_RF2_AND_DOCKING	PVRIG_CAND_040	40	0.745856
P1MCPUFP__CPUFP500K_0100__00188	PVRIG_CAND_007	7	NODE1GEN_109883_source_rfantibody_source_id_PVRIG_RFAb_v2_P5_qkg_L_bb130_mpn02_arm_P5_qkg_L_backbone_P5_qkg_L_bb130_status_NEEDS_RF2_AND_DOCKING	PVRIG_CAND_041	41	0.715847
P1MCPUFP__CPUFP500K_0100__00188	PVRIG_CAND_007	7	P1MCPUFP__CPUFP500K_0030__00860	PVRIG_CAND_042	42	0.650794
P1MCPUFP__CPUFP500K_0100__00188	PVRIG_CAND_007	7	P1MCPUFP__CPUFP500K_0029__00647	PVRIG_CAND_043	43	0.679144
P1MCPUFP__CPUFP500K_0100__00188	PVRIG_CAND_007	7	P1MCPUFP__CPUFP500K_0090__00860	PVRIG_CAND_044	44	0.661458
P1MCPUFP__CPUFP500K_0100__00188	PVRIG_CAND_007	7	P1MCPUFP__CPUFP500K_0289__00496	PVRIG_CAND_045	45	0.634615
P1MCPUFP__CPUFP500K_0100__00188	PVRIG_CAND_007	7	P1MCPUFP__CPUFP500K_0091__00849	PVRIG_CAND_046	46	0.783784
P1MCPUFP__CPUFP500K_0100__00188	PVRIG_CAND_007	7	P1MCPUFP__CPUFP500K_0388__00174	PVRIG_CAND_047	47	0.790323
P1MCPUFP__CPUFP500K_0100__00188	PVRIG_CAND_007	7	P1MCPUFP__CPUFP500K_0487__00827	PVRIG_CAND_048	48	0.849711
P1MCPUFP__CPUFP500K_0100__00188	PVRIG_CAND_007	7	P1MCPUFP__CPUFP500K_0188__00645	PVRIG_CAND_049	49	0.791444
P1MCPUFP__CPUFP500K_0100__00188	PVRIG_CAND_007	7	NODE1GEN_128929_source_rfantibody_source_id_PVRIG_RFAb_v2_P6_ekg_L_bb339_mpn06_arm_P6_ekg_L_backbone_P6_ekg_L_bb339_status_NEEDS_RF2_AND_DOCKING	PVRIG_CAND_050	50	0.739362
P1MCPUFP__CPUFP500K_0002__00919	PVRIG_CAND_008	8	P1MCPUFP__CPUFP500K_0288__00659	PVRIG_CAND_009	9	0.735450
P1MCPUFP__CPUFP500K_0002__00919	PVRIG_CAND_008	8	P1MCPUFP__CPUFP500K_0100__00092	PVRIG_CAND_010	10	0.633333
P1MCPUFP__CPUFP500K_0002__00919	PVRIG_CAND_008	8	NODE1GEN_154595_source_fixed_pose_mpnn_source_id_P500K__FIXED_POSE_MPNN__9B999365EA60CCE9	PVRIG_CAND_011	11	0.558036
P1MCPUFP__CPUFP500K_0002__00919	PVRIG_CAND_008	8	P1MCPUFP__CPUFP500K_0188__00282	PVRIG_CAND_012	12	0.721053
P1MCPUFP__CPUFP500K_0002__00919	PVRIG_CAND_008	8	NODE1GEN_191476_source_fixed_pose_mpnn_source_id_P500K__FIXED_POSE_MPNN__310934EF4B70CA47	PVRIG_CAND_013	13	0.769634
P1MCPUFP__CPUFP500K_0002__00919	PVRIG_CAND_008	8	P1MCPUFP__CPUFP500K_0090__00532	PVRIG_CAND_014	14	0.722222
P1MCPUFP__CPUFP500K_0002__00919	PVRIG_CAND_008	8	NODE1GEN_177961_source_fixed_pose_mpnn_source_id_P500K__FIXED_POSE_MPNN__8431DA62B813A913	PVRIG_CAND_015	15	0.741117
P1MCPUFP__CPUFP500K_0002__00919	PVRIG_CAND_008	8	NODE1GEN_206644_source_fixed_pose_mpnn_source_id_P500K__FIXED_POSE_MPNN__53F648E960398F2F	PVRIG_CAND_016	16	0.709360
P1MCPUFP__CPUFP500K_0002__00919	PVRIG_CAND_008	8	P1MCPUFP__CPUFP500K_0287__00804	PVRIG_CAND_017	17	0.771429
P1MCPUFP__CPUFP500K_0002__00919	PVRIG_CAND_008	8	NODE1GEN_127352_source_rfantibody_source_id_PVRIG_RFAb_v2_P6_ekg_L_bb203_mpn04_arm_P6_ekg_L_backbone_P6_ekg_L_bb203_status_NEEDS_RF2_AND_DOCKING	PVRIG_CAND_018	18	0.650273
P1MCPUFP__CPUFP500K_0002__00919	PVRIG_CAND_008	8	P1MCPUFP__CPUFP500K_0089__00735	PVRIG_CAND_019	19	0.846154
P1MCPUFP__CPUFP500K_0002__00919	PVRIG_CAND_008	8	NODE1GEN_258472_source_fixed_pose_mpnn_source_id_P500K__FIXED_POSE_MPNN__2E2B33208D567583	PVRIG_CAND_020	20	0.769231
P1MCPUFP__CPUFP500K_0002__00919	PVRIG_CAND_008	8	P1MCPUFP__CPUFP500K_0299__00780	PVRIG_CAND_021	21	0.732620
P1MCPUFP__CPUFP500K_0002__00919	PVRIG_CAND_008	8	P1MCPUFP__CPUFP500K_0189__00858	PVRIG_CAND_022	22	0.765957
P1MCPUFP__CPUFP500K_0002__00919	PVRIG_CAND_008	8	NODE1GEN_174576_source_fixed_pose_mpnn_source_id_P500K__FIXED_POSE_MPNN__D5384A7F42146722	PVRIG_CAND_023	23	0.567961
P1MCPUFP__CPUFP500K_0002__00919	PVRIG_CAND_008	8	NODE1GEN_002130_source_rfantibody_source_id_PVRIG_RFAb_v2_P1_ekg_L_bb177_mpn10_arm_P1_ekg_L_backbone_P1_ekg_L_bb177_status_NEEDS_RF2_AND_DOCKING	PVRIG_CAND_024	24	0.731844
P1MCPUFP__CPUFP500K_0002__00919	PVRIG_CAND_008	8	P1MCPUFP__CPUFP500K_0380__00771	PVRIG_CAND_025	25	0.706522
P1MCPUFP__CPUFP500K_0002__00919	PVRIG_CAND_008	8	NODE1GEN_217675_source_fixed_pose_mpnn_source_id_P500K__FIXED_POSE_MPNN__68DDB4A6D7CBCA89	PVRIG_CAND_026	26	0.756757
P1MCPUFP__CPUFP500K_0002__00919	PVRIG_CAND_008	8	P1MCPUFP__CPUFP500K_0404__00029	PVRIG_CAND_027	27	0.744792
P1MCPUFP__CPUFP500K_0002__00919	PVRIG_CAND_008	8	P1MCPUFP__CPUFP500K_0188__00549	PVRIG_CAND_028	28	0.711443
P1MCPUFP__CPUFP500K_0002__00919	PVRIG_CAND_008	8	P1MCPUFP__CPUFP500K_0188__00481	PVRIG_CAND_029	29	0.728205
P1MCPUFP__CPUFP500K_0002__00919	PVRIG_CAND_008	8	NODE1GEN_182669_source_fixed_pose_mpnn_source_id_P500K__FIXED_POSE_MPNN__D4BBD3AB583903E7	PVRIG_CAND_030	30	0.735135
P1MCPUFP__CPUFP500K_0002__00919	PVRIG_CAND_008	8	NODE1GEN_128014_source_rfantibody_source_id_PVRIG_RFAb_v2_P6_ekg_L_bb258_mpn01_arm_P6_ekg_L_backbone_P6_ekg_L_bb258_status_NEEDS_RF2_AND_DOCKING	PVRIG_CAND_031	31	0.777778
P1MCPUFP__CPUFP500K_0002__00919	PVRIG_CAND_008	8	NODE1GEN_218195_source_fixed_pose_mpnn_source_id_P500K__FIXED_POSE_MPNN__A6B62FDDBC1A99BE	PVRIG_CAND_032	32	0.760870
P1MCPUFP__CPUFP500K_0002__00919	PVRIG_CAND_008	8	NODE1GEN_195165_source_fixed_pose_mpnn_source_id_P500K__FIXED_POSE_MPNN__499D245F888E5DC4	PVRIG_CAND_033	33	0.764706
P1MCPUFP__CPUFP500K_0002__00919	PVRIG_CAND_008	8	NODE1GEN_235318_source_fixed_pose_mpnn_source_id_P500K__FIXED_POSE_MPNN__B52C2EC7CC64BFED	PVRIG_CAND_034	34	0.675000
P1MCPUFP__CPUFP500K_0002__00919	PVRIG_CAND_008	8	NODE1GEN_076816_source_rfantibody_source_id_PVRIG_RFAb_v2_P4_ekg_L_bb155_mpn03_arm_P4_ekg_L_backbone_P4_ekg_L_bb155_status_NEEDS_RF2_AND_DOCKING	PVRIG_CAND_035	35	0.699482
P1MCPUFP__CPUFP500K_0002__00919	PVRIG_CAND_008	8	NODE1GEN_136300_source_rfantibody_source_id_PVRIG_RFAb_v2_P6_qkg_L_bb255_mpn02_arm_P6_qkg_L_backbone_P6_qkg_L_bb255_status_NEEDS_RF2_AND_DOCKING	PVRIG_CAND_036	36	0.717172
P1MCPUFP__CPUFP500K_0002__00919	PVRIG_CAND_008	8	NODE1GEN_095824_source_rfantibody_source_id_PVRIG_RFAb_v2_P4_qrg_L_bb358_mpn04_arm_P4_qrg_L_backbone_P4_qrg_L_bb358_status_NEEDS_RF2_AND_DOCKING	PVRIG_CAND_037	37	0.630841
P1MCPUFP__CPUFP500K_0002__00919	PVRIG_CAND_008	8	NODE1GEN_017313_source_rfantibody_source_id_PVRIG_RFAb_v2_P1_qrg_L_bb054_mpn00_arm_P1_qrg_L_backbone_P1_qrg_L_bb054_status_NEEDS_RF2_AND_DOCKING	PVRIG_CAND_038	38	0.843575
P1MCPUFP__CPUFP500K_0002__00919	PVRIG_CAND_008	8	NODE1GEN_109783_source_rfantibody_source_id_PVRIG_RFAb_v2_P5_qkg_L_bb121_mpn06_arm_P5_qkg_L_backbone_P5_qkg_L_bb121_status_NEEDS_RF2_AND_DOCKING	PVRIG_CAND_039	39	0.775956
P1MCPUFP__CPUFP500K_0002__00919	PVRIG_CAND_008	8	NODE1GEN_100102_source_rfantibody_source_id_PVRIG_RFAb_v2_P5_ekg_L_bb007_mpn10_arm_P5_ekg_L_backbone_P5_ekg_L_bb007_status_NEEDS_RF2_AND_DOCKING	PVRIG_CAND_040	40	0.744444
P1MCPUFP__CPUFP500K_0002__00919	PVRIG_CAND_008	8	NODE1GEN_109883_source_rfantibody_source_id_PVRIG_RFAb_v2_P5_qkg_L_bb130_mpn02_arm_P5_qkg_L_backbone_P5_qkg_L_bb130_status_NEEDS_RF2_AND_DOCKING	PVRIG_CAND_041	41	0.650794
P1MCPUFP__CPUFP500K_0002__00919	PVRIG_CAND_008	8	P1MCPUFP__CPUFP500K_0030__00860	PVRIG_CAND_042	42	0.557789
P1MCPUFP__CPUFP500K_0002__00919	PVRIG_CAND_008	8	P1MCPUFP__CPUFP500K_0029__00647	PVRIG_CAND_043	43	0.686486
P1MCPUFP__CPUFP500K_0002__00919	PVRIG_CAND_008	8	P1MCPUFP__CPUFP500K_0090__00860	PVRIG_CAND_044	44	0.651042
P1MCPUFP__CPUFP500K_0002__00919	PVRIG_CAND_008	8	P1MCPUFP__CPUFP500K_0289__00496	PVRIG_CAND_045	45	0.632850
P1MCPUFP__CPUFP500K_0002__00919	PVRIG_CAND_008	8	P1MCPUFP__CPUFP500K_0091__00849	PVRIG_CAND_046	46	0.812155
P1MCPUFP__CPUFP500K_0002__00919	PVRIG_CAND_008	8	P1MCPUFP__CPUFP500K_0388__00174	PVRIG_CAND_047	47	0.818681
P1MCPUFP__CPUFP500K_0002__00919	PVRIG_CAND_008	8	P1MCPUFP__CPUFP500K_0487__00827	PVRIG_CAND_048	48	0.776536
P1MCPUFP__CPUFP500K_0002__00919	PVRIG_CAND_008	8	P1MCPUFP__CPUFP500K_0188__00645	PVRIG_CAND_049	49	0.752632
P1MCPUFP__CPUFP500K_0002__00919	PVRIG_CAND_008	8	NODE1GEN_128929_source_rfantibody_source_id_PVRIG_RFAb_v2_P6_ekg_L_bb339_mpn06_arm_P6_ekg_L_backbone_P6_ekg_L_bb339_status_NEEDS_RF2_AND_DOCKING	PVRIG_CAND_050	50	0.625000
P1MCPUFP__CPUFP500K_0288__00659	PVRIG_CAND_009	9	P1MCPUFP__CPUFP500K_0100__00092	PVRIG_CAND_010	10	0.691176
P1MCPUFP__CPUFP500K_0288__00659	PVRIG_CAND_009	9	NODE1GEN_154595_source_fixed_pose_mpnn_source_id_P500K__FIXED_POSE_MPNN__9B999365EA60CCE9	PVRIG_CAND_011	11	0.602740
P1MCPUFP__CPUFP500K_0288__00659	PVRIG_CAND_009	9	P1MCPUFP__CPUFP500K_0188__00282	PVRIG_CAND_012	12	0.695876
P1MCPUFP__CPUFP500K_0288__00659	PVRIG_CAND_009	9	NODE1GEN_191476_source_fixed_pose_mpnn_source_id_P500K__FIXED_POSE_MPNN__310934EF4B70CA47	PVRIG_CAND_013	13	0.857923
P1MCPUFP__CPUFP500K_0288__00659	PVRIG_CAND_009	9	P1MCPUFP__CPUFP500K_0090__00532	PVRIG_CAND_014	14	0.752809
P1MCPUFP__CPUFP500K_0288__00659	PVRIG_CAND_009	9	NODE1GEN_177961_source_fixed_pose_mpnn_source_id_P500K__FIXED_POSE_MPNN__8431DA62B813A913	PVRIG_CAND_015	15	0.716418
P1MCPUFP__CPUFP500K_0288__00659	PVRIG_CAND_009	9	NODE1GEN_206644_source_fixed_pose_mpnn_source_id_P500K__FIXED_POSE_MPNN__53F648E960398F2F	PVRIG_CAND_016	16	0.780612
P1MCPUFP__CPUFP500K_0288__00659	PVRIG_CAND_009	9	P1MCPUFP__CPUFP500K_0287__00804	PVRIG_CAND_017	17	0.733333
P1MCPUFP__CPUFP500K_0288__00659	PVRIG_CAND_009	9	NODE1GEN_127352_source_rfantibody_source_id_PVRIG_RFAb_v2_P6_ekg_L_bb203_mpn04_arm_P6_ekg_L_backbone_P6_ekg_L_bb203_status_NEEDS_RF2_AND_DOCKING	PVRIG_CAND_018	18	0.679558
P1MCPUFP__CPUFP500K_0288__00659	PVRIG_CAND_009	9	P1MCPUFP__CPUFP500K_0089__00735	PVRIG_CAND_019	19	0.769634
P1MCPUFP__CPUFP500K_0288__00659	PVRIG_CAND_009	9	NODE1GEN_258472_source_fixed_pose_mpnn_source_id_P500K__FIXED_POSE_MPNN__2E2B33208D567583	PVRIG_CAND_020	20	0.670103
P1MCPUFP__CPUFP500K_0288__00659	PVRIG_CAND_009	9	P1MCPUFP__CPUFP500K_0299__00780	PVRIG_CAND_021	21	0.791209
P1MCPUFP__CPUFP500K_0288__00659	PVRIG_CAND_009	9	P1MCPUFP__CPUFP500K_0189__00858	PVRIG_CAND_022	22	0.721649
P1MCPUFP__CPUFP500K_0288__00659	PVRIG_CAND_009	9	NODE1GEN_174576_source_fixed_pose_mpnn_source_id_P500K__FIXED_POSE_MPNN__D5384A7F42146722	PVRIG_CAND_023	23	0.463964
P1MCPUFP__CPUFP500K_0288__00659	PVRIG_CAND_009	9	NODE1GEN_002130_source_rfantibody_source_id_PVRIG_RFAb_v2_P1_ekg_L_bb177_mpn10_arm_P1_ekg_L_backbone_P1_ekg_L_bb177_status_NEEDS_RF2_AND_DOCKING	PVRIG_CAND_024	24	0.762712
P1MCPUFP__CPUFP500K_0288__00659	PVRIG_CAND_009	9	P1MCPUFP__CPUFP500K_0380__00771	PVRIG_CAND_025	25	0.775281
P1MCPUFP__CPUFP500K_0288__00659	PVRIG_CAND_009	9	NODE1GEN_217675_source_fixed_pose_mpnn_source_id_P500K__FIXED_POSE_MPNN__68DDB4A6D7CBCA89	PVRIG_CAND_026	26	0.748663
P1MCPUFP__CPUFP500K_0288__00659	PVRIG_CAND_009	9	P1MCPUFP__CPUFP500K_0404__00029	PVRIG_CAND_027	27	0.764398
P1MCPUFP__CPUFP500K_0288__00659	PVRIG_CAND_009	9	P1MCPUFP__CPUFP500K_0188__00549	PVRIG_CAND_028	28	0.774359
P1MCPUFP__CPUFP500K_0288__00659	PVRIG_CAND_009	9	P1MCPUFP__CPUFP500K_0188__00481	PVRIG_CAND_029	29	0.774869
P1MCPUFP__CPUFP500K_0288__00659	PVRIG_CAND_009	9	NODE1GEN_182669_source_fixed_pose_mpnn_source_id_P500K__FIXED_POSE_MPNN__D4BBD3AB583903E7	PVRIG_CAND_030	30	0.727273
P1MCPUFP__CPUFP500K_0288__00659	PVRIG_CAND_009	9	NODE1GEN_128014_source_rfantibody_source_id_PVRIG_RFAb_v2_P6_ekg_L_bb258_mpn01_arm_P6_ekg_L_backbone_P6_ekg_L_bb258_status_NEEDS_RF2_AND_DOCKING	PVRIG_CAND_031	31	0.817204
P1MCPUFP__CPUFP500K_0288__00659	PVRIG_CAND_009	9	NODE1GEN_218195_source_fixed_pose_mpnn_source_id_P500K__FIXED_POSE_MPNN__A6B62FDDBC1A99BE	PVRIG_CAND_032	32	0.791209
P1MCPUFP__CPUFP500K_0288__00659	PVRIG_CAND_009	9	NODE1GEN_195165_source_fixed_pose_mpnn_source_id_P500K__FIXED_POSE_MPNN__499D245F888E5DC4	PVRIG_CAND_033	33	0.775401
P1MCPUFP__CPUFP500K_0288__00659	PVRIG_CAND_009	9	NODE1GEN_235318_source_fixed_pose_mpnn_source_id_P500K__FIXED_POSE_MPNN__B52C2EC7CC64BFED	PVRIG_CAND_034	34	0.783069
P1MCPUFP__CPUFP500K_0288__00659	PVRIG_CAND_009	9	NODE1GEN_076816_source_rfantibody_source_id_PVRIG_RFAb_v2_P4_ekg_L_bb155_mpn03_arm_P4_ekg_L_backbone_P4_ekg_L_bb155_status_NEEDS_RF2_AND_DOCKING	PVRIG_CAND_035	35	0.813187
P1MCPUFP__CPUFP500K_0288__00659	PVRIG_CAND_009	9	NODE1GEN_136300_source_rfantibody_source_id_PVRIG_RFAb_v2_P6_qkg_L_bb255_mpn02_arm_P6_qkg_L_backbone_P6_qkg_L_bb255_status_NEEDS_RF2_AND_DOCKING	PVRIG_CAND_036	36	0.744898
P1MCPUFP__CPUFP500K_0288__00659	PVRIG_CAND_009	9	NODE1GEN_095824_source_rfantibody_source_id_PVRIG_RFAb_v2_P4_qrg_L_bb358_mpn04_arm_P4_qrg_L_backbone_P4_qrg_L_bb358_status_NEEDS_RF2_AND_DOCKING	PVRIG_CAND_037	37	0.687500
P1MCPUFP__CPUFP500K_0288__00659	PVRIG_CAND_009	9	NODE1GEN_017313_source_rfantibody_source_id_PVRIG_RFAb_v2_P1_qrg_L_bb054_mpn00_arm_P1_qrg_L_backbone_P1_qrg_L_bb054_status_NEEDS_RF2_AND_DOCKING	PVRIG_CAND_038	38	0.784946
P1MCPUFP__CPUFP500K_0288__00659	PVRIG_CAND_009	9	NODE1GEN_109783_source_rfantibody_source_id_PVRIG_RFAb_v2_P5_qkg_L_bb121_mpn06_arm_P5_qkg_L_backbone_P5_qkg_L_bb121_status_NEEDS_RF2_AND_DOCKING	PVRIG_CAND_039	39	0.694301
P1MCPUFP__CPUFP500K_0288__00659	PVRIG_CAND_009	9	NODE1GEN_100102_source_rfantibody_source_id_PVRIG_RFAb_v2_P5_ekg_L_bb007_mpn10_arm_P5_ekg_L_backbone_P5_ekg_L_bb007_status_NEEDS_RF2_AND_DOCKING	PVRIG_CAND_040	40	0.816092
P1MCPUFP__CPUFP500K_0288__00659	PVRIG_CAND_009	9	NODE1GEN_109883_source_rfantibody_source_id_PVRIG_RFAb_v2_P5_qkg_L_bb130_mpn02_arm_P5_qkg_L_backbone_P5_qkg_L_bb130_status_NEEDS_RF2_AND_DOCKING	PVRIG_CAND_041	41	0.725275
P1MCPUFP__CPUFP500K_0288__00659	PVRIG_CAND_009	9	P1MCPUFP__CPUFP500K_0030__00860	PVRIG_CAND_042	42	0.633508
P1MCPUFP__CPUFP500K_0288__00659	PVRIG_CAND_009	9	P1MCPUFP__CPUFP500K_0029__00647	PVRIG_CAND_043	43	0.706522
P1MCPUFP__CPUFP500K_0288__00659	PVRIG_CAND_009	9	P1MCPUFP__CPUFP500K_0090__00860	PVRIG_CAND_044	44	0.733696
P1MCPUFP__CPUFP500K_0288__00659	PVRIG_CAND_009	9	P1MCPUFP__CPUFP500K_0289__00496	PVRIG_CAND_045	45	0.752577
P1MCPUFP__CPUFP500K_0288__00659	PVRIG_CAND_009	9	P1MCPUFP__CPUFP500K_0091__00849	PVRIG_CAND_046	46	0.793478
P1MCPUFP__CPUFP500K_0288__00659	PVRIG_CAND_009	9	P1MCPUFP__CPUFP500K_0388__00174	PVRIG_CAND_047	47	0.800000
P1MCPUFP__CPUFP500K_0288__00659	PVRIG_CAND_009	9	P1MCPUFP__CPUFP500K_0487__00827	PVRIG_CAND_048	48	0.828571
P1MCPUFP__CPUFP500K_0288__00659	PVRIG_CAND_009	9	P1MCPUFP__CPUFP500K_0188__00645	PVRIG_CAND_049	49	0.840659
P1MCPUFP__CPUFP500K_0288__00659	PVRIG_CAND_009	9	NODE1GEN_128929_source_rfantibody_source_id_PVRIG_RFAb_v2_P6_ekg_L_bb339_mpn06_arm_P6_ekg_L_backbone_P6_ekg_L_bb339_status_NEEDS_RF2_AND_DOCKING	PVRIG_CAND_050	50	0.676923
P1MCPUFP__CPUFP500K_0100__00092	PVRIG_CAND_010	10	NODE1GEN_154595_source_fixed_pose_mpnn_source_id_P500K__FIXED_POSE_MPNN__9B999365EA60CCE9	PVRIG_CAND_011	11	0.776699
P1MCPUFP__CPUFP500K_0100__00092	PVRIG_CAND_010	10	P1MCPUFP__CPUFP500K_0188__00282	PVRIG_CAND_012	12	0.542601
P1MCPUFP__CPUFP500K_0100__00092	PVRIG_CAND_010	10	NODE1GEN_191476_source_fixed_pose_mpnn_source_id_P500K__FIXED_POSE_MPNN__310934EF4B70CA47	PVRIG_CAND_013	13	0.682464
P1MCPUFP__CPUFP500K_0100__00092	PVRIG_CAND_010	10	P1MCPUFP__CPUFP500K_0090__00532	PVRIG_CAND_014	14	0.635000
P1MCPUFP__CPUFP500K_0100__00092	PVRIG_CAND_010	10	NODE1GEN_177961_source_fixed_pose_mpnn_source_id_P500K__FIXED_POSE_MPNN__8431DA62B813A913	PVRIG_CAND_015	15	0.551724
P1MCPUFP__CPUFP500K_0100__00092	PVRIG_CAND_010	10	NODE1GEN_206644_source_fixed_pose_mpnn_source_id_P500K__FIXED_POSE_MPNN__53F648E960398F2F	PVRIG_CAND_016	16	0.662100
P1MCPUFP__CPUFP500K_0100__00092	PVRIG_CAND_010	10	P1MCPUFP__CPUFP500K_0287__00804	PVRIG_CAND_017	17	0.579710
P1MCPUFP__CPUFP500K_0100__00092	PVRIG_CAND_010	10	NODE1GEN_127352_source_rfantibody_source_id_PVRIG_RFAb_v2_P6_ekg_L_bb203_mpn04_arm_P6_ekg_L_backbone_P6_ekg_L_bb203_status_NEEDS_RF2_AND_DOCKING	PVRIG_CAND_018	18	0.603015
P1MCPUFP__CPUFP500K_0100__00092	PVRIG_CAND_010	10	P1MCPUFP__CPUFP500K_0089__00735	PVRIG_CAND_019	19	0.575893
P1MCPUFP__CPUFP500K_0100__00092	PVRIG_CAND_010	10	NODE1GEN_258472_source_fixed_pose_mpnn_source_id_P500K__FIXED_POSE_MPNN__2E2B33208D567583	PVRIG_CAND_020	20	0.506667
P1MCPUFP__CPUFP500K_0100__00092	PVRIG_CAND_010	10	P1MCPUFP__CPUFP500K_0299__00780	PVRIG_CAND_021	21	0.600939
P1MCPUFP__CPUFP500K_0100__00092	PVRIG_CAND_010	10	P1MCPUFP__CPUFP500K_0189__00858	PVRIG_CAND_022	22	0.572072
P1MCPUFP__CPUFP500K_0100__00092	PVRIG_CAND_010	10	NODE1GEN_174576_source_fixed_pose_mpnn_source_id_P500K__FIXED_POSE_MPNN__D5384A7F42146722	PVRIG_CAND_023	23	0.354582
P1MCPUFP__CPUFP500K_0100__00092	PVRIG_CAND_010	10	NODE1GEN_002130_source_rfantibody_source_id_PVRIG_RFAb_v2_P1_ekg_L_bb177_mpn10_arm_P1_ekg_L_backbone_P1_ekg_L_bb177_status_NEEDS_RF2_AND_DOCKING	PVRIG_CAND_024	24	0.587379
P1MCPUFP__CPUFP500K_0100__00092	PVRIG_CAND_010	10	P1MCPUFP__CPUFP500K_0380__00771	PVRIG_CAND_025	25	0.697436
P1MCPUFP__CPUFP500K_0100__00092	PVRIG_CAND_010	10	NODE1GEN_217675_source_fixed_pose_mpnn_source_id_P500K__FIXED_POSE_MPNN__68DDB4A6D7CBCA89	PVRIG_CAND_026	26	0.620853
P1MCPUFP__CPUFP500K_0100__00092	PVRIG_CAND_010	10	P1MCPUFP__CPUFP500K_0404__00029	PVRIG_CAND_027	27	0.629630
P1MCPUFP__CPUFP500K_0100__00092	PVRIG_CAND_010	10	P1MCPUFP__CPUFP500K_0188__00549	PVRIG_CAND_028	28	0.633484
P1MCPUFP__CPUFP500K_0100__00092	PVRIG_CAND_010	10	P1MCPUFP__CPUFP500K_0188__00481	PVRIG_CAND_029	29	0.616438
P1MCPUFP__CPUFP500K_0100__00092	PVRIG_CAND_010	10	NODE1GEN_182669_source_fixed_pose_mpnn_source_id_P500K__FIXED_POSE_MPNN__D4BBD3AB583903E7	PVRIG_CAND_030	30	0.586854
P1MCPUFP__CPUFP500K_0100__00092	PVRIG_CAND_010	10	NODE1GEN_128014_source_rfantibody_source_id_PVRIG_RFAb_v2_P6_ekg_L_bb258_mpn01_arm_P6_ekg_L_backbone_P6_ekg_L_bb258_status_NEEDS_RF2_AND_DOCKING	PVRIG_CAND_031	31	0.672986
P1MCPUFP__CPUFP500K_0100__00092	PVRIG_CAND_010	10	NODE1GEN_218195_source_fixed_pose_mpnn_source_id_P500K__FIXED_POSE_MPNN__A6B62FDDBC1A99BE	PVRIG_CAND_032	32	0.571429
P1MCPUFP__CPUFP500K_0100__00092	PVRIG_CAND_010	10	NODE1GEN_195165_source_fixed_pose_mpnn_source_id_P500K__FIXED_POSE_MPNN__499D245F888E5DC4	PVRIG_CAND_033	33	0.636792
P1MCPUFP__CPUFP500K_0100__00092	PVRIG_CAND_010	10	NODE1GEN_235318_source_fixed_pose_mpnn_source_id_P500K__FIXED_POSE_MPNN__B52C2EC7CC64BFED	PVRIG_CAND_034	34	0.742574
P1MCPUFP__CPUFP500K_0100__00092	PVRIG_CAND_010	10	NODE1GEN_076816_source_rfantibody_source_id_PVRIG_RFAb_v2_P4_ekg_L_bb155_mpn03_arm_P4_ekg_L_backbone_P4_ekg_L_bb155_status_NEEDS_RF2_AND_DOCKING	PVRIG_CAND_035	35	0.716418
P1MCPUFP__CPUFP500K_0100__00092	PVRIG_CAND_010	10	NODE1GEN_136300_source_rfantibody_source_id_PVRIG_RFAb_v2_P6_qkg_L_bb255_mpn02_arm_P6_qkg_L_backbone_P6_qkg_L_bb255_status_NEEDS_RF2_AND_DOCKING	PVRIG_CAND_036	36	0.676056
P1MCPUFP__CPUFP500K_0100__00092	PVRIG_CAND_010	10	NODE1GEN_095824_source_rfantibody_source_id_PVRIG_RFAb_v2_P4_qrg_L_bb358_mpn04_arm_P4_qrg_L_backbone_P4_qrg_L_bb358_status_NEEDS_RF2_AND_DOCKING	PVRIG_CAND_037	37	0.591304
P1MCPUFP__CPUFP500K_0100__00092	PVRIG_CAND_010	10	NODE1GEN_017313_source_rfantibody_source_id_PVRIG_RFAb_v2_P1_qrg_L_bb054_mpn00_arm_P1_qrg_L_backbone_P1_qrg_L_bb054_status_NEEDS_RF2_AND_DOCKING	PVRIG_CAND_038	38	0.613953
P1MCPUFP__CPUFP500K_0100__00092	PVRIG_CAND_010	10	NODE1GEN_109783_source_rfantibody_source_id_PVRIG_RFAb_v2_P5_qkg_L_bb121_mpn06_arm_P5_qkg_L_backbone_P5_qkg_L_bb121_status_NEEDS_RF2_AND_DOCKING	PVRIG_CAND_039	39	0.568807
P1MCPUFP__CPUFP500K_0100__00092	PVRIG_CAND_010	10	NODE1GEN_100102_source_rfantibody_source_id_PVRIG_RFAb_v2_P5_ekg_L_bb007_mpn10_arm_P5_ekg_L_backbone_P5_ekg_L_bb007_status_NEEDS_RF2_AND_DOCKING	PVRIG_CAND_040	40	0.680203
P1MCPUFP__CPUFP500K_0100__00092	PVRIG_CAND_010	10	NODE1GEN_109883_source_rfantibody_source_id_PVRIG_RFAb_v2_P5_qkg_L_bb130_mpn02_arm_P5_qkg_L_backbone_P5_qkg_L_bb130_status_NEEDS_RF2_AND_DOCKING	PVRIG_CAND_041	41	0.530233
P1MCPUFP__CPUFP500K_0100__00092	PVRIG_CAND_010	10	P1MCPUFP__CPUFP500K_0030__00860	PVRIG_CAND_042	42	0.506912
P1MCPUFP__CPUFP500K_0100__00092	PVRIG_CAND_010	10	P1MCPUFP__CPUFP500K_0029__00647	PVRIG_CAND_043	43	0.645000
P1MCPUFP__CPUFP500K_0100__00092	PVRIG_CAND_010	10	P1MCPUFP__CPUFP500K_0090__00860	PVRIG_CAND_044	44	0.704082
P1MCPUFP__CPUFP500K_0100__00092	PVRIG_CAND_010	10	P1MCPUFP__CPUFP500K_0289__00496	PVRIG_CAND_045	45	0.731707
P1MCPUFP__CPUFP500K_0100__00092	PVRIG_CAND_010	10	P1MCPUFP__CPUFP500K_0091__00849	PVRIG_CAND_046	46	0.619718
P1MCPUFP__CPUFP500K_0100__00092	PVRIG_CAND_010	10	P1MCPUFP__CPUFP500K_0388__00174	PVRIG_CAND_047	47	0.649289
P1MCPUFP__CPUFP500K_0100__00092	PVRIG_CAND_010	10	P1MCPUFP__CPUFP500K_0487__00827	PVRIG_CAND_048	48	0.675000
P1MCPUFP__CPUFP500K_0100__00092	PVRIG_CAND_010	10	P1MCPUFP__CPUFP500K_0188__00645	PVRIG_CAND_049	49	0.650943
P1MCPUFP__CPUFP500K_0100__00092	PVRIG_CAND_010	10	NODE1GEN_128929_source_rfantibody_source_id_PVRIG_RFAb_v2_P6_ekg_L_bb339_mpn06_arm_P6_ekg_L_backbone_P6_ekg_L_bb339_status_NEEDS_RF2_AND_DOCKING	PVRIG_CAND_050	50	0.500000
NODE1GEN_154595_source_fixed_pose_mpnn_source_id_P500K__FIXED_POSE_MPNN__9B999365EA60CCE9	PVRIG_CAND_011	11	P1MCPUFP__CPUFP500K_0188__00282	PVRIG_CAND_012	12	0.476793
NODE1GEN_154595_source_fixed_pose_mpnn_source_id_P500K__FIXED_POSE_MPNN__9B999365EA60CCE9	PVRIG_CAND_011	11	NODE1GEN_191476_source_fixed_pose_mpnn_source_id_P500K__FIXED_POSE_MPNN__310934EF4B70CA47	PVRIG_CAND_013	13	0.583333
NODE1GEN_154595_source_fixed_pose_mpnn_source_id_P500K__FIXED_POSE_MPNN__9B999365EA60CCE9	PVRIG_CAND_011	11	P1MCPUFP__CPUFP500K_0090__00532	PVRIG_CAND_014	14	0.556075
NODE1GEN_154595_source_fixed_pose_mpnn_source_id_P500K__FIXED_POSE_MPNN__9B999365EA60CCE9	PVRIG_CAND_011	11	NODE1GEN_177961_source_fixed_pose_mpnn_source_id_P500K__FIXED_POSE_MPNN__8431DA62B813A913	PVRIG_CAND_015	15	0.487805
NODE1GEN_154595_source_fixed_pose_mpnn_source_id_P500K__FIXED_POSE_MPNN__9B999365EA60CCE9	PVRIG_CAND_011	11	NODE1GEN_206644_source_fixed_pose_mpnn_source_id_P500K__FIXED_POSE_MPNN__53F648E960398F2F	PVRIG_CAND_016	16	0.601732
NODE1GEN_154595_source_fixed_pose_mpnn_source_id_P500K__FIXED_POSE_MPNN__9B999365EA60CCE9	PVRIG_CAND_011	11	P1MCPUFP__CPUFP500K_0287__00804	PVRIG_CAND_017	17	0.506787
NODE1GEN_154595_source_fixed_pose_mpnn_source_id_P500K__FIXED_POSE_MPNN__9B999365EA60CCE9	PVRIG_CAND_011	11	NODE1GEN_127352_source_rfantibody_source_id_PVRIG_RFAb_v2_P6_ekg_L_bb203_mpn04_arm_P6_ekg_L_backbone_P6_ekg_L_bb203_status_NEEDS_RF2_AND_DOCKING	PVRIG_CAND_018	18	0.608911
NODE1GEN_154595_source_fixed_pose_mpnn_source_id_P500K__FIXED_POSE_MPNN__9B999365EA60CCE9	PVRIG_CAND_011	11	P1MCPUFP__CPUFP500K_0089__00735	PVRIG_CAND_019	19	0.514768
NODE1GEN_154595_source_fixed_pose_mpnn_source_id_P500K__FIXED_POSE_MPNN__9B999365EA60CCE9	PVRIG_CAND_011	11	NODE1GEN_258472_source_fixed_pose_mpnn_source_id_P500K__FIXED_POSE_MPNN__2E2B33208D567583	PVRIG_CAND_020	20	0.443515
NODE1GEN_154595_source_fixed_pose_mpnn_source_id_P500K__FIXED_POSE_MPNN__9B999365EA60CCE9	PVRIG_CAND_011	11	P1MCPUFP__CPUFP500K_0299__00780	PVRIG_CAND_021	21	0.535398
NODE1GEN_154595_source_fixed_pose_mpnn_source_id_P500K__FIXED_POSE_MPNN__9B999365EA60CCE9	PVRIG_CAND_011	11	P1MCPUFP__CPUFP500K_0189__00858	PVRIG_CAND_022	22	0.497890
NODE1GEN_154595_source_fixed_pose_mpnn_source_id_P500K__FIXED_POSE_MPNN__9B999365EA60CCE9	PVRIG_CAND_011	11	NODE1GEN_174576_source_fixed_pose_mpnn_source_id_P500K__FIXED_POSE_MPNN__D5384A7F42146722	PVRIG_CAND_023	23	0.315589
NODE1GEN_154595_source_fixed_pose_mpnn_source_id_P500K__FIXED_POSE_MPNN__9B999365EA60CCE9	PVRIG_CAND_011	11	NODE1GEN_002130_source_rfantibody_source_id_PVRIG_RFAb_v2_P1_ekg_L_bb177_mpn10_arm_P1_ekg_L_backbone_P1_ekg_L_bb177_status_NEEDS_RF2_AND_DOCKING	PVRIG_CAND_024	24	0.520548
NODE1GEN_154595_source_fixed_pose_mpnn_source_id_P500K__FIXED_POSE_MPNN__9B999365EA60CCE9	PVRIG_CAND_011	11	P1MCPUFP__CPUFP500K_0380__00771	PVRIG_CAND_025	25	0.651961
NODE1GEN_154595_source_fixed_pose_mpnn_source_id_P500K__FIXED_POSE_MPNN__9B999365EA60CCE9	PVRIG_CAND_011	11	NODE1GEN_217675_source_fixed_pose_mpnn_source_id_P500K__FIXED_POSE_MPNN__68DDB4A6D7CBCA89	PVRIG_CAND_026	26	0.546667
NODE1GEN_154595_source_fixed_pose_mpnn_source_id_P500K__FIXED_POSE_MPNN__9B999365EA60CCE9	PVRIG_CAND_011	11	P1MCPUFP__CPUFP500K_0404__00029	PVRIG_CAND_027	27	0.536481
NODE1GEN_154595_source_fixed_pose_mpnn_source_id_P500K__FIXED_POSE_MPNN__9B999365EA60CCE9	PVRIG_CAND_011	11	P1MCPUFP__CPUFP500K_0188__00549	PVRIG_CAND_028	28	0.575107
NODE1GEN_154595_source_fixed_pose_mpnn_source_id_P500K__FIXED_POSE_MPNN__9B999365EA60CCE9	PVRIG_CAND_011	11	P1MCPUFP__CPUFP500K_0188__00481	PVRIG_CAND_029	29	0.531915
NODE1GEN_154595_source_fixed_pose_mpnn_source_id_P500K__FIXED_POSE_MPNN__9B999365EA60CCE9	PVRIG_CAND_011	11	NODE1GEN_182669_source_fixed_pose_mpnn_source_id_P500K__FIXED_POSE_MPNN__D4BBD3AB583903E7	PVRIG_CAND_030	30	0.508772
NODE1GEN_154595_source_fixed_pose_mpnn_source_id_P500K__FIXED_POSE_MPNN__9B999365EA60CCE9	PVRIG_CAND_011	11	NODE1GEN_128014_source_rfantibody_source_id_PVRIG_RFAb_v2_P6_ekg_L_bb258_mpn01_arm_P6_ekg_L_backbone_P6_ekg_L_bb258_status_NEEDS_RF2_AND_DOCKING	PVRIG_CAND_031	31	0.617117
NODE1GEN_154595_source_fixed_pose_mpnn_source_id_P500K__FIXED_POSE_MPNN__9B999365EA60CCE9	PVRIG_CAND_011	11	NODE1GEN_218195_source_fixed_pose_mpnn_source_id_P500K__FIXED_POSE_MPNN__A6B62FDDBC1A99BE	PVRIG_CAND_032	32	0.502165
NODE1GEN_154595_source_fixed_pose_mpnn_source_id_P500K__FIXED_POSE_MPNN__9B999365EA60CCE9	PVRIG_CAND_011	11	NODE1GEN_195165_source_fixed_pose_mpnn_source_id_P500K__FIXED_POSE_MPNN__499D245F888E5DC4	PVRIG_CAND_033	33	0.582960
NODE1GEN_154595_source_fixed_pose_mpnn_source_id_P500K__FIXED_POSE_MPNN__9B999365EA60CCE9	PVRIG_CAND_011	11	NODE1GEN_235318_source_fixed_pose_mpnn_source_id_P500K__FIXED_POSE_MPNN__B52C2EC7CC64BFED	PVRIG_CAND_034	34	0.729469
NODE1GEN_154595_source_fixed_pose_mpnn_source_id_P500K__FIXED_POSE_MPNN__9B999365EA60CCE9	PVRIG_CAND_011	11	NODE1GEN_076816_source_rfantibody_source_id_PVRIG_RFAb_v2_P4_ekg_L_bb155_mpn03_arm_P4_ekg_L_backbone_P4_ekg_L_bb155_status_NEEDS_RF2_AND_DOCKING	PVRIG_CAND_035	35	0.610092
NODE1GEN_154595_source_fixed_pose_mpnn_source_id_P500K__FIXED_POSE_MPNN__9B999365EA60CCE9	PVRIG_CAND_011	11	NODE1GEN_136300_source_rfantibody_source_id_PVRIG_RFAb_v2_P6_qkg_L_bb255_mpn02_arm_P6_qkg_L_backbone_P6_qkg_L_bb255_status_NEEDS_RF2_AND_DOCKING	PVRIG_CAND_036	36	0.578261
NODE1GEN_154595_source_fixed_pose_mpnn_source_id_P500K__FIXED_POSE_MPNN__9B999365EA60CCE9	PVRIG_CAND_011	11	NODE1GEN_095824_source_rfantibody_source_id_PVRIG_RFAb_v2_P4_qrg_L_bb358_mpn04_arm_P4_qrg_L_backbone_P4_qrg_L_bb358_status_NEEDS_RF2_AND_DOCKING	PVRIG_CAND_037	37	0.550000
NODE1GEN_154595_source_fixed_pose_mpnn_source_id_P500K__FIXED_POSE_MPNN__9B999365EA60CCE9	PVRIG_CAND_011	11	NODE1GEN_017313_source_rfantibody_source_id_PVRIG_RFAb_v2_P1_qrg_L_bb054_mpn00_arm_P1_qrg_L_backbone_P1_qrg_L_bb054_status_NEEDS_RF2_AND_DOCKING	PVRIG_CAND_038	38	0.541485
NODE1GEN_154595_source_fixed_pose_mpnn_source_id_P500K__FIXED_POSE_MPNN__9B999365EA60CCE9	PVRIG_CAND_011	11	NODE1GEN_109783_source_rfantibody_source_id_PVRIG_RFAb_v2_P5_qkg_L_bb121_mpn06_arm_P5_qkg_L_backbone_P5_qkg_L_bb121_status_NEEDS_RF2_AND_DOCKING	PVRIG_CAND_039	39	0.500000
NODE1GEN_154595_source_fixed_pose_mpnn_source_id_P500K__FIXED_POSE_MPNN__9B999365EA60CCE9	PVRIG_CAND_011	11	NODE1GEN_100102_source_rfantibody_source_id_PVRIG_RFAb_v2_P5_ekg_L_bb007_mpn10_arm_P5_ekg_L_backbone_P5_ekg_L_bb007_status_NEEDS_RF2_AND_DOCKING	PVRIG_CAND_040	40	0.604762
NODE1GEN_154595_source_fixed_pose_mpnn_source_id_P500K__FIXED_POSE_MPNN__9B999365EA60CCE9	PVRIG_CAND_011	11	NODE1GEN_109883_source_rfantibody_source_id_PVRIG_RFAb_v2_P5_qkg_L_bb130_mpn02_arm_P5_qkg_L_backbone_P5_qkg_L_bb130_status_NEEDS_RF2_AND_DOCKING	PVRIG_CAND_041	41	0.443966
NODE1GEN_154595_source_fixed_pose_mpnn_source_id_P500K__FIXED_POSE_MPNN__9B999365EA60CCE9	PVRIG_CAND_011	11	P1MCPUFP__CPUFP500K_0030__00860	PVRIG_CAND_042	42	0.405063
NODE1GEN_154595_source_fixed_pose_mpnn_source_id_P500K__FIXED_POSE_MPNN__9B999365EA60CCE9	PVRIG_CAND_011	11	P1MCPUFP__CPUFP500K_0029__00647	PVRIG_CAND_043	43	0.595238
NODE1GEN_154595_source_fixed_pose_mpnn_source_id_P500K__FIXED_POSE_MPNN__9B999365EA60CCE9	PVRIG_CAND_011	11	P1MCPUFP__CPUFP500K_0090__00860	PVRIG_CAND_044	44	0.700000
NODE1GEN_154595_source_fixed_pose_mpnn_source_id_P500K__FIXED_POSE_MPNN__9B999365EA60CCE9	PVRIG_CAND_011	11	P1MCPUFP__CPUFP500K_0289__00496	PVRIG_CAND_045	45	0.727273
NODE1GEN_154595_source_fixed_pose_mpnn_source_id_P500K__FIXED_POSE_MPNN__9B999365EA60CCE9	PVRIG_CAND_011	11	P1MCPUFP__CPUFP500K_0091__00849	PVRIG_CAND_046	46	0.553097
NODE1GEN_154595_source_fixed_pose_mpnn_source_id_P500K__FIXED_POSE_MPNN__9B999365EA60CCE9	PVRIG_CAND_011	11	P1MCPUFP__CPUFP500K_0388__00174	PVRIG_CAND_047	47	0.573333
NODE1GEN_154595_source_fixed_pose_mpnn_source_id_P500K__FIXED_POSE_MPNN__9B999365EA60CCE9	PVRIG_CAND_011	11	P1MCPUFP__CPUFP500K_0487__00827	PVRIG_CAND_048	48	0.600939
NODE1GEN_154595_source_fixed_pose_mpnn_source_id_P500K__FIXED_POSE_MPNN__9B999365EA60CCE9	PVRIG_CAND_011	11	P1MCPUFP__CPUFP500K_0188__00645	PVRIG_CAND_049	49	0.575221
NODE1GEN_154595_source_fixed_pose_mpnn_source_id_P500K__FIXED_POSE_MPNN__9B999365EA60CCE9	PVRIG_CAND_011	11	NODE1GEN_128929_source_rfantibody_source_id_PVRIG_RFAb_v2_P6_ekg_L_bb339_mpn06_arm_P6_ekg_L_backbone_P6_ekg_L_bb339_status_NEEDS_RF2_AND_DOCKING	PVRIG_CAND_050	50	0.456067
P1MCPUFP__CPUFP500K_0188__00282	PVRIG_CAND_012	12	NODE1GEN_191476_source_fixed_pose_mpnn_source_id_P500K__FIXED_POSE_MPNN__310934EF4B70CA47	PVRIG_CAND_013	13	0.729592
P1MCPUFP__CPUFP500K_0188__00282	PVRIG_CAND_012	12	P1MCPUFP__CPUFP500K_0090__00532	PVRIG_CAND_014	14	0.690217
P1MCPUFP__CPUFP500K_0188__00282	PVRIG_CAND_012	12	NODE1GEN_177961_source_fixed_pose_mpnn_source_id_P500K__FIXED_POSE_MPNN__8431DA62B813A913	PVRIG_CAND_015	15	0.810526
P1MCPUFP__CPUFP500K_0188__00282	PVRIG_CAND_012	12	NODE1GEN_206644_source_fixed_pose_mpnn_source_id_P500K__FIXED_POSE_MPNN__53F648E960398F2F	PVRIG_CAND_016	16	0.766497
P1MCPUFP__CPUFP500K_0188__00282	PVRIG_CAND_012	12	P1MCPUFP__CPUFP500K_0287__00804	PVRIG_CAND_017	17	0.777143
P1MCPUFP__CPUFP500K_0188__00282	PVRIG_CAND_012	12	NODE1GEN_127352_source_rfantibody_source_id_PVRIG_RFAb_v2_P6_ekg_L_bb203_mpn04_arm_P6_ekg_L_backbone_P6_ekg_L_bb203_status_NEEDS_RF2_AND_DOCKING	PVRIG_CAND_018	18	0.620321
P1MCPUFP__CPUFP500K_0188__00282	PVRIG_CAND_012	12	P1MCPUFP__CPUFP500K_0089__00735	PVRIG_CAND_019	19	0.764398
P1MCPUFP__CPUFP500K_0188__00282	PVRIG_CAND_012	12	NODE1GEN_258472_source_fixed_pose_mpnn_source_id_P500K__FIXED_POSE_MPNN__2E2B33208D567583	PVRIG_CAND_020	20	0.755435
P1MCPUFP__CPUFP500K_0188__00282	PVRIG_CAND_012	12	P1MCPUFP__CPUFP500K_0299__00780	PVRIG_CAND_021	21	0.766304
P1MCPUFP__CPUFP500K_0188__00282	PVRIG_CAND_012	12	P1MCPUFP__CPUFP500K_0189__00858	PVRIG_CAND_022	22	0.752632
P1MCPUFP__CPUFP500K_0188__00282	PVRIG_CAND_012	12	NODE1GEN_174576_source_fixed_pose_mpnn_source_id_P500K__FIXED_POSE_MPNN__D5384A7F42146722	PVRIG_CAND_023	23	0.588235
P1MCPUFP__CPUFP500K_0188__00282	PVRIG_CAND_012	12	NODE1GEN_002130_source_rfantibody_source_id_PVRIG_RFAb_v2_P1_ekg_L_bb177_mpn10_arm_P1_ekg_L_backbone_P1_ekg_L_bb177_status_NEEDS_RF2_AND_DOCKING	PVRIG_CAND_024	24	0.808140
P1MCPUFP__CPUFP500K_0188__00282	PVRIG_CAND_012	12	P1MCPUFP__CPUFP500K_0380__00771	PVRIG_CAND_025	25	0.598985
P1MCPUFP__CPUFP500K_0188__00282	PVRIG_CAND_012	12	NODE1GEN_217675_source_fixed_pose_mpnn_source_id_P500K__FIXED_POSE_MPNN__68DDB4A6D7CBCA89	PVRIG_CAND_026	26	0.791209
P1MCPUFP__CPUFP500K_0188__00282	PVRIG_CAND_012	12	P1MCPUFP__CPUFP500K_0404__00029	PVRIG_CAND_027	27	0.816216
P1MCPUFP__CPUFP500K_0188__00282	PVRIG_CAND_012	12	P1MCPUFP__CPUFP500K_0188__00549	PVRIG_CAND_028	28	0.733668
P1MCPUFP__CPUFP500K_0188__00282	PVRIG_CAND_012	12	P1MCPUFP__CPUFP500K_0188__00481	PVRIG_CAND_029	29	0.788360
P1MCPUFP__CPUFP500K_0188__00282	PVRIG_CAND_012	12	NODE1GEN_182669_source_fixed_pose_mpnn_source_id_P500K__FIXED_POSE_MPNN__D4BBD3AB583903E7	PVRIG_CAND_030	30	0.798883
P1MCPUFP__CPUFP500K_0188__00282	PVRIG_CAND_012	12	NODE1GEN_128014_source_rfantibody_source_id_PVRIG_RFAb_v2_P6_ekg_L_bb258_mpn01_arm_P6_ekg_L_backbone_P6_ekg_L_bb258_status_NEEDS_RF2_AND_DOCKING	PVRIG_CAND_031	31	0.764398
P1MCPUFP__CPUFP500K_0188__00282	PVRIG_CAND_012	12	NODE1GEN_218195_source_fixed_pose_mpnn_source_id_P500K__FIXED_POSE_MPNN__A6B62FDDBC1A99BE	PVRIG_CAND_032	32	0.795580
P1MCPUFP__CPUFP500K_0188__00282	PVRIG_CAND_012	12	NODE1GEN_195165_source_fixed_pose_mpnn_source_id_P500K__FIXED_POSE_MPNN__499D245F888E5DC4	PVRIG_CAND_033	33	0.715026
P1MCPUFP__CPUFP500K_0188__00282	PVRIG_CAND_012	12	NODE1GEN_235318_source_fixed_pose_mpnn_source_id_P500K__FIXED_POSE_MPNN__B52C2EC7CC64BFED	PVRIG_CAND_034	34	0.615385
P1MCPUFP__CPUFP500K_0188__00282	PVRIG_CAND_012	12	NODE1GEN_076816_source_rfantibody_source_id_PVRIG_RFAb_v2_P4_ekg_L_bb155_mpn03_arm_P4_ekg_L_backbone_P4_ekg_L_bb155_status_NEEDS_RF2_AND_DOCKING	PVRIG_CAND_035	35	0.704663
P1MCPUFP__CPUFP500K_0188__00282	PVRIG_CAND_012	12	NODE1GEN_136300_source_rfantibody_source_id_PVRIG_RFAb_v2_P6_qkg_L_bb255_mpn02_arm_P6_qkg_L_backbone_P6_qkg_L_bb255_status_NEEDS_RF2_AND_DOCKING	PVRIG_CAND_036	36	0.722222
P1MCPUFP__CPUFP500K_0188__00282	PVRIG_CAND_012	12	NODE1GEN_095824_source_rfantibody_source_id_PVRIG_RFAb_v2_P4_qrg_L_bb358_mpn04_arm_P4_qrg_L_backbone_P4_qrg_L_bb358_status_NEEDS_RF2_AND_DOCKING	PVRIG_CAND_037	37	0.776650
P1MCPUFP__CPUFP500K_0188__00282	PVRIG_CAND_012	12	NODE1GEN_017313_source_rfantibody_source_id_PVRIG_RFAb_v2_P1_qrg_L_bb054_mpn00_arm_P1_qrg_L_backbone_P1_qrg_L_bb054_status_NEEDS_RF2_AND_DOCKING	PVRIG_CAND_038	38	0.751323
P1MCPUFP__CPUFP500K_0188__00282	PVRIG_CAND_012	12	NODE1GEN_109783_source_rfantibody_source_id_PVRIG_RFAb_v2_P5_qkg_L_bb121_mpn06_arm_P5_qkg_L_backbone_P5_qkg_L_bb121_status_NEEDS_RF2_AND_DOCKING	PVRIG_CAND_039	39	0.781421
P1MCPUFP__CPUFP500K_0188__00282	PVRIG_CAND_012	12	NODE1GEN_100102_source_rfantibody_source_id_PVRIG_RFAb_v2_P5_ekg_L_bb007_mpn10_arm_P5_ekg_L_backbone_P5_ekg_L_bb007_status_NEEDS_RF2_AND_DOCKING	PVRIG_CAND_040	40	0.657895
P1MCPUFP__CPUFP500K_0188__00282	PVRIG_CAND_012	12	NODE1GEN_109883_source_rfantibody_source_id_PVRIG_RFAb_v2_P5_qkg_L_bb130_mpn02_arm_P5_qkg_L_backbone_P5_qkg_L_bb130_status_NEEDS_RF2_AND_DOCKING	PVRIG_CAND_041	41	0.748603
P1MCPUFP__CPUFP500K_0188__00282	PVRIG_CAND_012	12	P1MCPUFP__CPUFP500K_0030__00860	PVRIG_CAND_042	42	0.672043
P1MCPUFP__CPUFP500K_0188__00282	PVRIG_CAND_012	12	P1MCPUFP__CPUFP500K_0029__00647	PVRIG_CAND_043	43	0.647368
P1MCPUFP__CPUFP500K_0188__00282	PVRIG_CAND_012	12	P1MCPUFP__CPUFP500K_0090__00860	PVRIG_CAND_044	44	0.574257
P1MCPUFP__CPUFP500K_0188__00282	PVRIG_CAND_012	12	P1MCPUFP__CPUFP500K_0289__00496	PVRIG_CAND_045	45	0.576744
P1MCPUFP__CPUFP500K_0188__00282	PVRIG_CAND_012	12	P1MCPUFP__CPUFP500K_0091__00849	PVRIG_CAND_046	46	0.768817
P1MCPUFP__CPUFP500K_0188__00282	PVRIG_CAND_012	12	P1MCPUFP__CPUFP500K_0388__00174	PVRIG_CAND_047	47	0.720207
P1MCPUFP__CPUFP500K_0188__00282	PVRIG_CAND_012	12	P1MCPUFP__CPUFP500K_0487__00827	PVRIG_CAND_048	48	0.733696
P1MCPUFP__CPUFP500K_0188__00282	PVRIG_CAND_012	12	P1MCPUFP__CPUFP500K_0188__00645	PVRIG_CAND_049	49	0.757895
P1MCPUFP__CPUFP500K_0188__00282	PVRIG_CAND_012	12	NODE1GEN_128929_source_rfantibody_source_id_PVRIG_RFAb_v2_P6_ekg_L_bb339_mpn06_arm_P6_ekg_L_backbone_P6_ekg_L_bb339_status_NEEDS_RF2_AND_DOCKING	PVRIG_CAND_050	50	0.743316
NODE1GEN_191476_source_fixed_pose_mpnn_source_id_P500K__FIXED_POSE_MPNN__310934EF4B70CA47	PVRIG_CAND_013	13	P1MCPUFP__CPUFP500K_0090__00532	PVRIG_CAND_014	14	0.779006
NODE1GEN_191476_source_fixed_pose_mpnn_source_id_P500K__FIXED_POSE_MPNN__310934EF4B70CA47	PVRIG_CAND_013	13	NODE1GEN_177961_source_fixed_pose_mpnn_source_id_P500K__FIXED_POSE_MPNN__8431DA62B813A913	PVRIG_CAND_015	15	0.731707
NODE1GEN_191476_source_fixed_pose_mpnn_source_id_P500K__FIXED_POSE_MPNN__310934EF4B70CA47	PVRIG_CAND_013	13	NODE1GEN_206644_source_fixed_pose_mpnn_source_id_P500K__FIXED_POSE_MPNN__53F648E960398F2F	PVRIG_CAND_016	16	0.795000
NODE1GEN_191476_source_fixed_pose_mpnn_source_id_P500K__FIXED_POSE_MPNN__310934EF4B70CA47	PVRIG_CAND_013	13	P1MCPUFP__CPUFP500K_0287__00804	PVRIG_CAND_017	17	0.721925
NODE1GEN_191476_source_fixed_pose_mpnn_source_id_P500K__FIXED_POSE_MPNN__310934EF4B70CA47	PVRIG_CAND_013	13	NODE1GEN_127352_source_rfantibody_source_id_PVRIG_RFAb_v2_P6_ekg_L_bb203_mpn04_arm_P6_ekg_L_backbone_P6_ekg_L_bb203_status_NEEDS_RF2_AND_DOCKING	PVRIG_CAND_018	18	0.661376
NODE1GEN_191476_source_fixed_pose_mpnn_source_id_P500K__FIXED_POSE_MPNN__310934EF4B70CA47	PVRIG_CAND_013	13	P1MCPUFP__CPUFP500K_0089__00735	PVRIG_CAND_019	19	0.793814
NODE1GEN_191476_source_fixed_pose_mpnn_source_id_P500K__FIXED_POSE_MPNN__310934EF4B70CA47	PVRIG_CAND_013	13	NODE1GEN_258472_source_fixed_pose_mpnn_source_id_P500K__FIXED_POSE_MPNN__2E2B33208D567583	PVRIG_CAND_020	20	0.695431
NODE1GEN_191476_source_fixed_pose_mpnn_source_id_P500K__FIXED_POSE_MPNN__310934EF4B70CA47	PVRIG_CAND_013	13	P1MCPUFP__CPUFP500K_0299__00780	PVRIG_CAND_021	21	0.816216
NODE1GEN_191476_source_fixed_pose_mpnn_source_id_P500K__FIXED_POSE_MPNN__310934EF4B70CA47	PVRIG_CAND_013	13	P1MCPUFP__CPUFP500K_0189__00858	PVRIG_CAND_022	22	0.755102
NODE1GEN_191476_source_fixed_pose_mpnn_source_id_P500K__FIXED_POSE_MPNN__310934EF4B70CA47	PVRIG_CAND_013	13	NODE1GEN_174576_source_fixed_pose_mpnn_source_id_P500K__FIXED_POSE_MPNN__D5384A7F42146722	PVRIG_CAND_023	23	0.502242
NODE1GEN_191476_source_fixed_pose_mpnn_source_id_P500K__FIXED_POSE_MPNN__310934EF4B70CA47	PVRIG_CAND_013	13	NODE1GEN_002130_source_rfantibody_source_id_PVRIG_RFAb_v2_P1_ekg_L_bb177_mpn10_arm_P1_ekg_L_backbone_P1_ekg_L_bb177_status_NEEDS_RF2_AND_DOCKING	PVRIG_CAND_024	24	0.788889
NODE1GEN_191476_source_fixed_pose_mpnn_source_id_P500K__FIXED_POSE_MPNN__310934EF4B70CA47	PVRIG_CAND_013	13	P1MCPUFP__CPUFP500K_0380__00771	PVRIG_CAND_025	25	0.752688
NODE1GEN_191476_source_fixed_pose_mpnn_source_id_P500K__FIXED_POSE_MPNN__310934EF4B70CA47	PVRIG_CAND_013	13	NODE1GEN_217675_source_fixed_pose_mpnn_source_id_P500K__FIXED_POSE_MPNN__68DDB4A6D7CBCA89	PVRIG_CAND_026	26	0.746114
NODE1GEN_191476_source_fixed_pose_mpnn_source_id_P500K__FIXED_POSE_MPNN__310934EF4B70CA47	PVRIG_CAND_013	13	P1MCPUFP__CPUFP500K_0404__00029	PVRIG_CAND_027	27	0.770408
NODE1GEN_191476_source_fixed_pose_mpnn_source_id_P500K__FIXED_POSE_MPNN__310934EF4B70CA47	PVRIG_CAND_013	13	P1MCPUFP__CPUFP500K_0188__00549	PVRIG_CAND_028	28	0.854167
NODE1GEN_191476_source_fixed_pose_mpnn_source_id_P500K__FIXED_POSE_MPNN__310934EF4B70CA47	PVRIG_CAND_013	13	P1MCPUFP__CPUFP500K_0188__00481	PVRIG_CAND_029	29	0.808290
NODE1GEN_191476_source_fixed_pose_mpnn_source_id_P500K__FIXED_POSE_MPNN__310934EF4B70CA47	PVRIG_CAND_013	13	NODE1GEN_182669_source_fixed_pose_mpnn_source_id_P500K__FIXED_POSE_MPNN__D4BBD3AB583903E7	PVRIG_CAND_030	30	0.743455
NODE1GEN_191476_source_fixed_pose_mpnn_source_id_P500K__FIXED_POSE_MPNN__310934EF4B70CA47	PVRIG_CAND_013	13	NODE1GEN_128014_source_rfantibody_source_id_PVRIG_RFAb_v2_P6_ekg_L_bb258_mpn01_arm_P6_ekg_L_backbone_P6_ekg_L_bb258_status_NEEDS_RF2_AND_DOCKING	PVRIG_CAND_031	31	0.812500
NODE1GEN_191476_source_fixed_pose_mpnn_source_id_P500K__FIXED_POSE_MPNN__310934EF4B70CA47	PVRIG_CAND_013	13	NODE1GEN_218195_source_fixed_pose_mpnn_source_id_P500K__FIXED_POSE_MPNN__A6B62FDDBC1A99BE	PVRIG_CAND_032	32	0.836066
NODE1GEN_191476_source_fixed_pose_mpnn_source_id_P500K__FIXED_POSE_MPNN__310934EF4B70CA47	PVRIG_CAND_013	13	NODE1GEN_195165_source_fixed_pose_mpnn_source_id_P500K__FIXED_POSE_MPNN__499D245F888E5DC4	PVRIG_CAND_033	33	0.781250
NODE1GEN_191476_source_fixed_pose_mpnn_source_id_P500K__FIXED_POSE_MPNN__310934EF4B70CA47	PVRIG_CAND_013	13	NODE1GEN_235318_source_fixed_pose_mpnn_source_id_P500K__FIXED_POSE_MPNN__B52C2EC7CC64BFED	PVRIG_CAND_034	34	0.788660
NODE1GEN_191476_source_fixed_pose_mpnn_source_id_P500K__FIXED_POSE_MPNN__310934EF4B70CA47	PVRIG_CAND_013	13	NODE1GEN_076816_source_rfantibody_source_id_PVRIG_RFAb_v2_P4_ekg_L_bb155_mpn03_arm_P4_ekg_L_backbone_P4_ekg_L_bb155_status_NEEDS_RF2_AND_DOCKING	PVRIG_CAND_035	35	0.770833
NODE1GEN_191476_source_fixed_pose_mpnn_source_id_P500K__FIXED_POSE_MPNN__310934EF4B70CA47	PVRIG_CAND_013	13	NODE1GEN_136300_source_rfantibody_source_id_PVRIG_RFAb_v2_P6_qkg_L_bb255_mpn02_arm_P6_qkg_L_backbone_P6_qkg_L_bb255_status_NEEDS_RF2_AND_DOCKING	PVRIG_CAND_036	36	0.725490
NODE1GEN_191476_source_fixed_pose_mpnn_source_id_P500K__FIXED_POSE_MPNN__310934EF4B70CA47	PVRIG_CAND_013	13	NODE1GEN_095824_source_rfantibody_source_id_PVRIG_RFAb_v2_P4_qrg_L_bb358_mpn04_arm_P4_qrg_L_backbone_P4_qrg_L_bb358_status_NEEDS_RF2_AND_DOCKING	PVRIG_CAND_037	37	0.694836
NODE1GEN_191476_source_fixed_pose_mpnn_source_id_P500K__FIXED_POSE_MPNN__310934EF4B70CA47	PVRIG_CAND_013	13	NODE1GEN_017313_source_rfantibody_source_id_PVRIG_RFAb_v2_P1_qrg_L_bb054_mpn00_arm_P1_qrg_L_backbone_P1_qrg_L_bb054_status_NEEDS_RF2_AND_DOCKING	PVRIG_CAND_038	38	0.838710
NODE1GEN_191476_source_fixed_pose_mpnn_source_id_P500K__FIXED_POSE_MPNN__310934EF4B70CA47	PVRIG_CAND_013	13	NODE1GEN_109783_source_rfantibody_source_id_PVRIG_RFAb_v2_P5_qkg_L_bb121_mpn06_arm_P5_qkg_L_backbone_P5_qkg_L_bb121_status_NEEDS_RF2_AND_DOCKING	PVRIG_CAND_039	39	0.719388
NODE1GEN_191476_source_fixed_pose_mpnn_source_id_P500K__FIXED_POSE_MPNN__310934EF4B70CA47	PVRIG_CAND_013	13	NODE1GEN_100102_source_rfantibody_source_id_PVRIG_RFAb_v2_P5_ekg_L_bb007_mpn10_arm_P5_ekg_L_backbone_P5_ekg_L_bb007_status_NEEDS_RF2_AND_DOCKING	PVRIG_CAND_040	40	0.762162
NODE1GEN_191476_source_fixed_pose_mpnn_source_id_P500K__FIXED_POSE_MPNN__310934EF4B70CA47	PVRIG_CAND_013	13	NODE1GEN_109883_source_rfantibody_source_id_PVRIG_RFAb_v2_P5_qkg_L_bb130_mpn02_arm_P5_qkg_L_backbone_P5_qkg_L_bb130_status_NEEDS_RF2_AND_DOCKING	PVRIG_CAND_041	41	0.723404
NODE1GEN_191476_source_fixed_pose_mpnn_source_id_P500K__FIXED_POSE_MPNN__310934EF4B70CA47	PVRIG_CAND_013	13	P1MCPUFP__CPUFP500K_0030__00860	PVRIG_CAND_042	42	0.651282
NODE1GEN_191476_source_fixed_pose_mpnn_source_id_P500K__FIXED_POSE_MPNN__310934EF4B70CA47	PVRIG_CAND_013	13	P1MCPUFP__CPUFP500K_0029__00647	PVRIG_CAND_043	43	0.705263
NODE1GEN_191476_source_fixed_pose_mpnn_source_id_P500K__FIXED_POSE_MPNN__310934EF4B70CA47	PVRIG_CAND_013	13	P1MCPUFP__CPUFP500K_0090__00860	PVRIG_CAND_044	44	0.670051
NODE1GEN_191476_source_fixed_pose_mpnn_source_id_P500K__FIXED_POSE_MPNN__310934EF4B70CA47	PVRIG_CAND_013	13	P1MCPUFP__CPUFP500K_0289__00496	PVRIG_CAND_045	45	0.732673
NODE1GEN_191476_source_fixed_pose_mpnn_source_id_P500K__FIXED_POSE_MPNN__310934EF4B70CA47	PVRIG_CAND_013	13	P1MCPUFP__CPUFP500K_0091__00849	PVRIG_CAND_046	46	0.780105
NODE1GEN_191476_source_fixed_pose_mpnn_source_id_P500K__FIXED_POSE_MPNN__310934EF4B70CA47	PVRIG_CAND_013	13	P1MCPUFP__CPUFP500K_0388__00174	PVRIG_CAND_047	47	0.786458
NODE1GEN_191476_source_fixed_pose_mpnn_source_id_P500K__FIXED_POSE_MPNN__310934EF4B70CA47	PVRIG_CAND_013	13	P1MCPUFP__CPUFP500K_0487__00827	PVRIG_CAND_048	48	0.813187
NODE1GEN_191476_source_fixed_pose_mpnn_source_id_P500K__FIXED_POSE_MPNN__310934EF4B70CA47	PVRIG_CAND_013	13	P1MCPUFP__CPUFP500K_0188__00645	PVRIG_CAND_049	49	0.835106
NODE1GEN_191476_source_fixed_pose_mpnn_source_id_P500K__FIXED_POSE_MPNN__310934EF4B70CA47	PVRIG_CAND_013	13	NODE1GEN_128929_source_rfantibody_source_id_PVRIG_RFAb_v2_P6_ekg_L_bb339_mpn06_arm_P6_ekg_L_backbone_P6_ekg_L_bb339_status_NEEDS_RF2_AND_DOCKING	PVRIG_CAND_050	50	0.702020
P1MCPUFP__CPUFP500K_0090__00532	PVRIG_CAND_014	14	NODE1GEN_177961_source_fixed_pose_mpnn_source_id_P500K__FIXED_POSE_MPNN__8431DA62B813A913	PVRIG_CAND_015	15	0.651515
P1MCPUFP__CPUFP500K_0090__00532	PVRIG_CAND_014	14	NODE1GEN_206644_source_fixed_pose_mpnn_source_id_P500K__FIXED_POSE_MPNN__53F648E960398F2F	PVRIG_CAND_016	16	0.706186
P1MCPUFP__CPUFP500K_0090__00532	PVRIG_CAND_014	14	P1MCPUFP__CPUFP500K_0287__00804	PVRIG_CAND_017	17	0.792683
P1MCPUFP__CPUFP500K_0090__00532	PVRIG_CAND_014	14	NODE1GEN_127352_source_rfantibody_source_id_PVRIG_RFAb_v2_P6_ekg_L_bb203_mpn04_arm_P6_ekg_L_backbone_P6_ekg_L_bb203_status_NEEDS_RF2_AND_DOCKING	PVRIG_CAND_018	18	0.702381
P1MCPUFP__CPUFP500K_0090__00532	PVRIG_CAND_014	14	P1MCPUFP__CPUFP500K_0089__00735	PVRIG_CAND_019	19	0.729730
P1MCPUFP__CPUFP500K_0090__00532	PVRIG_CAND_014	14	NODE1GEN_258472_source_fixed_pose_mpnn_source_id_P500K__FIXED_POSE_MPNN__2E2B33208D567583	PVRIG_CAND_020	20	0.619048
P1MCPUFP__CPUFP500K_0090__00532	PVRIG_CAND_014	14	P1MCPUFP__CPUFP500K_0299__00780	PVRIG_CAND_021	21	0.701657
P1MCPUFP__CPUFP500K_0090__00532	PVRIG_CAND_014	14	P1MCPUFP__CPUFP500K_0189__00858	PVRIG_CAND_022	22	0.785311
P1MCPUFP__CPUFP500K_0090__00532	PVRIG_CAND_014	14	NODE1GEN_174576_source_fixed_pose_mpnn_source_id_P500K__FIXED_POSE_MPNN__D5384A7F42146722	PVRIG_CAND_023	23	0.512315
P1MCPUFP__CPUFP500K_0090__00532	PVRIG_CAND_014	14	NODE1GEN_002130_source_rfantibody_source_id_PVRIG_RFAb_v2_P1_ekg_L_bb177_mpn10_arm_P1_ekg_L_backbone_P1_ekg_L_bb177_status_NEEDS_RF2_AND_DOCKING	PVRIG_CAND_024	24	0.689655
P1MCPUFP__CPUFP500K_0090__00532	PVRIG_CAND_014	14	P1MCPUFP__CPUFP500K_0380__00771	PVRIG_CAND_025	25	0.773810
P1MCPUFP__CPUFP500K_0090__00532	PVRIG_CAND_014	14	NODE1GEN_217675_source_fixed_pose_mpnn_source_id_P500K__FIXED_POSE_MPNN__68DDB4A6D7CBCA89	PVRIG_CAND_026	26	0.726257
P1MCPUFP__CPUFP500K_0090__00532	PVRIG_CAND_014	14	P1MCPUFP__CPUFP500K_0404__00029	PVRIG_CAND_027	27	0.724324
P1MCPUFP__CPUFP500K_0090__00532	PVRIG_CAND_014	14	P1MCPUFP__CPUFP500K_0188__00549	PVRIG_CAND_028	28	0.708333
P1MCPUFP__CPUFP500K_0090__00532	PVRIG_CAND_014	14	P1MCPUFP__CPUFP500K_0188__00481	PVRIG_CAND_029	29	0.716578
P1MCPUFP__CPUFP500K_0090__00532	PVRIG_CAND_014	14	NODE1GEN_182669_source_fixed_pose_mpnn_source_id_P500K__FIXED_POSE_MPNN__D4BBD3AB583903E7	PVRIG_CAND_030	30	0.732955
P1MCPUFP__CPUFP500K_0090__00532	PVRIG_CAND_014	14	NODE1GEN_128014_source_rfantibody_source_id_PVRIG_RFAb_v2_P6_ekg_L_bb258_mpn01_arm_P6_ekg_L_backbone_P6_ekg_L_bb258_status_NEEDS_RF2_AND_DOCKING	PVRIG_CAND_031	31	0.758242
P1MCPUFP__CPUFP500K_0090__00532	PVRIG_CAND_014	14	NODE1GEN_218195_source_fixed_pose_mpnn_source_id_P500K__FIXED_POSE_MPNN__A6B62FDDBC1A99BE	PVRIG_CAND_032	32	0.740113
P1MCPUFP__CPUFP500K_0090__00532	PVRIG_CAND_014	14	NODE1GEN_195165_source_fixed_pose_mpnn_source_id_P500K__FIXED_POSE_MPNN__499D245F888E5DC4	PVRIG_CAND_033	33	0.804598
P1MCPUFP__CPUFP500K_0090__00532	PVRIG_CAND_014	14	NODE1GEN_235318_source_fixed_pose_mpnn_source_id_P500K__FIXED_POSE_MPNN__B52C2EC7CC64BFED	PVRIG_CAND_034	34	0.715054
P1MCPUFP__CPUFP500K_0090__00532	PVRIG_CAND_014	14	NODE1GEN_076816_source_rfantibody_source_id_PVRIG_RFAb_v2_P4_ekg_L_bb155_mpn03_arm_P4_ekg_L_backbone_P4_ekg_L_bb155_status_NEEDS_RF2_AND_DOCKING	PVRIG_CAND_035	35	0.723757
P1MCPUFP__CPUFP500K_0090__00532	PVRIG_CAND_014	14	NODE1GEN_136300_source_rfantibody_source_id_PVRIG_RFAb_v2_P6_qkg_L_bb255_mpn02_arm_P6_qkg_L_backbone_P6_qkg_L_bb255_status_NEEDS_RF2_AND_DOCKING	PVRIG_CAND_036	36	0.678756
P1MCPUFP__CPUFP500K_0090__00532	PVRIG_CAND_014	14	NODE1GEN_095824_source_rfantibody_source_id_PVRIG_RFAb_v2_P4_qrg_L_bb358_mpn04_arm_P4_qrg_L_backbone_P4_qrg_L_bb358_status_NEEDS_RF2_AND_DOCKING	PVRIG_CAND_037	37	0.616505
P1MCPUFP__CPUFP500K_0090__00532	PVRIG_CAND_014	14	NODE1GEN_017313_source_rfantibody_source_id_PVRIG_RFAb_v2_P1_qrg_L_bb054_mpn00_arm_P1_qrg_L_backbone_P1_qrg_L_bb054_status_NEEDS_RF2_AND_DOCKING	PVRIG_CAND_038	38	0.774011
P1MCPUFP__CPUFP500K_0090__00532	PVRIG_CAND_014	14	NODE1GEN_109783_source_rfantibody_source_id_PVRIG_RFAb_v2_P5_qkg_L_bb121_mpn06_arm_P5_qkg_L_backbone_P5_qkg_L_bb121_status_NEEDS_RF2_AND_DOCKING	PVRIG_CAND_039	39	0.745763
P1MCPUFP__CPUFP500K_0090__00532	PVRIG_CAND_014	14	NODE1GEN_100102_source_rfantibody_source_id_PVRIG_RFAb_v2_P5_ekg_L_bb007_mpn10_arm_P5_ekg_L_backbone_P5_ekg_L_bb007_status_NEEDS_RF2_AND_DOCKING	PVRIG_CAND_040	40	0.795181
P1MCPUFP__CPUFP500K_0090__00532	PVRIG_CAND_014	14	NODE1GEN_109883_source_rfantibody_source_id_PVRIG_RFAb_v2_P5_qkg_L_bb130_mpn02_arm_P5_qkg_L_backbone_P5_qkg_L_bb130_status_NEEDS_RF2_AND_DOCKING	PVRIG_CAND_041	41	0.617486
P1MCPUFP__CPUFP500K_0090__00532	PVRIG_CAND_014	14	P1MCPUFP__CPUFP500K_0030__00860	PVRIG_CAND_042	42	0.563830
P1MCPUFP__CPUFP500K_0090__00532	PVRIG_CAND_014	14	P1MCPUFP__CPUFP500K_0029__00647	PVRIG_CAND_043	43	0.653631
P1MCPUFP__CPUFP500K_0090__00532	PVRIG_CAND_014	14	P1MCPUFP__CPUFP500K_0090__00860	PVRIG_CAND_044	44	0.700565
P1MCPUFP__CPUFP500K_0090__00532	PVRIG_CAND_014	14	P1MCPUFP__CPUFP500K_0289__00496	PVRIG_CAND_045	45	0.668394
P1MCPUFP__CPUFP500K_0090__00532	PVRIG_CAND_014	14	P1MCPUFP__CPUFP500K_0091__00849	PVRIG_CAND_046	46	0.714286
P1MCPUFP__CPUFP500K_0090__00532	PVRIG_CAND_014	14	P1MCPUFP__CPUFP500K_0388__00174	PVRIG_CAND_047	47	0.759777
P1MCPUFP__CPUFP500K_0090__00532	PVRIG_CAND_014	14	P1MCPUFP__CPUFP500K_0487__00827	PVRIG_CAND_048	48	0.808383
P1MCPUFP__CPUFP500K_0090__00532	PVRIG_CAND_014	14	P1MCPUFP__CPUFP500K_0188__00645	PVRIG_CAND_049	49	0.741758
P1MCPUFP__CPUFP500K_0090__00532	PVRIG_CAND_014	14	NODE1GEN_128929_source_rfantibody_source_id_PVRIG_RFAb_v2_P6_ekg_L_bb339_mpn06_arm_P6_ekg_L_backbone_P6_ekg_L_bb339_status_NEEDS_RF2_AND_DOCKING	PVRIG_CAND_050	50	0.601036
NODE1GEN_177961_source_fixed_pose_mpnn_source_id_P500K__FIXED_POSE_MPNN__8431DA62B813A913	PVRIG_CAND_015	15	NODE1GEN_206644_source_fixed_pose_mpnn_source_id_P500K__FIXED_POSE_MPNN__53F648E960398F2F	PVRIG_CAND_016	16	0.766990
NODE1GEN_177961_source_fixed_pose_mpnn_source_id_P500K__FIXED_POSE_MPNN__8431DA62B813A913	PVRIG_CAND_015	15	P1MCPUFP__CPUFP500K_0287__00804	PVRIG_CAND_017	17	0.739362
NODE1GEN_177961_source_fixed_pose_mpnn_source_id_P500K__FIXED_POSE_MPNN__8431DA62B813A913	PVRIG_CAND_015	15	NODE1GEN_127352_source_rfantibody_source_id_PVRIG_RFAb_v2_P6_ekg_L_bb203_mpn04_arm_P6_ekg_L_backbone_P6_ekg_L_bb203_status_NEEDS_RF2_AND_DOCKING	PVRIG_CAND_018	18	0.603015
NODE1GEN_177961_source_fixed_pose_mpnn_source_id_P500K__FIXED_POSE_MPNN__8431DA62B813A913	PVRIG_CAND_015	15	P1MCPUFP__CPUFP500K_0089__00735	PVRIG_CAND_019	19	0.810256
NODE1GEN_177961_source_fixed_pose_mpnn_source_id_P500K__FIXED_POSE_MPNN__8431DA62B813A913	PVRIG_CAND_015	15	NODE1GEN_258472_source_fixed_pose_mpnn_source_id_P500K__FIXED_POSE_MPNN__2E2B33208D567583	PVRIG_CAND_020	20	0.784211
NODE1GEN_177961_source_fixed_pose_mpnn_source_id_P500K__FIXED_POSE_MPNN__8431DA62B813A913	PVRIG_CAND_015	15	P1MCPUFP__CPUFP500K_0299__00780	PVRIG_CAND_021	21	0.813830
NODE1GEN_177961_source_fixed_pose_mpnn_source_id_P500K__FIXED_POSE_MPNN__8431DA62B813A913	PVRIG_CAND_015	15	P1MCPUFP__CPUFP500K_0189__00858	PVRIG_CAND_022	22	0.753769
NODE1GEN_177961_source_fixed_pose_mpnn_source_id_P500K__FIXED_POSE_MPNN__8431DA62B813A913	PVRIG_CAND_015	15	NODE1GEN_174576_source_fixed_pose_mpnn_source_id_P500K__FIXED_POSE_MPNN__D5384A7F42146722	PVRIG_CAND_023	23	0.596244
NODE1GEN_177961_source_fixed_pose_mpnn_source_id_P500K__FIXED_POSE_MPNN__8431DA62B813A913	PVRIG_CAND_015	15	NODE1GEN_002130_source_rfantibody_source_id_PVRIG_RFAb_v2_P1_ekg_L_bb177_mpn10_arm_P1_ekg_L_backbone_P1_ekg_L_bb177_status_NEEDS_RF2_AND_DOCKING	PVRIG_CAND_024	24	0.777174
NODE1GEN_177961_source_fixed_pose_mpnn_source_id_P500K__FIXED_POSE_MPNN__8431DA62B813A913	PVRIG_CAND_015	15	P1MCPUFP__CPUFP500K_0380__00771	PVRIG_CAND_025	25	0.591346
NODE1GEN_177961_source_fixed_pose_mpnn_source_id_P500K__FIXED_POSE_MPNN__8431DA62B813A913	PVRIG_CAND_015	15	NODE1GEN_217675_source_fixed_pose_mpnn_source_id_P500K__FIXED_POSE_MPNN__68DDB4A6D7CBCA89	PVRIG_CAND_026	26	0.809524
NODE1GEN_177961_source_fixed_pose_mpnn_source_id_P500K__FIXED_POSE_MPNN__8431DA62B813A913	PVRIG_CAND_015	15	P1MCPUFP__CPUFP500K_0404__00029	PVRIG_CAND_027	27	0.814433
NODE1GEN_177961_source_fixed_pose_mpnn_source_id_P500K__FIXED_POSE_MPNN__8431DA62B813A913	PVRIG_CAND_015	15	P1MCPUFP__CPUFP500K_0188__00549	PVRIG_CAND_028	28	0.769608
NODE1GEN_177961_source_fixed_pose_mpnn_source_id_P500K__FIXED_POSE_MPNN__8431DA62B813A913	PVRIG_CAND_015	15	P1MCPUFP__CPUFP500K_0188__00481	PVRIG_CAND_029	29	0.770000
NODE1GEN_177961_source_fixed_pose_mpnn_source_id_P500K__FIXED_POSE_MPNN__8431DA62B813A913	PVRIG_CAND_015	15	NODE1GEN_182669_source_fixed_pose_mpnn_source_id_P500K__FIXED_POSE_MPNN__D4BBD3AB583903E7	PVRIG_CAND_030	30	0.769634
NODE1GEN_177961_source_fixed_pose_mpnn_source_id_P500K__FIXED_POSE_MPNN__8431DA62B813A913	PVRIG_CAND_015	15	NODE1GEN_128014_source_rfantibody_source_id_PVRIG_RFAb_v2_P6_ekg_L_bb258_mpn01_arm_P6_ekg_L_backbone_P6_ekg_L_bb258_status_NEEDS_RF2_AND_DOCKING	PVRIG_CAND_031	31	0.765000
NODE1GEN_177961_source_fixed_pose_mpnn_source_id_P500K__FIXED_POSE_MPNN__8431DA62B813A913	PVRIG_CAND_015	15	NODE1GEN_218195_source_fixed_pose_mpnn_source_id_P500K__FIXED_POSE_MPNN__A6B62FDDBC1A99BE	PVRIG_CAND_032	32	0.794737
NODE1GEN_177961_source_fixed_pose_mpnn_source_id_P500K__FIXED_POSE_MPNN__8431DA62B813A913	PVRIG_CAND_015	15	NODE1GEN_195165_source_fixed_pose_mpnn_source_id_P500K__FIXED_POSE_MPNN__499D245F888E5DC4	PVRIG_CAND_033	33	0.735000
NODE1GEN_177961_source_fixed_pose_mpnn_source_id_P500K__FIXED_POSE_MPNN__8431DA62B813A913	PVRIG_CAND_015	15	NODE1GEN_235318_source_fixed_pose_mpnn_source_id_P500K__FIXED_POSE_MPNN__B52C2EC7CC64BFED	PVRIG_CAND_034	34	0.644860
NODE1GEN_177961_source_fixed_pose_mpnn_source_id_P500K__FIXED_POSE_MPNN__8431DA62B813A913	PVRIG_CAND_015	15	NODE1GEN_076816_source_rfantibody_source_id_PVRIG_RFAb_v2_P4_ekg_L_bb155_mpn03_arm_P4_ekg_L_backbone_P4_ekg_L_bb155_status_NEEDS_RF2_AND_DOCKING	PVRIG_CAND_035	35	0.707921
NODE1GEN_177961_source_fixed_pose_mpnn_source_id_P500K__FIXED_POSE_MPNN__8431DA62B813A913	PVRIG_CAND_015	15	NODE1GEN_136300_source_rfantibody_source_id_PVRIG_RFAb_v2_P6_qkg_L_bb255_mpn02_arm_P6_qkg_L_backbone_P6_qkg_L_bb255_status_NEEDS_RF2_AND_DOCKING	PVRIG_CAND_036	36	0.716346
NODE1GEN_177961_source_fixed_pose_mpnn_source_id_P500K__FIXED_POSE_MPNN__8431DA62B813A913	PVRIG_CAND_015	15	NODE1GEN_095824_source_rfantibody_source_id_PVRIG_RFAb_v2_P4_qrg_L_bb358_mpn04_arm_P4_qrg_L_backbone_P4_qrg_L_bb358_status_NEEDS_RF2_AND_DOCKING	PVRIG_CAND_037	37	0.742857
NODE1GEN_177961_source_fixed_pose_mpnn_source_id_P500K__FIXED_POSE_MPNN__8431DA62B813A913	PVRIG_CAND_015	15	NODE1GEN_017313_source_rfantibody_source_id_PVRIG_RFAb_v2_P1_qrg_L_bb054_mpn00_arm_P1_qrg_L_backbone_P1_qrg_L_bb054_status_NEEDS_RF2_AND_DOCKING	PVRIG_CAND_038	38	0.779487
NODE1GEN_177961_source_fixed_pose_mpnn_source_id_P500K__FIXED_POSE_MPNN__8431DA62B813A913	PVRIG_CAND_015	15	NODE1GEN_109783_source_rfantibody_source_id_PVRIG_RFAb_v2_P5_qkg_L_bb121_mpn06_arm_P5_qkg_L_backbone_P5_qkg_L_bb121_status_NEEDS_RF2_AND_DOCKING	PVRIG_CAND_039	39	0.744898
NODE1GEN_177961_source_fixed_pose_mpnn_source_id_P500K__FIXED_POSE_MPNN__8431DA62B813A913	PVRIG_CAND_015	15	NODE1GEN_100102_source_rfantibody_source_id_PVRIG_RFAb_v2_P5_ekg_L_bb007_mpn10_arm_P5_ekg_L_backbone_P5_ekg_L_bb007_status_NEEDS_RF2_AND_DOCKING	PVRIG_CAND_040	40	0.688776
NODE1GEN_177961_source_fixed_pose_mpnn_source_id_P500K__FIXED_POSE_MPNN__8431DA62B813A913	PVRIG_CAND_015	15	NODE1GEN_109883_source_rfantibody_source_id_PVRIG_RFAb_v2_P5_qkg_L_bb130_mpn02_arm_P5_qkg_L_backbone_P5_qkg_L_bb130_status_NEEDS_RF2_AND_DOCKING	PVRIG_CAND_041	41	0.750000
NODE1GEN_177961_source_fixed_pose_mpnn_source_id_P500K__FIXED_POSE_MPNN__8431DA62B813A913	PVRIG_CAND_015	15	P1MCPUFP__CPUFP500K_0030__00860	PVRIG_CAND_042	42	0.668367
NODE1GEN_177961_source_fixed_pose_mpnn_source_id_P500K__FIXED_POSE_MPNN__8431DA62B813A913	PVRIG_CAND_015	15	P1MCPUFP__CPUFP500K_0029__00647	PVRIG_CAND_043	43	0.661616
NODE1GEN_177961_source_fixed_pose_mpnn_source_id_P500K__FIXED_POSE_MPNN__8431DA62B813A913	PVRIG_CAND_015	15	P1MCPUFP__CPUFP500K_0090__00860	PVRIG_CAND_044	44	0.582938
NODE1GEN_177961_source_fixed_pose_mpnn_source_id_P500K__FIXED_POSE_MPNN__8431DA62B813A913	PVRIG_CAND_015	15	P1MCPUFP__CPUFP500K_0289__00496	PVRIG_CAND_045	45	0.584821
NODE1GEN_177961_source_fixed_pose_mpnn_source_id_P500K__FIXED_POSE_MPNN__8431DA62B813A913	PVRIG_CAND_015	15	P1MCPUFP__CPUFP500K_0091__00849	PVRIG_CAND_046	46	0.742424
NODE1GEN_177961_source_fixed_pose_mpnn_source_id_P500K__FIXED_POSE_MPNN__8431DA62B813A913	PVRIG_CAND_015	15	P1MCPUFP__CPUFP500K_0388__00174	PVRIG_CAND_047	47	0.714286
NODE1GEN_177961_source_fixed_pose_mpnn_source_id_P500K__FIXED_POSE_MPNN__8431DA62B813A913	PVRIG_CAND_015	15	P1MCPUFP__CPUFP500K_0487__00827	PVRIG_CAND_048	48	0.717949
NODE1GEN_177961_source_fixed_pose_mpnn_source_id_P500K__FIXED_POSE_MPNN__8431DA62B813A913	PVRIG_CAND_015	15	P1MCPUFP__CPUFP500K_0188__00645	PVRIG_CAND_049	49	0.794872
NODE1GEN_177961_source_fixed_pose_mpnn_source_id_P500K__FIXED_POSE_MPNN__8431DA62B813A913	PVRIG_CAND_015	15	NODE1GEN_128929_source_rfantibody_source_id_PVRIG_RFAb_v2_P6_ekg_L_bb339_mpn06_arm_P6_ekg_L_backbone_P6_ekg_L_bb339_status_NEEDS_RF2_AND_DOCKING	PVRIG_CAND_050	50	0.736041
NODE1GEN_206644_source_fixed_pose_mpnn_source_id_P500K__FIXED_POSE_MPNN__53F648E960398F2F	PVRIG_CAND_016	16	P1MCPUFP__CPUFP500K_0287__00804	PVRIG_CAND_017	17	0.706186
NODE1GEN_206644_source_fixed_pose_mpnn_source_id_P500K__FIXED_POSE_MPNN__53F648E960398F2F	PVRIG_CAND_016	16	NODE1GEN_127352_source_rfantibody_source_id_PVRIG_RFAb_v2_P6_ekg_L_bb203_mpn04_arm_P6_ekg_L_backbone_P6_ekg_L_bb203_status_NEEDS_RF2_AND_DOCKING	PVRIG_CAND_018	18	0.615000
NODE1GEN_206644_source_fixed_pose_mpnn_source_id_P500K__FIXED_POSE_MPNN__53F648E960398F2F	PVRIG_CAND_016	16	P1MCPUFP__CPUFP500K_0089__00735	PVRIG_CAND_019	19	0.750000
NODE1GEN_206644_source_fixed_pose_mpnn_source_id_P500K__FIXED_POSE_MPNN__53F648E960398F2F	PVRIG_CAND_016	16	NODE1GEN_258472_source_fixed_pose_mpnn_source_id_P500K__FIXED_POSE_MPNN__2E2B33208D567583	PVRIG_CAND_020	20	0.657005
NODE1GEN_206644_source_fixed_pose_mpnn_source_id_P500K__FIXED_POSE_MPNN__53F648E960398F2F	PVRIG_CAND_016	16	P1MCPUFP__CPUFP500K_0299__00780	PVRIG_CAND_021	21	0.835106
NODE1GEN_206644_source_fixed_pose_mpnn_source_id_P500K__FIXED_POSE_MPNN__53F648E960398F2F	PVRIG_CAND_016	16	P1MCPUFP__CPUFP500K_0189__00858	PVRIG_CAND_022	22	0.697115
NODE1GEN_206644_source_fixed_pose_mpnn_source_id_P500K__FIXED_POSE_MPNN__53F648E960398F2F	PVRIG_CAND_016	16	NODE1GEN_174576_source_fixed_pose_mpnn_source_id_P500K__FIXED_POSE_MPNN__D5384A7F42146722	PVRIG_CAND_023	23	0.528889
NODE1GEN_206644_source_fixed_pose_mpnn_source_id_P500K__FIXED_POSE_MPNN__53F648E960398F2F	PVRIG_CAND_016	16	NODE1GEN_002130_source_rfantibody_source_id_PVRIG_RFAb_v2_P1_ekg_L_bb177_mpn10_arm_P1_ekg_L_backbone_P1_ekg_L_bb177_status_NEEDS_RF2_AND_DOCKING	PVRIG_CAND_024	24	0.779570
NODE1GEN_206644_source_fixed_pose_mpnn_source_id_P500K__FIXED_POSE_MPNN__53F648E960398F2F	PVRIG_CAND_016	16	P1MCPUFP__CPUFP500K_0380__00771	PVRIG_CAND_025	25	0.658416
NODE1GEN_206644_source_fixed_pose_mpnn_source_id_P500K__FIXED_POSE_MPNN__53F648E960398F2F	PVRIG_CAND_016	16	NODE1GEN_217675_source_fixed_pose_mpnn_source_id_P500K__FIXED_POSE_MPNN__68DDB4A6D7CBCA89	PVRIG_CAND_026	26	0.756345
NODE1GEN_206644_source_fixed_pose_mpnn_source_id_P500K__FIXED_POSE_MPNN__53F648E960398F2F	PVRIG_CAND_016	16	P1MCPUFP__CPUFP500K_0404__00029	PVRIG_CAND_027	27	0.797980
NODE1GEN_206644_source_fixed_pose_mpnn_source_id_P500K__FIXED_POSE_MPNN__53F648E960398F2F	PVRIG_CAND_016	16	P1MCPUFP__CPUFP500K_0188__00549	PVRIG_CAND_028	28	0.789216
NODE1GEN_206644_source_fixed_pose_mpnn_source_id_P500K__FIXED_POSE_MPNN__53F648E960398F2F	PVRIG_CAND_016	16	P1MCPUFP__CPUFP500K_0188__00481	PVRIG_CAND_029	29	0.864583
NODE1GEN_206644_source_fixed_pose_mpnn_source_id_P500K__FIXED_POSE_MPNN__53F648E960398F2F	PVRIG_CAND_016	16	NODE1GEN_182669_source_fixed_pose_mpnn_source_id_P500K__FIXED_POSE_MPNN__D4BBD3AB583903E7	PVRIG_CAND_030	30	0.781250
NODE1GEN_206644_source_fixed_pose_mpnn_source_id_P500K__FIXED_POSE_MPNN__53F648E960398F2F	PVRIG_CAND_016	16	NODE1GEN_128014_source_rfantibody_source_id_PVRIG_RFAb_v2_P6_ekg_L_bb258_mpn01_arm_P6_ekg_L_backbone_P6_ekg_L_bb258_status_NEEDS_RF2_AND_DOCKING	PVRIG_CAND_031	31	0.803030
NODE1GEN_206644_source_fixed_pose_mpnn_source_id_P500K__FIXED_POSE_MPNN__53F648E960398F2F	PVRIG_CAND_016	16	NODE1GEN_218195_source_fixed_pose_mpnn_source_id_P500K__FIXED_POSE_MPNN__A6B62FDDBC1A99BE	PVRIG_CAND_032	32	0.796875
NODE1GEN_206644_source_fixed_pose_mpnn_source_id_P500K__FIXED_POSE_MPNN__53F648E960398F2F	PVRIG_CAND_016	16	NODE1GEN_195165_source_fixed_pose_mpnn_source_id_P500K__FIXED_POSE_MPNN__499D245F888E5DC4	PVRIG_CAND_033	33	0.746269
NODE1GEN_206644_source_fixed_pose_mpnn_source_id_P500K__FIXED_POSE_MPNN__53F648E960398F2F	PVRIG_CAND_016	16	NODE1GEN_235318_source_fixed_pose_mpnn_source_id_P500K__FIXED_POSE_MPNN__B52C2EC7CC64BFED	PVRIG_CAND_034	34	0.719807
NODE1GEN_206644_source_fixed_pose_mpnn_source_id_P500K__FIXED_POSE_MPNN__53F648E960398F2F	PVRIG_CAND_016	16	NODE1GEN_076816_source_rfantibody_source_id_PVRIG_RFAb_v2_P4_ekg_L_bb155_mpn03_arm_P4_ekg_L_backbone_P4_ekg_L_bb155_status_NEEDS_RF2_AND_DOCKING	PVRIG_CAND_035	35	0.780612
NODE1GEN_206644_source_fixed_pose_mpnn_source_id_P500K__FIXED_POSE_MPNN__53F648E960398F2F	PVRIG_CAND_016	16	NODE1GEN_136300_source_rfantibody_source_id_PVRIG_RFAb_v2_P6_qkg_L_bb255_mpn02_arm_P6_qkg_L_backbone_P6_qkg_L_bb255_status_NEEDS_RF2_AND_DOCKING	PVRIG_CAND_036	36	0.769608
NODE1GEN_206644_source_fixed_pose_mpnn_source_id_P500K__FIXED_POSE_MPNN__53F648E960398F2F	PVRIG_CAND_016	16	NODE1GEN_095824_source_rfantibody_source_id_PVRIG_RFAb_v2_P4_qrg_L_bb358_mpn04_arm_P4_qrg_L_backbone_P4_qrg_L_bb358_status_NEEDS_RF2_AND_DOCKING	PVRIG_CAND_037	37	0.822660
NODE1GEN_206644_source_fixed_pose_mpnn_source_id_P500K__FIXED_POSE_MPNN__53F648E960398F2F	PVRIG_CAND_016	16	NODE1GEN_017313_source_rfantibody_source_id_PVRIG_RFAb_v2_P1_qrg_L_bb054_mpn00_arm_P1_qrg_L_backbone_P1_qrg_L_bb054_status_NEEDS_RF2_AND_DOCKING	PVRIG_CAND_038	38	0.781726
NODE1GEN_206644_source_fixed_pose_mpnn_source_id_P500K__FIXED_POSE_MPNN__53F648E960398F2F	PVRIG_CAND_016	16	NODE1GEN_109783_source_rfantibody_source_id_PVRIG_RFAb_v2_P5_qkg_L_bb121_mpn06_arm_P5_qkg_L_backbone_P5_qkg_L_bb121_status_NEEDS_RF2_AND_DOCKING	PVRIG_CAND_039	39	0.756345
NODE1GEN_206644_source_fixed_pose_mpnn_source_id_P500K__FIXED_POSE_MPNN__53F648E960398F2F	PVRIG_CAND_016	16	NODE1GEN_100102_source_rfantibody_source_id_PVRIG_RFAb_v2_P5_ekg_L_bb007_mpn10_arm_P5_ekg_L_backbone_P5_ekg_L_bb007_status_NEEDS_RF2_AND_DOCKING	PVRIG_CAND_040	40	0.726804
NODE1GEN_206644_source_fixed_pose_mpnn_source_id_P500K__FIXED_POSE_MPNN__53F648E960398F2F	PVRIG_CAND_016	16	NODE1GEN_109883_source_rfantibody_source_id_PVRIG_RFAb_v2_P5_qkg_L_bb130_mpn02_arm_P5_qkg_L_backbone_P5_qkg_L_bb130_status_NEEDS_RF2_AND_DOCKING	PVRIG_CAND_041	41	0.734375
NODE1GEN_206644_source_fixed_pose_mpnn_source_id_P500K__FIXED_POSE_MPNN__53F648E960398F2F	PVRIG_CAND_016	16	P1MCPUFP__CPUFP500K_0030__00860	PVRIG_CAND_042	42	0.688776
NODE1GEN_206644_source_fixed_pose_mpnn_source_id_P500K__FIXED_POSE_MPNN__53F648E960398F2F	PVRIG_CAND_016	16	P1MCPUFP__CPUFP500K_0029__00647	PVRIG_CAND_043	43	0.600962
NODE1GEN_206644_source_fixed_pose_mpnn_source_id_P500K__FIXED_POSE_MPNN__53F648E960398F2F	PVRIG_CAND_016	16	P1MCPUFP__CPUFP500K_0090__00860	PVRIG_CAND_044	44	0.632850
NODE1GEN_206644_source_fixed_pose_mpnn_source_id_P500K__FIXED_POSE_MPNN__53F648E960398F2F	PVRIG_CAND_016	16	P1MCPUFP__CPUFP500K_0289__00496	PVRIG_CAND_045	45	0.662037
NODE1GEN_206644_source_fixed_pose_mpnn_source_id_P500K__FIXED_POSE_MPNN__53F648E960398F2F	PVRIG_CAND_016	16	P1MCPUFP__CPUFP500K_0091__00849	PVRIG_CAND_046	46	0.727723
NODE1GEN_206644_source_fixed_pose_mpnn_source_id_P500K__FIXED_POSE_MPNN__53F648E960398F2F	PVRIG_CAND_016	16	P1MCPUFP__CPUFP500K_0388__00174	PVRIG_CAND_047	47	0.717073
NODE1GEN_206644_source_fixed_pose_mpnn_source_id_P500K__FIXED_POSE_MPNN__53F648E960398F2F	PVRIG_CAND_016	16	P1MCPUFP__CPUFP500K_0487__00827	PVRIG_CAND_048	48	0.784211
NODE1GEN_206644_source_fixed_pose_mpnn_source_id_P500K__FIXED_POSE_MPNN__53F648E960398F2F	PVRIG_CAND_016	16	P1MCPUFP__CPUFP500K_0188__00645	PVRIG_CAND_049	49	0.796954
NODE1GEN_206644_source_fixed_pose_mpnn_source_id_P500K__FIXED_POSE_MPNN__53F648E960398F2F	PVRIG_CAND_016	16	NODE1GEN_128929_source_rfantibody_source_id_PVRIG_RFAb_v2_P6_ekg_L_bb339_mpn06_arm_P6_ekg_L_backbone_P6_ekg_L_bb339_status_NEEDS_RF2_AND_DOCKING	PVRIG_CAND_050	50	0.765306
P1MCPUFP__CPUFP500K_0287__00804	PVRIG_CAND_017	17	NODE1GEN_127352_source_rfantibody_source_id_PVRIG_RFAb_v2_P6_ekg_L_bb203_mpn04_arm_P6_ekg_L_backbone_P6_ekg_L_bb203_status_NEEDS_RF2_AND_DOCKING	PVRIG_CAND_018	18	0.682353
P1MCPUFP__CPUFP500K_0287__00804	PVRIG_CAND_017	17	P1MCPUFP__CPUFP500K_0089__00735	PVRIG_CAND_019	19	0.758242
P1MCPUFP__CPUFP500K_0287__00804	PVRIG_CAND_017	17	NODE1GEN_258472_source_fixed_pose_mpnn_source_id_P500K__FIXED_POSE_MPNN__2E2B33208D567583	PVRIG_CAND_020	20	0.738636
P1MCPUFP__CPUFP500K_0287__00804	PVRIG_CAND_017	17	P1MCPUFP__CPUFP500K_0299__00780	PVRIG_CAND_021	21	0.760000
P1MCPUFP__CPUFP500K_0287__00804	PVRIG_CAND_017	17	P1MCPUFP__CPUFP500K_0189__00858	PVRIG_CAND_022	22	0.775281
P1MCPUFP__CPUFP500K_0287__00804	PVRIG_CAND_017	17	NODE1GEN_174576_source_fixed_pose_mpnn_source_id_P500K__FIXED_POSE_MPNN__D5384A7F42146722	PVRIG_CAND_023	23	0.590674
P1MCPUFP__CPUFP500K_0287__00804	PVRIG_CAND_017	17	NODE1GEN_002130_source_rfantibody_source_id_PVRIG_RFAb_v2_P1_ekg_L_bb177_mpn10_arm_P1_ekg_L_backbone_P1_ekg_L_bb177_status_NEEDS_RF2_AND_DOCKING	PVRIG_CAND_024	24	0.750000
P1MCPUFP__CPUFP500K_0287__00804	PVRIG_CAND_017	17	P1MCPUFP__CPUFP500K_0380__00771	PVRIG_CAND_025	25	0.702857
P1MCPUFP__CPUFP500K_0287__00804	PVRIG_CAND_017	17	NODE1GEN_217675_source_fixed_pose_mpnn_source_id_P500K__FIXED_POSE_MPNN__68DDB4A6D7CBCA89	PVRIG_CAND_026	26	0.775862
P1MCPUFP__CPUFP500K_0287__00804	PVRIG_CAND_017	17	P1MCPUFP__CPUFP500K_0404__00029	PVRIG_CAND_027	27	0.772222
P1MCPUFP__CPUFP500K_0287__00804	PVRIG_CAND_017	17	P1MCPUFP__CPUFP500K_0188__00549	PVRIG_CAND_028	28	0.717277
P1MCPUFP__CPUFP500K_0287__00804	PVRIG_CAND_017	17	P1MCPUFP__CPUFP500K_0188__00481	PVRIG_CAND_029	29	0.725806
P1MCPUFP__CPUFP500K_0287__00804	PVRIG_CAND_017	17	NODE1GEN_182669_source_fixed_pose_mpnn_source_id_P500K__FIXED_POSE_MPNN__D4BBD3AB583903E7	PVRIG_CAND_030	30	0.783626
P1MCPUFP__CPUFP500K_0287__00804	PVRIG_CAND_017	17	NODE1GEN_128014_source_rfantibody_source_id_PVRIG_RFAb_v2_P6_ekg_L_bb258_mpn01_arm_P6_ekg_L_backbone_P6_ekg_L_bb258_status_NEEDS_RF2_AND_DOCKING	PVRIG_CAND_031	31	0.767956
P1MCPUFP__CPUFP500K_0287__00804	PVRIG_CAND_017	17	NODE1GEN_218195_source_fixed_pose_mpnn_source_id_P500K__FIXED_POSE_MPNN__A6B62FDDBC1A99BE	PVRIG_CAND_032	32	0.780347
P1MCPUFP__CPUFP500K_0287__00804	PVRIG_CAND_017	17	NODE1GEN_195165_source_fixed_pose_mpnn_source_id_P500K__FIXED_POSE_MPNN__499D245F888E5DC4	PVRIG_CAND_033	33	0.774011
P1MCPUFP__CPUFP500K_0287__00804	PVRIG_CAND_017	17	NODE1GEN_235318_source_fixed_pose_mpnn_source_id_P500K__FIXED_POSE_MPNN__B52C2EC7CC64BFED	PVRIG_CAND_034	34	0.627551
P1MCPUFP__CPUFP500K_0287__00804	PVRIG_CAND_017	17	NODE1GEN_076816_source_rfantibody_source_id_PVRIG_RFAb_v2_P4_ekg_L_bb155_mpn03_arm_P4_ekg_L_backbone_P4_ekg_L_bb155_status_NEEDS_RF2_AND_DOCKING	PVRIG_CAND_035	35	0.743017
P1MCPUFP__CPUFP500K_0287__00804	PVRIG_CAND_017	17	NODE1GEN_136300_source_rfantibody_source_id_PVRIG_RFAb_v2_P6_qkg_L_bb255_mpn02_arm_P6_qkg_L_backbone_P6_qkg_L_bb255_status_NEEDS_RF2_AND_DOCKING	PVRIG_CAND_036	36	0.760870
P1MCPUFP__CPUFP500K_0287__00804	PVRIG_CAND_017	17	NODE1GEN_095824_source_rfantibody_source_id_PVRIG_RFAb_v2_P4_qrg_L_bb358_mpn04_arm_P4_qrg_L_backbone_P4_qrg_L_bb358_status_NEEDS_RF2_AND_DOCKING	PVRIG_CAND_037	37	0.681818
P1MCPUFP__CPUFP500K_0287__00804	PVRIG_CAND_017	17	NODE1GEN_017313_source_rfantibody_source_id_PVRIG_RFAb_v2_P1_qrg_L_bb054_mpn00_arm_P1_qrg_L_backbone_P1_qrg_L_bb054_status_NEEDS_RF2_AND_DOCKING	PVRIG_CAND_038	38	0.764045
P1MCPUFP__CPUFP500K_0287__00804	PVRIG_CAND_017	17	NODE1GEN_109783_source_rfantibody_source_id_PVRIG_RFAb_v2_P5_qkg_L_bb121_mpn06_arm_P5_qkg_L_backbone_P5_qkg_L_bb121_status_NEEDS_RF2_AND_DOCKING	PVRIG_CAND_039	39	0.817647
P1MCPUFP__CPUFP500K_0287__00804	PVRIG_CAND_017	17	NODE1GEN_100102_source_rfantibody_source_id_PVRIG_RFAb_v2_P5_ekg_L_bb007_mpn10_arm_P5_ekg_L_backbone_P5_ekg_L_bb007_status_NEEDS_RF2_AND_DOCKING	PVRIG_CAND_040	40	0.722543
P1MCPUFP__CPUFP500K_0287__00804	PVRIG_CAND_017	17	NODE1GEN_109883_source_rfantibody_source_id_PVRIG_RFAb_v2_P5_qkg_L_bb130_mpn02_arm_P5_qkg_L_backbone_P5_qkg_L_bb130_status_NEEDS_RF2_AND_DOCKING	PVRIG_CAND_041	41	0.662921
P1MCPUFP__CPUFP500K_0287__00804	PVRIG_CAND_017	17	P1MCPUFP__CPUFP500K_0030__00860	PVRIG_CAND_042	42	0.597826
P1MCPUFP__CPUFP500K_0287__00804	PVRIG_CAND_017	17	P1MCPUFP__CPUFP500K_0029__00647	PVRIG_CAND_043	43	0.681818
P1MCPUFP__CPUFP500K_0287__00804	PVRIG_CAND_017	17	P1MCPUFP__CPUFP500K_0090__00860	PVRIG_CAND_044	44	0.662983
P1MCPUFP__CPUFP500K_0287__00804	PVRIG_CAND_017	17	P1MCPUFP__CPUFP500K_0289__00496	PVRIG_CAND_045	45	0.594059
P1MCPUFP__CPUFP500K_0287__00804	PVRIG_CAND_017	17	P1MCPUFP__CPUFP500K_0091__00849	PVRIG_CAND_046	46	0.782857
P1MCPUFP__CPUFP500K_0287__00804	PVRIG_CAND_017	17	P1MCPUFP__CPUFP500K_0388__00174	PVRIG_CAND_047	47	0.769663
P1MCPUFP__CPUFP500K_0287__00804	PVRIG_CAND_017	17	P1MCPUFP__CPUFP500K_0487__00827	PVRIG_CAND_048	48	0.819277
P1MCPUFP__CPUFP500K_0287__00804	PVRIG_CAND_017	17	P1MCPUFP__CPUFP500K_0188__00645	PVRIG_CAND_049	49	0.761111
P1MCPUFP__CPUFP500K_0287__00804	PVRIG_CAND_017	17	NODE1GEN_128929_source_rfantibody_source_id_PVRIG_RFAb_v2_P6_ekg_L_bb339_mpn06_arm_P6_ekg_L_backbone_P6_ekg_L_bb339_status_NEEDS_RF2_AND_DOCKING	PVRIG_CAND_050	50	0.670270
NODE1GEN_127352_source_rfantibody_source_id_PVRIG_RFAb_v2_P6_ekg_L_bb203_mpn04_arm_P6_ekg_L_backbone_P6_ekg_L_bb203_status_NEEDS_RF2_AND_DOCKING	PVRIG_CAND_018	18	P1MCPUFP__CPUFP500K_0089__00735	PVRIG_CAND_019	19	0.668449
NODE1GEN_127352_source_rfantibody_source_id_PVRIG_RFAb_v2_P6_ekg_L_bb203_mpn04_arm_P6_ekg_L_backbone_P6_ekg_L_bb203_status_NEEDS_RF2_AND_DOCKING	PVRIG_CAND_018	18	NODE1GEN_258472_source_fixed_pose_mpnn_source_id_P500K__FIXED_POSE_MPNN__2E2B33208D567583	PVRIG_CAND_020	20	0.610811
NODE1GEN_127352_source_rfantibody_source_id_PVRIG_RFAb_v2_P6_ekg_L_bb203_mpn04_arm_P6_ekg_L_backbone_P6_ekg_L_bb203_status_NEEDS_RF2_AND_DOCKING	PVRIG_CAND_018	18	P1MCPUFP__CPUFP500K_0299__00780	PVRIG_CAND_021	21	0.648352
NODE1GEN_127352_source_rfantibody_source_id_PVRIG_RFAb_v2_P6_ekg_L_bb203_mpn04_arm_P6_ekg_L_backbone_P6_ekg_L_bb203_status_NEEDS_RF2_AND_DOCKING	PVRIG_CAND_018	18	P1MCPUFP__CPUFP500K_0189__00858	PVRIG_CAND_022	22	0.629630
NODE1GEN_127352_source_rfantibody_source_id_PVRIG_RFAb_v2_P6_ekg_L_bb203_mpn04_arm_P6_ekg_L_backbone_P6_ekg_L_bb203_status_NEEDS_RF2_AND_DOCKING	PVRIG_CAND_018	18	NODE1GEN_174576_source_fixed_pose_mpnn_source_id_P500K__FIXED_POSE_MPNN__D5384A7F42146722	PVRIG_CAND_023	23	0.465686
NODE1GEN_127352_source_rfantibody_source_id_PVRIG_RFAb_v2_P6_ekg_L_bb203_mpn04_arm_P6_ekg_L_backbone_P6_ekg_L_bb203_status_NEEDS_RF2_AND_DOCKING	PVRIG_CAND_018	18	NODE1GEN_002130_source_rfantibody_source_id_PVRIG_RFAb_v2_P1_ekg_L_bb177_mpn10_arm_P1_ekg_L_backbone_P1_ekg_L_bb177_status_NEEDS_RF2_AND_DOCKING	PVRIG_CAND_024	24	0.672515
NODE1GEN_127352_source_rfantibody_source_id_PVRIG_RFAb_v2_P6_ekg_L_bb203_mpn04_arm_P6_ekg_L_backbone_P6_ekg_L_bb203_status_NEEDS_RF2_AND_DOCKING	PVRIG_CAND_018	18	P1MCPUFP__CPUFP500K_0380__00771	PVRIG_CAND_025	25	0.676301
NODE1GEN_127352_source_rfantibody_source_id_PVRIG_RFAb_v2_P6_ekg_L_bb203_mpn04_arm_P6_ekg_L_backbone_P6_ekg_L_bb203_status_NEEDS_RF2_AND_DOCKING	PVRIG_CAND_018	18	NODE1GEN_217675_source_fixed_pose_mpnn_source_id_P500K__FIXED_POSE_MPNN__68DDB4A6D7CBCA89	PVRIG_CAND_026	26	0.644809
NODE1GEN_127352_source_rfantibody_source_id_PVRIG_RFAb_v2_P6_ekg_L_bb203_mpn04_arm_P6_ekg_L_backbone_P6_ekg_L_bb203_status_NEEDS_RF2_AND_DOCKING	PVRIG_CAND_018	18	P1MCPUFP__CPUFP500K_0404__00029	PVRIG_CAND_027	27	0.636842
NODE1GEN_127352_source_rfantibody_source_id_PVRIG_RFAb_v2_P6_ekg_L_bb203_mpn04_arm_P6_ekg_L_backbone_P6_ekg_L_bb203_status_NEEDS_RF2_AND_DOCKING	PVRIG_CAND_018	18	P1MCPUFP__CPUFP500K_0188__00549	PVRIG_CAND_028	28	0.641026
NODE1GEN_127352_source_rfantibody_source_id_PVRIG_RFAb_v2_P6_ekg_L_bb203_mpn04_arm_P6_ekg_L_backbone_P6_ekg_L_bb203_status_NEEDS_RF2_AND_DOCKING	PVRIG_CAND_018	18	P1MCPUFP__CPUFP500K_0188__00481	PVRIG_CAND_029	29	0.605128
NODE1GEN_127352_source_rfantibody_source_id_PVRIG_RFAb_v2_P6_ekg_L_bb203_mpn04_arm_P6_ekg_L_backbone_P6_ekg_L_bb203_status_NEEDS_RF2_AND_DOCKING	PVRIG_CAND_018	18	NODE1GEN_182669_source_fixed_pose_mpnn_source_id_P500K__FIXED_POSE_MPNN__D4BBD3AB583903E7	PVRIG_CAND_030	30	0.668539
NODE1GEN_127352_source_rfantibody_source_id_PVRIG_RFAb_v2_P6_ekg_L_bb203_mpn04_arm_P6_ekg_L_backbone_P6_ekg_L_bb203_status_NEEDS_RF2_AND_DOCKING	PVRIG_CAND_018	18	NODE1GEN_128014_source_rfantibody_source_id_PVRIG_RFAb_v2_P6_ekg_L_bb258_mpn01_arm_P6_ekg_L_backbone_P6_ekg_L_bb258_status_NEEDS_RF2_AND_DOCKING	PVRIG_CAND_031	31	0.677419
NODE1GEN_127352_source_rfantibody_source_id_PVRIG_RFAb_v2_P6_ekg_L_bb203_mpn04_arm_P6_ekg_L_backbone_P6_ekg_L_bb203_status_NEEDS_RF2_AND_DOCKING	PVRIG_CAND_018	18	NODE1GEN_218195_source_fixed_pose_mpnn_source_id_P500K__FIXED_POSE_MPNN__A6B62FDDBC1A99BE	PVRIG_CAND_032	32	0.648352
NODE1GEN_127352_source_rfantibody_source_id_PVRIG_RFAb_v2_P6_ekg_L_bb203_mpn04_arm_P6_ekg_L_backbone_P6_ekg_L_bb203_status_NEEDS_RF2_AND_DOCKING	PVRIG_CAND_018	18	NODE1GEN_195165_source_fixed_pose_mpnn_source_id_P500K__FIXED_POSE_MPNN__499D245F888E5DC4	PVRIG_CAND_033	33	0.663043
NODE1GEN_127352_source_rfantibody_source_id_PVRIG_RFAb_v2_P6_ekg_L_bb203_mpn04_arm_P6_ekg_L_backbone_P6_ekg_L_bb203_status_NEEDS_RF2_AND_DOCKING	PVRIG_CAND_018	18	NODE1GEN_235318_source_fixed_pose_mpnn_source_id_P500K__FIXED_POSE_MPNN__B52C2EC7CC64BFED	PVRIG_CAND_034	34	0.628272
NODE1GEN_127352_source_rfantibody_source_id_PVRIG_RFAb_v2_P6_ekg_L_bb203_mpn04_arm_P6_ekg_L_backbone_P6_ekg_L_bb203_status_NEEDS_RF2_AND_DOCKING	PVRIG_CAND_018	18	NODE1GEN_076816_source_rfantibody_source_id_PVRIG_RFAb_v2_P4_ekg_L_bb155_mpn03_arm_P4_ekg_L_backbone_P4_ekg_L_bb155_status_NEEDS_RF2_AND_DOCKING	PVRIG_CAND_035	35	0.634409
NODE1GEN_127352_source_rfantibody_source_id_PVRIG_RFAb_v2_P6_ekg_L_bb203_mpn04_arm_P6_ekg_L_backbone_P6_ekg_L_bb203_status_NEEDS_RF2_AND_DOCKING	PVRIG_CAND_018	18	NODE1GEN_136300_source_rfantibody_source_id_PVRIG_RFAb_v2_P6_qkg_L_bb255_mpn02_arm_P6_qkg_L_backbone_P6_qkg_L_bb255_status_NEEDS_RF2_AND_DOCKING	PVRIG_CAND_036	36	0.637306
NODE1GEN_127352_source_rfantibody_source_id_PVRIG_RFAb_v2_P6_ekg_L_bb203_mpn04_arm_P6_ekg_L_backbone_P6_ekg_L_bb203_status_NEEDS_RF2_AND_DOCKING	PVRIG_CAND_018	18	NODE1GEN_095824_source_rfantibody_source_id_PVRIG_RFAb_v2_P4_qrg_L_bb358_mpn04_arm_P4_qrg_L_backbone_P4_qrg_L_bb358_status_NEEDS_RF2_AND_DOCKING	PVRIG_CAND_037	37	0.577670
NODE1GEN_127352_source_rfantibody_source_id_PVRIG_RFAb_v2_P6_ekg_L_bb203_mpn04_arm_P6_ekg_L_backbone_P6_ekg_L_bb203_status_NEEDS_RF2_AND_DOCKING	PVRIG_CAND_018	18	NODE1GEN_017313_source_rfantibody_source_id_PVRIG_RFAb_v2_P1_qrg_L_bb054_mpn00_arm_P1_qrg_L_backbone_P1_qrg_L_bb054_status_NEEDS_RF2_AND_DOCKING	PVRIG_CAND_038	38	0.654054
NODE1GEN_127352_source_rfantibody_source_id_PVRIG_RFAb_v2_P6_ekg_L_bb203_mpn04_arm_P6_ekg_L_backbone_P6_ekg_L_bb203_status_NEEDS_RF2_AND_DOCKING	PVRIG_CAND_018	18	NODE1GEN_109783_source_rfantibody_source_id_PVRIG_RFAb_v2_P5_qkg_L_bb121_mpn06_arm_P5_qkg_L_backbone_P5_qkg_L_bb121_status_NEEDS_RF2_AND_DOCKING	PVRIG_CAND_039	39	0.662983
NODE1GEN_127352_source_rfantibody_source_id_PVRIG_RFAb_v2_P6_ekg_L_bb203_mpn04_arm_P6_ekg_L_backbone_P6_ekg_L_bb203_status_NEEDS_RF2_AND_DOCKING	PVRIG_CAND_018	18	NODE1GEN_100102_source_rfantibody_source_id_PVRIG_RFAb_v2_P5_ekg_L_bb007_mpn10_arm_P5_ekg_L_backbone_P5_ekg_L_bb007_status_NEEDS_RF2_AND_DOCKING	PVRIG_CAND_040	40	0.705882
NODE1GEN_127352_source_rfantibody_source_id_PVRIG_RFAb_v2_P6_ekg_L_bb203_mpn04_arm_P6_ekg_L_backbone_P6_ekg_L_bb203_status_NEEDS_RF2_AND_DOCKING	PVRIG_CAND_018	18	NODE1GEN_109883_source_rfantibody_source_id_PVRIG_RFAb_v2_P5_qkg_L_bb130_mpn02_arm_P5_qkg_L_backbone_P5_qkg_L_bb130_status_NEEDS_RF2_AND_DOCKING	PVRIG_CAND_041	41	0.565217
NODE1GEN_127352_source_rfantibody_source_id_PVRIG_RFAb_v2_P6_ekg_L_bb203_mpn04_arm_P6_ekg_L_backbone_P6_ekg_L_bb203_status_NEEDS_RF2_AND_DOCKING	PVRIG_CAND_018	18	P1MCPUFP__CPUFP500K_0030__00860	PVRIG_CAND_042	42	0.481865
NODE1GEN_127352_source_rfantibody_source_id_PVRIG_RFAb_v2_P6_ekg_L_bb203_mpn04_arm_P6_ekg_L_backbone_P6_ekg_L_bb203_status_NEEDS_RF2_AND_DOCKING	PVRIG_CAND_018	18	P1MCPUFP__CPUFP500K_0029__00647	PVRIG_CAND_043	43	0.766871
NODE1GEN_127352_source_rfantibody_source_id_PVRIG_RFAb_v2_P6_ekg_L_bb203_mpn04_arm_P6_ekg_L_backbone_P6_ekg_L_bb203_status_NEEDS_RF2_AND_DOCKING	PVRIG_CAND_018	18	P1MCPUFP__CPUFP500K_0090__00860	PVRIG_CAND_044	44	0.765060
NODE1GEN_127352_source_rfantibody_source_id_PVRIG_RFAb_v2_P6_ekg_L_bb203_mpn04_arm_P6_ekg_L_backbone_P6_ekg_L_bb203_status_NEEDS_RF2_AND_DOCKING	PVRIG_CAND_018	18	P1MCPUFP__CPUFP500K_0289__00496	PVRIG_CAND_045	45	0.670213
NODE1GEN_127352_source_rfantibody_source_id_PVRIG_RFAb_v2_P6_ekg_L_bb203_mpn04_arm_P6_ekg_L_backbone_P6_ekg_L_bb203_status_NEEDS_RF2_AND_DOCKING	PVRIG_CAND_018	18	P1MCPUFP__CPUFP500K_0091__00849	PVRIG_CAND_046	46	0.643243
NODE1GEN_127352_source_rfantibody_source_id_PVRIG_RFAb_v2_P6_ekg_L_bb203_mpn04_arm_P6_ekg_L_backbone_P6_ekg_L_bb203_status_NEEDS_RF2_AND_DOCKING	PVRIG_CAND_018	18	P1MCPUFP__CPUFP500K_0388__00174	PVRIG_CAND_047	47	0.641711
NODE1GEN_127352_source_rfantibody_source_id_PVRIG_RFAb_v2_P6_ekg_L_bb203_mpn04_arm_P6_ekg_L_backbone_P6_ekg_L_bb203_status_NEEDS_RF2_AND_DOCKING	PVRIG_CAND_018	18	P1MCPUFP__CPUFP500K_0487__00827	PVRIG_CAND_048	48	0.709302
NODE1GEN_127352_source_rfantibody_source_id_PVRIG_RFAb_v2_P6_ekg_L_bb203_mpn04_arm_P6_ekg_L_backbone_P6_ekg_L_bb203_status_NEEDS_RF2_AND_DOCKING	PVRIG_CAND_018	18	P1MCPUFP__CPUFP500K_0188__00645	PVRIG_CAND_049	49	0.679348
NODE1GEN_127352_source_rfantibody_source_id_PVRIG_RFAb_v2_P6_ekg_L_bb203_mpn04_arm_P6_ekg_L_backbone_P6_ekg_L_bb203_status_NEEDS_RF2_AND_DOCKING	PVRIG_CAND_018	18	NODE1GEN_128929_source_rfantibody_source_id_PVRIG_RFAb_v2_P6_ekg_L_bb339_mpn06_arm_P6_ekg_L_backbone_P6_ekg_L_bb339_status_NEEDS_RF2_AND_DOCKING	PVRIG_CAND_050	50	0.551546
P1MCPUFP__CPUFP500K_0089__00735	PVRIG_CAND_019	19	NODE1GEN_258472_source_fixed_pose_mpnn_source_id_P500K__FIXED_POSE_MPNN__2E2B33208D567583	PVRIG_CAND_020	20	0.804348
P1MCPUFP__CPUFP500K_0089__00735	PVRIG_CAND_019	19	P1MCPUFP__CPUFP500K_0299__00780	PVRIG_CAND_021	21	0.776596
P1MCPUFP__CPUFP500K_0089__00735	PVRIG_CAND_019	19	P1MCPUFP__CPUFP500K_0189__00858	PVRIG_CAND_022	22	0.790576
P1MCPUFP__CPUFP500K_0089__00735	PVRIG_CAND_019	19	NODE1GEN_174576_source_fixed_pose_mpnn_source_id_P500K__FIXED_POSE_MPNN__D5384A7F42146722	PVRIG_CAND_023	23	0.608696
P1MCPUFP__CPUFP500K_0089__00735	PVRIG_CAND_019	19	NODE1GEN_002130_source_rfantibody_source_id_PVRIG_RFAb_v2_P1_ekg_L_bb177_mpn10_arm_P1_ekg_L_backbone_P1_ekg_L_bb177_status_NEEDS_RF2_AND_DOCKING	PVRIG_CAND_024	24	0.758242
P1MCPUFP__CPUFP500K_0089__00735	PVRIG_CAND_019	19	P1MCPUFP__CPUFP500K_0380__00771	PVRIG_CAND_025	25	0.670103
P1MCPUFP__CPUFP500K_0089__00735	PVRIG_CAND_019	19	NODE1GEN_217675_source_fixed_pose_mpnn_source_id_P500K__FIXED_POSE_MPNN__68DDB4A6D7CBCA89	PVRIG_CAND_026	26	0.791444
P1MCPUFP__CPUFP500K_0089__00735	PVRIG_CAND_019	19	P1MCPUFP__CPUFP500K_0404__00029	PVRIG_CAND_027	27	0.760204
P1MCPUFP__CPUFP500K_0089__00735	PVRIG_CAND_019	19	P1MCPUFP__CPUFP500K_0188__00549	PVRIG_CAND_028	28	0.761194
P1MCPUFP__CPUFP500K_0089__00735	PVRIG_CAND_019	19	P1MCPUFP__CPUFP500K_0188__00481	PVRIG_CAND_029	29	0.752525
P1MCPUFP__CPUFP500K_0089__00735	PVRIG_CAND_019	19	NODE1GEN_182669_source_fixed_pose_mpnn_source_id_P500K__FIXED_POSE_MPNN__D4BBD3AB583903E7	PVRIG_CAND_030	30	0.760638
P1MCPUFP__CPUFP500K_0089__00735	PVRIG_CAND_019	19	NODE1GEN_128014_source_rfantibody_source_id_PVRIG_RFAb_v2_P6_ekg_L_bb258_mpn01_arm_P6_ekg_L_backbone_P6_ekg_L_bb258_status_NEEDS_RF2_AND_DOCKING	PVRIG_CAND_031	31	0.811518
P1MCPUFP__CPUFP500K_0089__00735	PVRIG_CAND_019	19	NODE1GEN_218195_source_fixed_pose_mpnn_source_id_P500K__FIXED_POSE_MPNN__A6B62FDDBC1A99BE	PVRIG_CAND_032	32	0.815217
P1MCPUFP__CPUFP500K_0089__00735	PVRIG_CAND_019	19	NODE1GEN_195165_source_fixed_pose_mpnn_source_id_P500K__FIXED_POSE_MPNN__499D245F888E5DC4	PVRIG_CAND_033	33	0.789474
P1MCPUFP__CPUFP500K_0089__00735	PVRIG_CAND_019	19	NODE1GEN_235318_source_fixed_pose_mpnn_source_id_P500K__FIXED_POSE_MPNN__B52C2EC7CC64BFED	PVRIG_CAND_034	34	0.682927
P1MCPUFP__CPUFP500K_0089__00735	PVRIG_CAND_019	19	NODE1GEN_076816_source_rfantibody_source_id_PVRIG_RFAb_v2_P4_ekg_L_bb155_mpn03_arm_P4_ekg_L_backbone_P4_ekg_L_bb155_status_NEEDS_RF2_AND_DOCKING	PVRIG_CAND_035	35	0.715736
P1MCPUFP__CPUFP500K_0089__00735	PVRIG_CAND_019	19	NODE1GEN_136300_source_rfantibody_source_id_PVRIG_RFAb_v2_P6_qkg_L_bb255_mpn02_arm_P6_qkg_L_backbone_P6_qkg_L_bb255_status_NEEDS_RF2_AND_DOCKING	PVRIG_CAND_036	36	0.724138
P1MCPUFP__CPUFP500K_0089__00735	PVRIG_CAND_019	19	NODE1GEN_095824_source_rfantibody_source_id_PVRIG_RFAb_v2_P4_qrg_L_bb358_mpn04_arm_P4_qrg_L_backbone_P4_qrg_L_bb358_status_NEEDS_RF2_AND_DOCKING	PVRIG_CAND_037	37	0.677570
P1MCPUFP__CPUFP500K_0089__00735	PVRIG_CAND_019	19	NODE1GEN_017313_source_rfantibody_source_id_PVRIG_RFAb_v2_P1_qrg_L_bb054_mpn00_arm_P1_qrg_L_backbone_P1_qrg_L_bb054_status_NEEDS_RF2_AND_DOCKING	PVRIG_CAND_038	38	0.899441
P1MCPUFP__CPUFP500K_0089__00735	PVRIG_CAND_019	19	NODE1GEN_109783_source_rfantibody_source_id_PVRIG_RFAb_v2_P5_qkg_L_bb121_mpn06_arm_P5_qkg_L_backbone_P5_qkg_L_bb121_status_NEEDS_RF2_AND_DOCKING	PVRIG_CAND_039	39	0.781915
P1MCPUFP__CPUFP500K_0089__00735	PVRIG_CAND_019	19	NODE1GEN_100102_source_rfantibody_source_id_PVRIG_RFAb_v2_P5_ekg_L_bb007_mpn10_arm_P5_ekg_L_backbone_P5_ekg_L_bb007_status_NEEDS_RF2_AND_DOCKING	PVRIG_CAND_040	40	0.723404
P1MCPUFP__CPUFP500K_0089__00735	PVRIG_CAND_019	19	NODE1GEN_109883_source_rfantibody_source_id_PVRIG_RFAb_v2_P5_qkg_L_bb130_mpn02_arm_P5_qkg_L_backbone_P5_qkg_L_bb130_status_NEEDS_RF2_AND_DOCKING	PVRIG_CAND_041	41	0.703704
P1MCPUFP__CPUFP500K_0089__00735	PVRIG_CAND_019	19	P1MCPUFP__CPUFP500K_0030__00860	PVRIG_CAND_042	42	0.608040
P1MCPUFP__CPUFP500K_0089__00735	PVRIG_CAND_019	19	P1MCPUFP__CPUFP500K_0029__00647	PVRIG_CAND_043	43	0.694737
P1MCPUFP__CPUFP500K_0089__00735	PVRIG_CAND_019	19	P1MCPUFP__CPUFP500K_0090__00860	PVRIG_CAND_044	44	0.651515
P1MCPUFP__CPUFP500K_0089__00735	PVRIG_CAND_019	19	P1MCPUFP__CPUFP500K_0289__00496	PVRIG_CAND_045	45	0.633803
P1MCPUFP__CPUFP500K_0089__00735	PVRIG_CAND_019	19	P1MCPUFP__CPUFP500K_0091__00849	PVRIG_CAND_046	46	0.807487
P1MCPUFP__CPUFP500K_0089__00735	PVRIG_CAND_019	19	P1MCPUFP__CPUFP500K_0388__00174	PVRIG_CAND_047	47	0.794737
P1MCPUFP__CPUFP500K_0089__00735	PVRIG_CAND_019	19	P1MCPUFP__CPUFP500K_0487__00827	PVRIG_CAND_048	48	0.772973
P1MCPUFP__CPUFP500K_0089__00735	PVRIG_CAND_019	19	P1MCPUFP__CPUFP500K_0188__00645	PVRIG_CAND_049	49	0.795812
P1MCPUFP__CPUFP500K_0089__00735	PVRIG_CAND_019	19	NODE1GEN_128929_source_rfantibody_source_id_PVRIG_RFAb_v2_P6_ekg_L_bb339_mpn06_arm_P6_ekg_L_backbone_P6_ekg_L_bb339_status_NEEDS_RF2_AND_DOCKING	PVRIG_CAND_050	50	0.666667
NODE1GEN_258472_source_fixed_pose_mpnn_source_id_P500K__FIXED_POSE_MPNN__2E2B33208D567583	PVRIG_CAND_020	20	P1MCPUFP__CPUFP500K_0299__00780	PVRIG_CAND_021	21	0.748634
NODE1GEN_258472_source_fixed_pose_mpnn_source_id_P500K__FIXED_POSE_MPNN__2E2B33208D567583	PVRIG_CAND_020	20	P1MCPUFP__CPUFP500K_0189__00858	PVRIG_CAND_022	22	0.717277
NODE1GEN_258472_source_fixed_pose_mpnn_source_id_P500K__FIXED_POSE_MPNN__2E2B33208D567583	PVRIG_CAND_020	20	NODE1GEN_174576_source_fixed_pose_mpnn_source_id_P500K__FIXED_POSE_MPNN__D5384A7F42146722	PVRIG_CAND_023	23	0.635897
NODE1GEN_258472_source_fixed_pose_mpnn_source_id_P500K__FIXED_POSE_MPNN__2E2B33208D567583	PVRIG_CAND_020	20	NODE1GEN_002130_source_rfantibody_source_id_PVRIG_RFAb_v2_P1_ekg_L_bb177_mpn10_arm_P1_ekg_L_backbone_P1_ekg_L_bb177_status_NEEDS_RF2_AND_DOCKING	PVRIG_CAND_024	24	0.748571
NODE1GEN_258472_source_fixed_pose_mpnn_source_id_P500K__FIXED_POSE_MPNN__2E2B33208D567583	PVRIG_CAND_020	20	P1MCPUFP__CPUFP500K_0380__00771	PVRIG_CAND_025	25	0.565657
NODE1GEN_258472_source_fixed_pose_mpnn_source_id_P500K__FIXED_POSE_MPNN__2E2B33208D567583	PVRIG_CAND_020	20	NODE1GEN_217675_source_fixed_pose_mpnn_source_id_P500K__FIXED_POSE_MPNN__68DDB4A6D7CBCA89	PVRIG_CAND_026	26	0.754098
NODE1GEN_258472_source_fixed_pose_mpnn_source_id_P500K__FIXED_POSE_MPNN__2E2B33208D567583	PVRIG_CAND_020	20	P1MCPUFP__CPUFP500K_0404__00029	PVRIG_CAND_027	27	0.688776
NODE1GEN_258472_source_fixed_pose_mpnn_source_id_P500K__FIXED_POSE_MPNN__2E2B33208D567583	PVRIG_CAND_020	20	P1MCPUFP__CPUFP500K_0188__00549	PVRIG_CAND_028	28	0.691542
NODE1GEN_258472_source_fixed_pose_mpnn_source_id_P500K__FIXED_POSE_MPNN__2E2B33208D567583	PVRIG_CAND_020	20	P1MCPUFP__CPUFP500K_0188__00481	PVRIG_CAND_029	29	0.690355
NODE1GEN_258472_source_fixed_pose_mpnn_source_id_P500K__FIXED_POSE_MPNN__2E2B33208D567583	PVRIG_CAND_020	20	NODE1GEN_182669_source_fixed_pose_mpnn_source_id_P500K__FIXED_POSE_MPNN__D4BBD3AB583903E7	PVRIG_CAND_030	30	0.695187
NODE1GEN_258472_source_fixed_pose_mpnn_source_id_P500K__FIXED_POSE_MPNN__2E2B33208D567583	PVRIG_CAND_020	20	NODE1GEN_128014_source_rfantibody_source_id_PVRIG_RFAb_v2_P6_ekg_L_bb258_mpn01_arm_P6_ekg_L_backbone_P6_ekg_L_bb258_status_NEEDS_RF2_AND_DOCKING	PVRIG_CAND_031	31	0.693878
NODE1GEN_258472_source_fixed_pose_mpnn_source_id_P500K__FIXED_POSE_MPNN__2E2B33208D567583	PVRIG_CAND_020	20	NODE1GEN_218195_source_fixed_pose_mpnn_source_id_P500K__FIXED_POSE_MPNN__A6B62FDDBC1A99BE	PVRIG_CAND_032	32	0.758242
NODE1GEN_258472_source_fixed_pose_mpnn_source_id_P500K__FIXED_POSE_MPNN__2E2B33208D567583	PVRIG_CAND_020	20	NODE1GEN_195165_source_fixed_pose_mpnn_source_id_P500K__FIXED_POSE_MPNN__499D245F888E5DC4	PVRIG_CAND_033	33	0.680412
NODE1GEN_258472_source_fixed_pose_mpnn_source_id_P500K__FIXED_POSE_MPNN__2E2B33208D567583	PVRIG_CAND_020	20	NODE1GEN_235318_source_fixed_pose_mpnn_source_id_P500K__FIXED_POSE_MPNN__B52C2EC7CC64BFED	PVRIG_CAND_034	34	0.583732
NODE1GEN_258472_source_fixed_pose_mpnn_source_id_P500K__FIXED_POSE_MPNN__2E2B33208D567583	PVRIG_CAND_020	20	NODE1GEN_076816_source_rfantibody_source_id_PVRIG_RFAb_v2_P4_ekg_L_bb155_mpn03_arm_P4_ekg_L_backbone_P4_ekg_L_bb155_status_NEEDS_RF2_AND_DOCKING	PVRIG_CAND_035	35	0.653061
NODE1GEN_258472_source_fixed_pose_mpnn_source_id_P500K__FIXED_POSE_MPNN__2E2B33208D567583	PVRIG_CAND_020	20	NODE1GEN_136300_source_rfantibody_source_id_PVRIG_RFAb_v2_P6_qkg_L_bb255_mpn02_arm_P6_qkg_L_backbone_P6_qkg_L_bb255_status_NEEDS_RF2_AND_DOCKING	PVRIG_CAND_036	36	0.688442
NODE1GEN_258472_source_fixed_pose_mpnn_source_id_P500K__FIXED_POSE_MPNN__2E2B33208D567583	PVRIG_CAND_020	20	NODE1GEN_095824_source_rfantibody_source_id_PVRIG_RFAb_v2_P4_qrg_L_bb358_mpn04_arm_P4_qrg_L_backbone_P4_qrg_L_bb358_status_NEEDS_RF2_AND_DOCKING	PVRIG_CAND_037	37	0.674757
NODE1GEN_258472_source_fixed_pose_mpnn_source_id_P500K__FIXED_POSE_MPNN__2E2B33208D567583	PVRIG_CAND_020	20	NODE1GEN_017313_source_rfantibody_source_id_PVRIG_RFAb_v2_P1_qrg_L_bb054_mpn00_arm_P1_qrg_L_backbone_P1_qrg_L_bb054_status_NEEDS_RF2_AND_DOCKING	PVRIG_CAND_038	38	0.743316
NODE1GEN_258472_source_fixed_pose_mpnn_source_id_P500K__FIXED_POSE_MPNN__2E2B33208D567583	PVRIG_CAND_020	20	NODE1GEN_109783_source_rfantibody_source_id_PVRIG_RFAb_v2_P5_qkg_L_bb121_mpn06_arm_P5_qkg_L_backbone_P5_qkg_L_bb121_status_NEEDS_RF2_AND_DOCKING	PVRIG_CAND_039	39	0.735135
NODE1GEN_258472_source_fixed_pose_mpnn_source_id_P500K__FIXED_POSE_MPNN__2E2B33208D567583	PVRIG_CAND_020	20	NODE1GEN_100102_source_rfantibody_source_id_PVRIG_RFAb_v2_P5_ekg_L_bb007_mpn10_arm_P5_ekg_L_backbone_P5_ekg_L_bb007_status_NEEDS_RF2_AND_DOCKING	PVRIG_CAND_040	40	0.631579
NODE1GEN_258472_source_fixed_pose_mpnn_source_id_P500K__FIXED_POSE_MPNN__2E2B33208D567583	PVRIG_CAND_020	20	NODE1GEN_109883_source_rfantibody_source_id_PVRIG_RFAb_v2_P5_qkg_L_bb130_mpn02_arm_P5_qkg_L_backbone_P5_qkg_L_bb130_status_NEEDS_RF2_AND_DOCKING	PVRIG_CAND_041	41	0.673913
NODE1GEN_258472_source_fixed_pose_mpnn_source_id_P500K__FIXED_POSE_MPNN__2E2B33208D567583	PVRIG_CAND_020	20	P1MCPUFP__CPUFP500K_0030__00860	PVRIG_CAND_042	42	0.593750
NODE1GEN_258472_source_fixed_pose_mpnn_source_id_P500K__FIXED_POSE_MPNN__2E2B33208D567583	PVRIG_CAND_020	20	P1MCPUFP__CPUFP500K_0029__00647	PVRIG_CAND_043	43	0.692308
NODE1GEN_258472_source_fixed_pose_mpnn_source_id_P500K__FIXED_POSE_MPNN__2E2B33208D567583	PVRIG_CAND_020	20	P1MCPUFP__CPUFP500K_0090__00860	PVRIG_CAND_044	44	0.549505
NODE1GEN_258472_source_fixed_pose_mpnn_source_id_P500K__FIXED_POSE_MPNN__2E2B33208D567583	PVRIG_CAND_020	20	P1MCPUFP__CPUFP500K_0289__00496	PVRIG_CAND_045	45	0.539171
NODE1GEN_258472_source_fixed_pose_mpnn_source_id_P500K__FIXED_POSE_MPNN__2E2B33208D567583	PVRIG_CAND_020	20	P1MCPUFP__CPUFP500K_0091__00849	PVRIG_CAND_046	46	0.780220
NODE1GEN_258472_source_fixed_pose_mpnn_source_id_P500K__FIXED_POSE_MPNN__2E2B33208D567583	PVRIG_CAND_020	20	P1MCPUFP__CPUFP500K_0388__00174	PVRIG_CAND_047	47	0.703125
NODE1GEN_258472_source_fixed_pose_mpnn_source_id_P500K__FIXED_POSE_MPNN__2E2B33208D567583	PVRIG_CAND_020	20	P1MCPUFP__CPUFP500K_0487__00827	PVRIG_CAND_048	48	0.697297
NODE1GEN_258472_source_fixed_pose_mpnn_source_id_P500K__FIXED_POSE_MPNN__2E2B33208D567583	PVRIG_CAND_020	20	P1MCPUFP__CPUFP500K_0188__00645	PVRIG_CAND_049	49	0.750000
NODE1GEN_258472_source_fixed_pose_mpnn_source_id_P500K__FIXED_POSE_MPNN__2E2B33208D567583	PVRIG_CAND_020	20	NODE1GEN_128929_source_rfantibody_source_id_PVRIG_RFAb_v2_P6_ekg_L_bb339_mpn06_arm_P6_ekg_L_backbone_P6_ekg_L_bb339_status_NEEDS_RF2_AND_DOCKING	PVRIG_CAND_050	50	0.654639
P1MCPUFP__CPUFP500K_0299__00780	PVRIG_CAND_021	21	P1MCPUFP__CPUFP500K_0189__00858	PVRIG_CAND_022	22	0.701031
P1MCPUFP__CPUFP500K_0299__00780	PVRIG_CAND_021	21	NODE1GEN_174576_source_fixed_pose_mpnn_source_id_P500K__FIXED_POSE_MPNN__D5384A7F42146722	PVRIG_CAND_023	23	0.543269
P1MCPUFP__CPUFP500K_0299__00780	PVRIG_CAND_021	21	NODE1GEN_002130_source_rfantibody_source_id_PVRIG_RFAb_v2_P1_ekg_L_bb177_mpn10_arm_P1_ekg_L_backbone_P1_ekg_L_bb177_status_NEEDS_RF2_AND_DOCKING	PVRIG_CAND_024	24	0.822485
P1MCPUFP__CPUFP500K_0299__00780	PVRIG_CAND_021	21	P1MCPUFP__CPUFP500K_0380__00771	PVRIG_CAND_025	25	0.668449
P1MCPUFP__CPUFP500K_0299__00780	PVRIG_CAND_021	21	NODE1GEN_217675_source_fixed_pose_mpnn_source_id_P500K__FIXED_POSE_MPNN__68DDB4A6D7CBCA89	PVRIG_CAND_026	26	0.824859
P1MCPUFP__CPUFP500K_0299__00780	PVRIG_CAND_021	21	P1MCPUFP__CPUFP500K_0404__00029	PVRIG_CAND_027	27	0.800000
P1MCPUFP__CPUFP500K_0299__00780	PVRIG_CAND_021	21	P1MCPUFP__CPUFP500K_0188__00549	PVRIG_CAND_028	28	0.790576
P1MCPUFP__CPUFP500K_0299__00780	PVRIG_CAND_021	21	P1MCPUFP__CPUFP500K_0188__00481	PVRIG_CAND_029	29	0.820652
P1MCPUFP__CPUFP500K_0299__00780	PVRIG_CAND_021	21	NODE1GEN_182669_source_fixed_pose_mpnn_source_id_P500K__FIXED_POSE_MPNN__D4BBD3AB583903E7	PVRIG_CAND_030	30	0.822857
P1MCPUFP__CPUFP500K_0299__00780	PVRIG_CAND_021	21	NODE1GEN_128014_source_rfantibody_source_id_PVRIG_RFAb_v2_P6_ekg_L_bb258_mpn01_arm_P6_ekg_L_backbone_P6_ekg_L_bb258_status_NEEDS_RF2_AND_DOCKING	PVRIG_CAND_031	31	0.835165
P1MCPUFP__CPUFP500K_0299__00780	PVRIG_CAND_021	21	NODE1GEN_218195_source_fixed_pose_mpnn_source_id_P500K__FIXED_POSE_MPNN__A6B62FDDBC1A99BE	PVRIG_CAND_032	32	0.872093
P1MCPUFP__CPUFP500K_0299__00780	PVRIG_CAND_021	21	NODE1GEN_195165_source_fixed_pose_mpnn_source_id_P500K__FIXED_POSE_MPNN__499D245F888E5DC4	PVRIG_CAND_033	33	0.754011
P1MCPUFP__CPUFP500K_0299__00780	PVRIG_CAND_021	21	NODE1GEN_235318_source_fixed_pose_mpnn_source_id_P500K__FIXED_POSE_MPNN__B52C2EC7CC64BFED	PVRIG_CAND_034	34	0.707692
P1MCPUFP__CPUFP500K_0299__00780	PVRIG_CAND_021	21	NODE1GEN_076816_source_rfantibody_source_id_PVRIG_RFAb_v2_P4_ekg_L_bb155_mpn03_arm_P4_ekg_L_backbone_P4_ekg_L_bb155_status_NEEDS_RF2_AND_DOCKING	PVRIG_CAND_035	35	0.771739
P1MCPUFP__CPUFP500K_0299__00780	PVRIG_CAND_021	21	NODE1GEN_136300_source_rfantibody_source_id_PVRIG_RFAb_v2_P6_qkg_L_bb255_mpn02_arm_P6_qkg_L_backbone_P6_qkg_L_bb255_status_NEEDS_RF2_AND_DOCKING	PVRIG_CAND_036	36	0.778947
P1MCPUFP__CPUFP500K_0299__00780	PVRIG_CAND_021	21	NODE1GEN_095824_source_rfantibody_source_id_PVRIG_RFAb_v2_P4_qrg_L_bb358_mpn04_arm_P4_qrg_L_backbone_P4_qrg_L_bb358_status_NEEDS_RF2_AND_DOCKING	PVRIG_CAND_037	37	0.788660
P1MCPUFP__CPUFP500K_0299__00780	PVRIG_CAND_021	21	NODE1GEN_017313_source_rfantibody_source_id_PVRIG_RFAb_v2_P1_qrg_L_bb054_mpn00_arm_P1_qrg_L_backbone_P1_qrg_L_bb054_status_NEEDS_RF2_AND_DOCKING	PVRIG_CAND_038	38	0.822222
P1MCPUFP__CPUFP500K_0299__00780	PVRIG_CAND_021	21	NODE1GEN_109783_source_rfantibody_source_id_PVRIG_RFAb_v2_P5_qkg_L_bb121_mpn06_arm_P5_qkg_L_backbone_P5_qkg_L_bb121_status_NEEDS_RF2_AND_DOCKING	PVRIG_CAND_039	39	0.745946
P1MCPUFP__CPUFP500K_0299__00780	PVRIG_CAND_021	21	NODE1GEN_100102_source_rfantibody_source_id_PVRIG_RFAb_v2_P5_ekg_L_bb007_mpn10_arm_P5_ekg_L_backbone_P5_ekg_L_bb007_status_NEEDS_RF2_AND_DOCKING	PVRIG_CAND_040	40	0.733333
P1MCPUFP__CPUFP500K_0299__00780	PVRIG_CAND_021	21	NODE1GEN_109883_source_rfantibody_source_id_PVRIG_RFAb_v2_P5_qkg_L_bb130_mpn02_arm_P5_qkg_L_backbone_P5_qkg_L_bb130_status_NEEDS_RF2_AND_DOCKING	PVRIG_CAND_041	41	0.761364
P1MCPUFP__CPUFP500K_0299__00780	PVRIG_CAND_021	21	P1MCPUFP__CPUFP500K_0030__00860	PVRIG_CAND_042	42	0.692308
P1MCPUFP__CPUFP500K_0299__00780	PVRIG_CAND_021	21	P1MCPUFP__CPUFP500K_0029__00647	PVRIG_CAND_043	43	0.666667
P1MCPUFP__CPUFP500K_0299__00780	PVRIG_CAND_021	21	P1MCPUFP__CPUFP500K_0090__00860	PVRIG_CAND_044	44	0.623711
P1MCPUFP__CPUFP500K_0299__00780	PVRIG_CAND_021	21	P1MCPUFP__CPUFP500K_0289__00496	PVRIG_CAND_045	45	0.655172
P1MCPUFP__CPUFP500K_0299__00780	PVRIG_CAND_021	21	P1MCPUFP__CPUFP500K_0091__00849	PVRIG_CAND_046	46	0.762162
P1MCPUFP__CPUFP500K_0299__00780	PVRIG_CAND_021	21	P1MCPUFP__CPUFP500K_0388__00174	PVRIG_CAND_047	47	0.740741
P1MCPUFP__CPUFP500K_0299__00780	PVRIG_CAND_021	21	P1MCPUFP__CPUFP500K_0487__00827	PVRIG_CAND_048	48	0.816092
P1MCPUFP__CPUFP500K_0299__00780	PVRIG_CAND_021	21	P1MCPUFP__CPUFP500K_0188__00645	PVRIG_CAND_049	49	0.828729
P1MCPUFP__CPUFP500K_0299__00780	PVRIG_CAND_021	21	NODE1GEN_128929_source_rfantibody_source_id_PVRIG_RFAb_v2_P6_ekg_L_bb339_mpn06_arm_P6_ekg_L_backbone_P6_ekg_L_bb339_status_NEEDS_RF2_AND_DOCKING	PVRIG_CAND_050	50	0.765027
P1MCPUFP__CPUFP500K_0189__00858	PVRIG_CAND_022	22	NODE1GEN_174576_source_fixed_pose_mpnn_source_id_P500K__FIXED_POSE_MPNN__D5384A7F42146722	PVRIG_CAND_023	23	0.551887
P1MCPUFP__CPUFP500K_0189__00858	PVRIG_CAND_022	22	NODE1GEN_002130_source_rfantibody_source_id_PVRIG_RFAb_v2_P1_ekg_L_bb177_mpn10_arm_P1_ekg_L_backbone_P1_ekg_L_bb177_status_NEEDS_RF2_AND_DOCKING	PVRIG_CAND_024	24	0.717391
P1MCPUFP__CPUFP500K_0189__00858	PVRIG_CAND_022	22	P1MCPUFP__CPUFP500K_0380__00771	PVRIG_CAND_025	25	0.693122
P1MCPUFP__CPUFP500K_0189__00858	PVRIG_CAND_022	22	NODE1GEN_217675_source_fixed_pose_mpnn_source_id_P500K__FIXED_POSE_MPNN__68DDB4A6D7CBCA89	PVRIG_CAND_026	26	0.770053
P1MCPUFP__CPUFP500K_0189__00858	PVRIG_CAND_022	22	P1MCPUFP__CPUFP500K_0404__00029	PVRIG_CAND_027	27	0.766839
P1MCPUFP__CPUFP500K_0189__00858	PVRIG_CAND_022	22	P1MCPUFP__CPUFP500K_0188__00549	PVRIG_CAND_028	28	0.750000
P1MCPUFP__CPUFP500K_0189__00858	PVRIG_CAND_022	22	P1MCPUFP__CPUFP500K_0188__00481	PVRIG_CAND_029	29	0.732323
P1MCPUFP__CPUFP500K_0189__00858	PVRIG_CAND_022	22	NODE1GEN_182669_source_fixed_pose_mpnn_source_id_P500K__FIXED_POSE_MPNN__D4BBD3AB583903E7	PVRIG_CAND_030	30	0.767568
P1MCPUFP__CPUFP500K_0189__00858	PVRIG_CAND_022	22	NODE1GEN_128014_source_rfantibody_source_id_PVRIG_RFAb_v2_P6_ekg_L_bb258_mpn01_arm_P6_ekg_L_backbone_P6_ekg_L_bb258_status_NEEDS_RF2_AND_DOCKING	PVRIG_CAND_031	31	0.744898
P1MCPUFP__CPUFP500K_0189__00858	PVRIG_CAND_022	22	NODE1GEN_218195_source_fixed_pose_mpnn_source_id_P500K__FIXED_POSE_MPNN__A6B62FDDBC1A99BE	PVRIG_CAND_032	32	0.736842
P1MCPUFP__CPUFP500K_0189__00858	PVRIG_CAND_022	22	NODE1GEN_195165_source_fixed_pose_mpnn_source_id_P500K__FIXED_POSE_MPNN__499D245F888E5DC4	PVRIG_CAND_033	33	0.836066
P1MCPUFP__CPUFP500K_0189__00858	PVRIG_CAND_022	22	NODE1GEN_235318_source_fixed_pose_mpnn_source_id_P500K__FIXED_POSE_MPNN__B52C2EC7CC64BFED	PVRIG_CAND_034	34	0.647343
P1MCPUFP__CPUFP500K_0189__00858	PVRIG_CAND_022	22	NODE1GEN_076816_source_rfantibody_source_id_PVRIG_RFAb_v2_P4_ekg_L_bb155_mpn03_arm_P4_ekg_L_backbone_P4_ekg_L_bb155_status_NEEDS_RF2_AND_DOCKING	PVRIG_CAND_035	35	0.704082
P1MCPUFP__CPUFP500K_0189__00858	PVRIG_CAND_022	22	NODE1GEN_136300_source_rfantibody_source_id_PVRIG_RFAb_v2_P6_qkg_L_bb255_mpn02_arm_P6_qkg_L_backbone_P6_qkg_L_bb255_status_NEEDS_RF2_AND_DOCKING	PVRIG_CAND_036	36	0.704433
P1MCPUFP__CPUFP500K_0189__00858	PVRIG_CAND_022	22	NODE1GEN_095824_source_rfantibody_source_id_PVRIG_RFAb_v2_P4_qrg_L_bb358_mpn04_arm_P4_qrg_L_backbone_P4_qrg_L_bb358_status_NEEDS_RF2_AND_DOCKING	PVRIG_CAND_037	37	0.643519
P1MCPUFP__CPUFP500K_0189__00858	PVRIG_CAND_022	22	NODE1GEN_017313_source_rfantibody_source_id_PVRIG_RFAb_v2_P1_qrg_L_bb054_mpn00_arm_P1_qrg_L_backbone_P1_qrg_L_bb054_status_NEEDS_RF2_AND_DOCKING	PVRIG_CAND_038	38	0.759162
P1MCPUFP__CPUFP500K_0189__00858	PVRIG_CAND_022	22	NODE1GEN_109783_source_rfantibody_source_id_PVRIG_RFAb_v2_P5_qkg_L_bb121_mpn06_arm_P5_qkg_L_backbone_P5_qkg_L_bb121_status_NEEDS_RF2_AND_DOCKING	PVRIG_CAND_039	39	0.770053
P1MCPUFP__CPUFP500K_0189__00858	PVRIG_CAND_022	22	NODE1GEN_100102_source_rfantibody_source_id_PVRIG_RFAb_v2_P5_ekg_L_bb007_mpn10_arm_P5_ekg_L_backbone_P5_ekg_L_bb007_status_NEEDS_RF2_AND_DOCKING	PVRIG_CAND_040	40	0.748634
P1MCPUFP__CPUFP500K_0189__00858	PVRIG_CAND_022	22	NODE1GEN_109883_source_rfantibody_source_id_PVRIG_RFAb_v2_P5_qkg_L_bb130_mpn02_arm_P5_qkg_L_backbone_P5_qkg_L_bb130_status_NEEDS_RF2_AND_DOCKING	PVRIG_CAND_041	41	0.656250
P1MCPUFP__CPUFP500K_0189__00858	PVRIG_CAND_022	22	P1MCPUFP__CPUFP500K_0030__00860	PVRIG_CAND_042	42	0.595960
P1MCPUFP__CPUFP500K_0189__00858	PVRIG_CAND_022	22	P1MCPUFP__CPUFP500K_0029__00647	PVRIG_CAND_043	43	0.647668
P1MCPUFP__CPUFP500K_0189__00858	PVRIG_CAND_022	22	P1MCPUFP__CPUFP500K_0090__00860	PVRIG_CAND_044	44	0.631313
P1MCPUFP__CPUFP500K_0189__00858	PVRIG_CAND_022	22	P1MCPUFP__CPUFP500K_0289__00496	PVRIG_CAND_045	45	0.607477
P1MCPUFP__CPUFP500K_0189__00858	PVRIG_CAND_022	22	P1MCPUFP__CPUFP500K_0091__00849	PVRIG_CAND_046	46	0.739583
P1MCPUFP__CPUFP500K_0189__00858	PVRIG_CAND_022	22	P1MCPUFP__CPUFP500K_0388__00174	PVRIG_CAND_047	47	0.792553
P1MCPUFP__CPUFP500K_0189__00858	PVRIG_CAND_022	22	P1MCPUFP__CPUFP500K_0487__00827	PVRIG_CAND_048	48	0.760870
P1MCPUFP__CPUFP500K_0189__00858	PVRIG_CAND_022	22	P1MCPUFP__CPUFP500K_0188__00645	PVRIG_CAND_049	49	0.756477
P1MCPUFP__CPUFP500K_0189__00858	PVRIG_CAND_022	22	NODE1GEN_128929_source_rfantibody_source_id_PVRIG_RFAb_v2_P6_ekg_L_bb339_mpn06_arm_P6_ekg_L_backbone_P6_ekg_L_bb339_status_NEEDS_RF2_AND_DOCKING	PVRIG_CAND_050	50	0.630542
NODE1GEN_174576_source_fixed_pose_mpnn_source_id_P500K__FIXED_POSE_MPNN__D5384A7F42146722	PVRIG_CAND_023	23	NODE1GEN_002130_source_rfantibody_source_id_PVRIG_RFAb_v2_P1_ekg_L_bb177_mpn10_arm_P1_ekg_L_backbone_P1_ekg_L_bb177_status_NEEDS_RF2_AND_DOCKING	PVRIG_CAND_024	24	0.504902
NODE1GEN_174576_source_fixed_pose_mpnn_source_id_P500K__FIXED_POSE_MPNN__D5384A7F42146722	PVRIG_CAND_023	23	P1MCPUFP__CPUFP500K_0380__00771	PVRIG_CAND_025	25	0.439815
NODE1GEN_174576_source_fixed_pose_mpnn_source_id_P500K__FIXED_POSE_MPNN__D5384A7F42146722	PVRIG_CAND_023	23	NODE1GEN_217675_source_fixed_pose_mpnn_source_id_P500K__FIXED_POSE_MPNN__68DDB4A6D7CBCA89	PVRIG_CAND_026	26	0.526066
NODE1GEN_174576_source_fixed_pose_mpnn_source_id_P500K__FIXED_POSE_MPNN__D5384A7F42146722	PVRIG_CAND_023	23	P1MCPUFP__CPUFP500K_0404__00029	PVRIG_CAND_027	27	0.537037
NODE1GEN_174576_source_fixed_pose_mpnn_source_id_P500K__FIXED_POSE_MPNN__D5384A7F42146722	PVRIG_CAND_023	23	P1MCPUFP__CPUFP500K_0188__00549	PVRIG_CAND_028	28	0.495614
NODE1GEN_174576_source_fixed_pose_mpnn_source_id_P500K__FIXED_POSE_MPNN__D5384A7F42146722	PVRIG_CAND_023	23	P1MCPUFP__CPUFP500K_0188__00481	PVRIG_CAND_029	29	0.553488
NODE1GEN_174576_source_fixed_pose_mpnn_source_id_P500K__FIXED_POSE_MPNN__D5384A7F42146722	PVRIG_CAND_023	23	NODE1GEN_182669_source_fixed_pose_mpnn_source_id_P500K__FIXED_POSE_MPNN__D4BBD3AB583903E7	PVRIG_CAND_030	30	0.558824
NODE1GEN_174576_source_fixed_pose_mpnn_source_id_P500K__FIXED_POSE_MPNN__D5384A7F42146722	PVRIG_CAND_023	23	NODE1GEN_128014_source_rfantibody_source_id_PVRIG_RFAb_v2_P6_ekg_L_bb258_mpn01_arm_P6_ekg_L_backbone_P6_ekg_L_bb258_status_NEEDS_RF2_AND_DOCKING	PVRIG_CAND_031	31	0.527523
NODE1GEN_174576_source_fixed_pose_mpnn_source_id_P500K__FIXED_POSE_MPNN__D5384A7F42146722	PVRIG_CAND_023	23	NODE1GEN_218195_source_fixed_pose_mpnn_source_id_P500K__FIXED_POSE_MPNN__A6B62FDDBC1A99BE	PVRIG_CAND_032	32	0.581281
NODE1GEN_174576_source_fixed_pose_mpnn_source_id_P500K__FIXED_POSE_MPNN__D5384A7F42146722	PVRIG_CAND_023	23	NODE1GEN_195165_source_fixed_pose_mpnn_source_id_P500K__FIXED_POSE_MPNN__499D245F888E5DC4	PVRIG_CAND_033	33	0.528037
NODE1GEN_174576_source_fixed_pose_mpnn_source_id_P500K__FIXED_POSE_MPNN__D5384A7F42146722	PVRIG_CAND_023	23	NODE1GEN_235318_source_fixed_pose_mpnn_source_id_P500K__FIXED_POSE_MPNN__B52C2EC7CC64BFED	PVRIG_CAND_034	34	0.394958
NODE1GEN_174576_source_fixed_pose_mpnn_source_id_P500K__FIXED_POSE_MPNN__D5384A7F42146722	PVRIG_CAND_023	23	NODE1GEN_076816_source_rfantibody_source_id_PVRIG_RFAb_v2_P4_ekg_L_bb155_mpn03_arm_P4_ekg_L_backbone_P4_ekg_L_bb155_status_NEEDS_RF2_AND_DOCKING	PVRIG_CAND_035	35	0.457399
NODE1GEN_174576_source_fixed_pose_mpnn_source_id_P500K__FIXED_POSE_MPNN__D5384A7F42146722	PVRIG_CAND_023	23	NODE1GEN_136300_source_rfantibody_source_id_PVRIG_RFAb_v2_P6_qkg_L_bb255_mpn02_arm_P6_qkg_L_backbone_P6_qkg_L_bb255_status_NEEDS_RF2_AND_DOCKING	PVRIG_CAND_036	36	0.491150
NODE1GEN_174576_source_fixed_pose_mpnn_source_id_P500K__FIXED_POSE_MPNN__D5384A7F42146722	PVRIG_CAND_023	23	NODE1GEN_095824_source_rfantibody_source_id_PVRIG_RFAb_v2_P4_qrg_L_bb358_mpn04_arm_P4_qrg_L_backbone_P4_qrg_L_bb358_status_NEEDS_RF2_AND_DOCKING	PVRIG_CAND_037	37	0.530973
NODE1GEN_174576_source_fixed_pose_mpnn_source_id_P500K__FIXED_POSE_MPNN__D5384A7F42146722	PVRIG_CAND_023	23	NODE1GEN_017313_source_rfantibody_source_id_PVRIG_RFAb_v2_P1_qrg_L_bb054_mpn00_arm_P1_qrg_L_backbone_P1_qrg_L_bb054_status_NEEDS_RF2_AND_DOCKING	PVRIG_CAND_038	38	0.557143
NODE1GEN_174576_source_fixed_pose_mpnn_source_id_P500K__FIXED_POSE_MPNN__D5384A7F42146722	PVRIG_CAND_023	23	NODE1GEN_109783_source_rfantibody_source_id_PVRIG_RFAb_v2_P5_qkg_L_bb121_mpn06_arm_P5_qkg_L_backbone_P5_qkg_L_bb121_status_NEEDS_RF2_AND_DOCKING	PVRIG_CAND_039	39	0.618090
NODE1GEN_174576_source_fixed_pose_mpnn_source_id_P500K__FIXED_POSE_MPNN__D5384A7F42146722	PVRIG_CAND_023	23	NODE1GEN_100102_source_rfantibody_source_id_PVRIG_RFAb_v2_P5_ekg_L_bb007_mpn10_arm_P5_ekg_L_backbone_P5_ekg_L_bb007_status_NEEDS_RF2_AND_DOCKING	PVRIG_CAND_040	40	0.453271
NODE1GEN_174576_source_fixed_pose_mpnn_source_id_P500K__FIXED_POSE_MPNN__D5384A7F42146722	PVRIG_CAND_023	23	NODE1GEN_109883_source_rfantibody_source_id_PVRIG_RFAb_v2_P5_qkg_L_bb130_mpn02_arm_P5_qkg_L_backbone_P5_qkg_L_bb130_status_NEEDS_RF2_AND_DOCKING	PVRIG_CAND_041	41	0.471429
NODE1GEN_174576_source_fixed_pose_mpnn_source_id_P500K__FIXED_POSE_MPNN__D5384A7F42146722	PVRIG_CAND_023	23	P1MCPUFP__CPUFP500K_0030__00860	PVRIG_CAND_042	42	0.408257
NODE1GEN_174576_source_fixed_pose_mpnn_source_id_P500K__FIXED_POSE_MPNN__D5384A7F42146722	PVRIG_CAND_023	23	P1MCPUFP__CPUFP500K_0029__00647	PVRIG_CAND_043	43	0.514706
NODE1GEN_174576_source_fixed_pose_mpnn_source_id_P500K__FIXED_POSE_MPNN__D5384A7F42146722	PVRIG_CAND_023	23	P1MCPUFP__CPUFP500K_0090__00860	PVRIG_CAND_044	44	0.408072
NODE1GEN_174576_source_fixed_pose_mpnn_source_id_P500K__FIXED_POSE_MPNN__D5384A7F42146722	PVRIG_CAND_023	23	P1MCPUFP__CPUFP500K_0289__00496	PVRIG_CAND_045	45	0.361789
NODE1GEN_174576_source_fixed_pose_mpnn_source_id_P500K__FIXED_POSE_MPNN__D5384A7F42146722	PVRIG_CAND_023	23	P1MCPUFP__CPUFP500K_0091__00849	PVRIG_CAND_046	46	0.525822
NODE1GEN_174576_source_fixed_pose_mpnn_source_id_P500K__FIXED_POSE_MPNN__D5384A7F42146722	PVRIG_CAND_023	23	P1MCPUFP__CPUFP500K_0388__00174	PVRIG_CAND_047	47	0.525581
NODE1GEN_174576_source_fixed_pose_mpnn_source_id_P500K__FIXED_POSE_MPNN__D5384A7F42146722	PVRIG_CAND_023	23	P1MCPUFP__CPUFP500K_0487__00827	PVRIG_CAND_048	48	0.507177
NODE1GEN_174576_source_fixed_pose_mpnn_source_id_P500K__FIXED_POSE_MPNN__D5384A7F42146722	PVRIG_CAND_023	23	P1MCPUFP__CPUFP500K_0188__00645	PVRIG_CAND_049	49	0.513761
NODE1GEN_174576_source_fixed_pose_mpnn_source_id_P500K__FIXED_POSE_MPNN__D5384A7F42146722	PVRIG_CAND_023	23	NODE1GEN_128929_source_rfantibody_source_id_PVRIG_RFAb_v2_P6_ekg_L_bb339_mpn06_arm_P6_ekg_L_backbone_P6_ekg_L_bb339_status_NEEDS_RF2_AND_DOCKING	PVRIG_CAND_050	50	0.526066
NODE1GEN_002130_source_rfantibody_source_id_PVRIG_RFAb_v2_P1_ekg_L_bb177_mpn10_arm_P1_ekg_L_backbone_P1_ekg_L_bb177_status_NEEDS_RF2_AND_DOCKING	PVRIG_CAND_024	24	P1MCPUFP__CPUFP500K_0380__00771	PVRIG_CAND_025	25	0.646409
NODE1GEN_002130_source_rfantibody_source_id_PVRIG_RFAb_v2_P1_ekg_L_bb177_mpn10_arm_P1_ekg_L_backbone_P1_ekg_L_bb177_status_NEEDS_RF2_AND_DOCKING	PVRIG_CAND_024	24	NODE1GEN_217675_source_fixed_pose_mpnn_source_id_P500K__FIXED_POSE_MPNN__68DDB4A6D7CBCA89	PVRIG_CAND_026	26	0.839286
NODE1GEN_002130_source_rfantibody_source_id_PVRIG_RFAb_v2_P1_ekg_L_bb177_mpn10_arm_P1_ekg_L_backbone_P1_ekg_L_bb177_status_NEEDS_RF2_AND_DOCKING	PVRIG_CAND_024	24	P1MCPUFP__CPUFP500K_0404__00029	PVRIG_CAND_027	27	0.782123
NODE1GEN_002130_source_rfantibody_source_id_PVRIG_RFAb_v2_P1_ekg_L_bb177_mpn10_arm_P1_ekg_L_backbone_P1_ekg_L_bb177_status_NEEDS_RF2_AND_DOCKING	PVRIG_CAND_024	24	P1MCPUFP__CPUFP500K_0188__00549	PVRIG_CAND_028	28	0.782609
NODE1GEN_002130_source_rfantibody_source_id_PVRIG_RFAb_v2_P1_ekg_L_bb177_mpn10_arm_P1_ekg_L_backbone_P1_ekg_L_bb177_status_NEEDS_RF2_AND_DOCKING	PVRIG_CAND_024	24	P1MCPUFP__CPUFP500K_0188__00481	PVRIG_CAND_029	29	0.803371
NODE1GEN_002130_source_rfantibody_source_id_PVRIG_RFAb_v2_P1_ekg_L_bb177_mpn10_arm_P1_ekg_L_backbone_P1_ekg_L_bb177_status_NEEDS_RF2_AND_DOCKING	PVRIG_CAND_024	24	NODE1GEN_182669_source_fixed_pose_mpnn_source_id_P500K__FIXED_POSE_MPNN__D4BBD3AB583903E7	PVRIG_CAND_030	30	0.773256
NODE1GEN_002130_source_rfantibody_source_id_PVRIG_RFAb_v2_P1_ekg_L_bb177_mpn10_arm_P1_ekg_L_backbone_P1_ekg_L_bb177_status_NEEDS_RF2_AND_DOCKING	PVRIG_CAND_024	24	NODE1GEN_128014_source_rfantibody_source_id_PVRIG_RFAb_v2_P6_ekg_L_bb258_mpn01_arm_P6_ekg_L_backbone_P6_ekg_L_bb258_status_NEEDS_RF2_AND_DOCKING	PVRIG_CAND_031	31	0.758242
NODE1GEN_002130_source_rfantibody_source_id_PVRIG_RFAb_v2_P1_ekg_L_bb177_mpn10_arm_P1_ekg_L_backbone_P1_ekg_L_bb177_status_NEEDS_RF2_AND_DOCKING	PVRIG_CAND_024	24	NODE1GEN_218195_source_fixed_pose_mpnn_source_id_P500K__FIXED_POSE_MPNN__A6B62FDDBC1A99BE	PVRIG_CAND_032	32	0.833333
NODE1GEN_002130_source_rfantibody_source_id_PVRIG_RFAb_v2_P1_ekg_L_bb177_mpn10_arm_P1_ekg_L_backbone_P1_ekg_L_bb177_status_NEEDS_RF2_AND_DOCKING	PVRIG_CAND_024	24	NODE1GEN_195165_source_fixed_pose_mpnn_source_id_P500K__FIXED_POSE_MPNN__499D245F888E5DC4	PVRIG_CAND_033	33	0.725275
NODE1GEN_002130_source_rfantibody_source_id_PVRIG_RFAb_v2_P1_ekg_L_bb177_mpn10_arm_P1_ekg_L_backbone_P1_ekg_L_bb177_status_NEEDS_RF2_AND_DOCKING	PVRIG_CAND_024	24	NODE1GEN_235318_source_fixed_pose_mpnn_source_id_P500K__FIXED_POSE_MPNN__B52C2EC7CC64BFED	PVRIG_CAND_034	34	0.678947
NODE1GEN_002130_source_rfantibody_source_id_PVRIG_RFAb_v2_P1_ekg_L_bb177_mpn10_arm_P1_ekg_L_backbone_P1_ekg_L_bb177_status_NEEDS_RF2_AND_DOCKING	PVRIG_CAND_024	24	NODE1GEN_076816_source_rfantibody_source_id_PVRIG_RFAb_v2_P4_ekg_L_bb155_mpn03_arm_P4_ekg_L_backbone_P4_ekg_L_bb155_status_NEEDS_RF2_AND_DOCKING	PVRIG_CAND_035	35	0.813953
NODE1GEN_002130_source_rfantibody_source_id_PVRIG_RFAb_v2_P1_ekg_L_bb177_mpn10_arm_P1_ekg_L_backbone_P1_ekg_L_bb177_status_NEEDS_RF2_AND_DOCKING	PVRIG_CAND_024	24	NODE1GEN_136300_source_rfantibody_source_id_PVRIG_RFAb_v2_P6_qkg_L_bb255_mpn02_arm_P6_qkg_L_backbone_P6_qkg_L_bb255_status_NEEDS_RF2_AND_DOCKING	PVRIG_CAND_036	36	0.760870
NODE1GEN_002130_source_rfantibody_source_id_PVRIG_RFAb_v2_P1_ekg_L_bb177_mpn10_arm_P1_ekg_L_backbone_P1_ekg_L_bb177_status_NEEDS_RF2_AND_DOCKING	PVRIG_CAND_024	24	NODE1GEN_095824_source_rfantibody_source_id_PVRIG_RFAb_v2_P4_qrg_L_bb358_mpn04_arm_P4_qrg_L_backbone_P4_qrg_L_bb358_status_NEEDS_RF2_AND_DOCKING	PVRIG_CAND_037	37	0.734375
NODE1GEN_002130_source_rfantibody_source_id_PVRIG_RFAb_v2_P1_ekg_L_bb177_mpn10_arm_P1_ekg_L_backbone_P1_ekg_L_bb177_status_NEEDS_RF2_AND_DOCKING	PVRIG_CAND_024	24	NODE1GEN_017313_source_rfantibody_source_id_PVRIG_RFAb_v2_P1_qrg_L_bb054_mpn00_arm_P1_qrg_L_backbone_P1_qrg_L_bb054_status_NEEDS_RF2_AND_DOCKING	PVRIG_CAND_038	38	0.784091
NODE1GEN_002130_source_rfantibody_source_id_PVRIG_RFAb_v2_P1_ekg_L_bb177_mpn10_arm_P1_ekg_L_backbone_P1_ekg_L_bb177_status_NEEDS_RF2_AND_DOCKING	PVRIG_CAND_024	24	NODE1GEN_109783_source_rfantibody_source_id_PVRIG_RFAb_v2_P5_qkg_L_bb121_mpn06_arm_P5_qkg_L_backbone_P5_qkg_L_bb121_status_NEEDS_RF2_AND_DOCKING	PVRIG_CAND_039	39	0.775862
NODE1GEN_002130_source_rfantibody_source_id_PVRIG_RFAb_v2_P1_ekg_L_bb177_mpn10_arm_P1_ekg_L_backbone_P1_ekg_L_bb177_status_NEEDS_RF2_AND_DOCKING	PVRIG_CAND_024	24	NODE1GEN_100102_source_rfantibody_source_id_PVRIG_RFAb_v2_P5_ekg_L_bb007_mpn10_arm_P5_ekg_L_backbone_P5_ekg_L_bb007_status_NEEDS_RF2_AND_DOCKING	PVRIG_CAND_040	40	0.732558
NODE1GEN_002130_source_rfantibody_source_id_PVRIG_RFAb_v2_P1_ekg_L_bb177_mpn10_arm_P1_ekg_L_backbone_P1_ekg_L_bb177_status_NEEDS_RF2_AND_DOCKING	PVRIG_CAND_024	24	NODE1GEN_109883_source_rfantibody_source_id_PVRIG_RFAb_v2_P5_qkg_L_bb130_mpn02_arm_P5_qkg_L_backbone_P5_qkg_L_bb130_status_NEEDS_RF2_AND_DOCKING	PVRIG_CAND_041	41	0.793939
NODE1GEN_002130_source_rfantibody_source_id_PVRIG_RFAb_v2_P1_ekg_L_bb177_mpn10_arm_P1_ekg_L_backbone_P1_ekg_L_bb177_status_NEEDS_RF2_AND_DOCKING	PVRIG_CAND_024	24	P1MCPUFP__CPUFP500K_0030__00860	PVRIG_CAND_042	42	0.689655
NODE1GEN_002130_source_rfantibody_source_id_PVRIG_RFAb_v2_P1_ekg_L_bb177_mpn10_arm_P1_ekg_L_backbone_P1_ekg_L_bb177_status_NEEDS_RF2_AND_DOCKING	PVRIG_CAND_024	24	P1MCPUFP__CPUFP500K_0029__00647	PVRIG_CAND_043	43	0.653631
NODE1GEN_002130_source_rfantibody_source_id_PVRIG_RFAb_v2_P1_ekg_L_bb177_mpn10_arm_P1_ekg_L_backbone_P1_ekg_L_bb177_status_NEEDS_RF2_AND_DOCKING	PVRIG_CAND_024	24	P1MCPUFP__CPUFP500K_0090__00860	PVRIG_CAND_044	44	0.592593
NODE1GEN_002130_source_rfantibody_source_id_PVRIG_RFAb_v2_P1_ekg_L_bb177_mpn10_arm_P1_ekg_L_backbone_P1_ekg_L_bb177_status_NEEDS_RF2_AND_DOCKING	PVRIG_CAND_024	24	P1MCPUFP__CPUFP500K_0289__00496	PVRIG_CAND_045	45	0.618090
NODE1GEN_002130_source_rfantibody_source_id_PVRIG_RFAb_v2_P1_ekg_L_bb177_mpn10_arm_P1_ekg_L_backbone_P1_ekg_L_bb177_status_NEEDS_RF2_AND_DOCKING	PVRIG_CAND_024	24	P1MCPUFP__CPUFP500K_0091__00849	PVRIG_CAND_046	46	0.782857
NODE1GEN_002130_source_rfantibody_source_id_PVRIG_RFAb_v2_P1_ekg_L_bb177_mpn10_arm_P1_ekg_L_backbone_P1_ekg_L_bb177_status_NEEDS_RF2_AND_DOCKING	PVRIG_CAND_024	24	P1MCPUFP__CPUFP500K_0388__00174	PVRIG_CAND_047	47	0.740331
NODE1GEN_002130_source_rfantibody_source_id_PVRIG_RFAb_v2_P1_ekg_L_bb177_mpn10_arm_P1_ekg_L_backbone_P1_ekg_L_bb177_status_NEEDS_RF2_AND_DOCKING	PVRIG_CAND_024	24	P1MCPUFP__CPUFP500K_0487__00827	PVRIG_CAND_048	48	0.766082
NODE1GEN_002130_source_rfantibody_source_id_PVRIG_RFAb_v2_P1_ekg_L_bb177_mpn10_arm_P1_ekg_L_backbone_P1_ekg_L_bb177_status_NEEDS_RF2_AND_DOCKING	PVRIG_CAND_024	24	P1MCPUFP__CPUFP500K_0188__00645	PVRIG_CAND_049	49	0.780899
NODE1GEN_002130_source_rfantibody_source_id_PVRIG_RFAb_v2_P1_ekg_L_bb177_mpn10_arm_P1_ekg_L_backbone_P1_ekg_L_bb177_status_NEEDS_RF2_AND_DOCKING	PVRIG_CAND_024	24	NODE1GEN_128929_source_rfantibody_source_id_PVRIG_RFAb_v2_P6_ekg_L_bb339_mpn06_arm_P6_ekg_L_backbone_P6_ekg_L_bb339_status_NEEDS_RF2_AND_DOCKING	PVRIG_CAND_050	50	0.765714
P1MCPUFP__CPUFP500K_0380__00771	PVRIG_CAND_025	25	NODE1GEN_217675_source_fixed_pose_mpnn_source_id_P500K__FIXED_POSE_MPNN__68DDB4A6D7CBCA89	PVRIG_CAND_026	26	0.664894
P1MCPUFP__CPUFP500K_0380__00771	PVRIG_CAND_025	25	P1MCPUFP__CPUFP500K_0404__00029	PVRIG_CAND_027	27	0.656410
P1MCPUFP__CPUFP500K_0380__00771	PVRIG_CAND_025	25	P1MCPUFP__CPUFP500K_0188__00549	PVRIG_CAND_028	28	0.693878
P1MCPUFP__CPUFP500K_0380__00771	PVRIG_CAND_025	25	P1MCPUFP__CPUFP500K_0188__00481	PVRIG_CAND_029	29	0.666667
P1MCPUFP__CPUFP500K_0380__00771	PVRIG_CAND_025	25	NODE1GEN_182669_source_fixed_pose_mpnn_source_id_P500K__FIXED_POSE_MPNN__D4BBD3AB583903E7	PVRIG_CAND_030	30	0.670270
P1MCPUFP__CPUFP500K_0380__00771	PVRIG_CAND_025	25	NODE1GEN_128014_source_rfantibody_source_id_PVRIG_RFAb_v2_P6_ekg_L_bb258_mpn01_arm_P6_ekg_L_backbone_P6_ekg_L_bb258_status_NEEDS_RF2_AND_DOCKING	PVRIG_CAND_031	31	0.723404
P1MCPUFP__CPUFP500K_0380__00771	PVRIG_CAND_025	25	NODE1GEN_218195_source_fixed_pose_mpnn_source_id_P500K__FIXED_POSE_MPNN__A6B62FDDBC1A99BE	PVRIG_CAND_032	32	0.668449
P1MCPUFP__CPUFP500K_0380__00771	PVRIG_CAND_025	25	NODE1GEN_195165_source_fixed_pose_mpnn_source_id_P500K__FIXED_POSE_MPNN__499D245F888E5DC4	PVRIG_CAND_033	33	0.776536
P1MCPUFP__CPUFP500K_0380__00771	PVRIG_CAND_025	25	NODE1GEN_235318_source_fixed_pose_mpnn_source_id_P500K__FIXED_POSE_MPNN__B52C2EC7CC64BFED	PVRIG_CAND_034	34	0.784530
P1MCPUFP__CPUFP500K_0380__00771	PVRIG_CAND_025	25	NODE1GEN_076816_source_rfantibody_source_id_PVRIG_RFAb_v2_P4_ekg_L_bb155_mpn03_arm_P4_ekg_L_backbone_P4_ekg_L_bb155_status_NEEDS_RF2_AND_DOCKING	PVRIG_CAND_035	35	0.726776
P1MCPUFP__CPUFP500K_0380__00771	PVRIG_CAND_025	25	NODE1GEN_136300_source_rfantibody_source_id_PVRIG_RFAb_v2_P6_qkg_L_bb255_mpn02_arm_P6_qkg_L_backbone_P6_qkg_L_bb255_status_NEEDS_RF2_AND_DOCKING	PVRIG_CAND_036	36	0.673469
P1MCPUFP__CPUFP500K_0380__00771	PVRIG_CAND_025	25	NODE1GEN_095824_source_rfantibody_source_id_PVRIG_RFAb_v2_P4_qrg_L_bb358_mpn04_arm_P4_qrg_L_backbone_P4_qrg_L_bb358_status_NEEDS_RF2_AND_DOCKING	PVRIG_CAND_037	37	0.567442
P1MCPUFP__CPUFP500K_0380__00771	PVRIG_CAND_025	25	NODE1GEN_017313_source_rfantibody_source_id_PVRIG_RFAb_v2_P1_qrg_L_bb054_mpn00_arm_P1_qrg_L_backbone_P1_qrg_L_bb054_status_NEEDS_RF2_AND_DOCKING	PVRIG_CAND_038	38	0.718919
P1MCPUFP__CPUFP500K_0380__00771	PVRIG_CAND_025	25	NODE1GEN_109783_source_rfantibody_source_id_PVRIG_RFAb_v2_P5_qkg_L_bb121_mpn06_arm_P5_qkg_L_backbone_P5_qkg_L_bb121_status_NEEDS_RF2_AND_DOCKING	PVRIG_CAND_039	39	0.656085
P1MCPUFP__CPUFP500K_0380__00771	PVRIG_CAND_025	25	NODE1GEN_100102_source_rfantibody_source_id_PVRIG_RFAb_v2_P5_ekg_L_bb007_mpn10_arm_P5_ekg_L_backbone_P5_ekg_L_bb007_status_NEEDS_RF2_AND_DOCKING	PVRIG_CAND_040	40	0.808383
P1MCPUFP__CPUFP500K_0380__00771	PVRIG_CAND_025	25	NODE1GEN_109883_source_rfantibody_source_id_PVRIG_RFAb_v2_P5_qkg_L_bb130_mpn02_arm_P5_qkg_L_backbone_P5_qkg_L_bb130_status_NEEDS_RF2_AND_DOCKING	PVRIG_CAND_041	41	0.562500
P1MCPUFP__CPUFP500K_0380__00771	PVRIG_CAND_025	25	P1MCPUFP__CPUFP500K_0030__00860	PVRIG_CAND_042	42	0.475248
P1MCPUFP__CPUFP500K_0380__00771	PVRIG_CAND_025	25	P1MCPUFP__CPUFP500K_0029__00647	PVRIG_CAND_043	43	0.657459
P1MCPUFP__CPUFP500K_0380__00771	PVRIG_CAND_025	25	P1MCPUFP__CPUFP500K_0090__00860	PVRIG_CAND_044	44	0.794118
P1MCPUFP__CPUFP500K_0380__00771	PVRIG_CAND_025	25	P1MCPUFP__CPUFP500K_0289__00496	PVRIG_CAND_045	45	0.801105
P1MCPUFP__CPUFP500K_0380__00771	PVRIG_CAND_025	25	P1MCPUFP__CPUFP500K_0091__00849	PVRIG_CAND_046	46	0.698925
P1MCPUFP__CPUFP500K_0380__00771	PVRIG_CAND_025	25	P1MCPUFP__CPUFP500K_0388__00174	PVRIG_CAND_047	47	0.792135
P1MCPUFP__CPUFP500K_0380__00771	PVRIG_CAND_025	25	P1MCPUFP__CPUFP500K_0487__00827	PVRIG_CAND_048	48	0.768786
P1MCPUFP__CPUFP500K_0380__00771	PVRIG_CAND_025	25	P1MCPUFP__CPUFP500K_0188__00645	PVRIG_CAND_049	49	0.698413
P1MCPUFP__CPUFP500K_0380__00771	PVRIG_CAND_025	25	NODE1GEN_128929_source_rfantibody_source_id_PVRIG_RFAb_v2_P6_ekg_L_bb339_mpn06_arm_P6_ekg_L_backbone_P6_ekg_L_bb339_status_NEEDS_RF2_AND_DOCKING	PVRIG_CAND_050	50	0.557214
NODE1GEN_217675_source_fixed_pose_mpnn_source_id_P500K__FIXED_POSE_MPNN__68DDB4A6D7CBCA89	PVRIG_CAND_026	26	P1MCPUFP__CPUFP500K_0404__00029	PVRIG_CAND_027	27	0.795699
NODE1GEN_217675_source_fixed_pose_mpnn_source_id_P500K__FIXED_POSE_MPNN__68DDB4A6D7CBCA89	PVRIG_CAND_026	26	P1MCPUFP__CPUFP500K_0188__00549	PVRIG_CAND_028	28	0.750000
NODE1GEN_217675_source_fixed_pose_mpnn_source_id_P500K__FIXED_POSE_MPNN__68DDB4A6D7CBCA89	PVRIG_CAND_026	26	P1MCPUFP__CPUFP500K_0188__00481	PVRIG_CAND_029	29	0.777778
NODE1GEN_217675_source_fixed_pose_mpnn_source_id_P500K__FIXED_POSE_MPNN__68DDB4A6D7CBCA89	PVRIG_CAND_026	26	NODE1GEN_182669_source_fixed_pose_mpnn_source_id_P500K__FIXED_POSE_MPNN__D4BBD3AB583903E7	PVRIG_CAND_030	30	0.787709
NODE1GEN_217675_source_fixed_pose_mpnn_source_id_P500K__FIXED_POSE_MPNN__68DDB4A6D7CBCA89	PVRIG_CAND_026	26	NODE1GEN_128014_source_rfantibody_source_id_PVRIG_RFAb_v2_P6_ekg_L_bb258_mpn01_arm_P6_ekg_L_backbone_P6_ekg_L_bb258_status_NEEDS_RF2_AND_DOCKING	PVRIG_CAND_031	31	0.810811
NODE1GEN_217675_source_fixed_pose_mpnn_source_id_P500K__FIXED_POSE_MPNN__68DDB4A6D7CBCA89	PVRIG_CAND_026	26	NODE1GEN_218195_source_fixed_pose_mpnn_source_id_P500K__FIXED_POSE_MPNN__A6B62FDDBC1A99BE	PVRIG_CAND_032	32	0.814607
NODE1GEN_217675_source_fixed_pose_mpnn_source_id_P500K__FIXED_POSE_MPNN__68DDB4A6D7CBCA89	PVRIG_CAND_026	26	NODE1GEN_195165_source_fixed_pose_mpnn_source_id_P500K__FIXED_POSE_MPNN__499D245F888E5DC4	PVRIG_CAND_033	33	0.778378
NODE1GEN_217675_source_fixed_pose_mpnn_source_id_P500K__FIXED_POSE_MPNN__68DDB4A6D7CBCA89	PVRIG_CAND_026	26	NODE1GEN_235318_source_fixed_pose_mpnn_source_id_P500K__FIXED_POSE_MPNN__B52C2EC7CC64BFED	PVRIG_CAND_034	34	0.695431
NODE1GEN_217675_source_fixed_pose_mpnn_source_id_P500K__FIXED_POSE_MPNN__68DDB4A6D7CBCA89	PVRIG_CAND_026	26	NODE1GEN_076816_source_rfantibody_source_id_PVRIG_RFAb_v2_P4_ekg_L_bb155_mpn03_arm_P4_ekg_L_backbone_P4_ekg_L_bb155_status_NEEDS_RF2_AND_DOCKING	PVRIG_CAND_035	35	0.777174
NODE1GEN_217675_source_fixed_pose_mpnn_source_id_P500K__FIXED_POSE_MPNN__68DDB4A6D7CBCA89	PVRIG_CAND_026	26	NODE1GEN_136300_source_rfantibody_source_id_PVRIG_RFAb_v2_P6_qkg_L_bb255_mpn02_arm_P6_qkg_L_backbone_P6_qkg_L_bb255_status_NEEDS_RF2_AND_DOCKING	PVRIG_CAND_036	36	0.747423
NODE1GEN_217675_source_fixed_pose_mpnn_source_id_P500K__FIXED_POSE_MPNN__68DDB4A6D7CBCA89	PVRIG_CAND_026	26	NODE1GEN_095824_source_rfantibody_source_id_PVRIG_RFAb_v2_P4_qrg_L_bb358_mpn04_arm_P4_qrg_L_backbone_P4_qrg_L_bb358_status_NEEDS_RF2_AND_DOCKING	PVRIG_CAND_037	37	0.731343
NODE1GEN_217675_source_fixed_pose_mpnn_source_id_P500K__FIXED_POSE_MPNN__68DDB4A6D7CBCA89	PVRIG_CAND_026	26	NODE1GEN_017313_source_rfantibody_source_id_PVRIG_RFAb_v2_P1_qrg_L_bb054_mpn00_arm_P1_qrg_L_backbone_P1_qrg_L_bb054_status_NEEDS_RF2_AND_DOCKING	PVRIG_CAND_038	38	0.807692
NODE1GEN_217675_source_fixed_pose_mpnn_source_id_P500K__FIXED_POSE_MPNN__68DDB4A6D7CBCA89	PVRIG_CAND_026	26	NODE1GEN_109783_source_rfantibody_source_id_PVRIG_RFAb_v2_P5_qkg_L_bb121_mpn06_arm_P5_qkg_L_backbone_P5_qkg_L_bb121_status_NEEDS_RF2_AND_DOCKING	PVRIG_CAND_039	39	0.810056
NODE1GEN_217675_source_fixed_pose_mpnn_source_id_P500K__FIXED_POSE_MPNN__68DDB4A6D7CBCA89	PVRIG_CAND_026	26	NODE1GEN_100102_source_rfantibody_source_id_PVRIG_RFAb_v2_P5_ekg_L_bb007_mpn10_arm_P5_ekg_L_backbone_P5_ekg_L_bb007_status_NEEDS_RF2_AND_DOCKING	PVRIG_CAND_040	40	0.738889
NODE1GEN_217675_source_fixed_pose_mpnn_source_id_P500K__FIXED_POSE_MPNN__68DDB4A6D7CBCA89	PVRIG_CAND_026	26	NODE1GEN_109883_source_rfantibody_source_id_PVRIG_RFAb_v2_P5_qkg_L_bb130_mpn02_arm_P5_qkg_L_backbone_P5_qkg_L_bb130_status_NEEDS_RF2_AND_DOCKING	PVRIG_CAND_041	41	0.718232
NODE1GEN_217675_source_fixed_pose_mpnn_source_id_P500K__FIXED_POSE_MPNN__68DDB4A6D7CBCA89	PVRIG_CAND_026	26	P1MCPUFP__CPUFP500K_0030__00860	PVRIG_CAND_042	42	0.634921
NODE1GEN_217675_source_fixed_pose_mpnn_source_id_P500K__FIXED_POSE_MPNN__68DDB4A6D7CBCA89	PVRIG_CAND_026	26	P1MCPUFP__CPUFP500K_0029__00647	PVRIG_CAND_043	43	0.654255
NODE1GEN_217675_source_fixed_pose_mpnn_source_id_P500K__FIXED_POSE_MPNN__68DDB4A6D7CBCA89	PVRIG_CAND_026	26	P1MCPUFP__CPUFP500K_0090__00860	PVRIG_CAND_044	44	0.637306
NODE1GEN_217675_source_fixed_pose_mpnn_source_id_P500K__FIXED_POSE_MPNN__68DDB4A6D7CBCA89	PVRIG_CAND_026	26	P1MCPUFP__CPUFP500K_0289__00496	PVRIG_CAND_045	45	0.635922
NODE1GEN_217675_source_fixed_pose_mpnn_source_id_P500K__FIXED_POSE_MPNN__68DDB4A6D7CBCA89	PVRIG_CAND_026	26	P1MCPUFP__CPUFP500K_0091__00849	PVRIG_CAND_046	46	0.786885
NODE1GEN_217675_source_fixed_pose_mpnn_source_id_P500K__FIXED_POSE_MPNN__68DDB4A6D7CBCA89	PVRIG_CAND_026	26	P1MCPUFP__CPUFP500K_0388__00174	PVRIG_CAND_047	47	0.764706
NODE1GEN_217675_source_fixed_pose_mpnn_source_id_P500K__FIXED_POSE_MPNN__68DDB4A6D7CBCA89	PVRIG_CAND_026	26	P1MCPUFP__CPUFP500K_0487__00827	PVRIG_CAND_048	48	0.790960
NODE1GEN_217675_source_fixed_pose_mpnn_source_id_P500K__FIXED_POSE_MPNN__68DDB4A6D7CBCA89	PVRIG_CAND_026	26	P1MCPUFP__CPUFP500K_0188__00645	PVRIG_CAND_049	49	0.765957
NODE1GEN_217675_source_fixed_pose_mpnn_source_id_P500K__FIXED_POSE_MPNN__68DDB4A6D7CBCA89	PVRIG_CAND_026	26	NODE1GEN_128929_source_rfantibody_source_id_PVRIG_RFAb_v2_P6_ekg_L_bb339_mpn06_arm_P6_ekg_L_backbone_P6_ekg_L_bb339_status_NEEDS_RF2_AND_DOCKING	PVRIG_CAND_050	50	0.696335
P1MCPUFP__CPUFP500K_0404__00029	PVRIG_CAND_027	27	P1MCPUFP__CPUFP500K_0188__00549	PVRIG_CAND_028	28	0.765000
P1MCPUFP__CPUFP500K_0404__00029	PVRIG_CAND_027	27	P1MCPUFP__CPUFP500K_0188__00481	PVRIG_CAND_029	29	0.811518
P1MCPUFP__CPUFP500K_0404__00029	PVRIG_CAND_027	27	NODE1GEN_182669_source_fixed_pose_mpnn_source_id_P500K__FIXED_POSE_MPNN__D4BBD3AB583903E7	PVRIG_CAND_030	30	0.833333
P1MCPUFP__CPUFP500K_0404__00029	PVRIG_CAND_027	27	NODE1GEN_128014_source_rfantibody_source_id_PVRIG_RFAb_v2_P6_ekg_L_bb258_mpn01_arm_P6_ekg_L_backbone_P6_ekg_L_bb258_status_NEEDS_RF2_AND_DOCKING	PVRIG_CAND_031	31	0.806283
P1MCPUFP__CPUFP500K_0404__00029	PVRIG_CAND_027	27	NODE1GEN_218195_source_fixed_pose_mpnn_source_id_P500K__FIXED_POSE_MPNN__A6B62FDDBC1A99BE	PVRIG_CAND_032	32	0.780749
P1MCPUFP__CPUFP500K_0404__00029	PVRIG_CAND_027	27	NODE1GEN_195165_source_fixed_pose_mpnn_source_id_P500K__FIXED_POSE_MPNN__499D245F888E5DC4	PVRIG_CAND_033	33	0.784211
P1MCPUFP__CPUFP500K_0404__00029	PVRIG_CAND_027	27	NODE1GEN_235318_source_fixed_pose_mpnn_source_id_P500K__FIXED_POSE_MPNN__B52C2EC7CC64BFED	PVRIG_CAND_034	34	0.694581
P1MCPUFP__CPUFP500K_0404__00029	PVRIG_CAND_027	27	NODE1GEN_076816_source_rfantibody_source_id_PVRIG_RFAb_v2_P4_ekg_L_bb155_mpn03_arm_P4_ekg_L_backbone_P4_ekg_L_bb155_status_NEEDS_RF2_AND_DOCKING	PVRIG_CAND_035	35	0.792553
P1MCPUFP__CPUFP500K_0404__00029	PVRIG_CAND_027	27	NODE1GEN_136300_source_rfantibody_source_id_PVRIG_RFAb_v2_P6_qkg_L_bb255_mpn02_arm_P6_qkg_L_backbone_P6_qkg_L_bb255_status_NEEDS_RF2_AND_DOCKING	PVRIG_CAND_036	36	0.789744
P1MCPUFP__CPUFP500K_0404__00029	PVRIG_CAND_027	27	NODE1GEN_095824_source_rfantibody_source_id_PVRIG_RFAb_v2_P4_qrg_L_bb358_mpn04_arm_P4_qrg_L_backbone_P4_qrg_L_bb358_status_NEEDS_RF2_AND_DOCKING	PVRIG_CAND_037	37	0.790000
P1MCPUFP__CPUFP500K_0404__00029	PVRIG_CAND_027	27	NODE1GEN_017313_source_rfantibody_source_id_PVRIG_RFAb_v2_P1_qrg_L_bb054_mpn00_arm_P1_qrg_L_backbone_P1_qrg_L_bb054_status_NEEDS_RF2_AND_DOCKING	PVRIG_CAND_038	38	0.774869
P1MCPUFP__CPUFP500K_0404__00029	PVRIG_CAND_027	27	NODE1GEN_109783_source_rfantibody_source_id_PVRIG_RFAb_v2_P5_qkg_L_bb121_mpn06_arm_P5_qkg_L_backbone_P5_qkg_L_bb121_status_NEEDS_RF2_AND_DOCKING	PVRIG_CAND_039	39	0.776596
P1MCPUFP__CPUFP500K_0404__00029	PVRIG_CAND_027	27	NODE1GEN_100102_source_rfantibody_source_id_PVRIG_RFAb_v2_P5_ekg_L_bb007_mpn10_arm_P5_ekg_L_backbone_P5_ekg_L_bb007_status_NEEDS_RF2_AND_DOCKING	PVRIG_CAND_040	40	0.727273
P1MCPUFP__CPUFP500K_0404__00029	PVRIG_CAND_027	27	NODE1GEN_109883_source_rfantibody_source_id_PVRIG_RFAb_v2_P5_qkg_L_bb130_mpn02_arm_P5_qkg_L_backbone_P5_qkg_L_bb130_status_NEEDS_RF2_AND_DOCKING	PVRIG_CAND_041	41	0.754098
P1MCPUFP__CPUFP500K_0404__00029	PVRIG_CAND_027	27	P1MCPUFP__CPUFP500K_0030__00860	PVRIG_CAND_042	42	0.687831
P1MCPUFP__CPUFP500K_0404__00029	PVRIG_CAND_027	27	P1MCPUFP__CPUFP500K_0029__00647	PVRIG_CAND_043	43	0.654639
P1MCPUFP__CPUFP500K_0404__00029	PVRIG_CAND_027	27	P1MCPUFP__CPUFP500K_0090__00860	PVRIG_CAND_044	44	0.654822
P1MCPUFP__CPUFP500K_0404__00029	PVRIG_CAND_027	27	P1MCPUFP__CPUFP500K_0289__00496	PVRIG_CAND_045	45	0.644550
P1MCPUFP__CPUFP500K_0404__00029	PVRIG_CAND_027	27	P1MCPUFP__CPUFP500K_0091__00849	PVRIG_CAND_046	46	0.792553
P1MCPUFP__CPUFP500K_0404__00029	PVRIG_CAND_027	27	P1MCPUFP__CPUFP500K_0388__00174	PVRIG_CAND_047	47	0.770833
P1MCPUFP__CPUFP500K_0404__00029	PVRIG_CAND_027	27	P1MCPUFP__CPUFP500K_0487__00827	PVRIG_CAND_048	48	0.796703
P1MCPUFP__CPUFP500K_0404__00029	PVRIG_CAND_027	27	P1MCPUFP__CPUFP500K_0188__00645	PVRIG_CAND_049	49	0.781250
P1MCPUFP__CPUFP500K_0404__00029	PVRIG_CAND_027	27	NODE1GEN_128929_source_rfantibody_source_id_PVRIG_RFAb_v2_P6_ekg_L_bb339_mpn06_arm_P6_ekg_L_backbone_P6_ekg_L_bb339_status_NEEDS_RF2_AND_DOCKING	PVRIG_CAND_050	50	0.730570
P1MCPUFP__CPUFP500K_0188__00549	PVRIG_CAND_028	28	P1MCPUFP__CPUFP500K_0188__00481	PVRIG_CAND_029	29	0.783920
P1MCPUFP__CPUFP500K_0188__00549	PVRIG_CAND_028	28	NODE1GEN_182669_source_fixed_pose_mpnn_source_id_P500K__FIXED_POSE_MPNN__D4BBD3AB583903E7	PVRIG_CAND_030	30	0.720812
P1MCPUFP__CPUFP500K_0188__00549	PVRIG_CAND_028	28	NODE1GEN_128014_source_rfantibody_source_id_PVRIG_RFAb_v2_P6_ekg_L_bb258_mpn01_arm_P6_ekg_L_backbone_P6_ekg_L_bb258_status_NEEDS_RF2_AND_DOCKING	PVRIG_CAND_031	31	0.787879
P1MCPUFP__CPUFP500K_0188__00549	PVRIG_CAND_028	28	NODE1GEN_218195_source_fixed_pose_mpnn_source_id_P500K__FIXED_POSE_MPNN__A6B62FDDBC1A99BE	PVRIG_CAND_032	32	0.781250
P1MCPUFP__CPUFP500K_0188__00549	PVRIG_CAND_028	28	NODE1GEN_195165_source_fixed_pose_mpnn_source_id_P500K__FIXED_POSE_MPNN__499D245F888E5DC4	PVRIG_CAND_033	33	0.757576
P1MCPUFP__CPUFP500K_0188__00549	PVRIG_CAND_028	28	NODE1GEN_235318_source_fixed_pose_mpnn_source_id_P500K__FIXED_POSE_MPNN__B52C2EC7CC64BFED	PVRIG_CAND_034	34	0.756219
P1MCPUFP__CPUFP500K_0188__00549	PVRIG_CAND_028	28	NODE1GEN_076816_source_rfantibody_source_id_PVRIG_RFAb_v2_P4_ekg_L_bb155_mpn03_arm_P4_ekg_L_backbone_P4_ekg_L_bb155_status_NEEDS_RF2_AND_DOCKING	PVRIG_CAND_035	35	0.756345
P1MCPUFP__CPUFP500K_0188__00549	PVRIG_CAND_028	28	NODE1GEN_136300_source_rfantibody_source_id_PVRIG_RFAb_v2_P6_qkg_L_bb255_mpn02_arm_P6_qkg_L_backbone_P6_qkg_L_bb255_status_NEEDS_RF2_AND_DOCKING	PVRIG_CAND_036	36	0.729469
P1MCPUFP__CPUFP500K_0188__00549	PVRIG_CAND_028	28	NODE1GEN_095824_source_rfantibody_source_id_PVRIG_RFAb_v2_P4_qrg_L_bb358_mpn04_arm_P4_qrg_L_backbone_P4_qrg_L_bb358_status_NEEDS_RF2_AND_DOCKING	PVRIG_CAND_037	37	0.747619
P1MCPUFP__CPUFP500K_0188__00549	PVRIG_CAND_028	28	NODE1GEN_017313_source_rfantibody_source_id_PVRIG_RFAb_v2_P1_qrg_L_bb054_mpn00_arm_P1_qrg_L_backbone_P1_qrg_L_bb054_status_NEEDS_RF2_AND_DOCKING	PVRIG_CAND_038	38	0.766497
P1MCPUFP__CPUFP500K_0188__00549	PVRIG_CAND_028	28	NODE1GEN_109783_source_rfantibody_source_id_PVRIG_RFAb_v2_P5_qkg_L_bb121_mpn06_arm_P5_qkg_L_backbone_P5_qkg_L_bb121_status_NEEDS_RF2_AND_DOCKING	PVRIG_CAND_039	39	0.706468
P1MCPUFP__CPUFP500K_0188__00549	PVRIG_CAND_028	28	NODE1GEN_100102_source_rfantibody_source_id_PVRIG_RFAb_v2_P5_ekg_L_bb007_mpn10_arm_P5_ekg_L_backbone_P5_ekg_L_bb007_status_NEEDS_RF2_AND_DOCKING	PVRIG_CAND_040	40	0.729167
P1MCPUFP__CPUFP500K_0188__00549	PVRIG_CAND_028	28	NODE1GEN_109883_source_rfantibody_source_id_PVRIG_RFAb_v2_P5_qkg_L_bb130_mpn02_arm_P5_qkg_L_backbone_P5_qkg_L_bb130_status_NEEDS_RF2_AND_DOCKING	PVRIG_CAND_041	41	0.727749
P1MCPUFP__CPUFP500K_0188__00549	PVRIG_CAND_028	28	P1MCPUFP__CPUFP500K_0030__00860	PVRIG_CAND_042	42	0.656566
P1MCPUFP__CPUFP500K_0188__00549	PVRIG_CAND_028	28	P1MCPUFP__CPUFP500K_0029__00647	PVRIG_CAND_043	43	0.666667
P1MCPUFP__CPUFP500K_0188__00549	PVRIG_CAND_028	28	P1MCPUFP__CPUFP500K_0090__00860	PVRIG_CAND_044	44	0.642157
P1MCPUFP__CPUFP500K_0188__00549	PVRIG_CAND_028	28	P1MCPUFP__CPUFP500K_0289__00496	PVRIG_CAND_045	45	0.687204
P1MCPUFP__CPUFP500K_0188__00549	PVRIG_CAND_028	28	P1MCPUFP__CPUFP500K_0091__00849	PVRIG_CAND_046	46	0.730000
P1MCPUFP__CPUFP500K_0188__00549	PVRIG_CAND_028	28	P1MCPUFP__CPUFP500K_0388__00174	PVRIG_CAND_047	47	0.736318
P1MCPUFP__CPUFP500K_0188__00549	PVRIG_CAND_028	28	P1MCPUFP__CPUFP500K_0487__00827	PVRIG_CAND_048	48	0.759162
P1MCPUFP__CPUFP500K_0188__00549	PVRIG_CAND_028	28	P1MCPUFP__CPUFP500K_0188__00645	PVRIG_CAND_049	49	0.800000
P1MCPUFP__CPUFP500K_0188__00549	PVRIG_CAND_028	28	NODE1GEN_128929_source_rfantibody_source_id_PVRIG_RFAb_v2_P6_ekg_L_bb339_mpn06_arm_P6_ekg_L_backbone_P6_ekg_L_bb339_status_NEEDS_RF2_AND_DOCKING	PVRIG_CAND_050	50	0.758974
P1MCPUFP__CPUFP500K_0188__00481	PVRIG_CAND_029	29	NODE1GEN_182669_source_fixed_pose_mpnn_source_id_P500K__FIXED_POSE_MPNN__D4BBD3AB583903E7	PVRIG_CAND_030	30	0.765957
P1MCPUFP__CPUFP500K_0188__00481	PVRIG_CAND_029	29	NODE1GEN_128014_source_rfantibody_source_id_PVRIG_RFAb_v2_P6_ekg_L_bb258_mpn01_arm_P6_ekg_L_backbone_P6_ekg_L_bb258_status_NEEDS_RF2_AND_DOCKING	PVRIG_CAND_031	31	0.761421
P1MCPUFP__CPUFP500K_0188__00481	PVRIG_CAND_029	29	NODE1GEN_218195_source_fixed_pose_mpnn_source_id_P500K__FIXED_POSE_MPNN__A6B62FDDBC1A99BE	PVRIG_CAND_032	32	0.820652
P1MCPUFP__CPUFP500K_0188__00481	PVRIG_CAND_029	29	NODE1GEN_195165_source_fixed_pose_mpnn_source_id_P500K__FIXED_POSE_MPNN__499D245F888E5DC4	PVRIG_CAND_033	33	0.739796
P1MCPUFP__CPUFP500K_0188__00481	PVRIG_CAND_029	29	NODE1GEN_235318_source_fixed_pose_mpnn_source_id_P500K__FIXED_POSE_MPNN__B52C2EC7CC64BFED	PVRIG_CAND_034	34	0.712871
P1MCPUFP__CPUFP500K_0188__00481	PVRIG_CAND_029	29	NODE1GEN_076816_source_rfantibody_source_id_PVRIG_RFAb_v2_P4_ekg_L_bb155_mpn03_arm_P4_ekg_L_backbone_P4_ekg_L_bb155_status_NEEDS_RF2_AND_DOCKING	PVRIG_CAND_035	35	0.765625
P1MCPUFP__CPUFP500K_0188__00481	PVRIG_CAND_029	29	NODE1GEN_136300_source_rfantibody_source_id_PVRIG_RFAb_v2_P6_qkg_L_bb255_mpn02_arm_P6_qkg_L_backbone_P6_qkg_L_bb255_status_NEEDS_RF2_AND_DOCKING	PVRIG_CAND_036	36	0.729064
P1MCPUFP__CPUFP500K_0188__00481	PVRIG_CAND_029	29	NODE1GEN_095824_source_rfantibody_source_id_PVRIG_RFAb_v2_P4_qrg_L_bb358_mpn04_arm_P4_qrg_L_backbone_P4_qrg_L_bb358_status_NEEDS_RF2_AND_DOCKING	PVRIG_CAND_037	37	0.782178
P1MCPUFP__CPUFP500K_0188__00481	PVRIG_CAND_029	29	NODE1GEN_017313_source_rfantibody_source_id_PVRIG_RFAb_v2_P1_qrg_L_bb054_mpn00_arm_P1_qrg_L_backbone_P1_qrg_L_bb054_status_NEEDS_RF2_AND_DOCKING	PVRIG_CAND_038	38	0.813830
P1MCPUFP__CPUFP500K_0188__00481	PVRIG_CAND_029	29	NODE1GEN_109783_source_rfantibody_source_id_PVRIG_RFAb_v2_P5_qkg_L_bb121_mpn06_arm_P5_qkg_L_backbone_P5_qkg_L_bb121_status_NEEDS_RF2_AND_DOCKING	PVRIG_CAND_039	39	0.759162
P1MCPUFP__CPUFP500K_0188__00481	PVRIG_CAND_029	29	NODE1GEN_100102_source_rfantibody_source_id_PVRIG_RFAb_v2_P5_ekg_L_bb007_mpn10_arm_P5_ekg_L_backbone_P5_ekg_L_bb007_status_NEEDS_RF2_AND_DOCKING	PVRIG_CAND_040	40	0.728723
P1MCPUFP__CPUFP500K_0188__00481	PVRIG_CAND_029	29	NODE1GEN_109883_source_rfantibody_source_id_PVRIG_RFAb_v2_P5_qkg_L_bb130_mpn02_arm_P5_qkg_L_backbone_P5_qkg_L_bb130_status_NEEDS_RF2_AND_DOCKING	PVRIG_CAND_041	41	0.774725
P1MCPUFP__CPUFP500K_0188__00481	PVRIG_CAND_029	29	P1MCPUFP__CPUFP500K_0030__00860	PVRIG_CAND_042	42	0.680628
P1MCPUFP__CPUFP500K_0188__00481	PVRIG_CAND_029	29	P1MCPUFP__CPUFP500K_0029__00647	PVRIG_CAND_043	43	0.606965
P1MCPUFP__CPUFP500K_0188__00481	PVRIG_CAND_029	29	P1MCPUFP__CPUFP500K_0090__00860	PVRIG_CAND_044	44	0.623762
P1MCPUFP__CPUFP500K_0188__00481	PVRIG_CAND_029	29	P1MCPUFP__CPUFP500K_0289__00496	PVRIG_CAND_045	45	0.661905
P1MCPUFP__CPUFP500K_0188__00481	PVRIG_CAND_029	29	P1MCPUFP__CPUFP500K_0091__00849	PVRIG_CAND_046	46	0.756477
P1MCPUFP__CPUFP500K_0188__00481	PVRIG_CAND_029	29	P1MCPUFP__CPUFP500K_0388__00174	PVRIG_CAND_047	47	0.736041
P1MCPUFP__CPUFP500K_0188__00481	PVRIG_CAND_029	29	P1MCPUFP__CPUFP500K_0487__00827	PVRIG_CAND_048	48	0.759358
P1MCPUFP__CPUFP500K_0188__00481	PVRIG_CAND_029	29	P1MCPUFP__CPUFP500K_0188__00645	PVRIG_CAND_049	49	0.755102
P1MCPUFP__CPUFP500K_0188__00481	PVRIG_CAND_029	29	NODE1GEN_128929_source_rfantibody_source_id_PVRIG_RFAb_v2_P6_ekg_L_bb339_mpn06_arm_P6_ekg_L_backbone_P6_ekg_L_bb339_status_NEEDS_RF2_AND_DOCKING	PVRIG_CAND_050	50	0.768421
NODE1GEN_182669_source_fixed_pose_mpnn_source_id_P500K__FIXED_POSE_MPNN__D4BBD3AB583903E7	PVRIG_CAND_030	30	NODE1GEN_128014_source_rfantibody_source_id_PVRIG_RFAb_v2_P6_ekg_L_bb258_mpn01_arm_P6_ekg_L_backbone_P6_ekg_L_bb258_status_NEEDS_RF2_AND_DOCKING	PVRIG_CAND_031	31	0.808743
NODE1GEN_182669_source_fixed_pose_mpnn_source_id_P500K__FIXED_POSE_MPNN__D4BBD3AB583903E7	PVRIG_CAND_030	30	NODE1GEN_218195_source_fixed_pose_mpnn_source_id_P500K__FIXED_POSE_MPNN__A6B62FDDBC1A99BE	PVRIG_CAND_032	32	0.772222
NODE1GEN_182669_source_fixed_pose_mpnn_source_id_P500K__FIXED_POSE_MPNN__D4BBD3AB583903E7	PVRIG_CAND_030	30	NODE1GEN_195165_source_fixed_pose_mpnn_source_id_P500K__FIXED_POSE_MPNN__499D245F888E5DC4	PVRIG_CAND_033	33	0.795580
NODE1GEN_182669_source_fixed_pose_mpnn_source_id_P500K__FIXED_POSE_MPNN__D4BBD3AB583903E7	PVRIG_CAND_030	30	NODE1GEN_235318_source_fixed_pose_mpnn_source_id_P500K__FIXED_POSE_MPNN__B52C2EC7CC64BFED	PVRIG_CAND_034	34	0.650000
NODE1GEN_182669_source_fixed_pose_mpnn_source_id_P500K__FIXED_POSE_MPNN__D4BBD3AB583903E7	PVRIG_CAND_030	30	NODE1GEN_076816_source_rfantibody_source_id_PVRIG_RFAb_v2_P4_ekg_L_bb155_mpn03_arm_P4_ekg_L_backbone_P4_ekg_L_bb155_status_NEEDS_RF2_AND_DOCKING	PVRIG_CAND_035	35	0.745946
NODE1GEN_182669_source_fixed_pose_mpnn_source_id_P500K__FIXED_POSE_MPNN__D4BBD3AB583903E7	PVRIG_CAND_030	30	NODE1GEN_136300_source_rfantibody_source_id_PVRIG_RFAb_v2_P6_qkg_L_bb255_mpn02_arm_P6_qkg_L_backbone_P6_qkg_L_bb255_status_NEEDS_RF2_AND_DOCKING	PVRIG_CAND_036	36	0.791444
NODE1GEN_182669_source_fixed_pose_mpnn_source_id_P500K__FIXED_POSE_MPNN__D4BBD3AB583903E7	PVRIG_CAND_030	30	NODE1GEN_095824_source_rfantibody_source_id_PVRIG_RFAb_v2_P4_qrg_L_bb358_mpn04_arm_P4_qrg_L_backbone_P4_qrg_L_bb358_status_NEEDS_RF2_AND_DOCKING	PVRIG_CAND_037	37	0.773196
NODE1GEN_182669_source_fixed_pose_mpnn_source_id_P500K__FIXED_POSE_MPNN__D4BBD3AB583903E7	PVRIG_CAND_030	30	NODE1GEN_017313_source_rfantibody_source_id_PVRIG_RFAb_v2_P1_qrg_L_bb054_mpn00_arm_P1_qrg_L_backbone_P1_qrg_L_bb054_status_NEEDS_RF2_AND_DOCKING	PVRIG_CAND_038	38	0.766304
NODE1GEN_182669_source_fixed_pose_mpnn_source_id_P500K__FIXED_POSE_MPNN__D4BBD3AB583903E7	PVRIG_CAND_030	30	NODE1GEN_109783_source_rfantibody_source_id_PVRIG_RFAb_v2_P5_qkg_L_bb121_mpn06_arm_P5_qkg_L_backbone_P5_qkg_L_bb121_status_NEEDS_RF2_AND_DOCKING	PVRIG_CAND_039	39	0.818182
NODE1GEN_182669_source_fixed_pose_mpnn_source_id_P500K__FIXED_POSE_MPNN__D4BBD3AB583903E7	PVRIG_CAND_030	30	NODE1GEN_100102_source_rfantibody_source_id_PVRIG_RFAb_v2_P5_ekg_L_bb007_mpn10_arm_P5_ekg_L_backbone_P5_ekg_L_bb007_status_NEEDS_RF2_AND_DOCKING	PVRIG_CAND_040	40	0.735955
NODE1GEN_182669_source_fixed_pose_mpnn_source_id_P500K__FIXED_POSE_MPNN__D4BBD3AB583903E7	PVRIG_CAND_030	30	NODE1GEN_109883_source_rfantibody_source_id_PVRIG_RFAb_v2_P5_qkg_L_bb130_mpn02_arm_P5_qkg_L_backbone_P5_qkg_L_bb130_status_NEEDS_RF2_AND_DOCKING	PVRIG_CAND_041	41	0.686813
NODE1GEN_182669_source_fixed_pose_mpnn_source_id_P500K__FIXED_POSE_MPNN__D4BBD3AB583903E7	PVRIG_CAND_030	30	P1MCPUFP__CPUFP500K_0030__00860	PVRIG_CAND_042	42	0.657609
NODE1GEN_182669_source_fixed_pose_mpnn_source_id_P500K__FIXED_POSE_MPNN__D4BBD3AB583903E7	PVRIG_CAND_030	30	P1MCPUFP__CPUFP500K_0029__00647	PVRIG_CAND_043	43	0.650538
NODE1GEN_182669_source_fixed_pose_mpnn_source_id_P500K__FIXED_POSE_MPNN__D4BBD3AB583903E7	PVRIG_CAND_030	30	P1MCPUFP__CPUFP500K_0090__00860	PVRIG_CAND_044	44	0.642105
NODE1GEN_182669_source_fixed_pose_mpnn_source_id_P500K__FIXED_POSE_MPNN__D4BBD3AB583903E7	PVRIG_CAND_030	30	P1MCPUFP__CPUFP500K_0289__00496	PVRIG_CAND_045	45	0.608696
NODE1GEN_182669_source_fixed_pose_mpnn_source_id_P500K__FIXED_POSE_MPNN__D4BBD3AB583903E7	PVRIG_CAND_030	30	P1MCPUFP__CPUFP500K_0091__00849	PVRIG_CAND_046	46	0.736559
NODE1GEN_182669_source_fixed_pose_mpnn_source_id_P500K__FIXED_POSE_MPNN__D4BBD3AB583903E7	PVRIG_CAND_030	30	P1MCPUFP__CPUFP500K_0388__00174	PVRIG_CAND_047	47	0.752688
NODE1GEN_182669_source_fixed_pose_mpnn_source_id_P500K__FIXED_POSE_MPNN__D4BBD3AB583903E7	PVRIG_CAND_030	30	P1MCPUFP__CPUFP500K_0487__00827	PVRIG_CAND_048	48	0.798851
NODE1GEN_182669_source_fixed_pose_mpnn_source_id_P500K__FIXED_POSE_MPNN__D4BBD3AB583903E7	PVRIG_CAND_030	30	P1MCPUFP__CPUFP500K_0188__00645	PVRIG_CAND_049	49	0.782609
NODE1GEN_182669_source_fixed_pose_mpnn_source_id_P500K__FIXED_POSE_MPNN__D4BBD3AB583903E7	PVRIG_CAND_030	30	NODE1GEN_128929_source_rfantibody_source_id_PVRIG_RFAb_v2_P6_ekg_L_bb339_mpn06_arm_P6_ekg_L_backbone_P6_ekg_L_bb339_status_NEEDS_RF2_AND_DOCKING	PVRIG_CAND_050	50	0.693122
NODE1GEN_128014_source_rfantibody_source_id_PVRIG_RFAb_v2_P6_ekg_L_bb258_mpn01_arm_P6_ekg_L_backbone_P6_ekg_L_bb258_status_NEEDS_RF2_AND_DOCKING	PVRIG_CAND_031	31	NODE1GEN_218195_source_fixed_pose_mpnn_source_id_P500K__FIXED_POSE_MPNN__A6B62FDDBC1A99BE	PVRIG_CAND_032	32	0.805405
NODE1GEN_128014_source_rfantibody_source_id_PVRIG_RFAb_v2_P6_ekg_L_bb258_mpn01_arm_P6_ekg_L_backbone_P6_ekg_L_bb258_status_NEEDS_RF2_AND_DOCKING	PVRIG_CAND_031	31	NODE1GEN_195165_source_fixed_pose_mpnn_source_id_P500K__FIXED_POSE_MPNN__499D245F888E5DC4	PVRIG_CAND_033	33	0.798942
NODE1GEN_128014_source_rfantibody_source_id_PVRIG_RFAb_v2_P6_ekg_L_bb258_mpn01_arm_P6_ekg_L_backbone_P6_ekg_L_bb258_status_NEEDS_RF2_AND_DOCKING	PVRIG_CAND_031	31	NODE1GEN_235318_source_fixed_pose_mpnn_source_id_P500K__FIXED_POSE_MPNN__B52C2EC7CC64BFED	PVRIG_CAND_034	34	0.760204
NODE1GEN_128014_source_rfantibody_source_id_PVRIG_RFAb_v2_P6_ekg_L_bb258_mpn01_arm_P6_ekg_L_backbone_P6_ekg_L_bb258_status_NEEDS_RF2_AND_DOCKING	PVRIG_CAND_031	31	NODE1GEN_076816_source_rfantibody_source_id_PVRIG_RFAb_v2_P4_ekg_L_bb155_mpn03_arm_P4_ekg_L_backbone_P4_ekg_L_bb155_status_NEEDS_RF2_AND_DOCKING	PVRIG_CAND_035	35	0.797872
NODE1GEN_128014_source_rfantibody_source_id_PVRIG_RFAb_v2_P6_ekg_L_bb258_mpn01_arm_P6_ekg_L_backbone_P6_ekg_L_bb258_status_NEEDS_RF2_AND_DOCKING	PVRIG_CAND_031	31	NODE1GEN_136300_source_rfantibody_source_id_PVRIG_RFAb_v2_P6_qkg_L_bb255_mpn02_arm_P6_qkg_L_backbone_P6_qkg_L_bb255_status_NEEDS_RF2_AND_DOCKING	PVRIG_CAND_036	36	0.794872
NODE1GEN_128014_source_rfantibody_source_id_PVRIG_RFAb_v2_P6_ekg_L_bb258_mpn01_arm_P6_ekg_L_backbone_P6_ekg_L_bb258_status_NEEDS_RF2_AND_DOCKING	PVRIG_CAND_031	31	NODE1GEN_095824_source_rfantibody_source_id_PVRIG_RFAb_v2_P4_qrg_L_bb358_mpn04_arm_P4_qrg_L_backbone_P4_qrg_L_bb358_status_NEEDS_RF2_AND_DOCKING	PVRIG_CAND_037	37	0.734300
NODE1GEN_128014_source_rfantibody_source_id_PVRIG_RFAb_v2_P6_ekg_L_bb258_mpn01_arm_P6_ekg_L_backbone_P6_ekg_L_bb258_status_NEEDS_RF2_AND_DOCKING	PVRIG_CAND_031	31	NODE1GEN_017313_source_rfantibody_source_id_PVRIG_RFAb_v2_P1_qrg_L_bb054_mpn00_arm_P1_qrg_L_backbone_P1_qrg_L_bb054_status_NEEDS_RF2_AND_DOCKING	PVRIG_CAND_038	38	0.837838
NODE1GEN_128014_source_rfantibody_source_id_PVRIG_RFAb_v2_P6_ekg_L_bb258_mpn01_arm_P6_ekg_L_backbone_P6_ekg_L_bb258_status_NEEDS_RF2_AND_DOCKING	PVRIG_CAND_031	31	NODE1GEN_109783_source_rfantibody_source_id_PVRIG_RFAb_v2_P5_qkg_L_bb121_mpn06_arm_P5_qkg_L_backbone_P5_qkg_L_bb121_status_NEEDS_RF2_AND_DOCKING	PVRIG_CAND_039	39	0.753927
NODE1GEN_128014_source_rfantibody_source_id_PVRIG_RFAb_v2_P6_ekg_L_bb258_mpn01_arm_P6_ekg_L_backbone_P6_ekg_L_bb258_status_NEEDS_RF2_AND_DOCKING	PVRIG_CAND_031	31	NODE1GEN_100102_source_rfantibody_source_id_PVRIG_RFAb_v2_P5_ekg_L_bb007_mpn10_arm_P5_ekg_L_backbone_P5_ekg_L_bb007_status_NEEDS_RF2_AND_DOCKING	PVRIG_CAND_040	40	0.760870
NODE1GEN_128014_source_rfantibody_source_id_PVRIG_RFAb_v2_P6_ekg_L_bb258_mpn01_arm_P6_ekg_L_backbone_P6_ekg_L_bb258_status_NEEDS_RF2_AND_DOCKING	PVRIG_CAND_031	31	NODE1GEN_109883_source_rfantibody_source_id_PVRIG_RFAb_v2_P5_qkg_L_bb130_mpn02_arm_P5_qkg_L_backbone_P5_qkg_L_bb130_status_NEEDS_RF2_AND_DOCKING	PVRIG_CAND_041	41	0.694737
NODE1GEN_128014_source_rfantibody_source_id_PVRIG_RFAb_v2_P6_ekg_L_bb258_mpn01_arm_P6_ekg_L_backbone_P6_ekg_L_bb258_status_NEEDS_RF2_AND_DOCKING	PVRIG_CAND_031	31	P1MCPUFP__CPUFP500K_0030__00860	PVRIG_CAND_042	42	0.624365
NODE1GEN_128014_source_rfantibody_source_id_PVRIG_RFAb_v2_P6_ekg_L_bb258_mpn01_arm_P6_ekg_L_backbone_P6_ekg_L_bb258_status_NEEDS_RF2_AND_DOCKING	PVRIG_CAND_031	31	P1MCPUFP__CPUFP500K_0029__00647	PVRIG_CAND_043	43	0.712766
NODE1GEN_128014_source_rfantibody_source_id_PVRIG_RFAb_v2_P6_ekg_L_bb258_mpn01_arm_P6_ekg_L_backbone_P6_ekg_L_bb258_status_NEEDS_RF2_AND_DOCKING	PVRIG_CAND_031	31	P1MCPUFP__CPUFP500K_0090__00860	PVRIG_CAND_044	44	0.703125
NODE1GEN_128014_source_rfantibody_source_id_PVRIG_RFAb_v2_P6_ekg_L_bb258_mpn01_arm_P6_ekg_L_backbone_P6_ekg_L_bb258_status_NEEDS_RF2_AND_DOCKING	PVRIG_CAND_031	31	P1MCPUFP__CPUFP500K_0289__00496	PVRIG_CAND_045	45	0.714286
NODE1GEN_128014_source_rfantibody_source_id_PVRIG_RFAb_v2_P6_ekg_L_bb258_mpn01_arm_P6_ekg_L_backbone_P6_ekg_L_bb258_status_NEEDS_RF2_AND_DOCKING	PVRIG_CAND_031	31	P1MCPUFP__CPUFP500K_0091__00849	PVRIG_CAND_046	46	0.797872
NODE1GEN_128014_source_rfantibody_source_id_PVRIG_RFAb_v2_P6_ekg_L_bb258_mpn01_arm_P6_ekg_L_backbone_P6_ekg_L_bb258_status_NEEDS_RF2_AND_DOCKING	PVRIG_CAND_031	31	P1MCPUFP__CPUFP500K_0388__00174	PVRIG_CAND_047	47	0.813830
NODE1GEN_128014_source_rfantibody_source_id_PVRIG_RFAb_v2_P6_ekg_L_bb258_mpn01_arm_P6_ekg_L_backbone_P6_ekg_L_bb258_status_NEEDS_RF2_AND_DOCKING	PVRIG_CAND_031	31	P1MCPUFP__CPUFP500K_0487__00827	PVRIG_CAND_048	48	0.885057
NODE1GEN_128014_source_rfantibody_source_id_PVRIG_RFAb_v2_P6_ekg_L_bb258_mpn01_arm_P6_ekg_L_backbone_P6_ekg_L_bb258_status_NEEDS_RF2_AND_DOCKING	PVRIG_CAND_031	31	P1MCPUFP__CPUFP500K_0188__00645	PVRIG_CAND_049	49	0.824468
NODE1GEN_128014_source_rfantibody_source_id_PVRIG_RFAb_v2_P6_ekg_L_bb258_mpn01_arm_P6_ekg_L_backbone_P6_ekg_L_bb258_status_NEEDS_RF2_AND_DOCKING	PVRIG_CAND_031	31	NODE1GEN_128929_source_rfantibody_source_id_PVRIG_RFAb_v2_P6_ekg_L_bb339_mpn06_arm_P6_ekg_L_backbone_P6_ekg_L_bb339_status_NEEDS_RF2_AND_DOCKING	PVRIG_CAND_050	50	0.709184
NODE1GEN_218195_source_fixed_pose_mpnn_source_id_P500K__FIXED_POSE_MPNN__A6B62FDDBC1A99BE	PVRIG_CAND_032	32	NODE1GEN_195165_source_fixed_pose_mpnn_source_id_P500K__FIXED_POSE_MPNN__499D245F888E5DC4	PVRIG_CAND_033	33	0.735450
NODE1GEN_218195_source_fixed_pose_mpnn_source_id_P500K__FIXED_POSE_MPNN__A6B62FDDBC1A99BE	PVRIG_CAND_032	32	NODE1GEN_235318_source_fixed_pose_mpnn_source_id_P500K__FIXED_POSE_MPNN__B52C2EC7CC64BFED	PVRIG_CAND_034	34	0.681818
NODE1GEN_218195_source_fixed_pose_mpnn_source_id_P500K__FIXED_POSE_MPNN__A6B62FDDBC1A99BE	PVRIG_CAND_032	32	NODE1GEN_076816_source_rfantibody_source_id_PVRIG_RFAb_v2_P4_ekg_L_bb155_mpn03_arm_P4_ekg_L_backbone_P4_ekg_L_bb155_status_NEEDS_RF2_AND_DOCKING	PVRIG_CAND_035	35	0.743316
NODE1GEN_218195_source_fixed_pose_mpnn_source_id_P500K__FIXED_POSE_MPNN__A6B62FDDBC1A99BE	PVRIG_CAND_032	32	NODE1GEN_136300_source_rfantibody_source_id_PVRIG_RFAb_v2_P6_qkg_L_bb255_mpn02_arm_P6_qkg_L_backbone_P6_qkg_L_bb255_status_NEEDS_RF2_AND_DOCKING	PVRIG_CAND_036	36	0.724490
NODE1GEN_218195_source_fixed_pose_mpnn_source_id_P500K__FIXED_POSE_MPNN__A6B62FDDBC1A99BE	PVRIG_CAND_032	32	NODE1GEN_095824_source_rfantibody_source_id_PVRIG_RFAb_v2_P4_qrg_L_bb358_mpn04_arm_P4_qrg_L_backbone_P4_qrg_L_bb358_status_NEEDS_RF2_AND_DOCKING	PVRIG_CAND_037	37	0.735000
NODE1GEN_218195_source_fixed_pose_mpnn_source_id_P500K__FIXED_POSE_MPNN__A6B62FDDBC1A99BE	PVRIG_CAND_032	32	NODE1GEN_017313_source_rfantibody_source_id_PVRIG_RFAb_v2_P1_qrg_L_bb054_mpn00_arm_P1_qrg_L_backbone_P1_qrg_L_bb054_status_NEEDS_RF2_AND_DOCKING	PVRIG_CAND_038	38	0.842697
NODE1GEN_218195_source_fixed_pose_mpnn_source_id_P500K__FIXED_POSE_MPNN__A6B62FDDBC1A99BE	PVRIG_CAND_032	32	NODE1GEN_109783_source_rfantibody_source_id_PVRIG_RFAb_v2_P5_qkg_L_bb121_mpn06_arm_P5_qkg_L_backbone_P5_qkg_L_bb121_status_NEEDS_RF2_AND_DOCKING	PVRIG_CAND_039	39	0.774725
NODE1GEN_218195_source_fixed_pose_mpnn_source_id_P500K__FIXED_POSE_MPNN__A6B62FDDBC1A99BE	PVRIG_CAND_032	32	NODE1GEN_100102_source_rfantibody_source_id_PVRIG_RFAb_v2_P5_ekg_L_bb007_mpn10_arm_P5_ekg_L_backbone_P5_ekg_L_bb007_status_NEEDS_RF2_AND_DOCKING	PVRIG_CAND_040	40	0.714286
NODE1GEN_218195_source_fixed_pose_mpnn_source_id_P500K__FIXED_POSE_MPNN__A6B62FDDBC1A99BE	PVRIG_CAND_032	32	NODE1GEN_109883_source_rfantibody_source_id_PVRIG_RFAb_v2_P5_qkg_L_bb130_mpn02_arm_P5_qkg_L_backbone_P5_qkg_L_bb130_status_NEEDS_RF2_AND_DOCKING	PVRIG_CAND_041	41	0.771429
NODE1GEN_218195_source_fixed_pose_mpnn_source_id_P500K__FIXED_POSE_MPNN__A6B62FDDBC1A99BE	PVRIG_CAND_032	32	P1MCPUFP__CPUFP500K_0030__00860	PVRIG_CAND_042	42	0.683060
NODE1GEN_218195_source_fixed_pose_mpnn_source_id_P500K__FIXED_POSE_MPNN__A6B62FDDBC1A99BE	PVRIG_CAND_032	32	P1MCPUFP__CPUFP500K_0029__00647	PVRIG_CAND_043	43	0.675676
NODE1GEN_218195_source_fixed_pose_mpnn_source_id_P500K__FIXED_POSE_MPNN__A6B62FDDBC1A99BE	PVRIG_CAND_032	32	P1MCPUFP__CPUFP500K_0090__00860	PVRIG_CAND_044	44	0.598985
NODE1GEN_218195_source_fixed_pose_mpnn_source_id_P500K__FIXED_POSE_MPNN__A6B62FDDBC1A99BE	PVRIG_CAND_032	32	P1MCPUFP__CPUFP500K_0289__00496	PVRIG_CAND_045	45	0.623188
NODE1GEN_218195_source_fixed_pose_mpnn_source_id_P500K__FIXED_POSE_MPNN__A6B62FDDBC1A99BE	PVRIG_CAND_032	32	P1MCPUFP__CPUFP500K_0091__00849	PVRIG_CAND_046	46	0.771739
NODE1GEN_218195_source_fixed_pose_mpnn_source_id_P500K__FIXED_POSE_MPNN__A6B62FDDBC1A99BE	PVRIG_CAND_032	32	P1MCPUFP__CPUFP500K_0388__00174	PVRIG_CAND_047	47	0.788043
NODE1GEN_218195_source_fixed_pose_mpnn_source_id_P500K__FIXED_POSE_MPNN__A6B62FDDBC1A99BE	PVRIG_CAND_032	32	P1MCPUFP__CPUFP500K_0487__00827	PVRIG_CAND_048	48	0.795455
NODE1GEN_218195_source_fixed_pose_mpnn_source_id_P500K__FIXED_POSE_MPNN__A6B62FDDBC1A99BE	PVRIG_CAND_032	32	P1MCPUFP__CPUFP500K_0188__00645	PVRIG_CAND_049	49	0.828729
NODE1GEN_218195_source_fixed_pose_mpnn_source_id_P500K__FIXED_POSE_MPNN__A6B62FDDBC1A99BE	PVRIG_CAND_032	32	NODE1GEN_128929_source_rfantibody_source_id_PVRIG_RFAb_v2_P6_ekg_L_bb339_mpn06_arm_P6_ekg_L_backbone_P6_ekg_L_bb339_status_NEEDS_RF2_AND_DOCKING	PVRIG_CAND_050	50	0.745946
NODE1GEN_195165_source_fixed_pose_mpnn_source_id_P500K__FIXED_POSE_MPNN__499D245F888E5DC4	PVRIG_CAND_033	33	NODE1GEN_235318_source_fixed_pose_mpnn_source_id_P500K__FIXED_POSE_MPNN__B52C2EC7CC64BFED	PVRIG_CAND_034	34	0.720812
NODE1GEN_195165_source_fixed_pose_mpnn_source_id_P500K__FIXED_POSE_MPNN__499D245F888E5DC4	PVRIG_CAND_033	33	NODE1GEN_076816_source_rfantibody_source_id_PVRIG_RFAb_v2_P4_ekg_L_bb155_mpn03_arm_P4_ekg_L_backbone_P4_ekg_L_bb155_status_NEEDS_RF2_AND_DOCKING	PVRIG_CAND_035	35	0.756614
NODE1GEN_195165_source_fixed_pose_mpnn_source_id_P500K__FIXED_POSE_MPNN__499D245F888E5DC4	PVRIG_CAND_033	33	NODE1GEN_136300_source_rfantibody_source_id_PVRIG_RFAb_v2_P6_qkg_L_bb255_mpn02_arm_P6_qkg_L_backbone_P6_qkg_L_bb255_status_NEEDS_RF2_AND_DOCKING	PVRIG_CAND_036	36	0.764103
NODE1GEN_195165_source_fixed_pose_mpnn_source_id_P500K__FIXED_POSE_MPNN__499D245F888E5DC4	PVRIG_CAND_033	33	NODE1GEN_095824_source_rfantibody_source_id_PVRIG_RFAb_v2_P4_qrg_L_bb358_mpn04_arm_P4_qrg_L_backbone_P4_qrg_L_bb358_status_NEEDS_RF2_AND_DOCKING	PVRIG_CAND_037	37	0.672986
NODE1GEN_195165_source_fixed_pose_mpnn_source_id_P500K__FIXED_POSE_MPNN__499D245F888E5DC4	PVRIG_CAND_033	33	NODE1GEN_017313_source_rfantibody_source_id_PVRIG_RFAb_v2_P1_qrg_L_bb054_mpn00_arm_P1_qrg_L_backbone_P1_qrg_L_bb054_status_NEEDS_RF2_AND_DOCKING	PVRIG_CAND_038	38	0.795699
NODE1GEN_195165_source_fixed_pose_mpnn_source_id_P500K__FIXED_POSE_MPNN__499D245F888E5DC4	PVRIG_CAND_033	33	NODE1GEN_109783_source_rfantibody_source_id_PVRIG_RFAb_v2_P5_qkg_L_bb121_mpn06_arm_P5_qkg_L_backbone_P5_qkg_L_bb121_status_NEEDS_RF2_AND_DOCKING	PVRIG_CAND_039	39	0.740741
NODE1GEN_195165_source_fixed_pose_mpnn_source_id_P500K__FIXED_POSE_MPNN__499D245F888E5DC4	PVRIG_CAND_033	33	NODE1GEN_100102_source_rfantibody_source_id_PVRIG_RFAb_v2_P5_ekg_L_bb007_mpn10_arm_P5_ekg_L_backbone_P5_ekg_L_bb007_status_NEEDS_RF2_AND_DOCKING	PVRIG_CAND_040	40	0.838150
NODE1GEN_195165_source_fixed_pose_mpnn_source_id_P500K__FIXED_POSE_MPNN__499D245F888E5DC4	PVRIG_CAND_033	33	NODE1GEN_109883_source_rfantibody_source_id_PVRIG_RFAb_v2_P5_qkg_L_bb130_mpn02_arm_P5_qkg_L_backbone_P5_qkg_L_bb130_status_NEEDS_RF2_AND_DOCKING	PVRIG_CAND_041	41	0.645833
NODE1GEN_195165_source_fixed_pose_mpnn_source_id_P500K__FIXED_POSE_MPNN__499D245F888E5DC4	PVRIG_CAND_033	33	P1MCPUFP__CPUFP500K_0030__00860	PVRIG_CAND_042	42	0.585859
NODE1GEN_195165_source_fixed_pose_mpnn_source_id_P500K__FIXED_POSE_MPNN__499D245F888E5DC4	PVRIG_CAND_033	33	P1MCPUFP__CPUFP500K_0029__00647	PVRIG_CAND_043	43	0.663158
NODE1GEN_195165_source_fixed_pose_mpnn_source_id_P500K__FIXED_POSE_MPNN__499D245F888E5DC4	PVRIG_CAND_033	33	P1MCPUFP__CPUFP500K_0090__00860	PVRIG_CAND_044	44	0.735135
NODE1GEN_195165_source_fixed_pose_mpnn_source_id_P500K__FIXED_POSE_MPNN__499D245F888E5DC4	PVRIG_CAND_033	33	P1MCPUFP__CPUFP500K_0289__00496	PVRIG_CAND_045	45	0.693069
NODE1GEN_195165_source_fixed_pose_mpnn_source_id_P500K__FIXED_POSE_MPNN__499D245F888E5DC4	PVRIG_CAND_033	33	P1MCPUFP__CPUFP500K_0091__00849	PVRIG_CAND_046	46	0.756614
NODE1GEN_195165_source_fixed_pose_mpnn_source_id_P500K__FIXED_POSE_MPNN__499D245F888E5DC4	PVRIG_CAND_033	33	P1MCPUFP__CPUFP500K_0388__00174	PVRIG_CAND_047	47	0.830601
NODE1GEN_195165_source_fixed_pose_mpnn_source_id_P500K__FIXED_POSE_MPNN__499D245F888E5DC4	PVRIG_CAND_033	33	P1MCPUFP__CPUFP500K_0487__00827	PVRIG_CAND_048	48	0.840000
NODE1GEN_195165_source_fixed_pose_mpnn_source_id_P500K__FIXED_POSE_MPNN__499D245F888E5DC4	PVRIG_CAND_033	33	P1MCPUFP__CPUFP500K_0188__00645	PVRIG_CAND_049	49	0.773684
NODE1GEN_195165_source_fixed_pose_mpnn_source_id_P500K__FIXED_POSE_MPNN__499D245F888E5DC4	PVRIG_CAND_033	33	NODE1GEN_128929_source_rfantibody_source_id_PVRIG_RFAb_v2_P6_ekg_L_bb339_mpn06_arm_P6_ekg_L_backbone_P6_ekg_L_bb339_status_NEEDS_RF2_AND_DOCKING	PVRIG_CAND_050	50	0.636816
NODE1GEN_235318_source_fixed_pose_mpnn_source_id_P500K__FIXED_POSE_MPNN__B52C2EC7CC64BFED	PVRIG_CAND_034	34	NODE1GEN_076816_source_rfantibody_source_id_PVRIG_RFAb_v2_P4_ekg_L_bb155_mpn03_arm_P4_ekg_L_backbone_P4_ekg_L_bb155_status_NEEDS_RF2_AND_DOCKING	PVRIG_CAND_035	35	0.746114
NODE1GEN_235318_source_fixed_pose_mpnn_source_id_P500K__FIXED_POSE_MPNN__B52C2EC7CC64BFED	PVRIG_CAND_034	34	NODE1GEN_136300_source_rfantibody_source_id_PVRIG_RFAb_v2_P6_qkg_L_bb255_mpn02_arm_P6_qkg_L_backbone_P6_qkg_L_bb255_status_NEEDS_RF2_AND_DOCKING	PVRIG_CAND_036	36	0.669856
NODE1GEN_235318_source_fixed_pose_mpnn_source_id_P500K__FIXED_POSE_MPNN__B52C2EC7CC64BFED	PVRIG_CAND_034	34	NODE1GEN_095824_source_rfantibody_source_id_PVRIG_RFAb_v2_P4_qrg_L_bb358_mpn04_arm_P4_qrg_L_backbone_P4_qrg_L_bb358_status_NEEDS_RF2_AND_DOCKING	PVRIG_CAND_037	37	0.634703
NODE1GEN_235318_source_fixed_pose_mpnn_source_id_P500K__FIXED_POSE_MPNN__B52C2EC7CC64BFED	PVRIG_CAND_034	34	NODE1GEN_017313_source_rfantibody_source_id_PVRIG_RFAb_v2_P1_qrg_L_bb054_mpn00_arm_P1_qrg_L_backbone_P1_qrg_L_bb054_status_NEEDS_RF2_AND_DOCKING	PVRIG_CAND_038	38	0.720812
NODE1GEN_235318_source_fixed_pose_mpnn_source_id_P500K__FIXED_POSE_MPNN__B52C2EC7CC64BFED	PVRIG_CAND_034	34	NODE1GEN_109783_source_rfantibody_source_id_PVRIG_RFAb_v2_P5_qkg_L_bb121_mpn06_arm_P5_qkg_L_backbone_P5_qkg_L_bb121_status_NEEDS_RF2_AND_DOCKING	PVRIG_CAND_039	39	0.621359
NODE1GEN_235318_source_fixed_pose_mpnn_source_id_P500K__FIXED_POSE_MPNN__B52C2EC7CC64BFED	PVRIG_CAND_034	34	NODE1GEN_100102_source_rfantibody_source_id_PVRIG_RFAb_v2_P5_ekg_L_bb007_mpn10_arm_P5_ekg_L_backbone_P5_ekg_L_bb007_status_NEEDS_RF2_AND_DOCKING	PVRIG_CAND_040	40	0.745946
NODE1GEN_235318_source_fixed_pose_mpnn_source_id_P500K__FIXED_POSE_MPNN__B52C2EC7CC64BFED	PVRIG_CAND_034	34	NODE1GEN_109883_source_rfantibody_source_id_PVRIG_RFAb_v2_P5_qkg_L_bb130_mpn02_arm_P5_qkg_L_backbone_P5_qkg_L_bb130_status_NEEDS_RF2_AND_DOCKING	PVRIG_CAND_041	41	0.613065
NODE1GEN_235318_source_fixed_pose_mpnn_source_id_P500K__FIXED_POSE_MPNN__B52C2EC7CC64BFED	PVRIG_CAND_034	34	P1MCPUFP__CPUFP500K_0030__00860	PVRIG_CAND_042	42	0.533654
NODE1GEN_235318_source_fixed_pose_mpnn_source_id_P500K__FIXED_POSE_MPNN__B52C2EC7CC64BFED	PVRIG_CAND_034	34	P1MCPUFP__CPUFP500K_0029__00647	PVRIG_CAND_043	43	0.637755
NODE1GEN_235318_source_fixed_pose_mpnn_source_id_P500K__FIXED_POSE_MPNN__B52C2EC7CC64BFED	PVRIG_CAND_034	34	P1MCPUFP__CPUFP500K_0090__00860	PVRIG_CAND_044	44	0.743316
NODE1GEN_235318_source_fixed_pose_mpnn_source_id_P500K__FIXED_POSE_MPNN__B52C2EC7CC64BFED	PVRIG_CAND_034	34	P1MCPUFP__CPUFP500K_0289__00496	PVRIG_CAND_045	45	0.835979
NODE1GEN_235318_source_fixed_pose_mpnn_source_id_P500K__FIXED_POSE_MPNN__B52C2EC7CC64BFED	PVRIG_CAND_034	34	P1MCPUFP__CPUFP500K_0091__00849	PVRIG_CAND_046	46	0.685000
NODE1GEN_235318_source_fixed_pose_mpnn_source_id_P500K__FIXED_POSE_MPNN__B52C2EC7CC64BFED	PVRIG_CAND_034	34	P1MCPUFP__CPUFP500K_0388__00174	PVRIG_CAND_047	47	0.717172
NODE1GEN_235318_source_fixed_pose_mpnn_source_id_P500K__FIXED_POSE_MPNN__B52C2EC7CC64BFED	PVRIG_CAND_034	34	P1MCPUFP__CPUFP500K_0487__00827	PVRIG_CAND_048	48	0.739362
NODE1GEN_235318_source_fixed_pose_mpnn_source_id_P500K__FIXED_POSE_MPNN__B52C2EC7CC64BFED	PVRIG_CAND_034	34	P1MCPUFP__CPUFP500K_0188__00645	PVRIG_CAND_049	49	0.727273
NODE1GEN_235318_source_fixed_pose_mpnn_source_id_P500K__FIXED_POSE_MPNN__B52C2EC7CC64BFED	PVRIG_CAND_034	34	NODE1GEN_128929_source_rfantibody_source_id_PVRIG_RFAb_v2_P6_ekg_L_bb339_mpn06_arm_P6_ekg_L_backbone_P6_ekg_L_bb339_status_NEEDS_RF2_AND_DOCKING	PVRIG_CAND_050	50	0.605769
NODE1GEN_076816_source_rfantibody_source_id_PVRIG_RFAb_v2_P4_ekg_L_bb155_mpn03_arm_P4_ekg_L_backbone_P4_ekg_L_bb155_status_NEEDS_RF2_AND_DOCKING	PVRIG_CAND_035	35	NODE1GEN_136300_source_rfantibody_source_id_PVRIG_RFAb_v2_P6_qkg_L_bb255_mpn02_arm_P6_qkg_L_backbone_P6_qkg_L_bb255_status_NEEDS_RF2_AND_DOCKING	PVRIG_CAND_036	36	0.809524
NODE1GEN_076816_source_rfantibody_source_id_PVRIG_RFAb_v2_P4_ekg_L_bb155_mpn03_arm_P4_ekg_L_backbone_P4_ekg_L_bb155_status_NEEDS_RF2_AND_DOCKING	PVRIG_CAND_035	35	NODE1GEN_095824_source_rfantibody_source_id_PVRIG_RFAb_v2_P4_qrg_L_bb358_mpn04_arm_P4_qrg_L_backbone_P4_qrg_L_bb358_status_NEEDS_RF2_AND_DOCKING	PVRIG_CAND_037	37	0.712195
NODE1GEN_076816_source_rfantibody_source_id_PVRIG_RFAb_v2_P4_ekg_L_bb155_mpn03_arm_P4_ekg_L_backbone_P4_ekg_L_bb155_status_NEEDS_RF2_AND_DOCKING	PVRIG_CAND_035	35	NODE1GEN_017313_source_rfantibody_source_id_PVRIG_RFAb_v2_P1_qrg_L_bb054_mpn00_arm_P1_qrg_L_backbone_P1_qrg_L_bb054_status_NEEDS_RF2_AND_DOCKING	PVRIG_CAND_038	38	0.738220
NODE1GEN_076816_source_rfantibody_source_id_PVRIG_RFAb_v2_P4_ekg_L_bb155_mpn03_arm_P4_ekg_L_backbone_P4_ekg_L_bb155_status_NEEDS_RF2_AND_DOCKING	PVRIG_CAND_035	35	NODE1GEN_109783_source_rfantibody_source_id_PVRIG_RFAb_v2_P5_qkg_L_bb121_mpn06_arm_P5_qkg_L_backbone_P5_qkg_L_bb121_status_NEEDS_RF2_AND_DOCKING	PVRIG_CAND_039	39	0.739362
NODE1GEN_076816_source_rfantibody_source_id_PVRIG_RFAb_v2_P4_ekg_L_bb155_mpn03_arm_P4_ekg_L_backbone_P4_ekg_L_bb155_status_NEEDS_RF2_AND_DOCKING	PVRIG_CAND_035	35	NODE1GEN_100102_source_rfantibody_source_id_PVRIG_RFAb_v2_P5_ekg_L_bb007_mpn10_arm_P5_ekg_L_backbone_P5_ekg_L_bb007_status_NEEDS_RF2_AND_DOCKING	PVRIG_CAND_040	40	0.765363
NODE1GEN_076816_source_rfantibody_source_id_PVRIG_RFAb_v2_P4_ekg_L_bb155_mpn03_arm_P4_ekg_L_backbone_P4_ekg_L_bb155_status_NEEDS_RF2_AND_DOCKING	PVRIG_CAND_035	35	NODE1GEN_109883_source_rfantibody_source_id_PVRIG_RFAb_v2_P5_qkg_L_bb130_mpn02_arm_P5_qkg_L_backbone_P5_qkg_L_bb130_status_NEEDS_RF2_AND_DOCKING	PVRIG_CAND_041	41	0.715847
NODE1GEN_076816_source_rfantibody_source_id_PVRIG_RFAb_v2_P4_ekg_L_bb155_mpn03_arm_P4_ekg_L_backbone_P4_ekg_L_bb155_status_NEEDS_RF2_AND_DOCKING	PVRIG_CAND_035	35	P1MCPUFP__CPUFP500K_0030__00860	PVRIG_CAND_042	42	0.650794
NODE1GEN_076816_source_rfantibody_source_id_PVRIG_RFAb_v2_P4_ekg_L_bb155_mpn03_arm_P4_ekg_L_backbone_P4_ekg_L_bb155_status_NEEDS_RF2_AND_DOCKING	PVRIG_CAND_035	35	P1MCPUFP__CPUFP500K_0029__00647	PVRIG_CAND_043	43	0.643979
NODE1GEN_076816_source_rfantibody_source_id_PVRIG_RFAb_v2_P4_ekg_L_bb155_mpn03_arm_P4_ekg_L_backbone_P4_ekg_L_bb155_status_NEEDS_RF2_AND_DOCKING	PVRIG_CAND_035	35	P1MCPUFP__CPUFP500K_0090__00860	PVRIG_CAND_044	44	0.678947
NODE1GEN_076816_source_rfantibody_source_id_PVRIG_RFAb_v2_P4_ekg_L_bb155_mpn03_arm_P4_ekg_L_backbone_P4_ekg_L_bb155_status_NEEDS_RF2_AND_DOCKING	PVRIG_CAND_035	35	P1MCPUFP__CPUFP500K_0289__00496	PVRIG_CAND_045	45	0.717172
NODE1GEN_076816_source_rfantibody_source_id_PVRIG_RFAb_v2_P4_ekg_L_bb155_mpn03_arm_P4_ekg_L_backbone_P4_ekg_L_bb155_status_NEEDS_RF2_AND_DOCKING	PVRIG_CAND_035	35	P1MCPUFP__CPUFP500K_0091__00849	PVRIG_CAND_046	46	0.774194
NODE1GEN_076816_source_rfantibody_source_id_PVRIG_RFAb_v2_P4_ekg_L_bb155_mpn03_arm_P4_ekg_L_backbone_P4_ekg_L_bb155_status_NEEDS_RF2_AND_DOCKING	PVRIG_CAND_035	35	P1MCPUFP__CPUFP500K_0388__00174	PVRIG_CAND_047	47	0.780749
NODE1GEN_076816_source_rfantibody_source_id_PVRIG_RFAb_v2_P4_ekg_L_bb155_mpn03_arm_P4_ekg_L_backbone_P4_ekg_L_bb155_status_NEEDS_RF2_AND_DOCKING	PVRIG_CAND_035	35	P1MCPUFP__CPUFP500K_0487__00827	PVRIG_CAND_048	48	0.807910
NODE1GEN_076816_source_rfantibody_source_id_PVRIG_RFAb_v2_P4_ekg_L_bb155_mpn03_arm_P4_ekg_L_backbone_P4_ekg_L_bb155_status_NEEDS_RF2_AND_DOCKING	PVRIG_CAND_035	35	P1MCPUFP__CPUFP500K_0188__00645	PVRIG_CAND_049	49	0.772487
NODE1GEN_076816_source_rfantibody_source_id_PVRIG_RFAb_v2_P4_ekg_L_bb155_mpn03_arm_P4_ekg_L_backbone_P4_ekg_L_bb155_status_NEEDS_RF2_AND_DOCKING	PVRIG_CAND_035	35	NODE1GEN_128929_source_rfantibody_source_id_PVRIG_RFAb_v2_P6_ekg_L_bb339_mpn06_arm_P6_ekg_L_backbone_P6_ekg_L_bb339_status_NEEDS_RF2_AND_DOCKING	PVRIG_CAND_050	50	0.694301
NODE1GEN_136300_source_rfantibody_source_id_PVRIG_RFAb_v2_P6_qkg_L_bb255_mpn02_arm_P6_qkg_L_backbone_P6_qkg_L_bb255_status_NEEDS_RF2_AND_DOCKING	PVRIG_CAND_036	36	NODE1GEN_095824_source_rfantibody_source_id_PVRIG_RFAb_v2_P4_qrg_L_bb358_mpn04_arm_P4_qrg_L_backbone_P4_qrg_L_bb358_status_NEEDS_RF2_AND_DOCKING	PVRIG_CAND_037	37	0.753623
NODE1GEN_136300_source_rfantibody_source_id_PVRIG_RFAb_v2_P6_qkg_L_bb255_mpn02_arm_P6_qkg_L_backbone_P6_qkg_L_bb255_status_NEEDS_RF2_AND_DOCKING	PVRIG_CAND_036	36	NODE1GEN_017313_source_rfantibody_source_id_PVRIG_RFAb_v2_P1_qrg_L_bb054_mpn00_arm_P1_qrg_L_backbone_P1_qrg_L_bb054_status_NEEDS_RF2_AND_DOCKING	PVRIG_CAND_038	38	0.720000
NODE1GEN_136300_source_rfantibody_source_id_PVRIG_RFAb_v2_P6_qkg_L_bb255_mpn02_arm_P6_qkg_L_backbone_P6_qkg_L_bb255_status_NEEDS_RF2_AND_DOCKING	PVRIG_CAND_036	36	NODE1GEN_109783_source_rfantibody_source_id_PVRIG_RFAb_v2_P5_qkg_L_bb121_mpn06_arm_P5_qkg_L_backbone_P5_qkg_L_bb121_status_NEEDS_RF2_AND_DOCKING	PVRIG_CAND_039	39	0.720812
NODE1GEN_136300_source_rfantibody_source_id_PVRIG_RFAb_v2_P6_qkg_L_bb255_mpn02_arm_P6_qkg_L_backbone_P6_qkg_L_bb255_status_NEEDS_RF2_AND_DOCKING	PVRIG_CAND_036	36	NODE1GEN_100102_source_rfantibody_source_id_PVRIG_RFAb_v2_P5_ekg_L_bb007_mpn10_arm_P5_ekg_L_backbone_P5_ekg_L_bb007_status_NEEDS_RF2_AND_DOCKING	PVRIG_CAND_040	40	0.744681
NODE1GEN_136300_source_rfantibody_source_id_PVRIG_RFAb_v2_P6_qkg_L_bb255_mpn02_arm_P6_qkg_L_backbone_P6_qkg_L_bb255_status_NEEDS_RF2_AND_DOCKING	PVRIG_CAND_036	36	NODE1GEN_109883_source_rfantibody_source_id_PVRIG_RFAb_v2_P5_qkg_L_bb130_mpn02_arm_P5_qkg_L_backbone_P5_qkg_L_bb130_status_NEEDS_RF2_AND_DOCKING	PVRIG_CAND_041	41	0.671795
NODE1GEN_136300_source_rfantibody_source_id_PVRIG_RFAb_v2_P6_qkg_L_bb255_mpn02_arm_P6_qkg_L_backbone_P6_qkg_L_bb255_status_NEEDS_RF2_AND_DOCKING	PVRIG_CAND_036	36	P1MCPUFP__CPUFP500K_0030__00860	PVRIG_CAND_042	42	0.661538
NODE1GEN_136300_source_rfantibody_source_id_PVRIG_RFAb_v2_P6_qkg_L_bb255_mpn02_arm_P6_qkg_L_backbone_P6_qkg_L_bb255_status_NEEDS_RF2_AND_DOCKING	PVRIG_CAND_036	36	P1MCPUFP__CPUFP500K_0029__00647	PVRIG_CAND_043	43	0.654822
NODE1GEN_136300_source_rfantibody_source_id_PVRIG_RFAb_v2_P6_qkg_L_bb255_mpn02_arm_P6_qkg_L_backbone_P6_qkg_L_bb255_status_NEEDS_RF2_AND_DOCKING	PVRIG_CAND_036	36	P1MCPUFP__CPUFP500K_0090__00860	PVRIG_CAND_044	44	0.655000
NODE1GEN_136300_source_rfantibody_source_id_PVRIG_RFAb_v2_P6_qkg_L_bb255_mpn02_arm_P6_qkg_L_backbone_P6_qkg_L_bb255_status_NEEDS_RF2_AND_DOCKING	PVRIG_CAND_036	36	P1MCPUFP__CPUFP500K_0289__00496	PVRIG_CAND_045	45	0.676190
NODE1GEN_136300_source_rfantibody_source_id_PVRIG_RFAb_v2_P6_qkg_L_bb255_mpn02_arm_P6_qkg_L_backbone_P6_qkg_L_bb255_status_NEEDS_RF2_AND_DOCKING	PVRIG_CAND_036	36	P1MCPUFP__CPUFP500K_0091__00849	PVRIG_CAND_046	46	0.744898
NODE1GEN_136300_source_rfantibody_source_id_PVRIG_RFAb_v2_P6_qkg_L_bb255_mpn02_arm_P6_qkg_L_backbone_P6_qkg_L_bb255_status_NEEDS_RF2_AND_DOCKING	PVRIG_CAND_036	36	P1MCPUFP__CPUFP500K_0388__00174	PVRIG_CAND_047	47	0.778351
NODE1GEN_136300_source_rfantibody_source_id_PVRIG_RFAb_v2_P6_qkg_L_bb255_mpn02_arm_P6_qkg_L_backbone_P6_qkg_L_bb255_status_NEEDS_RF2_AND_DOCKING	PVRIG_CAND_036	36	P1MCPUFP__CPUFP500K_0487__00827	PVRIG_CAND_048	48	0.804348
NODE1GEN_136300_source_rfantibody_source_id_PVRIG_RFAb_v2_P6_qkg_L_bb255_mpn02_arm_P6_qkg_L_backbone_P6_qkg_L_bb255_status_NEEDS_RF2_AND_DOCKING	PVRIG_CAND_036	36	P1MCPUFP__CPUFP500K_0188__00645	PVRIG_CAND_049	49	0.779487
NODE1GEN_136300_source_rfantibody_source_id_PVRIG_RFAb_v2_P6_qkg_L_bb255_mpn02_arm_P6_qkg_L_backbone_P6_qkg_L_bb255_status_NEEDS_RF2_AND_DOCKING	PVRIG_CAND_036	36	NODE1GEN_128929_source_rfantibody_source_id_PVRIG_RFAb_v2_P6_ekg_L_bb339_mpn06_arm_P6_ekg_L_backbone_P6_ekg_L_bb339_status_NEEDS_RF2_AND_DOCKING	PVRIG_CAND_050	50	0.669951
NODE1GEN_095824_source_rfantibody_source_id_PVRIG_RFAb_v2_P4_qrg_L_bb358_mpn04_arm_P4_qrg_L_backbone_P4_qrg_L_bb358_status_NEEDS_RF2_AND_DOCKING	PVRIG_CAND_037	37	NODE1GEN_017313_source_rfantibody_source_id_PVRIG_RFAb_v2_P1_qrg_L_bb054_mpn00_arm_P1_qrg_L_backbone_P1_qrg_L_bb054_status_NEEDS_RF2_AND_DOCKING	PVRIG_CAND_038	38	0.697115
NODE1GEN_095824_source_rfantibody_source_id_PVRIG_RFAb_v2_P4_qrg_L_bb358_mpn04_arm_P4_qrg_L_backbone_P4_qrg_L_bb358_status_NEEDS_RF2_AND_DOCKING	PVRIG_CAND_037	37	NODE1GEN_109783_source_rfantibody_source_id_PVRIG_RFAb_v2_P5_qkg_L_bb121_mpn06_arm_P5_qkg_L_backbone_P5_qkg_L_bb121_status_NEEDS_RF2_AND_DOCKING	PVRIG_CAND_039	39	0.714286
NODE1GEN_095824_source_rfantibody_source_id_PVRIG_RFAb_v2_P4_qrg_L_bb358_mpn04_arm_P4_qrg_L_backbone_P4_qrg_L_bb358_status_NEEDS_RF2_AND_DOCKING	PVRIG_CAND_037	37	NODE1GEN_100102_source_rfantibody_source_id_PVRIG_RFAb_v2_P5_ekg_L_bb007_mpn10_arm_P5_ekg_L_backbone_P5_ekg_L_bb007_status_NEEDS_RF2_AND_DOCKING	PVRIG_CAND_040	40	0.628019
NODE1GEN_095824_source_rfantibody_source_id_PVRIG_RFAb_v2_P4_qrg_L_bb358_mpn04_arm_P4_qrg_L_backbone_P4_qrg_L_bb358_status_NEEDS_RF2_AND_DOCKING	PVRIG_CAND_037	37	NODE1GEN_109883_source_rfantibody_source_id_PVRIG_RFAb_v2_P5_qkg_L_bb130_mpn02_arm_P5_qkg_L_backbone_P5_qkg_L_bb130_status_NEEDS_RF2_AND_DOCKING	PVRIG_CAND_041	41	0.700508
NODE1GEN_095824_source_rfantibody_source_id_PVRIG_RFAb_v2_P4_qrg_L_bb358_mpn04_arm_P4_qrg_L_backbone_P4_qrg_L_bb358_status_NEEDS_RF2_AND_DOCKING	PVRIG_CAND_037	37	P1MCPUFP__CPUFP500K_0030__00860	PVRIG_CAND_042	42	0.690355
NODE1GEN_095824_source_rfantibody_source_id_PVRIG_RFAb_v2_P4_qrg_L_bb358_mpn04_arm_P4_qrg_L_backbone_P4_qrg_L_bb358_status_NEEDS_RF2_AND_DOCKING	PVRIG_CAND_037	37	P1MCPUFP__CPUFP500K_0029__00647	PVRIG_CAND_043	43	0.602871
NODE1GEN_095824_source_rfantibody_source_id_PVRIG_RFAb_v2_P4_qrg_L_bb358_mpn04_arm_P4_qrg_L_backbone_P4_qrg_L_bb358_status_NEEDS_RF2_AND_DOCKING	PVRIG_CAND_037	37	P1MCPUFP__CPUFP500K_0090__00860	PVRIG_CAND_044	44	0.566820
NODE1GEN_095824_source_rfantibody_source_id_PVRIG_RFAb_v2_P4_qrg_L_bb358_mpn04_arm_P4_qrg_L_backbone_P4_qrg_L_bb358_status_NEEDS_RF2_AND_DOCKING	PVRIG_CAND_037	37	P1MCPUFP__CPUFP500K_0289__00496	PVRIG_CAND_045	45	0.597345
NODE1GEN_095824_source_rfantibody_source_id_PVRIG_RFAb_v2_P4_qrg_L_bb358_mpn04_arm_P4_qrg_L_backbone_P4_qrg_L_bb358_status_NEEDS_RF2_AND_DOCKING	PVRIG_CAND_037	37	P1MCPUFP__CPUFP500K_0091__00849	PVRIG_CAND_046	46	0.687500
NODE1GEN_095824_source_rfantibody_source_id_PVRIG_RFAb_v2_P4_qrg_L_bb358_mpn04_arm_P4_qrg_L_backbone_P4_qrg_L_bb358_status_NEEDS_RF2_AND_DOCKING	PVRIG_CAND_037	37	P1MCPUFP__CPUFP500K_0388__00174	PVRIG_CAND_047	47	0.669811
NODE1GEN_095824_source_rfantibody_source_id_PVRIG_RFAb_v2_P4_qrg_L_bb358_mpn04_arm_P4_qrg_L_backbone_P4_qrg_L_bb358_status_NEEDS_RF2_AND_DOCKING	PVRIG_CAND_037	37	P1MCPUFP__CPUFP500K_0487__00827	PVRIG_CAND_048	48	0.688119
NODE1GEN_095824_source_rfantibody_source_id_PVRIG_RFAb_v2_P4_qrg_L_bb358_mpn04_arm_P4_qrg_L_backbone_P4_qrg_L_bb358_status_NEEDS_RF2_AND_DOCKING	PVRIG_CAND_037	37	P1MCPUFP__CPUFP500K_0188__00645	PVRIG_CAND_049	49	0.728155
NODE1GEN_095824_source_rfantibody_source_id_PVRIG_RFAb_v2_P4_qrg_L_bb358_mpn04_arm_P4_qrg_L_backbone_P4_qrg_L_bb358_status_NEEDS_RF2_AND_DOCKING	PVRIG_CAND_037	37	NODE1GEN_128929_source_rfantibody_source_id_PVRIG_RFAb_v2_P6_ekg_L_bb339_mpn06_arm_P6_ekg_L_backbone_P6_ekg_L_bb339_status_NEEDS_RF2_AND_DOCKING	PVRIG_CAND_050	50	0.740000
NODE1GEN_017313_source_rfantibody_source_id_PVRIG_RFAb_v2_P1_qrg_L_bb054_mpn00_arm_P1_qrg_L_backbone_P1_qrg_L_bb054_status_NEEDS_RF2_AND_DOCKING	PVRIG_CAND_038	38	NODE1GEN_109783_source_rfantibody_source_id_PVRIG_RFAb_v2_P5_qkg_L_bb121_mpn06_arm_P5_qkg_L_backbone_P5_qkg_L_bb121_status_NEEDS_RF2_AND_DOCKING	PVRIG_CAND_039	39	0.788043
NODE1GEN_017313_source_rfantibody_source_id_PVRIG_RFAb_v2_P1_qrg_L_bb054_mpn00_arm_P1_qrg_L_backbone_P1_qrg_L_bb054_status_NEEDS_RF2_AND_DOCKING	PVRIG_CAND_038	38	NODE1GEN_100102_source_rfantibody_source_id_PVRIG_RFAb_v2_P5_ekg_L_bb007_mpn10_arm_P5_ekg_L_backbone_P5_ekg_L_bb007_status_NEEDS_RF2_AND_DOCKING	PVRIG_CAND_040	40	0.747253
NODE1GEN_017313_source_rfantibody_source_id_PVRIG_RFAb_v2_P1_qrg_L_bb054_mpn00_arm_P1_qrg_L_backbone_P1_qrg_L_bb054_status_NEEDS_RF2_AND_DOCKING	PVRIG_CAND_038	38	NODE1GEN_109883_source_rfantibody_source_id_PVRIG_RFAb_v2_P5_qkg_L_bb130_mpn02_arm_P5_qkg_L_backbone_P5_qkg_L_bb130_status_NEEDS_RF2_AND_DOCKING	PVRIG_CAND_041	41	0.736264
NODE1GEN_017313_source_rfantibody_source_id_PVRIG_RFAb_v2_P1_qrg_L_bb054_mpn00_arm_P1_qrg_L_backbone_P1_qrg_L_bb054_status_NEEDS_RF2_AND_DOCKING	PVRIG_CAND_038	38	P1MCPUFP__CPUFP500K_0030__00860	PVRIG_CAND_042	42	0.635417
NODE1GEN_017313_source_rfantibody_source_id_PVRIG_RFAb_v2_P1_qrg_L_bb054_mpn00_arm_P1_qrg_L_backbone_P1_qrg_L_bb054_status_NEEDS_RF2_AND_DOCKING	PVRIG_CAND_038	38	P1MCPUFP__CPUFP500K_0029__00647	PVRIG_CAND_043	43	0.645833
NODE1GEN_017313_source_rfantibody_source_id_PVRIG_RFAb_v2_P1_qrg_L_bb054_mpn00_arm_P1_qrg_L_backbone_P1_qrg_L_bb054_status_NEEDS_RF2_AND_DOCKING	PVRIG_CAND_038	38	P1MCPUFP__CPUFP500K_0090__00860	PVRIG_CAND_044	44	0.646154
NODE1GEN_017313_source_rfantibody_source_id_PVRIG_RFAb_v2_P1_qrg_L_bb054_mpn00_arm_P1_qrg_L_backbone_P1_qrg_L_bb054_status_NEEDS_RF2_AND_DOCKING	PVRIG_CAND_038	38	P1MCPUFP__CPUFP500K_0289__00496	PVRIG_CAND_045	45	0.676471
NODE1GEN_017313_source_rfantibody_source_id_PVRIG_RFAb_v2_P1_qrg_L_bb054_mpn00_arm_P1_qrg_L_backbone_P1_qrg_L_bb054_status_NEEDS_RF2_AND_DOCKING	PVRIG_CAND_038	38	P1MCPUFP__CPUFP500K_0091__00849	PVRIG_CAND_046	46	0.824176
NODE1GEN_017313_source_rfantibody_source_id_PVRIG_RFAb_v2_P1_qrg_L_bb054_mpn00_arm_P1_qrg_L_backbone_P1_qrg_L_bb054_status_NEEDS_RF2_AND_DOCKING	PVRIG_CAND_038	38	P1MCPUFP__CPUFP500K_0388__00174	PVRIG_CAND_047	47	0.820652
NODE1GEN_017313_source_rfantibody_source_id_PVRIG_RFAb_v2_P1_qrg_L_bb054_mpn00_arm_P1_qrg_L_backbone_P1_qrg_L_bb054_status_NEEDS_RF2_AND_DOCKING	PVRIG_CAND_038	38	P1MCPUFP__CPUFP500K_0487__00827	PVRIG_CAND_048	48	0.788889
NODE1GEN_017313_source_rfantibody_source_id_PVRIG_RFAb_v2_P1_qrg_L_bb054_mpn00_arm_P1_qrg_L_backbone_P1_qrg_L_bb054_status_NEEDS_RF2_AND_DOCKING	PVRIG_CAND_038	38	P1MCPUFP__CPUFP500K_0188__00645	PVRIG_CAND_049	49	0.792553
NODE1GEN_017313_source_rfantibody_source_id_PVRIG_RFAb_v2_P1_qrg_L_bb054_mpn00_arm_P1_qrg_L_backbone_P1_qrg_L_bb054_status_NEEDS_RF2_AND_DOCKING	PVRIG_CAND_038	38	NODE1GEN_128929_source_rfantibody_source_id_PVRIG_RFAb_v2_P6_ekg_L_bb339_mpn06_arm_P6_ekg_L_backbone_P6_ekg_L_bb339_status_NEEDS_RF2_AND_DOCKING	PVRIG_CAND_050	50	0.695876
NODE1GEN_109783_source_rfantibody_source_id_PVRIG_RFAb_v2_P5_qkg_L_bb121_mpn06_arm_P5_qkg_L_backbone_P5_qkg_L_bb121_status_NEEDS_RF2_AND_DOCKING	PVRIG_CAND_039	39	NODE1GEN_100102_source_rfantibody_source_id_PVRIG_RFAb_v2_P5_ekg_L_bb007_mpn10_arm_P5_ekg_L_backbone_P5_ekg_L_bb007_status_NEEDS_RF2_AND_DOCKING	PVRIG_CAND_040	40	0.710383
NODE1GEN_109783_source_rfantibody_source_id_PVRIG_RFAb_v2_P5_qkg_L_bb121_mpn06_arm_P5_qkg_L_backbone_P5_qkg_L_bb121_status_NEEDS_RF2_AND_DOCKING	PVRIG_CAND_039	39	NODE1GEN_109883_source_rfantibody_source_id_PVRIG_RFAb_v2_P5_qkg_L_bb130_mpn02_arm_P5_qkg_L_backbone_P5_qkg_L_bb130_status_NEEDS_RF2_AND_DOCKING	PVRIG_CAND_041	41	0.672043
NODE1GEN_109783_source_rfantibody_source_id_PVRIG_RFAb_v2_P5_qkg_L_bb121_mpn06_arm_P5_qkg_L_backbone_P5_qkg_L_bb121_status_NEEDS_RF2_AND_DOCKING	PVRIG_CAND_039	39	P1MCPUFP__CPUFP500K_0030__00860	PVRIG_CAND_042	42	0.601036
NODE1GEN_109783_source_rfantibody_source_id_PVRIG_RFAb_v2_P5_qkg_L_bb121_mpn06_arm_P5_qkg_L_backbone_P5_qkg_L_bb121_status_NEEDS_RF2_AND_DOCKING	PVRIG_CAND_039	39	P1MCPUFP__CPUFP500K_0029__00647	PVRIG_CAND_043	43	0.645503
NODE1GEN_109783_source_rfantibody_source_id_PVRIG_RFAb_v2_P5_qkg_L_bb121_mpn06_arm_P5_qkg_L_backbone_P5_qkg_L_bb121_status_NEEDS_RF2_AND_DOCKING	PVRIG_CAND_039	39	P1MCPUFP__CPUFP500K_0090__00860	PVRIG_CAND_044	44	0.620513
NODE1GEN_109783_source_rfantibody_source_id_PVRIG_RFAb_v2_P5_qkg_L_bb121_mpn06_arm_P5_qkg_L_backbone_P5_qkg_L_bb121_status_NEEDS_RF2_AND_DOCKING	PVRIG_CAND_039	39	P1MCPUFP__CPUFP500K_0289__00496	PVRIG_CAND_045	45	0.574766
NODE1GEN_109783_source_rfantibody_source_id_PVRIG_RFAb_v2_P5_qkg_L_bb121_mpn06_arm_P5_qkg_L_backbone_P5_qkg_L_bb121_status_NEEDS_RF2_AND_DOCKING	PVRIG_CAND_039	39	P1MCPUFP__CPUFP500K_0091__00849	PVRIG_CAND_046	46	0.796703
NODE1GEN_109783_source_rfantibody_source_id_PVRIG_RFAb_v2_P5_qkg_L_bb121_mpn06_arm_P5_qkg_L_backbone_P5_qkg_L_bb121_status_NEEDS_RF2_AND_DOCKING	PVRIG_CAND_039	39	P1MCPUFP__CPUFP500K_0388__00174	PVRIG_CAND_047	47	0.736842
NODE1GEN_109783_source_rfantibody_source_id_PVRIG_RFAb_v2_P5_qkg_L_bb121_mpn06_arm_P5_qkg_L_backbone_P5_qkg_L_bb121_status_NEEDS_RF2_AND_DOCKING	PVRIG_CAND_039	39	P1MCPUFP__CPUFP500K_0487__00827	PVRIG_CAND_048	48	0.761111
NODE1GEN_109783_source_rfantibody_source_id_PVRIG_RFAb_v2_P5_qkg_L_bb121_mpn06_arm_P5_qkg_L_backbone_P5_qkg_L_bb121_status_NEEDS_RF2_AND_DOCKING	PVRIG_CAND_039	39	P1MCPUFP__CPUFP500K_0188__00645	PVRIG_CAND_049	49	0.720207
NODE1GEN_109783_source_rfantibody_source_id_PVRIG_RFAb_v2_P5_qkg_L_bb121_mpn06_arm_P5_qkg_L_backbone_P5_qkg_L_bb121_status_NEEDS_RF2_AND_DOCKING	PVRIG_CAND_039	39	NODE1GEN_128929_source_rfantibody_source_id_PVRIG_RFAb_v2_P6_ekg_L_bb339_mpn06_arm_P6_ekg_L_backbone_P6_ekg_L_bb339_status_NEEDS_RF2_AND_DOCKING	PVRIG_CAND_050	50	0.696335
NODE1GEN_100102_source_rfantibody_source_id_PVRIG_RFAb_v2_P5_ekg_L_bb007_mpn10_arm_P5_ekg_L_backbone_P5_ekg_L_bb007_status_NEEDS_RF2_AND_DOCKING	PVRIG_CAND_040	40	NODE1GEN_109883_source_rfantibody_source_id_PVRIG_RFAb_v2_P5_qkg_L_bb130_mpn02_arm_P5_qkg_L_backbone_P5_qkg_L_bb130_status_NEEDS_RF2_AND_DOCKING	PVRIG_CAND_041	41	0.666667
NODE1GEN_100102_source_rfantibody_source_id_PVRIG_RFAb_v2_P5_ekg_L_bb007_mpn10_arm_P5_ekg_L_backbone_P5_ekg_L_bb007_status_NEEDS_RF2_AND_DOCKING	PVRIG_CAND_040	40	P1MCPUFP__CPUFP500K_0030__00860	PVRIG_CAND_042	42	0.568421
NODE1GEN_100102_source_rfantibody_source_id_PVRIG_RFAb_v2_P5_ekg_L_bb007_mpn10_arm_P5_ekg_L_backbone_P5_ekg_L_bb007_status_NEEDS_RF2_AND_DOCKING	PVRIG_CAND_040	40	P1MCPUFP__CPUFP500K_0029__00647	PVRIG_CAND_043	43	0.675978
NODE1GEN_100102_source_rfantibody_source_id_PVRIG_RFAb_v2_P5_ekg_L_bb007_mpn10_arm_P5_ekg_L_backbone_P5_ekg_L_bb007_status_NEEDS_RF2_AND_DOCKING	PVRIG_CAND_040	40	P1MCPUFP__CPUFP500K_0090__00860	PVRIG_CAND_044	44	0.763006
NODE1GEN_100102_source_rfantibody_source_id_PVRIG_RFAb_v2_P5_ekg_L_bb007_mpn10_arm_P5_ekg_L_backbone_P5_ekg_L_bb007_status_NEEDS_RF2_AND_DOCKING	PVRIG_CAND_040	40	P1MCPUFP__CPUFP500K_0289__00496	PVRIG_CAND_045	45	0.734043
NODE1GEN_100102_source_rfantibody_source_id_PVRIG_RFAb_v2_P5_ekg_L_bb007_mpn10_arm_P5_ekg_L_backbone_P5_ekg_L_bb007_status_NEEDS_RF2_AND_DOCKING	PVRIG_CAND_040	40	P1MCPUFP__CPUFP500K_0091__00849	PVRIG_CAND_046	46	0.726776
NODE1GEN_100102_source_rfantibody_source_id_PVRIG_RFAb_v2_P5_ekg_L_bb007_mpn10_arm_P5_ekg_L_backbone_P5_ekg_L_bb007_status_NEEDS_RF2_AND_DOCKING	PVRIG_CAND_040	40	P1MCPUFP__CPUFP500K_0388__00174	PVRIG_CAND_047	47	0.822857
NODE1GEN_100102_source_rfantibody_source_id_PVRIG_RFAb_v2_P5_ekg_L_bb007_mpn10_arm_P5_ekg_L_backbone_P5_ekg_L_bb007_status_NEEDS_RF2_AND_DOCKING	PVRIG_CAND_040	40	P1MCPUFP__CPUFP500K_0487__00827	PVRIG_CAND_048	48	0.821429
NODE1GEN_100102_source_rfantibody_source_id_PVRIG_RFAb_v2_P5_ekg_L_bb007_mpn10_arm_P5_ekg_L_backbone_P5_ekg_L_bb007_status_NEEDS_RF2_AND_DOCKING	PVRIG_CAND_040	40	P1MCPUFP__CPUFP500K_0188__00645	PVRIG_CAND_049	49	0.773481
NODE1GEN_100102_source_rfantibody_source_id_PVRIG_RFAb_v2_P5_ekg_L_bb007_mpn10_arm_P5_ekg_L_backbone_P5_ekg_L_bb007_status_NEEDS_RF2_AND_DOCKING	PVRIG_CAND_040	40	NODE1GEN_128929_source_rfantibody_source_id_PVRIG_RFAb_v2_P6_ekg_L_bb339_mpn06_arm_P6_ekg_L_backbone_P6_ekg_L_bb339_status_NEEDS_RF2_AND_DOCKING	PVRIG_CAND_050	50	0.621762
NODE1GEN_109883_source_rfantibody_source_id_PVRIG_RFAb_v2_P5_qkg_L_bb130_mpn02_arm_P5_qkg_L_backbone_P5_qkg_L_bb130_status_NEEDS_RF2_AND_DOCKING	PVRIG_CAND_041	41	P1MCPUFP__CPUFP500K_0030__00860	PVRIG_CAND_042	42	0.815951
NODE1GEN_109883_source_rfantibody_source_id_PVRIG_RFAb_v2_P5_qkg_L_bb130_mpn02_arm_P5_qkg_L_backbone_P5_qkg_L_bb130_status_NEEDS_RF2_AND_DOCKING	PVRIG_CAND_041	41	P1MCPUFP__CPUFP500K_0029__00647	PVRIG_CAND_043	43	0.560209
NODE1GEN_109883_source_rfantibody_source_id_PVRIG_RFAb_v2_P5_qkg_L_bb130_mpn02_arm_P5_qkg_L_backbone_P5_qkg_L_bb130_status_NEEDS_RF2_AND_DOCKING	PVRIG_CAND_041	41	P1MCPUFP__CPUFP500K_0090__00860	PVRIG_CAND_044	44	0.538071
NODE1GEN_109883_source_rfantibody_source_id_PVRIG_RFAb_v2_P5_qkg_L_bb130_mpn02_arm_P5_qkg_L_backbone_P5_qkg_L_bb130_status_NEEDS_RF2_AND_DOCKING	PVRIG_CAND_041	41	P1MCPUFP__CPUFP500K_0289__00496	PVRIG_CAND_045	45	0.572816
NODE1GEN_109883_source_rfantibody_source_id_PVRIG_RFAb_v2_P5_qkg_L_bb130_mpn02_arm_P5_qkg_L_backbone_P5_qkg_L_bb130_status_NEEDS_RF2_AND_DOCKING	PVRIG_CAND_041	41	P1MCPUFP__CPUFP500K_0091__00849	PVRIG_CAND_046	46	0.715847
NODE1GEN_109883_source_rfantibody_source_id_PVRIG_RFAb_v2_P5_qkg_L_bb130_mpn02_arm_P5_qkg_L_backbone_P5_qkg_L_bb130_status_NEEDS_RF2_AND_DOCKING	PVRIG_CAND_041	41	P1MCPUFP__CPUFP500K_0388__00174	PVRIG_CAND_047	47	0.668421
NODE1GEN_109883_source_rfantibody_source_id_PVRIG_RFAb_v2_P5_qkg_L_bb130_mpn02_arm_P5_qkg_L_backbone_P5_qkg_L_bb130_status_NEEDS_RF2_AND_DOCKING	PVRIG_CAND_041	41	P1MCPUFP__CPUFP500K_0487__00827	PVRIG_CAND_048	48	0.661202
NODE1GEN_109883_source_rfantibody_source_id_PVRIG_RFAb_v2_P5_qkg_L_bb130_mpn02_arm_P5_qkg_L_backbone_P5_qkg_L_bb130_status_NEEDS_RF2_AND_DOCKING	PVRIG_CAND_041	41	P1MCPUFP__CPUFP500K_0188__00645	PVRIG_CAND_049	49	0.724324
NODE1GEN_109883_source_rfantibody_source_id_PVRIG_RFAb_v2_P5_qkg_L_bb130_mpn02_arm_P5_qkg_L_backbone_P5_qkg_L_bb130_status_NEEDS_RF2_AND_DOCKING	PVRIG_CAND_041	41	NODE1GEN_128929_source_rfantibody_source_id_PVRIG_RFAb_v2_P6_ekg_L_bb339_mpn06_arm_P6_ekg_L_backbone_P6_ekg_L_bb339_status_NEEDS_RF2_AND_DOCKING	PVRIG_CAND_050	50	0.829412
P1MCPUFP__CPUFP500K_0030__00860	PVRIG_CAND_042	42	P1MCPUFP__CPUFP500K_0029__00647	PVRIG_CAND_043	43	0.494949
P1MCPUFP__CPUFP500K_0030__00860	PVRIG_CAND_042	42	P1MCPUFP__CPUFP500K_0090__00860	PVRIG_CAND_044	44	0.461165
P1MCPUFP__CPUFP500K_0030__00860	PVRIG_CAND_042	42	P1MCPUFP__CPUFP500K_0289__00496	PVRIG_CAND_045	45	0.504673
P1MCPUFP__CPUFP500K_0030__00860	PVRIG_CAND_042	42	P1MCPUFP__CPUFP500K_0091__00849	PVRIG_CAND_046	46	0.625000
P1MCPUFP__CPUFP500K_0030__00860	PVRIG_CAND_042	42	P1MCPUFP__CPUFP500K_0388__00174	PVRIG_CAND_047	47	0.582915
P1MCPUFP__CPUFP500K_0030__00860	PVRIG_CAND_042	42	P1MCPUFP__CPUFP500K_0487__00827	PVRIG_CAND_048	48	0.597884
P1MCPUFP__CPUFP500K_0030__00860	PVRIG_CAND_042	42	P1MCPUFP__CPUFP500K_0188__00645	PVRIG_CAND_049	49	0.677249
P1MCPUFP__CPUFP500K_0030__00860	PVRIG_CAND_042	42	NODE1GEN_128929_source_rfantibody_source_id_PVRIG_RFAb_v2_P6_ekg_L_bb339_mpn06_arm_P6_ekg_L_backbone_P6_ekg_L_bb339_status_NEEDS_RF2_AND_DOCKING	PVRIG_CAND_050	50	0.745763
P1MCPUFP__CPUFP500K_0029__00647	PVRIG_CAND_043	43	P1MCPUFP__CPUFP500K_0090__00860	PVRIG_CAND_044	44	0.683333
P1MCPUFP__CPUFP500K_0029__00647	PVRIG_CAND_043	43	P1MCPUFP__CPUFP500K_0289__00496	PVRIG_CAND_045	45	0.636364
P1MCPUFP__CPUFP500K_0029__00647	PVRIG_CAND_043	43	P1MCPUFP__CPUFP500K_0091__00849	PVRIG_CAND_046	46	0.688172
P1MCPUFP__CPUFP500K_0029__00647	PVRIG_CAND_043	43	P1MCPUFP__CPUFP500K_0388__00174	PVRIG_CAND_047	47	0.677249
P1MCPUFP__CPUFP500K_0029__00647	PVRIG_CAND_043	43	P1MCPUFP__CPUFP500K_0487__00827	PVRIG_CAND_048	48	0.698324
P1MCPUFP__CPUFP500K_0029__00647	PVRIG_CAND_043	43	P1MCPUFP__CPUFP500K_0188__00645	PVRIG_CAND_049	49	0.715054
P1MCPUFP__CPUFP500K_0029__00647	PVRIG_CAND_043	43	NODE1GEN_128929_source_rfantibody_source_id_PVRIG_RFAb_v2_P6_ekg_L_bb339_mpn06_arm_P6_ekg_L_backbone_P6_ekg_L_bb339_status_NEEDS_RF2_AND_DOCKING	PVRIG_CAND_050	50	0.547264
P1MCPUFP__CPUFP500K_0090__00860	PVRIG_CAND_044	44	P1MCPUFP__CPUFP500K_0289__00496	PVRIG_CAND_045	45	0.817680
P1MCPUFP__CPUFP500K_0090__00860	PVRIG_CAND_044	44	P1MCPUFP__CPUFP500K_0091__00849	PVRIG_CAND_046	46	0.661458
P1MCPUFP__CPUFP500K_0090__00860	PVRIG_CAND_044	44	P1MCPUFP__CPUFP500K_0388__00174	PVRIG_CAND_047	47	0.694737
P1MCPUFP__CPUFP500K_0090__00860	PVRIG_CAND_044	44	P1MCPUFP__CPUFP500K_0487__00827	PVRIG_CAND_048	48	0.745763
P1MCPUFP__CPUFP500K_0090__00860	PVRIG_CAND_044	44	P1MCPUFP__CPUFP500K_0188__00645	PVRIG_CAND_049	49	0.670103
P1MCPUFP__CPUFP500K_0090__00860	PVRIG_CAND_044	44	NODE1GEN_128929_source_rfantibody_source_id_PVRIG_RFAb_v2_P6_ekg_L_bb339_mpn06_arm_P6_ekg_L_backbone_P6_ekg_L_bb339_status_NEEDS_RF2_AND_DOCKING	PVRIG_CAND_050	50	0.504762
P1MCPUFP__CPUFP500K_0289__00496	PVRIG_CAND_045	45	P1MCPUFP__CPUFP500K_0091__00849	PVRIG_CAND_046	46	0.683168
P1MCPUFP__CPUFP500K_0289__00496	PVRIG_CAND_045	45	P1MCPUFP__CPUFP500K_0388__00174	PVRIG_CAND_047	47	0.715000
P1MCPUFP__CPUFP500K_0289__00496	PVRIG_CAND_045	45	P1MCPUFP__CPUFP500K_0487__00827	PVRIG_CAND_048	48	0.701031
P1MCPUFP__CPUFP500K_0289__00496	PVRIG_CAND_045	45	P1MCPUFP__CPUFP500K_0188__00645	PVRIG_CAND_049	49	0.682927
P1MCPUFP__CPUFP500K_0289__00496	PVRIG_CAND_045	45	NODE1GEN_128929_source_rfantibody_source_id_PVRIG_RFAb_v2_P6_ekg_L_bb339_mpn06_arm_P6_ekg_L_backbone_P6_ekg_L_bb339_status_NEEDS_RF2_AND_DOCKING	PVRIG_CAND_050	50	0.552995
P1MCPUFP__CPUFP500K_0091__00849	PVRIG_CAND_046	46	P1MCPUFP__CPUFP500K_0388__00174	PVRIG_CAND_047	47	0.790323
P1MCPUFP__CPUFP500K_0091__00849	PVRIG_CAND_046	46	P1MCPUFP__CPUFP500K_0487__00827	PVRIG_CAND_048	48	0.787709
P1MCPUFP__CPUFP500K_0091__00849	PVRIG_CAND_046	46	P1MCPUFP__CPUFP500K_0188__00645	PVRIG_CAND_049	49	0.772487
P1MCPUFP__CPUFP500K_0091__00849	PVRIG_CAND_046	46	NODE1GEN_128929_source_rfantibody_source_id_PVRIG_RFAb_v2_P6_ekg_L_bb339_mpn06_arm_P6_ekg_L_backbone_P6_ekg_L_bb339_status_NEEDS_RF2_AND_DOCKING	PVRIG_CAND_050	50	0.676923
P1MCPUFP__CPUFP500K_0388__00174	PVRIG_CAND_047	47	P1MCPUFP__CPUFP500K_0487__00827	PVRIG_CAND_048	48	0.835227
P1MCPUFP__CPUFP500K_0388__00174	PVRIG_CAND_047	47	P1MCPUFP__CPUFP500K_0188__00645	PVRIG_CAND_049	49	0.797872
P1MCPUFP__CPUFP500K_0388__00174	PVRIG_CAND_047	47	NODE1GEN_128929_source_rfantibody_source_id_PVRIG_RFAb_v2_P6_ekg_L_bb339_mpn06_arm_P6_ekg_L_backbone_P6_ekg_L_bb339_status_NEEDS_RF2_AND_DOCKING	PVRIG_CAND_050	50	0.641791
P1MCPUFP__CPUFP500K_0487__00827	PVRIG_CAND_048	48	P1MCPUFP__CPUFP500K_0188__00645	PVRIG_CAND_049	49	0.825843
P1MCPUFP__CPUFP500K_0487__00827	PVRIG_CAND_048	48	NODE1GEN_128929_source_rfantibody_source_id_PVRIG_RFAb_v2_P6_ekg_L_bb339_mpn06_arm_P6_ekg_L_backbone_P6_ekg_L_bb339_status_NEEDS_RF2_AND_DOCKING	PVRIG_CAND_050	50	0.668421
P1MCPUFP__CPUFP500K_0188__00645	PVRIG_CAND_049	49	NODE1GEN_128929_source_rfantibody_source_id_PVRIG_RFAb_v2_P6_ekg_L_bb339_mpn06_arm_P6_ekg_L_backbone_P6_ekg_L_bb339_status_NEEDS_RF2_AND_DOCKING	PVRIG_CAND_050	50	0.693878
