threshold_scale	cohort	model_pair_count	strict_a_pair_count	strict_a_pair_rate
0.9	candidate	6906	3955	0.57269
1.0	candidate	6906	2815	0.407617
1.1	candidate	6906	1392	0.201564
0.9	control	2719	1554	0.571534
1.0	control	2719	925	0.340199
1.1	control	2719	337	0.123943
0.9	all	9625	5509	0.572364
1.0	all	9625	3740	0.388571
1.1	all	9625	1729	0.179636
