{
  "claim_boundary": "OPEN_TRAIN-only development approximation of independent dual-receptor computational docking geometry; not Docking Gold, binding probability, affinity, competition, experimental blocking, or final submission authority.",
  "formal_pass_claimed": false,
  "full_train_hyperparameters": {
    "fusion_structure_weight": 1.0,
    "residual_alpha": 1000.0,
    "residual_gamma": 0.0,
    "sequence_alpha": 1000.0,
    "structure_alpha": 1000.0
  },
  "implementation_freeze_sha256": "c6a93b056f63bc172d10c6c8fca39507a5cbff4c6dd89c4a500eb9f8170c0f11",
  "nested_oof_metrics": {
    "M1_sequence_only": {
      "mae": 0.03169084543784927,
      "ndcg": 0.9831809284553419,
      "pearson": 0.5074007830866538,
      "spearman": 0.5920658064013099,
      "top20_percent_recall": 0.3695652173913043
    },
    "M2_structure_only": {
      "mae": 0.028771766022024498,
      "ndcg": 0.986777510046384,
      "pearson": 0.5977528783296164,
      "spearman": 0.6867656881473106,
      "top20_percent_recall": 0.43478260869565216
    },
    "M4_prediction_late_fusion": {
      "mae": 0.028776499760740898,
      "ndcg": 0.9867727653808849,
      "pearson": 0.5942424758032404,
      "spearman": 0.680319155848375,
      "top20_percent_recall": 0.43478260869565216
    },
    "M5_structure_plus_sequence_residual": {
      "mae": 0.03037775579506828,
      "ndcg": 0.986152655809919,
      "pearson": 0.5486592181542627,
      "spearman": 0.6587070029758424,
      "top20_percent_recall": 0.3695652173913043
    }
  },
  "nested_oof_rows": 226,
  "outer_folds": 5,
  "output_hashes": {
    "open_train226_nested_oof_completion_receipt_v1_1.json": "8ac9622468f79bbad155c8aed77c470a7b3eb66d1df9eee63745c42c90a3dd75",
    "open_train226_nested_oof_predictions_v1_1.tsv": "27c606913d9fd7897bad9de3138884481f049588a574e2e9d634f4275ae26f60",
    "open_train226_nested_oof_summary_v1_1.json": "44d60f5eefc2bdb235707f300b7dddd3ef0802c0aff5e8d5b43d3f2a43e3a25b",
    "open_train226_scoring_config_v1_1.json": "1d6419bae5e9ee4c365f1efb4f36a828bbd7f84dfebbf89f529ce62e745d334f",
    "open_train226_scoring_fits_v1_1.npz": "15cd307b6b79cdec50cdd4b2266b5a129c9690607bffc3795248030e3da76d3a"
  },
  "paired_parent_group_bootstrap": {
    "M4_minus_M1": {
      "ci95_lower": -0.007462504668661761,
      "ci95_upper": 0.21703561651037445,
      "median_delta": 0.07885787479399214,
      "positive_fraction": 0.961,
      "replicates": 5000,
      "resampling_unit": "parent_framework_cluster",
      "seed": 20260717
    },
    "M4_minus_M2": {
      "ci95_lower": -0.014634619896041872,
      "ci95_upper": 0.0003924969586988869,
      "median_delta": -0.006410976734232909,
      "positive_fraction": 0.034,
      "replicates": 5000,
      "resampling_unit": "parent_framework_cluster",
      "seed": 20260717
    },
    "M5_minus_M2": {
      "ci95_lower": -0.07362169639768693,
      "ci95_upper": 0.0040352534762739915,
      "median_delta": -0.02579617490723396,
      "positive_fraction": 0.0438,
      "replicates": 5000,
      "resampling_unit": "parent_framework_cluster",
      "seed": 20260717
    }
  },
  "parent_framework_clusters": 20,
  "preregistration_sha256": "cabcff4f17cd5a27a5a8b248b2a247c2f39b49dce9b06f1f950db0929e7d7ecf",
  "production_log_sha256": "d7e438c23ab93ea948fb5e4611fe03b2dc384a4bed6851fa88e971790f08d225",
  "schema_version": "phase2_v4_d_open_train_nested_late_fusion_v1_1_runtime_receipt",
  "sealed_boundaries": {
    "V4_F_test32_labels_accessed": 0,
    "V4_F_test32_predictions_emitted": 0,
    "V4_F_test32_sequences_or_embeddings_accessed": 0,
    "V4_H_docking_labels_accessed": 0,
    "legacy128_merged": false,
    "open_development_target_values_accessed": 0
  },
  "selected_scoring_behavior": "M4 weight=1.0 and M5 gamma=0.0 reduce both adaptive combinations to M2 structure-only; structure-only remains the frozen leading scorer.",
  "status": "VALIDATED_COMPLETE_OPEN_TRAIN_NESTED_OOF_STRUCTURE_ONLY_SELECTED",
  "validated_at_utc": "2026-07-17T09:54:49.971508+00:00",
  "validation": {
    "all_fit_arrays_finite": true,
    "all_prediction_values_finite": true,
    "fit_array_count": 12,
    "output_file_set_closed": true,
    "prediction_rows_unique": true
  }
}
