model,baseline,haddock_rank,haddock_score,hotspot_overlap_count,align_rmsd_A,total_vhh_pvrl2_atom_occlusion,total_vhh_pvrl2_residue_pair_occlusion,total_vhh_pvrl2_atom_clash,total_vhh_pvrl2_residue_pair_clash,cdr3_atom_occlusion,cdr3_atom_occlusion_fraction,cdr3_residue_pair_occlusion,cdr3_residue_pair_occlusion_fraction,cdr3_atom_clash,cdr3_residue_pair_clash,cdr3_vhh_residue_count,cdr3_pvrl2_residue_count,cdr12_atom_occlusion,cdr12_residue_pair_occlusion,framework_atom_occlusion,framework_residue_pair_occlusion,framework_residue_pair_occlusion_fraction
cluster_1_model_1,9e6y,1,,11,0.563,8828,744,1517,264,1599,0.18112822836429543,112,0.15053763440860216,262,47,12,40,1761,125,5468,507,0.6814516129032258
cluster_1_model_2,9e6y,2,,12,0.707,9521,782,1698,291,1554,0.16321814935405946,116,0.1483375959079284,270,47,12,40,1796,129,6171,537,0.6867007672634271
cluster_1_model_3,9e6y,3,,10,0.733,9175,764,1645,283,1672,0.18223433242506812,119,0.15575916230366493,283,48,12,37,1757,131,5746,514,0.6727748691099477
cluster_1_model_4,9e6y,4,,11,0.521,9380,788,1596,288,1525,0.16257995735607675,119,0.15101522842639595,250,47,12,42,1815,134,6040,535,0.6789340101522843
cluster_2_model_1,9e6y,5,,11,0.499,9347,773,1619,285,1692,0.1810206483363646,117,0.15135834411384216,325,47,12,35,1168,93,6487,563,0.7283311772315654
cluster_3_model_1,9e6y,6,,11,0.621,6669,532,1195,191,1112,0.16674164042585096,75,0.14097744360902256,166,29,11,27,1333,99,4224,358,0.6729323308270677
cluster_4_model_1,9e6y,7,,10,0.519,8435,688,1431,246,1793,0.21256668642560758,115,0.16715116279069767,295,47,12,39,1290,96,5352,477,0.6933139534883721
cluster_4_model_2,9e6y,8,,11,0.434,8484,709,1478,260,1718,0.2024988213107025,112,0.15796897038081806,302,49,12,38,1301,99,5465,498,0.7023977433004231
cluster_5_model_1,9e6y,9,,9,0.464,7926,660,1469,236,1577,0.198965430229624,117,0.17727272727272728,292,52,12,39,1681,119,4668,424,0.6424242424242425
