air_energy	candidate_id	cdr1	cdr1_contact_residue_count	cdr2	cdr2_contact_residue_count	cdr3	cdr3_contact_fraction	cdr3_contact_residue_count	cdr_contact_fraction	chain_set	conformation	cross_cdr3_occlusion	cross_clash_atom_pairs	cross_hotspot_overlap	cross_overlay_rmsd_a	cross_total_occlusion	exposed_hydrophobic_residue_count_proxy	foldx_status	framework_contact_residue_count	frozen_pdb	frozen_pdb_sha256	haddock_score	hbond_donor_acceptor_distance_proxy_3p5a	hydrophobic_interface_residue_pairs_5a	interface_atom_contacts_4p5a	interface_contact_density_proxy	interface_residue_pairs_5a	model_strict_a_fraction	native_cdr3_occlusion	native_clash_atom_pairs	native_hotspot_overlap	native_overlay_rmsd_a	native_total_occlusion	parent_cluster	physical_clash_atom_pairs_2a	prodigy_calibration_role	prodigy_predicted_dg_kcal_mol	ptm_motif_residue_exposed_count_proxy	representative_model	representative_pair_label	rosetta_calibration_role	rosetta_complex_normalized	rosetta_dG_cross	rosetta_dG_cross/dSASAx100	rosetta_dG_separated	rosetta_dG_separated/dSASAx100	rosetta_dSASA_hphobic	rosetta_dSASA_int	rosetta_dSASA_polar	rosetta_delta_unsatHbonds	rosetta_hbond_E_fraction	rosetta_hbonds_int	rosetta_nres_all	rosetta_nres_int	rosetta_packstat	rosetta_per_residue_energy_int	rosetta_sc_value	rosetta_side1_normalized	rosetta_side1_score	rosetta_side2_normalized	rosetta_side2_score	rosetta_total_score	route	salt_bridge_distance_proxy_4a	seed	selection_channel	source_archive	source_archive_member	source_job_hash	source_protocol_sha256	static_job_id	static_rank_contribution	static_review_evidence_boundary	top200_rank	vhh_contact_residue_count
208.984	P1MCPUFP__CPUFP500K_0001__00338	GPGFRGGSYH	6	IDIAGTT	0	AAGFGGSTAISTTGEGWSY	0.625	15	0.875	AT	8x6b	81	1217	16	1.087399	529	3	NOT_RUN_CROSS_CANDIDATE_RANK_REJECTED	3	/data/qlyu/projects/pvrig_top7500_dualpanel_screen_v1_20260724/run/static_review/inputs/pdb/CANDIDATE_P1MCPUFP__CPUFP500K_0001__00338_8x6b_s1931_cd98fde89b24.pdb	fc44c7951007b7ed725b07d6985f5989c1c3f096e753767fdf526d129d3c30ab	-83.43889999999999	7	5	258	0.60329346	69	0.6	95	1289	16	0.536958	563	positive_pose_source_case02_pos_01_PVRIG-151_HR151	0	WEAK_PRIOR_ONLY	-13.048	2	cluster_1_model_1.pdb.gz	SUPPORTED_AB	DESCRIPTIVE_ONLY	1.153	3.582	0.243	19.43	1.316	888.195	1476.566	588.372	18.0	-0.144	3.0	230.0	68.0	0.0	1.597	0.627	2.339	70.176	1.011	38.4	0.0	old_top7500	2	1931	CORE_EXPLOITATION	/data1/qlyu/projects/pvrig_priority_top7500_dualreceptor_multiseed_docking_results_v1_20260722/top7500_25k/compressed_queue/CANDIDATE_P1MCPUFP__CPUFP500K_0001__00338_8x6b_s1931_cd98fde89b24.tar.gz	runs/CANDIDATE_P1MCPUFP__CPUFP500K_0001__00338_8x6b_s1931_cd98fde89b24/haddock_run/6_seletopclusts/cluster_1_model_1.pdb.gz	cd98fde89b24145e172f0f6a75821d9eec3a0d2f2740d5f7a323ea3bf1c5cadb	8c55751f66ac2930ce115a9419321a2b2bed220b61af2e1671f7ac6e6a2e33b3	CANDIDATE_P1MCPUFP__CPUFP500K_0001__00338_8x6b_s1931_cd98fde89b24	0.0	Static structure diagnostics only; not experimental affinity, blocking, expression or purity.	99	24
185.154	P1MCPUFP__CPUFP500K_0001__00338	GPGFRGGSYH	8	IDIAGTT	1	AAGFGGSTAISTTGEGWSY	0.47826087	11	0.86956522	AT	9e6y	94	1115	20	0.919852	469	3	NOT_RUN_CROSS_CANDIDATE_RANK_REJECTED	3	/data/qlyu/projects/pvrig_top7500_dualpanel_screen_v1_20260724/run/static_review/inputs/pdb/CANDIDATE_P1MCPUFP__CPUFP500K_0001__00338_9e6y_s917_27c90574a3be.pdb	3ffcaaf2729000608dd9e1ad609fb3be304412a75d426e154a1f27169e34f55e	-95.41029999999999	17	6	346	0.60624003	71	0.4	80	1118	20	0.513501	459	positive_pose_source_case02_pos_01_PVRIG-151_HR151	0	WEAK_PRIOR_ONLY	-13.802	2	cluster_1_model_1.pdb.gz	SUPPORTED_AB	DESCRIPTIVE_ONLY	1.176	-22.166	-1.197	0.328	0.018	1096.058	1851.656	755.598	24.0	-13.449	5.0	235.0	76.0	0.0	0.96	0.539	2.166	69.304	0.083	3.658	0.0	old_top7500	2	917	CORE_EXPLOITATION	/data1/qlyu/projects/pvrig_priority_top7500_dualreceptor_multiseed_docking_results_v1_20260722/top7500_25k/compressed_queue/CANDIDATE_P1MCPUFP__CPUFP500K_0001__00338_9e6y_s917_27c90574a3be.tar.gz	runs/CANDIDATE_P1MCPUFP__CPUFP500K_0001__00338_9e6y_s917_27c90574a3be/haddock_run/6_seletopclusts/cluster_1_model_1.pdb.gz	27c90574a3be29ab64af77108b6c1604250727f3e228cb25bc1990512856e081	8c55751f66ac2930ce115a9419321a2b2bed220b61af2e1671f7ac6e6a2e33b3	CANDIDATE_P1MCPUFP__CPUFP500K_0001__00338_9e6y_s917_27c90574a3be	0.0	Static structure diagnostics only; not experimental affinity, blocking, expression or purity.	99	23
307.509	P1MCPUFP__CPUFP500K_0002__00851	GPGWSHGSFS	5	IDSTGTV	3	ASGLLPTGAIPADGQGYEF	0.44444444	8	0.88888889	AT	8x6b	186	1715	21	1.058397	710	2	NOT_RUN_CROSS_CANDIDATE_RANK_REJECTED	2	/data/qlyu/projects/pvrig_top7500_dualpanel_screen_v1_20260724/run/static_review/inputs/pdb/CANDIDATE_P1MCPUFP__CPUFP500K_0002__00851_8x6b_s917_6d4afa7fc517.pdb	fd374202e397e986951db27f44ff36fade081264a1194c8a5c4a12cbb2819778	-80.1798	9	4	227	0.48088609	55	0.9	193	1684	21	0.506246	717	positive_pose_source_case02_pos_01_PVRIG-151_HR151	0	WEAK_PRIOR_ONLY	-11.28	4	cluster_1_model_1.pdb.gz	STRICT_A	DESCRIPTIVE_ONLY	1.0	19.234	1.171	60.533	3.686	950.337	1642.379	692.042	12.0	-0.031	5.0	230.0	71.0	0.0	1.395	0.611	2.629	78.876	0.491	20.147	0.0	c2_four_seed	2	917	CORE_EXPLOITATION	/data1/qlyu/projects/pvrig_c2_new6220_dualreceptor_2seed_docking_results_v1_20260723/c2_new4220/compressed_queue/CANDIDATE_P1MCPUFP__CPUFP500K_0002__00851_8x6b_s917_6d4afa7fc517.tar.gz	runs/CANDIDATE_P1MCPUFP__CPUFP500K_0002__00851_8x6b_s917_6d4afa7fc517/haddock_run/6_seletopclusts/cluster_1_model_1.pdb.gz	6d4afa7fc5175fe72c0ed2efc289dea9dec3ebd9e91f14ae9142911735d4fd29	8c55751f66ac2930ce115a9419321a2b2bed220b61af2e1671f7ac6e6a2e33b3	CANDIDATE_P1MCPUFP__CPUFP500K_0002__00851_8x6b_s917_6d4afa7fc517	0.0	Static structure diagnostics only; not experimental affinity, blocking, expression or purity.	20	18
306.351	P1MCPUFP__CPUFP500K_0002__00851	GPGWSHGSFS	7	IDSTGTV	3	ASGLLPTGAIPADGQGYEF	0.4	8	0.9	AT	9e6y	193	1632	20	0.947144	688	3	NOT_RUN_CROSS_CANDIDATE_RANK_REJECTED	2	/data/qlyu/projects/pvrig_top7500_dualpanel_screen_v1_20260724/run/static_review/inputs/pdb/CANDIDATE_P1MCPUFP__CPUFP500K_0002__00851_9e6y_s1931_90eebbbcaade.pdb	3ead7f927e2aca0535e9137e7e0e5134438d1ce3047bb1331d6851f1e411f583	-72.47209999999998	11	5	271	0.5379313	63	1.0	189	1653	20	0.455455	684	positive_pose_source_case02_pos_01_PVRIG-151_HR151	0	WEAK_PRIOR_ONLY	-12.13	3	cluster_1_model_1.pdb.gz	STRICT_A	DESCRIPTIVE_ONLY	1.314	-6.237	-0.386	38.298	2.368	894.96	1617.432	722.472	24.0	-0.033	3.0	235.0	65.0	0.0	1.374	0.662	2.534	73.493	0.44	15.849	0.0	c2_four_seed	0	1931	CORE_EXPLOITATION	/data1/qlyu/projects/pvrig_c2_new6220_dualreceptor_2seed_docking_results_v1_20260723/c2_new4220/compressed_queue/CANDIDATE_P1MCPUFP__CPUFP500K_0002__00851_9e6y_s1931_90eebbbcaade.tar.gz	runs/CANDIDATE_P1MCPUFP__CPUFP500K_0002__00851_9e6y_s1931_90eebbbcaade/haddock_run/6_seletopclusts/cluster_1_model_1.pdb.gz	90eebbbcaadea77da60f5a171d75b4e7e50b901cba3bb8a13f1453f8f90b6263	8c55751f66ac2930ce115a9419321a2b2bed220b61af2e1671f7ac6e6a2e33b3	CANDIDATE_P1MCPUFP__CPUFP500K_0002__00851_9e6y_s1931_90eebbbcaade	0.0	Static structure diagnostics only; not experimental affinity, blocking, expression or purity.	20	20
195.021	P1MCPUFP__CPUFP500K_0002__00919	GPGWSHGDFS	7	IDSSGTV	0	AAGFLPSGAIPSTGSGYEF	0.5	11	0.81818182	AT	8x6b	169	1690	17	1.091342	689	3	NOT_RUN_CROSS_CANDIDATE_RANK_REJECTED	4	/data/qlyu/projects/pvrig_top7500_dualpanel_screen_v1_20260724/run/static_review/inputs/pdb/CANDIDATE_P1MCPUFP__CPUFP500K_0002__00919_8x6b_s917_1072ed9e7ca3.pdb	5199243acef4d683beadfb60e34bbe43a4acce614acb1190ed1edb702f4f60f8	-87.8222	8	5	284	0.56831993	65	0.9	171	1706	17	0.518416	685	positive_pose_source_case02_pos_01_PVRIG-151_HR151	0	WEAK_PRIOR_ONLY	-12.084	2	cluster_1_model_1.pdb.gz	STRICT_A	DESCRIPTIVE_ONLY	0.909	15.524	1.016	49.562	3.243	969.349	1528.237	558.888	21.0	-0.029	2.0	230.0	70.0	0.0	1.178	0.644	1.307	43.131	1.063	39.322	0.0	c2_four_seed	0	917	CORE_EXPLOITATION	/data1/qlyu/projects/pvrig_c2_new6220_dualreceptor_2seed_docking_results_v1_20260723/c2_new4220/compressed_queue/CANDIDATE_P1MCPUFP__CPUFP500K_0002__00919_8x6b_s917_1072ed9e7ca3.tar.gz	runs/CANDIDATE_P1MCPUFP__CPUFP500K_0002__00919_8x6b_s917_1072ed9e7ca3/haddock_run/6_seletopclusts/cluster_1_model_1.pdb.gz	1072ed9e7ca37010a33f3d4cf07bf41a470b65eaeced878b1b72442b780e324b	8c55751f66ac2930ce115a9419321a2b2bed220b61af2e1671f7ac6e6a2e33b3	CANDIDATE_P1MCPUFP__CPUFP500K_0002__00919_8x6b_s917_1072ed9e7ca3	0.0	Static structure diagnostics only; not experimental affinity, blocking, expression or purity.	5	22
168.862	P1MCPUFP__CPUFP500K_0002__00919	GPGWSHGDFS	6	IDSSGTV	0	AAGFLPSGAIPSTGSGYEF	0.52631579	10	0.84210526	AT	9e6y	186	1687	18	0.958258	687	2	NOT_RUN_CROSS_CANDIDATE_RANK_REJECTED	3	/data/qlyu/projects/pvrig_top7500_dualpanel_screen_v1_20260724/run/static_review/inputs/pdb/CANDIDATE_P1MCPUFP__CPUFP500K_0002__00919_9e6y_s42_55e2dcea888c.pdb	0c205be9249e89177096f7600aa1fc000b721e90f085a238f156703fd451f478	-92.1588	6	5	224	0.46108397	54	1.0	181	1669	18	0.536943	674	positive_pose_source_case02_pos_01_PVRIG-151_HR151	0	WEAK_PRIOR_ONLY	-11.168	2	cluster_1_model_1.pdb.gz	STRICT_A	DESCRIPTIVE_ONLY	1.091	5.718	0.398	31.516	2.194	935.693	1436.199	500.506	25.0	-0.061	2.0	235.0	64.0	0.0	0.686	0.649	0.381	11.82	0.973	32.1	0.0	c2_four_seed	0	42	CORE_EXPLOITATION	/data1/qlyu/projects/pvrig_c2_new4220_seed42_3047_docking_results_v1_20260723/c2_new4220_seed42_3047/compressed_queue/CANDIDATE_P1MCPUFP__CPUFP500K_0002__00919_9e6y_s42_55e2dcea888c.tar.gz	runs/CANDIDATE_P1MCPUFP__CPUFP500K_0002__00919_9e6y_s42_55e2dcea888c/haddock_run/6_seletopclusts/cluster_1_model_1.pdb.gz	55e2dcea888c393aa73cff1048a25cbf5896448221ff22941639fb2dd4808b60	8c55751f66ac2930ce115a9419321a2b2bed220b61af2e1671f7ac6e6a2e33b3	CANDIDATE_P1MCPUFP__CPUFP500K_0002__00919_9e6y_s42_55e2dcea888c	0.0	Static structure diagnostics only; not experimental affinity, blocking, expression or purity.	5	19
350.084	P1MCPUFP__CPUFP500K_0008__00128	GPGFERGPWS	8	VDGSGGE	0	AAGELRGGAVPTTGGGWDY	0.47619048	10	0.85714286	AT	8x6b	146	1575	18	1.046996	614	2	NOT_RUN_CROSS_CANDIDATE_RANK_REJECTED	3	/data/qlyu/projects/pvrig_top7500_dualpanel_screen_v1_20260724/run/static_review/inputs/pdb/CANDIDATE_P1MCPUFP__CPUFP500K_0008__00128_8x6b_s1931_e27d5f2a1ce2.pdb	f0a6d0d8a11cd88281d2784cc7d15007d7dc9ed22afc9149adef2b0a36cf1ba8	-63.23329999999999	10	8	264	0.50711624	58	0.9	160	1556	18	0.509346	646	positive_pose_source_case02_pos_01_PVRIG-151_HR151	0	WEAK_PRIOR_ONLY	-10.297	2	cluster_1_model_1.pdb.gz	STRICT_A	DESCRIPTIVE_ONLY	0.775	27.229	1.814	42.674	2.843	1044.395	1501.217	456.822	14.0	-0.144	5.0	230.0	62.0	0.0	1.534	0.647	2.049	57.378	1.11	37.723	0.0	c2_four_seed	1	1931	CORE_EXPLOITATION	/data1/qlyu/projects/pvrig_c2_new6220_dualreceptor_2seed_docking_results_v1_20260723/c2_new4220/compressed_queue/CANDIDATE_P1MCPUFP__CPUFP500K_0008__00128_8x6b_s1931_e27d5f2a1ce2.tar.gz	runs/CANDIDATE_P1MCPUFP__CPUFP500K_0008__00128_8x6b_s1931_e27d5f2a1ce2/haddock_run/6_seletopclusts/cluster_1_model_1.pdb.gz	e27d5f2a1ce27486c0e3a1fd5f79ff5f4cbc4514c5e7e7006e60639988acea9b	8c55751f66ac2930ce115a9419321a2b2bed220b61af2e1671f7ac6e6a2e33b3	CANDIDATE_P1MCPUFP__CPUFP500K_0008__00128_8x6b_s1931_e27d5f2a1ce2	0.0	Static structure diagnostics only; not experimental affinity, blocking, expression or purity.	19	21
293.881	P1MCPUFP__CPUFP500K_0008__00128	GPGFERGPWS	8	VDGSGGE	0	AAGELRGGAVPTTGGGWDY	0.4375	7	0.9375	AT	9e6y	188	1592	16	0.975117	696	2	NOT_RUN_CROSS_CANDIDATE_RANK_REJECTED	1	/data/qlyu/projects/pvrig_top7500_dualpanel_screen_v1_20260724/run/static_review/inputs/pdb/CANDIDATE_P1MCPUFP__CPUFP500K_0008__00128_9e6y_s1931_662fe4763d3e.pdb	dda79497c34bcccffb6396d9910577da30230762f3a37c5ffcd6d9ce37d6e00d	-56.15718000000001	6	5	230	0.40985242	48	1.0	187	1620	16	0.484233	712	positive_pose_source_case02_pos_01_PVRIG-151_HR151	0	WEAK_PRIOR_ONLY	-9.699	2	cluster_1_model_1.pdb.gz	STRICT_A	DESCRIPTIVE_ONLY	1.279	14.327	1.209	1.066	0.09	802.108	1185.296	383.188	19.0	-3.643	3.0	235.0	61.0	0.0	1.823	0.628	2.772	69.299	1.164	41.922	0.0	c2_four_seed	2	1931	CORE_EXPLOITATION	/data1/qlyu/projects/pvrig_c2_new6220_dualreceptor_2seed_docking_results_v1_20260723/c2_new4220/compressed_queue/CANDIDATE_P1MCPUFP__CPUFP500K_0008__00128_9e6y_s1931_662fe4763d3e.tar.gz	runs/CANDIDATE_P1MCPUFP__CPUFP500K_0008__00128_9e6y_s1931_662fe4763d3e/haddock_run/6_seletopclusts/cluster_1_model_1.pdb.gz	662fe4763d3ea949cd0895481fff9533a7e0cf032ddc47b590a364d1cb4e24f5	8c55751f66ac2930ce115a9419321a2b2bed220b61af2e1671f7ac6e6a2e33b3	CANDIDATE_P1MCPUFP__CPUFP500K_0008__00128_9e6y_s1931_662fe4763d3e	0.0	Static structure diagnostics only; not experimental affinity, blocking, expression or purity.	19	16
272.619	P1MCPUFP__CPUFP500K_0008__00191	GPGFSGGPFS	8	VDWEGGT	2	AAGRLPTGTVPTSGSGWDF	0.33333333	6	0.88888889	AT	8x6b	206	1789	15	1.163649	767	2	NOT_RUN_CROSS_CANDIDATE_RANK_REJECTED	2	/data/qlyu/projects/pvrig_top7500_dualpanel_screen_v1_20260724/run/static_review/inputs/pdb/CANDIDATE_P1MCPUFP__CPUFP500K_0008__00191_8x6b_s917_571cf529c958.pdb	3a919e548cffb86c42826c829d5a287a57960d1f865b14941838e8752cc6f942	-73.08063999999999	10	2	267	0.51585963	59	0.7	195	1726	15	0.6295	754	positive_pose_source_case02_pos_01_PVRIG-151_HR151	0	WEAK_PRIOR_ONLY	-11.681	2	cluster_1_model_1.pdb.gz	STRICT_A	DESCRIPTIVE_ONLY	1.235	-6.882	-0.509	27.469	2.033	886.227	1351.321	465.093	12.0	-0.083	3.0	230.0	60.0	0.0	0.825	0.722	2.782	66.758	-0.479	-17.26	0.0	old_top7500	0	917	CORE_EXPLOITATION	/data1/qlyu/projects/pvrig_priority_top7500_dualreceptor_multiseed_docking_results_v1_20260722/top7500_25k/compressed_queue/CANDIDATE_P1MCPUFP__CPUFP500K_0008__00191_8x6b_s917_571cf529c958.tar.gz	runs/CANDIDATE_P1MCPUFP__CPUFP500K_0008__00191_8x6b_s917_571cf529c958/haddock_run/6_seletopclusts/cluster_1_model_1.pdb.gz	571cf529c9585b2354bc7e72a12bca1e9796a6e95d72008595f00b61b635fa02	8c55751f66ac2930ce115a9419321a2b2bed220b61af2e1671f7ac6e6a2e33b3	CANDIDATE_P1MCPUFP__CPUFP500K_0008__00191_8x6b_s917_571cf529c958	0.0	Static structure diagnostics only; not experimental affinity, blocking, expression or purity.	79	18
255.377	P1MCPUFP__CPUFP500K_0008__00191	GPGFSGGPFS	5	VDWEGGT	0	AAGRLPTGTVPTSGSGWDF	0.6	15	0.8	AT	9e6y	188	1627	16	0.969649	673	2	NOT_RUN_CROSS_CANDIDATE_RANK_REJECTED	5	/data/qlyu/projects/pvrig_top7500_dualpanel_screen_v1_20260724/run/static_review/inputs/pdb/CANDIDATE_P1MCPUFP__CPUFP500K_0008__00191_9e6y_s917_1182c4f0efb7.pdb	2a02118b38d4730fae9b08f99f4a2a1cf722d580d5f10481838ad9ea2f35de99	-79.84006000000001	13	6	334	0.63185581	74	0.9	182	1574	16	0.603917	661	positive_pose_source_case02_pos_01_PVRIG-151_HR151	0	WEAK_PRIOR_ONLY	-11.347	2	cluster_1_model_1.pdb.gz	STRICT_A	DESCRIPTIVE_ONLY	2.023	9.721	0.547	41.859	2.357	907.629	1775.887	868.258	16.0	-0.077	5.0	235.0	76.0	0.0	0.921	0.657	1.389	50.006	0.5	19.996	0.0	old_top7500	1	917	CORE_EXPLOITATION	/data1/qlyu/projects/pvrig_priority_top7500_dualreceptor_multiseed_docking_results_v1_20260722/top7500_25k/compressed_queue/CANDIDATE_P1MCPUFP__CPUFP500K_0008__00191_9e6y_s917_1182c4f0efb7.tar.gz	runs/CANDIDATE_P1MCPUFP__CPUFP500K_0008__00191_9e6y_s917_1182c4f0efb7/haddock_run/6_seletopclusts/cluster_1_model_1.pdb.gz	1182c4f0efb7f06f0666b218b7ee7c8e0dab10d2af608f8bf5411fa9480743cd	8c55751f66ac2930ce115a9419321a2b2bed220b61af2e1671f7ac6e6a2e33b3	CANDIDATE_P1MCPUFP__CPUFP500K_0008__00191_9e6y_s917_1182c4f0efb7	0.0	Static structure diagnostics only; not experimental affinity, blocking, expression or purity.	79	25
308.035	P1MCPUFP__CPUFP500K_0008__00424	GPGFAGGPWS	7	VDWEGGT	2	GAGRLETGTVPTTGAGWDY	0.31578947	6	0.78947368	AT	8x6b	175	1273	14	1.051085	565	4	NOT_RUN_CROSS_CANDIDATE_RANK_REJECTED	4	/data/qlyu/projects/pvrig_top7500_dualpanel_screen_v1_20260724/run/static_review/inputs/pdb/CANDIDATE_P1MCPUFP__CPUFP500K_0008__00424_8x6b_s917_d68329ea2320.pdb	a474bc0784c22deb175f08a44036dfea3af556c34103306d4215d4aad30f5a1b	-53.52222999999999	13	2	254	0.45465594	52	0.8	174	1201	14	0.467436	552	positive_pose_source_case02_pos_01_PVRIG-151_HR151	0	WEAK_PRIOR_ONLY	-10.64	2	cluster_1_model_1.pdb.gz	STRICT_A	DESCRIPTIVE_ONLY	0.881	-5.744	-0.424	11.799	0.872	801.648	1353.35	551.702	14.0	-0.096	2.0	230.0	49.0	0.0	1.522	0.582	2.343	44.515	1.001	30.041	0.0	c2_four_seed	0	917	CORE_EXPLOITATION	/data1/qlyu/projects/pvrig_c2_new6220_dualreceptor_2seed_docking_results_v1_20260723/c2_new4220/compressed_queue/CANDIDATE_P1MCPUFP__CPUFP500K_0008__00424_8x6b_s917_d68329ea2320.tar.gz	runs/CANDIDATE_P1MCPUFP__CPUFP500K_0008__00424_8x6b_s917_d68329ea2320/haddock_run/6_seletopclusts/cluster_1_model_1.pdb.gz	d68329ea23201e14441fd413b8ec1609a96a1ab09dcb4bb7852c6d6c8ca27bcd	8c55751f66ac2930ce115a9419321a2b2bed220b61af2e1671f7ac6e6a2e33b3	CANDIDATE_P1MCPUFP__CPUFP500K_0008__00424_8x6b_s917_d68329ea2320	0.0	Static structure diagnostics only; not experimental affinity, blocking, expression or purity.	77	19
285.96	P1MCPUFP__CPUFP500K_0008__00424	GPGFAGGPWS	5	VDWEGGT	1	GAGRLETGTVPTTGAGWDY	0.6	12	0.9	AT	9e6y	151	1473	16	0.942844	582	3	NOT_RUN_CROSS_CANDIDATE_RANK_REJECTED	2	/data/qlyu/projects/pvrig_top7500_dualpanel_screen_v1_20260724/run/static_review/inputs/pdb/CANDIDATE_P1MCPUFP__CPUFP500K_0008__00424_9e6y_s1931_d7b3bbe4b337.pdb	02a7845d59c7b7fa4aad5dc9b4bfbf0c482b2f9f938a3b012a31975014a01ea9	-54.4041	7	2	209	0.43546819	51	0.8	152	1513	16	0.536186	581	positive_pose_source_case02_pos_01_PVRIG-151_HR151	0	WEAK_PRIOR_ONLY	-8.285	2	cluster_1_model_1.pdb.gz	STRICT_A	DESCRIPTIVE_ONLY	1.211	22.998	1.826	62.089	4.929	756.802	1259.6	502.798	11.0	-0.023	3.0	235.0	64.0	0.0	1.788	0.651	4.045	109.228	0.141	5.216	0.0	c2_four_seed	1	1931	CORE_EXPLOITATION	/data1/qlyu/projects/pvrig_c2_new6220_dualreceptor_2seed_docking_results_v1_20260723/c2_new4220/compressed_queue/CANDIDATE_P1MCPUFP__CPUFP500K_0008__00424_9e6y_s1931_d7b3bbe4b337.tar.gz	runs/CANDIDATE_P1MCPUFP__CPUFP500K_0008__00424_9e6y_s1931_d7b3bbe4b337/haddock_run/6_seletopclusts/cluster_1_model_1.pdb.gz	d7b3bbe4b337ae654c53c157d2e8b2ec5b56e7a15399574839ffb1685f9aab0a	8c55751f66ac2930ce115a9419321a2b2bed220b61af2e1671f7ac6e6a2e33b3	CANDIDATE_P1MCPUFP__CPUFP500K_0008__00424_9e6y_s1931_d7b3bbe4b337	0.0	Static structure diagnostics only; not experimental affinity, blocking, expression or purity.	77	20
321.527	P1MCPUFP__CPUFP500K_0008__00429	GPGFGRGPWS	5	VDWEGGQ	0	AAGRLTSGVVPTDGGGWDF	0.57894737	11	0.84210526	AT	8x6b	187	1880	20	1.137385	732	4	NOT_RUN_CROSS_CANDIDATE_RANK_REJECTED	3	/data/qlyu/projects/pvrig_top7500_dualpanel_screen_v1_20260724/run/static_review/inputs/pdb/CANDIDATE_P1MCPUFP__CPUFP500K_0008__00429_8x6b_s917_9ace7b1699fd.pdb	cbaaceab700325e4a413b8dc644236538628d06dc5581454c2238f545cc52c62	-67.63920000000002	15	4	264	0.53334639	61	0.8	194	1911	20	0.592599	770	positive_pose_source_case02_pos_01_PVRIG-151_HR151	0	WEAK_PRIOR_ONLY	-12.016	4	cluster_1_model_1.pdb.gz	STRICT_A	DESCRIPTIVE_ONLY	0.599	11.169	0.665	30.007	1.786	923.815	1680.178	756.364	17.0	-0.096	3.0	230.0	66.0	0.0	0.733	0.486	0.773	26.275	0.691	22.11	0.0	c2_four_seed	4	917	CORE_EXPLOITATION	/data1/qlyu/projects/pvrig_c2_new6220_dualreceptor_2seed_docking_results_v1_20260723/c2_new4220/compressed_queue/CANDIDATE_P1MCPUFP__CPUFP500K_0008__00429_8x6b_s917_9ace7b1699fd.tar.gz	runs/CANDIDATE_P1MCPUFP__CPUFP500K_0008__00429_8x6b_s917_9ace7b1699fd/haddock_run/6_seletopclusts/cluster_1_model_1.pdb.gz	9ace7b1699fd58ead8aeeb54153fe49e11b82c2905d3067ec640ddfdfac1b0cd	8c55751f66ac2930ce115a9419321a2b2bed220b61af2e1671f7ac6e6a2e33b3	CANDIDATE_P1MCPUFP__CPUFP500K_0008__00429_8x6b_s917_9ace7b1699fd	0.0	Static structure diagnostics only; not experimental affinity, blocking, expression or purity.	84	19
273.448	P1MCPUFP__CPUFP500K_0008__00429	GPGFGRGPWS	5	VDWEGGQ	0	AAGRLTSGVVPTDGGGWDF	0.6	12	0.85	AT	9e6y	132	1361	18	0.972966	544	2	NOT_RUN_CROSS_CANDIDATE_RANK_REJECTED	3	/data/qlyu/projects/pvrig_top7500_dualpanel_screen_v1_20260724/run/static_review/inputs/pdb/CANDIDATE_P1MCPUFP__CPUFP500K_0008__00429_9e6y_s1931_0009a81010ca.pdb	ddda55e49719c23e010c9351911ff2c8c24f2625aba8b99c92cc3b8c01ddd408	-68.41841	16	4	256	0.48669974	57	0.3	136	1342	18	0.604334	556	positive_pose_source_case02_pos_01_PVRIG-151_HR151	0	WEAK_PRIOR_ONLY	-11.472	4	cluster_1_model_1.pdb.gz	STRICT_A	DESCRIPTIVE_ONLY	1.015	-18.181	-1.063	31.779	1.857	867.654	1710.935	843.281	30.0	-0.07	3.0	235.0	60.0	0.0	1.246	0.612	1.315	36.823	1.185	37.929	0.0	c2_four_seed	0	1931	CORE_EXPLOITATION	/data1/qlyu/projects/pvrig_c2_new6220_dualreceptor_2seed_docking_results_v1_20260723/c2_new4220/compressed_queue/CANDIDATE_P1MCPUFP__CPUFP500K_0008__00429_9e6y_s1931_0009a81010ca.tar.gz	runs/CANDIDATE_P1MCPUFP__CPUFP500K_0008__00429_9e6y_s1931_0009a81010ca/haddock_run/6_seletopclusts/cluster_1_model_1.pdb.gz	0009a81010cae1964f426d9391e39cd1718b531915cc1045f5f94b66a0dd0d8a	8c55751f66ac2930ce115a9419321a2b2bed220b61af2e1671f7ac6e6a2e33b3	CANDIDATE_P1MCPUFP__CPUFP500K_0008__00429_9e6y_s1931_0009a81010ca	0.0	Static structure diagnostics only; not experimental affinity, blocking, expression or purity.	84	20
220.902	P1MCPUFP__CPUFP500K_0008__00816	GPGPSGGPWS	7	VDHEGGE	1	ASGRITTGDVPTDGSGWDY	0.52631579	10	0.94736842	AT	8x6b	167	1488	15	1.145091	596	2	NOT_RUN_CROSS_CANDIDATE_RANK_REJECTED	1	/data/qlyu/projects/pvrig_top7500_dualpanel_screen_v1_20260724/run/static_review/inputs/pdb/CANDIDATE_P1MCPUFP__CPUFP500K_0008__00816_8x6b_s3047_8a84351b1ba0.pdb	eb2ae1c3b0ec1473f049fb3309e6c72dff7bd6845d178414099cbbb3899da074	-74.2564	8	3	269	0.49837286	57	0.7	168	1401	15	0.641296	588	positive_pose_source_case02_pos_01_PVRIG-151_HR151	0	WEAK_PRIOR_ONLY	-11.139	2	cluster_1_model_1.pdb.gz	STRICT_A	DESCRIPTIVE_ONLY	1.143	-16.107	-1.078	2.528	0.169	918.343	1493.615	575.271	8.0	-1.028	3.0	230.0	60.0	0.0	1.86	0.55	2.673	69.509	1.238	42.097	0.0	c2_four_seed	4	3047	CORE_EXPLOITATION	/data1/qlyu/projects/pvrig_c2_new4220_seed42_3047_docking_results_v1_20260723/c2_new4220_seed42_3047/compressed_queue/CANDIDATE_P1MCPUFP__CPUFP500K_0008__00816_8x6b_s3047_8a84351b1ba0.tar.gz	runs/CANDIDATE_P1MCPUFP__CPUFP500K_0008__00816_8x6b_s3047_8a84351b1ba0/haddock_run/6_seletopclusts/cluster_1_model_1.pdb.gz	8a84351b1ba0222e930503554038a90c67b9251372aa0e757f26adde5e963f45	8c55751f66ac2930ce115a9419321a2b2bed220b61af2e1671f7ac6e6a2e33b3	CANDIDATE_P1MCPUFP__CPUFP500K_0008__00816_8x6b_s3047_8a84351b1ba0	0.0	Static structure diagnostics only; not experimental affinity, blocking, expression or purity.	72	19
227.286	P1MCPUFP__CPUFP500K_0008__00816	GPGPSGGPWS	7	VDHEGGE	0	ASGRITTGDVPTDGSGWDY	0.54545455	12	0.86363636	AT	9e6y	237	1806	19	0.975183	756	2	NOT_RUN_CROSS_CANDIDATE_RANK_REJECTED	3	/data/qlyu/projects/pvrig_top7500_dualpanel_screen_v1_20260724/run/static_review/inputs/pdb/CANDIDATE_P1MCPUFP__CPUFP500K_0008__00816_9e6y_s1931_df3d5e354749.pdb	a641bdf6054494df86fec1c0884f64642da618c362020bd44a0f3f93f12830a3	-78.4992	12	3	252	0.50377693	59	0.7	235	1866	19	0.576729	767	positive_pose_source_case02_pos_01_PVRIG-151_HR151	0	WEAK_PRIOR_ONLY	-10.724	3	cluster_1_model_1.pdb.gz	STRICT_A	DESCRIPTIVE_ONLY	1.111	16.033	0.999	46.873	2.921	803.203	1604.492	801.289	24.0	-0.13	6.0	235.0	63.0	0.0	1.236	0.534	2.252	63.065	0.422	14.787	0.0	c2_four_seed	1	1931	CORE_EXPLOITATION	/data1/qlyu/projects/pvrig_c2_new6220_dualreceptor_2seed_docking_results_v1_20260723/c2_new4220/compressed_queue/CANDIDATE_P1MCPUFP__CPUFP500K_0008__00816_9e6y_s1931_df3d5e354749.tar.gz	runs/CANDIDATE_P1MCPUFP__CPUFP500K_0008__00816_9e6y_s1931_df3d5e354749/haddock_run/6_seletopclusts/cluster_1_model_1.pdb.gz	df3d5e3547493585192dbcc52a8f6f180d45d9b961007ca98fe062ee46bf1e4e	8c55751f66ac2930ce115a9419321a2b2bed220b61af2e1671f7ac6e6a2e33b3	CANDIDATE_P1MCPUFP__CPUFP500K_0008__00816_9e6y_s1931_df3d5e354749	0.0	Static structure diagnostics only; not experimental affinity, blocking, expression or purity.	72	22
224.961	P1MCPUFP__CPUFP500K_0011__00725	GLTPEGYS	7	LTSAGKA	0	VVGRDLGESTRAPVA	0.45454545	10	0.77272727	AT	8x6b	81	1495	18	1.0815	596	3	NOT_RUN_CROSS_CANDIDATE_RANK_REJECTED	5	/data/qlyu/projects/pvrig_top7500_dualpanel_screen_v1_20260724/run/static_review/inputs/pdb/CANDIDATE_P1MCPUFP__CPUFP500K_0011__00725_8x6b_s917_0c29c38e0933.pdb	e70f97e7a258d3af6bf4ae42bb861a9ed0c5f2a7a5442ef9d97ef41ecedd4a0e	-77.00003	12	10	294	0.52849479	59	0.3	83	1514	18	0.497157	617	positive_pose_source_case02_pos_02_PVRIG-20	0	WEAK_PRIOR_ONLY	-11.421	2	cluster_1_model_1.pdb.gz	SUPPORTED_AB	DESCRIPTIVE_ONLY	1.071	6.365	0.412	26.82	1.735	843.209	1545.887	702.678	14.0	-0.095	6.0	224.0	66.0	0.0	1.63	0.74	2.547	78.943	0.818	28.633	0.0	old_top7500	4	917	PARENT_CDR3_DIVERSITY	/data1/qlyu/projects/pvrig_priority_top7500_dualreceptor_multiseed_docking_results_v1_20260722/top7500_25k/compressed_queue/CANDIDATE_P1MCPUFP__CPUFP500K_0011__00725_8x6b_s917_0c29c38e0933.tar.gz	runs/CANDIDATE_P1MCPUFP__CPUFP500K_0011__00725_8x6b_s917_0c29c38e0933/haddock_run/6_seletopclusts/cluster_1_model_1.pdb.gz	0c29c38e0933b9b4f6b0c1c295d57b1c54262ebcfbc65b74b41f77afa40ecac0	8c55751f66ac2930ce115a9419321a2b2bed220b61af2e1671f7ac6e6a2e33b3	CANDIDATE_P1MCPUFP__CPUFP500K_0011__00725_8x6b_s917_0c29c38e0933	0.0	Static structure diagnostics only; not experimental affinity, blocking, expression or purity.	125	22
325.939	P1MCPUFP__CPUFP500K_0011__00725	GLTPEGYS	7	LTSAGKA	0	VVGRDLGESTRAPVA	0.47619048	10	0.80952381	AT	9e6y	82	1608	16	0.946214	642	4	NOT_RUN_CROSS_CANDIDATE_RANK_REJECTED	4	/data/qlyu/projects/pvrig_top7500_dualpanel_screen_v1_20260724/run/static_review/inputs/pdb/CANDIDATE_P1MCPUFP__CPUFP500K_0011__00725_9e6y_s917_a9d6ff4af6bb.pdb	79e0e9658b91a375747c9da8eff28e146566ad9341929a29cdcd3a393277d713	-71.36349999999999	13	9	286	0.48987296	56	0.7	81	1528	16	0.538772	626	positive_pose_source_case02_pos_02_PVRIG-20	0	WEAK_PRIOR_ONLY	-10.71	2	cluster_1_model_1.pdb.gz	SUPPORTED_AB	DESCRIPTIVE_ONLY	1.129	-3.669	-0.237	24.106	1.56	973.939	1545.228	571.289	19.0	-0.12	3.0	229.0	69.0	0.0	1.05	0.718	2.042	65.35	0.191	7.082	0.0	old_top7500	2	917	PARENT_CDR3_DIVERSITY	/data1/qlyu/projects/pvrig_priority_top7500_dualreceptor_multiseed_docking_results_v1_20260722/top7500_25k/compressed_queue/CANDIDATE_P1MCPUFP__CPUFP500K_0011__00725_9e6y_s917_a9d6ff4af6bb.tar.gz	runs/CANDIDATE_P1MCPUFP__CPUFP500K_0011__00725_9e6y_s917_a9d6ff4af6bb/haddock_run/6_seletopclusts/cluster_1_model_1.pdb.gz	a9d6ff4af6bb18e076accc86efd5972856b75e1e882f71690d523b6af4542cd6	8c55751f66ac2930ce115a9419321a2b2bed220b61af2e1671f7ac6e6a2e33b3	CANDIDATE_P1MCPUFP__CPUFP500K_0011__00725_9e6y_s917_a9d6ff4af6bb	0.0	Static structure diagnostics only; not experimental affinity, blocking, expression or purity.	125	21
174.194	P1MCPUFP__CPUFP500K_0028__00135	GDFTVPIP	6	IGGGGAIT	4	AATEAGLGFSLEVWRY	0.52173913	12	0.95652174	AT	8x6b	80	1311	21	1.06225	509	9	NOT_RUN_CROSS_CANDIDATE_RANK_REJECTED	1	/data/qlyu/projects/pvrig_top7500_dualpanel_screen_v1_20260724/run/static_review/inputs/pdb/CANDIDATE_P1MCPUFP__CPUFP500K_0028__00135_8x6b_s1931_22abc23b495a.pdb	dbae4644777a3969dd65950915df338d8466236ca958e6a9a30c4debf862f795	-75.37793	14	7	226	0.58637138	66	0.4	84	1325	21	0.516543	535	positive_pose_source_case02_pos_04_PVRIG-38	0	WEAK_PRIOR_ONLY	-11.966	2	cluster_1_model_1.pdb.gz	SUPPORTED_AB	DESCRIPTIVE_ONLY	0.988	18.34	1.09	35.329	2.099	1012.097	1682.988	670.89	21.0	-0.056	3.0	226.0	64.0	0.0	1.336	0.609	2.162	56.211	0.77	29.267	0.0	old_top7500	4	1931	PARENT_CDR3_DIVERSITY	/data1/qlyu/projects/pvrig_priority_top7500_dualreceptor_multiseed_docking_results_v1_20260722/top7500_25k/compressed_queue/CANDIDATE_P1MCPUFP__CPUFP500K_0028__00135_8x6b_s1931_22abc23b495a.tar.gz	runs/CANDIDATE_P1MCPUFP__CPUFP500K_0028__00135_8x6b_s1931_22abc23b495a/haddock_run/6_seletopclusts/cluster_1_model_1.pdb.gz	22abc23b495ae8bc2d906e40617cd01e279c2d612c0e5d1db5610d1b1912a85c	8c55751f66ac2930ce115a9419321a2b2bed220b61af2e1671f7ac6e6a2e33b3	CANDIDATE_P1MCPUFP__CPUFP500K_0028__00135_8x6b_s1931_22abc23b495a	0.0	Static structure diagnostics only; not experimental affinity, blocking, expression or purity.	155	23
141.1	P1MCPUFP__CPUFP500K_0028__00135	GDFTVPIP	6	IGGGGAIT	6	AATEAGLGFSLEVWRY	0.39130435	9	0.91304348	AT	9e6y	117	1493	18	1.045978	624	8	NOT_RUN_CROSS_CANDIDATE_RANK_REJECTED	2	/data/qlyu/projects/pvrig_top7500_dualpanel_screen_v1_20260724/run/static_review/inputs/pdb/CANDIDATE_P1MCPUFP__CPUFP500K_0028__00135_9e6y_s1931_5cb18b74bcc9.pdb	2f4d8b418bad4b814329c3395321b0d327f075c80f6886043820a2a27c80f543	-82.2839	8	9	277	0.61601873	71	0.8	114	1533	18	0.644038	624	positive_pose_source_case02_pos_04_PVRIG-38	0	WEAK_PRIOR_ONLY	-11.565	2	cluster_1_model_1.pdb.gz	STRICT_A	DESCRIPTIVE_ONLY	1.327	6.566	0.383	59.062	3.447	1132.685	1713.494	580.809	27.0	-0.05	5.0	231.0	71.0	0.0	1.534	0.666	2.095	67.054	1.073	41.845	0.0	old_top7500	2	1931	PARENT_CDR3_DIVERSITY	/data1/qlyu/projects/pvrig_priority_top7500_dualreceptor_multiseed_docking_results_v1_20260722/top7500_25k/compressed_queue/CANDIDATE_P1MCPUFP__CPUFP500K_0028__00135_9e6y_s1931_5cb18b74bcc9.tar.gz	runs/CANDIDATE_P1MCPUFP__CPUFP500K_0028__00135_9e6y_s1931_5cb18b74bcc9/haddock_run/6_seletopclusts/cluster_1_model_1.pdb.gz	5cb18b74bcc9da22c1bf91c5e93988b84e81961ae0d59282440bbd17ce1ab530	8c55751f66ac2930ce115a9419321a2b2bed220b61af2e1671f7ac6e6a2e33b3	CANDIDATE_P1MCPUFP__CPUFP500K_0028__00135_9e6y_s1931_5cb18b74bcc9	0.0	Static structure diagnostics only; not experimental affinity, blocking, expression or purity.	155	23
99.7033	P1MCPUFP__CPUFP500K_0029__00258	GPEQAPFD	7	ISADGKTY	6	AGTAAGAGSSPSDWRY	0.39130435	9	0.95652174	AT	8x6b	102	1461	16	1.058288	615	4	NOT_RUN_CROSS_CANDIDATE_RANK_REJECTED	1	/data/qlyu/projects/pvrig_top7500_dualpanel_screen_v1_20260724/run/static_review/inputs/pdb/CANDIDATE_P1MCPUFP__CPUFP500K_0029__00258_8x6b_s1931_cc8d5538ece4.pdb	a617fa6c729274ac279afb2e26ead02ca617b2556708d00b2d8f72b4b7818d8f	-67.43602999999999	16	9	276	0.58637138	66	0.8	108	1526	16	0.473534	632	positive_pose_source_case02_pos_04_PVRIG-38	0	WEAK_PRIOR_ONLY	-12.093	2	cluster_1_model_1.pdb.gz	STRICT_A	DESCRIPTIVE_ONLY	0.485	11.475	0.719	47.288	2.962	823.855	1596.742	772.888	19.0	-0.042	2.0	226.0	69.0	0.0	0.727	0.579	0.941	28.219	0.563	21.955	0.0	old_top7500	4	1931	PARENT_CDR3_DIVERSITY	/data1/qlyu/projects/pvrig_priority_top7500_dualreceptor_multiseed_docking_results_v1_20260722/top7500_25k/compressed_queue/CANDIDATE_P1MCPUFP__CPUFP500K_0029__00258_8x6b_s1931_cc8d5538ece4.tar.gz	runs/CANDIDATE_P1MCPUFP__CPUFP500K_0029__00258_8x6b_s1931_cc8d5538ece4/haddock_run/6_seletopclusts/cluster_1_model_1.pdb.gz	cc8d5538ece47cbbfc4dfdfc19a79345b542b4526f003a4a1e0fab9aaaefcaba	8c55751f66ac2930ce115a9419321a2b2bed220b61af2e1671f7ac6e6a2e33b3	CANDIDATE_P1MCPUFP__CPUFP500K_0029__00258_8x6b_s1931_cc8d5538ece4	0.0	Static structure diagnostics only; not experimental affinity, blocking, expression or purity.	154	23
266.393	P1MCPUFP__CPUFP500K_0029__00258	GPEQAPFD	6	ISADGKTY	7	AGTAAGAGSSPSDWRY	0.34782609	8	0.91304348	AT	9e6y	111	1647	16	0.941307	656	3	NOT_RUN_CROSS_CANDIDATE_RANK_REJECTED	2	/data/qlyu/projects/pvrig_top7500_dualpanel_screen_v1_20260724/run/static_review/inputs/pdb/CANDIDATE_P1MCPUFP__CPUFP500K_0029__00258_9e6y_s917_d6ac35b8d03f.pdb	f3cce5c9f98c6a22847906a1e8105aac7c3b5f37ebf0b9ee42ff1715b5aee57b	-69.87926000000002	11	9	326	0.61601873	71	0.8	113	1617	16	0.571458	660	positive_pose_source_case02_pos_04_PVRIG-38	0	WEAK_PRIOR_ONLY	-12.737	2	cluster_1_model_1.pdb.gz	STRICT_A	DESCRIPTIVE_ONLY	0.679	3.807	0.211	9.949	0.552	985.601	1801.365	815.764	20.0	-0.376	5.0	231.0	73.0	0.0	0.141	0.537	1.273	40.728	-0.742	-30.43	0.0	old_top7500	4	917	PARENT_CDR3_DIVERSITY	/data1/qlyu/projects/pvrig_priority_top7500_dualreceptor_multiseed_docking_results_v1_20260722/top7500_25k/compressed_queue/CANDIDATE_P1MCPUFP__CPUFP500K_0029__00258_9e6y_s917_d6ac35b8d03f.tar.gz	runs/CANDIDATE_P1MCPUFP__CPUFP500K_0029__00258_9e6y_s917_d6ac35b8d03f/haddock_run/6_seletopclusts/cluster_1_model_1.pdb.gz	d6ac35b8d03f16148c3f1ed14b97aab4351f4558e3cd5d4c93d82eef1c65e7fb	8c55751f66ac2930ce115a9419321a2b2bed220b61af2e1671f7ac6e6a2e33b3	CANDIDATE_P1MCPUFP__CPUFP500K_0029__00258_9e6y_s917_d6ac35b8d03f	0.0	Static structure diagnostics only; not experimental affinity, blocking, expression or purity.	154	23
150.58	P1MCPUFP__CPUFP500K_0029__00647	GPEQAPYD	7	ISADGKTT	7	AGTAAGPGPDPADWRY	0.25	5	0.95	AT	8x6b	132	1726	16	1.084477	703	4	NOT_RUN_CROSS_CANDIDATE_RANK_REJECTED	1	/data/qlyu/projects/pvrig_top7500_dualpanel_screen_v1_20260724/run/static_review/inputs/pdb/CANDIDATE_P1MCPUFP__CPUFP500K_0029__00647_8x6b_s1931_1d3b9d2c90e3.pdb	9d0dc774db481104fbc6a916e420967985d3c27d4f7256b5bd4a2b7591a17a82	-70.21346999999999	8	5	228	0.45310516	51	0.7	132	1649	16	0.50096	698	positive_pose_source_case02_pos_04_PVRIG-38	0	WEAK_PRIOR_ONLY	-10.234	3	cluster_1_model_1.pdb.gz	STRICT_A	DESCRIPTIVE_ONLY	0.994	27.821	1.947	-20.312	-1.422	858.758	1428.579	569.821	12.0	0.052	3.0	226.0	61.0	0.0	1.313	0.578	2.704	75.712	0.134	4.41	0.0	old_top7500	3	1931	PARENT_CDR3_DIVERSITY	/data1/qlyu/projects/pvrig_priority_top7500_dualreceptor_multiseed_docking_results_v1_20260722/top7500_25k/compressed_queue/CANDIDATE_P1MCPUFP__CPUFP500K_0029__00647_8x6b_s1931_1d3b9d2c90e3.tar.gz	runs/CANDIDATE_P1MCPUFP__CPUFP500K_0029__00647_8x6b_s1931_1d3b9d2c90e3/haddock_run/6_seletopclusts/cluster_1_model_1.pdb.gz	1d3b9d2c90e386264e9da28c11401de09a6a49f836423ff0eb5d01efb8c0cded	8c55751f66ac2930ce115a9419321a2b2bed220b61af2e1671f7ac6e6a2e33b3	CANDIDATE_P1MCPUFP__CPUFP500K_0029__00647_8x6b_s1931_1d3b9d2c90e3	0.0	Static structure diagnostics only; not experimental affinity, blocking, expression or purity.	142	20
243.363	P1MCPUFP__CPUFP500K_0029__00647	GPEQAPYD	8	ISADGKTT	7	AGTAAGPGPDPADWRY	0.26923077	7	0.84615385	AT	9e6y	120	1760	17	1.018365	713	5	NOT_RUN_CROSS_CANDIDATE_RANK_REJECTED	4	/data/qlyu/projects/pvrig_top7500_dualpanel_screen_v1_20260724/run/static_review/inputs/pdb/CANDIDATE_P1MCPUFP__CPUFP500K_0029__00647_9e6y_s917_bc1453f6d2f2.pdb	ad31f341a5dec8acfe3dca090f5606523380871183a04ce4d2a8809c8cae5155	-60.221460000000015	9	7	314	0.55528449	64	1.0	131	1828	17	0.639911	733	positive_pose_source_case02_pos_04_PVRIG-38	0	WEAK_PRIOR_ONLY	-11.197	3	cluster_1_model_1.pdb.gz	STRICT_A	DESCRIPTIVE_ONLY	0.838	19.379	1.244	57.189	3.672	961.879	1557.567	595.687	24.0	0.0	0.0	231.0	68.0	0.0	1.272	0.675	2.299	68.984	0.46	17.48	0.0	old_top7500	2	917	PARENT_CDR3_DIVERSITY	/data1/qlyu/projects/pvrig_priority_top7500_dualreceptor_multiseed_docking_results_v1_20260722/top7500_25k/compressed_queue/CANDIDATE_P1MCPUFP__CPUFP500K_0029__00647_9e6y_s917_bc1453f6d2f2.tar.gz	runs/CANDIDATE_P1MCPUFP__CPUFP500K_0029__00647_9e6y_s917_bc1453f6d2f2/haddock_run/6_seletopclusts/cluster_1_model_1.pdb.gz	bc1453f6d2f259fad98fc24cf89f9b88b98edda56ecaaf44f240ced23ccb0954	8c55751f66ac2930ce115a9419321a2b2bed220b61af2e1671f7ac6e6a2e33b3	CANDIDATE_P1MCPUFP__CPUFP500K_0029__00647_9e6y_s917_bc1453f6d2f2	0.0	Static structure diagnostics only; not experimental affinity, blocking, expression or purity.	142	26
215.11	P1MCPUFP__CPUFP500K_0030__00639	GSILGPGD	6	ISADGKTT	5	AAGRGELSSLPDSWTY	0.34782609	8	0.82608696	AT	8x6b	94	1195	17	1.149623	539	3	NOT_RUN_CROSS_CANDIDATE_RANK_REJECTED	4	/data/qlyu/projects/pvrig_top7500_dualpanel_screen_v1_20260724/run/static_review/inputs/pdb/CANDIDATE_P1MCPUFP__CPUFP500K_0030__00639_8x6b_s3253_ac80d1ee4d8a.pdb	327b273c94d067247c7cfc36a721490128580a78cc986e08cc185a042d092d6b	-66.97414	12	2	283	0.54194931	61	0.3	90	1224	17	0.577143	534	positive_pose_source_case02_pos_04_PVRIG-38	0	WEAK_PRIOR_ONLY	-13.346	4	cluster_1_model_1.pdb.gz	SUPPORTED_AB	DESCRIPTIVE_ONLY	1.129	33.311	1.928	87.374	5.058	992.18	1727.531	735.351	16.0	-0.061	8.0	226.0	71.0	0.0	2.069	0.583	2.848	91.147	1.429	55.726	0.0	old_top7500	3	3253	CORE_EXPLOITATION	/data1/qlyu/projects/pvrig_priority_top7500_dualreceptor_multiseed_docking_results_v1_20260722/top7500_25k/compressed_queue/CANDIDATE_P1MCPUFP__CPUFP500K_0030__00639_8x6b_s3253_ac80d1ee4d8a.tar.gz	runs/CANDIDATE_P1MCPUFP__CPUFP500K_0030__00639_8x6b_s3253_ac80d1ee4d8a/haddock_run/6_seletopclusts/cluster_1_model_1.pdb.gz	ac80d1ee4d8ac024dbbe81ec476158e081fe3edd1fef35de14974d8f2f9db688	8c55751f66ac2930ce115a9419321a2b2bed220b61af2e1671f7ac6e6a2e33b3	CANDIDATE_P1MCPUFP__CPUFP500K_0030__00639_8x6b_s3253_ac80d1ee4d8a	0.0	Static structure diagnostics only; not experimental affinity, blocking, expression or purity.	52	23
192.121	P1MCPUFP__CPUFP500K_0030__00639	GSILGPGD	6	ISADGKTT	4	AAGRGELSSLPDSWTY	0.36842105	7	0.89473684	AT	9e6y	86	1173	16	1.267107	519	3	NOT_RUN_CROSS_CANDIDATE_RANK_REJECTED	2	/data/qlyu/projects/pvrig_top7500_dualpanel_screen_v1_20260724/run/static_review/inputs/pdb/CANDIDATE_P1MCPUFP__CPUFP500K_0030__00639_9e6y_s1931_24c36a456264.pdb	d0dd1e97d009e59d706452fd61c6c68b7522a3b872f89282b6ccf90b5860c3fb	-78.66240499999999	8	2	242	0.45984497	53	0.4	89	1187	16	1.000285	512	positive_pose_source_case02_pos_04_PVRIG-38	0	WEAK_PRIOR_ONLY	-12.66	4	cluster_1_model_1.pdb.gz	SUPPORTED_AB	DESCRIPTIVE_ONLY	1.683	22.288	1.338	80.105	4.811	1016.789	1665.178	648.389	24.0	-0.023	3.0	231.0	70.0	0.0	2.014	0.523	2.878	89.22	1.328	51.775	0.0	old_top7500	2	1931	CORE_EXPLOITATION	/data1/qlyu/projects/pvrig_priority_top7500_dualreceptor_multiseed_docking_results_v1_20260722/top7500_25k/compressed_queue/CANDIDATE_P1MCPUFP__CPUFP500K_0030__00639_9e6y_s1931_24c36a456264.tar.gz	runs/CANDIDATE_P1MCPUFP__CPUFP500K_0030__00639_9e6y_s1931_24c36a456264/haddock_run/6_seletopclusts/cluster_1_model_1.pdb.gz	24c36a4562647c1a3c41c52f77e17b65914a33ae72f393dcb4b12c2785a41579	8c55751f66ac2930ce115a9419321a2b2bed220b61af2e1671f7ac6e6a2e33b3	CANDIDATE_P1MCPUFP__CPUFP500K_0030__00639_9e6y_s1931_24c36a456264	0.0	Static structure diagnostics only; not experimental affinity, blocking, expression or purity.	52	19
263.095	P1MCPUFP__CPUFP500K_0030__00704	GPILGPGD	7	ISADGKTY	4	AAGRGSRSDSPRDWTY	0.45	9	1.0	AT	8x6b	76	1443	17	1.104217	594	2	NOT_RUN_CROSS_CANDIDATE_RANK_REJECTED	0	/data/qlyu/projects/pvrig_top7500_dualpanel_screen_v1_20260724/run/static_review/inputs/pdb/CANDIDATE_P1MCPUFP__CPUFP500K_0030__00704_8x6b_s917_1c6f01cf7e38.pdb	187dfddd1ab0b339cccc88b43fda4cddfc56aa9479715942bb9168b9f364644b	-65.95802	16	2	286	0.48864282	55	0.4	76	1449	17	0.555059	607	positive_pose_source_case02_pos_04_PVRIG-38	0	WEAK_PRIOR_ONLY	-11.141	5	cluster_1_model_1.pdb.gz	SUPPORTED_AB	DESCRIPTIVE_ONLY	0.823	14.338	0.896	31.363	1.961	895.247	1599.519	704.272	15.0	-0.009	1.0	226.0	62.0	0.0	1.554	0.616	2.067	51.666	1.208	44.703	0.0	old_top7500	7	917	QUOTA_SAFE_BACKFILL	/data1/qlyu/projects/pvrig_priority_top7500_dualreceptor_multiseed_docking_results_v1_20260722/top7500_25k/compressed_queue/CANDIDATE_P1MCPUFP__CPUFP500K_0030__00704_8x6b_s917_1c6f01cf7e38.tar.gz	runs/CANDIDATE_P1MCPUFP__CPUFP500K_0030__00704_8x6b_s917_1c6f01cf7e38/haddock_run/6_seletopclusts/cluster_1_model_1.pdb.gz	1c6f01cf7e3813e39014263f23f29cd91a4d9c91e2104c6edfe59d5be96b283a	8c55751f66ac2930ce115a9419321a2b2bed220b61af2e1671f7ac6e6a2e33b3	CANDIDATE_P1MCPUFP__CPUFP500K_0030__00704_8x6b_s917_1c6f01cf7e38	0.0	Static structure diagnostics only; not experimental affinity, blocking, expression or purity.	182	20
201.836	P1MCPUFP__CPUFP500K_0030__00704	GPILGPGD	6	ISADGKTY	6	AAGRGSRSDSPRDWTY	0.24	6	0.72	AT	9e6y	129	1506	17	0.964957	656	2	NOT_RUN_CROSS_CANDIDATE_RANK_REJECTED	7	/data/qlyu/projects/pvrig_top7500_dualpanel_screen_v1_20260724/run/static_review/inputs/pdb/CANDIDATE_P1MCPUFP__CPUFP500K_0030__00704_9e6y_s917_8420136a47e2.pdb	04744181602f4d1a212c28d9f729c7ff3e07359912071d0134759aea59bd0f5f	-61.65225000000001	10	4	269	0.55528449	64	0.8	128	1522	17	0.609357	665	positive_pose_source_case02_pos_04_PVRIG-38	0	WEAK_PRIOR_ONLY	-14.739	5	cluster_1_model_1.pdb.gz	STRICT_A	DESCRIPTIVE_ONLY	2.105	33.808	1.988	126.992	7.468	1081.463	1700.567	619.104	16.0	-0.004	2.0	231.0	67.0	0.0	1.982	0.621	1.667	48.335	2.222	84.443	0.0	old_top7500	5	917	QUOTA_SAFE_BACKFILL	/data1/qlyu/projects/pvrig_priority_top7500_dualreceptor_multiseed_docking_results_v1_20260722/top7500_25k/compressed_queue/CANDIDATE_P1MCPUFP__CPUFP500K_0030__00704_9e6y_s917_8420136a47e2.tar.gz	runs/CANDIDATE_P1MCPUFP__CPUFP500K_0030__00704_9e6y_s917_8420136a47e2/haddock_run/6_seletopclusts/cluster_1_model_1.pdb.gz	8420136a47e2db6753e91bec79f2b1401231cab9c73974e395168d407edc6041	8c55751f66ac2930ce115a9419321a2b2bed220b61af2e1671f7ac6e6a2e33b3	CANDIDATE_P1MCPUFP__CPUFP500K_0030__00704_9e6y_s917_8420136a47e2	0.0	Static structure diagnostics only; not experimental affinity, blocking, expression or purity.	182	25
200.676	P1MCPUFP__CPUFP500K_0030__00860	GPELGPGD	7	ISADGKTY	4	AAGRGARSDLATSWTY	0.41666667	10	0.875	AT	8x6b	100	1441	15	1.061121	587	5	NOT_RUN_CROSS_CANDIDATE_RANK_REJECTED	3	/data/qlyu/projects/pvrig_top7500_dualpanel_screen_v1_20260724/run/static_review/inputs/pdb/CANDIDATE_P1MCPUFP__CPUFP500K_0030__00860_8x6b_s917_0dbe3b33ef8d.pdb	af2e7c27eb934fd27ada338bbabb4777c4ba934108f6839c0e532a839a3e25cf	-65.70431	11	3	288	0.52418048	59	0.9	111	1472	15	0.519685	608	positive_pose_source_case02_pos_04_PVRIG-38	0	WEAK_PRIOR_ONLY	-12.939	2	cluster_1_model_1.pdb.gz	STRICT_A	DESCRIPTIVE_ONLY	0.93	-4.715	-0.289	17.86	1.093	837.902	1633.73	795.828	19.0	-0.106	3.0	226.0	67.0	0.0	1.394	0.611	2.592	77.775	0.421	15.595	0.0	old_top7500	3	917	STRUCTURAL_RESERVE	/data1/qlyu/projects/pvrig_priority_top7500_dualreceptor_multiseed_docking_results_v1_20260722/top7500_25k/compressed_queue/CANDIDATE_P1MCPUFP__CPUFP500K_0030__00860_8x6b_s917_0dbe3b33ef8d.tar.gz	runs/CANDIDATE_P1MCPUFP__CPUFP500K_0030__00860_8x6b_s917_0dbe3b33ef8d/haddock_run/6_seletopclusts/cluster_1_model_1.pdb.gz	0dbe3b33ef8d9718af55cb505c2772d9736097d2c4409bd7500b97b87209495b	8c55751f66ac2930ce115a9419321a2b2bed220b61af2e1671f7ac6e6a2e33b3	CANDIDATE_P1MCPUFP__CPUFP500K_0030__00860_8x6b_s917_0dbe3b33ef8d	0.0	Static structure diagnostics only; not experimental affinity, blocking, expression or purity.	168	24
187.988	P1MCPUFP__CPUFP500K_0030__00860	GPELGPGD	7	ISADGKTY	4	AAGRGARSDLATSWTY	0.41666667	10	0.875	AT	9e6y	116	1525	17	0.934487	610	4	NOT_RUN_CROSS_CANDIDATE_RANK_REJECTED	3	/data/qlyu/projects/pvrig_top7500_dualpanel_screen_v1_20260724/run/static_review/inputs/pdb/CANDIDATE_P1MCPUFP__CPUFP500K_0030__00860_9e6y_s917_4948207f0435.pdb	29c53eb686894eac17e9e3acd29551eeacbf2ba45712a991916fff1eed10b448	-77.11285000000001	13	2	282	0.52057921	60	1.0	105	1486	17	0.465123	595	positive_pose_source_case02_pos_04_PVRIG-38	0	WEAK_PRIOR_ONLY	-12.001	2	cluster_1_model_1.pdb.gz	STRICT_A	DESCRIPTIVE_ONLY	1.06	-4.263	-0.256	9.17	0.55	907.201	1666.419	759.218	13.0	-0.148	4.0	231.0	70.0	0.0	1.19	0.561	2.523	78.198	0.13	5.079	0.0	old_top7500	4	917	STRUCTURAL_RESERVE	/data1/qlyu/projects/pvrig_priority_top7500_dualreceptor_multiseed_docking_results_v1_20260722/top7500_25k/compressed_queue/CANDIDATE_P1MCPUFP__CPUFP500K_0030__00860_9e6y_s917_4948207f0435.tar.gz	runs/CANDIDATE_P1MCPUFP__CPUFP500K_0030__00860_9e6y_s917_4948207f0435/haddock_run/6_seletopclusts/cluster_1_model_1.pdb.gz	4948207f04358731daf7fbf477b035ef124fd001681ccfbc13e2cbcc23c30eb0	8c55751f66ac2930ce115a9419321a2b2bed220b61af2e1671f7ac6e6a2e33b3	CANDIDATE_P1MCPUFP__CPUFP500K_0030__00860_9e6y_s917_4948207f0435	0.0	Static structure diagnostics only; not experimental affinity, blocking, expression or purity.	168	24
196.374	P1MCPUFP__CPUFP500K_0031__00091	GPEQGPGD	7	ISADGQTT	3	AAGQAGAGSSERDYTY	0.45454545	10	0.90909091	AT	8x6b	73	1298	19	1.08684	534	1	NOT_RUN_CROSS_CANDIDATE_RANK_REJECTED	2	/data/qlyu/projects/pvrig_top7500_dualpanel_screen_v1_20260724/run/static_review/inputs/pdb/CANDIDATE_P1MCPUFP__CPUFP500K_0031__00091_8x6b_s1931_1f017495d7ca.pdb	1e14b6c3f40874ad1d48c098ea50a606c992c723ad101b23f90cefb6655a42d0	-77.26446	13	5	319	0.55971814	63	0.6	77	1273	19	0.527189	548	positive_pose_source_case02_pos_04_PVRIG-38	0	WEAK_PRIOR_ONLY	-12.543	2	cluster_1_model_1.pdb.gz	SUPPORTED_AB	DESCRIPTIVE_ONLY	0.885	-9.132	-0.542	11.64	0.691	875.521	1685.064	809.543	16.0	-0.433	7.0	226.0	69.0	0.0	0.981	0.739	1.209	37.476	0.794	30.19	0.0	old_top7500	2	1931	PARENT_CDR3_DIVERSITY	/data1/qlyu/projects/pvrig_priority_top7500_dualreceptor_multiseed_docking_results_v1_20260722/top7500_25k/compressed_queue/CANDIDATE_P1MCPUFP__CPUFP500K_0031__00091_8x6b_s1931_1f017495d7ca.tar.gz	runs/CANDIDATE_P1MCPUFP__CPUFP500K_0031__00091_8x6b_s1931_1f017495d7ca/haddock_run/6_seletopclusts/cluster_1_model_1.pdb.gz	1f017495d7ca82b58b5bd301cc6a3397ac2e635e44621b19177b69d98b432e04	8c55751f66ac2930ce115a9419321a2b2bed220b61af2e1671f7ac6e6a2e33b3	CANDIDATE_P1MCPUFP__CPUFP500K_0031__00091_8x6b_s1931_1f017495d7ca	0.0	Static structure diagnostics only; not experimental affinity, blocking, expression or purity.	152	22
238.061	P1MCPUFP__CPUFP500K_0031__00091	GPEQGPGD	7	ISADGQTT	6	AAGQAGAGSSERDYTY	0.3	6	0.95	AT	9e6y	146	1957	17	0.966182	818	3	NOT_RUN_CROSS_CANDIDATE_RANK_REJECTED	1	/data/qlyu/projects/pvrig_top7500_dualpanel_screen_v1_20260724/run/static_review/inputs/pdb/CANDIDATE_P1MCPUFP__CPUFP500K_0031__00091_9e6y_s917_159ab12978dc.pdb	090b4169a44fe5fca3a00d4f563fe46f728250c2f23a9d9dd57ffbab1dfcecaf	-66.95475	6	4	268	0.57263713	66	0.9	145	2014	17	0.608085	831	positive_pose_source_case02_pos_04_PVRIG-38	0	WEAK_PRIOR_ONLY	-12.057	2	cluster_1_model_1.pdb.gz	STRICT_A	DESCRIPTIVE_ONLY	1.107	2.008	0.132	29.374	1.929	945.778	1522.918	577.141	21.0	-0.112	7.0	231.0	74.0	0.0	0.89	0.613	0.745	23.831	1.0	42.015	0.0	old_top7500	1	917	PARENT_CDR3_DIVERSITY	/data1/qlyu/projects/pvrig_priority_top7500_dualreceptor_multiseed_docking_results_v1_20260722/top7500_25k/compressed_queue/CANDIDATE_P1MCPUFP__CPUFP500K_0031__00091_9e6y_s917_159ab12978dc.tar.gz	runs/CANDIDATE_P1MCPUFP__CPUFP500K_0031__00091_9e6y_s917_159ab12978dc/haddock_run/6_seletopclusts/cluster_1_model_1.pdb.gz	159ab12978dc6aad0ef6dcfb910cce519809db24f83541832d67199abf9bcadb	8c55751f66ac2930ce115a9419321a2b2bed220b61af2e1671f7ac6e6a2e33b3	CANDIDATE_P1MCPUFP__CPUFP500K_0031__00091_9e6y_s917_159ab12978dc	0.0	Static structure diagnostics only; not experimental affinity, blocking, expression or purity.	152	20
239.174	P1MCPUFP__CPUFP500K_0031__00686	GEEREPVD	5	ISADGKTT	5	AAGAAGAGSSEADWTH	0.52173913	12	0.95652174	AT	8x6b	112	1660	19	1.023393	658	4	NOT_RUN_CROSS_CANDIDATE_RANK_REJECTED	1	/data/qlyu/projects/pvrig_top7500_dualpanel_screen_v1_20260724/run/static_review/inputs/pdb/CANDIDATE_P1MCPUFP__CPUFP500K_0031__00686_8x6b_s917_6588c3c756f7.pdb	414853189697e600c0326483d5abfb7a8660a7c2c3eec4d5689941b0b69428cc	-71.03373	11	8	292	0.5952558	67	0.6	116	1637	19	0.486276	660	positive_pose_source_case02_pos_04_PVRIG-38	0	WEAK_PRIOR_ONLY	-13.426	2	cluster_1_model_1.pdb.gz	STRICT_A	DESCRIPTIVE_ONLY	0.594	-11.887	-0.728	9.052	0.555	969.937	1631.874	661.937	20.0	-0.139	3.0	226.0	72.0	0.0	0.938	0.738	1.712	56.481	0.283	11.032	0.0	old_top7500	3	917	QUOTA_SAFE_BACKFILL	/data1/qlyu/projects/pvrig_priority_top7500_dualreceptor_multiseed_docking_results_v1_20260722/top7500_25k/compressed_queue/CANDIDATE_P1MCPUFP__CPUFP500K_0031__00686_8x6b_s917_6588c3c756f7.tar.gz	runs/CANDIDATE_P1MCPUFP__CPUFP500K_0031__00686_8x6b_s917_6588c3c756f7/haddock_run/6_seletopclusts/cluster_1_model_1.pdb.gz	6588c3c756f7f3238d3da4aa405061b5274b136d0075444d6a5353a1d6ecae0d	8c55751f66ac2930ce115a9419321a2b2bed220b61af2e1671f7ac6e6a2e33b3	CANDIDATE_P1MCPUFP__CPUFP500K_0031__00686_8x6b_s917_6588c3c756f7	0.0	Static structure diagnostics only; not experimental affinity, blocking, expression or purity.	185	23
286.404	P1MCPUFP__CPUFP500K_0031__00686	GEEREPVD	6	ISADGKTT	8	AAGAAGAGSSEADWTH	0.23809524	5	0.9047619	AT	9e6y	118	1294	14	0.951116	548	3	NOT_RUN_CROSS_CANDIDATE_RANK_REJECTED	2	/data/qlyu/projects/pvrig_top7500_dualpanel_screen_v1_20260724/run/static_review/inputs/pdb/CANDIDATE_P1MCPUFP__CPUFP500K_0031__00686_9e6y_s1931_ef2ed88c5faa.pdb	b05920db57733206b7d6312092e1d03e7cf2165a48905c30d723b3e4685b43f7	-64.66420000000001	10	7	327	0.51190289	59	0.6	117	1344	14	0.430154	549	positive_pose_source_case02_pos_04_PVRIG-38	0	WEAK_PRIOR_ONLY	-11.224	2	cluster_1_model_1.pdb.gz	STRICT_A	DESCRIPTIVE_ONLY	0.971	16.591	1.089	58.244	3.822	952.959	1524.013	571.054	10.0	-0.071	9.0	231.0	56.0	0.0	1.364	0.676	1.301	35.14	1.423	41.261	0.0	old_top7500	4	1931	QUOTA_SAFE_BACKFILL	/data1/qlyu/projects/pvrig_priority_top7500_dualreceptor_multiseed_docking_results_v1_20260722/top7500_25k/compressed_queue/CANDIDATE_P1MCPUFP__CPUFP500K_0031__00686_9e6y_s1931_ef2ed88c5faa.tar.gz	runs/CANDIDATE_P1MCPUFP__CPUFP500K_0031__00686_9e6y_s1931_ef2ed88c5faa/haddock_run/6_seletopclusts/cluster_1_model_1.pdb.gz	ef2ed88c5faab7cbe07ea5df07af6e4ae1af671246ff93d9cb225d65e866e3d7	8c55751f66ac2930ce115a9419321a2b2bed220b61af2e1671f7ac6e6a2e33b3	CANDIDATE_P1MCPUFP__CPUFP500K_0031__00686_9e6y_s1931_ef2ed88c5faa	0.0	Static structure diagnostics only; not experimental affinity, blocking, expression or purity.	185	21
238.677	P1MCPUFP__CPUFP500K_0032__00042	YPETGPIP	8	ISADQTKT	6	AASFEGGSYSESDYQY	0.2173913	5	0.82608696	AT	8x6b	124	1613	17	1.103665	640	3	NOT_RUN_CROSS_CANDIDATE_RANK_REJECTED	4	/data/qlyu/projects/pvrig_top7500_dualpanel_screen_v1_20260724/run/static_review/inputs/pdb/CANDIDATE_P1MCPUFP__CPUFP500K_0032__00042_8x6b_s917_49e683d41b36.pdb	4df8b13c55c24ecd69ffff20c0b2782985b1f4bc23a44fbf2e63f7e66a05eb65	-61.73480000000001	8	5	264	0.55083372	62	0.9	123	1577	17	0.559718	638	positive_pose_source_case02_pos_04_PVRIG-38	0	WEAK_PRIOR_ONLY	-12.885	2	cluster_1_model_1.pdb.gz	STRICT_A	DESCRIPTIVE_ONLY	0.94	9.506	0.626	23.789	1.567	948.822	1518.235	569.413	21.0	-0.092	4.0	226.0	62.0	0.0	1.512	0.727	3.13	81.372	0.343	12.359	0.0	old_top7500	0	917	CORE_EXPLOITATION	/data1/qlyu/projects/pvrig_priority_top7500_dualreceptor_multiseed_docking_results_v1_20260722/top7500_25k/compressed_queue/CANDIDATE_P1MCPUFP__CPUFP500K_0032__00042_8x6b_s917_49e683d41b36.tar.gz	runs/CANDIDATE_P1MCPUFP__CPUFP500K_0032__00042_8x6b_s917_49e683d41b36/haddock_run/6_seletopclusts/cluster_1_model_1.pdb.gz	49e683d41b365223c9bfa1701322e0acd7f1cdf1929922ae0fd67be733d9aa3e	8c55751f66ac2930ce115a9419321a2b2bed220b61af2e1671f7ac6e6a2e33b3	CANDIDATE_P1MCPUFP__CPUFP500K_0032__00042_8x6b_s917_49e683d41b36	0.0	Static structure diagnostics only; not experimental affinity, blocking, expression or purity.	2	23
266.063	P1MCPUFP__CPUFP500K_0032__00042	YPETGPIP	5	ISADQTKT	1	AASFEGGSYSESDYQY	0.46666667	7	0.86666667	AT	9e6y	119	1689	14	0.91139	735	4	NOT_RUN_CROSS_CANDIDATE_RANK_REJECTED	2	/data/qlyu/projects/pvrig_top7500_dualpanel_screen_v1_20260724/run/static_review/inputs/pdb/CANDIDATE_P1MCPUFP__CPUFP500K_0032__00042_9e6y_s917_54d70fba8119.pdb	593e27f3e721099ffc11db090b803841e936bd8d7899b94601869bf298fde699	-68.418	3	5	202	0.41646337	48	0.8	116	1633	14	0.490867	714	positive_pose_source_case02_pos_04_PVRIG-38	0	WEAK_PRIOR_ONLY	-11.228	2	cluster_1_model_1.pdb.gz	STRICT_A	DESCRIPTIVE_ONLY	1.407	-2.049	-0.165	13.279	1.072	853.885	1238.199	384.314	11.0	-0.12	2.0	231.0	58.0	0.0	1.374	0.569	3.365	94.224	-0.484	-14.532	0.0	old_top7500	1	917	CORE_EXPLOITATION	/data1/qlyu/projects/pvrig_priority_top7500_dualreceptor_multiseed_docking_results_v1_20260722/top7500_25k/compressed_queue/CANDIDATE_P1MCPUFP__CPUFP500K_0032__00042_9e6y_s917_54d70fba8119.tar.gz	runs/CANDIDATE_P1MCPUFP__CPUFP500K_0032__00042_9e6y_s917_54d70fba8119/haddock_run/6_seletopclusts/cluster_1_model_1.pdb.gz	54d70fba8119a09cb2a48e0fb126d09e1b86c4e4fcbcde742b9ef50dfc63ada5	8c55751f66ac2930ce115a9419321a2b2bed220b61af2e1671f7ac6e6a2e33b3	CANDIDATE_P1MCPUFP__CPUFP500K_0032__00042_9e6y_s917_54d70fba8119	0.0	Static structure diagnostics only; not experimental affinity, blocking, expression or purity.	2	15
208.494	P1MCPUFP__CPUFP500K_0032__00069	YPETGPLP	7	ISADGKLT	5	AASESGGSSSLSDYRY	0.375	9	0.875	AT	8x6b	116	1558	17	1.049547	635	4	NOT_RUN_CROSS_CANDIDATE_RANK_REJECTED	3	/data/qlyu/projects/pvrig_top7500_dualpanel_screen_v1_20260724/run/static_review/inputs/pdb/CANDIDATE_P1MCPUFP__CPUFP500K_0032__00069_8x6b_s1931_d90a9ba0bedf.pdb	e7e7d3ef5ea1194aa4fad269c89aa59f643ba569aeb706f1b257953f56f2825b	-64.17146000000001	16	4	229	0.53306489	60	0.8	124	1574	17	0.481516	649	positive_pose_source_case02_pos_04_PVRIG-38	0	WEAK_PRIOR_ONLY	-12.086	2	cluster_1_model_1.pdb.gz	STRICT_A	DESCRIPTIVE_ONLY	0.685	-14.384	-0.88	25.337	1.551	815.377	1633.651	818.274	11.0	-0.2	6.0	226.0	63.0	0.0	0.778	0.649	1.601	44.829	0.12	4.193	0.0	old_top7500	6	1931	CORE_EXPLOITATION	/data1/qlyu/projects/pvrig_priority_top7500_dualreceptor_multiseed_docking_results_v1_20260722/top7500_25k/compressed_queue/CANDIDATE_P1MCPUFP__CPUFP500K_0032__00069_8x6b_s1931_d90a9ba0bedf.tar.gz	runs/CANDIDATE_P1MCPUFP__CPUFP500K_0032__00069_8x6b_s1931_d90a9ba0bedf/haddock_run/6_seletopclusts/cluster_1_model_1.pdb.gz	d90a9ba0bedf60ed9bcec5274a7b775eddba43a375a971d31f740b7493fc2458	8c55751f66ac2930ce115a9419321a2b2bed220b61af2e1671f7ac6e6a2e33b3	CANDIDATE_P1MCPUFP__CPUFP500K_0032__00069_8x6b_s1931_d90a9ba0bedf	0.0	Static structure diagnostics only; not experimental affinity, blocking, expression or purity.	9	24
199.804	P1MCPUFP__CPUFP500K_0032__00069	YPETGPLP	6	ISADGKLT	4	AASESGGSSSLSDYRY	0.31578947	6	0.84210526	AT	9e6y	117	1817	17	0.947626	739	4	NOT_RUN_CROSS_CANDIDATE_RANK_REJECTED	3	/data/qlyu/projects/pvrig_top7500_dualpanel_screen_v1_20260724/run/static_review/inputs/pdb/CANDIDATE_P1MCPUFP__CPUFP500K_0032__00069_9e6y_s1931_db8fad67c32a.pdb	34999147da7192079c9e69ae5d6b1358d9161c158aaad20c9f9fe1c0a471b818	-60.97994	3	4	227	0.43381601	50	0.8	112	1821	17	0.525175	748	positive_pose_source_case02_pos_04_PVRIG-38	0	WEAK_PRIOR_ONLY	-11.308	2	cluster_1_model_1.pdb.gz	SUPPORTED_AB	DESCRIPTIVE_ONLY	1.597	-16.04	-1.219	32.436	2.465	767.626	1315.932	548.306	17.0	-0.028	1.0	231.0	58.0	0.0	1.587	0.727	1.053	29.489	2.084	62.531	0.0	old_top7500	1	1931	CORE_EXPLOITATION	/data1/qlyu/projects/pvrig_priority_top7500_dualreceptor_multiseed_docking_results_v1_20260722/top7500_25k/compressed_queue/CANDIDATE_P1MCPUFP__CPUFP500K_0032__00069_9e6y_s1931_db8fad67c32a.tar.gz	runs/CANDIDATE_P1MCPUFP__CPUFP500K_0032__00069_9e6y_s1931_db8fad67c32a/haddock_run/6_seletopclusts/cluster_1_model_1.pdb.gz	db8fad67c32acedf384652f51fa966876b9cc94137d255a242136a39a9b73061	8c55751f66ac2930ce115a9419321a2b2bed220b61af2e1671f7ac6e6a2e33b3	CANDIDATE_P1MCPUFP__CPUFP500K_0032__00069_9e6y_s1931_db8fad67c32a	0.0	Static structure diagnostics only; not experimental affinity, blocking, expression or purity.	9	19
326.774	P1MCPUFP__CPUFP500K_0032__00089	YPETGPLP	7	ISADQKLT	6	AASEAGGSFSTSEPQY	0.2173913	5	0.7826087	AT	8x6b	122	1461	15	1.056771	601	5	NOT_RUN_CROSS_CANDIDATE_RANK_REJECTED	5	/data/qlyu/projects/pvrig_top7500_dualpanel_screen_v1_20260724/run/static_review/inputs/pdb/CANDIDATE_P1MCPUFP__CPUFP500K_0032__00089_8x6b_s917_f2a64c1047b1.pdb	4152c689e93012bb0a0e128588ebd007ed819126261b241b51161fc3b31e504d	-62.189580000000014	8	6	238	0.47087399	53	0.7	121	1446	15	0.462217	599	positive_pose_source_case02_pos_04_PVRIG-38	0	WEAK_PRIOR_ONLY	-10.049	2	cluster_1_model_1.pdb.gz	STRICT_A	DESCRIPTIVE_ONLY	1.039	-11.889	-0.847	-16.643	-1.186	878.962	1402.9	523.938	13.0	0.138	4.0	226.0	61.0	0.0	1.024	0.676	2.942	76.494	-0.401	-14.024	0.0	old_top7500	6	917	QUOTA_SAFE_BACKFILL	/data1/qlyu/projects/pvrig_priority_top7500_dualreceptor_multiseed_docking_results_v1_20260722/top7500_25k/compressed_queue/CANDIDATE_P1MCPUFP__CPUFP500K_0032__00089_8x6b_s917_f2a64c1047b1.tar.gz	runs/CANDIDATE_P1MCPUFP__CPUFP500K_0032__00089_8x6b_s917_f2a64c1047b1/haddock_run/6_seletopclusts/cluster_1_model_1.pdb.gz	f2a64c1047b183b05628d7977f164de09ee8dbb0a10db03c230bd075f01f54aa	8c55751f66ac2930ce115a9419321a2b2bed220b61af2e1671f7ac6e6a2e33b3	CANDIDATE_P1MCPUFP__CPUFP500K_0032__00089_8x6b_s917_f2a64c1047b1	0.0	Static structure diagnostics only; not experimental affinity, blocking, expression or purity.	194	23
291.931	P1MCPUFP__CPUFP500K_0032__00089	YPETGPLP	6	ISADQKLT	3	AASEAGGSFSTSEPQY	0.52380952	11	0.95238095	AT	9e6y	77	1376	19	0.928782	554	4	NOT_RUN_CROSS_CANDIDATE_RANK_REJECTED	1	/data/qlyu/projects/pvrig_top7500_dualpanel_screen_v1_20260724/run/static_review/inputs/pdb/CANDIDATE_P1MCPUFP__CPUFP500K_0032__00089_9e6y_s1931_49e82a09a0d2.pdb	c354cf5d2b509412b7cd67cbf1d78e3c3c5495a48410931e17f039e8948adf1a	-67.39093	14	3	323	0.56396081	65	0.6	76	1363	19	0.530357	536	positive_pose_source_case02_pos_04_PVRIG-38	0	WEAK_PRIOR_ONLY	-14.164	2	cluster_1_model_1.pdb.gz	SUPPORTED_AB	DESCRIPTIVE_ONLY	1.232	-8.282	-0.498	59.518	3.577	975.213	1663.983	688.77	26.0	-0.094	8.0	231.0	70.0	0.0	1.708	0.642	3.915	121.37	-0.046	-1.811	0.0	old_top7500	2	1931	QUOTA_SAFE_BACKFILL	/data1/qlyu/projects/pvrig_priority_top7500_dualreceptor_multiseed_docking_results_v1_20260722/top7500_25k/compressed_queue/CANDIDATE_P1MCPUFP__CPUFP500K_0032__00089_9e6y_s1931_49e82a09a0d2.tar.gz	runs/CANDIDATE_P1MCPUFP__CPUFP500K_0032__00089_9e6y_s1931_49e82a09a0d2/haddock_run/6_seletopclusts/cluster_1_model_1.pdb.gz	49e82a09a0d2d0a3e738e3af263983b16019b1e372685ba4d6b3613250f40f1f	8c55751f66ac2930ce115a9419321a2b2bed220b61af2e1671f7ac6e6a2e33b3	CANDIDATE_P1MCPUFP__CPUFP500K_0032__00089_9e6y_s1931_49e82a09a0d2	0.0	Static structure diagnostics only; not experimental affinity, blocking, expression or purity.	194	21
211.453	P1MCPUFP__CPUFP500K_0032__00118	YPETGPLT	8	ISADGTQT	6	AASRFGGSFSLSDYDY	0.24	6	0.8	AT	8x6b	131	1531	18	1.085824	618	5	NOT_RUN_CROSS_CANDIDATE_RANK_REJECTED	5	/data/qlyu/projects/pvrig_top7500_dualpanel_screen_v1_20260724/run/static_review/inputs/pdb/CANDIDATE_P1MCPUFP__CPUFP500K_0032__00118_8x6b_s1931_cbe0cc864bb6.pdb	855b4ba1a74e3210fdfd8fd0d867157290d6b1a085864c8d0a7f109d8c4317b8	-76.7319	4	6	301	0.63967787	72	0.6	129	1464	18	0.512066	619	positive_pose_source_case02_pos_04_PVRIG-38	0	WEAK_PRIOR_ONLY	-11.11	3	cluster_1_model_1.pdb.gz	STRICT_A	DESCRIPTIVE_ONLY	0.925	-0.751	-0.043	15.562	0.898	1029.038	1733.642	704.604	19.0	-0.244	5.0	226.0	67.0	0.0	1.11	0.649	2.223	64.47	0.26	9.879	0.0	old_top7500	0	1931	CORE_EXPLOITATION	/data1/qlyu/projects/pvrig_priority_top7500_dualreceptor_multiseed_docking_results_v1_20260722/top7500_25k/compressed_queue/CANDIDATE_P1MCPUFP__CPUFP500K_0032__00118_8x6b_s1931_cbe0cc864bb6.tar.gz	runs/CANDIDATE_P1MCPUFP__CPUFP500K_0032__00118_8x6b_s1931_cbe0cc864bb6/haddock_run/6_seletopclusts/cluster_1_model_1.pdb.gz	cbe0cc864bb639b06e845f62bbcbb6c14bbbbe1e96c2ef6a57e93b4cddea0fbf	8c55751f66ac2930ce115a9419321a2b2bed220b61af2e1671f7ac6e6a2e33b3	CANDIDATE_P1MCPUFP__CPUFP500K_0032__00118_8x6b_s1931_cbe0cc864bb6	0.0	Static structure diagnostics only; not experimental affinity, blocking, expression or purity.	46	25
242.144	P1MCPUFP__CPUFP500K_0032__00118	YPETGPLT	7	ISADGTQT	4	AASRFGGSFSLSDYDY	0.38095238	8	0.9047619	AT	9e6y	108	1553	18	0.936905	630	5	NOT_RUN_CROSS_CANDIDATE_RANK_REJECTED	2	/data/qlyu/projects/pvrig_top7500_dualpanel_screen_v1_20260724/run/static_review/inputs/pdb/CANDIDATE_P1MCPUFP__CPUFP500K_0032__00118_9e6y_s917_45ab28cb75ba.pdb	f8f3b91b75f1af3da2306a71884b1bc8418c8b139fedc44dc462d2966a2e902c	-67.38000000000001	9	3	273	0.50322657	58	0.7	101	1516	18	0.5041	625	positive_pose_source_case02_pos_04_PVRIG-38	0	WEAK_PRIOR_ONLY	-11.971	3	cluster_1_model_1.pdb.gz	STRICT_A	DESCRIPTIVE_ONLY	1.183	-3.535	-0.235	38.663	2.569	856.128	1504.737	648.609	15.0	-0.032	3.0	231.0	64.0	0.0	0.898	0.653	1.567	42.306	0.41	15.178	0.0	old_top7500	1	917	CORE_EXPLOITATION	/data1/qlyu/projects/pvrig_priority_top7500_dualreceptor_multiseed_docking_results_v1_20260722/top7500_25k/compressed_queue/CANDIDATE_P1MCPUFP__CPUFP500K_0032__00118_9e6y_s917_45ab28cb75ba.tar.gz	runs/CANDIDATE_P1MCPUFP__CPUFP500K_0032__00118_9e6y_s917_45ab28cb75ba/haddock_run/6_seletopclusts/cluster_1_model_1.pdb.gz	45ab28cb75ba180d9db9d0406561b5e9c095a19984979a9a16833611b9c763b7	8c55751f66ac2930ce115a9419321a2b2bed220b61af2e1671f7ac6e6a2e33b3	CANDIDATE_P1MCPUFP__CPUFP500K_0032__00118_9e6y_s917_45ab28cb75ba	0.0	Static structure diagnostics only; not experimental affinity, blocking, expression or purity.	46	21
272.417	P1MCPUFP__CPUFP500K_0032__00163	APFTGPLT	5	ISASGQLT	5	AASSAGGSSDLRDYEY	0.52173913	12	0.95652174	AT	8x6b	93	1373	20	1.080262	558	5	NOT_RUN_CROSS_CANDIDATE_RANK_REJECTED	1	/data/qlyu/projects/pvrig_top7500_dualpanel_screen_v1_20260724/run/static_review/inputs/pdb/CANDIDATE_P1MCPUFP__CPUFP500K_0032__00163_8x6b_s1931_a580a68846e5.pdb	7178aeb2d99cf31c21c196bf750a8b099c33dfabcb32c8284fcbca8573b70c04	-57.12444000000001	5	5	246	0.62190904	70	0.4	94	1371	20	0.469772	566	positive_pose_source_case02_pos_04_PVRIG-38	0	WEAK_PRIOR_ONLY	-14.297	2	cluster_1_model_1.pdb.gz	SUPPORTED_AB	DESCRIPTIVE_ONLY	1.045	-18.891	-1.22	10.568	0.683	872.789	1547.869	675.079	20.0	-0.582	10.0	226.0	67.0	0.0	1.172	0.602	2.93	87.895	-0.253	-9.379	0.0	old_top7500	1	1931	QUOTA_SAFE_BACKFILL	/data1/qlyu/projects/pvrig_priority_top7500_dualreceptor_multiseed_docking_results_v1_20260722/top7500_25k/compressed_queue/CANDIDATE_P1MCPUFP__CPUFP500K_0032__00163_8x6b_s1931_a580a68846e5.tar.gz	runs/CANDIDATE_P1MCPUFP__CPUFP500K_0032__00163_8x6b_s1931_a580a68846e5/haddock_run/6_seletopclusts/cluster_1_model_1.pdb.gz	a580a68846e55b6c6279cfa1e4de118b3ba9fae09d1db5ded2c362c3613968a8	8c55751f66ac2930ce115a9419321a2b2bed220b61af2e1671f7ac6e6a2e33b3	CANDIDATE_P1MCPUFP__CPUFP500K_0032__00163_8x6b_s1931_a580a68846e5	0.0	Static structure diagnostics only; not experimental affinity, blocking, expression or purity.	200	23
164.706	P1MCPUFP__CPUFP500K_0032__00163	APFTGPLT	5	ISASGQLT	0	AASSAGGSSDLRDYEY	0.625	10	0.9375	AT	9e6y	146	1713	14	0.961015	732	4	NOT_RUN_CROSS_CANDIDATE_RANK_REJECTED	1	/data/qlyu/projects/pvrig_top7500_dualpanel_screen_v1_20260724/run/static_review/inputs/pdb/CANDIDATE_P1MCPUFP__CPUFP500K_0032__00163_9e6y_s917_587a3d2c5e5f.pdb	058cec832d4354cb3488b2d2375a71dbe5d2ca4c784b0fa05ffaf3bbeb6e24fa	-66.70528	7	4	229	0.39911072	46	0.4	140	1690	14	0.550821	712	positive_pose_source_case02_pos_04_PVRIG-38	0	WEAK_PRIOR_ONLY	-10.034	2	cluster_1_model_1.pdb.gz	STRICT_A	DESCRIPTIVE_ONLY	1.264	-11.406	-0.912	4.241	0.339	669.753	1250.066	580.313	8.0	-0.604	4.0	231.0	54.0	0.0	2.783	0.75	4.173	104.319	1.585	45.953	0.0	old_top7500	0	917	QUOTA_SAFE_BACKFILL	/data1/qlyu/projects/pvrig_priority_top7500_dualreceptor_multiseed_docking_results_v1_20260722/top7500_25k/compressed_queue/CANDIDATE_P1MCPUFP__CPUFP500K_0032__00163_9e6y_s917_587a3d2c5e5f.tar.gz	runs/CANDIDATE_P1MCPUFP__CPUFP500K_0032__00163_9e6y_s917_587a3d2c5e5f/haddock_run/6_seletopclusts/cluster_1_model_1.pdb.gz	587a3d2c5e5f4c68b00d0328b741cbd0799cd7f897c0ddc6903bf076367ab83e	8c55751f66ac2930ce115a9419321a2b2bed220b61af2e1671f7ac6e6a2e33b3	CANDIDATE_P1MCPUFP__CPUFP500K_0032__00163_9e6y_s917_587a3d2c5e5f	0.0	Static structure diagnostics only; not experimental affinity, blocking, expression or purity.	200	16
181.81	P1MCPUFP__CPUFP500K_0032__00270	APLTGPIS	4	ISADGTLQ	4	AASERGGSGDLTDYRF	0.46666667	7	1.0	AT	8x6b	100	1515	14	1.026242	647	2	NOT_RUN_CROSS_CANDIDATE_RANK_REJECTED	0	/data/qlyu/projects/pvrig_top7500_dualpanel_screen_v1_20260724/run/static_review/inputs/pdb/CANDIDATE_P1MCPUFP__CPUFP500K_0032__00270_8x6b_s917_2bdfea7ad13b.pdb	9633d939ab0c02277e57202482592f8287475fc3736bdbee5fb0e76d13160645	-59.08274	9	2	213	0.36426101	41	0.5	96	1535	14	0.43774	631	positive_pose_source_case02_pos_04_PVRIG-38	0	WEAK_PRIOR_ONLY	-10.572	3	cluster_1_model_1.pdb.gz	SUPPORTED_AB	DESCRIPTIVE_ONLY	0.464	-3.186	-0.258	0.637	0.051	778.814	1237.013	458.199	9.0	-2.599	2.0	226.0	56.0	0.0	0.87	0.702	0.927	23.166	0.824	25.537	0.0	old_top7500	10	917	QUOTA_SAFE_BACKFILL	/data1/qlyu/projects/pvrig_priority_top7500_dualreceptor_multiseed_docking_results_v1_20260722/top7500_25k/compressed_queue/CANDIDATE_P1MCPUFP__CPUFP500K_0032__00270_8x6b_s917_2bdfea7ad13b.tar.gz	runs/CANDIDATE_P1MCPUFP__CPUFP500K_0032__00270_8x6b_s917_2bdfea7ad13b/haddock_run/6_seletopclusts/cluster_1_model_1.pdb.gz	2bdfea7ad13b3bf4141e4516fd256c7b93aa7631cbd65515193fd05a32183795	8c55751f66ac2930ce115a9419321a2b2bed220b61af2e1671f7ac6e6a2e33b3	CANDIDATE_P1MCPUFP__CPUFP500K_0032__00270_8x6b_s917_2bdfea7ad13b	0.0	Static structure diagnostics only; not experimental affinity, blocking, expression or purity.	197	15
126.165	P1MCPUFP__CPUFP500K_0032__00270	APLTGPIS	6	ISADGTLQ	4	AASERGGSGDLTDYRF	0.31818182	7	0.77272727	AT	9e6y	101	1163	14	1.033168	509	4	NOT_RUN_CROSS_CANDIDATE_RANK_REJECTED	5	/data/qlyu/projects/pvrig_top7500_dualpanel_screen_v1_20260724/run/static_review/inputs/pdb/CANDIDATE_P1MCPUFP__CPUFP500K_0032__00270_9e6y_s917_51ea4ca8f76a.pdb	0ef125213b7b6b0f4aa5f5620a97efa68cc1cb2d8428d347d673a35334d0b046	-64.58008	11	5	292	0.48587393	56	0.5	98	1163	14	0.613591	506	positive_pose_source_case02_pos_04_PVRIG-38	0	WEAK_PRIOR_ONLY	-11.736	3	cluster_1_model_1.pdb.gz	SUPPORTED_AB	DESCRIPTIVE_ONLY	1.059	26.027	1.61	95.589	5.912	878.674	1616.981	738.307	16.0	-0.022	3.0	231.0	63.0	0.0	1.684	0.604	2.391	59.768	1.22	46.345	0.0	old_top7500	0	917	QUOTA_SAFE_BACKFILL	/data1/qlyu/projects/pvrig_priority_top7500_dualreceptor_multiseed_docking_results_v1_20260722/top7500_25k/compressed_queue/CANDIDATE_P1MCPUFP__CPUFP500K_0032__00270_9e6y_s917_51ea4ca8f76a.tar.gz	runs/CANDIDATE_P1MCPUFP__CPUFP500K_0032__00270_9e6y_s917_51ea4ca8f76a/haddock_run/6_seletopclusts/cluster_1_model_1.pdb.gz	51ea4ca8f76a6553349692fc7c62a6e4d2bb77c847634acada6b587de101a0d4	8c55751f66ac2930ce115a9419321a2b2bed220b61af2e1671f7ac6e6a2e33b3	CANDIDATE_P1MCPUFP__CPUFP500K_0032__00270_9e6y_s917_51ea4ca8f76a	0.0	Static structure diagnostics only; not experimental affinity, blocking, expression or purity.	197	22
275.938	P1MCPUFP__CPUFP500K_0032__00343	HPETGPLP	5	ISADGKHQ	6	AASSSGGSTDLSDYQH	0.31578947	6	0.89473684	AT	8x6b	146	1987	16	1.100895	817	2	NOT_RUN_CROSS_CANDIDATE_RANK_REJECTED	2	/data/qlyu/projects/pvrig_top7500_dualpanel_screen_v1_20260724/run/static_review/inputs/pdb/CANDIDATE_P1MCPUFP__CPUFP500K_0032__00343_8x6b_s917_0947f9b62142.pdb	500093cbd25a41031c543473c8e7266e6707ed2d83ffc8f21caa8db88441b99b	-69.91589	14	5	304	0.60414021	68	0.6	142	1983	16	0.552	799	positive_pose_source_case02_pos_04_PVRIG-38	0	WEAK_PRIOR_ONLY	-11.448	3	cluster_1_model_1.pdb.gz	STRICT_A	DESCRIPTIVE_ONLY	0.889	14.345	0.859	34.208	2.049	904.432	1669.776	765.344	17.0	-0.092	4.0	226.0	75.0	0.0	1.314	0.633	2.009	66.286	0.768	32.274	0.0	old_top7500	3	917	QUOTA_SAFE_BACKFILL	/data1/qlyu/projects/pvrig_priority_top7500_dualreceptor_multiseed_docking_results_v1_20260722/top7500_25k/compressed_queue/CANDIDATE_P1MCPUFP__CPUFP500K_0032__00343_8x6b_s917_0947f9b62142.tar.gz	runs/CANDIDATE_P1MCPUFP__CPUFP500K_0032__00343_8x6b_s917_0947f9b62142/haddock_run/6_seletopclusts/cluster_1_model_1.pdb.gz	0947f9b62142b18811498590034c53dcb0022dd8b81aa7083203bae4b09bfa80	8c55751f66ac2930ce115a9419321a2b2bed220b61af2e1671f7ac6e6a2e33b3	CANDIDATE_P1MCPUFP__CPUFP500K_0032__00343_8x6b_s917_0947f9b62142	0.0	Static structure diagnostics only; not experimental affinity, blocking, expression or purity.	181	19
205.148	P1MCPUFP__CPUFP500K_0032__00343	HPETGPLP	6	ISADGKHQ	7	AASSSGGSTDLSDYQH	0.31818182	7	0.90909091	AT	9e6y	147	1978	15	1.042493	818	3	NOT_RUN_CROSS_CANDIDATE_RANK_REJECTED	2	/data/qlyu/projects/pvrig_top7500_dualpanel_screen_v1_20260724/run/static_review/inputs/pdb/CANDIDATE_P1MCPUFP__CPUFP500K_0032__00343_9e6y_s917_91596d4f879d.pdb	cf4a192edd50757bd0cde6a0f450395fc9c15d83d6ded0b6631a07a37da02762	-78.92435	14	6	342	0.67675297	78	0.4	149	1947	15	0.711024	827	positive_pose_source_case02_pos_04_PVRIG-38	0	WEAK_PRIOR_ONLY	-12.634	2	cluster_1_model_1.pdb.gz	STRICT_A	DESCRIPTIVE_ONLY	1.18	16.74	1.016	69.577	4.223	890.388	1647.633	757.245	20.0	-0.134	11.0	231.0	74.0	0.0	1.359	0.684	1.816	59.928	0.992	40.673	0.0	old_top7500	3	917	QUOTA_SAFE_BACKFILL	/data1/qlyu/projects/pvrig_priority_top7500_dualreceptor_multiseed_docking_results_v1_20260722/top7500_25k/compressed_queue/CANDIDATE_P1MCPUFP__CPUFP500K_0032__00343_9e6y_s917_91596d4f879d.tar.gz	runs/CANDIDATE_P1MCPUFP__CPUFP500K_0032__00343_9e6y_s917_91596d4f879d/haddock_run/6_seletopclusts/cluster_1_model_1.pdb.gz	91596d4f879da7463c9ff230ee8bd3867fad2419eb3bd382e98669a44c4978eb	8c55751f66ac2930ce115a9419321a2b2bed220b61af2e1671f7ac6e6a2e33b3	CANDIDATE_P1MCPUFP__CPUFP500K_0032__00343_9e6y_s917_91596d4f879d	0.0	Static structure diagnostics only; not experimental affinity, blocking, expression or purity.	181	22
225.301	P1MCPUFP__CPUFP500K_0032__00877	APFTGPLT	7	ISADGKLT	4	AVSEEGGSFSLSDYQY	0.33333333	7	0.85714286	AT	8x6b	101	1787	17	1.069898	717	5	NOT_RUN_CROSS_CANDIDATE_RANK_REJECTED	3	/data/qlyu/projects/pvrig_top7500_dualpanel_screen_v1_20260724/run/static_review/inputs/pdb/CANDIDATE_P1MCPUFP__CPUFP500K_0032__00877_8x6b_s1931_327f8f7d30b0.pdb	0b06a1eb2189816e5fe6a48935536886656f479f5b926a613ccb288ac305bfea	-70.08239400000001	12	3	269	0.56860255	64	0.2	102	1763	17	0.515305	696	positive_pose_source_case02_pos_04_PVRIG-38	0	WEAK_PRIOR_ONLY	-12.241	2	cluster_1_model_1.pdb.gz	SUPPORTED_AB	DESCRIPTIVE_ONLY	0.914	2.911	0.188	25.134	1.623	824.582	1548.274	723.692	20.0	-0.12	5.0	226.0	66.0	0.0	1.163	0.518	2.159	66.914	0.281	9.845	0.0	old_top7500	0	1931	CORE_EXPLOITATION	/data1/qlyu/projects/pvrig_priority_top7500_dualreceptor_multiseed_docking_results_v1_20260722/top7500_25k/compressed_queue/CANDIDATE_P1MCPUFP__CPUFP500K_0032__00877_8x6b_s1931_327f8f7d30b0.tar.gz	runs/CANDIDATE_P1MCPUFP__CPUFP500K_0032__00877_8x6b_s1931_327f8f7d30b0/haddock_run/6_seletopclusts/cluster_1_model_1.pdb.gz	327f8f7d30b059e52228aec9d187461dc0abd7352b73c428f1de025fd6bed97c	8c55751f66ac2930ce115a9419321a2b2bed220b61af2e1671f7ac6e6a2e33b3	CANDIDATE_P1MCPUFP__CPUFP500K_0032__00877_8x6b_s1931_327f8f7d30b0	0.0	Static structure diagnostics only; not experimental affinity, blocking, expression or purity.	60	21
233.75	P1MCPUFP__CPUFP500K_0032__00877	APFTGPLT	5	ISADGKLT	2	AVSEEGGSFSLSDYQY	0.55	11	0.9	AT	9e6y	84	1351	19	0.974338	543	4	NOT_RUN_CROSS_CANDIDATE_RANK_REJECTED	2	/data/qlyu/projects/pvrig_top7500_dualpanel_screen_v1_20260724/run/static_review/inputs/pdb/CANDIDATE_P1MCPUFP__CPUFP500K_0032__00877_9e6y_s1931_de61219361c5.pdb	0d51446db9188c9e822fae562c01a58b21bc30b4f54a75e2e843d5892638250d	-72.7992	12	2	252	0.52057921	60	0.1	78	1380	19	0.62163	533	positive_pose_source_case02_pos_04_PVRIG-38	0	WEAK_PRIOR_ONLY	-12.152	2	cluster_1_model_1.pdb.gz	SUPPORTED_AB	DESCRIPTIVE_ONLY	1.387	-8.342	-0.543	36.11	2.349	846.578	1537.438	690.86	9.0	-0.177	8.0	231.0	65.0	0.0	1.583	0.569	4.281	119.869	-0.459	-16.98	0.0	old_top7500	4	1931	CORE_EXPLOITATION	/data1/qlyu/projects/pvrig_priority_top7500_dualreceptor_multiseed_docking_results_v1_20260722/top7500_25k/compressed_queue/CANDIDATE_P1MCPUFP__CPUFP500K_0032__00877_9e6y_s1931_de61219361c5.tar.gz	runs/CANDIDATE_P1MCPUFP__CPUFP500K_0032__00877_9e6y_s1931_de61219361c5/haddock_run/6_seletopclusts/cluster_1_model_1.pdb.gz	de61219361c57dd61dca7a6b44857acdb688c9d8e91dd8f3e6476b31b319ea71	8c55751f66ac2930ce115a9419321a2b2bed220b61af2e1671f7ac6e6a2e33b3	CANDIDATE_P1MCPUFP__CPUFP500K_0032__00877_9e6y_s1931_de61219361c5	0.0	Static structure diagnostics only; not experimental affinity, blocking, expression or purity.	60	20
260.862	P1MCPUFP__CPUFP500K_0032__00938	FPSTGPYT	7	ISADGTQT	5	AASEEGGSSDLSTYKY	0.31818182	7	0.86363636	AT	8x6b	146	2037	18	1.042614	806	4	NOT_RUN_CROSS_CANDIDATE_RANK_REJECTED	3	/data/qlyu/projects/pvrig_top7500_dualpanel_screen_v1_20260724/run/static_review/inputs/pdb/CANDIDATE_P1MCPUFP__CPUFP500K_0032__00938_8x6b_s1931_059bb526492e.pdb	3a3c3b28b0298145d2404defcf17176563563b6788ed8be47235f7bfed5c6b5c	-58.603849999999994	8	3	281	0.63079346	71	0.5	143	2004	18	0.443013	790	positive_pose_source_case02_pos_04_PVRIG-38	0	WEAK_PRIOR_ONLY	-12.425	2	cluster_1_model_1.pdb.gz	STRICT_A	DESCRIPTIVE_ONLY	0.679	-1.125	-0.083	10.358	0.761	756.564	1361.891	605.327	22.0	-0.436	5.0	226.0	64.0	0.0	0.685	0.632	1.433	42.979	0.025	0.866	0.0	old_top7500	1	1931	CORE_EXPLOITATION	/data1/qlyu/projects/pvrig_priority_top7500_dualreceptor_multiseed_docking_results_v1_20260722/top7500_25k/compressed_queue/CANDIDATE_P1MCPUFP__CPUFP500K_0032__00938_8x6b_s1931_059bb526492e.tar.gz	runs/CANDIDATE_P1MCPUFP__CPUFP500K_0032__00938_8x6b_s1931_059bb526492e/haddock_run/6_seletopclusts/cluster_1_model_1.pdb.gz	059bb526492e94c94c3a77d8f91bc797fac59ea8f454ae6b11f3c4d476f94a97	8c55751f66ac2930ce115a9419321a2b2bed220b61af2e1671f7ac6e6a2e33b3	CANDIDATE_P1MCPUFP__CPUFP500K_0032__00938_8x6b_s1931_059bb526492e	0.0	Static structure diagnostics only; not experimental affinity, blocking, expression or purity.	86	22
306.26	P1MCPUFP__CPUFP500K_0032__00938	FPSTGPYT	7	ISADGTQT	5	AASEEGGSSDLSTYKY	0.33333333	7	0.9047619	AT	9e6y	139	1877	14	0.954754	789	4	NOT_RUN_CROSS_CANDIDATE_RANK_REJECTED	2	/data/qlyu/projects/pvrig_top7500_dualpanel_screen_v1_20260724/run/static_review/inputs/pdb/CANDIDATE_P1MCPUFP__CPUFP500K_0032__00938_9e6y_s917_42231064d356.pdb	4bb843d1280dbca8f05938f769555434da262780c7746da404011558a3a71893	-48.30418999999999	8	2	260	0.50322657	58	0.7	150	2028	14	0.524156	840	positive_pose_source_case02_pos_04_PVRIG-38	0	WEAK_PRIOR_ONLY	-12.014	3	cluster_1_model_1.pdb.gz	STRICT_A	DESCRIPTIVE_ONLY	1.291	5.114	0.394	32.319	2.492	804.252	1297.176	492.924	12.0	-0.112	4.0	231.0	60.0	0.0	2.086	0.682	2.758	82.733	1.414	42.415	0.0	old_top7500	1	917	CORE_EXPLOITATION	/data1/qlyu/projects/pvrig_priority_top7500_dualreceptor_multiseed_docking_results_v1_20260722/top7500_25k/compressed_queue/CANDIDATE_P1MCPUFP__CPUFP500K_0032__00938_9e6y_s917_42231064d356.tar.gz	runs/CANDIDATE_P1MCPUFP__CPUFP500K_0032__00938_9e6y_s917_42231064d356/haddock_run/6_seletopclusts/cluster_1_model_1.pdb.gz	42231064d35642e7af6a8affc524b43349f73e94300080dd7bf1de33184ff353	8c55751f66ac2930ce115a9419321a2b2bed220b61af2e1671f7ac6e6a2e33b3	CANDIDATE_P1MCPUFP__CPUFP500K_0032__00938_9e6y_s917_42231064d356	0.0	Static structure diagnostics only; not experimental affinity, blocking, expression or purity.	86	21
253.593	P1MCPUFP__CPUFP500K_0034__00437	GDWSELPD	7	ISADGKTV	6	ASGYYSGSSDPSVWQH	0.30434783	7	0.86956522	AT	8x6b	115	1599	15	1.081491	626	2	NOT_RUN_CROSS_CANDIDATE_RANK_REJECTED	3	/data/qlyu/projects/pvrig_top7500_dualpanel_screen_v1_20260724/run/static_review/inputs/pdb/CANDIDATE_P1MCPUFP__CPUFP500K_0034__00437_8x6b_s1931_26b842664e78.pdb	a155d80833546b28ad01c50790de031b3ccea8cb3caf7a45f03c9449b3c7d190	-95.29799999999999	9	6	336	0.58637138	66	0.6	115	1584	15	0.466645	622	positive_pose_source_case02_pos_04_PVRIG-38	0	WEAK_PRIOR_ONLY	-12.011	3	cluster_1_model_1.pdb.gz	STRICT_A	DESCRIPTIVE_ONLY	0.756	24.396	1.348	45.168	2.496	1020.247	1809.887	789.639	16.0	-0.057	3.0	226.0	65.0	0.0	1.528	0.668	3.191	92.529	0.188	6.783	0.0	old_top7500	5	1931	PARENT_CDR3_DIVERSITY	/data1/qlyu/projects/pvrig_priority_top7500_dualreceptor_multiseed_docking_results_v1_20260722/top7500_25k/compressed_queue/CANDIDATE_P1MCPUFP__CPUFP500K_0034__00437_8x6b_s1931_26b842664e78.tar.gz	runs/CANDIDATE_P1MCPUFP__CPUFP500K_0034__00437_8x6b_s1931_26b842664e78/haddock_run/6_seletopclusts/cluster_1_model_1.pdb.gz	26b842664e78a0b8ff15fb2cf2ca4a29f4856685279ee288113b0cfd57239e1a	8c55751f66ac2930ce115a9419321a2b2bed220b61af2e1671f7ac6e6a2e33b3	CANDIDATE_P1MCPUFP__CPUFP500K_0034__00437_8x6b_s1931_26b842664e78	0.0	Static structure diagnostics only; not experimental affinity, blocking, expression or purity.	149	23
161.843	P1MCPUFP__CPUFP500K_0034__00437	GDWSELPD	7	ISADGKTV	6	ASGYYSGSSDPSVWQH	0.33333333	7	0.95238095	AT	9e6y	113	1582	16	1.007815	619	2	NOT_RUN_CROSS_CANDIDATE_RANK_REJECTED	1	/data/qlyu/projects/pvrig_top7500_dualpanel_screen_v1_20260724/run/static_review/inputs/pdb/CANDIDATE_P1MCPUFP__CPUFP500K_0034__00437_9e6y_s1931_1a91748b52c8.pdb	0c2eae7fcc4babf130d825d179fba54c01aa9d0f192443c5358a397653dca1a4	-100.90459999999999	6	4	324	0.52057921	60	0.6	113	1612	16	0.570459	629	positive_pose_source_case02_pos_04_PVRIG-38	0	WEAK_PRIOR_ONLY	-11.013	3	cluster_1_model_1.pdb.gz	STRICT_A	DESCRIPTIVE_ONLY	1.273	34.352	2.033	51.084	3.024	983.294	1689.382	706.088	8.0	-0.178	9.0	231.0	64.0	0.0	2.035	0.687	3.884	112.641	0.502	17.567	0.0	old_top7500	5	1931	PARENT_CDR3_DIVERSITY	/data1/qlyu/projects/pvrig_priority_top7500_dualreceptor_multiseed_docking_results_v1_20260722/top7500_25k/compressed_queue/CANDIDATE_P1MCPUFP__CPUFP500K_0034__00437_9e6y_s1931_1a91748b52c8.tar.gz	runs/CANDIDATE_P1MCPUFP__CPUFP500K_0034__00437_9e6y_s1931_1a91748b52c8/haddock_run/6_seletopclusts/cluster_1_model_1.pdb.gz	1a91748b52c80648eced0ef437bc7a34a08e5e3e38c47b7e0727caf30206999b	8c55751f66ac2930ce115a9419321a2b2bed220b61af2e1671f7ac6e6a2e33b3	CANDIDATE_P1MCPUFP__CPUFP500K_0034__00437_9e6y_s1931_1a91748b52c8	0.0	Static structure diagnostics only; not experimental affinity, blocking, expression or purity.	149	21
161.379	P1MCPUFP__CPUFP500K_0036__00857	GDFSGPLD	5	LSASGKIS	5	AASSRGYSADPDEWEY	0.44444444	8	1.0	AT	8x6b	105	1511	17	1.047777	658	4	NOT_RUN_CROSS_CANDIDATE_RANK_REJECTED	0	/data/qlyu/projects/pvrig_top7500_dualpanel_screen_v1_20260724/run/static_review/inputs/pdb/CANDIDATE_P1MCPUFP__CPUFP500K_0036__00857_8x6b_s1931_d0c10395c953.pdb	8a8a6dcc7287fe0c5a37de6d5d2e8c19faf2df70e489e985cd20be045447af90	-85.216	9	5	248	0.4175675	47	0.7	106	1479	17	0.499815	638	positive_pose_source_case02_pos_04_PVRIG-38	0	WEAK_PRIOR_ONLY	-9.205	2	cluster_1_model_1.pdb.gz	STRICT_A	DESCRIPTIVE_ONLY	0.826	-12.106	-0.8	3.974	0.263	883.724	1512.38	628.656	12.0	-0.436	4.0	226.0	59.0	0.0	0.987	0.623	1.7	42.491	0.463	15.737	0.0	old_top7500	11	1931	PARENT_CDR3_DIVERSITY	/data1/qlyu/projects/pvrig_priority_top7500_dualreceptor_multiseed_docking_results_v1_20260722/top7500_25k/compressed_queue/CANDIDATE_P1MCPUFP__CPUFP500K_0036__00857_8x6b_s1931_d0c10395c953.tar.gz	runs/CANDIDATE_P1MCPUFP__CPUFP500K_0036__00857_8x6b_s1931_d0c10395c953/haddock_run/6_seletopclusts/cluster_1_model_1.pdb.gz	d0c10395c953a67924372e0f8edaad0b127067f9566772fac7ea2438f3ae4a5b	8c55751f66ac2930ce115a9419321a2b2bed220b61af2e1671f7ac6e6a2e33b3	CANDIDATE_P1MCPUFP__CPUFP500K_0036__00857_8x6b_s1931_d0c10395c953	0.0	Static structure diagnostics only; not experimental affinity, blocking, expression or purity.	148	18
129.524	P1MCPUFP__CPUFP500K_0036__00857	GDFSGPLD	5	LSASGKIS	6	AASSRGYSADPDEWEY	0.42105263	8	1.0	AT	9e6y	108	1527	18	0.977801	659	5	NOT_RUN_CROSS_CANDIDATE_RANK_REJECTED	0	/data/qlyu/projects/pvrig_top7500_dualpanel_screen_v1_20260724/run/static_review/inputs/pdb/CANDIDATE_P1MCPUFP__CPUFP500K_0036__00857_9e6y_s1931_e15c271c3cf3.pdb	977b1518ac782b6bf3235bcbe0f546355513ee9607ff8e3460ef7913277ed507	-93.7693	10	5	277	0.45984497	53	0.8	104	1541	18	0.533911	649	positive_pose_source_case02_pos_04_PVRIG-38	0	WEAK_PRIOR_ONLY	-10.012	2	cluster_1_model_1.pdb.gz	STRICT_A	DESCRIPTIVE_ONLY	1.133	-8.05	-0.519	0.79	0.051	967.136	1550.173	583.038	13.0	-7.107	8.0	231.0	59.0	0.0	1.253	0.672	2.425	58.207	0.448	15.694	0.0	old_top7500	8	1931	PARENT_CDR3_DIVERSITY	/data1/qlyu/projects/pvrig_priority_top7500_dualreceptor_multiseed_docking_results_v1_20260722/top7500_25k/compressed_queue/CANDIDATE_P1MCPUFP__CPUFP500K_0036__00857_9e6y_s1931_e15c271c3cf3.tar.gz	runs/CANDIDATE_P1MCPUFP__CPUFP500K_0036__00857_9e6y_s1931_e15c271c3cf3/haddock_run/6_seletopclusts/cluster_1_model_1.pdb.gz	e15c271c3cf3548aff586295df72fe188057b81e5685146cc3246acf22b6f2bb	8c55751f66ac2930ce115a9419321a2b2bed220b61af2e1671f7ac6e6a2e33b3	CANDIDATE_P1MCPUFP__CPUFP500K_0036__00857_9e6y_s1931_e15c271c3cf3	0.0	Static structure diagnostics only; not experimental affinity, blocking, expression or purity.	148	19
325.635	P1MCPUFP__CPUFP500K_0083__00464	GPGFRLGPAH	3	VDAEGDV	0	AAGPWPSGVVPMTESGYSY	0.55555556	10	0.72222222	AT	8x6b	171	1691	18	39.301262	745	5	NOT_RUN_CROSS_CANDIDATE_RANK_REJECTED	5	/data/qlyu/projects/pvrig_top7500_dualpanel_screen_v1_20260724/run/static_review/inputs/pdb/CANDIDATE_P1MCPUFP__CPUFP500K_0083__00464_8x6b_s3047_c3dfb8e9677b.pdb	56713dfd6dc9719152a4dda6ac606436da78e51d2a1033c4f52b47175a3d1551	-64.18260000000001	7	3	185	0.39345226	45	1.0	176	1670	18	39.186222	730	positive_pose_source_case02_pos_10_151H7	0	WEAK_PRIOR_ONLY	-10.337	3	cluster_1_model_1.pdb.gz	STRICT_A	DESCRIPTIVE_ONLY	1.136	19.383	1.343	25.606	1.774	911.885	1443.561	531.676	25.0	-0.082	2.0	230.0	61.0	0.0	0.928	0.66	1.811	48.891	0.226	7.7	0.0	c2_four_seed	4	3047	CORE_EXPLOITATION	/data1/qlyu/projects/pvrig_c2_new4220_seed42_3047_docking_results_v1_20260723/c2_new4220_seed42_3047/compressed_queue/CANDIDATE_P1MCPUFP__CPUFP500K_0083__00464_8x6b_s3047_c3dfb8e9677b.tar.gz	runs/CANDIDATE_P1MCPUFP__CPUFP500K_0083__00464_8x6b_s3047_c3dfb8e9677b/haddock_run/6_seletopclusts/cluster_1_model_1.pdb.gz	c3dfb8e9677be82db96ebc8551ec48d519544c386ef98972fa20babe1e13a6d7	8c55751f66ac2930ce115a9419321a2b2bed220b61af2e1671f7ac6e6a2e33b3	CANDIDATE_P1MCPUFP__CPUFP500K_0083__00464_8x6b_s3047_c3dfb8e9677b	0.0	Static structure diagnostics only; not experimental affinity, blocking, expression or purity.	30	18
257.692	P1MCPUFP__CPUFP500K_0083__00464	GPGFRLGPAH	3	VDAEGDV	0	AAGPWPSGVVPMTESGYSY	0.71428571	15	0.85714286	AT	9e6y	166	1743	17	0.974017	686	6	NOT_RUN_CROSS_CANDIDATE_RANK_REJECTED	3	/data/qlyu/projects/pvrig_top7500_dualpanel_screen_v1_20260724/run/static_review/inputs/pdb/CANDIDATE_P1MCPUFP__CPUFP500K_0083__00464_9e6y_s917_fae1f9dcb518.pdb	fbd12086755e0e7b4fee885aa8919544e9672030f4e9c6f68072234ede24532f	-70.15060000000001	4	4	219	0.46108397	54	0.9	165	1736	17	0.529311	681	positive_pose_source_case02_pos_10_151H7	0	WEAK_PRIOR_ONLY	-9.611	3	cluster_1_model_1.pdb.gz	STRICT_A	DESCRIPTIVE_ONLY	2.236	-2.266	-0.162	10.269	0.735	872.716	1396.544	523.827	6.0	-0.134	2.0	235.0	62.0	0.0	0.928	0.579	1.567	45.437	0.366	12.094	0.0	c2_four_seed	0	917	CORE_EXPLOITATION	/data1/qlyu/projects/pvrig_c2_new6220_dualreceptor_2seed_docking_results_v1_20260723/c2_new4220/compressed_queue/CANDIDATE_P1MCPUFP__CPUFP500K_0083__00464_9e6y_s917_fae1f9dcb518.tar.gz	runs/CANDIDATE_P1MCPUFP__CPUFP500K_0083__00464_9e6y_s917_fae1f9dcb518/haddock_run/6_seletopclusts/cluster_1_model_1.pdb.gz	fae1f9dcb51832b432be70d7dffa0c824f4edefff7d8fcaca551bcb68d4c5419	8c55751f66ac2930ce115a9419321a2b2bed220b61af2e1671f7ac6e6a2e33b3	CANDIDATE_P1MCPUFP__CPUFP500K_0083__00464_9e6y_s917_fae1f9dcb518	0.0	Static structure diagnostics only; not experimental affinity, blocking, expression or purity.	30	21
258.043	P1MCPUFP__CPUFP500K_0086__00077	GPGFREGPAD	8	ISYEGTV	3	AIGPRPSTTVPMSEEGYVY	0.40909091	9	0.90909091	AT	8x6b	175	1713	20	1.052931	678	3	NOT_RUN_CROSS_CANDIDATE_RANK_REJECTED	2	/data/qlyu/projects/pvrig_top7500_dualpanel_screen_v1_20260724/run/static_review/inputs/pdb/CANDIDATE_P1MCPUFP__CPUFP500K_0086__00077_8x6b_s917_ec6f8ad64236.pdb	83bac86637fe04ab69167050008f32b7b0c75a133b7761fbfa6e5f113655c946	-81.0419	13	4	296	0.56831993	65	1.0	182	1645	20	0.528249	689	positive_pose_source_case02_pos_10_151H7	0	WEAK_PRIOR_ONLY	-12.244	3	cluster_1_model_1.pdb.gz	STRICT_A	DESCRIPTIVE_ONLY	0.967	-13.234	-0.741	15.095	0.845	1060.102	1786.129	726.027	17.0	-0.238	5.0	230.0	67.0	0.0	1.198	0.566	2.262	65.612	0.385	14.639	0.0	old_top7500	3	917	STRUCTURAL_RESERVE	/data1/qlyu/projects/pvrig_priority_top7500_dualreceptor_multiseed_docking_results_v1_20260722/top7500_25k/compressed_queue/CANDIDATE_P1MCPUFP__CPUFP500K_0086__00077_8x6b_s917_ec6f8ad64236.tar.gz	runs/CANDIDATE_P1MCPUFP__CPUFP500K_0086__00077_8x6b_s917_ec6f8ad64236/haddock_run/6_seletopclusts/cluster_1_model_1.pdb.gz	ec6f8ad642363b383f307eff0eee33359200c31715fc3050584351f2ac1c0d5e	8c55751f66ac2930ce115a9419321a2b2bed220b61af2e1671f7ac6e6a2e33b3	CANDIDATE_P1MCPUFP__CPUFP500K_0086__00077_8x6b_s917_ec6f8ad64236	0.0	Static structure diagnostics only; not experimental affinity, blocking, expression or purity.	166	22
180.483	P1MCPUFP__CPUFP500K_0086__00077	GPGFREGPAD	6	ISYEGTV	3	AIGPRPSTTVPMSEEGYVY	0.45	9	0.9	AT	9e6y	181	1680	19	0.910663	698	3	NOT_RUN_CROSS_CANDIDATE_RANK_REJECTED	2	/data/qlyu/projects/pvrig_top7500_dualpanel_screen_v1_20260724/run/static_review/inputs/pdb/CANDIDATE_P1MCPUFP__CPUFP500K_0086__00077_9e6y_s1931_6378753a3a9f.pdb	9c6326ead467fa11850aca3058f56a95591c380c39f8b674e80bbf9597fd31b1	-73.9073	10	3	237	0.5379313	63	0.9	185	1731	19	0.476235	688	positive_pose_source_case02_pos_10_151H7	0	WEAK_PRIOR_ONLY	-11.01	3	cluster_1_model_1.pdb.gz	STRICT_A	DESCRIPTIVE_ONLY	1.403	-7.022	-0.437	12.452	0.775	875.481	1606.773	731.292	23.0	-0.287	5.0	235.0	63.0	0.0	1.433	0.551	3.162	88.543	0.05	1.747	0.0	old_top7500	3	1931	STRUCTURAL_RESERVE	/data1/qlyu/projects/pvrig_priority_top7500_dualreceptor_multiseed_docking_results_v1_20260722/top7500_25k/compressed_queue/CANDIDATE_P1MCPUFP__CPUFP500K_0086__00077_9e6y_s1931_6378753a3a9f.tar.gz	runs/CANDIDATE_P1MCPUFP__CPUFP500K_0086__00077_9e6y_s1931_6378753a3a9f/haddock_run/6_seletopclusts/cluster_1_model_1.pdb.gz	6378753a3a9fe4f267541f1da296eeddf526cf07cbcfd45973e2bf2206f43cdc	8c55751f66ac2930ce115a9419321a2b2bed220b61af2e1671f7ac6e6a2e33b3	CANDIDATE_P1MCPUFP__CPUFP500K_0086__00077_9e6y_s1931_6378753a3a9f	0.0	Static structure diagnostics only; not experimental affinity, blocking, expression or purity.	166	20
320.519	P1MCPUFP__CPUFP500K_0086__00466	GPGFRDGPVS	8	ISSSGTV	1	AAGPLGSTTVPMTESGYVY	0.42105263	8	0.89473684	AT	8x6b	186	1595	15	1.067932	686	4	NOT_RUN_CROSS_CANDIDATE_RANK_REJECTED	2	/data/qlyu/projects/pvrig_top7500_dualpanel_screen_v1_20260724/run/static_review/inputs/pdb/CANDIDATE_P1MCPUFP__CPUFP500K_0086__00466_8x6b_s3253_1ffe3b00d308.pdb	34304d4a33c1e96c6a88f5165a39641c053f32a9ab5aefaa4dbcdf069370559b	-61.99079999999999	9	8	237	0.51585963	59	0.9	181	1577	15	0.509486	704	positive_pose_source_case02_pos_10_151H7	0	WEAK_PRIOR_ONLY	-10.753	4	cluster_1_model_1.pdb.gz	STRICT_A	DESCRIPTIVE_ONLY	1.182	-3.167	-0.22	32.804	2.274	925.056	1442.57	517.515	19.0	-0.131	5.0	230.0	59.0	0.0	1.089	0.621	2.188	59.076	0.161	5.153	0.0	old_top7500	1	3253	CORE_EXPLOITATION	/data1/qlyu/projects/pvrig_priority_top7500_dualreceptor_multiseed_docking_results_v1_20260722/top7500_25k/compressed_queue/CANDIDATE_P1MCPUFP__CPUFP500K_0086__00466_8x6b_s3253_1ffe3b00d308.tar.gz	runs/CANDIDATE_P1MCPUFP__CPUFP500K_0086__00466_8x6b_s3253_1ffe3b00d308/haddock_run/6_seletopclusts/cluster_1_model_1.pdb.gz	1ffe3b00d308529b68047b78533fc181e183e3356390877443601628f7ae1ea4	8c55751f66ac2930ce115a9419321a2b2bed220b61af2e1671f7ac6e6a2e33b3	CANDIDATE_P1MCPUFP__CPUFP500K_0086__00466_8x6b_s3253_1ffe3b00d308	0.0	Static structure diagnostics only; not experimental affinity, blocking, expression or purity.	6	19
279.248	P1MCPUFP__CPUFP500K_0086__00466	GPGFRDGPVS	8	ISSSGTV	0	AAGPLGSTTVPMTESGYVY	0.41176471	7	0.88235294	AT	9e6y	181	1578	16	0.94326	704	3	NOT_RUN_CROSS_CANDIDATE_RANK_REJECTED	2	/data/qlyu/projects/pvrig_top7500_dualpanel_screen_v1_20260724/run/static_review/inputs/pdb/CANDIDATE_P1MCPUFP__CPUFP500K_0086__00466_9e6y_s917_3d45ee071120.pdb	e225dca726fa6514e0865ef4ef9b43274daea07d6757d2adea6600d98563d104	-70.57990000000001	12	8	293	0.49523834	58	1.0	185	1616	16	0.56243	717	positive_pose_source_case02_pos_10_151H7	0	WEAK_PRIOR_ONLY	-10.12	5	cluster_1_model_1.pdb.gz	STRICT_A	DESCRIPTIVE_ONLY	1.362	22.731	1.56	50.115	3.439	941.938	1457.104	515.166	16.0	-0.102	4.0	235.0	63.0	0.0	1.135	0.721	2.328	62.862	0.241	8.659	0.0	old_top7500	2	917	CORE_EXPLOITATION	/data1/qlyu/projects/pvrig_priority_top7500_dualreceptor_multiseed_docking_results_v1_20260722/top7500_25k/compressed_queue/CANDIDATE_P1MCPUFP__CPUFP500K_0086__00466_9e6y_s917_3d45ee071120.tar.gz	runs/CANDIDATE_P1MCPUFP__CPUFP500K_0086__00466_9e6y_s917_3d45ee071120/haddock_run/6_seletopclusts/cluster_1_model_1.pdb.gz	3d45ee07112051134723c7ec6e709732a7401fe33aed4c4f762aca7ffcd5fc66	8c55751f66ac2930ce115a9419321a2b2bed220b61af2e1671f7ac6e6a2e33b3	CANDIDATE_P1MCPUFP__CPUFP500K_0086__00466_9e6y_s917_3d45ee071120	0.0	Static structure diagnostics only; not experimental affinity, blocking, expression or purity.	6	17
287.305	P1MCPUFP__CPUFP500K_0087__00755	GPGPLTGRYQ	8	IDWRGTV	0	ALSFSPSSSVPTTPSEYVY	0.45454545	10	0.81818182	AT	8x6b	162	1600	19	1.047658	640	1	NOT_RUN_CROSS_CANDIDATE_RANK_REJECTED	4	/data/qlyu/projects/pvrig_top7500_dualpanel_screen_v1_20260724/run/static_review/inputs/pdb/CANDIDATE_P1MCPUFP__CPUFP500K_0087__00755_8x6b_s1931_b65eebf36640.pdb	c8ec04581fbf1d84523de0a9f891e1f6b78ce450678403029159b6254679af7b	-65.60077999999999	10	7	316	0.50711624	58	0.9	172	1634	19	0.49658	659	positive_pose_source_case02_pos_10_151H7	0	WEAK_PRIOR_ONLY	-12.392	2	cluster_1_model_1.pdb.gz	STRICT_A	DESCRIPTIVE_ONLY	0.927	-8.958	-0.554	49.253	3.044	1103.033	1618.009	514.976	10.0	-0.042	4.0	230.0	64.0	0.0	1.22	0.703	2.51	70.279	0.217	7.799	0.0	old_top7500	0	1931	STRUCTURAL_RESERVE	/data1/qlyu/projects/pvrig_priority_top7500_dualreceptor_multiseed_docking_results_v1_20260722/top7500_25k/compressed_queue/CANDIDATE_P1MCPUFP__CPUFP500K_0087__00755_8x6b_s1931_b65eebf36640.tar.gz	runs/CANDIDATE_P1MCPUFP__CPUFP500K_0087__00755_8x6b_s1931_b65eebf36640/haddock_run/6_seletopclusts/cluster_1_model_1.pdb.gz	b65eebf36640b1bec034269032bcef6436457eff0cad6bcbbbcdeb19bcb405f2	8c55751f66ac2930ce115a9419321a2b2bed220b61af2e1671f7ac6e6a2e33b3	CANDIDATE_P1MCPUFP__CPUFP500K_0087__00755_8x6b_s1931_b65eebf36640	0.0	Static structure diagnostics only; not experimental affinity, blocking, expression or purity.	167	22
247.045	P1MCPUFP__CPUFP500K_0087__00755	GPGPLTGRYQ	2	IDWRGTV	0	ALSFSPSSSVPTTPSEYVY	0.8	12	0.93333333	AT	9e6y	226	1847	15	0.975122	767	2	NOT_RUN_CROSS_CANDIDATE_RANK_REJECTED	1	/data/qlyu/projects/pvrig_top7500_dualpanel_screen_v1_20260724/run/static_review/inputs/pdb/CANDIDATE_P1MCPUFP__CPUFP500K_0087__00755_9e6y_s917_a2c613d434d0.pdb	40e8f54a0fc88a5f9e6f6c9f0368b5e9bd5ba6297fc95dfc2e10e5d8460ec277	-61.5343	3	4	170	0.3159279	37	0.9	234	1882	15	0.562319	787	positive_pose_source_case02_pos_10_151H7	0	WEAK_PRIOR_ONLY	-9.086	2	cluster_1_model_1.pdb.gz	STRICT_A	DESCRIPTIVE_ONLY	1.374	23.708	1.785	37.302	2.808	948.24	1328.31	380.071	13.0	-0.028	3.0	235.0	54.0	0.0	0.866	0.595	0.323	8.714	1.409	38.051	0.0	old_top7500	0	917	STRUCTURAL_RESERVE	/data1/qlyu/projects/pvrig_priority_top7500_dualreceptor_multiseed_docking_results_v1_20260722/top7500_25k/compressed_queue/CANDIDATE_P1MCPUFP__CPUFP500K_0087__00755_9e6y_s917_a2c613d434d0.tar.gz	runs/CANDIDATE_P1MCPUFP__CPUFP500K_0087__00755_9e6y_s917_a2c613d434d0/haddock_run/6_seletopclusts/cluster_1_model_1.pdb.gz	a2c613d434d0cba376b5a367b8deca98f955d77b3f0aedf8e9ac7b26ff4087d1	8c55751f66ac2930ce115a9419321a2b2bed220b61af2e1671f7ac6e6a2e33b3	CANDIDATE_P1MCPUFP__CPUFP500K_0087__00755_9e6y_s917_a2c613d434d0	0.0	Static structure diagnostics only; not experimental affinity, blocking, expression or purity.	167	15
217.703	P1MCPUFP__CPUFP500K_0089__00220	GPGFAHPSFH	8	IDYEGRV	3	AGSYQPSPEISMLPDGYEY	0.36842105	7	0.94736842	AT	8x6b	144	1390	14	1.075077	541	4	NOT_RUN_CROSS_CANDIDATE_RANK_REJECTED	1	/data/qlyu/projects/pvrig_top7500_dualpanel_screen_v1_20260724/run/static_review/inputs/pdb/CANDIDATE_P1MCPUFP__CPUFP500K_0089__00220_8x6b_s1931_3a2a6d1fa149.pdb	8f719e18fad1070109706907ff255db16e13c65e3a41a47ecde65b7a255313cc	-85.778	11	5	280	0.40219564	46	0.9	136	1370	14	0.471935	531	positive_pose_source_case02_pos_10_151H7	0	WEAK_PRIOR_ONLY	-9.697	4	cluster_1_model_1.pdb.gz	STRICT_A	DESCRIPTIVE_ONLY	0.792	-15.587	-1.108	30.827	2.192	784.872	1406.369	621.497	8.0	-0.178	5.0	230.0	51.0	0.0	1.751	0.709	2.269	54.456	1.291	34.847	0.0	c2_four_seed	6	1931	CORE_EXPLOITATION	/data1/qlyu/projects/pvrig_c2_new6220_dualreceptor_2seed_docking_results_v1_20260723/c2_new4220/compressed_queue/CANDIDATE_P1MCPUFP__CPUFP500K_0089__00220_8x6b_s1931_3a2a6d1fa149.tar.gz	runs/CANDIDATE_P1MCPUFP__CPUFP500K_0089__00220_8x6b_s1931_3a2a6d1fa149/haddock_run/6_seletopclusts/cluster_1_model_1.pdb.gz	3a2a6d1fa1491109e789c1713ae839ea04e13418ea70f0dd9b91917806c803e0	8c55751f66ac2930ce115a9419321a2b2bed220b61af2e1671f7ac6e6a2e33b3	CANDIDATE_P1MCPUFP__CPUFP500K_0089__00220_8x6b_s1931_3a2a6d1fa149	0.0	Static structure diagnostics only; not experimental affinity, blocking, expression or purity.	23	19
256.649	P1MCPUFP__CPUFP500K_0089__00220	GPGFAHPSFH	6	IDYEGRV	2	AGSYQPSPEISMLPDGYEY	0.5	9	0.94444444	AT	9e6y	158	1411	19	0.939186	621	4	NOT_RUN_CROSS_CANDIDATE_RANK_REJECTED	1	/data/qlyu/projects/pvrig_top7500_dualpanel_screen_v1_20260724/run/static_review/inputs/pdb/CANDIDATE_P1MCPUFP__CPUFP500K_0089__00220_9e6y_s1931_0d13c2ec6882.pdb	0efbd2b1dea1ee14e876ffd23a56fa4211dc9de95ed9fd38773e7a164bd442a3	-66.2719	7	4	240	0.44400678	52	1.0	162	1500	19	0.506485	618	positive_pose_source_case02_pos_10_151H7	0	WEAK_PRIOR_ONLY	-9.489	4	cluster_1_model_1.pdb.gz	STRICT_A	DESCRIPTIVE_ONLY	0.872	4.568	0.322	34.236	2.416	857.61	1417.277	559.667	9.0	-0.015	1.0	235.0	58.0	0.0	1.22	0.73	1.813	48.964	0.702	21.767	0.0	c2_four_seed	2	1931	CORE_EXPLOITATION	/data1/qlyu/projects/pvrig_c2_new6220_dualreceptor_2seed_docking_results_v1_20260723/c2_new4220/compressed_queue/CANDIDATE_P1MCPUFP__CPUFP500K_0089__00220_9e6y_s1931_0d13c2ec6882.tar.gz	runs/CANDIDATE_P1MCPUFP__CPUFP500K_0089__00220_9e6y_s1931_0d13c2ec6882/haddock_run/6_seletopclusts/cluster_1_model_1.pdb.gz	0d13c2ec688259a640f3f24d9847004cac934a30c5f8920c0061e48b5fb1b7e5	8c55751f66ac2930ce115a9419321a2b2bed220b61af2e1671f7ac6e6a2e33b3	CANDIDATE_P1MCPUFP__CPUFP500K_0089__00220_9e6y_s1931_0d13c2ec6882	0.0	Static structure diagnostics only; not experimental affinity, blocking, expression or purity.	23	18
261.335	P1MCPUFP__CPUFP500K_0089__00363	GPGFGIPPVH	4	IDYEGKV	0	AASYQPSPDISMREDGWSV	0.7	14	0.9	AT	8x6b	193	1590	19	1.081714	644	3	NOT_RUN_CROSS_CANDIDATE_RANK_REJECTED	2	/data/qlyu/projects/pvrig_top7500_dualpanel_screen_v1_20260724/run/static_review/inputs/pdb/CANDIDATE_P1MCPUFP__CPUFP500K_0089__00363_8x6b_s1931_dcc041fa4eb1.pdb	b0bd5085a94d8514c9ef53615dcdc991725a4264bf16cd134f1b07449fb4c0bd	-86.85888	8	4	276	0.49837286	57	0.8	204	1693	19	0.521512	681	positive_pose_source_case02_pos_10_151H7	0	WEAK_PRIOR_ONLY	-9.143	3	cluster_1_model_1.pdb.gz	STRICT_A	DESCRIPTIVE_ONLY	1.271	-9.143	-0.518	24.857	1.408	1146.27	1765.893	619.623	11.0	-0.128	3.0	230.0	62.0	0.0	1.531	0.679	1.979	53.425	1.185	41.475	0.0	c2_four_seed	0	1931	CORE_EXPLOITATION	/data1/qlyu/projects/pvrig_c2_new6220_dualreceptor_2seed_docking_results_v1_20260723/c2_new4220/compressed_queue/CANDIDATE_P1MCPUFP__CPUFP500K_0089__00363_8x6b_s1931_dcc041fa4eb1.tar.gz	runs/CANDIDATE_P1MCPUFP__CPUFP500K_0089__00363_8x6b_s1931_dcc041fa4eb1/haddock_run/6_seletopclusts/cluster_1_model_1.pdb.gz	dcc041fa4eb137db324d50416844a9b196a4b9e1ca6fc01c10b88946ee0be373	8c55751f66ac2930ce115a9419321a2b2bed220b61af2e1671f7ac6e6a2e33b3	CANDIDATE_P1MCPUFP__CPUFP500K_0089__00363_8x6b_s1931_dcc041fa4eb1	0.0	Static structure diagnostics only; not experimental affinity, blocking, expression or purity.	101	20
228.057	P1MCPUFP__CPUFP500K_0089__00363	GPGFGIPPVH	6	IDYEGKV	5	AASYQPSPDISMREDGWSV	0.27777778	5	0.88888889	AT	9e6y	108	1565	16	0.942608	588	4	NOT_RUN_CROSS_CANDIDATE_RANK_REJECTED	2	/data/qlyu/projects/pvrig_top7500_dualpanel_screen_v1_20260724/run/static_review/inputs/pdb/CANDIDATE_P1MCPUFP__CPUFP500K_0089__00363_9e6y_s1931_ab3be1d64526.pdb	8248a5c86698dc721a06700ebe643c0749b02bf16d00fe4b026f33397fc7a365	-84.55004	6	7	283	0.46108397	54	0.7	107	1505	16	0.529785	592	positive_pose_source_case02_pos_10_151H7	0	WEAK_PRIOR_ONLY	-9.657	3	cluster_1_model_1.pdb.gz	STRICT_A	DESCRIPTIVE_ONLY	1.158	19.06	1.22	52.423	3.356	948.115	1562.09	613.975	10.0	-0.036	2.0	235.0	58.0	0.0	1.479	0.665	3.081	73.947	0.348	11.821	0.0	c2_four_seed	0	1931	CORE_EXPLOITATION	/data1/qlyu/projects/pvrig_c2_new6220_dualreceptor_2seed_docking_results_v1_20260723/c2_new4220/compressed_queue/CANDIDATE_P1MCPUFP__CPUFP500K_0089__00363_9e6y_s1931_ab3be1d64526.tar.gz	runs/CANDIDATE_P1MCPUFP__CPUFP500K_0089__00363_9e6y_s1931_ab3be1d64526/haddock_run/6_seletopclusts/cluster_1_model_1.pdb.gz	ab3be1d6452615d181d560c2711a440a3777d8a3375e8e0eb57284db905b1357	8c55751f66ac2930ce115a9419321a2b2bed220b61af2e1671f7ac6e6a2e33b3	CANDIDATE_P1MCPUFP__CPUFP500K_0089__00363_9e6y_s1931_ab3be1d64526	0.0	Static structure diagnostics only; not experimental affinity, blocking, expression or purity.	101	18
125.589	P1MCPUFP__CPUFP500K_0089__00488	GPGFGSPSWH	6	IDSEGKV	0	AGSYQPSSTISMSPDGWEV	0.57142857	12	0.85714286	AT	8x6b	188	1644	17	1.109122	689	1	NOT_RUN_CROSS_CANDIDATE_RANK_REJECTED	3	/data/qlyu/projects/pvrig_top7500_dualpanel_screen_v1_20260724/run/static_review/inputs/pdb/CANDIDATE_P1MCPUFP__CPUFP500K_0089__00488_8x6b_s42_57e8e3deb94c.pdb	f26c112bfb8443a5f62e378f58cab823d7ad19d3e0a0720c0f1bdd45f96f880b	-80.96475999999998	9	5	224	0.46339932	53	0.8	181	1651	17	0.576258	661	positive_pose_source_case02_pos_10_151H7	0	WEAK_PRIOR_ONLY	-10.253	3	cluster_1_model_1.pdb.gz	STRICT_A	DESCRIPTIVE_ONLY	0.983	3.309	0.241	14.0	1.02	801.449	1372.012	570.563	13.0	-0.104	2.0	230.0	63.0	0.0	0.782	0.613	0.839	23.483	0.736	25.773	0.0	c2_four_seed	0	42	CORE_EXPLOITATION	/data1/qlyu/projects/pvrig_c2_new4220_seed42_3047_docking_results_v1_20260723/c2_new4220_seed42_3047/compressed_queue/CANDIDATE_P1MCPUFP__CPUFP500K_0089__00488_8x6b_s42_57e8e3deb94c.tar.gz	runs/CANDIDATE_P1MCPUFP__CPUFP500K_0089__00488_8x6b_s42_57e8e3deb94c/haddock_run/6_seletopclusts/cluster_1_model_1.pdb.gz	57e8e3deb94cfd5845e44b7039fa1f042a9346464b68ed0295b3c78c8c559ec2	8c55751f66ac2930ce115a9419321a2b2bed220b61af2e1671f7ac6e6a2e33b3	CANDIDATE_P1MCPUFP__CPUFP500K_0089__00488_8x6b_s42_57e8e3deb94c	0.0	Static structure diagnostics only; not experimental affinity, blocking, expression or purity.	78	21
257.452	P1MCPUFP__CPUFP500K_0089__00488	GPGFGSPSWH	6	IDSEGKV	0	AGSYQPSSTISMSPDGWEV	0.6	12	0.9	AT	9e6y	183	1632	16	0.897149	666	2	NOT_RUN_CROSS_CANDIDATE_RANK_REJECTED	2	/data/qlyu/projects/pvrig_top7500_dualpanel_screen_v1_20260724/run/static_review/inputs/pdb/CANDIDATE_P1MCPUFP__CPUFP500K_0089__00488_9e6y_s917_c3573806e9f7.pdb	d73a8145e16f25bebbb2aa59a9210cc2d049f243ca7289c3df2c3d38fd9d0e22	-64.34534000000001	5	4	204	0.43546819	51	1.0	185	1602	16	0.484761	667	positive_pose_source_case02_pos_10_151H7	0	WEAK_PRIOR_ONLY	-10.023	3	cluster_1_model_1.pdb.gz	STRICT_A	DESCRIPTIVE_ONLY	1.415	-11.41	-0.812	19.842	1.412	831.014	1404.942	573.928	12.0	-0.094	2.0	235.0	63.0	0.0	0.587	0.494	0.253	7.075	0.855	29.909	0.0	c2_four_seed	0	917	CORE_EXPLOITATION	/data1/qlyu/projects/pvrig_c2_new6220_dualreceptor_2seed_docking_results_v1_20260723/c2_new4220/compressed_queue/CANDIDATE_P1MCPUFP__CPUFP500K_0089__00488_9e6y_s917_c3573806e9f7.tar.gz	runs/CANDIDATE_P1MCPUFP__CPUFP500K_0089__00488_9e6y_s917_c3573806e9f7/haddock_run/6_seletopclusts/cluster_1_model_1.pdb.gz	c3573806e9f7baf94027a194d5a99565c16dd75b70e063fd433b5928118e19e8	8c55751f66ac2930ce115a9419321a2b2bed220b61af2e1671f7ac6e6a2e33b3	CANDIDATE_P1MCPUFP__CPUFP500K_0089__00488_9e6y_s917_c3573806e9f7	0.0	Static structure diagnostics only; not experimental affinity, blocking, expression or purity.	78	20
247.063	P1MCPUFP__CPUFP500K_0089__00735	GPGFSHPGVD	8	IDAEGRV	0	AAGYQPSPHISMLPDGWEY	0.52631579	10	0.94736842	AT	8x6b	165	1619	19	1.098606	625	3	NOT_RUN_CROSS_CANDIDATE_RANK_REJECTED	1	/data/qlyu/projects/pvrig_top7500_dualpanel_screen_v1_20260724/run/static_review/inputs/pdb/CANDIDATE_P1MCPUFP__CPUFP500K_0089__00735_8x6b_s3047_bfd33960c7ac.pdb	2d2bb19034e59be6eb2872ace41e8c587e171dff58b9c3efb7f7ec9d0154f407	-95.08170000000001	10	4	266	0.49837286	57	1.0	180	1592	19	0.588481	648	positive_pose_source_case02_pos_10_151H7	0	WEAK_PRIOR_ONLY	-10.403	4	cluster_1_model_1.pdb.gz	STRICT_A	DESCRIPTIVE_ONLY	0.992	-9.531	-0.601	22.124	1.396	993.39	1585.335	591.945	31.0	-0.05	2.0	230.0	66.0	0.0	1.25	0.601	1.924	55.797	0.722	26.704	0.0	c2_four_seed	2	3047	CORE_EXPLOITATION	/data1/qlyu/projects/pvrig_c2_new4220_seed42_3047_docking_results_v1_20260723/c2_new4220_seed42_3047/compressed_queue/CANDIDATE_P1MCPUFP__CPUFP500K_0089__00735_8x6b_s3047_bfd33960c7ac.tar.gz	runs/CANDIDATE_P1MCPUFP__CPUFP500K_0089__00735_8x6b_s3047_bfd33960c7ac/haddock_run/6_seletopclusts/cluster_1_model_1.pdb.gz	bfd33960c7accda3fe2c373116058b8552abdfe1faee579824c3e8a7ddb7636e	8c55751f66ac2930ce115a9419321a2b2bed220b61af2e1671f7ac6e6a2e33b3	CANDIDATE_P1MCPUFP__CPUFP500K_0089__00735_8x6b_s3047_bfd33960c7ac	0.0	Static structure diagnostics only; not experimental affinity, blocking, expression or purity.	10	19
235.288	P1MCPUFP__CPUFP500K_0089__00735	GPGFSHPGVD	8	IDAEGRV	1	AAGYQPSPHISMLPDGWEY	0.45454545	10	0.86363636	AT	9e6y	188	1619	19	0.966386	650	4	NOT_RUN_CROSS_CANDIDATE_RANK_REJECTED	3	/data/qlyu/projects/pvrig_top7500_dualpanel_screen_v1_20260724/run/static_review/inputs/pdb/CANDIDATE_P1MCPUFP__CPUFP500K_0089__00735_9e6y_s1931_ea8156d7d976.pdb	d04c3fdea8171d2f63366643b2d04ce551f7e18312c1b01c9aa8a078112c9ab5	-78.44260000000001	9	7	223	0.49523834	58	1.0	187	1662	19	0.51507	653	positive_pose_source_case02_pos_10_151H7	0	WEAK_PRIOR_ONLY	-9.556	4	cluster_1_model_1.pdb.gz	STRICT_A	DESCRIPTIVE_ONLY	1.265	12.517	0.837	29.338	1.962	952.949	1495.076	542.127	18.0	-0.09	2.0	235.0	62.0	0.0	1.244	0.429	3.198	86.342	-0.263	-9.22	0.0	c2_four_seed	4	1931	CORE_EXPLOITATION	/data1/qlyu/projects/pvrig_c2_new6220_dualreceptor_2seed_docking_results_v1_20260723/c2_new4220/compressed_queue/CANDIDATE_P1MCPUFP__CPUFP500K_0089__00735_9e6y_s1931_ea8156d7d976.tar.gz	runs/CANDIDATE_P1MCPUFP__CPUFP500K_0089__00735_9e6y_s1931_ea8156d7d976/haddock_run/6_seletopclusts/cluster_1_model_1.pdb.gz	ea8156d7d97665c4c39aa80c51dca509ef0d1fddf4e834cb5b3e569c4e291888	8c55751f66ac2930ce115a9419321a2b2bed220b61af2e1671f7ac6e6a2e33b3	CANDIDATE_P1MCPUFP__CPUFP500K_0089__00735_9e6y_s1931_ea8156d7d976	0.0	Static structure diagnostics only; not experimental affinity, blocking, expression or purity.	10	22
215.577	P1MCPUFP__CPUFP500K_0090__00208	GPGFGVPGVD	9	IDAEGDK	0	AAGRSWGGVVPTSPSGYDY	0.40909091	9	0.81818182	AT	8x6b	117	1552	20	1.05925	655	4	NOT_RUN_CROSS_CANDIDATE_RANK_REJECTED	4	/data/qlyu/projects/pvrig_top7500_dualpanel_screen_v1_20260724/run/static_review/inputs/pdb/CANDIDATE_P1MCPUFP__CPUFP500K_0090__00208_8x6b_s1931_f04a70d41d58.pdb	ee4932c5455b88fa9465823b63ebeb1b4e286860f72c8208af7b239c67abb84f	-95.67450000000001	13	10	346	0.62952361	72	1.0	131	1543	20	0.53065	662	positive_pose_source_case02_pos_10_151H7	0	WEAK_PRIOR_ONLY	-13.121	3	cluster_1_model_1.pdb.gz	STRICT_A	DESCRIPTIVE_ONLY	1.437	30.916	1.877	45.712	2.776	928.885	1646.792	717.907	33.0	-0.017	1.0	230.0	71.0	0.0	1.847	0.781	3.321	102.945	0.705	28.204	0.0	old_top7500	1	1931	CORE_EXPLOITATION	/data1/qlyu/projects/pvrig_priority_top7500_dualreceptor_multiseed_docking_results_v1_20260722/top7500_25k/compressed_queue/CANDIDATE_P1MCPUFP__CPUFP500K_0090__00208_8x6b_s1931_f04a70d41d58.tar.gz	runs/CANDIDATE_P1MCPUFP__CPUFP500K_0090__00208_8x6b_s1931_f04a70d41d58/haddock_run/6_seletopclusts/cluster_1_model_1.pdb.gz	f04a70d41d586d34359ee35d5f1d1933045e0e1a4a78c13687c5f7624fa341e9	8c55751f66ac2930ce115a9419321a2b2bed220b61af2e1671f7ac6e6a2e33b3	CANDIDATE_P1MCPUFP__CPUFP500K_0090__00208_8x6b_s1931_f04a70d41d58	0.0	Static structure diagnostics only; not experimental affinity, blocking, expression or purity.	59	22
294.46	P1MCPUFP__CPUFP500K_0090__00208	GPGFGVPGVD	10	IDAEGDK	5	AAGRSWGGVVPTSPSGYDY	0.29166667	7	0.91666667	AT	9e6y	147	1300	19	1.01711	517	4	NOT_RUN_CROSS_CANDIDATE_RANK_REJECTED	2	/data/qlyu/projects/pvrig_top7500_dualpanel_screen_v1_20260724/run/static_review/inputs/pdb/CANDIDATE_P1MCPUFP__CPUFP500K_0090__00208_9e6y_s1931_06904b35dd22.pdb	fd1450099f24d6263b89ed962a854fb5687108237cd2e2eaf735e46d9b0df957	-97.81240000000001	13	4	308	0.59770144	70	0.6	154	1361	19	0.604834	524	positive_pose_source_case02_pos_10_151H7	0	WEAK_PRIOR_ONLY	-12.256	3	cluster_1_model_1.pdb.gz	STRICT_A	DESCRIPTIVE_ONLY	1.365	-13.06	-0.721	28.652	1.582	1117.39	1810.701	693.311	19.0	-0.202	4.0	235.0	73.0	0.0	1.869	0.634	2.969	92.03	1.058	44.416	0.0	old_top7500	8	1931	CORE_EXPLOITATION	/data1/qlyu/projects/pvrig_priority_top7500_dualreceptor_multiseed_docking_results_v1_20260722/top7500_25k/compressed_queue/CANDIDATE_P1MCPUFP__CPUFP500K_0090__00208_9e6y_s1931_06904b35dd22.tar.gz	runs/CANDIDATE_P1MCPUFP__CPUFP500K_0090__00208_9e6y_s1931_06904b35dd22/haddock_run/6_seletopclusts/cluster_1_model_1.pdb.gz	06904b35dd228c98582bf2432474cdd443c4e4e01d07a61ce9c2f754b9ea7cf0	8c55751f66ac2930ce115a9419321a2b2bed220b61af2e1671f7ac6e6a2e33b3	CANDIDATE_P1MCPUFP__CPUFP500K_0090__00208_9e6y_s1931_06904b35dd22	0.0	Static structure diagnostics only; not experimental affinity, blocking, expression or purity.	59	24
224.829	P1MCPUFP__CPUFP500K_0090__00532	GPAFGVPGVH	8	IGSEGET	0	AAGDSRGGVVPTSPSGYTH	0.41176471	7	0.88235294	AT	8x6b	199	1764	16	1.0765	752	5	NOT_RUN_CROSS_CANDIDATE_RANK_REJECTED	2	/data/qlyu/projects/pvrig_top7500_dualpanel_screen_v1_20260724/run/static_review/inputs/pdb/CANDIDATE_P1MCPUFP__CPUFP500K_0090__00532_8x6b_s917_1184e127de62.pdb	f9b3f8bf630f62c26037cfd355385bb5f6737c8dfaeafc3799ce43d303d2dcee	-66.89945999999999	7	3	285	0.46339932	53	1.0	192	1779	16	0.460347	767	positive_pose_source_case02_pos_10_151H7	0	WEAK_PRIOR_ONLY	-11.184	3	cluster_1_model_1.pdb.gz	STRICT_A	DESCRIPTIVE_ONLY	1.164	26.514	1.929	29.586	2.153	902.104	1374.23	472.126	17.0	-0.09	4.0	230.0	70.0	0.0	1.538	0.739	2.338	72.47	0.902	35.161	0.0	old_top7500	0	917	CORE_EXPLOITATION	/data1/qlyu/projects/pvrig_priority_top7500_dualreceptor_multiseed_docking_results_v1_20260722/top7500_25k/compressed_queue/CANDIDATE_P1MCPUFP__CPUFP500K_0090__00532_8x6b_s917_1184e127de62.tar.gz	runs/CANDIDATE_P1MCPUFP__CPUFP500K_0090__00532_8x6b_s917_1184e127de62/haddock_run/6_seletopclusts/cluster_1_model_1.pdb.gz	1184e127de624a9faccd34e7c285c2eec745e2ea98217ae47a5852571f82c33a	8c55751f66ac2930ce115a9419321a2b2bed220b61af2e1671f7ac6e6a2e33b3	CANDIDATE_P1MCPUFP__CPUFP500K_0090__00532_8x6b_s917_1184e127de62	0.0	Static structure diagnostics only; not experimental affinity, blocking, expression or purity.	14	17
193.339	P1MCPUFP__CPUFP500K_0090__00532	GPAFGVPGVH	6	IGSEGET	0	AAGDSRGGVVPTSPSGYTH	0.66666667	14	0.95238095	AT	9e6y	186	1505	17	0.966328	588	5	NOT_RUN_CROSS_CANDIDATE_RANK_REJECTED	1	/data/qlyu/projects/pvrig_top7500_dualpanel_screen_v1_20260724/run/static_review/inputs/pdb/CANDIDATE_P1MCPUFP__CPUFP500K_0090__00532_9e6y_s3253_910f5c3ef215.pdb	534afdd4fa9c1e77a3b6ae5291e600bfb66438e9ea78652dc14daae24e036b16	-92.7415	8	5	278	0.47816115	56	1.0	184	1515	17	0.491797	602	positive_pose_source_case02_pos_10_151H7	0	WEAK_PRIOR_ONLY	-9.378	2	cluster_1_model_1.pdb.gz	STRICT_A	DESCRIPTIVE_ONLY	1.042	-4.862	-0.32	19.704	1.297	982.995	1519.485	536.489	15.0	-0.082	3.0	235.0	60.0	0.0	1.926	0.695	2.814	81.593	1.095	33.953	0.0	old_top7500	0	3253	CORE_EXPLOITATION	/data1/qlyu/projects/pvrig_priority_top7500_dualreceptor_multiseed_docking_results_v1_20260722/top7500_25k/compressed_queue/CANDIDATE_P1MCPUFP__CPUFP500K_0090__00532_9e6y_s3253_910f5c3ef215.tar.gz	runs/CANDIDATE_P1MCPUFP__CPUFP500K_0090__00532_9e6y_s3253_910f5c3ef215/haddock_run/6_seletopclusts/cluster_1_model_1.pdb.gz	910f5c3ef2154e512b8263e3739db4e787f0d1400a8d5a130b906387501763ae	8c55751f66ac2930ce115a9419321a2b2bed220b61af2e1671f7ac6e6a2e33b3	CANDIDATE_P1MCPUFP__CPUFP500K_0090__00532_9e6y_s3253_910f5c3ef215	0.0	Static structure diagnostics only; not experimental affinity, blocking, expression or purity.	14	21
309.53	P1MCPUFP__CPUFP500K_0090__00860	GPGFGVPGVD	7	IGAEGEV	4	AAGRSRGGIVPSTPEGYDY	0.38888889	7	1.0	AT	8x6b	202	1800	15	1.064304	767	3	NOT_RUN_CROSS_CANDIDATE_RANK_REJECTED	0	/data/qlyu/projects/pvrig_top7500_dualpanel_screen_v1_20260724/run/static_review/inputs/pdb/CANDIDATE_P1MCPUFP__CPUFP500K_0090__00860_8x6b_s1931_034d988ae067.pdb	613af0c2d068a6c825b9ce161c36b39d2c042a9b2de018f1c76b5628dcb9b2f9	-60.96470000000001	4	2	211	0.44591256	51	0.8	204	1864	15	0.516672	773	positive_pose_source_case02_pos_10_151H7	0	WEAK_PRIOR_ONLY	-8.56	2	cluster_1_model_1.pdb.gz	STRICT_A	DESCRIPTIVE_ONLY	1.313	15.76	1.176	37.291	2.782	845.833	1340.272	494.439	10.0	-0.099	4.0	230.0	60.0	0.0	2.034	0.582	3.613	93.944	0.827	28.113	0.0	old_top7500	4	1931	STRUCTURAL_RESERVE	/data1/qlyu/projects/pvrig_priority_top7500_dualreceptor_multiseed_docking_results_v1_20260722/top7500_25k/compressed_queue/CANDIDATE_P1MCPUFP__CPUFP500K_0090__00860_8x6b_s1931_034d988ae067.tar.gz	runs/CANDIDATE_P1MCPUFP__CPUFP500K_0090__00860_8x6b_s1931_034d988ae067/haddock_run/6_seletopclusts/cluster_1_model_1.pdb.gz	034d988ae0677ac825f71ae29a1d1238da428ba559355531de9ec06d8f080b8c	8c55751f66ac2930ce115a9419321a2b2bed220b61af2e1671f7ac6e6a2e33b3	CANDIDATE_P1MCPUFP__CPUFP500K_0090__00860_8x6b_s1931_034d988ae067	0.0	Static structure diagnostics only; not experimental affinity, blocking, expression or purity.	165	18
251.632	P1MCPUFP__CPUFP500K_0090__00860	GPGFGVPGVD	9	IGAEGEV	5	AAGRSRGGIVPSTPEGYDY	0.31818182	7	0.95454545	AT	9e6y	174	1706	16	0.962302	732	3	NOT_RUN_CROSS_CANDIDATE_RANK_REJECTED	1	/data/qlyu/projects/pvrig_top7500_dualpanel_screen_v1_20260724/run/static_review/inputs/pdb/CANDIDATE_P1MCPUFP__CPUFP500K_0090__00860_9e6y_s3253_e4ccaffaf1a7.pdb	24f755fb8480b2951604a317699be611ac598139df32f020506b60ce0b29ceef	-70.04852	5	3	274	0.58062426	68	0.8	164	1742	16	0.500575	722	positive_pose_source_case02_pos_10_151H7	0	WEAK_PRIOR_ONLY	-12.11	2	cluster_1_model_1.pdb.gz	STRICT_A	DESCRIPTIVE_ONLY	1.503	7.207	0.506	113.527	7.973	886.364	1423.924	537.56	15.0	-0.029	6.0	235.0	75.0	0.0	2.404	0.654	3.687	117.991	1.449	62.299	0.0	old_top7500	0	3253	STRUCTURAL_RESERVE	/data1/qlyu/projects/pvrig_priority_top7500_dualreceptor_multiseed_docking_results_v1_20260722/top7500_25k/compressed_queue/CANDIDATE_P1MCPUFP__CPUFP500K_0090__00860_9e6y_s3253_e4ccaffaf1a7.tar.gz	runs/CANDIDATE_P1MCPUFP__CPUFP500K_0090__00860_9e6y_s3253_e4ccaffaf1a7/haddock_run/6_seletopclusts/cluster_1_model_1.pdb.gz	e4ccaffaf1a7c9999b235b2fbf89310c9bfadf898b5869d23546e74154b22200	8c55751f66ac2930ce115a9419321a2b2bed220b61af2e1671f7ac6e6a2e33b3	CANDIDATE_P1MCPUFP__CPUFP500K_0090__00860_9e6y_s3253_e4ccaffaf1a7	0.0	Static structure diagnostics only; not experimental affinity, blocking, expression or purity.	165	22
188.452	P1MCPUFP__CPUFP500K_0091__00172	GGRLLPGGAG	9	VSAAGTV	2	AMGPSGRPDPPLSPAGWAF	0.53571429	15	0.92857143	AT	8x6b	149	1224	15	1.11112	520	5	NOT_RUN_CROSS_CANDIDATE_RANK_REJECTED	2	/data/qlyu/projects/pvrig_top7500_dualpanel_screen_v1_20260724/run/static_review/inputs/pdb/CANDIDATE_P1MCPUFP__CPUFP500K_0091__00172_8x6b_s42_c30adcb0dccd.pdb	051104e2dc477230537b91175155fccdc6e7116c877e243876a07d0fbf465209	-75.82578999999998	20	7	307	0.54208978	62	1.0	139	1243	15	0.547945	510	positive_pose_source_case02_pos_11_151H8	0	WEAK_PRIOR_ONLY	-10.175	2	cluster_1_model_1.pdb.gz	STRICT_A	DESCRIPTIVE_ONLY	0.912	27.512	1.538	40.322	2.254	938.062	1788.792	850.73	18.0	-0.004	1.0	230.0	68.0	0.0	1.283	0.624	2.224	66.706	0.54	20.536	0.0	c2_four_seed	2	42	PARENT_CDR3_DIVERSITY	/data1/qlyu/projects/pvrig_c2_new4220_seed42_3047_docking_results_v1_20260723/c2_new4220_seed42_3047/compressed_queue/CANDIDATE_P1MCPUFP__CPUFP500K_0091__00172_8x6b_s42_c30adcb0dccd.tar.gz	runs/CANDIDATE_P1MCPUFP__CPUFP500K_0091__00172_8x6b_s42_c30adcb0dccd/haddock_run/6_seletopclusts/cluster_1_model_1.pdb.gz	c30adcb0dccd1c79f2235472f0a916da6cd9d79d8e4f2b604e0e5f8dcbd045b0	8c55751f66ac2930ce115a9419321a2b2bed220b61af2e1671f7ac6e6a2e33b3	CANDIDATE_P1MCPUFP__CPUFP500K_0091__00172_8x6b_s42_c30adcb0dccd	0.0	Static structure diagnostics only; not experimental affinity, blocking, expression or purity.	138	28
126.39	P1MCPUFP__CPUFP500K_0091__00172	GGRLLPGGAG	8	VSAAGTV	4	AMGPSGRPDPPLSPAGWAF	0.45833333	11	0.95833333	AT	9e6y	192	1421	18	0.940454	570	6	NOT_RUN_CROSS_CANDIDATE_RANK_REJECTED	1	/data/qlyu/projects/pvrig_top7500_dualpanel_screen_v1_20260724/run/static_review/inputs/pdb/CANDIDATE_P1MCPUFP__CPUFP500K_0091__00172_9e6y_s42_0b72aac33882.pdb	2364cdf3b16371c05f8c0d1e0a1ae624f61bc7bc342a8d67f08c999712ba30ae	-91.90112	12	5	236	0.54646989	64	1.0	192	1420	18	0.550488	584	positive_pose_source_case02_pos_11_151H8	0	WEAK_PRIOR_ONLY	-9.793	2	cluster_1_model_1.pdb.gz	STRICT_A	DESCRIPTIVE_ONLY	1.107	-11.201	-0.624	0.845	0.047	1149.254	1795.695	646.441	17.0	-2.223	1.0	235.0	67.0	0.0	1.934	0.583	3.642	112.893	0.464	16.692	0.0	c2_four_seed	6	42	PARENT_CDR3_DIVERSITY	/data1/qlyu/projects/pvrig_c2_new4220_seed42_3047_docking_results_v1_20260723/c2_new4220_seed42_3047/compressed_queue/CANDIDATE_P1MCPUFP__CPUFP500K_0091__00172_9e6y_s42_0b72aac33882.tar.gz	runs/CANDIDATE_P1MCPUFP__CPUFP500K_0091__00172_9e6y_s42_0b72aac33882/haddock_run/6_seletopclusts/cluster_1_model_1.pdb.gz	0b72aac3388250f8b634b16911ef0df1e7842a222fd40e295a92e90aa8a427da	8c55751f66ac2930ce115a9419321a2b2bed220b61af2e1671f7ac6e6a2e33b3	CANDIDATE_P1MCPUFP__CPUFP500K_0091__00172_9e6y_s42_0b72aac33882	0.0	Static structure diagnostics only; not experimental affinity, blocking, expression or purity.	138	24
275.736	P1MCPUFP__CPUFP500K_0091__00402	GGARRPGSRG	5	ISSSGTV	3	AMGETGSPSPPLDPSGYAD	0.57142857	12	0.95238095	AT	8x6b	109	1333	15	1.084763	548	3	NOT_RUN_CROSS_CANDIDATE_RANK_REJECTED	1	/data/qlyu/projects/pvrig_top7500_dualpanel_screen_v1_20260724/run/static_review/inputs/pdb/CANDIDATE_P1MCPUFP__CPUFP500K_0091__00402_8x6b_s1931_f8ab74ab2762.pdb	8f3c98104014a40b56c51e1c6306f1033569a2da8f7f7d4b7670488ac599b90c	-61.27300000000001	12	1	234	0.45465594	52	0.9	116	1332	15	0.464609	546	positive_pose_source_case02_pos_11_151H8	0	WEAK_PRIOR_ONLY	-9.092	2	cluster_1_model_1.pdb.gz	STRICT_A	DESCRIPTIVE_ONLY	1.093	-10.184	-0.632	-1.576	-0.098	964.369	1612.357	647.988	10.0	1.863	9.0	230.0	67.0	0.0	2.079	0.598	5.174	139.703	-0.01	-0.405	0.0	old_top7500	6	1931	PARENT_CDR3_DIVERSITY	/data1/qlyu/projects/pvrig_priority_top7500_dualreceptor_multiseed_docking_results_v1_20260722/top7500_25k/compressed_queue/CANDIDATE_P1MCPUFP__CPUFP500K_0091__00402_8x6b_s1931_f8ab74ab2762.tar.gz	runs/CANDIDATE_P1MCPUFP__CPUFP500K_0091__00402_8x6b_s1931_f8ab74ab2762/haddock_run/6_seletopclusts/cluster_1_model_1.pdb.gz	f8ab74ab2762e94f3b7b251cd575a392e04a40c22406b4378b6b2ee402c3f7cc	8c55751f66ac2930ce115a9419321a2b2bed220b61af2e1671f7ac6e6a2e33b3	CANDIDATE_P1MCPUFP__CPUFP500K_0091__00402_8x6b_s1931_f8ab74ab2762	0.0	Static structure diagnostics only; not experimental affinity, blocking, expression or purity.	129	21
282.108	P1MCPUFP__CPUFP500K_0091__00402	GGARRPGSRG	5	ISSSGTV	3	AMGETGSPSPPLDPSGYAD	0.55	11	0.95	AT	9e6y	113	1309	15	0.901913	541	3	NOT_RUN_CROSS_CANDIDATE_RANK_REJECTED	1	/data/qlyu/projects/pvrig_top7500_dualpanel_screen_v1_20260724/run/static_review/inputs/pdb/CANDIDATE_P1MCPUFP__CPUFP500K_0091__00402_9e6y_s3253_e43872b9ee84.pdb	6ada4d7dc3c33ecc26251702d584a8b6add01ec844a602e86308061ecbb48c27	-50.437889999999996	9	1	221	0.45254538	53	0.7	106	1270	15	0.495665	544	positive_pose_source_case02_pos_11_151H8	0	WEAK_PRIOR_ONLY	-8.507	2	cluster_1_model_1.pdb.gz	STRICT_A	DESCRIPTIVE_ONLY	1.045	-2.624	-0.165	25.624	1.612	987.469	1589.492	602.023	11.0	-0.221	6.0	235.0	67.0	0.0	1.661	0.535	3.952	106.691	0.115	4.59	0.0	old_top7500	6	3253	PARENT_CDR3_DIVERSITY	/data1/qlyu/projects/pvrig_priority_top7500_dualreceptor_multiseed_docking_results_v1_20260722/top7500_25k/compressed_queue/CANDIDATE_P1MCPUFP__CPUFP500K_0091__00402_9e6y_s3253_e43872b9ee84.tar.gz	runs/CANDIDATE_P1MCPUFP__CPUFP500K_0091__00402_9e6y_s3253_e43872b9ee84/haddock_run/6_seletopclusts/cluster_1_model_1.pdb.gz	e43872b9ee84adde9a77db471d687a69ee66249d086fea8308f10bb77762dfb4	8c55751f66ac2930ce115a9419321a2b2bed220b61af2e1671f7ac6e6a2e33b3	CANDIDATE_P1MCPUFP__CPUFP500K_0091__00402_9e6y_s3253_e43872b9ee84	0.0	Static structure diagnostics only; not experimental affinity, blocking, expression or purity.	129	20
250.517	P1MCPUFP__CPUFP500K_0091__00440	GGLRRPGGRG	5	ISAAGTV	1	ALGSSGSPSPPLSPSGWSD	0.65	13	0.95	AT	8x6b	212	1684	16	1.086785	708	4	NOT_RUN_CROSS_CANDIDATE_RANK_REJECTED	1	/data/qlyu/projects/pvrig_top7500_dualpanel_screen_v1_20260724/run/static_review/inputs/pdb/CANDIDATE_P1MCPUFP__CPUFP500K_0091__00440_8x6b_s1931_ed0fe75d55c7.pdb	5533397b7601e977c466bbafae405ab0e40d8cbf23b8fe9eff0b74348d0b0bdb	-50.281993000000014	8	1	203	0.48962948	56	0.9	202	1586	16	0.505652	669	positive_pose_source_case02_pos_11_151H8	0	WEAK_PRIOR_ONLY	-9.543	2	cluster_1_model_1.pdb.gz	STRICT_A	DESCRIPTIVE_ONLY	0.807	-11.503	-0.77	16.867	1.129	822.191	1493.478	671.286	29.0	-0.106	3.0	230.0	62.0	0.0	1.065	0.519	1.583	47.493	0.579	18.532	0.0	old_top7500	2	1931	PARENT_CDR3_DIVERSITY	/data1/qlyu/projects/pvrig_priority_top7500_dualreceptor_multiseed_docking_results_v1_20260722/top7500_25k/compressed_queue/CANDIDATE_P1MCPUFP__CPUFP500K_0091__00440_8x6b_s1931_ed0fe75d55c7.tar.gz	runs/CANDIDATE_P1MCPUFP__CPUFP500K_0091__00440_8x6b_s1931_ed0fe75d55c7/haddock_run/6_seletopclusts/cluster_1_model_1.pdb.gz	ed0fe75d55c7e0bb49b34f0581b6a81059b0bc201168b2da1c6b62c90e8ee304	8c55751f66ac2930ce115a9419321a2b2bed220b61af2e1671f7ac6e6a2e33b3	CANDIDATE_P1MCPUFP__CPUFP500K_0091__00440_8x6b_s1931_ed0fe75d55c7	0.0	Static structure diagnostics only; not experimental affinity, blocking, expression or purity.	130	20
207.288	P1MCPUFP__CPUFP500K_0091__00440	GGLRRPGGRG	4	ISAAGTV	0	ALGSSGSPSPPLSPSGWSD	0.7	14	0.9	AT	9e6y	170	1715	19	0.954643	692	3	NOT_RUN_CROSS_CANDIDATE_RANK_REJECTED	2	/data/qlyu/projects/pvrig_top7500_dualpanel_screen_v1_20260724/run/static_review/inputs/pdb/CANDIDATE_P1MCPUFP__CPUFP500K_0091__00440_9e6y_s1931_321f1a9a422b.pdb	a861c5683a6fc806a5b723af6fb9096d50f055dcfd1b2af0c6b723e06cf8c2ce	-50.52602999999999	5	2	200	0.47816115	56	0.8	164	1715	19	0.50833	681	positive_pose_source_case02_pos_11_151H8	0	WEAK_PRIOR_ONLY	-8.645	2	cluster_1_model_1.pdb.gz	STRICT_A	DESCRIPTIVE_ONLY	1.449	-7.362	-0.526	50.628	3.614	812.823	1400.886	588.063	13.0	-0.053	4.0	235.0	67.0	0.0	0.827	0.549	0.851	27.234	0.804	28.147	0.0	old_top7500	0	1931	PARENT_CDR3_DIVERSITY	/data1/qlyu/projects/pvrig_priority_top7500_dualreceptor_multiseed_docking_results_v1_20260722/top7500_25k/compressed_queue/CANDIDATE_P1MCPUFP__CPUFP500K_0091__00440_9e6y_s1931_321f1a9a422b.tar.gz	runs/CANDIDATE_P1MCPUFP__CPUFP500K_0091__00440_9e6y_s1931_321f1a9a422b/haddock_run/6_seletopclusts/cluster_1_model_1.pdb.gz	321f1a9a422b690bea497693309b9409101f1230049bf7d11ed947009f7b0fc5	8c55751f66ac2930ce115a9419321a2b2bed220b61af2e1671f7ac6e6a2e33b3	CANDIDATE_P1MCPUFP__CPUFP500K_0091__00440_9e6y_s1931_321f1a9a422b	0.0	Static structure diagnostics only; not experimental affinity, blocking, expression or purity.	130	20
205.978	P1MCPUFP__CPUFP500K_0091__00550	GGLRRPGGRG	7	VDASGTV	4	AMGESGLPSPPLDPAGYAH	0.42857143	9	0.95238095	AT	8x6b	117	1347	16	1.136264	573	4	NOT_RUN_CROSS_CANDIDATE_RANK_REJECTED	1	/data/qlyu/projects/pvrig_top7500_dualpanel_screen_v1_20260724/run/static_review/inputs/pdb/CANDIDATE_P1MCPUFP__CPUFP500K_0091__00550_8x6b_s1931_0aac2839572c.pdb	6289a6c9f05944370bf963ca8b86d8d4a50fcb4beaa9b31bee98e4a025945a5f	-73.28617000000001	10	3	220	0.49837286	57	0.9	118	1346	16	0.576486	554	positive_pose_source_case02_pos_11_151H8	0	WEAK_PRIOR_ONLY	-10.657	2	cluster_1_model_1.pdb.gz	STRICT_A	DESCRIPTIVE_ONLY	1.29	-16.056	-1.086	16.3	1.103	919.491	1478.021	558.53	14.0	-0.437	6.0	230.0	56.0	0.0	2.53	0.567	4.876	112.145	0.896	29.557	0.0	c2_four_seed	7	1931	CORE_EXPLOITATION	/data1/qlyu/projects/pvrig_c2_new6220_dualreceptor_2seed_docking_results_v1_20260723/c2_new4220/compressed_queue/CANDIDATE_P1MCPUFP__CPUFP500K_0091__00550_8x6b_s1931_0aac2839572c.tar.gz	runs/CANDIDATE_P1MCPUFP__CPUFP500K_0091__00550_8x6b_s1931_0aac2839572c/haddock_run/6_seletopclusts/cluster_1_model_1.pdb.gz	0aac2839572c85e77e48cad8c52ccbe0184f6f138a049b60e7e3d397ac083498	8c55751f66ac2930ce115a9419321a2b2bed220b61af2e1671f7ac6e6a2e33b3	CANDIDATE_P1MCPUFP__CPUFP500K_0091__00550_8x6b_s1931_0aac2839572c	0.0	Static structure diagnostics only; not experimental affinity, blocking, expression or purity.	18	21
338.913	P1MCPUFP__CPUFP500K_0091__00550	GGLRRPGGRG	7	VDASGTV	3	AMGESGLPSPPLDPAGYAH	0.42105263	8	0.94736842	AT	9e6y	126	1438	15	1.058662	599	4	NOT_RUN_CROSS_CANDIDATE_RANK_REJECTED	1	/data/qlyu/projects/pvrig_top7500_dualpanel_screen_v1_20260724/run/static_review/inputs/pdb/CANDIDATE_P1MCPUFP__CPUFP500K_0091__00550_9e6y_s3047_0023cbfd45e6.pdb	b18a5f75d41acbd2d164d4866ffade41494bdb11059bbd42d493948e4de353e1	-58.36754604000001	13	4	233	0.46962256	55	0.9	121	1466	15	0.708641	603	positive_pose_source_case02_pos_11_151H8	0	WEAK_PRIOR_ONLY	-9.52	2	cluster_1_model_1.pdb.gz	STRICT_A	DESCRIPTIVE_ONLY	1.21	-0.973	-0.065	16.447	1.1	825.785	1495.321	669.535	19.0	-0.205	5.0	235.0	64.0	0.0	1.752	0.619	5.276	137.165	-0.658	-25.01	0.0	c2_four_seed	13	3047	CORE_EXPLOITATION	/data1/qlyu/projects/pvrig_c2_new4220_seed42_3047_docking_results_v1_20260723/c2_new4220_seed42_3047/compressed_queue/CANDIDATE_P1MCPUFP__CPUFP500K_0091__00550_9e6y_s3047_0023cbfd45e6.tar.gz	runs/CANDIDATE_P1MCPUFP__CPUFP500K_0091__00550_9e6y_s3047_0023cbfd45e6/haddock_run/6_seletopclusts/cluster_1_model_1.pdb.gz	0023cbfd45e61ff3ceea25b2be1ce617655a727df14c1c01dbb74053ffa87a42	8c55751f66ac2930ce115a9419321a2b2bed220b61af2e1671f7ac6e6a2e33b3	CANDIDATE_P1MCPUFP__CPUFP500K_0091__00550_9e6y_s3047_0023cbfd45e6	0.0	Static structure diagnostics only; not experimental affinity, blocking, expression or purity.	18	19
222.186	P1MCPUFP__CPUFP500K_0091__00849	GGLTRPGGAG	7	VSATGTV	2	AMGPSGRPDPPLDPRGYAY	0.58333333	14	0.95833333	AT	8x6b	199	1565	19	1.09381	639	2	NOT_RUN_CROSS_CANDIDATE_RANK_REJECTED	1	/data/qlyu/projects/pvrig_top7500_dualpanel_screen_v1_20260724/run/static_review/inputs/pdb/CANDIDATE_P1MCPUFP__CPUFP500K_0091__00849_8x6b_s1931_8d9c6582ea16.pdb	560b8038051c05c17eb5dc8162c74f9f498d3881012109e057f45f6f3822d74d	-68.48850999999999	12	0	236	0.56831993	65	0.9	193	1523	19	0.56224	631	positive_pose_source_case02_pos_11_151H8	0	WEAK_PRIOR_ONLY	-9.76	2	cluster_1_model_1.pdb.gz	STRICT_A	DESCRIPTIVE_ONLY	1.393	9.512	0.564	23.834	1.414	982.1	1686.096	703.996	23.0	-0.022	1.0	230.0	64.0	0.0	2.572	0.518	4.554	136.621	0.824	28.019	0.0	c2_four_seed	3	1931	PARENT_CDR3_DIVERSITY	/data1/qlyu/projects/pvrig_c2_new6220_dualreceptor_2seed_docking_results_v1_20260723/c2_new4220/compressed_queue/CANDIDATE_P1MCPUFP__CPUFP500K_0091__00849_8x6b_s1931_8d9c6582ea16.tar.gz	runs/CANDIDATE_P1MCPUFP__CPUFP500K_0091__00849_8x6b_s1931_8d9c6582ea16/haddock_run/6_seletopclusts/cluster_1_model_1.pdb.gz	8d9c6582ea166497784dccc050da6b2fb7ad5647c65228cbbcf43c0ba653bb01	8c55751f66ac2930ce115a9419321a2b2bed220b61af2e1671f7ac6e6a2e33b3	CANDIDATE_P1MCPUFP__CPUFP500K_0091__00849_8x6b_s1931_8d9c6582ea16	0.0	Static structure diagnostics only; not experimental affinity, blocking, expression or purity.	134	24
154.782	P1MCPUFP__CPUFP500K_0091__00849	GGLTRPGGAG	7	VSATGTV	2	AMGPSGRPDPPLDPRGYAY	0.58333333	14	0.95833333	AT	9e6y	176	1471	18	0.952183	585	2	NOT_RUN_CROSS_CANDIDATE_RANK_REJECTED	1	/data/qlyu/projects/pvrig_top7500_dualpanel_screen_v1_20260724/run/static_review/inputs/pdb/CANDIDATE_P1MCPUFP__CPUFP500K_0091__00849_9e6y_s42_fcedf6ac43bb.pdb	833bb54c77004b4f0261aba6928423cb31e1d8832e546d34a2269f477b253d3e	-65.68342	7	1	228	0.46962256	55	1.0	177	1538	18	0.572378	592	positive_pose_source_case02_pos_11_151H8	0	WEAK_PRIOR_ONLY	-10.268	2	cluster_1_model_1.pdb.gz	STRICT_A	DESCRIPTIVE_ONLY	1.252	-7.443	-0.44	6.946	0.41	1123.832	1692.902	569.07	14.0	-0.333	3.0	235.0	69.0	0.0	1.594	0.487	3.252	110.58	-0.017	-0.592	0.0	c2_four_seed	2	42	PARENT_CDR3_DIVERSITY	/data1/qlyu/projects/pvrig_c2_new4220_seed42_3047_docking_results_v1_20260723/c2_new4220_seed42_3047/compressed_queue/CANDIDATE_P1MCPUFP__CPUFP500K_0091__00849_9e6y_s42_fcedf6ac43bb.tar.gz	runs/CANDIDATE_P1MCPUFP__CPUFP500K_0091__00849_9e6y_s42_fcedf6ac43bb/haddock_run/6_seletopclusts/cluster_1_model_1.pdb.gz	fcedf6ac43bb8735f32304dabca020a9508a8732c1269dd588fd6fdf7f49f8a3	8c55751f66ac2930ce115a9419321a2b2bed220b61af2e1671f7ac6e6a2e33b3	CANDIDATE_P1MCPUFP__CPUFP500K_0091__00849_9e6y_s42_fcedf6ac43bb	0.0	Static structure diagnostics only; not experimental affinity, blocking, expression or purity.	134	24
188.336	P1MCPUFP__CPUFP500K_0100__00092	GPGFRSGPFD	9	ISIAGTV	3	AAGMSGSTTISWSGEGWSF	0.41666667	10	0.91666667	AT	8x6b	169	1556	19	1.064334	667	4	NOT_RUN_CROSS_CANDIDATE_RANK_REJECTED	2	/data/qlyu/projects/pvrig_top7500_dualpanel_screen_v1_20260724/run/static_review/inputs/pdb/CANDIDATE_P1MCPUFP__CPUFP500K_0100__00092_8x6b_s1931_8cd894911276.pdb	4811374488c37946768a184d7015975b20506f3af5e95cf10ddc029a0f02f886	-90.6545	7	5	296	0.67324053	77	1.0	173	1518	19	0.466775	670	positive_pose_source_case02_pos_01_PVRIG-151_HR151	0	WEAK_PRIOR_ONLY	-11.887	3	cluster_1_model_1.pdb.gz	STRICT_A	DESCRIPTIVE_ONLY	1.301	8.602	0.482	77.33	4.336	897.977	1783.508	885.531	25.0	-0.111	8.0	230.0	77.0	0.0	1.456	0.653	2.942	94.139	0.4	17.98	0.0	c2_four_seed	2	1931	CORE_EXPLOITATION	/data1/qlyu/projects/pvrig_c2_new6220_dualreceptor_2seed_docking_results_v1_20260723/c2_new4220/compressed_queue/CANDIDATE_P1MCPUFP__CPUFP500K_0100__00092_8x6b_s1931_8cd894911276.tar.gz	runs/CANDIDATE_P1MCPUFP__CPUFP500K_0100__00092_8x6b_s1931_8cd894911276/haddock_run/6_seletopclusts/cluster_1_model_1.pdb.gz	8cd89491127693fd042ca94ced8fe353342226a40232a83152f817327973a859	8c55751f66ac2930ce115a9419321a2b2bed220b61af2e1671f7ac6e6a2e33b3	CANDIDATE_P1MCPUFP__CPUFP500K_0100__00092_8x6b_s1931_8cd894911276	0.0	Static structure diagnostics only; not experimental affinity, blocking, expression or purity.	39	24
232.19	P1MCPUFP__CPUFP500K_0100__00092	GPGFRSGPFD	9	ISIAGTV	3	AAGMSGSTTISWSGEGWSF	0.44	11	0.92	AT	9e6y	166	1548	19	0.952208	663	5	NOT_RUN_CROSS_CANDIDATE_RANK_REJECTED	2	/data/qlyu/projects/pvrig_top7500_dualpanel_screen_v1_20260724/run/static_review/inputs/pdb/CANDIDATE_P1MCPUFP__CPUFP500K_0100__00092_9e6y_s42_3577b5e30803.pdb	aa36ba37a76eba4fe0f2e59850890a89f8001709ca3e6e18bc9fd4a6eba8bb89	-92.923	11	6	324	0.67454877	79	1.0	169	1566	19	0.531896	667	positive_pose_source_case02_pos_01_PVRIG-151_HR151	0	WEAK_PRIOR_ONLY	-12.092	3	cluster_1_model_1.pdb.gz	STRICT_A	DESCRIPTIVE_ONLY	1.072	-16.053	-0.898	18.55	1.038	953.259	1787.633	834.374	18.0	-0.242	8.0	235.0	80.0	0.0	0.687	0.681	1.858	61.316	-0.136	-6.381	0.0	c2_four_seed	3	42	CORE_EXPLOITATION	/data1/qlyu/projects/pvrig_c2_new4220_seed42_3047_docking_results_v1_20260723/c2_new4220_seed42_3047/compressed_queue/CANDIDATE_P1MCPUFP__CPUFP500K_0100__00092_9e6y_s42_3577b5e30803.tar.gz	runs/CANDIDATE_P1MCPUFP__CPUFP500K_0100__00092_9e6y_s42_3577b5e30803/haddock_run/6_seletopclusts/cluster_1_model_1.pdb.gz	3577b5e3080326a223165144060a7825702c46e1b95ca9b11e4f1f01b291b0ee	8c55751f66ac2930ce115a9419321a2b2bed220b61af2e1671f7ac6e6a2e33b3	CANDIDATE_P1MCPUFP__CPUFP500K_0100__00092_9e6y_s42_3577b5e30803	0.0	Static structure diagnostics only; not experimental affinity, blocking, expression or purity.	39	25
451.737	P1MCPUFP__CPUFP500K_0100__00188	GPGFRGGPFS	6	IDSTGTT	0	AAGFTPTTSLSTTGEGWSY	0.52631579	10	0.84210526	AT	8x6b	154	1636	19	1.103427	640	1	NOT_RUN_CROSS_CANDIDATE_RANK_REJECTED	3	/data/qlyu/projects/pvrig_top7500_dualpanel_screen_v1_20260724/run/static_review/inputs/pdb/CANDIDATE_P1MCPUFP__CPUFP500K_0100__00188_8x6b_s917_5474bbadfe7f.pdb	114505d873327198c0de03aa1f97557e3d7c06ea8f6a9c9246b8f63972e89378	-62.5652	13	7	222	0.49837286	57	1.0	154	1659	19	0.57147	645	positive_pose_source_case02_pos_01_PVRIG-151_HR151	0	WEAK_PRIOR_ONLY	-11.303	2	cluster_1_model_1.pdb.gz	STRICT_A	DESCRIPTIVE_ONLY	1.077	-7.235	-0.439	15.254	0.925	1016.435	1649.508	633.074	23.0	-0.265	5.0	230.0	64.0	0.0	1.488	0.52	1.891	58.634	1.108	36.575	0.0	old_top7500	5	917	CORE_EXPLOITATION	/data1/qlyu/projects/pvrig_priority_top7500_dualreceptor_multiseed_docking_results_v1_20260722/top7500_25k/compressed_queue/CANDIDATE_P1MCPUFP__CPUFP500K_0100__00188_8x6b_s917_5474bbadfe7f.tar.gz	runs/CANDIDATE_P1MCPUFP__CPUFP500K_0100__00188_8x6b_s917_5474bbadfe7f/haddock_run/6_seletopclusts/cluster_1_model_1.pdb.gz	5474bbadfe7f591536ca32632d77b06ef659caa2770ac8c3126aa90d1f4ba43f	8c55751f66ac2930ce115a9419321a2b2bed220b61af2e1671f7ac6e6a2e33b3	CANDIDATE_P1MCPUFP__CPUFP500K_0100__00188_8x6b_s917_5474bbadfe7f	0.0	Static structure diagnostics only; not experimental affinity, blocking, expression or purity.	16	19
240.591	P1MCPUFP__CPUFP500K_0100__00188	GPGFRGGPFS	6	IDSTGTT	0	AAGFTPTTSLSTTGEGWSY	0.57894737	11	0.89473684	AT	9e6y	162	1430	15	0.959141	612	1	NOT_RUN_CROSS_CANDIDATE_RANK_REJECTED	2	/data/qlyu/projects/pvrig_top7500_dualpanel_screen_v1_20260724/run/static_review/inputs/pdb/CANDIDATE_P1MCPUFP__CPUFP500K_0100__00188_9e6y_s1931_7689df92d3e5.pdb	e4f839776cbc54a871b5741f94ac8944339eef37b71f5fe86e2ad228f5ff37e1	-62.0659	7	4	218	0.40985242	48	1.0	151	1465	15	0.52992	602	positive_pose_source_case02_pos_01_PVRIG-151_HR151	0	WEAK_PRIOR_ONLY	-8.971	2	cluster_1_model_1.pdb.gz	STRICT_A	DESCRIPTIVE_ONLY	1.236	15.104	1.098	49.665	3.61	944.057	1375.88	431.823	11.0	-0.026	2.0	235.0	62.0	0.0	1.95	0.665	3.494	97.828	0.679	23.085	0.0	old_top7500	2	1931	CORE_EXPLOITATION	/data1/qlyu/projects/pvrig_priority_top7500_dualreceptor_multiseed_docking_results_v1_20260722/top7500_25k/compressed_queue/CANDIDATE_P1MCPUFP__CPUFP500K_0100__00188_9e6y_s1931_7689df92d3e5.tar.gz	runs/CANDIDATE_P1MCPUFP__CPUFP500K_0100__00188_9e6y_s1931_7689df92d3e5/haddock_run/6_seletopclusts/cluster_1_model_1.pdb.gz	7689df92d3e5a9998290109989f8c20ba2bdba201742cf9e1b0a1718ef42a359	8c55751f66ac2930ce115a9419321a2b2bed220b61af2e1671f7ac6e6a2e33b3	CANDIDATE_P1MCPUFP__CPUFP500K_0100__00188_9e6y_s1931_7689df92d3e5	0.0	Static structure diagnostics only; not experimental affinity, blocking, expression or purity.	16	19
191.306	P1MCPUFP__CPUFP500K_0100__00247	GPGFRGGPFS	5	VDISGTV	0	AAGAISSTAIPTDGEGWSF	0.64705882	11	0.94117647	AT	8x6b	183	1629	16	1.094016	673	2	NOT_RUN_CROSS_CANDIDATE_RANK_REJECTED	1	/data/qlyu/projects/pvrig_top7500_dualpanel_screen_v1_20260724/run/static_review/inputs/pdb/CANDIDATE_P1MCPUFP__CPUFP500K_0100__00247_8x6b_s3047_975264dbec8a.pdb	db0f397a71dad9d307bc49cef4f80dd371668a4efc619e3023e6c036f13f422e	-49.2929	5	4	193	0.40219564	46	1.0	180	1592	16	0.53981	675	positive_pose_source_case02_pos_01_PVRIG-151_HR151	0	WEAK_PRIOR_ONLY	-8.682	4	cluster_1_model_1.pdb.gz	STRICT_A	DESCRIPTIVE_ONLY	1.03	-8.15	-0.628	7.356	0.567	762.985	1297.903	534.918	16.0	0.0	0.0	230.0	61.0	0.0	0.991	0.56	1.82	45.496	0.415	14.938	0.0	c2_four_seed	1	3047	CORE_EXPLOITATION	/data1/qlyu/projects/pvrig_c2_new4220_seed42_3047_docking_results_v1_20260723/c2_new4220_seed42_3047/compressed_queue/CANDIDATE_P1MCPUFP__CPUFP500K_0100__00247_8x6b_s3047_975264dbec8a.tar.gz	runs/CANDIDATE_P1MCPUFP__CPUFP500K_0100__00247_8x6b_s3047_975264dbec8a/haddock_run/6_seletopclusts/cluster_1_model_1.pdb.gz	975264dbec8a32f3ff97140d56275788df9043a8e7d5e043d4703b91fdefea45	8c55751f66ac2930ce115a9419321a2b2bed220b61af2e1671f7ac6e6a2e33b3	CANDIDATE_P1MCPUFP__CPUFP500K_0100__00247_8x6b_s3047_975264dbec8a	0.0	Static structure diagnostics only; not experimental affinity, blocking, expression or purity.	61	17
192.254	P1MCPUFP__CPUFP500K_0100__00247	GPGFRGGPFS	4	VDISGTV	2	AAGAISSTAIPTDGEGWSF	0.58823529	10	0.94117647	AT	9e6y	152	1573	17	0.908551	633	3	NOT_RUN_CROSS_CANDIDATE_RANK_REJECTED	1	/data/qlyu/projects/pvrig_top7500_dualpanel_screen_v1_20260724/run/static_review/inputs/pdb/CANDIDATE_P1MCPUFP__CPUFP500K_0100__00247_9e6y_s42_c4334aaca477.pdb	fc31ae302dee82f0fef5af7732df0e66c6b7a15123e3fc7d6fdfd7994777a2de	-65.80860000000001	5	5	180	0.40131382	47	0.7	154	1636	17	0.504154	628	positive_pose_source_case02_pos_01_PVRIG-151_HR151	0	WEAK_PRIOR_ONLY	-8.868	4	cluster_1_model_1.pdb.gz	STRICT_A	DESCRIPTIVE_ONLY	1.193	-2.342	-0.165	23.997	1.687	932.66	1422.332	489.672	8.0	-0.05	2.0	235.0	70.0	0.0	1.542	0.675	3.279	108.195	-0.007	-0.241	0.0	c2_four_seed	3	42	CORE_EXPLOITATION	/data1/qlyu/projects/pvrig_c2_new4220_seed42_3047_docking_results_v1_20260723/c2_new4220_seed42_3047/compressed_queue/CANDIDATE_P1MCPUFP__CPUFP500K_0100__00247_9e6y_s42_c4334aaca477.tar.gz	runs/CANDIDATE_P1MCPUFP__CPUFP500K_0100__00247_9e6y_s42_c4334aaca477/haddock_run/6_seletopclusts/cluster_1_model_1.pdb.gz	c4334aaca477d19016fb4d9f46ff6bd94a7da0cab67d0baa6f80e122f8caab43	8c55751f66ac2930ce115a9419321a2b2bed220b61af2e1671f7ac6e6a2e33b3	CANDIDATE_P1MCPUFP__CPUFP500K_0100__00247_9e6y_s42_c4334aaca477	0.0	Static structure diagnostics only; not experimental affinity, blocking, expression or purity.	61	17
364.443	P1MCPUFP__CPUFP500K_0100__00383	GPGFRGGPFS	6	IDISGTT	0	AAGFTGSTSTPTTGEGWSY	0.52631579	10	0.84210526	AT	8x6b	152	1598	20	1.089782	615	2	NOT_RUN_CROSS_CANDIDATE_RANK_REJECTED	3	/data/qlyu/projects/pvrig_top7500_dualpanel_screen_v1_20260724/run/static_review/inputs/pdb/CANDIDATE_P1MCPUFP__CPUFP500K_0100__00383_8x6b_s1931_53562365f0ab.pdb	5059211a2f6526f0852781bddb9f3cd6b8f25dd4cbce7a19a9ba2f84d1731f5a	-68.9424	14	6	239	0.49837286	57	0.9	144	1664	20	0.539615	609	positive_pose_source_case02_pos_01_PVRIG-151_HR151	0	WEAK_PRIOR_ONLY	-11.707	2	cluster_1_model_1.pdb.gz	STRICT_A	DESCRIPTIVE_ONLY	1.096	4.862	0.304	32.783	2.049	871.207	1600.01	728.802	17.0	-0.148	5.0	230.0	65.0	0.0	2.024	0.557	3.132	93.951	1.075	37.628	0.0	old_top7500	5	1931	CORE_EXPLOITATION	/data1/qlyu/projects/pvrig_priority_top7500_dualreceptor_multiseed_docking_results_v1_20260722/top7500_25k/compressed_queue/CANDIDATE_P1MCPUFP__CPUFP500K_0100__00383_8x6b_s1931_53562365f0ab.tar.gz	runs/CANDIDATE_P1MCPUFP__CPUFP500K_0100__00383_8x6b_s1931_53562365f0ab/haddock_run/6_seletopclusts/cluster_1_model_1.pdb.gz	53562365f0abe84465d5d5e14fabc93a1ba5576ca098ad3b7c6bae5c5a63e3a4	8c55751f66ac2930ce115a9419321a2b2bed220b61af2e1671f7ac6e6a2e33b3	CANDIDATE_P1MCPUFP__CPUFP500K_0100__00383_8x6b_s1931_53562365f0ab	0.0	Static structure diagnostics only; not experimental affinity, blocking, expression or purity.	7	19
171.894	P1MCPUFP__CPUFP500K_0100__00383	GPGFRGGPFS	7	IDISGTT	0	AAGFTGSTSTPTTGEGWSY	0.45	9	0.8	AT	9e6y	177	1686	18	0.97135	662	2	NOT_RUN_CROSS_CANDIDATE_RANK_REJECTED	4	/data/qlyu/projects/pvrig_top7500_dualpanel_screen_v1_20260724/run/static_review/inputs/pdb/CANDIDATE_P1MCPUFP__CPUFP500K_0100__00383_9e6y_s917_40975d299a8d.pdb	aa68a54cf2345a6908853df4bc3b5e8ceda3b5f23de0604d46f0497b0b0e155f	-78.44786	8	7	265	0.52085411	61	1.0	164	1639	18	0.595772	615	positive_pose_source_case02_pos_01_PVRIG-151_HR151	0	WEAK_PRIOR_ONLY	-10.433	2	cluster_1_model_1.pdb.gz	STRICT_A	DESCRIPTIVE_ONLY	1.488	28.162	1.967	75.84	5.297	911.312	1431.684	520.371	23.0	-0.029	4.0	235.0	64.0	0.0	2.257	0.635	3.079	92.384	1.532	52.093	0.0	old_top7500	0	917	CORE_EXPLOITATION	/data1/qlyu/projects/pvrig_priority_top7500_dualreceptor_multiseed_docking_results_v1_20260722/top7500_25k/compressed_queue/CANDIDATE_P1MCPUFP__CPUFP500K_0100__00383_9e6y_s917_40975d299a8d.tar.gz	runs/CANDIDATE_P1MCPUFP__CPUFP500K_0100__00383_9e6y_s917_40975d299a8d/haddock_run/6_seletopclusts/cluster_1_model_1.pdb.gz	40975d299a8d42c3684162a33537dd85013f8824e53d4ad8c362dbb078007538	8c55751f66ac2930ce115a9419321a2b2bed220b61af2e1671f7ac6e6a2e33b3	CANDIDATE_P1MCPUFP__CPUFP500K_0100__00383_9e6y_s917_40975d299a8d	0.0	Static structure diagnostics only; not experimental affinity, blocking, expression or purity.	7	20
284.831	P1MCPUFP__CPUFP500K_0100__00613	GPGFRGGPFS	7	VDDAGTV	0	AAGFYSSRDIPMDGSGWSF	0.54545455	12	0.86363636	AT	8x6b	153	1466	17	1.095674	583	3	NOT_RUN_CROSS_CANDIDATE_RANK_REJECTED	3	/data/qlyu/projects/pvrig_top7500_dualpanel_screen_v1_20260724/run/static_review/inputs/pdb/CANDIDATE_P1MCPUFP__CPUFP500K_0100__00613_8x6b_s1931_e2baf60a05b7.pdb	44f29fc818498e124819432f2347638b3076217e9ea34050bdc224d50773b59e	-66.3878	11	8	302	0.53334639	61	0.7	150	1386	17	0.472997	574	positive_pose_source_case02_pos_01_PVRIG-151_HR151	0	WEAK_PRIOR_ONLY	-10.965	5	cluster_1_model_1.pdb.gz	STRICT_A	DESCRIPTIVE_ONLY	1.012	5.593	0.339	30.977	1.875	995.181	1651.816	656.635	10.0	-0.117	5.0	230.0	65.0	0.0	1.163	0.654	2.372	66.417	0.249	9.21	0.0	c2_four_seed	4	1931	CORE_EXPLOITATION	/data1/qlyu/projects/pvrig_c2_new6220_dualreceptor_2seed_docking_results_v1_20260723/c2_new4220/compressed_queue/CANDIDATE_P1MCPUFP__CPUFP500K_0100__00613_8x6b_s1931_e2baf60a05b7.tar.gz	runs/CANDIDATE_P1MCPUFP__CPUFP500K_0100__00613_8x6b_s1931_e2baf60a05b7/haddock_run/6_seletopclusts/cluster_1_model_1.pdb.gz	e2baf60a05b745d02f260e5dde052c6df31ebbaad4fcdaef8d0e8b9727be57d6	8c55751f66ac2930ce115a9419321a2b2bed220b61af2e1671f7ac6e6a2e33b3	CANDIDATE_P1MCPUFP__CPUFP500K_0100__00613_8x6b_s1931_e2baf60a05b7	0.0	Static structure diagnostics only; not experimental affinity, blocking, expression or purity.	103	22
224.021	P1MCPUFP__CPUFP500K_0100__00613	GPGFRGGPFS	4	VDDAGTV	0	AAGFYSSRDIPMDGSGWSF	0.66666667	14	0.85714286	AT	9e6y	141	1671	15	0.894316	681	4	NOT_RUN_CROSS_CANDIDATE_RANK_REJECTED	3	/data/qlyu/projects/pvrig_top7500_dualpanel_screen_v1_20260724/run/static_review/inputs/pdb/CANDIDATE_P1MCPUFP__CPUFP500K_0100__00613_9e6y_s3047_3d7cbb00f838.pdb	d9c9bc9d8a7ef3a20606d156ca27bd2f5a63971145fa4c408553efb16d31b587	-100.632	5	7	299	0.5379313	63	0.6	134	1714	15	0.479813	689	positive_pose_source_case02_pos_01_PVRIG-151_HR151	0	WEAK_PRIOR_ONLY	-9.458	5	cluster_1_model_1.pdb.gz	STRICT_A	DESCRIPTIVE_ONLY	1.77	11.453	0.73	24.003	1.531	927.21	1567.819	640.609	19.0	-0.089	4.0	235.0	64.0	0.0	1.244	0.685	2.274	68.215	0.335	11.382	0.0	c2_four_seed	2	3047	CORE_EXPLOITATION	/data1/qlyu/projects/pvrig_c2_new4220_seed42_3047_docking_results_v1_20260723/c2_new4220_seed42_3047/compressed_queue/CANDIDATE_P1MCPUFP__CPUFP500K_0100__00613_9e6y_s3047_3d7cbb00f838.tar.gz	runs/CANDIDATE_P1MCPUFP__CPUFP500K_0100__00613_9e6y_s3047_3d7cbb00f838/haddock_run/6_seletopclusts/cluster_1_model_1.pdb.gz	3d7cbb00f838ed53e1ab8d87a149dede07c134cb107f65d3b60bcbc027ada98d	8c55751f66ac2930ce115a9419321a2b2bed220b61af2e1671f7ac6e6a2e33b3	CANDIDATE_P1MCPUFP__CPUFP500K_0100__00613_9e6y_s3047_3d7cbb00f838	0.0	Static structure diagnostics only; not experimental affinity, blocking, expression or purity.	103	21
270.809	P1MCPUFP__CPUFP500K_0100__00822	GPGFRGGPFS	7	VDIAGTT	1	AAGFLSTTSISSSGSGWSY	0.52631579	10	0.94736842	AT	8x6b	164	1575	19	1.070446	626	3	NOT_RUN_CROSS_CANDIDATE_RANK_REJECTED	1	/data/qlyu/projects/pvrig_top7500_dualpanel_screen_v1_20260724/run/static_review/inputs/pdb/CANDIDATE_P1MCPUFP__CPUFP500K_0100__00822_8x6b_s917_b62cfcb641f9.pdb	53cde25f3120d73f3cba559f294f0a01d48ee9ec2d622a90c6c815a8715134c7	-68.14748	5	5	238	0.45465594	52	1.0	163	1597	19	0.504132	625	positive_pose_source_case02_pos_01_PVRIG-151_HR151	0	WEAK_PRIOR_ONLY	-10.853	2	cluster_1_model_1.pdb.gz	STRICT_A	DESCRIPTIVE_ONLY	1.38	18.921	1.212	95.337	6.107	1073.95	1561.032	487.082	6.0	-0.014	3.0	230.0	65.0	0.0	2.402	0.705	3.452	93.207	1.656	62.917	0.0	old_top7500	0	917	CORE_EXPLOITATION	/data1/qlyu/projects/pvrig_priority_top7500_dualreceptor_multiseed_docking_results_v1_20260722/top7500_25k/compressed_queue/CANDIDATE_P1MCPUFP__CPUFP500K_0100__00822_8x6b_s917_b62cfcb641f9.tar.gz	runs/CANDIDATE_P1MCPUFP__CPUFP500K_0100__00822_8x6b_s917_b62cfcb641f9/haddock_run/6_seletopclusts/cluster_1_model_1.pdb.gz	b62cfcb641f939d9023201734d5abde00d2b2466c792e87eaa0f548e5f5ab556	8c55751f66ac2930ce115a9419321a2b2bed220b61af2e1671f7ac6e6a2e33b3	CANDIDATE_P1MCPUFP__CPUFP500K_0100__00822_8x6b_s917_b62cfcb641f9	0.0	Static structure diagnostics only; not experimental affinity, blocking, expression or purity.	48	19
313.227	P1MCPUFP__CPUFP500K_0100__00822	GPGFRGGPFS	7	VDIAGTT	1	AAGFLSTTSISSSGSGWSY	0.52631579	10	0.94736842	AT	9e6y	164	1495	20	0.935384	621	3	NOT_RUN_CROSS_CANDIDATE_RANK_REJECTED	1	/data/qlyu/projects/pvrig_top7500_dualpanel_screen_v1_20260724/run/static_review/inputs/pdb/CANDIDATE_P1MCPUFP__CPUFP500K_0100__00822_9e6y_s1931_7ec6ce690d69.pdb	67ea9a13c4b72111aa2cb717eb9477e8901a94334a85a15d54e3002b1d8b0c82	-69.85944	9	6	273	0.47816115	56	1.0	156	1628	20	0.549842	606	positive_pose_source_case02_pos_01_PVRIG-151_HR151	0	WEAK_PRIOR_ONLY	-11.139	2	cluster_1_model_1.pdb.gz	STRICT_A	DESCRIPTIVE_ONLY	1.755	18.397	1.151	67.202	4.206	1059.654	1597.825	538.171	28.0	-0.03	2.0	235.0	70.0	0.0	2.024	0.701	3.866	108.246	0.796	33.447	0.0	old_top7500	0	1931	CORE_EXPLOITATION	/data1/qlyu/projects/pvrig_priority_top7500_dualreceptor_multiseed_docking_results_v1_20260722/top7500_25k/compressed_queue/CANDIDATE_P1MCPUFP__CPUFP500K_0100__00822_9e6y_s1931_7ec6ce690d69.tar.gz	runs/CANDIDATE_P1MCPUFP__CPUFP500K_0100__00822_9e6y_s1931_7ec6ce690d69/haddock_run/6_seletopclusts/cluster_1_model_1.pdb.gz	7ec6ce690d69814952e4f7715e4da38baeb108381256a3d868063d8d0d1fe640	8c55751f66ac2930ce115a9419321a2b2bed220b61af2e1671f7ac6e6a2e33b3	CANDIDATE_P1MCPUFP__CPUFP500K_0100__00822_9e6y_s1931_7ec6ce690d69	0.0	Static structure diagnostics only; not experimental affinity, blocking, expression or purity.	48	19
287.17	P1MCPUFP__CPUFP500K_0101__00798	GPGWSHGDFH	6	VDSTGTV	0	AAGFLPTGAIPTDGEGYEH	0.57894737	11	0.89473684	AT	8x6b	178	1570	20	1.045862	638	3	NOT_RUN_CROSS_CANDIDATE_RANK_REJECTED	2	/data/qlyu/projects/pvrig_top7500_dualpanel_screen_v1_20260724/run/static_review/inputs/pdb/CANDIDATE_P1MCPUFP__CPUFP500K_0101__00798_8x6b_s1931_91fdc0720729.pdb	3f759a90b9d6526ed5f607e3f29b030a71815e21b51a8d4266a38a81dd2fa5b0	-83.07270000000001	8	2	223	0.48962948	56	0.8	188	1529	20	0.472021	661	positive_pose_source_case02_pos_01_PVRIG-151_HR151	0	WEAK_PRIOR_ONLY	-11.065	4	cluster_1_model_1.pdb.gz	STRICT_A	DESCRIPTIVE_ONLY	0.915	-9.565	-0.605	6.628	0.419	993.376	1580.354	586.978	15.0	-0.463	5.0	230.0	64.0	0.0	1.182	0.574	1.952	60.509	0.459	15.15	0.0	c2_four_seed	2	1931	CORE_EXPLOITATION	/data1/qlyu/projects/pvrig_c2_new6220_dualreceptor_2seed_docking_results_v1_20260723/c2_new4220/compressed_queue/CANDIDATE_P1MCPUFP__CPUFP500K_0101__00798_8x6b_s1931_91fdc0720729.tar.gz	runs/CANDIDATE_P1MCPUFP__CPUFP500K_0101__00798_8x6b_s1931_91fdc0720729/haddock_run/6_seletopclusts/cluster_1_model_1.pdb.gz	91fdc072072911dcecdb1fcb44aaafdaadb1fac0b348c6571a3aa4572a2240f0	8c55751f66ac2930ce115a9419321a2b2bed220b61af2e1671f7ac6e6a2e33b3	CANDIDATE_P1MCPUFP__CPUFP500K_0101__00798_8x6b_s1931_91fdc0720729	0.0	Static structure diagnostics only; not experimental affinity, blocking, expression or purity.	45	19
363.971	P1MCPUFP__CPUFP500K_0101__00798	GPGWSHGDFH	5	VDSTGTV	0	AAGFLPTGAIPTDGEGYEH	0.55555556	10	0.83333333	AT	9e6y	186	1612	18	0.994726	709	3	NOT_RUN_CROSS_CANDIDATE_RANK_REJECTED	3	/data/qlyu/projects/pvrig_top7500_dualpanel_screen_v1_20260724/run/static_review/inputs/pdb/CANDIDATE_P1MCPUFP__CPUFP500K_0101__00798_9e6y_s917_8ce65895d867.pdb	cf5be4bb84de8d0e5215a9a57a2733a16eb5c5ea993f186189eaeff8726d9faa	-79.172	6	4	215	0.48669974	57	0.8	168	1657	18	0.597665	682	positive_pose_source_case02_pos_01_PVRIG-151_HR151	0	WEAK_PRIOR_ONLY	-10.26	4	cluster_1_model_1.pdb.gz	STRICT_A	DESCRIPTIVE_ONLY	0.965	-10.719	-0.739	8.706	0.6	895.816	1449.896	554.08	24.0	-0.128	2.0	235.0	65.0	0.0	0.529	0.58	1.48	44.414	-0.287	-10.041	0.0	c2_four_seed	1	917	CORE_EXPLOITATION	/data1/qlyu/projects/pvrig_c2_new6220_dualreceptor_2seed_docking_results_v1_20260723/c2_new4220/compressed_queue/CANDIDATE_P1MCPUFP__CPUFP500K_0101__00798_9e6y_s917_8ce65895d867.tar.gz	runs/CANDIDATE_P1MCPUFP__CPUFP500K_0101__00798_9e6y_s917_8ce65895d867/haddock_run/6_seletopclusts/cluster_1_model_1.pdb.gz	8ce65895d867161586f4c999bcab96ca6861361d0bf98ee0338a8a12ed43dbb8	8c55751f66ac2930ce115a9419321a2b2bed220b61af2e1671f7ac6e6a2e33b3	CANDIDATE_P1MCPUFP__CPUFP500K_0101__00798_9e6y_s917_8ce65895d867	0.0	Static structure diagnostics only; not experimental affinity, blocking, expression or purity.	45	18
253.211	P1MCPUFP__CPUFP500K_0107__00292	GPGLSRGPWS	8	VDWEGGT	2	AAGRLSGGTVPTDGSGWDY	0.42857143	9	0.9047619	AT	8x6b	105	1357	19	1.084881	536	4	NOT_RUN_CROSS_CANDIDATE_RANK_REJECTED	2	/data/qlyu/projects/pvrig_top7500_dualpanel_screen_v1_20260724/run/static_review/inputs/pdb/CANDIDATE_P1MCPUFP__CPUFP500K_0107__00292_8x6b_s917_e33e579a4513.pdb	ef0d911581c38ed343f6098060f2bc2e695fdf21136d225d048a6ad18cf251e9	-67.7005	12	3	244	0.44591256	51	0.9	100	1365	19	0.517716	510	positive_pose_source_case02_pos_01_PVRIG-151_HR151	0	WEAK_PRIOR_ONLY	-9.651	4	cluster_1_model_1.pdb.gz	STRICT_A	DESCRIPTIVE_ONLY	1.25	9.224	0.633	36.003	2.47	899.618	1457.631	558.013	16.0	-0.045	2.0	230.0	55.0	0.0	2.046	0.55	3.491	80.302	1.007	32.233	0.0	old_top7500	6	917	CORE_EXPLOITATION	/data1/qlyu/projects/pvrig_priority_top7500_dualreceptor_multiseed_docking_results_v1_20260722/top7500_25k/compressed_queue/CANDIDATE_P1MCPUFP__CPUFP500K_0107__00292_8x6b_s917_e33e579a4513.tar.gz	runs/CANDIDATE_P1MCPUFP__CPUFP500K_0107__00292_8x6b_s917_e33e579a4513/haddock_run/6_seletopclusts/cluster_1_model_1.pdb.gz	e33e579a45136a3851b1a1a064aa84b16eed6cbb6f648b07c7612624a0111e20	8c55751f66ac2930ce115a9419321a2b2bed220b61af2e1671f7ac6e6a2e33b3	CANDIDATE_P1MCPUFP__CPUFP500K_0107__00292_8x6b_s917_e33e579a4513	0.0	Static structure diagnostics only; not experimental affinity, blocking, expression or purity.	1	21
230.076	P1MCPUFP__CPUFP500K_0107__00292	GPGLSRGPWS	9	VDWEGGT	1	AAGRLSGGTVPTDGSGWDY	0.39130435	9	0.82608696	AT	9e6y	154	1427	20	0.925514	576	3	NOT_RUN_CROSS_CANDIDATE_RANK_REJECTED	4	/data/qlyu/projects/pvrig_top7500_dualpanel_screen_v1_20260724/run/static_review/inputs/pdb/CANDIDATE_P1MCPUFP__CPUFP500K_0107__00292_9e6y_s1931_536adcea438a.pdb	0cbe7299cc7eec6296109a6681c49db233ff34f131448452391d837f7ccc66ad	-75.00106	10	4	324	0.5379313	63	0.9	147	1461	20	0.47232	585	positive_pose_source_case02_pos_01_PVRIG-151_HR151	0	WEAK_PRIOR_ONLY	-9.565	4	cluster_1_model_1.pdb.gz	STRICT_A	DESCRIPTIVE_ONLY	0.942	38.935	2.37	58.258	3.547	1062.187	1642.671	580.484	20.0	-0.057	6.0	235.0	66.0	0.0	1.961	0.645	3.787	113.604	0.439	15.8	0.0	old_top7500	0	1931	CORE_EXPLOITATION	/data1/qlyu/projects/pvrig_priority_top7500_dualreceptor_multiseed_docking_results_v1_20260722/top7500_25k/compressed_queue/CANDIDATE_P1MCPUFP__CPUFP500K_0107__00292_9e6y_s1931_536adcea438a.tar.gz	runs/CANDIDATE_P1MCPUFP__CPUFP500K_0107__00292_9e6y_s1931_536adcea438a/haddock_run/6_seletopclusts/cluster_1_model_1.pdb.gz	536adcea438a2033c974b114c185113e8e079193df626b120c2561a47667f03c	8c55751f66ac2930ce115a9419321a2b2bed220b61af2e1671f7ac6e6a2e33b3	CANDIDATE_P1MCPUFP__CPUFP500K_0107__00292_9e6y_s1931_536adcea438a	0.0	Static structure diagnostics only; not experimental affinity, blocking, expression or purity.	1	23
135.007	P1MCPUFP__CPUFP500K_0108__00054	GPGFSGGPYH	8	VDDTGGE	0	AAGSSPGGVVPADGTGYDY	0.44444444	8	0.88888889	AT	8x6b	173	1657	14	1.078817	680	4	NOT_RUN_CROSS_CANDIDATE_RANK_REJECTED	2	/data/qlyu/projects/pvrig_top7500_dualpanel_screen_v1_20260724/run/static_review/inputs/pdb/CANDIDATE_P1MCPUFP__CPUFP500K_0108__00054_8x6b_s42_5980fee6ab26.pdb	a83e360da59a190736e175c1f03ed00f1179606f035ede9a1803982f370e02cb	-52.73336	3	3	196	0.46339932	53	0.9	180	1605	14	0.502044	682	positive_pose_source_case02_pos_01_PVRIG-151_HR151	0	WEAK_PRIOR_ONLY	-9.961	4	cluster_1_model_1.pdb.gz	STRICT_A	DESCRIPTIVE_ONLY	0.912	22.436	1.893	54.812	4.624	843.559	1185.27	341.711	11.0	-0.045	3.0	230.0	61.0	0.0	1.216	0.572	0.885	23.0	1.462	51.156	0.0	c2_four_seed	0	42	CORE_EXPLOITATION	/data1/qlyu/projects/pvrig_c2_new4220_seed42_3047_docking_results_v1_20260723/c2_new4220_seed42_3047/compressed_queue/CANDIDATE_P1MCPUFP__CPUFP500K_0108__00054_8x6b_s42_5980fee6ab26.tar.gz	runs/CANDIDATE_P1MCPUFP__CPUFP500K_0108__00054_8x6b_s42_5980fee6ab26/haddock_run/6_seletopclusts/cluster_1_model_1.pdb.gz	5980fee6ab26a836dfd95355a64d6291cc5fdc273ad9ca4bec6d2b7d791f3c13	8c55751f66ac2930ce115a9419321a2b2bed220b61af2e1671f7ac6e6a2e33b3	CANDIDATE_P1MCPUFP__CPUFP500K_0108__00054_8x6b_s42_5980fee6ab26	0.0	Static structure diagnostics only; not experimental affinity, blocking, expression or purity.	62	18
335.851	P1MCPUFP__CPUFP500K_0108__00054	GPGFSGGPYH	10	VDDTGGE	3	AAGSSPGGVVPADGTGYDY	0.41666667	10	0.95833333	AT	9e6y	173	1416	18	0.994657	575	2	NOT_RUN_CROSS_CANDIDATE_RANK_REJECTED	1	/data/qlyu/projects/pvrig_top7500_dualpanel_screen_v1_20260724/run/static_review/inputs/pdb/CANDIDATE_P1MCPUFP__CPUFP500K_0108__00054_9e6y_s917_b220a1d53a60.pdb	f097fcea66663e6020967887dcb386d86f2882c3ce67992f6a6232ab40e5bf6a	-52.84597	9	4	243	0.52085411	61	0.8	175	1423	18	0.610288	584	positive_pose_source_case02_pos_01_PVRIG-151_HR151	0	WEAK_PRIOR_ONLY	-9.627	3	cluster_1_model_1.pdb.gz	STRICT_A	DESCRIPTIVE_ONLY	1.101	13.181	0.967	46.893	3.442	856.603	1362.441	505.838	15.0	-0.034	3.0	235.0	66.0	0.0	1.424	0.615	2.215	59.814	0.876	34.176	0.0	c2_four_seed	4	917	CORE_EXPLOITATION	/data1/qlyu/projects/pvrig_c2_new6220_dualreceptor_2seed_docking_results_v1_20260723/c2_new4220/compressed_queue/CANDIDATE_P1MCPUFP__CPUFP500K_0108__00054_9e6y_s917_b220a1d53a60.tar.gz	runs/CANDIDATE_P1MCPUFP__CPUFP500K_0108__00054_9e6y_s917_b220a1d53a60/haddock_run/6_seletopclusts/cluster_1_model_1.pdb.gz	b220a1d53a6008a88f6ae5198717a3e33fcc550a82378f7b372dafab5391745b	8c55751f66ac2930ce115a9419321a2b2bed220b61af2e1671f7ac6e6a2e33b3	CANDIDATE_P1MCPUFP__CPUFP500K_0108__00054_9e6y_s917_b220a1d53a60	0.0	Static structure diagnostics only; not experimental affinity, blocking, expression or purity.	62	24
145.346	P1MCPUFP__CPUFP500K_0108__00134	GPGLGRGPAH	6	LDSQGGQ	0	AAGDSPGGLLPADGSGYTH	0.58823529	10	0.94117647	AT	8x6b	212	1944	15	1.087706	832	3	NOT_RUN_CROSS_CANDIDATE_RANK_REJECTED	1	/data/qlyu/projects/pvrig_top7500_dualpanel_screen_v1_20260724/run/static_review/inputs/pdb/CANDIDATE_P1MCPUFP__CPUFP500K_0108__00134_8x6b_s3047_3da104dc2078.pdb	5d7d3e0cd75d335e3ece44408377ce5159b4f1474a6b674b313dd25267a6117a	-60.52378	5	0	224	0.48088609	55	0.7	194	1859	15	0.476023	795	positive_pose_source_case02_pos_01_PVRIG-151_HR151	0	WEAK_PRIOR_ONLY	-10.72	3	cluster_1_model_1.pdb.gz	STRICT_A	DESCRIPTIVE_ONLY	0.937	-1.347	-0.101	35.606	2.672	882.92	1332.511	449.591	8.0	-0.109	5.0	230.0	60.0	0.0	1.897	0.627	2.904	78.405	1.074	35.435	0.0	c2_four_seed	0	3047	CORE_EXPLOITATION	/data1/qlyu/projects/pvrig_c2_new4220_seed42_3047_docking_results_v1_20260723/c2_new4220_seed42_3047/compressed_queue/CANDIDATE_P1MCPUFP__CPUFP500K_0108__00134_8x6b_s3047_3da104dc2078.tar.gz	runs/CANDIDATE_P1MCPUFP__CPUFP500K_0108__00134_8x6b_s3047_3da104dc2078/haddock_run/6_seletopclusts/cluster_1_model_1.pdb.gz	3da104dc2078bee504f2a24d2aa900770c63ec607e1dc3c7b5965aed3043babc	8c55751f66ac2930ce115a9419321a2b2bed220b61af2e1671f7ac6e6a2e33b3	CANDIDATE_P1MCPUFP__CPUFP500K_0108__00134_8x6b_s3047_3da104dc2078	0.0	Static structure diagnostics only; not experimental affinity, blocking, expression or purity.	117	17
160.674	P1MCPUFP__CPUFP500K_0108__00134	GPGLGRGPAH	6	LDSQGGQ	0	AAGDSPGGLLPADGSGYTH	0.5	8	0.875	AT	9e6y	170	1487	14	0.984665	641	3	NOT_RUN_CROSS_CANDIDATE_RANK_REJECTED	2	/data/qlyu/projects/pvrig_top7500_dualpanel_screen_v1_20260724/run/static_review/inputs/pdb/CANDIDATE_P1MCPUFP__CPUFP500K_0108__00134_9e6y_s3047_4cbb3cbaa8e8.pdb	6f711191a650da70db66ea0e80883145553c826cb9c05f21c6da0f686360e6e4	-61.170839999999984	14	1	221	0.4269296	50	0.8	168	1485	14	0.55813	621	positive_pose_source_case02_pos_01_PVRIG-151_HR151	0	WEAK_PRIOR_ONLY	-7.816	4	cluster_1_model_1.pdb.gz	STRICT_A	DESCRIPTIVE_ONLY	0.945	-3.472	-0.256	16.127	1.188	828.15	1357.206	529.056	11.0	-0.407	7.0	235.0	64.0	0.0	0.683	0.632	1.783	49.914	-0.173	-6.232	0.0	c2_four_seed	4	3047	CORE_EXPLOITATION	/data1/qlyu/projects/pvrig_c2_new4220_seed42_3047_docking_results_v1_20260723/c2_new4220_seed42_3047/compressed_queue/CANDIDATE_P1MCPUFP__CPUFP500K_0108__00134_9e6y_s3047_4cbb3cbaa8e8.tar.gz	runs/CANDIDATE_P1MCPUFP__CPUFP500K_0108__00134_9e6y_s3047_4cbb3cbaa8e8/haddock_run/6_seletopclusts/cluster_1_model_1.pdb.gz	4cbb3cbaa8e8656f4e8060f5dde5df2051abf86d23d87a0adfb5fc63cb83c4e4	8c55751f66ac2930ce115a9419321a2b2bed220b61af2e1671f7ac6e6a2e33b3	CANDIDATE_P1MCPUFP__CPUFP500K_0108__00134_9e6y_s3047_4cbb3cbaa8e8	0.0	Static structure diagnostics only; not experimental affinity, blocking, expression or purity.	117	16
133.267	P1MCPUFP__CPUFP500K_0108__00157	GPGFSRGPWD	8	VDREGGT	0	AAGDSPSGLVDWDGTGYTY	0.5	10	0.9	AT	8x6b	176	1346	17	1.076037	579	3	NOT_RUN_CROSS_CANDIDATE_RANK_REJECTED	2	/data/qlyu/projects/pvrig_top7500_dualpanel_screen_v1_20260724/run/static_review/inputs/pdb/CANDIDATE_P1MCPUFP__CPUFP500K_0108__00157_8x6b_s3047_b5e46ad011c4.pdb	9cf24e4ee4a70fa0b54915655d2464cb920a282a1f1532f3cae9d8083792cd50	-76.85128999999999	12	4	241	0.48088609	55	0.9	186	1385	17	0.612042	607	positive_pose_source_case02_pos_01_PVRIG-151_HR151	0	WEAK_PRIOR_ONLY	-9.077	4	cluster_1_model_1.pdb.gz	STRICT_A	DESCRIPTIVE_ONLY	0.739	1.812	0.111	13.862	0.847	892.339	1635.895	743.556	14.0	-0.032	2.0	230.0	62.0	0.0	1.256	0.586	2.15	62.354	0.471	15.543	0.0	c2_four_seed	1	3047	CORE_EXPLOITATION	/data1/qlyu/projects/pvrig_c2_new4220_seed42_3047_docking_results_v1_20260723/c2_new4220_seed42_3047/compressed_queue/CANDIDATE_P1MCPUFP__CPUFP500K_0108__00157_8x6b_s3047_b5e46ad011c4.tar.gz	runs/CANDIDATE_P1MCPUFP__CPUFP500K_0108__00157_8x6b_s3047_b5e46ad011c4/haddock_run/6_seletopclusts/cluster_1_model_1.pdb.gz	b5e46ad011c4a28ad5d6f4eb51760f4f0bd21b9bcd30eeef481fb5ce5b4d74be	8c55751f66ac2930ce115a9419321a2b2bed220b61af2e1671f7ac6e6a2e33b3	CANDIDATE_P1MCPUFP__CPUFP500K_0108__00157_8x6b_s3047_b5e46ad011c4	0.0	Static structure diagnostics only; not experimental affinity, blocking, expression or purity.	104	20
251.05	P1MCPUFP__CPUFP500K_0108__00157	GPGFSRGPWD	8	VDREGGT	2	AAGDSPSGLVDWDGTGYTY	0.45833333	11	0.875	AT	9e6y	178	1365	19	1.011343	607	4	NOT_RUN_CROSS_CANDIDATE_RANK_REJECTED	3	/data/qlyu/projects/pvrig_top7500_dualpanel_screen_v1_20260724/run/static_review/inputs/pdb/CANDIDATE_P1MCPUFP__CPUFP500K_0108__00157_9e6y_s917_b368797b1453.pdb	c6a0164e27d529785d2502b5508626909700ba55557445f21af59646ec3b908d	-73.73984999999999	10	4	303	0.5379313	63	0.9	172	1335	19	0.594143	587	positive_pose_source_case02_pos_01_PVRIG-151_HR151	0	WEAK_PRIOR_ONLY	-9.285	4	cluster_1_model_1.pdb.gz	STRICT_A	DESCRIPTIVE_ONLY	1.225	12.268	0.763	47.926	2.982	897.034	1607.319	710.286	12.0	-0.044	4.0	235.0	65.0	0.0	1.374	0.665	3.202	92.85	-0.098	-3.518	0.0	c2_four_seed	1	917	CORE_EXPLOITATION	/data1/qlyu/projects/pvrig_c2_new6220_dualreceptor_2seed_docking_results_v1_20260723/c2_new4220/compressed_queue/CANDIDATE_P1MCPUFP__CPUFP500K_0108__00157_9e6y_s917_b368797b1453.tar.gz	runs/CANDIDATE_P1MCPUFP__CPUFP500K_0108__00157_9e6y_s917_b368797b1453/haddock_run/6_seletopclusts/cluster_1_model_1.pdb.gz	b368797b1453e4dddab9320bad80ca1f818bd7f085357c5eed5769a67c997972	8c55751f66ac2930ce115a9419321a2b2bed220b61af2e1671f7ac6e6a2e33b3	CANDIDATE_P1MCPUFP__CPUFP500K_0108__00157_9e6y_s917_b368797b1453	0.0	Static structure diagnostics only; not experimental affinity, blocking, expression or purity.	104	24
153.739	P1MCPUFP__CPUFP500K_0108__00211	GPGFDRGPGH	7	VDSIGGT	1	AAGLDPSGVLPFRGSGYSH	0.5	10	0.9	AT	8x6b	181	1750	14	1.066482	695	4	NOT_RUN_CROSS_CANDIDATE_RANK_REJECTED	2	/data/qlyu/projects/pvrig_top7500_dualpanel_screen_v1_20260724/run/static_review/inputs/pdb/CANDIDATE_P1MCPUFP__CPUFP500K_0108__00211_8x6b_s1931_9a084b04a0b3.pdb	0480f4cda1a3ba1d56a04db5126fd40d6280f2f276f0d366c3bd5849c323ee72	-67.3608	7	1	189	0.48962948	56	0.8	184	1732	14	0.49464	705	positive_pose_source_case02_pos_01_PVRIG-151_HR151	0	WEAK_PRIOR_ONLY	-11.098	2	cluster_1_model_1.pdb.gz	STRICT_A	DESCRIPTIVE_ONLY	1.294	9.608	0.704	67.27	4.932	788.443	1363.963	575.52	10.0	-0.05	6.0	230.0	65.0	0.0	1.89	0.452	3.093	86.614	0.98	36.255	0.0	c2_four_seed	3	1931	CORE_EXPLOITATION	/data1/qlyu/projects/pvrig_c2_new6220_dualreceptor_2seed_docking_results_v1_20260723/c2_new4220/compressed_queue/CANDIDATE_P1MCPUFP__CPUFP500K_0108__00211_8x6b_s1931_9a084b04a0b3.tar.gz	runs/CANDIDATE_P1MCPUFP__CPUFP500K_0108__00211_8x6b_s1931_9a084b04a0b3/haddock_run/6_seletopclusts/cluster_1_model_1.pdb.gz	9a084b04a0b3ab23f8db93aecc4b73db0866595d5620e5b3bfaa43e646da92dd	8c55751f66ac2930ce115a9419321a2b2bed220b61af2e1671f7ac6e6a2e33b3	CANDIDATE_P1MCPUFP__CPUFP500K_0108__00211_8x6b_s1931_9a084b04a0b3	0.0	Static structure diagnostics only; not experimental affinity, blocking, expression or purity.	63	20
252.552	P1MCPUFP__CPUFP500K_0108__00211	GPGFDRGPGH	6	VDSIGGT	0	AAGLDPSGVLPFRGSGYSH	0.4375	7	0.8125	AT	9e6y	220	2055	16	0.931643	845	4	NOT_RUN_CROSS_CANDIDATE_RANK_REJECTED	3	/data/qlyu/projects/pvrig_top7500_dualpanel_screen_v1_20260724/run/static_review/inputs/pdb/CANDIDATE_P1MCPUFP__CPUFP500K_0108__00211_9e6y_s1931_84c7035c894b.pdb	85fb4ad5a76f9b8254d3159c8210d725709b55764f25ad2bbe660f230819579a	-76.9854	9	3	249	0.4269296	50	0.7	227	2062	16	0.582087	845	positive_pose_source_case02_pos_01_PVRIG-151_HR151	0	WEAK_PRIOR_ONLY	-9.167	2	cluster_1_model_1.pdb.gz	STRICT_A	DESCRIPTIVE_ONLY	0.842	-9.868	-0.69	1.985	0.139	919.407	1430.081	510.674	13.0	-2.586	4.0	235.0	59.0	0.0	0.601	0.553	1.272	33.085	0.072	2.371	0.0	c2_four_seed	6	1931	CORE_EXPLOITATION	/data1/qlyu/projects/pvrig_c2_new6220_dualreceptor_2seed_docking_results_v1_20260723/c2_new4220/compressed_queue/CANDIDATE_P1MCPUFP__CPUFP500K_0108__00211_9e6y_s1931_84c7035c894b.tar.gz	runs/CANDIDATE_P1MCPUFP__CPUFP500K_0108__00211_9e6y_s1931_84c7035c894b/haddock_run/6_seletopclusts/cluster_1_model_1.pdb.gz	84c7035c894b60cc5f501569e8159809c2f9882149cc5ee5a9bc984aa4d3e456	8c55751f66ac2930ce115a9419321a2b2bed220b61af2e1671f7ac6e6a2e33b3	CANDIDATE_P1MCPUFP__CPUFP500K_0108__00211_9e6y_s1931_84c7035c894b	0.0	Static structure diagnostics only; not experimental affinity, blocking, expression or purity.	63	16
317.597	P1MCPUFP__CPUFP500K_0108__00315	GPGLSPGPAH	6	VDREGGT	1	AAGDSPGGLVPFTGEGYTH	0.36842105	7	0.73684211	AT	8x6b	186	1452	18	1.066036	570	2	NOT_RUN_CROSS_CANDIDATE_RANK_REJECTED	5	/data/qlyu/projects/pvrig_top7500_dualpanel_screen_v1_20260724/run/static_review/inputs/pdb/CANDIDATE_P1MCPUFP__CPUFP500K_0108__00315_8x6b_s917_8721da4f9733.pdb	d7facf9f4bc3de0fafd8fadce4450579f47078848da7a69b03bb0a069a8d184f	-66.77937999999999	9	0	281	0.54208978	62	0.7	187	1439	18	0.527607	581	positive_pose_source_case02_pos_01_PVRIG-151_HR151	0	WEAK_PRIOR_ONLY	-9.343	3	cluster_1_model_1.pdb.gz	STRICT_A	DESCRIPTIVE_ONLY	1.128	-4.765	-0.297	9.038	0.563	956.644	1603.958	647.314	16.0	-0.371	5.0	230.0	67.0	0.0	2.087	0.715	5.411	146.102	-0.157	-6.272	0.0	c2_four_seed	1	917	CORE_EXPLOITATION	/data1/qlyu/projects/pvrig_c2_new6220_dualreceptor_2seed_docking_results_v1_20260723/c2_new4220/compressed_queue/CANDIDATE_P1MCPUFP__CPUFP500K_0108__00315_8x6b_s917_8721da4f9733.tar.gz	runs/CANDIDATE_P1MCPUFP__CPUFP500K_0108__00315_8x6b_s917_8721da4f9733/haddock_run/6_seletopclusts/cluster_1_model_1.pdb.gz	8721da4f9733cf3cda516b30b13575682e289a2150465c33475c00f004ac4112	8c55751f66ac2930ce115a9419321a2b2bed220b61af2e1671f7ac6e6a2e33b3	CANDIDATE_P1MCPUFP__CPUFP500K_0108__00315_8x6b_s917_8721da4f9733	0.0	Static structure diagnostics only; not experimental affinity, blocking, expression or purity.	55	19
196.175	P1MCPUFP__CPUFP500K_0108__00315	GPGLSPGPAH	4	VDREGGT	2	AAGDSPGGLVPFTGEGYTH	0.63636364	14	0.90909091	AT	9e6y	110	1246	15	0.962619	525	3	NOT_RUN_CROSS_CANDIDATE_RANK_REJECTED	2	/data/qlyu/projects/pvrig_top7500_dualpanel_screen_v1_20260724/run/static_review/inputs/pdb/CANDIDATE_P1MCPUFP__CPUFP500K_0108__00315_9e6y_s1931_24daf8396ffc.pdb	c66b86263e51958638d3bedd646df84cef457d386aa3ff75b46d2c22eac709d7	-72.4492	11	0	297	0.56354707	66	0.8	105	1274	15	0.559507	515	positive_pose_source_case02_pos_01_PVRIG-151_HR151	0	WEAK_PRIOR_ONLY	-10.878	2	cluster_1_model_1.pdb.gz	STRICT_A	DESCRIPTIVE_ONLY	1.554	71.73	4.077	108.284	6.155	1089.32	1759.322	670.002	19.0	-0.018	1.0	235.0	74.0	0.0	2.599	0.57	5.038	161.23	0.741	31.112	0.0	c2_four_seed	2	1931	CORE_EXPLOITATION	/data1/qlyu/projects/pvrig_c2_new6220_dualreceptor_2seed_docking_results_v1_20260723/c2_new4220/compressed_queue/CANDIDATE_P1MCPUFP__CPUFP500K_0108__00315_9e6y_s1931_24daf8396ffc.tar.gz	runs/CANDIDATE_P1MCPUFP__CPUFP500K_0108__00315_9e6y_s1931_24daf8396ffc/haddock_run/6_seletopclusts/cluster_1_model_1.pdb.gz	24daf8396ffcce9e39737d206c40b5eea2a995e33d09b5b5409125ce38042d35	8c55751f66ac2930ce115a9419321a2b2bed220b61af2e1671f7ac6e6a2e33b3	CANDIDATE_P1MCPUFP__CPUFP500K_0108__00315_9e6y_s1931_24daf8396ffc	0.0	Static structure diagnostics only; not experimental affinity, blocking, expression or purity.	55	22
319.826	P1MCPUFP__CPUFP500K_0108__00327	GPGFDRGSFH	9	VDREGGT	2	AAGRSPGGTVPADGSGYEY	0.3	6	0.85	AT	8x6b	131	1333	19	1.02261	526	3	NOT_RUN_CROSS_CANDIDATE_RANK_REJECTED	3	/data/qlyu/projects/pvrig_top7500_dualpanel_screen_v1_20260724/run/static_review/inputs/pdb/CANDIDATE_P1MCPUFP__CPUFP500K_0108__00327_8x6b_s917_cb3030573704.pdb	205b87632074d7c1aeb6a1318077913833399b67a4ca06af2873a803e8aadd0d	-58.44954	15	3	240	0.48962948	56	1.0	146	1281	19	0.456034	536	positive_pose_source_case02_pos_01_PVRIG-151_HR151	0	WEAK_PRIOR_ONLY	-9.617	4	cluster_1_model_1.pdb.gz	STRICT_A	DESCRIPTIVE_ONLY	1.029	-7.451	-0.47	31.827	2.007	838.281	1586.026	747.744	19.0	-0.095	5.0	230.0	63.0	0.0	1.294	0.533	2.301	62.132	0.539	19.403	0.0	old_top7500	5	917	CORE_EXPLOITATION	/data1/qlyu/projects/pvrig_priority_top7500_dualreceptor_multiseed_docking_results_v1_20260722/top7500_25k/compressed_queue/CANDIDATE_P1MCPUFP__CPUFP500K_0108__00327_8x6b_s917_cb3030573704.tar.gz	runs/CANDIDATE_P1MCPUFP__CPUFP500K_0108__00327_8x6b_s917_cb3030573704/haddock_run/6_seletopclusts/cluster_1_model_1.pdb.gz	cb3030573704b2f20cd69ac3ea423d06a2ad088212d6a85d2d9d49f0c5d4041c	8c55751f66ac2930ce115a9419321a2b2bed220b61af2e1671f7ac6e6a2e33b3	CANDIDATE_P1MCPUFP__CPUFP500K_0108__00327_8x6b_s917_cb3030573704	0.0	Static structure diagnostics only; not experimental affinity, blocking, expression or purity.	34	20
172.157	P1MCPUFP__CPUFP500K_0108__00327	GPGFDRGSFH	7	VDREGGT	0	AAGRSPGGTVPADGSGYEY	0.44444444	8	0.83333333	AT	9e6y	147	1413	19	0.972927	566	3	NOT_RUN_CROSS_CANDIDATE_RANK_REJECTED	3	/data/qlyu/projects/pvrig_top7500_dualpanel_screen_v1_20260724/run/static_review/inputs/pdb/CANDIDATE_P1MCPUFP__CPUFP500K_0108__00327_9e6y_s917_b1b5c2c1690c.pdb	5180b88edc240a89a29a4fd7fb9d281ca56d6168e36b29d41ba8423fc81943a5	-68.54966	7	5	264	0.48669974	57	0.9	140	1484	19	0.517316	564	positive_pose_source_case02_pos_01_PVRIG-151_HR151	0	WEAK_PRIOR_ONLY	-9.58	4	cluster_1_model_1.pdb.gz	STRICT_A	DESCRIPTIVE_ONLY	1.289	-0.775	-0.05	76.463	4.903	1051.755	1559.668	507.913	23.0	-0.059	3.0	235.0	65.0	0.0	1.851	0.574	2.709	75.851	1.201	44.444	0.0	old_top7500	0	917	CORE_EXPLOITATION	/data1/qlyu/projects/pvrig_priority_top7500_dualreceptor_multiseed_docking_results_v1_20260722/top7500_25k/compressed_queue/CANDIDATE_P1MCPUFP__CPUFP500K_0108__00327_9e6y_s917_b1b5c2c1690c.tar.gz	runs/CANDIDATE_P1MCPUFP__CPUFP500K_0108__00327_9e6y_s917_b1b5c2c1690c/haddock_run/6_seletopclusts/cluster_1_model_1.pdb.gz	b1b5c2c1690c3a807642a4b71a23fbea38886e707bbc9bca3edc322fa16a0fe4	8c55751f66ac2930ce115a9419321a2b2bed220b61af2e1671f7ac6e6a2e33b3	CANDIDATE_P1MCPUFP__CPUFP500K_0108__00327_9e6y_s917_b1b5c2c1690c	0.0	Static structure diagnostics only; not experimental affinity, blocking, expression or purity.	34	18
111.772	P1MCPUFP__CPUFP500K_0108__00476	GPGPSPGPYH	8	VDSEGGE	2	ALGLSPSGTIDFTGGGYQY	0.5	11	0.95454545	AT	8x6b	185	1665	15	1.122852	618	2	NOT_RUN_CROSS_CANDIDATE_RANK_REJECTED	1	/data/qlyu/projects/pvrig_top7500_dualpanel_screen_v1_20260724/run/static_review/inputs/pdb/CANDIDATE_P1MCPUFP__CPUFP500K_0108__00476_8x6b_s42_99204809bd8a.pdb	516741535fdf8d72ff1bf3fa8fa38502f3c786313eae0442ae79269d2df77a63	-66.5749	7	3	222	0.48088609	55	0.9	188	1608	15	0.568281	612	positive_pose_source_case02_pos_01_PVRIG-151_HR151	0	WEAK_PRIOR_ONLY	-9.271	2	cluster_1_model_1.pdb.gz	STRICT_A	DESCRIPTIVE_ONLY	1.048	33.273	2.341	63.378	4.458	843.454	1421.578	578.124	14.0	-0.019	2.0	230.0	64.0	0.0	2.77	0.569	3.435	103.057	2.183	74.223	0.0	c2_four_seed	4	42	CORE_EXPLOITATION	/data1/qlyu/projects/pvrig_c2_new4220_seed42_3047_docking_results_v1_20260723/c2_new4220_seed42_3047/compressed_queue/CANDIDATE_P1MCPUFP__CPUFP500K_0108__00476_8x6b_s42_99204809bd8a.tar.gz	runs/CANDIDATE_P1MCPUFP__CPUFP500K_0108__00476_8x6b_s42_99204809bd8a/haddock_run/6_seletopclusts/cluster_1_model_1.pdb.gz	99204809bd8a44d1f05ca14affff82f56c2e2e75dec016e843f643b618117d0b	8c55751f66ac2930ce115a9419321a2b2bed220b61af2e1671f7ac6e6a2e33b3	CANDIDATE_P1MCPUFP__CPUFP500K_0108__00476_8x6b_s42_99204809bd8a	0.0	Static structure diagnostics only; not experimental affinity, blocking, expression or purity.	74	22
117.024	P1MCPUFP__CPUFP500K_0108__00476	GPGPSPGPYH	8	VDSEGGE	2	ALGLSPSGTIDFTGGGYQY	0.47619048	10	0.95238095	AT	9e6y	202	1524	19	1.012762	624	2	NOT_RUN_CROSS_CANDIDATE_RANK_REJECTED	1	/data/qlyu/projects/pvrig_top7500_dualpanel_screen_v1_20260724/run/static_review/inputs/pdb/CANDIDATE_P1MCPUFP__CPUFP500K_0108__00476_9e6y_s1931_987a01c6626e.pdb	cf93161284b0a3b1dc77466514fdf9218d142022881cae81abaecea46051a9b1	-79.0265	7	3	229	0.46962256	55	0.9	198	1574	19	0.578298	621	positive_pose_source_case02_pos_01_PVRIG-151_HR151	0	WEAK_PRIOR_ONLY	-10.355	2	cluster_1_model_1.pdb.gz	STRICT_A	DESCRIPTIVE_ONLY	1.151	11.633	0.749	40.168	2.588	1041.43	1552.313	510.883	18.0	-0.045	3.0	235.0	69.0	0.0	1.614	0.58	2.075	66.402	1.215	44.949	0.0	c2_four_seed	4	1931	CORE_EXPLOITATION	/data1/qlyu/projects/pvrig_c2_new6220_dualreceptor_2seed_docking_results_v1_20260723/c2_new4220/compressed_queue/CANDIDATE_P1MCPUFP__CPUFP500K_0108__00476_9e6y_s1931_987a01c6626e.tar.gz	runs/CANDIDATE_P1MCPUFP__CPUFP500K_0108__00476_9e6y_s1931_987a01c6626e/haddock_run/6_seletopclusts/cluster_1_model_1.pdb.gz	987a01c6626eaf33eadbb433ac0bdfe5323c9f0f0bed75eed95461aba2247143	8c55751f66ac2930ce115a9419321a2b2bed220b61af2e1671f7ac6e6a2e33b3	CANDIDATE_P1MCPUFP__CPUFP500K_0108__00476_9e6y_s1931_987a01c6626e	0.0	Static structure diagnostics only; not experimental affinity, blocking, expression or purity.	74	21
274.313	P1MCPUFP__CPUFP500K_0108__00711	GPGPSRGPWH	3	VDDEGGV	0	AAGLSPGGVVDFTGSGYTY	0.62962963	17	0.74074074	AT	8x6b	108	1325	18	1.105332	551	4	NOT_RUN_CROSS_CANDIDATE_RANK_REJECTED	7	/data/qlyu/projects/pvrig_top7500_dualpanel_screen_v1_20260724/run/static_review/inputs/pdb/CANDIDATE_P1MCPUFP__CPUFP500K_0108__00711_8x6b_s42_d6c9ea0c1981.pdb	18538a8a38930a65b4a11f747151a671025e0505afdc6514ea139b051ad828aa	-78.91410099999999	18	10	280	0.66449715	76	0.9	119	1335	18	0.547961	566	positive_pose_source_case02_pos_01_PVRIG-151_HR151	0	WEAK_PRIOR_ONLY	-10.695	2	cluster_1_model_1.pdb.gz	STRICT_A	DESCRIPTIVE_ONLY	1.164	-6.507	-0.387	13.346	0.793	812.509	1682.504	869.995	20.0	-0.288	7.0	230.0	73.0	0.0	1.978	0.659	3.884	124.277	0.491	20.141	0.0	c2_four_seed	5	42	CORE_EXPLOITATION	/data1/qlyu/projects/pvrig_c2_new4220_seed42_3047_docking_results_v1_20260723/c2_new4220_seed42_3047/compressed_queue/CANDIDATE_P1MCPUFP__CPUFP500K_0108__00711_8x6b_s42_d6c9ea0c1981.tar.gz	runs/CANDIDATE_P1MCPUFP__CPUFP500K_0108__00711_8x6b_s42_d6c9ea0c1981/haddock_run/6_seletopclusts/cluster_1_model_1.pdb.gz	d6c9ea0c198101d1a22205a65622eeefefd93eb6ba64de88a31488685520925a	8c55751f66ac2930ce115a9419321a2b2bed220b61af2e1671f7ac6e6a2e33b3	CANDIDATE_P1MCPUFP__CPUFP500K_0108__00711_8x6b_s42_d6c9ea0c1981	0.0	Static structure diagnostics only; not experimental affinity, blocking, expression or purity.	115	27
273.649	P1MCPUFP__CPUFP500K_0108__00711	GPGPSRGPWH	5	VDDEGGV	2	AAGLSPGGVVDFTGSGYTY	0.59090909	13	0.90909091	AT	9e6y	112	1299	18	1.037695	538	5	NOT_RUN_CROSS_CANDIDATE_RANK_REJECTED	2	/data/qlyu/projects/pvrig_top7500_dualpanel_screen_v1_20260724/run/static_review/inputs/pdb/CANDIDATE_P1MCPUFP__CPUFP500K_0108__00711_9e6y_s917_61bef5e4fd48.pdb	e26a4a9032810849a1e5b1b118b47e2889281e083da9b2f13f41f55a84402c6a	-58.02972	4	2	244	0.5379313	63	0.8	107	1285	18	0.725161	515	positive_pose_source_case02_pos_01_PVRIG-151_HR151	0	WEAK_PRIOR_ONLY	-12.684	2	cluster_1_model_1.pdb.gz	STRICT_A	DESCRIPTIVE_ONLY	1.781	-7.664	-0.468	25.357	1.548	972.123	1638.014	665.891	10.0	-0.083	5.0	235.0	73.0	0.0	1.538	0.627	3.59	111.278	0.024	1.027	0.0	c2_four_seed	0	917	CORE_EXPLOITATION	/data1/qlyu/projects/pvrig_c2_new6220_dualreceptor_2seed_docking_results_v1_20260723/c2_new4220/compressed_queue/CANDIDATE_P1MCPUFP__CPUFP500K_0108__00711_9e6y_s917_61bef5e4fd48.tar.gz	runs/CANDIDATE_P1MCPUFP__CPUFP500K_0108__00711_9e6y_s917_61bef5e4fd48/haddock_run/6_seletopclusts/cluster_1_model_1.pdb.gz	61bef5e4fd48dfc1cbcca0eb3edc401293d2495027eec360cd636ed1010175ed	8c55751f66ac2930ce115a9419321a2b2bed220b61af2e1671f7ac6e6a2e33b3	CANDIDATE_P1MCPUFP__CPUFP500K_0108__00711_9e6y_s917_61bef5e4fd48	0.0	Static structure diagnostics only; not experimental affinity, blocking, expression or purity.	115	22
231.559	P1MCPUFP__CPUFP500K_0108__00930	GPGPERGPWH	6	VDDQGGT	0	AAGLSPSGAVPFDGTGYQY	0.55	11	0.85	AT	8x6b	173	1393	20	1.131889	605	4	NOT_RUN_CROSS_CANDIDATE_RANK_REJECTED	3	/data/qlyu/projects/pvrig_top7500_dualpanel_screen_v1_20260724/run/static_review/inputs/pdb/CANDIDATE_P1MCPUFP__CPUFP500K_0108__00930_8x6b_s3047_7b85b1939255.pdb	239536dfe443a9dcc5bad2ce3c20978d3bffd055db9bc0aa540fe4fe4dc01c5e	-69.10088	11	6	297	0.59455008	68	0.9	181	1421	20	0.554596	619	positive_pose_source_case02_pos_01_PVRIG-151_HR151	0	WEAK_PRIOR_ONLY	-10.66	4	cluster_1_model_1.pdb.gz	STRICT_A	DESCRIPTIVE_ONLY	1.37	12.542	0.768	34.555	2.115	932.495	1633.602	701.107	24.0	-0.046	2.0	230.0	63.0	0.0	2.602	0.67	5.174	144.886	0.544	19.037	0.0	c2_four_seed	5	3047	CORE_EXPLOITATION	/data1/qlyu/projects/pvrig_c2_new4220_seed42_3047_docking_results_v1_20260723/c2_new4220_seed42_3047/compressed_queue/CANDIDATE_P1MCPUFP__CPUFP500K_0108__00930_8x6b_s3047_7b85b1939255.tar.gz	runs/CANDIDATE_P1MCPUFP__CPUFP500K_0108__00930_8x6b_s3047_7b85b1939255/haddock_run/6_seletopclusts/cluster_1_model_1.pdb.gz	7b85b19392555939b8a30866e813b2f936a2da14596eeeb181587a112652fe33	8c55751f66ac2930ce115a9419321a2b2bed220b61af2e1671f7ac6e6a2e33b3	CANDIDATE_P1MCPUFP__CPUFP500K_0108__00930_8x6b_s3047_7b85b1939255	0.0	Static structure diagnostics only; not experimental affinity, blocking, expression or purity.	53	20
279.76	P1MCPUFP__CPUFP500K_0108__00930	GPGPERGPWH	5	VDDQGGT	0	AAGLSPSGAVPFDGTGYQY	0.65	13	0.9	AT	9e6y	131	1436	18	0.949544	563	3	NOT_RUN_CROSS_CANDIDATE_RANK_REJECTED	2	/data/qlyu/projects/pvrig_top7500_dualpanel_screen_v1_20260724/run/static_review/inputs/pdb/CANDIDATE_P1MCPUFP__CPUFP500K_0108__00930_9e6y_s3047_ab1193bff398.pdb	f5c719229d64079457ad1139d85a5d9c6cebbe3a1fdf52c8c12a08e2d279c6c9	-57.3043	11	6	253	0.48669974	57	0.7	129	1505	18	0.546732	567	positive_pose_source_case02_pos_01_PVRIG-151_HR151	0	WEAK_PRIOR_ONLY	-9.501	4	cluster_1_model_1.pdb.gz	STRICT_A	DESCRIPTIVE_ONLY	1.444	4.191	0.258	83.132	5.113	1044.629	1625.83	581.201	14.0	-0.035	4.0	235.0	67.0	0.0	2.409	0.656	5.079	142.223	0.492	19.195	0.0	c2_four_seed	4	3047	CORE_EXPLOITATION	/data1/qlyu/projects/pvrig_c2_new4220_seed42_3047_docking_results_v1_20260723/c2_new4220_seed42_3047/compressed_queue/CANDIDATE_P1MCPUFP__CPUFP500K_0108__00930_9e6y_s3047_ab1193bff398.tar.gz	runs/CANDIDATE_P1MCPUFP__CPUFP500K_0108__00930_9e6y_s3047_ab1193bff398/haddock_run/6_seletopclusts/cluster_1_model_1.pdb.gz	ab1193bff398067f58a1ec6610fda4955191499175514a39df62f65c57a0d297	8c55751f66ac2930ce115a9419321a2b2bed220b61af2e1671f7ac6e6a2e33b3	CANDIDATE_P1MCPUFP__CPUFP500K_0108__00930_9e6y_s3047_ab1193bff398	0.0	Static structure diagnostics only; not experimental affinity, blocking, expression or purity.	53	20
210.264	P1MCPUFP__CPUFP500K_0128__00322	GPELAPYD	3	ISADGTTY	0	AASAAGPGRSWRDWSY	0.6875	11	0.875	AT	8x6b	127	1558	15	1.134546	639	3	NOT_RUN_CROSS_CANDIDATE_RANK_REJECTED	2	/data/qlyu/projects/pvrig_top7500_dualpanel_screen_v1_20260724/run/static_review/inputs/pdb/CANDIDATE_P1MCPUFP__CPUFP500K_0128__00322_8x6b_s917_102b32d4f6ad.pdb	11e841832cb28465e225d746b866c8254c6596d939dd69301b87b149fa1e7fe3	-57.735199999999985	6	7	225	0.36426101	41	0.666667	128	1523	15	0.566316	642	positive_pose_source_case02_pos_04_PVRIG-38	0	WEAK_PRIOR_ONLY	-9.014	4	cluster_1_model_1.pdb.gz	STRICT_A	DESCRIPTIVE_ONLY	1.689	7.919	0.626	24.521	1.939	734.831	1264.765	529.934	8.0	-0.128	4.0	226.0	56.0	0.0	2.4	0.665	4.696	103.32	0.914	31.075	0.0	old_top7500	4	917	QUOTA_SAFE_BACKFILL	/data1/qlyu/projects/pvrig_priority_top7500_dualreceptor_multiseed_docking_results_v1_20260722/top7500_25k/compressed_queue/CANDIDATE_P1MCPUFP__CPUFP500K_0128__00322_8x6b_s917_102b32d4f6ad.tar.gz	runs/CANDIDATE_P1MCPUFP__CPUFP500K_0128__00322_8x6b_s917_102b32d4f6ad/haddock_run/6_seletopclusts/cluster_1_model_1.pdb.gz	102b32d4f6ada4a364ff71e622bb11e0864ee399825d709686144e8deb5b49fb	8c55751f66ac2930ce115a9419321a2b2bed220b61af2e1671f7ac6e6a2e33b3	CANDIDATE_P1MCPUFP__CPUFP500K_0128__00322_8x6b_s917_102b32d4f6ad	0.0	Static structure diagnostics only; not experimental affinity, blocking, expression or purity.	199	16
178.551	P1MCPUFP__CPUFP500K_0128__00322	GPELAPYD	5	ISADGTTY	4	AASAAGPGRSWRDWSY	0.40909091	9	0.81818182	AT	9e6y	67	1387	16	0.917652	577	3	NOT_RUN_CROSS_CANDIDATE_RANK_REJECTED	4	/data/qlyu/projects/pvrig_top7500_dualpanel_screen_v1_20260724/run/static_review/inputs/pdb/CANDIDATE_P1MCPUFP__CPUFP500K_0128__00322_9e6y_s917_4de0980ee701.pdb	65aeaa62c4c255c3e308664303d8e1fb4fc2503a1b9acf4e2fe27e7c39066650	-69.10028	10	9	217	0.51190289	59	0.5	66	1368	16	0.534426	564	positive_pose_source_case02_pos_04_PVRIG-38	0	WEAK_PRIOR_ONLY	-11.712	4	cluster_1_model_1.pdb.gz	SUPPORTED_AB	DESCRIPTIVE_ONLY	1.429	-7.072	-0.469	18.124	1.202	865.708	1507.882	642.174	17.0	-0.164	4.0	231.0	65.0	0.0	1.134	0.488	2.03	60.897	0.367	12.842	0.0	old_top7500	3	917	QUOTA_SAFE_BACKFILL	/data1/qlyu/projects/pvrig_priority_top7500_dualreceptor_multiseed_docking_results_v1_20260722/top7500_25k/compressed_queue/CANDIDATE_P1MCPUFP__CPUFP500K_0128__00322_9e6y_s917_4de0980ee701.tar.gz	runs/CANDIDATE_P1MCPUFP__CPUFP500K_0128__00322_9e6y_s917_4de0980ee701/haddock_run/6_seletopclusts/cluster_1_model_1.pdb.gz	4de0980ee701ca9df736aa40e09817fee2e8e575e1aa6baa16268579c3ff1e64	8c55751f66ac2930ce115a9419321a2b2bed220b61af2e1671f7ac6e6a2e33b3	CANDIDATE_P1MCPUFP__CPUFP500K_0128__00322_9e6y_s917_4de0980ee701	0.0	Static structure diagnostics only; not experimental affinity, blocking, expression or purity.	199	22
227.249	P1MCPUFP__CPUFP500K_0128__00428	GPERAPYD	8	ISADGKTY	5	AGTQAGFSSSPSSWTA	0.31818182	7	0.90909091	AT	8x6b	110	1447	16	1.073314	560	3	NOT_RUN_CROSS_CANDIDATE_RANK_REJECTED	2	/data/qlyu/projects/pvrig_top7500_dualpanel_screen_v1_20260724/run/static_review/inputs/pdb/CANDIDATE_P1MCPUFP__CPUFP500K_0128__00428_8x6b_s3253_a0259d632283.pdb	3ef6e1d28fb998b131e457785086d83e185762a4b50fcb018ed2bf965930b6c1	-77.7531	11	6	289	0.55971814	63	0.8	110	1430	16	0.474677	565	positive_pose_source_case02_pos_04_PVRIG-38	0	WEAK_PRIOR_ONLY	-12.323	2	cluster_1_model_1.pdb.gz	STRICT_A	DESCRIPTIVE_ONLY	0.708	-1.996	-0.12	-3.114	-0.187	912.795	1663.839	751.044	21.0	0.581	3.0	226.0	64.0	0.0	1.315	0.552	2.803	72.89	0.297	11.301	0.0	old_top7500	3	3253	QUOTA_SAFE_BACKFILL	/data1/qlyu/projects/pvrig_priority_top7500_dualreceptor_multiseed_docking_results_v1_20260722/top7500_25k/compressed_queue/CANDIDATE_P1MCPUFP__CPUFP500K_0128__00428_8x6b_s3253_a0259d632283.tar.gz	runs/CANDIDATE_P1MCPUFP__CPUFP500K_0128__00428_8x6b_s3253_a0259d632283/haddock_run/6_seletopclusts/cluster_1_model_1.pdb.gz	a0259d63228373f1695c64a04110f3cae326cae78c2cc8d052a6e0a29dc46954	8c55751f66ac2930ce115a9419321a2b2bed220b61af2e1671f7ac6e6a2e33b3	CANDIDATE_P1MCPUFP__CPUFP500K_0128__00428_8x6b_s3253_a0259d632283	0.0	Static structure diagnostics only; not experimental affinity, blocking, expression or purity.	193	22
241.869	P1MCPUFP__CPUFP500K_0128__00428	GPERAPYD	8	ISADGKTY	4	AGTQAGFSSSPSSWTA	0.39130435	9	0.91304348	AT	9e6y	121	1525	19	0.977683	603	3	NOT_RUN_CROSS_CANDIDATE_RANK_REJECTED	2	/data/qlyu/projects/pvrig_top7500_dualpanel_screen_v1_20260724/run/static_review/inputs/pdb/CANDIDATE_P1MCPUFP__CPUFP500K_0128__00428_9e6y_s917_a262002d83f4.pdb	c0a0174b97eeca5db5043dbc5e80b1de4c35e1d97f0cd96c5b5bbe5e8ea82803	-78.9023	9	7	270	0.57263713	66	0.6	112	1494	19	0.634172	581	positive_pose_source_case02_pos_04_PVRIG-38	0	WEAK_PRIOR_ONLY	-11.96	2	cluster_1_model_1.pdb.gz	STRICT_A	DESCRIPTIVE_ONLY	1.049	-0.54	-0.031	26.563	1.537	1019.141	1727.943	708.802	19.0	-0.11	4.0	231.0	67.0	0.0	1.869	0.504	2.914	90.345	0.969	34.889	0.0	old_top7500	4	917	QUOTA_SAFE_BACKFILL	/data1/qlyu/projects/pvrig_priority_top7500_dualreceptor_multiseed_docking_results_v1_20260722/top7500_25k/compressed_queue/CANDIDATE_P1MCPUFP__CPUFP500K_0128__00428_9e6y_s917_a262002d83f4.tar.gz	runs/CANDIDATE_P1MCPUFP__CPUFP500K_0128__00428_9e6y_s917_a262002d83f4/haddock_run/6_seletopclusts/cluster_1_model_1.pdb.gz	a262002d83f4cea8c7b309b4b1d474f877f888f8f17420e345b00f143a368666	8c55751f66ac2930ce115a9419321a2b2bed220b61af2e1671f7ac6e6a2e33b3	CANDIDATE_P1MCPUFP__CPUFP500K_0128__00428_9e6y_s917_a262002d83f4	0.0	Static structure diagnostics only; not experimental affinity, blocking, expression or purity.	193	23
213.034	P1MCPUFP__CPUFP500K_0128__00577	GPELAPYD	6	ISADGKTV	6	AATAAGPSSSPEDWRY	0.22727273	5	0.77272727	AT	8x6b	133	1660	19	1.117074	678	4	NOT_RUN_CROSS_CANDIDATE_RANK_REJECTED	5	/data/qlyu/projects/pvrig_top7500_dualpanel_screen_v1_20260724/run/static_review/inputs/pdb/CANDIDATE_P1MCPUFP__CPUFP500K_0128__00577_8x6b_s1931_8dddddbaf460.pdb	4ff1ca4fc831af776250dba0651723cc310fd119671b1d67516c0eea64ca9f90	-79.50070000000001	7	8	280	0.58637138	66	0.7	131	1572	19	0.588671	681	positive_pose_source_case02_pos_04_PVRIG-38	0	WEAK_PRIOR_ONLY	-11.524	3	cluster_1_model_1.pdb.gz	STRICT_A	DESCRIPTIVE_ONLY	1.29	14.601	0.885	66.703	4.044	1002.743	1649.381	646.638	18.0	-0.067	4.0	226.0	72.0	0.0	1.557	0.668	1.749	57.715	1.395	54.398	0.0	old_top7500	0	1931	QUOTA_SAFE_BACKFILL	/data1/qlyu/projects/pvrig_priority_top7500_dualreceptor_multiseed_docking_results_v1_20260722/top7500_25k/compressed_queue/CANDIDATE_P1MCPUFP__CPUFP500K_0128__00577_8x6b_s1931_8dddddbaf460.tar.gz	runs/CANDIDATE_P1MCPUFP__CPUFP500K_0128__00577_8x6b_s1931_8dddddbaf460/haddock_run/6_seletopclusts/cluster_1_model_1.pdb.gz	8dddddbaf460647db888f081881110fcf5e0df579bfd9986d4e0700df03a7132	8c55751f66ac2930ce115a9419321a2b2bed220b61af2e1671f7ac6e6a2e33b3	CANDIDATE_P1MCPUFP__CPUFP500K_0128__00577_8x6b_s1931_8dddddbaf460	0.0	Static structure diagnostics only; not experimental affinity, blocking, expression or purity.	186	22
169.603	P1MCPUFP__CPUFP500K_0128__00577	GPELAPYD	5	ISADGKTV	2	AATAAGPSSSPEDWRY	0.52380952	11	0.85714286	AT	9e6y	100	1556	18	0.940973	658	3	NOT_RUN_CROSS_CANDIDATE_RANK_REJECTED	3	/data/qlyu/projects/pvrig_top7500_dualpanel_screen_v1_20260724/run/static_review/inputs/pdb/CANDIDATE_P1MCPUFP__CPUFP500K_0128__00577_9e6y_s917_e9bfede4cf32.pdb	a492ec370c8f904fb8461d902d9fe1bef99cae63e16aec2ad9650fec830ad86c	-75.15459999999999	11	11	258	0.51190289	59	0.8	100	1609	18	0.515287	652	positive_pose_source_case02_pos_04_PVRIG-38	0	WEAK_PRIOR_ONLY	-11.597	2	cluster_1_model_1.pdb.gz	STRICT_A	DESCRIPTIVE_ONLY	0.515	-5.471	-0.36	7.817	0.515	935.381	1519.146	583.766	12.0	-1.06	9.0	231.0	63.0	0.0	1.048	0.626	1.277	38.301	0.84	27.723	0.0	old_top7500	7	917	QUOTA_SAFE_BACKFILL	/data1/qlyu/projects/pvrig_priority_top7500_dualreceptor_multiseed_docking_results_v1_20260722/top7500_25k/compressed_queue/CANDIDATE_P1MCPUFP__CPUFP500K_0128__00577_9e6y_s917_e9bfede4cf32.tar.gz	runs/CANDIDATE_P1MCPUFP__CPUFP500K_0128__00577_9e6y_s917_e9bfede4cf32/haddock_run/6_seletopclusts/cluster_1_model_1.pdb.gz	e9bfede4cf320a148bc1cf8679b2f4d3a1bcd10423cd8212ac9240ee33f5b022	8c55751f66ac2930ce115a9419321a2b2bed220b61af2e1671f7ac6e6a2e33b3	CANDIDATE_P1MCPUFP__CPUFP500K_0128__00577_9e6y_s917_e9bfede4cf32	0.0	Static structure diagnostics only; not experimental affinity, blocking, expression or purity.	186	21
245.787	P1MCPUFP__CPUFP500K_0128__00800	GPELAPYD	6	ISADGKTT	7	GATSAGPGPSPEDWSY	0.22222222	6	0.7037037	AT	8x6b	130	1726	19	1.100889	698	3	NOT_RUN_CROSS_CANDIDATE_RANK_REJECTED	8	/data/qlyu/projects/pvrig_top7500_dualpanel_screen_v1_20260724/run/static_review/inputs/pdb/CANDIDATE_P1MCPUFP__CPUFP500K_0128__00800_8x6b_s917_91c38f075d0c.pdb	5aaf494fa7db15281bc0def8805ad700e42432edf3b0d2c10d309f6c816537d0	-92.35660000000001	9	11	344	0.71075319	80	0.444444	135	1698	19	0.568331	692	positive_pose_source_case02_pos_04_PVRIG-38	0	WEAK_PRIOR_ONLY	-12.911	2	cluster_1_model_1.pdb.gz	STRICT_A	DESCRIPTIVE_ONLY	0.919	12.673	0.715	83.28	4.699	1059.891	1772.455	712.564	22.0	-0.065	5.0	226.0	77.0	0.0	0.844	0.756	1.465	52.726	0.3	12.287	0.0	old_top7500	4	917	QUOTA_SAFE_BACKFILL	/data1/qlyu/projects/pvrig_priority_top7500_dualreceptor_multiseed_docking_results_v1_20260722/top7500_25k/compressed_queue/CANDIDATE_P1MCPUFP__CPUFP500K_0128__00800_8x6b_s917_91c38f075d0c.tar.gz	runs/CANDIDATE_P1MCPUFP__CPUFP500K_0128__00800_8x6b_s917_91c38f075d0c/haddock_run/6_seletopclusts/cluster_1_model_1.pdb.gz	91c38f075d0c3ccea1d8c2fb9f5a84a52d176f3877a030da27beedba935419d6	8c55751f66ac2930ce115a9419321a2b2bed220b61af2e1671f7ac6e6a2e33b3	CANDIDATE_P1MCPUFP__CPUFP500K_0128__00800_8x6b_s917_91c38f075d0c	0.0	Static structure diagnostics only; not experimental affinity, blocking, expression or purity.	184	27
255.973	P1MCPUFP__CPUFP500K_0128__00800	GPELAPYD	6	ISADGKTT	7	GATSAGPGPSPEDWSY	0.25	6	0.79166667	AT	9e6y	133	1705	18	0.9435	712	3	NOT_RUN_CROSS_CANDIDATE_RANK_REJECTED	5	/data/qlyu/projects/pvrig_top7500_dualpanel_screen_v1_20260724/run/static_review/inputs/pdb/CANDIDATE_P1MCPUFP__CPUFP500K_0128__00800_9e6y_s917_d703b784010c.pdb	b95ffe8322a2066d8b4e59b4ddd23a94344dc39e1d90242d57c22ad2a5bddd32	-80.19369999999999	7	11	334	0.64204769	74	0.9	134	1758	18	0.538433	704	positive_pose_source_case02_pos_04_PVRIG-38	0	WEAK_PRIOR_ONLY	-11.964	2	cluster_1_model_1.pdb.gz	STRICT_A	DESCRIPTIVE_ONLY	0.931	12.886	0.734	68.912	3.923	1129.532	1756.509	626.977	16.0	-0.046	4.0	231.0	77.0	0.0	0.717	0.751	1.17	40.966	0.34	14.261	0.0	old_top7500	3	917	QUOTA_SAFE_BACKFILL	/data1/qlyu/projects/pvrig_priority_top7500_dualreceptor_multiseed_docking_results_v1_20260722/top7500_25k/compressed_queue/CANDIDATE_P1MCPUFP__CPUFP500K_0128__00800_9e6y_s917_d703b784010c.tar.gz	runs/CANDIDATE_P1MCPUFP__CPUFP500K_0128__00800_9e6y_s917_d703b784010c/haddock_run/6_seletopclusts/cluster_1_model_1.pdb.gz	d703b784010cba5f29503ea4364a07eb255e909623e5abb5caa91effd528177f	8c55751f66ac2930ce115a9419321a2b2bed220b61af2e1671f7ac6e6a2e33b3	CANDIDATE_P1MCPUFP__CPUFP500K_0128__00800_9e6y_s917_d703b784010c	0.0	Static structure diagnostics only; not experimental affinity, blocking, expression or purity.	184	24
206.57	P1MCPUFP__CPUFP500K_0128__00809	GPEQAPFD	7	ISADGKTY	5	AGGYSGAGSSPSDWLY	0.33333333	7	0.9047619	AT	8x6b	144	2086	17	1.082853	829	3	NOT_RUN_CROSS_CANDIDATE_RANK_REJECTED	2	/data/qlyu/projects/pvrig_top7500_dualpanel_screen_v1_20260724/run/static_review/inputs/pdb/CANDIDATE_P1MCPUFP__CPUFP500K_0128__00809_8x6b_s917_49a833887526.pdb	7539c9cd30b0c2c617bc76bbb9a4b43d7ae750f6fd4f9b696ccb32c76356cef7	-72.59450000000001	8	5	242	0.55971814	63	0.8	155	2103	17	0.465446	830	positive_pose_source_case02_pos_04_PVRIG-38	0	WEAK_PRIOR_ONLY	-12.448	3	cluster_1_model_1.pdb.gz	STRICT_A	DESCRIPTIVE_ONLY	0.597	-12.188	-0.871	27.728	1.981	857.203	1399.943	542.74	28.0	-0.105	2.0	226.0	68.0	0.0	0.422	0.659	0.978	30.321	-0.044	-1.643	0.0	old_top7500	1	917	PARENT_CDR3_DIVERSITY	/data1/qlyu/projects/pvrig_priority_top7500_dualreceptor_multiseed_docking_results_v1_20260722/top7500_25k/compressed_queue/CANDIDATE_P1MCPUFP__CPUFP500K_0128__00809_8x6b_s917_49a833887526.tar.gz	runs/CANDIDATE_P1MCPUFP__CPUFP500K_0128__00809_8x6b_s917_49a833887526/haddock_run/6_seletopclusts/cluster_1_model_1.pdb.gz	49a833887526087ad47b02f2c8e37295e6434bf7fe6509f63a77bc3f63fd625d	8c55751f66ac2930ce115a9419321a2b2bed220b61af2e1671f7ac6e6a2e33b3	CANDIDATE_P1MCPUFP__CPUFP500K_0128__00809_8x6b_s917_49a833887526	0.0	Static structure diagnostics only; not experimental affinity, blocking, expression or purity.	145	21
228.983	P1MCPUFP__CPUFP500K_0128__00809	GPEQAPFD	8	ISADGKTY	5	AGGYSGAGSSPSDWLY	0.31818182	7	0.90909091	AT	9e6y	141	2186	16	0.876875	837	3	NOT_RUN_CROSS_CANDIDATE_RANK_REJECTED	2	/data/qlyu/projects/pvrig_top7500_dualpanel_screen_v1_20260724/run/static_review/inputs/pdb/CANDIDATE_P1MCPUFP__CPUFP500K_0128__00809_9e6y_s1931_225b6312ed37.pdb	265d41931104b2c4bf13552c81568b6caea5b8a70c9fdc03fcf3c21ee377b469	-69.0899	7	5	255	0.56396081	65	0.8	151	2173	16	0.539946	833	positive_pose_source_case02_pos_04_PVRIG-38	0	WEAK_PRIOR_ONLY	-12.168	3	cluster_1_model_1.pdb.gz	STRICT_A	DESCRIPTIVE_ONLY	0.843	41.046	2.782	57.071	3.868	902.421	1475.282	572.862	26.0	-0.051	3.0	231.0	65.0	0.0	0.568	0.596	0.703	21.785	0.446	15.165	0.0	old_top7500	0	1931	PARENT_CDR3_DIVERSITY	/data1/qlyu/projects/pvrig_priority_top7500_dualreceptor_multiseed_docking_results_v1_20260722/top7500_25k/compressed_queue/CANDIDATE_P1MCPUFP__CPUFP500K_0128__00809_9e6y_s1931_225b6312ed37.tar.gz	runs/CANDIDATE_P1MCPUFP__CPUFP500K_0128__00809_9e6y_s1931_225b6312ed37/haddock_run/6_seletopclusts/cluster_1_model_1.pdb.gz	225b6312ed3790070d2fa2c9e1542992054f889b3fd85bc612dfc2246cef0643	8c55751f66ac2930ce115a9419321a2b2bed220b61af2e1671f7ac6e6a2e33b3	CANDIDATE_P1MCPUFP__CPUFP500K_0128__00809_9e6y_s1931_225b6312ed37	0.0	Static structure diagnostics only; not experimental affinity, blocking, expression or purity.	145	22
215.181	P1MCPUFP__CPUFP500K_0130__00610	GPELGPVD	8	ISADGKTT	5	AATASGLGDSERDWRY	0.36	9	0.88	AT	8x6b	106	1608	16	1.102305	609	1	NOT_RUN_CROSS_CANDIDATE_RANK_REJECTED	3	/data/qlyu/projects/pvrig_top7500_dualpanel_screen_v1_20260724/run/static_review/inputs/pdb/CANDIDATE_P1MCPUFP__CPUFP500K_0130__00610_8x6b_s3253_a4de71ac7f9c.pdb	d8598eae94ec909865b102fce7563b5f795cc313ea34bf1711c89c4dd7aeae10	-73.03753999999999	15	5	307	0.54194931	61	0.9	112	1568	16	0.505133	621	positive_pose_source_case02_pos_04_PVRIG-38	0	WEAK_PRIOR_ONLY	-12.05	5	cluster_1_model_1.pdb.gz	STRICT_A	DESCRIPTIVE_ONLY	1.098	22.757	1.305	79.303	4.546	939.974	1744.496	804.522	11.0	-0.067	5.0	226.0	66.0	0.0	1.859	0.471	3.229	100.091	0.646	22.606	0.0	old_top7500	4	3253	PARENT_CDR3_DIVERSITY	/data1/qlyu/projects/pvrig_priority_top7500_dualreceptor_multiseed_docking_results_v1_20260722/top7500_25k/compressed_queue/CANDIDATE_P1MCPUFP__CPUFP500K_0130__00610_8x6b_s3253_a4de71ac7f9c.tar.gz	runs/CANDIDATE_P1MCPUFP__CPUFP500K_0130__00610_8x6b_s3253_a4de71ac7f9c/haddock_run/6_seletopclusts/cluster_1_model_1.pdb.gz	a4de71ac7f9c762a6d71b08864823a00ca45a7a5ccb3fc9b8de32634a4eacfaa	8c55751f66ac2930ce115a9419321a2b2bed220b61af2e1671f7ac6e6a2e33b3	CANDIDATE_P1MCPUFP__CPUFP500K_0130__00610_8x6b_s3253_a4de71ac7f9c	0.0	Static structure diagnostics only; not experimental affinity, blocking, expression or purity.	144	25
193.15	P1MCPUFP__CPUFP500K_0130__00610	GPELGPVD	5	ISADGKTT	4	AATASGLGDSERDWRY	0.47368421	9	0.94736842	AT	9e6y	121	1637	15	0.939059	652	2	NOT_RUN_CROSS_CANDIDATE_RANK_REJECTED	1	/data/qlyu/projects/pvrig_top7500_dualpanel_screen_v1_20260724/run/static_review/inputs/pdb/CANDIDATE_P1MCPUFP__CPUFP500K_0130__00610_9e6y_s3253_38639ac448b3.pdb	1acdb04e1a0122f561c3ee7791f26e3cf9c0620f9a6f65e3fe693d3648f2b775	-67.79679000000002	10	5	260	0.52925553	61	1.0	111	1609	15	0.629943	634	positive_pose_source_case02_pos_04_PVRIG-38	0	WEAK_PRIOR_ONLY	-10.562	3	cluster_1_model_1.pdb.gz	STRICT_A	DESCRIPTIVE_ONLY	0.777	2.409	0.15	18.488	1.153	898.411	1603.853	705.442	17.0	-0.236	4.0	231.0	71.0	0.0	0.826	0.57	2.226	71.222	-0.323	-12.584	0.0	old_top7500	7	3253	PARENT_CDR3_DIVERSITY	/data1/qlyu/projects/pvrig_priority_top7500_dualreceptor_multiseed_docking_results_v1_20260722/top7500_25k/compressed_queue/CANDIDATE_P1MCPUFP__CPUFP500K_0130__00610_9e6y_s3253_38639ac448b3.tar.gz	runs/CANDIDATE_P1MCPUFP__CPUFP500K_0130__00610_9e6y_s3253_38639ac448b3/haddock_run/6_seletopclusts/cluster_1_model_1.pdb.gz	38639ac448b30a3c8bf285b4cbb9439e6bccbfb9626875b435804f5c580d74a3	8c55751f66ac2930ce115a9419321a2b2bed220b61af2e1671f7ac6e6a2e33b3	CANDIDATE_P1MCPUFP__CPUFP500K_0130__00610_9e6y_s3253_38639ac448b3	0.0	Static structure diagnostics only; not experimental affinity, blocking, expression or purity.	144	19
161.81	P1MCPUFP__CPUFP500K_0131__00714	WPETGPVT	5	ISADGTQT	0	GASFSGGSSSLADYQY	0.52941176	9	0.82352941	AT	8x6b	111	1589	17	1.078133	625	5	NOT_RUN_CROSS_CANDIDATE_RANK_REJECTED	3	/data/qlyu/projects/pvrig_top7500_dualpanel_screen_v1_20260724/run/static_review/inputs/pdb/CANDIDATE_P1MCPUFP__CPUFP500K_0131__00714_8x6b_s917_2b882ec7815d.pdb	19030ab8af0e072b3ef1bb813457e9416459b7feb24dfcad0081b2d04a5be397	-72.7946	11	9	231	0.4797584	54	0.5	118	1554	17	0.534803	637	positive_pose_source_case02_pos_04_PVRIG-38	0	WEAK_PRIOR_ONLY	-9.657	4	cluster_1_model_1.pdb.gz	STRICT_A	DESCRIPTIVE_ONLY	0.861	0.747	0.053	16.605	1.188	759.543	1397.454	637.911	18.0	-0.176	4.0	226.0	59.0	0.0	0.746	0.599	1.295	34.952	0.283	9.063	0.0	old_top7500	3	917	CORE_EXPLOITATION	/data1/qlyu/projects/pvrig_priority_top7500_dualreceptor_multiseed_docking_results_v1_20260722/top7500_25k/compressed_queue/CANDIDATE_P1MCPUFP__CPUFP500K_0131__00714_8x6b_s917_2b882ec7815d.tar.gz	runs/CANDIDATE_P1MCPUFP__CPUFP500K_0131__00714_8x6b_s917_2b882ec7815d/haddock_run/6_seletopclusts/cluster_1_model_1.pdb.gz	2b882ec7815d57ad1548339d436e00b1c788696bdb517890e288be0ec044c6e5	8c55751f66ac2930ce115a9419321a2b2bed220b61af2e1671f7ac6e6a2e33b3	CANDIDATE_P1MCPUFP__CPUFP500K_0131__00714_8x6b_s917_2b882ec7815d	0.0	Static structure diagnostics only; not experimental affinity, blocking, expression or purity.	92	17
160.728	P1MCPUFP__CPUFP500K_0131__00714	WPETGPVT	4	ISADGTQT	0	GASFSGGSSSLADYQY	0.5625	9	0.8125	AT	9e6y	118	1544	17	0.959117	647	5	NOT_RUN_CROSS_CANDIDATE_RANK_REJECTED	3	/data/qlyu/projects/pvrig_top7500_dualpanel_screen_v1_20260724/run/static_review/inputs/pdb/CANDIDATE_P1MCPUFP__CPUFP500K_0131__00714_9e6y_s917_c2cb6c28f486.pdb	a33f6265ea30be094af0d674bd468403bf3b24dff81de13a4e6fb9211141525c	-68.66063000000001	11	9	212	0.45116865	52	0.6	112	1531	17	0.62021	634	positive_pose_source_case02_pos_04_PVRIG-38	0	WEAK_PRIOR_ONLY	-9.27	4	cluster_1_model_1.pdb.gz	STRICT_A	DESCRIPTIVE_ONLY	0.98	-4.906	-0.371	21.497	1.625	754.854	1322.562	567.707	10.0	-0.223	8.0	231.0	60.0	0.0	0.988	0.547	1.246	33.64	0.778	25.663	0.0	old_top7500	4	917	CORE_EXPLOITATION	/data1/qlyu/projects/pvrig_priority_top7500_dualreceptor_multiseed_docking_results_v1_20260722/top7500_25k/compressed_queue/CANDIDATE_P1MCPUFP__CPUFP500K_0131__00714_9e6y_s917_c2cb6c28f486.tar.gz	runs/CANDIDATE_P1MCPUFP__CPUFP500K_0131__00714_9e6y_s917_c2cb6c28f486/haddock_run/6_seletopclusts/cluster_1_model_1.pdb.gz	c2cb6c28f48668049f445cea5dbb0e5c7f14c039ea16cf6d78680a3bc6c99f09	8c55751f66ac2930ce115a9419321a2b2bed220b61af2e1671f7ac6e6a2e33b3	CANDIDATE_P1MCPUFP__CPUFP500K_0131__00714_9e6y_s917_c2cb6c28f486	0.0	Static structure diagnostics only; not experimental affinity, blocking, expression or purity.	92	16
239.382	P1MCPUFP__CPUFP500K_0132__00435	YEETGPLD	7	LSGDLRHY	1	AASDAGGSPDVRVWEY	0.55	11	0.95	AT	8x6b	144	1790	20	1.064755	712	6	NOT_RUN_CROSS_CANDIDATE_RANK_REJECTED	1	/data/qlyu/projects/pvrig_top7500_dualpanel_screen_v1_20260724/run/static_review/inputs/pdb/CANDIDATE_P1MCPUFP__CPUFP500K_0132__00435_8x6b_s1931_f552e975f387.pdb	3c85a9badf21d40532ef5624d8d1135193df257f84475be0e959b84ef15186eb	-82.94333	15	7	274	0.54194931	61	0.8	142	1781	20	0.525487	716	positive_pose_source_case02_pos_04_PVRIG-38	0	WEAK_PRIOR_ONLY	-11.258	2	cluster_1_model_1.pdb.gz	STRICT_A	DESCRIPTIVE_ONLY	1.111	6.838	0.403	44.479	2.624	915.64	1695.41	779.77	25.0	-0.018	1.0	226.0	67.0	0.0	1.654	0.609	3.46	100.348	0.276	10.488	0.0	old_top7500	9	1931	PARENT_CDR3_DIVERSITY	/data1/qlyu/projects/pvrig_priority_top7500_dualreceptor_multiseed_docking_results_v1_20260722/top7500_25k/compressed_queue/CANDIDATE_P1MCPUFP__CPUFP500K_0132__00435_8x6b_s1931_f552e975f387.tar.gz	runs/CANDIDATE_P1MCPUFP__CPUFP500K_0132__00435_8x6b_s1931_f552e975f387/haddock_run/6_seletopclusts/cluster_1_model_1.pdb.gz	f552e975f38791b964de3503561f442ae5e3d646be9e4e96d92c157ad46e583b	8c55751f66ac2930ce115a9419321a2b2bed220b61af2e1671f7ac6e6a2e33b3	CANDIDATE_P1MCPUFP__CPUFP500K_0132__00435_8x6b_s1931_f552e975f387	0.0	Static structure diagnostics only; not experimental affinity, blocking, expression or purity.	147	20
167.027	P1MCPUFP__CPUFP500K_0132__00435	YEETGPLD	8	LSGDLRHY	5	AASDAGGSPDVRVWEY	0.40909091	9	1.0	AT	9e6y	101	1579	19	0.942354	600	5	NOT_RUN_CROSS_CANDIDATE_RANK_REJECTED	0	/data/qlyu/projects/pvrig_top7500_dualpanel_screen_v1_20260724/run/static_review/inputs/pdb/CANDIDATE_P1MCPUFP__CPUFP500K_0132__00435_9e6y_s1931_f6e3af6a3a62.pdb	981b6ace56c8ac7f9f54f2a17e86390d24262fed2e84513e762d158a4a8051fb	-80.93	8	6	260	0.50322657	58	0.7	93	1489	19	0.535516	585	positive_pose_source_case02_pos_04_PVRIG-38	0	WEAK_PRIOR_ONLY	-12.031	2	cluster_1_model_1.pdb.gz	SUPPORTED_AB	DESCRIPTIVE_ONLY	1.065	-6.97	-0.437	15.453	0.97	859.41	1593.397	733.987	8.0	-0.051	1.0	231.0	61.0	0.0	1.573	0.632	2.817	76.06	0.585	19.903	0.0	old_top7500	8	1931	PARENT_CDR3_DIVERSITY	/data1/qlyu/projects/pvrig_priority_top7500_dualreceptor_multiseed_docking_results_v1_20260722/top7500_25k/compressed_queue/CANDIDATE_P1MCPUFP__CPUFP500K_0132__00435_9e6y_s1931_f6e3af6a3a62.tar.gz	runs/CANDIDATE_P1MCPUFP__CPUFP500K_0132__00435_9e6y_s1931_f6e3af6a3a62/haddock_run/6_seletopclusts/cluster_1_model_1.pdb.gz	f6e3af6a3a62c3788adb52bf71de3c53e5c20adaf800f8fc27bc346d0f456c63	8c55751f66ac2930ce115a9419321a2b2bed220b61af2e1671f7ac6e6a2e33b3	CANDIDATE_P1MCPUFP__CPUFP500K_0132__00435_9e6y_s1931_f6e3af6a3a62	0.0	Static structure diagnostics only; not experimental affinity, blocking, expression or purity.	147	22
195.195	P1MCPUFP__CPUFP500K_0132__00573	YKETGPWT	5	LSADQTHP	4	AASSAGGSSDVSFWDY	0.5	11	0.90909091	AT	8x6b	81	1386	20	1.063683	544	4	NOT_RUN_CROSS_CANDIDATE_RANK_REJECTED	2	/data/qlyu/projects/pvrig_top7500_dualpanel_screen_v1_20260724/run/static_review/inputs/pdb/CANDIDATE_P1MCPUFP__CPUFP500K_0132__00573_8x6b_s917_8906945e8f95.pdb	9940d6a9a5324675d67b5e950fe2a07cd4d7e99c7c0ded35208d4819bb54f4f8	-92.91489999999999	11	7	260	0.51529606	58	0.6	80	1382	20	0.494057	552	positive_pose_source_case02_pos_04_PVRIG-38	0	WEAK_PRIOR_ONLY	-12.084	2	cluster_1_model_1.pdb.gz	SUPPORTED_AB	DESCRIPTIVE_ONLY	1.106	-13.014	-0.766	6.936	0.408	970.449	1699.168	728.719	11.0	-0.554	5.0	226.0	66.0	0.0	0.871	0.597	1.684	50.516	0.194	6.991	0.0	old_top7500	5	917	CORE_EXPLOITATION	/data1/qlyu/projects/pvrig_priority_top7500_dualreceptor_multiseed_docking_results_v1_20260722/top7500_25k/compressed_queue/CANDIDATE_P1MCPUFP__CPUFP500K_0132__00573_8x6b_s917_8906945e8f95.tar.gz	runs/CANDIDATE_P1MCPUFP__CPUFP500K_0132__00573_8x6b_s917_8906945e8f95/haddock_run/6_seletopclusts/cluster_1_model_1.pdb.gz	8906945e8f95f572392c943f2344fef893e997cfa0ceca3909d49d66b5fb20ea	8c55751f66ac2930ce115a9419321a2b2bed220b61af2e1671f7ac6e6a2e33b3	CANDIDATE_P1MCPUFP__CPUFP500K_0132__00573_8x6b_s917_8906945e8f95	0.0	Static structure diagnostics only; not experimental affinity, blocking, expression or purity.	107	22
248.734	P1MCPUFP__CPUFP500K_0132__00573	YKETGPWT	7	LSADQTHP	4	AASSAGGSSDVSFWDY	0.4	8	0.95	AT	9e6y	81	1217	18	0.917615	498	5	NOT_RUN_CROSS_CANDIDATE_RANK_REJECTED	1	/data/qlyu/projects/pvrig_top7500_dualpanel_screen_v1_20260724/run/static_review/inputs/pdb/CANDIDATE_P1MCPUFP__CPUFP500K_0132__00573_9e6y_s917_6188891c25b1.pdb	687ea0ca8bb06d52afeb7b76d736c2bd26de662c6f004d5e8e052344e5cab1d0	-88.1477	7	3	248	0.48587393	56	0.4	78	1202	18	0.479767	486	positive_pose_source_case02_pos_04_PVRIG-38	0	WEAK_PRIOR_ONLY	-11.851	2	cluster_1_model_1.pdb.gz	SUPPORTED_AB	DESCRIPTIVE_ONLY	0.803	-8.064	-0.483	2.754	0.165	1050.663	1668.07	617.406	12.0	-0.738	4.0	231.0	66.0	0.0	0.177	0.616	0.88	23.772	-0.31	-12.102	0.0	old_top7500	0	917	CORE_EXPLOITATION	/data1/qlyu/projects/pvrig_priority_top7500_dualreceptor_multiseed_docking_results_v1_20260722/top7500_25k/compressed_queue/CANDIDATE_P1MCPUFP__CPUFP500K_0132__00573_9e6y_s917_6188891c25b1.tar.gz	runs/CANDIDATE_P1MCPUFP__CPUFP500K_0132__00573_9e6y_s917_6188891c25b1/haddock_run/6_seletopclusts/cluster_1_model_1.pdb.gz	6188891c25b176c586d533aa7d533d74a6b90bc4eee11571c41cd7284f1dd07a	8c55751f66ac2930ce115a9419321a2b2bed220b61af2e1671f7ac6e6a2e33b3	CANDIDATE_P1MCPUFP__CPUFP500K_0132__00573_9e6y_s917_6188891c25b1	0.0	Static structure diagnostics only; not experimental affinity, blocking, expression or purity.	107	20
201.172	P1MCPUFP__CPUFP500K_0132__00682	YAEQAPLT	6	LSADQTQP	4	AASDAGGSPSPSEWSH	0.45454545	10	0.90909091	AT	8x6b	102	1522	19	1.095282	600	5	NOT_RUN_CROSS_CANDIDATE_RANK_REJECTED	2	/data/qlyu/projects/pvrig_top7500_dualpanel_screen_v1_20260724/run/static_review/inputs/pdb/CANDIDATE_P1MCPUFP__CPUFP500K_0132__00682_8x6b_s917_4fe535aed32a.pdb	04a0fb079567c98932f757e0f8ca657279daddab7f50e6912126e55f5c8becca	-80.91867000000002	10	4	282	0.56860255	64	0.6	95	1529	19	0.497563	606	positive_pose_source_case02_pos_04_PVRIG-38	0	WEAK_PRIOR_ONLY	-13.377	2	cluster_1_model_1.pdb.gz	SUPPORTED_AB	DESCRIPTIVE_ONLY	0.918	21.899	1.301	40.496	2.407	1007.34	1682.7	675.36	25.0	-0.09	5.0	226.0	71.0	0.0	1.567	0.522	2.129	66.0	1.132	45.262	0.0	old_top7500	1	917	PARENT_CDR3_DIVERSITY	/data1/qlyu/projects/pvrig_priority_top7500_dualreceptor_multiseed_docking_results_v1_20260722/top7500_25k/compressed_queue/CANDIDATE_P1MCPUFP__CPUFP500K_0132__00682_8x6b_s917_4fe535aed32a.tar.gz	runs/CANDIDATE_P1MCPUFP__CPUFP500K_0132__00682_8x6b_s917_4fe535aed32a/haddock_run/6_seletopclusts/cluster_1_model_1.pdb.gz	4fe535aed32a0c28f457b7720d1d18bcfeeb3dc785eed21bbc1c1e3255577b5d	8c55751f66ac2930ce115a9419321a2b2bed220b61af2e1671f7ac6e6a2e33b3	CANDIDATE_P1MCPUFP__CPUFP500K_0132__00682_8x6b_s917_4fe535aed32a	0.0	Static structure diagnostics only; not experimental affinity, blocking, expression or purity.	150	22
157.356	P1MCPUFP__CPUFP500K_0132__00682	YAEQAPLT	5	LSADQTQP	3	AASDAGGSPSPSEWSH	0.5	10	0.9	AT	9e6y	116	1712	20	0.952385	654	4	NOT_RUN_CROSS_CANDIDATE_RANK_REJECTED	2	/data/qlyu/projects/pvrig_top7500_dualpanel_screen_v1_20260724/run/static_review/inputs/pdb/CANDIDATE_P1MCPUFP__CPUFP500K_0132__00682_9e6y_s917_4b7259c7fb13.pdb	2e9977961c397d5b034645c660be3bb66182e360fd36f3b8e87946f3aade8c7c	-75.71820999999998	10	5	271	0.55528449	64	0.7	117	1688	20	0.519691	654	positive_pose_source_case02_pos_04_PVRIG-38	0	WEAK_PRIOR_ONLY	-11.81	2	cluster_1_model_1.pdb.gz	STRICT_A	DESCRIPTIVE_ONLY	0.774	9.347	0.582	36.345	2.262	945.05	1606.536	661.486	34.0	-0.158	6.0	231.0	71.0	0.0	0.762	0.532	2.425	75.183	-0.527	-21.093	0.0	old_top7500	1	917	PARENT_CDR3_DIVERSITY	/data1/qlyu/projects/pvrig_priority_top7500_dualreceptor_multiseed_docking_results_v1_20260722/top7500_25k/compressed_queue/CANDIDATE_P1MCPUFP__CPUFP500K_0132__00682_9e6y_s917_4b7259c7fb13.tar.gz	runs/CANDIDATE_P1MCPUFP__CPUFP500K_0132__00682_9e6y_s917_4b7259c7fb13/haddock_run/6_seletopclusts/cluster_1_model_1.pdb.gz	4b7259c7fb13131217c2e123280d3b27d68ba6bfffcae72fcf1b22cf0f831203	8c55751f66ac2930ce115a9419321a2b2bed220b61af2e1671f7ac6e6a2e33b3	CANDIDATE_P1MCPUFP__CPUFP500K_0132__00682_9e6y_s917_4b7259c7fb13	0.0	Static structure diagnostics only; not experimental affinity, blocking, expression or purity.	150	20
154.516	P1MCPUFP__CPUFP500K_0133__00282	GDWSVPPD	6	ISADGKTT	5	AAGYSSGSSDPSVYQY	0.38095238	8	0.9047619	AT	8x6b	119	1638	18	1.079764	649	4	NOT_RUN_CROSS_CANDIDATE_RANK_REJECTED	2	/data/qlyu/projects/pvrig_top7500_dualpanel_screen_v1_20260724/run/static_review/inputs/pdb/CANDIDATE_P1MCPUFP__CPUFP500K_0133__00282_8x6b_s1931_8213df204cb2.pdb	468856c19c1722cef2d486556146afd3ed214de1cb2ca8049feb011434755d67	-72.4439	10	6	217	0.58637138	66	0.8	117	1676	18	0.537132	658	positive_pose_source_case02_pos_04_PVRIG-38	0	WEAK_PRIOR_ONLY	-12.579	4	cluster_1_model_1.pdb.gz	STRICT_A	DESCRIPTIVE_ONLY	0.597	-9.819	-0.636	-0.513	-0.033	878.519	1545.027	666.508	16.0	5.523	6.0	226.0	68.0	0.0	0.794	0.59	1.178	35.326	0.491	18.664	0.0	old_top7500	5	1931	PARENT_CDR3_DIVERSITY	/data1/qlyu/projects/pvrig_priority_top7500_dualreceptor_multiseed_docking_results_v1_20260722/top7500_25k/compressed_queue/CANDIDATE_P1MCPUFP__CPUFP500K_0133__00282_8x6b_s1931_8213df204cb2.tar.gz	runs/CANDIDATE_P1MCPUFP__CPUFP500K_0133__00282_8x6b_s1931_8213df204cb2/haddock_run/6_seletopclusts/cluster_1_model_1.pdb.gz	8213df204cb28155a2cb2ac0cb7d65bd9160c1d6aa8fd12e77f2d766413f108d	8c55751f66ac2930ce115a9419321a2b2bed220b61af2e1671f7ac6e6a2e33b3	CANDIDATE_P1MCPUFP__CPUFP500K_0133__00282_8x6b_s1931_8213df204cb2	0.0	Static structure diagnostics only; not experimental affinity, blocking, expression or purity.	151	21
249.213	P1MCPUFP__CPUFP500K_0133__00282	GDWSVPPD	5	ISADGKTT	5	AAGYSSGSSDPSVYQY	0.42105263	8	0.94736842	AT	9e6y	119	1678	19	0.958831	646	4	NOT_RUN_CROSS_CANDIDATE_RANK_REJECTED	1	/data/qlyu/projects/pvrig_top7500_dualpanel_screen_v1_20260724/run/static_review/inputs/pdb/CANDIDATE_P1MCPUFP__CPUFP500K_0133__00282_9e6y_s1931_f790630e14ad.pdb	feb43936620617a24b4bf6154c6d6b542868c2759fb8c01b7396898fb01ce823	-63.2072	8	6	216	0.49455025	57	0.9	120	1658	19	0.62848	660	positive_pose_source_case02_pos_04_PVRIG-38	0	WEAK_PRIOR_ONLY	-11.191	3	cluster_1_model_1.pdb.gz	STRICT_A	DESCRIPTIVE_ONLY	1.019	-23.215	-1.518	-11.745	-0.768	923.159	1529.574	606.415	12.0	0.291	4.0	231.0	62.0	0.0	1.144	0.527	1.465	42.483	0.862	28.448	0.0	old_top7500	6	1931	PARENT_CDR3_DIVERSITY	/data1/qlyu/projects/pvrig_priority_top7500_dualreceptor_multiseed_docking_results_v1_20260722/top7500_25k/compressed_queue/CANDIDATE_P1MCPUFP__CPUFP500K_0133__00282_9e6y_s1931_f790630e14ad.tar.gz	runs/CANDIDATE_P1MCPUFP__CPUFP500K_0133__00282_9e6y_s1931_f790630e14ad/haddock_run/6_seletopclusts/cluster_1_model_1.pdb.gz	f790630e14ad312bad849b4e6525453f24eba6cdf2e8a55c4ce2a37db8fa483f	8c55751f66ac2930ce115a9419321a2b2bed220b61af2e1671f7ac6e6a2e33b3	CANDIDATE_P1MCPUFP__CPUFP500K_0133__00282_9e6y_s1931_f790630e14ad	0.0	Static structure diagnostics only; not experimental affinity, blocking, expression or purity.	151	19
218.761	P1MCPUFP__CPUFP500K_0134__00289	GSFTGPAT	7	ISGDGKSF	6	AMSYLGGLPDPEAYQY	0.40740741	11	0.88888889	AT	8x6b	110	1549	15	1.073748	591	2	NOT_RUN_CROSS_CANDIDATE_RANK_REJECTED	3	/data/qlyu/projects/pvrig_top7500_dualpanel_screen_v1_20260724/run/static_review/inputs/pdb/CANDIDATE_P1MCPUFP__CPUFP500K_0134__00289_8x6b_s917_e52c9f8bfccd.pdb	a6df6efa3aca92d7721d739acc50820583a59a7ed99b27a749f232efadd67882	-72.82747	15	7	312	0.56860255	64	0.7	105	1507	15	0.492196	582	positive_pose_source_case02_pos_04_PVRIG-38	0	WEAK_PRIOR_ONLY	-12.415	3	cluster_1_model_1.pdb.gz	STRICT_A	DESCRIPTIVE_ONLY	0.78	18.97	1.167	36.295	2.232	885.581	1625.948	740.367	21.0	-0.02	2.0	226.0	67.0	0.0	1.735	0.525	3.704	111.109	0.139	5.154	0.0	old_top7500	2	917	PARENT_CDR3_DIVERSITY	/data1/qlyu/projects/pvrig_priority_top7500_dualreceptor_multiseed_docking_results_v1_20260722/top7500_25k/compressed_queue/CANDIDATE_P1MCPUFP__CPUFP500K_0134__00289_8x6b_s917_e52c9f8bfccd.tar.gz	runs/CANDIDATE_P1MCPUFP__CPUFP500K_0134__00289_8x6b_s917_e52c9f8bfccd/haddock_run/6_seletopclusts/cluster_1_model_1.pdb.gz	e52c9f8bfccdbe0b6c61efd2591cbf89d39e83d351342a448308bee0dea4de88	8c55751f66ac2930ce115a9419321a2b2bed220b61af2e1671f7ac6e6a2e33b3	CANDIDATE_P1MCPUFP__CPUFP500K_0134__00289_8x6b_s917_e52c9f8bfccd	0.0	Static structure diagnostics only; not experimental affinity, blocking, expression or purity.	140	27
261.765	P1MCPUFP__CPUFP500K_0134__00289	GSFTGPAT	7	ISGDGKSF	6	AMSYLGGLPDPEAYQY	0.25	6	0.79166667	AT	9e6y	126	1549	15	0.913579	629	2	NOT_RUN_CROSS_CANDIDATE_RANK_REJECTED	5	/data/qlyu/projects/pvrig_top7500_dualpanel_screen_v1_20260724/run/static_review/inputs/pdb/CANDIDATE_P1MCPUFP__CPUFP500K_0134__00289_9e6y_s917_8ed9be58a905.pdb	c7c2e4928039c016754d19a10727ee6bd2da13655031e66938cd5842f04e138c	-72.66779	13	2	301	0.61601873	71	0.9	137	1542	15	0.500852	628	positive_pose_source_case02_pos_04_PVRIG-38	0	WEAK_PRIOR_ONLY	-12.492	3	cluster_1_model_1.pdb.gz	STRICT_A	DESCRIPTIVE_ONLY	0.836	7.625	0.478	27.918	1.752	936.619	1593.825	657.205	12.0	-0.205	5.0	231.0	73.0	0.0	1.099	0.639	2.633	89.53	-0.238	-9.293	0.0	old_top7500	3	917	PARENT_CDR3_DIVERSITY	/data1/qlyu/projects/pvrig_priority_top7500_dualreceptor_multiseed_docking_results_v1_20260722/top7500_25k/compressed_queue/CANDIDATE_P1MCPUFP__CPUFP500K_0134__00289_9e6y_s917_8ed9be58a905.tar.gz	runs/CANDIDATE_P1MCPUFP__CPUFP500K_0134__00289_9e6y_s917_8ed9be58a905/haddock_run/6_seletopclusts/cluster_1_model_1.pdb.gz	8ed9be58a905f494473242bffbe7f2b31d991658a909dc2e4b2426873c9fb4ca	8c55751f66ac2930ce115a9419321a2b2bed220b61af2e1671f7ac6e6a2e33b3	CANDIDATE_P1MCPUFP__CPUFP500K_0134__00289_9e6y_s917_8ed9be58a905	0.0	Static structure diagnostics only; not experimental affinity, blocking, expression or purity.	140	24
204.89	P1MCPUFP__CPUFP500K_0134__00713	GSETGPRD	8	ISGDGKSY	8	AESYLGGLSDPDAYQH	0.2	5	0.84	AT	8x6b	132	1781	16	1.052697	696	3	NOT_RUN_CROSS_CANDIDATE_RANK_REJECTED	4	/data/qlyu/projects/pvrig_top7500_dualpanel_screen_v1_20260724/run/static_review/inputs/pdb/CANDIDATE_P1MCPUFP__CPUFP500K_0134__00713_8x6b_s1931_46e9edc9d7ed.pdb	a55db6f75017eb7b4c88b21f95e95c7d9d381a3584ba0dca03258fdb9457391b	-72.373	9	5	289	0.61302463	69	0.7	127	1751	16	0.48233	673	positive_pose_source_case02_pos_04_PVRIG-38	0	WEAK_PRIOR_ONLY	-11.547	2	cluster_1_model_1.pdb.gz	STRICT_A	DESCRIPTIVE_ONLY	1.278	23.196	1.601	52.674	3.635	869.601	1449.019	579.418	11.0	-0.098	4.0	226.0	64.0	0.0	1.975	0.67	2.933	87.999	1.129	38.395	0.0	old_top7500	3	1931	PARENT_CDR3_DIVERSITY	/data1/qlyu/projects/pvrig_priority_top7500_dualreceptor_multiseed_docking_results_v1_20260722/top7500_25k/compressed_queue/CANDIDATE_P1MCPUFP__CPUFP500K_0134__00713_8x6b_s1931_46e9edc9d7ed.tar.gz	runs/CANDIDATE_P1MCPUFP__CPUFP500K_0134__00713_8x6b_s1931_46e9edc9d7ed/haddock_run/6_seletopclusts/cluster_1_model_1.pdb.gz	46e9edc9d7ed8fbe796cb7b0678f9253edc189827d858ebcdd79853dd9c10cf0	8c55751f66ac2930ce115a9419321a2b2bed220b61af2e1671f7ac6e6a2e33b3	CANDIDATE_P1MCPUFP__CPUFP500K_0134__00713_8x6b_s1931_46e9edc9d7ed	0.0	Static structure diagnostics only; not experimental affinity, blocking, expression or purity.	143	25
204.642	P1MCPUFP__CPUFP500K_0134__00713	GSETGPRD	8	ISGDGKSY	6	AESYLGGLSDPDAYQH	0.22727273	5	0.86363636	AT	9e6y	132	1776	16	0.937415	721	4	NOT_RUN_CROSS_CANDIDATE_RANK_REJECTED	3	/data/qlyu/projects/pvrig_top7500_dualpanel_screen_v1_20260724/run/static_review/inputs/pdb/CANDIDATE_P1MCPUFP__CPUFP500K_0134__00713_9e6y_s1931_44a465aabfd3.pdb	9f7169b47caaec8f489a1e816259075b1e0cea4a2ce3f8fb7797f66fd10efda6	-67.8657	9	4	256	0.55528449	64	0.8	144	1817	16	0.556296	762	positive_pose_source_case02_pos_04_PVRIG-38	0	WEAK_PRIOR_ONLY	-11.006	2	cluster_1_model_1.pdb.gz	STRICT_A	DESCRIPTIVE_ONLY	0.732	24.607	1.803	47.278	3.464	813.944	1364.853	550.908	15.0	-0.025	2.0	231.0	66.0	0.0	1.404	0.635	2.198	70.339	0.657	22.332	0.0	old_top7500	3	1931	PARENT_CDR3_DIVERSITY	/data1/qlyu/projects/pvrig_priority_top7500_dualreceptor_multiseed_docking_results_v1_20260722/top7500_25k/compressed_queue/CANDIDATE_P1MCPUFP__CPUFP500K_0134__00713_9e6y_s1931_44a465aabfd3.tar.gz	runs/CANDIDATE_P1MCPUFP__CPUFP500K_0134__00713_9e6y_s1931_44a465aabfd3/haddock_run/6_seletopclusts/cluster_1_model_1.pdb.gz	44a465aabfd33de30149b5ac72cf41698654d856adec649e7bcc4cf763e8ec03	8c55751f66ac2930ce115a9419321a2b2bed220b61af2e1671f7ac6e6a2e33b3	CANDIDATE_P1MCPUFP__CPUFP500K_0134__00713_9e6y_s1931_44a465aabfd3	0.0	Static structure diagnostics only; not experimental affinity, blocking, expression or purity.	143	22
265.78	P1MCPUFP__CPUFP500K_0134__00880	GSFSGPMD	8	ISGDGKSY	5	AMSWLGGLSDPDAWQY	0.17391304	4	0.73913043	AT	8x6b	125	1564	18	1.045902	631	4	NOT_RUN_CROSS_CANDIDATE_RANK_REJECTED	6	/data/qlyu/projects/pvrig_top7500_dualpanel_screen_v1_20260724/run/static_review/inputs/pdb/CANDIDATE_P1MCPUFP__CPUFP500K_0134__00880_8x6b_s1931_ccc51bd81a96.pdb	59575dccd9470189da824af6aa200dfcccdaca32e6099d4b1bdc90cb71df53cc	-62.21770000000001	6	5	241	0.56860255	64	0.8	121	1525	18	0.472734	621	positive_pose_source_case02_pos_04_PVRIG-38	0	WEAK_PRIOR_ONLY	-10.949	2	cluster_1_model_1.pdb.gz	STRICT_A	DESCRIPTIVE_ONLY	0.512	-15.819	-1.085	8.27	0.567	883.568	1457.943	574.375	11.0	-0.281	5.0	226.0	63.0	0.0	0.322	0.68	0.995	25.866	-0.152	-5.607	0.0	c2_four_seed	3	1931	QUOTA_SAFE_BACKFILL	/data1/qlyu/projects/pvrig_c2_new6220_dualreceptor_2seed_docking_results_v1_20260723/c2_new4220/compressed_queue/CANDIDATE_P1MCPUFP__CPUFP500K_0134__00880_8x6b_s1931_ccc51bd81a96.tar.gz	runs/CANDIDATE_P1MCPUFP__CPUFP500K_0134__00880_8x6b_s1931_ccc51bd81a96/haddock_run/6_seletopclusts/cluster_1_model_1.pdb.gz	ccc51bd81a966ba04d4ed837c339cb5ae9f773196f1f03c0c0e24cadcc93e1c6	8c55751f66ac2930ce115a9419321a2b2bed220b61af2e1671f7ac6e6a2e33b3	CANDIDATE_P1MCPUFP__CPUFP500K_0134__00880_8x6b_s1931_ccc51bd81a96	0.0	Static structure diagnostics only; not experimental affinity, blocking, expression or purity.	196	23
175.755	P1MCPUFP__CPUFP500K_0134__00880	GSFSGPMD	8	ISGDGKSY	5	AMSWLGGLSDPDAWQY	0.19047619	4	0.80952381	AT	9e6y	127	1226	15	0.93233	504	4	NOT_RUN_CROSS_CANDIDATE_RANK_REJECTED	4	/data/qlyu/projects/pvrig_top7500_dualpanel_screen_v1_20260724/run/static_review/inputs/pdb/CANDIDATE_P1MCPUFP__CPUFP500K_0134__00880_9e6y_s917_40922dbc7742.pdb	17958196f205f758601798b0d731624df53bc8aeca7a8b1a8005956ab4bd0b0a	-64.17	15	5	293	0.50322657	58	0.7	123	1200	15	0.458663	515	positive_pose_source_case02_pos_04_PVRIG-38	0	WEAK_PRIOR_ONLY	-12.14	3	cluster_1_model_1.pdb.gz	STRICT_A	DESCRIPTIVE_ONLY	0.945	9.435	0.64	27.586	1.871	847.21	1474.636	627.426	13.0	-0.143	4.0	231.0	58.0	0.0	1.036	0.626	1.266	35.453	0.821	24.621	0.0	c2_four_seed	0	917	QUOTA_SAFE_BACKFILL	/data1/qlyu/projects/pvrig_c2_new6220_dualreceptor_2seed_docking_results_v1_20260723/c2_new4220/compressed_queue/CANDIDATE_P1MCPUFP__CPUFP500K_0134__00880_9e6y_s917_40922dbc7742.tar.gz	runs/CANDIDATE_P1MCPUFP__CPUFP500K_0134__00880_9e6y_s917_40922dbc7742/haddock_run/6_seletopclusts/cluster_1_model_1.pdb.gz	40922dbc7742ade5c1e5cb18c0f08de4c258b4a99222fe60e4a4f4c0952a131c	8c55751f66ac2930ce115a9419321a2b2bed220b61af2e1671f7ac6e6a2e33b3	CANDIDATE_P1MCPUFP__CPUFP500K_0134__00880_9e6y_s917_40922dbc7742	0.0	Static structure diagnostics only; not experimental affinity, blocking, expression or purity.	196	21
182.467	P1MCPUFP__CPUFP500K_0150__00396	GTGGGGLD	8	ITPEGKQ	4	VVGPTFGDAPIARLY	0.42857143	9	1.0	AT	8x6b	114	1803	14	1.066027	728	5	NOT_RUN_CROSS_CANDIDATE_RANK_REJECTED	0	/data/qlyu/projects/pvrig_top7500_dualpanel_screen_v1_20260724/run/static_review/inputs/pdb/CANDIDATE_P1MCPUFP__CPUFP500K_0150__00396_8x6b_s3253_fc2ef1a90a7d.pdb	70ee7d58a4b636b51f81a8340b6b75df3021d920670c39b61a7209df47776da7	-52.53081999999999	4	1	216	0.49266464	55	0.3	110	1669	14	0.469085	697	positive_pose_source_case02_pos_06_20H5	0	WEAK_PRIOR_ONLY	-11.559	2	cluster_1_model_1.pdb.gz	STRICT_A	DESCRIPTIVE_ONLY	1.115	3.643	0.299	14.996	1.231	791.556	1218.591	427.035	10.0	-0.037	2.0	224.0	55.0	0.0	1.359	0.658	2.063	57.76	0.63	17.011	0.0	old_top7500	0	3253	PARENT_CDR3_DIVERSITY	/data1/qlyu/projects/pvrig_priority_top7500_dualreceptor_multiseed_docking_results_v1_20260722/top7500_25k/compressed_queue/CANDIDATE_P1MCPUFP__CPUFP500K_0150__00396_8x6b_s3253_fc2ef1a90a7d.tar.gz	runs/CANDIDATE_P1MCPUFP__CPUFP500K_0150__00396_8x6b_s3253_fc2ef1a90a7d/haddock_run/6_seletopclusts/cluster_1_model_1.pdb.gz	fc2ef1a90a7d733483de611e3957531d48274d848490b01e8e2543d2db81a14c	8c55751f66ac2930ce115a9419321a2b2bed220b61af2e1671f7ac6e6a2e33b3	CANDIDATE_P1MCPUFP__CPUFP500K_0150__00396_8x6b_s3253_fc2ef1a90a7d	0.0	Static structure diagnostics only; not experimental affinity, blocking, expression or purity.	122	21
229.893	P1MCPUFP__CPUFP500K_0150__00396	GTGGGGLD	7	ITPEGKQ	1	VVGPTFGDAPIARLY	0.52631579	10	0.94736842	AT	9e6y	80	1728	17	0.944285	702	3	NOT_RUN_CROSS_CANDIDATE_RANK_REJECTED	1	/data/qlyu/projects/pvrig_top7500_dualpanel_screen_v1_20260724/run/static_review/inputs/pdb/CANDIDATE_P1MCPUFP__CPUFP500K_0150__00396_9e6y_s1931_108df294a789.pdb	6eeef7c97924486b1aadf496c46fd29b0ddb77a5f66346f42f08919bcbbe41a6	-65.22900000000001	7	3	192	0.45488203	52	0.3	80	1775	17	0.502665	723	positive_pose_source_case02_pos_06_20H5	0	WEAK_PRIOR_ONLY	-9.551	2	cluster_1_model_1.pdb.gz	SUPPORTED_AB	DESCRIPTIVE_ONLY	0.949	-0.464	-0.035	15.554	1.158	818.059	1343.675	525.616	8.0	-0.194	4.0	229.0	60.0	0.0	0.962	0.576	1.798	48.556	0.278	9.174	0.0	old_top7500	1	1931	PARENT_CDR3_DIVERSITY	/data1/qlyu/projects/pvrig_priority_top7500_dualreceptor_multiseed_docking_results_v1_20260722/top7500_25k/compressed_queue/CANDIDATE_P1MCPUFP__CPUFP500K_0150__00396_9e6y_s1931_108df294a789.tar.gz	runs/CANDIDATE_P1MCPUFP__CPUFP500K_0150__00396_9e6y_s1931_108df294a789/haddock_run/6_seletopclusts/cluster_1_model_1.pdb.gz	108df294a7893acae6a0c4b28113b532a1425d599fb55d9fe139b966b79d5e5d	8c55751f66ac2930ce115a9419321a2b2bed220b61af2e1671f7ac6e6a2e33b3	CANDIDATE_P1MCPUFP__CPUFP500K_0150__00396_9e6y_s1931_108df294a789	0.0	Static structure diagnostics only; not experimental affinity, blocking, expression or purity.	122	19
207.245	P1MCPUFP__CPUFP500K_0184__00187	GPGFRDGPYH	8	VDDEGTV	3	AAGVSPSRTVGMSESSYQY	0.5	11	1.0	AT	8x6b	174	1543	17	1.082377	621	3	NOT_RUN_CROSS_CANDIDATE_RANK_REJECTED	0	/data/qlyu/projects/pvrig_top7500_dualpanel_screen_v1_20260724/run/static_review/inputs/pdb/CANDIDATE_P1MCPUFP__CPUFP500K_0184__00187_8x6b_s1931_f68108a4b022.pdb	637fab9ed46238aa8476f03242d893ac8aed096b8de8b8d24804400af719164f	-98.063706	19	4	300	0.51585963	59	1.0	172	1513	17	0.50909	615	positive_pose_source_case02_pos_10_151H7	0	WEAK_PRIOR_ONLY	-11.054	5	cluster_1_model_1.pdb.gz	STRICT_A	DESCRIPTIVE_ONLY	1.029	12.52	0.755	56.241	3.393	833.833	1657.506	823.673	16.0	-0.065	5.0	230.0	64.0	0.0	1.345	0.64	3.14	84.776	0.036	1.314	0.0	c2_four_seed	13	1931	CORE_EXPLOITATION	/data1/qlyu/projects/pvrig_c2_new6220_dualreceptor_2seed_docking_results_v1_20260723/c2_new4220/compressed_queue/CANDIDATE_P1MCPUFP__CPUFP500K_0184__00187_8x6b_s1931_f68108a4b022.tar.gz	runs/CANDIDATE_P1MCPUFP__CPUFP500K_0184__00187_8x6b_s1931_f68108a4b022/haddock_run/6_seletopclusts/cluster_1_model_1.pdb.gz	f68108a4b02235e70d7adb4340195672744c344c6be0838e5f03bed38b19d278	8c55751f66ac2930ce115a9419321a2b2bed220b61af2e1671f7ac6e6a2e33b3	CANDIDATE_P1MCPUFP__CPUFP500K_0184__00187_8x6b_s1931_f68108a4b022	0.0	Static structure diagnostics only; not experimental affinity, blocking, expression or purity.	32	22
221.934	P1MCPUFP__CPUFP500K_0184__00187	GPGFRDGPYH	8	VDDEGTV	4	AAGVSPSRTVGMSESSYQY	0.45454545	10	1.0	AT	9e6y	171	1513	17	0.990313	594	3	NOT_RUN_CROSS_CANDIDATE_RANK_REJECTED	0	/data/qlyu/projects/pvrig_top7500_dualpanel_screen_v1_20260724/run/static_review/inputs/pdb/CANDIDATE_P1MCPUFP__CPUFP500K_0184__00187_9e6y_s1931_dcbeb7846bf0.pdb	49e6236c3062ea9f2bd969a94973455ae64e0da8f98031991a64398628aa34c2	-92.14125000000001	18	4	329	0.54646989	64	0.9	178	1527	17	0.633786	599	positive_pose_source_case02_pos_10_151H7	0	WEAK_PRIOR_ONLY	-10.386	5	cluster_1_model_1.pdb.gz	STRICT_A	DESCRIPTIVE_ONLY	1.221	10.739	0.637	45.566	2.704	837.084	1685.193	848.109	11.0	-0.129	9.0	235.0	66.0	0.0	0.651	0.687	1.453	40.678	0.06	2.267	0.0	c2_four_seed	13	1931	CORE_EXPLOITATION	/data1/qlyu/projects/pvrig_c2_new6220_dualreceptor_2seed_docking_results_v1_20260723/c2_new4220/compressed_queue/CANDIDATE_P1MCPUFP__CPUFP500K_0184__00187_9e6y_s1931_dcbeb7846bf0.tar.gz	runs/CANDIDATE_P1MCPUFP__CPUFP500K_0184__00187_9e6y_s1931_dcbeb7846bf0/haddock_run/6_seletopclusts/cluster_1_model_1.pdb.gz	dcbeb7846bf00c7737d0db60406c74f7ec3cf99412ee81612340272b535c9d3b	8c55751f66ac2930ce115a9419321a2b2bed220b61af2e1671f7ac6e6a2e33b3	CANDIDATE_P1MCPUFP__CPUFP500K_0184__00187_9e6y_s1931_dcbeb7846bf0	0.0	Static structure diagnostics only; not experimental affinity, blocking, expression or purity.	32	22
380.608	P1MCPUFP__CPUFP500K_0185__00273	GSGFSDGPVS	8	IDYEGTV	4	AAGPLPGTKVPMTEEGYVY	0.45454545	10	1.0	AT	8x6b	188	1487	17	1.018249	556	4	NOT_RUN_CROSS_CANDIDATE_RANK_REJECTED	0	/data/qlyu/projects/pvrig_top7500_dualpanel_screen_v1_20260724/run/static_review/inputs/pdb/CANDIDATE_P1MCPUFP__CPUFP500K_0185__00273_8x6b_s917_4bad50a0dc8c.pdb	27271f3e1053d3807daa9b3d11a3846e5d2b4fc65de5315c9a206a039ff4d99f	-60.170370000000005	10	4	232	0.48088609	55	0.9	191	1471	17	0.457048	565	positive_pose_source_case02_pos_10_151H7	0	WEAK_PRIOR_ONLY	-10.138	5	cluster_1_model_1.pdb.gz	STRICT_A	DESCRIPTIVE_ONLY	0.775	-12.402	-0.84	-33.888	-2.295	928.15	1476.737	548.587	14.0	0.028	4.0	230.0	62.0	0.0	0.437	0.542	0.922	25.808	0.039	1.312	0.0	c2_four_seed	6	917	CORE_EXPLOITATION	/data1/qlyu/projects/pvrig_c2_new6220_dualreceptor_2seed_docking_results_v1_20260723/c2_new4220/compressed_queue/CANDIDATE_P1MCPUFP__CPUFP500K_0185__00273_8x6b_s917_4bad50a0dc8c.tar.gz	runs/CANDIDATE_P1MCPUFP__CPUFP500K_0185__00273_8x6b_s917_4bad50a0dc8c/haddock_run/6_seletopclusts/cluster_1_model_1.pdb.gz	4bad50a0dc8c513483a5fb16c87df8adb16ea87e599e1f38190bc4c91eedb1b4	8c55751f66ac2930ce115a9419321a2b2bed220b61af2e1671f7ac6e6a2e33b3	CANDIDATE_P1MCPUFP__CPUFP500K_0185__00273_8x6b_s917_4bad50a0dc8c	0.0	Static structure diagnostics only; not experimental affinity, blocking, expression or purity.	29	22
332.942	P1MCPUFP__CPUFP500K_0185__00273	GSGFSDGPVS	7	IDYEGTV	4	AAGPLPGTKVPMTEEGYVY	0.45	9	1.0	AT	9e6y	198	1404	17	0.99716	560	4	NOT_RUN_CROSS_CANDIDATE_RANK_REJECTED	0	/data/qlyu/projects/pvrig_top7500_dualpanel_screen_v1_20260724/run/static_review/inputs/pdb/CANDIDATE_P1MCPUFP__CPUFP500K_0185__00273_9e6y_s917_30aaf442cfc4.pdb	3303c50d047654d88e448aa09ab8647faf7524e00c56f731af2104f98bef7ee4	-57.86099999999999	11	4	176	0.41839101	49	0.7	195	1374	17	0.621118	548	positive_pose_source_case02_pos_10_151H7	0	WEAK_PRIOR_ONLY	-9.607	5	cluster_1_model_1.pdb.gz	STRICT_A	DESCRIPTIVE_ONLY	1.261	-11.543	-0.8	-6.944	-0.481	881.025	1443.69	562.665	5.0	0.207	2.0	235.0	57.0	0.0	1.236	0.591	2.117	52.918	0.549	17.553	0.0	c2_four_seed	8	917	CORE_EXPLOITATION	/data1/qlyu/projects/pvrig_c2_new6220_dualreceptor_2seed_docking_results_v1_20260723/c2_new4220/compressed_queue/CANDIDATE_P1MCPUFP__CPUFP500K_0185__00273_9e6y_s917_30aaf442cfc4.tar.gz	runs/CANDIDATE_P1MCPUFP__CPUFP500K_0185__00273_9e6y_s917_30aaf442cfc4/haddock_run/6_seletopclusts/cluster_1_model_1.pdb.gz	30aaf442cfc4bbfaae8340be438b7774e03bc5a26a91c4d4661e737941dd513a	8c55751f66ac2930ce115a9419321a2b2bed220b61af2e1671f7ac6e6a2e33b3	CANDIDATE_P1MCPUFP__CPUFP500K_0185__00273_9e6y_s917_30aaf442cfc4	0.0	Static structure diagnostics only; not experimental affinity, blocking, expression or purity.	29	20
247.265	P1MCPUFP__CPUFP500K_0185__00654	GPGFRDGPVQ	7	IDYEGTV	1	AAGPLPGTSVPMSESGYTY	0.375	6	0.875	AT	8x6b	178	1635	15	1.038076	680	5	NOT_RUN_CROSS_CANDIDATE_RANK_REJECTED	2	/data/qlyu/projects/pvrig_top7500_dualpanel_screen_v1_20260724/run/static_review/inputs/pdb/CANDIDATE_P1MCPUFP__CPUFP500K_0185__00654_8x6b_s917_7f8075db6eb4.pdb	671065a295c5ce0b76651c3749fde1d421d897e2789e3c2a198727540a8b0408	-62.89774000000001	7	4	262	0.47214271	54	0.888889	184	1564	15	0.463063	700	positive_pose_source_case02_pos_10_151H7	0	WEAK_PRIOR_ONLY	-9.963	5	cluster_1_model_1.pdb.gz	STRICT_A	DESCRIPTIVE_ONLY	0.978	-14.791	-0.987	21.008	1.402	1036.559	1498.407	461.849	12.0	-0.306	7.0	230.0	61.0	0.0	0.844	0.666	1.507	42.199	0.282	9.304	0.0	old_top7500	0	917	STRUCTURAL_RESERVE	/data1/qlyu/projects/pvrig_priority_top7500_dualreceptor_multiseed_docking_results_v1_20260722/top7500_25k/compressed_queue/CANDIDATE_P1MCPUFP__CPUFP500K_0185__00654_8x6b_s917_7f8075db6eb4.tar.gz	runs/CANDIDATE_P1MCPUFP__CPUFP500K_0185__00654_8x6b_s917_7f8075db6eb4/haddock_run/6_seletopclusts/cluster_1_model_1.pdb.gz	7f8075db6eb44c61fb5344345f64a13026b4e1e2f7508560a8aeb5cc06ecb387	8c55751f66ac2930ce115a9419321a2b2bed220b61af2e1671f7ac6e6a2e33b3	CANDIDATE_P1MCPUFP__CPUFP500K_0185__00654_8x6b_s917_7f8075db6eb4	0.0	Static structure diagnostics only; not experimental affinity, blocking, expression or purity.	164	16
228.708	P1MCPUFP__CPUFP500K_0185__00654	GPGFRDGPVQ	7	IDYEGTV	0	AAGPLPGTSVPMSESGYTY	0.41176471	7	0.82352941	AT	9e6y	80	1062	18	0.984755	453	5	NOT_RUN_CROSS_CANDIDATE_RANK_REJECTED	3	/data/qlyu/projects/pvrig_top7500_dualpanel_screen_v1_20260724/run/static_review/inputs/pdb/CANDIDATE_P1MCPUFP__CPUFP500K_0185__00654_9e6y_s917_76c82dd89a1d.pdb	2abf469682a990e3d7b2104e19d89d3fdbfbf06a324fd03c6148c88013fcb976	-80.0397	7	5	219	0.46108397	54	0.7	77	1113	18	0.571884	454	positive_pose_source_case02_pos_10_151H7	0	WEAK_PRIOR_ONLY	-11.555	5	cluster_1_model_1.pdb.gz	SUPPORTED_AB	DESCRIPTIVE_ONLY	1.12	0.774	0.047	15.475	0.94	1009.448	1645.807	636.359	14.0	-0.066	2.0	235.0	64.0	0.0	1.202	0.574	1.543	40.12	0.969	36.831	0.0	old_top7500	3	917	STRUCTURAL_RESERVE	/data1/qlyu/projects/pvrig_priority_top7500_dualreceptor_multiseed_docking_results_v1_20260722/top7500_25k/compressed_queue/CANDIDATE_P1MCPUFP__CPUFP500K_0185__00654_9e6y_s917_76c82dd89a1d.tar.gz	runs/CANDIDATE_P1MCPUFP__CPUFP500K_0185__00654_9e6y_s917_76c82dd89a1d/haddock_run/6_seletopclusts/cluster_1_model_1.pdb.gz	76c82dd89a1d523aebbe43eea93a681f42178bf05820b3641ed0a4d73a6e4e37	8c55751f66ac2930ce115a9419321a2b2bed220b61af2e1671f7ac6e6a2e33b3	CANDIDATE_P1MCPUFP__CPUFP500K_0185__00654_9e6y_s917_76c82dd89a1d	0.0	Static structure diagnostics only; not experimental affinity, blocking, expression or purity.	164	17
125.464	P1MCPUFP__CPUFP500K_0188__00001	GPGFTIPPVH	5	IDREGRV	0	AAGYQISPTISMRPDGYSH	0.58823529	10	0.88235294	AT	8x6b	174	1736	14	1.109781	704	6	NOT_RUN_CROSS_CANDIDATE_RANK_REJECTED	2	/data/qlyu/projects/pvrig_top7500_dualpanel_screen_v1_20260724/run/static_review/inputs/pdb/CANDIDATE_P1MCPUFP__CPUFP500K_0188__00001_8x6b_s42_dd977489c2dc.pdb	4b5f90a832d763345914393ad7d32709ea21b010c6cf2c3e1facc23c78dafa1b	-76.35852	2	5	217	0.37596549	43	0.9	168	1626	14	0.480613	681	positive_pose_source_case02_pos_10_151H7	0	WEAK_PRIOR_ONLY	-9.476	4	cluster_1_model_1.pdb.gz	STRICT_A	DESCRIPTIVE_ONLY	1.415	-2.594	-0.218	27.959	2.354	807.646	1187.951	380.305	9.0	-0.181	4.0	230.0	52.0	0.0	1.466	0.71	2.223	55.568	0.765	20.667	0.0	c2_four_seed	0	42	CORE_EXPLOITATION	/data1/qlyu/projects/pvrig_c2_new4220_seed42_3047_docking_results_v1_20260723/c2_new4220_seed42_3047/compressed_queue/CANDIDATE_P1MCPUFP__CPUFP500K_0188__00001_8x6b_s42_dd977489c2dc.tar.gz	runs/CANDIDATE_P1MCPUFP__CPUFP500K_0188__00001_8x6b_s42_dd977489c2dc/haddock_run/6_seletopclusts/cluster_1_model_1.pdb.gz	dd977489c2dcf69168c2cfc654b8c91108f237cdb0460ecb573fca12a3876f0a	8c55751f66ac2930ce115a9419321a2b2bed220b61af2e1671f7ac6e6a2e33b3	CANDIDATE_P1MCPUFP__CPUFP500K_0188__00001_8x6b_s42_dd977489c2dc	0.0	Static structure diagnostics only; not experimental affinity, blocking, expression or purity.	97	17
402.527	P1MCPUFP__CPUFP500K_0188__00001	GPGFTIPPVH	4	IDREGRV	0	AAGYQISPTISMRPDGYSH	0.64705882	11	0.88235294	AT	9e6y	193	1585	18	0.964865	670	6	NOT_RUN_CROSS_CANDIDATE_RANK_REJECTED	2	/data/qlyu/projects/pvrig_top7500_dualpanel_screen_v1_20260724/run/static_review/inputs/pdb/CANDIDATE_P1MCPUFP__CPUFP500K_0188__00001_9e6y_s917_71109c8fd49d.pdb	1e0e075ce8d09b7bded0b0dd36d2a2369c956743a983723722ae485ba51d03a4	-63.484359999999995	8	6	235	0.46108397	54	0.9	177	1548	18	0.556459	642	positive_pose_source_case02_pos_10_151H7	0	WEAK_PRIOR_ONLY	-9.231	4	cluster_1_model_1.pdb.gz	STRICT_A	DESCRIPTIVE_ONLY	1.565	3.22	0.207	34.788	2.241	961.177	1552.617	591.439	17.0	-0.032	2.0	235.0	61.0	0.0	1.735	0.545	1.909	51.549	1.597	54.298	0.0	c2_four_seed	0	917	CORE_EXPLOITATION	/data1/qlyu/projects/pvrig_c2_new6220_dualreceptor_2seed_docking_results_v1_20260723/c2_new4220/compressed_queue/CANDIDATE_P1MCPUFP__CPUFP500K_0188__00001_9e6y_s917_71109c8fd49d.tar.gz	runs/CANDIDATE_P1MCPUFP__CPUFP500K_0188__00001_9e6y_s917_71109c8fd49d/haddock_run/6_seletopclusts/cluster_1_model_1.pdb.gz	71109c8fd49d60345f8ce128e7a6027984436465409a87fed473fd04a5450e67	8c55751f66ac2930ce115a9419321a2b2bed220b61af2e1671f7ac6e6a2e33b3	CANDIDATE_P1MCPUFP__CPUFP500K_0188__00001_9e6y_s917_71109c8fd49d	0.0	Static structure diagnostics only; not experimental affinity, blocking, expression or purity.	97	17
199.876	P1MCPUFP__CPUFP500K_0188__00094	GPGFTEPTVD	2	IDREGKV	1	AAGYQVSPEISMYRDGYQY	0.78947368	15	0.94736842	AT	8x6b	178	1785	19	1.079747	651	5	NOT_RUN_CROSS_CANDIDATE_RANK_REJECTED	1	/data/qlyu/projects/pvrig_top7500_dualpanel_screen_v1_20260724/run/static_review/inputs/pdb/CANDIDATE_P1MCPUFP__CPUFP500K_0188__00094_8x6b_s3047_b2396d2e729c.pdb	552cecbceb12bf434e6364a7c5f4be35a2ea67e4339425318863d6cc3519f769	-78.1027	11	7	264	0.42842579	49	0.9	179	1781	19	0.501941	663	positive_pose_source_case02_pos_10_151H7	0	WEAK_PRIOR_ONLY	-9.888	5	cluster_1_model_1.pdb.gz	STRICT_A	DESCRIPTIVE_ONLY	1.235	-0.863	-0.056	42.73	2.786	738.662	1533.772	795.11	23.0	0.0	0.0	230.0	64.0	0.0	1.404	0.66	2.507	67.679	0.6	22.192	0.0	c2_four_seed	5	3047	CORE_EXPLOITATION	/data1/qlyu/projects/pvrig_c2_new4220_seed42_3047_docking_results_v1_20260723/c2_new4220_seed42_3047/compressed_queue/CANDIDATE_P1MCPUFP__CPUFP500K_0188__00094_8x6b_s3047_b2396d2e729c.tar.gz	runs/CANDIDATE_P1MCPUFP__CPUFP500K_0188__00094_8x6b_s3047_b2396d2e729c/haddock_run/6_seletopclusts/cluster_1_model_1.pdb.gz	b2396d2e729c3e82f707f74ec84ecf0f6b2a838089faf58f1c3effae9c300060	8c55751f66ac2930ce115a9419321a2b2bed220b61af2e1671f7ac6e6a2e33b3	CANDIDATE_P1MCPUFP__CPUFP500K_0188__00094_8x6b_s3047_b2396d2e729c	0.0	Static structure diagnostics only; not experimental affinity, blocking, expression or purity.	31	19
204.75	P1MCPUFP__CPUFP500K_0188__00094	GPGFTEPTVD	7	IDREGKV	1	AAGYQVSPEISMYRDGYQY	0.47368421	9	0.89473684	AT	9e6y	199	1616	20	0.95124	698	5	NOT_RUN_CROSS_CANDIDATE_RANK_REJECTED	2	/data/qlyu/projects/pvrig_top7500_dualpanel_screen_v1_20260724/run/static_review/inputs/pdb/CANDIDATE_P1MCPUFP__CPUFP500K_0188__00094_9e6y_s1931_46e4e881a1f7.pdb	5c4d4f0631a9ca9c23fcef76e4e0afe7f042693fa00434cbe1175b35317f798d	-73.65589	12	6	240	0.51231552	60	0.9	195	1630	20	0.460109	683	positive_pose_source_case02_pos_10_151H7	0	WEAK_PRIOR_ONLY	-9.241	5	cluster_1_model_1.pdb.gz	STRICT_A	DESCRIPTIVE_ONLY	1.543	-9.831	-0.694	18.585	1.313	768.191	1415.869	647.678	19.0	-0.052	2.0	235.0	63.0	0.0	1.631	0.551	2.558	76.754	0.787	25.984	0.0	c2_four_seed	3	1931	CORE_EXPLOITATION	/data1/qlyu/projects/pvrig_c2_new6220_dualreceptor_2seed_docking_results_v1_20260723/c2_new4220/compressed_queue/CANDIDATE_P1MCPUFP__CPUFP500K_0188__00094_9e6y_s1931_46e4e881a1f7.tar.gz	runs/CANDIDATE_P1MCPUFP__CPUFP500K_0188__00094_9e6y_s1931_46e4e881a1f7/haddock_run/6_seletopclusts/cluster_1_model_1.pdb.gz	46e4e881a1f7f2ecb2c620b76f6ae017c39358e3b9a32d636d3cbf6c0d2aac66	8c55751f66ac2930ce115a9419321a2b2bed220b61af2e1671f7ac6e6a2e33b3	CANDIDATE_P1MCPUFP__CPUFP500K_0188__00094_9e6y_s1931_46e4e881a1f7	0.0	Static structure diagnostics only; not experimental affinity, blocking, expression or purity.	31	19
340.874	P1MCPUFP__CPUFP500K_0188__00096	GPGFSTPSWH	6	IDYEGKV	0	AGSYQVSPTISMLPDLWEV	0.54545455	12	0.81818182	AT	8x6b	229	1657	16	1.101978	652	6	NOT_RUN_CROSS_CANDIDATE_RANK_REJECTED	4	/data/qlyu/projects/pvrig_top7500_dualpanel_screen_v1_20260724/run/static_review/inputs/pdb/CANDIDATE_P1MCPUFP__CPUFP500K_0188__00096_8x6b_s1931_4a183bcd92dd.pdb	77330612af1a5d4d9e3a1236b90f097305308e2cd12ed21b2e335314f4dd9b82	-71.18006	11	6	243	0.46339932	53	0.7	233	1713	16	0.538672	667	positive_pose_source_case02_pos_10_151H7	0	WEAK_PRIOR_ONLY	-10.888	3	cluster_1_model_1.pdb.gz	STRICT_A	DESCRIPTIVE_ONLY	1.367	-3.474	-0.216	36.541	2.274	1057.039	1607.043	550.004	28.0	-0.143	4.0	230.0	70.0	0.0	1.449	0.5	2.894	83.921	0.426	17.486	0.0	c2_four_seed	0	1931	CORE_EXPLOITATION	/data1/qlyu/projects/pvrig_c2_new6220_dualreceptor_2seed_docking_results_v1_20260723/c2_new4220/compressed_queue/CANDIDATE_P1MCPUFP__CPUFP500K_0188__00096_8x6b_s1931_4a183bcd92dd.tar.gz	runs/CANDIDATE_P1MCPUFP__CPUFP500K_0188__00096_8x6b_s1931_4a183bcd92dd/haddock_run/6_seletopclusts/cluster_1_model_1.pdb.gz	4a183bcd92ddbd9f91584c906b41672bb6a393805b733653ec52dcead405ccca	8c55751f66ac2930ce115a9419321a2b2bed220b61af2e1671f7ac6e6a2e33b3	CANDIDATE_P1MCPUFP__CPUFP500K_0188__00096_8x6b_s1931_4a183bcd92dd	0.0	Static structure diagnostics only; not experimental affinity, blocking, expression or purity.	80	22
331.012	P1MCPUFP__CPUFP500K_0188__00096	GPGFSTPSWH	5	IDYEGKV	0	AGSYQVSPTISMLPDLWEV	0.55555556	10	0.83333333	AT	9e6y	190	1556	18	0.943498	631	7	NOT_RUN_CROSS_CANDIDATE_RANK_REJECTED	3	/data/qlyu/projects/pvrig_top7500_dualpanel_screen_v1_20260724/run/static_review/inputs/pdb/CANDIDATE_P1MCPUFP__CPUFP500K_0188__00096_9e6y_s1931_1342fff5a2e5.pdb	ae5a46b8c9dd5ad20039a2a926c8c270db4231e9e3aceb11c0c73831eacb258c	-64.2029	4	6	212	0.44400678	52	1.0	174	1533	18	0.500843	610	positive_pose_source_case02_pos_10_151H7	0	WEAK_PRIOR_ONLY	-10.133	3	cluster_1_model_1.pdb.gz	STRICT_A	DESCRIPTIVE_ONLY	1.834	-4.576	-0.321	20.811	1.459	974.476	1426.768	452.292	15.0	-0.242	6.0	235.0	63.0	0.0	1.411	0.579	3.072	79.873	0.244	9.031	0.0	c2_four_seed	1	1931	CORE_EXPLOITATION	/data1/qlyu/projects/pvrig_c2_new6220_dualreceptor_2seed_docking_results_v1_20260723/c2_new4220/compressed_queue/CANDIDATE_P1MCPUFP__CPUFP500K_0188__00096_9e6y_s1931_1342fff5a2e5.tar.gz	runs/CANDIDATE_P1MCPUFP__CPUFP500K_0188__00096_9e6y_s1931_1342fff5a2e5/haddock_run/6_seletopclusts/cluster_1_model_1.pdb.gz	1342fff5a2e5132915dc0ac7039569bae3c4d9b5fb6d8c5eb530d2ff79ff3b2d	8c55751f66ac2930ce115a9419321a2b2bed220b61af2e1671f7ac6e6a2e33b3	CANDIDATE_P1MCPUFP__CPUFP500K_0188__00096_9e6y_s1931_1342fff5a2e5	0.0	Static structure diagnostics only; not experimental affinity, blocking, expression or purity.	80	18
269.017	P1MCPUFP__CPUFP500K_0188__00189	GPGFSSPPFD	5	IDREGRV	0	AAGTQPSSEISMLPDGYEY	0.6	12	0.85	AT	8x6b	130	1502	16	1.083782	586	3	NOT_RUN_CROSS_CANDIDATE_RANK_REJECTED	3	/data/qlyu/projects/pvrig_top7500_dualpanel_screen_v1_20260724/run/static_review/inputs/pdb/CANDIDATE_P1MCPUFP__CPUFP500K_0188__00189_8x6b_s42_3aaedb8a5257.pdb	d0517b95149df18d77aeecc094eac24a77aae8d6032c600de7ab6b13b089d6cb	-64.44887	7	1	219	0.44591256	51	0.8	130	1439	16	0.533195	592	positive_pose_source_case02_pos_10_151H7	0	WEAK_PRIOR_ONLY	-8.728	5	cluster_1_model_1.pdb.gz	STRICT_A	DESCRIPTIVE_ONLY	1.372	11.77	0.743	46.337	2.924	920.671	1584.674	664.003	17.0	-0.096	6.0	230.0	65.0	0.0	2.419	0.492	4.791	138.935	0.509	18.324	0.0	c2_four_seed	5	42	CORE_EXPLOITATION	/data1/qlyu/projects/pvrig_c2_new4220_seed42_3047_docking_results_v1_20260723/c2_new4220_seed42_3047/compressed_queue/CANDIDATE_P1MCPUFP__CPUFP500K_0188__00189_8x6b_s42_3aaedb8a5257.tar.gz	runs/CANDIDATE_P1MCPUFP__CPUFP500K_0188__00189_8x6b_s42_3aaedb8a5257/haddock_run/6_seletopclusts/cluster_1_model_1.pdb.gz	3aaedb8a5257ebe5c9278805cdf03ddf92ede39e6c3bea71643abf726af5136c	8c55751f66ac2930ce115a9419321a2b2bed220b61af2e1671f7ac6e6a2e33b3	CANDIDATE_P1MCPUFP__CPUFP500K_0188__00189_8x6b_s42_3aaedb8a5257	0.0	Static structure diagnostics only; not experimental affinity, blocking, expression or purity.	21	20
128.009	P1MCPUFP__CPUFP500K_0188__00189	GPGFSSPPFD	7	IDREGRV	2	AAGTQPSSEISMLPDGYEY	0.5	10	0.95	AT	9e6y	115	1266	17	0.962706	532	2	NOT_RUN_CROSS_CANDIDATE_RANK_REJECTED	1	/data/qlyu/projects/pvrig_top7500_dualpanel_screen_v1_20260724/run/static_review/inputs/pdb/CANDIDATE_P1MCPUFP__CPUFP500K_0188__00189_9e6y_s3047_54d351d250ed.pdb	8d7e33d6dfcf606d482a56b0a0df400f2c70f17b5e3f3777691a4e5123421634	-73.15833	10	0	203	0.43546819	51	0.9	105	1271	17	0.534442	513	positive_pose_source_case02_pos_10_151H7	0	WEAK_PRIOR_ONLY	-10.397	3	cluster_1_model_1.pdb.gz	STRICT_A	DESCRIPTIVE_ONLY	1.527	25.497	1.781	55.673	3.889	790.753	1431.599	640.847	8.0	-0.083	4.0	235.0	56.0	0.0	2.168	0.593	5.055	116.265	0.155	5.117	0.0	c2_four_seed	4	3047	CORE_EXPLOITATION	/data1/qlyu/projects/pvrig_c2_new4220_seed42_3047_docking_results_v1_20260723/c2_new4220_seed42_3047/compressed_queue/CANDIDATE_P1MCPUFP__CPUFP500K_0188__00189_9e6y_s3047_54d351d250ed.tar.gz	runs/CANDIDATE_P1MCPUFP__CPUFP500K_0188__00189_9e6y_s3047_54d351d250ed/haddock_run/6_seletopclusts/cluster_1_model_1.pdb.gz	54d351d250ed47c58ddd2cf9f8a2576d71695dcee990be82ca082b1f4faafe08	8c55751f66ac2930ce115a9419321a2b2bed220b61af2e1671f7ac6e6a2e33b3	CANDIDATE_P1MCPUFP__CPUFP500K_0188__00189_9e6y_s3047_54d351d250ed	0.0	Static structure diagnostics only; not experimental affinity, blocking, expression or purity.	21	20
194.202	P1MCPUFP__CPUFP500K_0188__00199	GPGFGFDPFD	10	IDREGRV	4	AGGYQPSSAIGMLPDLWEH	0.28	7	0.84	AT	8x6b	203	1742	18	1.085401	687	6	NOT_RUN_CROSS_CANDIDATE_RANK_REJECTED	4	/data/qlyu/projects/pvrig_top7500_dualpanel_screen_v1_20260724/run/static_review/inputs/pdb/CANDIDATE_P1MCPUFP__CPUFP500K_0188__00199_8x6b_s917_aec15ab36d53.pdb	d9be94522cb2e7784a2a4aa3a067bbbd4e9bb913787c369584f16b1c5f444a7a	-79.0695	7	3	293	0.50711624	58	1.0	193	1695	18	0.520454	678	positive_pose_source_case02_pos_10_151H7	0	WEAK_PRIOR_ONLY	-10.389	2	cluster_1_model_1.pdb.gz	STRICT_A	DESCRIPTIVE_ONLY	1.448	10.188	0.622	34.476	2.105	941.744	1638.12	696.377	20.0	-0.041	2.0	230.0	65.0	0.0	2.818	0.653	4.518	131.011	1.449	52.156	0.0	c2_four_seed	1	917	CORE_EXPLOITATION	/data1/qlyu/projects/pvrig_c2_new6220_dualreceptor_2seed_docking_results_v1_20260723/c2_new4220/compressed_queue/CANDIDATE_P1MCPUFP__CPUFP500K_0188__00199_8x6b_s917_aec15ab36d53.tar.gz	runs/CANDIDATE_P1MCPUFP__CPUFP500K_0188__00199_8x6b_s917_aec15ab36d53/haddock_run/6_seletopclusts/cluster_1_model_1.pdb.gz	aec15ab36d534d117df00c5d555a298f1b8d1c1c5be618d6360450a28124df81	8c55751f66ac2930ce115a9419321a2b2bed220b61af2e1671f7ac6e6a2e33b3	CANDIDATE_P1MCPUFP__CPUFP500K_0188__00199_8x6b_s917_aec15ab36d53	0.0	Static structure diagnostics only; not experimental affinity, blocking, expression or purity.	73	25
183.272	P1MCPUFP__CPUFP500K_0188__00199	GPGFGFDPFD	10	IDREGRV	4	AGGYQPSSAIGMLPDLWEH	0.28	7	0.84	AT	9e6y	202	1684	20	0.957239	671	6	NOT_RUN_CROSS_CANDIDATE_RANK_REJECTED	4	/data/qlyu/projects/pvrig_top7500_dualpanel_screen_v1_20260724/run/static_review/inputs/pdb/CANDIDATE_P1MCPUFP__CPUFP500K_0188__00199_9e6y_s917_7e7ce901ff2f.pdb	a22de9013ecdb469b6dca27bba01c4be28d5ac55b6b5e41513ff7831bcbf5154	-84.41549999999998	7	3	264	0.51231552	60	1.0	201	1694	20	0.595169	664	positive_pose_source_case02_pos_10_151H7	0	WEAK_PRIOR_ONLY	-9.253	2	cluster_1_model_1.pdb.gz	STRICT_A	DESCRIPTIVE_ONLY	1.839	-7.795	-0.464	-0.314	-0.019	1060.435	1681.654	621.219	17.0	3.732	1.0	235.0	64.0	0.0	2.025	0.584	4.243	110.327	0.507	19.267	0.0	c2_four_seed	1	917	CORE_EXPLOITATION	/data1/qlyu/projects/pvrig_c2_new6220_dualreceptor_2seed_docking_results_v1_20260723/c2_new4220/compressed_queue/CANDIDATE_P1MCPUFP__CPUFP500K_0188__00199_9e6y_s917_7e7ce901ff2f.tar.gz	runs/CANDIDATE_P1MCPUFP__CPUFP500K_0188__00199_9e6y_s917_7e7ce901ff2f/haddock_run/6_seletopclusts/cluster_1_model_1.pdb.gz	7e7ce901ff2feb2ba091740e7272e9d1c7b690a6d5ff9c334eab976ad24864c3	8c55751f66ac2930ce115a9419321a2b2bed220b61af2e1671f7ac6e6a2e33b3	CANDIDATE_P1MCPUFP__CPUFP500K_0188__00199_9e6y_s917_7e7ce901ff2f	0.0	Static structure diagnostics only; not experimental affinity, blocking, expression or purity.	73	25
195.443	P1MCPUFP__CPUFP500K_0188__00211	GPGFSGPPWH	5	IDSEGRV	4	AASYQPSPTISMDPSGWEV	0.4	6	1.0	AT	8x6b	111	1335	17	1.092446	542	4	NOT_RUN_CROSS_CANDIDATE_RANK_REJECTED	0	/data/qlyu/projects/pvrig_top7500_dualpanel_screen_v1_20260724/run/static_review/inputs/pdb/CANDIDATE_P1MCPUFP__CPUFP500K_0188__00211_8x6b_s3047_2721aee46833.pdb	3f108fc65bd7d9290be8b832f25360c2d5ddc26e163a544902ccd3b5c667696e	-57.39192	8	1	198	0.40219564	46	1.0	117	1364	17	0.52424	552	positive_pose_source_case02_pos_10_151H7	0	WEAK_PRIOR_ONLY	-9.684	3	cluster_1_model_1.pdb.gz	STRICT_A	DESCRIPTIVE_ONLY	1.58	10.051	0.828	37.856	3.118	700.622	1214.272	513.65	4.0	-0.072	4.0	230.0	56.0	0.0	2.887	0.618	5.566	111.322	1.399	50.352	0.0	c2_four_seed	4	3047	CORE_EXPLOITATION	/data1/qlyu/projects/pvrig_c2_new4220_seed42_3047_docking_results_v1_20260723/c2_new4220_seed42_3047/compressed_queue/CANDIDATE_P1MCPUFP__CPUFP500K_0188__00211_8x6b_s3047_2721aee46833.tar.gz	runs/CANDIDATE_P1MCPUFP__CPUFP500K_0188__00211_8x6b_s3047_2721aee46833/haddock_run/6_seletopclusts/cluster_1_model_1.pdb.gz	2721aee468330e7b24ea4435312cc9f94973cd00f9dfdeb4fecdc5475a8920b8	8c55751f66ac2930ce115a9419321a2b2bed220b61af2e1671f7ac6e6a2e33b3	CANDIDATE_P1MCPUFP__CPUFP500K_0188__00211_8x6b_s3047_2721aee46833	0.0	Static structure diagnostics only; not experimental affinity, blocking, expression or purity.	113	15
238.434	P1MCPUFP__CPUFP500K_0188__00211	GPGFSGPPWH	5	IDSEGRV	0	AASYQPSPTISMDPSGWEV	0.5625	9	0.875	AT	9e6y	179	1299	18	0.970928	555	3	NOT_RUN_CROSS_CANDIDATE_RANK_REJECTED	2	/data/qlyu/projects/pvrig_top7500_dualpanel_screen_v1_20260724/run/static_review/inputs/pdb/CANDIDATE_P1MCPUFP__CPUFP500K_0188__00211_9e6y_s917_f6947651a6e7.pdb	8da7e0e901a8cdfe4cafc694ecc1782f741f2583924b43411872f5270d3f4cc1	-83.99325999999999	6	5	243	0.40985242	48	0.9	168	1277	18	0.493023	520	positive_pose_source_case02_pos_10_151H7	0	WEAK_PRIOR_ONLY	-9.516	2	cluster_1_model_1.pdb.gz	STRICT_A	DESCRIPTIVE_ONLY	1.593	-11.116	-0.728	36.116	2.365	1001.139	1527.18	526.04	4.0	-0.065	3.0	235.0	62.0	0.0	1.872	0.695	4.685	117.137	-0.03	-1.093	0.0	c2_four_seed	0	917	CORE_EXPLOITATION	/data1/qlyu/projects/pvrig_c2_new6220_dualreceptor_2seed_docking_results_v1_20260723/c2_new4220/compressed_queue/CANDIDATE_P1MCPUFP__CPUFP500K_0188__00211_9e6y_s917_f6947651a6e7.tar.gz	runs/CANDIDATE_P1MCPUFP__CPUFP500K_0188__00211_9e6y_s917_f6947651a6e7/haddock_run/6_seletopclusts/cluster_1_model_1.pdb.gz	f6947651a6e7e9b61825523afc83ed11ba1efb1890125b5570b81170db83996f	8c55751f66ac2930ce115a9419321a2b2bed220b61af2e1671f7ac6e6a2e33b3	CANDIDATE_P1MCPUFP__CPUFP500K_0188__00211_9e6y_s917_f6947651a6e7	0.0	Static structure diagnostics only; not experimental affinity, blocking, expression or purity.	113	16
144.493	P1MCPUFP__CPUFP500K_0188__00262	GPGFGSDSYD	6	IDSEGKV	0	AAGYQPSPEISMLPSGWSH	0.45454545	10	0.72727273	AT	8x6b	190	1753	20	1.106121	658	4	NOT_RUN_CROSS_CANDIDATE_RANK_REJECTED	6	/data/qlyu/projects/pvrig_top7500_dualpanel_screen_v1_20260724/run/static_review/inputs/pdb/CANDIDATE_P1MCPUFP__CPUFP500K_0188__00262_8x6b_s42_46df88852692.pdb	0ada696cdcaed20c1da288b39438e3cca11c36eb0eabddfb161ccb999db4e961	-103.01419999999999	11	5	351	0.56831993	65	0.9	189	1748	20	0.533791	674	positive_pose_source_case02_pos_10_151H7	0	WEAK_PRIOR_ONLY	-12.137	3	cluster_1_model_1.pdb.gz	STRICT_A	DESCRIPTIVE_ONLY	1.319	17.111	1.037	40.978	2.484	1103.678	1649.564	545.886	20.0	-0.094	3.0	230.0	73.0	0.0	1.558	0.695	1.985	71.456	1.143	42.288	0.0	c2_four_seed	0	42	CORE_EXPLOITATION	/data1/qlyu/projects/pvrig_c2_new4220_seed42_3047_docking_results_v1_20260723/c2_new4220_seed42_3047/compressed_queue/CANDIDATE_P1MCPUFP__CPUFP500K_0188__00262_8x6b_s42_46df88852692.tar.gz	runs/CANDIDATE_P1MCPUFP__CPUFP500K_0188__00262_8x6b_s42_46df88852692/haddock_run/6_seletopclusts/cluster_1_model_1.pdb.gz	46df8885269235e9b3e90326baa18f407577151ad759befa08c5e465bcc4dec8	8c55751f66ac2930ce115a9419321a2b2bed220b61af2e1671f7ac6e6a2e33b3	CANDIDATE_P1MCPUFP__CPUFP500K_0188__00262_8x6b_s42_46df88852692	0.0	Static structure diagnostics only; not experimental affinity, blocking, expression or purity.	106	22
336.392	P1MCPUFP__CPUFP500K_0188__00262	GPGFGSDSYD	7	IDSEGKV	0	AAGYQPSPEISMLPSGWSH	0.58333333	14	0.875	AT	9e6y	163	1767	20	0.906182	678	3	NOT_RUN_CROSS_CANDIDATE_RANK_REJECTED	3	/data/qlyu/projects/pvrig_top7500_dualpanel_screen_v1_20260724/run/static_review/inputs/pdb/CANDIDATE_P1MCPUFP__CPUFP500K_0188__00262_9e6y_s917_b12aa7e590d9.pdb	4f2b0152c280acf52e02b12ab15d8fc8f8c517b478631811005e4f49570f6ff8	-83.16770000000001	11	4	272	0.50377693	59	0.5	155	1692	20	0.517276	662	positive_pose_source_case02_pos_10_151H7	0	WEAK_PRIOR_ONLY	-10.214	3	cluster_1_model_1.pdb.gz	STRICT_A	DESCRIPTIVE_ONLY	1.024	-9.634	-0.581	-4.865	-0.293	892.777	1658.629	765.853	17.0	0.617	4.0	235.0	66.0	0.0	1.086	0.595	2.053	63.653	0.23	8.04	0.0	c2_four_seed	4	917	CORE_EXPLOITATION	/data1/qlyu/projects/pvrig_c2_new6220_dualreceptor_2seed_docking_results_v1_20260723/c2_new4220/compressed_queue/CANDIDATE_P1MCPUFP__CPUFP500K_0188__00262_9e6y_s917_b12aa7e590d9.tar.gz	runs/CANDIDATE_P1MCPUFP__CPUFP500K_0188__00262_9e6y_s917_b12aa7e590d9/haddock_run/6_seletopclusts/cluster_1_model_1.pdb.gz	b12aa7e590d9be17669ed2bd6f48ed441d8d43e947e14924f2af8ccc87b45ec8	8c55751f66ac2930ce115a9419321a2b2bed220b61af2e1671f7ac6e6a2e33b3	CANDIDATE_P1MCPUFP__CPUFP500K_0188__00262_9e6y_s917_b12aa7e590d9	0.0	Static structure diagnostics only; not experimental affinity, blocking, expression or purity.	106	24
212.806	P1MCPUFP__CPUFP500K_0188__00282	GPGFSHPSFD	8	IDREGKV	1	AAGYQPSPTLSMREDGYTV	0.44444444	8	0.94444444	AT	8x6b	206	1613	20	1.098858	612	2	NOT_RUN_CROSS_CANDIDATE_RANK_REJECTED	1	/data/qlyu/projects/pvrig_top7500_dualpanel_screen_v1_20260724/run/static_review/inputs/pdb/CANDIDATE_P1MCPUFP__CPUFP500K_0188__00282_8x6b_s917_0ae50f6e74b7.pdb	1602e3de8347dbd0b1e04c2558bb4d39cec9d9b6511db11a59e409cb5f018056	-96.7813	15	4	323	0.49837286	57	1.0	210	1631	20	0.512589	629	positive_pose_source_case02_pos_10_151H7	0	WEAK_PRIOR_ONLY	-10.609	3	cluster_1_model_1.pdb.gz	STRICT_A	DESCRIPTIVE_ONLY	1.845	63.803	3.636	93.537	5.331	934.622	1754.711	820.088	14.0	-0.022	3.0	230.0	69.0	0.0	3.368	0.686	5.665	169.944	1.602	62.478	0.0	c2_four_seed	3	917	CORE_EXPLOITATION	/data1/qlyu/projects/pvrig_c2_new6220_dualreceptor_2seed_docking_results_v1_20260723/c2_new4220/compressed_queue/CANDIDATE_P1MCPUFP__CPUFP500K_0188__00282_8x6b_s917_0ae50f6e74b7.tar.gz	runs/CANDIDATE_P1MCPUFP__CPUFP500K_0188__00282_8x6b_s917_0ae50f6e74b7/haddock_run/6_seletopclusts/cluster_1_model_1.pdb.gz	0ae50f6e74b7f596d7bc8eef56234f96f972eb17c8265d66418e9a18356334e5	8c55751f66ac2930ce115a9419321a2b2bed220b61af2e1671f7ac6e6a2e33b3	CANDIDATE_P1MCPUFP__CPUFP500K_0188__00282_8x6b_s917_0ae50f6e74b7	0.0	Static structure diagnostics only; not experimental affinity, blocking, expression or purity.	28	18
240.482	P1MCPUFP__CPUFP500K_0188__00282	GPGFSHPSFD	9	IDREGKV	1	AAGYQPSPTLSMREDGYTV	0.40909091	9	0.86363636	AT	9e6y	203	1738	21	0.955502	653	2	NOT_RUN_CROSS_CANDIDATE_RANK_REJECTED	3	/data/qlyu/projects/pvrig_top7500_dualpanel_screen_v1_20260724/run/static_review/inputs/pdb/CANDIDATE_P1MCPUFP__CPUFP500K_0188__00282_9e6y_s917_b0decbd03586.pdb	38886d3e8801a023ee1c5458f6930fbf9600eb0bf89ded7cd87b7eeb804967d6	-96.3777	13	4	342	0.51231552	60	1.0	199	1668	21	0.541815	647	positive_pose_source_case02_pos_10_151H7	0	WEAK_PRIOR_ONLY	-10.858	3	cluster_1_model_1.pdb.gz	STRICT_A	DESCRIPTIVE_ONLY	1.887	33.539	1.883	81.258	4.562	1060.464	1781.215	720.751	19.0	-0.019	2.0	235.0	71.0	0.0	3.217	0.692	4.738	146.863	2.038	81.527	0.0	c2_four_seed	0	917	CORE_EXPLOITATION	/data1/qlyu/projects/pvrig_c2_new6220_dualreceptor_2seed_docking_results_v1_20260723/c2_new4220/compressed_queue/CANDIDATE_P1MCPUFP__CPUFP500K_0188__00282_9e6y_s917_b0decbd03586.tar.gz	runs/CANDIDATE_P1MCPUFP__CPUFP500K_0188__00282_9e6y_s917_b0decbd03586/haddock_run/6_seletopclusts/cluster_1_model_1.pdb.gz	b0decbd035865881fb8ca6e52dd2c922753c7732622fa56ccdfd6a40fe5681c9	8c55751f66ac2930ce115a9419321a2b2bed220b61af2e1671f7ac6e6a2e33b3	CANDIDATE_P1MCPUFP__CPUFP500K_0188__00282_9e6y_s917_b0decbd03586	0.0	Static structure diagnostics only; not experimental affinity, blocking, expression or purity.	28	22
201.938	P1MCPUFP__CPUFP500K_0188__00364	GPGFTFPPFH	4	IDYEGRV	0	AASYQVSSEISMSADGYQY	0.47826087	11	0.65217391	AT	8x6b	171	1737	18	1.072918	693	5	NOT_RUN_CROSS_CANDIDATE_RANK_REJECTED	8	/data/qlyu/projects/pvrig_top7500_dualpanel_screen_v1_20260724/run/static_review/inputs/pdb/CANDIDATE_P1MCPUFP__CPUFP500K_0188__00364_8x6b_s917_0d8660ecb7a7.pdb	cfd742d48abbff055a547278e15e25f94939b04c4fffa0adbe0e70e33e74c491	-80.33890000000001	11	6	217	0.50711624	58	0.9	169	1723	18	0.5072	685	positive_pose_source_case02_pos_10_151H7	0	WEAK_PRIOR_ONLY	-10.729	4	cluster_1_model_1.pdb.gz	STRICT_A	DESCRIPTIVE_ONLY	1.896	-5.428	-0.338	12.022	0.749	697.692	1605.586	907.894	9.0	-0.163	4.0	230.0	63.0	0.0	0.967	0.513	1.72	55.045	0.189	5.864	0.0	c2_four_seed	5	917	CORE_EXPLOITATION	/data1/qlyu/projects/pvrig_c2_new6220_dualreceptor_2seed_docking_results_v1_20260723/c2_new4220/compressed_queue/CANDIDATE_P1MCPUFP__CPUFP500K_0188__00364_8x6b_s917_0d8660ecb7a7.tar.gz	runs/CANDIDATE_P1MCPUFP__CPUFP500K_0188__00364_8x6b_s917_0d8660ecb7a7/haddock_run/6_seletopclusts/cluster_1_model_1.pdb.gz	0d8660ecb7a7c26fab12f3a08c4d856c8db16acd6ba7921cfeac4bdff9b4d0e7	8c55751f66ac2930ce115a9419321a2b2bed220b61af2e1671f7ac6e6a2e33b3	CANDIDATE_P1MCPUFP__CPUFP500K_0188__00364_8x6b_s917_0d8660ecb7a7	0.0	Static structure diagnostics only; not experimental affinity, blocking, expression or purity.	82	23
187.305	P1MCPUFP__CPUFP500K_0188__00364	GPGFTFPPFH	4	IDYEGRV	0	AASYQVSSEISMSADGYQY	0.57142857	12	0.76190476	AT	9e6y	183	1734	16	0.979947	693	6	NOT_RUN_CROSS_CANDIDATE_RANK_REJECTED	5	/data/qlyu/projects/pvrig_top7500_dualpanel_screen_v1_20260724/run/static_review/inputs/pdb/CANDIDATE_P1MCPUFP__CPUFP500K_0188__00364_9e6y_s917_da5c0d11fb3d.pdb	31e48427a70bbe3ba61a8710a2b755c67ca5f1fdd9c34e62f401c384ab9bf9aa	-78.99279999999999	9	5	229	0.41839101	49	0.8	189	1783	16	0.582945	704	positive_pose_source_case02_pos_10_151H7	0	WEAK_PRIOR_ONLY	-10.703	4	cluster_1_model_1.pdb.gz	STRICT_A	DESCRIPTIVE_ONLY	1.529	-0.95	-0.061	26.41	1.709	850.315	1545.266	694.951	19.0	-0.075	3.0	235.0	66.0	0.0	1.192	0.531	1.84	60.709	0.544	17.968	0.0	c2_four_seed	4	917	CORE_EXPLOITATION	/data1/qlyu/projects/pvrig_c2_new6220_dualreceptor_2seed_docking_results_v1_20260723/c2_new4220/compressed_queue/CANDIDATE_P1MCPUFP__CPUFP500K_0188__00364_9e6y_s917_da5c0d11fb3d.tar.gz	runs/CANDIDATE_P1MCPUFP__CPUFP500K_0188__00364_9e6y_s917_da5c0d11fb3d/haddock_run/6_seletopclusts/cluster_1_model_1.pdb.gz	da5c0d11fb3dbda3257aab92aab097f55997a4ab6d030f0a43bddc96a4f9172e	8c55751f66ac2930ce115a9419321a2b2bed220b61af2e1671f7ac6e6a2e33b3	CANDIDATE_P1MCPUFP__CPUFP500K_0188__00364_9e6y_s917_da5c0d11fb3d	0.0	Static structure diagnostics only; not experimental affinity, blocking, expression or purity.	82	21
268.228	P1MCPUFP__CPUFP500K_0188__00481	GPGFTIPPVH	5	IDQEGKV	1	AAGYQISSTISMRRDGYEV	0.57894737	11	0.89473684	AT	8x6b	177	1489	22	1.059218	597	3	NOT_RUN_CROSS_CANDIDATE_RANK_REJECTED	2	/data/qlyu/projects/pvrig_top7500_dualpanel_screen_v1_20260724/run/static_review/inputs/pdb/CANDIDATE_P1MCPUFP__CPUFP500K_0188__00481_8x6b_s42_07fe10b18309.pdb	450612f9671a76b1fa263106485b1b1e86e71c355dcfad56de323baebcbbdaac	-75.51844	4	7	243	0.55083316	63	0.9	187	1557	22	0.502338	617	positive_pose_source_case02_pos_10_151H7	0	WEAK_PRIOR_ONLY	-10.359	3	cluster_1_model_1.pdb.gz	STRICT_A	DESCRIPTIVE_ONLY	1.155	21.772	1.245	69.267	3.96	1194.704	1749.005	554.301	16.0	-0.048	4.0	230.0	71.0	0.0	2.181	0.541	3.9	120.913	0.849	33.951	0.0	c2_four_seed	0	42	CORE_EXPLOITATION	/data1/qlyu/projects/pvrig_c2_new4220_seed42_3047_docking_results_v1_20260723/c2_new4220_seed42_3047/compressed_queue/CANDIDATE_P1MCPUFP__CPUFP500K_0188__00481_8x6b_s42_07fe10b18309.tar.gz	runs/CANDIDATE_P1MCPUFP__CPUFP500K_0188__00481_8x6b_s42_07fe10b18309/haddock_run/6_seletopclusts/cluster_1_model_1.pdb.gz	07fe10b1830932d01f8ca502f8db3a4dfeff92b8164c67f6d7ff3483ae82af54	8c55751f66ac2930ce115a9419321a2b2bed220b61af2e1671f7ac6e6a2e33b3	CANDIDATE_P1MCPUFP__CPUFP500K_0188__00481_8x6b_s42_07fe10b18309	0.0	Static structure diagnostics only; not experimental affinity, blocking, expression or purity.	33	19
258.619	P1MCPUFP__CPUFP500K_0188__00481	GPGFTIPPVH	4	IDQEGKV	0	AAGYQISSTISMRRDGYEV	0.64705882	11	0.88235294	AT	9e6y	192	1609	20	0.96405	661	3	NOT_RUN_CROSS_CANDIDATE_RANK_REJECTED	2	/data/qlyu/projects/pvrig_top7500_dualpanel_screen_v1_20260724/run/static_review/inputs/pdb/CANDIDATE_P1MCPUFP__CPUFP500K_0188__00481_9e6y_s3047_819d5ca8b954.pdb	9cf74b733bc801c762d281229e3a45c65ce1ba5f6bbabde3005fa2961a4fa6e2	-74.7093	5	7	248	0.52085411	61	0.9	175	1558	20	0.550608	634	positive_pose_source_case02_pos_10_151H7	0	WEAK_PRIOR_ONLY	-10.34	3	cluster_1_model_1.pdb.gz	STRICT_A	DESCRIPTIVE_ONLY	1.319	31.309	1.907	51.386	3.129	1126.635	1642.04	515.404	15.0	-0.068	4.0	235.0	70.0	0.0	1.698	0.608	3.649	109.469	0.235	9.404	0.0	c2_four_seed	0	3047	CORE_EXPLOITATION	/data1/qlyu/projects/pvrig_c2_new4220_seed42_3047_docking_results_v1_20260723/c2_new4220_seed42_3047/compressed_queue/CANDIDATE_P1MCPUFP__CPUFP500K_0188__00481_9e6y_s3047_819d5ca8b954.tar.gz	runs/CANDIDATE_P1MCPUFP__CPUFP500K_0188__00481_9e6y_s3047_819d5ca8b954/haddock_run/6_seletopclusts/cluster_1_model_1.pdb.gz	819d5ca8b9543b1279690d5c40d5d2f05fe4cf6187348b06e51289b54ee7bd31	8c55751f66ac2930ce115a9419321a2b2bed220b61af2e1671f7ac6e6a2e33b3	CANDIDATE_P1MCPUFP__CPUFP500K_0188__00481_9e6y_s3047_819d5ca8b954	0.0	Static structure diagnostics only; not experimental affinity, blocking, expression or purity.	33	17
157.57	P1MCPUFP__CPUFP500K_0188__00519	GPGFLGPEID	4	IDREGDV	5	AAGYQPSSTISMRPDQWEH	0.52631579	10	1.0	AT	8x6b	104	1242	19	1.04015	506	3	NOT_RUN_CROSS_CANDIDATE_RANK_REJECTED	0	/data/qlyu/projects/pvrig_top7500_dualpanel_screen_v1_20260724/run/static_review/inputs/pdb/CANDIDATE_P1MCPUFP__CPUFP500K_0188__00519_8x6b_s3047_b91eeed3dc78.pdb	76efe16a7ad59255cf3d790565edc5e4029b11d832250dbee7888f952555c4e5	-72.96108	9	4	237	0.49837286	57	1.0	107	1309	19	0.482975	506	positive_pose_source_case02_pos_10_151H7	0	WEAK_PRIOR_ONLY	-10.288	2	cluster_1_model_1.pdb.gz	STRICT_A	DESCRIPTIVE_ONLY	1.062	-24.452	-1.593	3.145	0.205	845.359	1535.449	690.091	9.0	-2.642	8.0	230.0	57.0	0.0	1.128	0.708	2.077	47.763	0.487	16.544	0.0	c2_four_seed	3	3047	CORE_EXPLOITATION	/data1/qlyu/projects/pvrig_c2_new4220_seed42_3047_docking_results_v1_20260723/c2_new4220_seed42_3047/compressed_queue/CANDIDATE_P1MCPUFP__CPUFP500K_0188__00519_8x6b_s3047_b91eeed3dc78.tar.gz	runs/CANDIDATE_P1MCPUFP__CPUFP500K_0188__00519_8x6b_s3047_b91eeed3dc78/haddock_run/6_seletopclusts/cluster_1_model_1.pdb.gz	b91eeed3dc781a874048a2bdc8e38536d6db7a694ba236700031a767cbb6325a	8c55751f66ac2930ce115a9419321a2b2bed220b61af2e1671f7ac6e6a2e33b3	CANDIDATE_P1MCPUFP__CPUFP500K_0188__00519_8x6b_s3047_b91eeed3dc78	0.0	Static structure diagnostics only; not experimental affinity, blocking, expression or purity.	4	19
326.955	P1MCPUFP__CPUFP500K_0188__00519	GPGFLGPEID	5	IDREGDV	0	AAGYQPSSTISMRPDQWEH	0.65	13	0.9	AT	9e6y	146	1420	18	0.937864	566	2	NOT_RUN_CROSS_CANDIDATE_RANK_REJECTED	2	/data/qlyu/projects/pvrig_top7500_dualpanel_screen_v1_20260724/run/static_review/inputs/pdb/CANDIDATE_P1MCPUFP__CPUFP500K_0188__00519_9e6y_s1931_290df34d8ae7.pdb	7cefda36c77d67d93e5d401d6cecb02cd3f9dcdeb9beed6aa16e778c2af1faf7	-62.827149999999996	10	2	276	0.46962256	55	1.0	146	1452	18	0.478249	570	positive_pose_source_case02_pos_10_151H7	0	WEAK_PRIOR_ONLY	-9.383	2	cluster_1_model_1.pdb.gz	STRICT_A	DESCRIPTIVE_ONLY	1.193	-15.802	-1.007	24.284	1.547	801.463	1569.921	768.458	15.0	-0.333	7.0	235.0	59.0	0.0	2.033	0.596	4.161	108.189	0.356	11.737	0.0	c2_four_seed	5	1931	CORE_EXPLOITATION	/data1/qlyu/projects/pvrig_c2_new6220_dualreceptor_2seed_docking_results_v1_20260723/c2_new4220/compressed_queue/CANDIDATE_P1MCPUFP__CPUFP500K_0188__00519_9e6y_s1931_290df34d8ae7.tar.gz	runs/CANDIDATE_P1MCPUFP__CPUFP500K_0188__00519_9e6y_s1931_290df34d8ae7/haddock_run/6_seletopclusts/cluster_1_model_1.pdb.gz	290df34d8ae7c25780158cb43b2a30bf63da8d2f273d36f9015e1acf087a40c5	8c55751f66ac2930ce115a9419321a2b2bed220b61af2e1671f7ac6e6a2e33b3	CANDIDATE_P1MCPUFP__CPUFP500K_0188__00519_9e6y_s1931_290df34d8ae7	0.0	Static structure diagnostics only; not experimental affinity, blocking, expression or purity.	4	20
248.847	P1MCPUFP__CPUFP500K_0188__00522	GPGFSIPPVD	2	IDSEGKV	0	AAGYQPSPDISMKPDGYTH	0.52941176	9	0.64705882	AT	8x6b	167	1437	18	1.125695	601	4	NOT_RUN_CROSS_CANDIDATE_RANK_REJECTED	6	/data/qlyu/projects/pvrig_top7500_dualpanel_screen_v1_20260724/run/static_review/inputs/pdb/CANDIDATE_P1MCPUFP__CPUFP500K_0188__00522_8x6b_s917_62afb26bc4f0.pdb	47195a40deca9f49209136e8764535f7476da87837eed74b9be9f8f268f90f67	-63.47366	9	2	219	0.42842579	49	0.6	178	1485	18	0.596006	627	positive_pose_source_case02_pos_10_151H7	0	WEAK_PRIOR_ONLY	-10.909	5	cluster_1_model_1.pdb.gz	STRICT_A	DESCRIPTIVE_ONLY	1.404	-15.387	-1.114	8.445	0.611	743.58	1381.304	637.724	4.0	-0.425	5.0	230.0	61.0	0.0	1.139	0.692	1.758	47.457	0.648	22.022	0.0	c2_four_seed	0	917	CORE_EXPLOITATION	/data1/qlyu/projects/pvrig_c2_new6220_dualreceptor_2seed_docking_results_v1_20260723/c2_new4220/compressed_queue/CANDIDATE_P1MCPUFP__CPUFP500K_0188__00522_8x6b_s917_62afb26bc4f0.tar.gz	runs/CANDIDATE_P1MCPUFP__CPUFP500K_0188__00522_8x6b_s917_62afb26bc4f0/haddock_run/6_seletopclusts/cluster_1_model_1.pdb.gz	62afb26bc4f085f9ae4280e2ff14681ad3376fde248e5727eb967a86455da95f	8c55751f66ac2930ce115a9419321a2b2bed220b61af2e1671f7ac6e6a2e33b3	CANDIDATE_P1MCPUFP__CPUFP500K_0188__00522_8x6b_s917_62afb26bc4f0	0.0	Static structure diagnostics only; not experimental affinity, blocking, expression or purity.	114	17
255.293	P1MCPUFP__CPUFP500K_0188__00522	GPGFSIPPVD	7	IDSEGKV	1	AAGYQPSPDISMKPDGYTH	0.29411765	5	0.76470588	AT	9e6y	207	1762	17	0.932946	726	2	NOT_RUN_CROSS_CANDIDATE_RANK_REJECTED	4	/data/qlyu/projects/pvrig_top7500_dualpanel_screen_v1_20260724/run/static_review/inputs/pdb/CANDIDATE_P1MCPUFP__CPUFP500K_0188__00522_9e6y_s3047_68e6dbed303f.pdb	cf44f4765caa36e57813b6f322bd5f7c12071445ae038a4f4744440363777294	-77.86383999999998	3	3	260	0.46962256	55	0.7	193	1756	17	0.443726	712	positive_pose_source_case02_pos_10_151H7	0	WEAK_PRIOR_ONLY	-11.347	4	cluster_1_model_1.pdb.gz	STRICT_A	DESCRIPTIVE_ONLY	1.716	-0.219	-0.015	47.056	3.184	980.822	1477.771	496.949	18.0	-0.091	4.0	235.0	62.0	0.0	1.639	0.672	3.853	104.018	-0.069	-2.42	0.0	c2_four_seed	0	3047	CORE_EXPLOITATION	/data1/qlyu/projects/pvrig_c2_new4220_seed42_3047_docking_results_v1_20260723/c2_new4220_seed42_3047/compressed_queue/CANDIDATE_P1MCPUFP__CPUFP500K_0188__00522_9e6y_s3047_68e6dbed303f.tar.gz	runs/CANDIDATE_P1MCPUFP__CPUFP500K_0188__00522_9e6y_s3047_68e6dbed303f/haddock_run/6_seletopclusts/cluster_1_model_1.pdb.gz	68e6dbed303f477c36e67d5a2ccd35d7d9f59a28258eb83c7d39022540b8d50b	8c55751f66ac2930ce115a9419321a2b2bed220b61af2e1671f7ac6e6a2e33b3	CANDIDATE_P1MCPUFP__CPUFP500K_0188__00522_9e6y_s3047_68e6dbed303f	0.0	Static structure diagnostics only; not experimental affinity, blocking, expression or purity.	114	17
230.315	P1MCPUFP__CPUFP500K_0188__00549	GPDFGHPGWD	9	IDSEGRV	1	AGGYQPSSRISMLPDQWEY	0.45833333	11	0.875	AT	8x6b	112	1299	18	1.062276	524	4	NOT_RUN_CROSS_CANDIDATE_RANK_REJECTED	3	/data/qlyu/projects/pvrig_top7500_dualpanel_screen_v1_20260724/run/static_review/inputs/pdb/CANDIDATE_P1MCPUFP__CPUFP500K_0188__00549_8x6b_s1931_de830fe00bbf.pdb	5771a4aafa31742fff2a4ce403bbc924b342b3d92ff785f36fd1cccf0edcbd21	-104.9177	12	3	303	0.54208978	62	0.9	121	1325	18	0.497765	535	positive_pose_source_case02_pos_10_151H7	0	WEAK_PRIOR_ONLY	-11.855	2	cluster_1_model_1.pdb.gz	STRICT_A	DESCRIPTIVE_ONLY	1.28	-2.439	-0.135	26.371	1.455	958.284	1811.907	853.622	29.0	-0.104	4.0	230.0	61.0	0.0	1.608	0.581	2.708	73.114	0.734	24.959	0.0	c2_four_seed	1	1931	CORE_EXPLOITATION	/data1/qlyu/projects/pvrig_c2_new6220_dualreceptor_2seed_docking_results_v1_20260723/c2_new4220/compressed_queue/CANDIDATE_P1MCPUFP__CPUFP500K_0188__00549_8x6b_s1931_de830fe00bbf.tar.gz	runs/CANDIDATE_P1MCPUFP__CPUFP500K_0188__00549_8x6b_s1931_de830fe00bbf/haddock_run/6_seletopclusts/cluster_1_model_1.pdb.gz	de830fe00bbf1300e04de2812e4b4421f3f98f76641f5a43002f0b0699dec576	8c55751f66ac2930ce115a9419321a2b2bed220b61af2e1671f7ac6e6a2e33b3	CANDIDATE_P1MCPUFP__CPUFP500K_0188__00549_8x6b_s1931_de830fe00bbf	0.0	Static structure diagnostics only; not experimental affinity, blocking, expression or purity.	3	24
215.69	P1MCPUFP__CPUFP500K_0188__00549	GPDFGHPGWD	9	IDSEGRV	4	AGGYQPSSRISMLPDQWEY	0.42857143	12	0.89285714	AT	9e6y	128	1488	21	1.024826	578	5	NOT_RUN_CROSS_CANDIDATE_RANK_REJECTED	3	/data/qlyu/projects/pvrig_top7500_dualpanel_screen_v1_20260724/run/static_review/inputs/pdb/CANDIDATE_P1MCPUFP__CPUFP500K_0188__00549_9e6y_s42_1bd605a088bc.pdb	f01dfb659ce0896b41a588d6161a10b92502f9777a248f6968c8e096953c8114	-105.26950000000001	13	4	380	0.62331722	73	1.0	126	1462	21	0.626384	579	positive_pose_source_case02_pos_10_151H7	0	WEAK_PRIOR_ONLY	-12.878	3	cluster_1_model_1.pdb.gz	STRICT_A	DESCRIPTIVE_ONLY	1.072	-1.467	-0.081	41.039	2.266	906.056	1811.451	905.396	34.0	-0.147	6.0	235.0	66.0	0.0	1.667	0.661	2.473	76.649	0.954	33.375	0.0	c2_four_seed	4	42	CORE_EXPLOITATION	/data1/qlyu/projects/pvrig_c2_new4220_seed42_3047_docking_results_v1_20260723/c2_new4220_seed42_3047/compressed_queue/CANDIDATE_P1MCPUFP__CPUFP500K_0188__00549_9e6y_s42_1bd605a088bc.tar.gz	runs/CANDIDATE_P1MCPUFP__CPUFP500K_0188__00549_9e6y_s42_1bd605a088bc/haddock_run/6_seletopclusts/cluster_1_model_1.pdb.gz	1bd605a088bc555d2616923ebcdf2a49ce76c93b2a1de3ad754ceee3bd3ebcba	8c55751f66ac2930ce115a9419321a2b2bed220b61af2e1671f7ac6e6a2e33b3	CANDIDATE_P1MCPUFP__CPUFP500K_0188__00549_9e6y_s42_1bd605a088bc	0.0	Static structure diagnostics only; not experimental affinity, blocking, expression or purity.	3	28
167.658	P1MCPUFP__CPUFP500K_0188__00631	GPGFGHPSFH	6	IDYEGTV	2	AAGYQPDTTISMSPDGWEY	0.52941176	9	1.0	AT	8x6b	109	1227	19	1.107942	562	3	NOT_RUN_CROSS_CANDIDATE_RANK_REJECTED	0	/data/qlyu/projects/pvrig_top7500_dualpanel_screen_v1_20260724/run/static_review/inputs/pdb/CANDIDATE_P1MCPUFP__CPUFP500K_0188__00631_8x6b_s1931_ef61d5b96c86.pdb	bf2f5f8563a6d168c381aa4b398ae31e49625d68efa8ab18c3bdeb5230933f4a	-87.97468	12	2	252	0.41968241	48	0.9	111	1305	19	0.623507	554	positive_pose_source_case02_pos_10_151H7	0	WEAK_PRIOR_ONLY	-9.653	4	cluster_1_model_1.pdb.gz	STRICT_A	DESCRIPTIVE_ONLY	1.185	14.829	0.963	52.49	3.41	903.98	1539.436	635.456	16.0	-0.046	4.0	230.0	62.0	0.0	2.496	0.638	3.09	80.352	2.067	74.43	0.0	c2_four_seed	8	1931	CORE_EXPLOITATION	/data1/qlyu/projects/pvrig_c2_new6220_dualreceptor_2seed_docking_results_v1_20260723/c2_new4220/compressed_queue/CANDIDATE_P1MCPUFP__CPUFP500K_0188__00631_8x6b_s1931_ef61d5b96c86.tar.gz	runs/CANDIDATE_P1MCPUFP__CPUFP500K_0188__00631_8x6b_s1931_ef61d5b96c86/haddock_run/6_seletopclusts/cluster_1_model_1.pdb.gz	ef61d5b96c86c67a6f0112c48b2155e346abedd9cf1bf6cf9af6782402a9fd2c	8c55751f66ac2930ce115a9419321a2b2bed220b61af2e1671f7ac6e6a2e33b3	CANDIDATE_P1MCPUFP__CPUFP500K_0188__00631_8x6b_s1931_ef61d5b96c86	0.0	Static structure diagnostics only; not experimental affinity, blocking, expression or purity.	66	17
311.834	P1MCPUFP__CPUFP500K_0188__00631	GPGFGHPSFH	9	IDYEGTV	3	AAGYQPDTTISMSPDGWEY	0.28571429	6	0.85714286	AT	9e6y	199	1408	19	0.930583	570	3	NOT_RUN_CROSS_CANDIDATE_RANK_REJECTED	3	/data/qlyu/projects/pvrig_top7500_dualpanel_screen_v1_20260724/run/static_review/inputs/pdb/CANDIDATE_P1MCPUFP__CPUFP500K_0188__00631_9e6y_s42_63afcd1bcdf8.pdb	71aaf60f21b8cc118abebf498875e799fad624c04e65fcf3fc257fcab5335a2e	-83.0682	14	2	291	0.56354707	66	1.0	197	1409	19	0.564516	575	positive_pose_source_case02_pos_10_151H7	0	WEAK_PRIOR_ONLY	-11.765	4	cluster_1_model_1.pdb.gz	STRICT_A	DESCRIPTIVE_ONLY	1.011	-2.923	-0.189	11.421	0.738	858.015	1547.155	689.139	17.0	-0.785	8.0	235.0	65.0	0.0	1.024	0.632	1.725	50.027	0.46	16.561	0.0	c2_four_seed	4	42	CORE_EXPLOITATION	/data1/qlyu/projects/pvrig_c2_new4220_seed42_3047_docking_results_v1_20260723/c2_new4220_seed42_3047/compressed_queue/CANDIDATE_P1MCPUFP__CPUFP500K_0188__00631_9e6y_s42_63afcd1bcdf8.tar.gz	runs/CANDIDATE_P1MCPUFP__CPUFP500K_0188__00631_9e6y_s42_63afcd1bcdf8/haddock_run/6_seletopclusts/cluster_1_model_1.pdb.gz	63afcd1bcdf8c28b062d4c89e09565acb1b1f5c15d92a4b8de0b5493cf6f75f6	8c55751f66ac2930ce115a9419321a2b2bed220b61af2e1671f7ac6e6a2e33b3	CANDIDATE_P1MCPUFP__CPUFP500K_0188__00631_9e6y_s42_63afcd1bcdf8	0.0	Static structure diagnostics only; not experimental affinity, blocking, expression or purity.	66	21
198.809	P1MCPUFP__CPUFP500K_0188__00645	GPGFSLPGVH	10	IDREGKV	4	AAGYQPSTEISMSPDQWEV	0.23076923	6	0.76923077	AT	8x6b	204	1755	21	1.14781	704	4	NOT_RUN_CROSS_CANDIDATE_RANK_REJECTED	6	/data/qlyu/projects/pvrig_top7500_dualpanel_screen_v1_20260724/run/static_review/inputs/pdb/CANDIDATE_P1MCPUFP__CPUFP500K_0188__00645_8x6b_s1931_8b4142cbecac.pdb	4e4d0ecdcdab86f77b952555f6e594be459b376634f60955709cc6e533086839	-97.2225	10	4	296	0.64701038	74	1.0	210	1741	21	0.634982	704	positive_pose_source_case02_pos_10_151H7	0	WEAK_PRIOR_ONLY	-12.528	3	cluster_1_model_1.pdb.gz	STRICT_A	DESCRIPTIVE_ONLY	1.232	4.967	0.284	27.072	1.547	992.545	1749.555	757.01	31.0	-0.111	4.0	230.0	67.0	0.0	1.624	0.543	3.468	97.096	0.301	11.724	0.0	old_top7500	4	1931	STRUCTURAL_RESERVE	/data1/qlyu/projects/pvrig_priority_top7500_dualreceptor_multiseed_docking_results_v1_20260722/top7500_25k/compressed_queue/CANDIDATE_P1MCPUFP__CPUFP500K_0188__00645_8x6b_s1931_8b4142cbecac.tar.gz	runs/CANDIDATE_P1MCPUFP__CPUFP500K_0188__00645_8x6b_s1931_8b4142cbecac/haddock_run/6_seletopclusts/cluster_1_model_1.pdb.gz	8b4142cbecaca2da128c0d976b2eb6f27d088ba7ef16dda08e3e98ba57f91c25	8c55751f66ac2930ce115a9419321a2b2bed220b61af2e1671f7ac6e6a2e33b3	CANDIDATE_P1MCPUFP__CPUFP500K_0188__00645_8x6b_s1931_8b4142cbecac	0.0	Static structure diagnostics only; not experimental affinity, blocking, expression or purity.	171	26
236.723	P1MCPUFP__CPUFP500K_0188__00645	GPGFSLPGVH	9	IDREGKV	3	AAGYQPSTEISMSPDQWEV	0.21052632	4	0.84210526	AT	9e6y	158	1476	17	0.966999	606	4	NOT_RUN_CROSS_CANDIDATE_RANK_REJECTED	3	/data/qlyu/projects/pvrig_top7500_dualpanel_screen_v1_20260724/run/static_review/inputs/pdb/CANDIDATE_P1MCPUFP__CPUFP500K_0188__00645_9e6y_s1931_674d72547908.pdb	095632e8e2469f7a734ac1b98a55aa5b70771e17b45818a9abd6b1aff1d471c9	-81.83439999999999	11	7	257	0.5379313	63	1.0	154	1529	17	0.531205	593	positive_pose_source_case02_pos_10_151H7	0	WEAK_PRIOR_ONLY	-12.136	3	cluster_1_model_1.pdb.gz	STRICT_A	DESCRIPTIVE_ONLY	2.087	28.723	2.041	41.278	2.932	845.086	1407.653	562.567	9.0	-0.18	7.0	235.0	61.0	0.0	1.523	0.702	2.665	71.965	0.615	20.916	0.0	old_top7500	2	1931	STRUCTURAL_RESERVE	/data1/qlyu/projects/pvrig_priority_top7500_dualreceptor_multiseed_docking_results_v1_20260722/top7500_25k/compressed_queue/CANDIDATE_P1MCPUFP__CPUFP500K_0188__00645_9e6y_s1931_674d72547908.tar.gz	runs/CANDIDATE_P1MCPUFP__CPUFP500K_0188__00645_9e6y_s1931_674d72547908/haddock_run/6_seletopclusts/cluster_1_model_1.pdb.gz	674d72547908cd2e7e35830bf6d5745ca0e7b32f47042fcd75b1393731370106	8c55751f66ac2930ce115a9419321a2b2bed220b61af2e1671f7ac6e6a2e33b3	CANDIDATE_P1MCPUFP__CPUFP500K_0188__00645_9e6y_s1931_674d72547908	0.0	Static structure diagnostics only; not experimental affinity, blocking, expression or purity.	171	19
318.473	P1MCPUFP__CPUFP500K_0188__00715	GPGFGLPPVD	6	IDSEGKT	0	AAGYQTSPSLSMLPSGWSV	0.55	11	0.85	AT	8x6b	169	1697	17	1.071303	706	6	NOT_RUN_CROSS_CANDIDATE_RANK_REJECTED	3	/data/qlyu/projects/pvrig_top7500_dualpanel_screen_v1_20260724/run/static_review/inputs/pdb/CANDIDATE_P1MCPUFP__CPUFP500K_0188__00715_8x6b_s42_37a373c15ff2.pdb	3ecf84bd7b34d6cd8f01bbac11b08188603a1e6da6d3b3289a3869d352bd4d3d	-71.25869999999999	4	7	239	0.49837286	57	1.0	168	1664	17	0.488123	700	positive_pose_source_case02_pos_10_151H7	0	WEAK_PRIOR_ONLY	-10.801	3	cluster_1_model_1.pdb.gz	STRICT_A	DESCRIPTIVE_ONLY	0.944	31.712	1.979	46.735	2.916	1012.715	1602.471	589.756	21.0	-0.036	3.0	230.0	69.0	0.0	1.511	0.504	2.427	77.657	0.719	26.585	0.0	c2_four_seed	1	42	CORE_EXPLOITATION	/data1/qlyu/projects/pvrig_c2_new4220_seed42_3047_docking_results_v1_20260723/c2_new4220_seed42_3047/compressed_queue/CANDIDATE_P1MCPUFP__CPUFP500K_0188__00715_8x6b_s42_37a373c15ff2.tar.gz	runs/CANDIDATE_P1MCPUFP__CPUFP500K_0188__00715_8x6b_s42_37a373c15ff2/haddock_run/6_seletopclusts/cluster_1_model_1.pdb.gz	37a373c15ff230854d2d6cde5fd8f0546bbbde8ed4db4433851dfb4d9f9c50da	8c55751f66ac2930ce115a9419321a2b2bed220b61af2e1671f7ac6e6a2e33b3	CANDIDATE_P1MCPUFP__CPUFP500K_0188__00715_8x6b_s42_37a373c15ff2	0.0	Static structure diagnostics only; not experimental affinity, blocking, expression or purity.	35	20
225.22	P1MCPUFP__CPUFP500K_0188__00715	GPGFGLPPVD	4	IDSEGKT	0	AAGYQTSPSLSMLPSGWSV	0.64705882	11	0.88235294	AT	9e6y	183	1547	19	0.968138	672	6	NOT_RUN_CROSS_CANDIDATE_RANK_REJECTED	2	/data/qlyu/projects/pvrig_top7500_dualpanel_screen_v1_20260724/run/static_review/inputs/pdb/CANDIDATE_P1MCPUFP__CPUFP500K_0188__00715_9e6y_s42_2c6f40c86635.pdb	6c6b9efe394c04f9982a91b0a928db3618321d876207b0cff9a5c987cabdc2cd	-83.71935999999998	10	6	229	0.4269296	50	0.9	174	1540	19	0.658243	657	positive_pose_source_case02_pos_10_151H7	0	WEAK_PRIOR_ONLY	-9.395	3	cluster_1_model_1.pdb.gz	STRICT_A	DESCRIPTIVE_ONLY	1.46	-11.211	-0.763	13.602	0.925	996.904	1469.853	472.948	9.0	-0.116	5.0	235.0	61.0	0.0	1.579	0.661	2.412	69.954	0.823	26.338	0.0	c2_four_seed	0	42	CORE_EXPLOITATION	/data1/qlyu/projects/pvrig_c2_new4220_seed42_3047_docking_results_v1_20260723/c2_new4220_seed42_3047/compressed_queue/CANDIDATE_P1MCPUFP__CPUFP500K_0188__00715_9e6y_s42_2c6f40c86635.tar.gz	runs/CANDIDATE_P1MCPUFP__CPUFP500K_0188__00715_9e6y_s42_2c6f40c86635/haddock_run/6_seletopclusts/cluster_1_model_1.pdb.gz	2c6f40c8663549e6d093fb08df46002ab1907c9ef15710dddabe4aff411f1cd4	8c55751f66ac2930ce115a9419321a2b2bed220b61af2e1671f7ac6e6a2e33b3	CANDIDATE_P1MCPUFP__CPUFP500K_0188__00715_9e6y_s42_2c6f40c86635	0.0	Static structure diagnostics only; not experimental affinity, blocking, expression or purity.	35	17
205.627	P1MCPUFP__CPUFP500K_0188__00731	GPGFGLTPFD	3	IDSEGRV	0	AGGYQPSPQIGMRPDLYEY	0.55555556	10	0.72222222	AT	8x6b	179	1783	17	1.092952	684	3	NOT_RUN_CROSS_CANDIDATE_RANK_REJECTED	5	/data/qlyu/projects/pvrig_top7500_dualpanel_screen_v1_20260724/run/static_review/inputs/pdb/CANDIDATE_P1MCPUFP__CPUFP500K_0188__00731_8x6b_s917_2323b70f7643.pdb	83999dda87f9bca3cb87ca9d431dbf330b0fa3f3dd59c2b6d660bfdbe81df98d	-77.80969999999999	9	8	254	0.53334639	61	0.8	189	1864	17	0.529509	711	positive_pose_source_case02_pos_10_151H7	0	WEAK_PRIOR_ONLY	-10.716	2	cluster_1_model_1.pdb.gz	STRICT_A	DESCRIPTIVE_ONLY	1.341	13.489	0.966	61.829	4.429	849.548	1395.955	546.407	14.0	-0.07	4.0	230.0	63.0	0.0	2.007	0.686	2.319	64.923	1.758	61.525	0.0	c2_four_seed	0	917	CORE_EXPLOITATION	/data1/qlyu/projects/pvrig_c2_new6220_dualreceptor_2seed_docking_results_v1_20260723/c2_new4220/compressed_queue/CANDIDATE_P1MCPUFP__CPUFP500K_0188__00731_8x6b_s917_2323b70f7643.tar.gz	runs/CANDIDATE_P1MCPUFP__CPUFP500K_0188__00731_8x6b_s917_2323b70f7643/haddock_run/6_seletopclusts/cluster_1_model_1.pdb.gz	2323b70f76434cd4af49a9a0edc65b4b4e3f6d5946ba0bf9309d8d1f1cddffda	8c55751f66ac2930ce115a9419321a2b2bed220b61af2e1671f7ac6e6a2e33b3	CANDIDATE_P1MCPUFP__CPUFP500K_0188__00731_8x6b_s917_2323b70f7643	0.0	Static structure diagnostics only; not experimental affinity, blocking, expression or purity.	116	18
278.635	P1MCPUFP__CPUFP500K_0188__00731	GPGFGLTPFD	8	IDSEGRV	4	AGGYQPSPQIGMRPDLYEY	0.3	6	0.9	AT	9e6y	103	1206	19	0.956795	508	3	NOT_RUN_CROSS_CANDIDATE_RANK_REJECTED	2	/data/qlyu/projects/pvrig_top7500_dualpanel_screen_v1_20260724/run/static_review/inputs/pdb/CANDIDATE_P1MCPUFP__CPUFP500K_0188__00731_9e6y_s1931_37685ff5d776.pdb	b9528fa85f8b57f15b281eb26cfc23224b168b2969a4e5dad278df532ae196f0	-67.7682	11	5	258	0.4269296	50	1.0	103	1220	19	0.515161	500	positive_pose_source_case02_pos_10_151H7	0	WEAK_PRIOR_ONLY	-8.68	2	cluster_1_model_1.pdb.gz	STRICT_A	DESCRIPTIVE_ONLY	2.211	-27.558	-1.745	22.249	1.409	1005.465	1579.202	573.737	12.0	-0.179	5.0	235.0	62.0	0.0	2.358	0.628	4.23	101.531	1.175	44.667	0.0	c2_four_seed	3	1931	CORE_EXPLOITATION	/data1/qlyu/projects/pvrig_c2_new6220_dualreceptor_2seed_docking_results_v1_20260723/c2_new4220/compressed_queue/CANDIDATE_P1MCPUFP__CPUFP500K_0188__00731_9e6y_s1931_37685ff5d776.tar.gz	runs/CANDIDATE_P1MCPUFP__CPUFP500K_0188__00731_9e6y_s1931_37685ff5d776/haddock_run/6_seletopclusts/cluster_1_model_1.pdb.gz	37685ff5d7769b27276ce5547d64ec513a60039b91752bfc93a45142699069f7	8c55751f66ac2930ce115a9419321a2b2bed220b61af2e1671f7ac6e6a2e33b3	CANDIDATE_P1MCPUFP__CPUFP500K_0188__00731_9e6y_s1931_37685ff5d776	0.0	Static structure diagnostics only; not experimental affinity, blocking, expression or purity.	116	20
303.24	P1MCPUFP__CPUFP500K_0188__00742	GPGFSHDSFD	6	IDREGTV	0	AAGEQPSSTISMKPDGWSY	0.60869565	14	0.86956522	AT	8x6b	212	1640	16	1.081613	662	3	NOT_RUN_CROSS_CANDIDATE_RANK_REJECTED	3	/data/qlyu/projects/pvrig_top7500_dualpanel_screen_v1_20260724/run/static_review/inputs/pdb/CANDIDATE_P1MCPUFP__CPUFP500K_0188__00742_8x6b_s917_1c4c308724b0.pdb	92446255425f29af544428258c230529458ce5256b96e522c185e0c60c7d7816	-73.7544	9	3	252	0.55083316	63	0.8	205	1664	16	0.479347	661	positive_pose_source_case02_pos_10_151H7	0	WEAK_PRIOR_ONLY	-11.108	7	cluster_1_model_1.pdb.gz	STRICT_A	DESCRIPTIVE_ONLY	0.879	-17.708	-1.126	9.019	0.574	823.622	1572.616	748.994	18.0	-0.581	5.0	230.0	71.0	0.0	0.941	0.669	2.286	70.861	-0.101	-4.021	0.0	c2_four_seed	1	917	CORE_EXPLOITATION	/data1/qlyu/projects/pvrig_c2_new6220_dualreceptor_2seed_docking_results_v1_20260723/c2_new4220/compressed_queue/CANDIDATE_P1MCPUFP__CPUFP500K_0188__00742_8x6b_s917_1c4c308724b0.tar.gz	runs/CANDIDATE_P1MCPUFP__CPUFP500K_0188__00742_8x6b_s917_1c4c308724b0/haddock_run/6_seletopclusts/cluster_1_model_1.pdb.gz	1c4c308724b005dba4db245f3ac20f587793ac751adc805222d924c461211d53	8c55751f66ac2930ce115a9419321a2b2bed220b61af2e1671f7ac6e6a2e33b3	CANDIDATE_P1MCPUFP__CPUFP500K_0188__00742_8x6b_s917_1c4c308724b0	0.0	Static structure diagnostics only; not experimental affinity, blocking, expression or purity.	100	23
211.188	P1MCPUFP__CPUFP500K_0188__00742	GPGFSHDSFD	6	IDREGTV	1	AAGEQPSSTISMKPDGWSY	0.52631579	10	0.89473684	AT	9e6y	119	1326	15	1.033694	516	2	NOT_RUN_CROSS_CANDIDATE_RANK_REJECTED	2	/data/qlyu/projects/pvrig_top7500_dualpanel_screen_v1_20260724/run/static_review/inputs/pdb/CANDIDATE_P1MCPUFP__CPUFP500K_0188__00742_9e6y_s3047_860206713153.pdb	9feecaa2bee78d7ea75a0165bb30e24a9686163c1f8c4f4b8e176c33936495c9	-72.34740000000002	10	1	203	0.38423664	45	0.7	120	1408	15	0.63463	525	positive_pose_source_case02_pos_10_151H7	0	WEAK_PRIOR_ONLY	-9.212	7	cluster_1_model_1.pdb.gz	STRICT_A	DESCRIPTIVE_ONLY	1.351	-15.353	-1.113	8.15	0.591	733.06	1379.204	646.144	13.0	-0.423	5.0	235.0	55.0	0.0	1.722	0.551	3.273	78.562	0.522	16.174	0.0	c2_four_seed	2	3047	CORE_EXPLOITATION	/data1/qlyu/projects/pvrig_c2_new4220_seed42_3047_docking_results_v1_20260723/c2_new4220_seed42_3047/compressed_queue/CANDIDATE_P1MCPUFP__CPUFP500K_0188__00742_9e6y_s3047_860206713153.tar.gz	runs/CANDIDATE_P1MCPUFP__CPUFP500K_0188__00742_9e6y_s3047_860206713153/haddock_run/6_seletopclusts/cluster_1_model_1.pdb.gz	860206713153f9cd7e0330b98c9217c99c75673c048663bf9f9d0a08a0153d14	8c55751f66ac2930ce115a9419321a2b2bed220b61af2e1671f7ac6e6a2e33b3	CANDIDATE_P1MCPUFP__CPUFP500K_0188__00742_9e6y_s3047_860206713153	0.0	Static structure diagnostics only; not experimental affinity, blocking, expression or purity.	100	19
234.238	P1MCPUFP__CPUFP500K_0188__00810	GPGFSTPPWD	8	IDSEGRV	0	AAGDQPSPTISMRTDGWTH	0.41666667	10	0.75	AT	8x6b	68	996	18	1.084922	419	4	NOT_RUN_CROSS_CANDIDATE_RANK_REJECTED	6	/data/qlyu/projects/pvrig_top7500_dualpanel_screen_v1_20260724/run/static_review/inputs/pdb/CANDIDATE_P1MCPUFP__CPUFP500K_0188__00810_8x6b_s917_719814861bc0.pdb	819c8e050c191b1e3c3982c9dcee7199e269a9eb880faaba1274a0858a0bd2fd	-84.52511000000001	14	2	308	0.59455008	68	0.5	80	997	18	0.497089	434	positive_pose_source_case02_pos_10_151H7	0	WEAK_PRIOR_ONLY	-10.546	4	cluster_1_model_1.pdb.gz	SUPPORTED_AB	DESCRIPTIVE_ONLY	1.036	-9.048	-0.534	8.381	0.495	889.493	1693.478	803.985	21.0	-0.597	7.0	230.0	72.0	0.0	1.69	0.638	5.226	146.316	-0.559	-24.605	0.0	c2_four_seed	2	917	CORE_EXPLOITATION	/data1/qlyu/projects/pvrig_c2_new6220_dualreceptor_2seed_docking_results_v1_20260723/c2_new4220/compressed_queue/CANDIDATE_P1MCPUFP__CPUFP500K_0188__00810_8x6b_s917_719814861bc0.tar.gz	runs/CANDIDATE_P1MCPUFP__CPUFP500K_0188__00810_8x6b_s917_719814861bc0/haddock_run/6_seletopclusts/cluster_1_model_1.pdb.gz	719814861bc0b7226a71358360b4b05550dd082b1809db26d673aacfde30b650	8c55751f66ac2930ce115a9419321a2b2bed220b61af2e1671f7ac6e6a2e33b3	CANDIDATE_P1MCPUFP__CPUFP500K_0188__00810_8x6b_s917_719814861bc0	0.0	Static structure diagnostics only; not experimental affinity, blocking, expression or purity.	112	24
265.486	P1MCPUFP__CPUFP500K_0188__00810	GPGFSTPPWD	7	IDSEGRV	0	AAGDQPSPTISMRTDGWTH	0.47826087	11	0.7826087	AT	9e6y	106	1283	18	0.99211	565	3	NOT_RUN_CROSS_CANDIDATE_RANK_REJECTED	5	/data/qlyu/projects/pvrig_top7500_dualpanel_screen_v1_20260724/run/static_review/inputs/pdb/CANDIDATE_P1MCPUFP__CPUFP500K_0188__00810_9e6y_s1931_e96fccf3b1e6.pdb	2de857adf3b24f8ea4c9a1422be553adc4f04d61140a8233dba1744efc3ee439	-82.77439999999999	7	2	245	0.47816115	56	0.6	89	1283	18	0.559843	532	positive_pose_source_case02_pos_10_151H7	0	WEAK_PRIOR_ONLY	-11.802	5	cluster_1_model_1.pdb.gz	SUPPORTED_AB	DESCRIPTIVE_ONLY	1.058	-8.028	-0.475	30.212	1.788	973.657	1689.625	715.967	28.0	-0.119	4.0	235.0	67.0	0.0	1.887	0.544	2.889	83.784	1.122	42.647	0.0	c2_four_seed	4	1931	CORE_EXPLOITATION	/data1/qlyu/projects/pvrig_c2_new6220_dualreceptor_2seed_docking_results_v1_20260723/c2_new4220/compressed_queue/CANDIDATE_P1MCPUFP__CPUFP500K_0188__00810_9e6y_s1931_e96fccf3b1e6.tar.gz	runs/CANDIDATE_P1MCPUFP__CPUFP500K_0188__00810_9e6y_s1931_e96fccf3b1e6/haddock_run/6_seletopclusts/cluster_1_model_1.pdb.gz	e96fccf3b1e679d53ca3b36678afc0f19af928de96e8a96a8f7adf99fc640be5	8c55751f66ac2930ce115a9419321a2b2bed220b61af2e1671f7ac6e6a2e33b3	CANDIDATE_P1MCPUFP__CPUFP500K_0188__00810_9e6y_s1931_e96fccf3b1e6	0.0	Static structure diagnostics only; not experimental affinity, blocking, expression or purity.	112	23
225.596	P1MCPUFP__CPUFP500K_0188__00819	GPGFSLPGFD	7	IDREGKV	3	AAGYQPSSSISMSPSGYEV	0.46153846	12	0.84615385	AT	8x6b	82	1184	19	1.044411	469	3	NOT_RUN_CROSS_CANDIDATE_RANK_REJECTED	4	/data/qlyu/projects/pvrig_top7500_dualpanel_screen_v1_20260724/run/static_review/inputs/pdb/CANDIDATE_P1MCPUFP__CPUFP500K_0188__00819_8x6b_s917_15729653b734.pdb	5bddc044ee5d59280f9a74a03fa25366ca81d8a95a44d676860de0024193098b	-96.9402	12	7	353	0.63826699	73	0.9	95	1203	19	0.441116	473	positive_pose_source_case02_pos_10_151H7	0	WEAK_PRIOR_ONLY	-11.383	2	cluster_1_model_1.pdb.gz	SUPPORTED_AB	DESCRIPTIVE_ONLY	1.137	25.708	1.379	57.676	3.094	1049.111	1864.107	814.996	18.0	-0.101	6.0	230.0	72.0	0.0	1.432	0.662	2.215	66.461	0.873	36.65	0.0	old_top7500	3	917	STRUCTURAL_RESERVE	/data1/qlyu/projects/pvrig_priority_top7500_dualreceptor_multiseed_docking_results_v1_20260722/top7500_25k/compressed_queue/CANDIDATE_P1MCPUFP__CPUFP500K_0188__00819_8x6b_s917_15729653b734.tar.gz	runs/CANDIDATE_P1MCPUFP__CPUFP500K_0188__00819_8x6b_s917_15729653b734/haddock_run/6_seletopclusts/cluster_1_model_1.pdb.gz	15729653b7341781718196f604ea49d13bc298cfe1b9e6f7dad3b245536cde16	8c55751f66ac2930ce115a9419321a2b2bed220b61af2e1671f7ac6e6a2e33b3	CANDIDATE_P1MCPUFP__CPUFP500K_0188__00819_8x6b_s917_15729653b734	0.0	Static structure diagnostics only; not experimental affinity, blocking, expression or purity.	176	26
248.576	P1MCPUFP__CPUFP500K_0188__00819	GPGFSLPGFD	7	IDREGKV	3	AAGYQPSSSISMSPSGYEV	0.33333333	6	0.88888889	AT	9e6y	184	1577	18	0.938359	704	4	NOT_RUN_CROSS_CANDIDATE_RANK_REJECTED	2	/data/qlyu/projects/pvrig_top7500_dualpanel_screen_v1_20260724/run/static_review/inputs/pdb/CANDIDATE_P1MCPUFP__CPUFP500K_0188__00819_9e6y_s917_f492a8d90567.pdb	b18bb656c940da909e345c928f900997adc7f27911d063a2524d3b755e72bb0c	-70.71686	7	5	271	0.52085411	61	0.9	180	1653	18	0.464191	710	positive_pose_source_case02_pos_10_151H7	0	WEAK_PRIOR_ONLY	-10.532	3	cluster_1_model_1.pdb.gz	STRICT_A	DESCRIPTIVE_ONLY	1.188	25.228	1.666	49.634	3.278	962.914	1514.243	551.33	14.0	-0.022	1.0	235.0	63.0	0.0	1.41	0.659	2.227	64.576	0.714	24.284	0.0	old_top7500	2	917	STRUCTURAL_RESERVE	/data1/qlyu/projects/pvrig_priority_top7500_dualreceptor_multiseed_docking_results_v1_20260722/top7500_25k/compressed_queue/CANDIDATE_P1MCPUFP__CPUFP500K_0188__00819_9e6y_s917_f492a8d90567.tar.gz	runs/CANDIDATE_P1MCPUFP__CPUFP500K_0188__00819_9e6y_s917_f492a8d90567/haddock_run/6_seletopclusts/cluster_1_model_1.pdb.gz	f492a8d905675298c531e9becee63b5285e082cafd2fcf7b8434c1a7cc4ad0dd	8c55751f66ac2930ce115a9419321a2b2bed220b61af2e1671f7ac6e6a2e33b3	CANDIDATE_P1MCPUFP__CPUFP500K_0188__00819_9e6y_s917_f492a8d90567	0.0	Static structure diagnostics only; not experimental affinity, blocking, expression or purity.	176	18
360.358	P1MCPUFP__CPUFP500K_0188__00839	GPGFGLPPVD	8	IDYEGRV	3	AAGYQPGPVISMLPDQYEY	0.4	10	0.84	AT	8x6b	160	1466	20	1.077137	588	7	NOT_RUN_CROSS_CANDIDATE_RANK_REJECTED	4	/data/qlyu/projects/pvrig_top7500_dualpanel_screen_v1_20260724/run/static_review/inputs/pdb/CANDIDATE_P1MCPUFP__CPUFP500K_0188__00839_8x6b_s917_9d17a9674eb9.pdb	1928b6dc21881229dd7269c5c4ad4926f705cb62610e2acb30871313f6121daf	-71.9382	9	8	278	0.57706331	66	1.0	157	1435	20	0.491119	579	positive_pose_source_case02_pos_10_151H7	0	WEAK_PRIOR_ONLY	-11.704	3	cluster_1_model_1.pdb.gz	STRICT_A	DESCRIPTIVE_ONLY	1.35	-2.191	-0.127	29.404	1.709	1054.497	1720.609	666.112	13.0	-0.099	5.0	230.0	63.0	0.0	1.951	0.638	2.59	75.117	1.405	47.78	0.0	c2_four_seed	4	917	CORE_EXPLOITATION	/data1/qlyu/projects/pvrig_c2_new6220_dualreceptor_2seed_docking_results_v1_20260723/c2_new4220/compressed_queue/CANDIDATE_P1MCPUFP__CPUFP500K_0188__00839_8x6b_s917_9d17a9674eb9.tar.gz	runs/CANDIDATE_P1MCPUFP__CPUFP500K_0188__00839_8x6b_s917_9d17a9674eb9/haddock_run/6_seletopclusts/cluster_1_model_1.pdb.gz	9d17a9674eb9fe52224dd5eee6b82b110b90abf362ef3b9c72e7b9a3080bf9db	8c55751f66ac2930ce115a9419321a2b2bed220b61af2e1671f7ac6e6a2e33b3	CANDIDATE_P1MCPUFP__CPUFP500K_0188__00839_8x6b_s917_9d17a9674eb9	0.0	Static structure diagnostics only; not experimental affinity, blocking, expression or purity.	27	25
181.126	P1MCPUFP__CPUFP500K_0188__00839	GPGFGLPPVD	7	IDYEGRV	3	AAGYQPGPVISMLPDQYEY	0.45	9	0.95	AT	9e6y	116	1315	19	0.943658	535	4	NOT_RUN_CROSS_CANDIDATE_RANK_REJECTED	1	/data/qlyu/projects/pvrig_top7500_dualpanel_screen_v1_20260724/run/static_review/inputs/pdb/CANDIDATE_P1MCPUFP__CPUFP500K_0188__00839_9e6y_s3047_bb78961f2661.pdb	6b7e9bf1fad0ad0f8a815f0fc062f97c47b3469b2f457d26d036963c3207554c	-74.1957	13	4	282	0.49523834	58	1.0	110	1332	19	0.509587	532	positive_pose_source_case02_pos_10_151H7	0	WEAK_PRIOR_ONLY	-12.304	2	cluster_1_model_1.pdb.gz	STRICT_A	DESCRIPTIVE_ONLY	1.519	-3.601	-0.23	34.869	2.23	955.29	1563.746	608.456	12.0	-0.085	3.0	235.0	62.0	0.0	1.946	0.576	3.569	89.214	0.849	31.408	0.0	c2_four_seed	2	3047	CORE_EXPLOITATION	/data1/qlyu/projects/pvrig_c2_new4220_seed42_3047_docking_results_v1_20260723/c2_new4220_seed42_3047/compressed_queue/CANDIDATE_P1MCPUFP__CPUFP500K_0188__00839_9e6y_s3047_bb78961f2661.tar.gz	runs/CANDIDATE_P1MCPUFP__CPUFP500K_0188__00839_9e6y_s3047_bb78961f2661/haddock_run/6_seletopclusts/cluster_1_model_1.pdb.gz	bb78961f2661a92ef33ddcc2767a5d937c0f3e37f60dfd7af9e1d0fdc645166b	8c55751f66ac2930ce115a9419321a2b2bed220b61af2e1671f7ac6e6a2e33b3	CANDIDATE_P1MCPUFP__CPUFP500K_0188__00839_9e6y_s3047_bb78961f2661	0.0	Static structure diagnostics only; not experimental affinity, blocking, expression or purity.	27	20
248.954	P1MCPUFP__CPUFP500K_0189__00858	GPGFGVPGVD	8	IGPEGEV	4	AAGRSYGGTVGTSPSAYDY	0.33333333	7	0.9047619	AT	8x6b	148	1451	14	1.149851	587	4	NOT_RUN_CROSS_CANDIDATE_RANK_REJECTED	2	/data/qlyu/projects/pvrig_top7500_dualpanel_screen_v1_20260724/run/static_review/inputs/pdb/CANDIDATE_P1MCPUFP__CPUFP500K_0189__00858_8x6b_s1931_190cd50b5134.pdb	5a3f5e13dcd5519b74319f5b5efea0fee6375900b8cb6d6f4cde9c010d6fb92f	-79.88103000000001	11	1	245	0.48088609	55	0.9	151	1402	14	0.672302	594	positive_pose_source_case02_pos_10_151H7	0	WEAK_PRIOR_ONLY	-10.205	2	cluster_1_model_1.pdb.gz	STRICT_A	DESCRIPTIVE_ONLY	1.676	17.265	1.071	75.031	4.652	959.681	1612.734	653.053	14.0	-0.067	7.0	230.0	63.0	0.0	3.048	0.629	2.946	91.326	3.147	100.695	0.0	old_top7500	7	1931	CORE_EXPLOITATION	/data1/qlyu/projects/pvrig_priority_top7500_dualreceptor_multiseed_docking_results_v1_20260722/top7500_25k/compressed_queue/CANDIDATE_P1MCPUFP__CPUFP500K_0189__00858_8x6b_s1931_190cd50b5134.tar.gz	runs/CANDIDATE_P1MCPUFP__CPUFP500K_0189__00858_8x6b_s1931_190cd50b5134/haddock_run/6_seletopclusts/cluster_1_model_1.pdb.gz	190cd50b5134c923d00214feeb7b36f2c33c77ec57067931297e2c81140b235a	8c55751f66ac2930ce115a9419321a2b2bed220b61af2e1671f7ac6e6a2e33b3	CANDIDATE_P1MCPUFP__CPUFP500K_0189__00858_8x6b_s1931_190cd50b5134	0.0	Static structure diagnostics only; not experimental affinity, blocking, expression or purity.	22	21
273.976	P1MCPUFP__CPUFP500K_0189__00858	GPGFGVPGVD	9	IGPEGEV	4	AAGRSYGGTVGTSPSAYDY	0.26086957	6	0.82608696	AT	9e6y	194	1741	19	0.971277	718	4	NOT_RUN_CROSS_CANDIDATE_RANK_REJECTED	4	/data/qlyu/projects/pvrig_top7500_dualpanel_screen_v1_20260724/run/static_review/inputs/pdb/CANDIDATE_P1MCPUFP__CPUFP500K_0189__00858_9e6y_s1931_50652fe4e4d4.pdb	c8d739661a741659d5f6e52feb64f63839ffc983c876625082718c5b1b30c1dc	-71.22860000000001	7	4	336	0.58062426	68	0.9	190	1753	19	0.622834	715	positive_pose_source_case02_pos_10_151H7	0	WEAK_PRIOR_ONLY	-11.617	2	cluster_1_model_1.pdb.gz	STRICT_A	DESCRIPTIVE_ONLY	1.462	10.016	0.591	66.385	3.917	1039.517	1694.799	655.282	30.0	-0.005	2.0	235.0	73.0	0.0	2.26	0.675	3.935	121.972	1.023	42.985	0.0	old_top7500	1	1931	CORE_EXPLOITATION	/data1/qlyu/projects/pvrig_priority_top7500_dualreceptor_multiseed_docking_results_v1_20260722/top7500_25k/compressed_queue/CANDIDATE_P1MCPUFP__CPUFP500K_0189__00858_9e6y_s1931_50652fe4e4d4.tar.gz	runs/CANDIDATE_P1MCPUFP__CPUFP500K_0189__00858_9e6y_s1931_50652fe4e4d4/haddock_run/6_seletopclusts/cluster_1_model_1.pdb.gz	50652fe4e4d47cd095c76df2048f96fa29b3a99b031bab7222275c1f28e15f0d	8c55751f66ac2930ce115a9419321a2b2bed220b61af2e1671f7ac6e6a2e33b3	CANDIDATE_P1MCPUFP__CPUFP500K_0189__00858_9e6y_s1931_50652fe4e4d4	0.0	Static structure diagnostics only; not experimental affinity, blocking, expression or purity.	22	23
234.764	P1MCPUFP__CPUFP500K_0190__00879	GDRSSPGGRG	4	VSAAGTV	0	AMGESGSPTPPLDPRGYSA	0.66666667	12	0.88888889	AT	8x6b	163	1552	16	1.095184	675	2	NOT_RUN_CROSS_CANDIDATE_RANK_REJECTED	2	/data/qlyu/projects/pvrig_top7500_dualpanel_screen_v1_20260724/run/static_review/inputs/pdb/CANDIDATE_P1MCPUFP__CPUFP500K_0190__00879_8x6b_s917_f09856e6dacc.pdb	b2d0d9eb26fc352f226fda86afd7bfee3e5ce721a0e1e0ed76ac7aeb884bdf44	-66.14973000000002	9	2	263	0.48962948	56	0.9	163	1509	16	0.540993	655	positive_pose_source_case02_pos_11_151H8	0	WEAK_PRIOR_ONLY	-9.917	2	cluster_1_model_1.pdb.gz	STRICT_A	DESCRIPTIVE_ONLY	1.204	-5.735	-0.38	22.056	1.462	831.434	1509.037	677.603	14.0	-0.126	4.0	230.0	67.0	0.0	1.053	0.568	1.63	53.795	0.493	16.764	0.0	old_top7500	6	917	PARENT_CDR3_DIVERSITY	/data1/qlyu/projects/pvrig_priority_top7500_dualreceptor_multiseed_docking_results_v1_20260722/top7500_25k/compressed_queue/CANDIDATE_P1MCPUFP__CPUFP500K_0190__00879_8x6b_s917_f09856e6dacc.tar.gz	runs/CANDIDATE_P1MCPUFP__CPUFP500K_0190__00879_8x6b_s917_f09856e6dacc/haddock_run/6_seletopclusts/cluster_1_model_1.pdb.gz	f09856e6dacc4621daafae7df062dfadb5fa8e7bfc74f99d39394556c1ac98e7	8c55751f66ac2930ce115a9419321a2b2bed220b61af2e1671f7ac6e6a2e33b3	CANDIDATE_P1MCPUFP__CPUFP500K_0190__00879_8x6b_s917_f09856e6dacc	0.0	Static structure diagnostics only; not experimental affinity, blocking, expression or purity.	139	18
327.881	P1MCPUFP__CPUFP500K_0190__00879	GDRSSPGGRG	7	VSAAGTV	3	AMGESGSPTPPLDPRGYSA	0.45454545	10	0.90909091	AT	9e6y	112	1259	16	0.947439	547	3	NOT_RUN_CROSS_CANDIDATE_RANK_REJECTED	2	/data/qlyu/projects/pvrig_top7500_dualpanel_screen_v1_20260724/run/static_review/inputs/pdb/CANDIDATE_P1MCPUFP__CPUFP500K_0190__00879_9e6y_s1931_9659f20d469f.pdb	d70d91c21d9c4c3ac8ddb6f8b09e9fffca3552c3c109018b346b377b6fc468a0	-54.94333	10	2	226	0.45254538	53	0.8	104	1275	16	0.538774	541	positive_pose_source_case02_pos_11_151H8	0	WEAK_PRIOR_ONLY	-9.623	2	cluster_1_model_1.pdb.gz	STRICT_A	DESCRIPTIVE_ONLY	1.011	-3.224	-0.204	19.604	1.24	923.197	1580.755	657.558	12.0	-0.176	5.0	235.0	65.0	0.0	0.56	0.517	1.92	51.837	-0.406	-15.419	0.0	old_top7500	10	1931	PARENT_CDR3_DIVERSITY	/data1/qlyu/projects/pvrig_priority_top7500_dualreceptor_multiseed_docking_results_v1_20260722/top7500_25k/compressed_queue/CANDIDATE_P1MCPUFP__CPUFP500K_0190__00879_9e6y_s1931_9659f20d469f.tar.gz	runs/CANDIDATE_P1MCPUFP__CPUFP500K_0190__00879_9e6y_s1931_9659f20d469f/haddock_run/6_seletopclusts/cluster_1_model_1.pdb.gz	9659f20d469fd9ad4178b9e87431e514f1e9dc5606ffe39934c0a523883702bc	8c55751f66ac2930ce115a9419321a2b2bed220b61af2e1671f7ac6e6a2e33b3	CANDIDATE_P1MCPUFP__CPUFP500K_0190__00879_9e6y_s1931_9659f20d469f	0.0	Static structure diagnostics only; not experimental affinity, blocking, expression or purity.	139	22
265.893	P1MCPUFP__CPUFP500K_0199__00049	GPGFRGGPYS	8	IDIAGTT	0	AAGFLPTTTIPTTGEGWDF	0.44444444	8	0.88888889	AT	8x6b	190	1671	16	1.115583	717	2	NOT_RUN_CROSS_CANDIDATE_RANK_REJECTED	2	/data/qlyu/projects/pvrig_top7500_dualpanel_screen_v1_20260724/run/static_review/inputs/pdb/CANDIDATE_P1MCPUFP__CPUFP500K_0199__00049_8x6b_s1931_0c45d52982a4.pdb	92a085e6ad5d49e63133a030890ebc6e38682451662d6e9a53f42f917ba47661	-82.0312	9	7	271	0.50711624	58	0.7	186	1599	16	0.519666	715	positive_pose_source_case02_pos_01_PVRIG-151_HR151	0	WEAK_PRIOR_ONLY	-10.192	2	cluster_1_model_1.pdb.gz	STRICT_A	DESCRIPTIVE_ONLY	1.407	21.837	1.611	48.958	3.612	892.145	1355.407	463.262	15.0	-0.07	4.0	230.0	62.0	0.0	2.113	0.759	3.75	108.76	0.674	22.245	0.0	old_top7500	3	1931	CORE_EXPLOITATION	/data1/qlyu/projects/pvrig_priority_top7500_dualreceptor_multiseed_docking_results_v1_20260722/top7500_25k/compressed_queue/CANDIDATE_P1MCPUFP__CPUFP500K_0199__00049_8x6b_s1931_0c45d52982a4.tar.gz	runs/CANDIDATE_P1MCPUFP__CPUFP500K_0199__00049_8x6b_s1931_0c45d52982a4/haddock_run/6_seletopclusts/cluster_1_model_1.pdb.gz	0c45d52982a4c268dfba60b525aa63917c4ea554c1a892745042bdfbf19d9b4f	8c55751f66ac2930ce115a9419321a2b2bed220b61af2e1671f7ac6e6a2e33b3	CANDIDATE_P1MCPUFP__CPUFP500K_0199__00049_8x6b_s1931_0c45d52982a4	0.0	Static structure diagnostics only; not experimental affinity, blocking, expression or purity.	68	18
236.782	P1MCPUFP__CPUFP500K_0199__00049	GPGFRGGPYS	7	IDIAGTT	0	AAGFLPTTTIPTTGEGWDF	0.47368421	9	0.84210526	AT	9e6y	163	1734	18	0.940306	662	4	NOT_RUN_CROSS_CANDIDATE_RANK_REJECTED	3	/data/qlyu/projects/pvrig_top7500_dualpanel_screen_v1_20260724/run/static_review/inputs/pdb/CANDIDATE_P1MCPUFP__CPUFP500K_0199__00049_9e6y_s917_4e257a336e7e.pdb	52fea869391144831d348c8614c57753b3c3737b0d859e3a08f8980874f07966	-84.58789999999999	8	6	228	0.46962256	55	0.8	163	1767	18	0.528448	664	positive_pose_source_case02_pos_01_PVRIG-151_HR151	0	WEAK_PRIOR_ONLY	-10.641	2	cluster_1_model_1.pdb.gz	STRICT_A	DESCRIPTIVE_ONLY	1.698	0.689	0.049	23.505	1.665	894.755	1411.546	516.792	11.0	-0.208	5.0	235.0	62.0	0.0	2.094	0.596	3.242	97.249	1.017	32.553	0.0	old_top7500	4	917	CORE_EXPLOITATION	/data1/qlyu/projects/pvrig_priority_top7500_dualreceptor_multiseed_docking_results_v1_20260722/top7500_25k/compressed_queue/CANDIDATE_P1MCPUFP__CPUFP500K_0199__00049_9e6y_s917_4e257a336e7e.tar.gz	runs/CANDIDATE_P1MCPUFP__CPUFP500K_0199__00049_9e6y_s917_4e257a336e7e/haddock_run/6_seletopclusts/cluster_1_model_1.pdb.gz	4e257a336e7ea713604829f2c6c94f38921022beedebd25aa04682a886fde18a	8c55751f66ac2930ce115a9419321a2b2bed220b61af2e1671f7ac6e6a2e33b3	CANDIDATE_P1MCPUFP__CPUFP500K_0199__00049_9e6y_s917_4e257a336e7e	0.0	Static structure diagnostics only; not experimental affinity, blocking, expression or purity.	68	19
299.657	P1MCPUFP__CPUFP500K_0200__00524	GPGWTSGDFH	5	IDAQGTV	0	AAGLLPSGSIPADGEGFDF	0.5625	9	0.875	AT	8x6b	173	1603	17	1.085897	639	3	NOT_RUN_CROSS_CANDIDATE_RANK_REJECTED	2	/data/qlyu/projects/pvrig_top7500_dualpanel_screen_v1_20260724/run/static_review/inputs/pdb/CANDIDATE_P1MCPUFP__CPUFP500K_0200__00524_8x6b_s42_21e855c40abe.pdb	2450fd0c44020a4a7f721890ece9d0e0d6f8eb7ab481f9ff55852e282d30ad1f	-77.69539999999999	7	7	222	0.38470887	44	1.0	170	1534	17	0.498486	636	positive_pose_source_case02_pos_01_PVRIG-151_HR151	0	WEAK_PRIOR_ONLY	-10.171	4	cluster_1_model_1.pdb.gz	STRICT_A	DESCRIPTIVE_ONLY	0.902	1.565	0.108	45.272	3.129	956.325	1447.009	490.685	17.0	-0.077	4.0	230.0	58.0	0.0	1.481	0.534	1.405	39.349	1.552	46.556	0.0	c2_four_seed	5	42	CORE_EXPLOITATION	/data1/qlyu/projects/pvrig_c2_new4220_seed42_3047_docking_results_v1_20260723/c2_new4220_seed42_3047/compressed_queue/CANDIDATE_P1MCPUFP__CPUFP500K_0200__00524_8x6b_s42_21e855c40abe.tar.gz	runs/CANDIDATE_P1MCPUFP__CPUFP500K_0200__00524_8x6b_s42_21e855c40abe/haddock_run/6_seletopclusts/cluster_1_model_1.pdb.gz	21e855c40abef612498beac1c19807563d0f7901204e23eb3fd506b12a1685b4	8c55751f66ac2930ce115a9419321a2b2bed220b61af2e1671f7ac6e6a2e33b3	CANDIDATE_P1MCPUFP__CPUFP500K_0200__00524_8x6b_s42_21e855c40abe	0.0	Static structure diagnostics only; not experimental affinity, blocking, expression or purity.	120	16
259.916	P1MCPUFP__CPUFP500K_0200__00524	GPGWTSGDFH	4	IDAQGTV	0	AAGLLPSGSIPADGEGFDF	0.61111111	11	0.83333333	AT	9e6y	233	1815	18	0.929255	767	4	NOT_RUN_CROSS_CANDIDATE_RANK_REJECTED	3	/data/qlyu/projects/pvrig_top7500_dualpanel_screen_v1_20260724/run/static_review/inputs/pdb/CANDIDATE_P1MCPUFP__CPUFP500K_0200__00524_9e6y_s917_1d7763ff2197.pdb	d24b7b289db207cf699054f36ca3fd3cbc02dc25692f96bc21a49a5f931d535e	-93.18909999999998	9	4	245	0.43546819	51	1.0	239	1824	18	0.524196	766	positive_pose_source_case02_pos_01_PVRIG-151_HR151	0	WEAK_PRIOR_ONLY	-10.237	4	cluster_1_model_1.pdb.gz	STRICT_A	DESCRIPTIVE_ONLY	1.117	-8.81	-0.575	9.532	0.622	1056.761	1531.591	474.83	10.0	-0.281	2.0	235.0	59.0	0.0	0.941	0.594	1.07	28.885	0.832	26.61	0.0	c2_four_seed	2	917	CORE_EXPLOITATION	/data1/qlyu/projects/pvrig_c2_new6220_dualreceptor_2seed_docking_results_v1_20260723/c2_new4220/compressed_queue/CANDIDATE_P1MCPUFP__CPUFP500K_0200__00524_9e6y_s917_1d7763ff2197.tar.gz	runs/CANDIDATE_P1MCPUFP__CPUFP500K_0200__00524_9e6y_s917_1d7763ff2197/haddock_run/6_seletopclusts/cluster_1_model_1.pdb.gz	1d7763ff21976e96fbd5a2087bd7c7a17017ac9b60cf295bf7a465439e47e029	8c55751f66ac2930ce115a9419321a2b2bed220b61af2e1671f7ac6e6a2e33b3	CANDIDATE_P1MCPUFP__CPUFP500K_0200__00524_9e6y_s917_1d7763ff2197	0.0	Static structure diagnostics only; not experimental affinity, blocking, expression or purity.	120	18
222.483	P1MCPUFP__CPUFP500K_0200__00934	GPGWQHGDFS	9	VDSYGTT	1	AAGYLPTGDIPATGEGYEH	0.42307692	11	0.80769231	AT	8x6b	105	1304	21	1.122578	552	5	NOT_RUN_CROSS_CANDIDATE_RANK_REJECTED	5	/data/qlyu/projects/pvrig_top7500_dualpanel_screen_v1_20260724/run/static_review/inputs/pdb/CANDIDATE_P1MCPUFP__CPUFP500K_0200__00934_8x6b_s3047_d972dce5e7fb.pdb	c3758a95dda1a6963a2b21c7d2c64eea02a140e80fbe05e74062c356f34d827d	-94.0627	8	8	306	0.58580669	67	0.9	112	1315	21	0.571818	546	positive_pose_source_case02_pos_01_PVRIG-151_HR151	0	WEAK_PRIOR_ONLY	-12.786	2	cluster_1_model_1.pdb.gz	STRICT_A	DESCRIPTIVE_ONLY	1.192	2.531	0.137	32.588	1.761	1178.678	1850.15	671.472	20.0	-0.098	4.0	230.0	69.0	0.0	1.495	0.596	1.996	57.873	1.132	45.264	0.0	c2_four_seed	1	3047	CORE_EXPLOITATION	/data1/qlyu/projects/pvrig_c2_new4220_seed42_3047_docking_results_v1_20260723/c2_new4220_seed42_3047/compressed_queue/CANDIDATE_P1MCPUFP__CPUFP500K_0200__00934_8x6b_s3047_d972dce5e7fb.tar.gz	runs/CANDIDATE_P1MCPUFP__CPUFP500K_0200__00934_8x6b_s3047_d972dce5e7fb/haddock_run/6_seletopclusts/cluster_1_model_1.pdb.gz	d972dce5e7fba39558ba48ce5aed9b19c7ed40f6e26598d85bee21bb3bd2f0d6	8c55751f66ac2930ce115a9419321a2b2bed220b61af2e1671f7ac6e6a2e33b3	CANDIDATE_P1MCPUFP__CPUFP500K_0200__00934_8x6b_s3047_d972dce5e7fb	0.0	Static structure diagnostics only; not experimental affinity, blocking, expression or purity.	93	26
233.21	P1MCPUFP__CPUFP500K_0200__00934	GPGWQHGDFS	7	VDSYGTT	2	AAGYLPTGDIPATGEGYEH	0.42105263	8	0.89473684	AT	9e6y	165	1633	19	0.988117	654	4	NOT_RUN_CROSS_CANDIDATE_RANK_REJECTED	2	/data/qlyu/projects/pvrig_top7500_dualpanel_screen_v1_20260724/run/static_review/inputs/pdb/CANDIDATE_P1MCPUFP__CPUFP500K_0200__00934_9e6y_s3047_430aa83e1cdd.pdb	aeebc15f1335e788b3f549908b8c6b2384e6e2d05135754782bfe72bb2c056e0	-92.8107	10	6	217	0.46962256	55	0.9	156	1590	19	0.566104	646	positive_pose_source_case02_pos_01_PVRIG-151_HR151	0	WEAK_PRIOR_ONLY	-11.508	2	cluster_1_model_1.pdb.gz	STRICT_A	DESCRIPTIVE_ONLY	1.148	-16.96	-1.036	42.227	2.58	995.129	1636.432	641.303	16.0	-0.052	3.0	235.0	62.0	0.0	1.572	0.589	2.182	63.288	1.036	34.172	0.0	c2_four_seed	4	3047	CORE_EXPLOITATION	/data1/qlyu/projects/pvrig_c2_new4220_seed42_3047_docking_results_v1_20260723/c2_new4220_seed42_3047/compressed_queue/CANDIDATE_P1MCPUFP__CPUFP500K_0200__00934_9e6y_s3047_430aa83e1cdd.tar.gz	runs/CANDIDATE_P1MCPUFP__CPUFP500K_0200__00934_9e6y_s3047_430aa83e1cdd/haddock_run/6_seletopclusts/cluster_1_model_1.pdb.gz	430aa83e1cdd54323c57dd65d97fcc5ce95e3aa44a38625bf4ced06f396de8bf	8c55751f66ac2930ce115a9419321a2b2bed220b61af2e1671f7ac6e6a2e33b3	CANDIDATE_P1MCPUFP__CPUFP500K_0200__00934_9e6y_s3047_430aa83e1cdd	0.0	Static structure diagnostics only; not experimental affinity, blocking, expression or purity.	93	19
252.943	P1MCPUFP__CPUFP500K_0206__00415	GPGFSGGPFS	5	VDWEGGT	0	AAGRVETGDVPTDGTGWDY	0.52631579	10	0.78947368	AT	8x6b	154	1587	19	1.011266	631	3	NOT_RUN_CROSS_CANDIDATE_RANK_REJECTED	4	/data/qlyu/projects/pvrig_top7500_dualpanel_screen_v1_20260724/run/static_review/inputs/pdb/CANDIDATE_P1MCPUFP__CPUFP500K_0206__00415_8x6b_s1931_2598ee321846.pdb	361170fadc9fb384713ad1fd26abe4a1af4ec86511edcd67e6bc65d40f2e25b0	-71.017	11	2	229	0.44591256	51	0.7	154	1644	19	0.44553	639	positive_pose_source_case02_pos_01_PVRIG-151_HR151	0	WEAK_PRIOR_ONLY	-9.879	4	cluster_1_model_1.pdb.gz	STRICT_A	DESCRIPTIVE_ONLY	0.479	-10.309	-0.628	2.618	0.16	939.252	1641.526	702.273	12.0	-1.858	6.0	230.0	65.0	0.0	0.106	0.525	0.886	27.465	-0.605	-20.571	0.0	c2_four_seed	2	1931	CORE_EXPLOITATION	/data1/qlyu/projects/pvrig_c2_new6220_dualreceptor_2seed_docking_results_v1_20260723/c2_new4220/compressed_queue/CANDIDATE_P1MCPUFP__CPUFP500K_0206__00415_8x6b_s1931_2598ee321846.tar.gz	runs/CANDIDATE_P1MCPUFP__CPUFP500K_0206__00415_8x6b_s1931_2598ee321846/haddock_run/6_seletopclusts/cluster_1_model_1.pdb.gz	2598ee321846bb769ec5e2ffd21cd6c0283fc097214db358b5ad20011269b404	8c55751f66ac2930ce115a9419321a2b2bed220b61af2e1671f7ac6e6a2e33b3	CANDIDATE_P1MCPUFP__CPUFP500K_0206__00415_8x6b_s1931_2598ee321846	0.0	Static structure diagnostics only; not experimental affinity, blocking, expression or purity.	95	19
125.212	P1MCPUFP__CPUFP500K_0206__00415	GPGFSGGPFS	7	VDWEGGT	0	AAGRVETGDVPTDGTGWDY	0.5	9	0.88888889	AT	9e6y	184	1619	15	0.994407	679	2	NOT_RUN_CROSS_CANDIDATE_RANK_REJECTED	2	/data/qlyu/projects/pvrig_top7500_dualpanel_screen_v1_20260724/run/static_review/inputs/pdb/CANDIDATE_P1MCPUFP__CPUFP500K_0206__00415_9e6y_s42_48efa210e116.pdb	79ddd6ff7480d84823d0bd4628a4499846e3764513abf644d3f4e0c87fb8f26b	-65.54956000000001	7	2	214	0.43546819	51	0.7	183	1590	15	0.623235	659	positive_pose_source_case02_pos_01_PVRIG-151_HR151	0	WEAK_PRIOR_ONLY	-9.628	4	cluster_1_model_1.pdb.gz	STRICT_A	DESCRIPTIVE_ONLY	1.212	17.0	1.154	33.689	2.288	861.495	1472.654	611.159	21.0	-0.175	7.0	235.0	66.0	0.0	1.152	0.539	1.928	55.904	0.545	20.15	0.0	c2_four_seed	1	42	CORE_EXPLOITATION	/data1/qlyu/projects/pvrig_c2_new4220_seed42_3047_docking_results_v1_20260723/c2_new4220_seed42_3047/compressed_queue/CANDIDATE_P1MCPUFP__CPUFP500K_0206__00415_9e6y_s42_48efa210e116.tar.gz	runs/CANDIDATE_P1MCPUFP__CPUFP500K_0206__00415_9e6y_s42_48efa210e116/haddock_run/6_seletopclusts/cluster_1_model_1.pdb.gz	48efa210e1165a6acbafb746c7fe3d9a8ad10a3f0ab6defbe6fffb82f2f23732	8c55751f66ac2930ce115a9419321a2b2bed220b61af2e1671f7ac6e6a2e33b3	CANDIDATE_P1MCPUFP__CPUFP500K_0206__00415_9e6y_s42_48efa210e116	0.0	Static structure diagnostics only; not experimental affinity, blocking, expression or purity.	95	18
204.694	P1MCPUFP__CPUFP500K_0206__00422	GPGPGRGPFS	7	VDWEGGT	0	GAGFLPDGVVPTTGEGWDY	0.64	16	0.92	AT	8x6b	157	1348	16	1.076071	529	2	NOT_RUN_CROSS_CANDIDATE_RANK_REJECTED	2	/data/qlyu/projects/pvrig_top7500_dualpanel_screen_v1_20260724/run/static_review/inputs/pdb/CANDIDATE_P1MCPUFP__CPUFP500K_0206__00422_8x6b_s1931_ecdc8118a3af.pdb	af830608542f1b70d9fd43894d0bf1d981eb7fe27c34745fa7d3928e526e3fe7	-119.56711999999999	22	7	364	0.6907273	79	0.6	150	1375	16	0.566153	535	positive_pose_source_case02_pos_01_PVRIG-151_HR151	0	WEAK_PRIOR_ONLY	-11.611	4	cluster_1_model_1.pdb.gz	STRICT_A	DESCRIPTIVE_ONLY	1.137	-4.909	-0.258	25.026	1.315	1011.542	1903.025	891.483	28.0	-0.157	5.0	230.0	69.0	0.0	1.464	0.666	2.719	78.861	0.554	22.148	0.0	c2_four_seed	5	1931	CORE_EXPLOITATION	/data1/qlyu/projects/pvrig_c2_new6220_dualreceptor_2seed_docking_results_v1_20260723/c2_new4220/compressed_queue/CANDIDATE_P1MCPUFP__CPUFP500K_0206__00422_8x6b_s1931_ecdc8118a3af.tar.gz	runs/CANDIDATE_P1MCPUFP__CPUFP500K_0206__00422_8x6b_s1931_ecdc8118a3af/haddock_run/6_seletopclusts/cluster_1_model_1.pdb.gz	ecdc8118a3afaf11a9d15f4d78c2b58e8c7c83cd1dd2db35641230970dfb56ed	8c55751f66ac2930ce115a9419321a2b2bed220b61af2e1671f7ac6e6a2e33b3	CANDIDATE_P1MCPUFP__CPUFP500K_0206__00422_8x6b_s1931_ecdc8118a3af	0.0	Static structure diagnostics only; not experimental affinity, blocking, expression or purity.	110	25
218.791	P1MCPUFP__CPUFP500K_0206__00422	GPGPGRGPFS	7	VDWEGGT	0	GAGFLPDGVVPTTGEGWDY	0.60869565	14	0.91304348	AT	9e6y	152	1301	15	0.937745	518	2	NOT_RUN_CROSS_CANDIDATE_RANK_REJECTED	2	/data/qlyu/projects/pvrig_top7500_dualpanel_screen_v1_20260724/run/static_review/inputs/pdb/CANDIDATE_P1MCPUFP__CPUFP500K_0206__00422_9e6y_s917_0891a51c202b.pdb	3de8d070c479e8193df3c8708a049527e6f3a5aeaad8c978c60c9d56cd77b791	-97.82397	13	7	297	0.58916285	69	0.8	150	1272	15	0.492321	503	positive_pose_source_case02_pos_01_PVRIG-151_HR151	0	WEAK_PRIOR_ONLY	-10.916	4	cluster_1_model_1.pdb.gz	STRICT_A	DESCRIPTIVE_ONLY	1.429	9.987	0.569	69.826	3.976	950.604	1756.149	805.545	14.0	-0.053	7.0	235.0	67.0	0.0	1.846	0.634	3.38	91.268	0.811	32.439	0.0	c2_four_seed	5	917	CORE_EXPLOITATION	/data1/qlyu/projects/pvrig_c2_new6220_dualreceptor_2seed_docking_results_v1_20260723/c2_new4220/compressed_queue/CANDIDATE_P1MCPUFP__CPUFP500K_0206__00422_9e6y_s917_0891a51c202b.tar.gz	runs/CANDIDATE_P1MCPUFP__CPUFP500K_0206__00422_9e6y_s917_0891a51c202b/haddock_run/6_seletopclusts/cluster_1_model_1.pdb.gz	0891a51c202bcebbc34dd8d5d91ac42a073479bcb49878d430205f4d88c055ba	8c55751f66ac2930ce115a9419321a2b2bed220b61af2e1671f7ac6e6a2e33b3	CANDIDATE_P1MCPUFP__CPUFP500K_0206__00422_9e6y_s917_0891a51c202b	0.0	Static structure diagnostics only; not experimental affinity, blocking, expression or purity.	110	23
220.965	P1MCPUFP__CPUFP500K_0206__00564	GPGPGRGPFS	7	VDSEGGT	1	AAGFLSSGDVPTTGAGWDY	0.56521739	13	0.91304348	AT	8x6b	224	1776	19	1.064044	716	2	NOT_RUN_CROSS_CANDIDATE_RANK_REJECTED	2	/data/qlyu/projects/pvrig_top7500_dualpanel_screen_v1_20260724/run/static_review/inputs/pdb/CANDIDATE_P1MCPUFP__CPUFP500K_0206__00564_8x6b_s917_4bb1cb833444.pdb	56b3da170b865e5038ebc547e3b60eac3da659b1f8429229ded8de54b3c0f6c3	-84.878	11	6	260	0.55957654	64	0.9	223	1719	19	0.507468	721	positive_pose_source_case02_pos_01_PVRIG-151_HR151	0	WEAK_PRIOR_ONLY	-10.356	2	cluster_1_model_1.pdb.gz	STRICT_A	DESCRIPTIVE_ONLY	1.135	-16.687	-1.096	7.117	0.467	960.659	1522.849	562.191	21.0	-0.593	7.0	230.0	65.0	0.0	1.691	0.688	2.538	73.611	1.008	36.304	0.0	c2_four_seed	4	917	CORE_EXPLOITATION	/data1/qlyu/projects/pvrig_c2_new6220_dualreceptor_2seed_docking_results_v1_20260723/c2_new4220/compressed_queue/CANDIDATE_P1MCPUFP__CPUFP500K_0206__00564_8x6b_s917_4bb1cb833444.tar.gz	runs/CANDIDATE_P1MCPUFP__CPUFP500K_0206__00564_8x6b_s917_4bb1cb833444/haddock_run/6_seletopclusts/cluster_1_model_1.pdb.gz	4bb1cb8334447a462a47404924082254bd2a6abb61bc3fe88ada755fb1cd7420	8c55751f66ac2930ce115a9419321a2b2bed220b61af2e1671f7ac6e6a2e33b3	CANDIDATE_P1MCPUFP__CPUFP500K_0206__00564_8x6b_s917_4bb1cb833444	0.0	Static structure diagnostics only; not experimental affinity, blocking, expression or purity.	40	23
230.541	P1MCPUFP__CPUFP500K_0206__00564	GPGPGRGPFS	7	VDSEGGT	1	AAGFLSSGDVPTTGAGWDY	0.58333333	14	0.91666667	AT	9e6y	221	1677	19	0.934441	684	2	NOT_RUN_CROSS_CANDIDATE_RANK_REJECTED	2	/data/qlyu/projects/pvrig_top7500_dualpanel_screen_v1_20260724/run/static_review/inputs/pdb/CANDIDATE_P1MCPUFP__CPUFP500K_0206__00564_9e6y_s3047_53ef5bf15555.pdb	75f770fe96a1435edd063596cf25d697d53b0c9588fa42206eecaf3e1bbc6770	-80.90722999999998	12	6	268	0.58916285	69	0.9	226	1787	19	0.551861	717	positive_pose_source_case02_pos_01_PVRIG-151_HR151	0	WEAK_PRIOR_ONLY	-11.342	2	cluster_1_model_1.pdb.gz	STRICT_A	DESCRIPTIVE_ONLY	0.94	6.684	0.419	31.735	1.988	949.739	1596.567	646.828	20.0	-0.204	7.0	235.0	69.0	0.0	1.502	0.673	2.609	80.89	0.599	22.76	0.0	c2_four_seed	2	3047	CORE_EXPLOITATION	/data1/qlyu/projects/pvrig_c2_new4220_seed42_3047_docking_results_v1_20260723/c2_new4220_seed42_3047/compressed_queue/CANDIDATE_P1MCPUFP__CPUFP500K_0206__00564_9e6y_s3047_53ef5bf15555.tar.gz	runs/CANDIDATE_P1MCPUFP__CPUFP500K_0206__00564_9e6y_s3047_53ef5bf15555/haddock_run/6_seletopclusts/cluster_1_model_1.pdb.gz	53ef5bf15555ad1209e9ccd4b26ce5f8331381dae93de8465067c5a81f7fc04e	8c55751f66ac2930ce115a9419321a2b2bed220b61af2e1671f7ac6e6a2e33b3	CANDIDATE_P1MCPUFP__CPUFP500K_0206__00564_9e6y_s3047_53ef5bf15555	0.0	Static structure diagnostics only; not experimental affinity, blocking, expression or purity.	40	24
171.877	P1MCPUFP__CPUFP500K_0206__00634	GPGLSRGPFS	5	VDWEGGT	0	AAGFLEDGVVPTSGSGWDY	0.56521739	13	0.7826087	AT	8x6b	198	1629	16	1.125535	700	3	NOT_RUN_CROSS_CANDIDATE_RANK_REJECTED	5	/data/qlyu/projects/pvrig_top7500_dualpanel_screen_v1_20260724/run/static_review/inputs/pdb/CANDIDATE_P1MCPUFP__CPUFP500K_0206__00634_8x6b_s917_d664e8ec0892.pdb	ea402aa3d6a28d8af2fab1e704e55d13f224c9af9cc63d3ce3ae1e13a4486997	-92.67706	12	7	264	0.53334639	61	0.7	193	1574	16	0.579133	704	positive_pose_source_case02_pos_01_PVRIG-151_HR151	0	WEAK_PRIOR_ONLY	-11.685	4	cluster_1_model_1.pdb.gz	STRICT_A	DESCRIPTIVE_ONLY	1.099	-5.811	-0.359	98.139	6.062	809.588	1618.988	809.401	29.0	-0.014	3.0	230.0	73.0	0.0	1.562	0.588	0.838	30.16	2.266	83.837	0.0	c2_four_seed	6	917	CORE_EXPLOITATION	/data1/qlyu/projects/pvrig_c2_new6220_dualreceptor_2seed_docking_results_v1_20260723/c2_new4220/compressed_queue/CANDIDATE_P1MCPUFP__CPUFP500K_0206__00634_8x6b_s917_d664e8ec0892.tar.gz	runs/CANDIDATE_P1MCPUFP__CPUFP500K_0206__00634_8x6b_s917_d664e8ec0892/haddock_run/6_seletopclusts/cluster_1_model_1.pdb.gz	d664e8ec089203c0a1aaf5ed131df9e50655da10d20877937b5e4f6fce04d891	8c55751f66ac2930ce115a9419321a2b2bed220b61af2e1671f7ac6e6a2e33b3	CANDIDATE_P1MCPUFP__CPUFP500K_0206__00634_8x6b_s917_d664e8ec0892	0.0	Static structure diagnostics only; not experimental affinity, blocking, expression or purity.	91	23
170.431	P1MCPUFP__CPUFP500K_0206__00634	GPGLSRGPFS	5	VDWEGGT	0	AAGFLEDGVVPTSGSGWDY	0.54545455	12	0.77272727	AT	9e6y	198	1602	17	0.942544	732	3	NOT_RUN_CROSS_CANDIDATE_RANK_REJECTED	5	/data/qlyu/projects/pvrig_top7500_dualpanel_screen_v1_20260724/run/static_review/inputs/pdb/CANDIDATE_P1MCPUFP__CPUFP500K_0206__00634_9e6y_s917_3400428e2129.pdb	66976e374ab24aa130299aed100bf91ae4c078af277c2b8ebbdcfa6c64e09509	-100.04410000000001	12	7	263	0.55500848	65	0.8	198	1718	17	0.533052	720	positive_pose_source_case02_pos_01_PVRIG-151_HR151	0	WEAK_PRIOR_ONLY	-11.888	4	cluster_1_model_1.pdb.gz	STRICT_A	DESCRIPTIVE_ONLY	1.093	-5.84	-0.353	24.835	1.502	924.279	1653.747	729.469	23.0	-0.16	6.0	235.0	71.0	0.0	0.604	0.611	1.003	35.113	0.215	7.757	0.0	c2_four_seed	6	917	CORE_EXPLOITATION	/data1/qlyu/projects/pvrig_c2_new6220_dualreceptor_2seed_docking_results_v1_20260723/c2_new4220/compressed_queue/CANDIDATE_P1MCPUFP__CPUFP500K_0206__00634_9e6y_s917_3400428e2129.tar.gz	runs/CANDIDATE_P1MCPUFP__CPUFP500K_0206__00634_9e6y_s917_3400428e2129/haddock_run/6_seletopclusts/cluster_1_model_1.pdb.gz	3400428e2129682133f04880547e191adfdaa0e7360385792bc368b399598e81	8c55751f66ac2930ce115a9419321a2b2bed220b61af2e1671f7ac6e6a2e33b3	CANDIDATE_P1MCPUFP__CPUFP500K_0206__00634_9e6y_s917_3400428e2129	0.0	Static structure diagnostics only; not experimental affinity, blocking, expression or purity.	91	22
251.714	P1MCPUFP__CPUFP500K_0206__00861	GPGFSRGPWS	7	IDYEGGT	1	AAGDLRSGTVPTTGEGWDY	0.5	10	0.9	AT	8x6b	170	1704	18	1.080728	688	2	NOT_RUN_CROSS_CANDIDATE_RANK_REJECTED	2	/data/qlyu/projects/pvrig_top7500_dualpanel_screen_v1_20260724/run/static_review/inputs/pdb/CANDIDATE_P1MCPUFP__CPUFP500K_0206__00861_8x6b_s917_a5a0d1d41631.pdb	c50fe328bea82b4923a768f54e8c70846edbc84cce6668e7b5964fcaba594744	-61.39654	12	2	282	0.49837286	57	0.7	174	1621	18	0.514781	681	positive_pose_source_case02_pos_01_PVRIG-151_HR151	0	WEAK_PRIOR_ONLY	-11.203	2	cluster_1_model_1.pdb.gz	STRICT_A	DESCRIPTIVE_ONLY	1.352	-11.165	-0.76	63.227	4.304	829.266	1469.009	639.743	17.0	-0.066	6.0	230.0	63.0	0.0	1.763	0.465	1.738	50.402	1.784	60.669	0.0	c2_four_seed	4	917	CORE_EXPLOITATION	/data1/qlyu/projects/pvrig_c2_new6220_dualreceptor_2seed_docking_results_v1_20260723/c2_new4220/compressed_queue/CANDIDATE_P1MCPUFP__CPUFP500K_0206__00861_8x6b_s917_a5a0d1d41631.tar.gz	runs/CANDIDATE_P1MCPUFP__CPUFP500K_0206__00861_8x6b_s917_a5a0d1d41631/haddock_run/6_seletopclusts/cluster_1_model_1.pdb.gz	a5a0d1d4163177d070deca6b14f60c163384b9b0fb1d46ecd8ff87e7c86bce0f	8c55751f66ac2930ce115a9419321a2b2bed220b61af2e1671f7ac6e6a2e33b3	CANDIDATE_P1MCPUFP__CPUFP500K_0206__00861_8x6b_s917_a5a0d1d41631	0.0	Static structure diagnostics only; not experimental affinity, blocking, expression or purity.	94	20
239.026	P1MCPUFP__CPUFP500K_0206__00861	GPGFSRGPWS	6	IDYEGGT	0	AAGDLRSGTVPTTGEGWDY	0.42105263	8	0.73684211	AT	9e6y	170	1528	17	1.010272	593	3	NOT_RUN_CROSS_CANDIDATE_RANK_REJECTED	5	/data/qlyu/projects/pvrig_top7500_dualpanel_screen_v1_20260724/run/static_review/inputs/pdb/CANDIDATE_P1MCPUFP__CPUFP500K_0206__00861_9e6y_s917_35dc0098fed2.pdb	1b218e64b9d1aeb90455c09a84e84f3ac69f08924fc0864125735a2de687114b	-66.02569999999999	11	6	255	0.45254538	53	0.7	154	1514	17	0.647569	553	positive_pose_source_case02_pos_01_PVRIG-151_HR151	0	WEAK_PRIOR_ONLY	-9.851	2	cluster_1_model_1.pdb.gz	STRICT_A	DESCRIPTIVE_ONLY	1.334	19.893	1.448	64.44	4.689	814.962	1374.252	559.29	17.0	-0.04	4.0	235.0	59.0	0.0	1.666	0.624	2.472	66.746	0.985	31.531	0.0	c2_four_seed	1	917	CORE_EXPLOITATION	/data1/qlyu/projects/pvrig_c2_new6220_dualreceptor_2seed_docking_results_v1_20260723/c2_new4220/compressed_queue/CANDIDATE_P1MCPUFP__CPUFP500K_0206__00861_9e6y_s917_35dc0098fed2.tar.gz	runs/CANDIDATE_P1MCPUFP__CPUFP500K_0206__00861_9e6y_s917_35dc0098fed2/haddock_run/6_seletopclusts/cluster_1_model_1.pdb.gz	35dc0098fed2c7e5778f0533b1947eb1dd3ed0634c0c7ad4941c0b0533a79c1f	8c55751f66ac2930ce115a9419321a2b2bed220b61af2e1671f7ac6e6a2e33b3	CANDIDATE_P1MCPUFP__CPUFP500K_0206__00861_9e6y_s917_35dc0098fed2	0.0	Static structure diagnostics only; not experimental affinity, blocking, expression or purity.	94	19
312.491	P1MCPUFP__CPUFP500K_0207__00132	GPGLSRGPAH	5	VDREGGT	0	AAGDSPDGVVPFDGSGYTH	0.63157895	12	0.89473684	AT	8x6b	187	1674	18	1.058925	721	3	NOT_RUN_CROSS_CANDIDATE_RANK_REJECTED	2	/data/qlyu/projects/pvrig_top7500_dualpanel_screen_v1_20260724/run/static_review/inputs/pdb/CANDIDATE_P1MCPUFP__CPUFP500K_0207__00132_8x6b_s917_6f0f28c92f18.pdb	c7b70d36083c4a3a4d4090ca1e1dafd6de7de7abcc9d1e5bb5dfd2d7dca88f29	-64.81026000000001	14	2	291	0.48088609	55	0.9	180	1588	18	0.482068	700	positive_pose_source_case02_pos_01_PVRIG-151_HR151	0	WEAK_PRIOR_ONLY	-9.647	6	cluster_1_model_1.pdb.gz	STRICT_A	DESCRIPTIVE_ONLY	0.788	6.764	0.467	17.642	1.217	768.936	1449.568	680.632	21.0	-0.401	7.0	230.0	66.0	0.0	0.804	0.746	0.495	16.343	1.113	36.734	0.0	c2_four_seed	6	917	CORE_EXPLOITATION	/data1/qlyu/projects/pvrig_c2_new6220_dualreceptor_2seed_docking_results_v1_20260723/c2_new4220/compressed_queue/CANDIDATE_P1MCPUFP__CPUFP500K_0207__00132_8x6b_s917_6f0f28c92f18.tar.gz	runs/CANDIDATE_P1MCPUFP__CPUFP500K_0207__00132_8x6b_s917_6f0f28c92f18/haddock_run/6_seletopclusts/cluster_1_model_1.pdb.gz	6f0f28c92f18efe5e49180f8a87d6a909ef8651530b8900607cf23c9f53acfc7	8c55751f66ac2930ce115a9419321a2b2bed220b61af2e1671f7ac6e6a2e33b3	CANDIDATE_P1MCPUFP__CPUFP500K_0207__00132_8x6b_s917_6f0f28c92f18	0.0	Static structure diagnostics only; not experimental affinity, blocking, expression or purity.	57	19
159.15	P1MCPUFP__CPUFP500K_0207__00132	GPGLSRGPAH	6	VDREGGT	2	AAGDSPDGVVPFDGSGYTH	0.56521739	13	0.91304348	AT	9e6y	113	1188	17	0.999083	526	3	NOT_RUN_CROSS_CANDIDATE_RANK_REJECTED	2	/data/qlyu/projects/pvrig_top7500_dualpanel_screen_v1_20260724/run/static_review/inputs/pdb/CANDIDATE_P1MCPUFP__CPUFP500K_0207__00132_9e6y_s1931_0e9cf91a506e.pdb	1c5e7a57376abef7cd035506e7c45747f5b5a29856fa3aa76076b5eceb9ceafd	-98.12998999999999	15	0	284	0.54646989	64	1.0	108	1201	17	0.522592	524	positive_pose_source_case02_pos_01_PVRIG-151_HR151	0	WEAK_PRIOR_ONLY	-11.543	6	cluster_1_model_1.pdb.gz	STRICT_A	DESCRIPTIVE_ONLY	1.945	0.149	0.008	11.791	0.654	863.628	1803.136	939.508	10.0	-0.305	4.0	235.0	72.0	0.0	0.362	0.573	1.096	33.979	-0.193	-7.928	0.0	c2_four_seed	7	1931	CORE_EXPLOITATION	/data1/qlyu/projects/pvrig_c2_new6220_dualreceptor_2seed_docking_results_v1_20260723/c2_new4220/compressed_queue/CANDIDATE_P1MCPUFP__CPUFP500K_0207__00132_9e6y_s1931_0e9cf91a506e.tar.gz	runs/CANDIDATE_P1MCPUFP__CPUFP500K_0207__00132_9e6y_s1931_0e9cf91a506e/haddock_run/6_seletopclusts/cluster_1_model_1.pdb.gz	0e9cf91a506e7d77c018daeb4033b3f1f85a05b1d2d261759ca2aa52553acddf	8c55751f66ac2930ce115a9419321a2b2bed220b61af2e1671f7ac6e6a2e33b3	CANDIDATE_P1MCPUFP__CPUFP500K_0207__00132_9e6y_s1931_0e9cf91a506e	0.0	Static structure diagnostics only; not experimental affinity, blocking, expression or purity.	57	23
139.068	P1MCPUFP__CPUFP500K_0207__00174	GPGFERGPFH	7	VDSEGGT	0	AAGDSPSGTVPFDGSGYSY	0.4375	7	0.875	AT	8x6b	167	1565	19	1.116997	623	2	NOT_RUN_CROSS_CANDIDATE_RANK_REJECTED	2	/data/qlyu/projects/pvrig_top7500_dualpanel_screen_v1_20260724/run/static_review/inputs/pdb/CANDIDATE_P1MCPUFP__CPUFP500K_0207__00174_8x6b_s3047_435276a5354e.pdb	d6b78e47a713a198d876890b52eedbea296a6e3d05e6d91de61296fa6c835419	-86.4219	13	3	241	0.43716917	50	1.0	172	1602	19	0.518244	628	positive_pose_source_case02_pos_01_PVRIG-151_HR151	0	WEAK_PRIOR_ONLY	-9.548	3	cluster_1_model_1.pdb.gz	STRICT_A	DESCRIPTIVE_ONLY	0.53	9.762	0.679	21.352	1.484	762.019	1438.624	676.605	12.0	-0.148	5.0	230.0	61.0	0.0	1.05	0.634	1.858	50.158	0.409	13.895	0.0	c2_four_seed	5	3047	CORE_EXPLOITATION	/data1/qlyu/projects/pvrig_c2_new4220_seed42_3047_docking_results_v1_20260723/c2_new4220_seed42_3047/compressed_queue/CANDIDATE_P1MCPUFP__CPUFP500K_0207__00174_8x6b_s3047_435276a5354e.tar.gz	runs/CANDIDATE_P1MCPUFP__CPUFP500K_0207__00174_8x6b_s3047_435276a5354e/haddock_run/6_seletopclusts/cluster_1_model_1.pdb.gz	435276a5354e20543d9dfcf51e3def8fb2df0b7c7d5d3e50e9b22d53f9fa39fd	8c55751f66ac2930ce115a9419321a2b2bed220b61af2e1671f7ac6e6a2e33b3	CANDIDATE_P1MCPUFP__CPUFP500K_0207__00174_8x6b_s3047_435276a5354e	0.0	Static structure diagnostics only; not experimental affinity, blocking, expression or purity.	54	16
268.225	P1MCPUFP__CPUFP500K_0207__00174	GPGFERGPFH	7	VDSEGGT	0	AAGDSPSGTVPFDGSGYSY	0.45	9	0.8	AT	9e6y	165	1697	21	0.967367	640	2	NOT_RUN_CROSS_CANDIDATE_RANK_REJECTED	4	/data/qlyu/projects/pvrig_top7500_dualpanel_screen_v1_20260724/run/static_review/inputs/pdb/CANDIDATE_P1MCPUFP__CPUFP500K_0207__00174_9e6y_s917_4bc83e4a8c28.pdb	09c573806b35c7cfb12abc83d7f179adbab12d6a3024fb56d5cd9a4eb79e85c3	-81.62637	11	4	257	0.51231552	60	0.8	162	1627	21	0.589619	619	positive_pose_source_case02_pos_01_PVRIG-151_HR151	0	WEAK_PRIOR_ONLY	-10.545	3	cluster_1_model_1.pdb.gz	STRICT_A	DESCRIPTIVE_ONLY	1.197	4.197	0.278	46.018	3.054	827.553	1506.953	679.401	8.0	-0.092	5.0	235.0	65.0	0.0	1.251	0.592	1.642	47.605	0.936	33.704	0.0	c2_four_seed	6	917	CORE_EXPLOITATION	/data1/qlyu/projects/pvrig_c2_new6220_dualreceptor_2seed_docking_results_v1_20260723/c2_new4220/compressed_queue/CANDIDATE_P1MCPUFP__CPUFP500K_0207__00174_9e6y_s917_4bc83e4a8c28.tar.gz	runs/CANDIDATE_P1MCPUFP__CPUFP500K_0207__00174_9e6y_s917_4bc83e4a8c28/haddock_run/6_seletopclusts/cluster_1_model_1.pdb.gz	4bc83e4a8c281cd908ff51936af52407e1d7126ff8e249859c93c498c2ce4405	8c55751f66ac2930ce115a9419321a2b2bed220b61af2e1671f7ac6e6a2e33b3	CANDIDATE_P1MCPUFP__CPUFP500K_0207__00174_9e6y_s917_4bc83e4a8c28	0.0	Static structure diagnostics only; not experimental affinity, blocking, expression or purity.	54	20
264.22	P1MCPUFP__CPUFP500K_0207__00304	GPGLSRGPFH	4	VDDEGGT	0	AAGDSPGGAVPFDGGGYTY	0.72727273	16	0.90909091	AT	8x6b	174	1579	20	1.074415	635	3	NOT_RUN_CROSS_CANDIDATE_RANK_REJECTED	2	/data/qlyu/projects/pvrig_top7500_dualpanel_screen_v1_20260724/run/static_review/inputs/pdb/CANDIDATE_P1MCPUFP__CPUFP500K_0207__00304_8x6b_s3047_e41fe61fbf18.pdb	12acc83524ec57b50f9270d94bc00b45a64163a4be92452ef984274180ed3862	-67.68456	8	2	265	0.53334639	61	0.6	171	1627	20	0.455257	646	positive_pose_source_case02_pos_01_PVRIG-151_HR151	0	WEAK_PRIOR_ONLY	-9.738	5	cluster_1_model_1.pdb.gz	STRICT_A	DESCRIPTIVE_ONLY	1.142	-3.072	-0.204	11.522	0.763	798.996	1509.384	710.388	10.0	-0.267	8.0	230.0	66.0	0.0	1.463	0.68	3.459	100.299	-0.101	-3.734	0.0	c2_four_seed	2	3047	CORE_EXPLOITATION	/data1/qlyu/projects/pvrig_c2_new4220_seed42_3047_docking_results_v1_20260723/c2_new4220_seed42_3047/compressed_queue/CANDIDATE_P1MCPUFP__CPUFP500K_0207__00304_8x6b_s3047_e41fe61fbf18.tar.gz	runs/CANDIDATE_P1MCPUFP__CPUFP500K_0207__00304_8x6b_s3047_e41fe61fbf18/haddock_run/6_seletopclusts/cluster_1_model_1.pdb.gz	e41fe61fbf18dcd7e4a682682feb04b78581b4ca8b4c3de2af541cca8185ec00	8c55751f66ac2930ce115a9419321a2b2bed220b61af2e1671f7ac6e6a2e33b3	CANDIDATE_P1MCPUFP__CPUFP500K_0207__00304_8x6b_s3047_e41fe61fbf18	0.0	Static structure diagnostics only; not experimental affinity, blocking, expression or purity.	108	22
179.527	P1MCPUFP__CPUFP500K_0207__00304	GPGLSRGPFH	8	VDDEGGT	0	AAGDSPGGAVPFDGGGYTY	0.41176471	7	0.88235294	AT	9e6y	190	1515	18	0.945201	583	2	NOT_RUN_CROSS_CANDIDATE_RANK_REJECTED	2	/data/qlyu/projects/pvrig_top7500_dualpanel_screen_v1_20260724/run/static_review/inputs/pdb/CANDIDATE_P1MCPUFP__CPUFP500K_0207__00304_9e6y_s917_07fda48c8398.pdb	6d8dbeebd5af7ce0b524b1a318914bfa036066d9961840bd27c20a046e46b3f6	-85.14412999999999	11	0	275	0.50377693	59	0.7	191	1557	18	0.548598	582	positive_pose_source_case02_pos_01_PVRIG-151_HR151	0	WEAK_PRIOR_ONLY	-9.462	4	cluster_1_model_1.pdb.gz	STRICT_A	DESCRIPTIVE_ONLY	0.744	-15.582	-1.049	3.417	0.23	843.346	1484.803	641.457	19.0	-1.466	5.0	235.0	62.0	0.0	0.503	0.689	2.826	67.832	-0.965	-36.66	0.0	c2_four_seed	5	917	CORE_EXPLOITATION	/data1/qlyu/projects/pvrig_c2_new6220_dualreceptor_2seed_docking_results_v1_20260723/c2_new4220/compressed_queue/CANDIDATE_P1MCPUFP__CPUFP500K_0207__00304_9e6y_s917_07fda48c8398.tar.gz	runs/CANDIDATE_P1MCPUFP__CPUFP500K_0207__00304_9e6y_s917_07fda48c8398/haddock_run/6_seletopclusts/cluster_1_model_1.pdb.gz	07fda48c8398f93e83286b5297637baf402e008ed40ba27a06eb435f909025df	8c55751f66ac2930ce115a9419321a2b2bed220b61af2e1671f7ac6e6a2e33b3	CANDIDATE_P1MCPUFP__CPUFP500K_0207__00304_9e6y_s917_07fda48c8398	0.0	Static structure diagnostics only; not experimental affinity, blocking, expression or purity.	108	17
315.096	P1MCPUFP__CPUFP500K_0207__00925	GPGFSRGPAH	7	VDSEGGT	0	AAGESPDGIVSFDGSGYTY	0.56521739	13	0.86956522	AT	8x6b	180	1216	15	1.128005	516	3	NOT_RUN_CROSS_CANDIDATE_RANK_REJECTED	3	/data/qlyu/projects/pvrig_top7500_dualpanel_screen_v1_20260724/run/static_review/inputs/pdb/CANDIDATE_P1MCPUFP__CPUFP500K_0207__00925_8x6b_s1931_b4ce00f1456b.pdb	074cf3a609049f123a54321fe293009852986879e30278386ea8caf222071599	-58.850809999999996	9	5	258	0.43716917	50	0.8	184	1279	15	0.540024	553	positive_pose_source_case02_pos_01_PVRIG-151_HR151	0	WEAK_PRIOR_ONLY	-8.658	5	cluster_1_model_1.pdb.gz	STRICT_A	DESCRIPTIVE_ONLY	1.021	-6.848	-0.455	18.015	1.197	832.167	1504.462	672.295	14.0	-0.168	3.0	230.0	65.0	0.0	0.822	0.607	1.401	40.616	0.356	12.81	0.0	c2_four_seed	0	1931	CORE_EXPLOITATION	/data1/qlyu/projects/pvrig_c2_new6220_dualreceptor_2seed_docking_results_v1_20260723/c2_new4220/compressed_queue/CANDIDATE_P1MCPUFP__CPUFP500K_0207__00925_8x6b_s1931_b4ce00f1456b.tar.gz	runs/CANDIDATE_P1MCPUFP__CPUFP500K_0207__00925_8x6b_s1931_b4ce00f1456b/haddock_run/6_seletopclusts/cluster_1_model_1.pdb.gz	b4ce00f1456b7c7c15fca3831134d580ace326cbea913a6c324783f4196e71df	8c55751f66ac2930ce115a9419321a2b2bed220b61af2e1671f7ac6e6a2e33b3	CANDIDATE_P1MCPUFP__CPUFP500K_0207__00925_8x6b_s1931_b4ce00f1456b	0.0	Static structure diagnostics only; not experimental affinity, blocking, expression or purity.	118	23
252.071	P1MCPUFP__CPUFP500K_0207__00925	GPGFSRGPAH	7	VDSEGGT	0	AAGESPDGIVSFDGSGYTY	0.56521739	13	0.86956522	AT	9e6y	198	1266	15	0.951356	557	3	NOT_RUN_CROSS_CANDIDATE_RANK_REJECTED	3	/data/qlyu/projects/pvrig_top7500_dualpanel_screen_v1_20260724/run/static_review/inputs/pdb/CANDIDATE_P1MCPUFP__CPUFP500K_0207__00925_9e6y_s3047_bebbf6f1714a.pdb	71af7b08d52df8d06346727a5fdb493600cab74d866402213e28bf16d79c1e3c	-68.0728	9	4	254	0.41839101	49	0.8	188	1214	15	0.632545	523	positive_pose_source_case02_pos_01_PVRIG-151_HR151	0	WEAK_PRIOR_ONLY	-8.048	6	cluster_1_model_1.pdb.gz	STRICT_A	DESCRIPTIVE_ONLY	2.162	-11.539	-0.75	35.689	2.32	826.369	1538.21	711.841	17.0	-0.124	5.0	235.0	66.0	0.0	1.011	0.623	1.224	34.28	0.854	32.45	0.0	c2_four_seed	0	3047	CORE_EXPLOITATION	/data1/qlyu/projects/pvrig_c2_new4220_seed42_3047_docking_results_v1_20260723/c2_new4220_seed42_3047/compressed_queue/CANDIDATE_P1MCPUFP__CPUFP500K_0207__00925_9e6y_s3047_bebbf6f1714a.tar.gz	runs/CANDIDATE_P1MCPUFP__CPUFP500K_0207__00925_9e6y_s3047_bebbf6f1714a/haddock_run/6_seletopclusts/cluster_1_model_1.pdb.gz	bebbf6f1714aeef5a81924fda36c821d1943e5abc7f362f85a8d2dd8c7dcbedb	8c55751f66ac2930ce115a9419321a2b2bed220b61af2e1671f7ac6e6a2e33b3	CANDIDATE_P1MCPUFP__CPUFP500K_0207__00925_9e6y_s3047_bebbf6f1714a	0.0	Static structure diagnostics only; not experimental affinity, blocking, expression or purity.	118	23
169.358	P1MCPUFP__CPUFP500K_0211__00616	GLQPRGYA	7	LTSEGTA	4	VVGLDLGFSFDEPVA	0.42857143	9	0.95238095	AT	8x6b	79	995	19	1.108536	438	4	NOT_RUN_CROSS_CANDIDATE_RANK_REJECTED	1	/data/qlyu/projects/pvrig_top7500_dualpanel_screen_v1_20260724/run/static_review/inputs/pdb/CANDIDATE_P1MCPUFP__CPUFP500K_0211__00616_8x6b_s1931_4d4742b95f62.pdb	cebdfcf08a827b222070172fb9f87a243405f5e857c329080664ffd23f5ab48c	-84.09198	11	5	256	0.51057972	57	0.111111	77	949	19	0.533502	431	positive_pose_source_case02_pos_02_PVRIG-20	0	WEAK_PRIOR_ONLY	-10.528	2	cluster_1_model_1.pdb.gz	SUPPORTED_AB	DESCRIPTIVE_ONLY	1.14	-20.288	-1.193	5.555	0.327	976.366	1700.986	724.62	22.0	-0.437	5.0	224.0	67.0	0.0	1.751	0.536	3.094	89.734	0.726	27.592	0.0	old_top7500	4	1931	PARENT_CDR3_DIVERSITY	/data1/qlyu/projects/pvrig_priority_top7500_dualreceptor_multiseed_docking_results_v1_20260722/top7500_25k/compressed_queue/CANDIDATE_P1MCPUFP__CPUFP500K_0211__00616_8x6b_s1931_4d4742b95f62.tar.gz	runs/CANDIDATE_P1MCPUFP__CPUFP500K_0211__00616_8x6b_s1931_4d4742b95f62/haddock_run/6_seletopclusts/cluster_1_model_1.pdb.gz	4d4742b95f6287ac1469174c8f92db6f3b3e48a7ef414f3108ab965d8752ba87	8c55751f66ac2930ce115a9419321a2b2bed220b61af2e1671f7ac6e6a2e33b3	CANDIDATE_P1MCPUFP__CPUFP500K_0211__00616_8x6b_s1931_4d4742b95f62	0.0	Static structure diagnostics only; not experimental affinity, blocking, expression or purity.	126	21
157.514	P1MCPUFP__CPUFP500K_0211__00616	GLQPRGYA	6	LTSEGTA	3	VVGLDLGFSFDEPVA	0.47826087	11	0.86956522	AT	9e6y	67	1483	19	0.969744	595	5	NOT_RUN_CROSS_CANDIDATE_RANK_REJECTED	3	/data/qlyu/projects/pvrig_top7500_dualpanel_screen_v1_20260724/run/static_review/inputs/pdb/CANDIDATE_P1MCPUFP__CPUFP500K_0211__00616_9e6y_s1931_ded3b2bdb073.pdb	8dd7b8e79388eac9f4522e1eea2d2922fd97bdff1bd230e47d9bd0012114abb2	-90.4293	5	8	293	0.57735027	66	0.2	73	1483	19	0.633928	582	positive_pose_source_case02_pos_02_PVRIG-20	0	WEAK_PRIOR_ONLY	-13.413	2	cluster_1_model_1.pdb.gz	SUPPORTED_AB	DESCRIPTIVE_ONLY	1.583	5.191	0.301	44.553	2.587	1106.099	1722.42	616.321	18.0	-0.134	5.0	229.0	64.0	0.0	2.096	0.654	3.865	112.076	0.631	22.086	0.0	old_top7500	0	1931	PARENT_CDR3_DIVERSITY	/data1/qlyu/projects/pvrig_priority_top7500_dualreceptor_multiseed_docking_results_v1_20260722/top7500_25k/compressed_queue/CANDIDATE_P1MCPUFP__CPUFP500K_0211__00616_9e6y_s1931_ded3b2bdb073.tar.gz	runs/CANDIDATE_P1MCPUFP__CPUFP500K_0211__00616_9e6y_s1931_ded3b2bdb073/haddock_run/6_seletopclusts/cluster_1_model_1.pdb.gz	ded3b2bdb073aeb532bf5fbcaf15a3c2e0e9d6484061d6712150ac748405b087	8c55751f66ac2930ce115a9419321a2b2bed220b61af2e1671f7ac6e6a2e33b3	CANDIDATE_P1MCPUFP__CPUFP500K_0211__00616_9e6y_s1931_ded3b2bdb073	0.0	Static structure diagnostics only; not experimental affinity, blocking, expression or purity.	126	23
271.941	P1MCPUFP__CPUFP500K_0214__00068	GLTPEGYT	6	IDSSGKA	0	VVGRDLGDRADYPVG	0.36842105	7	0.68421053	AT	8x6b	85	1537	15	1.05829	607	4	NOT_RUN_CROSS_CANDIDATE_RANK_REJECTED	6	/data/qlyu/projects/pvrig_top7500_dualpanel_screen_v1_20260724/run/static_review/inputs/pdb/CANDIDATE_P1MCPUFP__CPUFP500K_0214__00068_8x6b_s1931_de3bc6d89fa4.pdb	836997149e1f351625fa2bf6a55e790887adb83471d79005f45d2136157f2a87	-65.80680000000001	9	8	238	0.42100433	47	0.1	87	1555	15	0.463791	628	positive_pose_source_case02_pos_02_PVRIG-20	0	WEAK_PRIOR_ONLY	-10.208	2	cluster_1_model_1.pdb.gz	SUPPORTED_AB	DESCRIPTIVE_ONLY	1.161	10.068	0.667	40.46	2.678	877.669	1510.595	632.926	16.0	-0.077	6.0	224.0	61.0	0.0	1.763	0.593	2.607	78.223	0.946	29.317	0.0	old_top7500	2	1931	PARENT_CDR3_DIVERSITY	/data1/qlyu/projects/pvrig_priority_top7500_dualreceptor_multiseed_docking_results_v1_20260722/top7500_25k/compressed_queue/CANDIDATE_P1MCPUFP__CPUFP500K_0214__00068_8x6b_s1931_de3bc6d89fa4.tar.gz	runs/CANDIDATE_P1MCPUFP__CPUFP500K_0214__00068_8x6b_s1931_de3bc6d89fa4/haddock_run/6_seletopclusts/cluster_1_model_1.pdb.gz	de3bc6d89fa4f682c784f605120968aa4abcdc495ac782ab86e7175fc4af0a84	8c55751f66ac2930ce115a9419321a2b2bed220b61af2e1671f7ac6e6a2e33b3	CANDIDATE_P1MCPUFP__CPUFP500K_0214__00068_8x6b_s1931_de3bc6d89fa4	0.0	Static structure diagnostics only; not experimental affinity, blocking, expression or purity.	123	19
136.563	P1MCPUFP__CPUFP500K_0214__00068	GLTPEGYT	6	IDSSGKA	0	VVGRDLGDRADYPVG	0.5	8	0.875	AT	9e6y	87	1412	15	0.938322	591	3	NOT_RUN_CROSS_CANDIDATE_RANK_REJECTED	2	/data/qlyu/projects/pvrig_top7500_dualpanel_screen_v1_20260724/run/static_review/inputs/pdb/CANDIDATE_P1MCPUFP__CPUFP500K_0214__00068_9e6y_s917_46004aa213ed.pdb	a7f8453e9480c40dcea8c2251b188c36d79665b825399d559e12b9386b5f122a	-59.747780000000006	4	4	198	0.36740472	42	0.3	86	1474	15	0.497801	596	positive_pose_source_case02_pos_02_PVRIG-20	0	WEAK_PRIOR_ONLY	-10.818	2	cluster_1_model_1.pdb.gz	SUPPORTED_AB	DESCRIPTIVE_ONLY	2.421	3.801	0.295	26.713	2.072	768.408	1289.384	520.977	14.0	-0.053	2.0	229.0	58.0	0.0	2.631	0.606	5.269	126.448	0.77	26.177	0.0	old_top7500	0	917	PARENT_CDR3_DIVERSITY	/data1/qlyu/projects/pvrig_priority_top7500_dualreceptor_multiseed_docking_results_v1_20260722/top7500_25k/compressed_queue/CANDIDATE_P1MCPUFP__CPUFP500K_0214__00068_9e6y_s917_46004aa213ed.tar.gz	runs/CANDIDATE_P1MCPUFP__CPUFP500K_0214__00068_9e6y_s917_46004aa213ed/haddock_run/6_seletopclusts/cluster_1_model_1.pdb.gz	46004aa213ed39e4d75a3d1394ad50b41d48909acedf960c0f8643683a922270	8c55751f66ac2930ce115a9419321a2b2bed220b61af2e1671f7ac6e6a2e33b3	CANDIDATE_P1MCPUFP__CPUFP500K_0214__00068_9e6y_s917_46004aa213ed	0.0	Static structure diagnostics only; not experimental affinity, blocking, expression or purity.	123	16
248.995	P1MCPUFP__CPUFP500K_0227__00371	GPELAPYD	4	ISADGKTY	6	AASASGPGPSPSDWKY	0.45	9	0.95	AT	8x6b	117	1835	15	1.052019	745	2	NOT_RUN_CROSS_CANDIDATE_RANK_REJECTED	1	/data/qlyu/projects/pvrig_top7500_dualpanel_screen_v1_20260724/run/static_review/inputs/pdb/CANDIDATE_P1MCPUFP__CPUFP500K_0227__00371_8x6b_s3253_198f5d9ad9b3.pdb	101cb97a02f2ebf156535810c581fb05a0dc0d364d336b6e6886b978ec5e4bee	-81.5403	7	7	274	0.58637138	66	0.8	123	1857	15	0.477752	776	positive_pose_source_case02_pos_04_PVRIG-38	0	WEAK_PRIOR_ONLY	-11.119	3	cluster_1_model_1.pdb.gz	STRICT_A	DESCRIPTIVE_ONLY	0.74	6.392	0.467	33.688	2.461	877.676	1368.766	491.09	15.0	-0.075	3.0	226.0	71.0	0.0	0.549	0.772	0.815	26.09	0.331	12.924	0.0	old_top7500	1	3253	PARENT_CDR3_DIVERSITY	/data1/qlyu/projects/pvrig_priority_top7500_dualreceptor_multiseed_docking_results_v1_20260722/top7500_25k/compressed_queue/CANDIDATE_P1MCPUFP__CPUFP500K_0227__00371_8x6b_s3253_198f5d9ad9b3.tar.gz	runs/CANDIDATE_P1MCPUFP__CPUFP500K_0227__00371_8x6b_s3253_198f5d9ad9b3/haddock_run/6_seletopclusts/cluster_1_model_1.pdb.gz	198f5d9ad9b36d72b600a3271b7b731d545e322abada51b2ba3536e6732a9634	8c55751f66ac2930ce115a9419321a2b2bed220b61af2e1671f7ac6e6a2e33b3	CANDIDATE_P1MCPUFP__CPUFP500K_0227__00371_8x6b_s3253_198f5d9ad9b3	0.0	Static structure diagnostics only; not experimental affinity, blocking, expression or purity.	157	20
86.1253	P1MCPUFP__CPUFP500K_0227__00371	GPELAPYD	7	ISADGKTY	5	AASASGPGPSPSDWKY	0.3	6	0.9	AT	9e6y	110	1399	15	0.95823	540	2	NOT_RUN_CROSS_CANDIDATE_RANK_REJECTED	2	/data/qlyu/projects/pvrig_top7500_dualpanel_screen_v1_20260724/run/static_review/inputs/pdb/CANDIDATE_P1MCPUFP__CPUFP500K_0227__00371_9e6y_s1931_8a752db124bd.pdb	01fe2a16715db52944b52e89442940abe344dda8eccc2c23947308137386ecbf	-76.21859	8	5	231	0.43381601	50	0.7	111	1428	15	0.497869	544	positive_pose_source_case02_pos_04_PVRIG-38	0	WEAK_PRIOR_ONLY	-10.279	2	cluster_1_model_1.pdb.gz	STRICT_A	DESCRIPTIVE_ONLY	0.91	-15.807	-1.016	5.067	0.326	942.015	1556.015	614.0	12.0	-0.123	1.0	231.0	60.0	0.0	0.964	0.55	1.179	30.646	0.799	27.183	0.0	old_top7500	4	1931	PARENT_CDR3_DIVERSITY	/data1/qlyu/projects/pvrig_priority_top7500_dualreceptor_multiseed_docking_results_v1_20260722/top7500_25k/compressed_queue/CANDIDATE_P1MCPUFP__CPUFP500K_0227__00371_9e6y_s1931_8a752db124bd.tar.gz	runs/CANDIDATE_P1MCPUFP__CPUFP500K_0227__00371_9e6y_s1931_8a752db124bd/haddock_run/6_seletopclusts/cluster_1_model_1.pdb.gz	8a752db124bd07188af32b028d8fdc16e8660715b46d0e3e33315737ee262cb3	8c55751f66ac2930ce115a9419321a2b2bed220b61af2e1671f7ac6e6a2e33b3	CANDIDATE_P1MCPUFP__CPUFP500K_0227__00371_9e6y_s1931_8a752db124bd	0.0	Static structure diagnostics only; not experimental affinity, blocking, expression or purity.	157	20
214.536	P1MCPUFP__CPUFP500K_0228__00160	GDFKGRGD	6	ISADGKTY	0	AAGAGSYSSLPESWTY	0.55	11	0.85	AT	8x6b	133	1122	10	1.038961	492	4	NOT_RUN_CROSS_CANDIDATE_RANK_REJECTED	3	/data/qlyu/projects/pvrig_top7500_dualpanel_screen_v1_20260724/run/static_review/inputs/pdb/CANDIDATE_P1MCPUFP__CPUFP500K_0228__00160_8x6b_s1931_67f57da5ce9b.pdb	d91d06afec85a0ebff178f06836832d69bcbae27152596b2ac4aee04ece4fab2	-60.3252	5	9	255	0.44422075	50	0.3	132	1076	10	0.461018	485	positive_pose_source_case02_pos_04_PVRIG-38	0	WEAK_PRIOR_ONLY	-10.342	3	cluster_1_model_1.pdb.gz	SUPPORTED_AB	DESCRIPTIVE_ONLY	0.774	14.57	1.163	21.87	1.746	689.489	1252.316	562.827	13.0	-0.2	4.0	226.0	54.0	0.0	1.357	0.564	1.15	31.038	1.564	42.228	0.0	old_top7500	2	1931	QUOTA_SAFE_BACKFILL	/data1/qlyu/projects/pvrig_priority_top7500_dualreceptor_multiseed_docking_results_v1_20260722/top7500_25k/compressed_queue/CANDIDATE_P1MCPUFP__CPUFP500K_0228__00160_8x6b_s1931_67f57da5ce9b.tar.gz	runs/CANDIDATE_P1MCPUFP__CPUFP500K_0228__00160_8x6b_s1931_67f57da5ce9b/haddock_run/6_seletopclusts/cluster_1_model_1.pdb.gz	67f57da5ce9bfda7266f01789d6ca7f4bcdfbdb0750dc923e5573ee9f1e0821f	8c55751f66ac2930ce115a9419321a2b2bed220b61af2e1671f7ac6e6a2e33b3	CANDIDATE_P1MCPUFP__CPUFP500K_0228__00160_8x6b_s1931_67f57da5ce9b	0.0	Static structure diagnostics only; not experimental affinity, blocking, expression or purity.	198	20
240.808	P1MCPUFP__CPUFP500K_0228__00160	GDFKGRGD	6	ISADGKTY	0	AAGAGSYSSLPESWTY	0.57894737	11	0.89473684	AT	9e6y	122	1241	12	0.990952	528	4	NOT_RUN_CROSS_CANDIDATE_RANK_REJECTED	2	/data/qlyu/projects/pvrig_top7500_dualpanel_screen_v1_20260724/run/static_review/inputs/pdb/CANDIDATE_P1MCPUFP__CPUFP500K_0228__00160_9e6y_s917_7e72ece4a087.pdb	7c16d803f338a4740c7f60a3263b5bc6475df782f4ec3946adf6813b40edcd1e	-64.5365	9	9	226	0.43381601	50	0.2	125	1239	12	0.535834	535	positive_pose_source_case02_pos_04_PVRIG-38	0	WEAK_PRIOR_ONLY	-10.52	2	cluster_1_model_1.pdb.gz	SUPPORTED_AB	DESCRIPTIVE_ONLY	1.026	-1.605	-0.123	10.427	0.802	788.568	1300.197	511.629	15.0	-0.272	3.0	231.0	57.0	0.0	1.581	0.626	1.778	48.011	1.403	42.1	0.0	old_top7500	2	917	QUOTA_SAFE_BACKFILL	/data1/qlyu/projects/pvrig_priority_top7500_dualreceptor_multiseed_docking_results_v1_20260722/top7500_25k/compressed_queue/CANDIDATE_P1MCPUFP__CPUFP500K_0228__00160_9e6y_s917_7e72ece4a087.tar.gz	runs/CANDIDATE_P1MCPUFP__CPUFP500K_0228__00160_9e6y_s917_7e72ece4a087/haddock_run/6_seletopclusts/cluster_1_model_1.pdb.gz	7e72ece4a0874a1548db5fd4bfb2d3d05e129ffac3639c0aa38eb5f72c65fcd1	8c55751f66ac2930ce115a9419321a2b2bed220b61af2e1671f7ac6e6a2e33b3	CANDIDATE_P1MCPUFP__CPUFP500K_0228__00160_9e6y_s917_7e72ece4a087	0.0	Static structure diagnostics only; not experimental affinity, blocking, expression or purity.	198	19
189.823	P1MCPUFP__CPUFP500K_0228__00225	GTVLGPGD	5	ISADGKTY	6	AAGYGERSELSTSWTY	0.45454545	10	0.95454545	AT	8x6b	121	1515	16	1.139245	593	3	NOT_RUN_CROSS_CANDIDATE_RANK_REJECTED	1	/data/qlyu/projects/pvrig_top7500_dualpanel_screen_v1_20260724/run/static_review/inputs/pdb/CANDIDATE_P1MCPUFP__CPUFP500K_0228__00225_8x6b_s917_5147734789fd.pdb	bcfc08c758f6e37918b9c522131e5944216da7a82863adf4cc5a48fa91bf1d3b	-73.8749	9	7	280	0.52418048	59	0.8	126	1473	16	0.520097	606	positive_pose_source_case02_pos_04_PVRIG-38	0	WEAK_PRIOR_ONLY	-11.867	3	cluster_1_model_1.pdb.gz	STRICT_A	DESCRIPTIVE_ONLY	1.054	-3.673	-0.215	43.697	2.559	850.926	1707.38	856.455	7.0	-0.086	5.0	226.0	64.0	0.0	1.398	0.599	2.716	78.765	0.305	10.687	0.0	old_top7500	5	917	STRUCTURAL_RESERVE	/data1/qlyu/projects/pvrig_priority_top7500_dualreceptor_multiseed_docking_results_v1_20260722/top7500_25k/compressed_queue/CANDIDATE_P1MCPUFP__CPUFP500K_0228__00225_8x6b_s917_5147734789fd.tar.gz	runs/CANDIDATE_P1MCPUFP__CPUFP500K_0228__00225_8x6b_s917_5147734789fd/haddock_run/6_seletopclusts/cluster_1_model_1.pdb.gz	5147734789fdae352c59a981ac4dc6a23740a8a2173938b902a042d59fe239c9	8c55751f66ac2930ce115a9419321a2b2bed220b61af2e1671f7ac6e6a2e33b3	CANDIDATE_P1MCPUFP__CPUFP500K_0228__00225_8x6b_s917_5147734789fd	0.0	Static structure diagnostics only; not experimental affinity, blocking, expression or purity.	177	22
160.765	P1MCPUFP__CPUFP500K_0228__00225	GTVLGPGD	7	ISADGKTY	5	AAGYGERSELSTSWTY	0.36	9	0.84	AT	9e6y	119	1483	17	0.943595	585	3	NOT_RUN_CROSS_CANDIDATE_RANK_REJECTED	4	/data/qlyu/projects/pvrig_top7500_dualpanel_screen_v1_20260724/run/static_review/inputs/pdb/CANDIDATE_P1MCPUFP__CPUFP500K_0228__00225_9e6y_s917_36e49bd4f658.pdb	63e181617919b5a6e9c20d8a21c633d356b7377fae8e51d557559923d488517f	-83.061982	14	8	286	0.55528449	64	0.8	122	1505	17	0.550861	582	positive_pose_source_case02_pos_04_PVRIG-38	0	WEAK_PRIOR_ONLY	-12.72	2	cluster_1_model_1.pdb.gz	STRICT_A	DESCRIPTIVE_ONLY	0.821	7.034	0.387	23.309	1.281	929.314	1819.265	889.951	11.0	-0.168	7.0	231.0	68.0	0.0	1.161	0.474	2.732	84.687	-0.155	-5.746	0.0	old_top7500	3	917	STRUCTURAL_RESERVE	/data1/qlyu/projects/pvrig_priority_top7500_dualreceptor_multiseed_docking_results_v1_20260722/top7500_25k/compressed_queue/CANDIDATE_P1MCPUFP__CPUFP500K_0228__00225_9e6y_s917_36e49bd4f658.tar.gz	runs/CANDIDATE_P1MCPUFP__CPUFP500K_0228__00225_9e6y_s917_36e49bd4f658/haddock_run/6_seletopclusts/cluster_1_model_1.pdb.gz	36e49bd4f658bb5f2a2991dbadbee35a2484c7bad387d42bab3705e409a70985	8c55751f66ac2930ce115a9419321a2b2bed220b61af2e1671f7ac6e6a2e33b3	CANDIDATE_P1MCPUFP__CPUFP500K_0228__00225_9e6y_s917_36e49bd4f658	0.0	Static structure diagnostics only; not experimental affinity, blocking, expression or purity.	177	25
95.9395	P1MCPUFP__CPUFP500K_0228__00259	GPILGSGD	7	ISADGKTY	6	AAGQGERSDLPTAWTY	0.375	9	0.91666667	AT	8x6b	113	1546	17	1.074682	627	2	NOT_RUN_CROSS_CANDIDATE_RANK_REJECTED	2	/data/qlyu/projects/pvrig_top7500_dualpanel_screen_v1_20260724/run/static_review/inputs/pdb/CANDIDATE_P1MCPUFP__CPUFP500K_0228__00259_8x6b_s1931_26aaf57c288b.pdb	5d7be59d3e79bc317ba6e4d13875124a54e7ccfb3543e0fe8ab91b407afece6d	-77.25736	8	5	313	0.63079346	71	0.6	111	1594	17	0.502019	632	positive_pose_source_case02_pos_04_PVRIG-38	0	WEAK_PRIOR_ONLY	-12.205	3	cluster_1_model_1.pdb.gz	STRICT_A	DESCRIPTIVE_ONLY	1.082	14.219	0.817	40.835	2.347	1006.467	1739.784	733.317	23.0	-0.061	3.0	226.0	73.0	0.0	1.629	0.621	3.184	101.88	0.416	17.051	0.0	old_top7500	2	1931	CORE_EXPLOITATION	/data1/qlyu/projects/pvrig_priority_top7500_dualreceptor_multiseed_docking_results_v1_20260722/top7500_25k/compressed_queue/CANDIDATE_P1MCPUFP__CPUFP500K_0228__00259_8x6b_s1931_26aaf57c288b.tar.gz	runs/CANDIDATE_P1MCPUFP__CPUFP500K_0228__00259_8x6b_s1931_26aaf57c288b/haddock_run/6_seletopclusts/cluster_1_model_1.pdb.gz	26aaf57c288b1b7daa48faf6c25a74ab9e64b16268ee03ba125e512ed473d0a9	8c55751f66ac2930ce115a9419321a2b2bed220b61af2e1671f7ac6e6a2e33b3	CANDIDATE_P1MCPUFP__CPUFP500K_0228__00259_8x6b_s1931_26aaf57c288b	0.0	Static structure diagnostics only; not experimental affinity, blocking, expression or purity.	81	24
114.623	P1MCPUFP__CPUFP500K_0228__00259	GPILGSGD	8	ISADGKTY	4	AAGQGERSDLPTAWTY	0.32	8	0.8	AT	9e6y	109	1351	16	0.917957	541	2	NOT_RUN_CROSS_CANDIDATE_RANK_REJECTED	5	/data/qlyu/projects/pvrig_top7500_dualpanel_screen_v1_20260724/run/static_review/inputs/pdb/CANDIDATE_P1MCPUFP__CPUFP500K_0228__00259_9e6y_s917_6af7eee5a931.pdb	42e69d83cbef1c73ca0777eed0aa46f6b176395b8f953453977a95b9c1084909	-72.43810100000002	12	6	327	0.57263713	66	0.5	106	1331	16	0.46205	527	positive_pose_source_case02_pos_04_PVRIG-38	0	WEAK_PRIOR_ONLY	-13.865	3	cluster_1_model_1.pdb.gz	STRICT_A	DESCRIPTIVE_ONLY	1.559	1.268	0.073	16.232	0.938	1015.048	1731.292	716.243	18.0	-0.213	4.0	231.0	71.0	0.0	1.126	0.63	3.011	96.337	-0.42	-16.383	0.0	old_top7500	3	917	CORE_EXPLOITATION	/data1/qlyu/projects/pvrig_priority_top7500_dualreceptor_multiseed_docking_results_v1_20260722/top7500_25k/compressed_queue/CANDIDATE_P1MCPUFP__CPUFP500K_0228__00259_9e6y_s917_6af7eee5a931.tar.gz	runs/CANDIDATE_P1MCPUFP__CPUFP500K_0228__00259_9e6y_s917_6af7eee5a931/haddock_run/6_seletopclusts/cluster_1_model_1.pdb.gz	6af7eee5a93104f80b9c63c5f72250447af3ffeb7f6eb9334eda606fbebcfed0	8c55751f66ac2930ce115a9419321a2b2bed220b61af2e1671f7ac6e6a2e33b3	CANDIDATE_P1MCPUFP__CPUFP500K_0228__00259_9e6y_s917_6af7eee5a931	0.0	Static structure diagnostics only; not experimental affinity, blocking, expression or purity.	81	25
207.567	P1MCPUFP__CPUFP500K_0228__00443	GPERGPGD	5	ISADGKTY	6	AAGAGELSDSPHSWTY	0.29411765	5	0.94117647	AT	8x6b	156	1635	14	1.037474	737	3	NOT_RUN_CROSS_CANDIDATE_RANK_REJECTED	1	/data/qlyu/projects/pvrig_top7500_dualpanel_screen_v1_20260724/run/static_review/inputs/pdb/CANDIDATE_P1MCPUFP__CPUFP500K_0228__00443_8x6b_s42_7729cd1519d9.pdb	231a9e214a92fb69083b39c4ffaf6ebcfd79e8847f239e41f140dc2352f5cfda	-74.90579	9	3	239	0.53306489	60	0.2	149	1828	14	0.440363	773	positive_pose_source_case02_pos_04_PVRIG-38	0	WEAK_PRIOR_ONLY	-11.467	5	cluster_1_model_1.pdb.gz	STRICT_A	DESCRIPTIVE_ONLY	0.469	-1.367	-0.102	4.716	0.353	749.44	1336.578	587.138	24.0	-0.825	5.0	226.0	64.0	0.0	0.212	0.637	0.522	15.149	-0.045	-1.57	0.0	c2_four_seed	3	42	STRUCTURAL_RESERVE	/data1/qlyu/projects/pvrig_c2_new4220_seed42_3047_docking_results_v1_20260723/c2_new4220_seed42_3047/compressed_queue/CANDIDATE_P1MCPUFP__CPUFP500K_0228__00443_8x6b_s42_7729cd1519d9.tar.gz	runs/CANDIDATE_P1MCPUFP__CPUFP500K_0228__00443_8x6b_s42_7729cd1519d9/haddock_run/6_seletopclusts/cluster_1_model_1.pdb.gz	7729cd1519d9ea89551d02adb2db8c44f8b762ee8f1818e9d13b11c282f2e137	8c55751f66ac2930ce115a9419321a2b2bed220b61af2e1671f7ac6e6a2e33b3	CANDIDATE_P1MCPUFP__CPUFP500K_0228__00443_8x6b_s42_7729cd1519d9	0.0	Static structure diagnostics only; not experimental affinity, blocking, expression or purity.	179	17
81.6807	P1MCPUFP__CPUFP500K_0228__00443	GPERGPGD	6	ISADGKTY	2	AAGAGELSDSPHSWTY	0.4375	7	0.9375	AT	9e6y	116	1550	16	0.987692	652	3	NOT_RUN_CROSS_CANDIDATE_RANK_REJECTED	1	/data/qlyu/projects/pvrig_top7500_dualpanel_screen_v1_20260724/run/static_review/inputs/pdb/CANDIDATE_P1MCPUFP__CPUFP500K_0228__00443_9e6y_s42_5089bd8ca06a.pdb	ccf0da6d9b91170f51e97c749ae38f38f72bb6e93aa24561eed2842039b88ad8	-61.20985	4	3	137	0.36440544	42	0.2	114	1557	16	0.515653	648	positive_pose_source_case02_pos_04_PVRIG-38	0	WEAK_PRIOR_ONLY	-11.171	5	cluster_1_model_1.pdb.gz	STRICT_A	DESCRIPTIVE_ONLY	1.117	14.624	1.057	65.451	4.731	835.435	1383.418	547.983	9.0	-0.017	2.0	231.0	56.0	0.0	1.294	0.383	1.251	32.527	1.331	39.934	0.0	c2_four_seed	0	42	STRUCTURAL_RESERVE	/data1/qlyu/projects/pvrig_c2_new4220_seed42_3047_docking_results_v1_20260723/c2_new4220_seed42_3047/compressed_queue/CANDIDATE_P1MCPUFP__CPUFP500K_0228__00443_9e6y_s42_5089bd8ca06a.tar.gz	runs/CANDIDATE_P1MCPUFP__CPUFP500K_0228__00443_9e6y_s42_5089bd8ca06a/haddock_run/6_seletopclusts/cluster_1_model_1.pdb.gz	5089bd8ca06a3a7039f489a4f5d7e76d1e47cd18fbcb17a754c0e094c745aea8	8c55751f66ac2930ce115a9419321a2b2bed220b61af2e1671f7ac6e6a2e33b3	CANDIDATE_P1MCPUFP__CPUFP500K_0228__00443_9e6y_s42_5089bd8ca06a	0.0	Static structure diagnostics only; not experimental affinity, blocking, expression or purity.	179	16
240.53	P1MCPUFP__CPUFP500K_0228__00449	GPIRGPGD	5	ISADGKTT	5	AAGQGELSDLSDDWTY	0.39130435	9	0.82608696	AT	8x6b	109	1459	15	1.088042	617	4	NOT_RUN_CROSS_CANDIDATE_RANK_REJECTED	4	/data/qlyu/projects/pvrig_top7500_dualpanel_screen_v1_20260724/run/static_review/inputs/pdb/CANDIDATE_P1MCPUFP__CPUFP500K_0228__00449_8x6b_s1931_4d1b91d3b965.pdb	9069976f4982bd4088e9a8e78f70a19e8fc6704f51d09e9ae778107cd6250413	-69.70865	13	2	276	0.4797584	54	0.8	107	1418	15	0.487964	598	positive_pose_source_case02_pos_04_PVRIG-38	0	WEAK_PRIOR_ONLY	-10.826	4	cluster_1_model_1.pdb.gz	STRICT_A	DESCRIPTIVE_ONLY	1.0	6.603	0.447	18.74	1.268	793.826	1477.508	683.683	10.0	-0.129	4.0	226.0	58.0	0.0	0.845	0.533	1.14	31.923	0.57	17.095	0.0	old_top7500	6	1931	QUOTA_SAFE_BACKFILL	/data1/qlyu/projects/pvrig_priority_top7500_dualreceptor_multiseed_docking_results_v1_20260722/top7500_25k/compressed_queue/CANDIDATE_P1MCPUFP__CPUFP500K_0228__00449_8x6b_s1931_4d1b91d3b965.tar.gz	runs/CANDIDATE_P1MCPUFP__CPUFP500K_0228__00449_8x6b_s1931_4d1b91d3b965/haddock_run/6_seletopclusts/cluster_1_model_1.pdb.gz	4d1b91d3b96548cfe8c3646c8a2bfed00a94fad7c5ed9d88573a0ec4fc9afba3	8c55751f66ac2930ce115a9419321a2b2bed220b61af2e1671f7ac6e6a2e33b3	CANDIDATE_P1MCPUFP__CPUFP500K_0228__00449_8x6b_s1931_4d1b91d3b965	0.0	Static structure diagnostics only; not experimental affinity, blocking, expression or purity.	190	23
304.85	P1MCPUFP__CPUFP500K_0228__00449	GPIRGPGD	5	ISADGKTT	2	AAGQGELSDLSDDWTY	0.6	12	0.95	AT	9e6y	80	1274	21	0.968386	518	4	NOT_RUN_CROSS_CANDIDATE_RANK_REJECTED	1	/data/qlyu/projects/pvrig_top7500_dualpanel_screen_v1_20260724/run/static_review/inputs/pdb/CANDIDATE_P1MCPUFP__CPUFP500K_0228__00449_9e6y_s917_29c89ddcdfb0.pdb	5ac4f498daa3e3506f23248c0c303b8c80264b67c35b6546adf663f3820d46e7	-71.45771000000002	13	3	255	0.51190289	59	0.8	77	1273	21	0.632632	502	positive_pose_source_case02_pos_04_PVRIG-38	0	WEAK_PRIOR_ONLY	-11.422	3	cluster_1_model_1.pdb.gz	SUPPORTED_AB	DESCRIPTIVE_ONLY	1.079	-12.354	-0.736	42.989	2.56	864.146	1679.053	814.908	16.0	-0.018	2.0	231.0	65.0	0.0	1.67	0.551	2.692	80.755	0.794	27.791	0.0	old_top7500	7	917	QUOTA_SAFE_BACKFILL	/data1/qlyu/projects/pvrig_priority_top7500_dualreceptor_multiseed_docking_results_v1_20260722/top7500_25k/compressed_queue/CANDIDATE_P1MCPUFP__CPUFP500K_0228__00449_9e6y_s917_29c89ddcdfb0.tar.gz	runs/CANDIDATE_P1MCPUFP__CPUFP500K_0228__00449_9e6y_s917_29c89ddcdfb0/haddock_run/6_seletopclusts/cluster_1_model_1.pdb.gz	29c89ddcdfb00c971ccc282c8302f3715659200e11006ed9d8f5d4ac0a36fee1	8c55751f66ac2930ce115a9419321a2b2bed220b61af2e1671f7ac6e6a2e33b3	CANDIDATE_P1MCPUFP__CPUFP500K_0228__00449_9e6y_s917_29c89ddcdfb0	0.0	Static structure diagnostics only; not experimental affinity, blocking, expression or purity.	190	20
316.977	P1MCPUFP__CPUFP500K_0228__00457	GAETGPGD	6	ISASGKSF	6	AAGYGSRSDLPSSWTY	0.39130435	9	0.91304348	AT	8x6b	110	1595	17	1.100798	615	4	NOT_RUN_CROSS_CANDIDATE_RANK_REJECTED	2	/data/qlyu/projects/pvrig_top7500_dualpanel_screen_v1_20260724/run/static_review/inputs/pdb/CANDIDATE_P1MCPUFP__CPUFP500K_0228__00457_8x6b_s917_047bec4174e5.pdb	d38e62dbf405eb4e53f7ed2f147b81685aa21ebdb131b522fdd76a855a0da2f4	-88.0668	14	8	331	0.55083372	62	0.8	125	1582	17	0.550572	643	positive_pose_source_case02_pos_04_PVRIG-38	0	WEAK_PRIOR_ONLY	-10.184	2	cluster_1_model_1.pdb.gz	STRICT_A	DESCRIPTIVE_ONLY	0.991	17.09	0.927	49.773	2.7	1122.909	1843.552	720.644	16.0	-0.067	3.0	226.0	68.0	0.0	1.114	0.636	1.574	47.205	0.751	28.536	0.0	old_top7500	2	917	CORE_EXPLOITATION	/data1/qlyu/projects/pvrig_priority_top7500_dualreceptor_multiseed_docking_results_v1_20260722/top7500_25k/compressed_queue/CANDIDATE_P1MCPUFP__CPUFP500K_0228__00457_8x6b_s917_047bec4174e5.tar.gz	runs/CANDIDATE_P1MCPUFP__CPUFP500K_0228__00457_8x6b_s917_047bec4174e5/haddock_run/6_seletopclusts/cluster_1_model_1.pdb.gz	047bec4174e55bb4363ab66e529daa57c9ac135193e2ff5c68198a3adde37f50	8c55751f66ac2930ce115a9419321a2b2bed220b61af2e1671f7ac6e6a2e33b3	CANDIDATE_P1MCPUFP__CPUFP500K_0228__00457_8x6b_s917_047bec4174e5	0.0	Static structure diagnostics only; not experimental affinity, blocking, expression or purity.	56	23
118.91	P1MCPUFP__CPUFP500K_0228__00457	GAETGPGD	6	ISASGKSF	7	AAGYGSRSDLPSSWTY	0.36363636	8	0.95454545	AT	9e6y	123	1562	16	1.001684	632	4	NOT_RUN_CROSS_CANDIDATE_RANK_REJECTED	1	/data/qlyu/projects/pvrig_top7500_dualpanel_screen_v1_20260724/run/static_review/inputs/pdb/CANDIDATE_P1MCPUFP__CPUFP500K_0228__00457_9e6y_s1931_4c7ef94cbaa3.pdb	7cc3ffc505f49233df966ae7905546543f4e6c7603e1caf489fb9341f0e8d894	-91.65669999999999	8	8	286	0.49455025	57	0.7	114	1570	16	0.618901	615	positive_pose_source_case02_pos_04_PVRIG-38	0	WEAK_PRIOR_ONLY	-10.189	2	cluster_1_model_1.pdb.gz	STRICT_A	DESCRIPTIVE_ONLY	0.693	25.221	1.437	48.719	2.775	1073.537	1755.531	681.994	17.0	0.0	0.0	231.0	68.0	0.0	0.678	0.585	1.91	57.292	-0.295	-11.211	0.0	old_top7500	2	1931	CORE_EXPLOITATION	/data1/qlyu/projects/pvrig_priority_top7500_dualreceptor_multiseed_docking_results_v1_20260722/top7500_25k/compressed_queue/CANDIDATE_P1MCPUFP__CPUFP500K_0228__00457_9e6y_s1931_4c7ef94cbaa3.tar.gz	runs/CANDIDATE_P1MCPUFP__CPUFP500K_0228__00457_9e6y_s1931_4c7ef94cbaa3/haddock_run/6_seletopclusts/cluster_1_model_1.pdb.gz	4c7ef94cbaa3057e230e41bf444e2f00f0f5b22c6203b3a54e1d83322b02749b	8c55751f66ac2930ce115a9419321a2b2bed220b61af2e1671f7ac6e6a2e33b3	CANDIDATE_P1MCPUFP__CPUFP500K_0228__00457_9e6y_s1931_4c7ef94cbaa3	0.0	Static structure diagnostics only; not experimental affinity, blocking, expression or purity.	56	22
145.927	P1MCPUFP__CPUFP500K_0228__00645	GPVKGPGD	6	ISADGKTY	3	AAGAGERSSLPSDYTY	0.35	7	0.8	AT	8x6b	109	1559	16	1.055966	641	2	NOT_RUN_CROSS_CANDIDATE_RANK_REJECTED	4	/data/qlyu/projects/pvrig_top7500_dualpanel_screen_v1_20260724/run/static_review/inputs/pdb/CANDIDATE_P1MCPUFP__CPUFP500K_0228__00645_8x6b_s1931_39fae0a670ab.pdb	232e4167897e3e5f282cddd70042de144cef2c64c9480ba1c9d4e0964e1d7240	-73.99747000000002	6	4	263	0.48864282	55	0.9	104	1486	16	0.449408	633	positive_pose_source_case02_pos_04_PVRIG-38	0	WEAK_PRIOR_ONLY	-12.202	2	cluster_1_model_1.pdb.gz	STRICT_A	DESCRIPTIVE_ONLY	0.412	-9.652	-0.681	-0.007	0.0	822.031	1417.173	595.142	10.0	147.916	3.0	226.0	58.0	0.0	1.004	0.706	1.43	41.47	0.578	16.761	0.0	old_top7500	2	1931	STRUCTURAL_RESERVE	/data1/qlyu/projects/pvrig_priority_top7500_dualreceptor_multiseed_docking_results_v1_20260722/top7500_25k/compressed_queue/CANDIDATE_P1MCPUFP__CPUFP500K_0228__00645_8x6b_s1931_39fae0a670ab.tar.gz	runs/CANDIDATE_P1MCPUFP__CPUFP500K_0228__00645_8x6b_s1931_39fae0a670ab/haddock_run/6_seletopclusts/cluster_1_model_1.pdb.gz	39fae0a670abcb1da0fbf6ebcb1d21a669e7e36a1bafa7fa02d4b24e4a3cfa43	8c55751f66ac2930ce115a9419321a2b2bed220b61af2e1671f7ac6e6a2e33b3	CANDIDATE_P1MCPUFP__CPUFP500K_0228__00645_8x6b_s1931_39fae0a670ab	0.0	Static structure diagnostics only; not experimental affinity, blocking, expression or purity.	180	20
132.769	P1MCPUFP__CPUFP500K_0228__00645	GPVKGPGD	7	ISADGKTY	4	AAGAGERSSLPSDYTY	0.36363636	8	0.86363636	AT	9e6y	112	1736	19	0.930645	682	2	NOT_RUN_CROSS_CANDIDATE_RANK_REJECTED	3	/data/qlyu/projects/pvrig_top7500_dualpanel_screen_v1_20260724/run/static_review/inputs/pdb/CANDIDATE_P1MCPUFP__CPUFP500K_0228__00645_9e6y_s917_cf492be67a79.pdb	6483089632ec4983250e16c9c89a8b1223807c0f59b2fd67c89843eb642f8733	-74.415	15	2	258	0.48587393	56	0.8	107	1678	19	0.542214	666	positive_pose_source_case02_pos_04_PVRIG-38	0	WEAK_PRIOR_ONLY	-11.556	3	cluster_1_model_1.pdb.gz	STRICT_A	DESCRIPTIVE_ONLY	0.524	2.574	0.151	30.111	1.762	927.161	1708.711	781.55	16.0	-0.065	2.0	231.0	66.0	0.0	0.793	0.492	1.512	43.859	0.229	8.468	0.0	old_top7500	1	917	STRUCTURAL_RESERVE	/data1/qlyu/projects/pvrig_priority_top7500_dualreceptor_multiseed_docking_results_v1_20260722/top7500_25k/compressed_queue/CANDIDATE_P1MCPUFP__CPUFP500K_0228__00645_9e6y_s917_cf492be67a79.tar.gz	runs/CANDIDATE_P1MCPUFP__CPUFP500K_0228__00645_9e6y_s917_cf492be67a79/haddock_run/6_seletopclusts/cluster_1_model_1.pdb.gz	cf492be67a791d299c6aca035daed804323faf2f31f2ab121a9d762100ca39ba	8c55751f66ac2930ce115a9419321a2b2bed220b61af2e1671f7ac6e6a2e33b3	CANDIDATE_P1MCPUFP__CPUFP500K_0228__00645_9e6y_s917_cf492be67a79	0.0	Static structure diagnostics only; not experimental affinity, blocking, expression or purity.	180	22
135.754	P1MCPUFP__CPUFP500K_0228__00771	GPISGPGD	7	ISADGKTY	5	AAGRGSLSDLEDSWSY	0.27777778	5	0.94444444	AT	8x6b	122	1635	15	1.09084	668	2	NOT_RUN_CROSS_CANDIDATE_RANK_REJECTED	1	/data/qlyu/projects/pvrig_top7500_dualpanel_screen_v1_20260724/run/static_review/inputs/pdb/CANDIDATE_P1MCPUFP__CPUFP500K_0228__00771_8x6b_s1931_92eceb0ac72c.pdb	e5719d2b1058ed96f6dbc84d1d006b5fed8af1e753db9584ec260f7e89d41757	-75.08065	10	4	234	0.54194931	61	0.2	127	1597	15	0.501989	669	positive_pose_source_case02_pos_04_PVRIG-38	0	WEAK_PRIOR_ONLY	-12.57	3	cluster_1_model_1.pdb.gz	STRICT_A	DESCRIPTIVE_ONLY	1.02	18.826	1.294	27.876	1.916	879.883	1455.125	575.242	18.0	-0.088	2.0	226.0	68.0	0.0	1.126	0.593	1.632	44.076	0.792	32.492	0.0	old_top7500	5	1931	CORE_EXPLOITATION	/data1/qlyu/projects/pvrig_priority_top7500_dualreceptor_multiseed_docking_results_v1_20260722/top7500_25k/compressed_queue/CANDIDATE_P1MCPUFP__CPUFP500K_0228__00771_8x6b_s1931_92eceb0ac72c.tar.gz	runs/CANDIDATE_P1MCPUFP__CPUFP500K_0228__00771_8x6b_s1931_92eceb0ac72c/haddock_run/6_seletopclusts/cluster_1_model_1.pdb.gz	92eceb0ac72ccac24f356f8c2af00150003c0f314a295c81a43893b8c71fcd76	8c55751f66ac2930ce115a9419321a2b2bed220b61af2e1671f7ac6e6a2e33b3	CANDIDATE_P1MCPUFP__CPUFP500K_0228__00771_8x6b_s1931_92eceb0ac72c	0.0	Static structure diagnostics only; not experimental affinity, blocking, expression or purity.	111	18
322.065	P1MCPUFP__CPUFP500K_0228__00771	GPISGPGD	7	ISADGKTY	4	AAGRGSLSDLEDSWSY	0.33333333	6	0.94444444	AT	9e6y	81	1448	15	0.988728	604	2	NOT_RUN_CROSS_CANDIDATE_RANK_REJECTED	1	/data/qlyu/projects/pvrig_top7500_dualpanel_screen_v1_20260724/run/static_review/inputs/pdb/CANDIDATE_P1MCPUFP__CPUFP500K_0228__00771_9e6y_s917_6a99ad60ff1e.pdb	5b1103aae5f481286b24d1e825e39ec0cda6b9ac8e36704124e62d97fc8cd009	-51.386900000000004	8	5	204	0.44249233	51	0.2	86	1516	15	0.651325	616	positive_pose_source_case02_pos_04_PVRIG-38	0	WEAK_PRIOR_ONLY	-10.532	4	cluster_1_model_1.pdb.gz	SUPPORTED_AB	DESCRIPTIVE_ONLY	0.979	28.145	1.971	41.806	2.927	904.52	1428.031	523.511	11.0	-0.037	3.0	231.0	59.0	0.0	0.783	0.539	1.301	33.813	0.375	12.385	0.0	old_top7500	3	917	CORE_EXPLOITATION	/data1/qlyu/projects/pvrig_priority_top7500_dualreceptor_multiseed_docking_results_v1_20260722/top7500_25k/compressed_queue/CANDIDATE_P1MCPUFP__CPUFP500K_0228__00771_9e6y_s917_6a99ad60ff1e.tar.gz	runs/CANDIDATE_P1MCPUFP__CPUFP500K_0228__00771_9e6y_s917_6a99ad60ff1e/haddock_run/6_seletopclusts/cluster_1_model_1.pdb.gz	6a99ad60ff1e6ae348f94fff00ad90ce97550ab8b05667397dc814d0daa547f4	8c55751f66ac2930ce115a9419321a2b2bed220b61af2e1671f7ac6e6a2e33b3	CANDIDATE_P1MCPUFP__CPUFP500K_0228__00771_9e6y_s917_6a99ad60ff1e	0.0	Static structure diagnostics only; not experimental affinity, blocking, expression or purity.	111	18
190.391	P1MCPUFP__CPUFP500K_0228__00933	GPITGPSD	7	ISADGKTY	5	GAGAGERSSLASSWTY	0.25	6	0.75	AT	8x6b	128	1620	19	1.141738	680	3	NOT_RUN_CROSS_CANDIDATE_RANK_REJECTED	6	/data/qlyu/projects/pvrig_top7500_dualpanel_screen_v1_20260724/run/static_review/inputs/pdb/CANDIDATE_P1MCPUFP__CPUFP500K_0228__00933_8x6b_s3253_544f912a6632.pdb	ad4f207f135b87379483f89635e9496be2d923dd3d8c93ff625ad0ec5a68a079	-63.097620000000006	10	2	230	0.54194931	61	0.4	129	1585	19	0.579618	688	positive_pose_source_case02_pos_04_PVRIG-38	0	WEAK_PRIOR_ONLY	-14.299	3	cluster_1_model_1.pdb.gz	STRICT_A	DESCRIPTIVE_ONLY	0.829	-12.016	-0.764	4.228	0.269	817.064	1572.694	755.63	13.0	-0.482	4.0	226.0	67.0	0.0	1.123	0.555	1.956	54.765	0.524	20.448	0.0	old_top7500	4	3253	QUOTA_SAFE_BACKFILL	/data1/qlyu/projects/pvrig_priority_top7500_dualreceptor_multiseed_docking_results_v1_20260722/top7500_25k/compressed_queue/CANDIDATE_P1MCPUFP__CPUFP500K_0228__00933_8x6b_s3253_544f912a6632.tar.gz	runs/CANDIDATE_P1MCPUFP__CPUFP500K_0228__00933_8x6b_s3253_544f912a6632/haddock_run/6_seletopclusts/cluster_1_model_1.pdb.gz	544f912a66327da75729241ab9bf18bf7247994bf6d5085da3765f7ee97bac7d	8c55751f66ac2930ce115a9419321a2b2bed220b61af2e1671f7ac6e6a2e33b3	CANDIDATE_P1MCPUFP__CPUFP500K_0228__00933_8x6b_s3253_544f912a6632	0.0	Static structure diagnostics only; not experimental affinity, blocking, expression or purity.	187	24
145.992	P1MCPUFP__CPUFP500K_0228__00933	GPITGPSD	7	ISADGKTY	4	GAGAGERSSLASSWTY	0.36	9	0.8	AT	9e6y	105	1568	19	0.974224	606	2	NOT_RUN_CROSS_CANDIDATE_RANK_REJECTED	5	/data/qlyu/projects/pvrig_top7500_dualpanel_screen_v1_20260724/run/static_review/inputs/pdb/CANDIDATE_P1MCPUFP__CPUFP500K_0228__00933_9e6y_s1931_b8f1d1c48d51.pdb	887a06e9c1f06ffe4b208529452844c793f763502edf713957725eab74d799aa	-73.848617	10	2	265	0.58131345	67	0.5	96	1521	19	0.568657	593	positive_pose_source_case02_pos_04_PVRIG-38	0	WEAK_PRIOR_ONLY	-13.112	3	cluster_1_model_1.pdb.gz	SUPPORTED_AB	DESCRIPTIVE_ONLY	1.085	-11.161	-0.63	35.741	2.017	885.506	1771.73	886.223	16.0	-0.068	4.0	231.0	72.0	0.0	1.85	0.615	2.865	91.67	1.039	41.56	0.0	old_top7500	0	1931	QUOTA_SAFE_BACKFILL	/data1/qlyu/projects/pvrig_priority_top7500_dualreceptor_multiseed_docking_results_v1_20260722/top7500_25k/compressed_queue/CANDIDATE_P1MCPUFP__CPUFP500K_0228__00933_9e6y_s1931_b8f1d1c48d51.tar.gz	runs/CANDIDATE_P1MCPUFP__CPUFP500K_0228__00933_9e6y_s1931_b8f1d1c48d51/haddock_run/6_seletopclusts/cluster_1_model_1.pdb.gz	b8f1d1c48d51e0255e7f7513667fe336213f8a4cf176676450c47bbbdd994a29	8c55751f66ac2930ce115a9419321a2b2bed220b61af2e1671f7ac6e6a2e33b3	CANDIDATE_P1MCPUFP__CPUFP500K_0228__00933_9e6y_s1931_b8f1d1c48d51	0.0	Static structure diagnostics only; not experimental affinity, blocking, expression or purity.	187	25
219.54	P1MCPUFP__CPUFP500K_0230__00087	WPETGPLP	6	ISADGKLT	6	AASTAGGSFDLSEYQY	0.4	10	0.88	AT	8x6b	112	1604	18	1.115551	651	6	NOT_RUN_CROSS_CANDIDATE_RANK_REJECTED	3	/data/qlyu/projects/pvrig_top7500_dualpanel_screen_v1_20260724/run/static_review/inputs/pdb/CANDIDATE_P1MCPUFP__CPUFP500K_0230__00087_8x6b_s1931_5b51c475eb60.pdb	6130a6ebc46afb10c0527fd8759414ca1e131b60acb5855061d9ae27cedd288f	-87.60427000000001	14	9	277	0.60414021	68	0.5	119	1572	18	0.538628	658	positive_pose_source_case02_pos_04_PVRIG-38	0	WEAK_PRIOR_ONLY	-12.782	3	cluster_1_model_1.pdb.gz	STRICT_A	DESCRIPTIVE_ONLY	0.773	-5.862	-0.334	20.201	1.15	1051.183	1756.323	705.14	14.0	-0.199	5.0	226.0	68.0	0.0	0.594	0.636	1.139	34.179	0.163	6.204	0.0	old_top7500	6	1931	CORE_EXPLOITATION	/data1/qlyu/projects/pvrig_priority_top7500_dualreceptor_multiseed_docking_results_v1_20260722/top7500_25k/compressed_queue/CANDIDATE_P1MCPUFP__CPUFP500K_0230__00087_8x6b_s1931_5b51c475eb60.tar.gz	runs/CANDIDATE_P1MCPUFP__CPUFP500K_0230__00087_8x6b_s1931_5b51c475eb60/haddock_run/6_seletopclusts/cluster_1_model_1.pdb.gz	5b51c475eb60714f61565757861075573a55d8ecd1a415e3db4f935753d8d2ed	8c55751f66ac2930ce115a9419321a2b2bed220b61af2e1671f7ac6e6a2e33b3	CANDIDATE_P1MCPUFP__CPUFP500K_0230__00087_8x6b_s1931_5b51c475eb60	0.0	Static structure diagnostics only; not experimental affinity, blocking, expression or purity.	102	25
209.44	P1MCPUFP__CPUFP500K_0230__00087	WPETGPLP	8	ISADGKLT	3	AASTAGGSFDLSEYQY	0.39130435	9	0.86956522	AT	9e6y	114	1753	13	0.921669	717	6	NOT_RUN_CROSS_CANDIDATE_RANK_REJECTED	3	/data/qlyu/projects/pvrig_top7500_dualpanel_screen_v1_20260724/run/static_review/inputs/pdb/CANDIDATE_P1MCPUFP__CPUFP500K_0230__00087_9e6y_s917_a6b50c0753a5.pdb	d7b3dbd6d8a33197c79a9e7d17f9359b3c094d87a631369f00db6511f9c023a5	-58.26277999999999	5	3	231	0.47719761	55	0.6	108	1756	13	0.479038	709	positive_pose_source_case02_pos_04_PVRIG-38	0	WEAK_PRIOR_ONLY	-11.897	3	cluster_1_model_1.pdb.gz	SUPPORTED_AB	DESCRIPTIVE_ONLY	1.055	11.1	0.81	60.786	4.436	816.345	1370.402	554.057	8.0	-0.049	5.0	231.0	59.0	0.0	1.946	0.508	1.15	33.338	2.715	81.452	0.0	old_top7500	4	917	CORE_EXPLOITATION	/data1/qlyu/projects/pvrig_priority_top7500_dualreceptor_multiseed_docking_results_v1_20260722/top7500_25k/compressed_queue/CANDIDATE_P1MCPUFP__CPUFP500K_0230__00087_9e6y_s917_a6b50c0753a5.tar.gz	runs/CANDIDATE_P1MCPUFP__CPUFP500K_0230__00087_9e6y_s917_a6b50c0753a5/haddock_run/6_seletopclusts/cluster_1_model_1.pdb.gz	a6b50c0753a556f23cb7cec3707a08b35d6230c575535a5f5b66f6a78952b4b7	8c55751f66ac2930ce115a9419321a2b2bed220b61af2e1671f7ac6e6a2e33b3	CANDIDATE_P1MCPUFP__CPUFP500K_0230__00087_9e6y_s917_a6b50c0753a5	0.0	Static structure diagnostics only; not experimental affinity, blocking, expression or purity.	102	23
204.998	P1MCPUFP__CPUFP500K_0232__00010	GPFDFLPD	7	ISASGKET	6	AAGWSSGSTDPEVYQF	0.34782609	8	0.91304348	AT	8x6b	126	1731	16	1.042239	674	4	NOT_RUN_CROSS_CANDIDATE_RANK_REJECTED	2	/data/qlyu/projects/pvrig_top7500_dualpanel_screen_v1_20260724/run/static_review/inputs/pdb/CANDIDATE_P1MCPUFP__CPUFP500K_0232__00010_8x6b_s917_b437ad176013.pdb	949e7c9e62a7d018ea3b9a7434116b6a3a468c22f7bb496dc1025a024e292dc0	-95.51929999999999	8	6	280	0.55083372	62	0.7	128	1743	16	0.456411	677	positive_pose_source_case02_pos_04_PVRIG-38	0	WEAK_PRIOR_ONLY	-9.84	2	cluster_1_model_1.pdb.gz	STRICT_A	DESCRIPTIVE_ONLY	0.783	-0.898	-0.053	28.002	1.656	1036.993	1691.149	654.155	7.0	-0.071	3.0	226.0	66.0	0.0	1.295	0.621	2.673	77.514	0.215	7.969	0.0	old_top7500	5	917	QUOTA_SAFE_BACKFILL	/data1/qlyu/projects/pvrig_priority_top7500_dualreceptor_multiseed_docking_results_v1_20260722/top7500_25k/compressed_queue/CANDIDATE_P1MCPUFP__CPUFP500K_0232__00010_8x6b_s917_b437ad176013.tar.gz	runs/CANDIDATE_P1MCPUFP__CPUFP500K_0232__00010_8x6b_s917_b437ad176013/haddock_run/6_seletopclusts/cluster_1_model_1.pdb.gz	b437ad1760132d52ec31513979cf134d2617f503a40651abbc069898adfc89f7	8c55751f66ac2930ce115a9419321a2b2bed220b61af2e1671f7ac6e6a2e33b3	CANDIDATE_P1MCPUFP__CPUFP500K_0232__00010_8x6b_s917_b437ad176013	0.0	Static structure diagnostics only; not experimental affinity, blocking, expression or purity.	189	23
213.389	P1MCPUFP__CPUFP500K_0232__00010	GPFDFLPD	4	ISASGKET	7	AAGWSSGSTDPEVYQF	0.15	3	0.7	AT	9e6y	138	1528	16	0.986624	633	3	NOT_RUN_CROSS_CANDIDATE_RANK_REJECTED	6	/data/qlyu/projects/pvrig_top7500_dualpanel_screen_v1_20260724/run/static_review/inputs/pdb/CANDIDATE_P1MCPUFP__CPUFP500K_0232__00010_9e6y_s1931_29f7e25ab3bd.pdb	363a5cac8f2f0b5ee0997e4a0e2847a47b9c7031444d17ef78352745aff8e8ea	-86.773	5	3	255	0.48587393	56	0.8	140	1588	16	0.520135	633	positive_pose_source_case02_pos_04_PVRIG-38	0	WEAK_PRIOR_ONLY	-11.936	2	cluster_1_model_1.pdb.gz	STRICT_A	DESCRIPTIVE_ONLY	0.682	-5.189	-0.353	12.601	0.857	916.591	1471.15	554.559	11.0	-0.194	2.0	231.0	59.0	0.0	0.518	0.559	1.287	34.744	-0.131	-4.208	0.0	old_top7500	3	1931	QUOTA_SAFE_BACKFILL	/data1/qlyu/projects/pvrig_priority_top7500_dualreceptor_multiseed_docking_results_v1_20260722/top7500_25k/compressed_queue/CANDIDATE_P1MCPUFP__CPUFP500K_0232__00010_9e6y_s1931_29f7e25ab3bd.tar.gz	runs/CANDIDATE_P1MCPUFP__CPUFP500K_0232__00010_9e6y_s1931_29f7e25ab3bd/haddock_run/6_seletopclusts/cluster_1_model_1.pdb.gz	29f7e25ab3bd758f6bf41ed0d8e2a4865c274a9ff6730c9378657a94b053cebc	8c55751f66ac2930ce115a9419321a2b2bed220b61af2e1671f7ac6e6a2e33b3	CANDIDATE_P1MCPUFP__CPUFP500K_0232__00010_9e6y_s1931_29f7e25ab3bd	0.0	Static structure diagnostics only; not experimental affinity, blocking, expression or purity.	189	20
192.321	P1MCPUFP__CPUFP500K_0234__00397	GDFSGPLD	7	ISASGKHY	6	AASDRGHSSDPSDWEY	0.26923077	7	0.76923077	AT	8x6b	141	1495	18	1.169781	641	2	NOT_RUN_CROSS_CANDIDATE_RANK_REJECTED	6	/data/qlyu/projects/pvrig_top7500_dualpanel_screen_v1_20260724/run/static_review/inputs/pdb/CANDIDATE_P1MCPUFP__CPUFP500K_0234__00397_8x6b_s1931_12a29f709472.pdb	3a81a30cfec1da315d711842c751181f54fde451e6aa791b8d3f6bd093048cc4	-78.54488	11	5	262	0.62190904	70	0.888889	136	1489	18	0.5813	621	positive_pose_source_case02_pos_04_PVRIG-38	0	WEAK_PRIOR_ONLY	-12.093	2	cluster_1_model_1.pdb.gz	STRICT_A	DESCRIPTIVE_ONLY	0.777	3.37	0.203	22.605	1.358	823.381	1664.171	840.791	22.0	-0.132	3.0	226.0	70.0	0.0	0.999	0.634	2.15	66.653	0.085	3.304	0.0	old_top7500	5	1931	QUOTA_SAFE_BACKFILL	/data1/qlyu/projects/pvrig_priority_top7500_dualreceptor_multiseed_docking_results_v1_20260722/top7500_25k/compressed_queue/CANDIDATE_P1MCPUFP__CPUFP500K_0234__00397_8x6b_s1931_12a29f709472.tar.gz	runs/CANDIDATE_P1MCPUFP__CPUFP500K_0234__00397_8x6b_s1931_12a29f709472/haddock_run/6_seletopclusts/cluster_1_model_1.pdb.gz	12a29f709472120bf608bac2169b7a0d4840f0fa350ced79b04c4c86fdde922f	8c55751f66ac2930ce115a9419321a2b2bed220b61af2e1671f7ac6e6a2e33b3	CANDIDATE_P1MCPUFP__CPUFP500K_0234__00397_8x6b_s1931_12a29f709472	0.0	Static structure diagnostics only; not experimental affinity, blocking, expression or purity.	188	26
221.156	P1MCPUFP__CPUFP500K_0234__00397	GDFSGPLD	6	ISASGKHY	4	AASDRGHSSDPSDWEY	0.47368421	9	1.0	AT	9e6y	67	1171	18	0.939658	467	2	NOT_RUN_CROSS_CANDIDATE_RANK_REJECTED	0	/data/qlyu/projects/pvrig_top7500_dualpanel_screen_v1_20260724/run/static_review/inputs/pdb/CANDIDATE_P1MCPUFP__CPUFP500K_0234__00397_9e6y_s3253_827c2aae96c5.pdb	5036117d18759abc5a6dcfc9b35c99403e5d51710e4de3dc44952112a2e9c0ae	-74.13068	13	1	254	0.44249233	51	0.7	60	1145	18	0.55851	457	positive_pose_source_case02_pos_04_PVRIG-38	0	WEAK_PRIOR_ONLY	-12.224	2	cluster_1_model_1.pdb.gz	SUPPORTED_AB	DESCRIPTIVE_ONLY	0.738	8.654	0.589	63.636	4.33	773.803	1469.507	695.704	19.0	-0.091	7.0	231.0	61.0	0.0	0.995	0.642	1.816	47.229	0.385	13.479	0.0	old_top7500	8	3253	QUOTA_SAFE_BACKFILL	/data1/qlyu/projects/pvrig_priority_top7500_dualreceptor_multiseed_docking_results_v1_20260722/top7500_25k/compressed_queue/CANDIDATE_P1MCPUFP__CPUFP500K_0234__00397_9e6y_s3253_827c2aae96c5.tar.gz	runs/CANDIDATE_P1MCPUFP__CPUFP500K_0234__00397_9e6y_s3253_827c2aae96c5/haddock_run/6_seletopclusts/cluster_1_model_1.pdb.gz	827c2aae96c5eacbaae046864b32c57c8e294359c69273464ad5760b58ed903b	8c55751f66ac2930ce115a9419321a2b2bed220b61af2e1671f7ac6e6a2e33b3	CANDIDATE_P1MCPUFP__CPUFP500K_0234__00397_9e6y_s3253_827c2aae96c5	0.0	Static structure diagnostics only; not experimental affinity, blocking, expression or purity.	188	19
151.173	P1MCPUFP__CPUFP500K_0284__00666	GSGFRDGPAQ	6	IDYEGKV	3	AAGPSGSTSVTMDESGYVY	0.56521739	13	0.95652174	AT	8x6b	179	1693	20	1.069902	667	2	NOT_RUN_CROSS_CANDIDATE_RANK_REJECTED	1	/data/qlyu/projects/pvrig_top7500_dualpanel_screen_v1_20260724/run/static_review/inputs/pdb/CANDIDATE_P1MCPUFP__CPUFP500K_0284__00666_8x6b_s1931_c38b1dfea09c.pdb	62860bd57c8db4e409f9fb843d5063e1411d1570060308362a2d2e824b897af3	-84.6232	11	3	260	0.55083316	63	0.8	173	1607	20	0.489524	666	positive_pose_source_case02_pos_10_151H7	0	WEAK_PRIOR_ONLY	-11.486	4	cluster_1_model_1.pdb.gz	STRICT_A	DESCRIPTIVE_ONLY	0.72	-8.322	-0.49	15.811	0.931	975.649	1698.909	723.259	22.0	-0.119	6.0	230.0	70.0	0.0	0.815	0.578	1.722	55.096	0.052	1.986	0.0	old_top7500	3	1931	STRUCTURAL_RESERVE	/data1/qlyu/projects/pvrig_priority_top7500_dualreceptor_multiseed_docking_results_v1_20260722/top7500_25k/compressed_queue/CANDIDATE_P1MCPUFP__CPUFP500K_0284__00666_8x6b_s1931_c38b1dfea09c.tar.gz	runs/CANDIDATE_P1MCPUFP__CPUFP500K_0284__00666_8x6b_s1931_c38b1dfea09c/haddock_run/6_seletopclusts/cluster_1_model_1.pdb.gz	c38b1dfea09c2de6d1a46619680611f6b721fd69249dfa1014e14970c218d34b	8c55751f66ac2930ce115a9419321a2b2bed220b61af2e1671f7ac6e6a2e33b3	CANDIDATE_P1MCPUFP__CPUFP500K_0284__00666_8x6b_s1931_c38b1dfea09c	0.0	Static structure diagnostics only; not experimental affinity, blocking, expression or purity.	169	23
121.4	P1MCPUFP__CPUFP500K_0284__00666	GSGFRDGPAQ	6	IDYEGKV	3	AAGPSGSTSVTMDESGYVY	0.56521739	13	0.95652174	AT	9e6y	164	1600	20	0.956905	655	2	NOT_RUN_CROSS_CANDIDATE_RANK_REJECTED	1	/data/qlyu/projects/pvrig_top7500_dualpanel_screen_v1_20260724/run/static_review/inputs/pdb/CANDIDATE_P1MCPUFP__CPUFP500K_0284__00666_9e6y_s1931_b56721452dcc.pdb	f207a5b01f2fb7480a6d28b29afbf8a6210fcead46e2f29bc056a29a1e61e073	-87.7557	11	3	294	0.58062426	68	1.0	169	1651	20	0.543546	658	positive_pose_source_case02_pos_10_151H7	0	WEAK_PRIOR_ONLY	-11.647	4	cluster_1_model_1.pdb.gz	STRICT_A	DESCRIPTIVE_ONLY	1.506	-10.636	-0.623	22.046	1.292	1028.343	1706.173	677.83	27.0	-0.195	6.0	235.0	73.0	0.0	1.251	0.504	2.334	72.368	0.451	18.929	0.0	old_top7500	3	1931	STRUCTURAL_RESERVE	/data1/qlyu/projects/pvrig_priority_top7500_dualreceptor_multiseed_docking_results_v1_20260722/top7500_25k/compressed_queue/CANDIDATE_P1MCPUFP__CPUFP500K_0284__00666_9e6y_s1931_b56721452dcc.tar.gz	runs/CANDIDATE_P1MCPUFP__CPUFP500K_0284__00666_9e6y_s1931_b56721452dcc/haddock_run/6_seletopclusts/cluster_1_model_1.pdb.gz	b56721452dcc7ab44fc209dc10b38b5e79faf7ef19d2cbb374d20bf8b9d62d83	8c55751f66ac2930ce115a9419321a2b2bed220b61af2e1671f7ac6e6a2e33b3	CANDIDATE_P1MCPUFP__CPUFP500K_0284__00666_9e6y_s1931_b56721452dcc	0.0	Static structure diagnostics only; not experimental affinity, blocking, expression or purity.	169	23
185.106	P1MCPUFP__CPUFP500K_0287__00271	GPGFSSPPWH	7	IDSEGRV	3	AASTQISPTISMRPDQWEF	0.5	11	0.95454545	AT	8x6b	84	1125	19	1.091551	450	3	NOT_RUN_CROSS_CANDIDATE_RANK_REJECTED	1	/data/qlyu/projects/pvrig_top7500_dualpanel_screen_v1_20260724/run/static_review/inputs/pdb/CANDIDATE_P1MCPUFP__CPUFP500K_0287__00271_8x6b_s1931_87e0cf9c2af1.pdb	7411f5eaca4af83ebf0dd099bbe4c33bb77c58c51099916fb3505aa5b033a65e	-95.73243000000001	14	3	359	0.53334639	61	0.555556	89	1146	19	0.53565	451	positive_pose_source_case02_pos_10_151H7	0	WEAK_PRIOR_ONLY	-12.012	3	cluster_1_model_1.pdb.gz	SUPPORTED_AB	DESCRIPTIVE_ONLY	0.908	3.781	0.217	49.396	2.839	926.121	1739.907	813.786	16.0	-0.019	1.0	230.0	66.0	0.0	1.804	0.729	3.661	98.842	0.518	20.216	0.0	c2_four_seed	4	1931	CORE_EXPLOITATION	/data1/qlyu/projects/pvrig_c2_new6220_dualreceptor_2seed_docking_results_v1_20260723/c2_new4220/compressed_queue/CANDIDATE_P1MCPUFP__CPUFP500K_0287__00271_8x6b_s1931_87e0cf9c2af1.tar.gz	runs/CANDIDATE_P1MCPUFP__CPUFP500K_0287__00271_8x6b_s1931_87e0cf9c2af1/haddock_run/6_seletopclusts/cluster_1_model_1.pdb.gz	87e0cf9c2af193516723e9c6ad5652c8fc74628ec5123ee06c1718e49a12521d	8c55751f66ac2930ce115a9419321a2b2bed220b61af2e1671f7ac6e6a2e33b3	CANDIDATE_P1MCPUFP__CPUFP500K_0287__00271_8x6b_s1931_87e0cf9c2af1	0.0	Static structure diagnostics only; not experimental affinity, blocking, expression or purity.	67	22
230.697	P1MCPUFP__CPUFP500K_0287__00271	GPGFSSPPWH	7	IDSEGRV	1	AASTQISPTISMRPDQWEF	0.55	11	0.95	AT	9e6y	96	1146	20	0.961395	489	2	NOT_RUN_CROSS_CANDIDATE_RANK_REJECTED	1	/data/qlyu/projects/pvrig_top7500_dualpanel_screen_v1_20260724/run/static_review/inputs/pdb/CANDIDATE_P1MCPUFP__CPUFP500K_0287__00271_9e6y_s42_ea3e48d6f980.pdb	f26e813c4f4ee18471d7693c066a10246a5ebf8935b7dacc1c87943cbd5c1654	-87.14416	11	3	290	0.52085411	61	0.4	96	1152	20	0.568711	481	positive_pose_source_case02_pos_10_151H7	0	WEAK_PRIOR_ONLY	-11.069	3	cluster_1_model_1.pdb.gz	SUPPORTED_AB	DESCRIPTIVE_ONLY	1.48	22.432	1.385	87.468	5.402	1020.71	1619.314	598.603	11.0	-0.023	2.0	235.0	65.0	0.0	2.754	0.679	4.645	120.765	1.494	58.262	0.0	c2_four_seed	5	42	CORE_EXPLOITATION	/data1/qlyu/projects/pvrig_c2_new4220_seed42_3047_docking_results_v1_20260723/c2_new4220_seed42_3047/compressed_queue/CANDIDATE_P1MCPUFP__CPUFP500K_0287__00271_9e6y_s42_ea3e48d6f980.tar.gz	runs/CANDIDATE_P1MCPUFP__CPUFP500K_0287__00271_9e6y_s42_ea3e48d6f980/haddock_run/6_seletopclusts/cluster_1_model_1.pdb.gz	ea3e48d6f9807b2edb6af2dd7f95803a596978aa186af53930dcd2ef5fe7d513	8c55751f66ac2930ce115a9419321a2b2bed220b61af2e1671f7ac6e6a2e33b3	CANDIDATE_P1MCPUFP__CPUFP500K_0287__00271_9e6y_s42_ea3e48d6f980	0.0	Static structure diagnostics only; not experimental affinity, blocking, expression or purity.	67	20
320.207	P1MCPUFP__CPUFP500K_0287__00280	GPGFGLPPFD	6	IDREGDV	3	AAGTQPSPRISMSPSGWEY	0.38888889	7	0.88888889	AT	8x6b	165	2087	15	1.071314	843	3	NOT_RUN_CROSS_CANDIDATE_RANK_REJECTED	2	/data/qlyu/projects/pvrig_top7500_dualpanel_screen_v1_20260724/run/static_review/inputs/pdb/CANDIDATE_P1MCPUFP__CPUFP500K_0287__00280_8x6b_s917_6138f31db5ec.pdb	af01a59c499a8c8c285cecae3c672062b6d5bd884c7d33fe26cd17cef3ff107b	-71.68180000000001	7	3	270	0.43716917	50	0.7	178	2199	15	0.487672	836	positive_pose_source_case02_pos_10_151H7	0	WEAK_PRIOR_ONLY	-10.232	2	cluster_1_model_1.pdb.gz	STRICT_A	DESCRIPTIVE_ONLY	1.344	12.793	1.038	37.53	3.044	826.486	1233.004	406.518	17.0	-0.097	6.0	230.0	60.0	0.0	2.182	0.764	4.331	112.619	0.539	18.323	0.0	old_top7500	2	917	STRUCTURAL_RESERVE	/data1/qlyu/projects/pvrig_priority_top7500_dualreceptor_multiseed_docking_results_v1_20260722/top7500_25k/compressed_queue/CANDIDATE_P1MCPUFP__CPUFP500K_0287__00280_8x6b_s917_6138f31db5ec.tar.gz	runs/CANDIDATE_P1MCPUFP__CPUFP500K_0287__00280_8x6b_s917_6138f31db5ec/haddock_run/6_seletopclusts/cluster_1_model_1.pdb.gz	6138f31db5ecf47726654cebf1295fd25e8eed622ff7b755e34a71d368b2bc78	8c55751f66ac2930ce115a9419321a2b2bed220b61af2e1671f7ac6e6a2e33b3	CANDIDATE_P1MCPUFP__CPUFP500K_0287__00280_8x6b_s917_6138f31db5ec	0.0	Static structure diagnostics only; not experimental affinity, blocking, expression or purity.	172	18
325.083	P1MCPUFP__CPUFP500K_0287__00280	GPGFGLPPFD	6	IDREGDV	3	AAGTQPSPRISMSPSGWEY	0.41176471	7	0.94117647	AT	9e6y	196	2146	15	0.908977	825	3	NOT_RUN_CROSS_CANDIDATE_RANK_REJECTED	1	/data/qlyu/projects/pvrig_top7500_dualpanel_screen_v1_20260724/run/static_review/inputs/pdb/CANDIDATE_P1MCPUFP__CPUFP500K_0287__00280_9e6y_s917_3860f4386ed3.pdb	b8ddc81f641256085dad67cb73ac458a3efd21bd0856e1d17e164e848c2e711d	-68.14	5	3	246	0.41839101	49	0.7	186	2132	15	0.50631	832	positive_pose_source_case02_pos_10_151H7	0	WEAK_PRIOR_ONLY	-10.368	2	cluster_1_model_1.pdb.gz	STRICT_A	DESCRIPTIVE_ONLY	1.397	-7.627	-0.623	40.804	3.334	823.774	1223.766	399.992	20.0	-0.06	4.0	235.0	60.0	0.0	1.435	0.632	3.804	95.097	-0.257	-8.983	0.0	old_top7500	2	917	STRUCTURAL_RESERVE	/data1/qlyu/projects/pvrig_priority_top7500_dualreceptor_multiseed_docking_results_v1_20260722/top7500_25k/compressed_queue/CANDIDATE_P1MCPUFP__CPUFP500K_0287__00280_9e6y_s917_3860f4386ed3.tar.gz	runs/CANDIDATE_P1MCPUFP__CPUFP500K_0287__00280_9e6y_s917_3860f4386ed3/haddock_run/6_seletopclusts/cluster_1_model_1.pdb.gz	3860f4386ed38d783f356c1afc9cd7b4b4f7a91a83c020ee00496633c9769f77	8c55751f66ac2930ce115a9419321a2b2bed220b61af2e1671f7ac6e6a2e33b3	CANDIDATE_P1MCPUFP__CPUFP500K_0287__00280_9e6y_s917_3860f4386ed3	0.0	Static structure diagnostics only; not experimental affinity, blocking, expression or purity.	172	17
337.804	P1MCPUFP__CPUFP500K_0287__00389	GPGFSLPPFD	8	IDYEGKV	0	AAGYQPSPEISMRSDGWTY	0.57142857	12	0.95238095	AT	8x6b	218	1903	19	1.077974	703	3	NOT_RUN_CROSS_CANDIDATE_RANK_REJECTED	1	/data/qlyu/projects/pvrig_top7500_dualpanel_screen_v1_20260724/run/static_review/inputs/pdb/CANDIDATE_P1MCPUFP__CPUFP500K_0287__00389_8x6b_s1931_6ac1767939e2.pdb	de26779060d8cb8a9ff90868e88e7a4563557ad3b6f422ac20898950ec8fd7b5	-71.92299999999999	10	5	295	0.48962948	56	0.7	220	1917	19	0.514169	707	positive_pose_source_case02_pos_10_151H7	0	WEAK_PRIOR_ONLY	-10.113	3	cluster_1_model_1.pdb.gz	STRICT_A	DESCRIPTIVE_ONLY	1.052	-12.462	-0.717	-4.761	-0.274	1026.477	1739.051	712.574	19.0	0.471	4.0	230.0	66.0	0.0	1.579	0.493	3.456	103.69	0.015	0.53	0.0	c2_four_seed	0	1931	CORE_EXPLOITATION	/data1/qlyu/projects/pvrig_c2_new6220_dualreceptor_2seed_docking_results_v1_20260723/c2_new4220/compressed_queue/CANDIDATE_P1MCPUFP__CPUFP500K_0287__00389_8x6b_s1931_6ac1767939e2.tar.gz	runs/CANDIDATE_P1MCPUFP__CPUFP500K_0287__00389_8x6b_s1931_6ac1767939e2/haddock_run/6_seletopclusts/cluster_1_model_1.pdb.gz	6ac1767939e2b244629f9c6252f6d951abe78218c96228778e5f0cc8c5013701	8c55751f66ac2930ce115a9419321a2b2bed220b61af2e1671f7ac6e6a2e33b3	CANDIDATE_P1MCPUFP__CPUFP500K_0287__00389_8x6b_s1931_6ac1767939e2	0.0	Static structure diagnostics only; not experimental affinity, blocking, expression or purity.	69	21
230.833	P1MCPUFP__CPUFP500K_0287__00389	GPGFSLPPFD	6	IDYEGKV	0	AAGYQPSPEISMRSDGWTY	0.57894737	11	0.89473684	AT	9e6y	183	1469	19	0.937769	589	3	NOT_RUN_CROSS_CANDIDATE_RANK_REJECTED	2	/data/qlyu/projects/pvrig_top7500_dualpanel_screen_v1_20260724/run/static_review/inputs/pdb/CANDIDATE_P1MCPUFP__CPUFP500K_0287__00389_9e6y_s42_c60c005a6d7a.pdb	6f28a096e724e5e7e051be0ff1bd810f8f7c8bf8f6d05b09e27a8847d7aff551	-69.55270000000002	10	6	230	0.50377693	59	0.6	176	1375	19	0.497745	550	positive_pose_source_case02_pos_10_151H7	0	WEAK_PRIOR_ONLY	-8.558	3	cluster_1_model_1.pdb.gz	STRICT_A	DESCRIPTIVE_ONLY	1.663	-5.76	-0.371	11.149	0.718	855.341	1552.839	697.499	5.0	-0.682	8.0	235.0	60.0	0.0	1.955	0.6	4.25	114.75	0.077	2.557	0.0	c2_four_seed	1	42	CORE_EXPLOITATION	/data1/qlyu/projects/pvrig_c2_new4220_seed42_3047_docking_results_v1_20260723/c2_new4220_seed42_3047/compressed_queue/CANDIDATE_P1MCPUFP__CPUFP500K_0287__00389_9e6y_s42_c60c005a6d7a.tar.gz	runs/CANDIDATE_P1MCPUFP__CPUFP500K_0287__00389_9e6y_s42_c60c005a6d7a/haddock_run/6_seletopclusts/cluster_1_model_1.pdb.gz	c60c005a6d7a166334eb9bf84e8b13adc652deb2beda32af5551b9ccb9f603e1	8c55751f66ac2930ce115a9419321a2b2bed220b61af2e1671f7ac6e6a2e33b3	CANDIDATE_P1MCPUFP__CPUFP500K_0287__00389_9e6y_s42_c60c005a6d7a	0.0	Static structure diagnostics only; not experimental affinity, blocking, expression or purity.	69	19
371.004	P1MCPUFP__CPUFP500K_0287__00501	GPGFGVPTVD	4	IDSEGTV	0	AAGYQISPTISMRADGWQY	0.68421053	13	0.89473684	AT	8x6b	177	1736	19	1.109512	681	6	NOT_RUN_CROSS_CANDIDATE_RANK_REJECTED	2	/data/qlyu/projects/pvrig_top7500_dualpanel_screen_v1_20260724/run/static_review/inputs/pdb/CANDIDATE_P1MCPUFP__CPUFP500K_0287__00501_8x6b_s917_4a4b80e1712a.pdb	4ddea0d77debb55240d71ead83d6dadd0212e02af1ecdd4d51165b7c0fb7bdfe	-67.787	9	10	288	0.55957654	64	0.9	178	1743	19	0.547334	681	positive_pose_source_case02_pos_10_151H7	0	WEAK_PRIOR_ONLY	-10.485	4	cluster_1_model_1.pdb.gz	STRICT_A	DESCRIPTIVE_ONLY	1.138	32.941	2.019	62.154	3.809	950.766	1631.573	680.807	15.0	-0.041	3.0	230.0	64.0	0.0	1.494	0.725	2.167	60.68	0.97	34.934	0.0	c2_four_seed	3	917	CORE_EXPLOITATION	/data1/qlyu/projects/pvrig_c2_new6220_dualreceptor_2seed_docking_results_v1_20260723/c2_new4220/compressed_queue/CANDIDATE_P1MCPUFP__CPUFP500K_0287__00501_8x6b_s917_4a4b80e1712a.tar.gz	runs/CANDIDATE_P1MCPUFP__CPUFP500K_0287__00501_8x6b_s917_4a4b80e1712a/haddock_run/6_seletopclusts/cluster_1_model_1.pdb.gz	4a4b80e1712aa4c21d1b8c0351e955a4330250ef39877076261b651febbab06b	8c55751f66ac2930ce115a9419321a2b2bed220b61af2e1671f7ac6e6a2e33b3	CANDIDATE_P1MCPUFP__CPUFP500K_0287__00501_8x6b_s917_4a4b80e1712a	0.0	Static structure diagnostics only; not experimental affinity, blocking, expression or purity.	109	19
381.657	P1MCPUFP__CPUFP500K_0287__00501	GPGFGVPTVD	6	IDSEGTV	0	AAGYQISPTISMRADGWQY	0.63636364	14	0.90909091	AT	9e6y	183	1750	18	0.940692	709	5	NOT_RUN_CROSS_CANDIDATE_RANK_REJECTED	2	/data/qlyu/projects/pvrig_top7500_dualpanel_screen_v1_20260724/run/static_review/inputs/pdb/CANDIDATE_P1MCPUFP__CPUFP500K_0287__00501_9e6y_s917_5e1da97b352f.pdb	472d5111cf8898567ec668e997bfb496a464174eb0b96525171e80e551ff4a68	-66.90090000000001	10	10	305	0.55500848	65	0.8	192	1780	18	0.508626	705	positive_pose_source_case02_pos_10_151H7	0	WEAK_PRIOR_ONLY	-10.956	4	cluster_1_model_1.pdb.gz	STRICT_A	DESCRIPTIVE_ONLY	2.004	-0.724	-0.045	40.051	2.471	961.349	1620.729	659.38	16.0	-0.021	3.0	235.0	66.0	0.0	0.653	0.73	2.611	70.497	-0.703	-27.402	0.0	c2_four_seed	2	917	CORE_EXPLOITATION	/data1/qlyu/projects/pvrig_c2_new6220_dualreceptor_2seed_docking_results_v1_20260723/c2_new4220/compressed_queue/CANDIDATE_P1MCPUFP__CPUFP500K_0287__00501_9e6y_s917_5e1da97b352f.tar.gz	runs/CANDIDATE_P1MCPUFP__CPUFP500K_0287__00501_9e6y_s917_5e1da97b352f/haddock_run/6_seletopclusts/cluster_1_model_1.pdb.gz	5e1da97b352f23c077df31ba813f8c5fe95aad0bcd98a52ce091819a16270207	8c55751f66ac2930ce115a9419321a2b2bed220b61af2e1671f7ac6e6a2e33b3	CANDIDATE_P1MCPUFP__CPUFP500K_0287__00501_9e6y_s917_5e1da97b352f	0.0	Static structure diagnostics only; not experimental affinity, blocking, expression or purity.	109	22
206.102	P1MCPUFP__CPUFP500K_0287__00657	GPGFEHPTFH	6	IDYEGKV	0	AASYQPSPTISMRTDLYEY	0.58823529	10	0.94117647	AT	8x6b	91	1153	17	1.111112	458	2	NOT_RUN_CROSS_CANDIDATE_RANK_REJECTED	1	/data/qlyu/projects/pvrig_top7500_dualpanel_screen_v1_20260724/run/static_review/inputs/pdb/CANDIDATE_P1MCPUFP__CPUFP500K_0287__00657_8x6b_s3047_14d23715eea6.pdb	8d5fb9563d6f4f5662f2f2c22a66e09430f6a26412362a6a50a2adb42ece0657	-84.00779999999999	11	3	195	0.37596549	43	0.6	101	1146	17	0.535249	457	positive_pose_source_case02_pos_10_151H7	0	WEAK_PRIOR_ONLY	-9.884	3	cluster_1_model_1.pdb.gz	SUPPORTED_AB	DESCRIPTIVE_ONLY	1.078	-15.021	-1.051	2.165	0.152	793.667	1428.882	635.215	11.0	-0.577	1.0	230.0	59.0	0.0	1.999	0.594	3.179	79.468	1.131	38.454	0.0	c2_four_seed	2	3047	CORE_EXPLOITATION	/data1/qlyu/projects/pvrig_c2_new4220_seed42_3047_docking_results_v1_20260723/c2_new4220_seed42_3047/compressed_queue/CANDIDATE_P1MCPUFP__CPUFP500K_0287__00657_8x6b_s3047_14d23715eea6.tar.gz	runs/CANDIDATE_P1MCPUFP__CPUFP500K_0287__00657_8x6b_s3047_14d23715eea6/haddock_run/6_seletopclusts/cluster_1_model_1.pdb.gz	14d23715eea66586d8db099c0c3d7e18a1750dd57eb0ab5e105a344f08d2bd23	8c55751f66ac2930ce115a9419321a2b2bed220b61af2e1671f7ac6e6a2e33b3	CANDIDATE_P1MCPUFP__CPUFP500K_0287__00657_8x6b_s3047_14d23715eea6	0.0	Static structure diagnostics only; not experimental affinity, blocking, expression or purity.	50	17
262.843	P1MCPUFP__CPUFP500K_0287__00657	GPGFEHPTFH	5	IDYEGKV	3	AASYQPSPTISMRTDLYEY	0.47368421	9	0.89473684	AT	9e6y	153	1525	17	0.924415	618	2	NOT_RUN_CROSS_CANDIDATE_RANK_REJECTED	2	/data/qlyu/projects/pvrig_top7500_dualpanel_screen_v1_20260724/run/static_review/inputs/pdb/CANDIDATE_P1MCPUFP__CPUFP500K_0287__00657_9e6y_s917_dc6a93abc625.pdb	55b972bb64baeb23d78aeebf81211988f00d89167f5f2a8d67f64243fb81967f	-66.1016	6	4	241	0.41839101	49	1.0	152	1593	17	0.458954	620	positive_pose_source_case02_pos_10_151H7	0	WEAK_PRIOR_ONLY	-9.841	3	cluster_1_model_1.pdb.gz	STRICT_A	DESCRIPTIVE_ONLY	2.215	32.842	2.355	59.217	4.247	956.655	1394.359	437.704	14.0	-0.074	4.0	235.0	58.0	0.0	3.267	0.652	4.494	121.328	2.199	68.166	0.0	c2_four_seed	3	917	CORE_EXPLOITATION	/data1/qlyu/projects/pvrig_c2_new6220_dualreceptor_2seed_docking_results_v1_20260723/c2_new4220/compressed_queue/CANDIDATE_P1MCPUFP__CPUFP500K_0287__00657_9e6y_s917_dc6a93abc625.tar.gz	runs/CANDIDATE_P1MCPUFP__CPUFP500K_0287__00657_9e6y_s917_dc6a93abc625/haddock_run/6_seletopclusts/cluster_1_model_1.pdb.gz	dc6a93abc625f56904c68c5e2a3950499562a307d4a4da51cf6a11e103f5acd4	8c55751f66ac2930ce115a9419321a2b2bed220b61af2e1671f7ac6e6a2e33b3	CANDIDATE_P1MCPUFP__CPUFP500K_0287__00657_9e6y_s917_dc6a93abc625	0.0	Static structure diagnostics only; not experimental affinity, blocking, expression or purity.	50	19
286.832	P1MCPUFP__CPUFP500K_0287__00804	GPGFAGPPWH	4	IDREGKV	0	AGSAQVSPDISMSPDGWEY	0.57894737	11	0.78947368	AT	8x6b	177	1552	16	1.046487	653	3	NOT_RUN_CROSS_CANDIDATE_RANK_REJECTED	4	/data/qlyu/projects/pvrig_top7500_dualpanel_screen_v1_20260724/run/static_review/inputs/pdb/CANDIDATE_P1MCPUFP__CPUFP500K_0287__00804_8x6b_s917_cee84144f49d.pdb	8e8b470037c4c687568c2fb17a21cde8064e3b49ba4b720ae0c3c50727166acb	-69.0014	11	3	318	0.54208978	62	1.0	195	1651	16	0.506659	678	positive_pose_source_case02_pos_10_151H7	0	WEAK_PRIOR_ONLY	-11.432	3	cluster_1_model_1.pdb.gz	STRICT_A	DESCRIPTIVE_ONLY	1.359	2.46	0.177	62.022	4.473	779.199	1386.539	607.339	14.0	-0.027	2.0	230.0	64.0	0.0	2.197	0.661	3.285	111.695	0.964	28.918	0.0	c2_four_seed	0	917	CORE_EXPLOITATION	/data1/qlyu/projects/pvrig_c2_new6220_dualreceptor_2seed_docking_results_v1_20260723/c2_new4220/compressed_queue/CANDIDATE_P1MCPUFP__CPUFP500K_0287__00804_8x6b_s917_cee84144f49d.tar.gz	runs/CANDIDATE_P1MCPUFP__CPUFP500K_0287__00804_8x6b_s917_cee84144f49d/haddock_run/6_seletopclusts/cluster_1_model_1.pdb.gz	cee84144f49d2310d10ed327482d89134235d3833dde6b260a3428e4c3d1ede9	8c55751f66ac2930ce115a9419321a2b2bed220b61af2e1671f7ac6e6a2e33b3	CANDIDATE_P1MCPUFP__CPUFP500K_0287__00804_8x6b_s917_cee84144f49d	0.0	Static structure diagnostics only; not experimental affinity, blocking, expression or purity.	8	19
279.288	P1MCPUFP__CPUFP500K_0287__00804	GPGFAGPPWH	4	IDREGKV	0	AGSAQVSPDISMSPDGWEY	0.61111111	11	0.83333333	AT	9e6y	197	1640	15	0.941705	680	3	NOT_RUN_CROSS_CANDIDATE_RANK_REJECTED	3	/data/qlyu/projects/pvrig_top7500_dualpanel_screen_v1_20260724/run/static_review/inputs/pdb/CANDIDATE_P1MCPUFP__CPUFP500K_0287__00804_9e6y_s42_b212bc93a959.pdb	6dc3a0249bd9488752fbc2f57e09991c6bea4ce9471bf952ceb7f537c4fed11c	-68.65719999999999	9	4	265	0.43546819	51	1.0	186	1557	15	0.469924	657	positive_pose_source_case02_pos_10_151H7	0	WEAK_PRIOR_ONLY	-10.064	3	cluster_1_model_1.pdb.gz	STRICT_A	DESCRIPTIVE_ONLY	1.608	2.763	0.195	38.383	2.707	881.641	1417.822	536.181	23.0	-0.048	2.0	235.0	66.0	0.0	2.101	0.621	2.724	92.626	1.438	46.015	0.0	c2_four_seed	0	42	CORE_EXPLOITATION	/data1/qlyu/projects/pvrig_c2_new4220_seed42_3047_docking_results_v1_20260723/c2_new4220_seed42_3047/compressed_queue/CANDIDATE_P1MCPUFP__CPUFP500K_0287__00804_9e6y_s42_b212bc93a959.tar.gz	runs/CANDIDATE_P1MCPUFP__CPUFP500K_0287__00804_9e6y_s42_b212bc93a959/haddock_run/6_seletopclusts/cluster_1_model_1.pdb.gz	b212bc93a959302f396e4f05a5f56e9e855ac1c673fd41670e048247b0925189	8c55751f66ac2930ce115a9419321a2b2bed220b61af2e1671f7ac6e6a2e33b3	CANDIDATE_P1MCPUFP__CPUFP500K_0287__00804_9e6y_s42_b212bc93a959	0.0	Static structure diagnostics only; not experimental affinity, blocking, expression or purity.	8	18
269.421	P1MCPUFP__CPUFP500K_0287__00867	GPGFTHPGWD	8	IDREGKV	2	AASTQVSPEISMLPDMWDY	0.47826087	11	0.91304348	AT	8x6b	190	1723	19	1.068309	726	5	NOT_RUN_CROSS_CANDIDATE_RANK_REJECTED	2	/data/qlyu/projects/pvrig_top7500_dualpanel_screen_v1_20260724/run/static_review/inputs/pdb/CANDIDATE_P1MCPUFP__CPUFP500K_0287__00867_8x6b_s42_1ccd42a3870d.pdb	e19d5b960496e9e2dde0434900b32787c74796161bbaa478df8b9c77fc13e89d	-61.70363999999999	5	2	258	0.48088609	55	0.777778	187	1706	19	0.464301	713	positive_pose_source_case02_pos_10_151H7	0	WEAK_PRIOR_ONLY	-10.321	3	cluster_1_model_1.pdb.gz	STRICT_A	DESCRIPTIVE_ONLY	0.947	-4.76	-0.321	-1.989	-0.134	818.377	1484.649	666.271	20.0	1.211	3.0	230.0	61.0	0.0	0.681	0.648	1.793	53.805	-0.396	-12.276	0.0	c2_four_seed	0	42	CORE_EXPLOITATION	/data1/qlyu/projects/pvrig_c2_new4220_seed42_3047_docking_results_v1_20260723/c2_new4220_seed42_3047/compressed_queue/CANDIDATE_P1MCPUFP__CPUFP500K_0287__00867_8x6b_s42_1ccd42a3870d.tar.gz	runs/CANDIDATE_P1MCPUFP__CPUFP500K_0287__00867_8x6b_s42_1ccd42a3870d/haddock_run/6_seletopclusts/cluster_1_model_1.pdb.gz	1ccd42a3870d83022a0f3760af61c0682193a019f6412ef411a81c51e1c36fbe	8c55751f66ac2930ce115a9419321a2b2bed220b61af2e1671f7ac6e6a2e33b3	CANDIDATE_P1MCPUFP__CPUFP500K_0287__00867_8x6b_s42_1ccd42a3870d	0.0	Static structure diagnostics only; not experimental affinity, blocking, expression or purity.	76	23
252.563	P1MCPUFP__CPUFP500K_0287__00867	GPGFTHPGWD	8	IDREGKV	2	AASTQVSPEISMLPDMWDY	0.45454545	10	0.90909091	AT	9e6y	228	1799	18	0.999738	697	3	NOT_RUN_CROSS_CANDIDATE_RANK_REJECTED	2	/data/qlyu/projects/pvrig_top7500_dualpanel_screen_v1_20260724/run/static_review/inputs/pdb/CANDIDATE_P1MCPUFP__CPUFP500K_0287__00867_9e6y_s42_7d6b9ca681f7.pdb	1f32a94f49780b9d0dabdcf5c332fc19379638a5003d4e2292b764772b5e6598	-95.3706	11	2	304	0.5379313	63	0.9	217	1825	18	0.618075	681	positive_pose_source_case02_pos_10_151H7	0	WEAK_PRIOR_ONLY	-10.938	2	cluster_1_model_1.pdb.gz	STRICT_A	DESCRIPTIVE_ONLY	1.531	31.678	1.731	89.908	4.913	1131.602	1829.98	698.378	25.0	-0.03	2.0	235.0	69.0	0.0	1.958	0.646	3.368	97.674	0.936	37.455	0.0	c2_four_seed	8	42	CORE_EXPLOITATION	/data1/qlyu/projects/pvrig_c2_new4220_seed42_3047_docking_results_v1_20260723/c2_new4220_seed42_3047/compressed_queue/CANDIDATE_P1MCPUFP__CPUFP500K_0287__00867_9e6y_s42_7d6b9ca681f7.tar.gz	runs/CANDIDATE_P1MCPUFP__CPUFP500K_0287__00867_9e6y_s42_7d6b9ca681f7/haddock_run/6_seletopclusts/cluster_1_model_1.pdb.gz	7d6b9ca681f759d84a56f6604bacab811002fd8a793f616d8fd89616a1724e41	8c55751f66ac2930ce115a9419321a2b2bed220b61af2e1671f7ac6e6a2e33b3	CANDIDATE_P1MCPUFP__CPUFP500K_0287__00867_9e6y_s42_7d6b9ca681f7	0.0	Static structure diagnostics only; not experimental affinity, blocking, expression or purity.	76	22
212.529	P1MCPUFP__CPUFP500K_0288__00070	GSAFAVPGIH	2	IDAEGEA	0	AAGRGVSGTVPMSPSGYDY	0.66666667	16	0.75	AT	8x6b	177	1587	16	1.136907	646	5	NOT_RUN_CROSS_CANDIDATE_RANK_REJECTED	6	/data/qlyu/projects/pvrig_top7500_dualpanel_screen_v1_20260724/run/static_review/inputs/pdb/CANDIDATE_P1MCPUFP__CPUFP500K_0288__00070_8x6b_s917_003d70351d43.pdb	9f53a41106eaafd70cf1e0eea323f9e2bf9cbba03ab478260e93e1c8a3dd08b1	-52.79010000000001	6	6	207	0.46339932	53	0.9	181	1612	16	0.605817	656	positive_pose_source_case02_pos_10_151H7	0	WEAK_PRIOR_ONLY	-10.029	3	cluster_1_model_1.pdb.gz	STRICT_A	DESCRIPTIVE_ONLY	1.16	28.215	1.974	46.874	3.28	785.326	1429.011	643.686	12.0	-0.057	2.0	230.0	62.0	0.0	1.194	0.592	0.857	23.137	1.454	50.873	0.0	old_top7500	0	917	STRUCTURAL_RESERVE	/data1/qlyu/projects/pvrig_priority_top7500_dualreceptor_multiseed_docking_results_v1_20260722/top7500_25k/compressed_queue/CANDIDATE_P1MCPUFP__CPUFP500K_0288__00070_8x6b_s917_003d70351d43.tar.gz	runs/CANDIDATE_P1MCPUFP__CPUFP500K_0288__00070_8x6b_s917_003d70351d43/haddock_run/6_seletopclusts/cluster_1_model_1.pdb.gz	003d70351d438b921de6183a5011b07239ebfd79697b2dc361dd960d897d8f89	8c55751f66ac2930ce115a9419321a2b2bed220b61af2e1671f7ac6e6a2e33b3	CANDIDATE_P1MCPUFP__CPUFP500K_0288__00070_8x6b_s917_003d70351d43	0.0	Static structure diagnostics only; not experimental affinity, blocking, expression or purity.	175	24
271.359	P1MCPUFP__CPUFP500K_0288__00070	GSAFAVPGIH	7	IDAEGEA	3	AAGRGVSGTVPMSPSGYDY	0.31818182	7	0.77272727	AT	9e6y	202	1340	16	0.947023	560	7	NOT_RUN_CROSS_CANDIDATE_RANK_REJECTED	5	/data/qlyu/projects/pvrig_top7500_dualpanel_screen_v1_20260724/run/static_review/inputs/pdb/CANDIDATE_P1MCPUFP__CPUFP500K_0288__00070_9e6y_s917_79fc0d68b0bc.pdb	63ded9ab1c3805d76738ab9e47034d067e46373b25ce871ad85c6fb1eea2ebdd	-55.7206	13	6	217	0.51231552	60	1.0	201	1360	16	0.512722	567	positive_pose_source_case02_pos_10_151H7	0	WEAK_PRIOR_ONLY	-10.09	3	cluster_1_model_1.pdb.gz	STRICT_A	DESCRIPTIVE_ONLY	1.172	10.893	0.718	20.889	1.377	848.33	1516.917	668.588	20.0	-0.153	3.0	235.0	66.0	0.0	0.9	0.5	1.619	45.339	0.37	14.043	0.0	old_top7500	4	917	STRUCTURAL_RESERVE	/data1/qlyu/projects/pvrig_priority_top7500_dualreceptor_multiseed_docking_results_v1_20260722/top7500_25k/compressed_queue/CANDIDATE_P1MCPUFP__CPUFP500K_0288__00070_9e6y_s917_79fc0d68b0bc.tar.gz	runs/CANDIDATE_P1MCPUFP__CPUFP500K_0288__00070_9e6y_s917_79fc0d68b0bc/haddock_run/6_seletopclusts/cluster_1_model_1.pdb.gz	79fc0d68b0bc912920470fe51fee501c6fff04864c5e9a5c084657f74b2e877a	8c55751f66ac2930ce115a9419321a2b2bed220b61af2e1671f7ac6e6a2e33b3	CANDIDATE_P1MCPUFP__CPUFP500K_0288__00070_9e6y_s917_79fc0d68b0bc	0.0	Static structure diagnostics only; not experimental affinity, blocking, expression or purity.	175	22
187.491	P1MCPUFP__CPUFP500K_0288__00637	GPGFGVPGVS	7	IDAEGQE	0	AAGSSRGGVVPTSAAGYDY	0.5	10	0.85	AT	8x6b	112	1644	20	1.032103	659	3	NOT_RUN_CROSS_CANDIDATE_RANK_REJECTED	3	/data/qlyu/projects/pvrig_top7500_dualpanel_screen_v1_20260724/run/static_review/inputs/pdb/CANDIDATE_P1MCPUFP__CPUFP500K_0288__00637_8x6b_s917_0123488ea667.pdb	2f75e48e9f9222b606d0b20296770389d92dc49d987c28276bcd6ebdb0de4a2f	-73.03120000000001	9	9	260	0.55083316	63	1.0	124	1663	20	0.493902	677	positive_pose_source_case02_pos_10_151H7	0	WEAK_PRIOR_ONLY	-10.72	2	cluster_1_model_1.pdb.gz	STRICT_A	DESCRIPTIVE_ONLY	1.062	16.3	1.17	27.616	1.983	844.091	1392.669	548.578	23.0	-0.15	5.0	230.0	66.0	0.0	1.229	0.686	1.931	57.928	0.645	23.212	0.0	old_top7500	2	917	STRUCTURAL_RESERVE	/data1/qlyu/projects/pvrig_priority_top7500_dualreceptor_multiseed_docking_results_v1_20260722/top7500_25k/compressed_queue/CANDIDATE_P1MCPUFP__CPUFP500K_0288__00637_8x6b_s917_0123488ea667.tar.gz	runs/CANDIDATE_P1MCPUFP__CPUFP500K_0288__00637_8x6b_s917_0123488ea667/haddock_run/6_seletopclusts/cluster_1_model_1.pdb.gz	0123488ea667d81b9ec6e66d3afdd405f35d6adaf1e0ef61e7160a88d95cae08	8c55751f66ac2930ce115a9419321a2b2bed220b61af2e1671f7ac6e6a2e33b3	CANDIDATE_P1MCPUFP__CPUFP500K_0288__00637_8x6b_s917_0123488ea667	0.0	Static structure diagnostics only; not experimental affinity, blocking, expression or purity.	170	20
223.797	P1MCPUFP__CPUFP500K_0288__00637	GPGFGVPGVS	9	IDAEGQE	4	AAGSSRGGVVPTSAAGYDY	0.28571429	6	0.9047619	AT	9e6y	136	1614	17	0.954833	635	4	NOT_RUN_CROSS_CANDIDATE_RANK_REJECTED	2	/data/qlyu/projects/pvrig_top7500_dualpanel_screen_v1_20260724/run/static_review/inputs/pdb/CANDIDATE_P1MCPUFP__CPUFP500K_0288__00637_9e6y_s917_631494e12f2b.pdb	b5ded227f53fe57a18cb4cd901d63e1b3af2b98942f8cf888ec69a7325ba3de0	-63.1198	9	4	210	0.46962256	55	0.9	131	1633	17	0.473003	636	positive_pose_source_case02_pos_10_151H7	0	WEAK_PRIOR_ONLY	-12.077	2	cluster_1_model_1.pdb.gz	STRICT_A	DESCRIPTIVE_ONLY	0.832	-10.565	-0.794	9.13	0.686	829.008	1330.427	501.418	23.0	-0.243	3.0	235.0	65.0	0.0	1.049	0.637	1.41	40.895	0.758	27.297	0.0	old_top7500	2	917	STRUCTURAL_RESERVE	/data1/qlyu/projects/pvrig_priority_top7500_dualreceptor_multiseed_docking_results_v1_20260722/top7500_25k/compressed_queue/CANDIDATE_P1MCPUFP__CPUFP500K_0288__00637_9e6y_s917_631494e12f2b.tar.gz	runs/CANDIDATE_P1MCPUFP__CPUFP500K_0288__00637_9e6y_s917_631494e12f2b/haddock_run/6_seletopclusts/cluster_1_model_1.pdb.gz	631494e12f2be296bb029568eed621fc40b03b74a6588dc684c368a210f6dcf8	8c55751f66ac2930ce115a9419321a2b2bed220b61af2e1671f7ac6e6a2e33b3	CANDIDATE_P1MCPUFP__CPUFP500K_0288__00637_9e6y_s917_631494e12f2b	0.0	Static structure diagnostics only; not experimental affinity, blocking, expression or purity.	170	21
189.215	P1MCPUFP__CPUFP500K_0288__00659	GPAFRVPGTH	8	IGSEGEK	3	AAGQRYDGTVPFTPDGYDF	0.4	8	0.95	AT	8x6b	153	1545	20	1.144023	612	4	NOT_RUN_CROSS_CANDIDATE_RANK_REJECTED	1	/data/qlyu/projects/pvrig_top7500_dualpanel_screen_v1_20260724/run/static_review/inputs/pdb/CANDIDATE_P1MCPUFP__CPUFP500K_0288__00659_8x6b_s3047_329c9d6b5be6.pdb	1603399eea4c7e76ed4cac3e9bb9e46ef63638c1d15e8dd7e89a4d61672baba5	-84.38310000000001	8	5	282	0.52460301	60	1.0	155	1504	20	0.571245	619	positive_pose_source_case02_pos_10_151H7	0	WEAK_PRIOR_ONLY	-10.159	5	cluster_1_model_1.pdb.gz	STRICT_A	DESCRIPTIVE_ONLY	1.124	37.021	2.281	68.073	4.194	996.136	1623.025	626.889	22.0	-0.022	3.0	230.0	63.0	0.0	2.506	0.587	3.731	111.927	1.393	45.955	0.0	c2_four_seed	2	3047	CORE_EXPLOITATION	/data1/qlyu/projects/pvrig_c2_new4220_seed42_3047_docking_results_v1_20260723/c2_new4220_seed42_3047/compressed_queue/CANDIDATE_P1MCPUFP__CPUFP500K_0288__00659_8x6b_s3047_329c9d6b5be6.tar.gz	runs/CANDIDATE_P1MCPUFP__CPUFP500K_0288__00659_8x6b_s3047_329c9d6b5be6/haddock_run/6_seletopclusts/cluster_1_model_1.pdb.gz	329c9d6b5be653082ce63353023d54fe1b6106593e468cbbf6f171cdd45f3bae	8c55751f66ac2930ce115a9419321a2b2bed220b61af2e1671f7ac6e6a2e33b3	CANDIDATE_P1MCPUFP__CPUFP500K_0288__00659_8x6b_s3047_329c9d6b5be6	0.0	Static structure diagnostics only; not experimental affinity, blocking, expression or purity.	37	20
277.51	P1MCPUFP__CPUFP500K_0288__00659	GPAFRVPGTH	8	IGSEGEK	2	AAGQRYDGTVPFTPDGYDF	0.42857143	9	0.9047619	AT	9e6y	164	1514	20	0.943814	627	5	NOT_RUN_CROSS_CANDIDATE_RANK_REJECTED	2	/data/qlyu/projects/pvrig_top7500_dualpanel_screen_v1_20260724/run/static_review/inputs/pdb/CANDIDATE_P1MCPUFP__CPUFP500K_0288__00659_9e6y_s917_974dd02ead33.pdb	ab8fb55053b332b35e112df9ad1ed68401bc573efeda13ab4d7784162fb715c8	-74.9533	10	6	237	0.47816115	56	1.0	162	1561	20	0.498104	625	positive_pose_source_case02_pos_10_151H7	0	WEAK_PRIOR_ONLY	-9.403	5	cluster_1_model_1.pdb.gz	STRICT_A	DESCRIPTIVE_ONLY	1.476	47.556	3.232	83.684	5.687	840.536	1471.515	630.979	11.0	-0.037	2.0	235.0	60.0	0.0	2.874	0.644	3.907	109.407	1.969	63.023	0.0	c2_four_seed	4	917	CORE_EXPLOITATION	/data1/qlyu/projects/pvrig_c2_new6220_dualreceptor_2seed_docking_results_v1_20260723/c2_new4220/compressed_queue/CANDIDATE_P1MCPUFP__CPUFP500K_0288__00659_9e6y_s917_974dd02ead33.tar.gz	runs/CANDIDATE_P1MCPUFP__CPUFP500K_0288__00659_9e6y_s917_974dd02ead33/haddock_run/6_seletopclusts/cluster_1_model_1.pdb.gz	974dd02ead3355c545c6eff388993638bd9100e2a28145a407a827d7c2d9d859	8c55751f66ac2930ce115a9419321a2b2bed220b61af2e1671f7ac6e6a2e33b3	CANDIDATE_P1MCPUFP__CPUFP500K_0288__00659_9e6y_s917_974dd02ead33	0.0	Static structure diagnostics only; not experimental affinity, blocking, expression or purity.	37	21
232.915	P1MCPUFP__CPUFP500K_0288__00691	GPEFGVPGVD	2	IGPHGEK	0	AAGRSYGGVVPMDESGYDY	0.6	12	0.7	AT	8x6b	165	1490	17	1.025169	628	4	NOT_RUN_CROSS_CANDIDATE_RANK_REJECTED	6	/data/qlyu/projects/pvrig_top7500_dualpanel_screen_v1_20260724/run/static_review/inputs/pdb/CANDIDATE_P1MCPUFP__CPUFP500K_0288__00691_8x6b_s917_b9426e3996dd.pdb	0ef6faf187e102d8157d9cc18dcdd2e76d3d2da3f39c3c44ab243334381b998c	-87.9979	7	7	231	0.48088609	55	0.8	160	1468	17	0.461944	636	positive_pose_source_case02_pos_10_151H7	0	WEAK_PRIOR_ONLY	-9.308	3	cluster_1_model_1.pdb.gz	STRICT_A	DESCRIPTIVE_ONLY	0.974	-6.458	-0.41	26.314	1.671	942.582	1574.475	631.893	17.0	-0.032	2.0	230.0	63.0	0.0	0.852	0.497	1.494	46.301	0.231	7.406	0.0	old_top7500	5	917	STRUCTURAL_RESERVE	/data1/qlyu/projects/pvrig_priority_top7500_dualreceptor_multiseed_docking_results_v1_20260722/top7500_25k/compressed_queue/CANDIDATE_P1MCPUFP__CPUFP500K_0288__00691_8x6b_s917_b9426e3996dd.tar.gz	runs/CANDIDATE_P1MCPUFP__CPUFP500K_0288__00691_8x6b_s917_b9426e3996dd/haddock_run/6_seletopclusts/cluster_1_model_1.pdb.gz	b9426e3996ddf3714a0f5e060c1d1434426530bee9e90d0cf3c4409d61150cf4	8c55751f66ac2930ce115a9419321a2b2bed220b61af2e1671f7ac6e6a2e33b3	CANDIDATE_P1MCPUFP__CPUFP500K_0288__00691_8x6b_s917_b9426e3996dd	0.0	Static structure diagnostics only; not experimental affinity, blocking, expression or purity.	174	20
247.666	P1MCPUFP__CPUFP500K_0288__00691	GPEFGVPGVD	9	IGPHGEK	2	AAGRSYGGVVPMDESGYDY	0.27777778	5	0.88888889	AT	9e6y	148	1737	18	1.042686	706	3	NOT_RUN_CROSS_CANDIDATE_RANK_REJECTED	2	/data/qlyu/projects/pvrig_top7500_dualpanel_screen_v1_20260724/run/static_review/inputs/pdb/CANDIDATE_P1MCPUFP__CPUFP500K_0288__00691_9e6y_s3253_f11ccf24761f.pdb	812ef9a2cecc2871d7ccc7fc49e607222450a66dd6ee40a4d5e8004e335d66a8	-72.7212	7	7	213	0.46962256	55	0.8	135	1729	18	0.657783	684	positive_pose_source_case02_pos_10_151H7	0	WEAK_PRIOR_ONLY	-10.859	2	cluster_1_model_1.pdb.gz	STRICT_A	DESCRIPTIVE_ONLY	1.083	-11.957	-0.842	12.306	0.866	896.098	1420.313	524.215	13.0	-0.095	1.0	235.0	61.0	0.0	1.763	0.571	2.945	79.506	0.824	28.016	0.0	old_top7500	2	3253	STRUCTURAL_RESERVE	/data1/qlyu/projects/pvrig_priority_top7500_dualreceptor_multiseed_docking_results_v1_20260722/top7500_25k/compressed_queue/CANDIDATE_P1MCPUFP__CPUFP500K_0288__00691_9e6y_s3253_f11ccf24761f.tar.gz	runs/CANDIDATE_P1MCPUFP__CPUFP500K_0288__00691_9e6y_s3253_f11ccf24761f/haddock_run/6_seletopclusts/cluster_1_model_1.pdb.gz	f11ccf24761fd2a752c0d743998a642403946e3a685721ee139940571c67277b	8c55751f66ac2930ce115a9419321a2b2bed220b61af2e1671f7ac6e6a2e33b3	CANDIDATE_P1MCPUFP__CPUFP500K_0288__00691_9e6y_s3253_f11ccf24761f	0.0	Static structure diagnostics only; not experimental affinity, blocking, expression or purity.	174	18
252.532	P1MCPUFP__CPUFP500K_0288__00812	GAGFSTPGVH	8	IGAEGET	2	AAGESRGGVVPMTESGYTH	0.36842105	7	0.89473684	AT	8x6b	192	1724	15	1.066467	717	5	NOT_RUN_CROSS_CANDIDATE_RANK_REJECTED	2	/data/qlyu/projects/pvrig_top7500_dualpanel_screen_v1_20260724/run/static_review/inputs/pdb/CANDIDATE_P1MCPUFP__CPUFP500K_0288__00812_8x6b_s917_16df494f2a13.pdb	4dc7bd59f8e738d6673b359397d49898c0fa6e4ef9c3d398230c8e40ee991b83	-68.82988999999999	9	2	245	0.55083316	63	0.9	188	1708	15	0.492721	716	positive_pose_source_case02_pos_10_151H7	0	WEAK_PRIOR_ONLY	-9.754	3	cluster_1_model_1.pdb.gz	STRICT_A	DESCRIPTIVE_ONLY	1.521	-2.818	-0.206	14.222	1.042	776.429	1364.994	588.565	19.0	-0.344	5.0	230.0	63.0	0.0	0.821	0.733	1.851	48.122	0.097	3.604	0.0	old_top7500	1	917	STRUCTURAL_RESERVE	/data1/qlyu/projects/pvrig_priority_top7500_dualreceptor_multiseed_docking_results_v1_20260722/top7500_25k/compressed_queue/CANDIDATE_P1MCPUFP__CPUFP500K_0288__00812_8x6b_s917_16df494f2a13.tar.gz	runs/CANDIDATE_P1MCPUFP__CPUFP500K_0288__00812_8x6b_s917_16df494f2a13/haddock_run/6_seletopclusts/cluster_1_model_1.pdb.gz	16df494f2a1310ce8c4426f0ea28b3a5c63d5332e9f2334f8f63d7caefd622fd	8c55751f66ac2930ce115a9419321a2b2bed220b61af2e1671f7ac6e6a2e33b3	CANDIDATE_P1MCPUFP__CPUFP500K_0288__00812_8x6b_s917_16df494f2a13	0.0	Static structure diagnostics only; not experimental affinity, blocking, expression or purity.	163	19
214.392	P1MCPUFP__CPUFP500K_0288__00812	GAGFSTPGVH	7	IGAEGET	1	AAGESRGGVVPMTESGYTH	0.38888889	7	0.83333333	AT	9e6y	204	1523	20	0.987556	624	6	NOT_RUN_CROSS_CANDIDATE_RANK_REJECTED	3	/data/qlyu/projects/pvrig_top7500_dualpanel_screen_v1_20260724/run/static_review/inputs/pdb/CANDIDATE_P1MCPUFP__CPUFP500K_0288__00812_9e6y_s917_dd2b30157189.pdb	e7c166d484baa51cf4856d6edcb82b5d95af475df464f3b3b68e6a417b5d0826	-80.9475	11	3	280	0.46962256	55	1.0	201	1570	20	0.607242	623	positive_pose_source_case02_pos_10_151H7	0	WEAK_PRIOR_ONLY	-9.453	3	cluster_1_model_1.pdb.gz	STRICT_A	DESCRIPTIVE_ONLY	1.426	11.492	0.742	36.786	2.375	952.78	1549.047	596.267	27.0	-0.075	3.0	235.0	66.0	0.0	1.072	0.598	2.434	63.295	0.187	7.484	0.0	old_top7500	2	917	STRUCTURAL_RESERVE	/data1/qlyu/projects/pvrig_priority_top7500_dualreceptor_multiseed_docking_results_v1_20260722/top7500_25k/compressed_queue/CANDIDATE_P1MCPUFP__CPUFP500K_0288__00812_9e6y_s917_dd2b30157189.tar.gz	runs/CANDIDATE_P1MCPUFP__CPUFP500K_0288__00812_9e6y_s917_dd2b30157189/haddock_run/6_seletopclusts/cluster_1_model_1.pdb.gz	dd2b301571899e50a21e43e5b88fba166500d89113f4c812e74dd2b82ac53caf	8c55751f66ac2930ce115a9419321a2b2bed220b61af2e1671f7ac6e6a2e33b3	CANDIDATE_P1MCPUFP__CPUFP500K_0288__00812_9e6y_s917_dd2b30157189	0.0	Static structure diagnostics only; not experimental affinity, blocking, expression or purity.	163	18
242.275	P1MCPUFP__CPUFP500K_0288__00866	GPAFGTPGVH	8	IGPEGEE	0	AAGDSRGGTVPMSPSGYDY	0.47368421	9	0.89473684	AT	8x6b	193	1767	14	1.053167	758	4	NOT_RUN_CROSS_CANDIDATE_RANK_REJECTED	2	/data/qlyu/projects/pvrig_top7500_dualpanel_screen_v1_20260724/run/static_review/inputs/pdb/CANDIDATE_P1MCPUFP__CPUFP500K_0288__00866_8x6b_s1931_ab2c9899269c.pdb	1ab8b528d338d368640733c7ec1a36af318b8affeaf72f10eac5c7f80565458f	-62.446	6	3	261	0.44591256	51	0.888889	187	1719	14	0.471557	760	positive_pose_source_case02_pos_10_151H7	0	WEAK_PRIOR_ONLY	-10.263	3	cluster_1_model_1.pdb.gz	STRICT_A	DESCRIPTIVE_ONLY	0.738	14.488	1.124	55.309	4.291	808.743	1289.0	480.256	17.0	-0.024	2.0	230.0	65.0	0.0	1.195	0.677	2.263	63.375	0.387	14.304	0.0	old_top7500	0	1931	STRUCTURAL_RESERVE	/data1/qlyu/projects/pvrig_priority_top7500_dualreceptor_multiseed_docking_results_v1_20260722/top7500_25k/compressed_queue/CANDIDATE_P1MCPUFP__CPUFP500K_0288__00866_8x6b_s1931_ab2c9899269c.tar.gz	runs/CANDIDATE_P1MCPUFP__CPUFP500K_0288__00866_8x6b_s1931_ab2c9899269c/haddock_run/6_seletopclusts/cluster_1_model_1.pdb.gz	ab2c9899269ce251c12ccfea56e241c9c39227c2decf94b054c7fc9867e87ee3	8c55751f66ac2930ce115a9419321a2b2bed220b61af2e1671f7ac6e6a2e33b3	CANDIDATE_P1MCPUFP__CPUFP500K_0288__00866_8x6b_s1931_ab2c9899269c	0.0	Static structure diagnostics only; not experimental affinity, blocking, expression or purity.	173	19
299.99	P1MCPUFP__CPUFP500K_0288__00866	GPAFGTPGVH	6	IGPEGEE	0	AAGDSRGGTVPMSPSGYDY	0.55555556	10	0.88888889	AT	9e6y	213	1806	19	0.937024	777	4	NOT_RUN_CROSS_CANDIDATE_RANK_REJECTED	2	/data/qlyu/projects/pvrig_top7500_dualpanel_screen_v1_20260724/run/static_review/inputs/pdb/CANDIDATE_P1MCPUFP__CPUFP500K_0288__00866_9e6y_s917_d6fb09dd2a66.pdb	2c3f013b69d00d7f4a1199dbd67f3c18d4af22d6e7c639cdc64aeb54a1a4b580	-71.3614	7	7	211	0.46108397	54	0.9	221	1831	19	0.475003	787	positive_pose_source_case02_pos_10_151H7	0	WEAK_PRIOR_ONLY	-8.912	4	cluster_1_model_1.pdb.gz	STRICT_A	DESCRIPTIVE_ONLY	0.874	-10.635	-0.738	-8.639	-0.6	910.494	1440.177	529.683	17.0	0.396	3.0	235.0	63.0	0.0	0.564	0.584	1.248	37.445	-0.057	-1.883	0.0	old_top7500	1	917	STRUCTURAL_RESERVE	/data1/qlyu/projects/pvrig_priority_top7500_dualreceptor_multiseed_docking_results_v1_20260722/top7500_25k/compressed_queue/CANDIDATE_P1MCPUFP__CPUFP500K_0288__00866_9e6y_s917_d6fb09dd2a66.tar.gz	runs/CANDIDATE_P1MCPUFP__CPUFP500K_0288__00866_9e6y_s917_d6fb09dd2a66/haddock_run/6_seletopclusts/cluster_1_model_1.pdb.gz	d6fb09dd2a669e5610e5996f671e14193bbe6cca8fb4056bfb6a109f31c54e05	8c55751f66ac2930ce115a9419321a2b2bed220b61af2e1671f7ac6e6a2e33b3	CANDIDATE_P1MCPUFP__CPUFP500K_0288__00866_9e6y_s917_d6fb09dd2a66	0.0	Static structure diagnostics only; not experimental affinity, blocking, expression or purity.	173	18
192.281	P1MCPUFP__CPUFP500K_0288__00895	GPGFRVPGVD	5	IGPEGET	0	AAGDSRGGAVPTTESGYTY	0.5	9	0.77777778	AT	8x6b	145	1271	17	1.040032	548	3	NOT_RUN_CROSS_CANDIDATE_RANK_REJECTED	4	/data/qlyu/projects/pvrig_top7500_dualpanel_screen_v1_20260724/run/static_review/inputs/pdb/CANDIDATE_P1MCPUFP__CPUFP500K_0288__00895_8x6b_s917_a2d189739c72.pdb	6d9063f718682655397ab4e897b373ae7bbe66dcb0d03c6850cdc3af8c7e1d66	-74.48819999999999	8	7	292	0.48962948	56	0.8	157	1306	17	0.499412	563	positive_pose_source_case02_pos_10_151H7	0	WEAK_PRIOR_ONLY	-9.195	2	cluster_1_model_1.pdb.gz	STRICT_A	DESCRIPTIVE_ONLY	1.031	11.265	0.762	39.359	2.661	910.446	1479.018	568.572	15.0	-0.056	5.0	230.0	63.0	0.0	1.76	0.704	3.377	94.545	0.466	16.323	0.0	old_top7500	1	917	STRUCTURAL_RESERVE	/data1/qlyu/projects/pvrig_priority_top7500_dualreceptor_multiseed_docking_results_v1_20260722/top7500_25k/compressed_queue/CANDIDATE_P1MCPUFP__CPUFP500K_0288__00895_8x6b_s917_a2d189739c72.tar.gz	runs/CANDIDATE_P1MCPUFP__CPUFP500K_0288__00895_8x6b_s917_a2d189739c72/haddock_run/6_seletopclusts/cluster_1_model_1.pdb.gz	a2d189739c7231a2083592c63cae858d0c4805f8decfb2e192f9aae52602e7b7	8c55751f66ac2930ce115a9419321a2b2bed220b61af2e1671f7ac6e6a2e33b3	CANDIDATE_P1MCPUFP__CPUFP500K_0288__00895_8x6b_s917_a2d189739c72	0.0	Static structure diagnostics only; not experimental affinity, blocking, expression or purity.	162	18
276.081	P1MCPUFP__CPUFP500K_0288__00895	GPGFRVPGVD	4	IGPEGET	0	AAGDSRGGAVPTTESGYTY	0.58823529	10	0.82352941	AT	9e6y	117	1251	19	0.940741	505	3	NOT_RUN_CROSS_CANDIDATE_RANK_REJECTED	3	/data/qlyu/projects/pvrig_top7500_dualpanel_screen_v1_20260724/run/static_review/inputs/pdb/CANDIDATE_P1MCPUFP__CPUFP500K_0288__00895_9e6y_s917_b90676a96936.pdb	3f4648532fc8c1659c094dbab1a339c5bb48514e001eb1d679e7b925542306dc	-74.5041	8	4	219	0.41839101	49	0.9	111	1276	19	0.516219	508	positive_pose_source_case02_pos_10_151H7	0	WEAK_PRIOR_ONLY	-8.78	3	cluster_1_model_1.pdb.gz	STRICT_A	DESCRIPTIVE_ONLY	1.151	-6.67	-0.454	8.33	0.567	864.441	1469.419	604.977	13.0	-0.002	2.0	235.0	56.0	0.0	1.594	0.655	3.298	72.559	0.491	16.699	0.0	old_top7500	2	917	STRUCTURAL_RESERVE	/data1/qlyu/projects/pvrig_priority_top7500_dualreceptor_multiseed_docking_results_v1_20260722/top7500_25k/compressed_queue/CANDIDATE_P1MCPUFP__CPUFP500K_0288__00895_9e6y_s917_b90676a96936.tar.gz	runs/CANDIDATE_P1MCPUFP__CPUFP500K_0288__00895_9e6y_s917_b90676a96936/haddock_run/6_seletopclusts/cluster_1_model_1.pdb.gz	b90676a969362fd346728dee5f8dcf874166ed0984dfd109d8d44441e65e3b29	8c55751f66ac2930ce115a9419321a2b2bed220b61af2e1671f7ac6e6a2e33b3	CANDIDATE_P1MCPUFP__CPUFP500K_0288__00895_9e6y_s917_b90676a96936	0.0	Static structure diagnostics only; not experimental affinity, blocking, expression or purity.	162	17
300.683	P1MCPUFP__CPUFP500K_0289__00443	GGLSAPGGRG	8	ISASGTV	4	AMGESGRADPPLSPAGYSS	0.4	10	0.88	AT	8x6b	106	1304	17	1.061544	544	5	NOT_RUN_CROSS_CANDIDATE_RANK_REJECTED	3	/data/qlyu/projects/pvrig_top7500_dualpanel_screen_v1_20260724/run/static_review/inputs/pdb/CANDIDATE_P1MCPUFP__CPUFP500K_0289__00443_8x6b_s917_3ca89623e61a.pdb	e4d57f74e8024360ad763c2ed143ed4f4fb8d56934bf75980f1e3ac275916d84	-56.920279999999984	10	5	245	0.57706331	66	0.6	111	1346	17	0.520988	560	positive_pose_source_case02_pos_11_151H8	0	WEAK_PRIOR_ONLY	-12.509	2	cluster_1_model_1.pdb.gz	STRICT_A	DESCRIPTIVE_ONLY	0.721	0.673	0.042	39.728	2.45	925.15	1621.883	696.733	20.0	-0.035	2.0	230.0	74.0	0.0	0.825	0.684	1.228	39.305	0.518	21.766	0.0	c2_four_seed	4	917	PARENT_CDR3_DIVERSITY	/data1/qlyu/projects/pvrig_c2_new6220_dualreceptor_2seed_docking_results_v1_20260723/c2_new4220/compressed_queue/CANDIDATE_P1MCPUFP__CPUFP500K_0289__00443_8x6b_s917_3ca89623e61a.tar.gz	runs/CANDIDATE_P1MCPUFP__CPUFP500K_0289__00443_8x6b_s917_3ca89623e61a/haddock_run/6_seletopclusts/cluster_1_model_1.pdb.gz	3ca89623e61a47f54fb572a3552c6603754429c39c7bd6db637377c7a3a40b30	8c55751f66ac2930ce115a9419321a2b2bed220b61af2e1671f7ac6e6a2e33b3	CANDIDATE_P1MCPUFP__CPUFP500K_0289__00443_8x6b_s917_3ca89623e61a	0.0	Static structure diagnostics only; not experimental affinity, blocking, expression or purity.	132	25
127.029	P1MCPUFP__CPUFP500K_0289__00443	GGLSAPGGRG	6	ISASGTV	4	AMGESGRADPPLSPAGYSS	0.38888889	7	0.94444444	AT	9e6y	183	1329	17	0.973989	586	4	NOT_RUN_CROSS_CANDIDATE_RANK_REJECTED	1	/data/qlyu/projects/pvrig_top7500_dualpanel_screen_v1_20260724/run/static_review/inputs/pdb/CANDIDATE_P1MCPUFP__CPUFP500K_0289__00443_9e6y_s1931_1f65006bd518.pdb	031473b57e4d6ed7341c96f0f12251443dcf01c81e52320ac2bdc6804e66ff4c	-63.67962	9	5	222	0.45254538	53	0.9	183	1413	17	0.545414	575	positive_pose_source_case02_pos_11_151H8	0	WEAK_PRIOR_ONLY	-8.848	2	cluster_1_model_1.pdb.gz	STRICT_A	DESCRIPTIVE_ONLY	0.955	10.604	0.684	40.261	2.598	940.295	1549.841	609.546	14.0	-0.033	2.0	235.0	66.0	0.0	1.004	0.625	1.974	53.302	0.333	12.969	0.0	c2_four_seed	0	1931	PARENT_CDR3_DIVERSITY	/data1/qlyu/projects/pvrig_c2_new6220_dualreceptor_2seed_docking_results_v1_20260723/c2_new4220/compressed_queue/CANDIDATE_P1MCPUFP__CPUFP500K_0289__00443_9e6y_s1931_1f65006bd518.tar.gz	runs/CANDIDATE_P1MCPUFP__CPUFP500K_0289__00443_9e6y_s1931_1f65006bd518/haddock_run/6_seletopclusts/cluster_1_model_1.pdb.gz	1f65006bd518bea530d9e9336ea6b77643252b44b525807bd75f682d1e55ea29	8c55751f66ac2930ce115a9419321a2b2bed220b61af2e1671f7ac6e6a2e33b3	CANDIDATE_P1MCPUFP__CPUFP500K_0289__00443_9e6y_s1931_1f65006bd518	0.0	Static structure diagnostics only; not experimental affinity, blocking, expression or purity.	132	18
230.592	P1MCPUFP__CPUFP500K_0289__00496	GGRASPGGAG	6	ISSSGTV	5	AMGDSGRADPPLDPRGWAH	0.40909091	9	0.90909091	AT	8x6b	177	1589	17	1.198774	672	4	NOT_RUN_CROSS_CANDIDATE_RANK_REJECTED	2	/data/qlyu/projects/pvrig_top7500_dualpanel_screen_v1_20260724/run/static_review/inputs/pdb/CANDIDATE_P1MCPUFP__CPUFP500K_0289__00496_8x6b_s917_59a4eb6bc352.pdb	ba47bf952589c139c13d7f386e5e1add6f1f37baf9587423e95284429757f093	-65.93741999999999	8	2	334	0.64701038	74	1.0	181	1559	17	0.719712	680	positive_pose_source_case02_pos_11_151H8	0	WEAK_PRIOR_ONLY	-13.363	3	cluster_1_model_1.pdb.gz	STRICT_A	DESCRIPTIVE_ONLY	0.84	34.951	2.194	69.641	4.372	871.093	1593.05	721.957	11.0	-0.098	8.0	230.0	72.0	0.0	1.426	0.685	2.552	74.007	0.667	28.691	0.0	c2_four_seed	2	917	PARENT_CDR3_DIVERSITY	/data1/qlyu/projects/pvrig_c2_new6220_dualreceptor_2seed_docking_results_v1_20260723/c2_new4220/compressed_queue/CANDIDATE_P1MCPUFP__CPUFP500K_0289__00496_8x6b_s917_59a4eb6bc352.tar.gz	runs/CANDIDATE_P1MCPUFP__CPUFP500K_0289__00496_8x6b_s917_59a4eb6bc352/haddock_run/6_seletopclusts/cluster_1_model_1.pdb.gz	59a4eb6bc3523d8bf543a636540e24700fb5a78bc1cb0b1151126f4a1da7916e	8c55751f66ac2930ce115a9419321a2b2bed220b61af2e1671f7ac6e6a2e33b3	CANDIDATE_P1MCPUFP__CPUFP500K_0289__00496_8x6b_s917_59a4eb6bc352	0.0	Static structure diagnostics only; not experimental affinity, blocking, expression or purity.	133	22
196.219	P1MCPUFP__CPUFP500K_0289__00496	GGRASPGGAG	7	ISSSGTV	3	AMGDSGRADPPLDPRGWAH	0.42857143	9	0.9047619	AT	9e6y	174	1586	17	1.005104	689	4	NOT_RUN_CROSS_CANDIDATE_RANK_REJECTED	2	/data/qlyu/projects/pvrig_top7500_dualpanel_screen_v1_20260724/run/static_review/inputs/pdb/CANDIDATE_P1MCPUFP__CPUFP500K_0289__00496_9e6y_s3047_c760492ab9ed.pdb	6df449f82f9f327e5f7d8375f72b50ea6461240853d1555be488e639a9827e85	-78.33774000000001	9	1	258	0.55500848	65	1.0	177	1584	17	0.590209	685	positive_pose_source_case02_pos_11_151H8	0	WEAK_PRIOR_ONLY	-11.66	3	cluster_1_model_1.pdb.gz	STRICT_A	DESCRIPTIVE_ONLY	0.999	-9.292	-0.613	10.603	0.7	830.84	1514.883	684.043	13.0	-0.26	5.0	235.0	74.0	0.0	0.271	0.687	1.262	40.376	-0.484	-20.339	0.0	c2_four_seed	0	3047	PARENT_CDR3_DIVERSITY	/data1/qlyu/projects/pvrig_c2_new4220_seed42_3047_docking_results_v1_20260723/c2_new4220_seed42_3047/compressed_queue/CANDIDATE_P1MCPUFP__CPUFP500K_0289__00496_9e6y_s3047_c760492ab9ed.tar.gz	runs/CANDIDATE_P1MCPUFP__CPUFP500K_0289__00496_9e6y_s3047_c760492ab9ed/haddock_run/6_seletopclusts/cluster_1_model_1.pdb.gz	c760492ab9ed8ab48728bd0580c15004e8f5bb3b5b6ceab407794ef66e82bf09	8c55751f66ac2930ce115a9419321a2b2bed220b61af2e1671f7ac6e6a2e33b3	CANDIDATE_P1MCPUFP__CPUFP500K_0289__00496_9e6y_s3047_c760492ab9ed	0.0	Static structure diagnostics only; not experimental affinity, blocking, expression or purity.	133	21
229.848	P1MCPUFP__CPUFP500K_0298__00376	GPGFRGGPFS	7	VDSAGTT	0	AAGFTSSTTIPTSGSGWSY	0.47368421	9	0.84210526	AT	8x6b	164	1563	19	1.046901	644	4	NOT_RUN_CROSS_CANDIDATE_RANK_REJECTED	3	/data/qlyu/projects/pvrig_top7500_dualpanel_screen_v1_20260724/run/static_review/inputs/pdb/CANDIDATE_P1MCPUFP__CPUFP500K_0298__00376_8x6b_s1931_36d1c43d0a63.pdb	0ed117b23d34c38afbb3330407ef6badfee1324278a88a35b5936c185858f204	-80.762	9	7	246	0.52460301	60	0.8	163	1535	19	0.505189	651	positive_pose_source_case02_pos_01_PVRIG-151_HR151	0	WEAK_PRIOR_ONLY	-10.69	2	cluster_1_model_1.pdb.gz	STRICT_A	DESCRIPTIVE_ONLY	1.245	-3.554	-0.22	44.601	2.761	983.218	1615.172	631.954	15.0	-0.111	6.0	230.0	68.0	0.0	1.951	0.592	3.246	90.891	1.045	41.798	0.0	old_top7500	1	1931	CORE_EXPLOITATION	/data1/qlyu/projects/pvrig_priority_top7500_dualreceptor_multiseed_docking_results_v1_20260722/top7500_25k/compressed_queue/CANDIDATE_P1MCPUFP__CPUFP500K_0298__00376_8x6b_s1931_36d1c43d0a63.tar.gz	runs/CANDIDATE_P1MCPUFP__CPUFP500K_0298__00376_8x6b_s1931_36d1c43d0a63/haddock_run/6_seletopclusts/cluster_1_model_1.pdb.gz	36d1c43d0a63fd9460bef992bbbb34ca76868a07a8c56ffafd37213084f63d1d	8c55751f66ac2930ce115a9419321a2b2bed220b61af2e1671f7ac6e6a2e33b3	CANDIDATE_P1MCPUFP__CPUFP500K_0298__00376_8x6b_s1931_36d1c43d0a63	0.0	Static structure diagnostics only; not experimental affinity, blocking, expression or purity.	70	19
218.696	P1MCPUFP__CPUFP500K_0298__00376	GPGFRGGPFS	8	VDSAGTT	1	AAGFTSSTTIPTSGSGWSY	0.35294118	6	0.88235294	AT	9e6y	189	1545	15	0.966371	701	4	NOT_RUN_CROSS_CANDIDATE_RANK_REJECTED	2	/data/qlyu/projects/pvrig_top7500_dualpanel_screen_v1_20260724/run/static_review/inputs/pdb/CANDIDATE_P1MCPUFP__CPUFP500K_0298__00376_9e6y_s917_9bcdfe0c2c31.pdb	1653dd0cf70bcaec2801d17e0fc320f22c31eaeaccea81d3d63f400b73c7f81d	-78.2648	9	7	262	0.52085411	61	0.7	187	1588	15	0.48575	693	positive_pose_source_case02_pos_01_PVRIG-151_HR151	0	WEAK_PRIOR_ONLY	-11.0	2	cluster_1_model_1.pdb.gz	STRICT_A	DESCRIPTIVE_ONLY	1.078	-13.358	-0.931	15.895	1.108	818.28	1434.133	615.853	11.0	-0.28	6.0	235.0	69.0	0.0	0.923	0.689	2.606	72.965	-0.226	-9.254	0.0	old_top7500	2	917	CORE_EXPLOITATION	/data1/qlyu/projects/pvrig_priority_top7500_dualreceptor_multiseed_docking_results_v1_20260722/top7500_25k/compressed_queue/CANDIDATE_P1MCPUFP__CPUFP500K_0298__00376_9e6y_s917_9bcdfe0c2c31.tar.gz	runs/CANDIDATE_P1MCPUFP__CPUFP500K_0298__00376_9e6y_s917_9bcdfe0c2c31/haddock_run/6_seletopclusts/cluster_1_model_1.pdb.gz	9bcdfe0c2c3110ef5299c04440c90838376eb1109633ceb77c552a967121dea6	8c55751f66ac2930ce115a9419321a2b2bed220b61af2e1671f7ac6e6a2e33b3	CANDIDATE_P1MCPUFP__CPUFP500K_0298__00376_9e6y_s917_9bcdfe0c2c31	0.0	Static structure diagnostics only; not experimental affinity, blocking, expression or purity.	70	17
231.591	P1MCPUFP__CPUFP500K_0298__00713	GPGHRGGPWD	8	VDSAGTT	4	ASGFSSSTAISTDGSGWSF	0.3	6	0.9	AT	8x6b	173	1525	16	1.0939	645	3	NOT_RUN_CROSS_CANDIDATE_RANK_REJECTED	2	/data/qlyu/projects/pvrig_top7500_dualpanel_screen_v1_20260724/run/static_review/inputs/pdb/CANDIDATE_P1MCPUFP__CPUFP500K_0298__00713_8x6b_s3047_c1adb62063d5.pdb	770714b4921c0b10a8ef8349ecae85b5b32029abf1b5c2f6f757dbb06e37f49f	-73.48714000000001	5	5	264	0.52460301	60	1.0	173	1495	16	0.504848	652	positive_pose_source_case02_pos_01_PVRIG-151_HR151	0	WEAK_PRIOR_ONLY	-9.759	4	cluster_1_model_1.pdb.gz	STRICT_A	DESCRIPTIVE_ONLY	1.183	40.207	3.039	57.554	4.35	926.751	1322.962	396.211	14.0	-0.04	2.0	230.0	61.0	0.0	1.817	0.69	4.165	108.289	0.073	2.551	0.0	c2_four_seed	0	3047	CORE_EXPLOITATION	/data1/qlyu/projects/pvrig_c2_new4220_seed42_3047_docking_results_v1_20260723/c2_new4220_seed42_3047/compressed_queue/CANDIDATE_P1MCPUFP__CPUFP500K_0298__00713_8x6b_s3047_c1adb62063d5.tar.gz	runs/CANDIDATE_P1MCPUFP__CPUFP500K_0298__00713_8x6b_s3047_c1adb62063d5/haddock_run/6_seletopclusts/cluster_1_model_1.pdb.gz	c1adb62063d5ee6e4faa5800f7dc9133e97aac06067c33ab38ebd5ee8f27d6cc	8c55751f66ac2930ce115a9419321a2b2bed220b61af2e1671f7ac6e6a2e33b3	CANDIDATE_P1MCPUFP__CPUFP500K_0298__00713_8x6b_s3047_c1adb62063d5	0.0	Static structure diagnostics only; not experimental affinity, blocking, expression or purity.	98	20
286.64	P1MCPUFP__CPUFP500K_0298__00713	GPGHRGGPWD	4	VDSAGTT	0	ASGFSSSTAISTDGSGWSF	0.61111111	11	0.83333333	AT	9e6y	175	1592	17	0.961322	669	3	NOT_RUN_CROSS_CANDIDATE_RANK_REJECTED	3	/data/qlyu/projects/pvrig_top7500_dualpanel_screen_v1_20260724/run/static_review/inputs/pdb/CANDIDATE_P1MCPUFP__CPUFP500K_0298__00713_9e6y_s1931_b8b4d2403273.pdb	a96e6e4e12bae86fa6343a4f71d215a9b2617664eaf3a69463afdf0743c0146d	-66.38611999999999	1	4	212	0.44400678	52	1.0	171	1633	17	0.597316	657	positive_pose_source_case02_pos_01_PVRIG-151_HR151	0	WEAK_PRIOR_ONLY	-10.024	3	cluster_1_model_1.pdb.gz	STRICT_A	DESCRIPTIVE_ONLY	0.833	6.698	0.516	31.624	2.437	796.949	1297.64	500.691	18.0	0.0	0.0	235.0	61.0	0.0	0.981	0.692	0.88	25.525	1.072	34.289	0.0	c2_four_seed	0	1931	CORE_EXPLOITATION	/data1/qlyu/projects/pvrig_c2_new6220_dualreceptor_2seed_docking_results_v1_20260723/c2_new4220/compressed_queue/CANDIDATE_P1MCPUFP__CPUFP500K_0298__00713_9e6y_s1931_b8b4d2403273.tar.gz	runs/CANDIDATE_P1MCPUFP__CPUFP500K_0298__00713_9e6y_s1931_b8b4d2403273/haddock_run/6_seletopclusts/cluster_1_model_1.pdb.gz	b8b4d2403273254641227735c5d6dabdcf51deffd14282a57cd90eedc10cfafe	8c55751f66ac2930ce115a9419321a2b2bed220b61af2e1671f7ac6e6a2e33b3	CANDIDATE_P1MCPUFP__CPUFP500K_0298__00713_9e6y_s1931_b8b4d2403273	0.0	Static structure diagnostics only; not experimental affinity, blocking, expression or purity.	98	18
306.909	P1MCPUFP__CPUFP500K_0299__00453	GPGWSRGDFS	2	VDSRGTV	0	AAGYLPTGAVPTTGEGYDF	0.77777778	14	0.88888889	AT	8x6b	149	1564	21	1.103164	622	3	NOT_RUN_CROSS_CANDIDATE_RANK_REJECTED	2	/data/qlyu/projects/pvrig_top7500_dualpanel_screen_v1_20260724/run/static_review/inputs/pdb/CANDIDATE_P1MCPUFP__CPUFP500K_0299__00453_8x6b_s917_32f3cdb45965.pdb	a5282926cd0d1fe681c0e2d83b8984509906187706522795994f455e6d9e7190	-80.9481	12	5	311	0.49837286	57	0.8	154	1522	21	0.568249	627	positive_pose_source_case02_pos_01_PVRIG-151_HR151	0	WEAK_PRIOR_ONLY	-10.641	3	cluster_1_model_1.pdb.gz	STRICT_A	DESCRIPTIVE_ONLY	1.239	-11.717	-0.676	19.518	1.125	909.52	1734.229	824.708	24.0	-0.035	1.0	230.0	66.0	0.0	1.675	0.602	1.979	59.374	1.422	51.196	0.0	old_top7500	0	917	CORE_EXPLOITATION	/data1/qlyu/projects/pvrig_priority_top7500_dualreceptor_multiseed_docking_results_v1_20260722/top7500_25k/compressed_queue/CANDIDATE_P1MCPUFP__CPUFP500K_0299__00453_8x6b_s917_32f3cdb45965.tar.gz	runs/CANDIDATE_P1MCPUFP__CPUFP500K_0299__00453_8x6b_s917_32f3cdb45965/haddock_run/6_seletopclusts/cluster_1_model_1.pdb.gz	32f3cdb459658cce89d8116092401ff7067086a6ae30658fdbd8b01b5e70b393	8c55751f66ac2930ce115a9419321a2b2bed220b61af2e1671f7ac6e6a2e33b3	CANDIDATE_P1MCPUFP__CPUFP500K_0299__00453_8x6b_s917_32f3cdb45965	0.0	Static structure diagnostics only; not experimental affinity, blocking, expression or purity.	13	18
342.82	P1MCPUFP__CPUFP500K_0299__00453	GPGWSRGDFS	5	VDSRGTV	0	AAGYLPTGAVPTTGEGYDF	0.55555556	10	0.83333333	AT	9e6y	165	1566	19	0.939678	630	2	NOT_RUN_CROSS_CANDIDATE_RANK_REJECTED	3	/data/qlyu/projects/pvrig_top7500_dualpanel_screen_v1_20260724/run/static_review/inputs/pdb/CANDIDATE_P1MCPUFP__CPUFP500K_0299__00453_9e6y_s917_f31697ca7832.pdb	3be4f37f0c0f3fcffec59b775a96331129ed02bcda3efd27cd3bfcd5ac0b95b4	-80.001	9	4	263	0.43546819	51	1.0	171	1640	19	0.514564	623	positive_pose_source_case02_pos_01_PVRIG-151_HR151	0	WEAK_PRIOR_ONLY	-10.114	2	cluster_1_model_1.pdb.gz	STRICT_A	DESCRIPTIVE_ONLY	1.671	-16.71	-1.112	14.769	0.983	828.642	1502.178	673.536	10.0	-0.105	2.0	235.0	63.0	0.0	1.124	0.554	2.109	56.939	0.385	13.849	0.0	old_top7500	0	917	CORE_EXPLOITATION	/data1/qlyu/projects/pvrig_priority_top7500_dualreceptor_multiseed_docking_results_v1_20260722/top7500_25k/compressed_queue/CANDIDATE_P1MCPUFP__CPUFP500K_0299__00453_9e6y_s917_f31697ca7832.tar.gz	runs/CANDIDATE_P1MCPUFP__CPUFP500K_0299__00453_9e6y_s917_f31697ca7832/haddock_run/6_seletopclusts/cluster_1_model_1.pdb.gz	f31697ca783241d8a42e00a4b91a8099c19c0fbcc86a386636c793fcb2eda812	8c55751f66ac2930ce115a9419321a2b2bed220b61af2e1671f7ac6e6a2e33b3	CANDIDATE_P1MCPUFP__CPUFP500K_0299__00453_9e6y_s917_f31697ca7832	0.0	Static structure diagnostics only; not experimental affinity, blocking, expression or purity.	13	18
163.819	P1MCPUFP__CPUFP500K_0299__00780	GPGWQHGSFS	9	VDSTGTV	3	AAGLLPSGAIPPDGSGYDF	0.42307692	11	0.88461538	AT	8x6b	125	1386	20	1.104803	559	4	NOT_RUN_CROSS_CANDIDATE_RANK_REJECTED	3	/data/qlyu/projects/pvrig_top7500_dualpanel_screen_v1_20260724/run/static_review/inputs/pdb/CANDIDATE_P1MCPUFP__CPUFP500K_0299__00780_8x6b_s42_77b736574c42.pdb	ccc844e6b3cf7a0a2e85dc72ba244a98167bffb43b77a83235655b1f139aba90	-79.7272	12	6	330	0.64701038	74	0.9	126	1425	20	0.504343	582	positive_pose_source_case02_pos_01_PVRIG-151_HR151	0	WEAK_PRIOR_ONLY	-12.647	5	cluster_1_model_1.pdb.gz	STRICT_A	DESCRIPTIVE_ONLY	1.32	25.48	1.561	71.844	4.402	938.872	1631.974	693.102	13.0	-0.031	2.0	230.0	66.0	0.0	2.081	0.631	2.896	83.993	1.442	53.355	0.0	c2_four_seed	1	42	CORE_EXPLOITATION	/data1/qlyu/projects/pvrig_c2_new4220_seed42_3047_docking_results_v1_20260723/c2_new4220_seed42_3047/compressed_queue/CANDIDATE_P1MCPUFP__CPUFP500K_0299__00780_8x6b_s42_77b736574c42.tar.gz	runs/CANDIDATE_P1MCPUFP__CPUFP500K_0299__00780_8x6b_s42_77b736574c42/haddock_run/6_seletopclusts/cluster_1_model_1.pdb.gz	77b736574c42bad84386bed8444b51288a0e839cabc035fb86199ec788c1fc31	8c55751f66ac2930ce115a9419321a2b2bed220b61af2e1671f7ac6e6a2e33b3	CANDIDATE_P1MCPUFP__CPUFP500K_0299__00780_8x6b_s42_77b736574c42	0.0	Static structure diagnostics only; not experimental affinity, blocking, expression or purity.	17	26
148.864	P1MCPUFP__CPUFP500K_0299__00780	GPGWQHGSFS	9	VDSTGTV	3	AAGLLPSGAIPPDGSGYDF	0.44	11	0.92	AT	9e6y	124	1414	20	0.928109	561	3	NOT_RUN_CROSS_CANDIDATE_RANK_REJECTED	2	/data/qlyu/projects/pvrig_top7500_dualpanel_screen_v1_20260724/run/static_review/inputs/pdb/CANDIDATE_P1MCPUFP__CPUFP500K_0299__00780_9e6y_s1931_fd65b6791731.pdb	2ac3aeeb7cfb953c79a80188fdde654290dea50a2dc007d2a56cf7af6249b68d	-83.631	9	6	294	0.54646989	64	0.9	121	1375	20	0.565223	549	positive_pose_source_case02_pos_01_PVRIG-151_HR151	0	WEAK_PRIOR_ONLY	-11.675	4	cluster_1_model_1.pdb.gz	STRICT_A	DESCRIPTIVE_ONLY	2.146	3.259	0.204	22.445	1.407	1003.022	1595.072	592.05	20.0	-0.082	2.0	235.0	66.0	0.0	0.975	0.685	1.975	57.266	0.191	7.082	0.0	c2_four_seed	1	1931	CORE_EXPLOITATION	/data1/qlyu/projects/pvrig_c2_new6220_dualreceptor_2seed_docking_results_v1_20260723/c2_new4220/compressed_queue/CANDIDATE_P1MCPUFP__CPUFP500K_0299__00780_9e6y_s1931_fd65b6791731.tar.gz	runs/CANDIDATE_P1MCPUFP__CPUFP500K_0299__00780_9e6y_s1931_fd65b6791731/haddock_run/6_seletopclusts/cluster_1_model_1.pdb.gz	fd65b6791731634cb3113d83fb1e91340b964f985b562430ed5993eeb885a702	8c55751f66ac2930ce115a9419321a2b2bed220b61af2e1671f7ac6e6a2e33b3	CANDIDATE_P1MCPUFP__CPUFP500K_0299__00780_9e6y_s1931_fd65b6791731	0.0	Static structure diagnostics only; not experimental affinity, blocking, expression or purity.	17	25
282.319	P1MCPUFP__CPUFP500K_0305__00672	GPGFSGGPWS	5	IDSEGGT	0	AAGRLATGVVPTTGSGWDY	0.68181818	15	0.90909091	AT	8x6b	159	1650	18	1.114499	640	4	NOT_RUN_CROSS_CANDIDATE_RANK_REJECTED	2	/data/qlyu/projects/pvrig_top7500_dualpanel_screen_v1_20260724/run/static_review/inputs/pdb/CANDIDATE_P1MCPUFP__CPUFP500K_0305__00672_8x6b_s1931_9540618c2844.pdb	3baeb3d7dabde0afb5023741b83b56d133a5c9d62ac1b688c67dca1875fcc34b	-58.31489	3	7	208	0.48962948	56	0.9	165	1724	18	0.545811	652	positive_pose_source_case02_pos_01_PVRIG-151_HR151	0	WEAK_PRIOR_ONLY	-10.461	2	cluster_1_model_1.pdb.gz	STRICT_A	DESCRIPTIVE_ONLY	1.502	-9.022	-0.661	24.37	1.786	764.409	1364.659	600.25	14.0	-0.019	1.0	230.0	64.0	0.0	1.975	0.587	3.482	94.012	0.875	32.372	0.0	old_top7500	0	1931	CORE_EXPLOITATION	/data1/qlyu/projects/pvrig_priority_top7500_dualreceptor_multiseed_docking_results_v1_20260722/top7500_25k/compressed_queue/CANDIDATE_P1MCPUFP__CPUFP500K_0305__00672_8x6b_s1931_9540618c2844.tar.gz	runs/CANDIDATE_P1MCPUFP__CPUFP500K_0305__00672_8x6b_s1931_9540618c2844/haddock_run/6_seletopclusts/cluster_1_model_1.pdb.gz	9540618c28447b59bc3f2b0c511dc2f7b816d5856b73c62d993d91b9330c31b9	8c55751f66ac2930ce115a9419321a2b2bed220b61af2e1671f7ac6e6a2e33b3	CANDIDATE_P1MCPUFP__CPUFP500K_0305__00672_8x6b_s1931_9540618c2844	0.0	Static structure diagnostics only; not experimental affinity, blocking, expression or purity.	44	22
257.183	P1MCPUFP__CPUFP500K_0305__00672	GPGFSGGPWS	4	IDSEGGT	0	AAGRLATGVVPTTGSGWDY	0.71428571	15	0.9047619	AT	9e6y	156	1585	17	0.954052	650	4	NOT_RUN_CROSS_CANDIDATE_RANK_REJECTED	2	/data/qlyu/projects/pvrig_top7500_dualpanel_screen_v1_20260724/run/static_review/inputs/pdb/CANDIDATE_P1MCPUFP__CPUFP500K_0305__00672_9e6y_s1931_f23eea494f8c.pdb	b97b53e6422ab821a9aecd60c6fe0b7f09ec88c027da31fc84ad4f0106de7e54	-52.19604000000001	4	6	215	0.43546819	51	0.9	149	1564	17	0.515991	646	positive_pose_source_case02_pos_01_PVRIG-151_HR151	0	WEAK_PRIOR_ONLY	-10.63	2	cluster_1_model_1.pdb.gz	STRICT_A	DESCRIPTIVE_ONLY	1.532	-6.433	-0.486	41.552	3.142	773.422	1322.406	548.984	16.0	-0.046	2.0	235.0	65.0	0.0	1.767	0.663	3.048	88.392	0.735	26.448	0.0	old_top7500	0	1931	CORE_EXPLOITATION	/data1/qlyu/projects/pvrig_priority_top7500_dualreceptor_multiseed_docking_results_v1_20260722/top7500_25k/compressed_queue/CANDIDATE_P1MCPUFP__CPUFP500K_0305__00672_9e6y_s1931_f23eea494f8c.tar.gz	runs/CANDIDATE_P1MCPUFP__CPUFP500K_0305__00672_9e6y_s1931_f23eea494f8c/haddock_run/6_seletopclusts/cluster_1_model_1.pdb.gz	f23eea494f8c549127059109dc64e169fdf6201802d746a435bcb1939d426d60	8c55751f66ac2930ce115a9419321a2b2bed220b61af2e1671f7ac6e6a2e33b3	CANDIDATE_P1MCPUFP__CPUFP500K_0305__00672_9e6y_s1931_f23eea494f8c	0.0	Static structure diagnostics only; not experimental affinity, blocking, expression or purity.	44	21
112.311	P1MCPUFP__CPUFP500K_0306__00261	GPGFGRGPWD	3	VGSEGGT	5	AAGDSPGGVVDSTGAGYRY	0.5	9	0.94444444	AT	8x6b	129	1289	15	1.070469	539	3	NOT_RUN_CROSS_CANDIDATE_RANK_REJECTED	1	/data/qlyu/projects/pvrig_top7500_dualpanel_screen_v1_20260724/run/static_review/inputs/pdb/CANDIDATE_P1MCPUFP__CPUFP500K_0306__00261_8x6b_s42_30e770bfcd7f.pdb	c2500f6ca414730a3a49e7a6d5aff61992ca8e23bf4c8f6aaabf77b9775ef5a6	-56.62647	7	3	241	0.41968241	48	0.666667	134	1277	15	0.484773	528	positive_pose_source_case02_pos_01_PVRIG-151_HR151	0	WEAK_PRIOR_ONLY	-9.446	3	cluster_1_model_1.pdb.gz	STRICT_A	DESCRIPTIVE_ONLY	1.278	8.467	0.598	71.004	5.018	865.979	1414.859	548.88	14.0	0.0	0.0	230.0	63.0	0.0	2.335	0.585	2.735	73.849	2.035	73.27	0.0	c2_four_seed	0	42	CORE_EXPLOITATION	/data1/qlyu/projects/pvrig_c2_new4220_seed42_3047_docking_results_v1_20260723/c2_new4220_seed42_3047/compressed_queue/CANDIDATE_P1MCPUFP__CPUFP500K_0306__00261_8x6b_s42_30e770bfcd7f.tar.gz	runs/CANDIDATE_P1MCPUFP__CPUFP500K_0306__00261_8x6b_s42_30e770bfcd7f/haddock_run/6_seletopclusts/cluster_1_model_1.pdb.gz	30e770bfcd7f9a714312b64917f07e6d273ed566958498487b543a201f78eb40	8c55751f66ac2930ce115a9419321a2b2bed220b61af2e1671f7ac6e6a2e33b3	CANDIDATE_P1MCPUFP__CPUFP500K_0306__00261_8x6b_s42_30e770bfcd7f	0.0	Static structure diagnostics only; not experimental affinity, blocking, expression or purity.	88	18
171.087	P1MCPUFP__CPUFP500K_0306__00261	GPGFGRGPWD	4	VGSEGGT	0	AAGDSPGGVVDSTGAGYRY	0.46153846	6	0.76923077	AT	9e6y	217	1759	15	0.971855	739	3	NOT_RUN_CROSS_CANDIDATE_RANK_REJECTED	3	/data/qlyu/projects/pvrig_top7500_dualpanel_screen_v1_20260724/run/static_review/inputs/pdb/CANDIDATE_P1MCPUFP__CPUFP500K_0306__00261_9e6y_s42_b626faa15af1.pdb	42db54937184e0c0871a3d8e83b047af270678285fb3735331ac7e55e214e4ea	-58.7478	7	4	196	0.39277523	46	0.9	225	1777	15	0.48373	749	positive_pose_source_case02_pos_01_PVRIG-151_HR151	0	WEAK_PRIOR_ONLY	-7.836	4	cluster_1_model_1.pdb.gz	STRICT_A	DESCRIPTIVE_ONLY	0.841	18.618	1.444	37.316	2.894	787.424	1289.218	501.794	10.0	0.0	0.0	235.0	56.0	0.0	0.661	0.578	1.377	33.058	0.123	3.944	0.0	c2_four_seed	4	42	CORE_EXPLOITATION	/data1/qlyu/projects/pvrig_c2_new4220_seed42_3047_docking_results_v1_20260723/c2_new4220_seed42_3047/compressed_queue/CANDIDATE_P1MCPUFP__CPUFP500K_0306__00261_9e6y_s42_b626faa15af1.tar.gz	runs/CANDIDATE_P1MCPUFP__CPUFP500K_0306__00261_9e6y_s42_b626faa15af1/haddock_run/6_seletopclusts/cluster_1_model_1.pdb.gz	b626faa15af13d5c94e285070b8b869ae2de428b442f37e207d747a59314a0dd	8c55751f66ac2930ce115a9419321a2b2bed220b61af2e1671f7ac6e6a2e33b3	CANDIDATE_P1MCPUFP__CPUFP500K_0306__00261_9e6y_s42_b626faa15af1	0.0	Static structure diagnostics only; not experimental affinity, blocking, expression or purity.	88	13
147.518	P1MCPUFP__CPUFP500K_0313__00128	GLTPEGYT	5	IDSRGEA	3	VVGRDLGSSSYEPVA	0.52173913	12	0.86956522	AT	8x6b	92	1782	20	1.107415	691	3	NOT_RUN_CROSS_CANDIDATE_RANK_REJECTED	3	/data/qlyu/projects/pvrig_top7500_dualpanel_screen_v1_20260724/run/static_review/inputs/pdb/CANDIDATE_P1MCPUFP__CPUFP500K_0313__00128_8x6b_s1931_f0f7f932b8ac.pdb	b975b17dceea810d56c2b7c3ad3d614aa31d735b89a3ecd611fda09b1edb37a5	-96.52416	13	5	262	0.54640987	61	0.1	100	1714	20	0.527098	696	positive_pose_source_case02_pos_02_PVRIG-20	0	WEAK_PRIOR_ONLY	-11.794	2	cluster_1_model_1.pdb.gz	SUPPORTED_AB	DESCRIPTIVE_ONLY	1.519	1.997	0.11	128.533	7.068	956.712	1818.402	861.69	15.0	-0.024	3.0	224.0	64.0	0.0	3.042	0.544	4.154	124.614	2.061	70.09	0.0	old_top7500	6	1931	PARENT_CDR3_DIVERSITY	/data1/qlyu/projects/pvrig_priority_top7500_dualreceptor_multiseed_docking_results_v1_20260722/top7500_25k/compressed_queue/CANDIDATE_P1MCPUFP__CPUFP500K_0313__00128_8x6b_s1931_f0f7f932b8ac.tar.gz	runs/CANDIDATE_P1MCPUFP__CPUFP500K_0313__00128_8x6b_s1931_f0f7f932b8ac/haddock_run/6_seletopclusts/cluster_1_model_1.pdb.gz	f0f7f932b8acb8785c4e99e62707be0f64e0145b9fddc6ed2b20bd99298dbcea	8c55751f66ac2930ce115a9419321a2b2bed220b61af2e1671f7ac6e6a2e33b3	CANDIDATE_P1MCPUFP__CPUFP500K_0313__00128_8x6b_s1931_f0f7f932b8ac	0.0	Static structure diagnostics only; not experimental affinity, blocking, expression or purity.	121	23
251.338	P1MCPUFP__CPUFP500K_0313__00128	GLTPEGYT	5	IDSRGEA	2	VVGRDLGSSSYEPVA	0.54545455	12	0.86363636	AT	9e6y	122	1712	19	1.099915	711	3	NOT_RUN_CROSS_CANDIDATE_RANK_REJECTED	3	/data/qlyu/projects/pvrig_top7500_dualpanel_screen_v1_20260724/run/static_review/inputs/pdb/CANDIDATE_P1MCPUFP__CPUFP500K_0313__00128_9e6y_s917_7e0838da4e05.pdb	c6feeff8692a53a26526cd7df66d0358633b1c24b13961e4ed766367f47c5ab2	-81.78415999999999	12	5	255	0.60359346	69	0.2	116	1748	19	0.753987	697	positive_pose_source_case02_pos_02_PVRIG-20	0	WEAK_PRIOR_ONLY	-11.385	2	cluster_1_model_1.pdb.gz	STRICT_A	DESCRIPTIVE_ONLY	1.26	1.421	0.083	43.209	2.519	874.559	1715.323	840.764	12.0	-0.111	6.0	229.0	67.0	0.0	1.222	0.567	2.075	64.313	0.488	17.583	0.0	old_top7500	6	917	PARENT_CDR3_DIVERSITY	/data1/qlyu/projects/pvrig_priority_top7500_dualreceptor_multiseed_docking_results_v1_20260722/top7500_25k/compressed_queue/CANDIDATE_P1MCPUFP__CPUFP500K_0313__00128_9e6y_s917_7e0838da4e05.tar.gz	runs/CANDIDATE_P1MCPUFP__CPUFP500K_0313__00128_9e6y_s917_7e0838da4e05/haddock_run/6_seletopclusts/cluster_1_model_1.pdb.gz	7e0838da4e0558184f059fd36fcb1e4aa7165f4b45f0f5904bcdb32bff6f4121	8c55751f66ac2930ce115a9419321a2b2bed220b61af2e1671f7ac6e6a2e33b3	CANDIDATE_P1MCPUFP__CPUFP500K_0313__00128_9e6y_s917_7e0838da4e05	0.0	Static structure diagnostics only; not experimental affinity, blocking, expression or purity.	121	22
291.515	P1MCPUFP__CPUFP500K_0313__00490	GLTPEGHA	7	ITDAGEA	1	RVGLFLGGSYDYPVG	0.45	9	0.85	AT	8x6b	109	1578	18	1.067719	632	3	NOT_RUN_CROSS_CANDIDATE_RANK_REJECTED	3	/data/qlyu/projects/pvrig_top7500_dualpanel_screen_v1_20260724/run/static_review/inputs/pdb/CANDIDATE_P1MCPUFP__CPUFP500K_0313__00490_8x6b_s917_45446fc23ed6.pdb	d4dfa9ba17751a8d760f96070df38a6caa19f13399b02b482591b40e097a493e	-69.07925	12	6	257	0.50162218	56	0.1	104	1499	18	0.485437	624	positive_pose_source_case02_pos_02_PVRIG-20	0	WEAK_PRIOR_ONLY	-10.72	2	cluster_1_model_1.pdb.gz	STRICT_A	DESCRIPTIVE_ONLY	1.003	16.498	1.05	41.359	2.632	949.936	1571.538	621.602	13.0	-0.063	3.0	224.0	63.0	0.0	1.596	0.662	2.824	79.062	0.614	21.488	0.0	old_top7500	5	917	PARENT_CDR3_DIVERSITY	/data1/qlyu/projects/pvrig_priority_top7500_dualreceptor_multiseed_docking_results_v1_20260722/top7500_25k/compressed_queue/CANDIDATE_P1MCPUFP__CPUFP500K_0313__00490_8x6b_s917_45446fc23ed6.tar.gz	runs/CANDIDATE_P1MCPUFP__CPUFP500K_0313__00490_8x6b_s917_45446fc23ed6/haddock_run/6_seletopclusts/cluster_1_model_1.pdb.gz	45446fc23ed6b6c1eaf25be9651ee7863ba0b269d3b97e8b650ee501197a78cd	8c55751f66ac2930ce115a9419321a2b2bed220b61af2e1671f7ac6e6a2e33b3	CANDIDATE_P1MCPUFP__CPUFP500K_0313__00490_8x6b_s917_45446fc23ed6	0.0	Static structure diagnostics only; not experimental affinity, blocking, expression or purity.	124	20
176.46	P1MCPUFP__CPUFP500K_0313__00490	GLTPEGHA	6	ITDAGEA	0	RVGLFLGGSYDYPVG	0.47058824	8	0.82352941	AT	9e6y	89	1309	19	1.01058	524	4	NOT_RUN_CROSS_CANDIDATE_RANK_REJECTED	3	/data/qlyu/projects/pvrig_top7500_dualpanel_screen_v1_20260724/run/static_review/inputs/pdb/CANDIDATE_P1MCPUFP__CPUFP500K_0313__00490_9e6y_s917_c3e1f6cfac0d.pdb	92da6f978f70dbbf71679f22815439753cb4f265f9f12c589d0b30982426c86f	-57.74346	7	6	172	0.38490018	44	0.2	80	1338	19	0.565174	513	positive_pose_source_case02_pos_02_PVRIG-20	0	WEAK_PRIOR_ONLY	-9.017	2	cluster_1_model_1.pdb.gz	SUPPORTED_AB	DESCRIPTIVE_ONLY	1.183	4.91	0.363	18.611	1.376	895.465	1352.958	457.493	5.0	-0.023	1.0	229.0	58.0	0.0	1.266	0.561	2.285	57.133	0.494	16.286	0.0	old_top7500	3	917	PARENT_CDR3_DIVERSITY	/data1/qlyu/projects/pvrig_priority_top7500_dualreceptor_multiseed_docking_results_v1_20260722/top7500_25k/compressed_queue/CANDIDATE_P1MCPUFP__CPUFP500K_0313__00490_9e6y_s917_c3e1f6cfac0d.tar.gz	runs/CANDIDATE_P1MCPUFP__CPUFP500K_0313__00490_9e6y_s917_c3e1f6cfac0d/haddock_run/6_seletopclusts/cluster_1_model_1.pdb.gz	c3e1f6cfac0d4a33bebf39455e345b568fcf9bb3b54b7bd61edd4a9d9c4db649	8c55751f66ac2930ce115a9419321a2b2bed220b61af2e1671f7ac6e6a2e33b3	CANDIDATE_P1MCPUFP__CPUFP500K_0313__00490_9e6y_s917_c3e1f6cfac0d	0.0	Static structure diagnostics only; not experimental affinity, blocking, expression or purity.	124	17
387.234	P1MCPUFP__CPUFP500K_0325__00106	GDFTVPIP	4	IGGGGSWV	5	AATYAGLVTSEETWLY	0.29411765	5	0.82352941	AT	8x6b	132	1615	22	1.043762	633	7	NOT_RUN_CROSS_CANDIDATE_RANK_REJECTED	3	/data/qlyu/projects/pvrig_top7500_dualpanel_screen_v1_20260724/run/static_review/inputs/pdb/CANDIDATE_P1MCPUFP__CPUFP500K_0325__00106_8x6b_s1931_cf0427690376.pdb	788dab3425ab96797b9bd547e21e045b17c91a7b729d30e50cd6b22d2bfaae9a	-65.23718	3	10	252	0.51529606	58	0.6	129	1552	22	0.470327	634	positive_pose_source_case02_pos_04_PVRIG-38	0	WEAK_PRIOR_ONLY	-12.647	2	cluster_1_model_1.pdb.gz	STRICT_A	DESCRIPTIVE_ONLY	1.302	2.104	0.139	37.182	2.458	999.151	1512.756	513.605	13.0	-0.028	1.0	226.0	64.0	0.0	2.167	0.539	4.386	109.661	0.745	29.058	0.0	old_top7500	0	1931	PARENT_CDR3_DIVERSITY	/data1/qlyu/projects/pvrig_priority_top7500_dualreceptor_multiseed_docking_results_v1_20260722/top7500_25k/compressed_queue/CANDIDATE_P1MCPUFP__CPUFP500K_0325__00106_8x6b_s1931_cf0427690376.tar.gz	runs/CANDIDATE_P1MCPUFP__CPUFP500K_0325__00106_8x6b_s1931_cf0427690376/haddock_run/6_seletopclusts/cluster_1_model_1.pdb.gz	cf0427690376dad5fac2fd834f949b2c882ca9039d1ec4dfc859250874a65bd4	8c55751f66ac2930ce115a9419321a2b2bed220b61af2e1671f7ac6e6a2e33b3	CANDIDATE_P1MCPUFP__CPUFP500K_0325__00106_8x6b_s1931_cf0427690376	0.0	Static structure diagnostics only; not experimental affinity, blocking, expression or purity.	159	17
233.404	P1MCPUFP__CPUFP500K_0325__00106	GDFTVPIP	4	IGGGGSWV	3	AATYAGLVTSEETWLY	0.55555556	10	0.94444444	AT	9e6y	122	1525	16	0.953952	605	5	NOT_RUN_CROSS_CANDIDATE_RANK_REJECTED	1	/data/qlyu/projects/pvrig_top7500_dualpanel_screen_v1_20260724/run/static_review/inputs/pdb/CANDIDATE_P1MCPUFP__CPUFP500K_0325__00106_9e6y_s1931_eda348711939.pdb	de0436c9aae635faf6ef871d5053f4ee47ab47603d7e79c1a3aaed9af0bf82e3	-70.22726	7	11	225	0.41646337	48	0.6	114	1451	16	0.543155	584	positive_pose_source_case02_pos_04_PVRIG-38	0	WEAK_PRIOR_ONLY	-10.662	2	cluster_1_model_1.pdb.gz	STRICT_A	DESCRIPTIVE_ONLY	1.583	-19.544	-1.291	-9.921	-0.655	1063.715	1514.218	450.503	14.0	0.104	1.0	231.0	58.0	0.0	0.223	0.487	0.985	23.642	-0.314	-10.682	0.0	old_top7500	0	1931	PARENT_CDR3_DIVERSITY	/data1/qlyu/projects/pvrig_priority_top7500_dualreceptor_multiseed_docking_results_v1_20260722/top7500_25k/compressed_queue/CANDIDATE_P1MCPUFP__CPUFP500K_0325__00106_9e6y_s1931_eda348711939.tar.gz	runs/CANDIDATE_P1MCPUFP__CPUFP500K_0325__00106_9e6y_s1931_eda348711939/haddock_run/6_seletopclusts/cluster_1_model_1.pdb.gz	eda348711939d0d47a2f576335f76927d145e5c4e4691a7d292953c116c69035	8c55751f66ac2930ce115a9419321a2b2bed220b61af2e1671f7ac6e6a2e33b3	CANDIDATE_P1MCPUFP__CPUFP500K_0325__00106_9e6y_s1931_eda348711939	0.0	Static structure diagnostics only; not experimental affinity, blocking, expression or purity.	159	18
120.961	P1MCPUFP__CPUFP500K_0326__00721	GPELAPYD	7	ISADGKTY	5	AAGAAGPGSSPETWLY	0.40740741	11	0.85185185	AT	8x6b	108	1584	18	1.180725	635	3	NOT_RUN_CROSS_CANDIDATE_RANK_REJECTED	4	/data/qlyu/projects/pvrig_top7500_dualpanel_screen_v1_20260724/run/static_review/inputs/pdb/CANDIDATE_P1MCPUFP__CPUFP500K_0326__00721_8x6b_s3253_8cec4b041a0f.pdb	0faba1c3f882054822efb07bc3bc515101d61de69d0183d1f5210433e0ed9029	-87.73702	3	10	287	0.58637138	66	0.4	109	1642	18	0.57996	655	positive_pose_source_case02_pos_04_PVRIG-38	0	WEAK_PRIOR_ONLY	-11.452	3	cluster_1_model_1.pdb.gz	STRICT_A	DESCRIPTIVE_ONLY	0.404	-16.264	-0.886	29.715	1.619	1083.716	1835.832	752.116	20.0	-0.07	3.0	226.0	74.0	0.0	0.195	0.53	-0.325	-11.036	0.637	25.473	0.0	old_top7500	1	3253	PARENT_CDR3_DIVERSITY	/data1/qlyu/projects/pvrig_priority_top7500_dualreceptor_multiseed_docking_results_v1_20260722/top7500_25k/compressed_queue/CANDIDATE_P1MCPUFP__CPUFP500K_0326__00721_8x6b_s3253_8cec4b041a0f.tar.gz	runs/CANDIDATE_P1MCPUFP__CPUFP500K_0326__00721_8x6b_s3253_8cec4b041a0f/haddock_run/6_seletopclusts/cluster_1_model_1.pdb.gz	8cec4b041a0f6fcc627bc7fe4a0f3aef0749fb4e1a967bb4501fcab4262a365d	8c55751f66ac2930ce115a9419321a2b2bed220b61af2e1671f7ac6e6a2e33b3	CANDIDATE_P1MCPUFP__CPUFP500K_0326__00721_8x6b_s3253_8cec4b041a0f	0.0	Static structure diagnostics only; not experimental affinity, blocking, expression or purity.	158	27
185.046	P1MCPUFP__CPUFP500K_0326__00721	GPELAPYD	7	ISADGKTY	5	AAGAAGPGSSPETWLY	0.37037037	10	0.81481481	AT	9e6y	113	1553	16	0.951535	619	2	NOT_RUN_CROSS_CANDIDATE_RANK_REJECTED	5	/data/qlyu/projects/pvrig_top7500_dualpanel_screen_v1_20260724/run/static_review/inputs/pdb/CANDIDATE_P1MCPUFP__CPUFP500K_0326__00721_9e6y_s3253_cfabcb3ab4db.pdb	af46b0ee91b0907cdc58055ab9beac50747fa1510f0f9f5205a6f763e38b637a	-85.8119	11	11	314	0.59866609	69	0.7	101	1507	16	0.5288	595	positive_pose_source_case02_pos_04_PVRIG-38	0	WEAK_PRIOR_ONLY	-12.378	2	cluster_1_model_1.pdb.gz	STRICT_A	DESCRIPTIVE_ONLY	0.694	-4.306	-0.229	68.684	3.654	1090.417	1879.615	789.198	23.0	0.0	0.0	231.0	76.0	0.0	0.641	0.612	0.064	2.306	1.159	46.378	0.0	old_top7500	2	3253	PARENT_CDR3_DIVERSITY	/data1/qlyu/projects/pvrig_priority_top7500_dualreceptor_multiseed_docking_results_v1_20260722/top7500_25k/compressed_queue/CANDIDATE_P1MCPUFP__CPUFP500K_0326__00721_9e6y_s3253_cfabcb3ab4db.tar.gz	runs/CANDIDATE_P1MCPUFP__CPUFP500K_0326__00721_9e6y_s3253_cfabcb3ab4db/haddock_run/6_seletopclusts/cluster_1_model_1.pdb.gz	cfabcb3ab4db3428ce8e53cd7ae24b74514352b4c6c73c7c2f21d8407643f228	8c55751f66ac2930ce115a9419321a2b2bed220b61af2e1671f7ac6e6a2e33b3	CANDIDATE_P1MCPUFP__CPUFP500K_0326__00721_9e6y_s3253_cfabcb3ab4db	0.0	Static structure diagnostics only; not experimental affinity, blocking, expression or purity.	158	27
218.648	P1MCPUFP__CPUFP500K_0332__00371	GPFTGPMT	6	ISGDGKSY	6	AMSWYGGLSDSSAYEY	0.31818182	7	0.86363636	AT	8x6b	112	1598	16	1.058843	610	3	NOT_RUN_CROSS_CANDIDATE_RANK_REJECTED	3	/data/qlyu/projects/pvrig_top7500_dualpanel_screen_v1_20260724/run/static_review/inputs/pdb/CANDIDATE_P1MCPUFP__CPUFP500K_0332__00371_8x6b_s917_2ef7cce979f4.pdb	9d6f4830171945c58a8b604f84364385630d51e76df0f544b72efe2f56b10273	-90.0055	8	7	271	0.56860255	64	0.6	118	1542	16	0.448894	604	positive_pose_source_case02_pos_04_PVRIG-38	0	WEAK_PRIOR_ONLY	-12.113	3	cluster_1_model_1.pdb.gz	STRICT_A	DESCRIPTIVE_ONLY	0.783	-17.008	-0.959	6.91	0.389	1027.584	1774.037	746.453	20.0	0.0	0.0	226.0	62.0	0.0	0.488	0.598	2.057	55.543	-0.723	-25.307	0.0	old_top7500	3	917	PARENT_CDR3_DIVERSITY	/data1/qlyu/projects/pvrig_priority_top7500_dualreceptor_multiseed_docking_results_v1_20260722/top7500_25k/compressed_queue/CANDIDATE_P1MCPUFP__CPUFP500K_0332__00371_8x6b_s917_2ef7cce979f4.tar.gz	runs/CANDIDATE_P1MCPUFP__CPUFP500K_0332__00371_8x6b_s917_2ef7cce979f4/haddock_run/6_seletopclusts/cluster_1_model_1.pdb.gz	2ef7cce979f41f98081b250d9cc257e5fe0adc0162577e42a86dd6124df037e5	8c55751f66ac2930ce115a9419321a2b2bed220b61af2e1671f7ac6e6a2e33b3	CANDIDATE_P1MCPUFP__CPUFP500K_0332__00371_8x6b_s917_2ef7cce979f4	0.0	Static structure diagnostics only; not experimental affinity, blocking, expression or purity.	160	22
185.602	P1MCPUFP__CPUFP500K_0332__00371	GPFTGPMT	6	ISGDGKSY	6	AMSWYGGLSDSSAYEY	0.34782609	8	0.86956522	AT	9e6y	108	1361	15	1.008058	553	4	NOT_RUN_CROSS_CANDIDATE_RANK_REJECTED	3	/data/qlyu/projects/pvrig_top7500_dualpanel_screen_v1_20260724/run/static_review/inputs/pdb/CANDIDATE_P1MCPUFP__CPUFP500K_0332__00371_9e6y_s917_1d9bdf834047.pdb	8d938a1f9f9a78f9281e541647257996c1b9cffda36d7cef4338115a1f0a9c82	-106.816	9	7	292	0.57263713	66	0.7	104	1374	15	0.598523	560	positive_pose_source_case02_pos_04_PVRIG-38	0	WEAK_PRIOR_ONLY	-12.453	5	cluster_1_model_1.pdb.gz	STRICT_A	DESCRIPTIVE_ONLY	1.025	-0.472	-0.026	62.485	3.426	967.651	1824.047	856.396	13.0	-0.063	5.0	231.0	66.0	0.0	1.669	0.425	4.622	124.785	-0.375	-14.623	0.0	old_top7500	1	917	PARENT_CDR3_DIVERSITY	/data1/qlyu/projects/pvrig_priority_top7500_dualreceptor_multiseed_docking_results_v1_20260722/top7500_25k/compressed_queue/CANDIDATE_P1MCPUFP__CPUFP500K_0332__00371_9e6y_s917_1d9bdf834047.tar.gz	runs/CANDIDATE_P1MCPUFP__CPUFP500K_0332__00371_9e6y_s917_1d9bdf834047/haddock_run/6_seletopclusts/cluster_1_model_1.pdb.gz	1d9bdf83404753cc42392873a787e7ee6c5ae7b1286da2f039929c41484f597c	8c55751f66ac2930ce115a9419321a2b2bed220b61af2e1671f7ac6e6a2e33b3	CANDIDATE_P1MCPUFP__CPUFP500K_0332__00371_9e6y_s917_1d9bdf834047	0.0	Static structure diagnostics only; not experimental affinity, blocking, expression or purity.	160	23
199.65	P1MCPUFP__CPUFP500K_0380__00771	GPGFGGGHSH	8	IDSDGTV	5	AAGAWPGGTVPMTEDGYSY	0.36363636	8	0.95454545	AT	8x6b	188	1572	17	1.101757	691	3	NOT_RUN_CROSS_CANDIDATE_RANK_REJECTED	1	/data/qlyu/projects/pvrig_top7500_dualpanel_screen_v1_20260724/run/static_review/inputs/pdb/CANDIDATE_P1MCPUFP__CPUFP500K_0380__00771_8x6b_s42_7376a272b089.pdb	9e3f05244f003ec7d1c24df2b9de56d984f265af9552d08acf7b7737e1722d2b	-73.29937999999999	8	4	268	0.57706331	66	0.9	190	1630	17	0.552108	711	positive_pose_source_case02_pos_10_151H7	0	WEAK_PRIOR_ONLY	-11.218	6	cluster_1_model_1.pdb.gz	STRICT_A	DESCRIPTIVE_ONLY	1.216	6.99	0.474	64.3	4.358	925.192	1475.33	550.138	31.0	-0.034	2.0	230.0	66.0	0.0	1.475	0.694	2.485	69.582	0.73	27.757	0.0	c2_four_seed	2	42	CORE_EXPLOITATION	/data1/qlyu/projects/pvrig_c2_new4220_seed42_3047_docking_results_v1_20260723/c2_new4220_seed42_3047/compressed_queue/CANDIDATE_P1MCPUFP__CPUFP500K_0380__00771_8x6b_s42_7376a272b089.tar.gz	runs/CANDIDATE_P1MCPUFP__CPUFP500K_0380__00771_8x6b_s42_7376a272b089/haddock_run/6_seletopclusts/cluster_1_model_1.pdb.gz	7376a272b089d0471f023e4fd5178c39d2712cd5db3ef21e1b7829538001d113	8c55751f66ac2930ce115a9419321a2b2bed220b61af2e1671f7ac6e6a2e33b3	CANDIDATE_P1MCPUFP__CPUFP500K_0380__00771_8x6b_s42_7376a272b089	0.0	Static structure diagnostics only; not experimental affinity, blocking, expression or purity.	75	22
176.642	P1MCPUFP__CPUFP500K_0380__00771	GPGFGGGHSH	6	IDSDGTV	2	AAGAWPGGTVPMTEDGYSY	0.47368421	9	0.89473684	AT	9e6y	176	1594	19	0.99401	673	4	NOT_RUN_CROSS_CANDIDATE_RANK_REJECTED	2	/data/qlyu/projects/pvrig_top7500_dualpanel_screen_v1_20260724/run/static_review/inputs/pdb/CANDIDATE_P1MCPUFP__CPUFP500K_0380__00771_9e6y_s1931_3b1e0df7ed87.pdb	43b1931b8a0b8ddfdbe874e29aeda95ec3178c1c22e1c133356847ec08b03327	-96.09540000000001	11	4	253	0.49523834	58	1.0	175	1643	19	0.565261	671	positive_pose_source_case02_pos_10_151H7	0	WEAK_PRIOR_ONLY	-10.395	7	cluster_1_model_1.pdb.gz	STRICT_A	DESCRIPTIVE_ONLY	1.633	-18.344	-1.226	4.278	0.286	929.522	1495.948	566.426	23.0	-0.739	5.0	235.0	71.0	0.0	1.038	0.685	1.458	46.643	0.695	27.09	0.0	c2_four_seed	4	1931	CORE_EXPLOITATION	/data1/qlyu/projects/pvrig_c2_new6220_dualreceptor_2seed_docking_results_v1_20260723/c2_new4220/compressed_queue/CANDIDATE_P1MCPUFP__CPUFP500K_0380__00771_9e6y_s1931_3b1e0df7ed87.tar.gz	runs/CANDIDATE_P1MCPUFP__CPUFP500K_0380__00771_9e6y_s1931_3b1e0df7ed87/haddock_run/6_seletopclusts/cluster_1_model_1.pdb.gz	3b1e0df7ed87b49705ec718b7e3e7a3e9acccea6c6a9fc804009b941da6d05af	8c55751f66ac2930ce115a9419321a2b2bed220b61af2e1671f7ac6e6a2e33b3	CANDIDATE_P1MCPUFP__CPUFP500K_0380__00771_9e6y_s1931_3b1e0df7ed87	0.0	Static structure diagnostics only; not experimental affinity, blocking, expression or purity.	75	19
326.238	P1MCPUFP__CPUFP500K_0383__00137	GSGFSDGPVS	8	IDYEGRV	0	AAGPSGSTVVPMSESGYTY	0.47826087	11	0.82608696	AT	8x6b	84	1156	20	1.078788	480	4	NOT_RUN_CROSS_CANDIDATE_RANK_REJECTED	4	/data/qlyu/projects/pvrig_top7500_dualpanel_screen_v1_20260724/run/static_review/inputs/pdb/CANDIDATE_P1MCPUFP__CPUFP500K_0383__00137_8x6b_s917_12c1b5143330.pdb	26c52608efb6bdaf6dfe8e8e532e92ffa2c3e69a95abc121e511a6a64ccc9a78	-99.10799999999999	14	4	387	0.69947068	80	0.8	94	1158	20	0.549049	494	positive_pose_source_case02_pos_10_151H7	0	WEAK_PRIOR_ONLY	-12.832	5	cluster_1_model_1.pdb.gz	SUPPORTED_AB	DESCRIPTIVE_ONLY	1.094	-15.262	-0.785	19.982	1.027	1077.227	1945.423	868.196	14.0	-0.27	7.0	230.0	73.0	0.0	0.844	0.641	0.927	27.814	0.785	33.771	0.0	old_top7500	3	917	CORE_EXPLOITATION	/data1/qlyu/projects/pvrig_priority_top7500_dualreceptor_multiseed_docking_results_v1_20260722/top7500_25k/compressed_queue/CANDIDATE_P1MCPUFP__CPUFP500K_0383__00137_8x6b_s917_12c1b5143330.tar.gz	runs/CANDIDATE_P1MCPUFP__CPUFP500K_0383__00137_8x6b_s917_12c1b5143330/haddock_run/6_seletopclusts/cluster_1_model_1.pdb.gz	12c1b5143330059dab4594dec685ca52165dee2236f8da7b3409b163acb3f4dd	8c55751f66ac2930ce115a9419321a2b2bed220b61af2e1671f7ac6e6a2e33b3	CANDIDATE_P1MCPUFP__CPUFP500K_0383__00137_8x6b_s917_12c1b5143330	0.0	Static structure diagnostics only; not experimental affinity, blocking, expression or purity.	89	23
241.997	P1MCPUFP__CPUFP500K_0383__00137	GSGFSDGPVS	7	IDYEGRV	4	AAGPSGSTVVPMSESGYTY	0.38095238	8	0.9047619	AT	9e6y	170	1479	17	1.039797	663	4	NOT_RUN_CROSS_CANDIDATE_RANK_REJECTED	2	/data/qlyu/projects/pvrig_top7500_dualpanel_screen_v1_20260724/run/static_review/inputs/pdb/CANDIDATE_P1MCPUFP__CPUFP500K_0383__00137_9e6y_s1931_c50a68502d13.pdb	5f5898c23c230aa2559ee95dedebce680f489dd67d2cd7efccd7ec5f46f310ba	-71.286	10	3	278	0.51231552	60	0.8	171	1531	17	0.563929	667	positive_pose_source_case02_pos_10_151H7	0	WEAK_PRIOR_ONLY	-9.912	5	cluster_1_model_1.pdb.gz	STRICT_A	DESCRIPTIVE_ONLY	1.296	8.873	0.577	41.384	2.689	983.337	1538.85	555.513	16.0	-0.071	7.0	235.0	68.0	0.0	0.789	0.669	2.011	58.316	-0.12	-4.663	0.0	old_top7500	1	1931	CORE_EXPLOITATION	/data1/qlyu/projects/pvrig_priority_top7500_dualreceptor_multiseed_docking_results_v1_20260722/top7500_25k/compressed_queue/CANDIDATE_P1MCPUFP__CPUFP500K_0383__00137_9e6y_s1931_c50a68502d13.tar.gz	runs/CANDIDATE_P1MCPUFP__CPUFP500K_0383__00137_9e6y_s1931_c50a68502d13/haddock_run/6_seletopclusts/cluster_1_model_1.pdb.gz	c50a68502d13960aab480ef68acd1d0f684f7f6122fe48f7eb6889137d3e6a78	8c55751f66ac2930ce115a9419321a2b2bed220b61af2e1671f7ac6e6a2e33b3	CANDIDATE_P1MCPUFP__CPUFP500K_0383__00137_9e6y_s1931_c50a68502d13	0.0	Static structure diagnostics only; not experimental affinity, blocking, expression or purity.	89	21
156.952	P1MCPUFP__CPUFP500K_0383__00737	GPGFSDGPAS	8	IDYEGRV	1	AVGPLGTTEVPMTEEGYVY	0.42105263	8	0.89473684	AT	8x6b	211	1593	19	1.105366	655	4	NOT_RUN_CROSS_CANDIDATE_RANK_REJECTED	2	/data/qlyu/projects/pvrig_top7500_dualpanel_screen_v1_20260724/run/static_review/inputs/pdb/CANDIDATE_P1MCPUFP__CPUFP500K_0383__00737_8x6b_s3047_b6fb1ac97493.pdb	978be58dc2d95be4c915009a87be0ff68281469cd1126954d7f60c4f261c8fa1	-76.10778	5	8	278	0.55957654	64	0.8	208	1585	19	0.547726	655	positive_pose_source_case02_pos_10_151H7	0	WEAK_PRIOR_ONLY	-12.515	4	cluster_1_model_1.pdb.gz	STRICT_A	DESCRIPTIVE_ONLY	0.949	4.165	0.238	27.069	1.544	1153.69	1753.533	599.843	23.0	-0.036	1.0	230.0	71.0	0.0	0.892	0.599	1.589	47.683	0.382	15.674	0.0	c2_four_seed	2	3047	CORE_EXPLOITATION	/data1/qlyu/projects/pvrig_c2_new4220_seed42_3047_docking_results_v1_20260723/c2_new4220_seed42_3047/compressed_queue/CANDIDATE_P1MCPUFP__CPUFP500K_0383__00737_8x6b_s3047_b6fb1ac97493.tar.gz	runs/CANDIDATE_P1MCPUFP__CPUFP500K_0383__00737_8x6b_s3047_b6fb1ac97493/haddock_run/6_seletopclusts/cluster_1_model_1.pdb.gz	b6fb1ac9749337d87c1929b4f53d7e74698bd9aa9ef99de0c9048044300687b0	8c55751f66ac2930ce115a9419321a2b2bed220b61af2e1671f7ac6e6a2e33b3	CANDIDATE_P1MCPUFP__CPUFP500K_0383__00737_8x6b_s3047_b6fb1ac97493	0.0	Static structure diagnostics only; not experimental affinity, blocking, expression or purity.	83	19
158.133	P1MCPUFP__CPUFP500K_0383__00737	GPGFSDGPAS	7	IDYEGRV	0	AVGPLGTTEVPMTEEGYVY	0.55	11	0.9	AT	9e6y	103	1234	20	0.974022	505	4	NOT_RUN_CROSS_CANDIDATE_RANK_REJECTED	2	/data/qlyu/projects/pvrig_top7500_dualpanel_screen_v1_20260724/run/static_review/inputs/pdb/CANDIDATE_P1MCPUFP__CPUFP500K_0383__00737_9e6y_s3047_d52b949d48d6.pdb	ca7246bd131769a6a9a2ef4b98cbfffeabb64c4b9921d5ae5dccca1bc503e285	-78.65220000000001	8	6	206	0.48669974	57	0.9	106	1221	20	0.573951	506	positive_pose_source_case02_pos_10_151H7	0	WEAK_PRIOR_ONLY	-10.685	4	cluster_1_model_1.pdb.gz	STRICT_A	DESCRIPTIVE_ONLY	1.312	3.737	0.227	50.17	3.054	1084.661	1642.833	558.172	15.0	-0.068	4.0	235.0	63.0	0.0	1.219	0.641	2.716	73.338	0.095	3.435	0.0	c2_four_seed	0	3047	CORE_EXPLOITATION	/data1/qlyu/projects/pvrig_c2_new4220_seed42_3047_docking_results_v1_20260723/c2_new4220_seed42_3047/compressed_queue/CANDIDATE_P1MCPUFP__CPUFP500K_0383__00737_9e6y_s3047_d52b949d48d6.tar.gz	runs/CANDIDATE_P1MCPUFP__CPUFP500K_0383__00737_9e6y_s3047_d52b949d48d6/haddock_run/6_seletopclusts/cluster_1_model_1.pdb.gz	d52b949d48d6aa77cc25115c316a61776547a85dd165a00eb6570a2252224bd2	8c55751f66ac2930ce115a9419321a2b2bed220b61af2e1671f7ac6e6a2e33b3	CANDIDATE_P1MCPUFP__CPUFP500K_0383__00737_9e6y_s3047_d52b949d48d6	0.0	Static structure diagnostics only; not experimental affinity, blocking, expression or purity.	83	20
213.991	P1MCPUFP__CPUFP500K_0386__00418	GPGFGIPTFH	6	IDYEGTV	0	AGSYQPSPSISMRPDQWEY	0.53333333	8	0.93333333	AT	8x6b	126	1303	17	1.085205	508	4	NOT_RUN_CROSS_CANDIDATE_RANK_REJECTED	1	/data/qlyu/projects/pvrig_top7500_dualpanel_screen_v1_20260724/run/static_review/inputs/pdb/CANDIDATE_P1MCPUFP__CPUFP500K_0386__00418_8x6b_s3047_79d5719c8a28.pdb	d9d7462b43531417da1ba343170e5cd8e5ef0e68486e7f1a1a5f7c93f52e8226	-66.4389	8	7	215	0.39345226	45	0.7	129	1227	17	0.546674	503	positive_pose_source_case02_pos_10_151H7	0	WEAK_PRIOR_ONLY	-9.842	2	cluster_1_model_1.pdb.gz	STRICT_A	DESCRIPTIVE_ONLY	1.124	-2.217	-0.157	18.175	1.288	887.121	1410.703	523.582	9.0	-0.26	8.0	230.0	59.0	0.0	1.829	0.585	2.958	76.903	0.94	31.013	0.0	c2_four_seed	3	3047	CORE_EXPLOITATION	/data1/qlyu/projects/pvrig_c2_new4220_seed42_3047_docking_results_v1_20260723/c2_new4220_seed42_3047/compressed_queue/CANDIDATE_P1MCPUFP__CPUFP500K_0386__00418_8x6b_s3047_79d5719c8a28.tar.gz	runs/CANDIDATE_P1MCPUFP__CPUFP500K_0386__00418_8x6b_s3047_79d5719c8a28/haddock_run/6_seletopclusts/cluster_1_model_1.pdb.gz	79d5719c8a2888b2d6cc37bb28795412dfffd79124c0cdb5277bea30fa8169bd	8c55751f66ac2930ce115a9419321a2b2bed220b61af2e1671f7ac6e6a2e33b3	CANDIDATE_P1MCPUFP__CPUFP500K_0386__00418_8x6b_s3047_79d5719c8a28	0.0	Static structure diagnostics only; not experimental affinity, blocking, expression or purity.	90	15
240.264	P1MCPUFP__CPUFP500K_0386__00418	GPGFGIPTFH	3	IDYEGTV	0	AGSYQPSPSISMRPDQWEY	0.6875	11	0.875	AT	9e6y	165	1629	17	0.930592	614	2	NOT_RUN_CROSS_CANDIDATE_RANK_REJECTED	2	/data/qlyu/projects/pvrig_top7500_dualpanel_screen_v1_20260724/run/static_review/inputs/pdb/CANDIDATE_P1MCPUFP__CPUFP500K_0386__00418_9e6y_s917_68f2eb00df70.pdb	5d48bf1158b9998ee7fb4e0a76dedd9ec443657736f850b7fc7c71f3bbaf29b3	-74.45690000000002	10	6	208	0.45254538	53	0.7	165	1619	17	0.559699	608	positive_pose_source_case02_pos_10_151H7	0	WEAK_PRIOR_ONLY	-9.266	2	cluster_1_model_1.pdb.gz	STRICT_A	DESCRIPTIVE_ONLY	2.297	1.098	0.077	54.642	3.831	859.222	1426.285	567.063	15.0	-0.054	5.0	235.0	54.0	0.0	2.635	0.481	4.712	113.077	0.974	29.219	0.0	c2_four_seed	3	917	CORE_EXPLOITATION	/data1/qlyu/projects/pvrig_c2_new6220_dualreceptor_2seed_docking_results_v1_20260723/c2_new4220/compressed_queue/CANDIDATE_P1MCPUFP__CPUFP500K_0386__00418_9e6y_s917_68f2eb00df70.tar.gz	runs/CANDIDATE_P1MCPUFP__CPUFP500K_0386__00418_9e6y_s917_68f2eb00df70/haddock_run/6_seletopclusts/cluster_1_model_1.pdb.gz	68f2eb00df70276719e1311f1a615f4d582816652aa457decce54bfb39a4e1eb	8c55751f66ac2930ce115a9419321a2b2bed220b61af2e1671f7ac6e6a2e33b3	CANDIDATE_P1MCPUFP__CPUFP500K_0386__00418_9e6y_s917_68f2eb00df70	0.0	Static structure diagnostics only; not experimental affinity, blocking, expression or purity.	90	16
326.865	P1MCPUFP__CPUFP500K_0386__00669	GPGFLIPPVD	6	IDYEGRV	4	AAGYQPSPRISMRPDGYEV	0.0625	1	0.6875	AT	8x6b	159	1306	19	1.136506	539	1	NOT_RUN_CROSS_CANDIDATE_RANK_REJECTED	5	/data/qlyu/projects/pvrig_top7500_dualpanel_screen_v1_20260724/run/static_review/inputs/pdb/CANDIDATE_P1MCPUFP__CPUFP500K_0386__00669_8x6b_s42_be7fc72d3111.pdb	caaed0a70ca5eb807673b1d045ff1774f6e529de6dd393e01596b3ed20eda0cc	-83.03540000000001	11	9	317	0.51585963	59	0.8	172	1341	19	0.582058	560	positive_pose_source_case02_pos_10_151H7	0	WEAK_PRIOR_ONLY	-11.205	3	cluster_1_model_1.pdb.gz	STRICT_A	DESCRIPTIVE_ONLY	1.717	16.548	1.014	30.939	1.896	970.431	1631.569	661.138	12.0	-0.144	7.0	230.0	69.0	0.0	2.355	0.717	6.314	170.483	-0.19	-7.978	0.0	c2_four_seed	3	42	CORE_EXPLOITATION	/data1/qlyu/projects/pvrig_c2_new4220_seed42_3047_docking_results_v1_20260723/c2_new4220_seed42_3047/compressed_queue/CANDIDATE_P1MCPUFP__CPUFP500K_0386__00669_8x6b_s42_be7fc72d3111.tar.gz	runs/CANDIDATE_P1MCPUFP__CPUFP500K_0386__00669_8x6b_s42_be7fc72d3111/haddock_run/6_seletopclusts/cluster_1_model_1.pdb.gz	be7fc72d311175502764bc5421ea3c39b61f7c8c1715719030cc49cfc55bf3b5	8c55751f66ac2930ce115a9419321a2b2bed220b61af2e1671f7ac6e6a2e33b3	CANDIDATE_P1MCPUFP__CPUFP500K_0386__00669_8x6b_s42_be7fc72d3111	0.0	Static structure diagnostics only; not experimental affinity, blocking, expression or purity.	49	16
292.588	P1MCPUFP__CPUFP500K_0386__00669	GPGFLIPPVD	7	IDYEGRV	4	AAGYQPSPRISMRPDGYEV	0.0625	1	0.75	AT	9e6y	159	1272	19	0.934921	534	2	NOT_RUN_CROSS_CANDIDATE_RANK_REJECTED	4	/data/qlyu/projects/pvrig_top7500_dualpanel_screen_v1_20260724/run/static_review/inputs/pdb/CANDIDATE_P1MCPUFP__CPUFP500K_0386__00669_9e6y_s917_8bfe46c54f56.pdb	370be28f5952845be5edfac609802ba83874e6e205083b5f11ef1021304f068e	-88.61349999999999	10	9	300	0.51231552	60	1.0	153	1261	19	0.484224	527	positive_pose_source_case02_pos_10_151H7	0	WEAK_PRIOR_ONLY	-10.821	3	cluster_1_model_1.pdb.gz	STRICT_A	DESCRIPTIVE_ONLY	1.792	6.226	0.372	34.492	2.058	996.356	1675.977	679.62	5.0	-0.187	8.0	235.0	67.0	0.0	2.633	0.731	7.647	191.163	-0.352	-14.78	0.0	c2_four_seed	4	917	CORE_EXPLOITATION	/data1/qlyu/projects/pvrig_c2_new6220_dualreceptor_2seed_docking_results_v1_20260723/c2_new4220/compressed_queue/CANDIDATE_P1MCPUFP__CPUFP500K_0386__00669_9e6y_s917_8bfe46c54f56.tar.gz	runs/CANDIDATE_P1MCPUFP__CPUFP500K_0386__00669_9e6y_s917_8bfe46c54f56/haddock_run/6_seletopclusts/cluster_1_model_1.pdb.gz	8bfe46c54f56566dc11fa538057ed59c081db92066376a875c3564697994738d	8c55751f66ac2930ce115a9419321a2b2bed220b61af2e1671f7ac6e6a2e33b3	CANDIDATE_P1MCPUFP__CPUFP500K_0386__00669_9e6y_s917_8bfe46c54f56	0.0	Static structure diagnostics only; not experimental affinity, blocking, expression or purity.	49	16
257.849	P1MCPUFP__CPUFP500K_0386__00767	GPGFTHPPFD	5	VDAEGRV	0	AGGYQPSPTISMRADGWEV	0.61904762	13	0.85714286	AT	8x6b	171	1710	17	1.048595	698	4	NOT_RUN_CROSS_CANDIDATE_RANK_REJECTED	3	/data/qlyu/projects/pvrig_top7500_dualpanel_screen_v1_20260724/run/static_review/inputs/pdb/CANDIDATE_P1MCPUFP__CPUFP500K_0386__00767_8x6b_s917_06de2aa61575.pdb	dd98cc523c127840c00eadb5d92d317ab3bab19930153e85b06f97b71cf461ed	-80.67770000000002	6	5	263	0.49837286	57	0.6	171	1642	17	0.447981	696	positive_pose_source_case02_pos_10_151H7	0	WEAK_PRIOR_ONLY	-10.538	4	cluster_1_model_1.pdb.gz	STRICT_A	DESCRIPTIVE_ONLY	0.952	-1.17	-0.074	53.111	3.341	964.294	1589.554	625.259	12.0	-0.085	4.0	230.0	66.0	0.0	1.592	0.66	3.11	93.296	0.328	11.791	0.0	c2_four_seed	3	917	CORE_EXPLOITATION	/data1/qlyu/projects/pvrig_c2_new6220_dualreceptor_2seed_docking_results_v1_20260723/c2_new4220/compressed_queue/CANDIDATE_P1MCPUFP__CPUFP500K_0386__00767_8x6b_s917_06de2aa61575.tar.gz	runs/CANDIDATE_P1MCPUFP__CPUFP500K_0386__00767_8x6b_s917_06de2aa61575/haddock_run/6_seletopclusts/cluster_1_model_1.pdb.gz	06de2aa61575d731654129c0b24aeca7dca0616baa92a79cf7965168a606121c	8c55751f66ac2930ce115a9419321a2b2bed220b61af2e1671f7ac6e6a2e33b3	CANDIDATE_P1MCPUFP__CPUFP500K_0386__00767_8x6b_s917_06de2aa61575	0.0	Static structure diagnostics only; not experimental affinity, blocking, expression or purity.	119	21
271.916	P1MCPUFP__CPUFP500K_0386__00767	GPGFTHPPFD	6	VDAEGRV	0	AGGYQPSPTISMRADGWEV	0.57894737	11	0.89473684	AT	9e6y	203	1645	20	0.94757	693	4	NOT_RUN_CROSS_CANDIDATE_RANK_REJECTED	2	/data/qlyu/projects/pvrig_top7500_dualpanel_screen_v1_20260724/run/static_review/inputs/pdb/CANDIDATE_P1MCPUFP__CPUFP500K_0386__00767_9e6y_s3047_56d19b96ba30.pdb	f4341599f8e97bc84054d1ef303438026be6ec66b7cd11c32a442ec45a7547a1	-63.350699999999996	7	5	191	0.46108397	54	0.9	184	1627	20	0.511535	662	positive_pose_source_case02_pos_10_151H7	0	WEAK_PRIOR_ONLY	-11.06	4	cluster_1_model_1.pdb.gz	STRICT_A	DESCRIPTIVE_ONLY	0.954	4.092	0.279	18.094	1.234	1083.722	1466.678	382.956	16.0	-0.1	4.0	235.0	64.0	0.0	0.954	0.542	2.176	63.099	-0.058	-2.013	0.0	c2_four_seed	0	3047	CORE_EXPLOITATION	/data1/qlyu/projects/pvrig_c2_new4220_seed42_3047_docking_results_v1_20260723/c2_new4220_seed42_3047/compressed_queue/CANDIDATE_P1MCPUFP__CPUFP500K_0386__00767_9e6y_s3047_56d19b96ba30.tar.gz	runs/CANDIDATE_P1MCPUFP__CPUFP500K_0386__00767_9e6y_s3047_56d19b96ba30/haddock_run/6_seletopclusts/cluster_1_model_1.pdb.gz	56d19b96ba30bd4f06af28159d1c9911f2dc4130e9a9caa4945e2a5f7947a7df	8c55751f66ac2930ce115a9419321a2b2bed220b61af2e1671f7ac6e6a2e33b3	CANDIDATE_P1MCPUFP__CPUFP500K_0386__00767_9e6y_s3047_56d19b96ba30	0.0	Static structure diagnostics only; not experimental affinity, blocking, expression or purity.	119	19
270.754	P1MCPUFP__CPUFP500K_0386__00808	GPGFGHPGFD	9	IDYEGKV	0	AASEQPSPTISMRPDGWEY	0.35	7	0.8	AT	8x6b	216	1469	17	1.091222	568	3	NOT_RUN_CROSS_CANDIDATE_RANK_REJECTED	4	/data/qlyu/projects/pvrig_top7500_dualpanel_screen_v1_20260724/run/static_review/inputs/pdb/CANDIDATE_P1MCPUFP__CPUFP500K_0386__00808_8x6b_s42_b399e0688913.pdb	7273bd5a28874119129c7458c2e73b5fa31f35a329a5b4137dba8ef17c8ab03d	-86.7046	11	1	269	0.50711624	58	0.888889	211	1447	17	0.506591	573	positive_pose_source_case02_pos_10_151H7	0	WEAK_PRIOR_ONLY	-10.692	4	cluster_1_model_1.pdb.gz	STRICT_A	DESCRIPTIVE_ONLY	1.15	5.048	0.351	32.605	2.267	769.364	1438.214	668.85	9.0	-0.132	5.0	230.0	59.0	0.0	1.643	0.685	3.065	70.505	0.733	26.405	0.0	c2_four_seed	3	42	CORE_EXPLOITATION	/data1/qlyu/projects/pvrig_c2_new4220_seed42_3047_docking_results_v1_20260723/c2_new4220_seed42_3047/compressed_queue/CANDIDATE_P1MCPUFP__CPUFP500K_0386__00808_8x6b_s42_b399e0688913.tar.gz	runs/CANDIDATE_P1MCPUFP__CPUFP500K_0386__00808_8x6b_s42_b399e0688913/haddock_run/6_seletopclusts/cluster_1_model_1.pdb.gz	b399e0688913e1e694a1dd410defb298f34ccd6a41d036e8523b39890e0a9153	8c55751f66ac2930ce115a9419321a2b2bed220b61af2e1671f7ac6e6a2e33b3	CANDIDATE_P1MCPUFP__CPUFP500K_0386__00808_8x6b_s42_b399e0688913	0.0	Static structure diagnostics only; not experimental affinity, blocking, expression or purity.	36	20
225.805	P1MCPUFP__CPUFP500K_0386__00808	GPGFGHPGFD	9	IDYEGKV	4	AASEQPSPTISMRPDGWEY	0.41666667	10	0.95833333	AT	9e6y	120	1185	18	0.987599	517	3	NOT_RUN_CROSS_CANDIDATE_RANK_REJECTED	1	/data/qlyu/projects/pvrig_top7500_dualpanel_screen_v1_20260724/run/static_review/inputs/pdb/CANDIDATE_P1MCPUFP__CPUFP500K_0386__00808_9e6y_s1931_95e15fc25152.pdb	b61192537ba3a816af9aa1e09b53252390edc7773dde038ce9d8c6332fa0e6ae	-85.84833	16	3	294	0.5293927	62	0.9	106	1162	18	0.595699	506	positive_pose_source_case02_pos_10_151H7	0	WEAK_PRIOR_ONLY	-12.208	4	cluster_1_model_1.pdb.gz	STRICT_A	DESCRIPTIVE_ONLY	0.826	-12.888	-0.794	10.145	0.625	862.236	1622.381	760.146	16.0	-0.366	7.0	235.0	64.0	0.0	0.776	0.579	2.11	56.97	-0.197	-7.281	0.0	c2_four_seed	7	1931	CORE_EXPLOITATION	/data1/qlyu/projects/pvrig_c2_new6220_dualreceptor_2seed_docking_results_v1_20260723/c2_new4220/compressed_queue/CANDIDATE_P1MCPUFP__CPUFP500K_0386__00808_9e6y_s1931_95e15fc25152.tar.gz	runs/CANDIDATE_P1MCPUFP__CPUFP500K_0386__00808_9e6y_s1931_95e15fc25152/haddock_run/6_seletopclusts/cluster_1_model_1.pdb.gz	95e15fc25152f9f17a0df1c20db96d5797856d9cde40311981561147c09bc16a	8c55751f66ac2930ce115a9419321a2b2bed220b61af2e1671f7ac6e6a2e33b3	CANDIDATE_P1MCPUFP__CPUFP500K_0386__00808_9e6y_s1931_95e15fc25152	0.0	Static structure diagnostics only; not experimental affinity, blocking, expression or purity.	36	24
239.29	P1MCPUFP__CPUFP500K_0388__00174	GGTSRPGGTG	6	ISGSGTV	0	AAGPVGSPSPPLDPRGYPY	0.55	11	0.85	AT	8x6b	173	1666	17	1.154824	676	2	NOT_RUN_CROSS_CANDIDATE_RANK_REJECTED	3	/data/qlyu/projects/pvrig_top7500_dualpanel_screen_v1_20260724/run/static_review/inputs/pdb/CANDIDATE_P1MCPUFP__CPUFP500K_0388__00174_8x6b_s917_1b12177da048.pdb	a8c57c49477ec68c5efab764efe3873dcec1e00e8a182dc23977fc140f50e7f3	-65.50035	11	1	234	0.48962948	56	0.9	184	1668	17	0.65323	679	positive_pose_source_case02_pos_11_151H8	0	WEAK_PRIOR_ONLY	-11.168	2	cluster_1_model_1.pdb.gz	STRICT_A	DESCRIPTIVE_ONLY	0.931	15.422	0.99	42.148	2.706	875.332	1557.622	682.29	15.0	-0.032	2.0	230.0	62.0	0.0	1.661	0.674	1.841	49.717	1.521	53.246	0.0	old_top7500	3	917	PARENT_CDR3_DIVERSITY	/data1/qlyu/projects/pvrig_priority_top7500_dualreceptor_multiseed_docking_results_v1_20260722/top7500_25k/compressed_queue/CANDIDATE_P1MCPUFP__CPUFP500K_0388__00174_8x6b_s917_1b12177da048.tar.gz	runs/CANDIDATE_P1MCPUFP__CPUFP500K_0388__00174_8x6b_s917_1b12177da048/haddock_run/6_seletopclusts/cluster_1_model_1.pdb.gz	1b12177da048428497222aa64c520400ab8189e51e79c3c28fcc3c9424cd4b2b	8c55751f66ac2930ce115a9419321a2b2bed220b61af2e1671f7ac6e6a2e33b3	CANDIDATE_P1MCPUFP__CPUFP500K_0388__00174_8x6b_s917_1b12177da048	0.0	Static structure diagnostics only; not experimental affinity, blocking, expression or purity.	135	20
166.297	P1MCPUFP__CPUFP500K_0388__00174	GGTSRPGGTG	4	ISGSGTV	3	AAGPVGSPSPPLDPRGYPY	0.57894737	11	0.94736842	AT	9e6y	165	1506	19	0.962389	640	3	NOT_RUN_CROSS_CANDIDATE_RANK_REJECTED	1	/data/qlyu/projects/pvrig_top7500_dualpanel_screen_v1_20260724/run/static_review/inputs/pdb/CANDIDATE_P1MCPUFP__CPUFP500K_0388__00174_9e6y_s1931_93cf9f5ebf2c.pdb	a07158c924fccdb2bfbcfe2d19fde5e3d065e805d730a3b0419fc2d414247c23	-74.14443999999999	9	3	245	0.49523834	58	0.8	160	1486	19	0.551463	629	positive_pose_source_case02_pos_11_151H8	0	WEAK_PRIOR_ONLY	-11.138	2	cluster_1_model_1.pdb.gz	STRICT_A	DESCRIPTIVE_ONLY	1.118	-13.259	-0.84	2.127	0.135	963.282	1578.815	615.532	9.0	-1.902	5.0	235.0	69.0	0.0	0.991	0.575	2.09	62.704	0.146	5.682	0.0	old_top7500	2	1931	PARENT_CDR3_DIVERSITY	/data1/qlyu/projects/pvrig_priority_top7500_dualreceptor_multiseed_docking_results_v1_20260722/top7500_25k/compressed_queue/CANDIDATE_P1MCPUFP__CPUFP500K_0388__00174_9e6y_s1931_93cf9f5ebf2c.tar.gz	runs/CANDIDATE_P1MCPUFP__CPUFP500K_0388__00174_9e6y_s1931_93cf9f5ebf2c/haddock_run/6_seletopclusts/cluster_1_model_1.pdb.gz	93cf9f5ebf2cc74c60427f658ce7e8945d5ce0c76d05973762a2fd225af20ecf	8c55751f66ac2930ce115a9419321a2b2bed220b61af2e1671f7ac6e6a2e33b3	CANDIDATE_P1MCPUFP__CPUFP500K_0388__00174_9e6y_s1931_93cf9f5ebf2c	0.0	Static structure diagnostics only; not experimental affinity, blocking, expression or purity.	135	19
237.711	P1MCPUFP__CPUFP500K_0388__00523	GGRSLPGSAS	7	ISSSGTE	5	ARGESGSASPTLSPAGYGS	0.33333333	7	0.9047619	AT	8x6b	163	1281	16	1.039068	548	3	NOT_RUN_CROSS_CANDIDATE_RANK_REJECTED	2	/data/qlyu/projects/pvrig_top7500_dualpanel_screen_v1_20260724/run/static_review/inputs/pdb/CANDIDATE_P1MCPUFP__CPUFP500K_0388__00523_8x6b_s3253_1d9b377aa592.pdb	a6ee37d68776b6a133075594630e0dd07d3fa864ba56cf241c825834c2262db9	-55.06030999999999	7	1	276	0.57706331	66	0.9	156	1314	16	0.533316	535	positive_pose_source_case02_pos_11_151H8	0	WEAK_PRIOR_ONLY	-9.755	2	cluster_1_model_1.pdb.gz	STRICT_A	DESCRIPTIVE_ONLY	0.896	26.1	1.725	92.304	6.101	870.12	1512.874	642.753	6.0	-0.06	4.0	230.0	63.0	0.0	2.104	0.649	2.916	78.735	1.495	53.825	0.0	old_top7500	0	3253	PARENT_CDR3_DIVERSITY	/data1/qlyu/projects/pvrig_priority_top7500_dualreceptor_multiseed_docking_results_v1_20260722/top7500_25k/compressed_queue/CANDIDATE_P1MCPUFP__CPUFP500K_0388__00523_8x6b_s3253_1d9b377aa592.tar.gz	runs/CANDIDATE_P1MCPUFP__CPUFP500K_0388__00523_8x6b_s3253_1d9b377aa592/haddock_run/6_seletopclusts/cluster_1_model_1.pdb.gz	1d9b377aa5923d8080b024ddc9864045c6f3b87326c0d99e659fb92478804e28	8c55751f66ac2930ce115a9419321a2b2bed220b61af2e1671f7ac6e6a2e33b3	CANDIDATE_P1MCPUFP__CPUFP500K_0388__00523_8x6b_s3253_1d9b377aa592	0.0	Static structure diagnostics only; not experimental affinity, blocking, expression or purity.	131	21
175.755	P1MCPUFP__CPUFP500K_0388__00523	GGRSLPGSAS	5	ISSSGTE	2	ARGESGSASPTLSPAGYGS	0.46666667	7	0.93333333	AT	9e6y	188	1898	16	1.005936	765	2	NOT_RUN_CROSS_CANDIDATE_RANK_REJECTED	1	/data/qlyu/projects/pvrig_top7500_dualpanel_screen_v1_20260724/run/static_review/inputs/pdb/CANDIDATE_P1MCPUFP__CPUFP500K_0388__00523_9e6y_s3253_1439be80a3e8.pdb	39612170ee7c08f1aaad62fa6821c4ed4e9d19d5508278de1c84f4e2c0cd300e	-47.99370999999999	4	0	182	0.40985242	48	0.4	179	1832	16	0.785575	762	positive_pose_source_case02_pos_11_151H8	0	WEAK_PRIOR_ONLY	-10.339	2	cluster_1_model_1.pdb.gz	STRICT_A	DESCRIPTIVE_ONLY	2.046	-9.687	-0.767	-4.953	-0.392	800.326	1262.372	462.047	10.0	0.106	1.0	235.0	61.0	0.0	1.787	0.577	2.906	75.556	0.956	33.474	0.0	old_top7500	2	3253	PARENT_CDR3_DIVERSITY	/data1/qlyu/projects/pvrig_priority_top7500_dualreceptor_multiseed_docking_results_v1_20260722/top7500_25k/compressed_queue/CANDIDATE_P1MCPUFP__CPUFP500K_0388__00523_9e6y_s3253_1439be80a3e8.tar.gz	runs/CANDIDATE_P1MCPUFP__CPUFP500K_0388__00523_9e6y_s3253_1439be80a3e8/haddock_run/6_seletopclusts/cluster_1_model_1.pdb.gz	1439be80a3e8c2515f2451d75ea621ced0373d1b3920505b227f2aaaf076c3c3	8c55751f66ac2930ce115a9419321a2b2bed220b61af2e1671f7ac6e6a2e33b3	CANDIDATE_P1MCPUFP__CPUFP500K_0388__00523_9e6y_s3253_1439be80a3e8	0.0	Static structure diagnostics only; not experimental affinity, blocking, expression or purity.	131	15
335.032	P1MCPUFP__CPUFP500K_0388__00663	GGRRRDGGRG	5	VDAAGTV	0	AWGESGSATPPLDPRGWAY	0.66666667	14	0.9047619	AT	8x6b	117	1236	20	1.130182	503	4	NOT_RUN_CROSS_CANDIDATE_RANK_REJECTED	2	/data/qlyu/projects/pvrig_top7500_dualpanel_screen_v1_20260724/run/static_review/inputs/pdb/CANDIDATE_P1MCPUFP__CPUFP500K_0388__00663_8x6b_s3047_470d85edbd50.pdb	0faf24281864ca505d5084d7e575d1cf8ab285cbf8c522e13480a6d6f95f1ecc	-64.69896000000003	11	3	247	0.53334639	61	0.8	115	1252	20	0.572891	508	positive_pose_source_case02_pos_11_151H8	0	WEAK_PRIOR_ONLY	-9.374	4	cluster_1_model_1.pdb.gz	STRICT_A	DESCRIPTIVE_ONLY	0.694	0.467	0.027	14.695	0.847	888.838	1735.487	846.649	9.0	-0.332	6.0	230.0	69.0	0.0	1.022	0.561	1.75	50.746	0.495	19.796	0.0	c2_four_seed	3	3047	CORE_EXPLOITATION	/data1/qlyu/projects/pvrig_c2_new4220_seed42_3047_docking_results_v1_20260723/c2_new4220_seed42_3047/compressed_queue/CANDIDATE_P1MCPUFP__CPUFP500K_0388__00663_8x6b_s3047_470d85edbd50.tar.gz	runs/CANDIDATE_P1MCPUFP__CPUFP500K_0388__00663_8x6b_s3047_470d85edbd50/haddock_run/6_seletopclusts/cluster_1_model_1.pdb.gz	470d85edbd50e5a588e0cb0e74fababf52c064999d906190d897dd396dd9f693	8c55751f66ac2930ce115a9419321a2b2bed220b61af2e1671f7ac6e6a2e33b3	CANDIDATE_P1MCPUFP__CPUFP500K_0388__00663_8x6b_s3047_470d85edbd50	0.0	Static structure diagnostics only; not experimental affinity, blocking, expression or purity.	12	21
105.257	P1MCPUFP__CPUFP500K_0388__00663	GGRRRDGGRG	7	VDAAGTV	0	AWGESGSATPPLDPRGWAY	0.42105263	8	0.78947368	AT	9e6y	174	1615	17	0.970726	654	4	NOT_RUN_CROSS_CANDIDATE_RANK_REJECTED	4	/data/qlyu/projects/pvrig_top7500_dualpanel_screen_v1_20260724/run/static_review/inputs/pdb/CANDIDATE_P1MCPUFP__CPUFP500K_0388__00663_9e6y_s42_285d02242c96.pdb	495e3c63ff51c2275fc296db8e43cc6f767612c79c2abac46e93503163c017d3	-78.36501	10	4	231	0.45254538	53	0.6	158	1563	17	0.568174	623	positive_pose_source_case02_pos_11_151H8	0	WEAK_PRIOR_ONLY	-10.681	4	cluster_1_model_1.pdb.gz	STRICT_A	DESCRIPTIVE_ONLY	1.655	10.238	0.7	64.457	4.407	836.99	1462.561	625.571	18.0	-0.031	2.0	235.0	70.0	0.0	2.59	0.543	2.925	93.597	2.307	87.678	0.0	c2_four_seed	9	42	CORE_EXPLOITATION	/data1/qlyu/projects/pvrig_c2_new4220_seed42_3047_docking_results_v1_20260723/c2_new4220_seed42_3047/compressed_queue/CANDIDATE_P1MCPUFP__CPUFP500K_0388__00663_9e6y_s42_285d02242c96.tar.gz	runs/CANDIDATE_P1MCPUFP__CPUFP500K_0388__00663_9e6y_s42_285d02242c96/haddock_run/6_seletopclusts/cluster_1_model_1.pdb.gz	285d02242c96fd834cbd664bd071fd0c5d1055189dcc3a544eecf442f66b74e9	8c55751f66ac2930ce115a9419321a2b2bed220b61af2e1671f7ac6e6a2e33b3	CANDIDATE_P1MCPUFP__CPUFP500K_0388__00663_9e6y_s42_285d02242c96	0.0	Static structure diagnostics only; not experimental affinity, blocking, expression or purity.	12	19
240.381	P1MCPUFP__CPUFP500K_0388__00757	GSLLRPDGRS	1	VSASGTV	0	AMGETGSSSPPLSPAGYAY	0.625	10	0.6875	AT	8x6b	169	1481	20	1.16127	645	2	NOT_RUN_CROSS_CANDIDATE_RANK_REJECTED	5	/data/qlyu/projects/pvrig_top7500_dualpanel_screen_v1_20260724/run/static_review/inputs/pdb/CANDIDATE_P1MCPUFP__CPUFP500K_0388__00757_8x6b_s3253_48fbfbbe6893.pdb	6ae52023e0421f09be422158d80b4cc85620e45570fd22087aa60f49da50e63e	-50.46115	6	5	220	0.43716917	50	0.9	175	1547	20	0.576165	661	positive_pose_source_case02_pos_11_151H8	0	WEAK_PRIOR_ONLY	-11.326	3	cluster_1_model_1.pdb.gz	STRICT_A	DESCRIPTIVE_ONLY	1.491	6.407	0.468	39.72	2.9	804.975	1369.866	564.891	12.0	-0.066	4.0	230.0	67.0	0.0	1.491	0.6	2.203	66.097	0.914	33.809	0.0	old_top7500	0	3253	PARENT_CDR3_DIVERSITY	/data1/qlyu/projects/pvrig_priority_top7500_dualreceptor_multiseed_docking_results_v1_20260722/top7500_25k/compressed_queue/CANDIDATE_P1MCPUFP__CPUFP500K_0388__00757_8x6b_s3253_48fbfbbe6893.tar.gz	runs/CANDIDATE_P1MCPUFP__CPUFP500K_0388__00757_8x6b_s3253_48fbfbbe6893/haddock_run/6_seletopclusts/cluster_1_model_1.pdb.gz	48fbfbbe6893a2b4de5db290dedc971a495e5357039a25a8bb4e10a00ad3930b	8c55751f66ac2930ce115a9419321a2b2bed220b61af2e1671f7ac6e6a2e33b3	CANDIDATE_P1MCPUFP__CPUFP500K_0388__00757_8x6b_s3253_48fbfbbe6893	0.0	Static structure diagnostics only; not experimental affinity, blocking, expression or purity.	137	16
249.729	P1MCPUFP__CPUFP500K_0388__00757	GSLLRPDGRS	5	VSASGTV	5	AMGETGSSSPPLSPAGYAY	0.41176471	7	1.0	AT	9e6y	170	1585	16	0.992708	705	3	NOT_RUN_CROSS_CANDIDATE_RANK_REJECTED	0	/data/qlyu/projects/pvrig_top7500_dualpanel_screen_v1_20260724/run/static_review/inputs/pdb/CANDIDATE_P1MCPUFP__CPUFP500K_0388__00757_9e6y_s3253_43b75bba808d.pdb	8f7a03f56f8ae6b64c02c09fd6d3a9a2c49447f83f1d7ecc8628bc42e124d65c	-48.87508999999999	7	2	212	0.45254538	53	1.0	164	1623	16	0.560063	703	positive_pose_source_case02_pos_11_151H8	0	WEAK_PRIOR_ONLY	-9.809	3	cluster_1_model_1.pdb.gz	STRICT_A	DESCRIPTIVE_ONLY	1.139	-7.911	-0.636	45.124	3.63	766.498	1243.162	476.664	3.0	-0.063	5.0	235.0	65.0	0.0	1.731	0.716	3.101	86.824	0.695	25.718	0.0	old_top7500	0	3253	PARENT_CDR3_DIVERSITY	/data1/qlyu/projects/pvrig_priority_top7500_dualreceptor_multiseed_docking_results_v1_20260722/top7500_25k/compressed_queue/CANDIDATE_P1MCPUFP__CPUFP500K_0388__00757_9e6y_s3253_43b75bba808d.tar.gz	runs/CANDIDATE_P1MCPUFP__CPUFP500K_0388__00757_9e6y_s3253_43b75bba808d/haddock_run/6_seletopclusts/cluster_1_model_1.pdb.gz	43b75bba808d2b8ee515d296b893360170f6f1b0b0112f2104718cdd2c08d042	8c55751f66ac2930ce115a9419321a2b2bed220b61af2e1671f7ac6e6a2e33b3	CANDIDATE_P1MCPUFP__CPUFP500K_0388__00757_9e6y_s3253_43b75bba808d	0.0	Static structure diagnostics only; not experimental affinity, blocking, expression or purity.	137	17
213.298	P1MCPUFP__CPUFP500K_0388__00797	GGRRQAGGRG	9	ISSSGTV	2	AMGPSAAPDPPLDPAGYAA	0.44	11	0.88	AT	8x6b	178	1780	16	1.032055	745	6	NOT_RUN_CROSS_CANDIDATE_RANK_REJECTED	3	/data/qlyu/projects/pvrig_top7500_dualpanel_screen_v1_20260724/run/static_review/inputs/pdb/CANDIDATE_P1MCPUFP__CPUFP500K_0388__00797_8x6b_s917_2ab7bd76262e.pdb	137f327c0c25a1faf944acfa23a983524abc9447741083bb8097e416e58f24ef	-85.60419999999999	10	7	304	0.72570083	83	0.9	185	1766	16	0.498346	742	positive_pose_source_case02_pos_11_151H8	0	WEAK_PRIOR_ONLY	-13.237	2	cluster_1_model_1.pdb.gz	STRICT_A	DESCRIPTIVE_ONLY	1.182	90.7	4.738	139.674	7.296	1211.571	1914.288	702.717	21.0	-0.006	2.0	230.0	83.0	0.0	2.015	0.687	2.585	93.066	1.579	74.191	0.0	c2_four_seed	4	917	PARENT_CDR3_DIVERSITY	/data1/qlyu/projects/pvrig_c2_new6220_dualreceptor_2seed_docking_results_v1_20260723/c2_new4220/compressed_queue/CANDIDATE_P1MCPUFP__CPUFP500K_0388__00797_8x6b_s917_2ab7bd76262e.tar.gz	runs/CANDIDATE_P1MCPUFP__CPUFP500K_0388__00797_8x6b_s917_2ab7bd76262e/haddock_run/6_seletopclusts/cluster_1_model_1.pdb.gz	2ab7bd76262e241bc7ca5f2bc1676261632e24ebccb80a4db892d9818c45c9cf	8c55751f66ac2930ce115a9419321a2b2bed220b61af2e1671f7ac6e6a2e33b3	CANDIDATE_P1MCPUFP__CPUFP500K_0388__00797_8x6b_s917_2ab7bd76262e	0.0	Static structure diagnostics only; not experimental affinity, blocking, expression or purity.	128	25
223.771	P1MCPUFP__CPUFP500K_0388__00797	GGRRQAGGRG	7	ISSSGTV	2	AMGPSAAPDPPLDPAGYAA	0.5	12	0.875	AT	9e6y	176	1747	18	0.96691	764	6	NOT_RUN_CROSS_CANDIDATE_RANK_REJECTED	3	/data/qlyu/projects/pvrig_top7500_dualpanel_screen_v1_20260724/run/static_review/inputs/pdb/CANDIDATE_P1MCPUFP__CPUFP500K_0388__00797_9e6y_s1931_66dac91b6680.pdb	ef130722318217b9994c8ff9b8420e30a4afe6ea16cc0d603a2a84ea05bda0a1	-90.32607999999999	11	5	324	0.65747158	77	0.8	172	1787	18	0.508713	750	positive_pose_source_case02_pos_11_151H8	0	WEAK_PRIOR_ONLY	-13.268	2	cluster_1_model_1.pdb.gz	STRICT_A	DESCRIPTIVE_ONLY	0.758	20.675	1.118	48.345	2.613	1020.291	1849.85	829.559	23.0	-0.038	3.0	235.0	86.0	0.0	1.152	0.629	1.837	71.661	0.584	27.432	0.0	c2_four_seed	4	1931	PARENT_CDR3_DIVERSITY	/data1/qlyu/projects/pvrig_c2_new6220_dualreceptor_2seed_docking_results_v1_20260723/c2_new4220/compressed_queue/CANDIDATE_P1MCPUFP__CPUFP500K_0388__00797_9e6y_s1931_66dac91b6680.tar.gz	runs/CANDIDATE_P1MCPUFP__CPUFP500K_0388__00797_9e6y_s1931_66dac91b6680/haddock_run/6_seletopclusts/cluster_1_model_1.pdb.gz	66dac91b66801a6b166ebedb3a99d062206c03e80235ed5422fb2effabe10980	8c55751f66ac2930ce115a9419321a2b2bed220b61af2e1671f7ac6e6a2e33b3	CANDIDATE_P1MCPUFP__CPUFP500K_0388__00797_9e6y_s1931_66dac91b6680	0.0	Static structure diagnostics only; not experimental affinity, blocking, expression or purity.	128	24
220.762	P1MCPUFP__CPUFP500K_0388__00859	GGDRRRGGWG	7	VSSAGTE	1	AMGPSGSAAPPLDPRGYAH	0.52380952	11	0.9047619	AT	8x6b	168	1514	19	1.117609	677	4	NOT_RUN_CROSS_CANDIDATE_RANK_REJECTED	2	/data/qlyu/projects/pvrig_top7500_dualpanel_screen_v1_20260724/run/static_review/inputs/pdb/CANDIDATE_P1MCPUFP__CPUFP500K_0388__00859_8x6b_s42_8c354032883e.pdb	0e1712c724659d2256ec27447373d25bc38a47080b791485d73e1834794b54b5	-70.703422	12	1	265	0.54208978	62	0.7	170	1507	19	0.582626	674	positive_pose_source_case02_pos_11_151H8	0	WEAK_PRIOR_ONLY	-12.23	2	cluster_1_model_1.pdb.gz	STRICT_A	DESCRIPTIVE_ONLY	0.892	16.168	1.004	26.698	1.657	862.867	1611.1	748.233	16.0	-0.158	6.0	230.0	73.0	0.0	1.294	0.551	2.724	84.436	0.239	10.059	0.0	c2_four_seed	3	42	CORE_EXPLOITATION	/data1/qlyu/projects/pvrig_c2_new4220_seed42_3047_docking_results_v1_20260723/c2_new4220_seed42_3047/compressed_queue/CANDIDATE_P1MCPUFP__CPUFP500K_0388__00859_8x6b_s42_8c354032883e.tar.gz	runs/CANDIDATE_P1MCPUFP__CPUFP500K_0388__00859_8x6b_s42_8c354032883e/haddock_run/6_seletopclusts/cluster_1_model_1.pdb.gz	8c354032883e837f2d4333cf7fb9efd3c4b8585984a7e3cb6e14bf4e2bad3a3f	8c55751f66ac2930ce115a9419321a2b2bed220b61af2e1671f7ac6e6a2e33b3	CANDIDATE_P1MCPUFP__CPUFP500K_0388__00859_8x6b_s42_8c354032883e	0.0	Static structure diagnostics only; not experimental affinity, blocking, expression or purity.	41	21
197.362	P1MCPUFP__CPUFP500K_0388__00859	GGDRRRGGWG	7	VSSAGTE	2	AMGPSGSAAPPLDPRGYAH	0.47619048	10	0.9047619	AT	9e6y	179	1603	16	0.984425	699	4	NOT_RUN_CROSS_CANDIDATE_RANK_REJECTED	2	/data/qlyu/projects/pvrig_top7500_dualpanel_screen_v1_20260724/run/static_review/inputs/pdb/CANDIDATE_P1MCPUFP__CPUFP500K_0388__00859_9e6y_s1931_12f00c05c87f.pdb	05b03b5b291d5e6b7e90a8624c78ba391b651ccf64025cee612ed79d5e3cb231	-77.4347	10	2	289	0.55500848	65	0.8	180	1566	16	0.536301	697	positive_pose_source_case02_pos_11_151H8	0	WEAK_PRIOR_ONLY	-12.503	2	cluster_1_model_1.pdb.gz	STRICT_A	DESCRIPTIVE_ONLY	1.969	16.664	1.006	31.721	1.915	881.05	1656.83	775.78	18.0	-0.17	6.0	235.0	75.0	0.0	1.282	0.623	2.651	90.136	0.147	6.022	0.0	c2_four_seed	5	1931	CORE_EXPLOITATION	/data1/qlyu/projects/pvrig_c2_new6220_dualreceptor_2seed_docking_results_v1_20260723/c2_new4220/compressed_queue/CANDIDATE_P1MCPUFP__CPUFP500K_0388__00859_9e6y_s1931_12f00c05c87f.tar.gz	runs/CANDIDATE_P1MCPUFP__CPUFP500K_0388__00859_9e6y_s1931_12f00c05c87f/haddock_run/6_seletopclusts/cluster_1_model_1.pdb.gz	12f00c05c87f11f33caf506a084383ed16c6ed324ee259e1c783edf0c99f18c2	8c55751f66ac2930ce115a9419321a2b2bed220b61af2e1671f7ac6e6a2e33b3	CANDIDATE_P1MCPUFP__CPUFP500K_0388__00859_9e6y_s1931_12f00c05c87f	0.0	Static structure diagnostics only; not experimental affinity, blocking, expression or purity.	41	21
221.828	P1MCPUFP__CPUFP500K_0397__00076	GPGFRGGPFS	6	VDIAGTT	1	AAGFTGSRAIPTTGEGWSF	0.55	11	0.9	AT	8x6b	176	1638	19	1.090866	682	5	NOT_RUN_CROSS_CANDIDATE_RANK_REJECTED	2	/data/qlyu/projects/pvrig_top7500_dualpanel_screen_v1_20260724/run/static_review/inputs/pdb/CANDIDATE_P1MCPUFP__CPUFP500K_0397__00076_8x6b_s917_66768320daf7.pdb	9f75b7e7a8df926c42e1178b2bfd4df00468f8f176b3863c832a945291b39241	-76.85889999999999	6	4	206	0.45465594	52	1.0	173	1519	19	0.488453	668	positive_pose_source_case02_pos_01_PVRIG-151_HR151	0	WEAK_PRIOR_ONLY	-8.901	2	cluster_1_model_1.pdb.gz	STRICT_A	DESCRIPTIVE_ONLY	0.804	1.752	0.107	40.448	2.471	1022.574	1636.665	614.091	15.0	-0.074	4.0	230.0	72.0	0.0	1.042	0.57	2.786	86.378	-0.277	-11.369	0.0	old_top7500	2	917	CORE_EXPLOITATION	/data1/qlyu/projects/pvrig_priority_top7500_dualreceptor_multiseed_docking_results_v1_20260722/top7500_25k/compressed_queue/CANDIDATE_P1MCPUFP__CPUFP500K_0397__00076_8x6b_s917_66768320daf7.tar.gz	runs/CANDIDATE_P1MCPUFP__CPUFP500K_0397__00076_8x6b_s917_66768320daf7/haddock_run/6_seletopclusts/cluster_1_model_1.pdb.gz	66768320daf70bd301e85511c88b32238d09e78cb47adb9f0d6e0f3e44f13ab6	8c55751f66ac2930ce115a9419321a2b2bed220b61af2e1671f7ac6e6a2e33b3	CANDIDATE_P1MCPUFP__CPUFP500K_0397__00076_8x6b_s917_66768320daf7	0.0	Static structure diagnostics only; not experimental affinity, blocking, expression or purity.	38	20
223.502	P1MCPUFP__CPUFP500K_0397__00076	GPGFRGGPFS	6	VDIAGTT	1	AAGFTGSRAIPTTGEGWSF	0.52631579	10	0.89473684	AT	9e6y	170	1545	18	0.976373	671	3	NOT_RUN_CROSS_CANDIDATE_RANK_REJECTED	2	/data/qlyu/projects/pvrig_top7500_dualpanel_screen_v1_20260724/run/static_review/inputs/pdb/CANDIDATE_P1MCPUFP__CPUFP500K_0397__00076_9e6y_s917_fe7987202da6.pdb	1f9bc9c3b5ada6889e2d2dcbc0956a80ac8b26d24070c3d7b37b19838b5095a4	-74.09766	6	4	226	0.44400678	52	0.8	176	1616	18	0.512388	671	positive_pose_source_case02_pos_01_PVRIG-151_HR151	0	WEAK_PRIOR_ONLY	-9.074	2	cluster_1_model_1.pdb.gz	STRICT_A	DESCRIPTIVE_ONLY	0.691	2.765	0.178	23.376	1.507	925.472	1551.087	625.615	16.0	-0.117	2.0	235.0	71.0	0.0	0.506	0.638	2.061	61.835	-0.631	-25.88	0.0	old_top7500	0	917	CORE_EXPLOITATION	/data1/qlyu/projects/pvrig_priority_top7500_dualreceptor_multiseed_docking_results_v1_20260722/top7500_25k/compressed_queue/CANDIDATE_P1MCPUFP__CPUFP500K_0397__00076_9e6y_s917_fe7987202da6.tar.gz	runs/CANDIDATE_P1MCPUFP__CPUFP500K_0397__00076_9e6y_s917_fe7987202da6/haddock_run/6_seletopclusts/cluster_1_model_1.pdb.gz	fe7987202da64dfeba2cb7a4ddf534f9c54cb3eab14f81a96a7a1fe10fc41ac4	8c55751f66ac2930ce115a9419321a2b2bed220b61af2e1671f7ac6e6a2e33b3	CANDIDATE_P1MCPUFP__CPUFP500K_0397__00076_9e6y_s917_fe7987202da6	0.0	Static structure diagnostics only; not experimental affinity, blocking, expression or purity.	38	19
254.962	P1MCPUFP__CPUFP500K_0399__00131	GPGWSHGDFQ	5	VDRYGTV	1	AAGYWSGGAVDFTGERWEY	0.6	12	0.9	AT	8x6b	137	1445	18	1.036108	533	5	NOT_RUN_CROSS_CANDIDATE_RANK_REJECTED	2	/data/qlyu/projects/pvrig_top7500_dualpanel_screen_v1_20260724/run/static_review/inputs/pdb/CANDIDATE_P1MCPUFP__CPUFP500K_0399__00131_8x6b_s1931_6650d74422eb.pdb	5bfa544cda710f6bc526cadda3f7addcbf8589036a3eedd195710f11f3c40e94	-70.3647	7	6	255	0.49837286	57	0.9	147	1419	18	0.466884	531	positive_pose_source_case02_pos_01_PVRIG-151_HR151	0	WEAK_PRIOR_ONLY	-9.72	2	cluster_1_model_1.pdb.gz	STRICT_A	DESCRIPTIVE_ONLY	1.143	-8.243	-0.552	14.147	0.948	904.827	1492.325	587.499	24.0	-0.066	3.0	230.0	59.0	0.0	2.032	0.567	2.97	77.232	1.293	42.684	0.0	c2_four_seed	2	1931	CORE_EXPLOITATION	/data1/qlyu/projects/pvrig_c2_new6220_dualreceptor_2seed_docking_results_v1_20260723/c2_new4220/compressed_queue/CANDIDATE_P1MCPUFP__CPUFP500K_0399__00131_8x6b_s1931_6650d74422eb.tar.gz	runs/CANDIDATE_P1MCPUFP__CPUFP500K_0399__00131_8x6b_s1931_6650d74422eb/haddock_run/6_seletopclusts/cluster_1_model_1.pdb.gz	6650d74422eb6ab7a90a7dfd52915736139faa3b9526f7c29febd29d8c58bb69	8c55751f66ac2930ce115a9419321a2b2bed220b61af2e1671f7ac6e6a2e33b3	CANDIDATE_P1MCPUFP__CPUFP500K_0399__00131_8x6b_s1931_6650d74422eb	0.0	Static structure diagnostics only; not experimental affinity, blocking, expression or purity.	11	20
143.739	P1MCPUFP__CPUFP500K_0399__00131	GPGWSHGDFQ	5	VDRYGTV	0	AAGYWSGGAVDFTGERWEY	0.5625	9	0.875	AT	9e6y	182	1675	18	0.970055	682	4	NOT_RUN_CROSS_CANDIDATE_RANK_REJECTED	2	/data/qlyu/projects/pvrig_top7500_dualpanel_screen_v1_20260724/run/static_review/inputs/pdb/CANDIDATE_P1MCPUFP__CPUFP500K_0399__00131_9e6y_s42_5e50f407c6a1.pdb	844887582cc7db70b8402f17306d47251c69fb2cef92c4bce986a036c785ced8	-75.591	7	5	198	0.39277523	46	0.9	177	1681	18	0.598545	681	positive_pose_source_case02_pos_01_PVRIG-151_HR151	0	WEAK_PRIOR_ONLY	-9.935	2	cluster_1_model_1.pdb.gz	STRICT_A	DESCRIPTIVE_ONLY	1.388	-8.437	-0.6	8.825	0.627	820.337	1407.213	586.875	22.0	-0.208	3.0	235.0	60.0	0.0	1.801	0.567	2.374	64.11	1.332	43.951	0.0	c2_four_seed	4	42	CORE_EXPLOITATION	/data1/qlyu/projects/pvrig_c2_new4220_seed42_3047_docking_results_v1_20260723/c2_new4220_seed42_3047/compressed_queue/CANDIDATE_P1MCPUFP__CPUFP500K_0399__00131_9e6y_s42_5e50f407c6a1.tar.gz	runs/CANDIDATE_P1MCPUFP__CPUFP500K_0399__00131_9e6y_s42_5e50f407c6a1/haddock_run/6_seletopclusts/cluster_1_model_1.pdb.gz	5e50f407c6a1e7d8b974a241e3a09a09b96395bab4924e94ef263fea97b96d53	8c55751f66ac2930ce115a9419321a2b2bed220b61af2e1671f7ac6e6a2e33b3	CANDIDATE_P1MCPUFP__CPUFP500K_0399__00131_9e6y_s42_5e50f407c6a1	0.0	Static structure diagnostics only; not experimental affinity, blocking, expression or purity.	11	16
265.053	P1MCPUFP__CPUFP500K_0404__00009	GPGPARGPFS	7	VDYEGGT	2	AAGHLETGEVPTEGSGWDY	0.5	10	0.95	AT	8x6b	169	1504	19	1.116647	608	2	NOT_RUN_CROSS_CANDIDATE_RANK_REJECTED	1	/data/qlyu/projects/pvrig_top7500_dualpanel_screen_v1_20260724/run/static_review/inputs/pdb/CANDIDATE_P1MCPUFP__CPUFP500K_0404__00009_8x6b_s1931_9f360872c610.pdb	e38c645363e8d3c2ca3c7b2cdd5cc491f1fe77a393e3a0ff7215406d8fdd3549	-66.40780000000001	13	3	229	0.48962948	56	1.0	168	1455	19	0.597241	601	positive_pose_source_case02_pos_01_PVRIG-151_HR151	0	WEAK_PRIOR_ONLY	-10.635	2	cluster_1_model_1.pdb.gz	STRICT_A	DESCRIPTIVE_ONLY	1.062	-2.801	-0.188	43.733	2.937	937.602	1488.788	551.186	12.0	-0.035	4.0	230.0	57.0	0.0	1.729	0.645	1.799	44.978	1.675	53.588	0.0	c2_four_seed	6	1931	CORE_EXPLOITATION	/data1/qlyu/projects/pvrig_c2_new6220_dualreceptor_2seed_docking_results_v1_20260723/c2_new4220/compressed_queue/CANDIDATE_P1MCPUFP__CPUFP500K_0404__00009_8x6b_s1931_9f360872c610.tar.gz	runs/CANDIDATE_P1MCPUFP__CPUFP500K_0404__00009_8x6b_s1931_9f360872c610/haddock_run/6_seletopclusts/cluster_1_model_1.pdb.gz	9f360872c61058786f8050b0b940290ba18322a2351891cb0b69c3936f710e4e	8c55751f66ac2930ce115a9419321a2b2bed220b61af2e1671f7ac6e6a2e33b3	CANDIDATE_P1MCPUFP__CPUFP500K_0404__00009_8x6b_s1931_9f360872c610	0.0	Static structure diagnostics only; not experimental affinity, blocking, expression or purity.	105	20
313.814	P1MCPUFP__CPUFP500K_0404__00009	GPGPARGPFS	5	VDYEGGT	0	AAGHLETGEVPTEGSGWDY	0.61904762	13	0.85714286	AT	9e6y	204	1520	17	0.970057	655	2	NOT_RUN_CROSS_CANDIDATE_RANK_REJECTED	3	/data/qlyu/projects/pvrig_top7500_dualpanel_screen_v1_20260724/run/static_review/inputs/pdb/CANDIDATE_P1MCPUFP__CPUFP500K_0404__00009_9e6y_s917_964c50ff7405.pdb	2eb97df599b696c0a7bd3f78f3d47b12bba416d4cb09fb33b82f4c058bfb1c52	-62.850200000000015	8	2	262	0.51231552	60	0.8	208	1562	17	0.547988	657	positive_pose_source_case02_pos_01_PVRIG-151_HR151	0	WEAK_PRIOR_ONLY	-10.816	2	cluster_1_model_1.pdb.gz	STRICT_A	DESCRIPTIVE_ONLY	0.565	-15.622	-0.978	25.961	1.625	955.805	1597.413	641.608	13.0	-0.234	6.0	235.0	70.0	0.0	0.612	0.573	0.171	5.3	0.962	37.52	0.0	c2_four_seed	3	917	CORE_EXPLOITATION	/data1/qlyu/projects/pvrig_c2_new6220_dualreceptor_2seed_docking_results_v1_20260723/c2_new4220/compressed_queue/CANDIDATE_P1MCPUFP__CPUFP500K_0404__00009_9e6y_s917_964c50ff7405.tar.gz	runs/CANDIDATE_P1MCPUFP__CPUFP500K_0404__00009_9e6y_s917_964c50ff7405/haddock_run/6_seletopclusts/cluster_1_model_1.pdb.gz	964c50ff74052e1c9bbe10662a600322d22c1a0f14230a3fa8952c255805e892	8c55751f66ac2930ce115a9419321a2b2bed220b61af2e1671f7ac6e6a2e33b3	CANDIDATE_P1MCPUFP__CPUFP500K_0404__00009_9e6y_s917_964c50ff7405	0.0	Static structure diagnostics only; not experimental affinity, blocking, expression or purity.	105	21
365.148	P1MCPUFP__CPUFP500K_0404__00029	GPGFGRGPWS	5	VDWEGGT	0	AAGHLSDGVVPTTGAGWSH	0.58333333	14	0.79166667	AT	8x6b	117	1367	21	1.122746	564	4	NOT_RUN_CROSS_CANDIDATE_RANK_REJECTED	5	/data/qlyu/projects/pvrig_top7500_dualpanel_screen_v1_20260724/run/static_review/inputs/pdb/CANDIDATE_P1MCPUFP__CPUFP500K_0404__00029_8x6b_s917_544f4c3d4f0b.pdb	56959d0174579438a647d973298ea622b72bbe80cea3b5a3b21590027f3a6359	-90.0101	14	9	340	0.72570083	83	0.9	120	1435	21	0.544603	563	positive_pose_source_case02_pos_01_PVRIG-151_HR151	0	WEAK_PRIOR_ONLY	-11.3	4	cluster_1_model_1.pdb.gz	STRICT_A	DESCRIPTIVE_ONLY	1.575	-1.276	-0.065	45.645	2.307	1167.153	1978.204	811.051	28.0	-0.091	5.0	230.0	72.0	0.0	2.708	0.656	2.331	74.589	3.009	120.373	0.0	c2_four_seed	6	917	CORE_EXPLOITATION	/data1/qlyu/projects/pvrig_c2_new6220_dualreceptor_2seed_docking_results_v1_20260723/c2_new4220/compressed_queue/CANDIDATE_P1MCPUFP__CPUFP500K_0404__00029_8x6b_s917_544f4c3d4f0b.tar.gz	runs/CANDIDATE_P1MCPUFP__CPUFP500K_0404__00029_8x6b_s917_544f4c3d4f0b/haddock_run/6_seletopclusts/cluster_1_model_1.pdb.gz	544f4c3d4f0ba2d78134358b440fb17daaa412fa8527d5e139a91c73400388ab	8c55751f66ac2930ce115a9419321a2b2bed220b61af2e1671f7ac6e6a2e33b3	CANDIDATE_P1MCPUFP__CPUFP500K_0404__00029_8x6b_s917_544f4c3d4f0b	0.0	Static structure diagnostics only; not experimental affinity, blocking, expression or purity.	24	24
167.926	P1MCPUFP__CPUFP500K_0404__00029	GPGFGRGPWS	5	VDWEGGT	0	AAGHLSDGVVPTTGAGWSH	0.6	12	0.85	AT	9e6y	152	1576	18	0.955509	618	5	NOT_RUN_CROSS_CANDIDATE_RANK_REJECTED	3	/data/qlyu/projects/pvrig_top7500_dualpanel_screen_v1_20260724/run/static_review/inputs/pdb/CANDIDATE_P1MCPUFP__CPUFP500K_0404__00029_9e6y_s3047_4f0b0c0e02aa.pdb	3e740f09d8aad3fb2453b8dde36c70ba344725ec6972fdc4d2f339b02b2ece79	-71.56943000000001	15	5	217	0.4269296	50	0.9	153	1554	18	0.543297	608	positive_pose_source_case02_pos_01_PVRIG-151_HR151	0	WEAK_PRIOR_ONLY	-9.519	4	cluster_1_model_1.pdb.gz	STRICT_A	DESCRIPTIVE_ONLY	1.006	-12.789	-0.81	8.6	0.545	772.807	1579.107	806.3	17.0	-0.488	6.0	235.0	63.0	0.0	1.14	0.471	2.025	58.73	0.386	13.113	0.0	c2_four_seed	4	3047	CORE_EXPLOITATION	/data1/qlyu/projects/pvrig_c2_new4220_seed42_3047_docking_results_v1_20260723/c2_new4220_seed42_3047/compressed_queue/CANDIDATE_P1MCPUFP__CPUFP500K_0404__00029_9e6y_s3047_4f0b0c0e02aa.tar.gz	runs/CANDIDATE_P1MCPUFP__CPUFP500K_0404__00029_9e6y_s3047_4f0b0c0e02aa/haddock_run/6_seletopclusts/cluster_1_model_1.pdb.gz	4f0b0c0e02aaade865c9a6e6ae226435e866f9d01165eeeb0386ef5110ac755a	8c55751f66ac2930ce115a9419321a2b2bed220b61af2e1671f7ac6e6a2e33b3	CANDIDATE_P1MCPUFP__CPUFP500K_0404__00029_9e6y_s3047_4f0b0c0e02aa	0.0	Static structure diagnostics only; not experimental affinity, blocking, expression or purity.	24	20
169.243	P1MCPUFP__CPUFP500K_0404__00444	GPGPAPGPFS	6	VDAEGGT	3	AAGSVPTGTVPTTGEGWDY	0.5	10	0.95	AT	8x6b	140	1318	16	1.096713	575	2	NOT_RUN_CROSS_CANDIDATE_RANK_REJECTED	1	/data/qlyu/projects/pvrig_top7500_dualpanel_screen_v1_20260724/run/static_review/inputs/pdb/CANDIDATE_P1MCPUFP__CPUFP500K_0404__00444_8x6b_s3047_e3fa167577af.pdb	92c2a7c441c67abb878c2f01137d4e2e63db72ff01f6ade555ff884f030c38d5	-74.3293	4	4	202	0.44591256	51	1.0	136	1290	16	0.492239	565	positive_pose_source_case02_pos_01_PVRIG-151_HR151	0	WEAK_PRIOR_ONLY	-10.95	2	cluster_1_model_1.pdb.gz	STRICT_A	DESCRIPTIVE_ONLY	1.095	-4.492	-0.331	2.068	0.152	871.514	1358.219	486.705	13.0	-0.555	1.0	230.0	61.0	0.0	1.603	0.62	3.111	87.1	0.324	10.707	0.0	c2_four_seed	0	3047	CORE_EXPLOITATION	/data1/qlyu/projects/pvrig_c2_new4220_seed42_3047_docking_results_v1_20260723/c2_new4220_seed42_3047/compressed_queue/CANDIDATE_P1MCPUFP__CPUFP500K_0404__00444_8x6b_s3047_e3fa167577af.tar.gz	runs/CANDIDATE_P1MCPUFP__CPUFP500K_0404__00444_8x6b_s3047_e3fa167577af/haddock_run/6_seletopclusts/cluster_1_model_1.pdb.gz	e3fa167577afb8ba4343c18e537f615ac84796e365f39b46588070a0e65478a8	8c55751f66ac2930ce115a9419321a2b2bed220b61af2e1671f7ac6e6a2e33b3	CANDIDATE_P1MCPUFP__CPUFP500K_0404__00444_8x6b_s3047_e3fa167577af	0.0	Static structure diagnostics only; not experimental affinity, blocking, expression or purity.	47	20
229.427	P1MCPUFP__CPUFP500K_0404__00444	GPGPAPGPFS	7	VDAEGGT	2	AAGSVPTGTVPTTGEGWDY	0.47619048	10	0.9047619	AT	9e6y	139	1330	16	0.925468	580	2	NOT_RUN_CROSS_CANDIDATE_RANK_REJECTED	2	/data/qlyu/projects/pvrig_top7500_dualpanel_screen_v1_20260724/run/static_review/inputs/pdb/CANDIDATE_P1MCPUFP__CPUFP500K_0404__00444_9e6y_s42_b93df5ea77bd.pdb	91056cc7fe47985a53b7b41f78c73455be2d88f1ca0c2f3cad4bd387b1fed551	-68.7313	7	2	320	0.46962256	55	0.9	145	1459	16	0.469661	597	positive_pose_source_case02_pos_01_PVRIG-151_HR151	0	WEAK_PRIOR_ONLY	-10.201	2	cluster_1_model_1.pdb.gz	STRICT_A	DESCRIPTIVE_ONLY	1.364	26.154	1.778	65.496	4.452	967.492	1471.033	503.541	15.0	0.0	0.0	235.0	63.0	0.0	2.382	0.69	3.641	109.237	1.236	40.802	0.0	c2_four_seed	1	42	CORE_EXPLOITATION	/data1/qlyu/projects/pvrig_c2_new4220_seed42_3047_docking_results_v1_20260723/c2_new4220_seed42_3047/compressed_queue/CANDIDATE_P1MCPUFP__CPUFP500K_0404__00444_9e6y_s42_b93df5ea77bd.tar.gz	runs/CANDIDATE_P1MCPUFP__CPUFP500K_0404__00444_9e6y_s42_b93df5ea77bd/haddock_run/6_seletopclusts/cluster_1_model_1.pdb.gz	b93df5ea77bd6e802190b04f07a6739191b8b5fe45038b33929e5061b4cd3e1a	8c55751f66ac2930ce115a9419321a2b2bed220b61af2e1671f7ac6e6a2e33b3	CANDIDATE_P1MCPUFP__CPUFP500K_0404__00444_9e6y_s42_b93df5ea77bd	0.0	Static structure diagnostics only; not experimental affinity, blocking, expression or purity.	47	21
307.743	P1MCPUFP__CPUFP500K_0404__00512	GPGFSGGPWS	6	VDAEGGT	0	AAGELRSGVVPTSGAGWDY	0.44444444	8	0.77777778	AT	8x6b	150	1502	19	1.116053	608	4	NOT_RUN_CROSS_CANDIDATE_RANK_REJECTED	4	/data/qlyu/projects/pvrig_top7500_dualpanel_screen_v1_20260724/run/static_review/inputs/pdb/CANDIDATE_P1MCPUFP__CPUFP500K_0404__00512_8x6b_s917_a9d3e9230416.pdb	3d90e1cf0d9868665674a237caddef50c8670cf82041ac2b642c5fe6bde3bd72	-64.35220000000001	6	7	220	0.48088609	55	0.9	162	1567	19	0.548914	631	positive_pose_source_case02_pos_01_PVRIG-151_HR151	0	WEAK_PRIOR_ONLY	-10.305	2	cluster_1_model_1.pdb.gz	STRICT_A	DESCRIPTIVE_ONLY	0.795	-7.113	-0.504	6.741	0.477	866.436	1412.629	546.194	4.0	-0.639	5.0	230.0	61.0	0.0	0.852	0.673	1.127	31.549	0.618	20.409	0.0	c2_four_seed	1	917	CORE_EXPLOITATION	/data1/qlyu/projects/pvrig_c2_new6220_dualreceptor_2seed_docking_results_v1_20260723/c2_new4220/compressed_queue/CANDIDATE_P1MCPUFP__CPUFP500K_0404__00512_8x6b_s917_a9d3e9230416.tar.gz	runs/CANDIDATE_P1MCPUFP__CPUFP500K_0404__00512_8x6b_s917_a9d3e9230416/haddock_run/6_seletopclusts/cluster_1_model_1.pdb.gz	a9d3e923041618c054e5bf703ad6ed5450ebb85b20dfc4e47a881b2f87467c86	8c55751f66ac2930ce115a9419321a2b2bed220b61af2e1671f7ac6e6a2e33b3	CANDIDATE_P1MCPUFP__CPUFP500K_0404__00512_8x6b_s917_a9d3e9230416	0.0	Static structure diagnostics only; not experimental affinity, blocking, expression or purity.	42	18
215.488	P1MCPUFP__CPUFP500K_0404__00512	GPGFSGGPWS	6	VDAEGGT	0	AAGELRSGVVPTSGAGWDY	0.5	9	0.83333333	AT	9e6y	189	1767	16	0.940026	744	3	NOT_RUN_CROSS_CANDIDATE_RANK_REJECTED	3	/data/qlyu/projects/pvrig_top7500_dualpanel_screen_v1_20260724/run/static_review/inputs/pdb/CANDIDATE_P1MCPUFP__CPUFP500K_0404__00512_9e6y_s42_b5794c2d931e.pdb	0aa945a0fdaeaa6963dfe99559a108cb2f08cf27f1cd6faae88a292ea2a77917	-82.1504	12	5	316	0.43546819	51	1.0	204	1824	16	0.520744	799	positive_pose_source_case02_pos_01_PVRIG-151_HR151	0	WEAK_PRIOR_ONLY	-9.777	2	cluster_1_model_1.pdb.gz	STRICT_A	DESCRIPTIVE_ONLY	1.32	15.989	1.134	46.396	3.291	856.09	1409.56	553.47	19.0	-0.056	3.0	235.0	62.0	0.0	1.858	0.655	2.618	75.934	1.189	39.233	0.0	c2_four_seed	0	42	CORE_EXPLOITATION	/data1/qlyu/projects/pvrig_c2_new4220_seed42_3047_docking_results_v1_20260723/c2_new4220_seed42_3047/compressed_queue/CANDIDATE_P1MCPUFP__CPUFP500K_0404__00512_9e6y_s42_b5794c2d931e.tar.gz	runs/CANDIDATE_P1MCPUFP__CPUFP500K_0404__00512_9e6y_s42_b5794c2d931e/haddock_run/6_seletopclusts/cluster_1_model_1.pdb.gz	b5794c2d931e6d097ba7a28f854c3009113b2ed1bf2655b12dbc51bbb84d03ee	8c55751f66ac2930ce115a9419321a2b2bed220b61af2e1671f7ac6e6a2e33b3	CANDIDATE_P1MCPUFP__CPUFP500K_0404__00512_9e6y_s42_b5794c2d931e	0.0	Static structure diagnostics only; not experimental affinity, blocking, expression or purity.	42	18
288.58	P1MCPUFP__CPUFP500K_0404__00828	GPGPGRGPWS	7	VDWEGGT	2	GAGRLDSGTVPTDGTGWDY	0.375	6	0.9375	AT	8x6b	168	1514	16	1.109096	632	3	NOT_RUN_CROSS_CANDIDATE_RANK_REJECTED	1	/data/qlyu/projects/pvrig_top7500_dualpanel_screen_v1_20260724/run/static_review/inputs/pdb/CANDIDATE_P1MCPUFP__CPUFP500K_0404__00828_8x6b_s3047_36f4c1b76a70.pdb	0dbe67653ad83a584b4a5ccbe4920cf771625eb9841f70ac884d90c2f5d64be8	-73.0916	10	6	253	0.48088609	55	1.0	168	1395	16	0.552763	634	positive_pose_source_case02_pos_01_PVRIG-151_HR151	0	WEAK_PRIOR_ONLY	-10.484	5	cluster_1_model_1.pdb.gz	STRICT_A	DESCRIPTIVE_ONLY	1.41	-4.277	-0.281	24.203	1.589	949.602	1523.132	573.53	10.0	-0.095	3.0	230.0	56.0	0.0	2.089	0.609	3.089	74.126	1.339	42.852	0.0	c2_four_seed	2	3047	CORE_EXPLOITATION	/data1/qlyu/projects/pvrig_c2_new4220_seed42_3047_docking_results_v1_20260723/c2_new4220_seed42_3047/compressed_queue/CANDIDATE_P1MCPUFP__CPUFP500K_0404__00828_8x6b_s3047_36f4c1b76a70.tar.gz	runs/CANDIDATE_P1MCPUFP__CPUFP500K_0404__00828_8x6b_s3047_36f4c1b76a70/haddock_run/6_seletopclusts/cluster_1_model_1.pdb.gz	36f4c1b76a7000a109f490072f6eedbcfdf6ff53b19b0de72d43081ee3136b53	8c55751f66ac2930ce115a9419321a2b2bed220b61af2e1671f7ac6e6a2e33b3	CANDIDATE_P1MCPUFP__CPUFP500K_0404__00828_8x6b_s3047_36f4c1b76a70	0.0	Static structure diagnostics only; not experimental affinity, blocking, expression or purity.	25	16
295.383	P1MCPUFP__CPUFP500K_0404__00828	GPGPGRGPWS	7	VDWEGGT	2	GAGRLDSGTVPTDGTGWDY	0.375	6	0.9375	AT	9e6y	179	1437	16	0.940936	637	3	NOT_RUN_CROSS_CANDIDATE_RANK_REJECTED	1	/data/qlyu/projects/pvrig_top7500_dualpanel_screen_v1_20260724/run/static_review/inputs/pdb/CANDIDATE_P1MCPUFP__CPUFP500K_0404__00828_9e6y_s3047_79fc6809b584.pdb	ae124023160a0fd8ce6cdcb581d187060b8263bfb469aa401928192803718c59	-66.06356	6	3	215	0.4269296	50	0.9	180	1515	16	0.528893	653	positive_pose_source_case02_pos_01_PVRIG-151_HR151	0	WEAK_PRIOR_ONLY	-9.327	4	cluster_1_model_1.pdb.gz	STRICT_A	DESCRIPTIVE_ONLY	1.402	22.092	1.552	41.263	2.898	885.099	1423.868	538.769	19.0	-0.037	1.0	235.0	55.0	0.0	2.099	0.685	3.235	80.881	1.152	34.574	0.0	c2_four_seed	0	3047	CORE_EXPLOITATION	/data1/qlyu/projects/pvrig_c2_new4220_seed42_3047_docking_results_v1_20260723/c2_new4220_seed42_3047/compressed_queue/CANDIDATE_P1MCPUFP__CPUFP500K_0404__00828_9e6y_s3047_79fc6809b584.tar.gz	runs/CANDIDATE_P1MCPUFP__CPUFP500K_0404__00828_9e6y_s3047_79fc6809b584/haddock_run/6_seletopclusts/cluster_1_model_1.pdb.gz	79fc6809b584ddc4e428fd6d77b1d1cdc1d3c01ef50549bc38b8a8a8d0bbdce4	8c55751f66ac2930ce115a9419321a2b2bed220b61af2e1671f7ac6e6a2e33b3	CANDIDATE_P1MCPUFP__CPUFP500K_0404__00828_9e6y_s3047_79fc6809b584	0.0	Static structure diagnostics only; not experimental affinity, blocking, expression or purity.	25	16
263.056	P1MCPUFP__CPUFP500K_0405__00049	GPGLSRGPAH	6	VDAEGGT	1	AAGLSPGGSVPFDGSGYSH	0.58333333	14	0.875	AT	8x6b	117	1378	18	1.098758	560	2	NOT_RUN_CROSS_CANDIDATE_RANK_REJECTED	3	/data/qlyu/projects/pvrig_top7500_dualpanel_screen_v1_20260724/run/static_review/inputs/pdb/CANDIDATE_P1MCPUFP__CPUFP500K_0405__00049_8x6b_s917_272423850f3c.pdb	72a235c6c73d39bc90ff75e6b755ecdbc60fe3783e3991bb381058151a1298e2	-70.18110000000001	13	3	336	0.59455008	68	0.8	118	1427	18	0.469225	569	positive_pose_source_case02_pos_01_PVRIG-151_HR151	0	WEAK_PRIOR_ONLY	-11.906	4	cluster_1_model_1.pdb.gz	STRICT_A	DESCRIPTIVE_ONLY	1.053	33.241	1.842	96.063	5.322	1081.364	1805.07	723.706	28.0	-0.055	6.0	230.0	75.0	0.0	1.986	0.682	3.119	99.792	1.144	49.187	0.0	old_top7500	2	917	CORE_EXPLOITATION	/data1/qlyu/projects/pvrig_priority_top7500_dualreceptor_multiseed_docking_results_v1_20260722/top7500_25k/compressed_queue/CANDIDATE_P1MCPUFP__CPUFP500K_0405__00049_8x6b_s917_272423850f3c.tar.gz	runs/CANDIDATE_P1MCPUFP__CPUFP500K_0405__00049_8x6b_s917_272423850f3c/haddock_run/6_seletopclusts/cluster_1_model_1.pdb.gz	272423850f3c33d1d45f17c4d4ff4340b12bfb1dc3bc08bcdd663dc6ae271a36	8c55751f66ac2930ce115a9419321a2b2bed220b61af2e1671f7ac6e6a2e33b3	CANDIDATE_P1MCPUFP__CPUFP500K_0405__00049_8x6b_s917_272423850f3c	0.0	Static structure diagnostics only; not experimental affinity, blocking, expression or purity.	15	24
284.951	P1MCPUFP__CPUFP500K_0405__00049	GPGLSRGPAH	7	VDAEGGT	1	AAGLSPGGSVPFDGSGYSH	0.56	14	0.88	AT	9e6y	117	1388	18	0.919832	578	2	NOT_RUN_CROSS_CANDIDATE_RANK_REJECTED	3	/data/qlyu/projects/pvrig_top7500_dualpanel_screen_v1_20260724/run/static_review/inputs/pdb/CANDIDATE_P1MCPUFP__CPUFP500K_0405__00049_9e6y_s917_452b3f663d83.pdb	3b8a53d13733d39c7cf8c842ee4eb0f8e77feb51094bda51bfc5945140d740c2	-65.27739999999999	11	4	295	0.5379313	63	1.0	115	1416	18	0.530618	575	positive_pose_source_case02_pos_01_PVRIG-151_HR151	0	WEAK_PRIOR_ONLY	-12.195	2	cluster_1_model_1.pdb.gz	STRICT_A	DESCRIPTIVE_ONLY	1.229	30.948	1.678	85.622	4.641	1120.302	1844.857	724.555	19.0	-0.02	3.0	235.0	73.0	0.0	2.248	0.633	3.779	120.915	1.053	43.177	0.0	old_top7500	3	917	CORE_EXPLOITATION	/data1/qlyu/projects/pvrig_priority_top7500_dualreceptor_multiseed_docking_results_v1_20260722/top7500_25k/compressed_queue/CANDIDATE_P1MCPUFP__CPUFP500K_0405__00049_9e6y_s917_452b3f663d83.tar.gz	runs/CANDIDATE_P1MCPUFP__CPUFP500K_0405__00049_9e6y_s917_452b3f663d83/haddock_run/6_seletopclusts/cluster_1_model_1.pdb.gz	452b3f663d838a669ef53916c31b3a8b1ea009381dc842e0e6ed0bb6b68c3b90	8c55751f66ac2930ce115a9419321a2b2bed220b61af2e1671f7ac6e6a2e33b3	CANDIDATE_P1MCPUFP__CPUFP500K_0405__00049_9e6y_s917_452b3f663d83	0.0	Static structure diagnostics only; not experimental affinity, blocking, expression or purity.	15	25
186.002	P1MCPUFP__CPUFP500K_0424__00412	GSFTTPIP	6	IGAGGAIT	4	AASEAGLGSSEEVWQY	0.54166667	13	0.95833333	AT	8x6b	89	1349	19	1.098594	540	5	NOT_RUN_CROSS_CANDIDATE_RANK_REJECTED	1	/data/qlyu/projects/pvrig_top7500_dualpanel_screen_v1_20260724/run/static_review/inputs/pdb/CANDIDATE_P1MCPUFP__CPUFP500K_0424__00412_8x6b_s917_8d7fd92a972c.pdb	3faaa5ae322752b5726a2d00aea3a0957085e6a587f646acce8a1c3d71b94c54	-72.275342	17	11	266	0.56860255	64	0.3	89	1381	19	0.555263	545	positive_pose_source_case02_pos_04_PVRIG-38	0	WEAK_PRIOR_ONLY	-13.221	2	cluster_1_model_1.pdb.gz	SUPPORTED_AB	DESCRIPTIVE_ONLY	0.383	-12.301	-0.759	27.225	1.68	877.989	1620.857	742.868	13.0	-0.216	7.0	226.0	69.0	0.0	0.093	0.501	0.163	5.379	0.03	1.071	0.0	old_top7500	4	917	QUOTA_SAFE_BACKFILL	/data1/qlyu/projects/pvrig_priority_top7500_dualreceptor_multiseed_docking_results_v1_20260722/top7500_25k/compressed_queue/CANDIDATE_P1MCPUFP__CPUFP500K_0424__00412_8x6b_s917_8d7fd92a972c.tar.gz	runs/CANDIDATE_P1MCPUFP__CPUFP500K_0424__00412_8x6b_s917_8d7fd92a972c/haddock_run/6_seletopclusts/cluster_1_model_1.pdb.gz	8d7fd92a972cc6471b1efc4cc50b1f26efcb75546c14736b18b0f80bad54cc16	8c55751f66ac2930ce115a9419321a2b2bed220b61af2e1671f7ac6e6a2e33b3	CANDIDATE_P1MCPUFP__CPUFP500K_0424__00412_8x6b_s917_8d7fd92a972c	0.0	Static structure diagnostics only; not experimental affinity, blocking, expression or purity.	195	24
188.288	P1MCPUFP__CPUFP500K_0424__00412	GSFTTPIP	7	IGAGGAIT	4	AASEAGLGSSEEVWQY	0.42857143	9	0.95238095	AT	9e6y	113	1529	18	0.917746	645	5	NOT_RUN_CROSS_CANDIDATE_RANK_REJECTED	1	/data/qlyu/projects/pvrig_top7500_dualpanel_screen_v1_20260724/run/static_review/inputs/pdb/CANDIDATE_P1MCPUFP__CPUFP500K_0424__00412_9e6y_s1931_8b118c5e6a08.pdb	dd9b261b8a1f10f3eddcfdf3bc45e3fe927a3599f41561607e45f3e5c3ddc5b3	-61.51561000000001	7	9	239	0.51190289	59	0.4	112	1482	18	0.467468	635	positive_pose_source_case02_pos_04_PVRIG-38	0	WEAK_PRIOR_ONLY	-11.171	2	cluster_1_model_1.pdb.gz	STRICT_A	DESCRIPTIVE_ONLY	0.776	-6.634	-0.422	16.124	1.025	952.174	1573.106	620.932	12.0	-0.211	5.0	231.0	65.0	0.0	0.866	0.667	1.593	47.78	0.244	8.528	0.0	old_top7500	4	1931	QUOTA_SAFE_BACKFILL	/data1/qlyu/projects/pvrig_priority_top7500_dualreceptor_multiseed_docking_results_v1_20260722/top7500_25k/compressed_queue/CANDIDATE_P1MCPUFP__CPUFP500K_0424__00412_9e6y_s1931_8b118c5e6a08.tar.gz	runs/CANDIDATE_P1MCPUFP__CPUFP500K_0424__00412_9e6y_s1931_8b118c5e6a08/haddock_run/6_seletopclusts/cluster_1_model_1.pdb.gz	8b118c5e6a081c445e23ce686ac1cfaf26c94767fd5c4decaaad6fe06740fc46	8c55751f66ac2930ce115a9419321a2b2bed220b61af2e1671f7ac6e6a2e33b3	CANDIDATE_P1MCPUFP__CPUFP500K_0424__00412_9e6y_s1931_8b118c5e6a08	0.0	Static structure diagnostics only; not experimental affinity, blocking, expression or purity.	195	21
235.977	P1MCPUFP__CPUFP500K_0424__00658	GKLTVPIT	4	IGGGGSIT	6	AASYAGLATSEEVWQF	0.45	9	0.95	AT	8x6b	117	1505	19	1.04431	593	6	NOT_RUN_CROSS_CANDIDATE_RANK_REJECTED	1	/data/qlyu/projects/pvrig_top7500_dualpanel_screen_v1_20260724/run/static_review/inputs/pdb/CANDIDATE_P1MCPUFP__CPUFP500K_0424__00658_8x6b_s917_ad88303c7740.pdb	d2bdbfd0ee08d267fbf8192e4ff89e8764c2b0e6622b8d64d5e3c87b2034c4ad	-66.84179999999999	10	9	243	0.52418048	59	0.7	112	1479	19	0.502848	587	positive_pose_source_case02_pos_04_PVRIG-38	0	WEAK_PRIOR_ONLY	-13.032	2	cluster_1_model_1.pdb.gz	STRICT_A	DESCRIPTIVE_ONLY	0.834	-20.481	-1.221	5.864	0.35	1074.972	1677.49	602.519	23.0	-0.455	7.0	226.0	71.0	0.0	0.366	0.535	0.345	11.05	0.383	14.946	0.0	old_top7500	2	917	QUOTA_SAFE_BACKFILL	/data1/qlyu/projects/pvrig_priority_top7500_dualreceptor_multiseed_docking_results_v1_20260722/top7500_25k/compressed_queue/CANDIDATE_P1MCPUFP__CPUFP500K_0424__00658_8x6b_s917_ad88303c7740.tar.gz	runs/CANDIDATE_P1MCPUFP__CPUFP500K_0424__00658_8x6b_s917_ad88303c7740/haddock_run/6_seletopclusts/cluster_1_model_1.pdb.gz	ad88303c77403a6bcc002f2e52a9d7470eda3a1e9ae80b91c983c14665e8ff7c	8c55751f66ac2930ce115a9419321a2b2bed220b61af2e1671f7ac6e6a2e33b3	CANDIDATE_P1MCPUFP__CPUFP500K_0424__00658_8x6b_s917_ad88303c7740	0.0	Static structure diagnostics only; not experimental affinity, blocking, expression or purity.	191	20
198.178	P1MCPUFP__CPUFP500K_0424__00658	GKLTVPIT	3	IGGGGSIT	6	AASYAGLATSEEVWQF	0.47368421	9	0.94736842	AT	9e6y	115	1508	17	0.959625	600	7	NOT_RUN_CROSS_CANDIDATE_RANK_REJECTED	1	/data/qlyu/projects/pvrig_top7500_dualpanel_screen_v1_20260724/run/static_review/inputs/pdb/CANDIDATE_P1MCPUFP__CPUFP500K_0424__00658_9e6y_s917_82df98b277b2.pdb	5e2de9c279326f2eecd57eb29056c067603d668c333b94475949a73b11a9d64a	-69.08913999999999	6	7	209	0.40778704	47	0.4	117	1495	17	0.52632	585	positive_pose_source_case02_pos_04_PVRIG-38	0	WEAK_PRIOR_ONLY	-12.342	2	cluster_1_model_1.pdb.gz	STRICT_A	DESCRIPTIVE_ONLY	1.037	-4.135	-0.268	46.739	3.029	1104.352	1543.02	438.668	14.0	-0.053	4.0	231.0	70.0	0.0	0.431	0.473	0.392	11.774	0.459	18.373	0.0	old_top7500	3	917	QUOTA_SAFE_BACKFILL	/data1/qlyu/projects/pvrig_priority_top7500_dualreceptor_multiseed_docking_results_v1_20260722/top7500_25k/compressed_queue/CANDIDATE_P1MCPUFP__CPUFP500K_0424__00658_9e6y_s917_82df98b277b2.tar.gz	runs/CANDIDATE_P1MCPUFP__CPUFP500K_0424__00658_9e6y_s917_82df98b277b2/haddock_run/6_seletopclusts/cluster_1_model_1.pdb.gz	82df98b277b2d2e07ebd96a6c9fa18e51e3c0fb4752c282f648a53e7ccdc680a	8c55751f66ac2930ce115a9419321a2b2bed220b61af2e1671f7ac6e6a2e33b3	CANDIDATE_P1MCPUFP__CPUFP500K_0424__00658_9e6y_s917_82df98b277b2	0.0	Static structure diagnostics only; not experimental affinity, blocking, expression or purity.	191	19
292.975	P1MCPUFP__CPUFP500K_0428__00564	WQETGPIP	6	ISADGTLS	5	AASYSGGSFSLSDYKH	0.35	7	0.9	AT	8x6b	83	1632	16	1.080038	619	5	NOT_RUN_CROSS_CANDIDATE_RANK_REJECTED	2	/data/qlyu/projects/pvrig_top7500_dualpanel_screen_v1_20260724/run/static_review/inputs/pdb/CANDIDATE_P1MCPUFP__CPUFP500K_0428__00564_8x6b_s1931_e871f4c02bec.pdb	732a0478fff76731b27d7ecc848ee5225c716a763581ab5664bacc863cb0516b	-64.8683	7	8	276	0.54194931	61	0.7	77	1581	16	0.512063	617	positive_pose_source_case02_pos_04_PVRIG-38	0	WEAK_PRIOR_ONLY	-12.859	3	cluster_1_model_1.pdb.gz	SUPPORTED_AB	DESCRIPTIVE_ONLY	1.666	6.636	0.392	57.072	3.368	1034.007	1694.554	660.548	18.0	-0.047	4.0	226.0	62.0	0.0	3.443	0.601	5.103	147.978	1.985	65.493	0.0	old_top7500	0	1931	QUOTA_SAFE_BACKFILL	/data1/qlyu/projects/pvrig_priority_top7500_dualreceptor_multiseed_docking_results_v1_20260722/top7500_25k/compressed_queue/CANDIDATE_P1MCPUFP__CPUFP500K_0428__00564_8x6b_s1931_e871f4c02bec.tar.gz	runs/CANDIDATE_P1MCPUFP__CPUFP500K_0428__00564_8x6b_s1931_e871f4c02bec/haddock_run/6_seletopclusts/cluster_1_model_1.pdb.gz	e871f4c02bece27982195dc1e2b8c673e829894ab70befd93802d5d0b8bbbd88	8c55751f66ac2930ce115a9419321a2b2bed220b61af2e1671f7ac6e6a2e33b3	CANDIDATE_P1MCPUFP__CPUFP500K_0428__00564_8x6b_s1931_e871f4c02bec	0.0	Static structure diagnostics only; not experimental affinity, blocking, expression or purity.	183	20
170.095	P1MCPUFP__CPUFP500K_0428__00564	WQETGPIP	6	ISADGTLS	2	AASYSGGSFSLSDYKH	0.5	9	0.94444444	AT	9e6y	124	1660	17	0.950873	669	6	NOT_RUN_CROSS_CANDIDATE_RANK_REJECTED	1	/data/qlyu/projects/pvrig_top7500_dualpanel_screen_v1_20260724/run/static_review/inputs/pdb/CANDIDATE_P1MCPUFP__CPUFP500K_0428__00564_9e6y_s1931_fd6fcbc09f4d.pdb	16b79d1218f49e52f06c30d63b2d751e98df0a60e66e8015f71fc726ea752ecd	-59.26702	8	4	206	0.45116865	52	0.8	121	1640	17	0.488211	650	positive_pose_source_case02_pos_04_PVRIG-38	0	WEAK_PRIOR_ONLY	-11.971	4	cluster_1_model_1.pdb.gz	STRICT_A	DESCRIPTIVE_ONLY	2.416	26.625	1.897	51.187	3.647	862.243	1403.615	541.372	16.0	-0.067	4.0	231.0	63.0	0.0	3.322	0.398	6.805	176.925	0.875	32.388	0.0	old_top7500	2	1931	QUOTA_SAFE_BACKFILL	/data1/qlyu/projects/pvrig_priority_top7500_dualreceptor_multiseed_docking_results_v1_20260722/top7500_25k/compressed_queue/CANDIDATE_P1MCPUFP__CPUFP500K_0428__00564_9e6y_s1931_fd6fcbc09f4d.tar.gz	runs/CANDIDATE_P1MCPUFP__CPUFP500K_0428__00564_9e6y_s1931_fd6fcbc09f4d/haddock_run/6_seletopclusts/cluster_1_model_1.pdb.gz	fd6fcbc09f4d7f61919d9b63eace50d5cbad93d3ed018f9906cc118bdb37c160	8c55751f66ac2930ce115a9419321a2b2bed220b61af2e1671f7ac6e6a2e33b3	CANDIDATE_P1MCPUFP__CPUFP500K_0428__00564_9e6y_s1931_fd6fcbc09f4d	0.0	Static structure diagnostics only; not experimental affinity, blocking, expression or purity.	183	18
217.262	P1MCPUFP__CPUFP500K_0428__00717	APFTGPLT	8	ISADGTLT	3	AASEEGGSRDLSDYSH	0.44827586	13	0.82758621	AT	8x6b	77	1420	20	1.087834	564	5	NOT_RUN_CROSS_CANDIDATE_RANK_REJECTED	5	/data/qlyu/projects/pvrig_top7500_dualpanel_screen_v1_20260724/run/static_review/inputs/pdb/CANDIDATE_P1MCPUFP__CPUFP500K_0428__00717_8x6b_s917_fc3625423ca4.pdb	4044ef99902023752b3fa8a60dc263d94e27205507ce1629e9c6c4a0b9968b58	-101.66443	12	4	373	0.72852202	82	0.4	74	1374	20	0.532607	562	positive_pose_source_case02_pos_04_PVRIG-38	0	WEAK_PRIOR_ONLY	-14.186	3	cluster_1_model_1.pdb.gz	SUPPORTED_AB	DESCRIPTIVE_ONLY	0.439	24.978	1.34	38.933	2.089	1017.922	1863.922	846.0	34.0	-0.14	9.0	226.0	72.0	0.0	0.789	0.633	0.947	29.369	0.668	27.407	0.0	old_top7500	3	917	QUOTA_SAFE_BACKFILL	/data1/qlyu/projects/pvrig_priority_top7500_dualreceptor_multiseed_docking_results_v1_20260722/top7500_25k/compressed_queue/CANDIDATE_P1MCPUFP__CPUFP500K_0428__00717_8x6b_s917_fc3625423ca4.tar.gz	runs/CANDIDATE_P1MCPUFP__CPUFP500K_0428__00717_8x6b_s917_fc3625423ca4/haddock_run/6_seletopclusts/cluster_1_model_1.pdb.gz	fc3625423ca4322da6598f4131c9f332ebe488c2e7ea787291fad403134aa209	8c55751f66ac2930ce115a9419321a2b2bed220b61af2e1671f7ac6e6a2e33b3	CANDIDATE_P1MCPUFP__CPUFP500K_0428__00717_8x6b_s917_fc3625423ca4	0.0	Static structure diagnostics only; not experimental affinity, blocking, expression or purity.	192	29
256.437	P1MCPUFP__CPUFP500K_0428__00717	APFTGPLT	7	ISADGTLT	5	AASEEGGSRDLSDYSH	0.21052632	4	0.84210526	AT	9e6y	51	1245	14	0.993174	490	6	NOT_RUN_CROSS_CANDIDATE_RANK_REJECTED	3	/data/qlyu/projects/pvrig_top7500_dualpanel_screen_v1_20260724/run/static_review/inputs/pdb/CANDIDATE_P1MCPUFP__CPUFP500K_0428__00717_9e6y_s917_a27ff2435a43.pdb	d1d53d065dfb6172ed05a55e743a79741b7e9e8a01ebca3e9f2825a81f757e05	-65.48579999999998	10	4	243	0.45116865	52	0.3	58	1223	14	0.573093	499	positive_pose_source_case02_pos_04_PVRIG-38	0	WEAK_PRIOR_ONLY	-10.428	3	cluster_1_model_1.pdb.gz	SUPPORTED_AB	DESCRIPTIVE_ONLY	1.078	33.067	2.386	13.936	1.006	912.92	1385.798	472.878	11.0	-0.062	1.0	231.0	56.0	0.0	1.969	0.672	2.121	48.781	1.862	61.462	0.0	old_top7500	5	917	QUOTA_SAFE_BACKFILL	/data1/qlyu/projects/pvrig_priority_top7500_dualreceptor_multiseed_docking_results_v1_20260722/top7500_25k/compressed_queue/CANDIDATE_P1MCPUFP__CPUFP500K_0428__00717_9e6y_s917_a27ff2435a43.tar.gz	runs/CANDIDATE_P1MCPUFP__CPUFP500K_0428__00717_9e6y_s917_a27ff2435a43/haddock_run/6_seletopclusts/cluster_1_model_1.pdb.gz	a27ff2435a43493af8a74016157683ee4ee46f514da782b580e0c49cbc9235b6	8c55751f66ac2930ce115a9419321a2b2bed220b61af2e1671f7ac6e6a2e33b3	CANDIDATE_P1MCPUFP__CPUFP500K_0428__00717_9e6y_s917_a27ff2435a43	0.0	Static structure diagnostics only; not experimental affinity, blocking, expression or purity.	192	19
249.979	P1MCPUFP__CPUFP500K_0428__00820	FPETGPIT	8	ISADGSLT	5	AASERGGSSDLADYQY	0.41666667	10	0.95833333	AT	8x6b	84	1407	19	1.058613	539	6	NOT_RUN_CROSS_CANDIDATE_RANK_REJECTED	1	/data/qlyu/projects/pvrig_top7500_dualpanel_screen_v1_20260724/run/static_review/inputs/pdb/CANDIDATE_P1MCPUFP__CPUFP500K_0428__00820_8x6b_s917_b1f43827ccde.pdb	891a94c19021190ed5ac429c86b6ae3de5a28b4d46bbd9af5cc835ac77658e34	-69.80552	8	4	257	0.56860255	64	0.5	88	1407	19	0.454353	553	positive_pose_source_case02_pos_04_PVRIG-38	0	WEAK_PRIOR_ONLY	-12.635	2	cluster_1_model_1.pdb.gz	SUPPORTED_AB	DESCRIPTIVE_ONLY	0.622	-6.051	-0.395	11.882	0.776	846.899	1530.511	683.611	12.0	-0.239	4.0	226.0	66.0	0.0	0.163	0.648	0.076	2.42	0.245	8.343	0.0	old_top7500	4	917	STRUCTURAL_RESERVE	/data1/qlyu/projects/pvrig_priority_top7500_dualreceptor_multiseed_docking_results_v1_20260722/top7500_25k/compressed_queue/CANDIDATE_P1MCPUFP__CPUFP500K_0428__00820_8x6b_s917_b1f43827ccde.tar.gz	runs/CANDIDATE_P1MCPUFP__CPUFP500K_0428__00820_8x6b_s917_b1f43827ccde/haddock_run/6_seletopclusts/cluster_1_model_1.pdb.gz	b1f43827ccdeb44512bf60bde76f5c318d3217d109c01bd7c8af8b9850954650	8c55751f66ac2930ce115a9419321a2b2bed220b61af2e1671f7ac6e6a2e33b3	CANDIDATE_P1MCPUFP__CPUFP500K_0428__00820_8x6b_s917_b1f43827ccde	0.0	Static structure diagnostics only; not experimental affinity, blocking, expression or purity.	178	24
102.241	P1MCPUFP__CPUFP500K_0428__00820	FPETGPIT	4	ISADGSLT	6	AASERGGSSDLADYQY	0.45	9	0.95	AT	9e6y	99	1575	16	0.954212	603	6	NOT_RUN_CROSS_CANDIDATE_RANK_REJECTED	1	/data/qlyu/projects/pvrig_top7500_dualpanel_screen_v1_20260724/run/static_review/inputs/pdb/CANDIDATE_P1MCPUFP__CPUFP500K_0428__00820_9e6y_s1931_8e1b55d26fcd.pdb	a65a935aa6397dcc51e5e07971c47fcc9242a9aa2f5231ffa42b945c90914f16	-78.67866900000001	9	1	228	0.40778704	47	0.5	104	1584	16	0.5709	606	positive_pose_source_case02_pos_04_PVRIG-38	0	WEAK_PRIOR_ONLY	-11.104	2	cluster_1_model_1.pdb.gz	SUPPORTED_AB	DESCRIPTIVE_ONLY	0.768	-8.806	-0.681	1.677	0.13	692.5	1293.109	600.609	16.0	-2.279	5.0	231.0	60.0	0.0	0.859	0.607	1.328	37.189	0.449	14.378	0.0	old_top7500	11	1931	STRUCTURAL_RESERVE	/data1/qlyu/projects/pvrig_priority_top7500_dualreceptor_multiseed_docking_results_v1_20260722/top7500_25k/compressed_queue/CANDIDATE_P1MCPUFP__CPUFP500K_0428__00820_9e6y_s1931_8e1b55d26fcd.tar.gz	runs/CANDIDATE_P1MCPUFP__CPUFP500K_0428__00820_9e6y_s1931_8e1b55d26fcd/haddock_run/6_seletopclusts/cluster_1_model_1.pdb.gz	8e1b55d26fcd30f76644a6320bed23992c07e0fbb55d468b6cbcb203c5e58bb0	8c55751f66ac2930ce115a9419321a2b2bed220b61af2e1671f7ac6e6a2e33b3	CANDIDATE_P1MCPUFP__CPUFP500K_0428__00820_9e6y_s1931_8e1b55d26fcd	0.0	Static structure diagnostics only; not experimental affinity, blocking, expression or purity.	178	20
172.664	P1MCPUFP__CPUFP500K_0432__00378	GDFSGPLD	3	ISASGKIY	5	AASSYGGSSDPYEWEY	0.33333333	5	0.86666667	AT	8x6b	114	1453	15	1.059777	567	4	NOT_RUN_CROSS_CANDIDATE_RANK_REJECTED	2	/data/qlyu/projects/pvrig_top7500_dualpanel_screen_v1_20260724/run/static_review/inputs/pdb/CANDIDATE_P1MCPUFP__CPUFP500K_0432__00378_8x6b_s1931_5a5581b91d22.pdb	7a4837bb5eb847de33af0ab7322183b96e4ccc14d2c7d27a6a4024106ce59431	-62.324899999999985	7	5	175	0.32872335	37	0.7	111	1453	15	0.496458	565	positive_pose_source_case02_pos_04_PVRIG-38	0	WEAK_PRIOR_ONLY	-9.738	2	cluster_1_model_1.pdb.gz	STRICT_A	DESCRIPTIVE_ONLY	0.534	-16.286	-1.216	9.461	0.706	806.931	1339.461	532.529	12.0	-0.133	2.0	226.0	52.0	0.0	0.838	0.653	1.497	37.42	0.228	6.164	0.0	old_top7500	3	1931	PARENT_CDR3_DIVERSITY	/data1/qlyu/projects/pvrig_priority_top7500_dualreceptor_multiseed_docking_results_v1_20260722/top7500_25k/compressed_queue/CANDIDATE_P1MCPUFP__CPUFP500K_0432__00378_8x6b_s1931_5a5581b91d22.tar.gz	runs/CANDIDATE_P1MCPUFP__CPUFP500K_0432__00378_8x6b_s1931_5a5581b91d22/haddock_run/6_seletopclusts/cluster_1_model_1.pdb.gz	5a5581b91d22cae3df37f627ff8be46b47aac66de56f5a55b7afe37ea14d9373	8c55751f66ac2930ce115a9419321a2b2bed220b61af2e1671f7ac6e6a2e33b3	CANDIDATE_P1MCPUFP__CPUFP500K_0432__00378_8x6b_s1931_5a5581b91d22	0.0	Static structure diagnostics only; not experimental affinity, blocking, expression or purity.	141	15
284.034	P1MCPUFP__CPUFP500K_0432__00378	GDFSGPLD	5	ISASGKIY	4	AASSYGGSSDPYEWEY	0.44444444	8	0.94444444	AT	9e6y	117	1497	18	0.968172	566	3	NOT_RUN_CROSS_CANDIDATE_RANK_REJECTED	1	/data/qlyu/projects/pvrig_top7500_dualpanel_screen_v1_20260724/run/static_review/inputs/pdb/CANDIDATE_P1MCPUFP__CPUFP500K_0432__00378_9e6y_s917_d4b20227a036.pdb	f4bfe49adb113fa758086e825e9819aab280306b645c5d3d5c81476798ad941d	-79.03622	11	5	254	0.44249233	51	0.8	122	1488	18	0.533314	580	positive_pose_source_case02_pos_04_PVRIG-38	0	WEAK_PRIOR_ONLY	-10.143	2	cluster_1_model_1.pdb.gz	STRICT_A	DESCRIPTIVE_ONLY	1.099	19.561	1.33	55.009	3.741	844.393	1470.5	626.107	17.0	-0.062	3.0	231.0	59.0	0.0	2.243	0.665	3.755	101.393	0.967	30.948	0.0	old_top7500	4	917	PARENT_CDR3_DIVERSITY	/data1/qlyu/projects/pvrig_priority_top7500_dualreceptor_multiseed_docking_results_v1_20260722/top7500_25k/compressed_queue/CANDIDATE_P1MCPUFP__CPUFP500K_0432__00378_9e6y_s917_d4b20227a036.tar.gz	runs/CANDIDATE_P1MCPUFP__CPUFP500K_0432__00378_9e6y_s917_d4b20227a036/haddock_run/6_seletopclusts/cluster_1_model_1.pdb.gz	d4b20227a0368372abd6cd7661f10ee1c054befc242d54cc68261f64c6b7fab6	8c55751f66ac2930ce115a9419321a2b2bed220b61af2e1671f7ac6e6a2e33b3	CANDIDATE_P1MCPUFP__CPUFP500K_0432__00378_9e6y_s917_d4b20227a036	0.0	Static structure diagnostics only; not experimental affinity, blocking, expression or purity.	141	18
209.504	P1MCPUFP__CPUFP500K_0432__00670	GSFSGPLD	7	ISASGKIK	5	AASDRGMTADPDEPQY	0.27777778	5	0.94444444	AT	8x6b	124	1811	15	1.04224	748	4	NOT_RUN_CROSS_CANDIDATE_RANK_REJECTED	1	/data/qlyu/projects/pvrig_top7500_dualpanel_screen_v1_20260724/run/static_review/inputs/pdb/CANDIDATE_P1MCPUFP__CPUFP500K_0432__00670_8x6b_s1931_75cfcfecfa84.pdb	d1af86632fb696d37ca8e973be4bb6521adc0c82d6ea555f7b38fdfffa8599bd	-69.51218	4	5	223	0.54194931	61	0.9	128	1803	15	0.431445	745	positive_pose_source_case02_pos_04_PVRIG-38	0	WEAK_PRIOR_ONLY	-11.238	3	cluster_1_model_1.pdb.gz	STRICT_A	DESCRIPTIVE_ONLY	0.891	-4.178	-0.273	12.885	0.842	965.691	1530.111	564.42	16.0	-0.376	6.0	226.0	63.0	0.0	1.022	0.615	2.098	54.558	0.266	9.835	0.0	old_top7500	2	1931	PARENT_CDR3_DIVERSITY	/data1/qlyu/projects/pvrig_priority_top7500_dualreceptor_multiseed_docking_results_v1_20260722/top7500_25k/compressed_queue/CANDIDATE_P1MCPUFP__CPUFP500K_0432__00670_8x6b_s1931_75cfcfecfa84.tar.gz	runs/CANDIDATE_P1MCPUFP__CPUFP500K_0432__00670_8x6b_s1931_75cfcfecfa84/haddock_run/6_seletopclusts/cluster_1_model_1.pdb.gz	75cfcfecfa8432aa46112d1f713414fce2f958e92be6f4fc22091afa46ee1b00	8c55751f66ac2930ce115a9419321a2b2bed220b61af2e1671f7ac6e6a2e33b3	CANDIDATE_P1MCPUFP__CPUFP500K_0432__00670_8x6b_s1931_75cfcfecfa84	0.0	Static structure diagnostics only; not experimental affinity, blocking, expression or purity.	146	18
269.448	P1MCPUFP__CPUFP500K_0432__00670	GSFSGPLD	8	ISASGKIK	6	AASDRGMTADPDEPQY	0.18181818	4	0.81818182	AT	9e6y	126	1559	17	0.994068	644	5	NOT_RUN_CROSS_CANDIDATE_RANK_REJECTED	4	/data/qlyu/projects/pvrig_top7500_dualpanel_screen_v1_20260724/run/static_review/inputs/pdb/CANDIDATE_P1MCPUFP__CPUFP500K_0432__00670_9e6y_s917_36e7cb656bb0.pdb	f35ca742dbb10de384a05e788f5ce8dc8697ec56d0a53ec743d0594711ea50a3	-67.57605999999998	14	6	295	0.58131345	67	1.0	128	1606	17	0.645368	648	positive_pose_source_case02_pos_04_PVRIG-38	0	WEAK_PRIOR_ONLY	-11.713	3	cluster_1_model_1.pdb.gz	STRICT_A	DESCRIPTIVE_ONLY	1.818	14.821	0.903	24.243	1.478	998.724	1640.792	642.068	14.0	-0.177	5.0	231.0	69.0	0.0	1.44	0.676	3.311	96.022	0.083	3.311	0.0	old_top7500	5	917	PARENT_CDR3_DIVERSITY	/data1/qlyu/projects/pvrig_priority_top7500_dualreceptor_multiseed_docking_results_v1_20260722/top7500_25k/compressed_queue/CANDIDATE_P1MCPUFP__CPUFP500K_0432__00670_9e6y_s917_36e7cb656bb0.tar.gz	runs/CANDIDATE_P1MCPUFP__CPUFP500K_0432__00670_9e6y_s917_36e7cb656bb0/haddock_run/6_seletopclusts/cluster_1_model_1.pdb.gz	36e7cb656bb0bed818a146e37d773ea4963d85b2838ddaebdc91e89a1483a19f	8c55751f66ac2930ce115a9419321a2b2bed220b61af2e1671f7ac6e6a2e33b3	CANDIDATE_P1MCPUFP__CPUFP500K_0432__00670_9e6y_s917_36e7cb656bb0	0.0	Static structure diagnostics only; not experimental affinity, blocking, expression or purity.	146	22
141.456	P1MCPUFP__CPUFP500K_0432__00713	GPFSGLLD	7	ISASGKIS	4	AASDRGMSADSQEWQY	0.47826087	11	0.95652174	AT	8x6b	118	1575	18	1.083296	645	5	NOT_RUN_CROSS_CANDIDATE_RANK_REJECTED	1	/data/qlyu/projects/pvrig_top7500_dualpanel_screen_v1_20260724/run/static_review/inputs/pdb/CANDIDATE_P1MCPUFP__CPUFP500K_0432__00713_8x6b_s1931_0602ce45c80a.pdb	f30256ac2822b996acee0af8de4e6270c059e0f64350eff7d5d52ebcef0694e5	-58.85946	10	2	229	0.51529606	58	0.8	122	1580	18	0.605276	647	positive_pose_source_case02_pos_04_PVRIG-38	0	WEAK_PRIOR_ONLY	-12.545	4	cluster_1_model_1.pdb.gz	STRICT_A	DESCRIPTIVE_ONLY	0.881	-11.281	-0.751	33.19	2.209	848.65	1502.549	653.899	16.0	-0.209	8.0	226.0	60.0	0.0	1.88	0.507	2.125	61.629	1.65	51.16	0.0	old_top7500	6	1931	PARENT_CDR3_DIVERSITY	/data1/qlyu/projects/pvrig_priority_top7500_dualreceptor_multiseed_docking_results_v1_20260722/top7500_25k/compressed_queue/CANDIDATE_P1MCPUFP__CPUFP500K_0432__00713_8x6b_s1931_0602ce45c80a.tar.gz	runs/CANDIDATE_P1MCPUFP__CPUFP500K_0432__00713_8x6b_s1931_0602ce45c80a/haddock_run/6_seletopclusts/cluster_1_model_1.pdb.gz	0602ce45c80a003758e25fc02a021683a11bba49e23cd0648c6dcb3cf8448546	8c55751f66ac2930ce115a9419321a2b2bed220b61af2e1671f7ac6e6a2e33b3	CANDIDATE_P1MCPUFP__CPUFP500K_0432__00713_8x6b_s1931_0602ce45c80a	0.0	Static structure diagnostics only; not experimental affinity, blocking, expression or purity.	153	23
344.324	P1MCPUFP__CPUFP500K_0432__00713	GPFSGLLD	6	ISASGKIS	5	AASDRGMSADSQEWQY	0.45454545	10	0.95454545	AT	9e6y	95	1508	17	0.939508	633	4	NOT_RUN_CROSS_CANDIDATE_RANK_REJECTED	1	/data/qlyu/projects/pvrig_top7500_dualpanel_screen_v1_20260724/run/static_review/inputs/pdb/CANDIDATE_P1MCPUFP__CPUFP500K_0432__00713_9e6y_s917_d8e32a74bbd6.pdb	51a28e217c50be932b19abcdd545cbb21f89b45dc83a01090859c00a70023e0a	-57.2829	7	7	215	0.46852129	54	0.7	98	1592	17	0.500854	637	positive_pose_source_case02_pos_04_PVRIG-38	0	WEAK_PRIOR_ONLY	-10.555	3	cluster_1_model_1.pdb.gz	SUPPORTED_AB	DESCRIPTIVE_ONLY	0.985	-9.219	-0.63	2.882	0.197	914.284	1464.155	549.871	20.0	-1.127	5.0	231.0	54.0	0.0	1.878	0.662	2.6	70.192	1.156	31.215	0.0	old_top7500	5	917	PARENT_CDR3_DIVERSITY	/data1/qlyu/projects/pvrig_priority_top7500_dualreceptor_multiseed_docking_results_v1_20260722/top7500_25k/compressed_queue/CANDIDATE_P1MCPUFP__CPUFP500K_0432__00713_9e6y_s917_d8e32a74bbd6.tar.gz	runs/CANDIDATE_P1MCPUFP__CPUFP500K_0432__00713_9e6y_s917_d8e32a74bbd6/haddock_run/6_seletopclusts/cluster_1_model_1.pdb.gz	d8e32a74bbd6263949e86f10abfe02d876405fca21f4c661d86cfd3cd8a5862f	8c55751f66ac2930ce115a9419321a2b2bed220b61af2e1671f7ac6e6a2e33b3	CANDIDATE_P1MCPUFP__CPUFP500K_0432__00713_9e6y_s917_d8e32a74bbd6	0.0	Static structure diagnostics only; not experimental affinity, blocking, expression or purity.	153	22
317.558	P1MCPUFP__CPUFP500K_0432__00757	GSWSGPLD	7	ISASGKQV	3	AVSSRGMTSDPADWEY	0.45454545	10	0.90909091	AT	8x6b	118	1630	19	1.027362	660	5	NOT_RUN_CROSS_CANDIDATE_RANK_REJECTED	2	/data/qlyu/projects/pvrig_top7500_dualpanel_screen_v1_20260724/run/static_review/inputs/pdb/CANDIDATE_P1MCPUFP__CPUFP500K_0432__00757_8x6b_s917_1e8b77f93713.pdb	a4a8986133aa748af621dc1a09d84ab9ab631ed63c614b665a122cd2bccf1d12	-70.8897	9	8	278	0.56860255	64	0.8	116	1641	19	0.497972	671	positive_pose_source_case02_pos_04_PVRIG-38	0	WEAK_PRIOR_ONLY	-10.969	4	cluster_1_model_1.pdb.gz	STRICT_A	DESCRIPTIVE_ONLY	1.597	9.764	0.575	64.665	3.81	902.524	1697.149	794.625	17.0	-0.053	4.0	226.0	66.0	0.0	2.325	0.617	3.412	105.777	1.361	47.648	0.0	old_top7500	0	917	PARENT_CDR3_DIVERSITY	/data1/qlyu/projects/pvrig_priority_top7500_dualreceptor_multiseed_docking_results_v1_20260722/top7500_25k/compressed_queue/CANDIDATE_P1MCPUFP__CPUFP500K_0432__00757_8x6b_s917_1e8b77f93713.tar.gz	runs/CANDIDATE_P1MCPUFP__CPUFP500K_0432__00757_8x6b_s917_1e8b77f93713/haddock_run/6_seletopclusts/cluster_1_model_1.pdb.gz	1e8b77f9371324b7f0ea5155a1b5b004d5107badc048a7ac3635dbb3f340b502	8c55751f66ac2930ce115a9419321a2b2bed220b61af2e1671f7ac6e6a2e33b3	CANDIDATE_P1MCPUFP__CPUFP500K_0432__00757_8x6b_s917_1e8b77f93713	0.0	Static structure diagnostics only; not experimental affinity, blocking, expression or purity.	156	22
236.949	P1MCPUFP__CPUFP500K_0432__00757	GSWSGPLD	7	ISASGKQV	0	AVSSRGMTSDPADWEY	0.52941176	9	0.94117647	AT	9e6y	120	1448	20	0.960116	617	4	NOT_RUN_CROSS_CANDIDATE_RANK_REJECTED	1	/data/qlyu/projects/pvrig_top7500_dualpanel_screen_v1_20260724/run/static_review/inputs/pdb/CANDIDATE_P1MCPUFP__CPUFP500K_0432__00757_9e6y_s1931_71a87a072cc6.pdb	2fafbc5319345da3f20080ac290403c0e3a475d215e81d57017069b1f31bb8b0	-80.87920000000001	10	6	322	0.47719761	55	0.8	112	1428	20	0.510693	605	positive_pose_source_case02_pos_04_PVRIG-38	0	WEAK_PRIOR_ONLY	-10.298	3	cluster_1_model_1.pdb.gz	STRICT_A	DESCRIPTIVE_ONLY	1.442	36.687	2.24	86.265	5.267	936.63	1637.984	701.354	12.0	-0.042	2.0	231.0	63.0	0.0	3.513	0.589	5.221	135.744	2.313	85.583	0.0	old_top7500	1	1931	PARENT_CDR3_DIVERSITY	/data1/qlyu/projects/pvrig_priority_top7500_dualreceptor_multiseed_docking_results_v1_20260722/top7500_25k/compressed_queue/CANDIDATE_P1MCPUFP__CPUFP500K_0432__00757_9e6y_s1931_71a87a072cc6.tar.gz	runs/CANDIDATE_P1MCPUFP__CPUFP500K_0432__00757_9e6y_s1931_71a87a072cc6/haddock_run/6_seletopclusts/cluster_1_model_1.pdb.gz	71a87a072cc66c2aaa95435bfe78d22284b14e632ae41b044c558fa654073887	8c55751f66ac2930ce115a9419321a2b2bed220b61af2e1671f7ac6e6a2e33b3	CANDIDATE_P1MCPUFP__CPUFP500K_0432__00757_9e6y_s1931_71a87a072cc6	0.0	Static structure diagnostics only; not experimental affinity, blocking, expression or purity.	156	17
242.794	P1MCPUFP__CPUFP500K_0480__00342	GSLFGSGPFD	7	IDSHGTT	2	AAGAQPRGSVPMTESGYSY	0.47619048	10	0.9047619	AT	8x6b	167	1653	21	1.079705	659	3	NOT_RUN_CROSS_CANDIDATE_RANK_REJECTED	2	/data/qlyu/projects/pvrig_top7500_dualpanel_screen_v1_20260724/run/static_review/inputs/pdb/CANDIDATE_P1MCPUFP__CPUFP500K_0480__00342_8x6b_s1931_c1cd69911e29.pdb	6b620257cc676285d24c272481d3f474813f6cd0462fb917d7a33be200604ff7	-69.93108000000001	8	5	245	0.56831993	65	1.0	167	1604	21	0.558488	663	positive_pose_source_case02_pos_10_151H7	0	WEAK_PRIOR_ONLY	-11.368	2	cluster_1_model_1.pdb.gz	STRICT_A	DESCRIPTIVE_ONLY	0.825	-11.782	-0.739	19.624	1.23	982.469	1595.318	612.849	10.0	-0.334	8.0	230.0	67.0	0.0	0.786	0.618	1.552	46.564	0.165	6.116	0.0	old_top7500	0	1931	STRUCTURAL_RESERVE	/data1/qlyu/projects/pvrig_priority_top7500_dualreceptor_multiseed_docking_results_v1_20260722/top7500_25k/compressed_queue/CANDIDATE_P1MCPUFP__CPUFP500K_0480__00342_8x6b_s1931_c1cd69911e29.tar.gz	runs/CANDIDATE_P1MCPUFP__CPUFP500K_0480__00342_8x6b_s1931_c1cd69911e29/haddock_run/6_seletopclusts/cluster_1_model_1.pdb.gz	c1cd69911e298ec153bad615d3cb4a954babf3b2433031f055ecdb64f35a56df	8c55751f66ac2930ce115a9419321a2b2bed220b61af2e1671f7ac6e6a2e33b3	CANDIDATE_P1MCPUFP__CPUFP500K_0480__00342_8x6b_s1931_c1cd69911e29	0.0	Static structure diagnostics only; not experimental affinity, blocking, expression or purity.	161	21
199.156	P1MCPUFP__CPUFP500K_0480__00342	GSLFGSGPFD	7	IDSHGTT	0	AAGAQPRGSVPMTESGYSY	0.52380952	11	0.85714286	AT	9e6y	167	1658	19	0.997705	683	3	NOT_RUN_CROSS_CANDIDATE_RANK_REJECTED	3	/data/qlyu/projects/pvrig_top7500_dualpanel_screen_v1_20260724/run/static_review/inputs/pdb/CANDIDATE_P1MCPUFP__CPUFP500K_0480__00342_9e6y_s3253_de5b0df1bd3f.pdb	eca890f1a595dda329ead5fffa6c437add9678338a00978abb911e5f5baeff6d	-80.01129999999999	8	4	217	0.47816115	56	1.0	156	1651	19	0.674247	648	positive_pose_source_case02_pos_10_151H7	0	WEAK_PRIOR_ONLY	-11.068	2	cluster_1_model_1.pdb.gz	STRICT_A	DESCRIPTIVE_ONLY	1.435	-4.656	-0.305	39.533	2.592	910.587	1525.061	614.474	17.0	-0.031	3.0	235.0	65.0	0.0	1.55	0.606	1.989	55.695	1.217	45.047	0.0	old_top7500	0	3253	STRUCTURAL_RESERVE	/data1/qlyu/projects/pvrig_priority_top7500_dualreceptor_multiseed_docking_results_v1_20260722/top7500_25k/compressed_queue/CANDIDATE_P1MCPUFP__CPUFP500K_0480__00342_9e6y_s3253_de5b0df1bd3f.tar.gz	runs/CANDIDATE_P1MCPUFP__CPUFP500K_0480__00342_9e6y_s3253_de5b0df1bd3f/haddock_run/6_seletopclusts/cluster_1_model_1.pdb.gz	de5b0df1bd3f1717890e30ddc3eac82b7e0b4a0e5a98bcffc5a2f61c281b86c5	8c55751f66ac2930ce115a9419321a2b2bed220b61af2e1671f7ac6e6a2e33b3	CANDIDATE_P1MCPUFP__CPUFP500K_0480__00342_9e6y_s3253_de5b0df1bd3f	0.0	Static structure diagnostics only; not experimental affinity, blocking, expression or purity.	161	21
109.938	P1MCPUFP__CPUFP500K_0484__00056	GSGARTGREQ	7	IDYLGRV	0	AMSPDPSRVVPTTEEGYEV	0.47368421	9	0.84210526	AT	8x6b	196	1527	19	1.091551	600	2	NOT_RUN_CROSS_CANDIDATE_RANK_REJECTED	3	/data/qlyu/projects/pvrig_top7500_dualpanel_screen_v1_20260724/run/static_review/inputs/pdb/CANDIDATE_P1MCPUFP__CPUFP500K_0484__00056_8x6b_s3047_0125c4e021fc.pdb	50d997b80cb4bcfa0b31861c3a67067cd3bb6864d57b8bee2a65b15affdbd44f	-64.15298000000001	7	1	205	0.46339932	53	0.9	196	1544	19	0.543386	612	positive_pose_source_case02_pos_10_151H7	0	WEAK_PRIOR_ONLY	-10.246	2	cluster_1_model_1.pdb.gz	STRICT_A	DESCRIPTIVE_ONLY	1.276	6.057	0.416	28.57	1.961	845.156	1456.912	611.756	17.0	-0.037	3.0	230.0	68.0	0.0	0.896	0.53	2.454	71.153	-0.263	-10.256	0.0	c2_four_seed	0	3047	CORE_EXPLOITATION	/data1/qlyu/projects/pvrig_c2_new4220_seed42_3047_docking_results_v1_20260723/c2_new4220_seed42_3047/compressed_queue/CANDIDATE_P1MCPUFP__CPUFP500K_0484__00056_8x6b_s3047_0125c4e021fc.tar.gz	runs/CANDIDATE_P1MCPUFP__CPUFP500K_0484__00056_8x6b_s3047_0125c4e021fc/haddock_run/6_seletopclusts/cluster_1_model_1.pdb.gz	0125c4e021fcc63bc2387c1524a36cfbfb0ae22f51df2a82cff9739bfda6443a	8c55751f66ac2930ce115a9419321a2b2bed220b61af2e1671f7ac6e6a2e33b3	CANDIDATE_P1MCPUFP__CPUFP500K_0484__00056_8x6b_s3047_0125c4e021fc	0.0	Static structure diagnostics only; not experimental affinity, blocking, expression or purity.	85	19
261.193	P1MCPUFP__CPUFP500K_0484__00056	GSGARTGREQ	6	IDYLGRV	3	AMSPDPSRVVPTTEEGYEV	0.44444444	8	0.94444444	AT	9e6y	177	1619	19	0.913186	662	3	NOT_RUN_CROSS_CANDIDATE_RANK_REJECTED	1	/data/qlyu/projects/pvrig_top7500_dualpanel_screen_v1_20260724/run/static_review/inputs/pdb/CANDIDATE_P1MCPUFP__CPUFP500K_0484__00056_9e6y_s917_d1c66e0a4df1.pdb	b6a1ef4e0b83a9df6adb24cde4c418f4ba345dc91892177a16b58314fcd2be09	-65.7993	6	3	222	0.52085411	61	1.0	171	1668	19	0.545302	658	positive_pose_source_case02_pos_10_151H7	0	WEAK_PRIOR_ONLY	-9.697	2	cluster_1_model_1.pdb.gz	STRICT_A	DESCRIPTIVE_ONLY	2.183	-2.819	-0.183	20.446	1.327	918.863	1541.112	622.249	14.0	-0.057	3.0	235.0	69.0	0.0	1.003	0.598	2.783	83.491	-0.367	-14.301	0.0	c2_four_seed	2	917	CORE_EXPLOITATION	/data1/qlyu/projects/pvrig_c2_new6220_dualreceptor_2seed_docking_results_v1_20260723/c2_new4220/compressed_queue/CANDIDATE_P1MCPUFP__CPUFP500K_0484__00056_9e6y_s917_d1c66e0a4df1.tar.gz	runs/CANDIDATE_P1MCPUFP__CPUFP500K_0484__00056_9e6y_s917_d1c66e0a4df1/haddock_run/6_seletopclusts/cluster_1_model_1.pdb.gz	d1c66e0a4df1a32b76010a4dcdb7d8292131e3e04625227eb37d1981cb36d2a1	8c55751f66ac2930ce115a9419321a2b2bed220b61af2e1671f7ac6e6a2e33b3	CANDIDATE_P1MCPUFP__CPUFP500K_0484__00056_9e6y_s917_d1c66e0a4df1	0.0	Static structure diagnostics only; not experimental affinity, blocking, expression or purity.	85	18
174.032	P1MCPUFP__CPUFP500K_0487__00827	GGRSSPSGRG	4	ISSSGTE	0	ALGESGSPSPPLDPRGYAY	0.65	13	0.85	AT	8x6b	143	1438	16	1.04742	582	2	NOT_RUN_CROSS_CANDIDATE_RANK_REJECTED	3	/data/qlyu/projects/pvrig_top7500_dualpanel_screen_v1_20260724/run/static_review/inputs/pdb/CANDIDATE_P1MCPUFP__CPUFP500K_0487__00827_8x6b_s3253_388e84a72fe9.pdb	bc9639f63f0018ecd06f127b5964e56812b152910cee684f506b9957c9021dae	-71.8241	8	2	271	0.46339932	53	0.9	141	1425	16	0.438337	587	positive_pose_source_case02_pos_11_151H8	0	WEAK_PRIOR_ONLY	-10.65	2	cluster_1_model_1.pdb.gz	STRICT_A	DESCRIPTIVE_ONLY	0.682	-9.643	-0.671	-2.25	-0.157	891.161	1436.632	545.471	17.0	1.269	3.0	230.0	62.0	0.0	0.919	0.695	2.224	60.046	-0.088	-3.069	0.0	old_top7500	3	3253	PARENT_CDR3_DIVERSITY	/data1/qlyu/projects/pvrig_priority_top7500_dualreceptor_multiseed_docking_results_v1_20260722/top7500_25k/compressed_queue/CANDIDATE_P1MCPUFP__CPUFP500K_0487__00827_8x6b_s3253_388e84a72fe9.tar.gz	runs/CANDIDATE_P1MCPUFP__CPUFP500K_0487__00827_8x6b_s3253_388e84a72fe9/haddock_run/6_seletopclusts/cluster_1_model_1.pdb.gz	388e84a72fe95b43504ddd28d0acad843507096d584f2cf37658bfee70b1cf67	8c55751f66ac2930ce115a9419321a2b2bed220b61af2e1671f7ac6e6a2e33b3	CANDIDATE_P1MCPUFP__CPUFP500K_0487__00827_8x6b_s3253_388e84a72fe9	0.0	Static structure diagnostics only; not experimental affinity, blocking, expression or purity.	136	20
290.895	P1MCPUFP__CPUFP500K_0487__00827	GGRSSPSGRG	4	ISSSGTE	0	ALGESGSPSPPLDPRGYAY	0.61111111	11	0.83333333	AT	9e6y	173	1727	17	0.915313	722	1	NOT_RUN_CROSS_CANDIDATE_RANK_REJECTED	3	/data/qlyu/projects/pvrig_top7500_dualpanel_screen_v1_20260724/run/static_review/inputs/pdb/CANDIDATE_P1MCPUFP__CPUFP500K_0487__00827_9e6y_s917_ac20f08f15b3.pdb	caa0f66b69f9fa3c0328eb9a99fe26fdba3a3473b2f7a66480292f6ddc7b27e7	-63.5886	7	5	283	0.44400678	52	1.0	167	1660	17	0.474408	697	positive_pose_source_case02_pos_11_151H8	0	WEAK_PRIOR_ONLY	-10.94	2	cluster_1_model_1.pdb.gz	STRICT_A	DESCRIPTIVE_ONLY	0.97	4.549	0.345	23.878	1.812	769.236	1317.651	548.416	15.0	-0.118	3.0	235.0	70.0	0.0	0.68	0.734	0.916	31.139	0.458	16.492	0.0	old_top7500	3	917	PARENT_CDR3_DIVERSITY	/data1/qlyu/projects/pvrig_priority_top7500_dualreceptor_multiseed_docking_results_v1_20260722/top7500_25k/compressed_queue/CANDIDATE_P1MCPUFP__CPUFP500K_0487__00827_9e6y_s917_ac20f08f15b3.tar.gz	runs/CANDIDATE_P1MCPUFP__CPUFP500K_0487__00827_9e6y_s917_ac20f08f15b3/haddock_run/6_seletopclusts/cluster_1_model_1.pdb.gz	ac20f08f15b3199025e1ff1622ac5fb79bd01399bc636d4be57e02df5dc216e2	8c55751f66ac2930ce115a9419321a2b2bed220b61af2e1671f7ac6e6a2e33b3	CANDIDATE_P1MCPUFP__CPUFP500K_0487__00827_9e6y_s917_ac20f08f15b3	0.0	Static structure diagnostics only; not experimental affinity, blocking, expression or purity.	136	18
238.104	P1MCPUFP__CPUFP500K_0496__00394	GPGFRGGPWS	6	VDWAGTT	0	AAGFLGSTTVPTTGSGWSF	0.45833333	11	0.70833333	AT	8x6b	162	1681	17	1.05738	673	5	NOT_RUN_CROSS_CANDIDATE_RANK_REJECTED	7	/data/qlyu/projects/pvrig_top7500_dualpanel_screen_v1_20260724/run/static_review/inputs/pdb/CANDIDATE_P1MCPUFP__CPUFP500K_0496__00394_8x6b_s917_7b404a6e68f0.pdb	ae238d199960bffe045fedc5e497248f09877d4a88b6c7271d05eb93accfd5a7	-84.8653	9	6	229	0.48088609	55	0.8	163	1709	17	0.464911	691	positive_pose_source_case02_pos_01_PVRIG-151_HR151	0	WEAK_PRIOR_ONLY	-10.304	2	cluster_1_model_1.pdb.gz	STRICT_A	DESCRIPTIVE_ONLY	0.926	-14.262	-0.858	-3.513	-0.211	887.634	1661.789	774.155	6.0	2.631	9.0	230.0	66.0	0.0	0.97	0.532	1.502	49.57	0.438	14.44	0.0	old_top7500	0	917	CORE_EXPLOITATION	/data1/qlyu/projects/pvrig_priority_top7500_dualreceptor_multiseed_docking_results_v1_20260722/top7500_25k/compressed_queue/CANDIDATE_P1MCPUFP__CPUFP500K_0496__00394_8x6b_s917_7b404a6e68f0.tar.gz	runs/CANDIDATE_P1MCPUFP__CPUFP500K_0496__00394_8x6b_s917_7b404a6e68f0/haddock_run/6_seletopclusts/cluster_1_model_1.pdb.gz	7b404a6e68f05b7ccc61f2adfbe23a6f6704bfaaa7fd8a785064214fa20dcbf5	8c55751f66ac2930ce115a9419321a2b2bed220b61af2e1671f7ac6e6a2e33b3	CANDIDATE_P1MCPUFP__CPUFP500K_0496__00394_8x6b_s917_7b404a6e68f0	0.0	Static structure diagnostics only; not experimental affinity, blocking, expression or purity.	58	24
286.224	P1MCPUFP__CPUFP500K_0496__00394	GPGFRGGPWS	6	VDWAGTT	0	AAGFLGSTTVPTTGSGWSF	0.45833333	11	0.70833333	AT	9e6y	144	1648	17	0.922133	638	5	NOT_RUN_CROSS_CANDIDATE_RANK_REJECTED	7	/data/qlyu/projects/pvrig_top7500_dualpanel_screen_v1_20260724/run/static_review/inputs/pdb/CANDIDATE_P1MCPUFP__CPUFP500K_0496__00394_9e6y_s917_001a810fc1dd.pdb	2132f0b1a4c04cf01e48ac02859512ee2356b09add5f692b5a3245ca96a095ce	-90.15870000000001	12	11	278	0.5379313	63	0.6	146	1636	17	0.514795	631	positive_pose_source_case02_pos_01_PVRIG-151_HR151	0	WEAK_PRIOR_ONLY	-10.306	2	cluster_1_model_1.pdb.gz	STRICT_A	DESCRIPTIVE_ONLY	1.667	-23.762	-1.322	6.59	0.367	1067.256	1797.858	730.602	19.0	-0.997	7.0	235.0	66.0	0.0	1.157	0.654	1.89	64.248	0.378	12.102	0.0	old_top7500	0	917	CORE_EXPLOITATION	/data1/qlyu/projects/pvrig_priority_top7500_dualreceptor_multiseed_docking_results_v1_20260722/top7500_25k/compressed_queue/CANDIDATE_P1MCPUFP__CPUFP500K_0496__00394_9e6y_s917_001a810fc1dd.tar.gz	runs/CANDIDATE_P1MCPUFP__CPUFP500K_0496__00394_9e6y_s917_001a810fc1dd/haddock_run/6_seletopclusts/cluster_1_model_1.pdb.gz	001a810fc1dd133ac008aea454f44ab7a85f3dd122e291e7e5839607a5326ffd	8c55751f66ac2930ce115a9419321a2b2bed220b61af2e1671f7ac6e6a2e33b3	CANDIDATE_P1MCPUFP__CPUFP500K_0496__00394_9e6y_s917_001a810fc1dd	0.0	Static structure diagnostics only; not experimental affinity, blocking, expression or purity.	58	24
309.531	P1MCPUFP__CPUFP500K_0496__00432	GPGFRGGPYS	7	ISSSGTV	1	AAGMTGLTTISTTGEGWSF	0.5	10	0.9	AT	8x6b	180	1656	19	1.074392	681	2	NOT_RUN_CROSS_CANDIDATE_RANK_REJECTED	2	/data/qlyu/projects/pvrig_top7500_dualpanel_screen_v1_20260724/run/static_review/inputs/pdb/CANDIDATE_P1MCPUFP__CPUFP500K_0496__00432_8x6b_s1931_f2f11eead279.pdb	36c2424b3bb4c74852492b68341595c7e3fe4a65ee7c001e6d81e0df9e43b677	-74.8845	9	6	254	0.55083316	63	0.777778	180	1598	19	0.533244	673	positive_pose_source_case02_pos_01_PVRIG-151_HR151	0	WEAK_PRIOR_ONLY	-12.417	2	cluster_1_model_1.pdb.gz	STRICT_A	DESCRIPTIVE_ONLY	1.145	-23.921	-1.494	23.082	1.442	1011.596	1600.836	589.24	12.0	-0.173	5.0	230.0	68.0	0.0	0.775	0.687	2.219	66.557	-0.365	-13.871	0.0	old_top7500	2	1931	CORE_EXPLOITATION	/data1/qlyu/projects/pvrig_priority_top7500_dualreceptor_multiseed_docking_results_v1_20260722/top7500_25k/compressed_queue/CANDIDATE_P1MCPUFP__CPUFP500K_0496__00432_8x6b_s1931_f2f11eead279.tar.gz	runs/CANDIDATE_P1MCPUFP__CPUFP500K_0496__00432_8x6b_s1931_f2f11eead279/haddock_run/6_seletopclusts/cluster_1_model_1.pdb.gz	f2f11eead2791dd5a9622aff9d14508956ea4f61a55e3ff2f907285cae30ee8e	8c55751f66ac2930ce115a9419321a2b2bed220b61af2e1671f7ac6e6a2e33b3	CANDIDATE_P1MCPUFP__CPUFP500K_0496__00432_8x6b_s1931_f2f11eead279	0.0	Static structure diagnostics only; not experimental affinity, blocking, expression or purity.	26	20
245.094	P1MCPUFP__CPUFP500K_0496__00432	GPGFRGGPYS	7	ISSSGTV	0	AAGMTGLTTISTTGEGWSF	0.44444444	8	0.83333333	AT	9e6y	155	1581	20	1.043416	612	2	NOT_RUN_CROSS_CANDIDATE_RANK_REJECTED	3	/data/qlyu/projects/pvrig_top7500_dualpanel_screen_v1_20260724/run/static_review/inputs/pdb/CANDIDATE_P1MCPUFP__CPUFP500K_0496__00432_9e6y_s1931_b7623cfb40eb.pdb	bbbe3b30657b9576dd28beee2aedc0b6f80b0fd33a5e9f95742d3d4471dd62c0	-68.83036	7	6	251	0.50377693	59	0.7	145	1536	20	0.579025	610	positive_pose_source_case02_pos_01_PVRIG-151_HR151	0	WEAK_PRIOR_ONLY	-10.061	2	cluster_1_model_1.pdb.gz	STRICT_A	DESCRIPTIVE_ONLY	1.392	-2.592	-0.184	18.753	1.333	932.602	1406.528	473.926	7.0	-0.108	4.0	235.0	64.0	0.0	1.882	0.731	2.843	82.458	1.086	38.019	0.0	old_top7500	0	1931	CORE_EXPLOITATION	/data1/qlyu/projects/pvrig_priority_top7500_dualreceptor_multiseed_docking_results_v1_20260722/top7500_25k/compressed_queue/CANDIDATE_P1MCPUFP__CPUFP500K_0496__00432_9e6y_s1931_b7623cfb40eb.tar.gz	runs/CANDIDATE_P1MCPUFP__CPUFP500K_0496__00432_9e6y_s1931_b7623cfb40eb/haddock_run/6_seletopclusts/cluster_1_model_1.pdb.gz	b7623cfb40ebd6ddb5e63472b3f78413b03c3cc39711e952b33ebc043ba5941d	8c55751f66ac2930ce115a9419321a2b2bed220b61af2e1671f7ac6e6a2e33b3	CANDIDATE_P1MCPUFP__CPUFP500K_0496__00432_9e6y_s1931_b7623cfb40eb	0.0	Static structure diagnostics only; not experimental affinity, blocking, expression or purity.	26	18
270.092	P1MCPUFP__CPUFP500K_0496__00456	GPGFRGGPYD	7	VSASGTT	0	AAGFSPSTSIPTDGEGWEF	0.47826087	11	0.7826087	AT	8x6b	161	1724	21	1.109357	647	1	NOT_RUN_CROSS_CANDIDATE_RANK_REJECTED	5	/data/qlyu/projects/pvrig_top7500_dualpanel_screen_v1_20260724/run/static_review/inputs/pdb/CANDIDATE_P1MCPUFP__CPUFP500K_0496__00456_8x6b_s1931_46afdef4d8d6.pdb	a9403dc43edaa524794de7b5462be56182e54b9c374feafcc7ad9942df7b3aa7	-95.52250000000001	8	6	360	0.60329346	69	1.0	176	1734	21	0.551023	675	positive_pose_source_case02_pos_01_PVRIG-151_HR151	0	WEAK_PRIOR_ONLY	-12.339	3	cluster_1_model_1.pdb.gz	STRICT_A	DESCRIPTIVE_ONLY	1.375	5.319	0.334	45.673	2.872	981.575	1590.038	608.463	12.0	-0.046	4.0	230.0	70.0	0.0	1.718	0.743	2.626	86.649	0.909	33.624	0.0	c2_four_seed	0	1931	CORE_EXPLOITATION	/data1/qlyu/projects/pvrig_c2_new6220_dualreceptor_2seed_docking_results_v1_20260723/c2_new4220/compressed_queue/CANDIDATE_P1MCPUFP__CPUFP500K_0496__00456_8x6b_s1931_46afdef4d8d6.tar.gz	runs/CANDIDATE_P1MCPUFP__CPUFP500K_0496__00456_8x6b_s1931_46afdef4d8d6/haddock_run/6_seletopclusts/cluster_1_model_1.pdb.gz	46afdef4d8d65470ed86bbc2e4fbd9c8271df6a37f9c31ff2e0b2f5d47d16f96	8c55751f66ac2930ce115a9419321a2b2bed220b61af2e1671f7ac6e6a2e33b3	CANDIDATE_P1MCPUFP__CPUFP500K_0496__00456_8x6b_s1931_46afdef4d8d6	0.0	Static structure diagnostics only; not experimental affinity, blocking, expression or purity.	51	23
253.935	P1MCPUFP__CPUFP500K_0496__00456	GPGFRGGPYD	8	VSASGTT	0	AAGFSPSTSIPTDGEGWEF	0.42857143	9	0.80952381	AT	9e6y	162	1553	18	0.923376	664	1	NOT_RUN_CROSS_CANDIDATE_RANK_REJECTED	4	/data/qlyu/projects/pvrig_top7500_dualpanel_screen_v1_20260724/run/static_review/inputs/pdb/CANDIDATE_P1MCPUFP__CPUFP500K_0496__00456_9e6y_s3047_e8d8506aeb48.pdb	51cd43f5b9e8babcc4f97ce3a01a831a649a6ec60034df4034c0ab2312022f76	-111.77900000000001	13	7	353	0.58062426	68	0.9	161	1581	18	0.542194	666	positive_pose_source_case02_pos_01_PVRIG-151_HR151	0	WEAK_PRIOR_ONLY	-12.312	3	cluster_1_model_1.pdb.gz	STRICT_A	DESCRIPTIVE_ONLY	1.61	-1.051	-0.062	54.246	3.181	1021.515	1705.434	683.919	16.0	-0.067	5.0	235.0	66.0	0.0	1.176	0.765	1.506	45.182	0.901	32.446	0.0	c2_four_seed	4	3047	CORE_EXPLOITATION	/data1/qlyu/projects/pvrig_c2_new4220_seed42_3047_docking_results_v1_20260723/c2_new4220_seed42_3047/compressed_queue/CANDIDATE_P1MCPUFP__CPUFP500K_0496__00456_9e6y_s3047_e8d8506aeb48.tar.gz	runs/CANDIDATE_P1MCPUFP__CPUFP500K_0496__00456_9e6y_s3047_e8d8506aeb48/haddock_run/6_seletopclusts/cluster_1_model_1.pdb.gz	e8d8506aeb482bff03a3202559b7b7441e7d93d0766d632d1e6d0943c8462753	8c55751f66ac2930ce115a9419321a2b2bed220b61af2e1671f7ac6e6a2e33b3	CANDIDATE_P1MCPUFP__CPUFP500K_0496__00456_9e6y_s3047_e8d8506aeb48	0.0	Static structure diagnostics only; not experimental affinity, blocking, expression or purity.	51	21
293.251	P1MCPUFP__CPUFP500K_0496__00585	GPGFRGGPYD	9	IDHSGTT	0	AAGFSPSTSISTTGSGWSF	0.38095238	8	0.80952381	AT	8x6b	144	1516	21	1.091217	592	3	NOT_RUN_CROSS_CANDIDATE_RANK_REJECTED	4	/data/qlyu/projects/pvrig_top7500_dualpanel_screen_v1_20260724/run/static_review/inputs/pdb/CANDIDATE_P1MCPUFP__CPUFP500K_0496__00585_8x6b_s917_5a6c4248f7ec.pdb	4f74311338c611fa5feff9cf7572c86b64bf0cb55feef97b62d02ed815245cfc	-68.74101999999999	11	9	284	0.49837286	57	0.8	156	1559	21	0.514827	621	positive_pose_source_case02_pos_01_PVRIG-151_HR151	0	WEAK_PRIOR_ONLY	-10.736	2	cluster_1_model_1.pdb.gz	STRICT_A	DESCRIPTIVE_ONLY	1.542	17.668	1.251	26.927	1.907	822.075	1411.748	589.673	14.0	-0.059	4.0	230.0	63.0	0.0	1.698	0.741	3.507	98.199	0.25	8.744	0.0	old_top7500	0	917	CORE_EXPLOITATION	/data1/qlyu/projects/pvrig_priority_top7500_dualreceptor_multiseed_docking_results_v1_20260722/top7500_25k/compressed_queue/CANDIDATE_P1MCPUFP__CPUFP500K_0496__00585_8x6b_s917_5a6c4248f7ec.tar.gz	runs/CANDIDATE_P1MCPUFP__CPUFP500K_0496__00585_8x6b_s917_5a6c4248f7ec/haddock_run/6_seletopclusts/cluster_1_model_1.pdb.gz	5a6c4248f7ec909eb14d66b59fb2b2a1f8dccacd9db2d670c6ae387efb3a3f59	8c55751f66ac2930ce115a9419321a2b2bed220b61af2e1671f7ac6e6a2e33b3	CANDIDATE_P1MCPUFP__CPUFP500K_0496__00585_8x6b_s917_5a6c4248f7ec	0.0	Static structure diagnostics only; not experimental affinity, blocking, expression or purity.	96	21
276.746	P1MCPUFP__CPUFP500K_0496__00585	GPGFRGGPYD	9	IDHSGTT	2	AAGFSPSTSISTTGSGWSF	0.41666667	10	0.875	AT	9e6y	172	1671	19	1.004075	665	3	NOT_RUN_CROSS_CANDIDATE_RANK_REJECTED	3	/data/qlyu/projects/pvrig_top7500_dualpanel_screen_v1_20260724/run/static_review/inputs/pdb/CANDIDATE_P1MCPUFP__CPUFP500K_0496__00585_9e6y_s917_1e4cfded9cad.pdb	b81ef863126e17017f9178b8c25d1d2be1055a90fa33998f1138674d9404c300	-79.38160000000002	9	6	324	0.61477862	72	0.9	182	1743	19	0.671696	684	positive_pose_source_case02_pos_01_PVRIG-151_HR151	0	WEAK_PRIOR_ONLY	-14.097	2	cluster_1_model_1.pdb.gz	STRICT_A	DESCRIPTIVE_ONLY	1.576	69.01	4.261	86.989	5.371	1079.818	1619.551	539.734	13.0	-0.024	5.0	235.0	68.0	0.0	2.272	0.719	3.529	109.41	1.218	45.061	0.0	old_top7500	4	917	CORE_EXPLOITATION	/data1/qlyu/projects/pvrig_priority_top7500_dualreceptor_multiseed_docking_results_v1_20260722/top7500_25k/compressed_queue/CANDIDATE_P1MCPUFP__CPUFP500K_0496__00585_9e6y_s917_1e4cfded9cad.tar.gz	runs/CANDIDATE_P1MCPUFP__CPUFP500K_0496__00585_9e6y_s917_1e4cfded9cad/haddock_run/6_seletopclusts/cluster_1_model_1.pdb.gz	1e4cfded9cad9ca527360ad8cb61774b480c494709c2cbe3beec0021085008d2	8c55751f66ac2930ce115a9419321a2b2bed220b61af2e1671f7ac6e6a2e33b3	CANDIDATE_P1MCPUFP__CPUFP500K_0496__00585_9e6y_s917_1e4cfded9cad	0.0	Static structure diagnostics only; not experimental affinity, blocking, expression or purity.	96	24
395.907	P1MCPUFP__CPUFP500K_0503__00184	GPGPARGPWS	7	VDAEGGT	0	AAGDVRGGVVPTDGSGWDY	0.56521739	13	0.86956522	AT	8x6b	146	1532	16	1.044369	574	3	NOT_RUN_CROSS_CANDIDATE_RANK_REJECTED	3	/data/qlyu/projects/pvrig_top7500_dualpanel_screen_v1_20260724/run/static_review/inputs/pdb/CANDIDATE_P1MCPUFP__CPUFP500K_0503__00184_8x6b_s917_13ddb31d5f7d.pdb	2fac1305fde4e7c0364c5f53feb552906c3c2fd578f2eec5de3d1cfa4ae97bd6	-52.491299999999995	11	4	264	0.47214271	54	0.555556	143	1474	16	0.454132	567	positive_pose_source_case02_pos_01_PVRIG-151_HR151	0	WEAK_PRIOR_ONLY	-8.391	3	cluster_1_model_1.pdb.gz	STRICT_A	DESCRIPTIVE_ONLY	0.962	0.487	0.034	30.441	2.11	868.513	1442.681	574.168	16.0	-0.164	5.0	230.0	62.0	0.0	1.658	0.639	2.761	74.557	0.808	28.266	0.0	c2_four_seed	4	917	CORE_EXPLOITATION	/data1/qlyu/projects/pvrig_c2_new6220_dualreceptor_2seed_docking_results_v1_20260723/c2_new4220/compressed_queue/CANDIDATE_P1MCPUFP__CPUFP500K_0503__00184_8x6b_s917_13ddb31d5f7d.tar.gz	runs/CANDIDATE_P1MCPUFP__CPUFP500K_0503__00184_8x6b_s917_13ddb31d5f7d/haddock_run/6_seletopclusts/cluster_1_model_1.pdb.gz	13ddb31d5f7dcee50adfa9b83878c39e4fc0a0862623a05554aeb2bcb3ed9524	8c55751f66ac2930ce115a9419321a2b2bed220b61af2e1671f7ac6e6a2e33b3	CANDIDATE_P1MCPUFP__CPUFP500K_0503__00184_8x6b_s917_13ddb31d5f7d	0.0	Static structure diagnostics only; not experimental affinity, blocking, expression or purity.	87	23
143.212	P1MCPUFP__CPUFP500K_0503__00184	GPGPARGPWS	6	VDAEGGT	2	AAGDVRGGVVPTDGSGWDY	0.44444444	8	0.88888889	AT	9e6y	176	1402	18	0.941546	613	3	NOT_RUN_CROSS_CANDIDATE_RANK_REJECTED	2	/data/qlyu/projects/pvrig_top7500_dualpanel_screen_v1_20260724/run/static_review/inputs/pdb/CANDIDATE_P1MCPUFP__CPUFP500K_0503__00184_9e6y_s42_75f1f1f0be45.pdb	f9f49a2ce97462aaadc91a472749b2fae3128fe50d331d3eacee21d7ca678b34	-68.32898	11	4	208	0.43546819	51	0.9	187	1440	18	0.483544	626	positive_pose_source_case02_pos_01_PVRIG-151_HR151	0	WEAK_PRIOR_ONLY	-10.176	4	cluster_1_model_1.pdb.gz	STRICT_A	DESCRIPTIVE_ONLY	0.911	-2.297	-0.17	14.855	1.102	878.821	1348.259	469.438	13.0	-0.254	4.0	235.0	63.0	0.0	0.857	0.641	1.809	47.044	0.187	6.919	0.0	c2_four_seed	5	42	CORE_EXPLOITATION	/data1/qlyu/projects/pvrig_c2_new4220_seed42_3047_docking_results_v1_20260723/c2_new4220_seed42_3047/compressed_queue/CANDIDATE_P1MCPUFP__CPUFP500K_0503__00184_9e6y_s42_75f1f1f0be45.tar.gz	runs/CANDIDATE_P1MCPUFP__CPUFP500K_0503__00184_9e6y_s42_75f1f1f0be45/haddock_run/6_seletopclusts/cluster_1_model_1.pdb.gz	75f1f1f0be45671e13adef81f9c1d6d18abcdc59b7a5d196212122d90a6605aa	8c55751f66ac2930ce115a9419321a2b2bed220b61af2e1671f7ac6e6a2e33b3	CANDIDATE_P1MCPUFP__CPUFP500K_0503__00184_9e6y_s42_75f1f1f0be45	0.0	Static structure diagnostics only; not experimental affinity, blocking, expression or purity.	87	18
135.345	P1MCPUFP__CPUFP500K_0504__00270	GPGPSRGPWH	9	VDSQGGT	0	AAGLSPDGVVPADGSGYSV	0.38888889	7	0.88888889	AT	8x6b	206	1834	14	1.06048	788	3	NOT_RUN_CROSS_CANDIDATE_RANK_REJECTED	2	/data/qlyu/projects/pvrig_top7500_dualpanel_screen_v1_20260724/run/static_review/inputs/pdb/CANDIDATE_P1MCPUFP__CPUFP500K_0504__00270_8x6b_s42_df4b12427de0.pdb	3d2c973cee990a24f97901b8170f76f4dc88e8fd58619a6efbf941cc7db3ede5	-65.66734	3	3	200	0.47214271	54	0.8	200	1769	14	0.445594	781	positive_pose_source_case02_pos_01_PVRIG-151_HR151	0	WEAK_PRIOR_ONLY	-9.817	5	cluster_1_model_1.pdb.gz	STRICT_A	DESCRIPTIVE_ONLY	0.968	0.624	0.045	36.568	2.61	961.871	1400.857	438.986	26.0	-0.04	2.0	230.0	63.0	0.0	2.016	0.655	4.012	112.332	0.42	14.683	0.0	c2_four_seed	0	42	CORE_EXPLOITATION	/data1/qlyu/projects/pvrig_c2_new4220_seed42_3047_docking_results_v1_20260723/c2_new4220_seed42_3047/compressed_queue/CANDIDATE_P1MCPUFP__CPUFP500K_0504__00270_8x6b_s42_df4b12427de0.tar.gz	runs/CANDIDATE_P1MCPUFP__CPUFP500K_0504__00270_8x6b_s42_df4b12427de0/haddock_run/6_seletopclusts/cluster_1_model_1.pdb.gz	df4b12427de0a3b9485b9fa5d069a7e98b5ebd6a195d7d71e6ef95f4d2e8b371	8c55751f66ac2930ce115a9419321a2b2bed220b61af2e1671f7ac6e6a2e33b3	CANDIDATE_P1MCPUFP__CPUFP500K_0504__00270_8x6b_s42_df4b12427de0	0.0	Static structure diagnostics only; not experimental affinity, blocking, expression or purity.	71	18
265.43	P1MCPUFP__CPUFP500K_0504__00270	GPGPSRGPWH	7	VDSQGGT	0	AAGLSPDGVVPADGSGYSV	0.5	10	0.85	AT	9e6y	148	1385	17	0.920993	573	3	NOT_RUN_CROSS_CANDIDATE_RANK_REJECTED	3	/data/qlyu/projects/pvrig_top7500_dualpanel_screen_v1_20260724/run/static_review/inputs/pdb/CANDIDATE_P1MCPUFP__CPUFP500K_0504__00270_9e6y_s1931_7bb6c54dba52.pdb	29a447139d34e35237dfedd460b375285267e9d0d79fa8b87192dd7da2b8511e	-68.8296	8	4	214	0.43546819	51	0.9	143	1456	17	0.439492	572	positive_pose_source_case02_pos_01_PVRIG-151_HR151	0	WEAK_PRIOR_ONLY	-8.979	5	cluster_1_model_1.pdb.gz	STRICT_A	DESCRIPTIVE_ONLY	1.308	-18.134	-1.219	25.143	1.69	992.371	1488.1	495.73	14.0	-0.076	2.0	235.0	65.0	0.0	1.534	0.615	4.317	120.873	-0.572	-21.161	0.0	c2_four_seed	5	1931	CORE_EXPLOITATION	/data1/qlyu/projects/pvrig_c2_new6220_dualreceptor_2seed_docking_results_v1_20260723/c2_new4220/compressed_queue/CANDIDATE_P1MCPUFP__CPUFP500K_0504__00270_9e6y_s1931_7bb6c54dba52.tar.gz	runs/CANDIDATE_P1MCPUFP__CPUFP500K_0504__00270_9e6y_s1931_7bb6c54dba52/haddock_run/6_seletopclusts/cluster_1_model_1.pdb.gz	7bb6c54dba52ab74d7af68cab268310dc6dad63bbc5104f87e09634830df3067	8c55751f66ac2930ce115a9419321a2b2bed220b61af2e1671f7ac6e6a2e33b3	CANDIDATE_P1MCPUFP__CPUFP500K_0504__00270_9e6y_s1931_7bb6c54dba52	0.0	Static structure diagnostics only; not experimental affinity, blocking, expression or purity.	71	20
195.292	P1MCPUFP__CPUFP500K_0504__00900	GPGFDRGPWH	7	VDDQGGQ	0	AAGDHPGGEVPFTGEGYRY	0.5	10	0.85	AT	8x6b	164	1322	19	1.045832	537	2	NOT_RUN_CROSS_CANDIDATE_RANK_REJECTED	3	/data/qlyu/projects/pvrig_top7500_dualpanel_screen_v1_20260724/run/static_review/inputs/pdb/CANDIDATE_P1MCPUFP__CPUFP500K_0504__00900_8x6b_s917_c03fb3b7f1af.pdb	27cf1092165872cf6887cec0308679fc091625c24b80ea1fafb636ebdf0cc9d0	-70.51517	9	4	275	0.54208978	62	0.9	172	1352	19	0.521745	556	positive_pose_source_case02_pos_01_PVRIG-151_HR151	0	WEAK_PRIOR_ONLY	-10.507	2	cluster_1_model_1.pdb.gz	STRICT_A	DESCRIPTIVE_ONLY	1.399	9.085	0.573	53.963	3.405	816.774	1584.911	768.137	12.0	-0.069	5.0	230.0	59.0	0.0	2.21	0.608	3.532	95.356	1.094	35.007	0.0	c2_four_seed	8	917	CORE_EXPLOITATION	/data1/qlyu/projects/pvrig_c2_new6220_dualreceptor_2seed_docking_results_v1_20260723/c2_new4220/compressed_queue/CANDIDATE_P1MCPUFP__CPUFP500K_0504__00900_8x6b_s917_c03fb3b7f1af.tar.gz	runs/CANDIDATE_P1MCPUFP__CPUFP500K_0504__00900_8x6b_s917_c03fb3b7f1af/haddock_run/6_seletopclusts/cluster_1_model_1.pdb.gz	c03fb3b7f1af2185dd6cc7574ff0042328d607c1a112e79f6ab76dbd2570034d	8c55751f66ac2930ce115a9419321a2b2bed220b61af2e1671f7ac6e6a2e33b3	CANDIDATE_P1MCPUFP__CPUFP500K_0504__00900_8x6b_s917_c03fb3b7f1af	0.0	Static structure diagnostics only; not experimental affinity, blocking, expression or purity.	43	20
254.903	P1MCPUFP__CPUFP500K_0504__00900	GPGFDRGPWH	6	VDDQGGQ	0	AAGDHPGGEVPFTGEGYRY	0.5	9	0.83333333	AT	9e6y	142	1694	19	0.943986	637	2	NOT_RUN_CROSS_CANDIDATE_RANK_REJECTED	3	/data/qlyu/projects/pvrig_top7500_dualpanel_screen_v1_20260724/run/static_review/inputs/pdb/CANDIDATE_P1MCPUFP__CPUFP500K_0504__00900_9e6y_s917_c6cba1e54619.pdb	31a049c83131db9f847edb4543efe71e191f6296d3f5588234b953088e7b346e	-78.017	10	3	268	0.46962256	55	0.6	141	1743	19	0.545599	640	positive_pose_source_case02_pos_01_PVRIG-151_HR151	0	WEAK_PRIOR_ONLY	-10.784	2	cluster_1_model_1.pdb.gz	STRICT_A	DESCRIPTIVE_ONLY	1.541	6.868	0.442	69.86	4.493	863.471	1555.006	691.534	12.0	-0.059	7.0	235.0	64.0	0.0	2.558	0.669	3.723	107.964	1.593	55.769	0.0	c2_four_seed	2	917	CORE_EXPLOITATION	/data1/qlyu/projects/pvrig_c2_new6220_dualreceptor_2seed_docking_results_v1_20260723/c2_new4220/compressed_queue/CANDIDATE_P1MCPUFP__CPUFP500K_0504__00900_9e6y_s917_c6cba1e54619.tar.gz	runs/CANDIDATE_P1MCPUFP__CPUFP500K_0504__00900_9e6y_s917_c6cba1e54619/haddock_run/6_seletopclusts/cluster_1_model_1.pdb.gz	c6cba1e54619a8d582bbd7cf4cb0e06acc7494f2a84f9b01343ad2defb918334	8c55751f66ac2930ce115a9419321a2b2bed220b61af2e1671f7ac6e6a2e33b3	CANDIDATE_P1MCPUFP__CPUFP500K_0504__00900_9e6y_s917_c6cba1e54619	0.0	Static structure diagnostics only; not experimental affinity, blocking, expression or purity.	43	18
201.654	P1MCPUFP__CPUFP500K_0504__00917	GPGPGRGSWH	6	VDSLGGT	0	AAGLSPSGIVDFTGKGWTF	0.54545455	12	0.81818182	AT	8x6b	184	1493	16	1.106675	610	5	NOT_RUN_CROSS_CANDIDATE_RANK_REJECTED	4	/data/qlyu/projects/pvrig_top7500_dualpanel_screen_v1_20260724/run/static_review/inputs/pdb/CANDIDATE_P1MCPUFP__CPUFP500K_0504__00917_8x6b_s917_544267309a64.pdb	fc13f4f594734b69bbee1af8bc2109ba5ea565139eeab3ecdd15eae6c9c401c2	-80.7311	11	4	219	0.46339932	53	1.0	178	1449	16	0.509263	617	positive_pose_source_case02_pos_01_PVRIG-151_HR151	0	WEAK_PRIOR_ONLY	-9.812	2	cluster_1_model_1.pdb.gz	STRICT_A	DESCRIPTIVE_ONLY	1.512	28.803	1.762	88.558	5.417	966.725	1634.796	668.071	16.0	-0.015	3.0	230.0	61.0	0.0	2.878	0.558	4.589	119.322	1.608	56.264	0.0	c2_four_seed	7	917	CORE_EXPLOITATION	/data1/qlyu/projects/pvrig_c2_new6220_dualreceptor_2seed_docking_results_v1_20260723/c2_new4220/compressed_queue/CANDIDATE_P1MCPUFP__CPUFP500K_0504__00917_8x6b_s917_544267309a64.tar.gz	runs/CANDIDATE_P1MCPUFP__CPUFP500K_0504__00917_8x6b_s917_544267309a64/haddock_run/6_seletopclusts/cluster_1_model_1.pdb.gz	544267309a64d30289397309a44551dfcad9bfba3a2f3523490f335c35cab851	8c55751f66ac2930ce115a9419321a2b2bed220b61af2e1671f7ac6e6a2e33b3	CANDIDATE_P1MCPUFP__CPUFP500K_0504__00917_8x6b_s917_544267309a64	0.0	Static structure diagnostics only; not experimental affinity, blocking, expression or purity.	65	22
250.287	P1MCPUFP__CPUFP500K_0504__00917	GPGPGRGSWH	9	VDSLGGT	0	AAGLSPSGIVDFTGKGWTF	0.43478261	10	0.82608696	AT	9e6y	177	1595	18	0.923008	619	5	NOT_RUN_CROSS_CANDIDATE_RANK_REJECTED	4	/data/qlyu/projects/pvrig_top7500_dualpanel_screen_v1_20260724/run/static_review/inputs/pdb/CANDIDATE_P1MCPUFP__CPUFP500K_0504__00917_9e6y_s917_9fd3c2c74e44.pdb	acfac9108809299b1e77dff174b0c950dbea75e6bdafa39bc3c0a21b0efa8860	-69.21789999999999	13	4	308	0.55500848	65	0.9	177	1637	18	0.51194	633	positive_pose_source_case02_pos_01_PVRIG-151_HR151	0	WEAK_PRIOR_ONLY	-10.705	2	cluster_1_model_1.pdb.gz	STRICT_A	DESCRIPTIVE_ONLY	2.426	20.836	1.286	69.084	4.265	965.739	1619.747	654.008	25.0	-0.023	5.0	235.0	64.0	0.0	2.52	0.637	3.41	102.296	1.734	58.967	0.0	c2_four_seed	0	917	CORE_EXPLOITATION	/data1/qlyu/projects/pvrig_c2_new6220_dualreceptor_2seed_docking_results_v1_20260723/c2_new4220/compressed_queue/CANDIDATE_P1MCPUFP__CPUFP500K_0504__00917_9e6y_s917_9fd3c2c74e44.tar.gz	runs/CANDIDATE_P1MCPUFP__CPUFP500K_0504__00917_9e6y_s917_9fd3c2c74e44/haddock_run/6_seletopclusts/cluster_1_model_1.pdb.gz	9fd3c2c74e44d39a7b950d07a6794e81571a3a7bdda6f99fef471a16d35dd4e3	8c55751f66ac2930ce115a9419321a2b2bed220b61af2e1671f7ac6e6a2e33b3	CANDIDATE_P1MCPUFP__CPUFP500K_0504__00917_9e6y_s917_9fd3c2c74e44	0.0	Static structure diagnostics only; not experimental affinity, blocking, expression or purity.	65	23
164.494	P1MCPUFP__CPUFP500K_0504__00926	GPGPSRGPFH	7	VDSQGGT	3	AAGLSPSGTVPFDGEGYTH	0.53846154	14	0.92307692	AT	8x6b	116	1291	19	1.134456	544	2	NOT_RUN_CROSS_CANDIDATE_RANK_REJECTED	2	/data/qlyu/projects/pvrig_top7500_dualpanel_screen_v1_20260724/run/static_review/inputs/pdb/CANDIDATE_P1MCPUFP__CPUFP500K_0504__00926_8x6b_s1931_16ae4c3ff9bf.pdb	9408b8f3d6c6ddf99f6e5bc8e04925a64f2c62030e2c2fc665edee4961d930c8	-83.85154	13	4	304	0.56831993	65	0.9	115	1316	19	0.571864	546	positive_pose_source_case02_pos_01_PVRIG-151_HR151	0	WEAK_PRIOR_ONLY	-12.046	4	cluster_1_model_1.pdb.gz	STRICT_A	DESCRIPTIVE_ONLY	0.954	17.536	0.94	62.856	3.369	1003.99	1865.828	861.838	15.0	-0.088	5.0	230.0	72.0	0.0	1.519	0.624	2.75	87.985	0.534	21.359	0.0	c2_four_seed	5	1931	CORE_EXPLOITATION	/data1/qlyu/projects/pvrig_c2_new6220_dualreceptor_2seed_docking_results_v1_20260723/c2_new4220/compressed_queue/CANDIDATE_P1MCPUFP__CPUFP500K_0504__00926_8x6b_s1931_16ae4c3ff9bf.tar.gz	runs/CANDIDATE_P1MCPUFP__CPUFP500K_0504__00926_8x6b_s1931_16ae4c3ff9bf/haddock_run/6_seletopclusts/cluster_1_model_1.pdb.gz	16ae4c3ff9bfad70069578dbbf941b59be2acbeb5460f9f130b80ebba696b24b	8c55751f66ac2930ce115a9419321a2b2bed220b61af2e1671f7ac6e6a2e33b3	CANDIDATE_P1MCPUFP__CPUFP500K_0504__00926_8x6b_s1931_16ae4c3ff9bf	0.0	Static structure diagnostics only; not experimental affinity, blocking, expression or purity.	64	26
340.231	P1MCPUFP__CPUFP500K_0504__00926	GPGPSRGPFH	8	VDSQGGT	0	AAGLSPSGTVPFDGEGYTH	0.5	11	0.86363636	AT	9e6y	122	1232	20	1.022788	532	2	NOT_RUN_CROSS_CANDIDATE_RANK_REJECTED	3	/data/qlyu/projects/pvrig_top7500_dualpanel_screen_v1_20260724/run/static_review/inputs/pdb/CANDIDATE_P1MCPUFP__CPUFP500K_0504__00926_9e6y_s1931_ae5a5b47c167.pdb	bd6a3dd8815508ac0e310ca22faca5e13b0acd08b2d07ab28c574335aaaad2bf	-71.02768	15	2	264	0.48669974	57	0.8	113	1212	20	0.608598	526	positive_pose_source_case02_pos_01_PVRIG-151_HR151	0	WEAK_PRIOR_ONLY	-11.598	3	cluster_1_model_1.pdb.gz	STRICT_A	DESCRIPTIVE_ONLY	1.469	6.405	0.374	26.258	1.532	1022.976	1713.553	690.577	18.0	-0.039	1.0	235.0	67.0	0.0	1.646	0.534	2.807	87.019	0.646	23.266	0.0	c2_four_seed	5	1931	CORE_EXPLOITATION	/data1/qlyu/projects/pvrig_c2_new6220_dualreceptor_2seed_docking_results_v1_20260723/c2_new4220/compressed_queue/CANDIDATE_P1MCPUFP__CPUFP500K_0504__00926_9e6y_s1931_ae5a5b47c167.tar.gz	runs/CANDIDATE_P1MCPUFP__CPUFP500K_0504__00926_9e6y_s1931_ae5a5b47c167/haddock_run/6_seletopclusts/cluster_1_model_1.pdb.gz	ae5a5b47c1679b8956881a5583dd8355ecaee7ef5f6d0568b76df7162261a802	8c55751f66ac2930ce115a9419321a2b2bed220b61af2e1671f7ac6e6a2e33b3	CANDIDATE_P1MCPUFP__CPUFP500K_0504__00926_9e6y_s1931_ae5a5b47c167	0.0	Static structure diagnostics only; not experimental affinity, blocking, expression or purity.	64	22
223.687	P1MCPUFP__CPUFP500K_0508__00558	GLRPEGYT	4	LDAGGRA	5	VIGLSLGFSSSEPVA	0.52380952	11	0.95238095	AT	8x6b	102	1745	20	1.084127	668	3	NOT_RUN_CROSS_CANDIDATE_RANK_REJECTED	1	/data/qlyu/projects/pvrig_top7500_dualpanel_screen_v1_20260724/run/static_review/inputs/pdb/CANDIDATE_P1MCPUFP__CPUFP500K_0508__00558_8x6b_s1931_dd2945b5a1cb.pdb	4e63b6429ddd179f4280dd5ba8a616f7f401e6e6c1ab1d66c25d023652dc8646	-80.23140000000001	8	9	260	0.52849479	59	0.1	105	1662	20	0.524841	671	positive_pose_source_case02_pos_02_PVRIG-20	0	WEAK_PRIOR_ONLY	-11.535	2	cluster_1_model_1.pdb.gz	STRICT_A	DESCRIPTIVE_ONLY	1.224	7.329	0.47	46.524	2.981	1012.156	1560.583	548.428	16.0	-0.059	4.0	224.0	65.0	0.0	2.149	0.714	3.419	99.162	1.126	40.519	0.0	old_top7500	7	1931	PARENT_CDR3_DIVERSITY	/data1/qlyu/projects/pvrig_priority_top7500_dualreceptor_multiseed_docking_results_v1_20260722/top7500_25k/compressed_queue/CANDIDATE_P1MCPUFP__CPUFP500K_0508__00558_8x6b_s1931_dd2945b5a1cb.tar.gz	runs/CANDIDATE_P1MCPUFP__CPUFP500K_0508__00558_8x6b_s1931_dd2945b5a1cb/haddock_run/6_seletopclusts/cluster_1_model_1.pdb.gz	dd2945b5a1cb3984d4e8d96365a3ef9e4b92c3b91b832b9013354dd639026c5f	8c55751f66ac2930ce115a9419321a2b2bed220b61af2e1671f7ac6e6a2e33b3	CANDIDATE_P1MCPUFP__CPUFP500K_0508__00558_8x6b_s1931_dd2945b5a1cb	0.0	Static structure diagnostics only; not experimental affinity, blocking, expression or purity.	127	21
180.872	P1MCPUFP__CPUFP500K_0508__00558	GLRPEGYT	6	LDAGGRA	5	VIGLSLGFSSSEPVA	0.40909091	9	0.90909091	AT	9e6y	105	1679	19	0.996002	645	3	NOT_RUN_CROSS_CANDIDATE_RANK_REJECTED	2	/data/qlyu/projects/pvrig_top7500_dualpanel_screen_v1_20260724/run/static_review/inputs/pdb/CANDIDATE_P1MCPUFP__CPUFP500K_0508__00558_9e6y_s917_be6c8570018c.pdb	195908ceecdc7ab0d2c2c8adfb95b55965a5ff44998ad7211f78ba755931ece3	-84.7123	11	9	263	0.53361161	61	0.3	100	1756	19	0.593293	643	positive_pose_source_case02_pos_02_PVRIG-20	0	WEAK_PRIOR_ONLY	-11.844	2	cluster_1_model_1.pdb.gz	STRICT_A	DESCRIPTIVE_ONLY	1.083	-22.702	-1.377	1.928	0.117	990.593	1648.499	657.906	17.0	-2.812	5.0	229.0	63.0	0.0	0.737	0.604	1.592	44.58	0.053	1.869	0.0	old_top7500	9	917	PARENT_CDR3_DIVERSITY	/data1/qlyu/projects/pvrig_priority_top7500_dualreceptor_multiseed_docking_results_v1_20260722/top7500_25k/compressed_queue/CANDIDATE_P1MCPUFP__CPUFP500K_0508__00558_9e6y_s917_be6c8570018c.tar.gz	runs/CANDIDATE_P1MCPUFP__CPUFP500K_0508__00558_9e6y_s917_be6c8570018c/haddock_run/6_seletopclusts/cluster_1_model_1.pdb.gz	be6c8570018c1374ac8223288db489e22f06b20852c915ed91509f76b99a4131	8c55751f66ac2930ce115a9419321a2b2bed220b61af2e1671f7ac6e6a2e33b3	CANDIDATE_P1MCPUFP__CPUFP500K_0508__00558_9e6y_s917_be6c8570018c	0.0	Static structure diagnostics only; not experimental affinity, blocking, expression or purity.	127	22
