model,baseline,haddock_rank,haddock_score,hotspot_overlap_count,align_rmsd_A,total_vhh_pvrl2_atom_occlusion,total_vhh_pvrl2_residue_pair_occlusion,total_vhh_pvrl2_atom_clash,total_vhh_pvrl2_residue_pair_clash,cdr3_atom_occlusion,cdr3_atom_occlusion_fraction,cdr3_residue_pair_occlusion,cdr3_residue_pair_occlusion_fraction,cdr3_atom_clash,cdr3_residue_pair_clash,cdr3_vhh_residue_count,cdr3_pvrl2_residue_count,cdr12_atom_occlusion,cdr12_residue_pair_occlusion,framework_atom_occlusion,framework_residue_pair_occlusion,framework_residue_pair_occlusion_fraction
cluster_1_model_1,8x6b,1,,15,0.587,7385,612,1301,224,1305,0.17670954637779282,103,0.16830065359477125,241,38,14,33,1998,157,4082,352,0.5751633986928104
cluster_2_model_1,8x6b,2,,11,0.515,5659,503,1042,188,1512,0.2671850150203216,137,0.27236580516898606,352,47,14,41,1664,129,2483,237,0.4711729622266402
cluster_2_model_2,8x6b,3,,12,0.637,5739,484,1041,186,1594,0.2777487367137132,124,0.256198347107438,327,51,14,41,1639,128,2506,232,0.4793388429752066
cluster_2_model_3,8x6b,7,,9,0.610,5141,439,935,161,1670,0.3248395253841665,130,0.296127562642369,326,52,14,42,1452,120,2019,189,0.4305239179954442
cluster_2_model_4,8x6b,8,,6,0.498,3301,264,624,103,1111,0.3365646773704938,87,0.32954545454545453,201,39,12,30,1101,83,1089,94,0.3560606060606061
cluster_3_model_1,8x6b,4,,8,0.478,5667,519,1024,185,519,0.09158284806776072,51,0.09826589595375723,101,19,13,18,1309,100,3839,368,0.7090558766859345
cluster_4_model_1,8x6b,5,,10,0.476,6836,634,1195,210,1608,0.23522527794031597,127,0.20031545741324921,312,49,14,38,2046,172,3182,335,0.5283911671924291
cluster_4_model_2,8x6b,6,,10,0.460,7114,661,1226,222,1666,0.23418611189204386,138,0.2087745839636914,292,55,14,42,2053,170,3395,353,0.5340393343419062
cluster_4_model_3,8x6b,9,,8,0.464,5899,557,1037,188,1404,0.2380064417697915,120,0.21543985637342908,285,49,14,33,1988,169,2507,268,0.48114901256732495
