model,baseline,haddock_rank,haddock_score,hotspot_overlap_count,align_rmsd_A,total_vhh_pvrl2_atom_occlusion,total_vhh_pvrl2_residue_pair_occlusion,total_vhh_pvrl2_atom_clash,total_vhh_pvrl2_residue_pair_clash,cdr3_atom_occlusion,cdr3_atom_occlusion_fraction,cdr3_residue_pair_occlusion,cdr3_residue_pair_occlusion_fraction,cdr3_atom_clash,cdr3_residue_pair_clash,cdr3_vhh_residue_count,cdr3_pvrl2_residue_count,cdr12_atom_occlusion,cdr12_residue_pair_occlusion,framework_atom_occlusion,framework_residue_pair_occlusion,framework_residue_pair_occlusion_fraction
cluster_1_model_1,9e6y,1,,11,0.610,8285,689,1412,253,1501,0.18117079058539529,111,0.16110304789550073,276,44,13,35,1516,131,5268,447,0.648766328011611
cluster_1_model_2,9e6y,3,,11,0.579,9108,794,1649,282,1860,0.20421607378129117,140,0.17632241813602015,329,51,13,43,1697,133,5551,521,0.6561712846347607
cluster_1_model_3,9e6y,4,,11,0.625,9334,813,1702,288,1916,0.20527105206770946,135,0.16605166051660517,350,53,13,43,1660,135,5758,543,0.6678966789667896
cluster_1_model_4,9e6y,6,,11,0.589,9162,785,1684,284,1863,0.20333988212180745,138,0.17579617834394903,330,55,13,44,1691,131,5608,516,0.6573248407643312
cluster_2_model_1,9e6y,2,,10,0.613,8765,705,1520,260,2064,0.2354820308043354,149,0.21134751773049645,388,57,13,50,1286,101,5415,455,0.6453900709219859
cluster_2_model_2,9e6y,5,,7,0.759,8740,733,1462,259,1938,0.2217391304347826,139,0.18963165075034105,365,58,13,42,1396,114,5406,480,0.654843110504775
cluster_3_model_1,9e6y,7,,7,0.488,7556,636,1339,218,1682,0.22260455267337215,128,0.20125786163522014,293,43,13,40,1592,131,4282,377,0.5927672955974843
