model,baseline,haddock_rank,haddock_score,hotspot_overlap_count,align_rmsd_A,total_vhh_pvrl2_atom_occlusion,total_vhh_pvrl2_residue_pair_occlusion,total_vhh_pvrl2_atom_clash,total_vhh_pvrl2_residue_pair_clash,cdr3_atom_occlusion,cdr3_atom_occlusion_fraction,cdr3_residue_pair_occlusion,cdr3_residue_pair_occlusion_fraction,cdr3_atom_clash,cdr3_residue_pair_clash,cdr3_vhh_residue_count,cdr3_pvrl2_residue_count,cdr12_atom_occlusion,cdr12_residue_pair_occlusion,framework_atom_occlusion,framework_residue_pair_occlusion,framework_residue_pair_occlusion_fraction
cluster_1_model_1,8x6b,1,,20,0.629,8079,677,1386,243,1768,0.21883896521846763,123,0.18168389955686853,307,55,12,45,876,67,5435,487,0.7193500738552437
cluster_1_model_2,8x6b,2,,17,0.684,9077,762,1686,266,1800,0.19830340420843892,128,0.1679790026246719,334,51,12,42,1206,91,6071,543,0.7125984251968503
cluster_1_model_3,8x6b,3,,18,0.564,7390,607,1306,230,1789,0.24208389715832207,124,0.2042833607907743,299,56,12,42,733,49,4868,434,0.71499176276771
cluster_1_model_4,8x6b,4,,21,0.507,8391,683,1432,265,1718,0.20474317721368132,126,0.18448023426061494,313,50,12,40,913,68,5760,489,0.7159590043923866
cluster_2_model_1,8x6b,5,,15,0.522,9138,815,1615,288,1771,0.19380608448238126,138,0.16932515337423312,316,49,12,49,1430,122,5937,555,0.6809815950920245
cluster_3_model_1,8x6b,6,,14,0.432,7193,596,1326,207,1337,0.18587515640205757,99,0.16610738255033558,264,40,12,34,1039,68,4817,429,0.7197986577181208
cluster_4_model_1,8x6b,7,,17,0.635,7430,662,1371,225,1138,0.1531628532974428,93,0.1404833836858006,213,36,12,29,1736,141,4556,428,0.6465256797583081
cluster_4_model_2,8x6b,8,,20,0.637,7814,650,1388,239,1176,0.15049910417199897,90,0.13846153846153847,216,33,12,30,1593,126,5045,434,0.6676923076923077
cluster_5_model_1,8x6b,9,,16,0.545,7642,650,1399,232,1310,0.17142109395446217,100,0.15384615384615385,220,40,12,32,1639,127,4693,423,0.6507692307692308
