candidate_id	submission_id	competition_rank_1_50	conformation	seed	contact_residue_count_4p5a	contact_positions	core_hotspot_contacts	secondary_hotspot_contacts	pdb_path	pdb_sha256
P1MCPUFP__CPUFP500K_0288__00659	PVRIG_CAND_009	9	8x6b	42	21	71S,72L,74T,81N,82G,83A,84G,87T,90V,92H,95R,100W,135K,137A,138S,139F,140P,141E,142G,143S,144W	18	1	/data/qlyu/projects/pvrig_top7500_dualpanel_screen_v1_20260724/run/qc397_final50_fusion_developability_v1_20260726/final50_common4_bundle/representative_complexes/R01__P1MCPUFP__CPUFP500K_0288__00659__8x6b__s42.pdb	e7168b69bec92a42310de18b3f2805f17030d108d62d9a2a94ef204f1d474875
P1MCPUFP__CPUFP500K_0288__00659	PVRIG_CAND_009	9	9e6y	42	21	72L,74T,76S,80P,81N,82G,83A,84G,85G,87T,90V,92H,100W,135K,138S,140P,141E,142G,143S,144W,145E	15	1	/data/qlyu/projects/pvrig_top7500_dualpanel_screen_v1_20260724/run/qc397_final50_fusion_developability_v1_20260726/final50_common4_bundle/representative_complexes/R01__P1MCPUFP__CPUFP500K_0288__00659__9e6y__s42.pdb	24070b3d6e23ded23dc3ee3016c8e65ebd085d74898727e0e6e21bc06ba104a0
P1MCPUFP__CPUFP500K_0288__00659	PVRIG_CAND_009	9	8x6b	917	20	71S,72L,74T,81N,82G,83A,87T,90V,92H,95R,100W,135K,137A,138S,139F,140P,141E,142G,143S,144W	18	1	/data/qlyu/projects/pvrig_top7500_dualpanel_screen_v1_20260724/run/qc397_final50_fusion_developability_v1_20260726/final50_common4_bundle/representative_complexes/R01__P1MCPUFP__CPUFP500K_0288__00659__8x6b__s917.pdb	a982fed87ab44bb15e1082f502a7dc94cd0f2ba2a42ee26783f2d86cee1ef565
P1MCPUFP__CPUFP500K_0288__00659	PVRIG_CAND_009	9	9e6y	917	20	71S,72L,74T,81N,82G,83A,87T,90V,92H,95R,100W,135K,137A,138S,139F,140P,141E,142G,143S,144W	18	1	/data/qlyu/projects/pvrig_top7500_dualpanel_screen_v1_20260724/run/qc397_final50_fusion_developability_v1_20260726/final50_common4_bundle/representative_complexes/R01__P1MCPUFP__CPUFP500K_0288__00659__9e6y__s917.pdb	ab8fb55053b332b35e112df9ad1ed68401bc573efeda13ab4d7784162fb715c8
P1MCPUFP__CPUFP500K_0288__00659	PVRIG_CAND_009	9	8x6b	1931	20	71S,72L,80P,81N,82G,83A,87T,92H,94E,95R,135K,137A,138S,139F,140P,141E,142G,143S,144W,145E	15	1	/data/qlyu/projects/pvrig_top7500_dualpanel_screen_v1_20260724/run/qc397_final50_fusion_developability_v1_20260726/final50_common4_bundle/representative_complexes/R01__P1MCPUFP__CPUFP500K_0288__00659__8x6b__s1931.pdb	b559661dd4029dd37d7e4b4b818f4acd12186cb616e03b3e23fd1f4f3ff63054
P1MCPUFP__CPUFP500K_0288__00659	PVRIG_CAND_009	9	9e6y	1931	21	72L,74T,80P,81N,82G,83A,87T,90V,92H,95R,98R,100W,135K,137A,138S,139F,140P,141E,142G,143S,144W	18	1	/data/qlyu/projects/pvrig_top7500_dualpanel_screen_v1_20260724/run/qc397_final50_fusion_developability_v1_20260726/final50_common4_bundle/representative_complexes/R01__P1MCPUFP__CPUFP500K_0288__00659__9e6y__s1931.pdb	5afb75e586f8defe596e90e722914f53dd545cc47712292770b55417e91e014b
P1MCPUFP__CPUFP500K_0288__00659	PVRIG_CAND_009	9	8x6b	3047	22	71S,72L,74T,76S,81N,82G,83A,85G,87T,90V,92H,95R,100W,135K,137A,138S,139F,140P,141E,142G,143S,144W	18	1	/data/qlyu/projects/pvrig_top7500_dualpanel_screen_v1_20260724/run/qc397_final50_fusion_developability_v1_20260726/final50_common4_bundle/representative_complexes/R01__P1MCPUFP__CPUFP500K_0288__00659__8x6b__s3047.pdb	1603399eea4c7e76ed4cac3e9bb9e46ef63638c1d15e8dd7e89a4d61672baba5
P1MCPUFP__CPUFP500K_0288__00659	PVRIG_CAND_009	9	9e6y	3047	20	71S,72L,74T,81N,82G,83A,87T,90V,92H,95R,98R,100W,135K,137A,138S,139F,140P,141E,142G,143S	18	1	/data/qlyu/projects/pvrig_top7500_dualpanel_screen_v1_20260724/run/qc397_final50_fusion_developability_v1_20260726/final50_common4_bundle/representative_complexes/R01__P1MCPUFP__CPUFP500K_0288__00659__9e6y__s3047.pdb	e91b6d81e4713125c9f671e65642b6f7e77a74a669fea572b2108e19d731c33a
NODE1GEN_112448_source_rfantibody_source_id_PVRIG_RFAb_v2_P5_qkg_L_bb355_mpn01_arm_P5_qkg_L_backbone_P5_qkg_L_bb355_status_NEEDS_RF2_AND_DOCKING	PVRIG_CAND_001	1	8x6b	42	22	71S,72L,74T,76S,81N,82G,83A,87T,90V,92H,95R,98R,100W,135K,137A,138S,139F,140P,141E,142G,143S,144W	19	1	/data/qlyu/projects/pvrig_top7500_dualpanel_screen_v1_20260724/run/qc397_final50_fusion_developability_v1_20260726/final50_common4_bundle/representative_complexes/R02__NODE1GEN_112448__8x6b__s42.pdb	2f3c5e165840b68864b2ee4ed608740abe7f49c5605444ccab1d5c2237a31e95
NODE1GEN_112448_source_rfantibody_source_id_PVRIG_RFAb_v2_P5_qkg_L_bb355_mpn01_arm_P5_qkg_L_backbone_P5_qkg_L_bb355_status_NEEDS_RF2_AND_DOCKING	PVRIG_CAND_001	1	9e6y	42	19	71S,72L,74T,81N,82G,83A,90V,92H,95R,98R,100W,135K,137A,138S,139F,140P,141E,142G,143S	18	0	/data/qlyu/projects/pvrig_top7500_dualpanel_screen_v1_20260724/run/qc397_final50_fusion_developability_v1_20260726/final50_common4_bundle/representative_complexes/R02__NODE1GEN_112448__9e6y__s42.pdb	9a70ba659ec796d2b9d6ab4a4fbb272b3f12d62ac5e07f1bbadf8a4532da3e14
NODE1GEN_112448_source_rfantibody_source_id_PVRIG_RFAb_v2_P5_qkg_L_bb355_mpn01_arm_P5_qkg_L_backbone_P5_qkg_L_bb355_status_NEEDS_RF2_AND_DOCKING	PVRIG_CAND_001	1	8x6b	917	21	71S,72L,74T,81N,82G,83A,87T,90V,92H,95R,100W,135K,137A,138S,139F,140P,141E,142G,143S,144W,145E	18	1	/data/qlyu/projects/pvrig_top7500_dualpanel_screen_v1_20260724/run/qc397_final50_fusion_developability_v1_20260726/final50_common4_bundle/representative_complexes/R02__NODE1GEN_112448__8x6b__s917.pdb	9740f2dc2ecda3ea458bd7ecf4a534c4549720dc3db4b5849ea2c99a68240d1a
NODE1GEN_112448_source_rfantibody_source_id_PVRIG_RFAb_v2_P5_qkg_L_bb355_mpn01_arm_P5_qkg_L_backbone_P5_qkg_L_bb355_status_NEEDS_RF2_AND_DOCKING	PVRIG_CAND_001	1	9e6y	917	19	71S,72L,74T,81N,82G,83A,87T,90V,92H,95R,135K,137A,138S,139F,140P,141E,142G,143S,145E	16	1	/data/qlyu/projects/pvrig_top7500_dualpanel_screen_v1_20260724/run/qc397_final50_fusion_developability_v1_20260726/final50_common4_bundle/representative_complexes/R02__NODE1GEN_112448__9e6y__s917.pdb	ae8cb90f893de9c19d3e1e1e42b08f88b0607dfca4e75d854611eb80147e55d1
NODE1GEN_112448_source_rfantibody_source_id_PVRIG_RFAb_v2_P5_qkg_L_bb355_mpn01_arm_P5_qkg_L_backbone_P5_qkg_L_bb355_status_NEEDS_RF2_AND_DOCKING	PVRIG_CAND_001	1	8x6b	1931	19	71S,72L,81N,82G,87T,90V,92H,94E,95R,98R,100W,135K,137A,138S,139F,140P,141E,142G,143S	16	1	/data/qlyu/projects/pvrig_top7500_dualpanel_screen_v1_20260724/run/qc397_final50_fusion_developability_v1_20260726/final50_common4_bundle/representative_complexes/R02__NODE1GEN_112448__8x6b__s1931.pdb	ff0cc0f9977dcac4249b204abd34cb880d71266a074123f23141a3cf69ce0a27
NODE1GEN_112448_source_rfantibody_source_id_PVRIG_RFAb_v2_P5_qkg_L_bb355_mpn01_arm_P5_qkg_L_backbone_P5_qkg_L_bb355_status_NEEDS_RF2_AND_DOCKING	PVRIG_CAND_001	1	9e6y	1931	23	71S,72L,74T,76S,81N,82G,83A,87T,90V,92H,95R,98R,100W,135K,137A,138S,139F,140P,141E,142G,143S,144W,145E	19	1	/data/qlyu/projects/pvrig_top7500_dualpanel_screen_v1_20260724/run/qc397_final50_fusion_developability_v1_20260726/final50_common4_bundle/representative_complexes/R02__NODE1GEN_112448__9e6y__s1931.pdb	66e7b2baf7709ed5481081be96d305b144c3736473f28dea713c58b826c3d89d
NODE1GEN_112448_source_rfantibody_source_id_PVRIG_RFAb_v2_P5_qkg_L_bb355_mpn01_arm_P5_qkg_L_backbone_P5_qkg_L_bb355_status_NEEDS_RF2_AND_DOCKING	PVRIG_CAND_001	1	8x6b	3047	21	71S,72L,74T,76S,81N,82G,83A,87T,90V,92H,95R,135K,137A,138S,139F,140P,141E,142G,143S,144W,145E	17	1	/data/qlyu/projects/pvrig_top7500_dualpanel_screen_v1_20260724/run/qc397_final50_fusion_developability_v1_20260726/final50_common4_bundle/representative_complexes/R02__NODE1GEN_112448__8x6b__s3047.pdb	8b5800ddd297e027c4af96327e271682f7c8b48250b1ea5f5ee818ede7cd4125
NODE1GEN_112448_source_rfantibody_source_id_PVRIG_RFAb_v2_P5_qkg_L_bb355_mpn01_arm_P5_qkg_L_backbone_P5_qkg_L_bb355_status_NEEDS_RF2_AND_DOCKING	PVRIG_CAND_001	1	9e6y	3047	21	71S,72L,74T,81N,82G,83A,84G,87T,90V,92H,95R,135K,137A,138S,139F,140P,141E,142G,143S,144W,145E	17	1	/data/qlyu/projects/pvrig_top7500_dualpanel_screen_v1_20260724/run/qc397_final50_fusion_developability_v1_20260726/final50_common4_bundle/representative_complexes/R02__NODE1GEN_112448__9e6y__s3047.pdb	a67f3ab72f2467d7fd1029bdfb8bb15220889298ce65f94a34d2ea114194cf9f
NODE1GEN_229102_source_fixed_pose_mpnn_source_id_P500K__FIXED_POSE_MPNN__2F90E7DCCA05F9E4	PVRIG_CAND_002	2	8x6b	42	21	71S,72L,74T,80P,81N,82G,83A,84G,87T,90V,100W,135K,137A,138S,139F,140P,141E,142G,143S,144W,145E	17	1	/data/qlyu/projects/pvrig_top7500_dualpanel_screen_v1_20260724/run/qc397_final50_fusion_developability_v1_20260726/final50_common4_bundle/representative_complexes/R03__NODE1GEN_229102_source_fixed_pose_mpnn_source_id_P500K__FIXED_POSE_MPNN__2F90E7DCCA05F9E4__8x6b__s42.pdb	081a43661eafb3c36d0435489ba89bccfe9e1f9baed172c033bc9e96ce361c28
NODE1GEN_229102_source_fixed_pose_mpnn_source_id_P500K__FIXED_POSE_MPNN__2F90E7DCCA05F9E4	PVRIG_CAND_002	2	9e6y	42	22	71S,72L,74T,76S,80P,81N,82G,83A,84G,87T,90V,100W,135K,137A,138S,139F,140P,141E,142G,143S,144W,145E	17	1	/data/qlyu/projects/pvrig_top7500_dualpanel_screen_v1_20260724/run/qc397_final50_fusion_developability_v1_20260726/final50_common4_bundle/representative_complexes/R03__NODE1GEN_229102_source_fixed_pose_mpnn_source_id_P500K__FIXED_POSE_MPNN__2F90E7DCCA05F9E4__9e6y__s42.pdb	10850d0526c87368a7925cf1cbb3e6f3f4c32d59b366f3e3befe6734f82ef40d
NODE1GEN_229102_source_fixed_pose_mpnn_source_id_P500K__FIXED_POSE_MPNN__2F90E7DCCA05F9E4	PVRIG_CAND_002	2	8x6b	917	25	71S,72L,73V,74T,76S,80P,81N,82G,83A,84G,87T,90V,92H,95R,100W,135K,137A,138S,139F,140P,141E,142G,143S,144W,145E	18	1	/data/qlyu/projects/pvrig_top7500_dualpanel_screen_v1_20260724/run/qc397_final50_fusion_developability_v1_20260726/final50_common4_bundle/representative_complexes/R03__NODE1GEN_229102_source_fixed_pose_mpnn_source_id_P500K__FIXED_POSE_MPNN__2F90E7DCCA05F9E4__8x6b__s917.pdb	4570645a60f28f46da9796fc5cbf058766157e909b35a2f5cf21f9bf5a1467bf
NODE1GEN_229102_source_fixed_pose_mpnn_source_id_P500K__FIXED_POSE_MPNN__2F90E7DCCA05F9E4	PVRIG_CAND_002	2	9e6y	917	20	71S,72L,74T,81N,82G,83A,87T,90V,92H,94E,95R,135K,137A,138S,139F,140P,141E,142G,143S,144W	17	1	/data/qlyu/projects/pvrig_top7500_dualpanel_screen_v1_20260724/run/qc397_final50_fusion_developability_v1_20260726/final50_common4_bundle/representative_complexes/R03__NODE1GEN_229102_source_fixed_pose_mpnn_source_id_P500K__FIXED_POSE_MPNN__2F90E7DCCA05F9E4__9e6y__s917.pdb	c9843b2b61f229e4e2e750976f864e699e32f4bc4ff194a1e08552e2a55e81d9
NODE1GEN_229102_source_fixed_pose_mpnn_source_id_P500K__FIXED_POSE_MPNN__2F90E7DCCA05F9E4	PVRIG_CAND_002	2	8x6b	1931	22	71S,72L,74T,76S,80P,81N,82G,83A,84G,87T,90V,100W,135K,137A,138S,139F,140P,141E,142G,143S,144W,145E	17	1	/data/qlyu/projects/pvrig_top7500_dualpanel_screen_v1_20260724/run/qc397_final50_fusion_developability_v1_20260726/final50_common4_bundle/representative_complexes/R03__NODE1GEN_229102_source_fixed_pose_mpnn_source_id_P500K__FIXED_POSE_MPNN__2F90E7DCCA05F9E4__8x6b__s1931.pdb	7e0a6c427ebc10902111336f90a63d60426375f5066124a8d6a12c6e92dbae7f
NODE1GEN_229102_source_fixed_pose_mpnn_source_id_P500K__FIXED_POSE_MPNN__2F90E7DCCA05F9E4	PVRIG_CAND_002	2	9e6y	1931	23	71S,72L,73V,74T,76S,80P,81N,82G,83A,84G,87T,90V,100W,135K,137A,138S,139F,140P,141E,142G,143S,144W,145E	17	1	/data/qlyu/projects/pvrig_top7500_dualpanel_screen_v1_20260724/run/qc397_final50_fusion_developability_v1_20260726/final50_common4_bundle/representative_complexes/R03__NODE1GEN_229102_source_fixed_pose_mpnn_source_id_P500K__FIXED_POSE_MPNN__2F90E7DCCA05F9E4__9e6y__s1931.pdb	aa8e529872a434426acd80eb720c1606e76d89e2e472bb270313dc56ebcbc4cc
NODE1GEN_229102_source_fixed_pose_mpnn_source_id_P500K__FIXED_POSE_MPNN__2F90E7DCCA05F9E4	PVRIG_CAND_002	2	8x6b	3047	24	71S,72L,74T,76S,80P,81N,82G,83A,84G,87T,90V,92H,95R,100W,135K,137A,138S,139F,140P,141E,142G,143S,144W,145E	18	1	/data/qlyu/projects/pvrig_top7500_dualpanel_screen_v1_20260724/run/qc397_final50_fusion_developability_v1_20260726/final50_common4_bundle/representative_complexes/R03__NODE1GEN_229102_source_fixed_pose_mpnn_source_id_P500K__FIXED_POSE_MPNN__2F90E7DCCA05F9E4__8x6b__s3047.pdb	423bc4e6d03822a12f1fec1ad5be9e8b32056d0634e1e84f08544114527169b2
NODE1GEN_229102_source_fixed_pose_mpnn_source_id_P500K__FIXED_POSE_MPNN__2F90E7DCCA05F9E4	PVRIG_CAND_002	2	9e6y	3047	20	71S,72L,74T,80P,81N,82G,83A,87T,90V,100W,135K,137A,138S,139F,140P,141E,142G,143S,144W,145E	17	1	/data/qlyu/projects/pvrig_top7500_dualpanel_screen_v1_20260724/run/qc397_final50_fusion_developability_v1_20260726/final50_common4_bundle/representative_complexes/R03__NODE1GEN_229102_source_fixed_pose_mpnn_source_id_P500K__FIXED_POSE_MPNN__2F90E7DCCA05F9E4__9e6y__s3047.pdb	c629ee3313ccf976ee70e174e72ec238ac83bea84903a2ad51652edbe406d59c
P1MCPUFP__CPUFP500K_0188__00519	PVRIG_CAND_003	3	8x6b	42	19	69S,70I,71S,72L,74T,81N,83A,92H,94E,95R,135K,137A,138S,139F,140P,141E,142G,143S,144W	15	0	/data/qlyu/projects/pvrig_top7500_dualpanel_screen_v1_20260724/run/qc397_final50_fusion_developability_v1_20260726/final50_common4_bundle/representative_complexes/R04__P1MCPUFP__CPUFP500K_0188__00519__8x6b__s42.pdb	b036ac7d7a0a46461b4e7fc871b417a05e3eb6c60ff1838ab70e5fd391b1f831
P1MCPUFP__CPUFP500K_0188__00519	PVRIG_CAND_003	3	9e6y	42	21	71S,72L,73V,74T,81N,82G,90V,92H,94E,95R,98R,100W,135K,136F,137A,138S,139F,140P,141E,142G,143S	17	0	/data/qlyu/projects/pvrig_top7500_dualpanel_screen_v1_20260724/run/qc397_final50_fusion_developability_v1_20260726/final50_common4_bundle/representative_complexes/R04__P1MCPUFP__CPUFP500K_0188__00519__9e6y__s42.pdb	2a54f8d41a032310ea8cb8684970a9d19fbd82ff8322cfb2c93e4dd52a882120
P1MCPUFP__CPUFP500K_0188__00519	PVRIG_CAND_003	3	8x6b	917	19	69S,70I,71S,72L,74T,81N,82G,83A,92H,94E,95R,135K,137A,138S,139F,140P,141E,142G,143S	15	0	/data/qlyu/projects/pvrig_top7500_dualpanel_screen_v1_20260724/run/qc397_final50_fusion_developability_v1_20260726/final50_common4_bundle/representative_complexes/R04__P1MCPUFP__CPUFP500K_0188__00519__8x6b__s917.pdb	46e31406e95b34957b652ad926343ca52848157c5a12879a7282f398292741f1
P1MCPUFP__CPUFP500K_0188__00519	PVRIG_CAND_003	3	9e6y	917	20	71S,72L,73V,74T,81N,82G,87T,90V,92H,94E,95R,98R,135K,136F,137A,138S,139F,140P,142G,143S	15	1	/data/qlyu/projects/pvrig_top7500_dualpanel_screen_v1_20260724/run/qc397_final50_fusion_developability_v1_20260726/final50_common4_bundle/representative_complexes/R04__P1MCPUFP__CPUFP500K_0188__00519__9e6y__s917.pdb	db9c9a9b2873373d210a9ef1a18666bbedd43fd5b65ce4c0c093f61126770249
P1MCPUFP__CPUFP500K_0188__00519	PVRIG_CAND_003	3	8x6b	1931	19	71S,72L,73V,74T,81N,82G,90V,92H,94E,95R,98R,135K,136F,137A,138S,139F,140P,142G,143S	15	0	/data/qlyu/projects/pvrig_top7500_dualpanel_screen_v1_20260724/run/qc397_final50_fusion_developability_v1_20260726/final50_common4_bundle/representative_complexes/R04__P1MCPUFP__CPUFP500K_0188__00519__8x6b__s1931.pdb	acb6f70e1327b78d8e1e48fc564d048c3de8ac51678bd2daf32ca093d802ae79
P1MCPUFP__CPUFP500K_0188__00519	PVRIG_CAND_003	3	9e6y	1931	21	71S,72L,73V,74T,81N,82G,83A,90V,92H,94E,95R,98R,100W,135K,136F,137A,138S,139F,140P,142G,143S	17	0	/data/qlyu/projects/pvrig_top7500_dualpanel_screen_v1_20260724/run/qc397_final50_fusion_developability_v1_20260726/final50_common4_bundle/representative_complexes/R04__P1MCPUFP__CPUFP500K_0188__00519__9e6y__s1931.pdb	7cefda36c77d67d93e5d401d6cecb02cd3f9dcdeb9beed6aa16e778c2af1faf7
P1MCPUFP__CPUFP500K_0188__00519	PVRIG_CAND_003	3	8x6b	3047	19	71S,72L,74T,81N,82G,83A,87T,90V,92H,95R,96G,98R,100W,135K,137A,138S,139F,142G,143S	17	1	/data/qlyu/projects/pvrig_top7500_dualpanel_screen_v1_20260724/run/qc397_final50_fusion_developability_v1_20260726/final50_common4_bundle/representative_complexes/R04__P1MCPUFP__CPUFP500K_0188__00519__8x6b__s3047.pdb	76efe16a7ad59255cf3d790565edc5e4029b11d832250dbee7888f952555c4e5
P1MCPUFP__CPUFP500K_0188__00519	PVRIG_CAND_003	3	9e6y	3047	22	71S,72L,73V,74T,81N,82G,83A,90V,92H,94E,95R,98R,100W,135K,136F,137A,138S,139F,140P,141E,142G,143S	18	0	/data/qlyu/projects/pvrig_top7500_dualpanel_screen_v1_20260724/run/qc397_final50_fusion_developability_v1_20260726/final50_common4_bundle/representative_complexes/R04__P1MCPUFP__CPUFP500K_0188__00519__9e6y__s3047.pdb	6eb4a3833fa9448a825186a88f6b34ce2de868c9014c34d6080610387e5166af
P1MCPUFP__CPUFP500K_0100__00092	PVRIG_CAND_010	10	8x6b	42	23	71S,72L,74T,76S,80P,81N,82G,83A,84G,85G,87T,95R,135K,136F,137A,138S,139F,140P,141E,142G,143S,144W,145E	15	1	/data/qlyu/projects/pvrig_top7500_dualpanel_screen_v1_20260724/run/qc397_final50_fusion_developability_v1_20260726/final50_common4_bundle/representative_complexes/R05__P1MCPUFP__CPUFP500K_0100__00092__8x6b__s42.pdb	29e20cdbd4aa09be111b3eb8016d7fe93a9c78ae6341e33ec4a750f0e4bf4329
P1MCPUFP__CPUFP500K_0100__00092	PVRIG_CAND_010	10	9e6y	42	26	71S,72L,74T,76S,80P,81N,82G,83A,85G,86T,87T,92H,94E,95R,100W,135K,136F,137A,138S,139F,140P,141E,142G,143S,144W,145E	17	1	/data/qlyu/projects/pvrig_top7500_dualpanel_screen_v1_20260724/run/qc397_final50_fusion_developability_v1_20260726/final50_common4_bundle/representative_complexes/R05__P1MCPUFP__CPUFP500K_0100__00092__9e6y__s42.pdb	aa36ba37a76eba4fe0f2e59850890a89f8001709ca3e6e18bc9fd4a6eba8bb89
P1MCPUFP__CPUFP500K_0100__00092	PVRIG_CAND_010	10	8x6b	917	20	71S,72L,73V,74T,76S,81N,82G,83A,87T,135K,136F,137A,138S,139F,140P,141E,142G,143S,144W,145E	15	1	/data/qlyu/projects/pvrig_top7500_dualpanel_screen_v1_20260724/run/qc397_final50_fusion_developability_v1_20260726/final50_common4_bundle/representative_complexes/R05__P1MCPUFP__CPUFP500K_0100__00092__8x6b__s917.pdb	395b7413e0ade0c89f734876c0a97564243cdba7e666a020856f2aeeb3aba35a
P1MCPUFP__CPUFP500K_0100__00092	PVRIG_CAND_010	10	9e6y	917	20	71S,72L,73V,74T,76S,81N,82G,83A,85G,87T,135K,137A,138S,139F,140P,141E,142G,143S,144W,145E	15	1	/data/qlyu/projects/pvrig_top7500_dualpanel_screen_v1_20260724/run/qc397_final50_fusion_developability_v1_20260726/final50_common4_bundle/representative_complexes/R05__P1MCPUFP__CPUFP500K_0100__00092__9e6y__s917.pdb	369c871e26e0d3b3e73323832c9b978004945615142676a20a6cfdd53a14147e
P1MCPUFP__CPUFP500K_0100__00092	PVRIG_CAND_010	10	8x6b	1931	24	71S,72L,73V,74T,76S,81N,82G,83A,85G,86T,87T,92H,95R,100W,135K,137A,138S,139F,140P,141E,142G,143S,144W,145E	17	1	/data/qlyu/projects/pvrig_top7500_dualpanel_screen_v1_20260724/run/qc397_final50_fusion_developability_v1_20260726/final50_common4_bundle/representative_complexes/R05__P1MCPUFP__CPUFP500K_0100__00092__8x6b__s1931.pdb	4811374488c37946768a184d7015975b20506f3af5e95cf10ddc029a0f02f886
P1MCPUFP__CPUFP500K_0100__00092	PVRIG_CAND_010	10	9e6y	1931	23	71S,72L,73V,74T,75V,76S,81N,82G,83A,84G,85G,86T,87T,135K,137A,138S,139F,140P,141E,142G,143S,144W,145E	15	1	/data/qlyu/projects/pvrig_top7500_dualpanel_screen_v1_20260724/run/qc397_final50_fusion_developability_v1_20260726/final50_common4_bundle/representative_complexes/R05__P1MCPUFP__CPUFP500K_0100__00092__9e6y__s1931.pdb	4cc6acdb93940f2310fd90edcf291332d5927194070ff9a115a4a8e7c2b1a14b
P1MCPUFP__CPUFP500K_0100__00092	PVRIG_CAND_010	10	8x6b	3047	22	71S,72L,73V,74T,76S,81N,82G,83A,85G,86T,87T,95R,135K,137A,138S,139F,140P,141E,142G,143S,144W,145E	15	1	/data/qlyu/projects/pvrig_top7500_dualpanel_screen_v1_20260724/run/qc397_final50_fusion_developability_v1_20260726/final50_common4_bundle/representative_complexes/R05__P1MCPUFP__CPUFP500K_0100__00092__8x6b__s3047.pdb	c2be5f756394e71324b0bd5dc68621c580af30a33c91f998cfde35011f9f0fef
P1MCPUFP__CPUFP500K_0100__00092	PVRIG_CAND_010	10	9e6y	3047	22	71S,72L,73V,74T,76S,81N,82G,83A,85G,86T,87T,135K,136F,137A,138S,139F,140P,141E,142G,143S,144W,145E	15	1	/data/qlyu/projects/pvrig_top7500_dualpanel_screen_v1_20260724/run/qc397_final50_fusion_developability_v1_20260726/final50_common4_bundle/representative_complexes/R05__P1MCPUFP__CPUFP500K_0100__00092__9e6y__s3047.pdb	b37917987d7c2503eae8af2a9bdbf671e49a2b94893be77dac0f55ae4ae0b169
NODE1GEN_181778_source_fixed_pose_mpnn_source_id_P500K__FIXED_POSE_MPNN__8EDA6734F7A8BD2C	PVRIG_CAND_004	4	8x6b	42	17	71S,72L,74T,81N,82G,83A,84G,87T,90V,92H,95R,98R,100W,135K,137A,139F,143S	14	1	/data/qlyu/projects/pvrig_top7500_dualpanel_screen_v1_20260724/run/qc397_final50_fusion_developability_v1_20260726/final50_common4_bundle/representative_complexes/R06__NODE1GEN_181778_source_fixed_pose_mpnn_source_id_P500K__FIXED_POSE_MPNN__8EDA6734F7A8BD2C__8x6b__s42.pdb	de552dd30397e57654498729190d08f4cc1e550cea9bbffe9a51f6492804d4e7
NODE1GEN_181778_source_fixed_pose_mpnn_source_id_P500K__FIXED_POSE_MPNN__8EDA6734F7A8BD2C	PVRIG_CAND_004	4	9e6y	42	18	71S,72L,74T,76S,81N,82G,83A,84G,87T,90V,92H,95R,98R,100W,135K,137A,139F,143S	14	1	/data/qlyu/projects/pvrig_top7500_dualpanel_screen_v1_20260724/run/qc397_final50_fusion_developability_v1_20260726/final50_common4_bundle/representative_complexes/R06__NODE1GEN_181778_source_fixed_pose_mpnn_source_id_P500K__FIXED_POSE_MPNN__8EDA6734F7A8BD2C__9e6y__s42.pdb	53b185e0f81daacc60bc650d411e29b9cac36336275aa8d9ad4cf6538a8c35ca
NODE1GEN_181778_source_fixed_pose_mpnn_source_id_P500K__FIXED_POSE_MPNN__8EDA6734F7A8BD2C	PVRIG_CAND_004	4	8x6b	917	24	71S,72L,74T,76S,80P,81N,82G,83A,84G,85G,87T,90V,95R,100W,135K,137A,138S,139F,140P,141E,142G,143S,144W,145E	17	1	/data/qlyu/projects/pvrig_top7500_dualpanel_screen_v1_20260724/run/qc397_final50_fusion_developability_v1_20260726/final50_common4_bundle/representative_complexes/R06__NODE1GEN_181778_source_fixed_pose_mpnn_source_id_P500K__FIXED_POSE_MPNN__8EDA6734F7A8BD2C__8x6b__s917.pdb	140a40361aa7e2b030bea1c9bef27b7b28a17e5ea9d3f672c08d4624e30ba918
NODE1GEN_181778_source_fixed_pose_mpnn_source_id_P500K__FIXED_POSE_MPNN__8EDA6734F7A8BD2C	PVRIG_CAND_004	4	9e6y	917	22	71S,72L,74T,81N,82G,83A,84G,87T,90V,92H,95R,98R,100W,135K,137A,139F,140P,141E,142G,143S,144W,145E	18	1	/data/qlyu/projects/pvrig_top7500_dualpanel_screen_v1_20260724/run/qc397_final50_fusion_developability_v1_20260726/final50_common4_bundle/representative_complexes/R06__NODE1GEN_181778_source_fixed_pose_mpnn_source_id_P500K__FIXED_POSE_MPNN__8EDA6734F7A8BD2C__9e6y__s917.pdb	8673a3aeb4869c4c6770685b84795999a70c89637a1c5da708d8caf03831416c
NODE1GEN_181778_source_fixed_pose_mpnn_source_id_P500K__FIXED_POSE_MPNN__8EDA6734F7A8BD2C	PVRIG_CAND_004	4	8x6b	1931	23	71S,72L,74T,76S,80P,81N,82G,83A,84G,87T,92H,95R,100W,135K,137A,138S,139F,140P,141E,142G,143S,144W,145E	17	1	/data/qlyu/projects/pvrig_top7500_dualpanel_screen_v1_20260724/run/qc397_final50_fusion_developability_v1_20260726/final50_common4_bundle/representative_complexes/R06__NODE1GEN_181778_source_fixed_pose_mpnn_source_id_P500K__FIXED_POSE_MPNN__8EDA6734F7A8BD2C__8x6b__s1931.pdb	0736b1207579b7168bf1b7bc0211fdc995b564de069082120eb4ebcd8596aecc
NODE1GEN_181778_source_fixed_pose_mpnn_source_id_P500K__FIXED_POSE_MPNN__8EDA6734F7A8BD2C	PVRIG_CAND_004	4	9e6y	1931	23	41T,42P,44V,71S,72L,74T,76S,80P,81N,82G,83A,84G,87T,135K,137A,138S,139F,140P,141E,142G,143S,144W,145E	15	1	/data/qlyu/projects/pvrig_top7500_dualpanel_screen_v1_20260724/run/qc397_final50_fusion_developability_v1_20260726/final50_common4_bundle/representative_complexes/R06__NODE1GEN_181778_source_fixed_pose_mpnn_source_id_P500K__FIXED_POSE_MPNN__8EDA6734F7A8BD2C__9e6y__s1931.pdb	017937e6f8fbafd1077940b6a061341b13d23878ada28aa6f3f8cee451d7f432
NODE1GEN_181778_source_fixed_pose_mpnn_source_id_P500K__FIXED_POSE_MPNN__8EDA6734F7A8BD2C	PVRIG_CAND_004	4	8x6b	3047	20	71S,72L,74T,81N,82G,87T,90V,92H,95R,98R,100W,135K,137A,138S,139F,140P,141E,142G,143S,144W	18	1	/data/qlyu/projects/pvrig_top7500_dualpanel_screen_v1_20260724/run/qc397_final50_fusion_developability_v1_20260726/final50_common4_bundle/representative_complexes/R06__NODE1GEN_181778_source_fixed_pose_mpnn_source_id_P500K__FIXED_POSE_MPNN__8EDA6734F7A8BD2C__8x6b__s3047.pdb	7d5dc9fa5ced9a12eb795aa83aa84379e1b5c2f33325dd6dcb76761e9bb9c472
NODE1GEN_181778_source_fixed_pose_mpnn_source_id_P500K__FIXED_POSE_MPNN__8EDA6734F7A8BD2C	PVRIG_CAND_004	4	9e6y	3047	19	71S,72L,74T,81N,82G,83A,84G,85G,86T,87T,90V,92H,95R,98R,100W,135K,137A,139F,143S	14	1	/data/qlyu/projects/pvrig_top7500_dualpanel_screen_v1_20260724/run/qc397_final50_fusion_developability_v1_20260726/final50_common4_bundle/representative_complexes/R06__NODE1GEN_181778_source_fixed_pose_mpnn_source_id_P500K__FIXED_POSE_MPNN__8EDA6734F7A8BD2C__9e6y__s3047.pdb	712313d3d476bbbd12a28303940b8b22e80de4d2ac9ff0a1fbba9d22b420e298
NODE1GEN_154595_source_fixed_pose_mpnn_source_id_P500K__FIXED_POSE_MPNN__9B999365EA60CCE9	PVRIG_CAND_011	11	8x6b	42	25	41T,42P,71S,72L,73V,74T,80P,81N,82G,83A,84G,85G,86T,87T,135K,136F,137A,138S,139F,140P,141E,142G,143S,144W,145E	15	1	/data/qlyu/projects/pvrig_top7500_dualpanel_screen_v1_20260724/run/qc397_final50_fusion_developability_v1_20260726/final50_common4_bundle/representative_complexes/R07__NODE1GEN_154595_source_fixed_pose_mpnn_source_id_P500K__FIXED_POSE_MPNN__9B999365EA60CCE9__8x6b__s42.pdb	3a3c803669d0323e7cfd4eb8ee42be2ba127821f99f1a7fd838a98cb37ec8010
NODE1GEN_154595_source_fixed_pose_mpnn_source_id_P500K__FIXED_POSE_MPNN__9B999365EA60CCE9	PVRIG_CAND_011	11	9e6y	42	23	42P,71S,72L,73V,74T,80P,81N,82G,83A,84G,85G,86T,87T,135K,137A,138S,139F,140P,141E,142G,143S,144W,145E	15	1	/data/qlyu/projects/pvrig_top7500_dualpanel_screen_v1_20260724/run/qc397_final50_fusion_developability_v1_20260726/final50_common4_bundle/representative_complexes/R07__NODE1GEN_154595_source_fixed_pose_mpnn_source_id_P500K__FIXED_POSE_MPNN__9B999365EA60CCE9__9e6y__s42.pdb	5827e697b1c368294684751daa8a8f67662557a7cd73c856b7f3286d629a3ff3
NODE1GEN_154595_source_fixed_pose_mpnn_source_id_P500K__FIXED_POSE_MPNN__9B999365EA60CCE9	PVRIG_CAND_011	11	8x6b	917	24	41T,42P,71S,72L,73V,74T,80P,81N,82G,83A,84G,85G,86T,87T,135K,136F,137A,138S,139F,140P,141E,142G,143S,144W	15	1	/data/qlyu/projects/pvrig_top7500_dualpanel_screen_v1_20260724/run/qc397_final50_fusion_developability_v1_20260726/final50_common4_bundle/representative_complexes/R07__NODE1GEN_154595_source_fixed_pose_mpnn_source_id_P500K__FIXED_POSE_MPNN__9B999365EA60CCE9__8x6b__s917.pdb	d6949d2ad0d5334cc1df34bc0c5502a08a623c52eab3374c4ee777bc4b06b399
NODE1GEN_154595_source_fixed_pose_mpnn_source_id_P500K__FIXED_POSE_MPNN__9B999365EA60CCE9	PVRIG_CAND_011	11	9e6y	917	22	41T,71S,72L,74T,80P,81N,82G,83A,84G,85G,86T,87T,135K,136F,137A,138S,139F,140P,141E,142G,143S,144W	15	1	/data/qlyu/projects/pvrig_top7500_dualpanel_screen_v1_20260724/run/qc397_final50_fusion_developability_v1_20260726/final50_common4_bundle/representative_complexes/R07__NODE1GEN_154595_source_fixed_pose_mpnn_source_id_P500K__FIXED_POSE_MPNN__9B999365EA60CCE9__9e6y__s917.pdb	25b5ed39325a0b8d2c525e8a695c75aa0492438c39d4a9cbb3e33134061afcee
NODE1GEN_154595_source_fixed_pose_mpnn_source_id_P500K__FIXED_POSE_MPNN__9B999365EA60CCE9	PVRIG_CAND_011	11	8x6b	1931	23	41T,42P,71S,72L,73V,74T,80P,81N,82G,83A,84G,85G,86T,87T,135K,137A,138S,139F,140P,141E,142G,143S,144W	15	1	/data/qlyu/projects/pvrig_top7500_dualpanel_screen_v1_20260724/run/qc397_final50_fusion_developability_v1_20260726/final50_common4_bundle/representative_complexes/R07__NODE1GEN_154595_source_fixed_pose_mpnn_source_id_P500K__FIXED_POSE_MPNN__9B999365EA60CCE9__8x6b__s1931.pdb	524a32b012490452d74543be8a45c409ef197425311d3e9adce4f969a0ab62b5
NODE1GEN_154595_source_fixed_pose_mpnn_source_id_P500K__FIXED_POSE_MPNN__9B999365EA60CCE9	PVRIG_CAND_011	11	9e6y	1931	22	42P,71S,72L,73V,74T,81N,82G,83A,84G,85G,86T,87T,135K,137A,138S,139F,140P,141E,142G,143S,144W,145E	15	1	/data/qlyu/projects/pvrig_top7500_dualpanel_screen_v1_20260724/run/qc397_final50_fusion_developability_v1_20260726/final50_common4_bundle/representative_complexes/R07__NODE1GEN_154595_source_fixed_pose_mpnn_source_id_P500K__FIXED_POSE_MPNN__9B999365EA60CCE9__9e6y__s1931.pdb	97b794ad92b79364ce7ad0d0040fd63bc1044635b70743cb337619da6b41529d
NODE1GEN_154595_source_fixed_pose_mpnn_source_id_P500K__FIXED_POSE_MPNN__9B999365EA60CCE9	PVRIG_CAND_011	11	8x6b	3047	23	42P,71S,72L,73V,74T,81N,82G,83A,84G,85G,86T,87T,135K,136F,137A,138S,139F,140P,141E,142G,143S,144W,145E	15	1	/data/qlyu/projects/pvrig_top7500_dualpanel_screen_v1_20260724/run/qc397_final50_fusion_developability_v1_20260726/final50_common4_bundle/representative_complexes/R07__NODE1GEN_154595_source_fixed_pose_mpnn_source_id_P500K__FIXED_POSE_MPNN__9B999365EA60CCE9__8x6b__s3047.pdb	7428b47280d64f027d09640a66f7585525f2b9b12777b4c4b193f76052bc9d8e
NODE1GEN_154595_source_fixed_pose_mpnn_source_id_P500K__FIXED_POSE_MPNN__9B999365EA60CCE9	PVRIG_CAND_011	11	9e6y	3047	24	42P,71S,72L,73V,74T,81N,82G,83A,84G,85G,86T,87T,92H,135K,136F,137A,138S,139F,140P,141E,142G,143S,144W,145E	16	1	/data/qlyu/projects/pvrig_top7500_dualpanel_screen_v1_20260724/run/qc397_final50_fusion_developability_v1_20260726/final50_common4_bundle/representative_complexes/R07__NODE1GEN_154595_source_fixed_pose_mpnn_source_id_P500K__FIXED_POSE_MPNN__9B999365EA60CCE9__9e6y__s3047.pdb	ae2bff83fee2904aa888ef6481390ab02bbdebb158242a8182f84ea98963582c
NODE1GEN_256613_source_fixed_pose_mpnn_source_id_P500K__FIXED_POSE_MPNN__0A1B353F72DFABBD	PVRIG_CAND_005	5	8x6b	42	24	71S,72L,74T,81N,82G,83A,84G,85G,87T,90V,92H,95R,98R,100W,135K,136F,137A,138S,139F,140P,142G,143S,144W,145E	18	1	/data/qlyu/projects/pvrig_top7500_dualpanel_screen_v1_20260724/run/qc397_final50_fusion_developability_v1_20260726/final50_common4_bundle/representative_complexes/R08__NODE1GEN_256613_source_fixed_pose_mpnn_source_id_P500K__FIXED_POSE_MPNN__0A1B353F72DFABBD__8x6b__s42.pdb	d07d7139d4743eb46b107a341ea6042cc1f294cd70ce02f92d947cd2e4b3e521
NODE1GEN_256613_source_fixed_pose_mpnn_source_id_P500K__FIXED_POSE_MPNN__0A1B353F72DFABBD	PVRIG_CAND_005	5	9e6y	42	23	71S,72L,73V,74T,81N,82G,83A,84G,87T,90V,92H,95R,98R,100W,135K,137A,138S,139F,140P,141E,142G,143S,144W	19	1	/data/qlyu/projects/pvrig_top7500_dualpanel_screen_v1_20260724/run/qc397_final50_fusion_developability_v1_20260726/final50_common4_bundle/representative_complexes/R08__NODE1GEN_256613_source_fixed_pose_mpnn_source_id_P500K__FIXED_POSE_MPNN__0A1B353F72DFABBD__9e6y__s42.pdb	991a68659995ac7b0a479b84ceb832be5748ce61e3405bb2c0904d6fd6ef1a03
NODE1GEN_256613_source_fixed_pose_mpnn_source_id_P500K__FIXED_POSE_MPNN__0A1B353F72DFABBD	PVRIG_CAND_005	5	8x6b	917	23	71S,72L,74T,76S,81N,82G,83A,84G,85G,87T,92H,95R,98R,100W,135K,136F,137A,138S,139F,140P,142G,143S,144W	17	1	/data/qlyu/projects/pvrig_top7500_dualpanel_screen_v1_20260724/run/qc397_final50_fusion_developability_v1_20260726/final50_common4_bundle/representative_complexes/R08__NODE1GEN_256613_source_fixed_pose_mpnn_source_id_P500K__FIXED_POSE_MPNN__0A1B353F72DFABBD__8x6b__s917.pdb	a9c1f080ccec75a4004dbb6f2375114441b13c0d3d722caeeaeed5a8e09da100
NODE1GEN_256613_source_fixed_pose_mpnn_source_id_P500K__FIXED_POSE_MPNN__0A1B353F72DFABBD	PVRIG_CAND_005	5	9e6y	917	25	71S,72L,73V,74T,81N,82G,83A,84G,85G,87T,90V,92H,95R,98R,100W,135K,136F,137A,138S,139F,140P,141E,142G,143S,144W	19	1	/data/qlyu/projects/pvrig_top7500_dualpanel_screen_v1_20260724/run/qc397_final50_fusion_developability_v1_20260726/final50_common4_bundle/representative_complexes/R08__NODE1GEN_256613_source_fixed_pose_mpnn_source_id_P500K__FIXED_POSE_MPNN__0A1B353F72DFABBD__9e6y__s917.pdb	e10f2cb0389c96169ea8080ff15d9a238f249600fefade1f20ff310b112742cb
NODE1GEN_256613_source_fixed_pose_mpnn_source_id_P500K__FIXED_POSE_MPNN__0A1B353F72DFABBD	PVRIG_CAND_005	5	8x6b	1931	23	71S,72L,73V,74T,81N,82G,83A,84G,85G,87T,90V,92H,95R,98R,100W,135K,137A,138S,139F,140P,142G,143S,144W	18	1	/data/qlyu/projects/pvrig_top7500_dualpanel_screen_v1_20260724/run/qc397_final50_fusion_developability_v1_20260726/final50_common4_bundle/representative_complexes/R08__NODE1GEN_256613_source_fixed_pose_mpnn_source_id_P500K__FIXED_POSE_MPNN__0A1B353F72DFABBD__8x6b__s1931.pdb	917040af1c751a74e698efdf5c88dc68d249cb9fc16ab418fada5376b6029ddd
NODE1GEN_256613_source_fixed_pose_mpnn_source_id_P500K__FIXED_POSE_MPNN__0A1B353F72DFABBD	PVRIG_CAND_005	5	9e6y	1931	25	71S,72L,74T,76S,81N,82G,83A,84G,85G,87T,90V,92H,95R,98R,135K,136F,137A,138S,139F,140P,141E,142G,143S,144W,145E	18	1	/data/qlyu/projects/pvrig_top7500_dualpanel_screen_v1_20260724/run/qc397_final50_fusion_developability_v1_20260726/final50_common4_bundle/representative_complexes/R08__NODE1GEN_256613_source_fixed_pose_mpnn_source_id_P500K__FIXED_POSE_MPNN__0A1B353F72DFABBD__9e6y__s1931.pdb	769da334a61f6b493e37c34ab51ff25cfac3e84381293564cb171e6d306c2669
NODE1GEN_256613_source_fixed_pose_mpnn_source_id_P500K__FIXED_POSE_MPNN__0A1B353F72DFABBD	PVRIG_CAND_005	5	8x6b	3047	25	71S,72L,74T,81N,82G,83A,84G,85G,87T,90V,92H,95R,96G,98R,100W,135K,136F,137A,138S,139F,140P,141E,142G,143S,144W	20	1	/data/qlyu/projects/pvrig_top7500_dualpanel_screen_v1_20260724/run/qc397_final50_fusion_developability_v1_20260726/final50_common4_bundle/representative_complexes/R08__NODE1GEN_256613_source_fixed_pose_mpnn_source_id_P500K__FIXED_POSE_MPNN__0A1B353F72DFABBD__8x6b__s3047.pdb	f74dede6fef32db74715805faf689443713c2f3370038be94c6654c2432b3fcd
NODE1GEN_256613_source_fixed_pose_mpnn_source_id_P500K__FIXED_POSE_MPNN__0A1B353F72DFABBD	PVRIG_CAND_005	5	9e6y	3047	27	71S,72L,73V,74T,76S,80P,81N,82G,83A,84G,85G,87T,90V,92H,95R,98R,100W,135K,136F,137A,138S,139F,140P,142G,143S,144W,145E	18	1	/data/qlyu/projects/pvrig_top7500_dualpanel_screen_v1_20260724/run/qc397_final50_fusion_developability_v1_20260726/final50_common4_bundle/representative_complexes/R08__NODE1GEN_256613_source_fixed_pose_mpnn_source_id_P500K__FIXED_POSE_MPNN__0A1B353F72DFABBD__9e6y__s3047.pdb	25d3365434540aeef8520dbc673838a431084d12b317d38444768f4af8fd0b64
NODE1GEN_183154_source_fixed_pose_mpnn_source_id_P500K__FIXED_POSE_MPNN__E25C2338B83B903C	PVRIG_CAND_006	6	8x6b	42	24	71S,72L,74T,75V,80P,81N,82G,83A,84G,85G,87T,89A,90V,92H,95R,135K,137A,138S,139F,140P,141E,142G,143S,145E	16	1	/data/qlyu/projects/pvrig_top7500_dualpanel_screen_v1_20260724/run/qc397_final50_fusion_developability_v1_20260726/final50_common4_bundle/representative_complexes/R09__NODE1GEN_183154_source_fixed_pose_mpnn_source_id_P500K__FIXED_POSE_MPNN__E25C2338B83B903C__8x6b__s42.pdb	f0f2e5898d86c92ac92e602adb37c3c27ac0c520504a3aefc856649bab14774e
NODE1GEN_183154_source_fixed_pose_mpnn_source_id_P500K__FIXED_POSE_MPNN__E25C2338B83B903C	PVRIG_CAND_006	6	9e6y	42	26	71S,72L,74T,75V,76S,80P,81N,82G,83A,84G,85G,87T,88L,89A,90V,92H,95R,96G,98R,100W,135K,137A,139F,140P,142G,143S	17	1	/data/qlyu/projects/pvrig_top7500_dualpanel_screen_v1_20260724/run/qc397_final50_fusion_developability_v1_20260726/final50_common4_bundle/representative_complexes/R09__NODE1GEN_183154_source_fixed_pose_mpnn_source_id_P500K__FIXED_POSE_MPNN__E25C2338B83B903C__9e6y__s42.pdb	fcafe23db9b93a92acab76d9340db2259345cffe8cc18e4cc933542ce78187ea
NODE1GEN_183154_source_fixed_pose_mpnn_source_id_P500K__FIXED_POSE_MPNN__E25C2338B83B903C	PVRIG_CAND_006	6	8x6b	917	25	71S,72L,74T,75V,76S,80P,81N,82G,83A,85G,86T,87T,88L,89A,90V,92H,95R,98R,100W,135K,137A,139F,140P,142G,143S	16	1	/data/qlyu/projects/pvrig_top7500_dualpanel_screen_v1_20260724/run/qc397_final50_fusion_developability_v1_20260726/final50_common4_bundle/representative_complexes/R09__NODE1GEN_183154_source_fixed_pose_mpnn_source_id_P500K__FIXED_POSE_MPNN__E25C2338B83B903C__8x6b__s917.pdb	b4c24a3649f63cbac77e9bbf59f019d995cd8f9229aece4e7bbd001347b11c3d
NODE1GEN_183154_source_fixed_pose_mpnn_source_id_P500K__FIXED_POSE_MPNN__E25C2338B83B903C	PVRIG_CAND_006	6	9e6y	917	26	71S,72L,74T,75V,76S,80P,81N,82G,83A,84G,85G,87T,88L,90V,92H,95R,98R,100W,135K,137A,138S,139F,140P,141E,142G,143S	18	1	/data/qlyu/projects/pvrig_top7500_dualpanel_screen_v1_20260724/run/qc397_final50_fusion_developability_v1_20260726/final50_common4_bundle/representative_complexes/R09__NODE1GEN_183154_source_fixed_pose_mpnn_source_id_P500K__FIXED_POSE_MPNN__E25C2338B83B903C__9e6y__s917.pdb	73cee2bfacd6aa81bef3f1991665377b0fcdcaf981a704d21faba0d0bacfa8b1
NODE1GEN_183154_source_fixed_pose_mpnn_source_id_P500K__FIXED_POSE_MPNN__E25C2338B83B903C	PVRIG_CAND_006	6	8x6b	1931	26	71S,72L,74T,75V,76S,80P,81N,82G,83A,84G,85G,87T,89A,90V,92H,95R,98R,100W,135K,137A,138S,139F,140P,141E,142G,143S	18	1	/data/qlyu/projects/pvrig_top7500_dualpanel_screen_v1_20260724/run/qc397_final50_fusion_developability_v1_20260726/final50_common4_bundle/representative_complexes/R09__NODE1GEN_183154_source_fixed_pose_mpnn_source_id_P500K__FIXED_POSE_MPNN__E25C2338B83B903C__8x6b__s1931.pdb	0169dcbe5601160fdbafe6463bb1c0bae1a5f035647184e743b64e2a06fe7a69
NODE1GEN_183154_source_fixed_pose_mpnn_source_id_P500K__FIXED_POSE_MPNN__E25C2338B83B903C	PVRIG_CAND_006	6	9e6y	1931	28	71S,72L,74T,75V,76S,80P,81N,82G,83A,84G,85G,86T,87T,88L,89A,90V,92H,95R,96G,98R,100W,135K,137A,138S,139F,140P,142G,143S	18	1	/data/qlyu/projects/pvrig_top7500_dualpanel_screen_v1_20260724/run/qc397_final50_fusion_developability_v1_20260726/final50_common4_bundle/representative_complexes/R09__NODE1GEN_183154_source_fixed_pose_mpnn_source_id_P500K__FIXED_POSE_MPNN__E25C2338B83B903C__9e6y__s1931.pdb	9171b2489826ae20de9f383af4d44a630e70d6bbdcfbcf3fe68268469b3b16e5
NODE1GEN_183154_source_fixed_pose_mpnn_source_id_P500K__FIXED_POSE_MPNN__E25C2338B83B903C	PVRIG_CAND_006	6	8x6b	3047	23	71S,72L,74T,81N,82G,83A,86T,87T,90V,91L,92H,94E,95R,96G,97I,98R,100W,135K,137A,140P,141E,142G,143S	17	1	/data/qlyu/projects/pvrig_top7500_dualpanel_screen_v1_20260724/run/qc397_final50_fusion_developability_v1_20260726/final50_common4_bundle/representative_complexes/R09__NODE1GEN_183154_source_fixed_pose_mpnn_source_id_P500K__FIXED_POSE_MPNN__E25C2338B83B903C__8x6b__s3047.pdb	08da048558b96b6b83205323b1708734991a20d113e0436b810f61bce082433d
NODE1GEN_183154_source_fixed_pose_mpnn_source_id_P500K__FIXED_POSE_MPNN__E25C2338B83B903C	PVRIG_CAND_006	6	9e6y	3047	27	71S,72L,74T,75V,76S,80P,81N,82G,83A,85G,87T,88L,89A,90V,92H,95R,98R,100W,135K,137A,138S,139F,140P,141E,142G,143S,145E	18	1	/data/qlyu/projects/pvrig_top7500_dualpanel_screen_v1_20260724/run/qc397_final50_fusion_developability_v1_20260726/final50_common4_bundle/representative_complexes/R09__NODE1GEN_183154_source_fixed_pose_mpnn_source_id_P500K__FIXED_POSE_MPNN__E25C2338B83B903C__9e6y__s3047.pdb	3185b2d274bb36a130ed4f6ce2914e13e5177805b879e5a70bda3d3fcc753fd9
P1MCPUFP__CPUFP500K_0188__00282	PVRIG_CAND_012	12	8x6b	42	20	71S,72L,74T,81N,82G,85G,87T,90V,92H,94E,95R,98R,135K,137A,138S,139F,140P,141E,142G,143S	16	1	/data/qlyu/projects/pvrig_top7500_dualpanel_screen_v1_20260724/run/qc397_final50_fusion_developability_v1_20260726/final50_common4_bundle/representative_complexes/R10__P1MCPUFP__CPUFP500K_0188__00282__8x6b__s42.pdb	9309172074a3690189562f928102a465988eaba7a27a591ea8a00b5c6fea02a4
P1MCPUFP__CPUFP500K_0188__00282	PVRIG_CAND_012	12	9e6y	42	21	71S,72L,74T,81N,82G,83A,87T,90V,92H,93P,94E,95R,98R,100W,135K,137A,139F,141E,142G,143S,144W	17	1	/data/qlyu/projects/pvrig_top7500_dualpanel_screen_v1_20260724/run/qc397_final50_fusion_developability_v1_20260726/final50_common4_bundle/representative_complexes/R10__P1MCPUFP__CPUFP500K_0188__00282__9e6y__s42.pdb	30d6b0ef78126100f5a6cfec57615f30e0a282278fbff91547a2dd548f198ab2
P1MCPUFP__CPUFP500K_0188__00282	PVRIG_CAND_012	12	8x6b	917	22	71S,72L,81N,82G,83A,86T,87T,90V,92H,94E,95R,96G,97I,98R,100W,135K,137A,138S,139F,140P,142G,143S	17	1	/data/qlyu/projects/pvrig_top7500_dualpanel_screen_v1_20260724/run/qc397_final50_fusion_developability_v1_20260726/final50_common4_bundle/representative_complexes/R10__P1MCPUFP__CPUFP500K_0188__00282__8x6b__s917.pdb	1602e3de8347dbd0b1e04c2558bb4d39cec9d9b6511db11a59e409cb5f018056
P1MCPUFP__CPUFP500K_0188__00282	PVRIG_CAND_012	12	9e6y	917	23	71S,72L,74T,81N,82G,83A,86T,87T,90V,92H,94E,95R,96G,97I,98R,100W,135K,137A,138S,139F,140P,142G,143S	18	1	/data/qlyu/projects/pvrig_top7500_dualpanel_screen_v1_20260724/run/qc397_final50_fusion_developability_v1_20260726/final50_common4_bundle/representative_complexes/R10__P1MCPUFP__CPUFP500K_0188__00282__9e6y__s917.pdb	38886d3e8801a023ee1c5458f6930fbf9600eb0bf89ded7cd87b7eeb804967d6
P1MCPUFP__CPUFP500K_0188__00282	PVRIG_CAND_012	12	8x6b	1931	17	69S,71S,72L,74T,81N,82G,83A,92H,94E,95R,135K,137A,138S,139F,140P,142G,143S	14	0	/data/qlyu/projects/pvrig_top7500_dualpanel_screen_v1_20260724/run/qc397_final50_fusion_developability_v1_20260726/final50_common4_bundle/representative_complexes/R10__P1MCPUFP__CPUFP500K_0188__00282__8x6b__s1931.pdb	935e27d433669b24d8130055675cf99a188d79271fb99dfe3e2937aa7b9c8a30
P1MCPUFP__CPUFP500K_0188__00282	PVRIG_CAND_012	12	9e6y	1931	20	71S,72L,74T,81N,82G,83A,87T,90V,91L,92H,93P,94E,95R,98R,100W,135K,137A,139F,142G,143S	15	1	/data/qlyu/projects/pvrig_top7500_dualpanel_screen_v1_20260724/run/qc397_final50_fusion_developability_v1_20260726/final50_common4_bundle/representative_complexes/R10__P1MCPUFP__CPUFP500K_0188__00282__9e6y__s1931.pdb	157f914e422444a26b966d0f01b3696a7d74adbdb1cbaacc6643e742d334e991
P1MCPUFP__CPUFP500K_0188__00282	PVRIG_CAND_012	12	8x6b	3047	20	71S,72L,74T,81N,82G,83A,87T,90V,92H,94E,95R,135K,137A,138S,139F,140P,141E,142G,143S,144W	17	1	/data/qlyu/projects/pvrig_top7500_dualpanel_screen_v1_20260724/run/qc397_final50_fusion_developability_v1_20260726/final50_common4_bundle/representative_complexes/R10__P1MCPUFP__CPUFP500K_0188__00282__8x6b__s3047.pdb	728a2144edd46c6d93fa5fcd553bdcf042daf86c35bf848f66b67a16bd197da5
P1MCPUFP__CPUFP500K_0188__00282	PVRIG_CAND_012	12	9e6y	3047	21	71S,72L,81N,82G,83A,86T,87T,90V,91L,92H,94E,95R,96G,98R,100W,135K,137A,138S,139F,142G,143S	16	1	/data/qlyu/projects/pvrig_top7500_dualpanel_screen_v1_20260724/run/qc397_final50_fusion_developability_v1_20260726/final50_common4_bundle/representative_complexes/R10__P1MCPUFP__CPUFP500K_0188__00282__9e6y__s3047.pdb	4c2dff4632fd38ec737cdf22d2a698ac4eff68d4a74a29307f4714ae35e44b2f
NODE1GEN_191476_source_fixed_pose_mpnn_source_id_P500K__FIXED_POSE_MPNN__310934EF4B70CA47	PVRIG_CAND_013	13	8x6b	42	21	71S,72L,74T,81N,82G,83A,87T,90V,92H,95R,100W,135K,137A,138S,139F,140P,141E,142G,143S,144W,145E	18	1	/data/qlyu/projects/pvrig_top7500_dualpanel_screen_v1_20260724/run/qc397_final50_fusion_developability_v1_20260726/final50_common4_bundle/representative_complexes/R11__NODE1GEN_191476_source_fixed_pose_mpnn_source_id_P500K__FIXED_POSE_MPNN__310934EF4B70CA47__8x6b__s42.pdb	c2b60d2463be0b10870050587b6ce828fe1a6ae61c8fbc4da5bb5772d9f64454
NODE1GEN_191476_source_fixed_pose_mpnn_source_id_P500K__FIXED_POSE_MPNN__310934EF4B70CA47	PVRIG_CAND_013	13	9e6y	42	22	71S,72L,74T,81N,82G,83A,87T,90V,92H,95R,98R,100W,135K,137A,138S,139F,140P,141E,142G,143S,144W,145E	19	1	/data/qlyu/projects/pvrig_top7500_dualpanel_screen_v1_20260724/run/qc397_final50_fusion_developability_v1_20260726/final50_common4_bundle/representative_complexes/R11__NODE1GEN_191476_source_fixed_pose_mpnn_source_id_P500K__FIXED_POSE_MPNN__310934EF4B70CA47__9e6y__s42.pdb	6448d331e19fe896fb25b809659e252fe07bf24eddb663f04511e794e9c48764
NODE1GEN_191476_source_fixed_pose_mpnn_source_id_P500K__FIXED_POSE_MPNN__310934EF4B70CA47	PVRIG_CAND_013	13	8x6b	917	22	71S,72L,74T,81N,82G,83A,87T,90V,92H,94E,95R,100W,135K,137A,138S,139F,140P,141E,142G,143S,144W,145E	18	1	/data/qlyu/projects/pvrig_top7500_dualpanel_screen_v1_20260724/run/qc397_final50_fusion_developability_v1_20260726/final50_common4_bundle/representative_complexes/R11__NODE1GEN_191476_source_fixed_pose_mpnn_source_id_P500K__FIXED_POSE_MPNN__310934EF4B70CA47__8x6b__s917.pdb	3940890e1c63f3a139091389ed8caf5e5d5bd0d31627e3e70155ff981779be0d
NODE1GEN_191476_source_fixed_pose_mpnn_source_id_P500K__FIXED_POSE_MPNN__310934EF4B70CA47	PVRIG_CAND_013	13	9e6y	917	21	71S,72L,74T,76S,81N,82G,83A,87T,92H,95R,98R,100W,135K,137A,138S,139F,140P,141E,142G,143S,144W	18	1	/data/qlyu/projects/pvrig_top7500_dualpanel_screen_v1_20260724/run/qc397_final50_fusion_developability_v1_20260726/final50_common4_bundle/representative_complexes/R11__NODE1GEN_191476_source_fixed_pose_mpnn_source_id_P500K__FIXED_POSE_MPNN__310934EF4B70CA47__9e6y__s917.pdb	b159fd50c1d1792de9141463e7123b189383efbd5d724de094095798afd3f483
NODE1GEN_191476_source_fixed_pose_mpnn_source_id_P500K__FIXED_POSE_MPNN__310934EF4B70CA47	PVRIG_CAND_013	13	8x6b	1931	23	71S,72L,74T,81N,82G,83A,87T,90V,92H,95R,98R,100W,135K,137A,138S,139F,140P,141E,142G,143S,144W,145E,146A	19	1	/data/qlyu/projects/pvrig_top7500_dualpanel_screen_v1_20260724/run/qc397_final50_fusion_developability_v1_20260726/final50_common4_bundle/representative_complexes/R11__NODE1GEN_191476_source_fixed_pose_mpnn_source_id_P500K__FIXED_POSE_MPNN__310934EF4B70CA47__8x6b__s1931.pdb	a54448bdd33ac99938906f4eab1ca8c34dfd9d03ca06cdfef5ac60038c8a5711
NODE1GEN_191476_source_fixed_pose_mpnn_source_id_P500K__FIXED_POSE_MPNN__310934EF4B70CA47	PVRIG_CAND_013	13	9e6y	1931	22	72L,74T,81N,82G,83A,85G,87T,90V,92H,95R,98R,100W,135K,137A,138S,139F,140P,141E,142G,143S,144W,145E	18	1	/data/qlyu/projects/pvrig_top7500_dualpanel_screen_v1_20260724/run/qc397_final50_fusion_developability_v1_20260726/final50_common4_bundle/representative_complexes/R11__NODE1GEN_191476_source_fixed_pose_mpnn_source_id_P500K__FIXED_POSE_MPNN__310934EF4B70CA47__9e6y__s1931.pdb	702fe37362a1e8966496f6f41b3ae6284618a7ff097270b1eb66ae34775db61f
NODE1GEN_191476_source_fixed_pose_mpnn_source_id_P500K__FIXED_POSE_MPNN__310934EF4B70CA47	PVRIG_CAND_013	13	8x6b	3047	22	71S,72L,74T,82G,83A,87T,90V,92H,94E,95R,98R,100W,135K,137A,138S,139F,140P,141E,142G,143S,144W,145E	18	1	/data/qlyu/projects/pvrig_top7500_dualpanel_screen_v1_20260724/run/qc397_final50_fusion_developability_v1_20260726/final50_common4_bundle/representative_complexes/R11__NODE1GEN_191476_source_fixed_pose_mpnn_source_id_P500K__FIXED_POSE_MPNN__310934EF4B70CA47__8x6b__s3047.pdb	8da42ca566506ce34a3cdcbb05431e58a6b83443c583f374335528ba10e23991
NODE1GEN_191476_source_fixed_pose_mpnn_source_id_P500K__FIXED_POSE_MPNN__310934EF4B70CA47	PVRIG_CAND_013	13	9e6y	3047	22	71S,72L,74T,81N,82G,83A,87T,90V,92H,94E,95R,100W,135K,137A,138S,139F,140P,141E,142G,143S,144W,145E	18	1	/data/qlyu/projects/pvrig_top7500_dualpanel_screen_v1_20260724/run/qc397_final50_fusion_developability_v1_20260726/final50_common4_bundle/representative_complexes/R11__NODE1GEN_191476_source_fixed_pose_mpnn_source_id_P500K__FIXED_POSE_MPNN__310934EF4B70CA47__9e6y__s3047.pdb	c095a6ffab5821bd7e57e63dab1af841ed5c1bd43d872dfbb07277abd7a0f6c6
P1MCPUFP__CPUFP500K_0090__00532	PVRIG_CAND_014	14	8x6b	42	19	71S,72L,74T,81N,82G,83A,87T,90V,92H,94E,95R,98R,100W,135K,137A,138S,139F,142G,143S	16	1	/data/qlyu/projects/pvrig_top7500_dualpanel_screen_v1_20260724/run/qc397_final50_fusion_developability_v1_20260726/final50_common4_bundle/representative_complexes/R12__P1MCPUFP__CPUFP500K_0090__00532__8x6b__s42.pdb	d9144147118eecc25eedb0f461fad253278605fd68cf88b2ba77152fb9304123
P1MCPUFP__CPUFP500K_0090__00532	PVRIG_CAND_014	14	9e6y	42	19	72L,74T,81N,82G,83A,84G,85G,87T,90V,135K,137A,138S,139F,140P,141E,142G,143S,144W,145E	15	1	/data/qlyu/projects/pvrig_top7500_dualpanel_screen_v1_20260724/run/qc397_final50_fusion_developability_v1_20260726/final50_common4_bundle/representative_complexes/R12__P1MCPUFP__CPUFP500K_0090__00532__9e6y__s42.pdb	57306eda0e4dc2411af663743a6e9530cb4052cd1e648de37d1d6f725b04bd3d
P1MCPUFP__CPUFP500K_0090__00532	PVRIG_CAND_014	14	8x6b	917	17	71S,72L,81N,82G,83A,92H,95R,135K,137A,138S,139F,140P,141E,142G,143S,144W,145E	15	0	/data/qlyu/projects/pvrig_top7500_dualpanel_screen_v1_20260724/run/qc397_final50_fusion_developability_v1_20260726/final50_common4_bundle/representative_complexes/R12__P1MCPUFP__CPUFP500K_0090__00532__8x6b__s917.pdb	f9b3f8bf630f62c26037cfd355385bb5f6737c8dfaeafc3799ce43d303d2dcee
P1MCPUFP__CPUFP500K_0090__00532	PVRIG_CAND_014	14	9e6y	917	20	71S,72L,74T,80P,81N,82G,83A,87T,90V,92H,135K,137A,138S,139F,140P,141E,142G,143S,144W,145E	17	1	/data/qlyu/projects/pvrig_top7500_dualpanel_screen_v1_20260724/run/qc397_final50_fusion_developability_v1_20260726/final50_common4_bundle/representative_complexes/R12__P1MCPUFP__CPUFP500K_0090__00532__9e6y__s917.pdb	e438ecb76d3a56d557fef57af3287bf5bbee0708ca7eec355c8563673533e1dc
P1MCPUFP__CPUFP500K_0090__00532	PVRIG_CAND_014	14	8x6b	1931	15	71S,72L,81N,82G,83A,135K,137A,138S,139F,140P,141E,142G,143S,144W,145E	14	0	/data/qlyu/projects/pvrig_top7500_dualpanel_screen_v1_20260724/run/qc397_final50_fusion_developability_v1_20260726/final50_common4_bundle/representative_complexes/R12__P1MCPUFP__CPUFP500K_0090__00532__8x6b__s1931.pdb	2f2bfc18df4c8fe9988f81d1f283ed2cb7acdab1da9448c6ee7f82cf0d7ce342
P1MCPUFP__CPUFP500K_0090__00532	PVRIG_CAND_014	14	9e6y	1931	18	71S,72L,81N,82G,83A,90V,92H,94E,95R,96G,98R,135K,137A,139F,140P,141E,142G,143S	16	0	/data/qlyu/projects/pvrig_top7500_dualpanel_screen_v1_20260724/run/qc397_final50_fusion_developability_v1_20260726/final50_common4_bundle/representative_complexes/R12__P1MCPUFP__CPUFP500K_0090__00532__9e6y__s1931.pdb	9975b696322b964daedf10d5420200edc2d362bf60ad3c24babc9275f84bdb56
P1MCPUFP__CPUFP500K_0090__00532	PVRIG_CAND_014	14	8x6b	3047	20	71S,72L,81N,82G,83A,90V,92H,94E,95R,96G,98R,135K,138S,139F,140P,141E,142G,143S,144W,145E	17	0	/data/qlyu/projects/pvrig_top7500_dualpanel_screen_v1_20260724/run/qc397_final50_fusion_developability_v1_20260726/final50_common4_bundle/representative_complexes/R12__P1MCPUFP__CPUFP500K_0090__00532__8x6b__s3047.pdb	bba079834eff929a4f3e0a44a160cadd6d8bcf657746b3730b4b26bc954cb32d
P1MCPUFP__CPUFP500K_0090__00532	PVRIG_CAND_014	14	9e6y	3047	19	71S,72L,81N,82G,83A,90V,92H,94E,95R,98R,135K,138S,139F,140P,141E,142G,143S,144W,145E	16	0	/data/qlyu/projects/pvrig_top7500_dualpanel_screen_v1_20260724/run/qc397_final50_fusion_developability_v1_20260726/final50_common4_bundle/representative_complexes/R12__P1MCPUFP__CPUFP500K_0090__00532__9e6y__s3047.pdb	ab47fb0bf6a0df06d4f5d9579453934a83f5b6ebde0ddce1b0109aac3c6968f6
NODE1GEN_177961_source_fixed_pose_mpnn_source_id_P500K__FIXED_POSE_MPNN__8431DA62B813A913	PVRIG_CAND_015	15	8x6b	42	24	69S,70I,71S,72L,74T,81N,82G,83A,87T,90V,92H,93P,94E,95R,98R,100W,135K,137A,138S,139F,140P,141E,142G,143S	18	1	/data/qlyu/projects/pvrig_top7500_dualpanel_screen_v1_20260724/run/qc397_final50_fusion_developability_v1_20260726/final50_common4_bundle/representative_complexes/R13__NODE1GEN_177961_source_fixed_pose_mpnn_source_id_P500K__FIXED_POSE_MPNN__8431DA62B813A913__8x6b__s42.pdb	36d19b0e17477cffad8adb60479117157294d5d19e51fbf2b85b97b2fdc6e696
NODE1GEN_177961_source_fixed_pose_mpnn_source_id_P500K__FIXED_POSE_MPNN__8431DA62B813A913	PVRIG_CAND_015	15	9e6y	42	22	71S,72L,73V,74T,81N,82G,83A,84G,87T,89A,90V,92H,93P,94E,95R,98R,100W,135K,137A,139F,142G,143S	15	1	/data/qlyu/projects/pvrig_top7500_dualpanel_screen_v1_20260724/run/qc397_final50_fusion_developability_v1_20260726/final50_common4_bundle/representative_complexes/R13__NODE1GEN_177961_source_fixed_pose_mpnn_source_id_P500K__FIXED_POSE_MPNN__8431DA62B813A913__9e6y__s42.pdb	02cf68a1b2e70e5fed33a94b9e64b510409db8bb12d57574b00d3a39bb118ce2
NODE1GEN_177961_source_fixed_pose_mpnn_source_id_P500K__FIXED_POSE_MPNN__8431DA62B813A913	PVRIG_CAND_015	15	8x6b	917	23	70I,71S,72L,74T,81N,82G,83A,87T,90V,92H,93P,94E,95R,98R,100W,135K,137A,138S,139F,140P,141E,142G,143S	18	1	/data/qlyu/projects/pvrig_top7500_dualpanel_screen_v1_20260724/run/qc397_final50_fusion_developability_v1_20260726/final50_common4_bundle/representative_complexes/R13__NODE1GEN_177961_source_fixed_pose_mpnn_source_id_P500K__FIXED_POSE_MPNN__8431DA62B813A913__8x6b__s917.pdb	4518e3a20ab09dcc0b4499b1742438c88e0c9eb61230d5b127f24bb3c28c2369
NODE1GEN_177961_source_fixed_pose_mpnn_source_id_P500K__FIXED_POSE_MPNN__8431DA62B813A913	PVRIG_CAND_015	15	9e6y	917	22	71S,72L,74T,80P,81N,82G,83A,87T,90V,92H,94E,95R,98R,100W,135K,137A,138S,139F,140P,141E,142G,143S	18	1	/data/qlyu/projects/pvrig_top7500_dualpanel_screen_v1_20260724/run/qc397_final50_fusion_developability_v1_20260726/final50_common4_bundle/representative_complexes/R13__NODE1GEN_177961_source_fixed_pose_mpnn_source_id_P500K__FIXED_POSE_MPNN__8431DA62B813A913__9e6y__s917.pdb	8a60f15da99d57c1cf2ba30972961efb065014c77c64a49a5ff25abafeead36a
NODE1GEN_177961_source_fixed_pose_mpnn_source_id_P500K__FIXED_POSE_MPNN__8431DA62B813A913	PVRIG_CAND_015	15	8x6b	1931	24	70I,71S,72L,74T,81N,82G,83A,84G,87T,90V,92H,93P,94E,95R,98R,100W,135K,137A,138S,139F,140P,141E,142G,143S	18	1	/data/qlyu/projects/pvrig_top7500_dualpanel_screen_v1_20260724/run/qc397_final50_fusion_developability_v1_20260726/final50_common4_bundle/representative_complexes/R13__NODE1GEN_177961_source_fixed_pose_mpnn_source_id_P500K__FIXED_POSE_MPNN__8431DA62B813A913__8x6b__s1931.pdb	495c74fd040a18f186333d8974877413f79c5f557d0ed7bee1a9c7a59be709a3
NODE1GEN_177961_source_fixed_pose_mpnn_source_id_P500K__FIXED_POSE_MPNN__8431DA62B813A913	PVRIG_CAND_015	15	9e6y	1931	21	70I,71S,72L,74T,81N,82G,87T,90V,92H,94E,95R,96G,97I,98R,100W,135K,137A,138S,139F,142G,143S	16	1	/data/qlyu/projects/pvrig_top7500_dualpanel_screen_v1_20260724/run/qc397_final50_fusion_developability_v1_20260726/final50_common4_bundle/representative_complexes/R13__NODE1GEN_177961_source_fixed_pose_mpnn_source_id_P500K__FIXED_POSE_MPNN__8431DA62B813A913__9e6y__s1931.pdb	3ebc09f3a0723917558f07f00745c78ecf3a4aeab1b0c5e48cabfdac33cdc568
NODE1GEN_177961_source_fixed_pose_mpnn_source_id_P500K__FIXED_POSE_MPNN__8431DA62B813A913	PVRIG_CAND_015	15	8x6b	3047	23	70I,71S,72L,74T,81N,82G,83A,87T,90V,92H,93P,94E,95R,98R,100W,135K,137A,138S,139F,140P,141E,142G,143S	18	1	/data/qlyu/projects/pvrig_top7500_dualpanel_screen_v1_20260724/run/qc397_final50_fusion_developability_v1_20260726/final50_common4_bundle/representative_complexes/R13__NODE1GEN_177961_source_fixed_pose_mpnn_source_id_P500K__FIXED_POSE_MPNN__8431DA62B813A913__8x6b__s3047.pdb	952d987dd7ac9a4a365517c36be234984f409f72aabac1c737772401999d98fa
NODE1GEN_177961_source_fixed_pose_mpnn_source_id_P500K__FIXED_POSE_MPNN__8431DA62B813A913	PVRIG_CAND_015	15	9e6y	3047	21	71S,72L,74T,80P,81N,82G,83A,86T,87T,90V,92H,94E,95R,100W,135K,137A,139F,140P,143S,144W,145E	15	1	/data/qlyu/projects/pvrig_top7500_dualpanel_screen_v1_20260724/run/qc397_final50_fusion_developability_v1_20260726/final50_common4_bundle/representative_complexes/R13__NODE1GEN_177961_source_fixed_pose_mpnn_source_id_P500K__FIXED_POSE_MPNN__8431DA62B813A913__9e6y__s3047.pdb	a3adeea88037a2a66c70095ebfcb1e841bda7227778e1d4df917de54fe54d74a
P1MCPUFP__CPUFP500K_0100__00188	PVRIG_CAND_007	7	8x6b	42	20	71S,72L,74T,81N,82G,83A,84G,85G,87T,92H,94E,95R,98R,100W,135K,137A,138S,139F,142G,143S	15	1	/data/qlyu/projects/pvrig_top7500_dualpanel_screen_v1_20260724/run/qc397_final50_fusion_developability_v1_20260726/final50_common4_bundle/representative_complexes/R14__P1MCPUFP__CPUFP500K_0100__00188__8x6b__s42.pdb	daacc97820b3461d309f04b1bd98048f699fcba3ae62d7dc837bc25b1a48f81b
P1MCPUFP__CPUFP500K_0100__00188	PVRIG_CAND_007	7	9e6y	42	21	71S,72L,74T,81N,82G,83A,90V,91L,92H,95R,96G,98R,135K,137A,138S,139F,140P,141E,142G,143S,145E	18	0	/data/qlyu/projects/pvrig_top7500_dualpanel_screen_v1_20260724/run/qc397_final50_fusion_developability_v1_20260726/final50_common4_bundle/representative_complexes/R14__P1MCPUFP__CPUFP500K_0100__00188__9e6y__s42.pdb	d295e440412633d5522838ae073270ee1949f1e09fd2253b2c0c7d0b8eca41f6
P1MCPUFP__CPUFP500K_0100__00188	PVRIG_CAND_007	7	8x6b	917	21	71S,72L,74T,81N,82G,83A,92H,94E,95R,98R,100W,135K,137A,138S,139F,140P,141E,142G,143S,144W,145E	18	0	/data/qlyu/projects/pvrig_top7500_dualpanel_screen_v1_20260724/run/qc397_final50_fusion_developability_v1_20260726/final50_common4_bundle/representative_complexes/R14__P1MCPUFP__CPUFP500K_0100__00188__8x6b__s917.pdb	114505d873327198c0de03aa1f97557e3d7c06ea8f6a9c9246b8f63972e89378
P1MCPUFP__CPUFP500K_0100__00188	PVRIG_CAND_007	7	9e6y	917	23	71S,72L,74T,81N,82G,83A,87T,90V,92H,94E,95R,98R,100W,135K,137A,138S,139F,140P,141E,142G,143S,144W,145E	19	1	/data/qlyu/projects/pvrig_top7500_dualpanel_screen_v1_20260724/run/qc397_final50_fusion_developability_v1_20260726/final50_common4_bundle/representative_complexes/R14__P1MCPUFP__CPUFP500K_0100__00188__9e6y__s917.pdb	9ec7da675f923427328a3ee43cc5ec17132e605dc2d2deb4026ddde99216e6a3
P1MCPUFP__CPUFP500K_0100__00188	PVRIG_CAND_007	7	8x6b	1931	21	71S,72L,74T,81N,82G,87T,90V,92H,94E,95R,98R,100W,135K,137A,138S,139F,140P,141E,142G,143S,144W	18	1	/data/qlyu/projects/pvrig_top7500_dualpanel_screen_v1_20260724/run/qc397_final50_fusion_developability_v1_20260726/final50_common4_bundle/representative_complexes/R14__P1MCPUFP__CPUFP500K_0100__00188__8x6b__s1931.pdb	495eaee0d64c439d029a37533544f5cb3b9d4a7d6d6e33162cd38b780c80036b
P1MCPUFP__CPUFP500K_0100__00188	PVRIG_CAND_007	7	9e6y	1931	16	71S,72L,74T,81N,82G,87T,92H,94E,95R,98R,135K,137A,138S,139F,140P,143S	13	1	/data/qlyu/projects/pvrig_top7500_dualpanel_screen_v1_20260724/run/qc397_final50_fusion_developability_v1_20260726/final50_common4_bundle/representative_complexes/R14__P1MCPUFP__CPUFP500K_0100__00188__9e6y__s1931.pdb	e4f839776cbc54a871b5741f94ac8944339eef37b71f5fe86e2ad228f5ff37e1
P1MCPUFP__CPUFP500K_0100__00188	PVRIG_CAND_007	7	8x6b	3047	23	71S,72L,74T,81N,82G,83A,84G,87T,90V,91L,92H,94E,95R,96G,97I,98R,135K,137A,138S,139F,141E,142G,143S	17	1	/data/qlyu/projects/pvrig_top7500_dualpanel_screen_v1_20260724/run/qc397_final50_fusion_developability_v1_20260726/final50_common4_bundle/representative_complexes/R14__P1MCPUFP__CPUFP500K_0100__00188__8x6b__s3047.pdb	ece0044e3fad81114ef135abb292b4fe0bd4f2bce716c5d58430374f4d5c4d05
P1MCPUFP__CPUFP500K_0100__00188	PVRIG_CAND_007	7	9e6y	3047	20	71S,72L,74T,80P,81N,82G,83A,92H,95R,100W,135K,137A,138S,139F,140P,141E,142G,143S,144W,145E	17	0	/data/qlyu/projects/pvrig_top7500_dualpanel_screen_v1_20260724/run/qc397_final50_fusion_developability_v1_20260726/final50_common4_bundle/representative_complexes/R14__P1MCPUFP__CPUFP500K_0100__00188__9e6y__s3047.pdb	53e4e25568f221216bc507f5ca91856431708f9ce1924fc38dea2148451f52a1
NODE1GEN_206644_source_fixed_pose_mpnn_source_id_P500K__FIXED_POSE_MPNN__53F648E960398F2F	PVRIG_CAND_016	16	8x6b	42	22	71S,72L,74T,81N,82G,83A,87T,90V,92H,95R,98R,100W,135K,137A,138S,139F,140P,141E,142G,143S,144W,145E	19	1	/data/qlyu/projects/pvrig_top7500_dualpanel_screen_v1_20260724/run/qc397_final50_fusion_developability_v1_20260726/final50_common4_bundle/representative_complexes/R15__NODE1GEN_206644_source_fixed_pose_mpnn_source_id_P500K__FIXED_POSE_MPNN__53F648E960398F2F__8x6b__s42.pdb	6e731cb5148424251ef8aeedf5e88c7293f6667931926c8d0c04fd38a06b6a2c
NODE1GEN_206644_source_fixed_pose_mpnn_source_id_P500K__FIXED_POSE_MPNN__53F648E960398F2F	PVRIG_CAND_016	16	9e6y	42	24	71S,72L,74T,81N,82G,83A,85G,86T,87T,90V,92H,95R,96G,98R,100W,135K,137A,138S,139F,140P,141E,142G,143S,145E	19	1	/data/qlyu/projects/pvrig_top7500_dualpanel_screen_v1_20260724/run/qc397_final50_fusion_developability_v1_20260726/final50_common4_bundle/representative_complexes/R15__NODE1GEN_206644_source_fixed_pose_mpnn_source_id_P500K__FIXED_POSE_MPNN__53F648E960398F2F__9e6y__s42.pdb	c76f0a968e2bc719c628c16cbdaca4ac7ce16fc5081045f4cf491379271146b3
NODE1GEN_206644_source_fixed_pose_mpnn_source_id_P500K__FIXED_POSE_MPNN__53F648E960398F2F	PVRIG_CAND_016	16	8x6b	917	21	71S,72L,74T,81N,82G,83A,87T,90V,92H,95R,100W,135K,137A,138S,139F,140P,141E,142G,143S,144W,145E	18	1	/data/qlyu/projects/pvrig_top7500_dualpanel_screen_v1_20260724/run/qc397_final50_fusion_developability_v1_20260726/final50_common4_bundle/representative_complexes/R15__NODE1GEN_206644_source_fixed_pose_mpnn_source_id_P500K__FIXED_POSE_MPNN__53F648E960398F2F__8x6b__s917.pdb	9e450333409a4dbc7e89fc99ac526d593156c9f3e1785c532fd0e31b9b2eff8b
NODE1GEN_206644_source_fixed_pose_mpnn_source_id_P500K__FIXED_POSE_MPNN__53F648E960398F2F	PVRIG_CAND_016	16	9e6y	917	25	71S,72L,74T,81N,82G,83A,84G,85G,86T,87T,90V,92H,95R,96G,97I,98R,100W,135K,137A,138S,139F,140P,141E,142G,143S	19	1	/data/qlyu/projects/pvrig_top7500_dualpanel_screen_v1_20260724/run/qc397_final50_fusion_developability_v1_20260726/final50_common4_bundle/representative_complexes/R15__NODE1GEN_206644_source_fixed_pose_mpnn_source_id_P500K__FIXED_POSE_MPNN__53F648E960398F2F__9e6y__s917.pdb	a4892719b46a5f2f9e36fd6057935be70addac07c9ad6bfa4145cf55f2776d84
NODE1GEN_206644_source_fixed_pose_mpnn_source_id_P500K__FIXED_POSE_MPNN__53F648E960398F2F	PVRIG_CAND_016	16	8x6b	1931	22	71S,72L,74T,80P,81N,82G,83A,84G,87T,90V,92H,95R,98R,100W,135K,137A,138S,139F,140P,141E,142G,143S	18	1	/data/qlyu/projects/pvrig_top7500_dualpanel_screen_v1_20260724/run/qc397_final50_fusion_developability_v1_20260726/final50_common4_bundle/representative_complexes/R15__NODE1GEN_206644_source_fixed_pose_mpnn_source_id_P500K__FIXED_POSE_MPNN__53F648E960398F2F__8x6b__s1931.pdb	2f4b1f08174904825304353c673a160b95e740aff0062115d1a78fd92214a318
NODE1GEN_206644_source_fixed_pose_mpnn_source_id_P500K__FIXED_POSE_MPNN__53F648E960398F2F	PVRIG_CAND_016	16	9e6y	1931	21	71S,72L,74T,81N,82G,83A,84G,85G,86T,87T,90V,92H,95R,98R,100W,135K,137A,138S,139F,142G,143S	16	1	/data/qlyu/projects/pvrig_top7500_dualpanel_screen_v1_20260724/run/qc397_final50_fusion_developability_v1_20260726/final50_common4_bundle/representative_complexes/R15__NODE1GEN_206644_source_fixed_pose_mpnn_source_id_P500K__FIXED_POSE_MPNN__53F648E960398F2F__9e6y__s1931.pdb	7f8f0c3645d2a1339ef580ef3d33a0755ee808ff261f3d3bcaa379d6d4e27e30
NODE1GEN_206644_source_fixed_pose_mpnn_source_id_P500K__FIXED_POSE_MPNN__53F648E960398F2F	PVRIG_CAND_016	16	8x6b	3047	25	71S,72L,74T,81N,82G,83A,85G,86T,87T,90V,92H,95R,96G,97I,98R,100W,135K,137A,138S,139F,140P,141E,142G,143S,145E	19	1	/data/qlyu/projects/pvrig_top7500_dualpanel_screen_v1_20260724/run/qc397_final50_fusion_developability_v1_20260726/final50_common4_bundle/representative_complexes/R15__NODE1GEN_206644_source_fixed_pose_mpnn_source_id_P500K__FIXED_POSE_MPNN__53F648E960398F2F__8x6b__s3047.pdb	37e1f18ea3e73ee28370cdf9d5975a62c697a575a2177ba989387dd89aadc076
NODE1GEN_206644_source_fixed_pose_mpnn_source_id_P500K__FIXED_POSE_MPNN__53F648E960398F2F	PVRIG_CAND_016	16	9e6y	3047	24	71S,72L,74T,81N,82G,83A,85G,86T,87T,90V,92H,95R,96G,97I,98R,100W,135K,137A,138S,139F,140P,141E,142G,143S	19	1	/data/qlyu/projects/pvrig_top7500_dualpanel_screen_v1_20260724/run/qc397_final50_fusion_developability_v1_20260726/final50_common4_bundle/representative_complexes/R15__NODE1GEN_206644_source_fixed_pose_mpnn_source_id_P500K__FIXED_POSE_MPNN__53F648E960398F2F__9e6y__s3047.pdb	27b3b2cf1317703e3f1b8f455c07c9b5a3e2ec712f45fae8be92b78c1e41f687
P1MCPUFP__CPUFP500K_0002__00919	PVRIG_CAND_008	8	8x6b	42	19	71S,72L,74T,82G,83A,87T,90V,92H,94E,95R,100W,135K,137A,138S,139F,140P,141E,142G,143S	16	1	/data/qlyu/projects/pvrig_top7500_dualpanel_screen_v1_20260724/run/qc397_final50_fusion_developability_v1_20260726/final50_common4_bundle/representative_complexes/R16__P1MCPUFP__CPUFP500K_0002__00919__8x6b__s42.pdb	5da68387f55324b934cc30274484e6e0ba34f8ecedc21e2687ef1ae3b0e0eb54
P1MCPUFP__CPUFP500K_0002__00919	PVRIG_CAND_008	8	9e6y	42	20	71S,72L,74T,81N,82G,83A,90V,92H,94E,95R,100W,135K,137A,138S,139F,140P,141E,142G,143S,145E	17	0	/data/qlyu/projects/pvrig_top7500_dualpanel_screen_v1_20260724/run/qc397_final50_fusion_developability_v1_20260726/final50_common4_bundle/representative_complexes/R16__P1MCPUFP__CPUFP500K_0002__00919__9e6y__s42.pdb	0c205be9249e89177096f7600aa1fc000b721e90f085a238f156703fd451f478
P1MCPUFP__CPUFP500K_0002__00919	PVRIG_CAND_008	8	8x6b	917	22	69S,71S,72L,73V,74T,80P,81N,82G,83A,90V,92H,94E,95R,135K,137A,138S,139F,140P,141E,142G,143S,145E	16	0	/data/qlyu/projects/pvrig_top7500_dualpanel_screen_v1_20260724/run/qc397_final50_fusion_developability_v1_20260726/final50_common4_bundle/representative_complexes/R16__P1MCPUFP__CPUFP500K_0002__00919__8x6b__s917.pdb	5199243acef4d683beadfb60e34bbe43a4acce614acb1190ed1edb702f4f60f8
P1MCPUFP__CPUFP500K_0002__00919	PVRIG_CAND_008	8	9e6y	917	21	69S,71S,72L,73V,74T,81N,82G,83A,90V,92H,94E,95R,135K,137A,138S,139F,140P,141E,142G,143S,145E	16	0	/data/qlyu/projects/pvrig_top7500_dualpanel_screen_v1_20260724/run/qc397_final50_fusion_developability_v1_20260726/final50_common4_bundle/representative_complexes/R16__P1MCPUFP__CPUFP500K_0002__00919__9e6y__s917.pdb	5fa9c0b7c9813546e9f33d2186c7e3c307e02df43746cc75480e6acc5f5b2ce0
P1MCPUFP__CPUFP500K_0002__00919	PVRIG_CAND_008	8	8x6b	1931	20	71S,72L,74T,81N,82G,83A,87T,90V,92H,94E,95R,100W,135K,137A,138S,139F,140P,141E,142G,143S	17	1	/data/qlyu/projects/pvrig_top7500_dualpanel_screen_v1_20260724/run/qc397_final50_fusion_developability_v1_20260726/final50_common4_bundle/representative_complexes/R16__P1MCPUFP__CPUFP500K_0002__00919__8x6b__s1931.pdb	53a83fcb71053006d525c574371dc0084c0119934911f36765949d30c24eb27b
P1MCPUFP__CPUFP500K_0002__00919	PVRIG_CAND_008	8	9e6y	1931	23	69S,71S,72L,73V,74T,81N,82G,83A,90V,92H,94E,95R,100W,135K,137A,138S,139F,140P,141E,142G,143S,144W,145E	18	0	/data/qlyu/projects/pvrig_top7500_dualpanel_screen_v1_20260724/run/qc397_final50_fusion_developability_v1_20260726/final50_common4_bundle/representative_complexes/R16__P1MCPUFP__CPUFP500K_0002__00919__9e6y__s1931.pdb	3bb28baa79beffd4766f2a04579bccc9f3316c3e9f4834cdde18d2ea2d688466
P1MCPUFP__CPUFP500K_0002__00919	PVRIG_CAND_008	8	8x6b	3047	21	71S,72L,73V,74T,80P,81N,82G,83A,90V,92H,94E,95R,135K,137A,138S,139F,140P,141E,142G,143S,145E	16	0	/data/qlyu/projects/pvrig_top7500_dualpanel_screen_v1_20260724/run/qc397_final50_fusion_developability_v1_20260726/final50_common4_bundle/representative_complexes/R16__P1MCPUFP__CPUFP500K_0002__00919__8x6b__s3047.pdb	a2b82004bcf54408746b63370df8cb3ba711c1584590d69d7e147bebfbec6038
P1MCPUFP__CPUFP500K_0002__00919	PVRIG_CAND_008	8	9e6y	3047	17	71S,72L,74T,82G,87T,90V,92H,94E,95R,135K,137A,138S,139F,140P,141E,142G,143S	14	1	/data/qlyu/projects/pvrig_top7500_dualpanel_screen_v1_20260724/run/qc397_final50_fusion_developability_v1_20260726/final50_common4_bundle/representative_complexes/R16__P1MCPUFP__CPUFP500K_0002__00919__9e6y__s3047.pdb	65e23282229305e20bf5afd90b606c5dd340ef754c8ae8fadd645618558bfb64
P1MCPUFP__CPUFP500K_0287__00804	PVRIG_CAND_017	17	8x6b	42	21	69S,70I,71S,72L,74T,81N,82G,83A,87T,90V,91L,92H,94E,95R,135K,137A,138S,139F,140P,142G,143S	15	1	/data/qlyu/projects/pvrig_top7500_dualpanel_screen_v1_20260724/run/qc397_final50_fusion_developability_v1_20260726/final50_common4_bundle/representative_complexes/R17__P1MCPUFP__CPUFP500K_0287__00804__8x6b__s42.pdb	18bab0247407ec1eb34156c29b0fa527b6ed3d3965c97ef58c3d7b698af57c06
P1MCPUFP__CPUFP500K_0287__00804	PVRIG_CAND_017	17	9e6y	42	16	71S,72L,81N,82G,83A,90V,92H,94E,95R,135K,137A,138S,139F,140P,142G,143S	14	0	/data/qlyu/projects/pvrig_top7500_dualpanel_screen_v1_20260724/run/qc397_final50_fusion_developability_v1_20260726/final50_common4_bundle/representative_complexes/R17__P1MCPUFP__CPUFP500K_0287__00804__9e6y__s42.pdb	6dc3a0249bd9488752fbc2f57e09991c6bea4ce9471bf952ceb7f537c4fed11c
P1MCPUFP__CPUFP500K_0287__00804	PVRIG_CAND_017	17	8x6b	917	18	71S,72L,81N,82G,83A,84G,90V,92H,94E,95R,135K,137A,138S,139F,140P,141E,142G,143S	15	0	/data/qlyu/projects/pvrig_top7500_dualpanel_screen_v1_20260724/run/qc397_final50_fusion_developability_v1_20260726/final50_common4_bundle/representative_complexes/R17__P1MCPUFP__CPUFP500K_0287__00804__8x6b__s917.pdb	8e8b470037c4c687568c2fb17a21cde8064e3b49ba4b720ae0c3c50727166acb
P1MCPUFP__CPUFP500K_0287__00804	PVRIG_CAND_017	17	9e6y	917	19	71S,72L,81N,82G,83A,84G,90V,92H,94E,95R,98R,135K,137A,138S,139F,140P,141E,142G,143S	16	0	/data/qlyu/projects/pvrig_top7500_dualpanel_screen_v1_20260724/run/qc397_final50_fusion_developability_v1_20260726/final50_common4_bundle/representative_complexes/R17__P1MCPUFP__CPUFP500K_0287__00804__9e6y__s917.pdb	9415b2fc6548a25ac9b1d5423618fe8cbf01c8be7c17d4fa7c28300d95fbd675
P1MCPUFP__CPUFP500K_0287__00804	PVRIG_CAND_017	17	8x6b	1931	21	71S,72L,74T,81N,82G,83A,87T,90V,92H,95R,96G,98R,100W,135K,137A,138S,139F,140P,141E,142G,143S	19	1	/data/qlyu/projects/pvrig_top7500_dualpanel_screen_v1_20260724/run/qc397_final50_fusion_developability_v1_20260726/final50_common4_bundle/representative_complexes/R17__P1MCPUFP__CPUFP500K_0287__00804__8x6b__s1931.pdb	a988b2aa29a20a4a14ceaad18e0381bbdd7248947aae25b2d64b2ec0b4216b90
P1MCPUFP__CPUFP500K_0287__00804	PVRIG_CAND_017	17	9e6y	1931	18	69S,71S,72L,81N,82G,83A,90V,92H,94E,95R,135K,137A,138S,139F,140P,141E,142G,143S	15	0	/data/qlyu/projects/pvrig_top7500_dualpanel_screen_v1_20260724/run/qc397_final50_fusion_developability_v1_20260726/final50_common4_bundle/representative_complexes/R17__P1MCPUFP__CPUFP500K_0287__00804__9e6y__s1931.pdb	a5a331aa0f426c0f544839b0f9ee42fc07e676b02d59f6f3a33e0610c6246129
P1MCPUFP__CPUFP500K_0287__00804	PVRIG_CAND_017	17	8x6b	3047	14	71S,72L,81N,82G,83A,135K,137A,138S,139F,140P,141E,142G,143S,144W	14	0	/data/qlyu/projects/pvrig_top7500_dualpanel_screen_v1_20260724/run/qc397_final50_fusion_developability_v1_20260726/final50_common4_bundle/representative_complexes/R17__P1MCPUFP__CPUFP500K_0287__00804__8x6b__s3047.pdb	07bc43869b45f0c698de54414e09b01404f548be1284d66be1df7099711acbc2
P1MCPUFP__CPUFP500K_0287__00804	PVRIG_CAND_017	17	9e6y	3047	20	71S,72L,74T,81N,82G,85G,86T,87T,90V,92H,95R,98R,100W,135K,137A,138S,139F,140P,142G,143S	16	1	/data/qlyu/projects/pvrig_top7500_dualpanel_screen_v1_20260724/run/qc397_final50_fusion_developability_v1_20260726/final50_common4_bundle/representative_complexes/R17__P1MCPUFP__CPUFP500K_0287__00804__9e6y__s3047.pdb	added644ec05d48a9ae8eee3e11ff9b0819a91deb113ffd07dc3b3b28df4f87b
NODE1GEN_127352_source_rfantibody_source_id_PVRIG_RFAb_v2_P6_ekg_L_bb203_mpn04_arm_P6_ekg_L_backbone_P6_ekg_L_bb203_status_NEEDS_RF2_AND_DOCKING	PVRIG_CAND_018	18	8x6b	42	16	42P,71S,72L,74T,81N,82G,92H,135K,137A,138S,139F,140P,141E,142G,143S,144W	15	0	/data/qlyu/projects/pvrig_top7500_dualpanel_screen_v1_20260724/run/qc397_final50_fusion_developability_v1_20260726/final50_common4_bundle/representative_complexes/R18__NODE1GEN_127352__8x6b__s42.pdb	81c6e7485a412fef01816b390810d1090505edeaa0688a77fff6f9a3a101738d
NODE1GEN_127352_source_rfantibody_source_id_PVRIG_RFAb_v2_P6_ekg_L_bb203_mpn04_arm_P6_ekg_L_backbone_P6_ekg_L_bb203_status_NEEDS_RF2_AND_DOCKING	PVRIG_CAND_018	18	9e6y	42	18	41T,42P,71S,72L,74T,81N,82G,83A,92H,135K,137A,138S,139F,140P,141E,142G,143S,144W	16	0	/data/qlyu/projects/pvrig_top7500_dualpanel_screen_v1_20260724/run/qc397_final50_fusion_developability_v1_20260726/final50_common4_bundle/representative_complexes/R18__NODE1GEN_127352__9e6y__s42.pdb	e92d123c62ffdedc3b398ac6fb1fccdc7fd615f948561c19473e6412423a8a56
NODE1GEN_127352_source_rfantibody_source_id_PVRIG_RFAb_v2_P6_ekg_L_bb203_mpn04_arm_P6_ekg_L_backbone_P6_ekg_L_bb203_status_NEEDS_RF2_AND_DOCKING	PVRIG_CAND_018	18	8x6b	917	17	42P,67S,71S,72L,74T,81N,82G,92H,135K,137A,138S,139F,140P,141E,142G,143S,144W	15	0	/data/qlyu/projects/pvrig_top7500_dualpanel_screen_v1_20260724/run/qc397_final50_fusion_developability_v1_20260726/final50_common4_bundle/representative_complexes/R18__NODE1GEN_127352__8x6b__s917.pdb	4412e2f1e428c1f4a18bf700bac4c65efbbe1b78f630181cd327e86a073a595f
NODE1GEN_127352_source_rfantibody_source_id_PVRIG_RFAb_v2_P6_ekg_L_bb203_mpn04_arm_P6_ekg_L_backbone_P6_ekg_L_bb203_status_NEEDS_RF2_AND_DOCKING	PVRIG_CAND_018	18	9e6y	917	17	41T,71S,72L,74T,81N,82G,83A,92H,135K,137A,138S,139F,140P,141E,142G,143S,144W	16	0	/data/qlyu/projects/pvrig_top7500_dualpanel_screen_v1_20260724/run/qc397_final50_fusion_developability_v1_20260726/final50_common4_bundle/representative_complexes/R18__NODE1GEN_127352__9e6y__s917.pdb	c55305f24cf4d8d6f02ca005d072e90618f8116d7ffe1a86bec7b3d0a64f2c1d
NODE1GEN_127352_source_rfantibody_source_id_PVRIG_RFAb_v2_P6_ekg_L_bb203_mpn04_arm_P6_ekg_L_backbone_P6_ekg_L_bb203_status_NEEDS_RF2_AND_DOCKING	PVRIG_CAND_018	18	8x6b	1931	17	69S,71S,72L,74T,81N,82G,83A,92H,135K,137A,138S,139F,140P,141E,142G,143S,144W	16	0	/data/qlyu/projects/pvrig_top7500_dualpanel_screen_v1_20260724/run/qc397_final50_fusion_developability_v1_20260726/final50_common4_bundle/representative_complexes/R18__NODE1GEN_127352__8x6b__s1931.pdb	f759abb5db3ab83a4e71aa7d4f1fdc4ebae28bd1f9c4236f6e6e036c28ed9ad2
NODE1GEN_127352_source_rfantibody_source_id_PVRIG_RFAb_v2_P6_ekg_L_bb203_mpn04_arm_P6_ekg_L_backbone_P6_ekg_L_bb203_status_NEEDS_RF2_AND_DOCKING	PVRIG_CAND_018	18	9e6y	1931	17	41T,71S,72L,74T,81N,82G,83A,92H,135K,137A,138S,139F,140P,141E,142G,143S,144W	16	0	/data/qlyu/projects/pvrig_top7500_dualpanel_screen_v1_20260724/run/qc397_final50_fusion_developability_v1_20260726/final50_common4_bundle/representative_complexes/R18__NODE1GEN_127352__9e6y__s1931.pdb	e0e50c3a9ca6b8a276f6a03c71747b961e728460439709f25e30450a89227ae7
NODE1GEN_127352_source_rfantibody_source_id_PVRIG_RFAb_v2_P6_ekg_L_bb203_mpn04_arm_P6_ekg_L_backbone_P6_ekg_L_bb203_status_NEEDS_RF2_AND_DOCKING	PVRIG_CAND_018	18	8x6b	3047	21	71S,72L,74T,81N,82G,83A,84G,87T,90V,92H,93P,94E,95R,96G,98R,100W,135K,137A,139F,142G,143S	16	1	/data/qlyu/projects/pvrig_top7500_dualpanel_screen_v1_20260724/run/qc397_final50_fusion_developability_v1_20260726/final50_common4_bundle/representative_complexes/R18__NODE1GEN_127352__8x6b__s3047.pdb	0eef7118f35f7024d70bdf239169c65b4575a0191e169e3923f7686094f256f8
NODE1GEN_127352_source_rfantibody_source_id_PVRIG_RFAb_v2_P6_ekg_L_bb203_mpn04_arm_P6_ekg_L_backbone_P6_ekg_L_bb203_status_NEEDS_RF2_AND_DOCKING	PVRIG_CAND_018	18	9e6y	3047	16	42P,71S,72L,74T,81N,82G,92H,135K,137A,138S,139F,140P,141E,142G,143S,144W	15	0	/data/qlyu/projects/pvrig_top7500_dualpanel_screen_v1_20260724/run/qc397_final50_fusion_developability_v1_20260726/final50_common4_bundle/representative_complexes/R18__NODE1GEN_127352__9e6y__s3047.pdb	e05063dd97d0057eea81651f63aef1ef7b5080d1a463e5a1e4e5e26372af6901
P1MCPUFP__CPUFP500K_0089__00735	PVRIG_CAND_019	19	8x6b	42	19	69S,71S,72L,74T,81N,82G,83A,90V,92H,94E,95R,135K,137A,138S,139F,140P,141E,142G,143S	16	0	/data/qlyu/projects/pvrig_top7500_dualpanel_screen_v1_20260724/run/qc397_final50_fusion_developability_v1_20260726/final50_common4_bundle/representative_complexes/R19__P1MCPUFP__CPUFP500K_0089__00735__8x6b__s42.pdb	d46fa951a80bc3eb8096dfd11f15dc0f7f443e994c84cefe217070f2bf10126d
P1MCPUFP__CPUFP500K_0089__00735	PVRIG_CAND_019	19	9e6y	42	26	69S,70I,71S,72L,74T,80P,81N,82G,83A,87T,90V,92H,94E,95R,98R,100W,135K,137A,138S,139F,140P,141E,142G,143S,144W,145E	19	1	/data/qlyu/projects/pvrig_top7500_dualpanel_screen_v1_20260724/run/qc397_final50_fusion_developability_v1_20260726/final50_common4_bundle/representative_complexes/R19__P1MCPUFP__CPUFP500K_0089__00735__9e6y__s42.pdb	d08d8e74de8bb58d7dade7219ad2aa5f08edaa8889f5f72897f6c7dde982bca8
P1MCPUFP__CPUFP500K_0089__00735	PVRIG_CAND_019	19	8x6b	917	22	71S,72L,74T,80P,81N,82G,83A,90V,92H,94E,95R,98R,100W,135K,137A,138S,139F,140P,141E,142G,143S,145E	18	0	/data/qlyu/projects/pvrig_top7500_dualpanel_screen_v1_20260724/run/qc397_final50_fusion_developability_v1_20260726/final50_common4_bundle/representative_complexes/R19__P1MCPUFP__CPUFP500K_0089__00735__8x6b__s917.pdb	b963172e3fb05837f261bc2dfc7a7c5d3ab36fa948304c1b495ee8000324778e
P1MCPUFP__CPUFP500K_0089__00735	PVRIG_CAND_019	19	9e6y	917	22	71S,72L,74T,80P,81N,82G,83A,90V,92H,94E,95R,100W,135K,137A,138S,139F,140P,141E,142G,143S,144W,145E	18	0	/data/qlyu/projects/pvrig_top7500_dualpanel_screen_v1_20260724/run/qc397_final50_fusion_developability_v1_20260726/final50_common4_bundle/representative_complexes/R19__P1MCPUFP__CPUFP500K_0089__00735__9e6y__s917.pdb	992c15c0a8177b0d06f34e63278a6fdb84a00bfbb0cf7250cc08dac843b9895a
P1MCPUFP__CPUFP500K_0089__00735	PVRIG_CAND_019	19	8x6b	1931	20	71S,72L,74T,81N,82G,83A,90V,92H,94E,95R,98R,100W,135K,137A,138S,139F,140P,141E,142G,143S	18	0	/data/qlyu/projects/pvrig_top7500_dualpanel_screen_v1_20260724/run/qc397_final50_fusion_developability_v1_20260726/final50_common4_bundle/representative_complexes/R19__P1MCPUFP__CPUFP500K_0089__00735__8x6b__s1931.pdb	6941d02fe0fa34b878ff4c68eabcd9ea092154c7013ed47a30c61a2db83e695b
P1MCPUFP__CPUFP500K_0089__00735	PVRIG_CAND_019	19	9e6y	1931	20	71S,72L,74T,81N,82G,83A,90V,92H,94E,95R,98R,100W,135K,137A,138S,139F,140P,141E,142G,143S	18	0	/data/qlyu/projects/pvrig_top7500_dualpanel_screen_v1_20260724/run/qc397_final50_fusion_developability_v1_20260726/final50_common4_bundle/representative_complexes/R19__P1MCPUFP__CPUFP500K_0089__00735__9e6y__s1931.pdb	d04c3fdea8171d2f63366643b2d04ce551f7e18312c1b01c9aa8a078112c9ab5
P1MCPUFP__CPUFP500K_0089__00735	PVRIG_CAND_019	19	8x6b	3047	22	69S,70I,71S,72L,74T,81N,82G,83A,90V,92H,94E,95R,98R,100W,135K,137A,139F,140P,141E,142G,143S,144W	18	0	/data/qlyu/projects/pvrig_top7500_dualpanel_screen_v1_20260724/run/qc397_final50_fusion_developability_v1_20260726/final50_common4_bundle/representative_complexes/R19__P1MCPUFP__CPUFP500K_0089__00735__8x6b__s3047.pdb	2d2bb19034e59be6eb2872ace41e8c587e171dff58b9c3efb7f7ec9d0154f407
P1MCPUFP__CPUFP500K_0089__00735	PVRIG_CAND_019	19	9e6y	3047	22	70I,71S,72L,74T,81N,82G,83A,90V,92H,93P,94E,95R,98R,100W,135K,137A,138S,139F,140P,141E,142G,143S	18	0	/data/qlyu/projects/pvrig_top7500_dualpanel_screen_v1_20260724/run/qc397_final50_fusion_developability_v1_20260726/final50_common4_bundle/representative_complexes/R19__P1MCPUFP__CPUFP500K_0089__00735__9e6y__s3047.pdb	7b4b990fed3e1e0f12dd2234273e5e67ea98103091396b120cec927e441a0d82
NODE1GEN_258472_source_fixed_pose_mpnn_source_id_P500K__FIXED_POSE_MPNN__2E2B33208D567583	PVRIG_CAND_020	20	8x6b	42	19	71S,72L,74T,81N,82G,83A,90V,92H,94E,95R,98R,100W,135K,137A,139F,140P,141E,142G,143S	17	0	/data/qlyu/projects/pvrig_top7500_dualpanel_screen_v1_20260724/run/qc397_final50_fusion_developability_v1_20260726/final50_common4_bundle/representative_complexes/R20__NODE1GEN_258472_source_fixed_pose_mpnn_source_id_P500K__FIXED_POSE_MPNN__2E2B33208D567583__8x6b__s42.pdb	0895d939c3a88e9d8e9444cc78f83a726f9126d149cc651caf64526143eb599b
NODE1GEN_258472_source_fixed_pose_mpnn_source_id_P500K__FIXED_POSE_MPNN__2E2B33208D567583	PVRIG_CAND_020	20	9e6y	42	19	69S,71S,72L,73V,74T,81N,82G,90V,92H,94E,95R,100W,135K,137A,138S,139F,140P,142G,143S	15	0	/data/qlyu/projects/pvrig_top7500_dualpanel_screen_v1_20260724/run/qc397_final50_fusion_developability_v1_20260726/final50_common4_bundle/representative_complexes/R20__NODE1GEN_258472_source_fixed_pose_mpnn_source_id_P500K__FIXED_POSE_MPNN__2E2B33208D567583__9e6y__s42.pdb	49401793a6aed8853ebb4c9879029283ed453b2fa5b90058d2977981b8a533f7
NODE1GEN_258472_source_fixed_pose_mpnn_source_id_P500K__FIXED_POSE_MPNN__2E2B33208D567583	PVRIG_CAND_020	20	8x6b	917	21	69S,70I,71S,72L,73V,74T,81N,82G,87T,90V,92H,93P,94E,95R,135K,137A,138S,139F,140P,142G,143S	14	1	/data/qlyu/projects/pvrig_top7500_dualpanel_screen_v1_20260724/run/qc397_final50_fusion_developability_v1_20260726/final50_common4_bundle/representative_complexes/R20__NODE1GEN_258472_source_fixed_pose_mpnn_source_id_P500K__FIXED_POSE_MPNN__2E2B33208D567583__8x6b__s917.pdb	1df8b35dabed290a9b06b821edc4b24e55ae6fe0491d8356ce55c59e266fc3ec
NODE1GEN_258472_source_fixed_pose_mpnn_source_id_P500K__FIXED_POSE_MPNN__2E2B33208D567583	PVRIG_CAND_020	20	9e6y	917	20	71S,72L,74T,81N,82G,87T,90V,92H,94E,95R,98R,100W,135K,137A,138S,139F,140P,141E,142G,143S	17	1	/data/qlyu/projects/pvrig_top7500_dualpanel_screen_v1_20260724/run/qc397_final50_fusion_developability_v1_20260726/final50_common4_bundle/representative_complexes/R20__NODE1GEN_258472_source_fixed_pose_mpnn_source_id_P500K__FIXED_POSE_MPNN__2E2B33208D567583__9e6y__s917.pdb	a28829e162b32cd2ff02df8f4f85a26a18ebaa7d8058288f35dae9118225aef9
NODE1GEN_258472_source_fixed_pose_mpnn_source_id_P500K__FIXED_POSE_MPNN__2E2B33208D567583	PVRIG_CAND_020	20	8x6b	1931	19	69S,71S,72L,74T,81N,82G,87T,90V,92H,94E,95R,100W,135K,137A,138S,139F,140P,142G,143S	15	1	/data/qlyu/projects/pvrig_top7500_dualpanel_screen_v1_20260724/run/qc397_final50_fusion_developability_v1_20260726/final50_common4_bundle/representative_complexes/R20__NODE1GEN_258472_source_fixed_pose_mpnn_source_id_P500K__FIXED_POSE_MPNN__2E2B33208D567583__8x6b__s1931.pdb	7215187b3e9fd8a49bb388bb3a31a0bd7c8e043ce8d1107678ecd9a469c26667
NODE1GEN_258472_source_fixed_pose_mpnn_source_id_P500K__FIXED_POSE_MPNN__2E2B33208D567583	PVRIG_CAND_020	20	9e6y	1931	21	69S,70I,71S,72L,74T,81N,87T,90V,92H,93P,94E,95R,100W,135K,137A,138S,139F,140P,141E,142G,143S	15	1	/data/qlyu/projects/pvrig_top7500_dualpanel_screen_v1_20260724/run/qc397_final50_fusion_developability_v1_20260726/final50_common4_bundle/representative_complexes/R20__NODE1GEN_258472_source_fixed_pose_mpnn_source_id_P500K__FIXED_POSE_MPNN__2E2B33208D567583__9e6y__s1931.pdb	1672ded8fbd4adef78f339167cb6e64c3c78199441f49aadc860f66c377ce064
NODE1GEN_258472_source_fixed_pose_mpnn_source_id_P500K__FIXED_POSE_MPNN__2E2B33208D567583	PVRIG_CAND_020	20	8x6b	3047	19	69S,71S,72L,74T,81N,82G,87T,90V,92H,94E,95R,100W,135K,137A,138S,139F,140P,142G,143S	15	1	/data/qlyu/projects/pvrig_top7500_dualpanel_screen_v1_20260724/run/qc397_final50_fusion_developability_v1_20260726/final50_common4_bundle/representative_complexes/R20__NODE1GEN_258472_source_fixed_pose_mpnn_source_id_P500K__FIXED_POSE_MPNN__2E2B33208D567583__8x6b__s3047.pdb	c415f98deb89aba91678ace6ffab1e39dde9426eb406ac87bcf3610975cab7f4
NODE1GEN_258472_source_fixed_pose_mpnn_source_id_P500K__FIXED_POSE_MPNN__2E2B33208D567583	PVRIG_CAND_020	20	9e6y	3047	21	69S,70I,71S,72L,74T,81N,82G,90V,92H,93P,94E,95R,98R,100W,135K,137A,138S,139F,140P,142G,143S	16	0	/data/qlyu/projects/pvrig_top7500_dualpanel_screen_v1_20260724/run/qc397_final50_fusion_developability_v1_20260726/final50_common4_bundle/representative_complexes/R20__NODE1GEN_258472_source_fixed_pose_mpnn_source_id_P500K__FIXED_POSE_MPNN__2E2B33208D567583__9e6y__s3047.pdb	198c793de13b4225f1c799af0fd10b9f94c18c154094abcf0d5bc53d107ebf8d
P1MCPUFP__CPUFP500K_0299__00780	PVRIG_CAND_021	21	8x6b	42	21	71S,72L,74T,81N,82G,83A,84G,87T,90V,92H,95R,98R,100W,135K,137A,138S,139F,140P,141E,142G,143S	18	1	/data/qlyu/projects/pvrig_top7500_dualpanel_screen_v1_20260724/run/qc397_final50_fusion_developability_v1_20260726/final50_common4_bundle/representative_complexes/R21__P1MCPUFP__CPUFP500K_0299__00780__8x6b__s42.pdb	ccc844e6b3cf7a0a2e85dc72ba244a98167bffb43b77a83235655b1f139aba90
P1MCPUFP__CPUFP500K_0299__00780	PVRIG_CAND_021	21	9e6y	42	20	71S,72L,74T,80P,81N,82G,83A,85G,86T,87T,90V,92H,95R,100W,135K,137A,139F,140P,143S,145E	14	1	/data/qlyu/projects/pvrig_top7500_dualpanel_screen_v1_20260724/run/qc397_final50_fusion_developability_v1_20260726/final50_common4_bundle/representative_complexes/R21__P1MCPUFP__CPUFP500K_0299__00780__9e6y__s42.pdb	b0750dadf5e7a33dffa550ad8d05f29685ad9b3b3705b2c03fae6f4b9f6b319a
P1MCPUFP__CPUFP500K_0299__00780	PVRIG_CAND_021	21	8x6b	917	19	71S,72L,74T,81N,82G,87T,90V,92H,95R,98R,100W,135K,137A,138S,139F,140P,141E,142G,143S	17	1	/data/qlyu/projects/pvrig_top7500_dualpanel_screen_v1_20260724/run/qc397_final50_fusion_developability_v1_20260726/final50_common4_bundle/representative_complexes/R21__P1MCPUFP__CPUFP500K_0299__00780__8x6b__s917.pdb	50633bdc4353c852f885a343a67675cf483351f0da466e554f2900e5b56608a7
P1MCPUFP__CPUFP500K_0299__00780	PVRIG_CAND_021	21	9e6y	917	21	71S,72L,74T,81N,82G,86T,87T,90V,92H,94E,95R,98R,100W,135K,137A,138S,139F,140P,141E,142G,143S	17	1	/data/qlyu/projects/pvrig_top7500_dualpanel_screen_v1_20260724/run/qc397_final50_fusion_developability_v1_20260726/final50_common4_bundle/representative_complexes/R21__P1MCPUFP__CPUFP500K_0299__00780__9e6y__s917.pdb	fe37fa247f58a006304e82e2704dcdfad27a5f63464a7362f9e1e69e29778010
P1MCPUFP__CPUFP500K_0299__00780	PVRIG_CAND_021	21	8x6b	1931	18	71S,72L,74T,81N,82G,87T,92H,94E,95R,98R,100W,137A,138S,139F,140P,141E,142G,143S	15	1	/data/qlyu/projects/pvrig_top7500_dualpanel_screen_v1_20260724/run/qc397_final50_fusion_developability_v1_20260726/final50_common4_bundle/representative_complexes/R21__P1MCPUFP__CPUFP500K_0299__00780__8x6b__s1931.pdb	57723f26a937fc51a84ce0da8fa01e8b0d36e4e83dc5f164855bfb1d99b472b4
P1MCPUFP__CPUFP500K_0299__00780	PVRIG_CAND_021	21	9e6y	1931	21	71S,72L,74T,81N,82G,83A,84G,87T,90V,92H,95R,98R,100W,135K,137A,138S,139F,140P,141E,142G,143S	18	1	/data/qlyu/projects/pvrig_top7500_dualpanel_screen_v1_20260724/run/qc397_final50_fusion_developability_v1_20260726/final50_common4_bundle/representative_complexes/R21__P1MCPUFP__CPUFP500K_0299__00780__9e6y__s1931.pdb	2ac3aeeb7cfb953c79a80188fdde654290dea50a2dc007d2a56cf7af6249b68d
P1MCPUFP__CPUFP500K_0299__00780	PVRIG_CAND_021	21	8x6b	3047	21	71S,72L,74T,81N,82G,83A,84G,87T,90V,92H,95R,98R,100W,135K,137A,138S,139F,140P,141E,142G,143S	18	1	/data/qlyu/projects/pvrig_top7500_dualpanel_screen_v1_20260724/run/qc397_final50_fusion_developability_v1_20260726/final50_common4_bundle/representative_complexes/R21__P1MCPUFP__CPUFP500K_0299__00780__8x6b__s3047.pdb	049c158ff901e31cf3226fdde35ccf7727ed57ea5ae47867233a1455e12473f4
P1MCPUFP__CPUFP500K_0299__00780	PVRIG_CAND_021	21	9e6y	3047	20	71S,72L,74T,81N,82G,87T,90V,92H,94E,95R,98R,100W,135K,137A,138S,139F,140P,141E,142G,143S	17	1	/data/qlyu/projects/pvrig_top7500_dualpanel_screen_v1_20260724/run/qc397_final50_fusion_developability_v1_20260726/final50_common4_bundle/representative_complexes/R21__P1MCPUFP__CPUFP500K_0299__00780__9e6y__s3047.pdb	1d26ae79601783b073ddefad1ef04eaee641c0b9e86ac654f5c9ac1f41b0015a
P1MCPUFP__CPUFP500K_0189__00858	PVRIG_CAND_022	22	8x6b	42	25	71S,72L,74T,80P,81N,82G,83A,90V,92H,94E,95R,96G,98R,135K,137A,138S,139F,140P,141E,142G,143S,144W,145E,146A,147C	19	0	/data/qlyu/projects/pvrig_top7500_dualpanel_screen_v1_20260724/run/qc397_final50_fusion_developability_v1_20260726/final50_common4_bundle/representative_complexes/R22__P1MCPUFP__CPUFP500K_0189__00858__8x6b__s42.pdb	b69ab65eda71e06d717e026089a5e9226b89a2494a5389ef127baf7a8f5fb00f
P1MCPUFP__CPUFP500K_0189__00858	PVRIG_CAND_022	22	9e6y	42	21	69S,71S,72L,74T,81N,82G,83A,87T,90V,92H,95R,100W,135K,137A,139F,140P,141E,142G,143S,144W,145E	17	1	/data/qlyu/projects/pvrig_top7500_dualpanel_screen_v1_20260724/run/qc397_final50_fusion_developability_v1_20260726/final50_common4_bundle/representative_complexes/R22__P1MCPUFP__CPUFP500K_0189__00858__9e6y__s42.pdb	2abcdc3e943f8bc3eb15f1b28b9f2944026b073070cbab3b158f5265198f0c6d
P1MCPUFP__CPUFP500K_0189__00858	PVRIG_CAND_022	22	8x6b	917	20	70I,71S,72L,81N,82G,90V,92H,93P,94E,95R,98R,100W,135K,137A,138S,139F,140P,141E,142G,143S	16	0	/data/qlyu/projects/pvrig_top7500_dualpanel_screen_v1_20260724/run/qc397_final50_fusion_developability_v1_20260726/final50_common4_bundle/representative_complexes/R22__P1MCPUFP__CPUFP500K_0189__00858__8x6b__s917.pdb	6da59a066897231371bb3cbf27ad1bb2aae833e519ec007c75cb1c70604a4e92
P1MCPUFP__CPUFP500K_0189__00858	PVRIG_CAND_022	22	9e6y	917	19	70I,71S,72L,74T,81N,82G,83A,87T,90V,92H,93P,94E,95R,98R,100W,135K,137A,143S,145E	13	1	/data/qlyu/projects/pvrig_top7500_dualpanel_screen_v1_20260724/run/qc397_final50_fusion_developability_v1_20260726/final50_common4_bundle/representative_complexes/R22__P1MCPUFP__CPUFP500K_0189__00858__9e6y__s917.pdb	c6a34b0505e6ec56b3492d5c903643b7a6ffd3f2c4c2df4c471cdc9f96e46b7a
P1MCPUFP__CPUFP500K_0189__00858	PVRIG_CAND_022	22	8x6b	1931	17	69S,70I,71S,72L,82G,83A,90V,92H,94E,95R,98R,135K,138S,139F,140P,142G,143S	13	0	/data/qlyu/projects/pvrig_top7500_dualpanel_screen_v1_20260724/run/qc397_final50_fusion_developability_v1_20260726/final50_common4_bundle/representative_complexes/R22__P1MCPUFP__CPUFP500K_0189__00858__8x6b__s1931.pdb	5a3f5e13dcd5519b74319f5b5efea0fee6375900b8cb6d6f4cde9c010d6fb92f
P1MCPUFP__CPUFP500K_0189__00858	PVRIG_CAND_022	22	9e6y	1931	22	69S,71S,72L,74T,81N,82G,83A,85G,87T,90V,92H,95R,135K,137A,138S,139F,140P,141E,142G,143S,144W,145E	17	1	/data/qlyu/projects/pvrig_top7500_dualpanel_screen_v1_20260724/run/qc397_final50_fusion_developability_v1_20260726/final50_common4_bundle/representative_complexes/R22__P1MCPUFP__CPUFP500K_0189__00858__9e6y__s1931.pdb	c8d739661a741659d5f6e52feb64f63839ffc983c876625082718c5b1b30c1dc
P1MCPUFP__CPUFP500K_0189__00858	PVRIG_CAND_022	22	8x6b	3047	19	71S,72L,74T,81N,82G,83A,87T,90V,95R,100W,135K,137A,138S,139F,140P,142G,143S,144W,145E	16	1	/data/qlyu/projects/pvrig_top7500_dualpanel_screen_v1_20260724/run/qc397_final50_fusion_developability_v1_20260726/final50_common4_bundle/representative_complexes/R22__P1MCPUFP__CPUFP500K_0189__00858__8x6b__s3047.pdb	c829bad402c49615e317a8e5715a18fbf0fe9c5d53d8787a243b0fe2655d15b7
P1MCPUFP__CPUFP500K_0189__00858	PVRIG_CAND_022	22	9e6y	3047	26	71S,72L,74T,80P,81N,82G,83A,84G,90V,91L,92H,94E,95R,96G,135K,137A,138S,139F,140P,141E,142G,143S,144W,145E,146A,147C	18	0	/data/qlyu/projects/pvrig_top7500_dualpanel_screen_v1_20260724/run/qc397_final50_fusion_developability_v1_20260726/final50_common4_bundle/representative_complexes/R22__P1MCPUFP__CPUFP500K_0189__00858__9e6y__s3047.pdb	43899e20fd382308f496e8b3712a093145bc05718977fffe3f25a2c5ab0bae6a
NODE1GEN_174576_source_fixed_pose_mpnn_source_id_P500K__FIXED_POSE_MPNN__D5384A7F42146722	PVRIG_CAND_023	23	8x6b	42	21	69S,70I,71S,72L,82G,90V,91L,92H,94E,95R,96G,97I,98R,135K,137A,138S,139F,140P,141E,142G,143S	15	0	/data/qlyu/projects/pvrig_top7500_dualpanel_screen_v1_20260724/run/qc397_final50_fusion_developability_v1_20260726/final50_common4_bundle/representative_complexes/R23__NODE1GEN_174576_source_fixed_pose_mpnn_source_id_P500K__FIXED_POSE_MPNN__D5384A7F42146722__8x6b__s42.pdb	ef76ea6b2c352fdb4b1f84ad0342228f69de403c2c086d92fb2af0b2201b8396
NODE1GEN_174576_source_fixed_pose_mpnn_source_id_P500K__FIXED_POSE_MPNN__D5384A7F42146722	PVRIG_CAND_023	23	9e6y	42	18	69S,70I,71S,72L,90V,92H,93P,94E,95R,96G,97I,98R,137A,138S,139F,140P,142G,143S	12	0	/data/qlyu/projects/pvrig_top7500_dualpanel_screen_v1_20260724/run/qc397_final50_fusion_developability_v1_20260726/final50_common4_bundle/representative_complexes/R23__NODE1GEN_174576_source_fixed_pose_mpnn_source_id_P500K__FIXED_POSE_MPNN__D5384A7F42146722__9e6y__s42.pdb	7ce975ca21d0311c6b2eaa0311052e747b2ff02ccf0362adc149232e9c500ceb
NODE1GEN_174576_source_fixed_pose_mpnn_source_id_P500K__FIXED_POSE_MPNN__D5384A7F42146722	PVRIG_CAND_023	23	8x6b	917	23	69S,70I,71S,72L,74T,82G,90V,91L,92H,93P,94E,95R,96G,97I,98R,135K,137A,138S,139F,140P,141E,142G,143S	16	0	/data/qlyu/projects/pvrig_top7500_dualpanel_screen_v1_20260724/run/qc397_final50_fusion_developability_v1_20260726/final50_common4_bundle/representative_complexes/R23__NODE1GEN_174576_source_fixed_pose_mpnn_source_id_P500K__FIXED_POSE_MPNN__D5384A7F42146722__8x6b__s917.pdb	6ddbc4948725a1184858db9d728c789154eaf197b9b5a276f3a338739ae8feb1
NODE1GEN_174576_source_fixed_pose_mpnn_source_id_P500K__FIXED_POSE_MPNN__D5384A7F42146722	PVRIG_CAND_023	23	9e6y	917	19	69S,70I,71S,72L,90V,92H,93P,94E,95R,96G,98R,135K,137A,138S,139F,140P,141E,142G,143S	14	0	/data/qlyu/projects/pvrig_top7500_dualpanel_screen_v1_20260724/run/qc397_final50_fusion_developability_v1_20260726/final50_common4_bundle/representative_complexes/R23__NODE1GEN_174576_source_fixed_pose_mpnn_source_id_P500K__FIXED_POSE_MPNN__D5384A7F42146722__9e6y__s917.pdb	2565f1ab7bca7c1373153e10183461309033b628b30353c0240bd9201358f9d5
NODE1GEN_174576_source_fixed_pose_mpnn_source_id_P500K__FIXED_POSE_MPNN__D5384A7F42146722	PVRIG_CAND_023	23	8x6b	1931	21	69S,70I,71S,72L,82G,90V,92H,93P,94E,95R,96G,97I,98R,135K,137A,138S,139F,140P,141E,142G,143S	15	0	/data/qlyu/projects/pvrig_top7500_dualpanel_screen_v1_20260724/run/qc397_final50_fusion_developability_v1_20260726/final50_common4_bundle/representative_complexes/R23__NODE1GEN_174576_source_fixed_pose_mpnn_source_id_P500K__FIXED_POSE_MPNN__D5384A7F42146722__8x6b__s1931.pdb	d529d0e9c0a86ee15ff32a221d39e3de1a7cfce99a0f3e3c39260090aaf53461
NODE1GEN_174576_source_fixed_pose_mpnn_source_id_P500K__FIXED_POSE_MPNN__D5384A7F42146722	PVRIG_CAND_023	23	9e6y	1931	19	69S,70I,71S,72L,90V,92H,93P,94E,95R,96G,97I,98R,137A,138S,139F,140P,141E,142G,143S	13	0	/data/qlyu/projects/pvrig_top7500_dualpanel_screen_v1_20260724/run/qc397_final50_fusion_developability_v1_20260726/final50_common4_bundle/representative_complexes/R23__NODE1GEN_174576_source_fixed_pose_mpnn_source_id_P500K__FIXED_POSE_MPNN__D5384A7F42146722__9e6y__s1931.pdb	e0d6d7e6f27bef9ba45ad1ab726eb8e707194d4257387fad5c3b71c69362e457
NODE1GEN_174576_source_fixed_pose_mpnn_source_id_P500K__FIXED_POSE_MPNN__D5384A7F42146722	PVRIG_CAND_023	23	8x6b	3047	21	70I,71S,72L,82G,90V,91L,92H,93P,94E,95R,96G,97I,98R,135K,137A,138S,139F,140P,141E,142G,143S	15	0	/data/qlyu/projects/pvrig_top7500_dualpanel_screen_v1_20260724/run/qc397_final50_fusion_developability_v1_20260726/final50_common4_bundle/representative_complexes/R23__NODE1GEN_174576_source_fixed_pose_mpnn_source_id_P500K__FIXED_POSE_MPNN__D5384A7F42146722__8x6b__s3047.pdb	47e5438615376fced78c6637b2b8bfb907229fe653c78752854b5707618f676b
NODE1GEN_174576_source_fixed_pose_mpnn_source_id_P500K__FIXED_POSE_MPNN__D5384A7F42146722	PVRIG_CAND_023	23	9e6y	3047	18	69S,70I,71S,72L,90V,92H,93P,94E,95R,98R,135K,137A,138S,139F,140P,141E,142G,143S	13	0	/data/qlyu/projects/pvrig_top7500_dualpanel_screen_v1_20260724/run/qc397_final50_fusion_developability_v1_20260726/final50_common4_bundle/representative_complexes/R23__NODE1GEN_174576_source_fixed_pose_mpnn_source_id_P500K__FIXED_POSE_MPNN__D5384A7F42146722__9e6y__s3047.pdb	edf52fbc12d7cc6c6c06c160dc701752e4fb08111b0747d7ea90ff7eeec2708a
NODE1GEN_002130_source_rfantibody_source_id_PVRIG_RFAb_v2_P1_ekg_L_bb177_mpn10_arm_P1_ekg_L_backbone_P1_ekg_L_bb177_status_NEEDS_RF2_AND_DOCKING	PVRIG_CAND_024	24	8x6b	42	20	71S,72L,74T,81N,82G,83A,87T,90V,92H,95R,135K,136F,137A,138S,139F,140P,141E,142G,143S,144W	17	1	/data/qlyu/projects/pvrig_top7500_dualpanel_screen_v1_20260724/run/qc397_final50_fusion_developability_v1_20260726/final50_common4_bundle/representative_complexes/R24__NODE1GEN_002130__8x6b__s42.pdb	97900c73537586037cc4c6978dd11d229fe0fe73eb060e14647af700d739f808
NODE1GEN_002130_source_rfantibody_source_id_PVRIG_RFAb_v2_P1_ekg_L_bb177_mpn10_arm_P1_ekg_L_backbone_P1_ekg_L_bb177_status_NEEDS_RF2_AND_DOCKING	PVRIG_CAND_024	24	9e6y	42	18	71S,72L,74T,81N,82G,83A,87T,90V,92H,95R,135K,137A,138S,139F,140P,141E,142G,143S	16	1	/data/qlyu/projects/pvrig_top7500_dualpanel_screen_v1_20260724/run/qc397_final50_fusion_developability_v1_20260726/final50_common4_bundle/representative_complexes/R24__NODE1GEN_002130__9e6y__s42.pdb	d8c067f2a2d8df789b9771774ed2e1f6094e676b5b6c24261f8b02475d86e457
NODE1GEN_002130_source_rfantibody_source_id_PVRIG_RFAb_v2_P1_ekg_L_bb177_mpn10_arm_P1_ekg_L_backbone_P1_ekg_L_bb177_status_NEEDS_RF2_AND_DOCKING	PVRIG_CAND_024	24	8x6b	917	16	71S,72L,74T,81N,82G,83A,87T,90V,92H,95R,98R,100W,135K,137A,139F,143S	14	1	/data/qlyu/projects/pvrig_top7500_dualpanel_screen_v1_20260724/run/qc397_final50_fusion_developability_v1_20260726/final50_common4_bundle/representative_complexes/R24__NODE1GEN_002130__8x6b__s917.pdb	fe74223dc20471b0a2c1fd370f7cc0926712d34c1cab592ac557fcae1df0fbb2
NODE1GEN_002130_source_rfantibody_source_id_PVRIG_RFAb_v2_P1_ekg_L_bb177_mpn10_arm_P1_ekg_L_backbone_P1_ekg_L_bb177_status_NEEDS_RF2_AND_DOCKING	PVRIG_CAND_024	24	9e6y	917	18	71S,72L,74T,81N,82G,83A,87T,90V,92H,95R,98R,100W,135K,137A,138S,139F,142G,143S	16	1	/data/qlyu/projects/pvrig_top7500_dualpanel_screen_v1_20260724/run/qc397_final50_fusion_developability_v1_20260726/final50_common4_bundle/representative_complexes/R24__NODE1GEN_002130__9e6y__s917.pdb	9f27679f75f1a20907118342865d0ec5e30d8e311b6f71b9feb91533b356fea4
NODE1GEN_002130_source_rfantibody_source_id_PVRIG_RFAb_v2_P1_ekg_L_bb177_mpn10_arm_P1_ekg_L_backbone_P1_ekg_L_bb177_status_NEEDS_RF2_AND_DOCKING	PVRIG_CAND_024	24	8x6b	1931	20	71S,72L,74T,81N,82G,83A,87T,90V,92H,95R,98R,100W,135K,137A,138S,139F,140P,141E,142G,143S	18	1	/data/qlyu/projects/pvrig_top7500_dualpanel_screen_v1_20260724/run/qc397_final50_fusion_developability_v1_20260726/final50_common4_bundle/representative_complexes/R24__NODE1GEN_002130__8x6b__s1931.pdb	bed59bea70c5accfad695ad1a36244c43a4f2eb90bbfc7b967562d4b644c47ce
NODE1GEN_002130_source_rfantibody_source_id_PVRIG_RFAb_v2_P1_ekg_L_bb177_mpn10_arm_P1_ekg_L_backbone_P1_ekg_L_bb177_status_NEEDS_RF2_AND_DOCKING	PVRIG_CAND_024	24	9e6y	1931	16	71S,72L,74T,81N,82G,87T,90V,92H,95R,135K,137A,138S,139F,142G,143S,144W	14	1	/data/qlyu/projects/pvrig_top7500_dualpanel_screen_v1_20260724/run/qc397_final50_fusion_developability_v1_20260726/final50_common4_bundle/representative_complexes/R24__NODE1GEN_002130__9e6y__s1931.pdb	79e5f21b01995638e6df45ddd23961540c60cd2e46f6d6ec15d904fd54db0407
NODE1GEN_002130_source_rfantibody_source_id_PVRIG_RFAb_v2_P1_ekg_L_bb177_mpn10_arm_P1_ekg_L_backbone_P1_ekg_L_bb177_status_NEEDS_RF2_AND_DOCKING	PVRIG_CAND_024	24	8x6b	3047	20	71S,72L,74T,81N,82G,83A,87T,90V,92H,95R,98R,100W,135K,137A,138S,139F,140P,141E,142G,143S	18	1	/data/qlyu/projects/pvrig_top7500_dualpanel_screen_v1_20260724/run/qc397_final50_fusion_developability_v1_20260726/final50_common4_bundle/representative_complexes/R24__NODE1GEN_002130__8x6b__s3047.pdb	d7f83433b750a69b55a6abe90ba4f39e7f31ea0d41a1417f89449e68b2ecd274
NODE1GEN_002130_source_rfantibody_source_id_PVRIG_RFAb_v2_P1_ekg_L_bb177_mpn10_arm_P1_ekg_L_backbone_P1_ekg_L_bb177_status_NEEDS_RF2_AND_DOCKING	PVRIG_CAND_024	24	9e6y	3047	19	71S,72L,74T,81N,82G,87T,90V,92H,95R,98R,100W,135K,136F,137A,138S,139F,140P,142G,143S	16	1	/data/qlyu/projects/pvrig_top7500_dualpanel_screen_v1_20260724/run/qc397_final50_fusion_developability_v1_20260726/final50_common4_bundle/representative_complexes/R24__NODE1GEN_002130__9e6y__s3047.pdb	0a2950fd296c4580b1b08cd81d2e0683d6b89ee7068c9ab3fcb3af287d742e87
P1MCPUFP__CPUFP500K_0380__00771	PVRIG_CAND_025	25	8x6b	42	20	71S,72L,74T,80P,81N,82G,83A,84G,87T,90V,135K,137A,138S,139F,140P,141E,142G,143S,144W,145E	16	1	/data/qlyu/projects/pvrig_top7500_dualpanel_screen_v1_20260724/run/qc397_final50_fusion_developability_v1_20260726/final50_common4_bundle/representative_complexes/R25__P1MCPUFP__CPUFP500K_0380__00771__8x6b__s42.pdb	9e3f05244f003ec7d1c24df2b9de56d984f265af9552d08acf7b7737e1722d2b
P1MCPUFP__CPUFP500K_0380__00771	PVRIG_CAND_025	25	9e6y	42	17	71S,72L,80P,81N,82G,83A,90V,135K,137A,138S,139F,140P,141E,142G,143S,144W,145E	15	0	/data/qlyu/projects/pvrig_top7500_dualpanel_screen_v1_20260724/run/qc397_final50_fusion_developability_v1_20260726/final50_common4_bundle/representative_complexes/R25__P1MCPUFP__CPUFP500K_0380__00771__9e6y__s42.pdb	f32cb6f2056ae3d83e6eb07a4b45b1ae015dd74df7866250382d37f8e196472a
P1MCPUFP__CPUFP500K_0380__00771	PVRIG_CAND_025	25	8x6b	917	18	71S,72L,80P,81N,82G,83A,90V,92H,135K,137A,138S,139F,140P,141E,142G,143S,144W,145E	16	0	/data/qlyu/projects/pvrig_top7500_dualpanel_screen_v1_20260724/run/qc397_final50_fusion_developability_v1_20260726/final50_common4_bundle/representative_complexes/R25__P1MCPUFP__CPUFP500K_0380__00771__8x6b__s917.pdb	2e94209a290d9719c2785d400240c0296b1af78f40786f5610b11ce035d7d6c7
P1MCPUFP__CPUFP500K_0380__00771	PVRIG_CAND_025	25	9e6y	917	18	71S,72L,74T,82G,87T,90V,92H,94E,95R,98R,100W,137A,138S,139F,140P,141E,142G,143S	15	1	/data/qlyu/projects/pvrig_top7500_dualpanel_screen_v1_20260724/run/qc397_final50_fusion_developability_v1_20260726/final50_common4_bundle/representative_complexes/R25__P1MCPUFP__CPUFP500K_0380__00771__9e6y__s917.pdb	b179cebc0274202a24e20ea18330cc30f1c059492194eb1a427c0dd8ffad331f
P1MCPUFP__CPUFP500K_0380__00771	PVRIG_CAND_025	25	8x6b	1931	22	72L,74T,76S,80P,81N,82G,83A,84G,85G,87T,90V,135K,136F,137A,138S,139F,140P,141E,142G,143S,144W,145E	15	1	/data/qlyu/projects/pvrig_top7500_dualpanel_screen_v1_20260724/run/qc397_final50_fusion_developability_v1_20260726/final50_common4_bundle/representative_complexes/R25__P1MCPUFP__CPUFP500K_0380__00771__8x6b__s1931.pdb	91eaccdf0f3c7ca9bdf6cf42ead603855bfb5a8391e44a413d791302116d2201
P1MCPUFP__CPUFP500K_0380__00771	PVRIG_CAND_025	25	9e6y	1931	20	71S,72L,74T,81N,82G,83A,84G,90V,92H,95R,100W,135K,137A,138S,139F,140P,141E,142G,143S,144W	18	0	/data/qlyu/projects/pvrig_top7500_dualpanel_screen_v1_20260724/run/qc397_final50_fusion_developability_v1_20260726/final50_common4_bundle/representative_complexes/R25__P1MCPUFP__CPUFP500K_0380__00771__9e6y__s1931.pdb	43b1931b8a0b8ddfdbe874e29aeda95ec3178c1c22e1c133356847ec08b03327
P1MCPUFP__CPUFP500K_0380__00771	PVRIG_CAND_025	25	8x6b	3047	20	71S,72L,74T,80P,81N,82G,83A,84G,87T,90V,135K,137A,138S,139F,140P,141E,142G,143S,144W,145E	16	1	/data/qlyu/projects/pvrig_top7500_dualpanel_screen_v1_20260724/run/qc397_final50_fusion_developability_v1_20260726/final50_common4_bundle/representative_complexes/R25__P1MCPUFP__CPUFP500K_0380__00771__8x6b__s3047.pdb	9aab415b3f611acf3933620f8939048070b2c43ef5b6a5cd16c7d32e3ea0e75f
P1MCPUFP__CPUFP500K_0380__00771	PVRIG_CAND_025	25	9e6y	3047	16	71S,72L,80P,81N,82G,83A,135K,137A,138S,139F,140P,141E,142G,143S,144W,145E	14	0	/data/qlyu/projects/pvrig_top7500_dualpanel_screen_v1_20260724/run/qc397_final50_fusion_developability_v1_20260726/final50_common4_bundle/representative_complexes/R25__P1MCPUFP__CPUFP500K_0380__00771__9e6y__s3047.pdb	07c59269c6c3249292c2160d60be5ab21377a455d6d70802f85a02781ec95f34
NODE1GEN_217675_source_fixed_pose_mpnn_source_id_P500K__FIXED_POSE_MPNN__68DDB4A6D7CBCA89	PVRIG_CAND_026	26	8x6b	42	22	71S,72L,73V,74T,81N,82G,83A,87T,90V,92H,94E,95R,98R,135K,137A,138S,139F,140P,141E,142G,143S,144W	18	1	/data/qlyu/projects/pvrig_top7500_dualpanel_screen_v1_20260724/run/qc397_final50_fusion_developability_v1_20260726/final50_common4_bundle/representative_complexes/R26__NODE1GEN_217675_source_fixed_pose_mpnn_source_id_P500K__FIXED_POSE_MPNN__68DDB4A6D7CBCA89__8x6b__s42.pdb	716bd576a5694d5d8d67a462724971ec37df88e6c073af53cb813afb5e5353a5
NODE1GEN_217675_source_fixed_pose_mpnn_source_id_P500K__FIXED_POSE_MPNN__68DDB4A6D7CBCA89	PVRIG_CAND_026	26	9e6y	42	18	71S,72L,81N,82G,83A,87T,90V,92H,95R,98R,100W,135K,137A,138S,139F,140P,142G,143S	16	1	/data/qlyu/projects/pvrig_top7500_dualpanel_screen_v1_20260724/run/qc397_final50_fusion_developability_v1_20260726/final50_common4_bundle/representative_complexes/R26__NODE1GEN_217675_source_fixed_pose_mpnn_source_id_P500K__FIXED_POSE_MPNN__68DDB4A6D7CBCA89__9e6y__s42.pdb	1317f067b84e5314884b69f3bfc5bef76294fd40661cc01581f553b9a5868ede
NODE1GEN_217675_source_fixed_pose_mpnn_source_id_P500K__FIXED_POSE_MPNN__68DDB4A6D7CBCA89	PVRIG_CAND_026	26	8x6b	917	16	71S,72L,74T,81N,82G,83A,90V,92H,94E,95R,98R,100W,135K,137A,139F,143S	14	0	/data/qlyu/projects/pvrig_top7500_dualpanel_screen_v1_20260724/run/qc397_final50_fusion_developability_v1_20260726/final50_common4_bundle/representative_complexes/R26__NODE1GEN_217675_source_fixed_pose_mpnn_source_id_P500K__FIXED_POSE_MPNN__68DDB4A6D7CBCA89__8x6b__s917.pdb	e3d9610378dce3151cd46fbc292544141c1ff18c6628058edf587a823ec382f4
NODE1GEN_217675_source_fixed_pose_mpnn_source_id_P500K__FIXED_POSE_MPNN__68DDB4A6D7CBCA89	PVRIG_CAND_026	26	9e6y	917	20	71S,72L,74T,81N,82G,83A,86T,87T,90V,92H,95R,98R,100W,135K,137A,138S,139F,140P,142G,143S	17	1	/data/qlyu/projects/pvrig_top7500_dualpanel_screen_v1_20260724/run/qc397_final50_fusion_developability_v1_20260726/final50_common4_bundle/representative_complexes/R26__NODE1GEN_217675_source_fixed_pose_mpnn_source_id_P500K__FIXED_POSE_MPNN__68DDB4A6D7CBCA89__9e6y__s917.pdb	d77f763865e7ed980a8922f3cf128b0aaddcbd0153c1e2bd7c82f989da70e0cb
NODE1GEN_217675_source_fixed_pose_mpnn_source_id_P500K__FIXED_POSE_MPNN__68DDB4A6D7CBCA89	PVRIG_CAND_026	26	8x6b	1931	20	71S,72L,73V,74T,80P,81N,82G,83A,84G,135K,136F,137A,138S,139F,140P,141E,142G,143S,144W,145E	15	0	/data/qlyu/projects/pvrig_top7500_dualpanel_screen_v1_20260724/run/qc397_final50_fusion_developability_v1_20260726/final50_common4_bundle/representative_complexes/R26__NODE1GEN_217675_source_fixed_pose_mpnn_source_id_P500K__FIXED_POSE_MPNN__68DDB4A6D7CBCA89__8x6b__s1931.pdb	0c9b9f26f4cfd038b6f5e867a032a5d6bcc3720ac1ac741211e33e264a9a6351
NODE1GEN_217675_source_fixed_pose_mpnn_source_id_P500K__FIXED_POSE_MPNN__68DDB4A6D7CBCA89	PVRIG_CAND_026	26	9e6y	1931	22	71S,72L,74T,80P,81N,82G,83A,86T,87T,90V,92H,95R,98R,100W,135K,137A,138S,139F,140P,142G,143S,145E	17	1	/data/qlyu/projects/pvrig_top7500_dualpanel_screen_v1_20260724/run/qc397_final50_fusion_developability_v1_20260726/final50_common4_bundle/representative_complexes/R26__NODE1GEN_217675_source_fixed_pose_mpnn_source_id_P500K__FIXED_POSE_MPNN__68DDB4A6D7CBCA89__9e6y__s1931.pdb	ae89b2cef445532691ca5e482b7bf94ed84ff2c0832a227fadf4e64b0f418691
NODE1GEN_217675_source_fixed_pose_mpnn_source_id_P500K__FIXED_POSE_MPNN__68DDB4A6D7CBCA89	PVRIG_CAND_026	26	8x6b	3047	22	70I,71S,72L,74T,81N,82G,87T,90V,92H,94E,95R,98R,100W,135K,136F,137A,138S,139F,140P,141E,142G,143S	17	1	/data/qlyu/projects/pvrig_top7500_dualpanel_screen_v1_20260724/run/qc397_final50_fusion_developability_v1_20260726/final50_common4_bundle/representative_complexes/R26__NODE1GEN_217675_source_fixed_pose_mpnn_source_id_P500K__FIXED_POSE_MPNN__68DDB4A6D7CBCA89__8x6b__s3047.pdb	58f29d8d8acc2fd9a2a820f09942c07d2064c355ebd7cb94345e1d017176186d
NODE1GEN_217675_source_fixed_pose_mpnn_source_id_P500K__FIXED_POSE_MPNN__68DDB4A6D7CBCA89	PVRIG_CAND_026	26	9e6y	3047	22	70I,71S,72L,73V,74T,81N,82G,87T,90V,92H,93P,94E,95R,98R,135K,137A,138S,139F,140P,141E,142G,143S	16	1	/data/qlyu/projects/pvrig_top7500_dualpanel_screen_v1_20260724/run/qc397_final50_fusion_developability_v1_20260726/final50_common4_bundle/representative_complexes/R26__NODE1GEN_217675_source_fixed_pose_mpnn_source_id_P500K__FIXED_POSE_MPNN__68DDB4A6D7CBCA89__9e6y__s3047.pdb	577c3025a0393341abacde383fda03c968c53ec9be12e242fe59276d6d879d77
P1MCPUFP__CPUFP500K_0404__00029	PVRIG_CAND_027	27	8x6b	42	21	71S,72L,74T,81N,82G,83A,87T,90V,92H,94E,95R,98R,100W,135K,137A,138S,139F,140P,141E,142G,143S	18	1	/data/qlyu/projects/pvrig_top7500_dualpanel_screen_v1_20260724/run/qc397_final50_fusion_developability_v1_20260726/final50_common4_bundle/representative_complexes/R27__P1MCPUFP__CPUFP500K_0404__00029__8x6b__s42.pdb	f16f7b8e63121984edddcdd2348b25efe7904677c49bbea2b83f409a9acda22c
P1MCPUFP__CPUFP500K_0404__00029	PVRIG_CAND_027	27	9e6y	42	17	71S,72L,74T,81N,82G,83A,87T,92H,95R,135K,137A,138S,139F,140P,141E,142G,143S	15	1	/data/qlyu/projects/pvrig_top7500_dualpanel_screen_v1_20260724/run/qc397_final50_fusion_developability_v1_20260726/final50_common4_bundle/representative_complexes/R27__P1MCPUFP__CPUFP500K_0404__00029__9e6y__s42.pdb	07a93c24572fabf9842c2e77a452438d166a60d3528291c015b9af6689b0b2bb
P1MCPUFP__CPUFP500K_0404__00029	PVRIG_CAND_027	27	8x6b	917	30	71S,72L,74T,75V,76S,80P,81N,82G,83A,84G,85G,87T,88L,89A,90V,91L,92H,95R,96G,98R,100W,135K,137A,138S,139F,140P,141E,142G,143S,145E	19	1	/data/qlyu/projects/pvrig_top7500_dualpanel_screen_v1_20260724/run/qc397_final50_fusion_developability_v1_20260726/final50_common4_bundle/representative_complexes/R27__P1MCPUFP__CPUFP500K_0404__00029__8x6b__s917.pdb	56959d0174579438a647d973298ea622b72bbe80cea3b5a3b21590027f3a6359
P1MCPUFP__CPUFP500K_0404__00029	PVRIG_CAND_027	27	9e6y	917	17	69S,71S,72L,74T,82G,87T,92H,93P,94E,95R,135K,137A,138S,139F,140P,142G,143S	12	1	/data/qlyu/projects/pvrig_top7500_dualpanel_screen_v1_20260724/run/qc397_final50_fusion_developability_v1_20260726/final50_common4_bundle/representative_complexes/R27__P1MCPUFP__CPUFP500K_0404__00029__9e6y__s917.pdb	87750f81603eca35a294bcfe6d2ab720583bc9baeaa6c95f4aebd203b0a592ea
P1MCPUFP__CPUFP500K_0404__00029	PVRIG_CAND_027	27	8x6b	1931	25	71S,72L,74T,76S,80P,81N,82G,83A,84G,85G,87T,90V,92H,95R,98R,100W,135K,137A,138S,139F,140P,141E,142G,143S,145E	18	1	/data/qlyu/projects/pvrig_top7500_dualpanel_screen_v1_20260724/run/qc397_final50_fusion_developability_v1_20260726/final50_common4_bundle/representative_complexes/R27__P1MCPUFP__CPUFP500K_0404__00029__8x6b__s1931.pdb	64ef1fd2c1fe43b7140de03a695548390124d463c8870693a93b7eff55110c6e
P1MCPUFP__CPUFP500K_0404__00029	PVRIG_CAND_027	27	9e6y	1931	20	71S,72L,74T,81N,82G,83A,87T,90V,91L,92H,95R,96G,97I,98R,135K,137A,139F,142G,143S,145E	15	1	/data/qlyu/projects/pvrig_top7500_dualpanel_screen_v1_20260724/run/qc397_final50_fusion_developability_v1_20260726/final50_common4_bundle/representative_complexes/R27__P1MCPUFP__CPUFP500K_0404__00029__9e6y__s1931.pdb	5e147c5ed0eb9df8c27a30e2e4f1e268956e6d073af563bdecd9eb37a1db638f
P1MCPUFP__CPUFP500K_0404__00029	PVRIG_CAND_027	27	8x6b	3047	21	71S,72L,74T,81N,82G,83A,87T,90V,92H,94E,95R,98R,135K,137A,138S,139F,140P,141E,142G,143S,144W	18	1	/data/qlyu/projects/pvrig_top7500_dualpanel_screen_v1_20260724/run/qc397_final50_fusion_developability_v1_20260726/final50_common4_bundle/representative_complexes/R27__P1MCPUFP__CPUFP500K_0404__00029__8x6b__s3047.pdb	52804a6286dff66abc117f2d4d12aedc2a926873b73c053e235863d4868ae6e1
P1MCPUFP__CPUFP500K_0404__00029	PVRIG_CAND_027	27	9e6y	3047	21	71S,72L,74T,81N,82G,83A,85G,86T,87T,90V,92H,94E,95R,98R,100W,135K,137A,138S,139F,142G,143S	16	1	/data/qlyu/projects/pvrig_top7500_dualpanel_screen_v1_20260724/run/qc397_final50_fusion_developability_v1_20260726/final50_common4_bundle/representative_complexes/R27__P1MCPUFP__CPUFP500K_0404__00029__9e6y__s3047.pdb	3e740f09d8aad3fb2453b8dde36c70ba344725ec6972fdc4d2f339b02b2ece79
P1MCPUFP__CPUFP500K_0188__00549	PVRIG_CAND_028	28	8x6b	42	24	71S,72L,74T,81N,82G,83A,84G,85G,87T,90V,92H,94E,95R,98R,100W,135K,137A,138S,139F,141E,142G,143S,144W,145E	18	1	/data/qlyu/projects/pvrig_top7500_dualpanel_screen_v1_20260724/run/qc397_final50_fusion_developability_v1_20260726/final50_common4_bundle/representative_complexes/R28__P1MCPUFP__CPUFP500K_0188__00549__8x6b__s42.pdb	87cf97aba067a5ca45c6f784807a982161165578f263105e5ce10709295f838d
P1MCPUFP__CPUFP500K_0188__00549	PVRIG_CAND_028	28	9e6y	42	24	71S,72L,74T,81N,82G,83A,84G,87T,90V,92H,93P,95R,98R,100W,135K,137A,138S,139F,140P,141E,142G,143S,144W,145E	19	1	/data/qlyu/projects/pvrig_top7500_dualpanel_screen_v1_20260724/run/qc397_final50_fusion_developability_v1_20260726/final50_common4_bundle/representative_complexes/R28__P1MCPUFP__CPUFP500K_0188__00549__9e6y__s42.pdb	f01dfb659ce0896b41a588d6161a10b92502f9777a248f6968c8e096953c8114
P1MCPUFP__CPUFP500K_0188__00549	PVRIG_CAND_028	28	8x6b	917	23	71S,72L,74T,81N,82G,83A,84G,87T,90V,92H,94E,95R,100W,135K,137A,138S,139F,140P,141E,142G,143S,144W,145E	18	1	/data/qlyu/projects/pvrig_top7500_dualpanel_screen_v1_20260724/run/qc397_final50_fusion_developability_v1_20260726/final50_common4_bundle/representative_complexes/R28__P1MCPUFP__CPUFP500K_0188__00549__8x6b__s917.pdb	d19580c2d5bde9e95ce2e602e1c24862592509b48bfb8694e6ea19435883f996
P1MCPUFP__CPUFP500K_0188__00549	PVRIG_CAND_028	28	9e6y	917	21	71S,72L,74T,81N,82G,83A,84G,87T,90V,92H,95R,98R,100W,135K,137A,138S,139F,142G,143S,144W,145E	17	1	/data/qlyu/projects/pvrig_top7500_dualpanel_screen_v1_20260724/run/qc397_final50_fusion_developability_v1_20260726/final50_common4_bundle/representative_complexes/R28__P1MCPUFP__CPUFP500K_0188__00549__9e6y__s917.pdb	3afb380012addae5df07fd9071f344cb6514ee6a37e2e8ea486f96521700b656
P1MCPUFP__CPUFP500K_0188__00549	PVRIG_CAND_028	28	8x6b	1931	21	69S,70I,71S,72L,74T,81N,82G,87T,90V,92H,95R,98R,100W,135K,137A,138S,139F,142G,143S,144W,145E	16	1	/data/qlyu/projects/pvrig_top7500_dualpanel_screen_v1_20260724/run/qc397_final50_fusion_developability_v1_20260726/final50_common4_bundle/representative_complexes/R28__P1MCPUFP__CPUFP500K_0188__00549__8x6b__s1931.pdb	5771a4aafa31742fff2a4ce403bbc924b342b3d92ff785f36fd1cccf0edcbd21
P1MCPUFP__CPUFP500K_0188__00549	PVRIG_CAND_028	28	9e6y	1931	23	71S,72L,74T,81N,82G,83A,84G,87T,90V,92H,95R,98R,100W,135K,137A,138S,139F,140P,141E,142G,143S,144W,145E	19	1	/data/qlyu/projects/pvrig_top7500_dualpanel_screen_v1_20260724/run/qc397_final50_fusion_developability_v1_20260726/final50_common4_bundle/representative_complexes/R28__P1MCPUFP__CPUFP500K_0188__00549__9e6y__s1931.pdb	fa4b74b4599cc6f004f0f0efc3f2e9db46e51ce2ae739243c1a8d6720df1002b
P1MCPUFP__CPUFP500K_0188__00549	PVRIG_CAND_028	28	8x6b	3047	22	69S,71S,72L,74T,81N,82G,83A,84G,87T,90V,92H,95R,98R,100W,135K,137A,138S,139F,142G,143S,144W,145E	17	1	/data/qlyu/projects/pvrig_top7500_dualpanel_screen_v1_20260724/run/qc397_final50_fusion_developability_v1_20260726/final50_common4_bundle/representative_complexes/R28__P1MCPUFP__CPUFP500K_0188__00549__8x6b__s3047.pdb	80637ab905360e6f0bc318a9a0a4834e31fc13c8e5f670f5d9044c8d25dab57f
P1MCPUFP__CPUFP500K_0188__00549	PVRIG_CAND_028	28	9e6y	3047	23	71S,72L,74T,81N,82G,83A,84G,87T,90V,92H,95R,98R,100W,135K,137A,138S,139F,140P,141E,142G,143S,144W,145E	19	1	/data/qlyu/projects/pvrig_top7500_dualpanel_screen_v1_20260724/run/qc397_final50_fusion_developability_v1_20260726/final50_common4_bundle/representative_complexes/R28__P1MCPUFP__CPUFP500K_0188__00549__9e6y__s3047.pdb	e2551bca299d0085a1954641eac78f059ae905ebd242d996434c65be3afe738c
P1MCPUFP__CPUFP500K_0188__00481	PVRIG_CAND_029	29	8x6b	42	23	71S,72L,74T,81N,82G,83A,87T,90V,92H,95R,96G,97I,98R,100W,135K,137A,138S,139F,140P,141E,142G,143S,145E	19	1	/data/qlyu/projects/pvrig_top7500_dualpanel_screen_v1_20260724/run/qc397_final50_fusion_developability_v1_20260726/final50_common4_bundle/representative_complexes/R29__P1MCPUFP__CPUFP500K_0188__00481__8x6b__s42.pdb	450612f9671a76b1fa263106485b1b1e86e71c355dcfad56de323baebcbbdaac
P1MCPUFP__CPUFP500K_0188__00481	PVRIG_CAND_029	29	9e6y	42	22	71S,72L,74T,81N,82G,83A,87T,90V,92H,95R,96G,97I,98R,100W,135K,137A,138S,139F,140P,142G,143S,145E	18	1	/data/qlyu/projects/pvrig_top7500_dualpanel_screen_v1_20260724/run/qc397_final50_fusion_developability_v1_20260726/final50_common4_bundle/representative_complexes/R29__P1MCPUFP__CPUFP500K_0188__00481__9e6y__s42.pdb	7bfae73ebb944ab80df7d3ff7a30a630714dbd5593adb56185a2f55b088e4c7a
P1MCPUFP__CPUFP500K_0188__00481	PVRIG_CAND_029	29	8x6b	917	21	71S,72L,74T,80P,81N,82G,83A,87T,90V,92H,95R,98R,135K,137A,138S,139F,140P,141E,142G,143S,145E	17	1	/data/qlyu/projects/pvrig_top7500_dualpanel_screen_v1_20260724/run/qc397_final50_fusion_developability_v1_20260726/final50_common4_bundle/representative_complexes/R29__P1MCPUFP__CPUFP500K_0188__00481__8x6b__s917.pdb	9fbee259f4401d510fa99f981c2aac7ee7c4b298abd3ea6c19c396ef74bca193
P1MCPUFP__CPUFP500K_0188__00481	PVRIG_CAND_029	29	9e6y	917	21	71S,72L,74T,81N,82G,83A,87T,90V,92H,95R,96G,98R,100W,135K,137A,138S,139F,140P,142G,143S,145E	18	1	/data/qlyu/projects/pvrig_top7500_dualpanel_screen_v1_20260724/run/qc397_final50_fusion_developability_v1_20260726/final50_common4_bundle/representative_complexes/R29__P1MCPUFP__CPUFP500K_0188__00481__9e6y__s917.pdb	0fe9bc1700986d28f044aee36caf2fb8a2c08c0611e364cf49c10e6c9c9d544e
P1MCPUFP__CPUFP500K_0188__00481	PVRIG_CAND_029	29	8x6b	1931	22	71S,72L,74T,76S,81N,82G,85G,86T,87T,90V,92H,95R,98R,100W,135K,137A,139F,140P,141E,142G,143S,144W	17	1	/data/qlyu/projects/pvrig_top7500_dualpanel_screen_v1_20260724/run/qc397_final50_fusion_developability_v1_20260726/final50_common4_bundle/representative_complexes/R29__P1MCPUFP__CPUFP500K_0188__00481__8x6b__s1931.pdb	1307c829b7b2df94c34e0f3136bf3788308ac6883bacb1eae647d92e68444df8
P1MCPUFP__CPUFP500K_0188__00481	PVRIG_CAND_029	29	9e6y	1931	22	71S,72L,74T,81N,82G,83A,87T,90V,92H,95R,96G,98R,100W,135K,137A,138S,139F,140P,141E,142G,143S,145E	19	1	/data/qlyu/projects/pvrig_top7500_dualpanel_screen_v1_20260724/run/qc397_final50_fusion_developability_v1_20260726/final50_common4_bundle/representative_complexes/R29__P1MCPUFP__CPUFP500K_0188__00481__9e6y__s1931.pdb	40d50bb0af407fdf8e8a39032adf7e39aff4e64a113efa8bf1b6d1dcca7141a7
P1MCPUFP__CPUFP500K_0188__00481	PVRIG_CAND_029	29	8x6b	3047	20	71S,72L,81N,82G,83A,87T,90V,92H,95R,96G,98R,100W,135K,137A,138S,139F,140P,141E,142G,143S	18	1	/data/qlyu/projects/pvrig_top7500_dualpanel_screen_v1_20260724/run/qc397_final50_fusion_developability_v1_20260726/final50_common4_bundle/representative_complexes/R29__P1MCPUFP__CPUFP500K_0188__00481__8x6b__s3047.pdb	c6da70b3d45480798695bad88fc138d2920894b5db1f4ee5db1907bd4e0a696e
P1MCPUFP__CPUFP500K_0188__00481	PVRIG_CAND_029	29	9e6y	3047	23	71S,72L,74T,76S,81N,82G,83A,86T,87T,90V,92H,95R,96G,98R,100W,135K,137A,138S,139F,140P,142G,143S,145E	18	1	/data/qlyu/projects/pvrig_top7500_dualpanel_screen_v1_20260724/run/qc397_final50_fusion_developability_v1_20260726/final50_common4_bundle/representative_complexes/R29__P1MCPUFP__CPUFP500K_0188__00481__9e6y__s3047.pdb	9cf74b733bc801c762d281229e3a45c65ce1ba5f6bbabde3005fa2961a4fa6e2
NODE1GEN_182669_source_fixed_pose_mpnn_source_id_P500K__FIXED_POSE_MPNN__D4BBD3AB583903E7	PVRIG_CAND_030	30	8x6b	42	22	71S,72L,74T,81N,82G,84G,85G,86T,87T,90V,92H,94E,95R,100W,135K,137A,138S,139F,140P,141E,142G,143S	16	1	/data/qlyu/projects/pvrig_top7500_dualpanel_screen_v1_20260724/run/qc397_final50_fusion_developability_v1_20260726/final50_common4_bundle/representative_complexes/R30__NODE1GEN_182669_source_fixed_pose_mpnn_source_id_P500K__FIXED_POSE_MPNN__D4BBD3AB583903E7__8x6b__s42.pdb	2d6a6a34b569d6d4fbf593f410ba9a7ff06ff8e3f89409cf29ce4731ad65a5a0
NODE1GEN_182669_source_fixed_pose_mpnn_source_id_P500K__FIXED_POSE_MPNN__D4BBD3AB583903E7	PVRIG_CAND_030	30	9e6y	42	21	69S,71S,72L,74T,81N,82G,83A,90V,92H,95R,96G,98R,135K,137A,138S,139F,140P,141E,142G,143S,145E	18	0	/data/qlyu/projects/pvrig_top7500_dualpanel_screen_v1_20260724/run/qc397_final50_fusion_developability_v1_20260726/final50_common4_bundle/representative_complexes/R30__NODE1GEN_182669_source_fixed_pose_mpnn_source_id_P500K__FIXED_POSE_MPNN__D4BBD3AB583903E7__9e6y__s42.pdb	9f902c9b68cfc5df5b44dfaa660f483bb1d7a027d2e568c5c06a365c5ca91e0c
NODE1GEN_182669_source_fixed_pose_mpnn_source_id_P500K__FIXED_POSE_MPNN__D4BBD3AB583903E7	PVRIG_CAND_030	30	8x6b	917	20	71S,72L,74T,81N,82G,83A,90V,92H,95R,96G,98R,135K,137A,138S,139F,140P,141E,142G,143S,144W	19	0	/data/qlyu/projects/pvrig_top7500_dualpanel_screen_v1_20260724/run/qc397_final50_fusion_developability_v1_20260726/final50_common4_bundle/representative_complexes/R30__NODE1GEN_182669_source_fixed_pose_mpnn_source_id_P500K__FIXED_POSE_MPNN__D4BBD3AB583903E7__8x6b__s917.pdb	9d1bbbe05524e59564c2da68ae902942ba139a6061c46f3c8efa64d143e2d059
NODE1GEN_182669_source_fixed_pose_mpnn_source_id_P500K__FIXED_POSE_MPNN__D4BBD3AB583903E7	PVRIG_CAND_030	30	9e6y	917	23	71S,72L,74T,81N,82G,84G,85G,86T,87T,90V,92H,94E,95R,98R,100W,135K,137A,138S,139F,140P,141E,142G,143S	17	1	/data/qlyu/projects/pvrig_top7500_dualpanel_screen_v1_20260724/run/qc397_final50_fusion_developability_v1_20260726/final50_common4_bundle/representative_complexes/R30__NODE1GEN_182669_source_fixed_pose_mpnn_source_id_P500K__FIXED_POSE_MPNN__D4BBD3AB583903E7__9e6y__s917.pdb	5a3c623ae20cb74da279bd41eb78be31c5e8301c54b9eb48da856d667a0f01ee
NODE1GEN_182669_source_fixed_pose_mpnn_source_id_P500K__FIXED_POSE_MPNN__D4BBD3AB583903E7	PVRIG_CAND_030	30	8x6b	1931	18	71S,72L,74T,76S,81N,82G,83A,85G,87T,90V,92H,94E,95R,135K,137A,138S,139F,143S	13	1	/data/qlyu/projects/pvrig_top7500_dualpanel_screen_v1_20260724/run/qc397_final50_fusion_developability_v1_20260726/final50_common4_bundle/representative_complexes/R30__NODE1GEN_182669_source_fixed_pose_mpnn_source_id_P500K__FIXED_POSE_MPNN__D4BBD3AB583903E7__8x6b__s1931.pdb	a7b97d8691250634c9669dd246c12a8e57a6b74858386f0e8d5ba11da2476f14
NODE1GEN_182669_source_fixed_pose_mpnn_source_id_P500K__FIXED_POSE_MPNN__D4BBD3AB583903E7	PVRIG_CAND_030	30	9e6y	1931	15	71S,72L,74T,82G,87T,90V,92H,94E,95R,96G,98R,100W,137A,139F,143S	12	1	/data/qlyu/projects/pvrig_top7500_dualpanel_screen_v1_20260724/run/qc397_final50_fusion_developability_v1_20260726/final50_common4_bundle/representative_complexes/R30__NODE1GEN_182669_source_fixed_pose_mpnn_source_id_P500K__FIXED_POSE_MPNN__D4BBD3AB583903E7__9e6y__s1931.pdb	415cd47ceb0150970102d8e1206f25fdeada018ca2b051db7d02027a285ce153
NODE1GEN_182669_source_fixed_pose_mpnn_source_id_P500K__FIXED_POSE_MPNN__D4BBD3AB583903E7	PVRIG_CAND_030	30	8x6b	3047	19	71S,72L,74T,80P,81N,82G,83A,92H,95R,98R,135K,137A,138S,139F,140P,141E,142G,143S,144W	17	0	/data/qlyu/projects/pvrig_top7500_dualpanel_screen_v1_20260724/run/qc397_final50_fusion_developability_v1_20260726/final50_common4_bundle/representative_complexes/R30__NODE1GEN_182669_source_fixed_pose_mpnn_source_id_P500K__FIXED_POSE_MPNN__D4BBD3AB583903E7__8x6b__s3047.pdb	ae35f8cde78bd35ce4f5ead7a10028ed1229574f83c92485d6aeeda95ecc2bb8
NODE1GEN_182669_source_fixed_pose_mpnn_source_id_P500K__FIXED_POSE_MPNN__D4BBD3AB583903E7	PVRIG_CAND_030	30	9e6y	3047	20	71S,72L,74T,81N,82G,83A,90V,92H,94E,95R,96G,98R,135K,137A,139F,140P,141E,142G,143S,144W	18	0	/data/qlyu/projects/pvrig_top7500_dualpanel_screen_v1_20260724/run/qc397_final50_fusion_developability_v1_20260726/final50_common4_bundle/representative_complexes/R30__NODE1GEN_182669_source_fixed_pose_mpnn_source_id_P500K__FIXED_POSE_MPNN__D4BBD3AB583903E7__9e6y__s3047.pdb	782535bc245fa808bfb42c5ef65e89094560053c317629675a9826c757c14168
NODE1GEN_128014_source_rfantibody_source_id_PVRIG_RFAb_v2_P6_ekg_L_bb258_mpn01_arm_P6_ekg_L_backbone_P6_ekg_L_bb258_status_NEEDS_RF2_AND_DOCKING	PVRIG_CAND_031	31	8x6b	42	18	71S,72L,74T,81N,82G,83A,92H,94E,95R,98R,135K,137A,138S,139F,140P,141E,142G,143S	16	0	/data/qlyu/projects/pvrig_top7500_dualpanel_screen_v1_20260724/run/qc397_final50_fusion_developability_v1_20260726/final50_common4_bundle/representative_complexes/R31__NODE1GEN_128014__8x6b__s42.pdb	8c1429878a682e6326f487fee47aa780ff99c482f65e9603dbd89f4fa6595012
NODE1GEN_128014_source_rfantibody_source_id_PVRIG_RFAb_v2_P6_ekg_L_bb258_mpn01_arm_P6_ekg_L_backbone_P6_ekg_L_bb258_status_NEEDS_RF2_AND_DOCKING	PVRIG_CAND_031	31	9e6y	42	22	71S,72L,74T,81N,82G,83A,84G,87T,90V,92H,94E,95R,98R,100W,135K,137A,138S,139F,140P,141E,142G,143S	18	1	/data/qlyu/projects/pvrig_top7500_dualpanel_screen_v1_20260724/run/qc397_final50_fusion_developability_v1_20260726/final50_common4_bundle/representative_complexes/R31__NODE1GEN_128014__9e6y__s42.pdb	658d9fd6eed2c9b995e0bed5c0ef87b54744a3cc176fcd328af6ddd3437a5f07
NODE1GEN_128014_source_rfantibody_source_id_PVRIG_RFAb_v2_P6_ekg_L_bb258_mpn01_arm_P6_ekg_L_backbone_P6_ekg_L_bb258_status_NEEDS_RF2_AND_DOCKING	PVRIG_CAND_031	31	8x6b	917	21	71S,72L,74T,80P,81N,82G,83A,84G,87T,92H,95R,135K,137A,138S,139F,140P,141E,142G,143S,144W,145E	16	1	/data/qlyu/projects/pvrig_top7500_dualpanel_screen_v1_20260724/run/qc397_final50_fusion_developability_v1_20260726/final50_common4_bundle/representative_complexes/R31__NODE1GEN_128014__8x6b__s917.pdb	390828a56c0ffefe6202c2aae1c76a433ae117ab494b131e5e80b7772ee37e6a
NODE1GEN_128014_source_rfantibody_source_id_PVRIG_RFAb_v2_P6_ekg_L_bb258_mpn01_arm_P6_ekg_L_backbone_P6_ekg_L_bb258_status_NEEDS_RF2_AND_DOCKING	PVRIG_CAND_031	31	9e6y	917	22	71S,72L,74T,81N,82G,83A,86T,87T,90V,92H,95R,98R,100W,135K,137A,138S,139F,140P,141E,142G,143S,144W	19	1	/data/qlyu/projects/pvrig_top7500_dualpanel_screen_v1_20260724/run/qc397_final50_fusion_developability_v1_20260726/final50_common4_bundle/representative_complexes/R31__NODE1GEN_128014__9e6y__s917.pdb	dd5d0a557b2757a9fc9060eb4e4d81d72e79b44ba1c55e085ab25af3522ce331
NODE1GEN_128014_source_rfantibody_source_id_PVRIG_RFAb_v2_P6_ekg_L_bb258_mpn01_arm_P6_ekg_L_backbone_P6_ekg_L_bb258_status_NEEDS_RF2_AND_DOCKING	PVRIG_CAND_031	31	8x6b	1931	22	71S,72L,74T,80P,81N,82G,83A,84G,85G,92H,94E,95R,98R,135K,137A,138S,139F,140P,141E,142G,143S,144W	17	0	/data/qlyu/projects/pvrig_top7500_dualpanel_screen_v1_20260724/run/qc397_final50_fusion_developability_v1_20260726/final50_common4_bundle/representative_complexes/R31__NODE1GEN_128014__8x6b__s1931.pdb	82b053a88787048b38f879579666cd926da2ee0ea84fb0b2635a72e4a0b899ea
NODE1GEN_128014_source_rfantibody_source_id_PVRIG_RFAb_v2_P6_ekg_L_bb258_mpn01_arm_P6_ekg_L_backbone_P6_ekg_L_bb258_status_NEEDS_RF2_AND_DOCKING	PVRIG_CAND_031	31	9e6y	1931	24	71S,72L,74T,81N,82G,83A,84G,87T,90V,92H,94E,95R,98R,100W,135K,137A,138S,139F,140P,141E,142G,143S,144W,145E	19	1	/data/qlyu/projects/pvrig_top7500_dualpanel_screen_v1_20260724/run/qc397_final50_fusion_developability_v1_20260726/final50_common4_bundle/representative_complexes/R31__NODE1GEN_128014__9e6y__s1931.pdb	ca735212c41ea9e62b8cba88b9042906154f7c4c0766e24688e010a84fe61519
NODE1GEN_128014_source_rfantibody_source_id_PVRIG_RFAb_v2_P6_ekg_L_bb258_mpn01_arm_P6_ekg_L_backbone_P6_ekg_L_bb258_status_NEEDS_RF2_AND_DOCKING	PVRIG_CAND_031	31	8x6b	3047	24	71S,72L,74T,81N,82G,83A,84G,85G,86T,87T,90V,92H,94E,95R,98R,100W,135K,137A,138S,139F,140P,141E,142G,143S	18	1	/data/qlyu/projects/pvrig_top7500_dualpanel_screen_v1_20260724/run/qc397_final50_fusion_developability_v1_20260726/final50_common4_bundle/representative_complexes/R31__NODE1GEN_128014__8x6b__s3047.pdb	693fc9359aa64681cb8d6b6a284f52aef39f1c05ca3a40a24c5cde7e03e7dbff
NODE1GEN_128014_source_rfantibody_source_id_PVRIG_RFAb_v2_P6_ekg_L_bb258_mpn01_arm_P6_ekg_L_backbone_P6_ekg_L_bb258_status_NEEDS_RF2_AND_DOCKING	PVRIG_CAND_031	31	9e6y	3047	20	71S,72L,74T,81N,82G,83A,87T,92H,94E,95R,98R,135K,137A,138S,139F,140P,141E,142G,143S,144W	17	1	/data/qlyu/projects/pvrig_top7500_dualpanel_screen_v1_20260724/run/qc397_final50_fusion_developability_v1_20260726/final50_common4_bundle/representative_complexes/R31__NODE1GEN_128014__9e6y__s3047.pdb	22df0497bd9a04c6b908d799b8483d750cd3b953c0afb02da40c2e4a95eca75d
NODE1GEN_218195_source_fixed_pose_mpnn_source_id_P500K__FIXED_POSE_MPNN__A6B62FDDBC1A99BE	PVRIG_CAND_032	32	8x6b	42	21	71S,72L,74T,81N,82G,83A,87T,90V,92H,94E,95R,98R,100W,135K,137A,138S,139F,140P,141E,142G,143S	18	1	/data/qlyu/projects/pvrig_top7500_dualpanel_screen_v1_20260724/run/qc397_final50_fusion_developability_v1_20260726/final50_common4_bundle/representative_complexes/R32__NODE1GEN_218195_source_fixed_pose_mpnn_source_id_P500K__FIXED_POSE_MPNN__A6B62FDDBC1A99BE__8x6b__s42.pdb	f5d2e04bdab599fe0c7a5d28095a92dfcfd2afbb47d5465a5d6963e108a81957
NODE1GEN_218195_source_fixed_pose_mpnn_source_id_P500K__FIXED_POSE_MPNN__A6B62FDDBC1A99BE	PVRIG_CAND_032	32	9e6y	42	17	72L,74T,81N,82G,87T,90V,92H,95R,98R,100W,135K,137A,138S,139F,140P,142G,143S	15	1	/data/qlyu/projects/pvrig_top7500_dualpanel_screen_v1_20260724/run/qc397_final50_fusion_developability_v1_20260726/final50_common4_bundle/representative_complexes/R32__NODE1GEN_218195_source_fixed_pose_mpnn_source_id_P500K__FIXED_POSE_MPNN__A6B62FDDBC1A99BE__9e6y__s42.pdb	b3b586e2c9510f6d9ea89d2beee629fac1aa4fd926c4ed2824e1ca15d62a023b
NODE1GEN_218195_source_fixed_pose_mpnn_source_id_P500K__FIXED_POSE_MPNN__A6B62FDDBC1A99BE	PVRIG_CAND_032	32	8x6b	917	23	71S,72L,81N,82G,83A,87T,90V,91L,92H,94E,95R,98R,100W,135K,137A,138S,139F,140P,141E,142G,143S,144W,145E	18	1	/data/qlyu/projects/pvrig_top7500_dualpanel_screen_v1_20260724/run/qc397_final50_fusion_developability_v1_20260726/final50_common4_bundle/representative_complexes/R32__NODE1GEN_218195_source_fixed_pose_mpnn_source_id_P500K__FIXED_POSE_MPNN__A6B62FDDBC1A99BE__8x6b__s917.pdb	eecf59245e5f32d1f71c70748b359b96169ba186c11903bcccda424edf52cfc0
NODE1GEN_218195_source_fixed_pose_mpnn_source_id_P500K__FIXED_POSE_MPNN__A6B62FDDBC1A99BE	PVRIG_CAND_032	32	9e6y	917	20	71S,72L,74T,81N,82G,83A,87T,90V,92H,94E,95R,98R,100W,135K,137A,139F,140P,141E,142G,143S	17	1	/data/qlyu/projects/pvrig_top7500_dualpanel_screen_v1_20260724/run/qc397_final50_fusion_developability_v1_20260726/final50_common4_bundle/representative_complexes/R32__NODE1GEN_218195_source_fixed_pose_mpnn_source_id_P500K__FIXED_POSE_MPNN__A6B62FDDBC1A99BE__9e6y__s917.pdb	56f9831edb987c3b0b43ea95abe998a2fcd102a08a585225aab2de4e6f03c3eb
NODE1GEN_218195_source_fixed_pose_mpnn_source_id_P500K__FIXED_POSE_MPNN__A6B62FDDBC1A99BE	PVRIG_CAND_032	32	8x6b	1931	22	71S,72L,81N,82G,83A,87T,90V,92H,94E,95R,98R,100W,135K,137A,138S,139F,140P,141E,142G,143S,144W,145E	18	1	/data/qlyu/projects/pvrig_top7500_dualpanel_screen_v1_20260724/run/qc397_final50_fusion_developability_v1_20260726/final50_common4_bundle/representative_complexes/R32__NODE1GEN_218195_source_fixed_pose_mpnn_source_id_P500K__FIXED_POSE_MPNN__A6B62FDDBC1A99BE__8x6b__s1931.pdb	ccd7e1b7405fec9e8d21650b22d41f8aa22c2b482a991596a4ba0b802d5050fe
NODE1GEN_218195_source_fixed_pose_mpnn_source_id_P500K__FIXED_POSE_MPNN__A6B62FDDBC1A99BE	PVRIG_CAND_032	32	9e6y	1931	19	71S,72L,74T,81N,82G,87T,90V,92H,95R,98R,100W,135K,137A,138S,139F,140P,141E,142G,143S	17	1	/data/qlyu/projects/pvrig_top7500_dualpanel_screen_v1_20260724/run/qc397_final50_fusion_developability_v1_20260726/final50_common4_bundle/representative_complexes/R32__NODE1GEN_218195_source_fixed_pose_mpnn_source_id_P500K__FIXED_POSE_MPNN__A6B62FDDBC1A99BE__9e6y__s1931.pdb	69354d5ff218f5c9c57a6423c5997580c113d6790b4091ac4f6f7406b37235f0
NODE1GEN_218195_source_fixed_pose_mpnn_source_id_P500K__FIXED_POSE_MPNN__A6B62FDDBC1A99BE	PVRIG_CAND_032	32	8x6b	3047	20	71S,72L,74T,81N,82G,83A,87T,90V,92H,95R,98R,100W,135K,137A,138S,139F,140P,141E,142G,143S	18	1	/data/qlyu/projects/pvrig_top7500_dualpanel_screen_v1_20260724/run/qc397_final50_fusion_developability_v1_20260726/final50_common4_bundle/representative_complexes/R32__NODE1GEN_218195_source_fixed_pose_mpnn_source_id_P500K__FIXED_POSE_MPNN__A6B62FDDBC1A99BE__8x6b__s3047.pdb	99ed62586555a244aec5e52a45e27e0378bc30a9ca53db44800c83d4304a817f
NODE1GEN_218195_source_fixed_pose_mpnn_source_id_P500K__FIXED_POSE_MPNN__A6B62FDDBC1A99BE	PVRIG_CAND_032	32	9e6y	3047	19	71S,72L,81N,82G,87T,90V,92H,94E,95R,98R,100W,135K,137A,138S,139F,140P,141E,142G,143S	16	1	/data/qlyu/projects/pvrig_top7500_dualpanel_screen_v1_20260724/run/qc397_final50_fusion_developability_v1_20260726/final50_common4_bundle/representative_complexes/R32__NODE1GEN_218195_source_fixed_pose_mpnn_source_id_P500K__FIXED_POSE_MPNN__A6B62FDDBC1A99BE__9e6y__s3047.pdb	b88e9fac08a0b5f3afc671b7ae0194d1ffe3cf6c83601dc46a1ba640f18b9019
NODE1GEN_195165_source_fixed_pose_mpnn_source_id_P500K__FIXED_POSE_MPNN__499D245F888E5DC4	PVRIG_CAND_033	33	8x6b	42	22	71S,72L,74T,80P,81N,82G,83A,84G,85G,86T,87T,90V,92H,93P,94E,95R,98R,100W,135K,137A,143S,145E	13	1	/data/qlyu/projects/pvrig_top7500_dualpanel_screen_v1_20260724/run/qc397_final50_fusion_developability_v1_20260726/final50_common4_bundle/representative_complexes/R33__NODE1GEN_195165_source_fixed_pose_mpnn_source_id_P500K__FIXED_POSE_MPNN__499D245F888E5DC4__8x6b__s42.pdb	ac0a17c443d7500007358b0e01d124f9654f6aa54bce9af97a2276a03e257fe1
NODE1GEN_195165_source_fixed_pose_mpnn_source_id_P500K__FIXED_POSE_MPNN__499D245F888E5DC4	PVRIG_CAND_033	33	9e6y	42	20	71S,72L,74T,81N,82G,83A,84G,87T,90V,92H,94E,95R,135K,137A,138S,139F,140P,141E,142G,143S	16	1	/data/qlyu/projects/pvrig_top7500_dualpanel_screen_v1_20260724/run/qc397_final50_fusion_developability_v1_20260726/final50_common4_bundle/representative_complexes/R33__NODE1GEN_195165_source_fixed_pose_mpnn_source_id_P500K__FIXED_POSE_MPNN__499D245F888E5DC4__9e6y__s42.pdb	4bc322b9d88203c27af30a27fe48c0374709f42efaf2cccab64d1ab1b45a446e
NODE1GEN_195165_source_fixed_pose_mpnn_source_id_P500K__FIXED_POSE_MPNN__499D245F888E5DC4	PVRIG_CAND_033	33	8x6b	917	21	71S,72L,74T,80P,81N,82G,83A,87T,90V,95R,98R,135K,137A,138S,139F,140P,141E,142G,143S,144W,145E	17	1	/data/qlyu/projects/pvrig_top7500_dualpanel_screen_v1_20260724/run/qc397_final50_fusion_developability_v1_20260726/final50_common4_bundle/representative_complexes/R33__NODE1GEN_195165_source_fixed_pose_mpnn_source_id_P500K__FIXED_POSE_MPNN__499D245F888E5DC4__8x6b__s917.pdb	7d7a4b3c25f5e126c0c5fa9943ebd2927c5944961859ece37c912c66398f52ac
NODE1GEN_195165_source_fixed_pose_mpnn_source_id_P500K__FIXED_POSE_MPNN__499D245F888E5DC4	PVRIG_CAND_033	33	9e6y	917	23	71S,72L,74T,76S,81N,82G,83A,84G,85G,87T,90V,92H,94E,95R,135K,137A,138S,139F,140P,141E,142G,143S,145E	16	1	/data/qlyu/projects/pvrig_top7500_dualpanel_screen_v1_20260724/run/qc397_final50_fusion_developability_v1_20260726/final50_common4_bundle/representative_complexes/R33__NODE1GEN_195165_source_fixed_pose_mpnn_source_id_P500K__FIXED_POSE_MPNN__499D245F888E5DC4__9e6y__s917.pdb	2d0c4bdc45ff1d38d635af8a1957d0b1586841314d7340f3cd49ec23daddcdca
NODE1GEN_195165_source_fixed_pose_mpnn_source_id_P500K__FIXED_POSE_MPNN__499D245F888E5DC4	PVRIG_CAND_033	33	8x6b	1931	21	71S,72L,74T,80P,81N,82G,83A,90V,92H,95R,98R,135K,137A,138S,139F,140P,141E,142G,143S,144W,145E	18	0	/data/qlyu/projects/pvrig_top7500_dualpanel_screen_v1_20260724/run/qc397_final50_fusion_developability_v1_20260726/final50_common4_bundle/representative_complexes/R33__NODE1GEN_195165_source_fixed_pose_mpnn_source_id_P500K__FIXED_POSE_MPNN__499D245F888E5DC4__8x6b__s1931.pdb	24af9f346146768b88a74d83c877a694f3bf977eace40fdd568ff6ae06e502d4
NODE1GEN_195165_source_fixed_pose_mpnn_source_id_P500K__FIXED_POSE_MPNN__499D245F888E5DC4	PVRIG_CAND_033	33	9e6y	1931	20	71S,72L,74T,80P,81N,82G,83A,90V,92H,95R,135K,137A,138S,139F,140P,141E,142G,143S,144W,145E	17	0	/data/qlyu/projects/pvrig_top7500_dualpanel_screen_v1_20260724/run/qc397_final50_fusion_developability_v1_20260726/final50_common4_bundle/representative_complexes/R33__NODE1GEN_195165_source_fixed_pose_mpnn_source_id_P500K__FIXED_POSE_MPNN__499D245F888E5DC4__9e6y__s1931.pdb	cffb635ceae1a68326b84f361c720f53a843a6dbee4875f7fc5dc488d3acc9c7
NODE1GEN_195165_source_fixed_pose_mpnn_source_id_P500K__FIXED_POSE_MPNN__499D245F888E5DC4	PVRIG_CAND_033	33	8x6b	3047	20	71S,72L,74T,80P,81N,82G,83A,90V,92H,95R,98R,135K,137A,138S,139F,140P,141E,142G,143S,145E	17	0	/data/qlyu/projects/pvrig_top7500_dualpanel_screen_v1_20260724/run/qc397_final50_fusion_developability_v1_20260726/final50_common4_bundle/representative_complexes/R33__NODE1GEN_195165_source_fixed_pose_mpnn_source_id_P500K__FIXED_POSE_MPNN__499D245F888E5DC4__8x6b__s3047.pdb	baa4fe43a627fe73244f0a16fb2f2de61cea3dfa3deaa904b91c05575fde047d
NODE1GEN_195165_source_fixed_pose_mpnn_source_id_P500K__FIXED_POSE_MPNN__499D245F888E5DC4	PVRIG_CAND_033	33	9e6y	3047	20	69S,70I,71S,72L,82G,83A,90V,92H,93P,94E,95R,135K,137A,138S,139F,140P,141E,142G,143S,144W	15	0	/data/qlyu/projects/pvrig_top7500_dualpanel_screen_v1_20260724/run/qc397_final50_fusion_developability_v1_20260726/final50_common4_bundle/representative_complexes/R33__NODE1GEN_195165_source_fixed_pose_mpnn_source_id_P500K__FIXED_POSE_MPNN__499D245F888E5DC4__9e6y__s3047.pdb	b868686e081626eaf6bc71f39583941cfe94002027f6ec4850b4c1c64dcbc0ed
NODE1GEN_235318_source_fixed_pose_mpnn_source_id_P500K__FIXED_POSE_MPNN__B52C2EC7CC64BFED	PVRIG_CAND_034	34	8x6b	42	18	41T,72L,74T,80P,81N,82G,83A,87T,135K,137A,138S,139F,140P,141E,142G,143S,144W,145E	14	1	/data/qlyu/projects/pvrig_top7500_dualpanel_screen_v1_20260724/run/qc397_final50_fusion_developability_v1_20260726/final50_common4_bundle/representative_complexes/R34__NODE1GEN_235318_source_fixed_pose_mpnn_source_id_P500K__FIXED_POSE_MPNN__B52C2EC7CC64BFED__8x6b__s42.pdb	357d930bb04151719f0194df0f8b17dfb3bf9cc51988afd19250906963725081
NODE1GEN_235318_source_fixed_pose_mpnn_source_id_P500K__FIXED_POSE_MPNN__B52C2EC7CC64BFED	PVRIG_CAND_034	34	9e6y	42	25	71S,72L,73V,74T,80P,81N,82G,83A,84G,87T,90V,92H,95R,98R,100W,135K,137A,138S,139F,140P,141E,142G,143S,144W,145E	19	1	/data/qlyu/projects/pvrig_top7500_dualpanel_screen_v1_20260724/run/qc397_final50_fusion_developability_v1_20260726/final50_common4_bundle/representative_complexes/R34__NODE1GEN_235318_source_fixed_pose_mpnn_source_id_P500K__FIXED_POSE_MPNN__B52C2EC7CC64BFED__9e6y__s42.pdb	115b934bafdc93c1c2508e4b90ed4c15efed6525d7415e69b6e047fdb5fe8193
NODE1GEN_235318_source_fixed_pose_mpnn_source_id_P500K__FIXED_POSE_MPNN__B52C2EC7CC64BFED	PVRIG_CAND_034	34	8x6b	917	21	71S,72L,73V,74T,81N,82G,83A,84G,87T,90V,100W,135K,137A,138S,139F,140P,141E,142G,143S,144W,145E	17	1	/data/qlyu/projects/pvrig_top7500_dualpanel_screen_v1_20260724/run/qc397_final50_fusion_developability_v1_20260726/final50_common4_bundle/representative_complexes/R34__NODE1GEN_235318_source_fixed_pose_mpnn_source_id_P500K__FIXED_POSE_MPNN__B52C2EC7CC64BFED__8x6b__s917.pdb	110ec081021b471111c957af5b762834e06350273e643277d13a59d3e9ba361a
NODE1GEN_235318_source_fixed_pose_mpnn_source_id_P500K__FIXED_POSE_MPNN__B52C2EC7CC64BFED	PVRIG_CAND_034	34	9e6y	917	20	71S,72L,73V,74T,81N,82G,83A,84G,87T,90V,98R,100W,135K,137A,139F,140P,141E,142G,143S,144W	17	1	/data/qlyu/projects/pvrig_top7500_dualpanel_screen_v1_20260724/run/qc397_final50_fusion_developability_v1_20260726/final50_common4_bundle/representative_complexes/R34__NODE1GEN_235318_source_fixed_pose_mpnn_source_id_P500K__FIXED_POSE_MPNN__B52C2EC7CC64BFED__9e6y__s917.pdb	b8ccac534a4575dd32a433c6e77f087268f4add35b41908d027fd3175076062a
NODE1GEN_235318_source_fixed_pose_mpnn_source_id_P500K__FIXED_POSE_MPNN__B52C2EC7CC64BFED	PVRIG_CAND_034	34	8x6b	1931	21	71S,72L,74T,81N,82G,83A,84G,85G,87T,90V,98R,100W,135K,137A,138S,139F,140P,141E,142G,143S,144W	18	1	/data/qlyu/projects/pvrig_top7500_dualpanel_screen_v1_20260724/run/qc397_final50_fusion_developability_v1_20260726/final50_common4_bundle/representative_complexes/R34__NODE1GEN_235318_source_fixed_pose_mpnn_source_id_P500K__FIXED_POSE_MPNN__B52C2EC7CC64BFED__8x6b__s1931.pdb	4ada6b7a139c6dcd5c479e54df1d9ddba6e0e01ebfd71e524ff4623bad2ac9a3
NODE1GEN_235318_source_fixed_pose_mpnn_source_id_P500K__FIXED_POSE_MPNN__B52C2EC7CC64BFED	PVRIG_CAND_034	34	9e6y	1931	22	71S,72L,73V,74T,81N,82G,83A,84G,87T,90V,98R,100W,135K,137A,138S,139F,140P,141E,142G,143S,144W,145E	18	1	/data/qlyu/projects/pvrig_top7500_dualpanel_screen_v1_20260724/run/qc397_final50_fusion_developability_v1_20260726/final50_common4_bundle/representative_complexes/R34__NODE1GEN_235318_source_fixed_pose_mpnn_source_id_P500K__FIXED_POSE_MPNN__B52C2EC7CC64BFED__9e6y__s1931.pdb	9d61d085e39cdae810dd60ce3f30d304f1cecda38bf70113d878de41e9107d6a
NODE1GEN_235318_source_fixed_pose_mpnn_source_id_P500K__FIXED_POSE_MPNN__B52C2EC7CC64BFED	PVRIG_CAND_034	34	8x6b	3047	23	71S,72L,73V,74T,81N,82G,83A,84G,87T,90V,95R,98R,100W,135K,137A,138S,139F,140P,141E,142G,143S,144W,145E	18	1	/data/qlyu/projects/pvrig_top7500_dualpanel_screen_v1_20260724/run/qc397_final50_fusion_developability_v1_20260726/final50_common4_bundle/representative_complexes/R34__NODE1GEN_235318_source_fixed_pose_mpnn_source_id_P500K__FIXED_POSE_MPNN__B52C2EC7CC64BFED__8x6b__s3047.pdb	950392816ceab559279f4c9b445c4842eeb6efbe60b740c4c77d2838f20bcea3
NODE1GEN_235318_source_fixed_pose_mpnn_source_id_P500K__FIXED_POSE_MPNN__B52C2EC7CC64BFED	PVRIG_CAND_034	34	9e6y	3047	22	71S,72L,74T,76S,80P,81N,82G,83A,84G,85G,86T,87T,135K,137A,138S,139F,140P,141E,142G,143S,144W,145E	15	1	/data/qlyu/projects/pvrig_top7500_dualpanel_screen_v1_20260724/run/qc397_final50_fusion_developability_v1_20260726/final50_common4_bundle/representative_complexes/R34__NODE1GEN_235318_source_fixed_pose_mpnn_source_id_P500K__FIXED_POSE_MPNN__B52C2EC7CC64BFED__9e6y__s3047.pdb	48fe8268ac49dc109de1be41c7e32934c9d94d5970f3d2bed24f7f5023cb0b5e
P1MCPUFP__CPUFP500K_0289__00496	PVRIG_CAND_045	45	8x6b	42	23	67S,71S,72L,74T,76S,80P,81N,82G,83A,84G,87T,90V,100W,135K,137A,138S,139F,140P,141E,142G,143S,144W,145E	17	1	/data/qlyu/projects/pvrig_top7500_dualpanel_screen_v1_20260724/run/qc397_final50_fusion_developability_v1_20260726/final50_common4_bundle/representative_complexes/R35__P1MCPUFP__CPUFP500K_0289__00496__8x6b__s42.pdb	87564f4b99c80c6966daed943acd9fd1136f5704dfed9cd8528da6f894493cc6
P1MCPUFP__CPUFP500K_0289__00496	PVRIG_CAND_045	45	9e6y	42	23	71S,72L,74T,80P,81N,82G,83A,84G,85G,86T,87T,90V,100W,135K,137A,138S,139F,140P,141E,142G,143S,144W,145E	17	1	/data/qlyu/projects/pvrig_top7500_dualpanel_screen_v1_20260724/run/qc397_final50_fusion_developability_v1_20260726/final50_common4_bundle/representative_complexes/R35__P1MCPUFP__CPUFP500K_0289__00496__9e6y__s42.pdb	fb669744773833489b9652200d8347d6453a5787656fa333047b887ef4b9f7ed
P1MCPUFP__CPUFP500K_0289__00496	PVRIG_CAND_045	45	8x6b	917	23	42P,67S,71S,72L,74T,80P,81N,82G,83A,84G,87T,100W,135K,136F,137A,138S,139F,140P,141E,142G,143S,144W,145E	16	1	/data/qlyu/projects/pvrig_top7500_dualpanel_screen_v1_20260724/run/qc397_final50_fusion_developability_v1_20260726/final50_common4_bundle/representative_complexes/R35__P1MCPUFP__CPUFP500K_0289__00496__8x6b__s917.pdb	ba47bf952589c139c13d7f386e5e1add6f1f37baf9587423e95284429757f093
P1MCPUFP__CPUFP500K_0289__00496	PVRIG_CAND_045	45	9e6y	917	23	71S,72L,74T,76S,80P,81N,82G,83A,84G,85G,86T,87T,90V,135K,137A,138S,139F,140P,141E,142G,143S,144W,145E	16	1	/data/qlyu/projects/pvrig_top7500_dualpanel_screen_v1_20260724/run/qc397_final50_fusion_developability_v1_20260726/final50_common4_bundle/representative_complexes/R35__P1MCPUFP__CPUFP500K_0289__00496__9e6y__s917.pdb	0e4b78113261c457e45a72e9897486e4335e7f0518d4953952456a52ded4606f
P1MCPUFP__CPUFP500K_0289__00496	PVRIG_CAND_045	45	8x6b	1931	18	71S,72L,74T,81N,82G,83A,84G,100W,135K,137A,138S,139F,140P,141E,142G,143S,144W,145E	16	0	/data/qlyu/projects/pvrig_top7500_dualpanel_screen_v1_20260724/run/qc397_final50_fusion_developability_v1_20260726/final50_common4_bundle/representative_complexes/R35__P1MCPUFP__CPUFP500K_0289__00496__8x6b__s1931.pdb	a816df5e38eed919e84d092e0f994016416d6ed48e4a5f10ac3866d84dea76b0
P1MCPUFP__CPUFP500K_0289__00496	PVRIG_CAND_045	45	9e6y	1931	26	41T,42P,71S,72L,74T,76S,80P,81N,82G,83A,87T,90V,92H,94E,95R,100W,135K,137A,138S,139F,140P,141E,142G,143S,144W,145E	18	1	/data/qlyu/projects/pvrig_top7500_dualpanel_screen_v1_20260724/run/qc397_final50_fusion_developability_v1_20260726/final50_common4_bundle/representative_complexes/R35__P1MCPUFP__CPUFP500K_0289__00496__9e6y__s1931.pdb	f84667a55cb3f9999e4dc29099be30759e1859110bc947343068480181ccb6a0
P1MCPUFP__CPUFP500K_0289__00496	PVRIG_CAND_045	45	8x6b	3047	17	42P,72L,74T,81N,82G,83A,87T,90V,100W,135K,137A,139F,140P,141E,142G,143S,144W	15	1	/data/qlyu/projects/pvrig_top7500_dualpanel_screen_v1_20260724/run/qc397_final50_fusion_developability_v1_20260726/final50_common4_bundle/representative_complexes/R35__P1MCPUFP__CPUFP500K_0289__00496__8x6b__s3047.pdb	4fe512cd97cde73e6a2b5e6b575a49a0c07be9d3578af8ea0d3c89b585f71c5d
P1MCPUFP__CPUFP500K_0289__00496	PVRIG_CAND_045	45	9e6y	3047	22	41T,42P,71S,72L,74T,76S,80P,81N,82G,83A,87T,90V,135K,137A,138S,139F,140P,141E,142G,143S,144W,145E	16	1	/data/qlyu/projects/pvrig_top7500_dualpanel_screen_v1_20260724/run/qc397_final50_fusion_developability_v1_20260726/final50_common4_bundle/representative_complexes/R35__P1MCPUFP__CPUFP500K_0289__00496__9e6y__s3047.pdb	6df449f82f9f327e5f7d8375f72b50ea6461240853d1555be488e639a9827e85
P1MCPUFP__CPUFP500K_0091__00849	PVRIG_CAND_046	46	8x6b	42	21	69S,71S,72L,74T,81N,82G,83A,87T,90V,92H,94E,95R,98R,100W,135K,137A,138S,139F,140P,142G,143S	17	1	/data/qlyu/projects/pvrig_top7500_dualpanel_screen_v1_20260724/run/qc397_final50_fusion_developability_v1_20260726/final50_common4_bundle/representative_complexes/R36__P1MCPUFP__CPUFP500K_0091__00849__8x6b__s42.pdb	88f67ab33096647469dfe246021ccb43f4755f8208c160466a7079b1868a69d4
P1MCPUFP__CPUFP500K_0091__00849	PVRIG_CAND_046	46	9e6y	42	20	69S,71S,72L,74T,81N,82G,83A,87T,90V,92H,94E,95R,100W,135K,137A,138S,139F,140P,142G,143S	16	1	/data/qlyu/projects/pvrig_top7500_dualpanel_screen_v1_20260724/run/qc397_final50_fusion_developability_v1_20260726/final50_common4_bundle/representative_complexes/R36__P1MCPUFP__CPUFP500K_0091__00849__9e6y__s42.pdb	833bb54c77004b4f0261aba6928423cb31e1d8832e546d34a2269f477b253d3e
P1MCPUFP__CPUFP500K_0091__00849	PVRIG_CAND_046	46	8x6b	917	19	69S,71S,72L,74T,80P,81N,82G,83A,87T,92H,95R,135K,137A,138S,139F,140P,141E,142G,143S	15	1	/data/qlyu/projects/pvrig_top7500_dualpanel_screen_v1_20260724/run/qc397_final50_fusion_developability_v1_20260726/final50_common4_bundle/representative_complexes/R36__P1MCPUFP__CPUFP500K_0091__00849__8x6b__s917.pdb	3b8b1d2851c0f0ca490364820a168830a43e1c994ff7984bf1161149fe7e93cc
P1MCPUFP__CPUFP500K_0091__00849	PVRIG_CAND_046	46	9e6y	917	19	67S,71S,72L,74T,81N,82G,83A,92H,135K,136F,137A,138S,139F,140P,141E,142G,143S,144W,145E	16	0	/data/qlyu/projects/pvrig_top7500_dualpanel_screen_v1_20260724/run/qc397_final50_fusion_developability_v1_20260726/final50_common4_bundle/representative_complexes/R36__P1MCPUFP__CPUFP500K_0091__00849__9e6y__s917.pdb	73c5f389834c5bda034c2f8d593113827626cd8f73295d65a2ddbf1b54bc94e4
P1MCPUFP__CPUFP500K_0091__00849	PVRIG_CAND_046	46	8x6b	1931	22	71S,72L,74T,80P,81N,82G,83A,87T,90V,92H,94E,95R,100W,135K,137A,138S,139F,140P,141E,142G,143S,145E	17	1	/data/qlyu/projects/pvrig_top7500_dualpanel_screen_v1_20260724/run/qc397_final50_fusion_developability_v1_20260726/final50_common4_bundle/representative_complexes/R36__P1MCPUFP__CPUFP500K_0091__00849__8x6b__s1931.pdb	560b8038051c05c17eb5dc8162c74f9f498d3881012109e057f45f6f3822d74d
P1MCPUFP__CPUFP500K_0091__00849	PVRIG_CAND_046	46	9e6y	1931	20	69S,71S,72L,74T,81N,82G,83A,87T,90V,92H,94E,95R,100W,135K,137A,138S,139F,140P,142G,143S	16	1	/data/qlyu/projects/pvrig_top7500_dualpanel_screen_v1_20260724/run/qc397_final50_fusion_developability_v1_20260726/final50_common4_bundle/representative_complexes/R36__P1MCPUFP__CPUFP500K_0091__00849__9e6y__s1931.pdb	c95fcb804622679b5d09f6a029ca2830a1289ce8bab5097d557c37377888d2fd
P1MCPUFP__CPUFP500K_0091__00849	PVRIG_CAND_046	46	8x6b	3047	20	69S,71S,72L,74T,80P,81N,82G,83A,87T,90V,92H,94E,95R,135K,137A,138S,139F,140P,142G,143S	15	1	/data/qlyu/projects/pvrig_top7500_dualpanel_screen_v1_20260724/run/qc397_final50_fusion_developability_v1_20260726/final50_common4_bundle/representative_complexes/R36__P1MCPUFP__CPUFP500K_0091__00849__8x6b__s3047.pdb	0acd1b2b96d76ee46d07d7b8c6811248c861cc1816769dd681b19362ac24c657
P1MCPUFP__CPUFP500K_0091__00849	PVRIG_CAND_046	46	9e6y	3047	24	71S,72L,74T,76S,80P,81N,82G,83A,85G,87T,90V,92H,94E,95R,98R,100W,135K,137A,138S,139F,140P,142G,143S,145E	17	1	/data/qlyu/projects/pvrig_top7500_dualpanel_screen_v1_20260724/run/qc397_final50_fusion_developability_v1_20260726/final50_common4_bundle/representative_complexes/R36__P1MCPUFP__CPUFP500K_0091__00849__9e6y__s3047.pdb	804a87449d9a1188f2be5f9443572006671daf063bead1df35b33d03750a6483
NODE1GEN_076816_source_rfantibody_source_id_PVRIG_RFAb_v2_P4_ekg_L_bb155_mpn03_arm_P4_ekg_L_backbone_P4_ekg_L_bb155_status_NEEDS_RF2_AND_DOCKING	PVRIG_CAND_035	35	8x6b	42	19	71S,72L,74T,81N,82G,83A,87T,90V,92H,95R,98R,100W,135K,137A,138S,139F,140P,142G,143S	17	1	/data/qlyu/projects/pvrig_top7500_dualpanel_screen_v1_20260724/run/qc397_final50_fusion_developability_v1_20260726/final50_common4_bundle/representative_complexes/R37__NODE1GEN_076816__8x6b__s42.pdb	24d808fbaf2bbeedc7d3da2bf8e56865d6a22b4ceee1128fd33e482ecf391c49
NODE1GEN_076816_source_rfantibody_source_id_PVRIG_RFAb_v2_P4_ekg_L_bb155_mpn03_arm_P4_ekg_L_backbone_P4_ekg_L_bb155_status_NEEDS_RF2_AND_DOCKING	PVRIG_CAND_035	35	9e6y	42	23	71S,72L,74T,80P,81N,82G,83A,87T,90V,92H,95R,98R,100W,135K,136F,137A,138S,139F,140P,141E,142G,143S,145E	18	1	/data/qlyu/projects/pvrig_top7500_dualpanel_screen_v1_20260724/run/qc397_final50_fusion_developability_v1_20260726/final50_common4_bundle/representative_complexes/R37__NODE1GEN_076816__9e6y__s42.pdb	6cbe16a894f187e7c8b0f7f8426be36dd0af49cfbd11299efb7e8898358b2355
NODE1GEN_076816_source_rfantibody_source_id_PVRIG_RFAb_v2_P4_ekg_L_bb155_mpn03_arm_P4_ekg_L_backbone_P4_ekg_L_bb155_status_NEEDS_RF2_AND_DOCKING	PVRIG_CAND_035	35	8x6b	917	23	71S,72L,74T,76S,81N,82G,83A,84G,85G,87T,90V,95R,100W,135K,136F,137A,138S,139F,140P,141E,142G,143S,144W	17	1	/data/qlyu/projects/pvrig_top7500_dualpanel_screen_v1_20260724/run/qc397_final50_fusion_developability_v1_20260726/final50_common4_bundle/representative_complexes/R37__NODE1GEN_076816__8x6b__s917.pdb	f4fdafbdc4a4cf1fcc84cff19ac9cb8854e56fba2bca385dc471b072fa12eab1
NODE1GEN_076816_source_rfantibody_source_id_PVRIG_RFAb_v2_P4_ekg_L_bb155_mpn03_arm_P4_ekg_L_backbone_P4_ekg_L_bb155_status_NEEDS_RF2_AND_DOCKING	PVRIG_CAND_035	35	9e6y	917	18	71S,72L,74T,76S,81N,82G,83A,87T,135K,137A,138S,139F,140P,141E,142G,143S,144W,145E	15	1	/data/qlyu/projects/pvrig_top7500_dualpanel_screen_v1_20260724/run/qc397_final50_fusion_developability_v1_20260726/final50_common4_bundle/representative_complexes/R37__NODE1GEN_076816__9e6y__s917.pdb	f6f34065b705f71e0f27873b063097ef6516eac1a31a2e5e2d5da5d02c89e2c9
NODE1GEN_076816_source_rfantibody_source_id_PVRIG_RFAb_v2_P4_ekg_L_bb155_mpn03_arm_P4_ekg_L_backbone_P4_ekg_L_bb155_status_NEEDS_RF2_AND_DOCKING	PVRIG_CAND_035	35	8x6b	1931	24	71S,72L,74T,75V,76S,81N,82G,83A,84G,85G,87T,90V,92H,95R,98R,135K,136F,137A,138S,139F,140P,141E,142G,143S	17	1	/data/qlyu/projects/pvrig_top7500_dualpanel_screen_v1_20260724/run/qc397_final50_fusion_developability_v1_20260726/final50_common4_bundle/representative_complexes/R37__NODE1GEN_076816__8x6b__s1931.pdb	0cc0f34c86a4164c2bc0c02e179fae7027f98ba867d5c4d9810edfb16b2cd457
NODE1GEN_076816_source_rfantibody_source_id_PVRIG_RFAb_v2_P4_ekg_L_bb155_mpn03_arm_P4_ekg_L_backbone_P4_ekg_L_bb155_status_NEEDS_RF2_AND_DOCKING	PVRIG_CAND_035	35	9e6y	1931	20	71S,72L,74T,76S,81N,82G,83A,84G,87T,90V,95R,135K,137A,138S,139F,140P,141E,142G,143S,144W	16	1	/data/qlyu/projects/pvrig_top7500_dualpanel_screen_v1_20260724/run/qc397_final50_fusion_developability_v1_20260726/final50_common4_bundle/representative_complexes/R37__NODE1GEN_076816__9e6y__s1931.pdb	dc6d9d49452e872d123b8775d4aedc9d35babb8d5667be0dc7b568b771831f1a
NODE1GEN_076816_source_rfantibody_source_id_PVRIG_RFAb_v2_P4_ekg_L_bb155_mpn03_arm_P4_ekg_L_backbone_P4_ekg_L_bb155_status_NEEDS_RF2_AND_DOCKING	PVRIG_CAND_035	35	8x6b	3047	20	71S,72L,74T,76S,81N,82G,83A,84G,87T,90V,92H,95R,135K,136F,137A,138S,139F,140P,142G,143S	15	1	/data/qlyu/projects/pvrig_top7500_dualpanel_screen_v1_20260724/run/qc397_final50_fusion_developability_v1_20260726/final50_common4_bundle/representative_complexes/R37__NODE1GEN_076816__8x6b__s3047.pdb	278a8d52fe193408134349eb3dd51e7fe8e7e5e0cda7d8c55b14835855727666
NODE1GEN_076816_source_rfantibody_source_id_PVRIG_RFAb_v2_P4_ekg_L_bb155_mpn03_arm_P4_ekg_L_backbone_P4_ekg_L_bb155_status_NEEDS_RF2_AND_DOCKING	PVRIG_CAND_035	35	9e6y	3047	18	71S,72L,74T,81N,82G,83A,87T,90V,92H,95R,98R,100W,135K,137A,138S,139F,142G,143S	16	1	/data/qlyu/projects/pvrig_top7500_dualpanel_screen_v1_20260724/run/qc397_final50_fusion_developability_v1_20260726/final50_common4_bundle/representative_complexes/R37__NODE1GEN_076816__9e6y__s3047.pdb	cb7eb90be195d7229842ed88797550bfb1c1f75810fb9837f61ca4cdff0e6136
P1MCPUFP__CPUFP500K_0388__00174	PVRIG_CAND_047	47	8x6b	42	25	71S,72L,74T,76S,80P,81N,82G,83A,84G,87T,90V,92H,95R,100W,135K,136F,137A,138S,139F,140P,141E,142G,143S,144W,145E	18	1	/data/qlyu/projects/pvrig_top7500_dualpanel_screen_v1_20260724/run/qc397_final50_fusion_developability_v1_20260726/final50_common4_bundle/representative_complexes/R38__P1MCPUFP__CPUFP500K_0388__00174__8x6b__s42.pdb	af745602b38b7cd452f70481842e3a1d3eac76d5345a54d88d4b702c9c60b27e
P1MCPUFP__CPUFP500K_0388__00174	PVRIG_CAND_047	47	9e6y	42	15	71S,72L,90V,92H,94E,95R,98R,135K,137A,138S,139F,140P,141E,142G,143S	13	0	/data/qlyu/projects/pvrig_top7500_dualpanel_screen_v1_20260724/run/qc397_final50_fusion_developability_v1_20260726/final50_common4_bundle/representative_complexes/R38__P1MCPUFP__CPUFP500K_0388__00174__9e6y__s42.pdb	8a30dcd95d9d7c81422d6c867bad369c8529819a90b97f9e54f6f18b0994be21
P1MCPUFP__CPUFP500K_0388__00174	PVRIG_CAND_047	47	8x6b	917	21	71S,72L,74T,80P,81N,82G,83A,90V,91L,92H,94E,95R,135K,137A,138S,139F,140P,141E,142G,143S,145E	16	0	/data/qlyu/projects/pvrig_top7500_dualpanel_screen_v1_20260724/run/qc397_final50_fusion_developability_v1_20260726/final50_common4_bundle/representative_complexes/R38__P1MCPUFP__CPUFP500K_0388__00174__8x6b__s917.pdb	a8c57c49477ec68c5efab764efe3873dcec1e00e8a182dc23977fc140f50e7f3
P1MCPUFP__CPUFP500K_0388__00174	PVRIG_CAND_047	47	9e6y	917	20	69S,71S,72L,80P,81N,82G,83A,90V,92H,94E,95R,135K,137A,138S,139F,140P,141E,142G,143S,145E	15	0	/data/qlyu/projects/pvrig_top7500_dualpanel_screen_v1_20260724/run/qc397_final50_fusion_developability_v1_20260726/final50_common4_bundle/representative_complexes/R38__P1MCPUFP__CPUFP500K_0388__00174__9e6y__s917.pdb	da629c9071fd249ebd40f8e47c80f7d3a3b0c38f84c2bab8ff65601b71c79268
P1MCPUFP__CPUFP500K_0388__00174	PVRIG_CAND_047	47	8x6b	1931	19	72L,74T,81N,82G,83A,84G,87T,90V,95R,135K,137A,138S,139F,140P,141E,142G,143S,144W,145E	15	1	/data/qlyu/projects/pvrig_top7500_dualpanel_screen_v1_20260724/run/qc397_final50_fusion_developability_v1_20260726/final50_common4_bundle/representative_complexes/R38__P1MCPUFP__CPUFP500K_0388__00174__8x6b__s1931.pdb	8395e9a78d9afc6d2d42065326b3e08d443bfb6cf6c19e30a10ba54a0c4c8178
P1MCPUFP__CPUFP500K_0388__00174	PVRIG_CAND_047	47	9e6y	1931	23	71S,72L,74T,76S,81N,82G,83A,84G,87T,90V,92H,94E,95R,100W,135K,137A,139F,140P,141E,142G,143S,144W,145E	17	1	/data/qlyu/projects/pvrig_top7500_dualpanel_screen_v1_20260724/run/qc397_final50_fusion_developability_v1_20260726/final50_common4_bundle/representative_complexes/R38__P1MCPUFP__CPUFP500K_0388__00174__9e6y__s1931.pdb	a07158c924fccdb2bfbcfe2d19fde5e3d065e805d730a3b0419fc2d414247c23
P1MCPUFP__CPUFP500K_0388__00174	PVRIG_CAND_047	47	8x6b	3047	24	71S,72L,74T,76S,81N,82G,83A,84G,87T,90V,92H,94E,95R,100W,135K,136F,137A,138S,139F,140P,141E,142G,143S,144W	18	1	/data/qlyu/projects/pvrig_top7500_dualpanel_screen_v1_20260724/run/qc397_final50_fusion_developability_v1_20260726/final50_common4_bundle/representative_complexes/R38__P1MCPUFP__CPUFP500K_0388__00174__8x6b__s3047.pdb	eaf80d0a5580239df516741073619aefc7035e1ba3969de6dc0e3ccf903d540f
P1MCPUFP__CPUFP500K_0388__00174	PVRIG_CAND_047	47	9e6y	3047	21	71S,72L,74T,81N,82G,83A,87T,90V,92H,94E,95R,98R,100W,135K,137A,138S,139F,140P,141E,142G,143S	18	1	/data/qlyu/projects/pvrig_top7500_dualpanel_screen_v1_20260724/run/qc397_final50_fusion_developability_v1_20260726/final50_common4_bundle/representative_complexes/R38__P1MCPUFP__CPUFP500K_0388__00174__9e6y__s3047.pdb	bfaa94cd39489defa34828b9beee30b74bdbd82d6ff2bf9478fb83a6137b99ae
P1MCPUFP__CPUFP500K_0487__00827	PVRIG_CAND_048	48	8x6b	42	22	71S,72L,74T,81N,82G,83A,85G,86T,87T,90V,92H,95R,98R,100W,135K,137A,138S,139F,140P,141E,142G,143S	18	1	/data/qlyu/projects/pvrig_top7500_dualpanel_screen_v1_20260724/run/qc397_final50_fusion_developability_v1_20260726/final50_common4_bundle/representative_complexes/R39__P1MCPUFP__CPUFP500K_0487__00827__8x6b__s42.pdb	73dc24537cbf5f54faa04f55d24ee7f57d6eaa8931aa927d8e40cf0dcbe69761
P1MCPUFP__CPUFP500K_0487__00827	PVRIG_CAND_048	48	9e6y	42	23	71S,72L,74T,81N,82G,83A,84G,85G,87T,90V,92H,94E,95R,98R,100W,135K,137A,138S,139F,140P,141E,142G,143S	18	1	/data/qlyu/projects/pvrig_top7500_dualpanel_screen_v1_20260724/run/qc397_final50_fusion_developability_v1_20260726/final50_common4_bundle/representative_complexes/R39__P1MCPUFP__CPUFP500K_0487__00827__9e6y__s42.pdb	0e54d5ed69fab58e9f6a5d4c26795b611ee65eef3b5c95bd6c28d0315e41406b
P1MCPUFP__CPUFP500K_0487__00827	PVRIG_CAND_048	48	8x6b	917	17	71S,72L,80P,81N,82G,83A,92H,95R,135K,137A,138S,139F,140P,141E,142G,143S,145E	14	0	/data/qlyu/projects/pvrig_top7500_dualpanel_screen_v1_20260724/run/qc397_final50_fusion_developability_v1_20260726/final50_common4_bundle/representative_complexes/R39__P1MCPUFP__CPUFP500K_0487__00827__8x6b__s917.pdb	dddd82b83383dcdc52f302d8111ffb7b3630c1e20dd6413163b8e17a6160b424
P1MCPUFP__CPUFP500K_0487__00827	PVRIG_CAND_048	48	9e6y	917	18	71S,72L,74T,81N,82G,83A,92H,95R,135K,137A,138S,139F,140P,141E,142G,143S,144W,145E	16	0	/data/qlyu/projects/pvrig_top7500_dualpanel_screen_v1_20260724/run/qc397_final50_fusion_developability_v1_20260726/final50_common4_bundle/representative_complexes/R39__P1MCPUFP__CPUFP500K_0487__00827__9e6y__s917.pdb	caa0f66b69f9fa3c0328eb9a99fe26fdba3a3473b2f7a66480292f6ddc7b27e7
P1MCPUFP__CPUFP500K_0487__00827	PVRIG_CAND_048	48	8x6b	1931	22	71S,72L,74T,81N,82G,83A,84G,87T,90V,92H,94E,95R,100W,135K,137A,138S,139F,140P,141E,142G,143S,144W	18	1	/data/qlyu/projects/pvrig_top7500_dualpanel_screen_v1_20260724/run/qc397_final50_fusion_developability_v1_20260726/final50_common4_bundle/representative_complexes/R39__P1MCPUFP__CPUFP500K_0487__00827__8x6b__s1931.pdb	b0b9011311e5cdad11ec7d43f931b479a10fcc0210da54a3ff87b923522d005a
P1MCPUFP__CPUFP500K_0487__00827	PVRIG_CAND_048	48	9e6y	1931	19	71S,72L,74T,81N,82G,83A,92H,94E,95R,135K,137A,138S,139F,140P,141E,142G,143S,144W,145E	16	0	/data/qlyu/projects/pvrig_top7500_dualpanel_screen_v1_20260724/run/qc397_final50_fusion_developability_v1_20260726/final50_common4_bundle/representative_complexes/R39__P1MCPUFP__CPUFP500K_0487__00827__9e6y__s1931.pdb	b3c24d6cedde12f2f354087603a5fb5fc74169ee104a8e770e773210eeab9116
P1MCPUFP__CPUFP500K_0487__00827	PVRIG_CAND_048	48	8x6b	3047	18	72L,74T,81N,82G,83A,84G,87T,90V,95R,135K,137A,138S,139F,140P,141E,142G,143S,144W	15	1	/data/qlyu/projects/pvrig_top7500_dualpanel_screen_v1_20260724/run/qc397_final50_fusion_developability_v1_20260726/final50_common4_bundle/representative_complexes/R39__P1MCPUFP__CPUFP500K_0487__00827__8x6b__s3047.pdb	bb1f1201bf744f2203a8716528ed53b9f203bc07b02790b968813f35dbb2eb03
P1MCPUFP__CPUFP500K_0487__00827	PVRIG_CAND_048	48	9e6y	3047	16	71S,72L,74T,81N,82G,87T,92H,95R,98R,135K,137A,138S,139F,140P,142G,143S	14	1	/data/qlyu/projects/pvrig_top7500_dualpanel_screen_v1_20260724/run/qc397_final50_fusion_developability_v1_20260726/final50_common4_bundle/representative_complexes/R39__P1MCPUFP__CPUFP500K_0487__00827__9e6y__s3047.pdb	3fe701ba8c63a0db370225e560c7e5fe1a09ac275382c923bebeea0eafb80813
NODE1GEN_136300_source_rfantibody_source_id_PVRIG_RFAb_v2_P6_qkg_L_bb255_mpn02_arm_P6_qkg_L_backbone_P6_qkg_L_bb255_status_NEEDS_RF2_AND_DOCKING	PVRIG_CAND_036	36	8x6b	42	23	69S,71S,72L,74T,76S,81N,82G,83A,84G,85G,87T,90V,92H,95R,135K,136F,137A,138S,139F,140P,141E,142G,143S	16	1	/data/qlyu/projects/pvrig_top7500_dualpanel_screen_v1_20260724/run/qc397_final50_fusion_developability_v1_20260726/final50_common4_bundle/representative_complexes/R40__NODE1GEN_136300__8x6b__s42.pdb	d33a3fea8fb328817e269f74852f51a026a927d983160de9a14dfe9e46bcb17d
NODE1GEN_136300_source_rfantibody_source_id_PVRIG_RFAb_v2_P6_qkg_L_bb255_mpn02_arm_P6_qkg_L_backbone_P6_qkg_L_bb255_status_NEEDS_RF2_AND_DOCKING	PVRIG_CAND_036	36	9e6y	42	19	71S,72L,74T,81N,82G,83A,90V,92H,94E,95R,98R,100W,135K,137A,138S,139F,140P,142G,143S	17	0	/data/qlyu/projects/pvrig_top7500_dualpanel_screen_v1_20260724/run/qc397_final50_fusion_developability_v1_20260726/final50_common4_bundle/representative_complexes/R40__NODE1GEN_136300__9e6y__s42.pdb	965f6fc4d3e76db2fa73bda82222fc0096aa498156672651acfd80d2e85de66d
NODE1GEN_136300_source_rfantibody_source_id_PVRIG_RFAb_v2_P6_qkg_L_bb255_mpn02_arm_P6_qkg_L_backbone_P6_qkg_L_bb255_status_NEEDS_RF2_AND_DOCKING	PVRIG_CAND_036	36	8x6b	917	25	71S,72L,74T,75V,76S,81N,82G,83A,84G,85G,86T,87T,88L,90V,92H,95R,135K,137A,138S,139F,140P,141E,142G,143S,144W	17	1	/data/qlyu/projects/pvrig_top7500_dualpanel_screen_v1_20260724/run/qc397_final50_fusion_developability_v1_20260726/final50_common4_bundle/representative_complexes/R40__NODE1GEN_136300__8x6b__s917.pdb	b351c9d9faf82c6b207221f52805089003ae06f2bd924a93cb99e7c9e93e0ec8
NODE1GEN_136300_source_rfantibody_source_id_PVRIG_RFAb_v2_P6_qkg_L_bb255_mpn02_arm_P6_qkg_L_backbone_P6_qkg_L_bb255_status_NEEDS_RF2_AND_DOCKING	PVRIG_CAND_036	36	9e6y	917	22	69S,71S,72L,74T,76S,81N,82G,83A,85G,86T,87T,90V,92H,95R,135K,137A,138S,139F,140P,141E,142G,143S	16	1	/data/qlyu/projects/pvrig_top7500_dualpanel_screen_v1_20260724/run/qc397_final50_fusion_developability_v1_20260726/final50_common4_bundle/representative_complexes/R40__NODE1GEN_136300__9e6y__s917.pdb	3a442129c29cf3583b694d92af05db6f5e036c95c75577e5f5df911349e9d607
NODE1GEN_136300_source_rfantibody_source_id_PVRIG_RFAb_v2_P6_qkg_L_bb255_mpn02_arm_P6_qkg_L_backbone_P6_qkg_L_bb255_status_NEEDS_RF2_AND_DOCKING	PVRIG_CAND_036	36	8x6b	1931	20	71S,72L,74T,81N,82G,83A,84G,87T,90V,92H,95R,135K,137A,138S,139F,140P,141E,142G,143S,144W	17	1	/data/qlyu/projects/pvrig_top7500_dualpanel_screen_v1_20260724/run/qc397_final50_fusion_developability_v1_20260726/final50_common4_bundle/representative_complexes/R40__NODE1GEN_136300__8x6b__s1931.pdb	0df68d62115358ca8180acf3b5cca5fd3c78ff9a12167240a5026b072416ba7b
NODE1GEN_136300_source_rfantibody_source_id_PVRIG_RFAb_v2_P6_qkg_L_bb255_mpn02_arm_P6_qkg_L_backbone_P6_qkg_L_bb255_status_NEEDS_RF2_AND_DOCKING	PVRIG_CAND_036	36	9e6y	1931	25	71S,72L,74T,75V,76S,81N,82G,83A,84G,85G,86T,87T,88L,89A,90V,92H,95R,135K,137A,138S,139F,140P,141E,142G,143S	16	1	/data/qlyu/projects/pvrig_top7500_dualpanel_screen_v1_20260724/run/qc397_final50_fusion_developability_v1_20260726/final50_common4_bundle/representative_complexes/R40__NODE1GEN_136300__9e6y__s1931.pdb	0b67e5186f5246266aa94b11764663c176fe09730321de6ad8fad499ea30991f
NODE1GEN_136300_source_rfantibody_source_id_PVRIG_RFAb_v2_P6_qkg_L_bb255_mpn02_arm_P6_qkg_L_backbone_P6_qkg_L_bb255_status_NEEDS_RF2_AND_DOCKING	PVRIG_CAND_036	36	8x6b	3047	16	71S,72L,74T,81N,82G,90V,92H,94E,95R,98R,100W,135K,137A,139F,140P,143S	14	0	/data/qlyu/projects/pvrig_top7500_dualpanel_screen_v1_20260724/run/qc397_final50_fusion_developability_v1_20260726/final50_common4_bundle/representative_complexes/R40__NODE1GEN_136300__8x6b__s3047.pdb	b29ed2d12bd62deb25069cc0a1215937526a3525e1a361856a9b03b6b1938d42
NODE1GEN_136300_source_rfantibody_source_id_PVRIG_RFAb_v2_P6_qkg_L_bb255_mpn02_arm_P6_qkg_L_backbone_P6_qkg_L_bb255_status_NEEDS_RF2_AND_DOCKING	PVRIG_CAND_036	36	9e6y	3047	27	71S,72L,74T,76S,80P,81N,82G,83A,84G,85G,86T,87T,90V,92H,94E,95R,98R,100W,135K,137A,138S,139F,140P,141E,142G,143S,144W	19	1	/data/qlyu/projects/pvrig_top7500_dualpanel_screen_v1_20260724/run/qc397_final50_fusion_developability_v1_20260726/final50_common4_bundle/representative_complexes/R40__NODE1GEN_136300__9e6y__s3047.pdb	587b2c17f4bea6c0f52df125b076741e9f2c1cf12fe20b4d83a347eb3e7e4152
NODE1GEN_095824_source_rfantibody_source_id_PVRIG_RFAb_v2_P4_qrg_L_bb358_mpn04_arm_P4_qrg_L_backbone_P4_qrg_L_bb358_status_NEEDS_RF2_AND_DOCKING	PVRIG_CAND_037	37	8x6b	42	23	71S,72L,74T,76S,81N,82G,84G,85G,86T,87T,90V,92H,95R,96G,97I,98R,100W,135K,137A,138S,139F,142G,143S	16	1	/data/qlyu/projects/pvrig_top7500_dualpanel_screen_v1_20260724/run/qc397_final50_fusion_developability_v1_20260726/final50_common4_bundle/representative_complexes/R41__NODE1GEN_095824__8x6b__s42.pdb	1b4f7ab29783d86fe4106ba020546d1c49e452f9b46413345be759f073dc7368
NODE1GEN_095824_source_rfantibody_source_id_PVRIG_RFAb_v2_P4_qrg_L_bb358_mpn04_arm_P4_qrg_L_backbone_P4_qrg_L_bb358_status_NEEDS_RF2_AND_DOCKING	PVRIG_CAND_037	37	9e6y	42	20	71S,72L,74T,76S,81N,82G,83A,85G,87T,92H,95R,135K,137A,139F,140P,141E,142G,143S,144W,145E	15	1	/data/qlyu/projects/pvrig_top7500_dualpanel_screen_v1_20260724/run/qc397_final50_fusion_developability_v1_20260726/final50_common4_bundle/representative_complexes/R41__NODE1GEN_095824__9e6y__s42.pdb	c2e93b684678d462b95fe0ecf3f8fc5dbfd903aebcde78a889a21b56d9288cda
NODE1GEN_095824_source_rfantibody_source_id_PVRIG_RFAb_v2_P4_qrg_L_bb358_mpn04_arm_P4_qrg_L_backbone_P4_qrg_L_bb358_status_NEEDS_RF2_AND_DOCKING	PVRIG_CAND_037	37	8x6b	917	25	69S,71S,72L,74T,81N,82G,84G,85G,86T,87T,90V,92H,95R,96G,97I,98R,100W,135K,137A,138S,139F,140P,141E,142G,143S	18	1	/data/qlyu/projects/pvrig_top7500_dualpanel_screen_v1_20260724/run/qc397_final50_fusion_developability_v1_20260726/final50_common4_bundle/representative_complexes/R41__NODE1GEN_095824__8x6b__s917.pdb	4385a7cb119352e2e6df85e9bd3b8966833fab028c62c10745c7b836ec7239bd
NODE1GEN_095824_source_rfantibody_source_id_PVRIG_RFAb_v2_P4_qrg_L_bb358_mpn04_arm_P4_qrg_L_backbone_P4_qrg_L_bb358_status_NEEDS_RF2_AND_DOCKING	PVRIG_CAND_037	37	9e6y	917	26	71S,72L,74T,81N,82G,83A,84G,85G,86T,87T,90V,92H,93P,94E,95R,96G,97I,98R,100W,135K,137A,138S,139F,140P,142G,143S	18	1	/data/qlyu/projects/pvrig_top7500_dualpanel_screen_v1_20260724/run/qc397_final50_fusion_developability_v1_20260726/final50_common4_bundle/representative_complexes/R41__NODE1GEN_095824__9e6y__s917.pdb	f81f7d00709665ca89591e49204cf31c610161d680ce1f21bd918bc5b7e83a84
NODE1GEN_095824_source_rfantibody_source_id_PVRIG_RFAb_v2_P4_qrg_L_bb358_mpn04_arm_P4_qrg_L_backbone_P4_qrg_L_bb358_status_NEEDS_RF2_AND_DOCKING	PVRIG_CAND_037	37	8x6b	1931	22	71S,72L,74T,81N,82G,83A,84G,85G,86T,87T,90V,92H,94E,95R,98R,100W,135K,137A,138S,139F,142G,143S	16	1	/data/qlyu/projects/pvrig_top7500_dualpanel_screen_v1_20260724/run/qc397_final50_fusion_developability_v1_20260726/final50_common4_bundle/representative_complexes/R41__NODE1GEN_095824__8x6b__s1931.pdb	665919387279090a78f216c0cc0e2d23e1897445b504e48f9ecabd82207bab54
NODE1GEN_095824_source_rfantibody_source_id_PVRIG_RFAb_v2_P4_qrg_L_bb358_mpn04_arm_P4_qrg_L_backbone_P4_qrg_L_bb358_status_NEEDS_RF2_AND_DOCKING	PVRIG_CAND_037	37	9e6y	1931	24	71S,72L,74T,76S,81N,82G,85G,86T,87T,90V,92H,94E,95R,96G,98R,100W,135K,137A,138S,139F,140P,141E,142G,143S	18	1	/data/qlyu/projects/pvrig_top7500_dualpanel_screen_v1_20260724/run/qc397_final50_fusion_developability_v1_20260726/final50_common4_bundle/representative_complexes/R41__NODE1GEN_095824__9e6y__s1931.pdb	e0d711d34c14344423346a457c46b325ce5d8418c53b79f5d3168221857c5b7b
NODE1GEN_095824_source_rfantibody_source_id_PVRIG_RFAb_v2_P4_qrg_L_bb358_mpn04_arm_P4_qrg_L_backbone_P4_qrg_L_bb358_status_NEEDS_RF2_AND_DOCKING	PVRIG_CAND_037	37	8x6b	3047	23	71S,72L,74T,81N,82G,84G,85G,86T,87T,90V,92H,95R,96G,97I,98R,100W,135K,137A,138S,139F,141E,142G,143S	17	1	/data/qlyu/projects/pvrig_top7500_dualpanel_screen_v1_20260724/run/qc397_final50_fusion_developability_v1_20260726/final50_common4_bundle/representative_complexes/R41__NODE1GEN_095824__8x6b__s3047.pdb	96145d3eda487704a31184d71df88084a1778df134e93ae5fdd5114468b1b65c
NODE1GEN_095824_source_rfantibody_source_id_PVRIG_RFAb_v2_P4_qrg_L_bb358_mpn04_arm_P4_qrg_L_backbone_P4_qrg_L_bb358_status_NEEDS_RF2_AND_DOCKING	PVRIG_CAND_037	37	9e6y	3047	23	71S,72L,74T,81N,82G,83A,84G,85G,86T,87T,90V,92H,94E,95R,98R,100W,135K,137A,138S,139F,140P,142G,143S	17	1	/data/qlyu/projects/pvrig_top7500_dualpanel_screen_v1_20260724/run/qc397_final50_fusion_developability_v1_20260726/final50_common4_bundle/representative_complexes/R41__NODE1GEN_095824__9e6y__s3047.pdb	8cd9a2e410efe936b4e8f63c0f7e30a6db1ee022e974ed540c0fbaeb8e16d685
NODE1GEN_017313_source_rfantibody_source_id_PVRIG_RFAb_v2_P1_qrg_L_bb054_mpn00_arm_P1_qrg_L_backbone_P1_qrg_L_bb054_status_NEEDS_RF2_AND_DOCKING	PVRIG_CAND_038	38	8x6b	42	21	71S,72L,74T,80P,81N,82G,83A,90V,92H,95R,98R,100W,135K,137A,138S,139F,140P,141E,142G,143S,145E	18	0	/data/qlyu/projects/pvrig_top7500_dualpanel_screen_v1_20260724/run/qc397_final50_fusion_developability_v1_20260726/final50_common4_bundle/representative_complexes/R42__NODE1GEN_017313__8x6b__s42.pdb	5bbb59e1c411e9c132df9b21d7f3ef5ab8821b6298f46fc50ff74c5987cdb804
NODE1GEN_017313_source_rfantibody_source_id_PVRIG_RFAb_v2_P1_qrg_L_bb054_mpn00_arm_P1_qrg_L_backbone_P1_qrg_L_bb054_status_NEEDS_RF2_AND_DOCKING	PVRIG_CAND_038	38	9e6y	42	21	71S,72L,74T,80P,81N,82G,83A,87T,90V,92H,94E,95R,100W,135K,137A,139F,140P,141E,142G,143S,145E	16	1	/data/qlyu/projects/pvrig_top7500_dualpanel_screen_v1_20260724/run/qc397_final50_fusion_developability_v1_20260726/final50_common4_bundle/representative_complexes/R42__NODE1GEN_017313__9e6y__s42.pdb	5413eed33ac31063f4f9832a730209db03d33ce7fa40a6c9f5b17058869f0628
NODE1GEN_017313_source_rfantibody_source_id_PVRIG_RFAb_v2_P1_qrg_L_bb054_mpn00_arm_P1_qrg_L_backbone_P1_qrg_L_bb054_status_NEEDS_RF2_AND_DOCKING	PVRIG_CAND_038	38	8x6b	917	21	71S,72L,74T,81N,82G,83A,90V,92H,94E,95R,98R,100W,135K,137A,138S,139F,140P,141E,142G,143S,145E	18	0	/data/qlyu/projects/pvrig_top7500_dualpanel_screen_v1_20260724/run/qc397_final50_fusion_developability_v1_20260726/final50_common4_bundle/representative_complexes/R42__NODE1GEN_017313__8x6b__s917.pdb	0d2e0fe22f29d12e4565df1185f24800eb789767af814bd7f770a3a76658afcf
NODE1GEN_017313_source_rfantibody_source_id_PVRIG_RFAb_v2_P1_qrg_L_bb054_mpn00_arm_P1_qrg_L_backbone_P1_qrg_L_bb054_status_NEEDS_RF2_AND_DOCKING	PVRIG_CAND_038	38	9e6y	917	22	71S,72L,74T,81N,82G,83A,90V,92H,94E,95R,98R,100W,135K,137A,138S,139F,140P,141E,142G,143S,144W,145E	19	0	/data/qlyu/projects/pvrig_top7500_dualpanel_screen_v1_20260724/run/qc397_final50_fusion_developability_v1_20260726/final50_common4_bundle/representative_complexes/R42__NODE1GEN_017313__9e6y__s917.pdb	b5d096c15220a7c5848afbcc37e3fcb6e1f8572cce85cbba4298824af6044227
NODE1GEN_017313_source_rfantibody_source_id_PVRIG_RFAb_v2_P1_qrg_L_bb054_mpn00_arm_P1_qrg_L_backbone_P1_qrg_L_bb054_status_NEEDS_RF2_AND_DOCKING	PVRIG_CAND_038	38	8x6b	1931	20	71S,72L,74T,81N,82G,83A,87T,92H,95R,98R,100W,135K,136F,137A,138S,139F,140P,141E,142G,143S	17	1	/data/qlyu/projects/pvrig_top7500_dualpanel_screen_v1_20260724/run/qc397_final50_fusion_developability_v1_20260726/final50_common4_bundle/representative_complexes/R42__NODE1GEN_017313__8x6b__s1931.pdb	802247e76fc3931677d0332b9d79d19bcf3b8b68c208b8b06589137468a4c8f2
NODE1GEN_017313_source_rfantibody_source_id_PVRIG_RFAb_v2_P1_qrg_L_bb054_mpn00_arm_P1_qrg_L_backbone_P1_qrg_L_bb054_status_NEEDS_RF2_AND_DOCKING	PVRIG_CAND_038	38	9e6y	1931	20	71S,72L,74T,81N,82G,83A,90V,92H,94E,95R,98R,100W,135K,137A,138S,139F,140P,141E,142G,143S	18	0	/data/qlyu/projects/pvrig_top7500_dualpanel_screen_v1_20260724/run/qc397_final50_fusion_developability_v1_20260726/final50_common4_bundle/representative_complexes/R42__NODE1GEN_017313__9e6y__s1931.pdb	bf2e38bbaa2eb06ebecdce46f50d7daaad92f7d1377496bd7353efc9546e06f2
NODE1GEN_017313_source_rfantibody_source_id_PVRIG_RFAb_v2_P1_qrg_L_bb054_mpn00_arm_P1_qrg_L_backbone_P1_qrg_L_bb054_status_NEEDS_RF2_AND_DOCKING	PVRIG_CAND_038	38	8x6b	3047	21	71S,72L,74T,80P,81N,82G,83A,90V,92H,94E,95R,98R,135K,137A,138S,139F,140P,141E,142G,143S,145E	17	0	/data/qlyu/projects/pvrig_top7500_dualpanel_screen_v1_20260724/run/qc397_final50_fusion_developability_v1_20260726/final50_common4_bundle/representative_complexes/R42__NODE1GEN_017313__8x6b__s3047.pdb	70447fc0ca84588849783ca27b64ed2049aeda3c91e6691a2cababe08f2c0aac
NODE1GEN_017313_source_rfantibody_source_id_PVRIG_RFAb_v2_P1_qrg_L_bb054_mpn00_arm_P1_qrg_L_backbone_P1_qrg_L_bb054_status_NEEDS_RF2_AND_DOCKING	PVRIG_CAND_038	38	9e6y	3047	21	71S,72L,74T,81N,82G,83A,90V,92H,94E,95R,98R,100W,135K,137A,138S,139F,140P,141E,142G,143S,145E	18	0	/data/qlyu/projects/pvrig_top7500_dualpanel_screen_v1_20260724/run/qc397_final50_fusion_developability_v1_20260726/final50_common4_bundle/representative_complexes/R42__NODE1GEN_017313__9e6y__s3047.pdb	55dca97e84684f3390a19166ff9115360d67aa2795d66119a64bf5e59f1891b6
NODE1GEN_109783_source_rfantibody_source_id_PVRIG_RFAb_v2_P5_qkg_L_bb121_mpn06_arm_P5_qkg_L_backbone_P5_qkg_L_bb121_status_NEEDS_RF2_AND_DOCKING	PVRIG_CAND_039	39	8x6b	42	21	69S,71S,72L,74T,81N,82G,90V,91L,92H,94E,95R,96G,97I,98R,135K,137A,138S,139F,140P,142G,143S	16	0	/data/qlyu/projects/pvrig_top7500_dualpanel_screen_v1_20260724/run/qc397_final50_fusion_developability_v1_20260726/final50_common4_bundle/representative_complexes/R43__NODE1GEN_109783__8x6b__s42.pdb	82594567bd6ddce521fc9e5b116262bcfd43137f7e1e592c08cad2f51edc5113
NODE1GEN_109783_source_rfantibody_source_id_PVRIG_RFAb_v2_P5_qkg_L_bb121_mpn06_arm_P5_qkg_L_backbone_P5_qkg_L_bb121_status_NEEDS_RF2_AND_DOCKING	PVRIG_CAND_039	39	9e6y	42	19	71S,72L,74T,81N,82G,83A,87T,90V,92H,95R,96G,97I,98R,100W,135K,137A,138S,139F,143S	16	1	/data/qlyu/projects/pvrig_top7500_dualpanel_screen_v1_20260724/run/qc397_final50_fusion_developability_v1_20260726/final50_common4_bundle/representative_complexes/R43__NODE1GEN_109783__9e6y__s42.pdb	163c6b2666e8adaf852876d480738d628c4c5d3dfcea8dfa68683ae3e62b6284
NODE1GEN_109783_source_rfantibody_source_id_PVRIG_RFAb_v2_P5_qkg_L_bb121_mpn06_arm_P5_qkg_L_backbone_P5_qkg_L_bb121_status_NEEDS_RF2_AND_DOCKING	PVRIG_CAND_039	39	8x6b	917	22	69S,71S,72L,74T,81N,82G,83A,90V,92H,94E,95R,96G,97I,98R,135K,137A,138S,139F,140P,141E,142G,143S	18	0	/data/qlyu/projects/pvrig_top7500_dualpanel_screen_v1_20260724/run/qc397_final50_fusion_developability_v1_20260726/final50_common4_bundle/representative_complexes/R43__NODE1GEN_109783__8x6b__s917.pdb	701eff3882fdee5113950aba4f62851c85fbbf4aa924ec52c58180b2e88cbffe
NODE1GEN_109783_source_rfantibody_source_id_PVRIG_RFAb_v2_P5_qkg_L_bb121_mpn06_arm_P5_qkg_L_backbone_P5_qkg_L_bb121_status_NEEDS_RF2_AND_DOCKING	PVRIG_CAND_039	39	9e6y	917	20	69S,71S,72L,74T,81N,82G,83A,90V,92H,94E,95R,98R,135K,137A,138S,139F,140P,141E,142G,143S	17	0	/data/qlyu/projects/pvrig_top7500_dualpanel_screen_v1_20260724/run/qc397_final50_fusion_developability_v1_20260726/final50_common4_bundle/representative_complexes/R43__NODE1GEN_109783__9e6y__s917.pdb	9879196f0a8a5db6d8f5db7b827518edfe709889533e80924c7561c9d94832fb
NODE1GEN_109783_source_rfantibody_source_id_PVRIG_RFAb_v2_P5_qkg_L_bb121_mpn06_arm_P5_qkg_L_backbone_P5_qkg_L_bb121_status_NEEDS_RF2_AND_DOCKING	PVRIG_CAND_039	39	8x6b	1931	20	69S,71S,72L,74T,81N,82G,87T,90V,92H,95R,96G,98R,135K,137A,138S,139F,140P,141E,142G,143S	17	1	/data/qlyu/projects/pvrig_top7500_dualpanel_screen_v1_20260724/run/qc397_final50_fusion_developability_v1_20260726/final50_common4_bundle/representative_complexes/R43__NODE1GEN_109783__8x6b__s1931.pdb	c12d98481300645f76310d6f7873166bbc761ecd727f5018d50939e266d33c58
NODE1GEN_109783_source_rfantibody_source_id_PVRIG_RFAb_v2_P5_qkg_L_bb121_mpn06_arm_P5_qkg_L_backbone_P5_qkg_L_bb121_status_NEEDS_RF2_AND_DOCKING	PVRIG_CAND_039	39	9e6y	1931	22	71S,72L,74T,81N,82G,83A,90V,92H,94E,95R,98R,100W,135K,137A,138S,139F,140P,141E,142G,143S,144W,145E	19	0	/data/qlyu/projects/pvrig_top7500_dualpanel_screen_v1_20260724/run/qc397_final50_fusion_developability_v1_20260726/final50_common4_bundle/representative_complexes/R43__NODE1GEN_109783__9e6y__s1931.pdb	683355c200d3334368db9f312966ece97db9207261eb7730e05990273e3f2fe9
NODE1GEN_109783_source_rfantibody_source_id_PVRIG_RFAb_v2_P5_qkg_L_bb121_mpn06_arm_P5_qkg_L_backbone_P5_qkg_L_bb121_status_NEEDS_RF2_AND_DOCKING	PVRIG_CAND_039	39	8x6b	3047	21	69S,71S,72L,73V,74T,81N,82G,83A,87T,90V,92H,94E,95R,135K,136F,137A,138S,139F,140P,142G,143S	15	1	/data/qlyu/projects/pvrig_top7500_dualpanel_screen_v1_20260724/run/qc397_final50_fusion_developability_v1_20260726/final50_common4_bundle/representative_complexes/R43__NODE1GEN_109783__8x6b__s3047.pdb	c9d28b0b923a964ab74ff65403ed8a153fb95979b0c994fd05e57f48d791accb
NODE1GEN_109783_source_rfantibody_source_id_PVRIG_RFAb_v2_P5_qkg_L_bb121_mpn06_arm_P5_qkg_L_backbone_P5_qkg_L_bb121_status_NEEDS_RF2_AND_DOCKING	PVRIG_CAND_039	39	9e6y	3047	17	71S,72L,74T,80P,81N,82G,83A,135K,137A,138S,139F,140P,141E,142G,143S,144W,145E	15	0	/data/qlyu/projects/pvrig_top7500_dualpanel_screen_v1_20260724/run/qc397_final50_fusion_developability_v1_20260726/final50_common4_bundle/representative_complexes/R43__NODE1GEN_109783__9e6y__s3047.pdb	084d4241257d658ee2eb60c226a41bcf173a34db7e37b6d95becf07163a43a9c
NODE1GEN_100102_source_rfantibody_source_id_PVRIG_RFAb_v2_P5_ekg_L_bb007_mpn10_arm_P5_ekg_L_backbone_P5_ekg_L_bb007_status_NEEDS_RF2_AND_DOCKING	PVRIG_CAND_040	40	8x6b	42	21	71S,72L,74T,80P,81N,82G,83A,87T,90V,92H,95R,135K,137A,138S,139F,140P,141E,142G,143S,144W,145E	17	1	/data/qlyu/projects/pvrig_top7500_dualpanel_screen_v1_20260724/run/qc397_final50_fusion_developability_v1_20260726/final50_common4_bundle/representative_complexes/R44__NODE1GEN_100102__8x6b__s42.pdb	dd323f3b57c0d86bc94c52fdae64968ed5b05b1372a73db7d57c44bceb893988
NODE1GEN_100102_source_rfantibody_source_id_PVRIG_RFAb_v2_P5_ekg_L_bb007_mpn10_arm_P5_ekg_L_backbone_P5_ekg_L_bb007_status_NEEDS_RF2_AND_DOCKING	PVRIG_CAND_040	40	9e6y	42	19	71S,72L,74T,81N,82G,83A,90V,92H,95R,135K,137A,138S,139F,140P,141E,142G,143S,144W,145E	17	0	/data/qlyu/projects/pvrig_top7500_dualpanel_screen_v1_20260724/run/qc397_final50_fusion_developability_v1_20260726/final50_common4_bundle/representative_complexes/R44__NODE1GEN_100102__9e6y__s42.pdb	1e2f64d57e14d7afbda3e0074a7d23a6818f9db5cd4d5827117629da2d568c93
NODE1GEN_100102_source_rfantibody_source_id_PVRIG_RFAb_v2_P5_ekg_L_bb007_mpn10_arm_P5_ekg_L_backbone_P5_ekg_L_bb007_status_NEEDS_RF2_AND_DOCKING	PVRIG_CAND_040	40	8x6b	917	20	71S,72L,74T,76S,80P,81N,82G,83A,84G,87T,90V,135K,137A,139F,140P,141E,142G,143S,144W,145E	15	1	/data/qlyu/projects/pvrig_top7500_dualpanel_screen_v1_20260724/run/qc397_final50_fusion_developability_v1_20260726/final50_common4_bundle/representative_complexes/R44__NODE1GEN_100102__8x6b__s917.pdb	490b123a2e35720fe0734f05d2e027a845046f9ecc45f0014a07067aaaa7f054
NODE1GEN_100102_source_rfantibody_source_id_PVRIG_RFAb_v2_P5_ekg_L_bb007_mpn10_arm_P5_ekg_L_backbone_P5_ekg_L_bb007_status_NEEDS_RF2_AND_DOCKING	PVRIG_CAND_040	40	9e6y	917	19	71S,72L,74T,81N,82G,83A,90V,92H,95R,135K,137A,138S,139F,140P,141E,142G,143S,144W,145E	17	0	/data/qlyu/projects/pvrig_top7500_dualpanel_screen_v1_20260724/run/qc397_final50_fusion_developability_v1_20260726/final50_common4_bundle/representative_complexes/R44__NODE1GEN_100102__9e6y__s917.pdb	2b504e27441f91361ef66b6d72e4c239d2668214f75c5a56e2d84cef55a3df9e
NODE1GEN_100102_source_rfantibody_source_id_PVRIG_RFAb_v2_P5_ekg_L_bb007_mpn10_arm_P5_ekg_L_backbone_P5_ekg_L_bb007_status_NEEDS_RF2_AND_DOCKING	PVRIG_CAND_040	40	8x6b	1931	17	71S,72L,74T,81N,82G,90V,92H,94E,95R,135K,137A,138S,139F,140P,141E,142G,143S	15	0	/data/qlyu/projects/pvrig_top7500_dualpanel_screen_v1_20260724/run/qc397_final50_fusion_developability_v1_20260726/final50_common4_bundle/representative_complexes/R44__NODE1GEN_100102__8x6b__s1931.pdb	8db006f7ab72018dd527302bc9a733e10dec9165c01b21a832a0f84e40e9a079
NODE1GEN_100102_source_rfantibody_source_id_PVRIG_RFAb_v2_P5_ekg_L_bb007_mpn10_arm_P5_ekg_L_backbone_P5_ekg_L_bb007_status_NEEDS_RF2_AND_DOCKING	PVRIG_CAND_040	40	9e6y	1931	20	71S,72L,74T,81N,82G,83A,87T,90V,92H,95R,135K,137A,138S,139F,140P,141E,142G,143S,144W,145E	17	1	/data/qlyu/projects/pvrig_top7500_dualpanel_screen_v1_20260724/run/qc397_final50_fusion_developability_v1_20260726/final50_common4_bundle/representative_complexes/R44__NODE1GEN_100102__9e6y__s1931.pdb	aad604a92af5b33032541b1ed1ce02e3460ea611a0437444638628da5075940e
NODE1GEN_100102_source_rfantibody_source_id_PVRIG_RFAb_v2_P5_ekg_L_bb007_mpn10_arm_P5_ekg_L_backbone_P5_ekg_L_bb007_status_NEEDS_RF2_AND_DOCKING	PVRIG_CAND_040	40	8x6b	3047	19	71S,72L,74T,76S,80P,81N,82G,83A,84G,87T,90V,135K,137A,139F,140P,141E,142G,143S,144W	15	1	/data/qlyu/projects/pvrig_top7500_dualpanel_screen_v1_20260724/run/qc397_final50_fusion_developability_v1_20260726/final50_common4_bundle/representative_complexes/R44__NODE1GEN_100102__8x6b__s3047.pdb	2ef6a6a1db3482241b19de490b92be4b6fa11602fcdd298a37f648a09273eedb
NODE1GEN_100102_source_rfantibody_source_id_PVRIG_RFAb_v2_P5_ekg_L_bb007_mpn10_arm_P5_ekg_L_backbone_P5_ekg_L_bb007_status_NEEDS_RF2_AND_DOCKING	PVRIG_CAND_040	40	9e6y	3047	16	72L,74T,81N,82G,83A,84G,86T,87T,90V,92H,95R,98R,100W,135K,137A,143S	12	1	/data/qlyu/projects/pvrig_top7500_dualpanel_screen_v1_20260724/run/qc397_final50_fusion_developability_v1_20260726/final50_common4_bundle/representative_complexes/R44__NODE1GEN_100102__9e6y__s3047.pdb	53a2e069ae0d73dedd0693a8c1e50cd90390ba10b5b56276dc3afc571b037a8f
NODE1GEN_109883_source_rfantibody_source_id_PVRIG_RFAb_v2_P5_qkg_L_bb130_mpn02_arm_P5_qkg_L_backbone_P5_qkg_L_bb130_status_NEEDS_RF2_AND_DOCKING	PVRIG_CAND_041	41	8x6b	42	18	71S,72L,74T,76S,81N,82G,83A,87T,90V,92H,95R,98R,100W,135K,137A,139F,142G,143S	15	1	/data/qlyu/projects/pvrig_top7500_dualpanel_screen_v1_20260724/run/qc397_final50_fusion_developability_v1_20260726/final50_common4_bundle/representative_complexes/R45__NODE1GEN_109883__8x6b__s42.pdb	ea25f3c8a5d72ff12f684139a719486ba89613e5186ad5636663e9ed28b062be
NODE1GEN_109883_source_rfantibody_source_id_PVRIG_RFAb_v2_P5_qkg_L_bb130_mpn02_arm_P5_qkg_L_backbone_P5_qkg_L_bb130_status_NEEDS_RF2_AND_DOCKING	PVRIG_CAND_041	41	9e6y	42	18	71S,72L,74T,81N,82G,83A,87T,90V,92H,95R,98R,100W,135K,137A,138S,139F,142G,143S	16	1	/data/qlyu/projects/pvrig_top7500_dualpanel_screen_v1_20260724/run/qc397_final50_fusion_developability_v1_20260726/final50_common4_bundle/representative_complexes/R45__NODE1GEN_109883__9e6y__s42.pdb	2f46f97227329642ba6f4ccdb8c2bcbf73d302a7a43f703630abe44556911612
NODE1GEN_109883_source_rfantibody_source_id_PVRIG_RFAb_v2_P5_qkg_L_bb130_mpn02_arm_P5_qkg_L_backbone_P5_qkg_L_bb130_status_NEEDS_RF2_AND_DOCKING	PVRIG_CAND_041	41	8x6b	917	17	71S,72L,74T,81N,82G,83A,87T,90V,92H,95R,98R,100W,135K,137A,139F,142G,143S	15	1	/data/qlyu/projects/pvrig_top7500_dualpanel_screen_v1_20260724/run/qc397_final50_fusion_developability_v1_20260726/final50_common4_bundle/representative_complexes/R45__NODE1GEN_109883__8x6b__s917.pdb	54a1159852b829eddb13640bf4863a30d61f6f3634f8da98043525cc97af39a9
NODE1GEN_109883_source_rfantibody_source_id_PVRIG_RFAb_v2_P5_qkg_L_bb130_mpn02_arm_P5_qkg_L_backbone_P5_qkg_L_bb130_status_NEEDS_RF2_AND_DOCKING	PVRIG_CAND_041	41	9e6y	917	19	71S,72L,74T,81N,82G,83A,87T,90V,92H,95R,98R,100W,135K,137A,138S,139F,140P,142G,143S	17	1	/data/qlyu/projects/pvrig_top7500_dualpanel_screen_v1_20260724/run/qc397_final50_fusion_developability_v1_20260726/final50_common4_bundle/representative_complexes/R45__NODE1GEN_109883__9e6y__s917.pdb	95d8773fcd68f9a092dc5fc764fdb790fdf2a57c845e406d9e3bd9ce5fed24f8
NODE1GEN_109883_source_rfantibody_source_id_PVRIG_RFAb_v2_P5_qkg_L_bb130_mpn02_arm_P5_qkg_L_backbone_P5_qkg_L_bb130_status_NEEDS_RF2_AND_DOCKING	PVRIG_CAND_041	41	8x6b	1931	19	71S,72L,74T,81N,82G,83A,87T,90V,91L,92H,94E,95R,98R,100W,135K,137A,139F,142G,143S	15	1	/data/qlyu/projects/pvrig_top7500_dualpanel_screen_v1_20260724/run/qc397_final50_fusion_developability_v1_20260726/final50_common4_bundle/representative_complexes/R45__NODE1GEN_109883__8x6b__s1931.pdb	07072c6a0f57632d98531cc3667d6d92d13718c094815c80df082efb7ea613ef
NODE1GEN_109883_source_rfantibody_source_id_PVRIG_RFAb_v2_P5_qkg_L_bb130_mpn02_arm_P5_qkg_L_backbone_P5_qkg_L_bb130_status_NEEDS_RF2_AND_DOCKING	PVRIG_CAND_041	41	9e6y	1931	22	71S,72L,74T,76S,80P,81N,82G,83A,87T,90V,91L,92H,95R,96G,98R,100W,135K,138S,139F,140P,142G,143S	17	1	/data/qlyu/projects/pvrig_top7500_dualpanel_screen_v1_20260724/run/qc397_final50_fusion_developability_v1_20260726/final50_common4_bundle/representative_complexes/R45__NODE1GEN_109883__9e6y__s1931.pdb	c24c1838c959d17f93d4e87ae66fedd217c1fff38e4529a0e4f3adbce2bb534a
NODE1GEN_109883_source_rfantibody_source_id_PVRIG_RFAb_v2_P5_qkg_L_bb130_mpn02_arm_P5_qkg_L_backbone_P5_qkg_L_bb130_status_NEEDS_RF2_AND_DOCKING	PVRIG_CAND_041	41	8x6b	3047	18	71S,72L,74T,80P,81N,82G,83A,87T,90V,92H,95R,98R,100W,135K,137A,139F,142G,143S	15	1	/data/qlyu/projects/pvrig_top7500_dualpanel_screen_v1_20260724/run/qc397_final50_fusion_developability_v1_20260726/final50_common4_bundle/representative_complexes/R45__NODE1GEN_109883__8x6b__s3047.pdb	b47631040bf9044074a6809e7cd1ce774cd8a99d4cbecb8210f5b86321d7c2e1
NODE1GEN_109883_source_rfantibody_source_id_PVRIG_RFAb_v2_P5_qkg_L_bb130_mpn02_arm_P5_qkg_L_backbone_P5_qkg_L_bb130_status_NEEDS_RF2_AND_DOCKING	PVRIG_CAND_041	41	9e6y	3047	18	71S,72L,74T,76S,81N,82G,83A,87T,90V,92H,95R,98R,100W,135K,137A,139F,142G,143S	15	1	/data/qlyu/projects/pvrig_top7500_dualpanel_screen_v1_20260724/run/qc397_final50_fusion_developability_v1_20260726/final50_common4_bundle/representative_complexes/R45__NODE1GEN_109883__9e6y__s3047.pdb	8a9ca1556a58f4fe495c9f4aec8bd5e3c0771b1a74dc338b5a5f733195940784
P1MCPUFP__CPUFP500K_0188__00645	PVRIG_CAND_049	49	8x6b	42	21	71S,72L,74T,81N,82G,83A,87T,90V,92H,94E,95R,100W,135K,137A,138S,139F,140P,141E,142G,143S,144W	18	1	/data/qlyu/projects/pvrig_top7500_dualpanel_screen_v1_20260724/run/qc397_final50_fusion_developability_v1_20260726/final50_common4_bundle/representative_complexes/R46__P1MCPUFP__CPUFP500K_0188__00645__8x6b__s42.pdb	4d6bff314f9934d9d0b113031ef1356693e057d690127a17fc9b46098897f5f3
P1MCPUFP__CPUFP500K_0188__00645	PVRIG_CAND_049	49	9e6y	42	22	71S,72L,74T,81N,82G,83A,84G,85G,87T,90V,92H,94E,95R,100W,135K,137A,139F,140P,141E,142G,143S,144W	17	1	/data/qlyu/projects/pvrig_top7500_dualpanel_screen_v1_20260724/run/qc397_final50_fusion_developability_v1_20260726/final50_common4_bundle/representative_complexes/R46__P1MCPUFP__CPUFP500K_0188__00645__9e6y__s42.pdb	de51b88655a9bb9da0ffe2e86cabfaab6d220add52c6006efe9e1bf58dcee02e
P1MCPUFP__CPUFP500K_0188__00645	PVRIG_CAND_049	49	8x6b	917	21	71S,72L,74T,81N,82G,83A,85G,87T,90V,92H,95R,98R,100W,135K,137A,139F,140P,141E,142G,143S,144W	18	1	/data/qlyu/projects/pvrig_top7500_dualpanel_screen_v1_20260724/run/qc397_final50_fusion_developability_v1_20260726/final50_common4_bundle/representative_complexes/R46__P1MCPUFP__CPUFP500K_0188__00645__8x6b__s917.pdb	752fbd3250f145a2945745038c63adcd5df51aa2e7cfecb5a2d7aa50e747712f
P1MCPUFP__CPUFP500K_0188__00645	PVRIG_CAND_049	49	9e6y	917	20	71S,72L,74T,81N,82G,87T,90V,92H,94E,95R,100W,135K,137A,138S,139F,140P,141E,142G,143S,144W	17	1	/data/qlyu/projects/pvrig_top7500_dualpanel_screen_v1_20260724/run/qc397_final50_fusion_developability_v1_20260726/final50_common4_bundle/representative_complexes/R46__P1MCPUFP__CPUFP500K_0188__00645__9e6y__s917.pdb	d742c6c77f4c97fd2207f0080e3fc4c58cf5bef61b73a4bc1d88b61dfb889270
P1MCPUFP__CPUFP500K_0188__00645	PVRIG_CAND_049	49	8x6b	1931	22	71S,72L,74T,81N,82G,83A,87T,90V,92H,94E,95R,98R,100W,135K,137A,138S,139F,140P,141E,142G,143S,144W	19	1	/data/qlyu/projects/pvrig_top7500_dualpanel_screen_v1_20260724/run/qc397_final50_fusion_developability_v1_20260726/final50_common4_bundle/representative_complexes/R46__P1MCPUFP__CPUFP500K_0188__00645__8x6b__s1931.pdb	4e4d0ecdcdab86f77b952555f6e594be459b376634f60955709cc6e533086839
P1MCPUFP__CPUFP500K_0188__00645	PVRIG_CAND_049	49	9e6y	1931	21	71S,72L,74T,80P,81N,83A,87T,90V,92H,93P,94E,95R,100W,135K,137A,138S,139F,140P,142G,143S,145E	15	1	/data/qlyu/projects/pvrig_top7500_dualpanel_screen_v1_20260724/run/qc397_final50_fusion_developability_v1_20260726/final50_common4_bundle/representative_complexes/R46__P1MCPUFP__CPUFP500K_0188__00645__9e6y__s1931.pdb	095632e8e2469f7a734ac1b98a55aa5b70771e17b45818a9abd6b1aff1d471c9
P1MCPUFP__CPUFP500K_0188__00645	PVRIG_CAND_049	49	8x6b	3047	21	71S,72L,74T,81N,82G,83A,85G,87T,90V,95R,98R,100W,135K,137A,138S,139F,140P,141E,142G,143S,144W	18	1	/data/qlyu/projects/pvrig_top7500_dualpanel_screen_v1_20260724/run/qc397_final50_fusion_developability_v1_20260726/final50_common4_bundle/representative_complexes/R46__P1MCPUFP__CPUFP500K_0188__00645__8x6b__s3047.pdb	55f48953eb1ca4b716aebfb955ebdc713c08237284a87e42cbcc567134223d07
P1MCPUFP__CPUFP500K_0188__00645	PVRIG_CAND_049	49	9e6y	3047	22	71S,72L,74T,81N,82G,83A,84G,85G,87T,90V,92H,94E,95R,100W,135K,137A,139F,140P,141E,142G,143S,144W	17	1	/data/qlyu/projects/pvrig_top7500_dualpanel_screen_v1_20260724/run/qc397_final50_fusion_developability_v1_20260726/final50_common4_bundle/representative_complexes/R46__P1MCPUFP__CPUFP500K_0188__00645__9e6y__s3047.pdb	df210b818190e950cb4630a8afc5bf9c1d3ba52f3544ca950f79f91cfa264261
P1MCPUFP__CPUFP500K_0030__00860	PVRIG_CAND_042	42	8x6b	42	23	71S,72L,74T,81N,82G,83A,84G,85G,87T,90V,92H,94E,95R,98R,100W,135K,137A,138S,139F,140P,141E,142G,143S	18	1	/data/qlyu/projects/pvrig_top7500_dualpanel_screen_v1_20260724/run/qc397_final50_fusion_developability_v1_20260726/final50_common4_bundle/representative_complexes/R47__P1MCPUFP__CPUFP500K_0030__00860__8x6b__s42.pdb	d7d00a553239dbea0dacb8ae04a857497142beb4c1b09810adf16aa73c593ff2
P1MCPUFP__CPUFP500K_0030__00860	PVRIG_CAND_042	42	9e6y	42	17	71S,72L,74T,76S,81N,82G,83A,85G,87T,90V,92H,95R,98R,100W,135K,139F,143S	13	1	/data/qlyu/projects/pvrig_top7500_dualpanel_screen_v1_20260724/run/qc397_final50_fusion_developability_v1_20260726/final50_common4_bundle/representative_complexes/R47__P1MCPUFP__CPUFP500K_0030__00860__9e6y__s42.pdb	8c25425dd20beab7c5f9d4e9461d635201f4e03ebace1231057a913aa6106fec
P1MCPUFP__CPUFP500K_0030__00860	PVRIG_CAND_042	42	8x6b	917	17	71S,72L,74T,76S,81N,82G,83A,85G,87T,90V,92H,95R,98R,100W,135K,139F,143S	13	1	/data/qlyu/projects/pvrig_top7500_dualpanel_screen_v1_20260724/run/qc397_final50_fusion_developability_v1_20260726/final50_common4_bundle/representative_complexes/R47__P1MCPUFP__CPUFP500K_0030__00860__8x6b__s917.pdb	af2e7c27eb934fd27ada338bbabb4777c4ba934108f6839c0e532a839a3e25cf
P1MCPUFP__CPUFP500K_0030__00860	PVRIG_CAND_042	42	9e6y	917	19	71S,72L,74T,76S,81N,82G,83A,85G,87T,90V,92H,95R,98R,100W,135K,137A,138S,139F,143S	15	1	/data/qlyu/projects/pvrig_top7500_dualpanel_screen_v1_20260724/run/qc397_final50_fusion_developability_v1_20260726/final50_common4_bundle/representative_complexes/R47__P1MCPUFP__CPUFP500K_0030__00860__9e6y__s917.pdb	29c53eb686894eac17e9e3acd29551eeacbf2ba45712a991916fff1eed10b448
P1MCPUFP__CPUFP500K_0030__00860	PVRIG_CAND_042	42	8x6b	1931	15	71S,72L,74T,81N,82G,83A,87T,90V,92H,95R,98R,100W,135K,139F,143S	13	1	/data/qlyu/projects/pvrig_top7500_dualpanel_screen_v1_20260724/run/qc397_final50_fusion_developability_v1_20260726/final50_common4_bundle/representative_complexes/R47__P1MCPUFP__CPUFP500K_0030__00860__8x6b__s1931.pdb	5ea685fa3d329175b17eef11e03120361c8c6c2c6421de3fd78f0b654baa526c
P1MCPUFP__CPUFP500K_0030__00860	PVRIG_CAND_042	42	9e6y	1931	17	71S,72L,74T,76S,81N,82G,83A,85G,87T,90V,92H,95R,98R,100W,135K,139F,143S	13	1	/data/qlyu/projects/pvrig_top7500_dualpanel_screen_v1_20260724/run/qc397_final50_fusion_developability_v1_20260726/final50_common4_bundle/representative_complexes/R47__P1MCPUFP__CPUFP500K_0030__00860__9e6y__s1931.pdb	1232703e1152df10c5e6f97a28d5b3f485f7063fd5c3a188ab3b1ccdc92fe6d7
P1MCPUFP__CPUFP500K_0030__00860	PVRIG_CAND_042	42	8x6b	3047	20	71S,72L,74T,76S,81N,82G,83A,85G,87T,90V,92H,94E,95R,96G,98R,100W,135K,137A,139F,143S	15	1	/data/qlyu/projects/pvrig_top7500_dualpanel_screen_v1_20260724/run/qc397_final50_fusion_developability_v1_20260726/final50_common4_bundle/representative_complexes/R47__P1MCPUFP__CPUFP500K_0030__00860__8x6b__s3047.pdb	edd6bfdd451c22d1b4ff8097056a77f665d323f7a0a9fa6f44bfab81018849d8
P1MCPUFP__CPUFP500K_0030__00860	PVRIG_CAND_042	42	9e6y	3047	19	71S,72L,74T,76S,81N,82G,83A,87T,90V,91L,92H,94E,95R,96G,98R,100W,135K,139F,143S	14	1	/data/qlyu/projects/pvrig_top7500_dualpanel_screen_v1_20260724/run/qc397_final50_fusion_developability_v1_20260726/final50_common4_bundle/representative_complexes/R47__P1MCPUFP__CPUFP500K_0030__00860__9e6y__s3047.pdb	e8b912a8901b8b45cc3900ebaa792c1e59831636ba121699c4c969eac9b8437e
P1MCPUFP__CPUFP500K_0029__00647	PVRIG_CAND_043	43	8x6b	42	20	69S,70I,71S,72L,74T,81N,82G,87T,92H,93P,94E,135K,137A,138S,139F,140P,141E,142G,143S,144W	15	1	/data/qlyu/projects/pvrig_top7500_dualpanel_screen_v1_20260724/run/qc397_final50_fusion_developability_v1_20260726/final50_common4_bundle/representative_complexes/R48__P1MCPUFP__CPUFP500K_0029__00647__8x6b__s42.pdb	f0232b42876562c205099c88a25494feab8ccdd975f28bab189651928e0c7fe3
P1MCPUFP__CPUFP500K_0029__00647	PVRIG_CAND_043	43	9e6y	42	19	71S,72L,74T,76S,81N,82G,87T,90V,92H,94E,135K,137A,138S,139F,140P,141E,142G,143S,144W	16	1	/data/qlyu/projects/pvrig_top7500_dualpanel_screen_v1_20260724/run/qc397_final50_fusion_developability_v1_20260726/final50_common4_bundle/representative_complexes/R48__P1MCPUFP__CPUFP500K_0029__00647__9e6y__s42.pdb	4309be359111750b340d48591efe0ae7ba1a84ebcbfac4220898f70cab6b7998
P1MCPUFP__CPUFP500K_0029__00647	PVRIG_CAND_043	43	8x6b	917	18	71S,72L,74T,81N,82G,83A,84G,87T,92H,135K,137A,138S,139F,140P,141E,142G,143S,144W	16	1	/data/qlyu/projects/pvrig_top7500_dualpanel_screen_v1_20260724/run/qc397_final50_fusion_developability_v1_20260726/final50_common4_bundle/representative_complexes/R48__P1MCPUFP__CPUFP500K_0029__00647__8x6b__s917.pdb	3a5aa7837920c9f6e8e16a9a53c825de2dd9e010bb4d48d79dd503f4fb5da47b
P1MCPUFP__CPUFP500K_0029__00647	PVRIG_CAND_043	43	9e6y	917	19	71S,72L,74T,76S,81N,82G,83A,87T,92H,94E,135K,137A,138S,139F,140P,141E,142G,143S,144W	16	1	/data/qlyu/projects/pvrig_top7500_dualpanel_screen_v1_20260724/run/qc397_final50_fusion_developability_v1_20260726/final50_common4_bundle/representative_complexes/R48__P1MCPUFP__CPUFP500K_0029__00647__9e6y__s917.pdb	ad31f341a5dec8acfe3dca090f5606523380871183a04ce4d2a8809c8cae5155
P1MCPUFP__CPUFP500K_0029__00647	PVRIG_CAND_043	43	8x6b	1931	18	70I,71S,72L,74T,81N,82G,87T,92H,94E,135K,137A,138S,139F,140P,141E,142G,143S,144W	15	1	/data/qlyu/projects/pvrig_top7500_dualpanel_screen_v1_20260724/run/qc397_final50_fusion_developability_v1_20260726/final50_common4_bundle/representative_complexes/R48__P1MCPUFP__CPUFP500K_0029__00647__8x6b__s1931.pdb	9d0dc774db481104fbc6a916e420967985d3c27d4f7256b5bd4a2b7591a17a82
P1MCPUFP__CPUFP500K_0029__00647	PVRIG_CAND_043	43	9e6y	1931	19	70I,71S,72L,74T,81N,82G,87T,92H,93P,94E,135K,137A,138S,139F,140P,141E,142G,143S,144W	15	1	/data/qlyu/projects/pvrig_top7500_dualpanel_screen_v1_20260724/run/qc397_final50_fusion_developability_v1_20260726/final50_common4_bundle/representative_complexes/R48__P1MCPUFP__CPUFP500K_0029__00647__9e6y__s1931.pdb	88a8306c4e6b241d8eeb5ee2c1335cd26bf85bc4260e9ae48c48b799a5221756
P1MCPUFP__CPUFP500K_0029__00647	PVRIG_CAND_043	43	8x6b	3047	18	69S,71S,72L,74T,81N,82G,87T,92H,94E,135K,137A,138S,139F,140P,141E,142G,143S,144W	15	1	/data/qlyu/projects/pvrig_top7500_dualpanel_screen_v1_20260724/run/qc397_final50_fusion_developability_v1_20260726/final50_common4_bundle/representative_complexes/R48__P1MCPUFP__CPUFP500K_0029__00647__8x6b__s3047.pdb	0a669401cd5a0e2831f44bb4dedcb45110c71a344ac2f4d50f10ecd4604906bc
P1MCPUFP__CPUFP500K_0029__00647	PVRIG_CAND_043	43	9e6y	3047	18	71S,72L,74T,81N,82G,83A,87T,92H,94E,135K,137A,138S,139F,140P,141E,142G,143S,144W	16	1	/data/qlyu/projects/pvrig_top7500_dualpanel_screen_v1_20260724/run/qc397_final50_fusion_developability_v1_20260726/final50_common4_bundle/representative_complexes/R48__P1MCPUFP__CPUFP500K_0029__00647__9e6y__s3047.pdb	72f7a439fbd589ee06506bf65fcaf35a0c0c0a152164167846bc3187907686ec
P1MCPUFP__CPUFP500K_0090__00860	PVRIG_CAND_044	44	8x6b	42	16	71S,72L,74T,81N,82G,83A,135K,137A,138S,139F,140P,141E,142G,143S,144W,145E	15	0	/data/qlyu/projects/pvrig_top7500_dualpanel_screen_v1_20260724/run/qc397_final50_fusion_developability_v1_20260726/final50_common4_bundle/representative_complexes/R49__P1MCPUFP__CPUFP500K_0090__00860__8x6b__s42.pdb	b7517fd0ed5860411f3b0e7621f23ff0a8559355e9b9740d8986b010043ec0e7
P1MCPUFP__CPUFP500K_0090__00860	PVRIG_CAND_044	44	9e6y	42	18	41T,42P,71S,72L,74T,80P,81N,82G,83A,135K,137A,138S,139F,140P,141E,142G,143S,144W	15	0	/data/qlyu/projects/pvrig_top7500_dualpanel_screen_v1_20260724/run/qc397_final50_fusion_developability_v1_20260726/final50_common4_bundle/representative_complexes/R49__P1MCPUFP__CPUFP500K_0090__00860__9e6y__s42.pdb	f6a7056d8b3240052082ef9e3b7f457971ac41c1efa4c6261c92b423b345354e
P1MCPUFP__CPUFP500K_0090__00860	PVRIG_CAND_044	44	8x6b	917	23	71S,72L,74T,76S,81N,82G,83A,84G,85G,86T,87T,90V,95R,135K,137A,138S,139F,140P,141E,142G,143S,144W,145E	16	1	/data/qlyu/projects/pvrig_top7500_dualpanel_screen_v1_20260724/run/qc397_final50_fusion_developability_v1_20260726/final50_common4_bundle/representative_complexes/R49__P1MCPUFP__CPUFP500K_0090__00860__8x6b__s917.pdb	053a0bd9df42cf31cb1fe0b60b01679c4aed38facc250fab965c8d0211399b64
P1MCPUFP__CPUFP500K_0090__00860	PVRIG_CAND_044	44	9e6y	917	23	69S,70I,71S,72L,74T,76S,81N,82G,87T,90V,92H,93P,94E,95R,98R,100W,135K,137A,138S,139F,140P,142G,143S	16	1	/data/qlyu/projects/pvrig_top7500_dualpanel_screen_v1_20260724/run/qc397_final50_fusion_developability_v1_20260726/final50_common4_bundle/representative_complexes/R49__P1MCPUFP__CPUFP500K_0090__00860__9e6y__s917.pdb	e2b5b72f2e53ff0b4b2d2519e3d750277fe59e8785bddb01b29949c6dd8d0676
P1MCPUFP__CPUFP500K_0090__00860	PVRIG_CAND_044	44	8x6b	1931	17	42P,71S,72L,74T,80P,81N,82G,83A,135K,137A,138S,139F,140P,141E,142G,143S,144W	15	0	/data/qlyu/projects/pvrig_top7500_dualpanel_screen_v1_20260724/run/qc397_final50_fusion_developability_v1_20260726/final50_common4_bundle/representative_complexes/R49__P1MCPUFP__CPUFP500K_0090__00860__8x6b__s1931.pdb	613af0c2d068a6c825b9ce161c36b39d2c042a9b2de018f1c76b5628dcb9b2f9
P1MCPUFP__CPUFP500K_0090__00860	PVRIG_CAND_044	44	9e6y	1931	23	71S,72L,74T,76S,80P,81N,82G,83A,84G,85G,86T,87T,90V,135K,137A,138S,139F,140P,141E,142G,143S,144W,145E	16	1	/data/qlyu/projects/pvrig_top7500_dualpanel_screen_v1_20260724/run/qc397_final50_fusion_developability_v1_20260726/final50_common4_bundle/representative_complexes/R49__P1MCPUFP__CPUFP500K_0090__00860__9e6y__s1931.pdb	e71a8f65da4b0dcfae41b7fe5e1ec48c023c4775a09bde81088218716b6cd273
P1MCPUFP__CPUFP500K_0090__00860	PVRIG_CAND_044	44	8x6b	3047	16	42P,72L,74T,80P,81N,82G,83A,135K,137A,138S,139F,140P,141E,142G,143S,144W	14	0	/data/qlyu/projects/pvrig_top7500_dualpanel_screen_v1_20260724/run/qc397_final50_fusion_developability_v1_20260726/final50_common4_bundle/representative_complexes/R49__P1MCPUFP__CPUFP500K_0090__00860__8x6b__s3047.pdb	0dd738a51ad753a952496fed918bca22be7ac66433899552d45e17549b90023b
P1MCPUFP__CPUFP500K_0090__00860	PVRIG_CAND_044	44	9e6y	3047	18	41T,42P,72L,74T,80P,81N,82G,83A,135K,137A,138S,139F,140P,141E,142G,143S,144W,145E	14	0	/data/qlyu/projects/pvrig_top7500_dualpanel_screen_v1_20260724/run/qc397_final50_fusion_developability_v1_20260726/final50_common4_bundle/representative_complexes/R49__P1MCPUFP__CPUFP500K_0090__00860__9e6y__s3047.pdb	6094d6518f857e5e382ec2d2e73a36e9ad5b99984dffb0b90c3751d0efa3b8e1
NODE1GEN_128929_source_rfantibody_source_id_PVRIG_RFAb_v2_P6_ekg_L_bb339_mpn06_arm_P6_ekg_L_backbone_P6_ekg_L_bb339_status_NEEDS_RF2_AND_DOCKING	PVRIG_CAND_050	50	8x6b	42	20	71S,72L,74T,81N,82G,83A,87T,90V,92H,94E,95R,96G,98R,100W,135K,137A,138S,139F,142G,143S	17	1	/data/qlyu/projects/pvrig_top7500_dualpanel_screen_v1_20260724/run/qc397_final50_fusion_developability_v1_20260726/final50_common4_bundle/representative_complexes/R50__NODE1GEN_128929__8x6b__s42.pdb	8b8f178315972fa402e022be974e88b1efab1c60587b718de3e48d413138f85c
NODE1GEN_128929_source_rfantibody_source_id_PVRIG_RFAb_v2_P6_ekg_L_bb339_mpn06_arm_P6_ekg_L_backbone_P6_ekg_L_bb339_status_NEEDS_RF2_AND_DOCKING	PVRIG_CAND_050	50	9e6y	42	20	71S,72L,74T,81N,82G,83A,84G,87T,90V,91L,92H,95R,98R,100W,135K,137A,138S,139F,142G,143S	16	1	/data/qlyu/projects/pvrig_top7500_dualpanel_screen_v1_20260724/run/qc397_final50_fusion_developability_v1_20260726/final50_common4_bundle/representative_complexes/R50__NODE1GEN_128929__9e6y__s42.pdb	9dbb4fa8b025224d423a994b5d9edea437f25f197aa79de30857ab8714775973
NODE1GEN_128929_source_rfantibody_source_id_PVRIG_RFAb_v2_P6_ekg_L_bb339_mpn06_arm_P6_ekg_L_backbone_P6_ekg_L_bb339_status_NEEDS_RF2_AND_DOCKING	PVRIG_CAND_050	50	8x6b	917	21	71S,72L,74T,81N,82G,83A,84G,87T,90V,92H,94E,95R,96G,98R,100W,135K,137A,138S,139F,142G,143S	17	1	/data/qlyu/projects/pvrig_top7500_dualpanel_screen_v1_20260724/run/qc397_final50_fusion_developability_v1_20260726/final50_common4_bundle/representative_complexes/R50__NODE1GEN_128929__8x6b__s917.pdb	d7bbf1299b17fec709325c58759ffe674cf455e9df6d6051195b535ad721d106
NODE1GEN_128929_source_rfantibody_source_id_PVRIG_RFAb_v2_P6_ekg_L_bb339_mpn06_arm_P6_ekg_L_backbone_P6_ekg_L_bb339_status_NEEDS_RF2_AND_DOCKING	PVRIG_CAND_050	50	9e6y	917	19	71S,72L,74T,81N,82G,83A,87T,90V,92H,95R,96G,98R,100W,135K,137A,138S,139F,142G,143S	17	1	/data/qlyu/projects/pvrig_top7500_dualpanel_screen_v1_20260724/run/qc397_final50_fusion_developability_v1_20260726/final50_common4_bundle/representative_complexes/R50__NODE1GEN_128929__9e6y__s917.pdb	ee3c0087e588cb2bab8775cf85f95c69690681be48be3b593c0349d93c2e187b
NODE1GEN_128929_source_rfantibody_source_id_PVRIG_RFAb_v2_P6_ekg_L_bb339_mpn06_arm_P6_ekg_L_backbone_P6_ekg_L_bb339_status_NEEDS_RF2_AND_DOCKING	PVRIG_CAND_050	50	8x6b	1931	21	71S,72L,74T,81N,82G,83A,84G,87T,90V,91L,92H,95R,96G,98R,100W,135K,137A,138S,139F,142G,143S	17	1	/data/qlyu/projects/pvrig_top7500_dualpanel_screen_v1_20260724/run/qc397_final50_fusion_developability_v1_20260726/final50_common4_bundle/representative_complexes/R50__NODE1GEN_128929__8x6b__s1931.pdb	29f1b8fc8da215be2c4ee421686363e8c3f621898147eb08a7915b857169a0f9
NODE1GEN_128929_source_rfantibody_source_id_PVRIG_RFAb_v2_P6_ekg_L_bb339_mpn06_arm_P6_ekg_L_backbone_P6_ekg_L_bb339_status_NEEDS_RF2_AND_DOCKING	PVRIG_CAND_050	50	9e6y	1931	20	71S,72L,74T,81N,82G,83A,84G,87T,90V,92H,95R,96G,98R,100W,135K,137A,138S,139F,142G,143S	17	1	/data/qlyu/projects/pvrig_top7500_dualpanel_screen_v1_20260724/run/qc397_final50_fusion_developability_v1_20260726/final50_common4_bundle/representative_complexes/R50__NODE1GEN_128929__9e6y__s1931.pdb	46e71c984fe8e4c10df7025cd1e88a5417a91f2eab989c54c0a61ffb8833099e
NODE1GEN_128929_source_rfantibody_source_id_PVRIG_RFAb_v2_P6_ekg_L_bb339_mpn06_arm_P6_ekg_L_backbone_P6_ekg_L_bb339_status_NEEDS_RF2_AND_DOCKING	PVRIG_CAND_050	50	8x6b	3047	21	71S,72L,74T,81N,82G,83A,84G,87T,90V,91L,92H,95R,96G,98R,100W,135K,137A,138S,139F,142G,143S	17	1	/data/qlyu/projects/pvrig_top7500_dualpanel_screen_v1_20260724/run/qc397_final50_fusion_developability_v1_20260726/final50_common4_bundle/representative_complexes/R50__NODE1GEN_128929__8x6b__s3047.pdb	6be919313c9f939fdd4d8a51a33cf6b6e7fda567b9b2b92ea0559a5e1576dccc
NODE1GEN_128929_source_rfantibody_source_id_PVRIG_RFAb_v2_P6_ekg_L_bb339_mpn06_arm_P6_ekg_L_backbone_P6_ekg_L_bb339_status_NEEDS_RF2_AND_DOCKING	PVRIG_CAND_050	50	9e6y	3047	20	71S,72L,74T,81N,82G,83A,87T,90V,91L,92H,95R,96G,97I,98R,100W,135K,137A,138S,139F,143S	16	1	/data/qlyu/projects/pvrig_top7500_dualpanel_screen_v1_20260724/run/qc397_final50_fusion_developability_v1_20260726/final50_common4_bundle/representative_complexes/R50__NODE1GEN_128929__9e6y__s3047.pdb	62ef011c60ca426608dff12d40c4300f5ef1577bfad42591e4f95ea80669c6cd
