model,baseline,haddock_rank,haddock_score,hotspot_overlap_count,align_rmsd_A,total_vhh_pvrl2_atom_occlusion,total_vhh_pvrl2_residue_pair_occlusion,total_vhh_pvrl2_atom_clash,total_vhh_pvrl2_residue_pair_clash,cdr3_atom_occlusion,cdr3_atom_occlusion_fraction,cdr3_residue_pair_occlusion,cdr3_residue_pair_occlusion_fraction,cdr3_atom_clash,cdr3_residue_pair_clash,cdr3_vhh_residue_count,cdr3_pvrl2_residue_count,cdr12_atom_occlusion,cdr12_residue_pair_occlusion,framework_atom_occlusion,framework_residue_pair_occlusion,framework_residue_pair_occlusion_fraction
cluster_1_model_1,9e6y,1,,12,0.655,9411,781,1731,285,1881,0.19987248963978324,135,0.17285531370038412,361,47,12,48,1279,84,6251,562,0.7195902688860435
cluster_1_model_2,9e6y,3,,11,0.713,9388,766,1729,298,1850,0.19706007669365147,132,0.17232375979112272,353,49,12,46,1334,83,6204,551,0.7193211488250653
cluster_1_model_3,9e6y,5,,12,0.672,9424,762,1692,291,1880,0.199490662139219,131,0.17191601049868765,335,54,12,47,1276,78,6268,553,0.7257217847769029
cluster_2_model_1,9e6y,2,,11,0.399,8675,724,1521,269,1536,0.17706051873198847,114,0.1574585635359116,268,49,12,36,1414,93,5725,517,0.7140883977900553
cluster_3_model_1,9e6y,4,,9,0.628,10475,887,1851,321,1844,0.1760381861575179,138,0.1555806087936866,332,55,12,44,1518,111,7113,638,0.7192784667418264
cluster_4_model_1,9e6y,6,,11,0.522,7756,658,1339,233,1074,0.13847343991748323,95,0.14437689969604864,174,27,12,35,1788,139,4894,424,0.6443768996960486
cluster_4_model_2,9e6y,7,,11,0.578,8043,688,1413,250,1193,0.1483277384060674,91,0.13226744186046513,206,37,12,37,1717,125,5133,472,0.686046511627907
cluster_4_model_3,9e6y,8,,11,0.561,8542,716,1543,264,1303,0.15254038866775932,107,0.1494413407821229,260,41,12,37,1640,126,5599,483,0.6745810055865922
cluster_4_model_4,9e6y,9,,9,0.534,8172,695,1406,248,1216,0.14880078316201664,98,0.1410071942446043,220,35,12,35,1712,134,5244,463,0.6661870503597123
