model,baseline,haddock_rank,haddock_score,hotspot_overlap_count,align_rmsd_A,total_vhh_pvrl2_atom_occlusion,total_vhh_pvrl2_residue_pair_occlusion,total_vhh_pvrl2_atom_clash,total_vhh_pvrl2_residue_pair_clash,cdr3_atom_occlusion,cdr3_atom_occlusion_fraction,cdr3_residue_pair_occlusion,cdr3_residue_pair_occlusion_fraction,cdr3_atom_clash,cdr3_residue_pair_clash,cdr3_vhh_residue_count,cdr3_pvrl2_residue_count,cdr12_atom_occlusion,cdr12_residue_pair_occlusion,framework_atom_occlusion,framework_residue_pair_occlusion,framework_residue_pair_occlusion_fraction
cluster_1_model_1,9e6y,1,,11,0.605,9022,748,1669,273,1926,0.21347816448681,141,0.18850267379679145,392,59,13,49,1134,72,5962,535,0.7152406417112299
cluster_1_model_2,9e6y,2,,14,0.657,9274,789,1723,272,1917,0.20670692257925383,138,0.17490494296577946,378,53,13,44,1096,85,6261,566,0.7173637515842839
cluster_1_model_3,9e6y,3,,11,0.615,9560,807,1762,273,1919,0.20073221757322177,146,0.1809169764560099,378,48,13,48,1349,101,6292,560,0.6939281288723668
cluster_1_model_4,9e6y,4,,11,0.620,8806,721,1652,265,1972,0.22393822393822393,150,0.20804438280166435,390,54,13,49,1366,88,5468,483,0.6699029126213593
cluster_2_model_1,9e6y,5,,12,0.652,9161,736,1652,276,1923,0.20991158170505403,128,0.17391304347826086,336,55,13,43,1246,78,5992,530,0.720108695652174
cluster_3_model_1,9e6y,6,,9,0.826,8146,659,1462,252,1615,0.19825681315983304,105,0.15933232169954475,297,48,13,35,1529,126,5002,428,0.6494688922610015
cluster_4_model_1,9e6y,7,,8,0.475,6837,585,1195,204,1087,0.1589878601725903,77,0.13162393162393163,192,31,13,25,1294,101,4456,407,0.6957264957264957
