{
  "status": "COMPLETED_WITH_PAIR_RANKING_LIMITATION",
  "seeds": [
    43,
    53,
    67
  ],
  "strict_dataset_sizes": {
    "contact_test": 1262,
    "contact_train": 5890,
    "contact_val": 1262,
    "pair_test": 686,
    "pair_train": 3262,
    "pair_val": 712,
    "rank_test": 502,
    "rank_train": 2402,
    "rank_val": 527,
    "site_test": 184,
    "site_train": 861,
    "site_val": 185
  },
  "metrics": {
    "contact_auprc": {
      "max": 0.5282553749480985,
      "mean": 0.5197292948319059,
      "min": 0.5065306531448809,
      "n": 3,
      "std": 0.011591613696190618
    },
    "contact_auroc": {
      "max": 0.8307945772496955,
      "mean": 0.8286692148736865,
      "min": 0.8246289966795526,
      "n": 3,
      "std": 0.003500514325765045
    },
    "contact_f1": {
      "max": 0.5499775096317446,
      "mean": 0.5454778744134452,
      "min": 0.5366111208884854,
      "n": 3,
      "std": 0.007679119659001085
    },
    "contact_fn": {
      "max": 10466.0,
      "mean": 9941.333333333334,
      "min": 9257.0,
      "n": 3,
      "std": 620.113161715935
    },
    "contact_fp": {
      "max": 40770.0,
      "mean": 37224.666666666664,
      "min": 34983.0,
      "n": 3,
      "std": 3105.9623844041207
    },
    "contact_n": {
      "max": 191604.0,
      "mean": 191604.0,
      "min": 191604.0,
      "n": 3,
      "std": 0.0
    },
    "contact_positive_rate": {
      "max": 0.19948957224275068,
      "mean": 0.19948957224275068,
      "min": 0.19948957224275068,
      "n": 3,
      "std": 0.0
    },
    "contact_precision": {
      "max": 0.4424131335671023,
      "mean": 0.4322969602984677,
      "min": 0.4153665251806814,
      "n": 3,
      "std": 0.014754842585189035
    },
    "contact_precision_at_poscount_or_50": {
      "max": 0.04328702932076099,
      "mean": 0.03843151028276772,
      "min": 0.029796084308826774,
      "n": 3,
      "std": 0.007497811124726816
    },
    "contact_recall": {
      "max": 0.7578159746749339,
      "mean": 0.7399122692270796,
      "min": 0.7261858043586322,
      "n": 3,
      "std": 0.016223560728250905
    },
    "contact_tn": {
      "max": 118398.0,
      "mean": 116156.33333333333,
      "min": 112611.0,
      "n": 3,
      "std": 3105.962384404121
    },
    "contact_tp": {
      "max": 28966.0,
      "mean": 28281.666666666668,
      "min": 27757.0,
      "n": 3,
      "std": 620.113161715935
    },
    "epitope_auprc": {
      "max": 0.16760947408147944,
      "mean": 0.15977744317005493,
      "min": 0.14607211866489983,
      "n": 3,
      "std": 0.011909496329133112
    },
    "epitope_auroc": {
      "max": 0.6735441749557783,
      "mean": 0.6692417246788342,
      "min": 0.6618386615401175,
      "n": 3,
      "std": 0.006439340895619456
    },
    "epitope_f1": {
      "max": 0.22016936104695922,
      "mean": 0.20920161515376293,
      "min": 0.1986789960369881,
      "n": 3,
      "std": 0.010752095165629964
    },
    "epitope_fn": {
      "max": 1596.0,
      "mean": 1289.0,
      "min": 1019.0,
      "n": 3,
      "std": 290.2740084816414
    },
    "epitope_fp": {
      "max": 23245.0,
      "mean": 19551.333333333332,
      "min": 15625.0,
      "n": 3,
      "std": 3815.324407351665
    },
    "epitope_n": {
      "max": 48465.0,
      "mean": 48465.0,
      "min": 48465.0,
      "n": 3,
      "std": 0.0
    },
    "epitope_positive_rate": {
      "max": 0.08309089033323017,
      "mean": 0.08309089033323017,
      "min": 0.08309089033323017,
      "n": 3,
      "std": 0.0
    },
    "epitope_precision": {
      "max": 0.13463668586619407,
      "mean": 0.12407494641761217,
      "min": 0.11457738163257533,
      "n": 3,
      "std": 0.010071905101326018
    },
    "epitope_recall": {
      "max": 0.7469580332753911,
      "mean": 0.6799106034268686,
      "min": 0.603675192450956,
      "n": 3,
      "std": 0.0720819489648973
    },
    "epitope_tn": {
      "max": 28813.0,
      "mean": 24886.666666666668,
      "min": 21193.0,
      "n": 3,
      "std": 3815.324407351665
    },
    "epitope_tp": {
      "max": 3008.0,
      "mean": 2738.0,
      "min": 2431.0,
      "n": 3,
      "std": 290.2740084816414
    },
    "pair_contrastive_proxy_auprc": {
      "max": 0.2756612558819862,
      "mean": 0.2699408232355267,
      "min": 0.2669554901129349,
      "n": 3,
      "std": 0.004955619684811621
    },
    "pair_contrastive_proxy_auroc": {
      "max": 0.5349063461000839,
      "mean": 0.5289348616158792,
      "min": 0.5175174727425217,
      "n": 3,
      "std": 0.009891240322789678
    },
    "pair_contrastive_proxy_f1": {
      "max": 0.40650406504065045,
      "mean": 0.40650406504065045,
      "min": 0.40650406504065045,
      "n": 3,
      "std": 0.0
    },
    "pair_contrastive_proxy_fn": {
      "max": 0.0,
      "mean": 0.0,
      "min": 0.0,
      "n": 3,
      "std": 0.0
    },
    "pair_contrastive_proxy_fp": {
      "max": 511.0,
      "mean": 511.0,
      "min": 511.0,
      "n": 3,
      "std": 0.0
    },
    "pair_contrastive_proxy_n": {
      "max": 686.0,
      "mean": 686.0,
      "min": 686.0,
      "n": 3,
      "std": 0.0
    },
    "pair_contrastive_proxy_positive_rate": {
      "max": 0.25510204081632654,
      "mean": 0.25510204081632654,
      "min": 0.25510204081632654,
      "n": 3,
      "std": 0.0
    },
    "pair_contrastive_proxy_precision": {
      "max": 0.25510204081632654,
      "mean": 0.25510204081632654,
      "min": 0.25510204081632654,
      "n": 3,
      "std": 0.0
    },
    "pair_contrastive_proxy_recall": {
      "max": 1.0,
      "mean": 1.0,
      "min": 1.0,
      "n": 3,
      "std": 0.0
    },
    "pair_contrastive_proxy_tn": {
      "max": 0.0,
      "mean": 0.0,
      "min": 0.0,
      "n": 3,
      "std": 0.0
    },
    "pair_contrastive_proxy_tp": {
      "max": 175.0,
      "mean": 175.0,
      "min": 175.0,
      "n": 3,
      "std": 0.0
    },
    "paratope_auprc": {
      "max": 0.6390877689361563,
      "mean": 0.6306277014334235,
      "min": 0.6139116293112259,
      "n": 3,
      "std": 0.014476902666349739
    },
    "paratope_auroc": {
      "max": 0.9046570607404398,
      "mean": 0.9019562507408313,
      "min": 0.8984283484897532,
      "n": 3,
      "std": 0.0031956650747214143
    },
    "paratope_f1": {
      "max": 0.6101950438141902,
      "mean": 0.6030073015351215,
      "min": 0.5906801007556676,
      "n": 3,
      "std": 0.010724680689989352
    },
    "paratope_fn": {
      "max": 684.0,
      "mean": 565.6666666666666,
      "min": 484.0,
      "n": 3,
      "std": 104.92060490358094
    },
    "paratope_fp": {
      "max": 4066.0,
      "mean": 3654.3333333333335,
      "min": 3289.0,
      "n": 3,
      "std": 390.56668231344736
    },
    "paratope_n": {
      "max": 22345.0,
      "mean": 22345.0,
      "min": 22345.0,
      "n": 3,
      "std": 0.0
    },
    "paratope_positive_rate": {
      "max": 0.1685835757440143,
      "mean": 0.1685835757440143,
      "min": 0.1685835757440143,
      "n": 3,
      "std": 0.0
    },
    "paratope_precision": {
      "max": 0.48383553044569994,
      "mean": 0.4678466323954633,
      "min": 0.4467274459110083,
      "n": 3,
      "std": 0.019078584303405748
    },
    "paratope_recall": {
      "max": 0.8715157950623839,
      "mean": 0.8498362976727724,
      "min": 0.8184231483939475,
      "n": 3,
      "std": 0.027852563021922176
    },
    "paratope_tn": {
      "max": 15289.0,
      "mean": 14923.666666666666,
      "min": 14512.0,
      "n": 3,
      "std": 390.56668231344736
    },
    "paratope_tp": {
      "max": 3283.0,
      "mean": 3201.3333333333335,
      "min": 3083.0,
      "n": 3,
      "std": 104.92060490358095
    },
    "ranking_groups": {
      "max": 175.0,
      "mean": 175.0,
      "min": 175.0,
      "n": 3,
      "std": 0.0
    },
    "ranking_hard_negative_win_rate": {
      "max": 0.5779816513761468,
      "mean": 0.5453618756371049,
      "min": 0.5137614678899083,
      "n": 3,