{
  "phase1_paratope_test_auprc": 0.41744344000115485,
  "phase2_paratope_test_auprc": 0.6244340297865512,
  "phase1_epitope_test_auprc": 0.13251513532736475,
  "phase2_epitope_test_auprc": 0.15410052732313168,
  "phase2_pair_test_auprc": 0.26837667444110264,
  "phase2_pair_test_auroc": 0.5152952847805788,
  "phase2_weak_contact_test_auprc": 0.6862518966648451,
  "paratope_auprc_delta": 0.2069905897853963,
  "epitope_auprc_delta": 0.021585391995766923
}