model,baseline,haddock_rank,haddock_score,hotspot_overlap_count,align_rmsd_A,total_vhh_pvrl2_atom_occlusion,total_vhh_pvrl2_residue_pair_occlusion,total_vhh_pvrl2_atom_clash,total_vhh_pvrl2_residue_pair_clash,cdr3_atom_occlusion,cdr3_atom_occlusion_fraction,cdr3_residue_pair_occlusion,cdr3_residue_pair_occlusion_fraction,cdr3_atom_clash,cdr3_residue_pair_clash,cdr3_vhh_residue_count,cdr3_pvrl2_residue_count,cdr12_atom_occlusion,cdr12_residue_pair_occlusion,framework_atom_occlusion,framework_residue_pair_occlusion,framework_residue_pair_occlusion_fraction
cluster_1_model_1,8x6b,1,,17,0.620,9030,764,1687,280,1490,0.16500553709856036,111,0.14528795811518325,296,45,11,40,1485,121,6055,532,0.6963350785340314
cluster_1_model_2,8x6b,3,,12,0.494,8094,714,1435,252,1723,0.21287373362984927,127,0.17787114845938376,320,51,11,46,1127,94,5244,493,0.6904761904761905
cluster_1_model_3,8x6b,5,,15,0.587,9022,792,1630,286,1519,0.1683662159166482,114,0.14393939393939395,299,49,11,39,1663,133,5840,545,0.6881313131313131
cluster_1_model_4,8x6b,6,,15,0.630,9167,780,1652,285,1635,0.17835715064906732,125,0.16025641025641027,310,52,11,43,1478,126,6054,529,0.6782051282051282
cluster_2_model_1,8x6b,2,,17,0.610,7095,607,1269,208,1117,0.15743481324876674,83,0.13673805601317957,212,32,11,25,1525,118,4453,406,0.6688632619439868
cluster_3_model_1,8x6b,4,,19,0.464,7638,645,1360,240,1686,0.22073841319717202,112,0.17364341085271318,305,48,11,39,1258,101,4694,432,0.6697674418604651
cluster_4_model_1,8x6b,7,,11,0.555,9197,798,1713,290,1662,0.18071110144612373,130,0.16290726817042606,310,51,11,44,1724,141,5811,527,0.6604010025062657
