{
  "abnativ_vhh_score_pass_only": {
    "max": 0.8820303740526465,
    "mean": 0.753845892951116,
    "median": 0.7564168050812788,
    "min": 0.5952816779770713,
    "q05": 0.6707025878898984,
    "q95": 0.8267527711320821
  },
  "na_reason_counts": {
    "AHO_INSERTION_UNSUPPORTED": 31613
  },
  "output": "/mnt/d/work/\u6297\u4f53/code/pvrig_500k_generation_20260721/run/pvrig_1m_cpu_fixed_pose_selected300k_metrics_v1_20260722/aggregated/abnativ_all.tsv.gz",
  "output_sha256": "481cb616210611a5f1fc86697388124c65821201fac6726a887625b6f56961f5",
  "records": 300000,
  "scientific_boundary": "VHH nativeness/developability proxy; not measured expression or purity",
  "status": "PASS",
  "status_counts": {
    "NA": 31613,
    "PASS": 268387
  },
  "tasks": 32
}
