{
  "mean_self_probability": {
    "max": 0.797431628095607,
    "mean": 0.7202867446751712,
    "median": 0.7202536339278925,
    "min": 0.6403246319213928,
    "q05": 0.6702028851765631,
    "q95": 0.7661425621892947
  },
  "num_suggested_mutations": {
    "max": 32.0,
    "mean": 16.65827,
    "median": 17.0,
    "min": 5.0,
    "q05": 11.0,
    "q95": 23.0
  },
  "output": "/mnt/d/work/\u6297\u4f53/code/pvrig_500k_generation_20260721/run/pvrig_1m_cpu_fixed_pose_selected300k_metrics_v1_20260722/aggregated/sapiens_all.tsv.gz",
  "output_sha256": "31a98bd97882708f10357a30fd3fd826efa680c48fc6eca27ee0225ffc71ca2a",
  "records": 300000,
  "scientific_boundary": "human-likeness/developability proxy; not measured expression or purity",
  "status": "PASS",
  "tasks": 32
}
