left_submission_id	left_competition_rank	left_candidate_id	right_submission_id	right_competition_rank	right_candidate_id	cdr1_identity	cdr2_identity	cdr3_identity	max_any_cdr_identity	all_three_below_0p80
PVRIG_CAND_001	1	NODE1GEN_112448_source_rfantibody_source_id_PVRIG_RFAb_v2_P5_qkg_L_bb355_mpn01_arm_P5_qkg_L_backbone_P5_qkg_L_bb355_status_NEEDS_RF2_AND_DOCKING	PVRIG_CAND_002	2	NODE1GEN_229102_source_fixed_pose_mpnn_source_id_P500K__FIXED_POSE_MPNN__2F90E7DCCA05F9E4	0.200000	0.250000	0.421053	0.421053	true
PVRIG_CAND_001	1	NODE1GEN_112448_source_rfantibody_source_id_PVRIG_RFAb_v2_P5_qkg_L_bb355_mpn01_arm_P5_qkg_L_backbone_P5_qkg_L_bb355_status_NEEDS_RF2_AND_DOCKING	PVRIG_CAND_003	3	P1MCPUFP__CPUFP500K_0188__00519	0.200000	0.250000	0.315789	0.315789	true
PVRIG_CAND_001	1	NODE1GEN_112448_source_rfantibody_source_id_PVRIG_RFAb_v2_P5_qkg_L_bb355_mpn01_arm_P5_qkg_L_backbone_P5_qkg_L_bb355_status_NEEDS_RF2_AND_DOCKING	PVRIG_CAND_004	4	NODE1GEN_181778_source_fixed_pose_mpnn_source_id_P500K__FIXED_POSE_MPNN__8EDA6734F7A8BD2C	0.500000	0.250000	0.315789	0.500000	true
PVRIG_CAND_001	1	NODE1GEN_112448_source_rfantibody_source_id_PVRIG_RFAb_v2_P5_qkg_L_bb355_mpn01_arm_P5_qkg_L_backbone_P5_qkg_L_bb355_status_NEEDS_RF2_AND_DOCKING	PVRIG_CAND_005	5	NODE1GEN_256613_source_fixed_pose_mpnn_source_id_P500K__FIXED_POSE_MPNN__0A1B353F72DFABBD	0.200000	0.250000	0.315789	0.315789	true
PVRIG_CAND_001	1	NODE1GEN_112448_source_rfantibody_source_id_PVRIG_RFAb_v2_P5_qkg_L_bb355_mpn01_arm_P5_qkg_L_backbone_P5_qkg_L_bb355_status_NEEDS_RF2_AND_DOCKING	PVRIG_CAND_006	6	NODE1GEN_183154_source_fixed_pose_mpnn_source_id_P500K__FIXED_POSE_MPNN__E25C2338B83B903C	0.200000	0.250000	0.263158	0.263158	true
PVRIG_CAND_001	1	NODE1GEN_112448_source_rfantibody_source_id_PVRIG_RFAb_v2_P5_qkg_L_bb355_mpn01_arm_P5_qkg_L_backbone_P5_qkg_L_bb355_status_NEEDS_RF2_AND_DOCKING	PVRIG_CAND_007	7	P1MCPUFP__CPUFP500K_0100__00188	0.400000	0.375000	0.473684	0.473684	true
PVRIG_CAND_001	1	NODE1GEN_112448_source_rfantibody_source_id_PVRIG_RFAb_v2_P5_qkg_L_bb355_mpn01_arm_P5_qkg_L_backbone_P5_qkg_L_bb355_status_NEEDS_RF2_AND_DOCKING	PVRIG_CAND_008	8	P1MCPUFP__CPUFP500K_0002__00919	0.400000	0.250000	0.263158	0.400000	true
PVRIG_CAND_001	1	NODE1GEN_112448_source_rfantibody_source_id_PVRIG_RFAb_v2_P5_qkg_L_bb355_mpn01_arm_P5_qkg_L_backbone_P5_qkg_L_bb355_status_NEEDS_RF2_AND_DOCKING	PVRIG_CAND_009	9	P1MCPUFP__CPUFP500K_0288__00659	0.200000	0.250000	0.263158	0.263158	true
PVRIG_CAND_001	1	NODE1GEN_112448_source_rfantibody_source_id_PVRIG_RFAb_v2_P5_qkg_L_bb355_mpn01_arm_P5_qkg_L_backbone_P5_qkg_L_bb355_status_NEEDS_RF2_AND_DOCKING	PVRIG_CAND_010	10	P1MCPUFP__CPUFP500K_0100__00092	0.300000	0.250000	0.315789	0.315789	true
PVRIG_CAND_001	1	NODE1GEN_112448_source_rfantibody_source_id_PVRIG_RFAb_v2_P5_qkg_L_bb355_mpn01_arm_P5_qkg_L_backbone_P5_qkg_L_bb355_status_NEEDS_RF2_AND_DOCKING	PVRIG_CAND_011	11	NODE1GEN_154595_source_fixed_pose_mpnn_source_id_P500K__FIXED_POSE_MPNN__9B999365EA60CCE9	0.300000	0.125000	0.315789	0.315789	true
PVRIG_CAND_001	1	NODE1GEN_112448_source_rfantibody_source_id_PVRIG_RFAb_v2_P5_qkg_L_bb355_mpn01_arm_P5_qkg_L_backbone_P5_qkg_L_bb355_status_NEEDS_RF2_AND_DOCKING	PVRIG_CAND_012	12	P1MCPUFP__CPUFP500K_0188__00282	0.400000	0.250000	0.421053	0.421053	true
PVRIG_CAND_001	1	NODE1GEN_112448_source_rfantibody_source_id_PVRIG_RFAb_v2_P5_qkg_L_bb355_mpn01_arm_P5_qkg_L_backbone_P5_qkg_L_bb355_status_NEEDS_RF2_AND_DOCKING	PVRIG_CAND_013	13	NODE1GEN_191476_source_fixed_pose_mpnn_source_id_P500K__FIXED_POSE_MPNN__310934EF4B70CA47	0.400000	0.250000	0.315789	0.400000	true
PVRIG_CAND_001	1	NODE1GEN_112448_source_rfantibody_source_id_PVRIG_RFAb_v2_P5_qkg_L_bb355_mpn01_arm_P5_qkg_L_backbone_P5_qkg_L_bb355_status_NEEDS_RF2_AND_DOCKING	PVRIG_CAND_014	14	P1MCPUFP__CPUFP500K_0090__00532	0.200000	0.375000	0.421053	0.421053	true
PVRIG_CAND_001	1	NODE1GEN_112448_source_rfantibody_source_id_PVRIG_RFAb_v2_P5_qkg_L_bb355_mpn01_arm_P5_qkg_L_backbone_P5_qkg_L_bb355_status_NEEDS_RF2_AND_DOCKING	PVRIG_CAND_015	15	NODE1GEN_177961_source_fixed_pose_mpnn_source_id_P500K__FIXED_POSE_MPNN__8431DA62B813A913	0.300000	0.375000	0.315789	0.375000	true
PVRIG_CAND_001	1	NODE1GEN_112448_source_rfantibody_source_id_PVRIG_RFAb_v2_P5_qkg_L_bb355_mpn01_arm_P5_qkg_L_backbone_P5_qkg_L_bb355_status_NEEDS_RF2_AND_DOCKING	PVRIG_CAND_016	16	NODE1GEN_206644_source_fixed_pose_mpnn_source_id_P500K__FIXED_POSE_MPNN__53F648E960398F2F	0.400000	0.250000	0.157895	0.400000	true
PVRIG_CAND_001	1	NODE1GEN_112448_source_rfantibody_source_id_PVRIG_RFAb_v2_P5_qkg_L_bb355_mpn01_arm_P5_qkg_L_backbone_P5_qkg_L_bb355_status_NEEDS_RF2_AND_DOCKING	PVRIG_CAND_017	17	P1MCPUFP__CPUFP500K_0287__00804	0.200000	0.250000	0.315789	0.315789	true
PVRIG_CAND_001	1	NODE1GEN_112448_source_rfantibody_source_id_PVRIG_RFAb_v2_P5_qkg_L_bb355_mpn01_arm_P5_qkg_L_backbone_P5_qkg_L_bb355_status_NEEDS_RF2_AND_DOCKING	PVRIG_CAND_018	18	NODE1GEN_127352_source_rfantibody_source_id_PVRIG_RFAb_v2_P6_ekg_L_bb203_mpn04_arm_P6_ekg_L_backbone_P6_ekg_L_bb203_status_NEEDS_RF2_AND_DOCKING	0.875000	0.625000	0.470588	0.875000	false
PVRIG_CAND_001	1	NODE1GEN_112448_source_rfantibody_source_id_PVRIG_RFAb_v2_P5_qkg_L_bb355_mpn01_arm_P5_qkg_L_backbone_P5_qkg_L_bb355_status_NEEDS_RF2_AND_DOCKING	PVRIG_CAND_019	19	P1MCPUFP__CPUFP500K_0089__00735	0.300000	0.250000	0.421053	0.421053	true
PVRIG_CAND_001	1	NODE1GEN_112448_source_rfantibody_source_id_PVRIG_RFAb_v2_P5_qkg_L_bb355_mpn01_arm_P5_qkg_L_backbone_P5_qkg_L_bb355_status_NEEDS_RF2_AND_DOCKING	PVRIG_CAND_020	20	NODE1GEN_258472_source_fixed_pose_mpnn_source_id_P500K__FIXED_POSE_MPNN__2E2B33208D567583	0.125000	0.250000	0.235294	0.250000	true
PVRIG_CAND_001	1	NODE1GEN_112448_source_rfantibody_source_id_PVRIG_RFAb_v2_P5_qkg_L_bb355_mpn01_arm_P5_qkg_L_backbone_P5_qkg_L_bb355_status_NEEDS_RF2_AND_DOCKING	PVRIG_CAND_021	21	P1MCPUFP__CPUFP500K_0299__00780	0.300000	0.125000	0.315789	0.315789	true
PVRIG_CAND_001	1	NODE1GEN_112448_source_rfantibody_source_id_PVRIG_RFAb_v2_P5_qkg_L_bb355_mpn01_arm_P5_qkg_L_backbone_P5_qkg_L_bb355_status_NEEDS_RF2_AND_DOCKING	PVRIG_CAND_022	22	P1MCPUFP__CPUFP500K_0189__00858	0.200000	0.375000	0.421053	0.421053	true
PVRIG_CAND_001	1	NODE1GEN_112448_source_rfantibody_source_id_PVRIG_RFAb_v2_P5_qkg_L_bb355_mpn01_arm_P5_qkg_L_backbone_P5_qkg_L_bb355_status_NEEDS_RF2_AND_DOCKING	PVRIG_CAND_023	23	NODE1GEN_174576_source_fixed_pose_mpnn_source_id_P500K__FIXED_POSE_MPNN__D5384A7F42146722	0.300000	0.250000	0.421053	0.421053	true
PVRIG_CAND_001	1	NODE1GEN_112448_source_rfantibody_source_id_PVRIG_RFAb_v2_P5_qkg_L_bb355_mpn01_arm_P5_qkg_L_backbone_P5_qkg_L_bb355_status_NEEDS_RF2_AND_DOCKING	PVRIG_CAND_024	24	NODE1GEN_002130_source_rfantibody_source_id_PVRIG_RFAb_v2_P1_ekg_L_bb177_mpn10_arm_P1_ekg_L_backbone_P1_ekg_L_bb177_status_NEEDS_RF2_AND_DOCKING	0.750000	0.625000	0.470588	0.750000	true
PVRIG_CAND_001	1	NODE1GEN_112448_source_rfantibody_source_id_PVRIG_RFAb_v2_P5_qkg_L_bb355_mpn01_arm_P5_qkg_L_backbone_P5_qkg_L_bb355_status_NEEDS_RF2_AND_DOCKING	PVRIG_CAND_025	25	P1MCPUFP__CPUFP500K_0380__00771	0.200000	0.375000	0.368421	0.375000	true
PVRIG_CAND_001	1	NODE1GEN_112448_source_rfantibody_source_id_PVRIG_RFAb_v2_P5_qkg_L_bb355_mpn01_arm_P5_qkg_L_backbone_P5_qkg_L_bb355_status_NEEDS_RF2_AND_DOCKING	PVRIG_CAND_026	26	NODE1GEN_217675_source_fixed_pose_mpnn_source_id_P500K__FIXED_POSE_MPNN__68DDB4A6D7CBCA89	0.300000	0.125000	0.263158	0.300000	true
PVRIG_CAND_001	1	NODE1GEN_112448_source_rfantibody_source_id_PVRIG_RFAb_v2_P5_qkg_L_bb355_mpn01_arm_P5_qkg_L_backbone_P5_qkg_L_bb355_status_NEEDS_RF2_AND_DOCKING	PVRIG_CAND_027	27	P1MCPUFP__CPUFP500K_0404__00029	0.300000	0.250000	0.157895	0.300000	true
PVRIG_CAND_001	1	NODE1GEN_112448_source_rfantibody_source_id_PVRIG_RFAb_v2_P5_qkg_L_bb355_mpn01_arm_P5_qkg_L_backbone_P5_qkg_L_bb355_status_NEEDS_RF2_AND_DOCKING	PVRIG_CAND_028	28	P1MCPUFP__CPUFP500K_0188__00549	0.300000	0.250000	0.315789	0.315789	true
PVRIG_CAND_001	1	NODE1GEN_112448_source_rfantibody_source_id_PVRIG_RFAb_v2_P5_qkg_L_bb355_mpn01_arm_P5_qkg_L_backbone_P5_qkg_L_bb355_status_NEEDS_RF2_AND_DOCKING	PVRIG_CAND_029	29	P1MCPUFP__CPUFP500K_0188__00481	0.200000	0.250000	0.315789	0.315789	true
PVRIG_CAND_001	1	NODE1GEN_112448_source_rfantibody_source_id_PVRIG_RFAb_v2_P5_qkg_L_bb355_mpn01_arm_P5_qkg_L_backbone_P5_qkg_L_bb355_status_NEEDS_RF2_AND_DOCKING	PVRIG_CAND_030	30	NODE1GEN_182669_source_fixed_pose_mpnn_source_id_P500K__FIXED_POSE_MPNN__D4BBD3AB583903E7	0.500000	0.250000	0.263158	0.500000	true
PVRIG_CAND_001	1	NODE1GEN_112448_source_rfantibody_source_id_PVRIG_RFAb_v2_P5_qkg_L_bb355_mpn01_arm_P5_qkg_L_backbone_P5_qkg_L_bb355_status_NEEDS_RF2_AND_DOCKING	PVRIG_CAND_031	31	NODE1GEN_128014_source_rfantibody_source_id_PVRIG_RFAb_v2_P6_ekg_L_bb258_mpn01_arm_P6_ekg_L_backbone_P6_ekg_L_bb258_status_NEEDS_RF2_AND_DOCKING	0.750000	0.375000	0.294118	0.750000	true
PVRIG_CAND_001	1	NODE1GEN_112448_source_rfantibody_source_id_PVRIG_RFAb_v2_P5_qkg_L_bb355_mpn01_arm_P5_qkg_L_backbone_P5_qkg_L_bb355_status_NEEDS_RF2_AND_DOCKING	PVRIG_CAND_032	32	NODE1GEN_218195_source_fixed_pose_mpnn_source_id_P500K__FIXED_POSE_MPNN__A6B62FDDBC1A99BE	0.200000	0.250000	0.421053	0.421053	true
PVRIG_CAND_001	1	NODE1GEN_112448_source_rfantibody_source_id_PVRIG_RFAb_v2_P5_qkg_L_bb355_mpn01_arm_P5_qkg_L_backbone_P5_qkg_L_bb355_status_NEEDS_RF2_AND_DOCKING	PVRIG_CAND_033	33	NODE1GEN_195165_source_fixed_pose_mpnn_source_id_P500K__FIXED_POSE_MPNN__499D245F888E5DC4	0.300000	0.250000	0.421053	0.421053	true
PVRIG_CAND_001	1	NODE1GEN_112448_source_rfantibody_source_id_PVRIG_RFAb_v2_P5_qkg_L_bb355_mpn01_arm_P5_qkg_L_backbone_P5_qkg_L_bb355_status_NEEDS_RF2_AND_DOCKING	PVRIG_CAND_034	34	NODE1GEN_235318_source_fixed_pose_mpnn_source_id_P500K__FIXED_POSE_MPNN__B52C2EC7CC64BFED	0.200000	0.125000	0.368421	0.368421	true
PVRIG_CAND_001	1	NODE1GEN_112448_source_rfantibody_source_id_PVRIG_RFAb_v2_P5_qkg_L_bb355_mpn01_arm_P5_qkg_L_backbone_P5_qkg_L_bb355_status_NEEDS_RF2_AND_DOCKING	PVRIG_CAND_035	35	NODE1GEN_076816_source_rfantibody_source_id_PVRIG_RFAb_v2_P4_ekg_L_bb155_mpn03_arm_P4_ekg_L_backbone_P4_ekg_L_bb155_status_NEEDS_RF2_AND_DOCKING	0.750000	0.500000	0.411765	0.750000	true
PVRIG_CAND_001	1	NODE1GEN_112448_source_rfantibody_source_id_PVRIG_RFAb_v2_P5_qkg_L_bb355_mpn01_arm_P5_qkg_L_backbone_P5_qkg_L_bb355_status_NEEDS_RF2_AND_DOCKING	PVRIG_CAND_036	36	NODE1GEN_136300_source_rfantibody_source_id_PVRIG_RFAb_v2_P6_qkg_L_bb255_mpn02_arm_P6_qkg_L_backbone_P6_qkg_L_bb255_status_NEEDS_RF2_AND_DOCKING	0.750000	0.500000	0.411765	0.750000	true
PVRIG_CAND_001	1	NODE1GEN_112448_source_rfantibody_source_id_PVRIG_RFAb_v2_P5_qkg_L_bb355_mpn01_arm_P5_qkg_L_backbone_P5_qkg_L_bb355_status_NEEDS_RF2_AND_DOCKING	PVRIG_CAND_037	37	NODE1GEN_095824_source_rfantibody_source_id_PVRIG_RFAb_v2_P4_qrg_L_bb358_mpn04_arm_P4_qrg_L_backbone_P4_qrg_L_bb358_status_NEEDS_RF2_AND_DOCKING	0.875000	0.625000	0.529412	0.875000	false
PVRIG_CAND_001	1	NODE1GEN_112448_source_rfantibody_source_id_PVRIG_RFAb_v2_P5_qkg_L_bb355_mpn01_arm_P5_qkg_L_backbone_P5_qkg_L_bb355_status_NEEDS_RF2_AND_DOCKING	PVRIG_CAND_038	38	NODE1GEN_017313_source_rfantibody_source_id_PVRIG_RFAb_v2_P1_qrg_L_bb054_mpn00_arm_P1_qrg_L_backbone_P1_qrg_L_bb054_status_NEEDS_RF2_AND_DOCKING	0.625000	0.500000	0.352941	0.625000	true
PVRIG_CAND_001	1	NODE1GEN_112448_source_rfantibody_source_id_PVRIG_RFAb_v2_P5_qkg_L_bb355_mpn01_arm_P5_qkg_L_backbone_P5_qkg_L_bb355_status_NEEDS_RF2_AND_DOCKING	PVRIG_CAND_039	39	NODE1GEN_109783_source_rfantibody_source_id_PVRIG_RFAb_v2_P5_qkg_L_bb121_mpn06_arm_P5_qkg_L_backbone_P5_qkg_L_bb121_status_NEEDS_RF2_AND_DOCKING	0.625000	0.625000	0.470588	0.625000	true
PVRIG_CAND_001	1	NODE1GEN_112448_source_rfantibody_source_id_PVRIG_RFAb_v2_P5_qkg_L_bb355_mpn01_arm_P5_qkg_L_backbone_P5_qkg_L_bb355_status_NEEDS_RF2_AND_DOCKING	PVRIG_CAND_040	40	NODE1GEN_100102_source_rfantibody_source_id_PVRIG_RFAb_v2_P5_ekg_L_bb007_mpn10_arm_P5_ekg_L_backbone_P5_ekg_L_bb007_status_NEEDS_RF2_AND_DOCKING	0.625000	0.500000	0.352941	0.625000	true
PVRIG_CAND_001	1	NODE1GEN_112448_source_rfantibody_source_id_PVRIG_RFAb_v2_P5_qkg_L_bb355_mpn01_arm_P5_qkg_L_backbone_P5_qkg_L_bb355_status_NEEDS_RF2_AND_DOCKING	PVRIG_CAND_041	41	NODE1GEN_109883_source_rfantibody_source_id_PVRIG_RFAb_v2_P5_qkg_L_bb130_mpn02_arm_P5_qkg_L_backbone_P5_qkg_L_bb130_status_NEEDS_RF2_AND_DOCKING	0.875000	0.625000	0.470588	0.875000	false
PVRIG_CAND_001	1	NODE1GEN_112448_source_rfantibody_source_id_PVRIG_RFAb_v2_P5_qkg_L_bb355_mpn01_arm_P5_qkg_L_backbone_P5_qkg_L_bb355_status_NEEDS_RF2_AND_DOCKING	PVRIG_CAND_042	42	P1MCPUFP__CPUFP500K_0030__00860	0.125000	0.375000	0.470588	0.470588	true
PVRIG_CAND_001	1	NODE1GEN_112448_source_rfantibody_source_id_PVRIG_RFAb_v2_P5_qkg_L_bb355_mpn01_arm_P5_qkg_L_backbone_P5_qkg_L_bb355_status_NEEDS_RF2_AND_DOCKING	PVRIG_CAND_043	43	P1MCPUFP__CPUFP500K_0029__00647	0.125000	0.500000	0.400000	0.500000	true
PVRIG_CAND_001	1	NODE1GEN_112448_source_rfantibody_source_id_PVRIG_RFAb_v2_P5_qkg_L_bb355_mpn01_arm_P5_qkg_L_backbone_P5_qkg_L_bb355_status_NEEDS_RF2_AND_DOCKING	PVRIG_CAND_044	44	P1MCPUFP__CPUFP500K_0090__00860	0.200000	0.250000	0.473684	0.473684	true
PVRIG_CAND_001	1	NODE1GEN_112448_source_rfantibody_source_id_PVRIG_RFAb_v2_P5_qkg_L_bb355_mpn01_arm_P5_qkg_L_backbone_P5_qkg_L_bb355_status_NEEDS_RF2_AND_DOCKING	PVRIG_CAND_045	45	P1MCPUFP__CPUFP500K_0289__00496	0.200000	0.250000	0.210526	0.250000	true
PVRIG_CAND_001	1	NODE1GEN_112448_source_rfantibody_source_id_PVRIG_RFAb_v2_P5_qkg_L_bb355_mpn01_arm_P5_qkg_L_backbone_P5_qkg_L_bb355_status_NEEDS_RF2_AND_DOCKING	PVRIG_CAND_046	46	P1MCPUFP__CPUFP500K_0091__00849	0.100000	0.125000	0.421053	0.421053	true
PVRIG_CAND_001	1	NODE1GEN_112448_source_rfantibody_source_id_PVRIG_RFAb_v2_P5_qkg_L_bb355_mpn01_arm_P5_qkg_L_backbone_P5_qkg_L_bb355_status_NEEDS_RF2_AND_DOCKING	PVRIG_CAND_047	47	P1MCPUFP__CPUFP500K_0388__00174	0.100000	0.250000	0.473684	0.473684	true
PVRIG_CAND_001	1	NODE1GEN_112448_source_rfantibody_source_id_PVRIG_RFAb_v2_P5_qkg_L_bb355_mpn01_arm_P5_qkg_L_backbone_P5_qkg_L_bb355_status_NEEDS_RF2_AND_DOCKING	PVRIG_CAND_048	48	P1MCPUFP__CPUFP500K_0487__00827	0.200000	0.250000	0.368421	0.368421	true
PVRIG_CAND_001	1	NODE1GEN_112448_source_rfantibody_source_id_PVRIG_RFAb_v2_P5_qkg_L_bb355_mpn01_arm_P5_qkg_L_backbone_P5_qkg_L_bb355_status_NEEDS_RF2_AND_DOCKING	PVRIG_CAND_049	49	P1MCPUFP__CPUFP500K_0188__00645	0.300000	0.250000	0.368421	0.368421	true
PVRIG_CAND_001	1	NODE1GEN_112448_source_rfantibody_source_id_PVRIG_RFAb_v2_P5_qkg_L_bb355_mpn01_arm_P5_qkg_L_backbone_P5_qkg_L_bb355_status_NEEDS_RF2_AND_DOCKING	PVRIG_CAND_050	50	NODE1GEN_128929_source_rfantibody_source_id_PVRIG_RFAb_v2_P6_ekg_L_bb339_mpn06_arm_P6_ekg_L_backbone_P6_ekg_L_bb339_status_NEEDS_RF2_AND_DOCKING	0.750000	0.625000	0.470588	0.750000	true
PVRIG_CAND_002	2	NODE1GEN_229102_source_fixed_pose_mpnn_source_id_P500K__FIXED_POSE_MPNN__2F90E7DCCA05F9E4	PVRIG_CAND_003	3	P1MCPUFP__CPUFP500K_0188__00519	0.400000	0.571429	0.368421	0.571429	true
PVRIG_CAND_002	2	NODE1GEN_229102_source_fixed_pose_mpnn_source_id_P500K__FIXED_POSE_MPNN__2F90E7DCCA05F9E4	PVRIG_CAND_004	4	NODE1GEN_181778_source_fixed_pose_mpnn_source_id_P500K__FIXED_POSE_MPNN__8EDA6734F7A8BD2C	0.600000	0.428571	0.263158	0.600000	true
PVRIG_CAND_002	2	NODE1GEN_229102_source_fixed_pose_mpnn_source_id_P500K__FIXED_POSE_MPNN__2F90E7DCCA05F9E4	PVRIG_CAND_005	5	NODE1GEN_256613_source_fixed_pose_mpnn_source_id_P500K__FIXED_POSE_MPNN__0A1B353F72DFABBD	0.500000	0.428571	0.368421	0.500000	true
PVRIG_CAND_002	2	NODE1GEN_229102_source_fixed_pose_mpnn_source_id_P500K__FIXED_POSE_MPNN__2F90E7DCCA05F9E4	PVRIG_CAND_006	6	NODE1GEN_183154_source_fixed_pose_mpnn_source_id_P500K__FIXED_POSE_MPNN__E25C2338B83B903C	0.800000	0.571429	0.368421	0.800000	false
PVRIG_CAND_002	2	NODE1GEN_229102_source_fixed_pose_mpnn_source_id_P500K__FIXED_POSE_MPNN__2F90E7DCCA05F9E4	PVRIG_CAND_007	7	P1MCPUFP__CPUFP500K_0100__00188	0.700000	0.571429	0.368421	0.700000	true
PVRIG_CAND_002	2	NODE1GEN_229102_source_fixed_pose_mpnn_source_id_P500K__FIXED_POSE_MPNN__2F90E7DCCA05F9E4	PVRIG_CAND_008	8	P1MCPUFP__CPUFP500K_0002__00919	0.400000	0.714286	0.368421	0.714286	true
PVRIG_CAND_002	2	NODE1GEN_229102_source_fixed_pose_mpnn_source_id_P500K__FIXED_POSE_MPNN__2F90E7DCCA05F9E4	PVRIG_CAND_009	9	P1MCPUFP__CPUFP500K_0288__00659	0.500000	0.571429	0.263158	0.571429	true
PVRIG_CAND_002	2	NODE1GEN_229102_source_fixed_pose_mpnn_source_id_P500K__FIXED_POSE_MPNN__2F90E7DCCA05F9E4	PVRIG_CAND_010	10	P1MCPUFP__CPUFP500K_0100__00092	0.700000	0.571429	0.368421	0.700000	true
PVRIG_CAND_002	2	NODE1GEN_229102_source_fixed_pose_mpnn_source_id_P500K__FIXED_POSE_MPNN__2F90E7DCCA05F9E4	PVRIG_CAND_011	11	NODE1GEN_154595_source_fixed_pose_mpnn_source_id_P500K__FIXED_POSE_MPNN__9B999365EA60CCE9	0.400000	0.714286	0.263158	0.714286	true
PVRIG_CAND_002	2	NODE1GEN_229102_source_fixed_pose_mpnn_source_id_P500K__FIXED_POSE_MPNN__2F90E7DCCA05F9E4	PVRIG_CAND_012	12	P1MCPUFP__CPUFP500K_0188__00282	0.400000	0.571429	0.526316	0.571429	true
PVRIG_CAND_002	2	NODE1GEN_229102_source_fixed_pose_mpnn_source_id_P500K__FIXED_POSE_MPNN__2F90E7DCCA05F9E4	PVRIG_CAND_013	13	NODE1GEN_191476_source_fixed_pose_mpnn_source_id_P500K__FIXED_POSE_MPNN__310934EF4B70CA47	0.700000	0.428571	0.315789	0.700000	true
PVRIG_CAND_002	2	NODE1GEN_229102_source_fixed_pose_mpnn_source_id_P500K__FIXED_POSE_MPNN__2F90E7DCCA05F9E4	PVRIG_CAND_014	14	P1MCPUFP__CPUFP500K_0090__00532	0.400000	0.571429	0.315789	0.571429	true
PVRIG_CAND_002	2	NODE1GEN_229102_source_fixed_pose_mpnn_source_id_P500K__FIXED_POSE_MPNN__2F90E7DCCA05F9E4	PVRIG_CAND_015	15	NODE1GEN_177961_source_fixed_pose_mpnn_source_id_P500K__FIXED_POSE_MPNN__8431DA62B813A913	0.700000	0.285714	0.526316	0.700000	true
PVRIG_CAND_002	2	NODE1GEN_229102_source_fixed_pose_mpnn_source_id_P500K__FIXED_POSE_MPNN__2F90E7DCCA05F9E4	PVRIG_CAND_016	16	NODE1GEN_206644_source_fixed_pose_mpnn_source_id_P500K__FIXED_POSE_MPNN__53F648E960398F2F	0.700000	0.428571	0.315789	0.700000	true
PVRIG_CAND_002	2	NODE1GEN_229102_source_fixed_pose_mpnn_source_id_P500K__FIXED_POSE_MPNN__2F90E7DCCA05F9E4	PVRIG_CAND_017	17	P1MCPUFP__CPUFP500K_0287__00804	0.600000	0.571429	0.263158	0.600000	true
PVRIG_CAND_002	2	NODE1GEN_229102_source_fixed_pose_mpnn_source_id_P500K__FIXED_POSE_MPNN__2F90E7DCCA05F9E4	PVRIG_CAND_018	18	NODE1GEN_127352_source_rfantibody_source_id_PVRIG_RFAb_v2_P6_ekg_L_bb203_mpn04_arm_P6_ekg_L_backbone_P6_ekg_L_bb203_status_NEEDS_RF2_AND_DOCKING	0.300000	0.500000	0.368421	0.500000	true
PVRIG_CAND_002	2	NODE1GEN_229102_source_fixed_pose_mpnn_source_id_P500K__FIXED_POSE_MPNN__2F90E7DCCA05F9E4	PVRIG_CAND_019	19	P1MCPUFP__CPUFP500K_0089__00735	0.400000	0.571429	0.368421	0.571429	true
PVRIG_CAND_002	2	NODE1GEN_229102_source_fixed_pose_mpnn_source_id_P500K__FIXED_POSE_MPNN__2F90E7DCCA05F9E4	PVRIG_CAND_020	20	NODE1GEN_258472_source_fixed_pose_mpnn_source_id_P500K__FIXED_POSE_MPNN__2E2B33208D567583	0.400000	0.125000	0.157895	0.400000	true
PVRIG_CAND_002	2	NODE1GEN_229102_source_fixed_pose_mpnn_source_id_P500K__FIXED_POSE_MPNN__2F90E7DCCA05F9E4	PVRIG_CAND_021	21	P1MCPUFP__CPUFP500K_0299__00780	0.400000	0.571429	0.368421	0.571429	true
PVRIG_CAND_002	2	NODE1GEN_229102_source_fixed_pose_mpnn_source_id_P500K__FIXED_POSE_MPNN__2F90E7DCCA05F9E4	PVRIG_CAND_022	22	P1MCPUFP__CPUFP500K_0189__00858	0.400000	0.571429	0.473684	0.571429	true
PVRIG_CAND_002	2	NODE1GEN_229102_source_fixed_pose_mpnn_source_id_P500K__FIXED_POSE_MPNN__2F90E7DCCA05F9E4	PVRIG_CAND_023	23	NODE1GEN_174576_source_fixed_pose_mpnn_source_id_P500K__FIXED_POSE_MPNN__D5384A7F42146722	0.400000	0.714286	0.368421	0.714286	true
PVRIG_CAND_002	2	NODE1GEN_229102_source_fixed_pose_mpnn_source_id_P500K__FIXED_POSE_MPNN__2F90E7DCCA05F9E4	PVRIG_CAND_024	24	NODE1GEN_002130_source_rfantibody_source_id_PVRIG_RFAb_v2_P1_ekg_L_bb177_mpn10_arm_P1_ekg_L_backbone_P1_ekg_L_bb177_status_NEEDS_RF2_AND_DOCKING	0.300000	0.500000	0.263158	0.500000	true
PVRIG_CAND_002	2	NODE1GEN_229102_source_fixed_pose_mpnn_source_id_P500K__FIXED_POSE_MPNN__2F90E7DCCA05F9E4	PVRIG_CAND_025	25	P1MCPUFP__CPUFP500K_0380__00771	0.600000	0.714286	0.473684	0.714286	true
PVRIG_CAND_002	2	NODE1GEN_229102_source_fixed_pose_mpnn_source_id_P500K__FIXED_POSE_MPNN__2F90E7DCCA05F9E4	PVRIG_CAND_026	26	NODE1GEN_217675_source_fixed_pose_mpnn_source_id_P500K__FIXED_POSE_MPNN__68DDB4A6D7CBCA89	0.500000	0.285714	0.526316	0.526316	true
PVRIG_CAND_002	2	NODE1GEN_229102_source_fixed_pose_mpnn_source_id_P500K__FIXED_POSE_MPNN__2F90E7DCCA05F9E4	PVRIG_CAND_027	27	P1MCPUFP__CPUFP500K_0404__00029	0.600000	0.285714	0.157895	0.600000	true
PVRIG_CAND_002	2	NODE1GEN_229102_source_fixed_pose_mpnn_source_id_P500K__FIXED_POSE_MPNN__2F90E7DCCA05F9E4	PVRIG_CAND_028	28	P1MCPUFP__CPUFP500K_0188__00549	0.300000	0.714286	0.315789	0.714286	true
PVRIG_CAND_002	2	NODE1GEN_229102_source_fixed_pose_mpnn_source_id_P500K__FIXED_POSE_MPNN__2F90E7DCCA05F9E4	PVRIG_CAND_029	29	P1MCPUFP__CPUFP500K_0188__00481	0.600000	0.571429	0.368421	0.600000	true
PVRIG_CAND_002	2	NODE1GEN_229102_source_fixed_pose_mpnn_source_id_P500K__FIXED_POSE_MPNN__2F90E7DCCA05F9E4	PVRIG_CAND_030	30	NODE1GEN_182669_source_fixed_pose_mpnn_source_id_P500K__FIXED_POSE_MPNN__D4BBD3AB583903E7	0.600000	0.428571	0.263158	0.600000	true
PVRIG_CAND_002	2	NODE1GEN_229102_source_fixed_pose_mpnn_source_id_P500K__FIXED_POSE_MPNN__2F90E7DCCA05F9E4	PVRIG_CAND_031	31	NODE1GEN_128014_source_rfantibody_source_id_PVRIG_RFAb_v2_P6_ekg_L_bb258_mpn01_arm_P6_ekg_L_backbone_P6_ekg_L_bb258_status_NEEDS_RF2_AND_DOCKING	0.300000	0.375000	0.368421	0.375000	true
PVRIG_CAND_002	2	NODE1GEN_229102_source_fixed_pose_mpnn_source_id_P500K__FIXED_POSE_MPNN__2F90E7DCCA05F9E4	PVRIG_CAND_032	32	NODE1GEN_218195_source_fixed_pose_mpnn_source_id_P500K__FIXED_POSE_MPNN__A6B62FDDBC1A99BE	0.300000	0.571429	0.315789	0.571429	true
PVRIG_CAND_002	2	NODE1GEN_229102_source_fixed_pose_mpnn_source_id_P500K__FIXED_POSE_MPNN__2F90E7DCCA05F9E4	PVRIG_CAND_033	33	NODE1GEN_195165_source_fixed_pose_mpnn_source_id_P500K__FIXED_POSE_MPNN__499D245F888E5DC4	0.400000	0.571429	0.368421	0.571429	true
PVRIG_CAND_002	2	NODE1GEN_229102_source_fixed_pose_mpnn_source_id_P500K__FIXED_POSE_MPNN__2F90E7DCCA05F9E4	PVRIG_CAND_034	34	NODE1GEN_235318_source_fixed_pose_mpnn_source_id_P500K__FIXED_POSE_MPNN__B52C2EC7CC64BFED	0.800000	0.571429	0.736842	0.800000	false
PVRIG_CAND_002	2	NODE1GEN_229102_source_fixed_pose_mpnn_source_id_P500K__FIXED_POSE_MPNN__2F90E7DCCA05F9E4	PVRIG_CAND_035	35	NODE1GEN_076816_source_rfantibody_source_id_PVRIG_RFAb_v2_P4_ekg_L_bb155_mpn03_arm_P4_ekg_L_backbone_P4_ekg_L_bb155_status_NEEDS_RF2_AND_DOCKING	0.300000	0.500000	0.210526	0.500000	true
PVRIG_CAND_002	2	NODE1GEN_229102_source_fixed_pose_mpnn_source_id_P500K__FIXED_POSE_MPNN__2F90E7DCCA05F9E4	PVRIG_CAND_036	36	NODE1GEN_136300_source_rfantibody_source_id_PVRIG_RFAb_v2_P6_qkg_L_bb255_mpn02_arm_P6_qkg_L_backbone_P6_qkg_L_bb255_status_NEEDS_RF2_AND_DOCKING	0.300000	0.375000	0.421053	0.421053	true
PVRIG_CAND_002	2	NODE1GEN_229102_source_fixed_pose_mpnn_source_id_P500K__FIXED_POSE_MPNN__2F90E7DCCA05F9E4	PVRIG_CAND_037	37	NODE1GEN_095824_source_rfantibody_source_id_PVRIG_RFAb_v2_P4_qrg_L_bb358_mpn04_arm_P4_qrg_L_backbone_P4_qrg_L_bb358_status_NEEDS_RF2_AND_DOCKING	0.200000	0.375000	0.315789	0.375000	true
PVRIG_CAND_002	2	NODE1GEN_229102_source_fixed_pose_mpnn_source_id_P500K__FIXED_POSE_MPNN__2F90E7DCCA05F9E4	PVRIG_CAND_038	38	NODE1GEN_017313_source_rfantibody_source_id_PVRIG_RFAb_v2_P1_qrg_L_bb054_mpn00_arm_P1_qrg_L_backbone_P1_qrg_L_bb054_status_NEEDS_RF2_AND_DOCKING	0.300000	0.375000	0.421053	0.421053	true
PVRIG_CAND_002	2	NODE1GEN_229102_source_fixed_pose_mpnn_source_id_P500K__FIXED_POSE_MPNN__2F90E7DCCA05F9E4	PVRIG_CAND_039	39	NODE1GEN_109783_source_rfantibody_source_id_PVRIG_RFAb_v2_P5_qkg_L_bb121_mpn06_arm_P5_qkg_L_backbone_P5_qkg_L_bb121_status_NEEDS_RF2_AND_DOCKING	0.300000	0.250000	0.473684	0.473684	true
PVRIG_CAND_002	2	NODE1GEN_229102_source_fixed_pose_mpnn_source_id_P500K__FIXED_POSE_MPNN__2F90E7DCCA05F9E4	PVRIG_CAND_040	40	NODE1GEN_100102_source_rfantibody_source_id_PVRIG_RFAb_v2_P5_ekg_L_bb007_mpn10_arm_P5_ekg_L_backbone_P5_ekg_L_bb007_status_NEEDS_RF2_AND_DOCKING	0.200000	0.375000	0.368421	0.375000	true
PVRIG_CAND_002	2	NODE1GEN_229102_source_fixed_pose_mpnn_source_id_P500K__FIXED_POSE_MPNN__2F90E7DCCA05F9E4	PVRIG_CAND_041	41	NODE1GEN_109883_source_rfantibody_source_id_PVRIG_RFAb_v2_P5_qkg_L_bb130_mpn02_arm_P5_qkg_L_backbone_P5_qkg_L_bb130_status_NEEDS_RF2_AND_DOCKING	0.300000	0.500000	0.263158	0.500000	true
PVRIG_CAND_002	2	NODE1GEN_229102_source_fixed_pose_mpnn_source_id_P500K__FIXED_POSE_MPNN__2F90E7DCCA05F9E4	PVRIG_CAND_042	42	P1MCPUFP__CPUFP500K_0030__00860	0.400000	0.375000	0.315789	0.400000	true
PVRIG_CAND_002	2	NODE1GEN_229102_source_fixed_pose_mpnn_source_id_P500K__FIXED_POSE_MPNN__2F90E7DCCA05F9E4	PVRIG_CAND_043	43	P1MCPUFP__CPUFP500K_0029__00647	0.400000	0.375000	0.315789	0.400000	true
PVRIG_CAND_002	2	NODE1GEN_229102_source_fixed_pose_mpnn_source_id_P500K__FIXED_POSE_MPNN__2F90E7DCCA05F9E4	PVRIG_CAND_044	44	P1MCPUFP__CPUFP500K_0090__00860	0.400000	0.571429	0.263158	0.571429	true
PVRIG_CAND_002	2	NODE1GEN_229102_source_fixed_pose_mpnn_source_id_P500K__FIXED_POSE_MPNN__2F90E7DCCA05F9E4	PVRIG_CAND_045	45	P1MCPUFP__CPUFP500K_0289__00496	0.200000	0.714286	0.105263	0.714286	true
PVRIG_CAND_002	2	NODE1GEN_229102_source_fixed_pose_mpnn_source_id_P500K__FIXED_POSE_MPNN__2F90E7DCCA05F9E4	PVRIG_CAND_046	46	P1MCPUFP__CPUFP500K_0091__00849	0.300000	0.428571	0.210526	0.428571	true
PVRIG_CAND_002	2	NODE1GEN_229102_source_fixed_pose_mpnn_source_id_P500K__FIXED_POSE_MPNN__2F90E7DCCA05F9E4	PVRIG_CAND_047	47	P1MCPUFP__CPUFP500K_0388__00174	0.300000	0.571429	0.315789	0.571429	true
PVRIG_CAND_002	2	NODE1GEN_229102_source_fixed_pose_mpnn_source_id_P500K__FIXED_POSE_MPNN__2F90E7DCCA05F9E4	PVRIG_CAND_048	48	P1MCPUFP__CPUFP500K_0487__00827	0.100000	0.571429	0.263158	0.571429	true
PVRIG_CAND_002	2	NODE1GEN_229102_source_fixed_pose_mpnn_source_id_P500K__FIXED_POSE_MPNN__2F90E7DCCA05F9E4	PVRIG_CAND_049	49	P1MCPUFP__CPUFP500K_0188__00645	0.500000	0.571429	0.421053	0.571429	true
PVRIG_CAND_002	2	NODE1GEN_229102_source_fixed_pose_mpnn_source_id_P500K__FIXED_POSE_MPNN__2F90E7DCCA05F9E4	PVRIG_CAND_050	50	NODE1GEN_128929_source_rfantibody_source_id_PVRIG_RFAb_v2_P6_ekg_L_bb339_mpn06_arm_P6_ekg_L_backbone_P6_ekg_L_bb339_status_NEEDS_RF2_AND_DOCKING	0.300000	0.250000	0.421053	0.421053	true
PVRIG_CAND_003	3	P1MCPUFP__CPUFP500K_0188__00519	PVRIG_CAND_004	4	NODE1GEN_181778_source_fixed_pose_mpnn_source_id_P500K__FIXED_POSE_MPNN__8EDA6734F7A8BD2C	0.400000	0.285714	0.263158	0.400000	true
PVRIG_CAND_003	3	P1MCPUFP__CPUFP500K_0188__00519	PVRIG_CAND_005	5	NODE1GEN_256613_source_fixed_pose_mpnn_source_id_P500K__FIXED_POSE_MPNN__0A1B353F72DFABBD	0.300000	0.285714	0.315789	0.315789	true
PVRIG_CAND_003	3	P1MCPUFP__CPUFP500K_0188__00519	PVRIG_CAND_006	6	NODE1GEN_183154_source_fixed_pose_mpnn_source_id_P500K__FIXED_POSE_MPNN__E25C2338B83B903C	0.500000	0.142857	0.368421	0.500000	true
PVRIG_CAND_003	3	P1MCPUFP__CPUFP500K_0188__00519	PVRIG_CAND_007	7	P1MCPUFP__CPUFP500K_0100__00188	0.500000	0.428571	0.315789	0.500000	true
PVRIG_CAND_003	3	P1MCPUFP__CPUFP500K_0188__00519	PVRIG_CAND_008	8	P1MCPUFP__CPUFP500K_0002__00919	0.300000	0.571429	0.368421	0.571429	true
PVRIG_CAND_003	3	P1MCPUFP__CPUFP500K_0188__00519	PVRIG_CAND_009	9	P1MCPUFP__CPUFP500K_0288__00659	0.400000	0.428571	0.315789	0.428571	true
PVRIG_CAND_003	3	P1MCPUFP__CPUFP500K_0188__00519	PVRIG_CAND_010	10	P1MCPUFP__CPUFP500K_0100__00092	0.500000	0.428571	0.421053	0.500000	true
PVRIG_CAND_003	3	P1MCPUFP__CPUFP500K_0188__00519	PVRIG_CAND_011	11	NODE1GEN_154595_source_fixed_pose_mpnn_source_id_P500K__FIXED_POSE_MPNN__9B999365EA60CCE9	0.300000	0.285714	0.210526	0.300000	true
PVRIG_CAND_003	3	P1MCPUFP__CPUFP500K_0188__00519	PVRIG_CAND_012	12	P1MCPUFP__CPUFP500K_0188__00282	0.600000	0.857143	0.631579	0.857143	false
PVRIG_CAND_003	3	P1MCPUFP__CPUFP500K_0188__00519	PVRIG_CAND_013	13	NODE1GEN_191476_source_fixed_pose_mpnn_source_id_P500K__FIXED_POSE_MPNN__310934EF4B70CA47	0.400000	0.142857	0.315789	0.400000	true
PVRIG_CAND_003	3	P1MCPUFP__CPUFP500K_0188__00519	PVRIG_CAND_014	14	P1MCPUFP__CPUFP500K_0090__00532	0.400000	0.428571	0.263158	0.428571	true
PVRIG_CAND_003	3	P1MCPUFP__CPUFP500K_0188__00519	PVRIG_CAND_015	15	NODE1GEN_177961_source_fixed_pose_mpnn_source_id_P500K__FIXED_POSE_MPNN__8431DA62B813A913	0.500000	0.571429	0.263158	0.571429	true
PVRIG_CAND_003	3	P1MCPUFP__CPUFP500K_0188__00519	PVRIG_CAND_016	16	NODE1GEN_206644_source_fixed_pose_mpnn_source_id_P500K__FIXED_POSE_MPNN__53F648E960398F2F	0.500000	0.142857	0.315789	0.500000	true
PVRIG_CAND_003	3	P1MCPUFP__CPUFP500K_0188__00519	PVRIG_CAND_017	17	P1MCPUFP__CPUFP500K_0287__00804	0.600000	0.857143	0.526316	0.857143	false
PVRIG_CAND_003	3	P1MCPUFP__CPUFP500K_0188__00519	PVRIG_CAND_018	18	NODE1GEN_127352_source_rfantibody_source_id_PVRIG_RFAb_v2_P6_ekg_L_bb203_mpn04_arm_P6_ekg_L_backbone_P6_ekg_L_bb203_status_NEEDS_RF2_AND_DOCKING	0.200000	0.250000	0.210526	0.250000	true
PVRIG_CAND_003	3	P1MCPUFP__CPUFP500K_0188__00519	PVRIG_CAND_019	19	P1MCPUFP__CPUFP500K_0089__00735	0.600000	0.714286	0.736842	0.736842	true
PVRIG_CAND_003	3	P1MCPUFP__CPUFP500K_0188__00519	PVRIG_CAND_020	20	NODE1GEN_258472_source_fixed_pose_mpnn_source_id_P500K__FIXED_POSE_MPNN__2E2B33208D567583	0.500000	0.125000	0.210526	0.500000	true
PVRIG_CAND_003	3	P1MCPUFP__CPUFP500K_0188__00519	PVRIG_CAND_021	21	P1MCPUFP__CPUFP500K_0299__00780	0.300000	0.428571	0.315789	0.428571	true
PVRIG_CAND_003	3	P1MCPUFP__CPUFP500K_0188__00519	PVRIG_CAND_022	22	P1MCPUFP__CPUFP500K_0189__00858	0.600000	0.571429	0.263158	0.600000	true
PVRIG_CAND_003	3	P1MCPUFP__CPUFP500K_0188__00519	PVRIG_CAND_023	23	NODE1GEN_174576_source_fixed_pose_mpnn_source_id_P500K__FIXED_POSE_MPNN__D5384A7F42146722	0.500000	0.428571	0.263158	0.500000	true
PVRIG_CAND_003	3	P1MCPUFP__CPUFP500K_0188__00519	PVRIG_CAND_024	24	NODE1GEN_002130_source_rfantibody_source_id_PVRIG_RFAb_v2_P1_ekg_L_bb177_mpn10_arm_P1_ekg_L_backbone_P1_ekg_L_bb177_status_NEEDS_RF2_AND_DOCKING	0.200000	0.250000	0.210526	0.250000	true
PVRIG_CAND_003	3	P1MCPUFP__CPUFP500K_0188__00519	PVRIG_CAND_025	25	P1MCPUFP__CPUFP500K_0380__00771	0.500000	0.571429	0.368421	0.571429	true
PVRIG_CAND_003	3	P1MCPUFP__CPUFP500K_0188__00519	PVRIG_CAND_026	26	NODE1GEN_217675_source_fixed_pose_mpnn_source_id_P500K__FIXED_POSE_MPNN__68DDB4A6D7CBCA89	0.400000	0.428571	0.368421	0.428571	true
PVRIG_CAND_003	3	P1MCPUFP__CPUFP500K_0188__00519	PVRIG_CAND_027	27	P1MCPUFP__CPUFP500K_0404__00029	0.400000	0.428571	0.263158	0.428571	true
PVRIG_CAND_003	3	P1MCPUFP__CPUFP500K_0188__00519	PVRIG_CAND_028	28	P1MCPUFP__CPUFP500K_0188__00549	0.500000	0.714286	0.789474	0.789474	true
PVRIG_CAND_003	3	P1MCPUFP__CPUFP500K_0188__00519	PVRIG_CAND_029	29	P1MCPUFP__CPUFP500K_0188__00481	0.500000	0.714286	0.736842	0.736842	true
PVRIG_CAND_003	3	P1MCPUFP__CPUFP500K_0188__00519	PVRIG_CAND_030	30	NODE1GEN_182669_source_fixed_pose_mpnn_source_id_P500K__FIXED_POSE_MPNN__D4BBD3AB583903E7	0.500000	0.285714	0.210526	0.500000	true
PVRIG_CAND_003	3	P1MCPUFP__CPUFP500K_0188__00519	PVRIG_CAND_031	31	NODE1GEN_128014_source_rfantibody_source_id_PVRIG_RFAb_v2_P6_ekg_L_bb258_mpn01_arm_P6_ekg_L_backbone_P6_ekg_L_bb258_status_NEEDS_RF2_AND_DOCKING	0.200000	0.250000	0.263158	0.263158	true
PVRIG_CAND_003	3	P1MCPUFP__CPUFP500K_0188__00519	PVRIG_CAND_032	32	NODE1GEN_218195_source_fixed_pose_mpnn_source_id_P500K__FIXED_POSE_MPNN__A6B62FDDBC1A99BE	0.400000	0.428571	0.263158	0.428571	true
PVRIG_CAND_003	3	P1MCPUFP__CPUFP500K_0188__00519	PVRIG_CAND_033	33	NODE1GEN_195165_source_fixed_pose_mpnn_source_id_P500K__FIXED_POSE_MPNN__499D245F888E5DC4	0.600000	0.428571	0.315789	0.600000	true
PVRIG_CAND_003	3	P1MCPUFP__CPUFP500K_0188__00519	PVRIG_CAND_034	34	NODE1GEN_235318_source_fixed_pose_mpnn_source_id_P500K__FIXED_POSE_MPNN__B52C2EC7CC64BFED	0.400000	0.428571	0.315789	0.428571	true
PVRIG_CAND_003	3	P1MCPUFP__CPUFP500K_0188__00519	PVRIG_CAND_035	35	NODE1GEN_076816_source_rfantibody_source_id_PVRIG_RFAb_v2_P4_ekg_L_bb155_mpn03_arm_P4_ekg_L_backbone_P4_ekg_L_bb155_status_NEEDS_RF2_AND_DOCKING	0.200000	0.250000	0.263158	0.263158	true
PVRIG_CAND_003	3	P1MCPUFP__CPUFP500K_0188__00519	PVRIG_CAND_036	36	NODE1GEN_136300_source_rfantibody_source_id_PVRIG_RFAb_v2_P6_qkg_L_bb255_mpn02_arm_P6_qkg_L_backbone_P6_qkg_L_bb255_status_NEEDS_RF2_AND_DOCKING	0.200000	0.250000	0.315789	0.315789	true
PVRIG_CAND_003	3	P1MCPUFP__CPUFP500K_0188__00519	PVRIG_CAND_037	37	NODE1GEN_095824_source_rfantibody_source_id_PVRIG_RFAb_v2_P4_qrg_L_bb358_mpn04_arm_P4_qrg_L_backbone_P4_qrg_L_bb358_status_NEEDS_RF2_AND_DOCKING	0.200000	0.250000	0.210526	0.250000	true
PVRIG_CAND_003	3	P1MCPUFP__CPUFP500K_0188__00519	PVRIG_CAND_038	38	NODE1GEN_017313_source_rfantibody_source_id_PVRIG_RFAb_v2_P1_qrg_L_bb054_mpn00_arm_P1_qrg_L_backbone_P1_qrg_L_bb054_status_NEEDS_RF2_AND_DOCKING	0.200000	0.250000	0.315789	0.315789	true
PVRIG_CAND_003	3	P1MCPUFP__CPUFP500K_0188__00519	PVRIG_CAND_039	39	NODE1GEN_109783_source_rfantibody_source_id_PVRIG_RFAb_v2_P5_qkg_L_bb121_mpn06_arm_P5_qkg_L_backbone_P5_qkg_L_bb121_status_NEEDS_RF2_AND_DOCKING	0.200000	0.250000	0.315789	0.315789	true
PVRIG_CAND_003	3	P1MCPUFP__CPUFP500K_0188__00519	PVRIG_CAND_040	40	NODE1GEN_100102_source_rfantibody_source_id_PVRIG_RFAb_v2_P5_ekg_L_bb007_mpn10_arm_P5_ekg_L_backbone_P5_ekg_L_bb007_status_NEEDS_RF2_AND_DOCKING	0.200000	0.375000	0.263158	0.375000	true
PVRIG_CAND_003	3	P1MCPUFP__CPUFP500K_0188__00519	PVRIG_CAND_041	41	NODE1GEN_109883_source_rfantibody_source_id_PVRIG_RFAb_v2_P5_qkg_L_bb130_mpn02_arm_P5_qkg_L_backbone_P5_qkg_L_bb130_status_NEEDS_RF2_AND_DOCKING	0.200000	0.250000	0.210526	0.250000	true
PVRIG_CAND_003	3	P1MCPUFP__CPUFP500K_0188__00519	PVRIG_CAND_042	42	P1MCPUFP__CPUFP500K_0030__00860	0.600000	0.250000	0.263158	0.600000	true
PVRIG_CAND_003	3	P1MCPUFP__CPUFP500K_0188__00519	PVRIG_CAND_043	43	P1MCPUFP__CPUFP500K_0029__00647	0.300000	0.250000	0.272727	0.300000	true
PVRIG_CAND_003	3	P1MCPUFP__CPUFP500K_0188__00519	PVRIG_CAND_044	44	P1MCPUFP__CPUFP500K_0090__00860	0.600000	0.571429	0.210526	0.600000	true
PVRIG_CAND_003	3	P1MCPUFP__CPUFP500K_0188__00519	PVRIG_CAND_045	45	P1MCPUFP__CPUFP500K_0289__00496	0.100000	0.428571	0.263158	0.428571	true
PVRIG_CAND_003	3	P1MCPUFP__CPUFP500K_0188__00519	PVRIG_CAND_046	46	P1MCPUFP__CPUFP500K_0091__00849	0.100000	0.285714	0.157895	0.285714	true
PVRIG_CAND_003	3	P1MCPUFP__CPUFP500K_0188__00519	PVRIG_CAND_047	47	P1MCPUFP__CPUFP500K_0388__00174	0.100000	0.428571	0.263158	0.428571	true
PVRIG_CAND_003	3	P1MCPUFP__CPUFP500K_0188__00519	PVRIG_CAND_048	48	P1MCPUFP__CPUFP500K_0487__00827	0.100000	0.285714	0.210526	0.285714	true
PVRIG_CAND_003	3	P1MCPUFP__CPUFP500K_0188__00519	PVRIG_CAND_049	49	P1MCPUFP__CPUFP500K_0188__00645	0.500000	0.857143	0.789474	0.857143	false
PVRIG_CAND_003	3	P1MCPUFP__CPUFP500K_0188__00519	PVRIG_CAND_050	50	NODE1GEN_128929_source_rfantibody_source_id_PVRIG_RFAb_v2_P6_ekg_L_bb339_mpn06_arm_P6_ekg_L_backbone_P6_ekg_L_bb339_status_NEEDS_RF2_AND_DOCKING	0.200000	0.250000	0.263158	0.263158	true
PVRIG_CAND_004	4	NODE1GEN_181778_source_fixed_pose_mpnn_source_id_P500K__FIXED_POSE_MPNN__8EDA6734F7A8BD2C	PVRIG_CAND_005	5	NODE1GEN_256613_source_fixed_pose_mpnn_source_id_P500K__FIXED_POSE_MPNN__0A1B353F72DFABBD	0.600000	0.857143	0.368421	0.857143	false
PVRIG_CAND_004	4	NODE1GEN_181778_source_fixed_pose_mpnn_source_id_P500K__FIXED_POSE_MPNN__8EDA6734F7A8BD2C	PVRIG_CAND_006	6	NODE1GEN_183154_source_fixed_pose_mpnn_source_id_P500K__FIXED_POSE_MPNN__E25C2338B83B903C	0.600000	0.571429	0.526316	0.600000	true
PVRIG_CAND_004	4	NODE1GEN_181778_source_fixed_pose_mpnn_source_id_P500K__FIXED_POSE_MPNN__8EDA6734F7A8BD2C	PVRIG_CAND_007	7	P1MCPUFP__CPUFP500K_0100__00188	0.800000	0.285714	0.526316	0.800000	false
PVRIG_CAND_004	4	NODE1GEN_181778_source_fixed_pose_mpnn_source_id_P500K__FIXED_POSE_MPNN__8EDA6734F7A8BD2C	PVRIG_CAND_008	8	P1MCPUFP__CPUFP500K_0002__00919	0.700000	0.142857	0.368421	0.700000	true
PVRIG_CAND_004	4	NODE1GEN_181778_source_fixed_pose_mpnn_source_id_P500K__FIXED_POSE_MPNN__8EDA6734F7A8BD2C	PVRIG_CAND_009	9	P1MCPUFP__CPUFP500K_0288__00659	0.300000	0.285714	0.421053	0.421053	true
PVRIG_CAND_004	4	NODE1GEN_181778_source_fixed_pose_mpnn_source_id_P500K__FIXED_POSE_MPNN__8EDA6734F7A8BD2C	PVRIG_CAND_010	10	P1MCPUFP__CPUFP500K_0100__00092	0.700000	0.142857	0.368421	0.700000	true
PVRIG_CAND_004	4	NODE1GEN_181778_source_fixed_pose_mpnn_source_id_P500K__FIXED_POSE_MPNN__8EDA6734F7A8BD2C	PVRIG_CAND_011	11	NODE1GEN_154595_source_fixed_pose_mpnn_source_id_P500K__FIXED_POSE_MPNN__9B999365EA60CCE9	0.600000	0.428571	0.526316	0.600000	true
PVRIG_CAND_004	4	NODE1GEN_181778_source_fixed_pose_mpnn_source_id_P500K__FIXED_POSE_MPNN__8EDA6734F7A8BD2C	PVRIG_CAND_012	12	P1MCPUFP__CPUFP500K_0188__00282	0.600000	0.285714	0.263158	0.600000	true
PVRIG_CAND_004	4	NODE1GEN_181778_source_fixed_pose_mpnn_source_id_P500K__FIXED_POSE_MPNN__8EDA6734F7A8BD2C	PVRIG_CAND_013	13	NODE1GEN_191476_source_fixed_pose_mpnn_source_id_P500K__FIXED_POSE_MPNN__310934EF4B70CA47	0.800000	0.571429	0.421053	0.800000	false
PVRIG_CAND_004	4	NODE1GEN_181778_source_fixed_pose_mpnn_source_id_P500K__FIXED_POSE_MPNN__8EDA6734F7A8BD2C	PVRIG_CAND_014	14	P1MCPUFP__CPUFP500K_0090__00532	0.300000	0.428571	0.473684	0.473684	true
PVRIG_CAND_004	4	NODE1GEN_181778_source_fixed_pose_mpnn_source_id_P500K__FIXED_POSE_MPNN__8EDA6734F7A8BD2C	PVRIG_CAND_015	15	NODE1GEN_177961_source_fixed_pose_mpnn_source_id_P500K__FIXED_POSE_MPNN__8431DA62B813A913	0.600000	0.285714	0.473684	0.600000	true
PVRIG_CAND_004	4	NODE1GEN_181778_source_fixed_pose_mpnn_source_id_P500K__FIXED_POSE_MPNN__8EDA6734F7A8BD2C	PVRIG_CAND_016	16	NODE1GEN_206644_source_fixed_pose_mpnn_source_id_P500K__FIXED_POSE_MPNN__53F648E960398F2F	0.800000	0.571429	0.368421	0.800000	false
PVRIG_CAND_004	4	NODE1GEN_181778_source_fixed_pose_mpnn_source_id_P500K__FIXED_POSE_MPNN__8EDA6734F7A8BD2C	PVRIG_CAND_017	17	P1MCPUFP__CPUFP500K_0287__00804	0.500000	0.285714	0.210526	0.500000	true
PVRIG_CAND_004	4	NODE1GEN_181778_source_fixed_pose_mpnn_source_id_P500K__FIXED_POSE_MPNN__8EDA6734F7A8BD2C	PVRIG_CAND_018	18	NODE1GEN_127352_source_rfantibody_source_id_PVRIG_RFAb_v2_P6_ekg_L_bb203_mpn04_arm_P6_ekg_L_backbone_P6_ekg_L_bb203_status_NEEDS_RF2_AND_DOCKING	0.400000	0.250000	0.263158	0.400000	true
PVRIG_CAND_004	4	NODE1GEN_181778_source_fixed_pose_mpnn_source_id_P500K__FIXED_POSE_MPNN__8EDA6734F7A8BD2C	PVRIG_CAND_019	19	P1MCPUFP__CPUFP500K_0089__00735	0.500000	0.285714	0.368421	0.500000	true
PVRIG_CAND_004	4	NODE1GEN_181778_source_fixed_pose_mpnn_source_id_P500K__FIXED_POSE_MPNN__8EDA6734F7A8BD2C	PVRIG_CAND_020	20	NODE1GEN_258472_source_fixed_pose_mpnn_source_id_P500K__FIXED_POSE_MPNN__2E2B33208D567583	0.400000	0.000000	0.263158	0.400000	true
PVRIG_CAND_004	4	NODE1GEN_181778_source_fixed_pose_mpnn_source_id_P500K__FIXED_POSE_MPNN__8EDA6734F7A8BD2C	PVRIG_CAND_021	21	P1MCPUFP__CPUFP500K_0299__00780	0.600000	0.285714	0.368421	0.600000	true
PVRIG_CAND_004	4	NODE1GEN_181778_source_fixed_pose_mpnn_source_id_P500K__FIXED_POSE_MPNN__8EDA6734F7A8BD2C	PVRIG_CAND_022	22	P1MCPUFP__CPUFP500K_0189__00858	0.400000	0.285714	0.473684	0.473684	true
PVRIG_CAND_004	4	NODE1GEN_181778_source_fixed_pose_mpnn_source_id_P500K__FIXED_POSE_MPNN__8EDA6734F7A8BD2C	PVRIG_CAND_023	23	NODE1GEN_174576_source_fixed_pose_mpnn_source_id_P500K__FIXED_POSE_MPNN__D5384A7F42146722	0.400000	0.428571	0.368421	0.428571	true
PVRIG_CAND_004	4	NODE1GEN_181778_source_fixed_pose_mpnn_source_id_P500K__FIXED_POSE_MPNN__8EDA6734F7A8BD2C	PVRIG_CAND_024	24	NODE1GEN_002130_source_rfantibody_source_id_PVRIG_RFAb_v2_P1_ekg_L_bb177_mpn10_arm_P1_ekg_L_backbone_P1_ekg_L_bb177_status_NEEDS_RF2_AND_DOCKING	0.400000	0.250000	0.210526	0.400000	true
PVRIG_CAND_004	4	NODE1GEN_181778_source_fixed_pose_mpnn_source_id_P500K__FIXED_POSE_MPNN__8EDA6734F7A8BD2C	PVRIG_CAND_025	25	P1MCPUFP__CPUFP500K_0380__00771	0.500000	0.142857	0.473684	0.500000	true
PVRIG_CAND_004	4	NODE1GEN_181778_source_fixed_pose_mpnn_source_id_P500K__FIXED_POSE_MPNN__8EDA6734F7A8BD2C	PVRIG_CAND_026	26	NODE1GEN_217675_source_fixed_pose_mpnn_source_id_P500K__FIXED_POSE_MPNN__68DDB4A6D7CBCA89	0.500000	0.285714	0.368421	0.500000	true
PVRIG_CAND_004	4	NODE1GEN_181778_source_fixed_pose_mpnn_source_id_P500K__FIXED_POSE_MPNN__8EDA6734F7A8BD2C	PVRIG_CAND_027	27	P1MCPUFP__CPUFP500K_0404__00029	0.800000	0.714286	0.631579	0.800000	false
PVRIG_CAND_004	4	NODE1GEN_181778_source_fixed_pose_mpnn_source_id_P500K__FIXED_POSE_MPNN__8EDA6734F7A8BD2C	PVRIG_CAND_028	28	P1MCPUFP__CPUFP500K_0188__00549	0.300000	0.285714	0.263158	0.300000	true
PVRIG_CAND_004	4	NODE1GEN_181778_source_fixed_pose_mpnn_source_id_P500K__FIXED_POSE_MPNN__8EDA6734F7A8BD2C	PVRIG_CAND_029	29	P1MCPUFP__CPUFP500K_0188__00481	0.500000	0.285714	0.263158	0.500000	true
PVRIG_CAND_004	4	NODE1GEN_181778_source_fixed_pose_mpnn_source_id_P500K__FIXED_POSE_MPNN__8EDA6734F7A8BD2C	PVRIG_CAND_030	30	NODE1GEN_182669_source_fixed_pose_mpnn_source_id_P500K__FIXED_POSE_MPNN__D4BBD3AB583903E7	0.900000	0.857143	0.736842	0.900000	false
PVRIG_CAND_004	4	NODE1GEN_181778_source_fixed_pose_mpnn_source_id_P500K__FIXED_POSE_MPNN__8EDA6734F7A8BD2C	PVRIG_CAND_031	31	NODE1GEN_128014_source_rfantibody_source_id_PVRIG_RFAb_v2_P6_ekg_L_bb258_mpn01_arm_P6_ekg_L_backbone_P6_ekg_L_bb258_status_NEEDS_RF2_AND_DOCKING	0.400000	0.250000	0.263158	0.400000	true
PVRIG_CAND_004	4	NODE1GEN_181778_source_fixed_pose_mpnn_source_id_P500K__FIXED_POSE_MPNN__8EDA6734F7A8BD2C	PVRIG_CAND_032	32	NODE1GEN_218195_source_fixed_pose_mpnn_source_id_P500K__FIXED_POSE_MPNN__A6B62FDDBC1A99BE	0.400000	0.285714	0.263158	0.400000	true
PVRIG_CAND_004	4	NODE1GEN_181778_source_fixed_pose_mpnn_source_id_P500K__FIXED_POSE_MPNN__8EDA6734F7A8BD2C	PVRIG_CAND_033	33	NODE1GEN_195165_source_fixed_pose_mpnn_source_id_P500K__FIXED_POSE_MPNN__499D245F888E5DC4	0.500000	0.428571	0.578947	0.578947	true
PVRIG_CAND_004	4	NODE1GEN_181778_source_fixed_pose_mpnn_source_id_P500K__FIXED_POSE_MPNN__8EDA6734F7A8BD2C	PVRIG_CAND_034	34	NODE1GEN_235318_source_fixed_pose_mpnn_source_id_P500K__FIXED_POSE_MPNN__B52C2EC7CC64BFED	0.600000	0.571429	0.315789	0.600000	true
PVRIG_CAND_004	4	NODE1GEN_181778_source_fixed_pose_mpnn_source_id_P500K__FIXED_POSE_MPNN__8EDA6734F7A8BD2C	PVRIG_CAND_035	35	NODE1GEN_076816_source_rfantibody_source_id_PVRIG_RFAb_v2_P4_ekg_L_bb155_mpn03_arm_P4_ekg_L_backbone_P4_ekg_L_bb155_status_NEEDS_RF2_AND_DOCKING	0.400000	0.250000	0.263158	0.400000	true
PVRIG_CAND_004	4	NODE1GEN_181778_source_fixed_pose_mpnn_source_id_P500K__FIXED_POSE_MPNN__8EDA6734F7A8BD2C	PVRIG_CAND_036	36	NODE1GEN_136300_source_rfantibody_source_id_PVRIG_RFAb_v2_P6_qkg_L_bb255_mpn02_arm_P6_qkg_L_backbone_P6_qkg_L_bb255_status_NEEDS_RF2_AND_DOCKING	0.400000	0.250000	0.157895	0.400000	true
PVRIG_CAND_004	4	NODE1GEN_181778_source_fixed_pose_mpnn_source_id_P500K__FIXED_POSE_MPNN__8EDA6734F7A8BD2C	PVRIG_CAND_037	37	NODE1GEN_095824_source_rfantibody_source_id_PVRIG_RFAb_v2_P4_qrg_L_bb358_mpn04_arm_P4_qrg_L_backbone_P4_qrg_L_bb358_status_NEEDS_RF2_AND_DOCKING	0.500000	0.250000	0.315789	0.500000	true
PVRIG_CAND_004	4	NODE1GEN_181778_source_fixed_pose_mpnn_source_id_P500K__FIXED_POSE_MPNN__8EDA6734F7A8BD2C	PVRIG_CAND_038	38	NODE1GEN_017313_source_rfantibody_source_id_PVRIG_RFAb_v2_P1_qrg_L_bb054_mpn00_arm_P1_qrg_L_backbone_P1_qrg_L_bb054_status_NEEDS_RF2_AND_DOCKING	0.500000	0.250000	0.157895	0.500000	true
PVRIG_CAND_004	4	NODE1GEN_181778_source_fixed_pose_mpnn_source_id_P500K__FIXED_POSE_MPNN__8EDA6734F7A8BD2C	PVRIG_CAND_039	39	NODE1GEN_109783_source_rfantibody_source_id_PVRIG_RFAb_v2_P5_qkg_L_bb121_mpn06_arm_P5_qkg_L_backbone_P5_qkg_L_bb121_status_NEEDS_RF2_AND_DOCKING	0.400000	0.250000	0.263158	0.400000	true
PVRIG_CAND_004	4	NODE1GEN_181778_source_fixed_pose_mpnn_source_id_P500K__FIXED_POSE_MPNN__8EDA6734F7A8BD2C	PVRIG_CAND_040	40	NODE1GEN_100102_source_rfantibody_source_id_PVRIG_RFAb_v2_P5_ekg_L_bb007_mpn10_arm_P5_ekg_L_backbone_P5_ekg_L_bb007_status_NEEDS_RF2_AND_DOCKING	0.400000	0.375000	0.210526	0.400000	true
PVRIG_CAND_004	4	NODE1GEN_181778_source_fixed_pose_mpnn_source_id_P500K__FIXED_POSE_MPNN__8EDA6734F7A8BD2C	PVRIG_CAND_041	41	NODE1GEN_109883_source_rfantibody_source_id_PVRIG_RFAb_v2_P5_qkg_L_bb130_mpn02_arm_P5_qkg_L_backbone_P5_qkg_L_bb130_status_NEEDS_RF2_AND_DOCKING	0.400000	0.250000	0.421053	0.421053	true
PVRIG_CAND_004	4	NODE1GEN_181778_source_fixed_pose_mpnn_source_id_P500K__FIXED_POSE_MPNN__8EDA6734F7A8BD2C	PVRIG_CAND_042	42	P1MCPUFP__CPUFP500K_0030__00860	0.400000	0.250000	0.263158	0.400000	true
PVRIG_CAND_004	4	NODE1GEN_181778_source_fixed_pose_mpnn_source_id_P500K__FIXED_POSE_MPNN__8EDA6734F7A8BD2C	PVRIG_CAND_043	43	P1MCPUFP__CPUFP500K_0029__00647	0.300000	0.250000	0.315789	0.315789	true
PVRIG_CAND_004	4	NODE1GEN_181778_source_fixed_pose_mpnn_source_id_P500K__FIXED_POSE_MPNN__8EDA6734F7A8BD2C	PVRIG_CAND_044	44	P1MCPUFP__CPUFP500K_0090__00860	0.400000	0.285714	0.578947	0.578947	true
PVRIG_CAND_004	4	NODE1GEN_181778_source_fixed_pose_mpnn_source_id_P500K__FIXED_POSE_MPNN__8EDA6734F7A8BD2C	PVRIG_CAND_045	45	P1MCPUFP__CPUFP500K_0289__00496	0.300000	0.142857	0.210526	0.300000	true
PVRIG_CAND_004	4	NODE1GEN_181778_source_fixed_pose_mpnn_source_id_P500K__FIXED_POSE_MPNN__8EDA6734F7A8BD2C	PVRIG_CAND_046	46	P1MCPUFP__CPUFP500K_0091__00849	0.200000	0.285714	0.210526	0.285714	true
PVRIG_CAND_004	4	NODE1GEN_181778_source_fixed_pose_mpnn_source_id_P500K__FIXED_POSE_MPNN__8EDA6734F7A8BD2C	PVRIG_CAND_047	47	P1MCPUFP__CPUFP500K_0388__00174	0.200000	0.142857	0.263158	0.263158	true
PVRIG_CAND_004	4	NODE1GEN_181778_source_fixed_pose_mpnn_source_id_P500K__FIXED_POSE_MPNN__8EDA6734F7A8BD2C	PVRIG_CAND_048	48	P1MCPUFP__CPUFP500K_0487__00827	0.200000	0.142857	0.210526	0.210526	true
PVRIG_CAND_004	4	NODE1GEN_181778_source_fixed_pose_mpnn_source_id_P500K__FIXED_POSE_MPNN__8EDA6734F7A8BD2C	PVRIG_CAND_049	49	P1MCPUFP__CPUFP500K_0188__00645	0.500000	0.285714	0.263158	0.500000	true
PVRIG_CAND_004	4	NODE1GEN_181778_source_fixed_pose_mpnn_source_id_P500K__FIXED_POSE_MPNN__8EDA6734F7A8BD2C	PVRIG_CAND_050	50	NODE1GEN_128929_source_rfantibody_source_id_PVRIG_RFAb_v2_P6_ekg_L_bb339_mpn06_arm_P6_ekg_L_backbone_P6_ekg_L_bb339_status_NEEDS_RF2_AND_DOCKING	0.400000	0.250000	0.210526	0.400000	true
PVRIG_CAND_005	5	NODE1GEN_256613_source_fixed_pose_mpnn_source_id_P500K__FIXED_POSE_MPNN__0A1B353F72DFABBD	PVRIG_CAND_006	6	NODE1GEN_183154_source_fixed_pose_mpnn_source_id_P500K__FIXED_POSE_MPNN__E25C2338B83B903C	0.400000	0.571429	0.368421	0.571429	true
PVRIG_CAND_005	5	NODE1GEN_256613_source_fixed_pose_mpnn_source_id_P500K__FIXED_POSE_MPNN__0A1B353F72DFABBD	PVRIG_CAND_007	7	P1MCPUFP__CPUFP500K_0100__00188	0.500000	0.285714	0.315789	0.500000	true
PVRIG_CAND_005	5	NODE1GEN_256613_source_fixed_pose_mpnn_source_id_P500K__FIXED_POSE_MPNN__0A1B353F72DFABBD	PVRIG_CAND_008	8	P1MCPUFP__CPUFP500K_0002__00919	0.500000	0.142857	0.578947	0.578947	true
PVRIG_CAND_005	5	NODE1GEN_256613_source_fixed_pose_mpnn_source_id_P500K__FIXED_POSE_MPNN__0A1B353F72DFABBD	PVRIG_CAND_009	9	P1MCPUFP__CPUFP500K_0288__00659	0.300000	0.285714	0.473684	0.473684	true
PVRIG_CAND_005	5	NODE1GEN_256613_source_fixed_pose_mpnn_source_id_P500K__FIXED_POSE_MPNN__0A1B353F72DFABBD	PVRIG_CAND_010	10	P1MCPUFP__CPUFP500K_0100__00092	0.500000	0.142857	0.368421	0.500000	true
PVRIG_CAND_005	5	NODE1GEN_256613_source_fixed_pose_mpnn_source_id_P500K__FIXED_POSE_MPNN__0A1B353F72DFABBD	PVRIG_CAND_011	11	NODE1GEN_154595_source_fixed_pose_mpnn_source_id_P500K__FIXED_POSE_MPNN__9B999365EA60CCE9	0.500000	0.428571	0.526316	0.526316	true
PVRIG_CAND_005	5	NODE1GEN_256613_source_fixed_pose_mpnn_source_id_P500K__FIXED_POSE_MPNN__0A1B353F72DFABBD	PVRIG_CAND_012	12	P1MCPUFP__CPUFP500K_0188__00282	0.400000	0.285714	0.421053	0.421053	true
PVRIG_CAND_005	5	NODE1GEN_256613_source_fixed_pose_mpnn_source_id_P500K__FIXED_POSE_MPNN__0A1B353F72DFABBD	PVRIG_CAND_013	13	NODE1GEN_191476_source_fixed_pose_mpnn_source_id_P500K__FIXED_POSE_MPNN__310934EF4B70CA47	0.500000	0.714286	0.315789	0.714286	true
PVRIG_CAND_005	5	NODE1GEN_256613_source_fixed_pose_mpnn_source_id_P500K__FIXED_POSE_MPNN__0A1B353F72DFABBD	PVRIG_CAND_014	14	P1MCPUFP__CPUFP500K_0090__00532	0.400000	0.428571	0.631579	0.631579	true
PVRIG_CAND_005	5	NODE1GEN_256613_source_fixed_pose_mpnn_source_id_P500K__FIXED_POSE_MPNN__0A1B353F72DFABBD	PVRIG_CAND_015	15	NODE1GEN_177961_source_fixed_pose_mpnn_source_id_P500K__FIXED_POSE_MPNN__8431DA62B813A913	0.400000	0.285714	0.526316	0.526316	true
PVRIG_CAND_005	5	NODE1GEN_256613_source_fixed_pose_mpnn_source_id_P500K__FIXED_POSE_MPNN__0A1B353F72DFABBD	PVRIG_CAND_016	16	NODE1GEN_206644_source_fixed_pose_mpnn_source_id_P500K__FIXED_POSE_MPNN__53F648E960398F2F	0.500000	0.714286	0.473684	0.714286	true
PVRIG_CAND_005	5	NODE1GEN_256613_source_fixed_pose_mpnn_source_id_P500K__FIXED_POSE_MPNN__0A1B353F72DFABBD	PVRIG_CAND_017	17	P1MCPUFP__CPUFP500K_0287__00804	0.400000	0.285714	0.157895	0.400000	true
PVRIG_CAND_005	5	NODE1GEN_256613_source_fixed_pose_mpnn_source_id_P500K__FIXED_POSE_MPNN__0A1B353F72DFABBD	PVRIG_CAND_018	18	NODE1GEN_127352_source_rfantibody_source_id_PVRIG_RFAb_v2_P6_ekg_L_bb203_mpn04_arm_P6_ekg_L_backbone_P6_ekg_L_bb203_status_NEEDS_RF2_AND_DOCKING	0.100000	0.250000	0.421053	0.421053	true
PVRIG_CAND_005	5	NODE1GEN_256613_source_fixed_pose_mpnn_source_id_P500K__FIXED_POSE_MPNN__0A1B353F72DFABBD	PVRIG_CAND_019	19	P1MCPUFP__CPUFP500K_0089__00735	0.300000	0.285714	0.315789	0.315789	true
PVRIG_CAND_005	5	NODE1GEN_256613_source_fixed_pose_mpnn_source_id_P500K__FIXED_POSE_MPNN__0A1B353F72DFABBD	PVRIG_CAND_020	20	NODE1GEN_258472_source_fixed_pose_mpnn_source_id_P500K__FIXED_POSE_MPNN__2E2B33208D567583	0.300000	0.000000	0.157895	0.300000	true
PVRIG_CAND_005	5	NODE1GEN_256613_source_fixed_pose_mpnn_source_id_P500K__FIXED_POSE_MPNN__0A1B353F72DFABBD	PVRIG_CAND_021	21	P1MCPUFP__CPUFP500K_0299__00780	0.500000	0.285714	0.684211	0.684211	true
PVRIG_CAND_005	5	NODE1GEN_256613_source_fixed_pose_mpnn_source_id_P500K__FIXED_POSE_MPNN__0A1B353F72DFABBD	PVRIG_CAND_022	22	P1MCPUFP__CPUFP500K_0189__00858	0.400000	0.285714	0.421053	0.421053	true
PVRIG_CAND_005	5	NODE1GEN_256613_source_fixed_pose_mpnn_source_id_P500K__FIXED_POSE_MPNN__0A1B353F72DFABBD	PVRIG_CAND_023	23	NODE1GEN_174576_source_fixed_pose_mpnn_source_id_P500K__FIXED_POSE_MPNN__D5384A7F42146722	0.400000	0.428571	0.578947	0.578947	true
PVRIG_CAND_005	5	NODE1GEN_256613_source_fixed_pose_mpnn_source_id_P500K__FIXED_POSE_MPNN__0A1B353F72DFABBD	PVRIG_CAND_024	24	NODE1GEN_002130_source_rfantibody_source_id_PVRIG_RFAb_v2_P1_ekg_L_bb177_mpn10_arm_P1_ekg_L_backbone_P1_ekg_L_bb177_status_NEEDS_RF2_AND_DOCKING	0.100000	0.250000	0.263158	0.263158	true
PVRIG_CAND_005	5	NODE1GEN_256613_source_fixed_pose_mpnn_source_id_P500K__FIXED_POSE_MPNN__0A1B353F72DFABBD	PVRIG_CAND_025	25	P1MCPUFP__CPUFP500K_0380__00771	0.600000	0.142857	0.473684	0.600000	true
PVRIG_CAND_005	5	NODE1GEN_256613_source_fixed_pose_mpnn_source_id_P500K__FIXED_POSE_MPNN__0A1B353F72DFABBD	PVRIG_CAND_026	26	NODE1GEN_217675_source_fixed_pose_mpnn_source_id_P500K__FIXED_POSE_MPNN__68DDB4A6D7CBCA89	0.500000	0.285714	0.578947	0.578947	true
PVRIG_CAND_005	5	NODE1GEN_256613_source_fixed_pose_mpnn_source_id_P500K__FIXED_POSE_MPNN__0A1B353F72DFABBD	PVRIG_CAND_027	27	P1MCPUFP__CPUFP500K_0404__00029	0.600000	0.714286	0.473684	0.714286	true
PVRIG_CAND_005	5	NODE1GEN_256613_source_fixed_pose_mpnn_source_id_P500K__FIXED_POSE_MPNN__0A1B353F72DFABBD	PVRIG_CAND_028	28	P1MCPUFP__CPUFP500K_0188__00549	0.300000	0.285714	0.210526	0.300000	true
PVRIG_CAND_005	5	NODE1GEN_256613_source_fixed_pose_mpnn_source_id_P500K__FIXED_POSE_MPNN__0A1B353F72DFABBD	PVRIG_CAND_029	29	P1MCPUFP__CPUFP500K_0188__00481	0.400000	0.285714	0.315789	0.400000	true
PVRIG_CAND_005	5	NODE1GEN_256613_source_fixed_pose_mpnn_source_id_P500K__FIXED_POSE_MPNN__0A1B353F72DFABBD	PVRIG_CAND_030	30	NODE1GEN_182669_source_fixed_pose_mpnn_source_id_P500K__FIXED_POSE_MPNN__D4BBD3AB583903E7	0.500000	0.857143	0.473684	0.857143	false
PVRIG_CAND_005	5	NODE1GEN_256613_source_fixed_pose_mpnn_source_id_P500K__FIXED_POSE_MPNN__0A1B353F72DFABBD	PVRIG_CAND_031	31	NODE1GEN_128014_source_rfantibody_source_id_PVRIG_RFAb_v2_P6_ekg_L_bb258_mpn01_arm_P6_ekg_L_backbone_P6_ekg_L_bb258_status_NEEDS_RF2_AND_DOCKING	0.100000	0.250000	0.263158	0.263158	true
PVRIG_CAND_005	5	NODE1GEN_256613_source_fixed_pose_mpnn_source_id_P500K__FIXED_POSE_MPNN__0A1B353F72DFABBD	PVRIG_CAND_032	32	NODE1GEN_218195_source_fixed_pose_mpnn_source_id_P500K__FIXED_POSE_MPNN__A6B62FDDBC1A99BE	0.400000	0.285714	0.368421	0.400000	true
PVRIG_CAND_005	5	NODE1GEN_256613_source_fixed_pose_mpnn_source_id_P500K__FIXED_POSE_MPNN__0A1B353F72DFABBD	PVRIG_CAND_033	33	NODE1GEN_195165_source_fixed_pose_mpnn_source_id_P500K__FIXED_POSE_MPNN__499D245F888E5DC4	0.300000	0.428571	0.473684	0.473684	true
PVRIG_CAND_005	5	NODE1GEN_256613_source_fixed_pose_mpnn_source_id_P500K__FIXED_POSE_MPNN__0A1B353F72DFABBD	PVRIG_CAND_034	34	NODE1GEN_235318_source_fixed_pose_mpnn_source_id_P500K__FIXED_POSE_MPNN__B52C2EC7CC64BFED	0.500000	0.571429	0.473684	0.571429	true
PVRIG_CAND_005	5	NODE1GEN_256613_source_fixed_pose_mpnn_source_id_P500K__FIXED_POSE_MPNN__0A1B353F72DFABBD	PVRIG_CAND_035	35	NODE1GEN_076816_source_rfantibody_source_id_PVRIG_RFAb_v2_P4_ekg_L_bb155_mpn03_arm_P4_ekg_L_backbone_P4_ekg_L_bb155_status_NEEDS_RF2_AND_DOCKING	0.100000	0.250000	0.315789	0.315789	true
PVRIG_CAND_005	5	NODE1GEN_256613_source_fixed_pose_mpnn_source_id_P500K__FIXED_POSE_MPNN__0A1B353F72DFABBD	PVRIG_CAND_036	36	NODE1GEN_136300_source_rfantibody_source_id_PVRIG_RFAb_v2_P6_qkg_L_bb255_mpn02_arm_P6_qkg_L_backbone_P6_qkg_L_bb255_status_NEEDS_RF2_AND_DOCKING	0.100000	0.250000	0.368421	0.368421	true
PVRIG_CAND_005	5	NODE1GEN_256613_source_fixed_pose_mpnn_source_id_P500K__FIXED_POSE_MPNN__0A1B353F72DFABBD	PVRIG_CAND_037	37	NODE1GEN_095824_source_rfantibody_source_id_PVRIG_RFAb_v2_P4_qrg_L_bb358_mpn04_arm_P4_qrg_L_backbone_P4_qrg_L_bb358_status_NEEDS_RF2_AND_DOCKING	0.200000	0.250000	0.263158	0.263158	true
PVRIG_CAND_005	5	NODE1GEN_256613_source_fixed_pose_mpnn_source_id_P500K__FIXED_POSE_MPNN__0A1B353F72DFABBD	PVRIG_CAND_038	38	NODE1GEN_017313_source_rfantibody_source_id_PVRIG_RFAb_v2_P1_qrg_L_bb054_mpn00_arm_P1_qrg_L_backbone_P1_qrg_L_bb054_status_NEEDS_RF2_AND_DOCKING	0.200000	0.375000	0.315789	0.375000	true
PVRIG_CAND_005	5	NODE1GEN_256613_source_fixed_pose_mpnn_source_id_P500K__FIXED_POSE_MPNN__0A1B353F72DFABBD	PVRIG_CAND_039	39	NODE1GEN_109783_source_rfantibody_source_id_PVRIG_RFAb_v2_P5_qkg_L_bb121_mpn06_arm_P5_qkg_L_backbone_P5_qkg_L_bb121_status_NEEDS_RF2_AND_DOCKING	0.100000	0.375000	0.210526	0.375000	true
PVRIG_CAND_005	5	NODE1GEN_256613_source_fixed_pose_mpnn_source_id_P500K__FIXED_POSE_MPNN__0A1B353F72DFABBD	PVRIG_CAND_040	40	NODE1GEN_100102_source_rfantibody_source_id_PVRIG_RFAb_v2_P5_ekg_L_bb007_mpn10_arm_P5_ekg_L_backbone_P5_ekg_L_bb007_status_NEEDS_RF2_AND_DOCKING	0.200000	0.375000	0.421053	0.421053	true
PVRIG_CAND_005	5	NODE1GEN_256613_source_fixed_pose_mpnn_source_id_P500K__FIXED_POSE_MPNN__0A1B353F72DFABBD	PVRIG_CAND_041	41	NODE1GEN_109883_source_rfantibody_source_id_PVRIG_RFAb_v2_P5_qkg_L_bb130_mpn02_arm_P5_qkg_L_backbone_P5_qkg_L_bb130_status_NEEDS_RF2_AND_DOCKING	0.100000	0.250000	0.263158	0.263158	true
PVRIG_CAND_005	5	NODE1GEN_256613_source_fixed_pose_mpnn_source_id_P500K__FIXED_POSE_MPNN__0A1B353F72DFABBD	PVRIG_CAND_042	42	P1MCPUFP__CPUFP500K_0030__00860	0.500000	0.250000	0.210526	0.500000	true
PVRIG_CAND_005	5	NODE1GEN_256613_source_fixed_pose_mpnn_source_id_P500K__FIXED_POSE_MPNN__0A1B353F72DFABBD	PVRIG_CAND_043	43	P1MCPUFP__CPUFP500K_0029__00647	0.200000	0.250000	0.157895	0.250000	true
PVRIG_CAND_005	5	NODE1GEN_256613_source_fixed_pose_mpnn_source_id_P500K__FIXED_POSE_MPNN__0A1B353F72DFABBD	PVRIG_CAND_044	44	P1MCPUFP__CPUFP500K_0090__00860	0.400000	0.285714	0.473684	0.473684	true
PVRIG_CAND_005	5	NODE1GEN_256613_source_fixed_pose_mpnn_source_id_P500K__FIXED_POSE_MPNN__0A1B353F72DFABBD	PVRIG_CAND_045	45	P1MCPUFP__CPUFP500K_0289__00496	0.200000	0.142857	0.368421	0.368421	true
PVRIG_CAND_005	5	NODE1GEN_256613_source_fixed_pose_mpnn_source_id_P500K__FIXED_POSE_MPNN__0A1B353F72DFABBD	PVRIG_CAND_046	46	P1MCPUFP__CPUFP500K_0091__00849	0.200000	0.285714	0.368421	0.368421	true
PVRIG_CAND_005	5	NODE1GEN_256613_source_fixed_pose_mpnn_source_id_P500K__FIXED_POSE_MPNN__0A1B353F72DFABBD	PVRIG_CAND_047	47	P1MCPUFP__CPUFP500K_0388__00174	0.200000	0.142857	0.421053	0.421053	true
PVRIG_CAND_005	5	NODE1GEN_256613_source_fixed_pose_mpnn_source_id_P500K__FIXED_POSE_MPNN__0A1B353F72DFABBD	PVRIG_CAND_048	48	P1MCPUFP__CPUFP500K_0487__00827	0.100000	0.142857	0.421053	0.421053	true
PVRIG_CAND_005	5	NODE1GEN_256613_source_fixed_pose_mpnn_source_id_P500K__FIXED_POSE_MPNN__0A1B353F72DFABBD	PVRIG_CAND_049	49	P1MCPUFP__CPUFP500K_0188__00645	0.400000	0.285714	0.263158	0.400000	true
PVRIG_CAND_005	5	NODE1GEN_256613_source_fixed_pose_mpnn_source_id_P500K__FIXED_POSE_MPNN__0A1B353F72DFABBD	PVRIG_CAND_050	50	NODE1GEN_128929_source_rfantibody_source_id_PVRIG_RFAb_v2_P6_ekg_L_bb339_mpn06_arm_P6_ekg_L_backbone_P6_ekg_L_bb339_status_NEEDS_RF2_AND_DOCKING	0.100000	0.250000	0.368421	0.368421	true
PVRIG_CAND_006	6	NODE1GEN_183154_source_fixed_pose_mpnn_source_id_P500K__FIXED_POSE_MPNN__E25C2338B83B903C	PVRIG_CAND_007	7	P1MCPUFP__CPUFP500K_0100__00188	0.800000	0.571429	0.578947	0.800000	false
PVRIG_CAND_006	6	NODE1GEN_183154_source_fixed_pose_mpnn_source_id_P500K__FIXED_POSE_MPNN__E25C2338B83B903C	PVRIG_CAND_008	8	P1MCPUFP__CPUFP500K_0002__00919	0.400000	0.428571	0.578947	0.578947	true
PVRIG_CAND_006	6	NODE1GEN_183154_source_fixed_pose_mpnn_source_id_P500K__FIXED_POSE_MPNN__E25C2338B83B903C	PVRIG_CAND_009	9	P1MCPUFP__CPUFP500K_0288__00659	0.400000	0.285714	0.421053	0.421053	true
PVRIG_CAND_006	6	NODE1GEN_183154_source_fixed_pose_mpnn_source_id_P500K__FIXED_POSE_MPNN__E25C2338B83B903C	PVRIG_CAND_010	10	P1MCPUFP__CPUFP500K_0100__00092	0.700000	0.428571	0.578947	0.700000	true
PVRIG_CAND_006	6	NODE1GEN_183154_source_fixed_pose_mpnn_source_id_P500K__FIXED_POSE_MPNN__E25C2338B83B903C	PVRIG_CAND_011	11	NODE1GEN_154595_source_fixed_pose_mpnn_source_id_P500K__FIXED_POSE_MPNN__9B999365EA60CCE9	0.400000	0.714286	0.526316	0.714286	true
PVRIG_CAND_006	6	NODE1GEN_183154_source_fixed_pose_mpnn_source_id_P500K__FIXED_POSE_MPNN__E25C2338B83B903C	PVRIG_CAND_012	12	P1MCPUFP__CPUFP500K_0188__00282	0.400000	0.142857	0.368421	0.400000	true
PVRIG_CAND_006	6	NODE1GEN_183154_source_fixed_pose_mpnn_source_id_P500K__FIXED_POSE_MPNN__E25C2338B83B903C	PVRIG_CAND_013	13	NODE1GEN_191476_source_fixed_pose_mpnn_source_id_P500K__FIXED_POSE_MPNN__310934EF4B70CA47	0.700000	0.857143	0.684211	0.857143	false
PVRIG_CAND_006	6	NODE1GEN_183154_source_fixed_pose_mpnn_source_id_P500K__FIXED_POSE_MPNN__E25C2338B83B903C	PVRIG_CAND_014	14	P1MCPUFP__CPUFP500K_0090__00532	0.300000	0.428571	0.315789	0.428571	true
PVRIG_CAND_006	6	NODE1GEN_183154_source_fixed_pose_mpnn_source_id_P500K__FIXED_POSE_MPNN__E25C2338B83B903C	PVRIG_CAND_015	15	NODE1GEN_177961_source_fixed_pose_mpnn_source_id_P500K__FIXED_POSE_MPNN__8431DA62B813A913	0.700000	0.285714	0.368421	0.700000	true
PVRIG_CAND_006	6	NODE1GEN_183154_source_fixed_pose_mpnn_source_id_P500K__FIXED_POSE_MPNN__E25C2338B83B903C	PVRIG_CAND_016	16	NODE1GEN_206644_source_fixed_pose_mpnn_source_id_P500K__FIXED_POSE_MPNN__53F648E960398F2F	0.800000	0.857143	0.578947	0.857143	false
PVRIG_CAND_006	6	NODE1GEN_183154_source_fixed_pose_mpnn_source_id_P500K__FIXED_POSE_MPNN__E25C2338B83B903C	PVRIG_CAND_017	17	P1MCPUFP__CPUFP500K_0287__00804	0.600000	0.142857	0.315789	0.600000	true
PVRIG_CAND_006	6	NODE1GEN_183154_source_fixed_pose_mpnn_source_id_P500K__FIXED_POSE_MPNN__E25C2338B83B903C	PVRIG_CAND_018	18	NODE1GEN_127352_source_rfantibody_source_id_PVRIG_RFAb_v2_P6_ekg_L_bb203_mpn04_arm_P6_ekg_L_backbone_P6_ekg_L_bb203_status_NEEDS_RF2_AND_DOCKING	0.300000	0.500000	0.263158	0.500000	true
PVRIG_CAND_006	6	NODE1GEN_183154_source_fixed_pose_mpnn_source_id_P500K__FIXED_POSE_MPNN__E25C2338B83B903C	PVRIG_CAND_019	19	P1MCPUFP__CPUFP500K_0089__00735	0.400000	0.142857	0.368421	0.400000	true
PVRIG_CAND_006	6	NODE1GEN_183154_source_fixed_pose_mpnn_source_id_P500K__FIXED_POSE_MPNN__E25C2338B83B903C	PVRIG_CAND_020	20	NODE1GEN_258472_source_fixed_pose_mpnn_source_id_P500K__FIXED_POSE_MPNN__2E2B33208D567583	0.400000	0.000000	0.157895	0.400000	true
PVRIG_CAND_006	6	NODE1GEN_183154_source_fixed_pose_mpnn_source_id_P500K__FIXED_POSE_MPNN__E25C2338B83B903C	PVRIG_CAND_021	21	P1MCPUFP__CPUFP500K_0299__00780	0.400000	0.571429	0.473684	0.571429	true
PVRIG_CAND_006	6	NODE1GEN_183154_source_fixed_pose_mpnn_source_id_P500K__FIXED_POSE_MPNN__E25C2338B83B903C	PVRIG_CAND_022	22	P1MCPUFP__CPUFP500K_0189__00858	0.400000	0.142857	0.263158	0.400000	true
PVRIG_CAND_006	6	NODE1GEN_183154_source_fixed_pose_mpnn_source_id_P500K__FIXED_POSE_MPNN__E25C2338B83B903C	PVRIG_CAND_023	23	NODE1GEN_174576_source_fixed_pose_mpnn_source_id_P500K__FIXED_POSE_MPNN__D5384A7F42146722	0.400000	0.428571	0.210526	0.428571	true
PVRIG_CAND_006	6	NODE1GEN_183154_source_fixed_pose_mpnn_source_id_P500K__FIXED_POSE_MPNN__E25C2338B83B903C	PVRIG_CAND_024	24	NODE1GEN_002130_source_rfantibody_source_id_PVRIG_RFAb_v2_P1_ekg_L_bb177_mpn10_arm_P1_ekg_L_backbone_P1_ekg_L_bb177_status_NEEDS_RF2_AND_DOCKING	0.300000	0.500000	0.263158	0.500000	true
PVRIG_CAND_006	6	NODE1GEN_183154_source_fixed_pose_mpnn_source_id_P500K__FIXED_POSE_MPNN__E25C2338B83B903C	PVRIG_CAND_025	25	P1MCPUFP__CPUFP500K_0380__00771	0.600000	0.428571	0.421053	0.600000	true
PVRIG_CAND_006	6	NODE1GEN_183154_source_fixed_pose_mpnn_source_id_P500K__FIXED_POSE_MPNN__E25C2338B83B903C	PVRIG_CAND_026	26	NODE1GEN_217675_source_fixed_pose_mpnn_source_id_P500K__FIXED_POSE_MPNN__68DDB4A6D7CBCA89	0.500000	0.285714	0.526316	0.526316	true
PVRIG_CAND_006	6	NODE1GEN_183154_source_fixed_pose_mpnn_source_id_P500K__FIXED_POSE_MPNN__E25C2338B83B903C	PVRIG_CAND_027	27	P1MCPUFP__CPUFP500K_0404__00029	0.600000	0.428571	0.578947	0.600000	true
PVRIG_CAND_006	6	NODE1GEN_183154_source_fixed_pose_mpnn_source_id_P500K__FIXED_POSE_MPNN__E25C2338B83B903C	PVRIG_CAND_028	28	P1MCPUFP__CPUFP500K_0188__00549	0.300000	0.285714	0.263158	0.300000	true
PVRIG_CAND_006	6	NODE1GEN_183154_source_fixed_pose_mpnn_source_id_P500K__FIXED_POSE_MPNN__E25C2338B83B903C	PVRIG_CAND_029	29	P1MCPUFP__CPUFP500K_0188__00481	0.500000	0.142857	0.368421	0.500000	true
PVRIG_CAND_006	6	NODE1GEN_183154_source_fixed_pose_mpnn_source_id_P500K__FIXED_POSE_MPNN__E25C2338B83B903C	PVRIG_CAND_030	30	NODE1GEN_182669_source_fixed_pose_mpnn_source_id_P500K__FIXED_POSE_MPNN__D4BBD3AB583903E7	0.700000	0.571429	0.526316	0.700000	true
PVRIG_CAND_006	6	NODE1GEN_183154_source_fixed_pose_mpnn_source_id_P500K__FIXED_POSE_MPNN__E25C2338B83B903C	PVRIG_CAND_031	31	NODE1GEN_128014_source_rfantibody_source_id_PVRIG_RFAb_v2_P6_ekg_L_bb258_mpn01_arm_P6_ekg_L_backbone_P6_ekg_L_bb258_status_NEEDS_RF2_AND_DOCKING	0.300000	0.375000	0.315789	0.375000	true
PVRIG_CAND_006	6	NODE1GEN_183154_source_fixed_pose_mpnn_source_id_P500K__FIXED_POSE_MPNN__E25C2338B83B903C	PVRIG_CAND_032	32	NODE1GEN_218195_source_fixed_pose_mpnn_source_id_P500K__FIXED_POSE_MPNN__A6B62FDDBC1A99BE	0.300000	0.285714	0.263158	0.300000	true
PVRIG_CAND_006	6	NODE1GEN_183154_source_fixed_pose_mpnn_source_id_P500K__FIXED_POSE_MPNN__E25C2338B83B903C	PVRIG_CAND_033	33	NODE1GEN_195165_source_fixed_pose_mpnn_source_id_P500K__FIXED_POSE_MPNN__499D245F888E5DC4	0.400000	0.285714	0.421053	0.421053	true
PVRIG_CAND_006	6	NODE1GEN_183154_source_fixed_pose_mpnn_source_id_P500K__FIXED_POSE_MPNN__E25C2338B83B903C	PVRIG_CAND_034	34	NODE1GEN_235318_source_fixed_pose_mpnn_source_id_P500K__FIXED_POSE_MPNN__B52C2EC7CC64BFED	0.600000	0.428571	0.421053	0.600000	true
PVRIG_CAND_006	6	NODE1GEN_183154_source_fixed_pose_mpnn_source_id_P500K__FIXED_POSE_MPNN__E25C2338B83B903C	PVRIG_CAND_035	35	NODE1GEN_076816_source_rfantibody_source_id_PVRIG_RFAb_v2_P4_ekg_L_bb155_mpn03_arm_P4_ekg_L_backbone_P4_ekg_L_bb155_status_NEEDS_RF2_AND_DOCKING	0.300000	0.500000	0.210526	0.500000	true
PVRIG_CAND_006	6	NODE1GEN_183154_source_fixed_pose_mpnn_source_id_P500K__FIXED_POSE_MPNN__E25C2338B83B903C	PVRIG_CAND_036	36	NODE1GEN_136300_source_rfantibody_source_id_PVRIG_RFAb_v2_P6_qkg_L_bb255_mpn02_arm_P6_qkg_L_backbone_P6_qkg_L_bb255_status_NEEDS_RF2_AND_DOCKING	0.300000	0.375000	0.157895	0.375000	true
PVRIG_CAND_006	6	NODE1GEN_183154_source_fixed_pose_mpnn_source_id_P500K__FIXED_POSE_MPNN__E25C2338B83B903C	PVRIG_CAND_037	37	NODE1GEN_095824_source_rfantibody_source_id_PVRIG_RFAb_v2_P4_qrg_L_bb358_mpn04_arm_P4_qrg_L_backbone_P4_qrg_L_bb358_status_NEEDS_RF2_AND_DOCKING	0.200000	0.375000	0.263158	0.375000	true
PVRIG_CAND_006	6	NODE1GEN_183154_source_fixed_pose_mpnn_source_id_P500K__FIXED_POSE_MPNN__E25C2338B83B903C	PVRIG_CAND_038	38	NODE1GEN_017313_source_rfantibody_source_id_PVRIG_RFAb_v2_P1_qrg_L_bb054_mpn00_arm_P1_qrg_L_backbone_P1_qrg_L_bb054_status_NEEDS_RF2_AND_DOCKING	0.300000	0.375000	0.250000	0.375000	true
PVRIG_CAND_006	6	NODE1GEN_183154_source_fixed_pose_mpnn_source_id_P500K__FIXED_POSE_MPNN__E25C2338B83B903C	PVRIG_CAND_039	39	NODE1GEN_109783_source_rfantibody_source_id_PVRIG_RFAb_v2_P5_qkg_L_bb121_mpn06_arm_P5_qkg_L_backbone_P5_qkg_L_bb121_status_NEEDS_RF2_AND_DOCKING	0.300000	0.250000	0.210526	0.300000	true
PVRIG_CAND_006	6	NODE1GEN_183154_source_fixed_pose_mpnn_source_id_P500K__FIXED_POSE_MPNN__E25C2338B83B903C	PVRIG_CAND_040	40	NODE1GEN_100102_source_rfantibody_source_id_PVRIG_RFAb_v2_P5_ekg_L_bb007_mpn10_arm_P5_ekg_L_backbone_P5_ekg_L_bb007_status_NEEDS_RF2_AND_DOCKING	0.200000	0.375000	0.263158	0.375000	true
PVRIG_CAND_006	6	NODE1GEN_183154_source_fixed_pose_mpnn_source_id_P500K__FIXED_POSE_MPNN__E25C2338B83B903C	PVRIG_CAND_041	41	NODE1GEN_109883_source_rfantibody_source_id_PVRIG_RFAb_v2_P5_qkg_L_bb130_mpn02_arm_P5_qkg_L_backbone_P5_qkg_L_bb130_status_NEEDS_RF2_AND_DOCKING	0.300000	0.500000	0.263158	0.500000	true
PVRIG_CAND_006	6	NODE1GEN_183154_source_fixed_pose_mpnn_source_id_P500K__FIXED_POSE_MPNN__E25C2338B83B903C	PVRIG_CAND_042	42	P1MCPUFP__CPUFP500K_0030__00860	0.400000	0.250000	0.315789	0.400000	true
PVRIG_CAND_006	6	NODE1GEN_183154_source_fixed_pose_mpnn_source_id_P500K__FIXED_POSE_MPNN__E25C2338B83B903C	PVRIG_CAND_043	43	P1MCPUFP__CPUFP500K_0029__00647	0.400000	0.375000	0.210526	0.400000	true
PVRIG_CAND_006	6	NODE1GEN_183154_source_fixed_pose_mpnn_source_id_P500K__FIXED_POSE_MPNN__E25C2338B83B903C	PVRIG_CAND_044	44	P1MCPUFP__CPUFP500K_0090__00860	0.400000	0.142857	0.368421	0.400000	true
PVRIG_CAND_006	6	NODE1GEN_183154_source_fixed_pose_mpnn_source_id_P500K__FIXED_POSE_MPNN__E25C2338B83B903C	PVRIG_CAND_045	45	P1MCPUFP__CPUFP500K_0289__00496	0.300000	0.428571	0.263158	0.428571	true
PVRIG_CAND_006	6	NODE1GEN_183154_source_fixed_pose_mpnn_source_id_P500K__FIXED_POSE_MPNN__E25C2338B83B903C	PVRIG_CAND_046	46	P1MCPUFP__CPUFP500K_0091__00849	0.400000	0.428571	0.210526	0.428571	true
PVRIG_CAND_006	6	NODE1GEN_183154_source_fixed_pose_mpnn_source_id_P500K__FIXED_POSE_MPNN__E25C2338B83B903C	PVRIG_CAND_047	47	P1MCPUFP__CPUFP500K_0388__00174	0.400000	0.285714	0.315789	0.400000	true
PVRIG_CAND_006	6	NODE1GEN_183154_source_fixed_pose_mpnn_source_id_P500K__FIXED_POSE_MPNN__E25C2338B83B903C	PVRIG_CAND_048	48	P1MCPUFP__CPUFP500K_0487__00827	0.200000	0.428571	0.263158	0.428571	true
PVRIG_CAND_006	6	NODE1GEN_183154_source_fixed_pose_mpnn_source_id_P500K__FIXED_POSE_MPNN__E25C2338B83B903C	PVRIG_CAND_049	49	P1MCPUFP__CPUFP500K_0188__00645	0.400000	0.142857	0.368421	0.400000	true
PVRIG_CAND_006	6	NODE1GEN_183154_source_fixed_pose_mpnn_source_id_P500K__FIXED_POSE_MPNN__E25C2338B83B903C	PVRIG_CAND_050	50	NODE1GEN_128929_source_rfantibody_source_id_PVRIG_RFAb_v2_P6_ekg_L_bb339_mpn06_arm_P6_ekg_L_backbone_P6_ekg_L_bb339_status_NEEDS_RF2_AND_DOCKING	0.300000	0.250000	0.210526	0.300000	true
PVRIG_CAND_007	7	P1MCPUFP__CPUFP500K_0100__00188	PVRIG_CAND_008	8	P1MCPUFP__CPUFP500K_0002__00919	0.600000	0.714286	0.421053	0.714286	true
PVRIG_CAND_007	7	P1MCPUFP__CPUFP500K_0100__00188	PVRIG_CAND_009	9	P1MCPUFP__CPUFP500K_0288__00659	0.400000	0.428571	0.263158	0.428571	true
PVRIG_CAND_007	7	P1MCPUFP__CPUFP500K_0100__00188	PVRIG_CAND_010	10	P1MCPUFP__CPUFP500K_0100__00092	0.800000	0.428571	0.526316	0.800000	false
PVRIG_CAND_007	7	P1MCPUFP__CPUFP500K_0100__00188	PVRIG_CAND_011	11	NODE1GEN_154595_source_fixed_pose_mpnn_source_id_P500K__FIXED_POSE_MPNN__9B999365EA60CCE9	0.600000	0.428571	0.526316	0.600000	true
PVRIG_CAND_007	7	P1MCPUFP__CPUFP500K_0100__00188	PVRIG_CAND_012	12	P1MCPUFP__CPUFP500K_0188__00282	0.500000	0.428571	0.368421	0.500000	true
PVRIG_CAND_007	7	P1MCPUFP__CPUFP500K_0100__00188	PVRIG_CAND_013	13	NODE1GEN_191476_source_fixed_pose_mpnn_source_id_P500K__FIXED_POSE_MPNN__310934EF4B70CA47	0.900000	0.428571	0.578947	0.900000	false
PVRIG_CAND_007	7	P1MCPUFP__CPUFP500K_0100__00188	PVRIG_CAND_014	14	P1MCPUFP__CPUFP500K_0090__00532	0.300000	0.571429	0.263158	0.571429	true
PVRIG_CAND_007	7	P1MCPUFP__CPUFP500K_0100__00188	PVRIG_CAND_015	15	NODE1GEN_177961_source_fixed_pose_mpnn_source_id_P500K__FIXED_POSE_MPNN__8431DA62B813A913	0.700000	0.571429	0.421053	0.700000	true
PVRIG_CAND_007	7	P1MCPUFP__CPUFP500K_0100__00188	PVRIG_CAND_016	16	NODE1GEN_206644_source_fixed_pose_mpnn_source_id_P500K__FIXED_POSE_MPNN__53F648E960398F2F	1.000000	0.428571	0.526316	1.000000	false
PVRIG_CAND_007	7	P1MCPUFP__CPUFP500K_0100__00188	PVRIG_CAND_017	17	P1MCPUFP__CPUFP500K_0287__00804	0.600000	0.428571	0.263158	0.600000	true
PVRIG_CAND_007	7	P1MCPUFP__CPUFP500K_0100__00188	PVRIG_CAND_018	18	NODE1GEN_127352_source_rfantibody_source_id_PVRIG_RFAb_v2_P6_ekg_L_bb203_mpn04_arm_P6_ekg_L_backbone_P6_ekg_L_bb203_status_NEEDS_RF2_AND_DOCKING	0.300000	0.625000	0.368421	0.625000	true
PVRIG_CAND_007	7	P1MCPUFP__CPUFP500K_0100__00188	PVRIG_CAND_019	19	P1MCPUFP__CPUFP500K_0089__00735	0.400000	0.428571	0.421053	0.428571	true
PVRIG_CAND_007	7	P1MCPUFP__CPUFP500K_0100__00188	PVRIG_CAND_020	20	NODE1GEN_258472_source_fixed_pose_mpnn_source_id_P500K__FIXED_POSE_MPNN__2E2B33208D567583	0.400000	0.125000	0.157895	0.400000	true
PVRIG_CAND_007	7	P1MCPUFP__CPUFP500K_0100__00188	PVRIG_CAND_021	21	P1MCPUFP__CPUFP500K_0299__00780	0.600000	0.714286	0.315789	0.714286	true
PVRIG_CAND_007	7	P1MCPUFP__CPUFP500K_0100__00188	PVRIG_CAND_022	22	P1MCPUFP__CPUFP500K_0189__00858	0.400000	0.285714	0.263158	0.400000	true
PVRIG_CAND_007	7	P1MCPUFP__CPUFP500K_0100__00188	PVRIG_CAND_023	23	NODE1GEN_174576_source_fixed_pose_mpnn_source_id_P500K__FIXED_POSE_MPNN__D5384A7F42146722	0.400000	0.428571	0.210526	0.428571	true
PVRIG_CAND_007	7	P1MCPUFP__CPUFP500K_0100__00188	PVRIG_CAND_024	24	NODE1GEN_002130_source_rfantibody_source_id_PVRIG_RFAb_v2_P1_ekg_L_bb177_mpn10_arm_P1_ekg_L_backbone_P1_ekg_L_bb177_status_NEEDS_RF2_AND_DOCKING	0.300000	0.625000	0.368421	0.625000	true
PVRIG_CAND_007	7	P1MCPUFP__CPUFP500K_0100__00188	PVRIG_CAND_025	25	P1MCPUFP__CPUFP500K_0380__00771	0.600000	0.714286	0.421053	0.714286	true
PVRIG_CAND_007	7	P1MCPUFP__CPUFP500K_0100__00188	PVRIG_CAND_026	26	NODE1GEN_217675_source_fixed_pose_mpnn_source_id_P500K__FIXED_POSE_MPNN__68DDB4A6D7CBCA89	0.500000	0.428571	0.368421	0.500000	true
PVRIG_CAND_007	7	P1MCPUFP__CPUFP500K_0100__00188	PVRIG_CAND_027	27	P1MCPUFP__CPUFP500K_0404__00029	0.700000	0.428571	0.473684	0.700000	true
PVRIG_CAND_007	7	P1MCPUFP__CPUFP500K_0100__00188	PVRIG_CAND_028	28	P1MCPUFP__CPUFP500K_0188__00549	0.300000	0.571429	0.315789	0.571429	true
PVRIG_CAND_007	7	P1MCPUFP__CPUFP500K_0100__00188	PVRIG_CAND_029	29	P1MCPUFP__CPUFP500K_0188__00481	0.500000	0.428571	0.263158	0.500000	true
PVRIG_CAND_007	7	P1MCPUFP__CPUFP500K_0100__00188	PVRIG_CAND_030	30	NODE1GEN_182669_source_fixed_pose_mpnn_source_id_P500K__FIXED_POSE_MPNN__D4BBD3AB583903E7	0.900000	0.285714	0.473684	0.900000	false
PVRIG_CAND_007	7	P1MCPUFP__CPUFP500K_0100__00188	PVRIG_CAND_031	31	NODE1GEN_128014_source_rfantibody_source_id_PVRIG_RFAb_v2_P6_ekg_L_bb258_mpn01_arm_P6_ekg_L_backbone_P6_ekg_L_bb258_status_NEEDS_RF2_AND_DOCKING	0.300000	0.500000	0.263158	0.500000	true
PVRIG_CAND_007	7	P1MCPUFP__CPUFP500K_0100__00188	PVRIG_CAND_032	32	NODE1GEN_218195_source_fixed_pose_mpnn_source_id_P500K__FIXED_POSE_MPNN__A6B62FDDBC1A99BE	0.400000	0.285714	0.368421	0.400000	true
PVRIG_CAND_007	7	P1MCPUFP__CPUFP500K_0100__00188	PVRIG_CAND_033	33	NODE1GEN_195165_source_fixed_pose_mpnn_source_id_P500K__FIXED_POSE_MPNN__499D245F888E5DC4	0.400000	0.285714	0.368421	0.400000	true
PVRIG_CAND_007	7	P1MCPUFP__CPUFP500K_0100__00188	PVRIG_CAND_034	34	NODE1GEN_235318_source_fixed_pose_mpnn_source_id_P500K__FIXED_POSE_MPNN__B52C2EC7CC64BFED	0.600000	0.142857	0.421053	0.600000	true
PVRIG_CAND_007	7	P1MCPUFP__CPUFP500K_0100__00188	PVRIG_CAND_035	35	NODE1GEN_076816_source_rfantibody_source_id_PVRIG_RFAb_v2_P4_ekg_L_bb155_mpn03_arm_P4_ekg_L_backbone_P4_ekg_L_bb155_status_NEEDS_RF2_AND_DOCKING	0.300000	0.625000	0.263158	0.625000	true
PVRIG_CAND_007	7	P1MCPUFP__CPUFP500K_0100__00188	PVRIG_CAND_036	36	NODE1GEN_136300_source_rfantibody_source_id_PVRIG_RFAb_v2_P6_qkg_L_bb255_mpn02_arm_P6_qkg_L_backbone_P6_qkg_L_bb255_status_NEEDS_RF2_AND_DOCKING	0.300000	0.500000	0.210526	0.500000	true
PVRIG_CAND_007	7	P1MCPUFP__CPUFP500K_0100__00188	PVRIG_CAND_037	37	NODE1GEN_095824_source_rfantibody_source_id_PVRIG_RFAb_v2_P4_qrg_L_bb358_mpn04_arm_P4_qrg_L_backbone_P4_qrg_L_bb358_status_NEEDS_RF2_AND_DOCKING	0.400000	0.500000	0.368421	0.500000	true
PVRIG_CAND_007	7	P1MCPUFP__CPUFP500K_0100__00188	PVRIG_CAND_038	38	NODE1GEN_017313_source_rfantibody_source_id_PVRIG_RFAb_v2_P1_qrg_L_bb054_mpn00_arm_P1_qrg_L_backbone_P1_qrg_L_bb054_status_NEEDS_RF2_AND_DOCKING	0.300000	0.500000	0.210526	0.500000	true
PVRIG_CAND_007	7	P1MCPUFP__CPUFP500K_0100__00188	PVRIG_CAND_039	39	NODE1GEN_109783_source_rfantibody_source_id_PVRIG_RFAb_v2_P5_qkg_L_bb121_mpn06_arm_P5_qkg_L_backbone_P5_qkg_L_bb121_status_NEEDS_RF2_AND_DOCKING	0.300000	0.375000	0.315789	0.375000	true
PVRIG_CAND_007	7	P1MCPUFP__CPUFP500K_0100__00188	PVRIG_CAND_040	40	NODE1GEN_100102_source_rfantibody_source_id_PVRIG_RFAb_v2_P5_ekg_L_bb007_mpn10_arm_P5_ekg_L_backbone_P5_ekg_L_bb007_status_NEEDS_RF2_AND_DOCKING	0.400000	0.625000	0.263158	0.625000	true
PVRIG_CAND_007	7	P1MCPUFP__CPUFP500K_0100__00188	PVRIG_CAND_041	41	NODE1GEN_109883_source_rfantibody_source_id_PVRIG_RFAb_v2_P5_qkg_L_bb130_mpn02_arm_P5_qkg_L_backbone_P5_qkg_L_bb130_status_NEEDS_RF2_AND_DOCKING	0.300000	0.625000	0.315789	0.625000	true
PVRIG_CAND_007	7	P1MCPUFP__CPUFP500K_0100__00188	PVRIG_CAND_042	42	P1MCPUFP__CPUFP500K_0030__00860	0.400000	0.375000	0.368421	0.400000	true
PVRIG_CAND_007	7	P1MCPUFP__CPUFP500K_0100__00188	PVRIG_CAND_043	43	P1MCPUFP__CPUFP500K_0029__00647	0.300000	0.500000	0.272727	0.500000	true
PVRIG_CAND_007	7	P1MCPUFP__CPUFP500K_0100__00188	PVRIG_CAND_044	44	P1MCPUFP__CPUFP500K_0090__00860	0.400000	0.285714	0.368421	0.400000	true
PVRIG_CAND_007	7	P1MCPUFP__CPUFP500K_0100__00188	PVRIG_CAND_045	45	P1MCPUFP__CPUFP500K_0289__00496	0.200000	0.571429	0.210526	0.571429	true
PVRIG_CAND_007	7	P1MCPUFP__CPUFP500K_0100__00188	PVRIG_CAND_046	46	P1MCPUFP__CPUFP500K_0091__00849	0.300000	0.428571	0.210526	0.428571	true
PVRIG_CAND_007	7	P1MCPUFP__CPUFP500K_0100__00188	PVRIG_CAND_047	47	P1MCPUFP__CPUFP500K_0388__00174	0.300000	0.428571	0.315789	0.428571	true
PVRIG_CAND_007	7	P1MCPUFP__CPUFP500K_0100__00188	PVRIG_CAND_048	48	P1MCPUFP__CPUFP500K_0487__00827	0.100000	0.571429	0.263158	0.571429	true
PVRIG_CAND_007	7	P1MCPUFP__CPUFP500K_0100__00188	PVRIG_CAND_049	49	P1MCPUFP__CPUFP500K_0188__00645	0.400000	0.428571	0.368421	0.428571	true
PVRIG_CAND_007	7	P1MCPUFP__CPUFP500K_0100__00188	PVRIG_CAND_050	50	NODE1GEN_128929_source_rfantibody_source_id_PVRIG_RFAb_v2_P6_ekg_L_bb339_mpn06_arm_P6_ekg_L_backbone_P6_ekg_L_bb339_status_NEEDS_RF2_AND_DOCKING	0.300000	0.375000	0.300000	0.375000	true
PVRIG_CAND_008	8	P1MCPUFP__CPUFP500K_0002__00919	PVRIG_CAND_009	9	P1MCPUFP__CPUFP500K_0288__00659	0.200000	0.428571	0.473684	0.473684	true
PVRIG_CAND_008	8	P1MCPUFP__CPUFP500K_0002__00919	PVRIG_CAND_010	10	P1MCPUFP__CPUFP500K_0100__00092	0.500000	0.571429	0.421053	0.571429	true
PVRIG_CAND_008	8	P1MCPUFP__CPUFP500K_0002__00919	PVRIG_CAND_011	11	NODE1GEN_154595_source_fixed_pose_mpnn_source_id_P500K__FIXED_POSE_MPNN__9B999365EA60CCE9	0.900000	0.571429	0.736842	0.900000	false
PVRIG_CAND_008	8	P1MCPUFP__CPUFP500K_0002__00919	PVRIG_CAND_012	12	P1MCPUFP__CPUFP500K_0188__00282	0.600000	0.571429	0.368421	0.600000	true
PVRIG_CAND_008	8	P1MCPUFP__CPUFP500K_0002__00919	PVRIG_CAND_013	13	NODE1GEN_191476_source_fixed_pose_mpnn_source_id_P500K__FIXED_POSE_MPNN__310934EF4B70CA47	0.600000	0.285714	0.473684	0.600000	true
PVRIG_CAND_008	8	P1MCPUFP__CPUFP500K_0002__00919	PVRIG_CAND_014	14	P1MCPUFP__CPUFP500K_0090__00532	0.200000	0.428571	0.421053	0.428571	true
PVRIG_CAND_008	8	P1MCPUFP__CPUFP500K_0002__00919	PVRIG_CAND_015	15	NODE1GEN_177961_source_fixed_pose_mpnn_source_id_P500K__FIXED_POSE_MPNN__8431DA62B813A913	0.400000	0.428571	0.526316	0.526316	true
PVRIG_CAND_008	8	P1MCPUFP__CPUFP500K_0002__00919	PVRIG_CAND_016	16	NODE1GEN_206644_source_fixed_pose_mpnn_source_id_P500K__FIXED_POSE_MPNN__53F648E960398F2F	0.600000	0.285714	0.578947	0.600000	true
PVRIG_CAND_008	8	P1MCPUFP__CPUFP500K_0002__00919	PVRIG_CAND_017	17	P1MCPUFP__CPUFP500K_0287__00804	0.300000	0.571429	0.263158	0.571429	true
PVRIG_CAND_008	8	P1MCPUFP__CPUFP500K_0002__00919	PVRIG_CAND_018	18	NODE1GEN_127352_source_rfantibody_source_id_PVRIG_RFAb_v2_P6_ekg_L_bb203_mpn04_arm_P6_ekg_L_backbone_P6_ekg_L_bb203_status_NEEDS_RF2_AND_DOCKING	0.300000	0.500000	0.368421	0.500000	true
PVRIG_CAND_008	8	P1MCPUFP__CPUFP500K_0002__00919	PVRIG_CAND_019	19	P1MCPUFP__CPUFP500K_0089__00735	0.500000	0.571429	0.421053	0.571429	true
PVRIG_CAND_008	8	P1MCPUFP__CPUFP500K_0002__00919	PVRIG_CAND_020	20	NODE1GEN_258472_source_fixed_pose_mpnn_source_id_P500K__FIXED_POSE_MPNN__2E2B33208D567583	0.300000	0.125000	0.105263	0.300000	true
PVRIG_CAND_008	8	P1MCPUFP__CPUFP500K_0002__00919	PVRIG_CAND_021	21	P1MCPUFP__CPUFP500K_0299__00780	0.800000	0.714286	0.789474	0.800000	false
PVRIG_CAND_008	8	P1MCPUFP__CPUFP500K_0002__00919	PVRIG_CAND_022	22	P1MCPUFP__CPUFP500K_0189__00858	0.300000	0.428571	0.315789	0.428571	true
PVRIG_CAND_008	8	P1MCPUFP__CPUFP500K_0002__00919	PVRIG_CAND_023	23	NODE1GEN_174576_source_fixed_pose_mpnn_source_id_P500K__FIXED_POSE_MPNN__D5384A7F42146722	0.300000	0.428571	0.315789	0.428571	true
PVRIG_CAND_008	8	P1MCPUFP__CPUFP500K_0002__00919	PVRIG_CAND_024	24	NODE1GEN_002130_source_rfantibody_source_id_PVRIG_RFAb_v2_P1_ekg_L_bb177_mpn10_arm_P1_ekg_L_backbone_P1_ekg_L_bb177_status_NEEDS_RF2_AND_DOCKING	0.300000	0.500000	0.210526	0.500000	true
PVRIG_CAND_008	8	P1MCPUFP__CPUFP500K_0002__00919	PVRIG_CAND_025	25	P1MCPUFP__CPUFP500K_0380__00771	0.400000	0.857143	0.473684	0.857143	false
PVRIG_CAND_008	8	P1MCPUFP__CPUFP500K_0002__00919	PVRIG_CAND_026	26	NODE1GEN_217675_source_fixed_pose_mpnn_source_id_P500K__FIXED_POSE_MPNN__68DDB4A6D7CBCA89	0.400000	0.428571	0.631579	0.631579	true
PVRIG_CAND_008	8	P1MCPUFP__CPUFP500K_0002__00919	PVRIG_CAND_027	27	P1MCPUFP__CPUFP500K_0404__00029	0.500000	0.285714	0.473684	0.500000	true
PVRIG_CAND_008	8	P1MCPUFP__CPUFP500K_0002__00919	PVRIG_CAND_028	28	P1MCPUFP__CPUFP500K_0188__00549	0.300000	0.714286	0.315789	0.714286	true
PVRIG_CAND_008	8	P1MCPUFP__CPUFP500K_0002__00919	PVRIG_CAND_029	29	P1MCPUFP__CPUFP500K_0188__00481	0.300000	0.571429	0.421053	0.571429	true
PVRIG_CAND_008	8	P1MCPUFP__CPUFP500K_0002__00919	PVRIG_CAND_030	30	NODE1GEN_182669_source_fixed_pose_mpnn_source_id_P500K__FIXED_POSE_MPNN__D4BBD3AB583903E7	0.700000	0.142857	0.473684	0.700000	true
PVRIG_CAND_008	8	P1MCPUFP__CPUFP500K_0002__00919	PVRIG_CAND_031	31	NODE1GEN_128014_source_rfantibody_source_id_PVRIG_RFAb_v2_P6_ekg_L_bb258_mpn01_arm_P6_ekg_L_backbone_P6_ekg_L_bb258_status_NEEDS_RF2_AND_DOCKING	0.300000	0.375000	0.315789	0.375000	true
PVRIG_CAND_008	8	P1MCPUFP__CPUFP500K_0002__00919	PVRIG_CAND_032	32	NODE1GEN_218195_source_fixed_pose_mpnn_source_id_P500K__FIXED_POSE_MPNN__A6B62FDDBC1A99BE	0.400000	0.428571	0.368421	0.428571	true
PVRIG_CAND_008	8	P1MCPUFP__CPUFP500K_0002__00919	PVRIG_CAND_033	33	NODE1GEN_195165_source_fixed_pose_mpnn_source_id_P500K__FIXED_POSE_MPNN__499D245F888E5DC4	0.400000	0.285714	0.421053	0.421053	true
PVRIG_CAND_008	8	P1MCPUFP__CPUFP500K_0002__00919	PVRIG_CAND_034	34	NODE1GEN_235318_source_fixed_pose_mpnn_source_id_P500K__FIXED_POSE_MPNN__B52C2EC7CC64BFED	0.400000	0.285714	0.421053	0.421053	true
PVRIG_CAND_008	8	P1MCPUFP__CPUFP500K_0002__00919	PVRIG_CAND_035	35	NODE1GEN_076816_source_rfantibody_source_id_PVRIG_RFAb_v2_P4_ekg_L_bb155_mpn03_arm_P4_ekg_L_backbone_P4_ekg_L_bb155_status_NEEDS_RF2_AND_DOCKING	0.300000	0.500000	0.210526	0.500000	true
PVRIG_CAND_008	8	P1MCPUFP__CPUFP500K_0002__00919	PVRIG_CAND_036	36	NODE1GEN_136300_source_rfantibody_source_id_PVRIG_RFAb_v2_P6_qkg_L_bb255_mpn02_arm_P6_qkg_L_backbone_P6_qkg_L_bb255_status_NEEDS_RF2_AND_DOCKING	0.300000	0.375000	0.315789	0.375000	true
PVRIG_CAND_008	8	P1MCPUFP__CPUFP500K_0002__00919	PVRIG_CAND_037	37	NODE1GEN_095824_source_rfantibody_source_id_PVRIG_RFAb_v2_P4_qrg_L_bb358_mpn04_arm_P4_qrg_L_backbone_P4_qrg_L_bb358_status_NEEDS_RF2_AND_DOCKING	0.400000	0.375000	0.263158	0.400000	true
PVRIG_CAND_008	8	P1MCPUFP__CPUFP500K_0002__00919	PVRIG_CAND_038	38	NODE1GEN_017313_source_rfantibody_source_id_PVRIG_RFAb_v2_P1_qrg_L_bb054_mpn00_arm_P1_qrg_L_backbone_P1_qrg_L_bb054_status_NEEDS_RF2_AND_DOCKING	0.300000	0.375000	0.315789	0.375000	true
PVRIG_CAND_008	8	P1MCPUFP__CPUFP500K_0002__00919	PVRIG_CAND_039	39	NODE1GEN_109783_source_rfantibody_source_id_PVRIG_RFAb_v2_P5_qkg_L_bb121_mpn06_arm_P5_qkg_L_backbone_P5_qkg_L_bb121_status_NEEDS_RF2_AND_DOCKING	0.300000	0.250000	0.315789	0.315789	true
PVRIG_CAND_008	8	P1MCPUFP__CPUFP500K_0002__00919	PVRIG_CAND_040	40	NODE1GEN_100102_source_rfantibody_source_id_PVRIG_RFAb_v2_P5_ekg_L_bb007_mpn10_arm_P5_ekg_L_backbone_P5_ekg_L_bb007_status_NEEDS_RF2_AND_DOCKING	0.300000	0.500000	0.315789	0.500000	true
PVRIG_CAND_008	8	P1MCPUFP__CPUFP500K_0002__00919	PVRIG_CAND_041	41	NODE1GEN_109883_source_rfantibody_source_id_PVRIG_RFAb_v2_P5_qkg_L_bb130_mpn02_arm_P5_qkg_L_backbone_P5_qkg_L_bb130_status_NEEDS_RF2_AND_DOCKING	0.300000	0.500000	0.315789	0.500000	true
PVRIG_CAND_008	8	P1MCPUFP__CPUFP500K_0002__00919	PVRIG_CAND_042	42	P1MCPUFP__CPUFP500K_0030__00860	0.400000	0.375000	0.263158	0.400000	true
PVRIG_CAND_008	8	P1MCPUFP__CPUFP500K_0002__00919	PVRIG_CAND_043	43	P1MCPUFP__CPUFP500K_0029__00647	0.200000	0.375000	0.157895	0.375000	true
PVRIG_CAND_008	8	P1MCPUFP__CPUFP500K_0002__00919	PVRIG_CAND_044	44	P1MCPUFP__CPUFP500K_0090__00860	0.300000	0.428571	0.473684	0.473684	true
PVRIG_CAND_008	8	P1MCPUFP__CPUFP500K_0002__00919	PVRIG_CAND_045	45	P1MCPUFP__CPUFP500K_0289__00496	0.300000	0.857143	0.210526	0.857143	false
PVRIG_CAND_008	8	P1MCPUFP__CPUFP500K_0002__00919	PVRIG_CAND_046	46	P1MCPUFP__CPUFP500K_0091__00849	0.200000	0.428571	0.263158	0.428571	true
PVRIG_CAND_008	8	P1MCPUFP__CPUFP500K_0002__00919	PVRIG_CAND_047	47	P1MCPUFP__CPUFP500K_0388__00174	0.200000	0.714286	0.368421	0.714286	true
PVRIG_CAND_008	8	P1MCPUFP__CPUFP500K_0002__00919	PVRIG_CAND_048	48	P1MCPUFP__CPUFP500K_0487__00827	0.200000	0.714286	0.315789	0.714286	true
PVRIG_CAND_008	8	P1MCPUFP__CPUFP500K_0002__00919	PVRIG_CAND_049	49	P1MCPUFP__CPUFP500K_0188__00645	0.400000	0.571429	0.368421	0.571429	true
PVRIG_CAND_008	8	P1MCPUFP__CPUFP500K_0002__00919	PVRIG_CAND_050	50	NODE1GEN_128929_source_rfantibody_source_id_PVRIG_RFAb_v2_P6_ekg_L_bb339_mpn06_arm_P6_ekg_L_backbone_P6_ekg_L_bb339_status_NEEDS_RF2_AND_DOCKING	0.300000	0.250000	0.263158	0.300000	true
PVRIG_CAND_009	9	P1MCPUFP__CPUFP500K_0288__00659	PVRIG_CAND_010	10	P1MCPUFP__CPUFP500K_0100__00092	0.400000	0.285714	0.315789	0.400000	true
PVRIG_CAND_009	9	P1MCPUFP__CPUFP500K_0288__00659	PVRIG_CAND_011	11	NODE1GEN_154595_source_fixed_pose_mpnn_source_id_P500K__FIXED_POSE_MPNN__9B999365EA60CCE9	0.200000	0.285714	0.578947	0.578947	true
PVRIG_CAND_009	9	P1MCPUFP__CPUFP500K_0288__00659	PVRIG_CAND_012	12	P1MCPUFP__CPUFP500K_0188__00282	0.400000	0.428571	0.368421	0.428571	true
PVRIG_CAND_009	9	P1MCPUFP__CPUFP500K_0288__00659	PVRIG_CAND_013	13	NODE1GEN_191476_source_fixed_pose_mpnn_source_id_P500K__FIXED_POSE_MPNN__310934EF4B70CA47	0.400000	0.142857	0.368421	0.400000	true
PVRIG_CAND_009	9	P1MCPUFP__CPUFP500K_0288__00659	PVRIG_CAND_014	14	P1MCPUFP__CPUFP500K_0090__00532	0.800000	0.857143	0.473684	0.857143	false
PVRIG_CAND_009	9	P1MCPUFP__CPUFP500K_0288__00659	PVRIG_CAND_015	15	NODE1GEN_177961_source_fixed_pose_mpnn_source_id_P500K__FIXED_POSE_MPNN__8431DA62B813A913	0.400000	0.285714	0.473684	0.473684	true
PVRIG_CAND_009	9	P1MCPUFP__CPUFP500K_0288__00659	PVRIG_CAND_016	16	NODE1GEN_206644_source_fixed_pose_mpnn_source_id_P500K__FIXED_POSE_MPNN__53F648E960398F2F	0.400000	0.142857	0.315789	0.400000	true
PVRIG_CAND_009	9	P1MCPUFP__CPUFP500K_0288__00659	PVRIG_CAND_017	17	P1MCPUFP__CPUFP500K_0287__00804	0.500000	0.428571	0.210526	0.500000	true
PVRIG_CAND_009	9	P1MCPUFP__CPUFP500K_0288__00659	PVRIG_CAND_018	18	NODE1GEN_127352_source_rfantibody_source_id_PVRIG_RFAb_v2_P6_ekg_L_bb203_mpn04_arm_P6_ekg_L_backbone_P6_ekg_L_bb203_status_NEEDS_RF2_AND_DOCKING	0.200000	0.375000	0.368421	0.375000	true
PVRIG_CAND_009	9	P1MCPUFP__CPUFP500K_0288__00659	PVRIG_CAND_019	19	P1MCPUFP__CPUFP500K_0089__00735	0.500000	0.428571	0.315789	0.500000	true
PVRIG_CAND_009	9	P1MCPUFP__CPUFP500K_0288__00659	PVRIG_CAND_020	20	NODE1GEN_258472_source_fixed_pose_mpnn_source_id_P500K__FIXED_POSE_MPNN__2E2B33208D567583	0.200000	0.250000	0.210526	0.250000	true
PVRIG_CAND_009	9	P1MCPUFP__CPUFP500K_0288__00659	PVRIG_CAND_021	21	P1MCPUFP__CPUFP500K_0299__00780	0.200000	0.285714	0.473684	0.473684	true
PVRIG_CAND_009	9	P1MCPUFP__CPUFP500K_0288__00659	PVRIG_CAND_022	22	P1MCPUFP__CPUFP500K_0189__00858	0.600000	0.714286	0.526316	0.714286	true
PVRIG_CAND_009	9	P1MCPUFP__CPUFP500K_0288__00659	PVRIG_CAND_023	23	NODE1GEN_174576_source_fixed_pose_mpnn_source_id_P500K__FIXED_POSE_MPNN__D5384A7F42146722	0.500000	0.714286	0.368421	0.714286	true
PVRIG_CAND_009	9	P1MCPUFP__CPUFP500K_0288__00659	PVRIG_CAND_024	24	NODE1GEN_002130_source_rfantibody_source_id_PVRIG_RFAb_v2_P1_ekg_L_bb177_mpn10_arm_P1_ekg_L_backbone_P1_ekg_L_bb177_status_NEEDS_RF2_AND_DOCKING	0.200000	0.375000	0.210526	0.375000	true
PVRIG_CAND_009	9	P1MCPUFP__CPUFP500K_0288__00659	PVRIG_CAND_025	25	P1MCPUFP__CPUFP500K_0380__00771	0.400000	0.428571	0.578947	0.578947	true
PVRIG_CAND_009	9	P1MCPUFP__CPUFP500K_0288__00659	PVRIG_CAND_026	26	NODE1GEN_217675_source_fixed_pose_mpnn_source_id_P500K__FIXED_POSE_MPNN__68DDB4A6D7CBCA89	0.300000	0.142857	0.578947	0.578947	true
PVRIG_CAND_009	9	P1MCPUFP__CPUFP500K_0288__00659	PVRIG_CAND_027	27	P1MCPUFP__CPUFP500K_0404__00029	0.300000	0.285714	0.473684	0.473684	true
PVRIG_CAND_009	9	P1MCPUFP__CPUFP500K_0288__00659	PVRIG_CAND_028	28	P1MCPUFP__CPUFP500K_0188__00549	0.500000	0.571429	0.210526	0.571429	true
PVRIG_CAND_009	9	P1MCPUFP__CPUFP500K_0288__00659	PVRIG_CAND_029	29	P1MCPUFP__CPUFP500K_0188__00481	0.500000	0.428571	0.368421	0.500000	true
PVRIG_CAND_009	9	P1MCPUFP__CPUFP500K_0288__00659	PVRIG_CAND_030	30	NODE1GEN_182669_source_fixed_pose_mpnn_source_id_P500K__FIXED_POSE_MPNN__D4BBD3AB583903E7	0.300000	0.285714	0.473684	0.473684	true
PVRIG_CAND_009	9	P1MCPUFP__CPUFP500K_0288__00659	PVRIG_CAND_031	31	NODE1GEN_128014_source_rfantibody_source_id_PVRIG_RFAb_v2_P6_ekg_L_bb258_mpn01_arm_P6_ekg_L_backbone_P6_ekg_L_bb258_status_NEEDS_RF2_AND_DOCKING	0.200000	0.500000	0.263158	0.500000	true
PVRIG_CAND_009	9	P1MCPUFP__CPUFP500K_0288__00659	PVRIG_CAND_032	32	NODE1GEN_218195_source_fixed_pose_mpnn_source_id_P500K__FIXED_POSE_MPNN__A6B62FDDBC1A99BE	0.100000	0.285714	0.315789	0.315789	true
PVRIG_CAND_009	9	P1MCPUFP__CPUFP500K_0288__00659	PVRIG_CAND_033	33	NODE1GEN_195165_source_fixed_pose_mpnn_source_id_P500K__FIXED_POSE_MPNN__499D245F888E5DC4	0.600000	0.428571	0.684211	0.684211	true
PVRIG_CAND_009	9	P1MCPUFP__CPUFP500K_0288__00659	PVRIG_CAND_034	34	NODE1GEN_235318_source_fixed_pose_mpnn_source_id_P500K__FIXED_POSE_MPNN__B52C2EC7CC64BFED	0.400000	0.285714	0.368421	0.400000	true
PVRIG_CAND_009	9	P1MCPUFP__CPUFP500K_0288__00659	PVRIG_CAND_035	35	NODE1GEN_076816_source_rfantibody_source_id_PVRIG_RFAb_v2_P4_ekg_L_bb155_mpn03_arm_P4_ekg_L_backbone_P4_ekg_L_bb155_status_NEEDS_RF2_AND_DOCKING	0.200000	0.375000	0.263158	0.375000	true
PVRIG_CAND_009	9	P1MCPUFP__CPUFP500K_0288__00659	PVRIG_CAND_036	36	NODE1GEN_136300_source_rfantibody_source_id_PVRIG_RFAb_v2_P6_qkg_L_bb255_mpn02_arm_P6_qkg_L_backbone_P6_qkg_L_bb255_status_NEEDS_RF2_AND_DOCKING	0.200000	0.375000	0.263158	0.375000	true
PVRIG_CAND_009	9	P1MCPUFP__CPUFP500K_0288__00659	PVRIG_CAND_037	37	NODE1GEN_095824_source_rfantibody_source_id_PVRIG_RFAb_v2_P4_qrg_L_bb358_mpn04_arm_P4_qrg_L_backbone_P4_qrg_L_bb358_status_NEEDS_RF2_AND_DOCKING	0.200000	0.250000	0.263158	0.263158	true
PVRIG_CAND_009	9	P1MCPUFP__CPUFP500K_0288__00659	PVRIG_CAND_038	38	NODE1GEN_017313_source_rfantibody_source_id_PVRIG_RFAb_v2_P1_qrg_L_bb054_mpn00_arm_P1_qrg_L_backbone_P1_qrg_L_bb054_status_NEEDS_RF2_AND_DOCKING	0.200000	0.250000	0.263158	0.263158	true
PVRIG_CAND_009	9	P1MCPUFP__CPUFP500K_0288__00659	PVRIG_CAND_039	39	NODE1GEN_109783_source_rfantibody_source_id_PVRIG_RFAb_v2_P5_qkg_L_bb121_mpn06_arm_P5_qkg_L_backbone_P5_qkg_L_bb121_status_NEEDS_RF2_AND_DOCKING	0.200000	0.375000	0.315789	0.375000	true
PVRIG_CAND_009	9	P1MCPUFP__CPUFP500K_0288__00659	PVRIG_CAND_040	40	NODE1GEN_100102_source_rfantibody_source_id_PVRIG_RFAb_v2_P5_ekg_L_bb007_mpn10_arm_P5_ekg_L_backbone_P5_ekg_L_bb007_status_NEEDS_RF2_AND_DOCKING	0.200000	0.375000	0.263158	0.375000	true
PVRIG_CAND_009	9	P1MCPUFP__CPUFP500K_0288__00659	PVRIG_CAND_041	41	NODE1GEN_109883_source_rfantibody_source_id_PVRIG_RFAb_v2_P5_qkg_L_bb130_mpn02_arm_P5_qkg_L_backbone_P5_qkg_L_bb130_status_NEEDS_RF2_AND_DOCKING	0.200000	0.375000	0.368421	0.375000	true
PVRIG_CAND_009	9	P1MCPUFP__CPUFP500K_0288__00659	PVRIG_CAND_042	42	P1MCPUFP__CPUFP500K_0030__00860	0.400000	0.250000	0.157895	0.400000	true
PVRIG_CAND_009	9	P1MCPUFP__CPUFP500K_0288__00659	PVRIG_CAND_043	43	P1MCPUFP__CPUFP500K_0029__00647	0.300000	0.250000	0.210526	0.300000	true
PVRIG_CAND_009	9	P1MCPUFP__CPUFP500K_0288__00659	PVRIG_CAND_044	44	P1MCPUFP__CPUFP500K_0090__00860	0.600000	0.714286	0.578947	0.714286	true
PVRIG_CAND_009	9	P1MCPUFP__CPUFP500K_0288__00659	PVRIG_CAND_045	45	P1MCPUFP__CPUFP500K_0289__00496	0.200000	0.428571	0.263158	0.428571	true
PVRIG_CAND_009	9	P1MCPUFP__CPUFP500K_0288__00659	PVRIG_CAND_046	46	P1MCPUFP__CPUFP500K_0091__00849	0.300000	0.142857	0.315789	0.315789	true
PVRIG_CAND_009	9	P1MCPUFP__CPUFP500K_0288__00659	PVRIG_CAND_047	47	P1MCPUFP__CPUFP500K_0388__00174	0.400000	0.285714	0.368421	0.400000	true
PVRIG_CAND_009	9	P1MCPUFP__CPUFP500K_0288__00659	PVRIG_CAND_048	48	P1MCPUFP__CPUFP500K_0487__00827	0.200000	0.428571	0.315789	0.428571	true
PVRIG_CAND_009	9	P1MCPUFP__CPUFP500K_0288__00659	PVRIG_CAND_049	49	P1MCPUFP__CPUFP500K_0188__00645	0.600000	0.428571	0.263158	0.600000	true
PVRIG_CAND_009	9	P1MCPUFP__CPUFP500K_0288__00659	PVRIG_CAND_050	50	NODE1GEN_128929_source_rfantibody_source_id_PVRIG_RFAb_v2_P6_ekg_L_bb339_mpn06_arm_P6_ekg_L_backbone_P6_ekg_L_bb339_status_NEEDS_RF2_AND_DOCKING	0.200000	0.250000	0.263158	0.263158	true
PVRIG_CAND_010	10	P1MCPUFP__CPUFP500K_0100__00092	PVRIG_CAND_011	11	NODE1GEN_154595_source_fixed_pose_mpnn_source_id_P500K__FIXED_POSE_MPNN__9B999365EA60CCE9	0.500000	0.428571	0.368421	0.500000	true
PVRIG_CAND_010	10	P1MCPUFP__CPUFP500K_0100__00092	PVRIG_CAND_012	12	P1MCPUFP__CPUFP500K_0188__00282	0.600000	0.428571	0.368421	0.600000	true
PVRIG_CAND_010	10	P1MCPUFP__CPUFP500K_0100__00092	PVRIG_CAND_013	13	NODE1GEN_191476_source_fixed_pose_mpnn_source_id_P500K__FIXED_POSE_MPNN__310934EF4B70CA47	0.900000	0.428571	0.684211	0.900000	false
PVRIG_CAND_010	10	P1MCPUFP__CPUFP500K_0100__00092	PVRIG_CAND_014	14	P1MCPUFP__CPUFP500K_0090__00532	0.300000	0.285714	0.315789	0.315789	true
PVRIG_CAND_010	10	P1MCPUFP__CPUFP500K_0100__00092	PVRIG_CAND_015	15	NODE1GEN_177961_source_fixed_pose_mpnn_source_id_P500K__FIXED_POSE_MPNN__8431DA62B813A913	0.800000	0.285714	0.263158	0.800000	false
PVRIG_CAND_010	10	P1MCPUFP__CPUFP500K_0100__00092	PVRIG_CAND_016	16	NODE1GEN_206644_source_fixed_pose_mpnn_source_id_P500K__FIXED_POSE_MPNN__53F648E960398F2F	0.800000	0.428571	0.578947	0.800000	false
PVRIG_CAND_010	10	P1MCPUFP__CPUFP500K_0100__00092	PVRIG_CAND_017	17	P1MCPUFP__CPUFP500K_0287__00804	0.500000	0.428571	0.368421	0.500000	true
PVRIG_CAND_010	10	P1MCPUFP__CPUFP500K_0100__00092	PVRIG_CAND_018	18	NODE1GEN_127352_source_rfantibody_source_id_PVRIG_RFAb_v2_P6_ekg_L_bb203_mpn04_arm_P6_ekg_L_backbone_P6_ekg_L_bb203_status_NEEDS_RF2_AND_DOCKING	0.200000	0.500000	0.263158	0.500000	true
PVRIG_CAND_010	10	P1MCPUFP__CPUFP500K_0100__00092	PVRIG_CAND_019	19	P1MCPUFP__CPUFP500K_0089__00735	0.500000	0.428571	0.421053	0.500000	true
PVRIG_CAND_010	10	P1MCPUFP__CPUFP500K_0100__00092	PVRIG_CAND_020	20	NODE1GEN_258472_source_fixed_pose_mpnn_source_id_P500K__FIXED_POSE_MPNN__2E2B33208D567583	0.500000	0.250000	0.157895	0.500000	true
PVRIG_CAND_010	10	P1MCPUFP__CPUFP500K_0100__00092	PVRIG_CAND_021	21	P1MCPUFP__CPUFP500K_0299__00780	0.500000	0.428571	0.421053	0.500000	true
PVRIG_CAND_010	10	P1MCPUFP__CPUFP500K_0100__00092	PVRIG_CAND_022	22	P1MCPUFP__CPUFP500K_0189__00858	0.500000	0.428571	0.315789	0.500000	true
PVRIG_CAND_010	10	P1MCPUFP__CPUFP500K_0100__00092	PVRIG_CAND_023	23	NODE1GEN_174576_source_fixed_pose_mpnn_source_id_P500K__FIXED_POSE_MPNN__D5384A7F42146722	0.500000	0.285714	0.263158	0.500000	true
PVRIG_CAND_010	10	P1MCPUFP__CPUFP500K_0100__00092	PVRIG_CAND_024	24	NODE1GEN_002130_source_rfantibody_source_id_PVRIG_RFAb_v2_P1_ekg_L_bb177_mpn10_arm_P1_ekg_L_backbone_P1_ekg_L_bb177_status_NEEDS_RF2_AND_DOCKING	0.200000	0.500000	0.315789	0.500000	true
PVRIG_CAND_010	10	P1MCPUFP__CPUFP500K_0100__00092	PVRIG_CAND_025	25	P1MCPUFP__CPUFP500K_0380__00771	0.500000	0.571429	0.315789	0.571429	true
PVRIG_CAND_010	10	P1MCPUFP__CPUFP500K_0100__00092	PVRIG_CAND_026	26	NODE1GEN_217675_source_fixed_pose_mpnn_source_id_P500K__FIXED_POSE_MPNN__68DDB4A6D7CBCA89	0.400000	0.285714	0.421053	0.421053	true
PVRIG_CAND_010	10	P1MCPUFP__CPUFP500K_0100__00092	PVRIG_CAND_027	27	P1MCPUFP__CPUFP500K_0404__00029	0.600000	0.142857	0.368421	0.600000	true
PVRIG_CAND_010	10	P1MCPUFP__CPUFP500K_0100__00092	PVRIG_CAND_028	28	P1MCPUFP__CPUFP500K_0188__00549	0.400000	0.428571	0.315789	0.428571	true
PVRIG_CAND_010	10	P1MCPUFP__CPUFP500K_0100__00092	PVRIG_CAND_029	29	P1MCPUFP__CPUFP500K_0188__00481	0.500000	0.428571	0.421053	0.500000	true
PVRIG_CAND_010	10	P1MCPUFP__CPUFP500K_0100__00092	PVRIG_CAND_030	30	NODE1GEN_182669_source_fixed_pose_mpnn_source_id_P500K__FIXED_POSE_MPNN__D4BBD3AB583903E7	0.700000	0.142857	0.315789	0.700000	true
PVRIG_CAND_010	10	P1MCPUFP__CPUFP500K_0100__00092	PVRIG_CAND_031	31	NODE1GEN_128014_source_rfantibody_source_id_PVRIG_RFAb_v2_P6_ekg_L_bb258_mpn01_arm_P6_ekg_L_backbone_P6_ekg_L_bb258_status_NEEDS_RF2_AND_DOCKING	0.200000	0.375000	0.263158	0.375000	true
PVRIG_CAND_010	10	P1MCPUFP__CPUFP500K_0100__00092	PVRIG_CAND_032	32	NODE1GEN_218195_source_fixed_pose_mpnn_source_id_P500K__FIXED_POSE_MPNN__A6B62FDDBC1A99BE	0.400000	0.428571	0.157895	0.428571	true
PVRIG_CAND_010	10	P1MCPUFP__CPUFP500K_0100__00092	PVRIG_CAND_033	33	NODE1GEN_195165_source_fixed_pose_mpnn_source_id_P500K__FIXED_POSE_MPNN__499D245F888E5DC4	0.500000	0.285714	0.368421	0.500000	true
PVRIG_CAND_010	10	P1MCPUFP__CPUFP500K_0100__00092	PVRIG_CAND_034	34	NODE1GEN_235318_source_fixed_pose_mpnn_source_id_P500K__FIXED_POSE_MPNN__B52C2EC7CC64BFED	0.600000	0.285714	0.421053	0.600000	true
PVRIG_CAND_010	10	P1MCPUFP__CPUFP500K_0100__00092	PVRIG_CAND_035	35	NODE1GEN_076816_source_rfantibody_source_id_PVRIG_RFAb_v2_P4_ekg_L_bb155_mpn03_arm_P4_ekg_L_backbone_P4_ekg_L_bb155_status_NEEDS_RF2_AND_DOCKING	0.200000	0.500000	0.210526	0.500000	true
PVRIG_CAND_010	10	P1MCPUFP__CPUFP500K_0100__00092	PVRIG_CAND_036	36	NODE1GEN_136300_source_rfantibody_source_id_PVRIG_RFAb_v2_P6_qkg_L_bb255_mpn02_arm_P6_qkg_L_backbone_P6_qkg_L_bb255_status_NEEDS_RF2_AND_DOCKING	0.200000	0.375000	0.315789	0.375000	true
PVRIG_CAND_010	10	P1MCPUFP__CPUFP500K_0100__00092	PVRIG_CAND_037	37	NODE1GEN_095824_source_rfantibody_source_id_PVRIG_RFAb_v2_P4_qrg_L_bb358_mpn04_arm_P4_qrg_L_backbone_P4_qrg_L_bb358_status_NEEDS_RF2_AND_DOCKING	0.300000	0.500000	0.263158	0.500000	true
PVRIG_CAND_010	10	P1MCPUFP__CPUFP500K_0100__00092	PVRIG_CAND_038	38	NODE1GEN_017313_source_rfantibody_source_id_PVRIG_RFAb_v2_P1_qrg_L_bb054_mpn00_arm_P1_qrg_L_backbone_P1_qrg_L_bb054_status_NEEDS_RF2_AND_DOCKING	0.200000	0.500000	0.315789	0.500000	true
PVRIG_CAND_010	10	P1MCPUFP__CPUFP500K_0100__00092	PVRIG_CAND_039	39	NODE1GEN_109783_source_rfantibody_source_id_PVRIG_RFAb_v2_P5_qkg_L_bb121_mpn06_arm_P5_qkg_L_backbone_P5_qkg_L_bb121_status_NEEDS_RF2_AND_DOCKING	0.200000	0.375000	0.210526	0.375000	true
PVRIG_CAND_010	10	P1MCPUFP__CPUFP500K_0100__00092	PVRIG_CAND_040	40	NODE1GEN_100102_source_rfantibody_source_id_PVRIG_RFAb_v2_P5_ekg_L_bb007_mpn10_arm_P5_ekg_L_backbone_P5_ekg_L_bb007_status_NEEDS_RF2_AND_DOCKING	0.400000	0.375000	0.210526	0.400000	true
PVRIG_CAND_010	10	P1MCPUFP__CPUFP500K_0100__00092	PVRIG_CAND_041	41	NODE1GEN_109883_source_rfantibody_source_id_PVRIG_RFAb_v2_P5_qkg_L_bb130_mpn02_arm_P5_qkg_L_backbone_P5_qkg_L_bb130_status_NEEDS_RF2_AND_DOCKING	0.200000	0.500000	0.368421	0.500000	true
PVRIG_CAND_010	10	P1MCPUFP__CPUFP500K_0100__00092	PVRIG_CAND_042	42	P1MCPUFP__CPUFP500K_0030__00860	0.500000	0.500000	0.210526	0.500000	true
PVRIG_CAND_010	10	P1MCPUFP__CPUFP500K_0100__00092	PVRIG_CAND_043	43	P1MCPUFP__CPUFP500K_0029__00647	0.400000	0.500000	0.157895	0.500000	true
PVRIG_CAND_010	10	P1MCPUFP__CPUFP500K_0100__00092	PVRIG_CAND_044	44	P1MCPUFP__CPUFP500K_0090__00860	0.500000	0.428571	0.315789	0.500000	true
PVRIG_CAND_010	10	P1MCPUFP__CPUFP500K_0100__00092	PVRIG_CAND_045	45	P1MCPUFP__CPUFP500K_0289__00496	0.200000	0.714286	0.315789	0.714286	true
PVRIG_CAND_010	10	P1MCPUFP__CPUFP500K_0100__00092	PVRIG_CAND_046	46	P1MCPUFP__CPUFP500K_0091__00849	0.300000	0.571429	0.263158	0.571429	true
PVRIG_CAND_010	10	P1MCPUFP__CPUFP500K_0100__00092	PVRIG_CAND_047	47	P1MCPUFP__CPUFP500K_0388__00174	0.300000	0.714286	0.315789	0.714286	true
PVRIG_CAND_010	10	P1MCPUFP__CPUFP500K_0100__00092	PVRIG_CAND_048	48	P1MCPUFP__CPUFP500K_0487__00827	0.333333	0.571429	0.315789	0.571429	true
PVRIG_CAND_010	10	P1MCPUFP__CPUFP500K_0100__00092	PVRIG_CAND_049	49	P1MCPUFP__CPUFP500K_0188__00645	0.400000	0.428571	0.473684	0.473684	true
PVRIG_CAND_010	10	P1MCPUFP__CPUFP500K_0100__00092	PVRIG_CAND_050	50	NODE1GEN_128929_source_rfantibody_source_id_PVRIG_RFAb_v2_P6_ekg_L_bb339_mpn06_arm_P6_ekg_L_backbone_P6_ekg_L_bb339_status_NEEDS_RF2_AND_DOCKING	0.200000	0.375000	0.250000	0.375000	true
PVRIG_CAND_011	11	NODE1GEN_154595_source_fixed_pose_mpnn_source_id_P500K__FIXED_POSE_MPNN__9B999365EA60CCE9	PVRIG_CAND_012	12	P1MCPUFP__CPUFP500K_0188__00282	0.500000	0.285714	0.315789	0.500000	true
PVRIG_CAND_011	11	NODE1GEN_154595_source_fixed_pose_mpnn_source_id_P500K__FIXED_POSE_MPNN__9B999365EA60CCE9	PVRIG_CAND_013	13	NODE1GEN_191476_source_fixed_pose_mpnn_source_id_P500K__FIXED_POSE_MPNN__310934EF4B70CA47	0.600000	0.571429	0.526316	0.600000	true
PVRIG_CAND_011	11	NODE1GEN_154595_source_fixed_pose_mpnn_source_id_P500K__FIXED_POSE_MPNN__9B999365EA60CCE9	PVRIG_CAND_014	14	P1MCPUFP__CPUFP500K_0090__00532	0.200000	0.285714	0.421053	0.421053	true
PVRIG_CAND_011	11	NODE1GEN_154595_source_fixed_pose_mpnn_source_id_P500K__FIXED_POSE_MPNN__9B999365EA60CCE9	PVRIG_CAND_015	15	NODE1GEN_177961_source_fixed_pose_mpnn_source_id_P500K__FIXED_POSE_MPNN__8431DA62B813A913	0.400000	0.142857	0.526316	0.526316	true
PVRIG_CAND_011	11	NODE1GEN_154595_source_fixed_pose_mpnn_source_id_P500K__FIXED_POSE_MPNN__9B999365EA60CCE9	PVRIG_CAND_016	16	NODE1GEN_206644_source_fixed_pose_mpnn_source_id_P500K__FIXED_POSE_MPNN__53F648E960398F2F	0.600000	0.571429	0.421053	0.600000	true
PVRIG_CAND_011	11	NODE1GEN_154595_source_fixed_pose_mpnn_source_id_P500K__FIXED_POSE_MPNN__9B999365EA60CCE9	PVRIG_CAND_017	17	P1MCPUFP__CPUFP500K_0287__00804	0.300000	0.285714	0.105263	0.300000	true
PVRIG_CAND_011	11	NODE1GEN_154595_source_fixed_pose_mpnn_source_id_P500K__FIXED_POSE_MPNN__9B999365EA60CCE9	PVRIG_CAND_018	18	NODE1GEN_127352_source_rfantibody_source_id_PVRIG_RFAb_v2_P6_ekg_L_bb203_mpn04_arm_P6_ekg_L_backbone_P6_ekg_L_bb203_status_NEEDS_RF2_AND_DOCKING	0.200000	0.375000	0.315789	0.375000	true
PVRIG_CAND_011	11	NODE1GEN_154595_source_fixed_pose_mpnn_source_id_P500K__FIXED_POSE_MPNN__9B999365EA60CCE9	PVRIG_CAND_019	19	P1MCPUFP__CPUFP500K_0089__00735	0.400000	0.285714	0.263158	0.400000	true
PVRIG_CAND_011	11	NODE1GEN_154595_source_fixed_pose_mpnn_source_id_P500K__FIXED_POSE_MPNN__9B999365EA60CCE9	PVRIG_CAND_020	20	NODE1GEN_258472_source_fixed_pose_mpnn_source_id_P500K__FIXED_POSE_MPNN__2E2B33208D567583	0.300000	0.000000	0.105263	0.300000	true
PVRIG_CAND_011	11	NODE1GEN_154595_source_fixed_pose_mpnn_source_id_P500K__FIXED_POSE_MPNN__9B999365EA60CCE9	PVRIG_CAND_021	21	P1MCPUFP__CPUFP500K_0299__00780	0.800000	0.714286	0.684211	0.800000	false
PVRIG_CAND_011	11	NODE1GEN_154595_source_fixed_pose_mpnn_source_id_P500K__FIXED_POSE_MPNN__9B999365EA60CCE9	PVRIG_CAND_022	22	P1MCPUFP__CPUFP500K_0189__00858	0.300000	0.285714	0.368421	0.368421	true
PVRIG_CAND_011	11	NODE1GEN_154595_source_fixed_pose_mpnn_source_id_P500K__FIXED_POSE_MPNN__9B999365EA60CCE9	PVRIG_CAND_023	23	NODE1GEN_174576_source_fixed_pose_mpnn_source_id_P500K__FIXED_POSE_MPNN__D5384A7F42146722	0.300000	0.428571	0.315789	0.428571	true
PVRIG_CAND_011	11	NODE1GEN_154595_source_fixed_pose_mpnn_source_id_P500K__FIXED_POSE_MPNN__9B999365EA60CCE9	PVRIG_CAND_024	24	NODE1GEN_002130_source_rfantibody_source_id_PVRIG_RFAb_v2_P1_ekg_L_bb177_mpn10_arm_P1_ekg_L_backbone_P1_ekg_L_bb177_status_NEEDS_RF2_AND_DOCKING	0.200000	0.375000	0.210526	0.375000	true
PVRIG_CAND_011	11	NODE1GEN_154595_source_fixed_pose_mpnn_source_id_P500K__FIXED_POSE_MPNN__9B999365EA60CCE9	PVRIG_CAND_025	25	P1MCPUFP__CPUFP500K_0380__00771	0.400000	0.571429	0.526316	0.571429	true
PVRIG_CAND_011	11	NODE1GEN_154595_source_fixed_pose_mpnn_source_id_P500K__FIXED_POSE_MPNN__9B999365EA60CCE9	PVRIG_CAND_026	26	NODE1GEN_217675_source_fixed_pose_mpnn_source_id_P500K__FIXED_POSE_MPNN__68DDB4A6D7CBCA89	0.300000	0.428571	0.578947	0.578947	true
PVRIG_CAND_011	11	NODE1GEN_154595_source_fixed_pose_mpnn_source_id_P500K__FIXED_POSE_MPNN__9B999365EA60CCE9	PVRIG_CAND_027	27	P1MCPUFP__CPUFP500K_0404__00029	0.500000	0.285714	0.526316	0.526316	true
PVRIG_CAND_011	11	NODE1GEN_154595_source_fixed_pose_mpnn_source_id_P500K__FIXED_POSE_MPNN__9B999365EA60CCE9	PVRIG_CAND_028	28	P1MCPUFP__CPUFP500K_0188__00549	0.300000	0.428571	0.157895	0.428571	true
PVRIG_CAND_011	11	NODE1GEN_154595_source_fixed_pose_mpnn_source_id_P500K__FIXED_POSE_MPNN__9B999365EA60CCE9	PVRIG_CAND_029	29	P1MCPUFP__CPUFP500K_0188__00481	0.400000	0.285714	0.263158	0.400000	true
PVRIG_CAND_011	11	NODE1GEN_154595_source_fixed_pose_mpnn_source_id_P500K__FIXED_POSE_MPNN__9B999365EA60CCE9	PVRIG_CAND_030	30	NODE1GEN_182669_source_fixed_pose_mpnn_source_id_P500K__FIXED_POSE_MPNN__D4BBD3AB583903E7	0.600000	0.428571	0.526316	0.600000	true
PVRIG_CAND_011	11	NODE1GEN_154595_source_fixed_pose_mpnn_source_id_P500K__FIXED_POSE_MPNN__9B999365EA60CCE9	PVRIG_CAND_031	31	NODE1GEN_128014_source_rfantibody_source_id_PVRIG_RFAb_v2_P6_ekg_L_bb258_mpn01_arm_P6_ekg_L_backbone_P6_ekg_L_bb258_status_NEEDS_RF2_AND_DOCKING	0.200000	0.250000	0.210526	0.250000	true
PVRIG_CAND_011	11	NODE1GEN_154595_source_fixed_pose_mpnn_source_id_P500K__FIXED_POSE_MPNN__9B999365EA60CCE9	PVRIG_CAND_032	32	NODE1GEN_218195_source_fixed_pose_mpnn_source_id_P500K__FIXED_POSE_MPNN__A6B62FDDBC1A99BE	0.400000	0.428571	0.315789	0.428571	true
PVRIG_CAND_011	11	NODE1GEN_154595_source_fixed_pose_mpnn_source_id_P500K__FIXED_POSE_MPNN__9B999365EA60CCE9	PVRIG_CAND_033	33	NODE1GEN_195165_source_fixed_pose_mpnn_source_id_P500K__FIXED_POSE_MPNN__499D245F888E5DC4	0.300000	0.285714	0.578947	0.578947	true
PVRIG_CAND_011	11	NODE1GEN_154595_source_fixed_pose_mpnn_source_id_P500K__FIXED_POSE_MPNN__9B999365EA60CCE9	PVRIG_CAND_034	34	NODE1GEN_235318_source_fixed_pose_mpnn_source_id_P500K__FIXED_POSE_MPNN__B52C2EC7CC64BFED	0.500000	0.571429	0.368421	0.571429	true
PVRIG_CAND_011	11	NODE1GEN_154595_source_fixed_pose_mpnn_source_id_P500K__FIXED_POSE_MPNN__9B999365EA60CCE9	PVRIG_CAND_035	35	NODE1GEN_076816_source_rfantibody_source_id_PVRIG_RFAb_v2_P4_ekg_L_bb155_mpn03_arm_P4_ekg_L_backbone_P4_ekg_L_bb155_status_NEEDS_RF2_AND_DOCKING	0.200000	0.375000	0.210526	0.375000	true
PVRIG_CAND_011	11	NODE1GEN_154595_source_fixed_pose_mpnn_source_id_P500K__FIXED_POSE_MPNN__9B999365EA60CCE9	PVRIG_CAND_036	36	NODE1GEN_136300_source_rfantibody_source_id_PVRIG_RFAb_v2_P6_qkg_L_bb255_mpn02_arm_P6_qkg_L_backbone_P6_qkg_L_bb255_status_NEEDS_RF2_AND_DOCKING	0.200000	0.250000	0.210526	0.250000	true
PVRIG_CAND_011	11	NODE1GEN_154595_source_fixed_pose_mpnn_source_id_P500K__FIXED_POSE_MPNN__9B999365EA60CCE9	PVRIG_CAND_037	37	NODE1GEN_095824_source_rfantibody_source_id_PVRIG_RFAb_v2_P4_qrg_L_bb358_mpn04_arm_P4_qrg_L_backbone_P4_qrg_L_bb358_status_NEEDS_RF2_AND_DOCKING	0.300000	0.250000	0.263158	0.300000	true
PVRIG_CAND_011	11	NODE1GEN_154595_source_fixed_pose_mpnn_source_id_P500K__FIXED_POSE_MPNN__9B999365EA60CCE9	PVRIG_CAND_038	38	NODE1GEN_017313_source_rfantibody_source_id_PVRIG_RFAb_v2_P1_qrg_L_bb054_mpn00_arm_P1_qrg_L_backbone_P1_qrg_L_bb054_status_NEEDS_RF2_AND_DOCKING	0.200000	0.250000	0.210526	0.250000	true
PVRIG_CAND_011	11	NODE1GEN_154595_source_fixed_pose_mpnn_source_id_P500K__FIXED_POSE_MPNN__9B999365EA60CCE9	PVRIG_CAND_039	39	NODE1GEN_109783_source_rfantibody_source_id_PVRIG_RFAb_v2_P5_qkg_L_bb121_mpn06_arm_P5_qkg_L_backbone_P5_qkg_L_bb121_status_NEEDS_RF2_AND_DOCKING	0.200000	0.125000	0.263158	0.263158	true
PVRIG_CAND_011	11	NODE1GEN_154595_source_fixed_pose_mpnn_source_id_P500K__FIXED_POSE_MPNN__9B999365EA60CCE9	PVRIG_CAND_040	40	NODE1GEN_100102_source_rfantibody_source_id_PVRIG_RFAb_v2_P5_ekg_L_bb007_mpn10_arm_P5_ekg_L_backbone_P5_ekg_L_bb007_status_NEEDS_RF2_AND_DOCKING	0.300000	0.250000	0.263158	0.300000	true
PVRIG_CAND_011	11	NODE1GEN_154595_source_fixed_pose_mpnn_source_id_P500K__FIXED_POSE_MPNN__9B999365EA60CCE9	PVRIG_CAND_041	41	NODE1GEN_109883_source_rfantibody_source_id_PVRIG_RFAb_v2_P5_qkg_L_bb130_mpn02_arm_P5_qkg_L_backbone_P5_qkg_L_bb130_status_NEEDS_RF2_AND_DOCKING	0.200000	0.375000	0.421053	0.421053	true
PVRIG_CAND_011	11	NODE1GEN_154595_source_fixed_pose_mpnn_source_id_P500K__FIXED_POSE_MPNN__9B999365EA60CCE9	PVRIG_CAND_042	42	P1MCPUFP__CPUFP500K_0030__00860	0.400000	0.250000	0.263158	0.400000	true
PVRIG_CAND_011	11	NODE1GEN_154595_source_fixed_pose_mpnn_source_id_P500K__FIXED_POSE_MPNN__9B999365EA60CCE9	PVRIG_CAND_043	43	P1MCPUFP__CPUFP500K_0029__00647	0.200000	0.250000	0.210526	0.250000	true
PVRIG_CAND_011	11	NODE1GEN_154595_source_fixed_pose_mpnn_source_id_P500K__FIXED_POSE_MPNN__9B999365EA60CCE9	PVRIG_CAND_044	44	P1MCPUFP__CPUFP500K_0090__00860	0.300000	0.285714	0.578947	0.578947	true
PVRIG_CAND_011	11	NODE1GEN_154595_source_fixed_pose_mpnn_source_id_P500K__FIXED_POSE_MPNN__9B999365EA60CCE9	PVRIG_CAND_045	45	P1MCPUFP__CPUFP500K_0289__00496	0.200000	0.571429	0.210526	0.571429	true
PVRIG_CAND_011	11	NODE1GEN_154595_source_fixed_pose_mpnn_source_id_P500K__FIXED_POSE_MPNN__9B999365EA60CCE9	PVRIG_CAND_046	46	P1MCPUFP__CPUFP500K_0091__00849	0.200000	0.571429	0.263158	0.571429	true
PVRIG_CAND_011	11	NODE1GEN_154595_source_fixed_pose_mpnn_source_id_P500K__FIXED_POSE_MPNN__9B999365EA60CCE9	PVRIG_CAND_047	47	P1MCPUFP__CPUFP500K_0388__00174	0.200000	0.428571	0.315789	0.428571	true
PVRIG_CAND_011	11	NODE1GEN_154595_source_fixed_pose_mpnn_source_id_P500K__FIXED_POSE_MPNN__9B999365EA60CCE9	PVRIG_CAND_048	48	P1MCPUFP__CPUFP500K_0487__00827	0.100000	0.428571	0.263158	0.428571	true
PVRIG_CAND_011	11	NODE1GEN_154595_source_fixed_pose_mpnn_source_id_P500K__FIXED_POSE_MPNN__9B999365EA60CCE9	PVRIG_CAND_049	49	P1MCPUFP__CPUFP500K_0188__00645	0.300000	0.285714	0.210526	0.300000	true
PVRIG_CAND_011	11	NODE1GEN_154595_source_fixed_pose_mpnn_source_id_P500K__FIXED_POSE_MPNN__9B999365EA60CCE9	PVRIG_CAND_050	50	NODE1GEN_128929_source_rfantibody_source_id_PVRIG_RFAb_v2_P6_ekg_L_bb339_mpn06_arm_P6_ekg_L_backbone_P6_ekg_L_bb339_status_NEEDS_RF2_AND_DOCKING	0.200000	0.125000	0.263158	0.263158	true
PVRIG_CAND_012	12	P1MCPUFP__CPUFP500K_0188__00282	PVRIG_CAND_013	13	NODE1GEN_191476_source_fixed_pose_mpnn_source_id_P500K__FIXED_POSE_MPNN__310934EF4B70CA47	0.500000	0.142857	0.263158	0.500000	true
PVRIG_CAND_012	12	P1MCPUFP__CPUFP500K_0188__00282	PVRIG_CAND_014	14	P1MCPUFP__CPUFP500K_0090__00532	0.400000	0.428571	0.315789	0.428571	true
PVRIG_CAND_012	12	P1MCPUFP__CPUFP500K_0188__00282	PVRIG_CAND_015	15	NODE1GEN_177961_source_fixed_pose_mpnn_source_id_P500K__FIXED_POSE_MPNN__8431DA62B813A913	0.500000	0.428571	0.421053	0.500000	true
PVRIG_CAND_012	12	P1MCPUFP__CPUFP500K_0188__00282	PVRIG_CAND_016	16	NODE1GEN_206644_source_fixed_pose_mpnn_source_id_P500K__FIXED_POSE_MPNN__53F648E960398F2F	0.500000	0.142857	0.263158	0.500000	true
PVRIG_CAND_012	12	P1MCPUFP__CPUFP500K_0188__00282	PVRIG_CAND_017	17	P1MCPUFP__CPUFP500K_0287__00804	0.500000	1.000000	0.421053	1.000000	false
PVRIG_CAND_012	12	P1MCPUFP__CPUFP500K_0188__00282	PVRIG_CAND_018	18	NODE1GEN_127352_source_rfantibody_source_id_PVRIG_RFAb_v2_P6_ekg_L_bb203_mpn04_arm_P6_ekg_L_backbone_P6_ekg_L_bb203_status_NEEDS_RF2_AND_DOCKING	0.300000	0.250000	0.350000	0.350000	true
PVRIG_CAND_012	12	P1MCPUFP__CPUFP500K_0188__00282	PVRIG_CAND_019	19	P1MCPUFP__CPUFP500K_0089__00735	0.800000	0.714286	0.631579	0.800000	false
PVRIG_CAND_012	12	P1MCPUFP__CPUFP500K_0188__00282	PVRIG_CAND_020	20	NODE1GEN_258472_source_fixed_pose_mpnn_source_id_P500K__FIXED_POSE_MPNN__2E2B33208D567583	0.400000	0.250000	0.105263	0.400000	true
PVRIG_CAND_012	12	P1MCPUFP__CPUFP500K_0188__00282	PVRIG_CAND_021	21	P1MCPUFP__CPUFP500K_0299__00780	0.600000	0.428571	0.368421	0.600000	true
PVRIG_CAND_012	12	P1MCPUFP__CPUFP500K_0188__00282	PVRIG_CAND_022	22	P1MCPUFP__CPUFP500K_0189__00858	0.600000	0.571429	0.263158	0.600000	true
PVRIG_CAND_012	12	P1MCPUFP__CPUFP500K_0188__00282	PVRIG_CAND_023	23	NODE1GEN_174576_source_fixed_pose_mpnn_source_id_P500K__FIXED_POSE_MPNN__D5384A7F42146722	0.500000	0.428571	0.263158	0.500000	true
PVRIG_CAND_012	12	P1MCPUFP__CPUFP500K_0188__00282	PVRIG_CAND_024	24	NODE1GEN_002130_source_rfantibody_source_id_PVRIG_RFAb_v2_P1_ekg_L_bb177_mpn10_arm_P1_ekg_L_backbone_P1_ekg_L_bb177_status_NEEDS_RF2_AND_DOCKING	0.300000	0.250000	0.210526	0.300000	true
PVRIG_CAND_012	12	P1MCPUFP__CPUFP500K_0188__00282	PVRIG_CAND_025	25	P1MCPUFP__CPUFP500K_0380__00771	0.400000	0.571429	0.526316	0.571429	true
PVRIG_CAND_012	12	P1MCPUFP__CPUFP500K_0188__00282	PVRIG_CAND_026	26	NODE1GEN_217675_source_fixed_pose_mpnn_source_id_P500K__FIXED_POSE_MPNN__68DDB4A6D7CBCA89	0.400000	0.428571	0.526316	0.526316	true
PVRIG_CAND_012	12	P1MCPUFP__CPUFP500K_0188__00282	PVRIG_CAND_027	27	P1MCPUFP__CPUFP500K_0404__00029	0.400000	0.428571	0.210526	0.428571	true
PVRIG_CAND_012	12	P1MCPUFP__CPUFP500K_0188__00282	PVRIG_CAND_028	28	P1MCPUFP__CPUFP500K_0188__00549	0.600000	0.714286	0.473684	0.714286	true
PVRIG_CAND_012	12	P1MCPUFP__CPUFP500K_0188__00282	PVRIG_CAND_029	29	P1MCPUFP__CPUFP500K_0188__00481	0.500000	0.857143	0.736842	0.857143	false
PVRIG_CAND_012	12	P1MCPUFP__CPUFP500K_0188__00282	PVRIG_CAND_030	30	NODE1GEN_182669_source_fixed_pose_mpnn_source_id_P500K__FIXED_POSE_MPNN__D4BBD3AB583903E7	0.600000	0.285714	0.210526	0.600000	true
PVRIG_CAND_012	12	P1MCPUFP__CPUFP500K_0188__00282	PVRIG_CAND_031	31	NODE1GEN_128014_source_rfantibody_source_id_PVRIG_RFAb_v2_P6_ekg_L_bb258_mpn01_arm_P6_ekg_L_backbone_P6_ekg_L_bb258_status_NEEDS_RF2_AND_DOCKING	0.300000	0.250000	0.263158	0.300000	true
PVRIG_CAND_012	12	P1MCPUFP__CPUFP500K_0188__00282	PVRIG_CAND_032	32	NODE1GEN_218195_source_fixed_pose_mpnn_source_id_P500K__FIXED_POSE_MPNN__A6B62FDDBC1A99BE	0.300000	0.428571	0.210526	0.428571	true
PVRIG_CAND_012	12	P1MCPUFP__CPUFP500K_0188__00282	PVRIG_CAND_033	33	NODE1GEN_195165_source_fixed_pose_mpnn_source_id_P500K__FIXED_POSE_MPNN__499D245F888E5DC4	0.700000	0.428571	0.368421	0.700000	true
PVRIG_CAND_012	12	P1MCPUFP__CPUFP500K_0188__00282	PVRIG_CAND_034	34	NODE1GEN_235318_source_fixed_pose_mpnn_source_id_P500K__FIXED_POSE_MPNN__B52C2EC7CC64BFED	0.400000	0.428571	0.526316	0.526316	true
PVRIG_CAND_012	12	P1MCPUFP__CPUFP500K_0188__00282	PVRIG_CAND_035	35	NODE1GEN_076816_source_rfantibody_source_id_PVRIG_RFAb_v2_P4_ekg_L_bb155_mpn03_arm_P4_ekg_L_backbone_P4_ekg_L_bb155_status_NEEDS_RF2_AND_DOCKING	0.300000	0.375000	0.157895	0.375000	true
PVRIG_CAND_012	12	P1MCPUFP__CPUFP500K_0188__00282	PVRIG_CAND_036	36	NODE1GEN_136300_source_rfantibody_source_id_PVRIG_RFAb_v2_P6_qkg_L_bb255_mpn02_arm_P6_qkg_L_backbone_P6_qkg_L_bb255_status_NEEDS_RF2_AND_DOCKING	0.300000	0.250000	0.315789	0.315789	true
PVRIG_CAND_012	12	P1MCPUFP__CPUFP500K_0188__00282	PVRIG_CAND_037	37	NODE1GEN_095824_source_rfantibody_source_id_PVRIG_RFAb_v2_P4_qrg_L_bb358_mpn04_arm_P4_qrg_L_backbone_P4_qrg_L_bb358_status_NEEDS_RF2_AND_DOCKING	0.400000	0.375000	0.315789	0.400000	true
PVRIG_CAND_012	12	P1MCPUFP__CPUFP500K_0188__00282	PVRIG_CAND_038	38	NODE1GEN_017313_source_rfantibody_source_id_PVRIG_RFAb_v2_P1_qrg_L_bb054_mpn00_arm_P1_qrg_L_backbone_P1_qrg_L_bb054_status_NEEDS_RF2_AND_DOCKING	0.300000	0.375000	0.210526	0.375000	true
PVRIG_CAND_012	12	P1MCPUFP__CPUFP500K_0188__00282	PVRIG_CAND_039	39	NODE1GEN_109783_source_rfantibody_source_id_PVRIG_RFAb_v2_P5_qkg_L_bb121_mpn06_arm_P5_qkg_L_backbone_P5_qkg_L_bb121_status_NEEDS_RF2_AND_DOCKING	0.300000	0.250000	0.368421	0.368421	true
PVRIG_CAND_012	12	P1MCPUFP__CPUFP500K_0188__00282	PVRIG_CAND_040	40	NODE1GEN_100102_source_rfantibody_source_id_PVRIG_RFAb_v2_P5_ekg_L_bb007_mpn10_arm_P5_ekg_L_backbone_P5_ekg_L_bb007_status_NEEDS_RF2_AND_DOCKING	0.400000	0.375000	0.210526	0.400000	true
PVRIG_CAND_012	12	P1MCPUFP__CPUFP500K_0188__00282	PVRIG_CAND_041	41	NODE1GEN_109883_source_rfantibody_source_id_PVRIG_RFAb_v2_P5_qkg_L_bb130_mpn02_arm_P5_qkg_L_backbone_P5_qkg_L_bb130_status_NEEDS_RF2_AND_DOCKING	0.300000	0.250000	0.210526	0.300000	true
PVRIG_CAND_012	12	P1MCPUFP__CPUFP500K_0188__00282	PVRIG_CAND_042	42	P1MCPUFP__CPUFP500K_0030__00860	0.400000	0.375000	0.263158	0.400000	true
PVRIG_CAND_012	12	P1MCPUFP__CPUFP500K_0188__00282	PVRIG_CAND_043	43	P1MCPUFP__CPUFP500K_0029__00647	0.300000	0.375000	0.227273	0.375000	true
PVRIG_CAND_012	12	P1MCPUFP__CPUFP500K_0188__00282	PVRIG_CAND_044	44	P1MCPUFP__CPUFP500K_0090__00860	0.600000	0.571429	0.263158	0.600000	true
PVRIG_CAND_012	12	P1MCPUFP__CPUFP500K_0188__00282	PVRIG_CAND_045	45	P1MCPUFP__CPUFP500K_0289__00496	0.200000	0.428571	0.157895	0.428571	true
PVRIG_CAND_012	12	P1MCPUFP__CPUFP500K_0188__00282	PVRIG_CAND_046	46	P1MCPUFP__CPUFP500K_0091__00849	0.272727	0.285714	0.263158	0.285714	true
PVRIG_CAND_012	12	P1MCPUFP__CPUFP500K_0188__00282	PVRIG_CAND_047	47	P1MCPUFP__CPUFP500K_0388__00174	0.363636	0.428571	0.368421	0.428571	true
PVRIG_CAND_012	12	P1MCPUFP__CPUFP500K_0188__00282	PVRIG_CAND_048	48	P1MCPUFP__CPUFP500K_0487__00827	0.200000	0.285714	0.315789	0.315789	true
PVRIG_CAND_012	12	P1MCPUFP__CPUFP500K_0188__00282	PVRIG_CAND_049	49	P1MCPUFP__CPUFP500K_0188__00645	0.600000	1.000000	0.578947	1.000000	false
PVRIG_CAND_012	12	P1MCPUFP__CPUFP500K_0188__00282	PVRIG_CAND_050	50	NODE1GEN_128929_source_rfantibody_source_id_PVRIG_RFAb_v2_P6_ekg_L_bb339_mpn06_arm_P6_ekg_L_backbone_P6_ekg_L_bb339_status_NEEDS_RF2_AND_DOCKING	0.300000	0.250000	0.315789	0.315789	true
PVRIG_CAND_013	13	NODE1GEN_191476_source_fixed_pose_mpnn_source_id_P500K__FIXED_POSE_MPNN__310934EF4B70CA47	PVRIG_CAND_014	14	P1MCPUFP__CPUFP500K_0090__00532	0.300000	0.285714	0.368421	0.368421	true
PVRIG_CAND_013	13	NODE1GEN_191476_source_fixed_pose_mpnn_source_id_P500K__FIXED_POSE_MPNN__310934EF4B70CA47	PVRIG_CAND_015	15	NODE1GEN_177961_source_fixed_pose_mpnn_source_id_P500K__FIXED_POSE_MPNN__8431DA62B813A913	0.700000	0.285714	0.315789	0.700000	true
PVRIG_CAND_013	13	NODE1GEN_191476_source_fixed_pose_mpnn_source_id_P500K__FIXED_POSE_MPNN__310934EF4B70CA47	PVRIG_CAND_016	16	NODE1GEN_206644_source_fixed_pose_mpnn_source_id_P500K__FIXED_POSE_MPNN__53F648E960398F2F	0.900000	1.000000	0.684211	1.000000	false
PVRIG_CAND_013	13	NODE1GEN_191476_source_fixed_pose_mpnn_source_id_P500K__FIXED_POSE_MPNN__310934EF4B70CA47	PVRIG_CAND_017	17	P1MCPUFP__CPUFP500K_0287__00804	0.500000	0.142857	0.263158	0.500000	true
PVRIG_CAND_013	13	NODE1GEN_191476_source_fixed_pose_mpnn_source_id_P500K__FIXED_POSE_MPNN__310934EF4B70CA47	PVRIG_CAND_018	18	NODE1GEN_127352_source_rfantibody_source_id_PVRIG_RFAb_v2_P6_ekg_L_bb203_mpn04_arm_P6_ekg_L_backbone_P6_ekg_L_bb203_status_NEEDS_RF2_AND_DOCKING	0.300000	0.375000	0.263158	0.375000	true
PVRIG_CAND_013	13	NODE1GEN_191476_source_fixed_pose_mpnn_source_id_P500K__FIXED_POSE_MPNN__310934EF4B70CA47	PVRIG_CAND_019	19	P1MCPUFP__CPUFP500K_0089__00735	0.400000	0.142857	0.315789	0.400000	true
PVRIG_CAND_013	13	NODE1GEN_191476_source_fixed_pose_mpnn_source_id_P500K__FIXED_POSE_MPNN__310934EF4B70CA47	PVRIG_CAND_020	20	NODE1GEN_258472_source_fixed_pose_mpnn_source_id_P500K__FIXED_POSE_MPNN__2E2B33208D567583	0.400000	0.000000	0.210526	0.400000	true
PVRIG_CAND_013	13	NODE1GEN_191476_source_fixed_pose_mpnn_source_id_P500K__FIXED_POSE_MPNN__310934EF4B70CA47	PVRIG_CAND_021	21	P1MCPUFP__CPUFP500K_0299__00780	0.600000	0.428571	0.473684	0.600000	true
PVRIG_CAND_013	13	NODE1GEN_191476_source_fixed_pose_mpnn_source_id_P500K__FIXED_POSE_MPNN__310934EF4B70CA47	PVRIG_CAND_022	22	P1MCPUFP__CPUFP500K_0189__00858	0.400000	0.142857	0.315789	0.400000	true
PVRIG_CAND_013	13	NODE1GEN_191476_source_fixed_pose_mpnn_source_id_P500K__FIXED_POSE_MPNN__310934EF4B70CA47	PVRIG_CAND_023	23	NODE1GEN_174576_source_fixed_pose_mpnn_source_id_P500K__FIXED_POSE_MPNN__D5384A7F42146722	0.400000	0.285714	0.263158	0.400000	true
PVRIG_CAND_013	13	NODE1GEN_191476_source_fixed_pose_mpnn_source_id_P500K__FIXED_POSE_MPNN__310934EF4B70CA47	PVRIG_CAND_024	24	NODE1GEN_002130_source_rfantibody_source_id_PVRIG_RFAb_v2_P1_ekg_L_bb177_mpn10_arm_P1_ekg_L_backbone_P1_ekg_L_bb177_status_NEEDS_RF2_AND_DOCKING	0.300000	0.375000	0.210526	0.375000	true
PVRIG_CAND_013	13	NODE1GEN_191476_source_fixed_pose_mpnn_source_id_P500K__FIXED_POSE_MPNN__310934EF4B70CA47	PVRIG_CAND_025	25	P1MCPUFP__CPUFP500K_0380__00771	0.500000	0.285714	0.368421	0.500000	true
PVRIG_CAND_013	13	NODE1GEN_191476_source_fixed_pose_mpnn_source_id_P500K__FIXED_POSE_MPNN__310934EF4B70CA47	PVRIG_CAND_026	26	NODE1GEN_217675_source_fixed_pose_mpnn_source_id_P500K__FIXED_POSE_MPNN__68DDB4A6D7CBCA89	0.400000	0.285714	0.421053	0.421053	true
PVRIG_CAND_013	13	NODE1GEN_191476_source_fixed_pose_mpnn_source_id_P500K__FIXED_POSE_MPNN__310934EF4B70CA47	PVRIG_CAND_027	27	P1MCPUFP__CPUFP500K_0404__00029	0.700000	0.428571	0.526316	0.700000	true
PVRIG_CAND_013	13	NODE1GEN_191476_source_fixed_pose_mpnn_source_id_P500K__FIXED_POSE_MPNN__310934EF4B70CA47	PVRIG_CAND_028	28	P1MCPUFP__CPUFP500K_0188__00549	0.300000	0.142857	0.210526	0.300000	true
PVRIG_CAND_013	13	NODE1GEN_191476_source_fixed_pose_mpnn_source_id_P500K__FIXED_POSE_MPNN__310934EF4B70CA47	PVRIG_CAND_029	29	P1MCPUFP__CPUFP500K_0188__00481	0.500000	0.142857	0.315789	0.500000	true
PVRIG_CAND_013	13	NODE1GEN_191476_source_fixed_pose_mpnn_source_id_P500K__FIXED_POSE_MPNN__310934EF4B70CA47	PVRIG_CAND_030	30	NODE1GEN_182669_source_fixed_pose_mpnn_source_id_P500K__FIXED_POSE_MPNN__D4BBD3AB583903E7	0.800000	0.571429	0.421053	0.800000	false
PVRIG_CAND_013	13	NODE1GEN_191476_source_fixed_pose_mpnn_source_id_P500K__FIXED_POSE_MPNN__310934EF4B70CA47	PVRIG_CAND_031	31	NODE1GEN_128014_source_rfantibody_source_id_PVRIG_RFAb_v2_P6_ekg_L_bb258_mpn01_arm_P6_ekg_L_backbone_P6_ekg_L_bb258_status_NEEDS_RF2_AND_DOCKING	0.300000	0.250000	0.263158	0.300000	true
PVRIG_CAND_013	13	NODE1GEN_191476_source_fixed_pose_mpnn_source_id_P500K__FIXED_POSE_MPNN__310934EF4B70CA47	PVRIG_CAND_032	32	NODE1GEN_218195_source_fixed_pose_mpnn_source_id_P500K__FIXED_POSE_MPNN__A6B62FDDBC1A99BE	0.400000	0.285714	0.263158	0.400000	true
PVRIG_CAND_013	13	NODE1GEN_191476_source_fixed_pose_mpnn_source_id_P500K__FIXED_POSE_MPNN__310934EF4B70CA47	PVRIG_CAND_033	33	NODE1GEN_195165_source_fixed_pose_mpnn_source_id_P500K__FIXED_POSE_MPNN__499D245F888E5DC4	0.400000	0.285714	0.368421	0.400000	true
PVRIG_CAND_013	13	NODE1GEN_191476_source_fixed_pose_mpnn_source_id_P500K__FIXED_POSE_MPNN__310934EF4B70CA47	PVRIG_CAND_034	34	NODE1GEN_235318_source_fixed_pose_mpnn_source_id_P500K__FIXED_POSE_MPNN__B52C2EC7CC64BFED	0.600000	0.428571	0.421053	0.600000	true
PVRIG_CAND_013	13	NODE1GEN_191476_source_fixed_pose_mpnn_source_id_P500K__FIXED_POSE_MPNN__310934EF4B70CA47	PVRIG_CAND_035	35	NODE1GEN_076816_source_rfantibody_source_id_PVRIG_RFAb_v2_P4_ekg_L_bb155_mpn03_arm_P4_ekg_L_backbone_P4_ekg_L_bb155_status_NEEDS_RF2_AND_DOCKING	0.300000	0.375000	0.157895	0.375000	true
PVRIG_CAND_013	13	NODE1GEN_191476_source_fixed_pose_mpnn_source_id_P500K__FIXED_POSE_MPNN__310934EF4B70CA47	PVRIG_CAND_036	36	NODE1GEN_136300_source_rfantibody_source_id_PVRIG_RFAb_v2_P6_qkg_L_bb255_mpn02_arm_P6_qkg_L_backbone_P6_qkg_L_bb255_status_NEEDS_RF2_AND_DOCKING	0.300000	0.250000	0.315789	0.315789	true
PVRIG_CAND_013	13	NODE1GEN_191476_source_fixed_pose_mpnn_source_id_P500K__FIXED_POSE_MPNN__310934EF4B70CA47	PVRIG_CAND_037	37	NODE1GEN_095824_source_rfantibody_source_id_PVRIG_RFAb_v2_P4_qrg_L_bb358_mpn04_arm_P4_qrg_L_backbone_P4_qrg_L_bb358_status_NEEDS_RF2_AND_DOCKING	0.400000	0.375000	0.210526	0.400000	true
PVRIG_CAND_013	13	NODE1GEN_191476_source_fixed_pose_mpnn_source_id_P500K__FIXED_POSE_MPNN__310934EF4B70CA47	PVRIG_CAND_038	38	NODE1GEN_017313_source_rfantibody_source_id_PVRIG_RFAb_v2_P1_qrg_L_bb054_mpn00_arm_P1_qrg_L_backbone_P1_qrg_L_bb054_status_NEEDS_RF2_AND_DOCKING	0.300000	0.500000	0.333333	0.500000	true
PVRIG_CAND_013	13	NODE1GEN_191476_source_fixed_pose_mpnn_source_id_P500K__FIXED_POSE_MPNN__310934EF4B70CA47	PVRIG_CAND_039	39	NODE1GEN_109783_source_rfantibody_source_id_PVRIG_RFAb_v2_P5_qkg_L_bb121_mpn06_arm_P5_qkg_L_backbone_P5_qkg_L_bb121_status_NEEDS_RF2_AND_DOCKING	0.300000	0.375000	0.210526	0.375000	true
PVRIG_CAND_013	13	NODE1GEN_191476_source_fixed_pose_mpnn_source_id_P500K__FIXED_POSE_MPNN__310934EF4B70CA47	PVRIG_CAND_040	40	NODE1GEN_100102_source_rfantibody_source_id_PVRIG_RFAb_v2_P5_ekg_L_bb007_mpn10_arm_P5_ekg_L_backbone_P5_ekg_L_bb007_status_NEEDS_RF2_AND_DOCKING	0.500000	0.250000	0.368421	0.500000	true
PVRIG_CAND_013	13	NODE1GEN_191476_source_fixed_pose_mpnn_source_id_P500K__FIXED_POSE_MPNN__310934EF4B70CA47	PVRIG_CAND_041	41	NODE1GEN_109883_source_rfantibody_source_id_PVRIG_RFAb_v2_P5_qkg_L_bb130_mpn02_arm_P5_qkg_L_backbone_P5_qkg_L_bb130_status_NEEDS_RF2_AND_DOCKING	0.300000	0.375000	0.368421	0.375000	true
PVRIG_CAND_013	13	NODE1GEN_191476_source_fixed_pose_mpnn_source_id_P500K__FIXED_POSE_MPNN__310934EF4B70CA47	PVRIG_CAND_042	42	P1MCPUFP__CPUFP500K_0030__00860	0.400000	0.250000	0.368421	0.400000	true
PVRIG_CAND_013	13	NODE1GEN_191476_source_fixed_pose_mpnn_source_id_P500K__FIXED_POSE_MPNN__310934EF4B70CA47	PVRIG_CAND_043	43	P1MCPUFP__CPUFP500K_0029__00647	0.300000	0.375000	0.272727	0.375000	true
PVRIG_CAND_013	13	NODE1GEN_191476_source_fixed_pose_mpnn_source_id_P500K__FIXED_POSE_MPNN__310934EF4B70CA47	PVRIG_CAND_044	44	P1MCPUFP__CPUFP500K_0090__00860	0.400000	0.142857	0.315789	0.400000	true
PVRIG_CAND_013	13	NODE1GEN_191476_source_fixed_pose_mpnn_source_id_P500K__FIXED_POSE_MPNN__310934EF4B70CA47	PVRIG_CAND_045	45	P1MCPUFP__CPUFP500K_0289__00496	0.200000	0.285714	0.263158	0.285714	true
PVRIG_CAND_013	13	NODE1GEN_191476_source_fixed_pose_mpnn_source_id_P500K__FIXED_POSE_MPNN__310934EF4B70CA47	PVRIG_CAND_046	46	P1MCPUFP__CPUFP500K_0091__00849	0.300000	0.428571	0.263158	0.428571	true
PVRIG_CAND_013	13	NODE1GEN_191476_source_fixed_pose_mpnn_source_id_P500K__FIXED_POSE_MPNN__310934EF4B70CA47	PVRIG_CAND_047	47	P1MCPUFP__CPUFP500K_0388__00174	0.300000	0.285714	0.315789	0.315789	true
PVRIG_CAND_013	13	NODE1GEN_191476_source_fixed_pose_mpnn_source_id_P500K__FIXED_POSE_MPNN__310934EF4B70CA47	PVRIG_CAND_048	48	P1MCPUFP__CPUFP500K_0487__00827	0.333333	0.285714	0.210526	0.333333	true
PVRIG_CAND_013	13	NODE1GEN_191476_source_fixed_pose_mpnn_source_id_P500K__FIXED_POSE_MPNN__310934EF4B70CA47	PVRIG_CAND_049	49	P1MCPUFP__CPUFP500K_0188__00645	0.400000	0.142857	0.368421	0.400000	true
PVRIG_CAND_013	13	NODE1GEN_191476_source_fixed_pose_mpnn_source_id_P500K__FIXED_POSE_MPNN__310934EF4B70CA47	PVRIG_CAND_050	50	NODE1GEN_128929_source_rfantibody_source_id_PVRIG_RFAb_v2_P6_ekg_L_bb339_mpn06_arm_P6_ekg_L_backbone_P6_ekg_L_bb339_status_NEEDS_RF2_AND_DOCKING	0.300000	0.250000	0.210526	0.300000	true
PVRIG_CAND_014	14	P1MCPUFP__CPUFP500K_0090__00532	PVRIG_CAND_015	15	NODE1GEN_177961_source_fixed_pose_mpnn_source_id_P500K__FIXED_POSE_MPNN__8431DA62B813A913	0.300000	0.428571	0.473684	0.473684	true
PVRIG_CAND_014	14	P1MCPUFP__CPUFP500K_0090__00532	PVRIG_CAND_016	16	NODE1GEN_206644_source_fixed_pose_mpnn_source_id_P500K__FIXED_POSE_MPNN__53F648E960398F2F	0.300000	0.285714	0.368421	0.368421	true
PVRIG_CAND_014	14	P1MCPUFP__CPUFP500K_0090__00532	PVRIG_CAND_017	17	P1MCPUFP__CPUFP500K_0287__00804	0.500000	0.428571	0.210526	0.500000	true
PVRIG_CAND_014	14	P1MCPUFP__CPUFP500K_0090__00532	PVRIG_CAND_018	18	NODE1GEN_127352_source_rfantibody_source_id_PVRIG_RFAb_v2_P6_ekg_L_bb203_mpn04_arm_P6_ekg_L_backbone_P6_ekg_L_bb203_status_NEEDS_RF2_AND_DOCKING	0.200000	0.500000	0.368421	0.500000	true
PVRIG_CAND_014	14	P1MCPUFP__CPUFP500K_0090__00532	PVRIG_CAND_019	19	P1MCPUFP__CPUFP500K_0089__00735	0.600000	0.428571	0.263158	0.600000	true
PVRIG_CAND_014	14	P1MCPUFP__CPUFP500K_0090__00532	PVRIG_CAND_020	20	NODE1GEN_258472_source_fixed_pose_mpnn_source_id_P500K__FIXED_POSE_MPNN__2E2B33208D567583	0.300000	0.250000	0.210526	0.300000	true
PVRIG_CAND_014	14	P1MCPUFP__CPUFP500K_0090__00532	PVRIG_CAND_021	21	P1MCPUFP__CPUFP500K_0299__00780	0.200000	0.285714	0.421053	0.421053	true
PVRIG_CAND_014	14	P1MCPUFP__CPUFP500K_0090__00532	PVRIG_CAND_022	22	P1MCPUFP__CPUFP500K_0189__00858	0.800000	0.714286	0.631579	0.800000	false
PVRIG_CAND_014	14	P1MCPUFP__CPUFP500K_0090__00532	PVRIG_CAND_023	23	NODE1GEN_174576_source_fixed_pose_mpnn_source_id_P500K__FIXED_POSE_MPNN__D5384A7F42146722	0.700000	0.714286	0.789474	0.789474	true
PVRIG_CAND_014	14	P1MCPUFP__CPUFP500K_0090__00532	PVRIG_CAND_024	24	NODE1GEN_002130_source_rfantibody_source_id_PVRIG_RFAb_v2_P1_ekg_L_bb177_mpn10_arm_P1_ekg_L_backbone_P1_ekg_L_bb177_status_NEEDS_RF2_AND_DOCKING	0.200000	0.500000	0.210526	0.500000	true
PVRIG_CAND_014	14	P1MCPUFP__CPUFP500K_0090__00532	PVRIG_CAND_025	25	P1MCPUFP__CPUFP500K_0380__00771	0.500000	0.428571	0.473684	0.500000	true
PVRIG_CAND_014	14	P1MCPUFP__CPUFP500K_0090__00532	PVRIG_CAND_026	26	NODE1GEN_217675_source_fixed_pose_mpnn_source_id_P500K__FIXED_POSE_MPNN__68DDB4A6D7CBCA89	0.300000	0.142857	0.473684	0.473684	true
PVRIG_CAND_014	14	P1MCPUFP__CPUFP500K_0090__00532	PVRIG_CAND_027	27	P1MCPUFP__CPUFP500K_0404__00029	0.400000	0.428571	0.526316	0.526316	true
PVRIG_CAND_014	14	P1MCPUFP__CPUFP500K_0090__00532	PVRIG_CAND_028	28	P1MCPUFP__CPUFP500K_0188__00549	0.600000	0.571429	0.157895	0.600000	true
PVRIG_CAND_014	14	P1MCPUFP__CPUFP500K_0090__00532	PVRIG_CAND_029	29	P1MCPUFP__CPUFP500K_0188__00481	0.600000	0.428571	0.263158	0.600000	true
PVRIG_CAND_014	14	P1MCPUFP__CPUFP500K_0090__00532	PVRIG_CAND_030	30	NODE1GEN_182669_source_fixed_pose_mpnn_source_id_P500K__FIXED_POSE_MPNN__D4BBD3AB583903E7	0.300000	0.428571	0.526316	0.526316	true
PVRIG_CAND_014	14	P1MCPUFP__CPUFP500K_0090__00532	PVRIG_CAND_031	31	NODE1GEN_128014_source_rfantibody_source_id_PVRIG_RFAb_v2_P6_ekg_L_bb258_mpn01_arm_P6_ekg_L_backbone_P6_ekg_L_bb258_status_NEEDS_RF2_AND_DOCKING	0.200000	0.625000	0.210526	0.625000	true
PVRIG_CAND_014	14	P1MCPUFP__CPUFP500K_0090__00532	PVRIG_CAND_032	32	NODE1GEN_218195_source_fixed_pose_mpnn_source_id_P500K__FIXED_POSE_MPNN__A6B62FDDBC1A99BE	0.100000	0.285714	0.368421	0.368421	true
PVRIG_CAND_014	14	P1MCPUFP__CPUFP500K_0090__00532	PVRIG_CAND_033	33	NODE1GEN_195165_source_fixed_pose_mpnn_source_id_P500K__FIXED_POSE_MPNN__499D245F888E5DC4	0.700000	0.428571	0.578947	0.700000	true
PVRIG_CAND_014	14	P1MCPUFP__CPUFP500K_0090__00532	PVRIG_CAND_034	34	NODE1GEN_235318_source_fixed_pose_mpnn_source_id_P500K__FIXED_POSE_MPNN__B52C2EC7CC64BFED	0.500000	0.285714	0.526316	0.526316	true
PVRIG_CAND_014	14	P1MCPUFP__CPUFP500K_0090__00532	PVRIG_CAND_035	35	NODE1GEN_076816_source_rfantibody_source_id_PVRIG_RFAb_v2_P4_ekg_L_bb155_mpn03_arm_P4_ekg_L_backbone_P4_ekg_L_bb155_status_NEEDS_RF2_AND_DOCKING	0.200000	0.500000	0.263158	0.500000	true
PVRIG_CAND_014	14	P1MCPUFP__CPUFP500K_0090__00532	PVRIG_CAND_036	36	NODE1GEN_136300_source_rfantibody_source_id_PVRIG_RFAb_v2_P6_qkg_L_bb255_mpn02_arm_P6_qkg_L_backbone_P6_qkg_L_bb255_status_NEEDS_RF2_AND_DOCKING	0.200000	0.500000	0.315789	0.500000	true
PVRIG_CAND_014	14	P1MCPUFP__CPUFP500K_0090__00532	PVRIG_CAND_037	37	NODE1GEN_095824_source_rfantibody_source_id_PVRIG_RFAb_v2_P4_qrg_L_bb358_mpn04_arm_P4_qrg_L_backbone_P4_qrg_L_bb358_status_NEEDS_RF2_AND_DOCKING	0.200000	0.375000	0.263158	0.375000	true
PVRIG_CAND_014	14	P1MCPUFP__CPUFP500K_0090__00532	PVRIG_CAND_038	38	NODE1GEN_017313_source_rfantibody_source_id_PVRIG_RFAb_v2_P1_qrg_L_bb054_mpn00_arm_P1_qrg_L_backbone_P1_qrg_L_bb054_status_NEEDS_RF2_AND_DOCKING	0.200000	0.375000	0.368421	0.375000	true
PVRIG_CAND_014	14	P1MCPUFP__CPUFP500K_0090__00532	PVRIG_CAND_039	39	NODE1GEN_109783_source_rfantibody_source_id_PVRIG_RFAb_v2_P5_qkg_L_bb121_mpn06_arm_P5_qkg_L_backbone_P5_qkg_L_bb121_status_NEEDS_RF2_AND_DOCKING	0.200000	0.500000	0.368421	0.500000	true
PVRIG_CAND_014	14	P1MCPUFP__CPUFP500K_0090__00532	PVRIG_CAND_040	40	NODE1GEN_100102_source_rfantibody_source_id_PVRIG_RFAb_v2_P5_ekg_L_bb007_mpn10_arm_P5_ekg_L_backbone_P5_ekg_L_bb007_status_NEEDS_RF2_AND_DOCKING	0.200000	0.500000	0.368421	0.500000	true
PVRIG_CAND_014	14	P1MCPUFP__CPUFP500K_0090__00532	PVRIG_CAND_041	41	NODE1GEN_109883_source_rfantibody_source_id_PVRIG_RFAb_v2_P5_qkg_L_bb130_mpn02_arm_P5_qkg_L_backbone_P5_qkg_L_bb130_status_NEEDS_RF2_AND_DOCKING	0.200000	0.500000	0.315789	0.500000	true
PVRIG_CAND_014	14	P1MCPUFP__CPUFP500K_0090__00532	PVRIG_CAND_042	42	P1MCPUFP__CPUFP500K_0030__00860	0.500000	0.375000	0.210526	0.500000	true
PVRIG_CAND_014	14	P1MCPUFP__CPUFP500K_0090__00532	PVRIG_CAND_043	43	P1MCPUFP__CPUFP500K_0029__00647	0.200000	0.375000	0.263158	0.375000	true
PVRIG_CAND_014	14	P1MCPUFP__CPUFP500K_0090__00532	PVRIG_CAND_044	44	P1MCPUFP__CPUFP500K_0090__00860	0.800000	0.714286	0.631579	0.800000	false
PVRIG_CAND_014	14	P1MCPUFP__CPUFP500K_0090__00532	PVRIG_CAND_045	45	P1MCPUFP__CPUFP500K_0289__00496	0.200000	0.428571	0.421053	0.428571	true
PVRIG_CAND_014	14	P1MCPUFP__CPUFP500K_0090__00532	PVRIG_CAND_046	46	P1MCPUFP__CPUFP500K_0091__00849	0.200000	0.142857	0.368421	0.368421	true
PVRIG_CAND_014	14	P1MCPUFP__CPUFP500K_0090__00532	PVRIG_CAND_047	47	P1MCPUFP__CPUFP500K_0388__00174	0.200000	0.285714	0.368421	0.368421	true
PVRIG_CAND_014	14	P1MCPUFP__CPUFP500K_0090__00532	PVRIG_CAND_048	48	P1MCPUFP__CPUFP500K_0487__00827	0.200000	0.428571	0.368421	0.428571	true
PVRIG_CAND_014	14	P1MCPUFP__CPUFP500K_0090__00532	PVRIG_CAND_049	49	P1MCPUFP__CPUFP500K_0188__00645	0.700000	0.428571	0.263158	0.700000	true
PVRIG_CAND_014	14	P1MCPUFP__CPUFP500K_0090__00532	PVRIG_CAND_050	50	NODE1GEN_128929_source_rfantibody_source_id_PVRIG_RFAb_v2_P6_ekg_L_bb339_mpn06_arm_P6_ekg_L_backbone_P6_ekg_L_bb339_status_NEEDS_RF2_AND_DOCKING	0.200000	0.375000	0.368421	0.375000	true
PVRIG_CAND_015	15	NODE1GEN_177961_source_fixed_pose_mpnn_source_id_P500K__FIXED_POSE_MPNN__8431DA62B813A913	PVRIG_CAND_016	16	NODE1GEN_206644_source_fixed_pose_mpnn_source_id_P500K__FIXED_POSE_MPNN__53F648E960398F2F	0.700000	0.285714	0.368421	0.700000	true
PVRIG_CAND_015	15	NODE1GEN_177961_source_fixed_pose_mpnn_source_id_P500K__FIXED_POSE_MPNN__8431DA62B813A913	PVRIG_CAND_017	17	P1MCPUFP__CPUFP500K_0287__00804	0.500000	0.428571	0.263158	0.500000	true
PVRIG_CAND_015	15	NODE1GEN_177961_source_fixed_pose_mpnn_source_id_P500K__FIXED_POSE_MPNN__8431DA62B813A913	PVRIG_CAND_018	18	NODE1GEN_127352_source_rfantibody_source_id_PVRIG_RFAb_v2_P6_ekg_L_bb203_mpn04_arm_P6_ekg_L_backbone_P6_ekg_L_bb203_status_NEEDS_RF2_AND_DOCKING	0.300000	0.375000	0.421053	0.421053	true
PVRIG_CAND_015	15	NODE1GEN_177961_source_fixed_pose_mpnn_source_id_P500K__FIXED_POSE_MPNN__8431DA62B813A913	PVRIG_CAND_019	19	P1MCPUFP__CPUFP500K_0089__00735	0.500000	0.428571	0.368421	0.500000	true
PVRIG_CAND_015	15	NODE1GEN_177961_source_fixed_pose_mpnn_source_id_P500K__FIXED_POSE_MPNN__8431DA62B813A913	PVRIG_CAND_020	20	NODE1GEN_258472_source_fixed_pose_mpnn_source_id_P500K__FIXED_POSE_MPNN__2E2B33208D567583	0.600000	0.250000	0.157895	0.600000	true
PVRIG_CAND_015	15	NODE1GEN_177961_source_fixed_pose_mpnn_source_id_P500K__FIXED_POSE_MPNN__8431DA62B813A913	PVRIG_CAND_021	21	P1MCPUFP__CPUFP500K_0299__00780	0.400000	0.285714	0.473684	0.473684	true
PVRIG_CAND_015	15	NODE1GEN_177961_source_fixed_pose_mpnn_source_id_P500K__FIXED_POSE_MPNN__8431DA62B813A913	PVRIG_CAND_022	22	P1MCPUFP__CPUFP500K_0189__00858	0.500000	0.285714	0.421053	0.500000	true
PVRIG_CAND_015	15	NODE1GEN_177961_source_fixed_pose_mpnn_source_id_P500K__FIXED_POSE_MPNN__8431DA62B813A913	PVRIG_CAND_023	23	NODE1GEN_174576_source_fixed_pose_mpnn_source_id_P500K__FIXED_POSE_MPNN__D5384A7F42146722	0.500000	0.285714	0.368421	0.500000	true
PVRIG_CAND_015	15	NODE1GEN_177961_source_fixed_pose_mpnn_source_id_P500K__FIXED_POSE_MPNN__8431DA62B813A913	PVRIG_CAND_024	24	NODE1GEN_002130_source_rfantibody_source_id_PVRIG_RFAb_v2_P1_ekg_L_bb177_mpn10_arm_P1_ekg_L_backbone_P1_ekg_L_bb177_status_NEEDS_RF2_AND_DOCKING	0.300000	0.375000	0.315789	0.375000	true
PVRIG_CAND_015	15	NODE1GEN_177961_source_fixed_pose_mpnn_source_id_P500K__FIXED_POSE_MPNN__8431DA62B813A913	PVRIG_CAND_025	25	P1MCPUFP__CPUFP500K_0380__00771	0.600000	0.428571	0.789474	0.789474	true
PVRIG_CAND_015	15	NODE1GEN_177961_source_fixed_pose_mpnn_source_id_P500K__FIXED_POSE_MPNN__8431DA62B813A913	PVRIG_CAND_026	26	NODE1GEN_217675_source_fixed_pose_mpnn_source_id_P500K__FIXED_POSE_MPNN__68DDB4A6D7CBCA89	0.500000	0.285714	0.789474	0.789474	true
PVRIG_CAND_015	15	NODE1GEN_177961_source_fixed_pose_mpnn_source_id_P500K__FIXED_POSE_MPNN__8431DA62B813A913	PVRIG_CAND_027	27	P1MCPUFP__CPUFP500K_0404__00029	0.600000	0.428571	0.473684	0.600000	true
PVRIG_CAND_015	15	NODE1GEN_177961_source_fixed_pose_mpnn_source_id_P500K__FIXED_POSE_MPNN__8431DA62B813A913	PVRIG_CAND_028	28	P1MCPUFP__CPUFP500K_0188__00549	0.400000	0.428571	0.263158	0.428571	true
PVRIG_CAND_015	15	NODE1GEN_177961_source_fixed_pose_mpnn_source_id_P500K__FIXED_POSE_MPNN__8431DA62B813A913	PVRIG_CAND_029	29	P1MCPUFP__CPUFP500K_0188__00481	0.500000	0.428571	0.315789	0.500000	true
PVRIG_CAND_015	15	NODE1GEN_177961_source_fixed_pose_mpnn_source_id_P500K__FIXED_POSE_MPNN__8431DA62B813A913	PVRIG_CAND_030	30	NODE1GEN_182669_source_fixed_pose_mpnn_source_id_P500K__FIXED_POSE_MPNN__D4BBD3AB583903E7	0.600000	0.285714	0.526316	0.600000	true
PVRIG_CAND_015	15	NODE1GEN_177961_source_fixed_pose_mpnn_source_id_P500K__FIXED_POSE_MPNN__8431DA62B813A913	PVRIG_CAND_031	31	NODE1GEN_128014_source_rfantibody_source_id_PVRIG_RFAb_v2_P6_ekg_L_bb258_mpn01_arm_P6_ekg_L_backbone_P6_ekg_L_bb258_status_NEEDS_RF2_AND_DOCKING	0.200000	0.375000	0.315789	0.375000	true
PVRIG_CAND_015	15	NODE1GEN_177961_source_fixed_pose_mpnn_source_id_P500K__FIXED_POSE_MPNN__8431DA62B813A913	PVRIG_CAND_032	32	NODE1GEN_218195_source_fixed_pose_mpnn_source_id_P500K__FIXED_POSE_MPNN__A6B62FDDBC1A99BE	0.300000	0.285714	0.473684	0.473684	true
PVRIG_CAND_015	15	NODE1GEN_177961_source_fixed_pose_mpnn_source_id_P500K__FIXED_POSE_MPNN__8431DA62B813A913	PVRIG_CAND_033	33	NODE1GEN_195165_source_fixed_pose_mpnn_source_id_P500K__FIXED_POSE_MPNN__499D245F888E5DC4	0.500000	0.285714	0.578947	0.578947	true
PVRIG_CAND_015	15	NODE1GEN_177961_source_fixed_pose_mpnn_source_id_P500K__FIXED_POSE_MPNN__8431DA62B813A913	PVRIG_CAND_034	34	NODE1GEN_235318_source_fixed_pose_mpnn_source_id_P500K__FIXED_POSE_MPNN__B52C2EC7CC64BFED	0.600000	0.285714	0.578947	0.600000	true
PVRIG_CAND_015	15	NODE1GEN_177961_source_fixed_pose_mpnn_source_id_P500K__FIXED_POSE_MPNN__8431DA62B813A913	PVRIG_CAND_035	35	NODE1GEN_076816_source_rfantibody_source_id_PVRIG_RFAb_v2_P4_ekg_L_bb155_mpn03_arm_P4_ekg_L_backbone_P4_ekg_L_bb155_status_NEEDS_RF2_AND_DOCKING	0.200000	0.375000	0.210526	0.375000	true
PVRIG_CAND_015	15	NODE1GEN_177961_source_fixed_pose_mpnn_source_id_P500K__FIXED_POSE_MPNN__8431DA62B813A913	PVRIG_CAND_036	36	NODE1GEN_136300_source_rfantibody_source_id_PVRIG_RFAb_v2_P6_qkg_L_bb255_mpn02_arm_P6_qkg_L_backbone_P6_qkg_L_bb255_status_NEEDS_RF2_AND_DOCKING	0.200000	0.375000	0.315789	0.375000	true
PVRIG_CAND_015	15	NODE1GEN_177961_source_fixed_pose_mpnn_source_id_P500K__FIXED_POSE_MPNN__8431DA62B813A913	PVRIG_CAND_037	37	NODE1GEN_095824_source_rfantibody_source_id_PVRIG_RFAb_v2_P4_qrg_L_bb358_mpn04_arm_P4_qrg_L_backbone_P4_qrg_L_bb358_status_NEEDS_RF2_AND_DOCKING	0.200000	0.375000	0.263158	0.375000	true
PVRIG_CAND_015	15	NODE1GEN_177961_source_fixed_pose_mpnn_source_id_P500K__FIXED_POSE_MPNN__8431DA62B813A913	PVRIG_CAND_038	38	NODE1GEN_017313_source_rfantibody_source_id_PVRIG_RFAb_v2_P1_qrg_L_bb054_mpn00_arm_P1_qrg_L_backbone_P1_qrg_L_bb054_status_NEEDS_RF2_AND_DOCKING	0.200000	0.375000	0.315789	0.375000	true
PVRIG_CAND_015	15	NODE1GEN_177961_source_fixed_pose_mpnn_source_id_P500K__FIXED_POSE_MPNN__8431DA62B813A913	PVRIG_CAND_039	39	NODE1GEN_109783_source_rfantibody_source_id_PVRIG_RFAb_v2_P5_qkg_L_bb121_mpn06_arm_P5_qkg_L_backbone_P5_qkg_L_bb121_status_NEEDS_RF2_AND_DOCKING	0.200000	0.250000	0.368421	0.368421	true
PVRIG_CAND_015	15	NODE1GEN_177961_source_fixed_pose_mpnn_source_id_P500K__FIXED_POSE_MPNN__8431DA62B813A913	PVRIG_CAND_040	40	NODE1GEN_100102_source_rfantibody_source_id_PVRIG_RFAb_v2_P5_ekg_L_bb007_mpn10_arm_P5_ekg_L_backbone_P5_ekg_L_bb007_status_NEEDS_RF2_AND_DOCKING	0.200000	0.500000	0.263158	0.500000	true
PVRIG_CAND_015	15	NODE1GEN_177961_source_fixed_pose_mpnn_source_id_P500K__FIXED_POSE_MPNN__8431DA62B813A913	PVRIG_CAND_041	41	NODE1GEN_109883_source_rfantibody_source_id_PVRIG_RFAb_v2_P5_qkg_L_bb130_mpn02_arm_P5_qkg_L_backbone_P5_qkg_L_bb130_status_NEEDS_RF2_AND_DOCKING	0.300000	0.375000	0.315789	0.375000	true
PVRIG_CAND_015	15	NODE1GEN_177961_source_fixed_pose_mpnn_source_id_P500K__FIXED_POSE_MPNN__8431DA62B813A913	PVRIG_CAND_042	42	P1MCPUFP__CPUFP500K_0030__00860	0.500000	0.250000	0.263158	0.500000	true
PVRIG_CAND_015	15	NODE1GEN_177961_source_fixed_pose_mpnn_source_id_P500K__FIXED_POSE_MPNN__8431DA62B813A913	PVRIG_CAND_043	43	P1MCPUFP__CPUFP500K_0029__00647	0.400000	0.375000	0.263158	0.400000	true
PVRIG_CAND_015	15	NODE1GEN_177961_source_fixed_pose_mpnn_source_id_P500K__FIXED_POSE_MPNN__8431DA62B813A913	PVRIG_CAND_044	44	P1MCPUFP__CPUFP500K_0090__00860	0.500000	0.285714	0.526316	0.526316	true
PVRIG_CAND_015	15	NODE1GEN_177961_source_fixed_pose_mpnn_source_id_P500K__FIXED_POSE_MPNN__8431DA62B813A913	PVRIG_CAND_045	45	P1MCPUFP__CPUFP500K_0289__00496	0.200000	0.285714	0.263158	0.285714	true
PVRIG_CAND_015	15	NODE1GEN_177961_source_fixed_pose_mpnn_source_id_P500K__FIXED_POSE_MPNN__8431DA62B813A913	PVRIG_CAND_046	46	P1MCPUFP__CPUFP500K_0091__00849	0.300000	0.142857	0.368421	0.368421	true
PVRIG_CAND_015	15	NODE1GEN_177961_source_fixed_pose_mpnn_source_id_P500K__FIXED_POSE_MPNN__8431DA62B813A913	PVRIG_CAND_047	47	P1MCPUFP__CPUFP500K_0388__00174	0.300000	0.285714	0.368421	0.368421	true
PVRIG_CAND_015	15	NODE1GEN_177961_source_fixed_pose_mpnn_source_id_P500K__FIXED_POSE_MPNN__8431DA62B813A913	PVRIG_CAND_048	48	P1MCPUFP__CPUFP500K_0487__00827	0.333333	0.285714	0.315789	0.333333	true
PVRIG_CAND_015	15	NODE1GEN_177961_source_fixed_pose_mpnn_source_id_P500K__FIXED_POSE_MPNN__8431DA62B813A913	PVRIG_CAND_049	49	P1MCPUFP__CPUFP500K_0188__00645	0.400000	0.428571	0.263158	0.428571	true
PVRIG_CAND_015	15	NODE1GEN_177961_source_fixed_pose_mpnn_source_id_P500K__FIXED_POSE_MPNN__8431DA62B813A913	PVRIG_CAND_050	50	NODE1GEN_128929_source_rfantibody_source_id_PVRIG_RFAb_v2_P6_ekg_L_bb339_mpn06_arm_P6_ekg_L_backbone_P6_ekg_L_bb339_status_NEEDS_RF2_AND_DOCKING	0.300000	0.375000	0.368421	0.375000	true
PVRIG_CAND_016	16	NODE1GEN_206644_source_fixed_pose_mpnn_source_id_P500K__FIXED_POSE_MPNN__53F648E960398F2F	PVRIG_CAND_017	17	P1MCPUFP__CPUFP500K_0287__00804	0.600000	0.142857	0.263158	0.600000	true
PVRIG_CAND_016	16	NODE1GEN_206644_source_fixed_pose_mpnn_source_id_P500K__FIXED_POSE_MPNN__53F648E960398F2F	PVRIG_CAND_018	18	NODE1GEN_127352_source_rfantibody_source_id_PVRIG_RFAb_v2_P6_ekg_L_bb203_mpn04_arm_P6_ekg_L_backbone_P6_ekg_L_bb203_status_NEEDS_RF2_AND_DOCKING	0.300000	0.375000	0.210526	0.375000	true
PVRIG_CAND_016	16	NODE1GEN_206644_source_fixed_pose_mpnn_source_id_P500K__FIXED_POSE_MPNN__53F648E960398F2F	PVRIG_CAND_019	19	P1MCPUFP__CPUFP500K_0089__00735	0.400000	0.142857	0.368421	0.400000	true
PVRIG_CAND_016	16	NODE1GEN_206644_source_fixed_pose_mpnn_source_id_P500K__FIXED_POSE_MPNN__53F648E960398F2F	PVRIG_CAND_020	20	NODE1GEN_258472_source_fixed_pose_mpnn_source_id_P500K__FIXED_POSE_MPNN__2E2B33208D567583	0.400000	0.000000	0.157895	0.400000	true
PVRIG_CAND_016	16	NODE1GEN_206644_source_fixed_pose_mpnn_source_id_P500K__FIXED_POSE_MPNN__53F648E960398F2F	PVRIG_CAND_021	21	P1MCPUFP__CPUFP500K_0299__00780	0.600000	0.428571	0.631579	0.631579	true
PVRIG_CAND_016	16	NODE1GEN_206644_source_fixed_pose_mpnn_source_id_P500K__FIXED_POSE_MPNN__53F648E960398F2F	PVRIG_CAND_022	22	P1MCPUFP__CPUFP500K_0189__00858	0.400000	0.142857	0.263158	0.400000	true
PVRIG_CAND_016	16	NODE1GEN_206644_source_fixed_pose_mpnn_source_id_P500K__FIXED_POSE_MPNN__53F648E960398F2F	PVRIG_CAND_023	23	NODE1GEN_174576_source_fixed_pose_mpnn_source_id_P500K__FIXED_POSE_MPNN__D5384A7F42146722	0.400000	0.285714	0.263158	0.400000	true
PVRIG_CAND_016	16	NODE1GEN_206644_source_fixed_pose_mpnn_source_id_P500K__FIXED_POSE_MPNN__53F648E960398F2F	PVRIG_CAND_024	24	NODE1GEN_002130_source_rfantibody_source_id_PVRIG_RFAb_v2_P1_ekg_L_bb177_mpn10_arm_P1_ekg_L_backbone_P1_ekg_L_bb177_status_NEEDS_RF2_AND_DOCKING	0.300000	0.375000	0.263158	0.375000	true
PVRIG_CAND_016	16	NODE1GEN_206644_source_fixed_pose_mpnn_source_id_P500K__FIXED_POSE_MPNN__53F648E960398F2F	PVRIG_CAND_025	25	P1MCPUFP__CPUFP500K_0380__00771	0.600000	0.285714	0.315789	0.600000	true
PVRIG_CAND_016	16	NODE1GEN_206644_source_fixed_pose_mpnn_source_id_P500K__FIXED_POSE_MPNN__53F648E960398F2F	PVRIG_CAND_026	26	NODE1GEN_217675_source_fixed_pose_mpnn_source_id_P500K__FIXED_POSE_MPNN__68DDB4A6D7CBCA89	0.500000	0.285714	0.473684	0.500000	true
PVRIG_CAND_016	16	NODE1GEN_206644_source_fixed_pose_mpnn_source_id_P500K__FIXED_POSE_MPNN__53F648E960398F2F	PVRIG_CAND_027	27	P1MCPUFP__CPUFP500K_0404__00029	0.700000	0.428571	0.473684	0.700000	true
PVRIG_CAND_016	16	NODE1GEN_206644_source_fixed_pose_mpnn_source_id_P500K__FIXED_POSE_MPNN__53F648E960398F2F	PVRIG_CAND_028	28	P1MCPUFP__CPUFP500K_0188__00549	0.300000	0.142857	0.263158	0.300000	true
PVRIG_CAND_016	16	NODE1GEN_206644_source_fixed_pose_mpnn_source_id_P500K__FIXED_POSE_MPNN__53F648E960398F2F	PVRIG_CAND_029	29	P1MCPUFP__CPUFP500K_0188__00481	0.500000	0.142857	0.315789	0.500000	true
PVRIG_CAND_016	16	NODE1GEN_206644_source_fixed_pose_mpnn_source_id_P500K__FIXED_POSE_MPNN__53F648E960398F2F	PVRIG_CAND_030	30	NODE1GEN_182669_source_fixed_pose_mpnn_source_id_P500K__FIXED_POSE_MPNN__D4BBD3AB583903E7	0.900000	0.571429	0.473684	0.900000	false
PVRIG_CAND_016	16	NODE1GEN_206644_source_fixed_pose_mpnn_source_id_P500K__FIXED_POSE_MPNN__53F648E960398F2F	PVRIG_CAND_031	31	NODE1GEN_128014_source_rfantibody_source_id_PVRIG_RFAb_v2_P6_ekg_L_bb258_mpn01_arm_P6_ekg_L_backbone_P6_ekg_L_bb258_status_NEEDS_RF2_AND_DOCKING	0.300000	0.250000	0.315789	0.315789	true
PVRIG_CAND_016	16	NODE1GEN_206644_source_fixed_pose_mpnn_source_id_P500K__FIXED_POSE_MPNN__53F648E960398F2F	PVRIG_CAND_032	32	NODE1GEN_218195_source_fixed_pose_mpnn_source_id_P500K__FIXED_POSE_MPNN__A6B62FDDBC1A99BE	0.400000	0.285714	0.315789	0.400000	true
PVRIG_CAND_016	16	NODE1GEN_206644_source_fixed_pose_mpnn_source_id_P500K__FIXED_POSE_MPNN__53F648E960398F2F	PVRIG_CAND_033	33	NODE1GEN_195165_source_fixed_pose_mpnn_source_id_P500K__FIXED_POSE_MPNN__499D245F888E5DC4	0.400000	0.285714	0.315789	0.400000	true
PVRIG_CAND_016	16	NODE1GEN_206644_source_fixed_pose_mpnn_source_id_P500K__FIXED_POSE_MPNN__53F648E960398F2F	PVRIG_CAND_034	34	NODE1GEN_235318_source_fixed_pose_mpnn_source_id_P500K__FIXED_POSE_MPNN__B52C2EC7CC64BFED	0.600000	0.428571	0.368421	0.600000	true
PVRIG_CAND_016	16	NODE1GEN_206644_source_fixed_pose_mpnn_source_id_P500K__FIXED_POSE_MPNN__53F648E960398F2F	PVRIG_CAND_035	35	NODE1GEN_076816_source_rfantibody_source_id_PVRIG_RFAb_v2_P4_ekg_L_bb155_mpn03_arm_P4_ekg_L_backbone_P4_ekg_L_bb155_status_NEEDS_RF2_AND_DOCKING	0.300000	0.375000	0.157895	0.375000	true
PVRIG_CAND_016	16	NODE1GEN_206644_source_fixed_pose_mpnn_source_id_P500K__FIXED_POSE_MPNN__53F648E960398F2F	PVRIG_CAND_036	36	NODE1GEN_136300_source_rfantibody_source_id_PVRIG_RFAb_v2_P6_qkg_L_bb255_mpn02_arm_P6_qkg_L_backbone_P6_qkg_L_bb255_status_NEEDS_RF2_AND_DOCKING	0.300000	0.250000	0.210526	0.300000	true
PVRIG_CAND_016	16	NODE1GEN_206644_source_fixed_pose_mpnn_source_id_P500K__FIXED_POSE_MPNN__53F648E960398F2F	PVRIG_CAND_037	37	NODE1GEN_095824_source_rfantibody_source_id_PVRIG_RFAb_v2_P4_qrg_L_bb358_mpn04_arm_P4_qrg_L_backbone_P4_qrg_L_bb358_status_NEEDS_RF2_AND_DOCKING	0.400000	0.375000	0.210526	0.400000	true
PVRIG_CAND_016	16	NODE1GEN_206644_source_fixed_pose_mpnn_source_id_P500K__FIXED_POSE_MPNN__53F648E960398F2F	PVRIG_CAND_038	38	NODE1GEN_017313_source_rfantibody_source_id_PVRIG_RFAb_v2_P1_qrg_L_bb054_mpn00_arm_P1_qrg_L_backbone_P1_qrg_L_bb054_status_NEEDS_RF2_AND_DOCKING	0.300000	0.500000	0.250000	0.500000	true
PVRIG_CAND_016	16	NODE1GEN_206644_source_fixed_pose_mpnn_source_id_P500K__FIXED_POSE_MPNN__53F648E960398F2F	PVRIG_CAND_039	39	NODE1GEN_109783_source_rfantibody_source_id_PVRIG_RFAb_v2_P5_qkg_L_bb121_mpn06_arm_P5_qkg_L_backbone_P5_qkg_L_bb121_status_NEEDS_RF2_AND_DOCKING	0.300000	0.375000	0.105263	0.375000	true
PVRIG_CAND_016	16	NODE1GEN_206644_source_fixed_pose_mpnn_source_id_P500K__FIXED_POSE_MPNN__53F648E960398F2F	PVRIG_CAND_040	40	NODE1GEN_100102_source_rfantibody_source_id_PVRIG_RFAb_v2_P5_ekg_L_bb007_mpn10_arm_P5_ekg_L_backbone_P5_ekg_L_bb007_status_NEEDS_RF2_AND_DOCKING	0.400000	0.250000	0.368421	0.400000	true
PVRIG_CAND_016	16	NODE1GEN_206644_source_fixed_pose_mpnn_source_id_P500K__FIXED_POSE_MPNN__53F648E960398F2F	PVRIG_CAND_041	41	NODE1GEN_109883_source_rfantibody_source_id_PVRIG_RFAb_v2_P5_qkg_L_bb130_mpn02_arm_P5_qkg_L_backbone_P5_qkg_L_bb130_status_NEEDS_RF2_AND_DOCKING	0.300000	0.375000	0.263158	0.375000	true
PVRIG_CAND_016	16	NODE1GEN_206644_source_fixed_pose_mpnn_source_id_P500K__FIXED_POSE_MPNN__53F648E960398F2F	PVRIG_CAND_042	42	P1MCPUFP__CPUFP500K_0030__00860	0.400000	0.250000	0.315789	0.400000	true
PVRIG_CAND_016	16	NODE1GEN_206644_source_fixed_pose_mpnn_source_id_P500K__FIXED_POSE_MPNN__53F648E960398F2F	PVRIG_CAND_043	43	P1MCPUFP__CPUFP500K_0029__00647	0.300000	0.375000	0.263158	0.375000	true
PVRIG_CAND_016	16	NODE1GEN_206644_source_fixed_pose_mpnn_source_id_P500K__FIXED_POSE_MPNN__53F648E960398F2F	PVRIG_CAND_044	44	P1MCPUFP__CPUFP500K_0090__00860	0.400000	0.142857	0.263158	0.400000	true
PVRIG_CAND_016	16	NODE1GEN_206644_source_fixed_pose_mpnn_source_id_P500K__FIXED_POSE_MPNN__53F648E960398F2F	PVRIG_CAND_045	45	P1MCPUFP__CPUFP500K_0289__00496	0.200000	0.285714	0.315789	0.315789	true
PVRIG_CAND_016	16	NODE1GEN_206644_source_fixed_pose_mpnn_source_id_P500K__FIXED_POSE_MPNN__53F648E960398F2F	PVRIG_CAND_046	46	P1MCPUFP__CPUFP500K_0091__00849	0.300000	0.428571	0.263158	0.428571	true
PVRIG_CAND_016	16	NODE1GEN_206644_source_fixed_pose_mpnn_source_id_P500K__FIXED_POSE_MPNN__53F648E960398F2F	PVRIG_CAND_047	47	P1MCPUFP__CPUFP500K_0388__00174	0.300000	0.285714	0.368421	0.368421	true
PVRIG_CAND_016	16	NODE1GEN_206644_source_fixed_pose_mpnn_source_id_P500K__FIXED_POSE_MPNN__53F648E960398F2F	PVRIG_CAND_048	48	P1MCPUFP__CPUFP500K_0487__00827	0.100000	0.285714	0.315789	0.315789	true
PVRIG_CAND_016	16	NODE1GEN_206644_source_fixed_pose_mpnn_source_id_P500K__FIXED_POSE_MPNN__53F648E960398F2F	PVRIG_CAND_049	49	P1MCPUFP__CPUFP500K_0188__00645	0.400000	0.142857	0.368421	0.400000	true
PVRIG_CAND_016	16	NODE1GEN_206644_source_fixed_pose_mpnn_source_id_P500K__FIXED_POSE_MPNN__53F648E960398F2F	PVRIG_CAND_050	50	NODE1GEN_128929_source_rfantibody_source_id_PVRIG_RFAb_v2_P6_ekg_L_bb339_mpn06_arm_P6_ekg_L_backbone_P6_ekg_L_bb339_status_NEEDS_RF2_AND_DOCKING	0.300000	0.250000	0.263158	0.300000	true
PVRIG_CAND_017	17	P1MCPUFP__CPUFP500K_0287__00804	PVRIG_CAND_018	18	NODE1GEN_127352_source_rfantibody_source_id_PVRIG_RFAb_v2_P6_ekg_L_bb203_mpn04_arm_P6_ekg_L_backbone_P6_ekg_L_bb203_status_NEEDS_RF2_AND_DOCKING	0.200000	0.250000	0.350000	0.350000	true
PVRIG_CAND_017	17	P1MCPUFP__CPUFP500K_0287__00804	PVRIG_CAND_019	19	P1MCPUFP__CPUFP500K_0089__00735	0.500000	0.714286	0.684211	0.714286	true
PVRIG_CAND_017	17	P1MCPUFP__CPUFP500K_0287__00804	PVRIG_CAND_020	20	NODE1GEN_258472_source_fixed_pose_mpnn_source_id_P500K__FIXED_POSE_MPNN__2E2B33208D567583	0.300000	0.250000	0.315789	0.315789	true
PVRIG_CAND_017	17	P1MCPUFP__CPUFP500K_0287__00804	PVRIG_CAND_021	21	P1MCPUFP__CPUFP500K_0299__00780	0.300000	0.428571	0.210526	0.428571	true
PVRIG_CAND_017	17	P1MCPUFP__CPUFP500K_0287__00804	PVRIG_CAND_022	22	P1MCPUFP__CPUFP500K_0189__00858	0.500000	0.571429	0.210526	0.571429	true
PVRIG_CAND_017	17	P1MCPUFP__CPUFP500K_0287__00804	PVRIG_CAND_023	23	NODE1GEN_174576_source_fixed_pose_mpnn_source_id_P500K__FIXED_POSE_MPNN__D5384A7F42146722	0.400000	0.428571	0.157895	0.428571	true
PVRIG_CAND_017	17	P1MCPUFP__CPUFP500K_0287__00804	PVRIG_CAND_024	24	NODE1GEN_002130_source_rfantibody_source_id_PVRIG_RFAb_v2_P1_ekg_L_bb177_mpn10_arm_P1_ekg_L_backbone_P1_ekg_L_bb177_status_NEEDS_RF2_AND_DOCKING	0.200000	0.250000	0.263158	0.263158	true
PVRIG_CAND_017	17	P1MCPUFP__CPUFP500K_0287__00804	PVRIG_CAND_025	25	P1MCPUFP__CPUFP500K_0380__00771	0.600000	0.571429	0.315789	0.600000	true
PVRIG_CAND_017	17	P1MCPUFP__CPUFP500K_0287__00804	PVRIG_CAND_026	26	NODE1GEN_217675_source_fixed_pose_mpnn_source_id_P500K__FIXED_POSE_MPNN__68DDB4A6D7CBCA89	0.500000	0.428571	0.263158	0.500000	true
PVRIG_CAND_017	17	P1MCPUFP__CPUFP500K_0287__00804	PVRIG_CAND_027	27	P1MCPUFP__CPUFP500K_0404__00029	0.600000	0.428571	0.157895	0.600000	true
PVRIG_CAND_017	17	P1MCPUFP__CPUFP500K_0287__00804	PVRIG_CAND_028	28	P1MCPUFP__CPUFP500K_0188__00549	0.500000	0.714286	0.631579	0.714286	true
PVRIG_CAND_017	17	P1MCPUFP__CPUFP500K_0287__00804	PVRIG_CAND_029	29	P1MCPUFP__CPUFP500K_0188__00481	0.700000	0.857143	0.473684	0.857143	false
PVRIG_CAND_017	17	P1MCPUFP__CPUFP500K_0287__00804	PVRIG_CAND_030	30	NODE1GEN_182669_source_fixed_pose_mpnn_source_id_P500K__FIXED_POSE_MPNN__D4BBD3AB583903E7	0.600000	0.285714	0.210526	0.600000	true
PVRIG_CAND_017	17	P1MCPUFP__CPUFP500K_0287__00804	PVRIG_CAND_031	31	NODE1GEN_128014_source_rfantibody_source_id_PVRIG_RFAb_v2_P6_ekg_L_bb258_mpn01_arm_P6_ekg_L_backbone_P6_ekg_L_bb258_status_NEEDS_RF2_AND_DOCKING	0.200000	0.250000	0.157895	0.250000	true
PVRIG_CAND_017	17	P1MCPUFP__CPUFP500K_0287__00804	PVRIG_CAND_032	32	NODE1GEN_218195_source_fixed_pose_mpnn_source_id_P500K__FIXED_POSE_MPNN__A6B62FDDBC1A99BE	0.200000	0.428571	0.263158	0.428571	true
PVRIG_CAND_017	17	P1MCPUFP__CPUFP500K_0287__00804	PVRIG_CAND_033	33	NODE1GEN_195165_source_fixed_pose_mpnn_source_id_P500K__FIXED_POSE_MPNN__499D245F888E5DC4	0.500000	0.428571	0.263158	0.500000	true
PVRIG_CAND_017	17	P1MCPUFP__CPUFP500K_0287__00804	PVRIG_CAND_034	34	NODE1GEN_235318_source_fixed_pose_mpnn_source_id_P500K__FIXED_POSE_MPNN__B52C2EC7CC64BFED	0.600000	0.428571	0.263158	0.600000	true
PVRIG_CAND_017	17	P1MCPUFP__CPUFP500K_0287__00804	PVRIG_CAND_035	35	NODE1GEN_076816_source_rfantibody_source_id_PVRIG_RFAb_v2_P4_ekg_L_bb155_mpn03_arm_P4_ekg_L_backbone_P4_ekg_L_bb155_status_NEEDS_RF2_AND_DOCKING	0.200000	0.375000	0.315789	0.375000	true
PVRIG_CAND_017	17	P1MCPUFP__CPUFP500K_0287__00804	PVRIG_CAND_036	36	NODE1GEN_136300_source_rfantibody_source_id_PVRIG_RFAb_v2_P6_qkg_L_bb255_mpn02_arm_P6_qkg_L_backbone_P6_qkg_L_bb255_status_NEEDS_RF2_AND_DOCKING	0.200000	0.250000	0.315789	0.315789	true
PVRIG_CAND_017	17	P1MCPUFP__CPUFP500K_0287__00804	PVRIG_CAND_037	37	NODE1GEN_095824_source_rfantibody_source_id_PVRIG_RFAb_v2_P4_qrg_L_bb358_mpn04_arm_P4_qrg_L_backbone_P4_qrg_L_bb358_status_NEEDS_RF2_AND_DOCKING	0.200000	0.375000	0.263158	0.375000	true
PVRIG_CAND_017	17	P1MCPUFP__CPUFP500K_0287__00804	PVRIG_CAND_038	38	NODE1GEN_017313_source_rfantibody_source_id_PVRIG_RFAb_v2_P1_qrg_L_bb054_mpn00_arm_P1_qrg_L_backbone_P1_qrg_L_bb054_status_NEEDS_RF2_AND_DOCKING	0.200000	0.375000	0.263158	0.375000	true
PVRIG_CAND_017	17	P1MCPUFP__CPUFP500K_0287__00804	PVRIG_CAND_039	39	NODE1GEN_109783_source_rfantibody_source_id_PVRIG_RFAb_v2_P5_qkg_L_bb121_mpn06_arm_P5_qkg_L_backbone_P5_qkg_L_bb121_status_NEEDS_RF2_AND_DOCKING	0.200000	0.250000	0.263158	0.263158	true
PVRIG_CAND_017	17	P1MCPUFP__CPUFP500K_0287__00804	PVRIG_CAND_040	40	NODE1GEN_100102_source_rfantibody_source_id_PVRIG_RFAb_v2_P5_ekg_L_bb007_mpn10_arm_P5_ekg_L_backbone_P5_ekg_L_bb007_status_NEEDS_RF2_AND_DOCKING	0.200000	0.375000	0.105263	0.375000	true
PVRIG_CAND_017	17	P1MCPUFP__CPUFP500K_0287__00804	PVRIG_CAND_041	41	NODE1GEN_109883_source_rfantibody_source_id_PVRIG_RFAb_v2_P5_qkg_L_bb130_mpn02_arm_P5_qkg_L_backbone_P5_qkg_L_bb130_status_NEEDS_RF2_AND_DOCKING	0.200000	0.250000	0.210526	0.250000	true
PVRIG_CAND_017	17	P1MCPUFP__CPUFP500K_0287__00804	PVRIG_CAND_042	42	P1MCPUFP__CPUFP500K_0030__00860	0.300000	0.375000	0.263158	0.375000	true
PVRIG_CAND_017	17	P1MCPUFP__CPUFP500K_0287__00804	PVRIG_CAND_043	43	P1MCPUFP__CPUFP500K_0029__00647	0.400000	0.375000	0.368421	0.400000	true
PVRIG_CAND_017	17	P1MCPUFP__CPUFP500K_0287__00804	PVRIG_CAND_044	44	P1MCPUFP__CPUFP500K_0090__00860	0.500000	0.571429	0.210526	0.571429	true
PVRIG_CAND_017	17	P1MCPUFP__CPUFP500K_0287__00804	PVRIG_CAND_045	45	P1MCPUFP__CPUFP500K_0289__00496	0.100000	0.428571	0.263158	0.428571	true
PVRIG_CAND_017	17	P1MCPUFP__CPUFP500K_0287__00804	PVRIG_CAND_046	46	P1MCPUFP__CPUFP500K_0091__00849	0.357143	0.285714	0.315789	0.357143	true
PVRIG_CAND_017	17	P1MCPUFP__CPUFP500K_0287__00804	PVRIG_CAND_047	47	P1MCPUFP__CPUFP500K_0388__00174	0.100000	0.428571	0.315789	0.428571	true
PVRIG_CAND_017	17	P1MCPUFP__CPUFP500K_0287__00804	PVRIG_CAND_048	48	P1MCPUFP__CPUFP500K_0487__00827	0.100000	0.285714	0.315789	0.315789	true
PVRIG_CAND_017	17	P1MCPUFP__CPUFP500K_0287__00804	PVRIG_CAND_049	49	P1MCPUFP__CPUFP500K_0188__00645	0.600000	1.000000	0.578947	1.000000	false
PVRIG_CAND_017	17	P1MCPUFP__CPUFP500K_0287__00804	PVRIG_CAND_050	50	NODE1GEN_128929_source_rfantibody_source_id_PVRIG_RFAb_v2_P6_ekg_L_bb339_mpn06_arm_P6_ekg_L_backbone_P6_ekg_L_bb339_status_NEEDS_RF2_AND_DOCKING	0.200000	0.250000	0.315789	0.315789	true
PVRIG_CAND_018	18	NODE1GEN_127352_source_rfantibody_source_id_PVRIG_RFAb_v2_P6_ekg_L_bb203_mpn04_arm_P6_ekg_L_backbone_P6_ekg_L_bb203_status_NEEDS_RF2_AND_DOCKING	PVRIG_CAND_019	19	P1MCPUFP__CPUFP500K_0089__00735	0.300000	0.250000	0.263158	0.300000	true
PVRIG_CAND_018	18	NODE1GEN_127352_source_rfantibody_source_id_PVRIG_RFAb_v2_P6_ekg_L_bb203_mpn04_arm_P6_ekg_L_backbone_P6_ekg_L_bb203_status_NEEDS_RF2_AND_DOCKING	PVRIG_CAND_020	20	NODE1GEN_258472_source_fixed_pose_mpnn_source_id_P500K__FIXED_POSE_MPNN__2E2B33208D567583	0.125000	0.375000	0.250000	0.375000	true
PVRIG_CAND_018	18	NODE1GEN_127352_source_rfantibody_source_id_PVRIG_RFAb_v2_P6_ekg_L_bb203_mpn04_arm_P6_ekg_L_backbone_P6_ekg_L_bb203_status_NEEDS_RF2_AND_DOCKING	PVRIG_CAND_021	21	P1MCPUFP__CPUFP500K_0299__00780	0.200000	0.375000	0.368421	0.375000	true
PVRIG_CAND_018	18	NODE1GEN_127352_source_rfantibody_source_id_PVRIG_RFAb_v2_P6_ekg_L_bb203_mpn04_arm_P6_ekg_L_backbone_P6_ekg_L_bb203_status_NEEDS_RF2_AND_DOCKING	PVRIG_CAND_022	22	P1MCPUFP__CPUFP500K_0189__00858	0.200000	0.250000	0.368421	0.368421	true
PVRIG_CAND_018	18	NODE1GEN_127352_source_rfantibody_source_id_PVRIG_RFAb_v2_P6_ekg_L_bb203_mpn04_arm_P6_ekg_L_backbone_P6_ekg_L_bb203_status_NEEDS_RF2_AND_DOCKING	PVRIG_CAND_023	23	NODE1GEN_174576_source_fixed_pose_mpnn_source_id_P500K__FIXED_POSE_MPNN__D5384A7F42146722	0.300000	0.375000	0.315789	0.375000	true
PVRIG_CAND_018	18	NODE1GEN_127352_source_rfantibody_source_id_PVRIG_RFAb_v2_P6_ekg_L_bb203_mpn04_arm_P6_ekg_L_backbone_P6_ekg_L_bb203_status_NEEDS_RF2_AND_DOCKING	PVRIG_CAND_024	24	NODE1GEN_002130_source_rfantibody_source_id_PVRIG_RFAb_v2_P1_ekg_L_bb177_mpn10_arm_P1_ekg_L_backbone_P1_ekg_L_bb177_status_NEEDS_RF2_AND_DOCKING	0.875000	1.000000	0.312500	1.000000	false
PVRIG_CAND_018	18	NODE1GEN_127352_source_rfantibody_source_id_PVRIG_RFAb_v2_P6_ekg_L_bb203_mpn04_arm_P6_ekg_L_backbone_P6_ekg_L_bb203_status_NEEDS_RF2_AND_DOCKING	PVRIG_CAND_025	25	P1MCPUFP__CPUFP500K_0380__00771	0.200000	0.625000	0.368421	0.625000	true
PVRIG_CAND_018	18	NODE1GEN_127352_source_rfantibody_source_id_PVRIG_RFAb_v2_P6_ekg_L_bb203_mpn04_arm_P6_ekg_L_backbone_P6_ekg_L_bb203_status_NEEDS_RF2_AND_DOCKING	PVRIG_CAND_026	26	NODE1GEN_217675_source_fixed_pose_mpnn_source_id_P500K__FIXED_POSE_MPNN__68DDB4A6D7CBCA89	0.300000	0.125000	0.421053	0.421053	true
PVRIG_CAND_018	18	NODE1GEN_127352_source_rfantibody_source_id_PVRIG_RFAb_v2_P6_ekg_L_bb203_mpn04_arm_P6_ekg_L_backbone_P6_ekg_L_bb203_status_NEEDS_RF2_AND_DOCKING	PVRIG_CAND_027	27	P1MCPUFP__CPUFP500K_0404__00029	0.300000	0.250000	0.263158	0.300000	true
PVRIG_CAND_018	18	NODE1GEN_127352_source_rfantibody_source_id_PVRIG_RFAb_v2_P6_ekg_L_bb203_mpn04_arm_P6_ekg_L_backbone_P6_ekg_L_bb203_status_NEEDS_RF2_AND_DOCKING	PVRIG_CAND_028	28	P1MCPUFP__CPUFP500K_0188__00549	0.300000	0.375000	0.157895	0.375000	true
PVRIG_CAND_018	18	NODE1GEN_127352_source_rfantibody_source_id_PVRIG_RFAb_v2_P6_ekg_L_bb203_mpn04_arm_P6_ekg_L_backbone_P6_ekg_L_bb203_status_NEEDS_RF2_AND_DOCKING	PVRIG_CAND_029	29	P1MCPUFP__CPUFP500K_0188__00481	0.200000	0.250000	0.263158	0.263158	true
PVRIG_CAND_018	18	NODE1GEN_127352_source_rfantibody_source_id_PVRIG_RFAb_v2_P6_ekg_L_bb203_mpn04_arm_P6_ekg_L_backbone_P6_ekg_L_bb203_status_NEEDS_RF2_AND_DOCKING	PVRIG_CAND_030	30	NODE1GEN_182669_source_fixed_pose_mpnn_source_id_P500K__FIXED_POSE_MPNN__D4BBD3AB583903E7	0.400000	0.250000	0.315789	0.400000	true
PVRIG_CAND_018	18	NODE1GEN_127352_source_rfantibody_source_id_PVRIG_RFAb_v2_P6_ekg_L_bb203_mpn04_arm_P6_ekg_L_backbone_P6_ekg_L_bb203_status_NEEDS_RF2_AND_DOCKING	PVRIG_CAND_031	31	NODE1GEN_128014_source_rfantibody_source_id_PVRIG_RFAb_v2_P6_ekg_L_bb258_mpn01_arm_P6_ekg_L_backbone_P6_ekg_L_bb258_status_NEEDS_RF2_AND_DOCKING	0.875000	0.625000	0.176471	0.875000	false
PVRIG_CAND_018	18	NODE1GEN_127352_source_rfantibody_source_id_PVRIG_RFAb_v2_P6_ekg_L_bb203_mpn04_arm_P6_ekg_L_backbone_P6_ekg_L_bb203_status_NEEDS_RF2_AND_DOCKING	PVRIG_CAND_032	32	NODE1GEN_218195_source_fixed_pose_mpnn_source_id_P500K__FIXED_POSE_MPNN__A6B62FDDBC1A99BE	0.100000	0.250000	0.368421	0.368421	true
PVRIG_CAND_018	18	NODE1GEN_127352_source_rfantibody_source_id_PVRIG_RFAb_v2_P6_ekg_L_bb203_mpn04_arm_P6_ekg_L_backbone_P6_ekg_L_bb203_status_NEEDS_RF2_AND_DOCKING	PVRIG_CAND_033	33	NODE1GEN_195165_source_fixed_pose_mpnn_source_id_P500K__FIXED_POSE_MPNN__499D245F888E5DC4	0.300000	0.250000	0.421053	0.421053	true
PVRIG_CAND_018	18	NODE1GEN_127352_source_rfantibody_source_id_PVRIG_RFAb_v2_P6_ekg_L_bb203_mpn04_arm_P6_ekg_L_backbone_P6_ekg_L_bb203_status_NEEDS_RF2_AND_DOCKING	PVRIG_CAND_034	34	NODE1GEN_235318_source_fixed_pose_mpnn_source_id_P500K__FIXED_POSE_MPNN__B52C2EC7CC64BFED	0.200000	0.125000	0.263158	0.263158	true
PVRIG_CAND_018	18	NODE1GEN_127352_source_rfantibody_source_id_PVRIG_RFAb_v2_P6_ekg_L_bb203_mpn04_arm_P6_ekg_L_backbone_P6_ekg_L_bb203_status_NEEDS_RF2_AND_DOCKING	PVRIG_CAND_035	35	NODE1GEN_076816_source_rfantibody_source_id_PVRIG_RFAb_v2_P4_ekg_L_bb155_mpn03_arm_P4_ekg_L_backbone_P4_ekg_L_bb155_status_NEEDS_RF2_AND_DOCKING	0.875000	0.875000	0.294118	0.875000	false
PVRIG_CAND_018	18	NODE1GEN_127352_source_rfantibody_source_id_PVRIG_RFAb_v2_P6_ekg_L_bb203_mpn04_arm_P6_ekg_L_backbone_P6_ekg_L_bb203_status_NEEDS_RF2_AND_DOCKING	PVRIG_CAND_036	36	NODE1GEN_136300_source_rfantibody_source_id_PVRIG_RFAb_v2_P6_qkg_L_bb255_mpn02_arm_P6_qkg_L_backbone_P6_qkg_L_bb255_status_NEEDS_RF2_AND_DOCKING	0.875000	0.750000	0.470588	0.875000	false
PVRIG_CAND_018	18	NODE1GEN_127352_source_rfantibody_source_id_PVRIG_RFAb_v2_P6_ekg_L_bb203_mpn04_arm_P6_ekg_L_backbone_P6_ekg_L_bb203_status_NEEDS_RF2_AND_DOCKING	PVRIG_CAND_037	37	NODE1GEN_095824_source_rfantibody_source_id_PVRIG_RFAb_v2_P4_qrg_L_bb358_mpn04_arm_P4_qrg_L_backbone_P4_qrg_L_bb358_status_NEEDS_RF2_AND_DOCKING	0.750000	0.750000	0.312500	0.750000	true
PVRIG_CAND_018	18	NODE1GEN_127352_source_rfantibody_source_id_PVRIG_RFAb_v2_P6_ekg_L_bb203_mpn04_arm_P6_ekg_L_backbone_P6_ekg_L_bb203_status_NEEDS_RF2_AND_DOCKING	PVRIG_CAND_038	38	NODE1GEN_017313_source_rfantibody_source_id_PVRIG_RFAb_v2_P1_qrg_L_bb054_mpn00_arm_P1_qrg_L_backbone_P1_qrg_L_bb054_status_NEEDS_RF2_AND_DOCKING	0.750000	0.750000	0.352941	0.750000	true
PVRIG_CAND_018	18	NODE1GEN_127352_source_rfantibody_source_id_PVRIG_RFAb_v2_P6_ekg_L_bb203_mpn04_arm_P6_ekg_L_backbone_P6_ekg_L_bb203_status_NEEDS_RF2_AND_DOCKING	PVRIG_CAND_039	39	NODE1GEN_109783_source_rfantibody_source_id_PVRIG_RFAb_v2_P5_qkg_L_bb121_mpn06_arm_P5_qkg_L_backbone_P5_qkg_L_bb121_status_NEEDS_RF2_AND_DOCKING	0.750000	0.750000	0.411765	0.750000	true
PVRIG_CAND_018	18	NODE1GEN_127352_source_rfantibody_source_id_PVRIG_RFAb_v2_P6_ekg_L_bb203_mpn04_arm_P6_ekg_L_backbone_P6_ekg_L_bb203_status_NEEDS_RF2_AND_DOCKING	PVRIG_CAND_040	40	NODE1GEN_100102_source_rfantibody_source_id_PVRIG_RFAb_v2_P5_ekg_L_bb007_mpn10_arm_P5_ekg_L_backbone_P5_ekg_L_bb007_status_NEEDS_RF2_AND_DOCKING	0.500000	0.500000	0.250000	0.500000	true
PVRIG_CAND_018	18	NODE1GEN_127352_source_rfantibody_source_id_PVRIG_RFAb_v2_P6_ekg_L_bb203_mpn04_arm_P6_ekg_L_backbone_P6_ekg_L_bb203_status_NEEDS_RF2_AND_DOCKING	PVRIG_CAND_041	41	NODE1GEN_109883_source_rfantibody_source_id_PVRIG_RFAb_v2_P5_qkg_L_bb130_mpn02_arm_P5_qkg_L_backbone_P5_qkg_L_bb130_status_NEEDS_RF2_AND_DOCKING	1.000000	1.000000	0.375000	1.000000	false
PVRIG_CAND_018	18	NODE1GEN_127352_source_rfantibody_source_id_PVRIG_RFAb_v2_P6_ekg_L_bb203_mpn04_arm_P6_ekg_L_backbone_P6_ekg_L_bb203_status_NEEDS_RF2_AND_DOCKING	PVRIG_CAND_042	42	P1MCPUFP__CPUFP500K_0030__00860	0.125000	0.625000	0.250000	0.625000	true
PVRIG_CAND_018	18	NODE1GEN_127352_source_rfantibody_source_id_PVRIG_RFAb_v2_P6_ekg_L_bb203_mpn04_arm_P6_ekg_L_backbone_P6_ekg_L_bb203_status_NEEDS_RF2_AND_DOCKING	PVRIG_CAND_043	43	P1MCPUFP__CPUFP500K_0029__00647	0.250000	0.750000	0.250000	0.750000	true
PVRIG_CAND_018	18	NODE1GEN_127352_source_rfantibody_source_id_PVRIG_RFAb_v2_P6_ekg_L_bb203_mpn04_arm_P6_ekg_L_backbone_P6_ekg_L_bb203_status_NEEDS_RF2_AND_DOCKING	PVRIG_CAND_044	44	P1MCPUFP__CPUFP500K_0090__00860	0.200000	0.250000	0.421053	0.421053	true
PVRIG_CAND_018	18	NODE1GEN_127352_source_rfantibody_source_id_PVRIG_RFAb_v2_P6_ekg_L_bb203_mpn04_arm_P6_ekg_L_backbone_P6_ekg_L_bb203_status_NEEDS_RF2_AND_DOCKING	PVRIG_CAND_045	45	P1MCPUFP__CPUFP500K_0289__00496	0.200000	0.625000	0.157895	0.625000	true
PVRIG_CAND_018	18	NODE1GEN_127352_source_rfantibody_source_id_PVRIG_RFAb_v2_P6_ekg_L_bb203_mpn04_arm_P6_ekg_L_backbone_P6_ekg_L_bb203_status_NEEDS_RF2_AND_DOCKING	PVRIG_CAND_046	46	P1MCPUFP__CPUFP500K_0091__00849	0.100000	0.375000	0.315789	0.375000	true
PVRIG_CAND_018	18	NODE1GEN_127352_source_rfantibody_source_id_PVRIG_RFAb_v2_P6_ekg_L_bb203_mpn04_arm_P6_ekg_L_backbone_P6_ekg_L_bb203_status_NEEDS_RF2_AND_DOCKING	PVRIG_CAND_047	47	P1MCPUFP__CPUFP500K_0388__00174	0.100000	0.500000	0.421053	0.500000	true
PVRIG_CAND_018	18	NODE1GEN_127352_source_rfantibody_source_id_PVRIG_RFAb_v2_P6_ekg_L_bb203_mpn04_arm_P6_ekg_L_backbone_P6_ekg_L_bb203_status_NEEDS_RF2_AND_DOCKING	PVRIG_CAND_048	48	P1MCPUFP__CPUFP500K_0487__00827	0.200000	0.625000	0.263158	0.625000	true
PVRIG_CAND_018	18	NODE1GEN_127352_source_rfantibody_source_id_PVRIG_RFAb_v2_P6_ekg_L_bb203_mpn04_arm_P6_ekg_L_backbone_P6_ekg_L_bb203_status_NEEDS_RF2_AND_DOCKING	PVRIG_CAND_049	49	P1MCPUFP__CPUFP500K_0188__00645	0.300000	0.250000	0.210526	0.300000	true
PVRIG_CAND_018	18	NODE1GEN_127352_source_rfantibody_source_id_PVRIG_RFAb_v2_P6_ekg_L_bb203_mpn04_arm_P6_ekg_L_backbone_P6_ekg_L_bb203_status_NEEDS_RF2_AND_DOCKING	PVRIG_CAND_050	50	NODE1GEN_128929_source_rfantibody_source_id_PVRIG_RFAb_v2_P6_ekg_L_bb339_mpn06_arm_P6_ekg_L_backbone_P6_ekg_L_bb339_status_NEEDS_RF2_AND_DOCKING	0.875000	0.625000	0.437500	0.875000	false
PVRIG_CAND_019	19	P1MCPUFP__CPUFP500K_0089__00735	PVRIG_CAND_020	20	NODE1GEN_258472_source_fixed_pose_mpnn_source_id_P500K__FIXED_POSE_MPNN__2E2B33208D567583	0.400000	0.125000	0.263158	0.400000	true
PVRIG_CAND_019	19	P1MCPUFP__CPUFP500K_0089__00735	PVRIG_CAND_021	21	P1MCPUFP__CPUFP500K_0299__00780	0.400000	0.428571	0.368421	0.428571	true
PVRIG_CAND_019	19	P1MCPUFP__CPUFP500K_0089__00735	PVRIG_CAND_022	22	P1MCPUFP__CPUFP500K_0189__00858	0.800000	0.571429	0.263158	0.800000	false
PVRIG_CAND_019	19	P1MCPUFP__CPUFP500K_0089__00735	PVRIG_CAND_023	23	NODE1GEN_174576_source_fixed_pose_mpnn_source_id_P500K__FIXED_POSE_MPNN__D5384A7F42146722	0.700000	0.428571	0.210526	0.700000	true
PVRIG_CAND_019	19	P1MCPUFP__CPUFP500K_0089__00735	PVRIG_CAND_024	24	NODE1GEN_002130_source_rfantibody_source_id_PVRIG_RFAb_v2_P1_ekg_L_bb177_mpn10_arm_P1_ekg_L_backbone_P1_ekg_L_bb177_status_NEEDS_RF2_AND_DOCKING	0.300000	0.250000	0.315789	0.315789	true
PVRIG_CAND_019	19	P1MCPUFP__CPUFP500K_0089__00735	PVRIG_CAND_025	25	P1MCPUFP__CPUFP500K_0380__00771	0.400000	0.571429	0.421053	0.571429	true
PVRIG_CAND_019	19	P1MCPUFP__CPUFP500K_0089__00735	PVRIG_CAND_026	26	NODE1GEN_217675_source_fixed_pose_mpnn_source_id_P500K__FIXED_POSE_MPNN__68DDB4A6D7CBCA89	0.400000	0.571429	0.368421	0.571429	true
PVRIG_CAND_019	19	P1MCPUFP__CPUFP500K_0089__00735	PVRIG_CAND_027	27	P1MCPUFP__CPUFP500K_0404__00029	0.400000	0.428571	0.263158	0.428571	true
PVRIG_CAND_019	19	P1MCPUFP__CPUFP500K_0089__00735	PVRIG_CAND_028	28	P1MCPUFP__CPUFP500K_0188__00549	0.700000	0.857143	0.789474	0.857143	false
PVRIG_CAND_019	19	P1MCPUFP__CPUFP500K_0089__00735	PVRIG_CAND_029	29	P1MCPUFP__CPUFP500K_0188__00481	0.600000	0.714286	0.631579	0.714286	true
PVRIG_CAND_019	19	P1MCPUFP__CPUFP500K_0089__00735	PVRIG_CAND_030	30	NODE1GEN_182669_source_fixed_pose_mpnn_source_id_P500K__FIXED_POSE_MPNN__D4BBD3AB583903E7	0.500000	0.285714	0.315789	0.500000	true
PVRIG_CAND_019	19	P1MCPUFP__CPUFP500K_0089__00735	PVRIG_CAND_031	31	NODE1GEN_128014_source_rfantibody_source_id_PVRIG_RFAb_v2_P6_ekg_L_bb258_mpn01_arm_P6_ekg_L_backbone_P6_ekg_L_bb258_status_NEEDS_RF2_AND_DOCKING	0.300000	0.250000	0.263158	0.300000	true
PVRIG_CAND_019	19	P1MCPUFP__CPUFP500K_0089__00735	PVRIG_CAND_032	32	NODE1GEN_218195_source_fixed_pose_mpnn_source_id_P500K__FIXED_POSE_MPNN__A6B62FDDBC1A99BE	0.200000	0.428571	0.263158	0.428571	true
PVRIG_CAND_019	19	P1MCPUFP__CPUFP500K_0089__00735	PVRIG_CAND_033	33	NODE1GEN_195165_source_fixed_pose_mpnn_source_id_P500K__FIXED_POSE_MPNN__499D245F888E5DC4	0.900000	0.571429	0.368421	0.900000	false
PVRIG_CAND_019	19	P1MCPUFP__CPUFP500K_0089__00735	PVRIG_CAND_034	34	NODE1GEN_235318_source_fixed_pose_mpnn_source_id_P500K__FIXED_POSE_MPNN__B52C2EC7CC64BFED	0.500000	0.428571	0.368421	0.500000	true
PVRIG_CAND_019	19	P1MCPUFP__CPUFP500K_0089__00735	PVRIG_CAND_035	35	NODE1GEN_076816_source_rfantibody_source_id_PVRIG_RFAb_v2_P4_ekg_L_bb155_mpn03_arm_P4_ekg_L_backbone_P4_ekg_L_bb155_status_NEEDS_RF2_AND_DOCKING	0.300000	0.250000	0.315789	0.315789	true
PVRIG_CAND_019	19	P1MCPUFP__CPUFP500K_0089__00735	PVRIG_CAND_036	36	NODE1GEN_136300_source_rfantibody_source_id_PVRIG_RFAb_v2_P6_qkg_L_bb255_mpn02_arm_P6_qkg_L_backbone_P6_qkg_L_bb255_status_NEEDS_RF2_AND_DOCKING	0.300000	0.250000	0.368421	0.368421	true
PVRIG_CAND_019	19	P1MCPUFP__CPUFP500K_0089__00735	PVRIG_CAND_037	37	NODE1GEN_095824_source_rfantibody_source_id_PVRIG_RFAb_v2_P4_qrg_L_bb358_mpn04_arm_P4_qrg_L_backbone_P4_qrg_L_bb358_status_NEEDS_RF2_AND_DOCKING	0.300000	0.250000	0.368421	0.368421	true
PVRIG_CAND_019	19	P1MCPUFP__CPUFP500K_0089__00735	PVRIG_CAND_038	38	NODE1GEN_017313_source_rfantibody_source_id_PVRIG_RFAb_v2_P1_qrg_L_bb054_mpn00_arm_P1_qrg_L_backbone_P1_qrg_L_bb054_status_NEEDS_RF2_AND_DOCKING	0.300000	0.250000	0.368421	0.368421	true
PVRIG_CAND_019	19	P1MCPUFP__CPUFP500K_0089__00735	PVRIG_CAND_039	39	NODE1GEN_109783_source_rfantibody_source_id_PVRIG_RFAb_v2_P5_qkg_L_bb121_mpn06_arm_P5_qkg_L_backbone_P5_qkg_L_bb121_status_NEEDS_RF2_AND_DOCKING	0.300000	0.250000	0.263158	0.300000	true
PVRIG_CAND_019	19	P1MCPUFP__CPUFP500K_0089__00735	PVRIG_CAND_040	40	NODE1GEN_100102_source_rfantibody_source_id_PVRIG_RFAb_v2_P5_ekg_L_bb007_mpn10_arm_P5_ekg_L_backbone_P5_ekg_L_bb007_status_NEEDS_RF2_AND_DOCKING	0.200000	0.375000	0.210526	0.375000	true
PVRIG_CAND_019	19	P1MCPUFP__CPUFP500K_0089__00735	PVRIG_CAND_041	41	NODE1GEN_109883_source_rfantibody_source_id_PVRIG_RFAb_v2_P5_qkg_L_bb130_mpn02_arm_P5_qkg_L_backbone_P5_qkg_L_bb130_status_NEEDS_RF2_AND_DOCKING	0.300000	0.250000	0.263158	0.300000	true
PVRIG_CAND_019	19	P1MCPUFP__CPUFP500K_0089__00735	PVRIG_CAND_042	42	P1MCPUFP__CPUFP500K_0030__00860	0.500000	0.375000	0.368421	0.500000	true
PVRIG_CAND_019	19	P1MCPUFP__CPUFP500K_0089__00735	PVRIG_CAND_043	43	P1MCPUFP__CPUFP500K_0029__00647	0.300000	0.375000	0.318182	0.375000	true
PVRIG_CAND_019	19	P1MCPUFP__CPUFP500K_0089__00735	PVRIG_CAND_044	44	P1MCPUFP__CPUFP500K_0090__00860	0.800000	0.714286	0.315789	0.800000	false
PVRIG_CAND_019	19	P1MCPUFP__CPUFP500K_0089__00735	PVRIG_CAND_045	45	P1MCPUFP__CPUFP500K_0289__00496	0.300000	0.428571	0.263158	0.428571	true
PVRIG_CAND_019	19	P1MCPUFP__CPUFP500K_0089__00735	PVRIG_CAND_046	46	P1MCPUFP__CPUFP500K_0091__00849	0.363636	0.428571	0.315789	0.428571	true
PVRIG_CAND_019	19	P1MCPUFP__CPUFP500K_0089__00735	PVRIG_CAND_047	47	P1MCPUFP__CPUFP500K_0388__00174	0.454545	0.428571	0.421053	0.454545	true
PVRIG_CAND_019	19	P1MCPUFP__CPUFP500K_0089__00735	PVRIG_CAND_048	48	P1MCPUFP__CPUFP500K_0487__00827	0.300000	0.285714	0.368421	0.368421	true
PVRIG_CAND_019	19	P1MCPUFP__CPUFP500K_0089__00735	PVRIG_CAND_049	49	P1MCPUFP__CPUFP500K_0188__00645	0.800000	0.714286	0.736842	0.800000	false
PVRIG_CAND_019	19	P1MCPUFP__CPUFP500K_0089__00735	PVRIG_CAND_050	50	NODE1GEN_128929_source_rfantibody_source_id_PVRIG_RFAb_v2_P6_ekg_L_bb339_mpn06_arm_P6_ekg_L_backbone_P6_ekg_L_bb339_status_NEEDS_RF2_AND_DOCKING	0.300000	0.250000	0.315789	0.315789	true
PVRIG_CAND_020	20	NODE1GEN_258472_source_fixed_pose_mpnn_source_id_P500K__FIXED_POSE_MPNN__2E2B33208D567583	PVRIG_CAND_021	21	P1MCPUFP__CPUFP500K_0299__00780	0.300000	0.000000	0.157895	0.300000	true
PVRIG_CAND_020	20	NODE1GEN_258472_source_fixed_pose_mpnn_source_id_P500K__FIXED_POSE_MPNN__2E2B33208D567583	PVRIG_CAND_022	22	P1MCPUFP__CPUFP500K_0189__00858	0.400000	0.250000	0.263158	0.400000	true
PVRIG_CAND_020	20	NODE1GEN_258472_source_fixed_pose_mpnn_source_id_P500K__FIXED_POSE_MPNN__2E2B33208D567583	PVRIG_CAND_023	23	NODE1GEN_174576_source_fixed_pose_mpnn_source_id_P500K__FIXED_POSE_MPNN__D5384A7F42146722	0.400000	0.250000	0.263158	0.400000	true
PVRIG_CAND_020	20	NODE1GEN_258472_source_fixed_pose_mpnn_source_id_P500K__FIXED_POSE_MPNN__2E2B33208D567583	PVRIG_CAND_024	24	NODE1GEN_002130_source_rfantibody_source_id_PVRIG_RFAb_v2_P1_ekg_L_bb177_mpn10_arm_P1_ekg_L_backbone_P1_ekg_L_bb177_status_NEEDS_RF2_AND_DOCKING	0.125000	0.375000	0.375000	0.375000	true
PVRIG_CAND_020	20	NODE1GEN_258472_source_fixed_pose_mpnn_source_id_P500K__FIXED_POSE_MPNN__2E2B33208D567583	PVRIG_CAND_025	25	P1MCPUFP__CPUFP500K_0380__00771	0.300000	0.250000	0.263158	0.300000	true
PVRIG_CAND_020	20	NODE1GEN_258472_source_fixed_pose_mpnn_source_id_P500K__FIXED_POSE_MPNN__2E2B33208D567583	PVRIG_CAND_026	26	NODE1GEN_217675_source_fixed_pose_mpnn_source_id_P500K__FIXED_POSE_MPNN__68DDB4A6D7CBCA89	0.200000	0.125000	0.157895	0.200000	true
PVRIG_CAND_020	20	NODE1GEN_258472_source_fixed_pose_mpnn_source_id_P500K__FIXED_POSE_MPNN__2E2B33208D567583	PVRIG_CAND_027	27	P1MCPUFP__CPUFP500K_0404__00029	0.400000	0.000000	0.210526	0.400000	true
PVRIG_CAND_020	20	NODE1GEN_258472_source_fixed_pose_mpnn_source_id_P500K__FIXED_POSE_MPNN__2E2B33208D567583	PVRIG_CAND_028	28	P1MCPUFP__CPUFP500K_0188__00549	0.400000	0.125000	0.263158	0.400000	true
PVRIG_CAND_020	20	NODE1GEN_258472_source_fixed_pose_mpnn_source_id_P500K__FIXED_POSE_MPNN__2E2B33208D567583	PVRIG_CAND_029	29	P1MCPUFP__CPUFP500K_0188__00481	0.300000	0.250000	0.105263	0.300000	true
PVRIG_CAND_020	20	NODE1GEN_258472_source_fixed_pose_mpnn_source_id_P500K__FIXED_POSE_MPNN__2E2B33208D567583	PVRIG_CAND_030	30	NODE1GEN_182669_source_fixed_pose_mpnn_source_id_P500K__FIXED_POSE_MPNN__D4BBD3AB583903E7	0.400000	0.125000	0.263158	0.400000	true
PVRIG_CAND_020	20	NODE1GEN_258472_source_fixed_pose_mpnn_source_id_P500K__FIXED_POSE_MPNN__2E2B33208D567583	PVRIG_CAND_031	31	NODE1GEN_128014_source_rfantibody_source_id_PVRIG_RFAb_v2_P6_ekg_L_bb258_mpn01_arm_P6_ekg_L_backbone_P6_ekg_L_bb258_status_NEEDS_RF2_AND_DOCKING	0.125000	0.250000	0.235294	0.250000	true
PVRIG_CAND_020	20	NODE1GEN_258472_source_fixed_pose_mpnn_source_id_P500K__FIXED_POSE_MPNN__2E2B33208D567583	PVRIG_CAND_032	32	NODE1GEN_218195_source_fixed_pose_mpnn_source_id_P500K__FIXED_POSE_MPNN__A6B62FDDBC1A99BE	0.300000	0.250000	0.368421	0.368421	true
PVRIG_CAND_020	20	NODE1GEN_258472_source_fixed_pose_mpnn_source_id_P500K__FIXED_POSE_MPNN__2E2B33208D567583	PVRIG_CAND_033	33	NODE1GEN_195165_source_fixed_pose_mpnn_source_id_P500K__FIXED_POSE_MPNN__499D245F888E5DC4	0.300000	0.250000	0.263158	0.300000	true
PVRIG_CAND_020	20	NODE1GEN_258472_source_fixed_pose_mpnn_source_id_P500K__FIXED_POSE_MPNN__2E2B33208D567583	PVRIG_CAND_034	34	NODE1GEN_235318_source_fixed_pose_mpnn_source_id_P500K__FIXED_POSE_MPNN__B52C2EC7CC64BFED	0.400000	0.250000	0.315789	0.400000	true
PVRIG_CAND_020	20	NODE1GEN_258472_source_fixed_pose_mpnn_source_id_P500K__FIXED_POSE_MPNN__2E2B33208D567583	PVRIG_CAND_035	35	NODE1GEN_076816_source_rfantibody_source_id_PVRIG_RFAb_v2_P4_ekg_L_bb155_mpn03_arm_P4_ekg_L_backbone_P4_ekg_L_bb155_status_NEEDS_RF2_AND_DOCKING	0.125000	0.500000	0.388889	0.500000	true
PVRIG_CAND_020	20	NODE1GEN_258472_source_fixed_pose_mpnn_source_id_P500K__FIXED_POSE_MPNN__2E2B33208D567583	PVRIG_CAND_036	36	NODE1GEN_136300_source_rfantibody_source_id_PVRIG_RFAb_v2_P6_qkg_L_bb255_mpn02_arm_P6_qkg_L_backbone_P6_qkg_L_bb255_status_NEEDS_RF2_AND_DOCKING	0.125000	0.375000	0.352941	0.375000	true
PVRIG_CAND_020	20	NODE1GEN_258472_source_fixed_pose_mpnn_source_id_P500K__FIXED_POSE_MPNN__2E2B33208D567583	PVRIG_CAND_037	37	NODE1GEN_095824_source_rfantibody_source_id_PVRIG_RFAb_v2_P4_qrg_L_bb358_mpn04_arm_P4_qrg_L_backbone_P4_qrg_L_bb358_status_NEEDS_RF2_AND_DOCKING	0.125000	0.500000	0.312500	0.500000	true
PVRIG_CAND_020	20	NODE1GEN_258472_source_fixed_pose_mpnn_source_id_P500K__FIXED_POSE_MPNN__2E2B33208D567583	PVRIG_CAND_038	38	NODE1GEN_017313_source_rfantibody_source_id_PVRIG_RFAb_v2_P1_qrg_L_bb054_mpn00_arm_P1_qrg_L_backbone_P1_qrg_L_bb054_status_NEEDS_RF2_AND_DOCKING	0.125000	0.500000	0.235294	0.500000	true
PVRIG_CAND_020	20	NODE1GEN_258472_source_fixed_pose_mpnn_source_id_P500K__FIXED_POSE_MPNN__2E2B33208D567583	PVRIG_CAND_039	39	NODE1GEN_109783_source_rfantibody_source_id_PVRIG_RFAb_v2_P5_qkg_L_bb121_mpn06_arm_P5_qkg_L_backbone_P5_qkg_L_bb121_status_NEEDS_RF2_AND_DOCKING	0.125000	0.375000	0.235294	0.375000	true
PVRIG_CAND_020	20	NODE1GEN_258472_source_fixed_pose_mpnn_source_id_P500K__FIXED_POSE_MPNN__2E2B33208D567583	PVRIG_CAND_040	40	NODE1GEN_100102_source_rfantibody_source_id_PVRIG_RFAb_v2_P5_ekg_L_bb007_mpn10_arm_P5_ekg_L_backbone_P5_ekg_L_bb007_status_NEEDS_RF2_AND_DOCKING	0.125000	0.125000	0.250000	0.250000	true
PVRIG_CAND_020	20	NODE1GEN_258472_source_fixed_pose_mpnn_source_id_P500K__FIXED_POSE_MPNN__2E2B33208D567583	PVRIG_CAND_041	41	NODE1GEN_109883_source_rfantibody_source_id_PVRIG_RFAb_v2_P5_qkg_L_bb130_mpn02_arm_P5_qkg_L_backbone_P5_qkg_L_bb130_status_NEEDS_RF2_AND_DOCKING	0.125000	0.375000	0.187500	0.375000	true
PVRIG_CAND_020	20	NODE1GEN_258472_source_fixed_pose_mpnn_source_id_P500K__FIXED_POSE_MPNN__2E2B33208D567583	PVRIG_CAND_042	42	P1MCPUFP__CPUFP500K_0030__00860	0.750000	0.625000	0.312500	0.750000	true
PVRIG_CAND_020	20	NODE1GEN_258472_source_fixed_pose_mpnn_source_id_P500K__FIXED_POSE_MPNN__2E2B33208D567583	PVRIG_CAND_043	43	P1MCPUFP__CPUFP500K_0029__00647	0.625000	0.500000	0.375000	0.625000	true
PVRIG_CAND_020	20	NODE1GEN_258472_source_fixed_pose_mpnn_source_id_P500K__FIXED_POSE_MPNN__2E2B33208D567583	PVRIG_CAND_044	44	P1MCPUFP__CPUFP500K_0090__00860	0.400000	0.125000	0.263158	0.400000	true
PVRIG_CAND_020	20	NODE1GEN_258472_source_fixed_pose_mpnn_source_id_P500K__FIXED_POSE_MPNN__2E2B33208D567583	PVRIG_CAND_045	45	P1MCPUFP__CPUFP500K_0289__00496	0.200000	0.250000	0.315789	0.315789	true
PVRIG_CAND_020	20	NODE1GEN_258472_source_fixed_pose_mpnn_source_id_P500K__FIXED_POSE_MPNN__2E2B33208D567583	PVRIG_CAND_046	46	P1MCPUFP__CPUFP500K_0091__00849	0.300000	0.125000	0.315789	0.315789	true
PVRIG_CAND_020	20	NODE1GEN_258472_source_fixed_pose_mpnn_source_id_P500K__FIXED_POSE_MPNN__2E2B33208D567583	PVRIG_CAND_047	47	P1MCPUFP__CPUFP500K_0388__00174	0.200000	0.375000	0.315789	0.375000	true
PVRIG_CAND_020	20	NODE1GEN_258472_source_fixed_pose_mpnn_source_id_P500K__FIXED_POSE_MPNN__2E2B33208D567583	PVRIG_CAND_048	48	P1MCPUFP__CPUFP500K_0487__00827	0.300000	0.250000	0.315789	0.315789	true
PVRIG_CAND_020	20	NODE1GEN_258472_source_fixed_pose_mpnn_source_id_P500K__FIXED_POSE_MPNN__2E2B33208D567583	PVRIG_CAND_049	49	P1MCPUFP__CPUFP500K_0188__00645	0.200000	0.250000	0.210526	0.250000	true
PVRIG_CAND_020	20	NODE1GEN_258472_source_fixed_pose_mpnn_source_id_P500K__FIXED_POSE_MPNN__2E2B33208D567583	PVRIG_CAND_050	50	NODE1GEN_128929_source_rfantibody_source_id_PVRIG_RFAb_v2_P6_ekg_L_bb339_mpn06_arm_P6_ekg_L_backbone_P6_ekg_L_bb339_status_NEEDS_RF2_AND_DOCKING	0.125000	0.375000	0.250000	0.375000	true
PVRIG_CAND_021	21	P1MCPUFP__CPUFP500K_0299__00780	PVRIG_CAND_022	22	P1MCPUFP__CPUFP500K_0189__00858	0.300000	0.285714	0.368421	0.368421	true
PVRIG_CAND_021	21	P1MCPUFP__CPUFP500K_0299__00780	PVRIG_CAND_023	23	NODE1GEN_174576_source_fixed_pose_mpnn_source_id_P500K__FIXED_POSE_MPNN__D5384A7F42146722	0.300000	0.285714	0.315789	0.315789	true
PVRIG_CAND_021	21	P1MCPUFP__CPUFP500K_0299__00780	PVRIG_CAND_024	24	NODE1GEN_002130_source_rfantibody_source_id_PVRIG_RFAb_v2_P1_ekg_L_bb177_mpn10_arm_P1_ekg_L_backbone_P1_ekg_L_bb177_status_NEEDS_RF2_AND_DOCKING	0.200000	0.375000	0.210526	0.375000	true
PVRIG_CAND_021	21	P1MCPUFP__CPUFP500K_0299__00780	PVRIG_CAND_025	25	P1MCPUFP__CPUFP500K_0380__00771	0.400000	0.714286	0.421053	0.714286	true
PVRIG_CAND_021	21	P1MCPUFP__CPUFP500K_0299__00780	PVRIG_CAND_026	26	NODE1GEN_217675_source_fixed_pose_mpnn_source_id_P500K__FIXED_POSE_MPNN__68DDB4A6D7CBCA89	0.300000	0.714286	0.578947	0.714286	true
PVRIG_CAND_021	21	P1MCPUFP__CPUFP500K_0299__00780	PVRIG_CAND_027	27	P1MCPUFP__CPUFP500K_0404__00029	0.500000	0.428571	0.421053	0.500000	true
PVRIG_CAND_021	21	P1MCPUFP__CPUFP500K_0299__00780	PVRIG_CAND_028	28	P1MCPUFP__CPUFP500K_0188__00549	0.300000	0.571429	0.263158	0.571429	true
PVRIG_CAND_021	21	P1MCPUFP__CPUFP500K_0299__00780	PVRIG_CAND_029	29	P1MCPUFP__CPUFP500K_0188__00481	0.300000	0.428571	0.368421	0.428571	true
PVRIG_CAND_021	21	P1MCPUFP__CPUFP500K_0299__00780	PVRIG_CAND_030	30	NODE1GEN_182669_source_fixed_pose_mpnn_source_id_P500K__FIXED_POSE_MPNN__D4BBD3AB583903E7	0.600000	0.285714	0.473684	0.600000	true
PVRIG_CAND_021	21	P1MCPUFP__CPUFP500K_0299__00780	PVRIG_CAND_031	31	NODE1GEN_128014_source_rfantibody_source_id_PVRIG_RFAb_v2_P6_ekg_L_bb258_mpn01_arm_P6_ekg_L_backbone_P6_ekg_L_bb258_status_NEEDS_RF2_AND_DOCKING	0.200000	0.250000	0.368421	0.368421	true
PVRIG_CAND_021	21	P1MCPUFP__CPUFP500K_0299__00780	PVRIG_CAND_032	32	NODE1GEN_218195_source_fixed_pose_mpnn_source_id_P500K__FIXED_POSE_MPNN__A6B62FDDBC1A99BE	0.400000	0.285714	0.315789	0.400000	true
PVRIG_CAND_021	21	P1MCPUFP__CPUFP500K_0299__00780	PVRIG_CAND_033	33	NODE1GEN_195165_source_fixed_pose_mpnn_source_id_P500K__FIXED_POSE_MPNN__499D245F888E5DC4	0.300000	0.142857	0.421053	0.421053	true
PVRIG_CAND_021	21	P1MCPUFP__CPUFP500K_0299__00780	PVRIG_CAND_034	34	NODE1GEN_235318_source_fixed_pose_mpnn_source_id_P500K__FIXED_POSE_MPNN__B52C2EC7CC64BFED	0.400000	0.428571	0.421053	0.428571	true
PVRIG_CAND_021	21	P1MCPUFP__CPUFP500K_0299__00780	PVRIG_CAND_035	35	NODE1GEN_076816_source_rfantibody_source_id_PVRIG_RFAb_v2_P4_ekg_L_bb155_mpn03_arm_P4_ekg_L_backbone_P4_ekg_L_bb155_status_NEEDS_RF2_AND_DOCKING	0.200000	0.375000	0.263158	0.375000	true
PVRIG_CAND_021	21	P1MCPUFP__CPUFP500K_0299__00780	PVRIG_CAND_036	36	NODE1GEN_136300_source_rfantibody_source_id_PVRIG_RFAb_v2_P6_qkg_L_bb255_mpn02_arm_P6_qkg_L_backbone_P6_qkg_L_bb255_status_NEEDS_RF2_AND_DOCKING	0.200000	0.250000	0.368421	0.368421	true
PVRIG_CAND_021	21	P1MCPUFP__CPUFP500K_0299__00780	PVRIG_CAND_037	37	NODE1GEN_095824_source_rfantibody_source_id_PVRIG_RFAb_v2_P4_qrg_L_bb358_mpn04_arm_P4_qrg_L_backbone_P4_qrg_L_bb358_status_NEEDS_RF2_AND_DOCKING	0.300000	0.250000	0.315789	0.315789	true
PVRIG_CAND_021	21	P1MCPUFP__CPUFP500K_0299__00780	PVRIG_CAND_038	38	NODE1GEN_017313_source_rfantibody_source_id_PVRIG_RFAb_v2_P1_qrg_L_bb054_mpn00_arm_P1_qrg_L_backbone_P1_qrg_L_bb054_status_NEEDS_RF2_AND_DOCKING	0.200000	0.250000	0.368421	0.368421	true
PVRIG_CAND_021	21	P1MCPUFP__CPUFP500K_0299__00780	PVRIG_CAND_039	39	NODE1GEN_109783_source_rfantibody_source_id_PVRIG_RFAb_v2_P5_qkg_L_bb121_mpn06_arm_P5_qkg_L_backbone_P5_qkg_L_bb121_status_NEEDS_RF2_AND_DOCKING	0.200000	0.125000	0.315789	0.315789	true
PVRIG_CAND_021	21	P1MCPUFP__CPUFP500K_0299__00780	PVRIG_CAND_040	40	NODE1GEN_100102_source_rfantibody_source_id_PVRIG_RFAb_v2_P5_ekg_L_bb007_mpn10_arm_P5_ekg_L_backbone_P5_ekg_L_bb007_status_NEEDS_RF2_AND_DOCKING	0.400000	0.375000	0.315789	0.400000	true
PVRIG_CAND_021	21	P1MCPUFP__CPUFP500K_0299__00780	PVRIG_CAND_041	41	NODE1GEN_109883_source_rfantibody_source_id_PVRIG_RFAb_v2_P5_qkg_L_bb130_mpn02_arm_P5_qkg_L_backbone_P5_qkg_L_bb130_status_NEEDS_RF2_AND_DOCKING	0.200000	0.375000	0.368421	0.375000	true
PVRIG_CAND_021	21	P1MCPUFP__CPUFP500K_0299__00780	PVRIG_CAND_042	42	P1MCPUFP__CPUFP500K_0030__00860	0.300000	0.250000	0.263158	0.300000	true
PVRIG_CAND_021	21	P1MCPUFP__CPUFP500K_0299__00780	PVRIG_CAND_043	43	P1MCPUFP__CPUFP500K_0029__00647	0.200000	0.250000	0.157895	0.250000	true
PVRIG_CAND_021	21	P1MCPUFP__CPUFP500K_0299__00780	PVRIG_CAND_044	44	P1MCPUFP__CPUFP500K_0090__00860	0.300000	0.285714	0.421053	0.421053	true
PVRIG_CAND_021	21	P1MCPUFP__CPUFP500K_0299__00780	PVRIG_CAND_045	45	P1MCPUFP__CPUFP500K_0289__00496	0.200000	0.571429	0.263158	0.571429	true
PVRIG_CAND_021	21	P1MCPUFP__CPUFP500K_0299__00780	PVRIG_CAND_046	46	P1MCPUFP__CPUFP500K_0091__00849	0.200000	0.714286	0.315789	0.714286	true
PVRIG_CAND_021	21	P1MCPUFP__CPUFP500K_0299__00780	PVRIG_CAND_047	47	P1MCPUFP__CPUFP500K_0388__00174	0.200000	0.428571	0.421053	0.428571	true
PVRIG_CAND_021	21	P1MCPUFP__CPUFP500K_0299__00780	PVRIG_CAND_048	48	P1MCPUFP__CPUFP500K_0487__00827	0.100000	0.428571	0.368421	0.428571	true
PVRIG_CAND_021	21	P1MCPUFP__CPUFP500K_0299__00780	PVRIG_CAND_049	49	P1MCPUFP__CPUFP500K_0188__00645	0.300000	0.428571	0.315789	0.428571	true
PVRIG_CAND_021	21	P1MCPUFP__CPUFP500K_0299__00780	PVRIG_CAND_050	50	NODE1GEN_128929_source_rfantibody_source_id_PVRIG_RFAb_v2_P6_ekg_L_bb339_mpn06_arm_P6_ekg_L_backbone_P6_ekg_L_bb339_status_NEEDS_RF2_AND_DOCKING	0.200000	0.125000	0.263158	0.263158	true
PVRIG_CAND_022	22	P1MCPUFP__CPUFP500K_0189__00858	PVRIG_CAND_023	23	NODE1GEN_174576_source_fixed_pose_mpnn_source_id_P500K__FIXED_POSE_MPNN__D5384A7F42146722	0.900000	0.571429	0.684211	0.900000	false
PVRIG_CAND_022	22	P1MCPUFP__CPUFP500K_0189__00858	PVRIG_CAND_024	24	NODE1GEN_002130_source_rfantibody_source_id_PVRIG_RFAb_v2_P1_ekg_L_bb177_mpn10_arm_P1_ekg_L_backbone_P1_ekg_L_bb177_status_NEEDS_RF2_AND_DOCKING	0.200000	0.250000	0.315789	0.315789	true
PVRIG_CAND_022	22	P1MCPUFP__CPUFP500K_0189__00858	PVRIG_CAND_025	25	P1MCPUFP__CPUFP500K_0380__00771	0.500000	0.428571	0.473684	0.500000	true
PVRIG_CAND_022	22	P1MCPUFP__CPUFP500K_0189__00858	PVRIG_CAND_026	26	NODE1GEN_217675_source_fixed_pose_mpnn_source_id_P500K__FIXED_POSE_MPNN__68DDB4A6D7CBCA89	0.300000	0.285714	0.421053	0.421053	true
PVRIG_CAND_022	22	P1MCPUFP__CPUFP500K_0189__00858	PVRIG_CAND_027	27	P1MCPUFP__CPUFP500K_0404__00029	0.500000	0.285714	0.315789	0.500000	true
PVRIG_CAND_022	22	P1MCPUFP__CPUFP500K_0189__00858	PVRIG_CAND_028	28	P1MCPUFP__CPUFP500K_0188__00549	0.700000	0.571429	0.210526	0.700000	true
PVRIG_CAND_022	22	P1MCPUFP__CPUFP500K_0189__00858	PVRIG_CAND_029	29	P1MCPUFP__CPUFP500K_0188__00481	0.600000	0.571429	0.263158	0.600000	true
PVRIG_CAND_022	22	P1MCPUFP__CPUFP500K_0189__00858	PVRIG_CAND_030	30	NODE1GEN_182669_source_fixed_pose_mpnn_source_id_P500K__FIXED_POSE_MPNN__D4BBD3AB583903E7	0.400000	0.285714	0.578947	0.578947	true
PVRIG_CAND_022	22	P1MCPUFP__CPUFP500K_0189__00858	PVRIG_CAND_031	31	NODE1GEN_128014_source_rfantibody_source_id_PVRIG_RFAb_v2_P6_ekg_L_bb258_mpn01_arm_P6_ekg_L_backbone_P6_ekg_L_bb258_status_NEEDS_RF2_AND_DOCKING	0.200000	0.375000	0.315789	0.375000	true
PVRIG_CAND_022	22	P1MCPUFP__CPUFP500K_0189__00858	PVRIG_CAND_032	32	NODE1GEN_218195_source_fixed_pose_mpnn_source_id_P500K__FIXED_POSE_MPNN__A6B62FDDBC1A99BE	0.200000	0.428571	0.368421	0.428571	true
PVRIG_CAND_022	22	P1MCPUFP__CPUFP500K_0189__00858	PVRIG_CAND_033	33	NODE1GEN_195165_source_fixed_pose_mpnn_source_id_P500K__FIXED_POSE_MPNN__499D245F888E5DC4	0.900000	0.428571	0.684211	0.900000	false
PVRIG_CAND_022	22	P1MCPUFP__CPUFP500K_0189__00858	PVRIG_CAND_034	34	NODE1GEN_235318_source_fixed_pose_mpnn_source_id_P500K__FIXED_POSE_MPNN__B52C2EC7CC64BFED	0.500000	0.428571	0.526316	0.526316	true
PVRIG_CAND_022	22	P1MCPUFP__CPUFP500K_0189__00858	PVRIG_CAND_035	35	NODE1GEN_076816_source_rfantibody_source_id_PVRIG_RFAb_v2_P4_ekg_L_bb155_mpn03_arm_P4_ekg_L_backbone_P4_ekg_L_bb155_status_NEEDS_RF2_AND_DOCKING	0.200000	0.250000	0.315789	0.315789	true
PVRIG_CAND_022	22	P1MCPUFP__CPUFP500K_0189__00858	PVRIG_CAND_036	36	NODE1GEN_136300_source_rfantibody_source_id_PVRIG_RFAb_v2_P6_qkg_L_bb255_mpn02_arm_P6_qkg_L_backbone_P6_qkg_L_bb255_status_NEEDS_RF2_AND_DOCKING	0.200000	0.250000	0.421053	0.421053	true
PVRIG_CAND_022	22	P1MCPUFP__CPUFP500K_0189__00858	PVRIG_CAND_037	37	NODE1GEN_095824_source_rfantibody_source_id_PVRIG_RFAb_v2_P4_qrg_L_bb358_mpn04_arm_P4_qrg_L_backbone_P4_qrg_L_bb358_status_NEEDS_RF2_AND_DOCKING	0.200000	0.375000	0.315789	0.375000	true
PVRIG_CAND_022	22	P1MCPUFP__CPUFP500K_0189__00858	PVRIG_CAND_038	38	NODE1GEN_017313_source_rfantibody_source_id_PVRIG_RFAb_v2_P1_qrg_L_bb054_mpn00_arm_P1_qrg_L_backbone_P1_qrg_L_bb054_status_NEEDS_RF2_AND_DOCKING	0.200000	0.250000	0.473684	0.473684	true
PVRIG_CAND_022	22	P1MCPUFP__CPUFP500K_0189__00858	PVRIG_CAND_039	39	NODE1GEN_109783_source_rfantibody_source_id_PVRIG_RFAb_v2_P5_qkg_L_bb121_mpn06_arm_P5_qkg_L_backbone_P5_qkg_L_bb121_status_NEEDS_RF2_AND_DOCKING	0.200000	0.375000	0.526316	0.526316	true
PVRIG_CAND_022	22	P1MCPUFP__CPUFP500K_0189__00858	PVRIG_CAND_040	40	NODE1GEN_100102_source_rfantibody_source_id_PVRIG_RFAb_v2_P5_ekg_L_bb007_mpn10_arm_P5_ekg_L_backbone_P5_ekg_L_bb007_status_NEEDS_RF2_AND_DOCKING	0.200000	0.250000	0.368421	0.368421	true
PVRIG_CAND_022	22	P1MCPUFP__CPUFP500K_0189__00858	PVRIG_CAND_041	41	NODE1GEN_109883_source_rfantibody_source_id_PVRIG_RFAb_v2_P5_qkg_L_bb130_mpn02_arm_P5_qkg_L_backbone_P5_qkg_L_bb130_status_NEEDS_RF2_AND_DOCKING	0.200000	0.250000	0.421053	0.421053	true
PVRIG_CAND_022	22	P1MCPUFP__CPUFP500K_0189__00858	PVRIG_CAND_042	42	P1MCPUFP__CPUFP500K_0030__00860	0.600000	0.250000	0.368421	0.600000	true
PVRIG_CAND_022	22	P1MCPUFP__CPUFP500K_0189__00858	PVRIG_CAND_043	43	P1MCPUFP__CPUFP500K_0029__00647	0.300000	0.250000	0.315789	0.315789	true
PVRIG_CAND_022	22	P1MCPUFP__CPUFP500K_0189__00858	PVRIG_CAND_044	44	P1MCPUFP__CPUFP500K_0090__00860	1.000000	0.857143	0.631579	1.000000	false
PVRIG_CAND_022	22	P1MCPUFP__CPUFP500K_0189__00858	PVRIG_CAND_045	45	P1MCPUFP__CPUFP500K_0289__00496	0.200000	0.428571	0.210526	0.428571	true
PVRIG_CAND_022	22	P1MCPUFP__CPUFP500K_0189__00858	PVRIG_CAND_046	46	P1MCPUFP__CPUFP500K_0091__00849	0.200000	0.285714	0.315789	0.315789	true
PVRIG_CAND_022	22	P1MCPUFP__CPUFP500K_0189__00858	PVRIG_CAND_047	47	P1MCPUFP__CPUFP500K_0388__00174	0.200000	0.428571	0.315789	0.428571	true
PVRIG_CAND_022	22	P1MCPUFP__CPUFP500K_0189__00858	PVRIG_CAND_048	48	P1MCPUFP__CPUFP500K_0487__00827	0.200000	0.285714	0.315789	0.315789	true
PVRIG_CAND_022	22	P1MCPUFP__CPUFP500K_0189__00858	PVRIG_CAND_049	49	P1MCPUFP__CPUFP500K_0188__00645	0.700000	0.571429	0.263158	0.700000	true
PVRIG_CAND_022	22	P1MCPUFP__CPUFP500K_0189__00858	PVRIG_CAND_050	50	NODE1GEN_128929_source_rfantibody_source_id_PVRIG_RFAb_v2_P6_ekg_L_bb339_mpn06_arm_P6_ekg_L_backbone_P6_ekg_L_bb339_status_NEEDS_RF2_AND_DOCKING	0.200000	0.375000	0.315789	0.375000	true
PVRIG_CAND_023	23	NODE1GEN_174576_source_fixed_pose_mpnn_source_id_P500K__FIXED_POSE_MPNN__D5384A7F42146722	PVRIG_CAND_024	24	NODE1GEN_002130_source_rfantibody_source_id_PVRIG_RFAb_v2_P1_ekg_L_bb177_mpn10_arm_P1_ekg_L_backbone_P1_ekg_L_bb177_status_NEEDS_RF2_AND_DOCKING	0.300000	0.375000	0.315789	0.375000	true
PVRIG_CAND_023	23	NODE1GEN_174576_source_fixed_pose_mpnn_source_id_P500K__FIXED_POSE_MPNN__D5384A7F42146722	PVRIG_CAND_025	25	P1MCPUFP__CPUFP500K_0380__00771	0.500000	0.428571	0.368421	0.500000	true
PVRIG_CAND_023	23	NODE1GEN_174576_source_fixed_pose_mpnn_source_id_P500K__FIXED_POSE_MPNN__D5384A7F42146722	PVRIG_CAND_026	26	NODE1GEN_217675_source_fixed_pose_mpnn_source_id_P500K__FIXED_POSE_MPNN__68DDB4A6D7CBCA89	0.300000	0.142857	0.368421	0.368421	true
PVRIG_CAND_023	23	NODE1GEN_174576_source_fixed_pose_mpnn_source_id_P500K__FIXED_POSE_MPNN__D5384A7F42146722	PVRIG_CAND_027	27	P1MCPUFP__CPUFP500K_0404__00029	0.500000	0.285714	0.368421	0.500000	true
PVRIG_CAND_023	23	NODE1GEN_174576_source_fixed_pose_mpnn_source_id_P500K__FIXED_POSE_MPNN__D5384A7F42146722	PVRIG_CAND_028	28	P1MCPUFP__CPUFP500K_0188__00549	0.600000	0.571429	0.157895	0.600000	true
PVRIG_CAND_023	23	NODE1GEN_174576_source_fixed_pose_mpnn_source_id_P500K__FIXED_POSE_MPNN__D5384A7F42146722	PVRIG_CAND_029	29	P1MCPUFP__CPUFP500K_0188__00481	0.500000	0.428571	0.210526	0.500000	true
PVRIG_CAND_023	23	NODE1GEN_174576_source_fixed_pose_mpnn_source_id_P500K__FIXED_POSE_MPNN__D5384A7F42146722	PVRIG_CAND_030	30	NODE1GEN_182669_source_fixed_pose_mpnn_source_id_P500K__FIXED_POSE_MPNN__D4BBD3AB583903E7	0.400000	0.428571	0.421053	0.428571	true
PVRIG_CAND_023	23	NODE1GEN_174576_source_fixed_pose_mpnn_source_id_P500K__FIXED_POSE_MPNN__D5384A7F42146722	PVRIG_CAND_031	31	NODE1GEN_128014_source_rfantibody_source_id_PVRIG_RFAb_v2_P6_ekg_L_bb258_mpn01_arm_P6_ekg_L_backbone_P6_ekg_L_bb258_status_NEEDS_RF2_AND_DOCKING	0.300000	0.500000	0.210526	0.500000	true
PVRIG_CAND_023	23	NODE1GEN_174576_source_fixed_pose_mpnn_source_id_P500K__FIXED_POSE_MPNN__D5384A7F42146722	PVRIG_CAND_032	32	NODE1GEN_218195_source_fixed_pose_mpnn_source_id_P500K__FIXED_POSE_MPNN__A6B62FDDBC1A99BE	0.200000	0.428571	0.315789	0.428571	true
PVRIG_CAND_023	23	NODE1GEN_174576_source_fixed_pose_mpnn_source_id_P500K__FIXED_POSE_MPNN__D5384A7F42146722	PVRIG_CAND_033	33	NODE1GEN_195165_source_fixed_pose_mpnn_source_id_P500K__FIXED_POSE_MPNN__499D245F888E5DC4	0.800000	0.714286	0.473684	0.800000	false
PVRIG_CAND_023	23	NODE1GEN_174576_source_fixed_pose_mpnn_source_id_P500K__FIXED_POSE_MPNN__D5384A7F42146722	PVRIG_CAND_034	34	NODE1GEN_235318_source_fixed_pose_mpnn_source_id_P500K__FIXED_POSE_MPNN__B52C2EC7CC64BFED	0.500000	0.428571	0.421053	0.500000	true
PVRIG_CAND_023	23	NODE1GEN_174576_source_fixed_pose_mpnn_source_id_P500K__FIXED_POSE_MPNN__D5384A7F42146722	PVRIG_CAND_035	35	NODE1GEN_076816_source_rfantibody_source_id_PVRIG_RFAb_v2_P4_ekg_L_bb155_mpn03_arm_P4_ekg_L_backbone_P4_ekg_L_bb155_status_NEEDS_RF2_AND_DOCKING	0.300000	0.375000	0.368421	0.375000	true
PVRIG_CAND_023	23	NODE1GEN_174576_source_fixed_pose_mpnn_source_id_P500K__FIXED_POSE_MPNN__D5384A7F42146722	PVRIG_CAND_036	36	NODE1GEN_136300_source_rfantibody_source_id_PVRIG_RFAb_v2_P6_qkg_L_bb255_mpn02_arm_P6_qkg_L_backbone_P6_qkg_L_bb255_status_NEEDS_RF2_AND_DOCKING	0.300000	0.375000	0.368421	0.375000	true
PVRIG_CAND_023	23	NODE1GEN_174576_source_fixed_pose_mpnn_source_id_P500K__FIXED_POSE_MPNN__D5384A7F42146722	PVRIG_CAND_037	37	NODE1GEN_095824_source_rfantibody_source_id_PVRIG_RFAb_v2_P4_qrg_L_bb358_mpn04_arm_P4_qrg_L_backbone_P4_qrg_L_bb358_status_NEEDS_RF2_AND_DOCKING	0.300000	0.250000	0.368421	0.368421	true
PVRIG_CAND_023	23	NODE1GEN_174576_source_fixed_pose_mpnn_source_id_P500K__FIXED_POSE_MPNN__D5384A7F42146722	PVRIG_CAND_038	38	NODE1GEN_017313_source_rfantibody_source_id_PVRIG_RFAb_v2_P1_qrg_L_bb054_mpn00_arm_P1_qrg_L_backbone_P1_qrg_L_bb054_status_NEEDS_RF2_AND_DOCKING	0.300000	0.250000	0.421053	0.421053	true
PVRIG_CAND_023	23	NODE1GEN_174576_source_fixed_pose_mpnn_source_id_P500K__FIXED_POSE_MPNN__D5384A7F42146722	PVRIG_CAND_039	39	NODE1GEN_109783_source_rfantibody_source_id_PVRIG_RFAb_v2_P5_qkg_L_bb121_mpn06_arm_P5_qkg_L_backbone_P5_qkg_L_bb121_status_NEEDS_RF2_AND_DOCKING	0.300000	0.375000	0.263158	0.375000	true
PVRIG_CAND_023	23	NODE1GEN_174576_source_fixed_pose_mpnn_source_id_P500K__FIXED_POSE_MPNN__D5384A7F42146722	PVRIG_CAND_040	40	NODE1GEN_100102_source_rfantibody_source_id_PVRIG_RFAb_v2_P5_ekg_L_bb007_mpn10_arm_P5_ekg_L_backbone_P5_ekg_L_bb007_status_NEEDS_RF2_AND_DOCKING	0.200000	0.375000	0.473684	0.473684	true
PVRIG_CAND_023	23	NODE1GEN_174576_source_fixed_pose_mpnn_source_id_P500K__FIXED_POSE_MPNN__D5384A7F42146722	PVRIG_CAND_041	41	NODE1GEN_109883_source_rfantibody_source_id_PVRIG_RFAb_v2_P5_qkg_L_bb130_mpn02_arm_P5_qkg_L_backbone_P5_qkg_L_bb130_status_NEEDS_RF2_AND_DOCKING	0.300000	0.375000	0.315789	0.375000	true
PVRIG_CAND_023	23	NODE1GEN_174576_source_fixed_pose_mpnn_source_id_P500K__FIXED_POSE_MPNN__D5384A7F42146722	PVRIG_CAND_042	42	P1MCPUFP__CPUFP500K_0030__00860	0.400000	0.250000	0.263158	0.400000	true
PVRIG_CAND_023	23	NODE1GEN_174576_source_fixed_pose_mpnn_source_id_P500K__FIXED_POSE_MPNN__D5384A7F42146722	PVRIG_CAND_043	43	P1MCPUFP__CPUFP500K_0029__00647	0.300000	0.250000	0.263158	0.300000	true
PVRIG_CAND_023	23	NODE1GEN_174576_source_fixed_pose_mpnn_source_id_P500K__FIXED_POSE_MPNN__D5384A7F42146722	PVRIG_CAND_044	44	P1MCPUFP__CPUFP500K_0090__00860	0.900000	0.571429	0.473684	0.900000	false
PVRIG_CAND_023	23	NODE1GEN_174576_source_fixed_pose_mpnn_source_id_P500K__FIXED_POSE_MPNN__D5384A7F42146722	PVRIG_CAND_045	45	P1MCPUFP__CPUFP500K_0289__00496	0.200000	0.428571	0.315789	0.428571	true
PVRIG_CAND_023	23	NODE1GEN_174576_source_fixed_pose_mpnn_source_id_P500K__FIXED_POSE_MPNN__D5384A7F42146722	PVRIG_CAND_046	46	P1MCPUFP__CPUFP500K_0091__00849	0.200000	0.142857	0.263158	0.263158	true
PVRIG_CAND_023	23	NODE1GEN_174576_source_fixed_pose_mpnn_source_id_P500K__FIXED_POSE_MPNN__D5384A7F42146722	PVRIG_CAND_047	47	P1MCPUFP__CPUFP500K_0388__00174	0.200000	0.285714	0.263158	0.285714	true
PVRIG_CAND_023	23	NODE1GEN_174576_source_fixed_pose_mpnn_source_id_P500K__FIXED_POSE_MPNN__D5384A7F42146722	PVRIG_CAND_048	48	P1MCPUFP__CPUFP500K_0487__00827	0.300000	0.428571	0.263158	0.428571	true
PVRIG_CAND_023	23	NODE1GEN_174576_source_fixed_pose_mpnn_source_id_P500K__FIXED_POSE_MPNN__D5384A7F42146722	PVRIG_CAND_049	49	P1MCPUFP__CPUFP500K_0188__00645	0.600000	0.428571	0.263158	0.600000	true
PVRIG_CAND_023	23	NODE1GEN_174576_source_fixed_pose_mpnn_source_id_P500K__FIXED_POSE_MPNN__D5384A7F42146722	PVRIG_CAND_050	50	NODE1GEN_128929_source_rfantibody_source_id_PVRIG_RFAb_v2_P6_ekg_L_bb339_mpn06_arm_P6_ekg_L_backbone_P6_ekg_L_bb339_status_NEEDS_RF2_AND_DOCKING	0.300000	0.250000	0.421053	0.421053	true
PVRIG_CAND_024	24	NODE1GEN_002130_source_rfantibody_source_id_PVRIG_RFAb_v2_P1_ekg_L_bb177_mpn10_arm_P1_ekg_L_backbone_P1_ekg_L_bb177_status_NEEDS_RF2_AND_DOCKING	PVRIG_CAND_025	25	P1MCPUFP__CPUFP500K_0380__00771	0.200000	0.625000	0.263158	0.625000	true
PVRIG_CAND_024	24	NODE1GEN_002130_source_rfantibody_source_id_PVRIG_RFAb_v2_P1_ekg_L_bb177_mpn10_arm_P1_ekg_L_backbone_P1_ekg_L_bb177_status_NEEDS_RF2_AND_DOCKING	PVRIG_CAND_026	26	NODE1GEN_217675_source_fixed_pose_mpnn_source_id_P500K__FIXED_POSE_MPNN__68DDB4A6D7CBCA89	0.300000	0.125000	0.210526	0.300000	true
PVRIG_CAND_024	24	NODE1GEN_002130_source_rfantibody_source_id_PVRIG_RFAb_v2_P1_ekg_L_bb177_mpn10_arm_P1_ekg_L_backbone_P1_ekg_L_bb177_status_NEEDS_RF2_AND_DOCKING	PVRIG_CAND_027	27	P1MCPUFP__CPUFP500K_0404__00029	0.300000	0.250000	0.210526	0.300000	true
PVRIG_CAND_024	24	NODE1GEN_002130_source_rfantibody_source_id_PVRIG_RFAb_v2_P1_ekg_L_bb177_mpn10_arm_P1_ekg_L_backbone_P1_ekg_L_bb177_status_NEEDS_RF2_AND_DOCKING	PVRIG_CAND_028	28	P1MCPUFP__CPUFP500K_0188__00549	0.300000	0.375000	0.210526	0.375000	true
PVRIG_CAND_024	24	NODE1GEN_002130_source_rfantibody_source_id_PVRIG_RFAb_v2_P1_ekg_L_bb177_mpn10_arm_P1_ekg_L_backbone_P1_ekg_L_bb177_status_NEEDS_RF2_AND_DOCKING	PVRIG_CAND_029	29	P1MCPUFP__CPUFP500K_0188__00481	0.200000	0.250000	0.210526	0.250000	true
PVRIG_CAND_024	24	NODE1GEN_002130_source_rfantibody_source_id_PVRIG_RFAb_v2_P1_ekg_L_bb177_mpn10_arm_P1_ekg_L_backbone_P1_ekg_L_bb177_status_NEEDS_RF2_AND_DOCKING	PVRIG_CAND_030	30	NODE1GEN_182669_source_fixed_pose_mpnn_source_id_P500K__FIXED_POSE_MPNN__D4BBD3AB583903E7	0.400000	0.250000	0.263158	0.400000	true
PVRIG_CAND_024	24	NODE1GEN_002130_source_rfantibody_source_id_PVRIG_RFAb_v2_P1_ekg_L_bb177_mpn10_arm_P1_ekg_L_backbone_P1_ekg_L_bb177_status_NEEDS_RF2_AND_DOCKING	PVRIG_CAND_031	31	NODE1GEN_128014_source_rfantibody_source_id_PVRIG_RFAb_v2_P6_ekg_L_bb258_mpn01_arm_P6_ekg_L_backbone_P6_ekg_L_bb258_status_NEEDS_RF2_AND_DOCKING	0.750000	0.625000	0.352941	0.750000	true
PVRIG_CAND_024	24	NODE1GEN_002130_source_rfantibody_source_id_PVRIG_RFAb_v2_P1_ekg_L_bb177_mpn10_arm_P1_ekg_L_backbone_P1_ekg_L_bb177_status_NEEDS_RF2_AND_DOCKING	PVRIG_CAND_032	32	NODE1GEN_218195_source_fixed_pose_mpnn_source_id_P500K__FIXED_POSE_MPNN__A6B62FDDBC1A99BE	0.100000	0.250000	0.368421	0.368421	true
PVRIG_CAND_024	24	NODE1GEN_002130_source_rfantibody_source_id_PVRIG_RFAb_v2_P1_ekg_L_bb177_mpn10_arm_P1_ekg_L_backbone_P1_ekg_L_bb177_status_NEEDS_RF2_AND_DOCKING	PVRIG_CAND_033	33	NODE1GEN_195165_source_fixed_pose_mpnn_source_id_P500K__FIXED_POSE_MPNN__499D245F888E5DC4	0.300000	0.250000	0.315789	0.315789	true
PVRIG_CAND_024	24	NODE1GEN_002130_source_rfantibody_source_id_PVRIG_RFAb_v2_P1_ekg_L_bb177_mpn10_arm_P1_ekg_L_backbone_P1_ekg_L_bb177_status_NEEDS_RF2_AND_DOCKING	PVRIG_CAND_034	34	NODE1GEN_235318_source_fixed_pose_mpnn_source_id_P500K__FIXED_POSE_MPNN__B52C2EC7CC64BFED	0.200000	0.125000	0.263158	0.263158	true
PVRIG_CAND_024	24	NODE1GEN_002130_source_rfantibody_source_id_PVRIG_RFAb_v2_P1_ekg_L_bb177_mpn10_arm_P1_ekg_L_backbone_P1_ekg_L_bb177_status_NEEDS_RF2_AND_DOCKING	PVRIG_CAND_035	35	NODE1GEN_076816_source_rfantibody_source_id_PVRIG_RFAb_v2_P4_ekg_L_bb155_mpn03_arm_P4_ekg_L_backbone_P4_ekg_L_bb155_status_NEEDS_RF2_AND_DOCKING	0.750000	0.875000	0.529412	0.875000	false
PVRIG_CAND_024	24	NODE1GEN_002130_source_rfantibody_source_id_PVRIG_RFAb_v2_P1_ekg_L_bb177_mpn10_arm_P1_ekg_L_backbone_P1_ekg_L_bb177_status_NEEDS_RF2_AND_DOCKING	PVRIG_CAND_036	36	NODE1GEN_136300_source_rfantibody_source_id_PVRIG_RFAb_v2_P6_qkg_L_bb255_mpn02_arm_P6_qkg_L_backbone_P6_qkg_L_bb255_status_NEEDS_RF2_AND_DOCKING	0.750000	0.750000	0.470588	0.750000	true
PVRIG_CAND_024	24	NODE1GEN_002130_source_rfantibody_source_id_PVRIG_RFAb_v2_P1_ekg_L_bb177_mpn10_arm_P1_ekg_L_backbone_P1_ekg_L_bb177_status_NEEDS_RF2_AND_DOCKING	PVRIG_CAND_037	37	NODE1GEN_095824_source_rfantibody_source_id_PVRIG_RFAb_v2_P4_qrg_L_bb358_mpn04_arm_P4_qrg_L_backbone_P4_qrg_L_bb358_status_NEEDS_RF2_AND_DOCKING	0.625000	0.750000	0.562500	0.750000	true
PVRIG_CAND_024	24	NODE1GEN_002130_source_rfantibody_source_id_PVRIG_RFAb_v2_P1_ekg_L_bb177_mpn10_arm_P1_ekg_L_backbone_P1_ekg_L_bb177_status_NEEDS_RF2_AND_DOCKING	PVRIG_CAND_038	38	NODE1GEN_017313_source_rfantibody_source_id_PVRIG_RFAb_v2_P1_qrg_L_bb054_mpn00_arm_P1_qrg_L_backbone_P1_qrg_L_bb054_status_NEEDS_RF2_AND_DOCKING	0.875000	0.750000	0.352941	0.875000	false
PVRIG_CAND_024	24	NODE1GEN_002130_source_rfantibody_source_id_PVRIG_RFAb_v2_P1_ekg_L_bb177_mpn10_arm_P1_ekg_L_backbone_P1_ekg_L_bb177_status_NEEDS_RF2_AND_DOCKING	PVRIG_CAND_039	39	NODE1GEN_109783_source_rfantibody_source_id_PVRIG_RFAb_v2_P5_qkg_L_bb121_mpn06_arm_P5_qkg_L_backbone_P5_qkg_L_bb121_status_NEEDS_RF2_AND_DOCKING	0.875000	0.750000	0.529412	0.875000	false
PVRIG_CAND_024	24	NODE1GEN_002130_source_rfantibody_source_id_PVRIG_RFAb_v2_P1_ekg_L_bb177_mpn10_arm_P1_ekg_L_backbone_P1_ekg_L_bb177_status_NEEDS_RF2_AND_DOCKING	PVRIG_CAND_040	40	NODE1GEN_100102_source_rfantibody_source_id_PVRIG_RFAb_v2_P5_ekg_L_bb007_mpn10_arm_P5_ekg_L_backbone_P5_ekg_L_bb007_status_NEEDS_RF2_AND_DOCKING	0.375000	0.500000	0.437500	0.500000	true
PVRIG_CAND_024	24	NODE1GEN_002130_source_rfantibody_source_id_PVRIG_RFAb_v2_P1_ekg_L_bb177_mpn10_arm_P1_ekg_L_backbone_P1_ekg_L_bb177_status_NEEDS_RF2_AND_DOCKING	PVRIG_CAND_041	41	NODE1GEN_109883_source_rfantibody_source_id_PVRIG_RFAb_v2_P5_qkg_L_bb130_mpn02_arm_P5_qkg_L_backbone_P5_qkg_L_bb130_status_NEEDS_RF2_AND_DOCKING	0.875000	1.000000	0.437500	1.000000	false
PVRIG_CAND_024	24	NODE1GEN_002130_source_rfantibody_source_id_PVRIG_RFAb_v2_P1_ekg_L_bb177_mpn10_arm_P1_ekg_L_backbone_P1_ekg_L_bb177_status_NEEDS_RF2_AND_DOCKING	PVRIG_CAND_042	42	P1MCPUFP__CPUFP500K_0030__00860	0.125000	0.625000	0.375000	0.625000	true
PVRIG_CAND_024	24	NODE1GEN_002130_source_rfantibody_source_id_PVRIG_RFAb_v2_P1_ekg_L_bb177_mpn10_arm_P1_ekg_L_backbone_P1_ekg_L_bb177_status_NEEDS_RF2_AND_DOCKING	PVRIG_CAND_043	43	P1MCPUFP__CPUFP500K_0029__00647	0.250000	0.750000	0.187500	0.750000	true
PVRIG_CAND_024	24	NODE1GEN_002130_source_rfantibody_source_id_PVRIG_RFAb_v2_P1_ekg_L_bb177_mpn10_arm_P1_ekg_L_backbone_P1_ekg_L_bb177_status_NEEDS_RF2_AND_DOCKING	PVRIG_CAND_044	44	P1MCPUFP__CPUFP500K_0090__00860	0.200000	0.250000	0.368421	0.368421	true
PVRIG_CAND_024	24	NODE1GEN_002130_source_rfantibody_source_id_PVRIG_RFAb_v2_P1_ekg_L_bb177_mpn10_arm_P1_ekg_L_backbone_P1_ekg_L_bb177_status_NEEDS_RF2_AND_DOCKING	PVRIG_CAND_045	45	P1MCPUFP__CPUFP500K_0289__00496	0.300000	0.625000	0.210526	0.625000	true
PVRIG_CAND_024	24	NODE1GEN_002130_source_rfantibody_source_id_PVRIG_RFAb_v2_P1_ekg_L_bb177_mpn10_arm_P1_ekg_L_backbone_P1_ekg_L_bb177_status_NEEDS_RF2_AND_DOCKING	PVRIG_CAND_046	46	P1MCPUFP__CPUFP500K_0091__00849	0.200000	0.375000	0.263158	0.375000	true
PVRIG_CAND_024	24	NODE1GEN_002130_source_rfantibody_source_id_PVRIG_RFAb_v2_P1_ekg_L_bb177_mpn10_arm_P1_ekg_L_backbone_P1_ekg_L_bb177_status_NEEDS_RF2_AND_DOCKING	PVRIG_CAND_047	47	P1MCPUFP__CPUFP500K_0388__00174	0.200000	0.500000	0.315789	0.500000	true
PVRIG_CAND_024	24	NODE1GEN_002130_source_rfantibody_source_id_PVRIG_RFAb_v2_P1_ekg_L_bb177_mpn10_arm_P1_ekg_L_backbone_P1_ekg_L_bb177_status_NEEDS_RF2_AND_DOCKING	PVRIG_CAND_048	48	P1MCPUFP__CPUFP500K_0487__00827	0.300000	0.625000	0.263158	0.625000	true
PVRIG_CAND_024	24	NODE1GEN_002130_source_rfantibody_source_id_PVRIG_RFAb_v2_P1_ekg_L_bb177_mpn10_arm_P1_ekg_L_backbone_P1_ekg_L_bb177_status_NEEDS_RF2_AND_DOCKING	PVRIG_CAND_049	49	P1MCPUFP__CPUFP500K_0188__00645	0.300000	0.250000	0.263158	0.300000	true
PVRIG_CAND_024	24	NODE1GEN_002130_source_rfantibody_source_id_PVRIG_RFAb_v2_P1_ekg_L_bb177_mpn10_arm_P1_ekg_L_backbone_P1_ekg_L_bb177_status_NEEDS_RF2_AND_DOCKING	PVRIG_CAND_050	50	NODE1GEN_128929_source_rfantibody_source_id_PVRIG_RFAb_v2_P6_ekg_L_bb339_mpn06_arm_P6_ekg_L_backbone_P6_ekg_L_bb339_status_NEEDS_RF2_AND_DOCKING	1.000000	0.625000	0.500000	1.000000	false
PVRIG_CAND_025	25	P1MCPUFP__CPUFP500K_0380__00771	PVRIG_CAND_026	26	NODE1GEN_217675_source_fixed_pose_mpnn_source_id_P500K__FIXED_POSE_MPNN__68DDB4A6D7CBCA89	0.700000	0.428571	0.789474	0.789474	true
PVRIG_CAND_025	25	P1MCPUFP__CPUFP500K_0380__00771	PVRIG_CAND_027	27	P1MCPUFP__CPUFP500K_0404__00029	0.600000	0.285714	0.473684	0.600000	true
PVRIG_CAND_025	25	P1MCPUFP__CPUFP500K_0380__00771	PVRIG_CAND_028	28	P1MCPUFP__CPUFP500K_0188__00549	0.400000	0.714286	0.315789	0.714286	true
PVRIG_CAND_025	25	P1MCPUFP__CPUFP500K_0380__00771	PVRIG_CAND_029	29	P1MCPUFP__CPUFP500K_0188__00481	0.500000	0.571429	0.421053	0.571429	true
PVRIG_CAND_025	25	P1MCPUFP__CPUFP500K_0380__00771	PVRIG_CAND_030	30	NODE1GEN_182669_source_fixed_pose_mpnn_source_id_P500K__FIXED_POSE_MPNN__D4BBD3AB583903E7	0.600000	0.142857	0.526316	0.600000	true
PVRIG_CAND_025	25	P1MCPUFP__CPUFP500K_0380__00771	PVRIG_CAND_031	31	NODE1GEN_128014_source_rfantibody_source_id_PVRIG_RFAb_v2_P6_ekg_L_bb258_mpn01_arm_P6_ekg_L_backbone_P6_ekg_L_bb258_status_NEEDS_RF2_AND_DOCKING	0.200000	0.375000	0.210526	0.375000	true
PVRIG_CAND_025	25	P1MCPUFP__CPUFP500K_0380__00771	PVRIG_CAND_032	32	NODE1GEN_218195_source_fixed_pose_mpnn_source_id_P500K__FIXED_POSE_MPNN__A6B62FDDBC1A99BE	0.300000	0.428571	0.421053	0.428571	true
PVRIG_CAND_025	25	P1MCPUFP__CPUFP500K_0380__00771	PVRIG_CAND_033	33	NODE1GEN_195165_source_fixed_pose_mpnn_source_id_P500K__FIXED_POSE_MPNN__499D245F888E5DC4	0.400000	0.285714	0.684211	0.684211	true
PVRIG_CAND_025	25	P1MCPUFP__CPUFP500K_0380__00771	PVRIG_CAND_034	34	NODE1GEN_235318_source_fixed_pose_mpnn_source_id_P500K__FIXED_POSE_MPNN__B52C2EC7CC64BFED	0.600000	0.285714	0.631579	0.631579	true
PVRIG_CAND_025	25	P1MCPUFP__CPUFP500K_0380__00771	PVRIG_CAND_035	35	NODE1GEN_076816_source_rfantibody_source_id_PVRIG_RFAb_v2_P4_ekg_L_bb155_mpn03_arm_P4_ekg_L_backbone_P4_ekg_L_bb155_status_NEEDS_RF2_AND_DOCKING	0.200000	0.625000	0.210526	0.625000	true
PVRIG_CAND_025	25	P1MCPUFP__CPUFP500K_0380__00771	PVRIG_CAND_036	36	NODE1GEN_136300_source_rfantibody_source_id_PVRIG_RFAb_v2_P6_qkg_L_bb255_mpn02_arm_P6_qkg_L_backbone_P6_qkg_L_bb255_status_NEEDS_RF2_AND_DOCKING	0.200000	0.500000	0.315789	0.500000	true
PVRIG_CAND_025	25	P1MCPUFP__CPUFP500K_0380__00771	PVRIG_CAND_037	37	NODE1GEN_095824_source_rfantibody_source_id_PVRIG_RFAb_v2_P4_qrg_L_bb358_mpn04_arm_P4_qrg_L_backbone_P4_qrg_L_bb358_status_NEEDS_RF2_AND_DOCKING	0.200000	0.500000	0.263158	0.500000	true
PVRIG_CAND_025	25	P1MCPUFP__CPUFP500K_0380__00771	PVRIG_CAND_038	38	NODE1GEN_017313_source_rfantibody_source_id_PVRIG_RFAb_v2_P1_qrg_L_bb054_mpn00_arm_P1_qrg_L_backbone_P1_qrg_L_bb054_status_NEEDS_RF2_AND_DOCKING	0.200000	0.500000	0.315789	0.500000	true
PVRIG_CAND_025	25	P1MCPUFP__CPUFP500K_0380__00771	PVRIG_CAND_039	39	NODE1GEN_109783_source_rfantibody_source_id_PVRIG_RFAb_v2_P5_qkg_L_bb121_mpn06_arm_P5_qkg_L_backbone_P5_qkg_L_bb121_status_NEEDS_RF2_AND_DOCKING	0.200000	0.375000	0.315789	0.375000	true
PVRIG_CAND_025	25	P1MCPUFP__CPUFP500K_0380__00771	PVRIG_CAND_040	40	NODE1GEN_100102_source_rfantibody_source_id_PVRIG_RFAb_v2_P5_ekg_L_bb007_mpn10_arm_P5_ekg_L_backbone_P5_ekg_L_bb007_status_NEEDS_RF2_AND_DOCKING	0.200000	0.500000	0.285714	0.500000	true
PVRIG_CAND_025	25	P1MCPUFP__CPUFP500K_0380__00771	PVRIG_CAND_041	41	NODE1GEN_109883_source_rfantibody_source_id_PVRIG_RFAb_v2_P5_qkg_L_bb130_mpn02_arm_P5_qkg_L_backbone_P5_qkg_L_bb130_status_NEEDS_RF2_AND_DOCKING	0.200000	0.625000	0.315789	0.625000	true
PVRIG_CAND_025	25	P1MCPUFP__CPUFP500K_0380__00771	PVRIG_CAND_042	42	P1MCPUFP__CPUFP500K_0030__00860	0.400000	0.500000	0.210526	0.500000	true
PVRIG_CAND_025	25	P1MCPUFP__CPUFP500K_0380__00771	PVRIG_CAND_043	43	P1MCPUFP__CPUFP500K_0029__00647	0.200000	0.500000	0.315789	0.500000	true
PVRIG_CAND_025	25	P1MCPUFP__CPUFP500K_0380__00771	PVRIG_CAND_044	44	P1MCPUFP__CPUFP500K_0090__00860	0.500000	0.428571	0.578947	0.578947	true
PVRIG_CAND_025	25	P1MCPUFP__CPUFP500K_0380__00771	PVRIG_CAND_045	45	P1MCPUFP__CPUFP500K_0289__00496	0.200000	0.714286	0.210526	0.714286	true
PVRIG_CAND_025	25	P1MCPUFP__CPUFP500K_0380__00771	PVRIG_CAND_046	46	P1MCPUFP__CPUFP500K_0091__00849	0.200000	0.428571	0.315789	0.428571	true
PVRIG_CAND_025	25	P1MCPUFP__CPUFP500K_0380__00771	PVRIG_CAND_047	47	P1MCPUFP__CPUFP500K_0388__00174	0.200000	0.571429	0.368421	0.571429	true
PVRIG_CAND_025	25	P1MCPUFP__CPUFP500K_0380__00771	PVRIG_CAND_048	48	P1MCPUFP__CPUFP500K_0487__00827	0.100000	0.571429	0.315789	0.571429	true
PVRIG_CAND_025	25	P1MCPUFP__CPUFP500K_0380__00771	PVRIG_CAND_049	49	P1MCPUFP__CPUFP500K_0188__00645	0.500000	0.571429	0.315789	0.571429	true
PVRIG_CAND_025	25	P1MCPUFP__CPUFP500K_0380__00771	PVRIG_CAND_050	50	NODE1GEN_128929_source_rfantibody_source_id_PVRIG_RFAb_v2_P6_ekg_L_bb339_mpn06_arm_P6_ekg_L_backbone_P6_ekg_L_bb339_status_NEEDS_RF2_AND_DOCKING	0.200000	0.375000	0.263158	0.375000	true
PVRIG_CAND_026	26	NODE1GEN_217675_source_fixed_pose_mpnn_source_id_P500K__FIXED_POSE_MPNN__68DDB4A6D7CBCA89	PVRIG_CAND_027	27	P1MCPUFP__CPUFP500K_0404__00029	0.400000	0.428571	0.473684	0.473684	true
PVRIG_CAND_026	26	NODE1GEN_217675_source_fixed_pose_mpnn_source_id_P500K__FIXED_POSE_MPNN__68DDB4A6D7CBCA89	PVRIG_CAND_028	28	P1MCPUFP__CPUFP500K_0188__00549	0.200000	0.428571	0.263158	0.428571	true
PVRIG_CAND_026	26	NODE1GEN_217675_source_fixed_pose_mpnn_source_id_P500K__FIXED_POSE_MPNN__68DDB4A6D7CBCA89	PVRIG_CAND_029	29	P1MCPUFP__CPUFP500K_0188__00481	0.400000	0.428571	0.421053	0.428571	true
PVRIG_CAND_026	26	NODE1GEN_217675_source_fixed_pose_mpnn_source_id_P500K__FIXED_POSE_MPNN__68DDB4A6D7CBCA89	PVRIG_CAND_030	30	NODE1GEN_182669_source_fixed_pose_mpnn_source_id_P500K__FIXED_POSE_MPNN__D4BBD3AB583903E7	0.600000	0.285714	0.473684	0.600000	true
PVRIG_CAND_026	26	NODE1GEN_217675_source_fixed_pose_mpnn_source_id_P500K__FIXED_POSE_MPNN__68DDB4A6D7CBCA89	PVRIG_CAND_031	31	NODE1GEN_128014_source_rfantibody_source_id_PVRIG_RFAb_v2_P6_ekg_L_bb258_mpn01_arm_P6_ekg_L_backbone_P6_ekg_L_bb258_status_NEEDS_RF2_AND_DOCKING	0.300000	0.125000	0.315789	0.315789	true
PVRIG_CAND_026	26	NODE1GEN_217675_source_fixed_pose_mpnn_source_id_P500K__FIXED_POSE_MPNN__68DDB4A6D7CBCA89	PVRIG_CAND_032	32	NODE1GEN_218195_source_fixed_pose_mpnn_source_id_P500K__FIXED_POSE_MPNN__A6B62FDDBC1A99BE	0.400000	0.428571	0.526316	0.526316	true
PVRIG_CAND_026	26	NODE1GEN_217675_source_fixed_pose_mpnn_source_id_P500K__FIXED_POSE_MPNN__68DDB4A6D7CBCA89	PVRIG_CAND_033	33	NODE1GEN_195165_source_fixed_pose_mpnn_source_id_P500K__FIXED_POSE_MPNN__499D245F888E5DC4	0.400000	0.285714	0.578947	0.578947	true
PVRIG_CAND_026	26	NODE1GEN_217675_source_fixed_pose_mpnn_source_id_P500K__FIXED_POSE_MPNN__68DDB4A6D7CBCA89	PVRIG_CAND_034	34	NODE1GEN_235318_source_fixed_pose_mpnn_source_id_P500K__FIXED_POSE_MPNN__B52C2EC7CC64BFED	0.500000	0.571429	0.578947	0.578947	true
PVRIG_CAND_026	26	NODE1GEN_217675_source_fixed_pose_mpnn_source_id_P500K__FIXED_POSE_MPNN__68DDB4A6D7CBCA89	PVRIG_CAND_035	35	NODE1GEN_076816_source_rfantibody_source_id_PVRIG_RFAb_v2_P4_ekg_L_bb155_mpn03_arm_P4_ekg_L_backbone_P4_ekg_L_bb155_status_NEEDS_RF2_AND_DOCKING	0.300000	0.125000	0.210526	0.300000	true
PVRIG_CAND_026	26	NODE1GEN_217675_source_fixed_pose_mpnn_source_id_P500K__FIXED_POSE_MPNN__68DDB4A6D7CBCA89	PVRIG_CAND_036	36	NODE1GEN_136300_source_rfantibody_source_id_PVRIG_RFAb_v2_P6_qkg_L_bb255_mpn02_arm_P6_qkg_L_backbone_P6_qkg_L_bb255_status_NEEDS_RF2_AND_DOCKING	0.300000	0.125000	0.315789	0.315789	true
PVRIG_CAND_026	26	NODE1GEN_217675_source_fixed_pose_mpnn_source_id_P500K__FIXED_POSE_MPNN__68DDB4A6D7CBCA89	PVRIG_CAND_037	37	NODE1GEN_095824_source_rfantibody_source_id_PVRIG_RFAb_v2_P4_qrg_L_bb358_mpn04_arm_P4_qrg_L_backbone_P4_qrg_L_bb358_status_NEEDS_RF2_AND_DOCKING	0.300000	0.125000	0.210526	0.300000	true
PVRIG_CAND_026	26	NODE1GEN_217675_source_fixed_pose_mpnn_source_id_P500K__FIXED_POSE_MPNN__68DDB4A6D7CBCA89	PVRIG_CAND_038	38	NODE1GEN_017313_source_rfantibody_source_id_PVRIG_RFAb_v2_P1_qrg_L_bb054_mpn00_arm_P1_qrg_L_backbone_P1_qrg_L_bb054_status_NEEDS_RF2_AND_DOCKING	0.300000	0.125000	0.315789	0.315789	true
PVRIG_CAND_026	26	NODE1GEN_217675_source_fixed_pose_mpnn_source_id_P500K__FIXED_POSE_MPNN__68DDB4A6D7CBCA89	PVRIG_CAND_039	39	NODE1GEN_109783_source_rfantibody_source_id_PVRIG_RFAb_v2_P5_qkg_L_bb121_mpn06_arm_P5_qkg_L_backbone_P5_qkg_L_bb121_status_NEEDS_RF2_AND_DOCKING	0.300000	0.125000	0.263158	0.300000	true
PVRIG_CAND_026	26	NODE1GEN_217675_source_fixed_pose_mpnn_source_id_P500K__FIXED_POSE_MPNN__68DDB4A6D7CBCA89	PVRIG_CAND_040	40	NODE1GEN_100102_source_rfantibody_source_id_PVRIG_RFAb_v2_P5_ekg_L_bb007_mpn10_arm_P5_ekg_L_backbone_P5_ekg_L_bb007_status_NEEDS_RF2_AND_DOCKING	0.200000	0.250000	0.263158	0.263158	true
PVRIG_CAND_026	26	NODE1GEN_217675_source_fixed_pose_mpnn_source_id_P500K__FIXED_POSE_MPNN__68DDB4A6D7CBCA89	PVRIG_CAND_041	41	NODE1GEN_109883_source_rfantibody_source_id_PVRIG_RFAb_v2_P5_qkg_L_bb130_mpn02_arm_P5_qkg_L_backbone_P5_qkg_L_bb130_status_NEEDS_RF2_AND_DOCKING	0.300000	0.125000	0.263158	0.300000	true
PVRIG_CAND_026	26	NODE1GEN_217675_source_fixed_pose_mpnn_source_id_P500K__FIXED_POSE_MPNN__68DDB4A6D7CBCA89	PVRIG_CAND_042	42	P1MCPUFP__CPUFP500K_0030__00860	0.200000	0.250000	0.157895	0.250000	true
PVRIG_CAND_026	26	NODE1GEN_217675_source_fixed_pose_mpnn_source_id_P500K__FIXED_POSE_MPNN__68DDB4A6D7CBCA89	PVRIG_CAND_043	43	P1MCPUFP__CPUFP500K_0029__00647	0.100000	0.250000	0.210526	0.250000	true
PVRIG_CAND_026	26	NODE1GEN_217675_source_fixed_pose_mpnn_source_id_P500K__FIXED_POSE_MPNN__68DDB4A6D7CBCA89	PVRIG_CAND_044	44	P1MCPUFP__CPUFP500K_0090__00860	0.300000	0.428571	0.473684	0.473684	true
PVRIG_CAND_026	26	NODE1GEN_217675_source_fixed_pose_mpnn_source_id_P500K__FIXED_POSE_MPNN__68DDB4A6D7CBCA89	PVRIG_CAND_045	45	P1MCPUFP__CPUFP500K_0289__00496	0.300000	0.285714	0.210526	0.300000	true
PVRIG_CAND_026	26	NODE1GEN_217675_source_fixed_pose_mpnn_source_id_P500K__FIXED_POSE_MPNN__68DDB4A6D7CBCA89	PVRIG_CAND_046	46	P1MCPUFP__CPUFP500K_0091__00849	0.200000	0.714286	0.263158	0.714286	true
PVRIG_CAND_026	26	NODE1GEN_217675_source_fixed_pose_mpnn_source_id_P500K__FIXED_POSE_MPNN__68DDB4A6D7CBCA89	PVRIG_CAND_047	47	P1MCPUFP__CPUFP500K_0388__00174	0.200000	0.285714	0.368421	0.368421	true
PVRIG_CAND_026	26	NODE1GEN_217675_source_fixed_pose_mpnn_source_id_P500K__FIXED_POSE_MPNN__68DDB4A6D7CBCA89	PVRIG_CAND_048	48	P1MCPUFP__CPUFP500K_0487__00827	0.200000	0.142857	0.315789	0.315789	true
PVRIG_CAND_026	26	NODE1GEN_217675_source_fixed_pose_mpnn_source_id_P500K__FIXED_POSE_MPNN__68DDB4A6D7CBCA89	PVRIG_CAND_049	49	P1MCPUFP__CPUFP500K_0188__00645	0.500000	0.428571	0.315789	0.500000	true
PVRIG_CAND_026	26	NODE1GEN_217675_source_fixed_pose_mpnn_source_id_P500K__FIXED_POSE_MPNN__68DDB4A6D7CBCA89	PVRIG_CAND_050	50	NODE1GEN_128929_source_rfantibody_source_id_PVRIG_RFAb_v2_P6_ekg_L_bb339_mpn06_arm_P6_ekg_L_backbone_P6_ekg_L_bb339_status_NEEDS_RF2_AND_DOCKING	0.300000	0.125000	0.263158	0.300000	true
PVRIG_CAND_027	27	P1MCPUFP__CPUFP500K_0404__00029	PVRIG_CAND_028	28	P1MCPUFP__CPUFP500K_0188__00549	0.500000	0.428571	0.157895	0.500000	true
PVRIG_CAND_027	27	P1MCPUFP__CPUFP500K_0404__00029	PVRIG_CAND_029	29	P1MCPUFP__CPUFP500K_0188__00481	0.500000	0.428571	0.210526	0.500000	true
PVRIG_CAND_027	27	P1MCPUFP__CPUFP500K_0404__00029	PVRIG_CAND_030	30	NODE1GEN_182669_source_fixed_pose_mpnn_source_id_P500K__FIXED_POSE_MPNN__D4BBD3AB583903E7	0.700000	0.714286	0.631579	0.714286	true
PVRIG_CAND_027	27	P1MCPUFP__CPUFP500K_0404__00029	PVRIG_CAND_031	31	NODE1GEN_128014_source_rfantibody_source_id_PVRIG_RFAb_v2_P6_ekg_L_bb258_mpn01_arm_P6_ekg_L_backbone_P6_ekg_L_bb258_status_NEEDS_RF2_AND_DOCKING	0.300000	0.250000	0.157895	0.300000	true
PVRIG_CAND_027	27	P1MCPUFP__CPUFP500K_0404__00029	PVRIG_CAND_032	32	NODE1GEN_218195_source_fixed_pose_mpnn_source_id_P500K__FIXED_POSE_MPNN__A6B62FDDBC1A99BE	0.300000	0.285714	0.315789	0.315789	true
PVRIG_CAND_027	27	P1MCPUFP__CPUFP500K_0404__00029	PVRIG_CAND_033	33	NODE1GEN_195165_source_fixed_pose_mpnn_source_id_P500K__FIXED_POSE_MPNN__499D245F888E5DC4	0.400000	0.285714	0.421053	0.421053	true
PVRIG_CAND_027	27	P1MCPUFP__CPUFP500K_0404__00029	PVRIG_CAND_034	34	NODE1GEN_235318_source_fixed_pose_mpnn_source_id_P500K__FIXED_POSE_MPNN__B52C2EC7CC64BFED	0.600000	0.428571	0.263158	0.600000	true
PVRIG_CAND_027	27	P1MCPUFP__CPUFP500K_0404__00029	PVRIG_CAND_035	35	NODE1GEN_076816_source_rfantibody_source_id_PVRIG_RFAb_v2_P4_ekg_L_bb155_mpn03_arm_P4_ekg_L_backbone_P4_ekg_L_bb155_status_NEEDS_RF2_AND_DOCKING	0.300000	0.250000	0.157895	0.300000	true
PVRIG_CAND_027	27	P1MCPUFP__CPUFP500K_0404__00029	PVRIG_CAND_036	36	NODE1GEN_136300_source_rfantibody_source_id_PVRIG_RFAb_v2_P6_qkg_L_bb255_mpn02_arm_P6_qkg_L_backbone_P6_qkg_L_bb255_status_NEEDS_RF2_AND_DOCKING	0.300000	0.250000	0.105263	0.300000	true
PVRIG_CAND_027	27	P1MCPUFP__CPUFP500K_0404__00029	PVRIG_CAND_037	37	NODE1GEN_095824_source_rfantibody_source_id_PVRIG_RFAb_v2_P4_qrg_L_bb358_mpn04_arm_P4_qrg_L_backbone_P4_qrg_L_bb358_status_NEEDS_RF2_AND_DOCKING	0.300000	0.250000	0.210526	0.300000	true
PVRIG_CAND_027	27	P1MCPUFP__CPUFP500K_0404__00029	PVRIG_CAND_038	38	NODE1GEN_017313_source_rfantibody_source_id_PVRIG_RFAb_v2_P1_qrg_L_bb054_mpn00_arm_P1_qrg_L_backbone_P1_qrg_L_bb054_status_NEEDS_RF2_AND_DOCKING	0.400000	0.250000	0.105263	0.400000	true
PVRIG_CAND_027	27	P1MCPUFP__CPUFP500K_0404__00029	PVRIG_CAND_039	39	NODE1GEN_109783_source_rfantibody_source_id_PVRIG_RFAb_v2_P5_qkg_L_bb121_mpn06_arm_P5_qkg_L_backbone_P5_qkg_L_bb121_status_NEEDS_RF2_AND_DOCKING	0.300000	0.250000	0.105263	0.300000	true
PVRIG_CAND_027	27	P1MCPUFP__CPUFP500K_0404__00029	PVRIG_CAND_040	40	NODE1GEN_100102_source_rfantibody_source_id_PVRIG_RFAb_v2_P5_ekg_L_bb007_mpn10_arm_P5_ekg_L_backbone_P5_ekg_L_bb007_status_NEEDS_RF2_AND_DOCKING	0.300000	0.500000	0.263158	0.500000	true
PVRIG_CAND_027	27	P1MCPUFP__CPUFP500K_0404__00029	PVRIG_CAND_041	41	NODE1GEN_109883_source_rfantibody_source_id_PVRIG_RFAb_v2_P5_qkg_L_bb130_mpn02_arm_P5_qkg_L_backbone_P5_qkg_L_bb130_status_NEEDS_RF2_AND_DOCKING	0.300000	0.250000	0.263158	0.300000	true
PVRIG_CAND_027	27	P1MCPUFP__CPUFP500K_0404__00029	PVRIG_CAND_042	42	P1MCPUFP__CPUFP500K_0030__00860	0.400000	0.250000	0.210526	0.400000	true
PVRIG_CAND_027	27	P1MCPUFP__CPUFP500K_0404__00029	PVRIG_CAND_043	43	P1MCPUFP__CPUFP500K_0029__00647	0.300000	0.250000	0.263158	0.300000	true
PVRIG_CAND_027	27	P1MCPUFP__CPUFP500K_0404__00029	PVRIG_CAND_044	44	P1MCPUFP__CPUFP500K_0090__00860	0.500000	0.285714	0.421053	0.500000	true
PVRIG_CAND_027	27	P1MCPUFP__CPUFP500K_0404__00029	PVRIG_CAND_045	45	P1MCPUFP__CPUFP500K_0289__00496	0.200000	0.142857	0.315789	0.315789	true
PVRIG_CAND_027	27	P1MCPUFP__CPUFP500K_0404__00029	PVRIG_CAND_046	46	P1MCPUFP__CPUFP500K_0091__00849	0.200000	0.285714	0.210526	0.285714	true
PVRIG_CAND_027	27	P1MCPUFP__CPUFP500K_0404__00029	PVRIG_CAND_047	47	P1MCPUFP__CPUFP500K_0388__00174	0.200000	0.142857	0.263158	0.263158	true
PVRIG_CAND_027	27	P1MCPUFP__CPUFP500K_0404__00029	PVRIG_CAND_048	48	P1MCPUFP__CPUFP500K_0487__00827	0.100000	0.142857	0.210526	0.210526	true
PVRIG_CAND_027	27	P1MCPUFP__CPUFP500K_0404__00029	PVRIG_CAND_049	49	P1MCPUFP__CPUFP500K_0188__00645	0.400000	0.428571	0.210526	0.428571	true
PVRIG_CAND_027	27	P1MCPUFP__CPUFP500K_0404__00029	PVRIG_CAND_050	50	NODE1GEN_128929_source_rfantibody_source_id_PVRIG_RFAb_v2_P6_ekg_L_bb339_mpn06_arm_P6_ekg_L_backbone_P6_ekg_L_bb339_status_NEEDS_RF2_AND_DOCKING	0.300000	0.250000	0.210526	0.300000	true
PVRIG_CAND_028	28	P1MCPUFP__CPUFP500K_0188__00549	PVRIG_CAND_029	29	P1MCPUFP__CPUFP500K_0188__00481	0.400000	0.714286	0.578947	0.714286	true
PVRIG_CAND_028	28	P1MCPUFP__CPUFP500K_0188__00549	PVRIG_CAND_030	30	NODE1GEN_182669_source_fixed_pose_mpnn_source_id_P500K__FIXED_POSE_MPNN__D4BBD3AB583903E7	0.300000	0.285714	0.210526	0.300000	true
PVRIG_CAND_028	28	P1MCPUFP__CPUFP500K_0188__00549	PVRIG_CAND_031	31	NODE1GEN_128014_source_rfantibody_source_id_PVRIG_RFAb_v2_P6_ekg_L_bb258_mpn01_arm_P6_ekg_L_backbone_P6_ekg_L_bb258_status_NEEDS_RF2_AND_DOCKING	0.300000	0.375000	0.210526	0.375000	true
PVRIG_CAND_028	28	P1MCPUFP__CPUFP500K_0188__00549	PVRIG_CAND_032	32	NODE1GEN_218195_source_fixed_pose_mpnn_source_id_P500K__FIXED_POSE_MPNN__A6B62FDDBC1A99BE	0.100000	0.428571	0.315789	0.428571	true
PVRIG_CAND_028	28	P1MCPUFP__CPUFP500K_0188__00549	PVRIG_CAND_033	33	NODE1GEN_195165_source_fixed_pose_mpnn_source_id_P500K__FIXED_POSE_MPNN__499D245F888E5DC4	0.600000	0.428571	0.263158	0.600000	true
PVRIG_CAND_028	28	P1MCPUFP__CPUFP500K_0188__00549	PVRIG_CAND_034	34	NODE1GEN_235318_source_fixed_pose_mpnn_source_id_P500K__FIXED_POSE_MPNN__B52C2EC7CC64BFED	0.300000	0.428571	0.263158	0.428571	true
PVRIG_CAND_028	28	P1MCPUFP__CPUFP500K_0188__00549	PVRIG_CAND_035	35	NODE1GEN_076816_source_rfantibody_source_id_PVRIG_RFAb_v2_P4_ekg_L_bb155_mpn03_arm_P4_ekg_L_backbone_P4_ekg_L_bb155_status_NEEDS_RF2_AND_DOCKING	0.300000	0.375000	0.263158	0.375000	true
PVRIG_CAND_028	28	P1MCPUFP__CPUFP500K_0188__00549	PVRIG_CAND_036	36	NODE1GEN_136300_source_rfantibody_source_id_PVRIG_RFAb_v2_P6_qkg_L_bb255_mpn02_arm_P6_qkg_L_backbone_P6_qkg_L_bb255_status_NEEDS_RF2_AND_DOCKING	0.300000	0.375000	0.263158	0.375000	true
PVRIG_CAND_028	28	P1MCPUFP__CPUFP500K_0188__00549	PVRIG_CAND_037	37	NODE1GEN_095824_source_rfantibody_source_id_PVRIG_RFAb_v2_P4_qrg_L_bb358_mpn04_arm_P4_qrg_L_backbone_P4_qrg_L_bb358_status_NEEDS_RF2_AND_DOCKING	0.300000	0.250000	0.210526	0.300000	true
PVRIG_CAND_028	28	P1MCPUFP__CPUFP500K_0188__00549	PVRIG_CAND_038	38	NODE1GEN_017313_source_rfantibody_source_id_PVRIG_RFAb_v2_P1_qrg_L_bb054_mpn00_arm_P1_qrg_L_backbone_P1_qrg_L_bb054_status_NEEDS_RF2_AND_DOCKING	0.300000	0.250000	0.263158	0.300000	true
PVRIG_CAND_028	28	P1MCPUFP__CPUFP500K_0188__00549	PVRIG_CAND_039	39	NODE1GEN_109783_source_rfantibody_source_id_PVRIG_RFAb_v2_P5_qkg_L_bb121_mpn06_arm_P5_qkg_L_backbone_P5_qkg_L_bb121_status_NEEDS_RF2_AND_DOCKING	0.300000	0.250000	0.263158	0.300000	true
PVRIG_CAND_028	28	P1MCPUFP__CPUFP500K_0188__00549	PVRIG_CAND_040	40	NODE1GEN_100102_source_rfantibody_source_id_PVRIG_RFAb_v2_P5_ekg_L_bb007_mpn10_arm_P5_ekg_L_backbone_P5_ekg_L_bb007_status_NEEDS_RF2_AND_DOCKING	0.200000	0.500000	0.157895	0.500000	true
PVRIG_CAND_028	28	P1MCPUFP__CPUFP500K_0188__00549	PVRIG_CAND_041	41	NODE1GEN_109883_source_rfantibody_source_id_PVRIG_RFAb_v2_P5_qkg_L_bb130_mpn02_arm_P5_qkg_L_backbone_P5_qkg_L_bb130_status_NEEDS_RF2_AND_DOCKING	0.300000	0.375000	0.210526	0.375000	true
PVRIG_CAND_028	28	P1MCPUFP__CPUFP500K_0188__00549	PVRIG_CAND_042	42	P1MCPUFP__CPUFP500K_0030__00860	0.600000	0.250000	0.315789	0.600000	true
PVRIG_CAND_028	28	P1MCPUFP__CPUFP500K_0188__00549	PVRIG_CAND_043	43	P1MCPUFP__CPUFP500K_0029__00647	0.300000	0.250000	0.263158	0.300000	true
PVRIG_CAND_028	28	P1MCPUFP__CPUFP500K_0188__00549	PVRIG_CAND_044	44	P1MCPUFP__CPUFP500K_0090__00860	0.700000	0.571429	0.210526	0.700000	true
PVRIG_CAND_028	28	P1MCPUFP__CPUFP500K_0188__00549	PVRIG_CAND_045	45	P1MCPUFP__CPUFP500K_0289__00496	0.200000	0.571429	0.210526	0.571429	true
PVRIG_CAND_028	28	P1MCPUFP__CPUFP500K_0188__00549	PVRIG_CAND_046	46	P1MCPUFP__CPUFP500K_0091__00849	0.200000	0.285714	0.210526	0.285714	true
PVRIG_CAND_028	28	P1MCPUFP__CPUFP500K_0188__00549	PVRIG_CAND_047	47	P1MCPUFP__CPUFP500K_0388__00174	0.200000	0.428571	0.263158	0.428571	true
PVRIG_CAND_028	28	P1MCPUFP__CPUFP500K_0188__00549	PVRIG_CAND_048	48	P1MCPUFP__CPUFP500K_0487__00827	0.200000	0.428571	0.263158	0.428571	true
PVRIG_CAND_028	28	P1MCPUFP__CPUFP500K_0188__00549	PVRIG_CAND_049	49	P1MCPUFP__CPUFP500K_0188__00645	0.500000	0.714286	0.736842	0.736842	true
PVRIG_CAND_028	28	P1MCPUFP__CPUFP500K_0188__00549	PVRIG_CAND_050	50	NODE1GEN_128929_source_rfantibody_source_id_PVRIG_RFAb_v2_P6_ekg_L_bb339_mpn06_arm_P6_ekg_L_backbone_P6_ekg_L_bb339_status_NEEDS_RF2_AND_DOCKING	0.300000	0.250000	0.300000	0.300000	true
PVRIG_CAND_029	29	P1MCPUFP__CPUFP500K_0188__00481	PVRIG_CAND_030	30	NODE1GEN_182669_source_fixed_pose_mpnn_source_id_P500K__FIXED_POSE_MPNN__D4BBD3AB583903E7	0.500000	0.285714	0.210526	0.500000	true
PVRIG_CAND_029	29	P1MCPUFP__CPUFP500K_0188__00481	PVRIG_CAND_031	31	NODE1GEN_128014_source_rfantibody_source_id_PVRIG_RFAb_v2_P6_ekg_L_bb258_mpn01_arm_P6_ekg_L_backbone_P6_ekg_L_bb258_status_NEEDS_RF2_AND_DOCKING	0.200000	0.250000	0.263158	0.263158	true
PVRIG_CAND_029	29	P1MCPUFP__CPUFP500K_0188__00481	PVRIG_CAND_032	32	NODE1GEN_218195_source_fixed_pose_mpnn_source_id_P500K__FIXED_POSE_MPNN__A6B62FDDBC1A99BE	0.200000	0.428571	0.210526	0.428571	true
PVRIG_CAND_029	29	P1MCPUFP__CPUFP500K_0188__00481	PVRIG_CAND_033	33	NODE1GEN_195165_source_fixed_pose_mpnn_source_id_P500K__FIXED_POSE_MPNN__499D245F888E5DC4	0.600000	0.428571	0.368421	0.600000	true
PVRIG_CAND_029	29	P1MCPUFP__CPUFP500K_0188__00481	PVRIG_CAND_034	34	NODE1GEN_235318_source_fixed_pose_mpnn_source_id_P500K__FIXED_POSE_MPNN__B52C2EC7CC64BFED	0.800000	0.428571	0.368421	0.800000	false
PVRIG_CAND_029	29	P1MCPUFP__CPUFP500K_0188__00481	PVRIG_CAND_035	35	NODE1GEN_076816_source_rfantibody_source_id_PVRIG_RFAb_v2_P4_ekg_L_bb155_mpn03_arm_P4_ekg_L_backbone_P4_ekg_L_bb155_status_NEEDS_RF2_AND_DOCKING	0.200000	0.375000	0.210526	0.375000	true
PVRIG_CAND_029	29	P1MCPUFP__CPUFP500K_0188__00481	PVRIG_CAND_036	36	NODE1GEN_136300_source_rfantibody_source_id_PVRIG_RFAb_v2_P6_qkg_L_bb255_mpn02_arm_P6_qkg_L_backbone_P6_qkg_L_bb255_status_NEEDS_RF2_AND_DOCKING	0.200000	0.250000	0.263158	0.263158	true
PVRIG_CAND_029	29	P1MCPUFP__CPUFP500K_0188__00481	PVRIG_CAND_037	37	NODE1GEN_095824_source_rfantibody_source_id_PVRIG_RFAb_v2_P4_qrg_L_bb358_mpn04_arm_P4_qrg_L_backbone_P4_qrg_L_bb358_status_NEEDS_RF2_AND_DOCKING	0.200000	0.375000	0.210526	0.375000	true
PVRIG_CAND_029	29	P1MCPUFP__CPUFP500K_0188__00481	PVRIG_CAND_038	38	NODE1GEN_017313_source_rfantibody_source_id_PVRIG_RFAb_v2_P1_qrg_L_bb054_mpn00_arm_P1_qrg_L_backbone_P1_qrg_L_bb054_status_NEEDS_RF2_AND_DOCKING	0.200000	0.375000	0.263158	0.375000	true
PVRIG_CAND_029	29	P1MCPUFP__CPUFP500K_0188__00481	PVRIG_CAND_039	39	NODE1GEN_109783_source_rfantibody_source_id_PVRIG_RFAb_v2_P5_qkg_L_bb121_mpn06_arm_P5_qkg_L_backbone_P5_qkg_L_bb121_status_NEEDS_RF2_AND_DOCKING	0.200000	0.250000	0.263158	0.263158	true
PVRIG_CAND_029	29	P1MCPUFP__CPUFP500K_0188__00481	PVRIG_CAND_040	40	NODE1GEN_100102_source_rfantibody_source_id_PVRIG_RFAb_v2_P5_ekg_L_bb007_mpn10_arm_P5_ekg_L_backbone_P5_ekg_L_bb007_status_NEEDS_RF2_AND_DOCKING	0.200000	0.375000	0.263158	0.375000	true
PVRIG_CAND_029	29	P1MCPUFP__CPUFP500K_0188__00481	PVRIG_CAND_041	41	NODE1GEN_109883_source_rfantibody_source_id_PVRIG_RFAb_v2_P5_qkg_L_bb130_mpn02_arm_P5_qkg_L_backbone_P5_qkg_L_bb130_status_NEEDS_RF2_AND_DOCKING	0.200000	0.250000	0.210526	0.250000	true
PVRIG_CAND_029	29	P1MCPUFP__CPUFP500K_0188__00481	PVRIG_CAND_042	42	P1MCPUFP__CPUFP500K_0030__00860	0.300000	0.375000	0.210526	0.375000	true
PVRIG_CAND_029	29	P1MCPUFP__CPUFP500K_0188__00481	PVRIG_CAND_043	43	P1MCPUFP__CPUFP500K_0029__00647	0.300000	0.375000	0.105263	0.375000	true
PVRIG_CAND_029	29	P1MCPUFP__CPUFP500K_0188__00481	PVRIG_CAND_044	44	P1MCPUFP__CPUFP500K_0090__00860	0.600000	0.571429	0.263158	0.600000	true
PVRIG_CAND_029	29	P1MCPUFP__CPUFP500K_0188__00481	PVRIG_CAND_045	45	P1MCPUFP__CPUFP500K_0289__00496	0.100000	0.428571	0.157895	0.428571	true
PVRIG_CAND_029	29	P1MCPUFP__CPUFP500K_0188__00481	PVRIG_CAND_046	46	P1MCPUFP__CPUFP500K_0091__00849	0.363636	0.285714	0.210526	0.363636	true
PVRIG_CAND_029	29	P1MCPUFP__CPUFP500K_0188__00481	PVRIG_CAND_047	47	P1MCPUFP__CPUFP500K_0388__00174	0.100000	0.428571	0.315789	0.428571	true
PVRIG_CAND_029	29	P1MCPUFP__CPUFP500K_0188__00481	PVRIG_CAND_048	48	P1MCPUFP__CPUFP500K_0487__00827	0.100000	0.285714	0.263158	0.285714	true
PVRIG_CAND_029	29	P1MCPUFP__CPUFP500K_0188__00481	PVRIG_CAND_049	49	P1MCPUFP__CPUFP500K_0188__00645	0.700000	0.857143	0.631579	0.857143	false
PVRIG_CAND_029	29	P1MCPUFP__CPUFP500K_0188__00481	PVRIG_CAND_050	50	NODE1GEN_128929_source_rfantibody_source_id_PVRIG_RFAb_v2_P6_ekg_L_bb339_mpn06_arm_P6_ekg_L_backbone_P6_ekg_L_bb339_status_NEEDS_RF2_AND_DOCKING	0.200000	0.250000	0.210526	0.250000	true
PVRIG_CAND_030	30	NODE1GEN_182669_source_fixed_pose_mpnn_source_id_P500K__FIXED_POSE_MPNN__D4BBD3AB583903E7	PVRIG_CAND_031	31	NODE1GEN_128014_source_rfantibody_source_id_PVRIG_RFAb_v2_P6_ekg_L_bb258_mpn01_arm_P6_ekg_L_backbone_P6_ekg_L_bb258_status_NEEDS_RF2_AND_DOCKING	0.400000	0.250000	0.263158	0.400000	true
PVRIG_CAND_030	30	NODE1GEN_182669_source_fixed_pose_mpnn_source_id_P500K__FIXED_POSE_MPNN__D4BBD3AB583903E7	PVRIG_CAND_032	32	NODE1GEN_218195_source_fixed_pose_mpnn_source_id_P500K__FIXED_POSE_MPNN__A6B62FDDBC1A99BE	0.400000	0.285714	0.368421	0.400000	true
PVRIG_CAND_030	30	NODE1GEN_182669_source_fixed_pose_mpnn_source_id_P500K__FIXED_POSE_MPNN__D4BBD3AB583903E7	PVRIG_CAND_033	33	NODE1GEN_195165_source_fixed_pose_mpnn_source_id_P500K__FIXED_POSE_MPNN__499D245F888E5DC4	0.500000	0.428571	0.578947	0.578947	true
PVRIG_CAND_030	30	NODE1GEN_182669_source_fixed_pose_mpnn_source_id_P500K__FIXED_POSE_MPNN__D4BBD3AB583903E7	PVRIG_CAND_034	34	NODE1GEN_235318_source_fixed_pose_mpnn_source_id_P500K__FIXED_POSE_MPNN__B52C2EC7CC64BFED	0.600000	0.571429	0.421053	0.600000	true
PVRIG_CAND_030	30	NODE1GEN_182669_source_fixed_pose_mpnn_source_id_P500K__FIXED_POSE_MPNN__D4BBD3AB583903E7	PVRIG_CAND_035	35	NODE1GEN_076816_source_rfantibody_source_id_PVRIG_RFAb_v2_P4_ekg_L_bb155_mpn03_arm_P4_ekg_L_backbone_P4_ekg_L_bb155_status_NEEDS_RF2_AND_DOCKING	0.400000	0.250000	0.263158	0.400000	true
PVRIG_CAND_030	30	NODE1GEN_182669_source_fixed_pose_mpnn_source_id_P500K__FIXED_POSE_MPNN__D4BBD3AB583903E7	PVRIG_CAND_036	36	NODE1GEN_136300_source_rfantibody_source_id_PVRIG_RFAb_v2_P6_qkg_L_bb255_mpn02_arm_P6_qkg_L_backbone_P6_qkg_L_bb255_status_NEEDS_RF2_AND_DOCKING	0.400000	0.250000	0.210526	0.400000	true
PVRIG_CAND_030	30	NODE1GEN_182669_source_fixed_pose_mpnn_source_id_P500K__FIXED_POSE_MPNN__D4BBD3AB583903E7	PVRIG_CAND_037	37	NODE1GEN_095824_source_rfantibody_source_id_PVRIG_RFAb_v2_P4_qrg_L_bb358_mpn04_arm_P4_qrg_L_backbone_P4_qrg_L_bb358_status_NEEDS_RF2_AND_DOCKING	0.500000	0.250000	0.263158	0.500000	true
PVRIG_CAND_030	30	NODE1GEN_182669_source_fixed_pose_mpnn_source_id_P500K__FIXED_POSE_MPNN__D4BBD3AB583903E7	PVRIG_CAND_038	38	NODE1GEN_017313_source_rfantibody_source_id_PVRIG_RFAb_v2_P1_qrg_L_bb054_mpn00_arm_P1_qrg_L_backbone_P1_qrg_L_bb054_status_NEEDS_RF2_AND_DOCKING	0.400000	0.250000	0.210526	0.400000	true
PVRIG_CAND_030	30	NODE1GEN_182669_source_fixed_pose_mpnn_source_id_P500K__FIXED_POSE_MPNN__D4BBD3AB583903E7	PVRIG_CAND_039	39	NODE1GEN_109783_source_rfantibody_source_id_PVRIG_RFAb_v2_P5_qkg_L_bb121_mpn06_arm_P5_qkg_L_backbone_P5_qkg_L_bb121_status_NEEDS_RF2_AND_DOCKING	0.400000	0.250000	0.263158	0.400000	true
PVRIG_CAND_030	30	NODE1GEN_182669_source_fixed_pose_mpnn_source_id_P500K__FIXED_POSE_MPNN__D4BBD3AB583903E7	PVRIG_CAND_040	40	NODE1GEN_100102_source_rfantibody_source_id_PVRIG_RFAb_v2_P5_ekg_L_bb007_mpn10_arm_P5_ekg_L_backbone_P5_ekg_L_bb007_status_NEEDS_RF2_AND_DOCKING	0.400000	0.375000	0.263158	0.400000	true
PVRIG_CAND_030	30	NODE1GEN_182669_source_fixed_pose_mpnn_source_id_P500K__FIXED_POSE_MPNN__D4BBD3AB583903E7	PVRIG_CAND_041	41	NODE1GEN_109883_source_rfantibody_source_id_PVRIG_RFAb_v2_P5_qkg_L_bb130_mpn02_arm_P5_qkg_L_backbone_P5_qkg_L_bb130_status_NEEDS_RF2_AND_DOCKING	0.400000	0.250000	0.315789	0.400000	true
PVRIG_CAND_030	30	NODE1GEN_182669_source_fixed_pose_mpnn_source_id_P500K__FIXED_POSE_MPNN__D4BBD3AB583903E7	PVRIG_CAND_042	42	P1MCPUFP__CPUFP500K_0030__00860	0.400000	0.250000	0.368421	0.400000	true
PVRIG_CAND_030	30	NODE1GEN_182669_source_fixed_pose_mpnn_source_id_P500K__FIXED_POSE_MPNN__D4BBD3AB583903E7	PVRIG_CAND_043	43	P1MCPUFP__CPUFP500K_0029__00647	0.300000	0.250000	0.315789	0.315789	true
PVRIG_CAND_030	30	NODE1GEN_182669_source_fixed_pose_mpnn_source_id_P500K__FIXED_POSE_MPNN__D4BBD3AB583903E7	PVRIG_CAND_044	44	P1MCPUFP__CPUFP500K_0090__00860	0.400000	0.285714	0.631579	0.631579	true
PVRIG_CAND_030	30	NODE1GEN_182669_source_fixed_pose_mpnn_source_id_P500K__FIXED_POSE_MPNN__D4BBD3AB583903E7	PVRIG_CAND_045	45	P1MCPUFP__CPUFP500K_0289__00496	0.300000	0.142857	0.263158	0.300000	true
PVRIG_CAND_030	30	NODE1GEN_182669_source_fixed_pose_mpnn_source_id_P500K__FIXED_POSE_MPNN__D4BBD3AB583903E7	PVRIG_CAND_046	46	P1MCPUFP__CPUFP500K_0091__00849	0.200000	0.285714	0.263158	0.285714	true
PVRIG_CAND_030	30	NODE1GEN_182669_source_fixed_pose_mpnn_source_id_P500K__FIXED_POSE_MPNN__D4BBD3AB583903E7	PVRIG_CAND_047	47	P1MCPUFP__CPUFP500K_0388__00174	0.200000	0.285714	0.315789	0.315789	true
PVRIG_CAND_030	30	NODE1GEN_182669_source_fixed_pose_mpnn_source_id_P500K__FIXED_POSE_MPNN__D4BBD3AB583903E7	PVRIG_CAND_048	48	P1MCPUFP__CPUFP500K_0487__00827	0.200000	0.142857	0.263158	0.263158	true
PVRIG_CAND_030	30	NODE1GEN_182669_source_fixed_pose_mpnn_source_id_P500K__FIXED_POSE_MPNN__D4BBD3AB583903E7	PVRIG_CAND_049	49	P1MCPUFP__CPUFP500K_0188__00645	0.500000	0.285714	0.210526	0.500000	true
PVRIG_CAND_030	30	NODE1GEN_182669_source_fixed_pose_mpnn_source_id_P500K__FIXED_POSE_MPNN__D4BBD3AB583903E7	PVRIG_CAND_050	50	NODE1GEN_128929_source_rfantibody_source_id_PVRIG_RFAb_v2_P6_ekg_L_bb339_mpn06_arm_P6_ekg_L_backbone_P6_ekg_L_bb339_status_NEEDS_RF2_AND_DOCKING	0.400000	0.250000	0.263158	0.400000	true
PVRIG_CAND_031	31	NODE1GEN_128014_source_rfantibody_source_id_PVRIG_RFAb_v2_P6_ekg_L_bb258_mpn01_arm_P6_ekg_L_backbone_P6_ekg_L_bb258_status_NEEDS_RF2_AND_DOCKING	PVRIG_CAND_032	32	NODE1GEN_218195_source_fixed_pose_mpnn_source_id_P500K__FIXED_POSE_MPNN__A6B62FDDBC1A99BE	0.100000	0.375000	0.157895	0.375000	true
PVRIG_CAND_031	31	NODE1GEN_128014_source_rfantibody_source_id_PVRIG_RFAb_v2_P6_ekg_L_bb258_mpn01_arm_P6_ekg_L_backbone_P6_ekg_L_bb258_status_NEEDS_RF2_AND_DOCKING	PVRIG_CAND_033	33	NODE1GEN_195165_source_fixed_pose_mpnn_source_id_P500K__FIXED_POSE_MPNN__499D245F888E5DC4	0.300000	0.250000	0.157895	0.300000	true
PVRIG_CAND_031	31	NODE1GEN_128014_source_rfantibody_source_id_PVRIG_RFAb_v2_P6_ekg_L_bb258_mpn01_arm_P6_ekg_L_backbone_P6_ekg_L_bb258_status_NEEDS_RF2_AND_DOCKING	PVRIG_CAND_034	34	NODE1GEN_235318_source_fixed_pose_mpnn_source_id_P500K__FIXED_POSE_MPNN__B52C2EC7CC64BFED	0.200000	0.125000	0.315789	0.315789	true
PVRIG_CAND_031	31	NODE1GEN_128014_source_rfantibody_source_id_PVRIG_RFAb_v2_P6_ekg_L_bb258_mpn01_arm_P6_ekg_L_backbone_P6_ekg_L_bb258_status_NEEDS_RF2_AND_DOCKING	PVRIG_CAND_035	35	NODE1GEN_076816_source_rfantibody_source_id_PVRIG_RFAb_v2_P4_ekg_L_bb155_mpn03_arm_P4_ekg_L_backbone_P4_ekg_L_bb155_status_NEEDS_RF2_AND_DOCKING	1.000000	0.625000	0.352941	1.000000	false
PVRIG_CAND_031	31	NODE1GEN_128014_source_rfantibody_source_id_PVRIG_RFAb_v2_P6_ekg_L_bb258_mpn01_arm_P6_ekg_L_backbone_P6_ekg_L_bb258_status_NEEDS_RF2_AND_DOCKING	PVRIG_CAND_036	36	NODE1GEN_136300_source_rfantibody_source_id_PVRIG_RFAb_v2_P6_qkg_L_bb255_mpn02_arm_P6_qkg_L_backbone_P6_qkg_L_bb255_status_NEEDS_RF2_AND_DOCKING	1.000000	0.625000	0.235294	1.000000	false
PVRIG_CAND_031	31	NODE1GEN_128014_source_rfantibody_source_id_PVRIG_RFAb_v2_P6_ekg_L_bb258_mpn01_arm_P6_ekg_L_backbone_P6_ekg_L_bb258_status_NEEDS_RF2_AND_DOCKING	PVRIG_CAND_037	37	NODE1GEN_095824_source_rfantibody_source_id_PVRIG_RFAb_v2_P4_qrg_L_bb358_mpn04_arm_P4_qrg_L_backbone_P4_qrg_L_bb358_status_NEEDS_RF2_AND_DOCKING	0.875000	0.500000	0.352941	0.875000	false
PVRIG_CAND_031	31	NODE1GEN_128014_source_rfantibody_source_id_PVRIG_RFAb_v2_P6_ekg_L_bb258_mpn01_arm_P6_ekg_L_backbone_P6_ekg_L_bb258_status_NEEDS_RF2_AND_DOCKING	PVRIG_CAND_038	38	NODE1GEN_017313_source_rfantibody_source_id_PVRIG_RFAb_v2_P1_qrg_L_bb054_mpn00_arm_P1_qrg_L_backbone_P1_qrg_L_bb054_status_NEEDS_RF2_AND_DOCKING	0.750000	0.500000	0.294118	0.750000	true
PVRIG_CAND_031	31	NODE1GEN_128014_source_rfantibody_source_id_PVRIG_RFAb_v2_P6_ekg_L_bb258_mpn01_arm_P6_ekg_L_backbone_P6_ekg_L_bb258_status_NEEDS_RF2_AND_DOCKING	PVRIG_CAND_039	39	NODE1GEN_109783_source_rfantibody_source_id_PVRIG_RFAb_v2_P5_qkg_L_bb121_mpn06_arm_P5_qkg_L_backbone_P5_qkg_L_bb121_status_NEEDS_RF2_AND_DOCKING	0.750000	0.625000	0.411765	0.750000	true
PVRIG_CAND_031	31	NODE1GEN_128014_source_rfantibody_source_id_PVRIG_RFAb_v2_P6_ekg_L_bb258_mpn01_arm_P6_ekg_L_backbone_P6_ekg_L_bb258_status_NEEDS_RF2_AND_DOCKING	PVRIG_CAND_040	40	NODE1GEN_100102_source_rfantibody_source_id_PVRIG_RFAb_v2_P5_ekg_L_bb007_mpn10_arm_P5_ekg_L_backbone_P5_ekg_L_bb007_status_NEEDS_RF2_AND_DOCKING	0.500000	0.500000	0.470588	0.500000	true
PVRIG_CAND_031	31	NODE1GEN_128014_source_rfantibody_source_id_PVRIG_RFAb_v2_P6_ekg_L_bb258_mpn01_arm_P6_ekg_L_backbone_P6_ekg_L_bb258_status_NEEDS_RF2_AND_DOCKING	PVRIG_CAND_041	41	NODE1GEN_109883_source_rfantibody_source_id_PVRIG_RFAb_v2_P5_qkg_L_bb130_mpn02_arm_P5_qkg_L_backbone_P5_qkg_L_bb130_status_NEEDS_RF2_AND_DOCKING	0.875000	0.625000	0.235294	0.875000	false
PVRIG_CAND_031	31	NODE1GEN_128014_source_rfantibody_source_id_PVRIG_RFAb_v2_P6_ekg_L_bb258_mpn01_arm_P6_ekg_L_backbone_P6_ekg_L_bb258_status_NEEDS_RF2_AND_DOCKING	PVRIG_CAND_042	42	P1MCPUFP__CPUFP500K_0030__00860	0.125000	0.375000	0.294118	0.375000	true
PVRIG_CAND_031	31	NODE1GEN_128014_source_rfantibody_source_id_PVRIG_RFAb_v2_P6_ekg_L_bb258_mpn01_arm_P6_ekg_L_backbone_P6_ekg_L_bb258_status_NEEDS_RF2_AND_DOCKING	PVRIG_CAND_043	43	P1MCPUFP__CPUFP500K_0029__00647	0.250000	0.500000	0.176471	0.500000	true
PVRIG_CAND_031	31	NODE1GEN_128014_source_rfantibody_source_id_PVRIG_RFAb_v2_P6_ekg_L_bb258_mpn01_arm_P6_ekg_L_backbone_P6_ekg_L_bb258_status_NEEDS_RF2_AND_DOCKING	PVRIG_CAND_044	44	P1MCPUFP__CPUFP500K_0090__00860	0.200000	0.375000	0.210526	0.375000	true
PVRIG_CAND_031	31	NODE1GEN_128014_source_rfantibody_source_id_PVRIG_RFAb_v2_P6_ekg_L_bb258_mpn01_arm_P6_ekg_L_backbone_P6_ekg_L_bb258_status_NEEDS_RF2_AND_DOCKING	PVRIG_CAND_045	45	P1MCPUFP__CPUFP500K_0289__00496	0.200000	0.500000	0.263158	0.500000	true
PVRIG_CAND_031	31	NODE1GEN_128014_source_rfantibody_source_id_PVRIG_RFAb_v2_P6_ekg_L_bb258_mpn01_arm_P6_ekg_L_backbone_P6_ekg_L_bb258_status_NEEDS_RF2_AND_DOCKING	PVRIG_CAND_046	46	P1MCPUFP__CPUFP500K_0091__00849	0.100000	0.250000	0.300000	0.300000	true
PVRIG_CAND_031	31	NODE1GEN_128014_source_rfantibody_source_id_PVRIG_RFAb_v2_P6_ekg_L_bb258_mpn01_arm_P6_ekg_L_backbone_P6_ekg_L_bb258_status_NEEDS_RF2_AND_DOCKING	PVRIG_CAND_047	47	P1MCPUFP__CPUFP500K_0388__00174	0.100000	0.375000	0.263158	0.375000	true
PVRIG_CAND_031	31	NODE1GEN_128014_source_rfantibody_source_id_PVRIG_RFAb_v2_P6_ekg_L_bb258_mpn01_arm_P6_ekg_L_backbone_P6_ekg_L_bb258_status_NEEDS_RF2_AND_DOCKING	PVRIG_CAND_048	48	P1MCPUFP__CPUFP500K_0487__00827	0.200000	0.500000	0.210526	0.500000	true
PVRIG_CAND_031	31	NODE1GEN_128014_source_rfantibody_source_id_PVRIG_RFAb_v2_P6_ekg_L_bb258_mpn01_arm_P6_ekg_L_backbone_P6_ekg_L_bb258_status_NEEDS_RF2_AND_DOCKING	PVRIG_CAND_049	49	P1MCPUFP__CPUFP500K_0188__00645	0.300000	0.250000	0.263158	0.300000	true
PVRIG_CAND_031	31	NODE1GEN_128014_source_rfantibody_source_id_PVRIG_RFAb_v2_P6_ekg_L_bb258_mpn01_arm_P6_ekg_L_backbone_P6_ekg_L_bb258_status_NEEDS_RF2_AND_DOCKING	PVRIG_CAND_050	50	NODE1GEN_128929_source_rfantibody_source_id_PVRIG_RFAb_v2_P6_ekg_L_bb339_mpn06_arm_P6_ekg_L_backbone_P6_ekg_L_bb339_status_NEEDS_RF2_AND_DOCKING	0.750000	0.625000	0.294118	0.750000	true
PVRIG_CAND_032	32	NODE1GEN_218195_source_fixed_pose_mpnn_source_id_P500K__FIXED_POSE_MPNN__A6B62FDDBC1A99BE	PVRIG_CAND_033	33	NODE1GEN_195165_source_fixed_pose_mpnn_source_id_P500K__FIXED_POSE_MPNN__499D245F888E5DC4	0.200000	0.428571	0.368421	0.428571	true
PVRIG_CAND_032	32	NODE1GEN_218195_source_fixed_pose_mpnn_source_id_P500K__FIXED_POSE_MPNN__A6B62FDDBC1A99BE	PVRIG_CAND_034	34	NODE1GEN_235318_source_fixed_pose_mpnn_source_id_P500K__FIXED_POSE_MPNN__B52C2EC7CC64BFED	0.300000	0.571429	0.315789	0.571429	true
PVRIG_CAND_032	32	NODE1GEN_218195_source_fixed_pose_mpnn_source_id_P500K__FIXED_POSE_MPNN__A6B62FDDBC1A99BE	PVRIG_CAND_035	35	NODE1GEN_076816_source_rfantibody_source_id_PVRIG_RFAb_v2_P4_ekg_L_bb155_mpn03_arm_P4_ekg_L_backbone_P4_ekg_L_bb155_status_NEEDS_RF2_AND_DOCKING	0.100000	0.250000	0.263158	0.263158	true
PVRIG_CAND_032	32	NODE1GEN_218195_source_fixed_pose_mpnn_source_id_P500K__FIXED_POSE_MPNN__A6B62FDDBC1A99BE	PVRIG_CAND_036	36	NODE1GEN_136300_source_rfantibody_source_id_PVRIG_RFAb_v2_P6_qkg_L_bb255_mpn02_arm_P6_qkg_L_backbone_P6_qkg_L_bb255_status_NEEDS_RF2_AND_DOCKING	0.100000	0.250000	0.421053	0.421053	true
PVRIG_CAND_032	32	NODE1GEN_218195_source_fixed_pose_mpnn_source_id_P500K__FIXED_POSE_MPNN__A6B62FDDBC1A99BE	PVRIG_CAND_037	37	NODE1GEN_095824_source_rfantibody_source_id_PVRIG_RFAb_v2_P4_qrg_L_bb358_mpn04_arm_P4_qrg_L_backbone_P4_qrg_L_bb358_status_NEEDS_RF2_AND_DOCKING	0.200000	0.250000	0.263158	0.263158	true
PVRIG_CAND_032	32	NODE1GEN_218195_source_fixed_pose_mpnn_source_id_P500K__FIXED_POSE_MPNN__A6B62FDDBC1A99BE	PVRIG_CAND_038	38	NODE1GEN_017313_source_rfantibody_source_id_PVRIG_RFAb_v2_P1_qrg_L_bb054_mpn00_arm_P1_qrg_L_backbone_P1_qrg_L_bb054_status_NEEDS_RF2_AND_DOCKING	0.100000	0.250000	0.315789	0.315789	true
PVRIG_CAND_032	32	NODE1GEN_218195_source_fixed_pose_mpnn_source_id_P500K__FIXED_POSE_MPNN__A6B62FDDBC1A99BE	PVRIG_CAND_039	39	NODE1GEN_109783_source_rfantibody_source_id_PVRIG_RFAb_v2_P5_qkg_L_bb121_mpn06_arm_P5_qkg_L_backbone_P5_qkg_L_bb121_status_NEEDS_RF2_AND_DOCKING	0.100000	0.250000	0.315789	0.315789	true
PVRIG_CAND_032	32	NODE1GEN_218195_source_fixed_pose_mpnn_source_id_P500K__FIXED_POSE_MPNN__A6B62FDDBC1A99BE	PVRIG_CAND_040	40	NODE1GEN_100102_source_rfantibody_source_id_PVRIG_RFAb_v2_P5_ekg_L_bb007_mpn10_arm_P5_ekg_L_backbone_P5_ekg_L_bb007_status_NEEDS_RF2_AND_DOCKING	0.200000	0.250000	0.210526	0.250000	true
PVRIG_CAND_032	32	NODE1GEN_218195_source_fixed_pose_mpnn_source_id_P500K__FIXED_POSE_MPNN__A6B62FDDBC1A99BE	PVRIG_CAND_041	41	NODE1GEN_109883_source_rfantibody_source_id_PVRIG_RFAb_v2_P5_qkg_L_bb130_mpn02_arm_P5_qkg_L_backbone_P5_qkg_L_bb130_status_NEEDS_RF2_AND_DOCKING	0.100000	0.250000	0.210526	0.250000	true
PVRIG_CAND_032	32	NODE1GEN_218195_source_fixed_pose_mpnn_source_id_P500K__FIXED_POSE_MPNN__A6B62FDDBC1A99BE	PVRIG_CAND_042	42	P1MCPUFP__CPUFP500K_0030__00860	0.300000	0.250000	0.210526	0.300000	true
PVRIG_CAND_032	32	NODE1GEN_218195_source_fixed_pose_mpnn_source_id_P500K__FIXED_POSE_MPNN__A6B62FDDBC1A99BE	PVRIG_CAND_043	43	P1MCPUFP__CPUFP500K_0029__00647	0.200000	0.250000	0.157895	0.250000	true
PVRIG_CAND_032	32	NODE1GEN_218195_source_fixed_pose_mpnn_source_id_P500K__FIXED_POSE_MPNN__A6B62FDDBC1A99BE	PVRIG_CAND_044	44	P1MCPUFP__CPUFP500K_0090__00860	0.200000	0.428571	0.368421	0.428571	true
PVRIG_CAND_032	32	NODE1GEN_218195_source_fixed_pose_mpnn_source_id_P500K__FIXED_POSE_MPNN__A6B62FDDBC1A99BE	PVRIG_CAND_045	45	P1MCPUFP__CPUFP500K_0289__00496	0.200000	0.428571	0.157895	0.428571	true
PVRIG_CAND_032	32	NODE1GEN_218195_source_fixed_pose_mpnn_source_id_P500K__FIXED_POSE_MPNN__A6B62FDDBC1A99BE	PVRIG_CAND_046	46	P1MCPUFP__CPUFP500K_0091__00849	0.200000	0.285714	0.315789	0.315789	true
PVRIG_CAND_032	32	NODE1GEN_218195_source_fixed_pose_mpnn_source_id_P500K__FIXED_POSE_MPNN__A6B62FDDBC1A99BE	PVRIG_CAND_047	47	P1MCPUFP__CPUFP500K_0388__00174	0.200000	0.428571	0.421053	0.428571	true
PVRIG_CAND_032	32	NODE1GEN_218195_source_fixed_pose_mpnn_source_id_P500K__FIXED_POSE_MPNN__A6B62FDDBC1A99BE	PVRIG_CAND_048	48	P1MCPUFP__CPUFP500K_0487__00827	0.100000	0.285714	0.421053	0.421053	true
PVRIG_CAND_032	32	NODE1GEN_218195_source_fixed_pose_mpnn_source_id_P500K__FIXED_POSE_MPNN__A6B62FDDBC1A99BE	PVRIG_CAND_049	49	P1MCPUFP__CPUFP500K_0188__00645	0.200000	0.428571	0.210526	0.428571	true
PVRIG_CAND_032	32	NODE1GEN_218195_source_fixed_pose_mpnn_source_id_P500K__FIXED_POSE_MPNN__A6B62FDDBC1A99BE	PVRIG_CAND_050	50	NODE1GEN_128929_source_rfantibody_source_id_PVRIG_RFAb_v2_P6_ekg_L_bb339_mpn06_arm_P6_ekg_L_backbone_P6_ekg_L_bb339_status_NEEDS_RF2_AND_DOCKING	0.100000	0.250000	0.421053	0.421053	true
PVRIG_CAND_033	33	NODE1GEN_195165_source_fixed_pose_mpnn_source_id_P500K__FIXED_POSE_MPNN__499D245F888E5DC4	PVRIG_CAND_034	34	NODE1GEN_235318_source_fixed_pose_mpnn_source_id_P500K__FIXED_POSE_MPNN__B52C2EC7CC64BFED	0.500000	0.428571	0.578947	0.578947	true
PVRIG_CAND_033	33	NODE1GEN_195165_source_fixed_pose_mpnn_source_id_P500K__FIXED_POSE_MPNN__499D245F888E5DC4	PVRIG_CAND_035	35	NODE1GEN_076816_source_rfantibody_source_id_PVRIG_RFAb_v2_P4_ekg_L_bb155_mpn03_arm_P4_ekg_L_backbone_P4_ekg_L_bb155_status_NEEDS_RF2_AND_DOCKING	0.300000	0.250000	0.368421	0.368421	true
PVRIG_CAND_033	33	NODE1GEN_195165_source_fixed_pose_mpnn_source_id_P500K__FIXED_POSE_MPNN__499D245F888E5DC4	PVRIG_CAND_036	36	NODE1GEN_136300_source_rfantibody_source_id_PVRIG_RFAb_v2_P6_qkg_L_bb255_mpn02_arm_P6_qkg_L_backbone_P6_qkg_L_bb255_status_NEEDS_RF2_AND_DOCKING	0.300000	0.250000	0.368421	0.368421	true
PVRIG_CAND_033	33	NODE1GEN_195165_source_fixed_pose_mpnn_source_id_P500K__FIXED_POSE_MPNN__499D245F888E5DC4	PVRIG_CAND_037	37	NODE1GEN_095824_source_rfantibody_source_id_PVRIG_RFAb_v2_P4_qrg_L_bb358_mpn04_arm_P4_qrg_L_backbone_P4_qrg_L_bb358_status_NEEDS_RF2_AND_DOCKING	0.300000	0.250000	0.368421	0.368421	true
PVRIG_CAND_033	33	NODE1GEN_195165_source_fixed_pose_mpnn_source_id_P500K__FIXED_POSE_MPNN__499D245F888E5DC4	PVRIG_CAND_038	38	NODE1GEN_017313_source_rfantibody_source_id_PVRIG_RFAb_v2_P1_qrg_L_bb054_mpn00_arm_P1_qrg_L_backbone_P1_qrg_L_bb054_status_NEEDS_RF2_AND_DOCKING	0.300000	0.250000	0.368421	0.368421	true
PVRIG_CAND_033	33	NODE1GEN_195165_source_fixed_pose_mpnn_source_id_P500K__FIXED_POSE_MPNN__499D245F888E5DC4	PVRIG_CAND_039	39	NODE1GEN_109783_source_rfantibody_source_id_PVRIG_RFAb_v2_P5_qkg_L_bb121_mpn06_arm_P5_qkg_L_backbone_P5_qkg_L_bb121_status_NEEDS_RF2_AND_DOCKING	0.300000	0.250000	0.315789	0.315789	true
PVRIG_CAND_033	33	NODE1GEN_195165_source_fixed_pose_mpnn_source_id_P500K__FIXED_POSE_MPNN__499D245F888E5DC4	PVRIG_CAND_040	40	NODE1GEN_100102_source_rfantibody_source_id_PVRIG_RFAb_v2_P5_ekg_L_bb007_mpn10_arm_P5_ekg_L_backbone_P5_ekg_L_bb007_status_NEEDS_RF2_AND_DOCKING	0.200000	0.250000	0.263158	0.263158	true
PVRIG_CAND_033	33	NODE1GEN_195165_source_fixed_pose_mpnn_source_id_P500K__FIXED_POSE_MPNN__499D245F888E5DC4	PVRIG_CAND_041	41	NODE1GEN_109883_source_rfantibody_source_id_PVRIG_RFAb_v2_P5_qkg_L_bb130_mpn02_arm_P5_qkg_L_backbone_P5_qkg_L_bb130_status_NEEDS_RF2_AND_DOCKING	0.300000	0.250000	0.473684	0.473684	true
PVRIG_CAND_033	33	NODE1GEN_195165_source_fixed_pose_mpnn_source_id_P500K__FIXED_POSE_MPNN__499D245F888E5DC4	PVRIG_CAND_042	42	P1MCPUFP__CPUFP500K_0030__00860	0.500000	0.375000	0.210526	0.500000	true
PVRIG_CAND_033	33	NODE1GEN_195165_source_fixed_pose_mpnn_source_id_P500K__FIXED_POSE_MPNN__499D245F888E5DC4	PVRIG_CAND_043	43	P1MCPUFP__CPUFP500K_0029__00647	0.300000	0.375000	0.315789	0.375000	true
PVRIG_CAND_033	33	NODE1GEN_195165_source_fixed_pose_mpnn_source_id_P500K__FIXED_POSE_MPNN__499D245F888E5DC4	PVRIG_CAND_044	44	P1MCPUFP__CPUFP500K_0090__00860	0.900000	0.571429	0.789474	0.900000	false
PVRIG_CAND_033	33	NODE1GEN_195165_source_fixed_pose_mpnn_source_id_P500K__FIXED_POSE_MPNN__499D245F888E5DC4	PVRIG_CAND_045	45	P1MCPUFP__CPUFP500K_0289__00496	0.300000	0.285714	0.315789	0.315789	true
PVRIG_CAND_033	33	NODE1GEN_195165_source_fixed_pose_mpnn_source_id_P500K__FIXED_POSE_MPNN__499D245F888E5DC4	PVRIG_CAND_046	46	P1MCPUFP__CPUFP500K_0091__00849	0.363636	0.285714	0.421053	0.421053	true
PVRIG_CAND_033	33	NODE1GEN_195165_source_fixed_pose_mpnn_source_id_P500K__FIXED_POSE_MPNN__499D245F888E5DC4	PVRIG_CAND_047	47	P1MCPUFP__CPUFP500K_0388__00174	0.200000	0.285714	0.421053	0.421053	true
PVRIG_CAND_033	33	NODE1GEN_195165_source_fixed_pose_mpnn_source_id_P500K__FIXED_POSE_MPNN__499D245F888E5DC4	PVRIG_CAND_048	48	P1MCPUFP__CPUFP500K_0487__00827	0.300000	0.285714	0.421053	0.421053	true
PVRIG_CAND_033	33	NODE1GEN_195165_source_fixed_pose_mpnn_source_id_P500K__FIXED_POSE_MPNN__499D245F888E5DC4	PVRIG_CAND_049	49	P1MCPUFP__CPUFP500K_0188__00645	0.800000	0.428571	0.263158	0.800000	false
PVRIG_CAND_033	33	NODE1GEN_195165_source_fixed_pose_mpnn_source_id_P500K__FIXED_POSE_MPNN__499D245F888E5DC4	PVRIG_CAND_050	50	NODE1GEN_128929_source_rfantibody_source_id_PVRIG_RFAb_v2_P6_ekg_L_bb339_mpn06_arm_P6_ekg_L_backbone_P6_ekg_L_bb339_status_NEEDS_RF2_AND_DOCKING	0.300000	0.250000	0.315789	0.315789	true
PVRIG_CAND_034	34	NODE1GEN_235318_source_fixed_pose_mpnn_source_id_P500K__FIXED_POSE_MPNN__B52C2EC7CC64BFED	PVRIG_CAND_035	35	NODE1GEN_076816_source_rfantibody_source_id_PVRIG_RFAb_v2_P4_ekg_L_bb155_mpn03_arm_P4_ekg_L_backbone_P4_ekg_L_bb155_status_NEEDS_RF2_AND_DOCKING	0.200000	0.125000	0.315789	0.315789	true
PVRIG_CAND_034	34	NODE1GEN_235318_source_fixed_pose_mpnn_source_id_P500K__FIXED_POSE_MPNN__B52C2EC7CC64BFED	PVRIG_CAND_036	36	NODE1GEN_136300_source_rfantibody_source_id_PVRIG_RFAb_v2_P6_qkg_L_bb255_mpn02_arm_P6_qkg_L_backbone_P6_qkg_L_bb255_status_NEEDS_RF2_AND_DOCKING	0.200000	0.125000	0.473684	0.473684	true
PVRIG_CAND_034	34	NODE1GEN_235318_source_fixed_pose_mpnn_source_id_P500K__FIXED_POSE_MPNN__B52C2EC7CC64BFED	PVRIG_CAND_037	37	NODE1GEN_095824_source_rfantibody_source_id_PVRIG_RFAb_v2_P4_qrg_L_bb358_mpn04_arm_P4_qrg_L_backbone_P4_qrg_L_bb358_status_NEEDS_RF2_AND_DOCKING	0.200000	0.125000	0.421053	0.421053	true
PVRIG_CAND_034	34	NODE1GEN_235318_source_fixed_pose_mpnn_source_id_P500K__FIXED_POSE_MPNN__B52C2EC7CC64BFED	PVRIG_CAND_038	38	NODE1GEN_017313_source_rfantibody_source_id_PVRIG_RFAb_v2_P1_qrg_L_bb054_mpn00_arm_P1_qrg_L_backbone_P1_qrg_L_bb054_status_NEEDS_RF2_AND_DOCKING	0.200000	0.125000	0.473684	0.473684	true
PVRIG_CAND_034	34	NODE1GEN_235318_source_fixed_pose_mpnn_source_id_P500K__FIXED_POSE_MPNN__B52C2EC7CC64BFED	PVRIG_CAND_039	39	NODE1GEN_109783_source_rfantibody_source_id_PVRIG_RFAb_v2_P5_qkg_L_bb121_mpn06_arm_P5_qkg_L_backbone_P5_qkg_L_bb121_status_NEEDS_RF2_AND_DOCKING	0.200000	0.000000	0.421053	0.421053	true
PVRIG_CAND_034	34	NODE1GEN_235318_source_fixed_pose_mpnn_source_id_P500K__FIXED_POSE_MPNN__B52C2EC7CC64BFED	PVRIG_CAND_040	40	NODE1GEN_100102_source_rfantibody_source_id_PVRIG_RFAb_v2_P5_ekg_L_bb007_mpn10_arm_P5_ekg_L_backbone_P5_ekg_L_bb007_status_NEEDS_RF2_AND_DOCKING	0.200000	0.125000	0.368421	0.368421	true
PVRIG_CAND_034	34	NODE1GEN_235318_source_fixed_pose_mpnn_source_id_P500K__FIXED_POSE_MPNN__B52C2EC7CC64BFED	PVRIG_CAND_041	41	NODE1GEN_109883_source_rfantibody_source_id_PVRIG_RFAb_v2_P5_qkg_L_bb130_mpn02_arm_P5_qkg_L_backbone_P5_qkg_L_bb130_status_NEEDS_RF2_AND_DOCKING	0.200000	0.125000	0.315789	0.315789	true
PVRIG_CAND_034	34	NODE1GEN_235318_source_fixed_pose_mpnn_source_id_P500K__FIXED_POSE_MPNN__B52C2EC7CC64BFED	PVRIG_CAND_042	42	P1MCPUFP__CPUFP500K_0030__00860	0.400000	0.125000	0.263158	0.400000	true
PVRIG_CAND_034	34	NODE1GEN_235318_source_fixed_pose_mpnn_source_id_P500K__FIXED_POSE_MPNN__B52C2EC7CC64BFED	PVRIG_CAND_043	43	P1MCPUFP__CPUFP500K_0029__00647	0.300000	0.125000	0.263158	0.300000	true
PVRIG_CAND_034	34	NODE1GEN_235318_source_fixed_pose_mpnn_source_id_P500K__FIXED_POSE_MPNN__B52C2EC7CC64BFED	PVRIG_CAND_044	44	P1MCPUFP__CPUFP500K_0090__00860	0.500000	0.428571	0.473684	0.500000	true
PVRIG_CAND_034	34	NODE1GEN_235318_source_fixed_pose_mpnn_source_id_P500K__FIXED_POSE_MPNN__B52C2EC7CC64BFED	PVRIG_CAND_045	45	P1MCPUFP__CPUFP500K_0289__00496	0.200000	0.285714	0.263158	0.285714	true
PVRIG_CAND_034	34	NODE1GEN_235318_source_fixed_pose_mpnn_source_id_P500K__FIXED_POSE_MPNN__B52C2EC7CC64BFED	PVRIG_CAND_046	46	P1MCPUFP__CPUFP500K_0091__00849	0.200000	0.428571	0.368421	0.428571	true
PVRIG_CAND_034	34	NODE1GEN_235318_source_fixed_pose_mpnn_source_id_P500K__FIXED_POSE_MPNN__B52C2EC7CC64BFED	PVRIG_CAND_047	47	P1MCPUFP__CPUFP500K_0388__00174	0.200000	0.285714	0.368421	0.368421	true
PVRIG_CAND_034	34	NODE1GEN_235318_source_fixed_pose_mpnn_source_id_P500K__FIXED_POSE_MPNN__B52C2EC7CC64BFED	PVRIG_CAND_048	48	P1MCPUFP__CPUFP500K_0487__00827	0.100000	0.142857	0.368421	0.368421	true
PVRIG_CAND_034	34	NODE1GEN_235318_source_fixed_pose_mpnn_source_id_P500K__FIXED_POSE_MPNN__B52C2EC7CC64BFED	PVRIG_CAND_049	49	P1MCPUFP__CPUFP500K_0188__00645	0.600000	0.428571	0.368421	0.600000	true
PVRIG_CAND_034	34	NODE1GEN_235318_source_fixed_pose_mpnn_source_id_P500K__FIXED_POSE_MPNN__B52C2EC7CC64BFED	PVRIG_CAND_050	50	NODE1GEN_128929_source_rfantibody_source_id_PVRIG_RFAb_v2_P6_ekg_L_bb339_mpn06_arm_P6_ekg_L_backbone_P6_ekg_L_bb339_status_NEEDS_RF2_AND_DOCKING	0.200000	0.125000	0.315789	0.315789	true
PVRIG_CAND_035	35	NODE1GEN_076816_source_rfantibody_source_id_PVRIG_RFAb_v2_P4_ekg_L_bb155_mpn03_arm_P4_ekg_L_backbone_P4_ekg_L_bb155_status_NEEDS_RF2_AND_DOCKING	PVRIG_CAND_036	36	NODE1GEN_136300_source_rfantibody_source_id_PVRIG_RFAb_v2_P6_qkg_L_bb255_mpn02_arm_P6_qkg_L_backbone_P6_qkg_L_bb255_status_NEEDS_RF2_AND_DOCKING	1.000000	0.750000	0.470588	1.000000	false
PVRIG_CAND_035	35	NODE1GEN_076816_source_rfantibody_source_id_PVRIG_RFAb_v2_P4_ekg_L_bb155_mpn03_arm_P4_ekg_L_backbone_P4_ekg_L_bb155_status_NEEDS_RF2_AND_DOCKING	PVRIG_CAND_037	37	NODE1GEN_095824_source_rfantibody_source_id_PVRIG_RFAb_v2_P4_qrg_L_bb358_mpn04_arm_P4_qrg_L_backbone_P4_qrg_L_bb358_status_NEEDS_RF2_AND_DOCKING	0.875000	0.875000	0.705882	0.875000	false
PVRIG_CAND_035	35	NODE1GEN_076816_source_rfantibody_source_id_PVRIG_RFAb_v2_P4_ekg_L_bb155_mpn03_arm_P4_ekg_L_backbone_P4_ekg_L_bb155_status_NEEDS_RF2_AND_DOCKING	PVRIG_CAND_038	38	NODE1GEN_017313_source_rfantibody_source_id_PVRIG_RFAb_v2_P1_qrg_L_bb054_mpn00_arm_P1_qrg_L_backbone_P1_qrg_L_bb054_status_NEEDS_RF2_AND_DOCKING	0.750000	0.875000	0.411765	0.875000	false
PVRIG_CAND_035	35	NODE1GEN_076816_source_rfantibody_source_id_PVRIG_RFAb_v2_P4_ekg_L_bb155_mpn03_arm_P4_ekg_L_backbone_P4_ekg_L_bb155_status_NEEDS_RF2_AND_DOCKING	PVRIG_CAND_039	39	NODE1GEN_109783_source_rfantibody_source_id_PVRIG_RFAb_v2_P5_qkg_L_bb121_mpn06_arm_P5_qkg_L_backbone_P5_qkg_L_bb121_status_NEEDS_RF2_AND_DOCKING	0.750000	0.625000	0.411765	0.750000	true
PVRIG_CAND_035	35	NODE1GEN_076816_source_rfantibody_source_id_PVRIG_RFAb_v2_P4_ekg_L_bb155_mpn03_arm_P4_ekg_L_backbone_P4_ekg_L_bb155_status_NEEDS_RF2_AND_DOCKING	PVRIG_CAND_040	40	NODE1GEN_100102_source_rfantibody_source_id_PVRIG_RFAb_v2_P5_ekg_L_bb007_mpn10_arm_P5_ekg_L_backbone_P5_ekg_L_bb007_status_NEEDS_RF2_AND_DOCKING	0.500000	0.500000	0.470588	0.500000	true
PVRIG_CAND_035	35	NODE1GEN_076816_source_rfantibody_source_id_PVRIG_RFAb_v2_P4_ekg_L_bb155_mpn03_arm_P4_ekg_L_backbone_P4_ekg_L_bb155_status_NEEDS_RF2_AND_DOCKING	PVRIG_CAND_041	41	NODE1GEN_109883_source_rfantibody_source_id_PVRIG_RFAb_v2_P5_qkg_L_bb130_mpn02_arm_P5_qkg_L_backbone_P5_qkg_L_bb130_status_NEEDS_RF2_AND_DOCKING	0.875000	0.875000	0.411765	0.875000	false
PVRIG_CAND_035	35	NODE1GEN_076816_source_rfantibody_source_id_PVRIG_RFAb_v2_P4_ekg_L_bb155_mpn03_arm_P4_ekg_L_backbone_P4_ekg_L_bb155_status_NEEDS_RF2_AND_DOCKING	PVRIG_CAND_042	42	P1MCPUFP__CPUFP500K_0030__00860	0.125000	0.750000	0.352941	0.750000	true
PVRIG_CAND_035	35	NODE1GEN_076816_source_rfantibody_source_id_PVRIG_RFAb_v2_P4_ekg_L_bb155_mpn03_arm_P4_ekg_L_backbone_P4_ekg_L_bb155_status_NEEDS_RF2_AND_DOCKING	PVRIG_CAND_043	43	P1MCPUFP__CPUFP500K_0029__00647	0.250000	0.875000	0.235294	0.875000	false
PVRIG_CAND_035	35	NODE1GEN_076816_source_rfantibody_source_id_PVRIG_RFAb_v2_P4_ekg_L_bb155_mpn03_arm_P4_ekg_L_backbone_P4_ekg_L_bb155_status_NEEDS_RF2_AND_DOCKING	PVRIG_CAND_044	44	P1MCPUFP__CPUFP500K_0090__00860	0.200000	0.250000	0.368421	0.368421	true
PVRIG_CAND_035	35	NODE1GEN_076816_source_rfantibody_source_id_PVRIG_RFAb_v2_P4_ekg_L_bb155_mpn03_arm_P4_ekg_L_backbone_P4_ekg_L_bb155_status_NEEDS_RF2_AND_DOCKING	PVRIG_CAND_045	45	P1MCPUFP__CPUFP500K_0289__00496	0.200000	0.625000	0.315789	0.625000	true
PVRIG_CAND_035	35	NODE1GEN_076816_source_rfantibody_source_id_PVRIG_RFAb_v2_P4_ekg_L_bb155_mpn03_arm_P4_ekg_L_backbone_P4_ekg_L_bb155_status_NEEDS_RF2_AND_DOCKING	PVRIG_CAND_046	46	P1MCPUFP__CPUFP500K_0091__00849	0.100000	0.375000	0.421053	0.421053	true
PVRIG_CAND_035	35	NODE1GEN_076816_source_rfantibody_source_id_PVRIG_RFAb_v2_P4_ekg_L_bb155_mpn03_arm_P4_ekg_L_backbone_P4_ekg_L_bb155_status_NEEDS_RF2_AND_DOCKING	PVRIG_CAND_047	47	P1MCPUFP__CPUFP500K_0388__00174	0.100000	0.500000	0.421053	0.500000	true
PVRIG_CAND_035	35	NODE1GEN_076816_source_rfantibody_source_id_PVRIG_RFAb_v2_P4_ekg_L_bb155_mpn03_arm_P4_ekg_L_backbone_P4_ekg_L_bb155_status_NEEDS_RF2_AND_DOCKING	PVRIG_CAND_048	48	P1MCPUFP__CPUFP500K_0487__00827	0.200000	0.625000	0.368421	0.625000	true
PVRIG_CAND_035	35	NODE1GEN_076816_source_rfantibody_source_id_PVRIG_RFAb_v2_P4_ekg_L_bb155_mpn03_arm_P4_ekg_L_backbone_P4_ekg_L_bb155_status_NEEDS_RF2_AND_DOCKING	PVRIG_CAND_049	49	P1MCPUFP__CPUFP500K_0188__00645	0.300000	0.375000	0.263158	0.375000	true
PVRIG_CAND_035	35	NODE1GEN_076816_source_rfantibody_source_id_PVRIG_RFAb_v2_P4_ekg_L_bb155_mpn03_arm_P4_ekg_L_backbone_P4_ekg_L_bb155_status_NEEDS_RF2_AND_DOCKING	PVRIG_CAND_050	50	NODE1GEN_128929_source_rfantibody_source_id_PVRIG_RFAb_v2_P6_ekg_L_bb339_mpn06_arm_P6_ekg_L_backbone_P6_ekg_L_bb339_status_NEEDS_RF2_AND_DOCKING	0.750000	0.625000	0.411765	0.750000	true
PVRIG_CAND_036	36	NODE1GEN_136300_source_rfantibody_source_id_PVRIG_RFAb_v2_P6_qkg_L_bb255_mpn02_arm_P6_qkg_L_backbone_P6_qkg_L_bb255_status_NEEDS_RF2_AND_DOCKING	PVRIG_CAND_037	37	NODE1GEN_095824_source_rfantibody_source_id_PVRIG_RFAb_v2_P4_qrg_L_bb358_mpn04_arm_P4_qrg_L_backbone_P4_qrg_L_bb358_status_NEEDS_RF2_AND_DOCKING	0.875000	0.625000	0.529412	0.875000	false
PVRIG_CAND_036	36	NODE1GEN_136300_source_rfantibody_source_id_PVRIG_RFAb_v2_P6_qkg_L_bb255_mpn02_arm_P6_qkg_L_backbone_P6_qkg_L_bb255_status_NEEDS_RF2_AND_DOCKING	PVRIG_CAND_038	38	NODE1GEN_017313_source_rfantibody_source_id_PVRIG_RFAb_v2_P1_qrg_L_bb054_mpn00_arm_P1_qrg_L_backbone_P1_qrg_L_bb054_status_NEEDS_RF2_AND_DOCKING	0.750000	0.625000	0.705882	0.750000	true
PVRIG_CAND_036	36	NODE1GEN_136300_source_rfantibody_source_id_PVRIG_RFAb_v2_P6_qkg_L_bb255_mpn02_arm_P6_qkg_L_backbone_P6_qkg_L_bb255_status_NEEDS_RF2_AND_DOCKING	PVRIG_CAND_039	39	NODE1GEN_109783_source_rfantibody_source_id_PVRIG_RFAb_v2_P5_qkg_L_bb121_mpn06_arm_P5_qkg_L_backbone_P5_qkg_L_bb121_status_NEEDS_RF2_AND_DOCKING	0.750000	0.625000	0.529412	0.750000	true
PVRIG_CAND_036	36	NODE1GEN_136300_source_rfantibody_source_id_PVRIG_RFAb_v2_P6_qkg_L_bb255_mpn02_arm_P6_qkg_L_backbone_P6_qkg_L_bb255_status_NEEDS_RF2_AND_DOCKING	PVRIG_CAND_040	40	NODE1GEN_100102_source_rfantibody_source_id_PVRIG_RFAb_v2_P5_ekg_L_bb007_mpn10_arm_P5_ekg_L_backbone_P5_ekg_L_bb007_status_NEEDS_RF2_AND_DOCKING	0.500000	0.500000	0.470588	0.500000	true
PVRIG_CAND_036	36	NODE1GEN_136300_source_rfantibody_source_id_PVRIG_RFAb_v2_P6_qkg_L_bb255_mpn02_arm_P6_qkg_L_backbone_P6_qkg_L_bb255_status_NEEDS_RF2_AND_DOCKING	PVRIG_CAND_041	41	NODE1GEN_109883_source_rfantibody_source_id_PVRIG_RFAb_v2_P5_qkg_L_bb130_mpn02_arm_P5_qkg_L_backbone_P5_qkg_L_bb130_status_NEEDS_RF2_AND_DOCKING	0.875000	0.750000	0.352941	0.875000	false
PVRIG_CAND_036	36	NODE1GEN_136300_source_rfantibody_source_id_PVRIG_RFAb_v2_P6_qkg_L_bb255_mpn02_arm_P6_qkg_L_backbone_P6_qkg_L_bb255_status_NEEDS_RF2_AND_DOCKING	PVRIG_CAND_042	42	P1MCPUFP__CPUFP500K_0030__00860	0.125000	0.500000	0.235294	0.500000	true
PVRIG_CAND_036	36	NODE1GEN_136300_source_rfantibody_source_id_PVRIG_RFAb_v2_P6_qkg_L_bb255_mpn02_arm_P6_qkg_L_backbone_P6_qkg_L_bb255_status_NEEDS_RF2_AND_DOCKING	PVRIG_CAND_043	43	P1MCPUFP__CPUFP500K_0029__00647	0.250000	0.625000	0.300000	0.625000	true
PVRIG_CAND_036	36	NODE1GEN_136300_source_rfantibody_source_id_PVRIG_RFAb_v2_P6_qkg_L_bb255_mpn02_arm_P6_qkg_L_backbone_P6_qkg_L_bb255_status_NEEDS_RF2_AND_DOCKING	PVRIG_CAND_044	44	P1MCPUFP__CPUFP500K_0090__00860	0.200000	0.250000	0.315789	0.315789	true
PVRIG_CAND_036	36	NODE1GEN_136300_source_rfantibody_source_id_PVRIG_RFAb_v2_P6_qkg_L_bb255_mpn02_arm_P6_qkg_L_backbone_P6_qkg_L_bb255_status_NEEDS_RF2_AND_DOCKING	PVRIG_CAND_045	45	P1MCPUFP__CPUFP500K_0289__00496	0.200000	0.500000	0.210526	0.500000	true
PVRIG_CAND_036	36	NODE1GEN_136300_source_rfantibody_source_id_PVRIG_RFAb_v2_P6_qkg_L_bb255_mpn02_arm_P6_qkg_L_backbone_P6_qkg_L_bb255_status_NEEDS_RF2_AND_DOCKING	PVRIG_CAND_046	46	P1MCPUFP__CPUFP500K_0091__00849	0.100000	0.250000	0.368421	0.368421	true
PVRIG_CAND_036	36	NODE1GEN_136300_source_rfantibody_source_id_PVRIG_RFAb_v2_P6_qkg_L_bb255_mpn02_arm_P6_qkg_L_backbone_P6_qkg_L_bb255_status_NEEDS_RF2_AND_DOCKING	PVRIG_CAND_047	47	P1MCPUFP__CPUFP500K_0388__00174	0.100000	0.375000	0.421053	0.421053	true
PVRIG_CAND_036	36	NODE1GEN_136300_source_rfantibody_source_id_PVRIG_RFAb_v2_P6_qkg_L_bb255_mpn02_arm_P6_qkg_L_backbone_P6_qkg_L_bb255_status_NEEDS_RF2_AND_DOCKING	PVRIG_CAND_048	48	P1MCPUFP__CPUFP500K_0487__00827	0.200000	0.500000	0.368421	0.500000	true
PVRIG_CAND_036	36	NODE1GEN_136300_source_rfantibody_source_id_PVRIG_RFAb_v2_P6_qkg_L_bb255_mpn02_arm_P6_qkg_L_backbone_P6_qkg_L_bb255_status_NEEDS_RF2_AND_DOCKING	PVRIG_CAND_049	49	P1MCPUFP__CPUFP500K_0188__00645	0.300000	0.250000	0.263158	0.300000	true
PVRIG_CAND_036	36	NODE1GEN_136300_source_rfantibody_source_id_PVRIG_RFAb_v2_P6_qkg_L_bb255_mpn02_arm_P6_qkg_L_backbone_P6_qkg_L_bb255_status_NEEDS_RF2_AND_DOCKING	PVRIG_CAND_050	50	NODE1GEN_128929_source_rfantibody_source_id_PVRIG_RFAb_v2_P6_ekg_L_bb339_mpn06_arm_P6_ekg_L_backbone_P6_ekg_L_bb339_status_NEEDS_RF2_AND_DOCKING	0.750000	0.750000	0.411765	0.750000	true
PVRIG_CAND_037	37	NODE1GEN_095824_source_rfantibody_source_id_PVRIG_RFAb_v2_P4_qrg_L_bb358_mpn04_arm_P4_qrg_L_backbone_P4_qrg_L_bb358_status_NEEDS_RF2_AND_DOCKING	PVRIG_CAND_038	38	NODE1GEN_017313_source_rfantibody_source_id_PVRIG_RFAb_v2_P1_qrg_L_bb054_mpn00_arm_P1_qrg_L_backbone_P1_qrg_L_bb054_status_NEEDS_RF2_AND_DOCKING	0.625000	0.875000	0.470588	0.875000	false
PVRIG_CAND_037	37	NODE1GEN_095824_source_rfantibody_source_id_PVRIG_RFAb_v2_P4_qrg_L_bb358_mpn04_arm_P4_qrg_L_backbone_P4_qrg_L_bb358_status_NEEDS_RF2_AND_DOCKING	PVRIG_CAND_039	39	NODE1GEN_109783_source_rfantibody_source_id_PVRIG_RFAb_v2_P5_qkg_L_bb121_mpn06_arm_P5_qkg_L_backbone_P5_qkg_L_bb121_status_NEEDS_RF2_AND_DOCKING	0.625000	0.625000	0.470588	0.625000	true
PVRIG_CAND_037	37	NODE1GEN_095824_source_rfantibody_source_id_PVRIG_RFAb_v2_P4_qrg_L_bb358_mpn04_arm_P4_qrg_L_backbone_P4_qrg_L_bb358_status_NEEDS_RF2_AND_DOCKING	PVRIG_CAND_040	40	NODE1GEN_100102_source_rfantibody_source_id_PVRIG_RFAb_v2_P5_ekg_L_bb007_mpn10_arm_P5_ekg_L_backbone_P5_ekg_L_bb007_status_NEEDS_RF2_AND_DOCKING	0.625000	0.375000	0.562500	0.625000	true
PVRIG_CAND_037	37	NODE1GEN_095824_source_rfantibody_source_id_PVRIG_RFAb_v2_P4_qrg_L_bb358_mpn04_arm_P4_qrg_L_backbone_P4_qrg_L_bb358_status_NEEDS_RF2_AND_DOCKING	PVRIG_CAND_041	41	NODE1GEN_109883_source_rfantibody_source_id_PVRIG_RFAb_v2_P5_qkg_L_bb130_mpn02_arm_P5_qkg_L_backbone_P5_qkg_L_bb130_status_NEEDS_RF2_AND_DOCKING	0.750000	0.750000	0.500000	0.750000	true
PVRIG_CAND_037	37	NODE1GEN_095824_source_rfantibody_source_id_PVRIG_RFAb_v2_P4_qrg_L_bb358_mpn04_arm_P4_qrg_L_backbone_P4_qrg_L_bb358_status_NEEDS_RF2_AND_DOCKING	PVRIG_CAND_042	42	P1MCPUFP__CPUFP500K_0030__00860	0.125000	0.750000	0.312500	0.750000	true
PVRIG_CAND_037	37	NODE1GEN_095824_source_rfantibody_source_id_PVRIG_RFAb_v2_P4_qrg_L_bb358_mpn04_arm_P4_qrg_L_backbone_P4_qrg_L_bb358_status_NEEDS_RF2_AND_DOCKING	PVRIG_CAND_043	43	P1MCPUFP__CPUFP500K_0029__00647	0.125000	0.875000	0.250000	0.875000	false
PVRIG_CAND_037	37	NODE1GEN_095824_source_rfantibody_source_id_PVRIG_RFAb_v2_P4_qrg_L_bb358_mpn04_arm_P4_qrg_L_backbone_P4_qrg_L_bb358_status_NEEDS_RF2_AND_DOCKING	PVRIG_CAND_044	44	P1MCPUFP__CPUFP500K_0090__00860	0.200000	0.250000	0.368421	0.368421	true
PVRIG_CAND_037	37	NODE1GEN_095824_source_rfantibody_source_id_PVRIG_RFAb_v2_P4_qrg_L_bb358_mpn04_arm_P4_qrg_L_backbone_P4_qrg_L_bb358_status_NEEDS_RF2_AND_DOCKING	PVRIG_CAND_045	45	P1MCPUFP__CPUFP500K_0289__00496	0.200000	0.500000	0.368421	0.500000	true
PVRIG_CAND_037	37	NODE1GEN_095824_source_rfantibody_source_id_PVRIG_RFAb_v2_P4_qrg_L_bb358_mpn04_arm_P4_qrg_L_backbone_P4_qrg_L_bb358_status_NEEDS_RF2_AND_DOCKING	PVRIG_CAND_046	46	P1MCPUFP__CPUFP500K_0091__00849	0.100000	0.375000	0.421053	0.421053	true
PVRIG_CAND_037	37	NODE1GEN_095824_source_rfantibody_source_id_PVRIG_RFAb_v2_P4_qrg_L_bb358_mpn04_arm_P4_qrg_L_backbone_P4_qrg_L_bb358_status_NEEDS_RF2_AND_DOCKING	PVRIG_CAND_047	47	P1MCPUFP__CPUFP500K_0388__00174	0.100000	0.500000	0.526316	0.526316	true
PVRIG_CAND_037	37	NODE1GEN_095824_source_rfantibody_source_id_PVRIG_RFAb_v2_P4_qrg_L_bb358_mpn04_arm_P4_qrg_L_backbone_P4_qrg_L_bb358_status_NEEDS_RF2_AND_DOCKING	PVRIG_CAND_048	48	P1MCPUFP__CPUFP500K_0487__00827	0.200000	0.500000	0.421053	0.500000	true
PVRIG_CAND_037	37	NODE1GEN_095824_source_rfantibody_source_id_PVRIG_RFAb_v2_P4_qrg_L_bb358_mpn04_arm_P4_qrg_L_backbone_P4_qrg_L_bb358_status_NEEDS_RF2_AND_DOCKING	PVRIG_CAND_049	49	P1MCPUFP__CPUFP500K_0188__00645	0.300000	0.375000	0.263158	0.375000	true
PVRIG_CAND_037	37	NODE1GEN_095824_source_rfantibody_source_id_PVRIG_RFAb_v2_P4_qrg_L_bb358_mpn04_arm_P4_qrg_L_backbone_P4_qrg_L_bb358_status_NEEDS_RF2_AND_DOCKING	PVRIG_CAND_050	50	NODE1GEN_128929_source_rfantibody_source_id_PVRIG_RFAb_v2_P6_ekg_L_bb339_mpn06_arm_P6_ekg_L_backbone_P6_ekg_L_bb339_status_NEEDS_RF2_AND_DOCKING	0.625000	0.750000	0.375000	0.750000	true
PVRIG_CAND_038	38	NODE1GEN_017313_source_rfantibody_source_id_PVRIG_RFAb_v2_P1_qrg_L_bb054_mpn00_arm_P1_qrg_L_backbone_P1_qrg_L_bb054_status_NEEDS_RF2_AND_DOCKING	PVRIG_CAND_039	39	NODE1GEN_109783_source_rfantibody_source_id_PVRIG_RFAb_v2_P5_qkg_L_bb121_mpn06_arm_P5_qkg_L_backbone_P5_qkg_L_bb121_status_NEEDS_RF2_AND_DOCKING	0.875000	0.750000	0.529412	0.875000	false
PVRIG_CAND_038	38	NODE1GEN_017313_source_rfantibody_source_id_PVRIG_RFAb_v2_P1_qrg_L_bb054_mpn00_arm_P1_qrg_L_backbone_P1_qrg_L_bb054_status_NEEDS_RF2_AND_DOCKING	PVRIG_CAND_040	40	NODE1GEN_100102_source_rfantibody_source_id_PVRIG_RFAb_v2_P5_ekg_L_bb007_mpn10_arm_P5_ekg_L_backbone_P5_ekg_L_bb007_status_NEEDS_RF2_AND_DOCKING	0.375000	0.375000	0.411765	0.411765	true
PVRIG_CAND_038	38	NODE1GEN_017313_source_rfantibody_source_id_PVRIG_RFAb_v2_P1_qrg_L_bb054_mpn00_arm_P1_qrg_L_backbone_P1_qrg_L_bb054_status_NEEDS_RF2_AND_DOCKING	PVRIG_CAND_041	41	NODE1GEN_109883_source_rfantibody_source_id_PVRIG_RFAb_v2_P5_qkg_L_bb130_mpn02_arm_P5_qkg_L_backbone_P5_qkg_L_bb130_status_NEEDS_RF2_AND_DOCKING	0.750000	0.750000	0.352941	0.750000	true
PVRIG_CAND_038	38	NODE1GEN_017313_source_rfantibody_source_id_PVRIG_RFAb_v2_P1_qrg_L_bb054_mpn00_arm_P1_qrg_L_backbone_P1_qrg_L_bb054_status_NEEDS_RF2_AND_DOCKING	PVRIG_CAND_042	42	P1MCPUFP__CPUFP500K_0030__00860	0.125000	0.750000	0.235294	0.750000	true
PVRIG_CAND_038	38	NODE1GEN_017313_source_rfantibody_source_id_PVRIG_RFAb_v2_P1_qrg_L_bb054_mpn00_arm_P1_qrg_L_backbone_P1_qrg_L_bb054_status_NEEDS_RF2_AND_DOCKING	PVRIG_CAND_043	43	P1MCPUFP__CPUFP500K_0029__00647	0.250000	0.875000	0.176471	0.875000	false
PVRIG_CAND_038	38	NODE1GEN_017313_source_rfantibody_source_id_PVRIG_RFAb_v2_P1_qrg_L_bb054_mpn00_arm_P1_qrg_L_backbone_P1_qrg_L_bb054_status_NEEDS_RF2_AND_DOCKING	PVRIG_CAND_044	44	P1MCPUFP__CPUFP500K_0090__00860	0.200000	0.250000	0.315789	0.315789	true
PVRIG_CAND_038	38	NODE1GEN_017313_source_rfantibody_source_id_PVRIG_RFAb_v2_P1_qrg_L_bb054_mpn00_arm_P1_qrg_L_backbone_P1_qrg_L_bb054_status_NEEDS_RF2_AND_DOCKING	PVRIG_CAND_045	45	P1MCPUFP__CPUFP500K_0289__00496	0.300000	0.500000	0.263158	0.500000	true
PVRIG_CAND_038	38	NODE1GEN_017313_source_rfantibody_source_id_PVRIG_RFAb_v2_P1_qrg_L_bb054_mpn00_arm_P1_qrg_L_backbone_P1_qrg_L_bb054_status_NEEDS_RF2_AND_DOCKING	PVRIG_CAND_046	46	P1MCPUFP__CPUFP500K_0091__00849	0.200000	0.375000	0.263158	0.375000	true
PVRIG_CAND_038	38	NODE1GEN_017313_source_rfantibody_source_id_PVRIG_RFAb_v2_P1_qrg_L_bb054_mpn00_arm_P1_qrg_L_backbone_P1_qrg_L_bb054_status_NEEDS_RF2_AND_DOCKING	PVRIG_CAND_047	47	P1MCPUFP__CPUFP500K_0388__00174	0.200000	0.500000	0.368421	0.500000	true
PVRIG_CAND_038	38	NODE1GEN_017313_source_rfantibody_source_id_PVRIG_RFAb_v2_P1_qrg_L_bb054_mpn00_arm_P1_qrg_L_backbone_P1_qrg_L_bb054_status_NEEDS_RF2_AND_DOCKING	PVRIG_CAND_048	48	P1MCPUFP__CPUFP500K_0487__00827	0.300000	0.500000	0.315789	0.500000	true
PVRIG_CAND_038	38	NODE1GEN_017313_source_rfantibody_source_id_PVRIG_RFAb_v2_P1_qrg_L_bb054_mpn00_arm_P1_qrg_L_backbone_P1_qrg_L_bb054_status_NEEDS_RF2_AND_DOCKING	PVRIG_CAND_049	49	P1MCPUFP__CPUFP500K_0188__00645	0.300000	0.375000	0.263158	0.375000	true
PVRIG_CAND_038	38	NODE1GEN_017313_source_rfantibody_source_id_PVRIG_RFAb_v2_P1_qrg_L_bb054_mpn00_arm_P1_qrg_L_backbone_P1_qrg_L_bb054_status_NEEDS_RF2_AND_DOCKING	PVRIG_CAND_050	50	NODE1GEN_128929_source_rfantibody_source_id_PVRIG_RFAb_v2_P6_ekg_L_bb339_mpn06_arm_P6_ekg_L_backbone_P6_ekg_L_bb339_status_NEEDS_RF2_AND_DOCKING	0.875000	0.625000	0.411765	0.875000	false
PVRIG_CAND_039	39	NODE1GEN_109783_source_rfantibody_source_id_PVRIG_RFAb_v2_P5_qkg_L_bb121_mpn06_arm_P5_qkg_L_backbone_P5_qkg_L_bb121_status_NEEDS_RF2_AND_DOCKING	PVRIG_CAND_040	40	NODE1GEN_100102_source_rfantibody_source_id_PVRIG_RFAb_v2_P5_ekg_L_bb007_mpn10_arm_P5_ekg_L_backbone_P5_ekg_L_bb007_status_NEEDS_RF2_AND_DOCKING	0.375000	0.375000	0.411765	0.411765	true
PVRIG_CAND_039	39	NODE1GEN_109783_source_rfantibody_source_id_PVRIG_RFAb_v2_P5_qkg_L_bb121_mpn06_arm_P5_qkg_L_backbone_P5_qkg_L_bb121_status_NEEDS_RF2_AND_DOCKING	PVRIG_CAND_041	41	NODE1GEN_109883_source_rfantibody_source_id_PVRIG_RFAb_v2_P5_qkg_L_bb130_mpn02_arm_P5_qkg_L_backbone_P5_qkg_L_bb130_status_NEEDS_RF2_AND_DOCKING	0.750000	0.750000	0.352941	0.750000	true
PVRIG_CAND_039	39	NODE1GEN_109783_source_rfantibody_source_id_PVRIG_RFAb_v2_P5_qkg_L_bb121_mpn06_arm_P5_qkg_L_backbone_P5_qkg_L_bb121_status_NEEDS_RF2_AND_DOCKING	PVRIG_CAND_042	42	P1MCPUFP__CPUFP500K_0030__00860	0.125000	0.500000	0.294118	0.500000	true
PVRIG_CAND_039	39	NODE1GEN_109783_source_rfantibody_source_id_PVRIG_RFAb_v2_P5_qkg_L_bb121_mpn06_arm_P5_qkg_L_backbone_P5_qkg_L_bb121_status_NEEDS_RF2_AND_DOCKING	PVRIG_CAND_043	43	P1MCPUFP__CPUFP500K_0029__00647	0.250000	0.625000	0.176471	0.625000	true
PVRIG_CAND_039	39	NODE1GEN_109783_source_rfantibody_source_id_PVRIG_RFAb_v2_P5_qkg_L_bb121_mpn06_arm_P5_qkg_L_backbone_P5_qkg_L_bb121_status_NEEDS_RF2_AND_DOCKING	PVRIG_CAND_044	44	P1MCPUFP__CPUFP500K_0090__00860	0.200000	0.375000	0.368421	0.375000	true
PVRIG_CAND_039	39	NODE1GEN_109783_source_rfantibody_source_id_PVRIG_RFAb_v2_P5_qkg_L_bb121_mpn06_arm_P5_qkg_L_backbone_P5_qkg_L_bb121_status_NEEDS_RF2_AND_DOCKING	PVRIG_CAND_045	45	P1MCPUFP__CPUFP500K_0289__00496	0.300000	0.375000	0.157895	0.375000	true
PVRIG_CAND_039	39	NODE1GEN_109783_source_rfantibody_source_id_PVRIG_RFAb_v2_P5_qkg_L_bb121_mpn06_arm_P5_qkg_L_backbone_P5_qkg_L_bb121_status_NEEDS_RF2_AND_DOCKING	PVRIG_CAND_046	46	P1MCPUFP__CPUFP500K_0091__00849	0.200000	0.250000	0.368421	0.368421	true
PVRIG_CAND_039	39	NODE1GEN_109783_source_rfantibody_source_id_PVRIG_RFAb_v2_P5_qkg_L_bb121_mpn06_arm_P5_qkg_L_backbone_P5_qkg_L_bb121_status_NEEDS_RF2_AND_DOCKING	PVRIG_CAND_047	47	P1MCPUFP__CPUFP500K_0388__00174	0.200000	0.375000	0.368421	0.375000	true
PVRIG_CAND_039	39	NODE1GEN_109783_source_rfantibody_source_id_PVRIG_RFAb_v2_P5_qkg_L_bb121_mpn06_arm_P5_qkg_L_backbone_P5_qkg_L_bb121_status_NEEDS_RF2_AND_DOCKING	PVRIG_CAND_048	48	P1MCPUFP__CPUFP500K_0487__00827	0.300000	0.500000	0.368421	0.500000	true
PVRIG_CAND_039	39	NODE1GEN_109783_source_rfantibody_source_id_PVRIG_RFAb_v2_P5_qkg_L_bb121_mpn06_arm_P5_qkg_L_backbone_P5_qkg_L_bb121_status_NEEDS_RF2_AND_DOCKING	PVRIG_CAND_049	49	P1MCPUFP__CPUFP500K_0188__00645	0.300000	0.250000	0.263158	0.300000	true
PVRIG_CAND_039	39	NODE1GEN_109783_source_rfantibody_source_id_PVRIG_RFAb_v2_P5_qkg_L_bb121_mpn06_arm_P5_qkg_L_backbone_P5_qkg_L_bb121_status_NEEDS_RF2_AND_DOCKING	PVRIG_CAND_050	50	NODE1GEN_128929_source_rfantibody_source_id_PVRIG_RFAb_v2_P6_ekg_L_bb339_mpn06_arm_P6_ekg_L_backbone_P6_ekg_L_bb339_status_NEEDS_RF2_AND_DOCKING	0.875000	0.625000	0.470588	0.875000	false
PVRIG_CAND_040	40	NODE1GEN_100102_source_rfantibody_source_id_PVRIG_RFAb_v2_P5_ekg_L_bb007_mpn10_arm_P5_ekg_L_backbone_P5_ekg_L_bb007_status_NEEDS_RF2_AND_DOCKING	PVRIG_CAND_041	41	NODE1GEN_109883_source_rfantibody_source_id_PVRIG_RFAb_v2_P5_qkg_L_bb130_mpn02_arm_P5_qkg_L_backbone_P5_qkg_L_bb130_status_NEEDS_RF2_AND_DOCKING	0.500000	0.500000	0.375000	0.500000	true
PVRIG_CAND_040	40	NODE1GEN_100102_source_rfantibody_source_id_PVRIG_RFAb_v2_P5_ekg_L_bb007_mpn10_arm_P5_ekg_L_backbone_P5_ekg_L_bb007_status_NEEDS_RF2_AND_DOCKING	PVRIG_CAND_042	42	P1MCPUFP__CPUFP500K_0030__00860	0.125000	0.250000	0.312500	0.312500	true
PVRIG_CAND_040	40	NODE1GEN_100102_source_rfantibody_source_id_PVRIG_RFAb_v2_P5_ekg_L_bb007_mpn10_arm_P5_ekg_L_backbone_P5_ekg_L_bb007_status_NEEDS_RF2_AND_DOCKING	PVRIG_CAND_043	43	P1MCPUFP__CPUFP500K_0029__00647	0.125000	0.375000	0.250000	0.375000	true
PVRIG_CAND_040	40	NODE1GEN_100102_source_rfantibody_source_id_PVRIG_RFAb_v2_P5_ekg_L_bb007_mpn10_arm_P5_ekg_L_backbone_P5_ekg_L_bb007_status_NEEDS_RF2_AND_DOCKING	PVRIG_CAND_044	44	P1MCPUFP__CPUFP500K_0090__00860	0.200000	0.250000	0.315789	0.315789	true
PVRIG_CAND_040	40	NODE1GEN_100102_source_rfantibody_source_id_PVRIG_RFAb_v2_P5_ekg_L_bb007_mpn10_arm_P5_ekg_L_backbone_P5_ekg_L_bb007_status_NEEDS_RF2_AND_DOCKING	PVRIG_CAND_045	45	P1MCPUFP__CPUFP500K_0289__00496	0.100000	0.375000	0.315789	0.375000	true
PVRIG_CAND_040	40	NODE1GEN_100102_source_rfantibody_source_id_PVRIG_RFAb_v2_P5_ekg_L_bb007_mpn10_arm_P5_ekg_L_backbone_P5_ekg_L_bb007_status_NEEDS_RF2_AND_DOCKING	PVRIG_CAND_046	46	P1MCPUFP__CPUFP500K_0091__00849	0.100000	0.125000	0.315789	0.315789	true
PVRIG_CAND_040	40	NODE1GEN_100102_source_rfantibody_source_id_PVRIG_RFAb_v2_P5_ekg_L_bb007_mpn10_arm_P5_ekg_L_backbone_P5_ekg_L_bb007_status_NEEDS_RF2_AND_DOCKING	PVRIG_CAND_047	47	P1MCPUFP__CPUFP500K_0388__00174	0.100000	0.250000	0.421053	0.421053	true
PVRIG_CAND_040	40	NODE1GEN_100102_source_rfantibody_source_id_PVRIG_RFAb_v2_P5_ekg_L_bb007_mpn10_arm_P5_ekg_L_backbone_P5_ekg_L_bb007_status_NEEDS_RF2_AND_DOCKING	PVRIG_CAND_048	48	P1MCPUFP__CPUFP500K_0487__00827	0.100000	0.375000	0.315789	0.375000	true
PVRIG_CAND_040	40	NODE1GEN_100102_source_rfantibody_source_id_PVRIG_RFAb_v2_P5_ekg_L_bb007_mpn10_arm_P5_ekg_L_backbone_P5_ekg_L_bb007_status_NEEDS_RF2_AND_DOCKING	PVRIG_CAND_049	49	P1MCPUFP__CPUFP500K_0188__00645	0.200000	0.375000	0.210526	0.375000	true
PVRIG_CAND_040	40	NODE1GEN_100102_source_rfantibody_source_id_PVRIG_RFAb_v2_P5_ekg_L_bb007_mpn10_arm_P5_ekg_L_backbone_P5_ekg_L_bb007_status_NEEDS_RF2_AND_DOCKING	PVRIG_CAND_050	50	NODE1GEN_128929_source_rfantibody_source_id_PVRIG_RFAb_v2_P6_ekg_L_bb339_mpn06_arm_P6_ekg_L_backbone_P6_ekg_L_bb339_status_NEEDS_RF2_AND_DOCKING	0.375000	0.375000	0.437500	0.437500	true
PVRIG_CAND_041	41	NODE1GEN_109883_source_rfantibody_source_id_PVRIG_RFAb_v2_P5_qkg_L_bb130_mpn02_arm_P5_qkg_L_backbone_P5_qkg_L_bb130_status_NEEDS_RF2_AND_DOCKING	PVRIG_CAND_042	42	P1MCPUFP__CPUFP500K_0030__00860	0.125000	0.625000	0.375000	0.625000	true
PVRIG_CAND_041	41	NODE1GEN_109883_source_rfantibody_source_id_PVRIG_RFAb_v2_P5_qkg_L_bb130_mpn02_arm_P5_qkg_L_backbone_P5_qkg_L_bb130_status_NEEDS_RF2_AND_DOCKING	PVRIG_CAND_043	43	P1MCPUFP__CPUFP500K_0029__00647	0.250000	0.750000	0.187500	0.750000	true
PVRIG_CAND_041	41	NODE1GEN_109883_source_rfantibody_source_id_PVRIG_RFAb_v2_P5_qkg_L_bb130_mpn02_arm_P5_qkg_L_backbone_P5_qkg_L_bb130_status_NEEDS_RF2_AND_DOCKING	PVRIG_CAND_044	44	P1MCPUFP__CPUFP500K_0090__00860	0.200000	0.250000	0.421053	0.421053	true
PVRIG_CAND_041	41	NODE1GEN_109883_source_rfantibody_source_id_PVRIG_RFAb_v2_P5_qkg_L_bb130_mpn02_arm_P5_qkg_L_backbone_P5_qkg_L_bb130_status_NEEDS_RF2_AND_DOCKING	PVRIG_CAND_045	45	P1MCPUFP__CPUFP500K_0289__00496	0.200000	0.625000	0.157895	0.625000	true
PVRIG_CAND_041	41	NODE1GEN_109883_source_rfantibody_source_id_PVRIG_RFAb_v2_P5_qkg_L_bb130_mpn02_arm_P5_qkg_L_backbone_P5_qkg_L_bb130_status_NEEDS_RF2_AND_DOCKING	PVRIG_CAND_046	46	P1MCPUFP__CPUFP500K_0091__00849	0.100000	0.375000	0.263158	0.375000	true
PVRIG_CAND_041	41	NODE1GEN_109883_source_rfantibody_source_id_PVRIG_RFAb_v2_P5_qkg_L_bb130_mpn02_arm_P5_qkg_L_backbone_P5_qkg_L_bb130_status_NEEDS_RF2_AND_DOCKING	PVRIG_CAND_047	47	P1MCPUFP__CPUFP500K_0388__00174	0.100000	0.500000	0.315789	0.500000	true
PVRIG_CAND_041	41	NODE1GEN_109883_source_rfantibody_source_id_PVRIG_RFAb_v2_P5_qkg_L_bb130_mpn02_arm_P5_qkg_L_backbone_P5_qkg_L_bb130_status_NEEDS_RF2_AND_DOCKING	PVRIG_CAND_048	48	P1MCPUFP__CPUFP500K_0487__00827	0.200000	0.625000	0.263158	0.625000	true
PVRIG_CAND_041	41	NODE1GEN_109883_source_rfantibody_source_id_PVRIG_RFAb_v2_P5_qkg_L_bb130_mpn02_arm_P5_qkg_L_backbone_P5_qkg_L_bb130_status_NEEDS_RF2_AND_DOCKING	PVRIG_CAND_049	49	P1MCPUFP__CPUFP500K_0188__00645	0.300000	0.250000	0.263158	0.300000	true
PVRIG_CAND_041	41	NODE1GEN_109883_source_rfantibody_source_id_PVRIG_RFAb_v2_P5_qkg_L_bb130_mpn02_arm_P5_qkg_L_backbone_P5_qkg_L_bb130_status_NEEDS_RF2_AND_DOCKING	PVRIG_CAND_050	50	NODE1GEN_128929_source_rfantibody_source_id_PVRIG_RFAb_v2_P6_ekg_L_bb339_mpn06_arm_P6_ekg_L_backbone_P6_ekg_L_bb339_status_NEEDS_RF2_AND_DOCKING	0.875000	0.625000	0.375000	0.875000	false
PVRIG_CAND_042	42	P1MCPUFP__CPUFP500K_0030__00860	PVRIG_CAND_043	43	P1MCPUFP__CPUFP500K_0029__00647	0.625000	0.875000	0.187500	0.875000	false
PVRIG_CAND_042	42	P1MCPUFP__CPUFP500K_0030__00860	PVRIG_CAND_044	44	P1MCPUFP__CPUFP500K_0090__00860	0.600000	0.375000	0.263158	0.600000	true
PVRIG_CAND_042	42	P1MCPUFP__CPUFP500K_0030__00860	PVRIG_CAND_045	45	P1MCPUFP__CPUFP500K_0289__00496	0.300000	0.500000	0.263158	0.500000	true
PVRIG_CAND_042	42	P1MCPUFP__CPUFP500K_0030__00860	PVRIG_CAND_046	46	P1MCPUFP__CPUFP500K_0091__00849	0.300000	0.500000	0.263158	0.500000	true
PVRIG_CAND_042	42	P1MCPUFP__CPUFP500K_0030__00860	PVRIG_CAND_047	47	P1MCPUFP__CPUFP500K_0388__00174	0.300000	0.500000	0.315789	0.500000	true
PVRIG_CAND_042	42	P1MCPUFP__CPUFP500K_0030__00860	PVRIG_CAND_048	48	P1MCPUFP__CPUFP500K_0487__00827	0.200000	0.500000	0.210526	0.500000	true
PVRIG_CAND_042	42	P1MCPUFP__CPUFP500K_0030__00860	PVRIG_CAND_049	49	P1MCPUFP__CPUFP500K_0188__00645	0.400000	0.375000	0.263158	0.400000	true
PVRIG_CAND_042	42	P1MCPUFP__CPUFP500K_0030__00860	PVRIG_CAND_050	50	NODE1GEN_128929_source_rfantibody_source_id_PVRIG_RFAb_v2_P6_ekg_L_bb339_mpn06_arm_P6_ekg_L_backbone_P6_ekg_L_bb339_status_NEEDS_RF2_AND_DOCKING	0.125000	0.500000	0.250000	0.500000	true
PVRIG_CAND_043	43	P1MCPUFP__CPUFP500K_0029__00647	PVRIG_CAND_044	44	P1MCPUFP__CPUFP500K_0090__00860	0.300000	0.375000	0.315789	0.375000	true
PVRIG_CAND_043	43	P1MCPUFP__CPUFP500K_0029__00647	PVRIG_CAND_045	45	P1MCPUFP__CPUFP500K_0289__00496	0.200000	0.500000	0.315789	0.500000	true
PVRIG_CAND_043	43	P1MCPUFP__CPUFP500K_0029__00647	PVRIG_CAND_046	46	P1MCPUFP__CPUFP500K_0091__00849	0.200000	0.500000	0.368421	0.500000	true
PVRIG_CAND_043	43	P1MCPUFP__CPUFP500K_0029__00647	PVRIG_CAND_047	47	P1MCPUFP__CPUFP500K_0388__00174	0.200000	0.500000	0.368421	0.500000	true
PVRIG_CAND_043	43	P1MCPUFP__CPUFP500K_0029__00647	PVRIG_CAND_048	48	P1MCPUFP__CPUFP500K_0487__00827	0.200000	0.500000	0.368421	0.500000	true
PVRIG_CAND_043	43	P1MCPUFP__CPUFP500K_0029__00647	PVRIG_CAND_049	49	P1MCPUFP__CPUFP500K_0188__00645	0.200000	0.375000	0.272727	0.375000	true
PVRIG_CAND_043	43	P1MCPUFP__CPUFP500K_0029__00647	PVRIG_CAND_050	50	NODE1GEN_128929_source_rfantibody_source_id_PVRIG_RFAb_v2_P6_ekg_L_bb339_mpn06_arm_P6_ekg_L_backbone_P6_ekg_L_bb339_status_NEEDS_RF2_AND_DOCKING	0.250000	0.625000	0.187500	0.625000	true
PVRIG_CAND_044	44	P1MCPUFP__CPUFP500K_0090__00860	PVRIG_CAND_045	45	P1MCPUFP__CPUFP500K_0289__00496	0.200000	0.428571	0.315789	0.428571	true
PVRIG_CAND_044	44	P1MCPUFP__CPUFP500K_0090__00860	PVRIG_CAND_046	46	P1MCPUFP__CPUFP500K_0091__00849	0.200000	0.428571	0.421053	0.428571	true
PVRIG_CAND_044	44	P1MCPUFP__CPUFP500K_0090__00860	PVRIG_CAND_047	47	P1MCPUFP__CPUFP500K_0388__00174	0.200000	0.428571	0.421053	0.428571	true
PVRIG_CAND_044	44	P1MCPUFP__CPUFP500K_0090__00860	PVRIG_CAND_048	48	P1MCPUFP__CPUFP500K_0487__00827	0.200000	0.285714	0.421053	0.421053	true
PVRIG_CAND_044	44	P1MCPUFP__CPUFP500K_0090__00860	PVRIG_CAND_049	49	P1MCPUFP__CPUFP500K_0188__00645	0.700000	0.571429	0.210526	0.700000	true
PVRIG_CAND_044	44	P1MCPUFP__CPUFP500K_0090__00860	PVRIG_CAND_050	50	NODE1GEN_128929_source_rfantibody_source_id_PVRIG_RFAb_v2_P6_ekg_L_bb339_mpn06_arm_P6_ekg_L_backbone_P6_ekg_L_bb339_status_NEEDS_RF2_AND_DOCKING	0.200000	0.250000	0.315789	0.315789	true
PVRIG_CAND_045	45	P1MCPUFP__CPUFP500K_0289__00496	PVRIG_CAND_046	46	P1MCPUFP__CPUFP500K_0091__00849	0.700000	0.571429	0.789474	0.789474	true
PVRIG_CAND_045	45	P1MCPUFP__CPUFP500K_0289__00496	PVRIG_CAND_047	47	P1MCPUFP__CPUFP500K_0388__00174	0.600000	0.857143	0.526316	0.857143	false
PVRIG_CAND_045	45	P1MCPUFP__CPUFP500K_0289__00496	PVRIG_CAND_048	48	P1MCPUFP__CPUFP500K_0487__00827	0.700000	0.857143	0.631579	0.857143	false
PVRIG_CAND_045	45	P1MCPUFP__CPUFP500K_0289__00496	PVRIG_CAND_049	49	P1MCPUFP__CPUFP500K_0188__00645	0.300000	0.428571	0.210526	0.428571	true
PVRIG_CAND_045	45	P1MCPUFP__CPUFP500K_0289__00496	PVRIG_CAND_050	50	NODE1GEN_128929_source_rfantibody_source_id_PVRIG_RFAb_v2_P6_ekg_L_bb339_mpn06_arm_P6_ekg_L_backbone_P6_ekg_L_bb339_status_NEEDS_RF2_AND_DOCKING	0.300000	0.375000	0.210526	0.375000	true
PVRIG_CAND_046	46	P1MCPUFP__CPUFP500K_0091__00849	PVRIG_CAND_047	47	P1MCPUFP__CPUFP500K_0388__00174	0.700000	0.571429	0.736842	0.736842	true
PVRIG_CAND_046	46	P1MCPUFP__CPUFP500K_0091__00849	PVRIG_CAND_048	48	P1MCPUFP__CPUFP500K_0487__00827	0.500000	0.428571	0.789474	0.789474	true
PVRIG_CAND_046	46	P1MCPUFP__CPUFP500K_0091__00849	PVRIG_CAND_049	49	P1MCPUFP__CPUFP500K_0188__00645	0.363636	0.285714	0.157895	0.363636	true
PVRIG_CAND_046	46	P1MCPUFP__CPUFP500K_0091__00849	PVRIG_CAND_050	50	NODE1GEN_128929_source_rfantibody_source_id_PVRIG_RFAb_v2_P6_ekg_L_bb339_mpn06_arm_P6_ekg_L_backbone_P6_ekg_L_bb339_status_NEEDS_RF2_AND_DOCKING	0.200000	0.250000	0.315789	0.315789	true
PVRIG_CAND_047	47	P1MCPUFP__CPUFP500K_0388__00174	PVRIG_CAND_048	48	P1MCPUFP__CPUFP500K_0487__00827	0.600000	0.714286	0.789474	0.789474	true
PVRIG_CAND_047	47	P1MCPUFP__CPUFP500K_0388__00174	PVRIG_CAND_049	49	P1MCPUFP__CPUFP500K_0188__00645	0.200000	0.428571	0.263158	0.428571	true
PVRIG_CAND_047	47	P1MCPUFP__CPUFP500K_0388__00174	PVRIG_CAND_050	50	NODE1GEN_128929_source_rfantibody_source_id_PVRIG_RFAb_v2_P6_ekg_L_bb339_mpn06_arm_P6_ekg_L_backbone_P6_ekg_L_bb339_status_NEEDS_RF2_AND_DOCKING	0.200000	0.375000	0.368421	0.375000	true
PVRIG_CAND_048	48	P1MCPUFP__CPUFP500K_0487__00827	PVRIG_CAND_049	49	P1MCPUFP__CPUFP500K_0188__00645	0.300000	0.285714	0.210526	0.300000	true
PVRIG_CAND_048	48	P1MCPUFP__CPUFP500K_0487__00827	PVRIG_CAND_050	50	NODE1GEN_128929_source_rfantibody_source_id_PVRIG_RFAb_v2_P6_ekg_L_bb339_mpn06_arm_P6_ekg_L_backbone_P6_ekg_L_bb339_status_NEEDS_RF2_AND_DOCKING	0.300000	0.375000	0.315789	0.375000	true
PVRIG_CAND_049	49	P1MCPUFP__CPUFP500K_0188__00645	PVRIG_CAND_050	50	NODE1GEN_128929_source_rfantibody_source_id_PVRIG_RFAb_v2_P6_ekg_L_bb339_mpn06_arm_P6_ekg_L_backbone_P6_ekg_L_bb339_status_NEEDS_RF2_AND_DOCKING	0.300000	0.250000	0.300000	0.300000	true
