{
  "adaptive_exact_min_failures": 0,
  "claim_boundary": "Development diagnostic for computational dual-receptor Docking geometry labels; not binding, affinity, experimental blocking, Docking Gold, or submission evidence.",
  "counts": {
    "adaptive_terminal_rows": 1320,
    "tiers": {
      "DUAL_1_SEED": 917,
      "DUAL_2_SEED": 241,
      "DUAL_3_SEED": 123
    },
    "training_rows": 1507,
    "v4h_analyzable_rows": 1281
  },
  "input_sha256": {
    "adaptive_ranking_tsv": "144da9b8ce2a25db73813df2e23c1f48f9bebca8f565e50b15e4c1670e8c040e",
    "training_tsv": "ee120e460ce5f89cf0adc68e7f112395f0460834755d858ba1e7c509de116633"
  },
  "schema_version": "pvrig_v2_4_adaptive_scalar_update_diagnostic_v1",
  "seed_dispersion_max_by_tier": {
    "DUAL_1_SEED": {
      "max": 0.048923845,
      "mean": 0.000344139985823337,
      "median": 0.0,
      "q90": 0.0,
      "rows": 917
    },
    "DUAL_2_SEED": {
      "max": 0.086791894,
      "mean": 0.027033891883817426,
      "median": 0.024679881,
      "q90": 0.047501088,
      "rows": 241
    },
    "DUAL_3_SEED": {
      "max": 0.065110643,
      "mean": 0.030428183170731708,
      "median": 0.029031918,
      "q90": 0.04753349639999999,
      "rows": 123
    }
  },
  "status": "PASS_V4H_ADAPTIVE_SCALAR_UPDATE_DIAGNOSTIC",
  "targets": {
    "R_8X6B": {
      "all": {
        "changed_rows_at_1e_12": 329,
        "max_absolute_delta": 0.10165074900000004,
        "mean_absolute_delta": 0.0054162514184231065,
        "mean_signed_delta": -0.003486378253708041,
        "median_absolute_delta": 0.0,
        "q90_absolute_delta": 0.022535563000000036,
        "q95_absolute_delta": 0.034484644000000064,
        "rows": 1281,
        "spearman_stage1_vs_adaptive": 0.9755957613890037,
        "top20_overlap": {
          "budget": 257,
          "jaccard": 0.6742671009771987,
          "recall": 0.8054474708171206,
          "retained": 207
        }
      },
      "by_tier": {
        "DUAL_1_SEED": {
          "changed_rows_at_1e_12": 8,
          "max_absolute_delta": 0.04892384500000002,
          "mean_absolute_delta": 0.00017762549836423125,
          "mean_signed_delta": -8.192449291166837e-05,
          "median_absolute_delta": 0.0,
          "q90_absolute_delta": 0.0,
          "q95_absolute_delta": 0.0,
          "rows": 917,
          "spearman_stage1_vs_adaptive": 0.9998659774809177,
          "top20_overlap": {
            "budget": 184,
            "jaccard": 1.0,
            "recall": 1.0,
            "retained": 184
          }
        },
        "DUAL_2_SEED": {
          "changed_rows_at_1e_12": 241,
          "max_absolute_delta": 0.07514125700000007,
          "mean_absolute_delta": 0.018903318522821577,
          "mean_signed_delta": -0.012535549153526972,
          "median_absolute_delta": 0.014926575000000053,
          "q90_absolute_delta": 0.03935646799999992,
          "q95_absolute_delta": 0.04627298499999999,
          "rows": 241,
          "spearman_stage1_vs_adaptive": 0.7154109941360036,
          "top20_overlap": {
            "budget": 49,
            "jaccard": 0.3611111111111111,
            "recall": 0.5306122448979592,
            "retained": 26
          }
        },
        "DUAL_3_SEED": {
          "changed_rows_at_1e_12": 80,
          "max_absolute_delta": 0.10165074900000004,
          "mean_absolute_delta": 0.018045818869918694,
          "mean_signed_delta": -0.011137060463414637,
          "median_absolute_delta": 0.00845995799999999,
          "q90_absolute_delta": 0.050775134000000055,
          "q95_absolute_delta": 0.06486760379999994,
          "rows": 123,
          "spearman_stage1_vs_adaptive": 0.5484515871070926,
          "top20_overlap": {
            "budget": 25,
            "jaccard": 0.3888888888888889,
            "recall": 0.56,
            "retained": 14
          }
        }
      }
    },
    "R_9E6Y": {
      "all": {
        "changed_rows_at_1e_12": 330,
        "max_absolute_delta": 0.10117421900000001,
        "mean_absolute_delta": 0.005209189603434816,
        "mean_signed_delta": -0.0033865211756440275,
        "median_absolute_delta": 0.0,
        "q90_absolute_delta": 0.021556113999999904,
        "q95_absolute_delta": 0.031882948999999994,
        "rows": 1281,
        "spearman_stage1_vs_adaptive": 0.9744339921430583,
        "top20_overlap": {
          "budget": 257,
          "jaccard": 0.6907894736842105,
          "recall": 0.8171206225680934,
          "retained": 210
        }
      },
      "by_tier": {
        "DUAL_1_SEED": {
          "changed_rows_at_1e_12": 12,
          "max_absolute_delta": 0.04232342499999997,
          "mean_absolute_delta": 0.00016651448527808013,
          "mean_signed_delta": -9.82836019629226e-05,
          "median_absolute_delta": 0.0,
          "q90_absolute_delta": 0.0,
          "q95_absolute_delta": 0.0,
          "rows": 917,
          "spearman_stage1_vs_adaptive": 0.9992705639207581,
          "top20_overlap": {
            "budget": 184,
            "jaccard": 0.978494623655914,
            "recall": 0.9891304347826086,
            "retained": 182
          }
        },
        "DUAL_2_SEED": {
          "changed_rows_at_1e_12": 238,
          "max_absolute_delta": 0.08679189300000001,
          "mean_absolute_delta": 0.018783482502074688,
          "mean_signed_delta": -0.012945268012448129,
          "median_absolute_delta": 0.015626216999999998,
          "q90_absolute_delta": 0.03681016599999998,
          "q95_absolute_delta": 0.048144919999999924,
          "rows": 241,
          "spearman_stage1_vs_adaptive": 0.7266340317547411,
          "top20_overlap": {
            "budget": 49,
            "jaccard": 0.48484848484848486,
            "recall": 0.6530612244897959,
            "retained": 32
          }
        },
        "DUAL_3_SEED": {
          "changed_rows_at_1e_12": 80,
          "max_absolute_delta": 0.10117421900000001,
          "mean_absolute_delta": 0.01620698224390244,
          "mean_signed_delta": -0.009172341235772359,
          "median_absolute_delta": 0.00805408299999999,
          "q90_absolute_delta": 0.041904731800000025,
          "q95_absolute_delta": 0.059385762799999964,
          "rows": 123,
          "spearman_stage1_vs_adaptive": 0.6139995614657363,
          "top20_overlap": {
            "budget": 25,
            "jaccard": 0.3157894736842105,
            "recall": 0.48,
            "retained": 12
          }
        }
      }
    },
    "R_dual_min": {
      "all": {
        "changed_rows_at_1e_12": 341,
        "max_absolute_delta": 0.08100266600000006,
        "mean_absolute_delta": 0.004881620403590943,
        "mean_signed_delta": -0.0033024072419984385,
        "median_absolute_delta": 0.0,
        "q90_absolute_delta": 0.018639465999999993,
        "q95_absolute_delta": 0.030345384999999947,
        "rows": 1281,
        "spearman_stage1_vs_adaptive": 0.9822481191109473,
        "top20_overlap": {
          "budget": 257,
          "jaccard": 0.7306397306397306,
          "recall": 0.8443579766536965,
          "retained": 217
        }
      },
      "by_tier": {
        "DUAL_1_SEED": {
          "changed_rows_at_1e_12": 12,
          "max_absolute_delta": 0.04232342499999997,
          "mean_absolute_delta": 0.00019146341330425278,
          "mean_signed_delta": -7.388949618320638e-05,
          "median_absolute_delta": 0.0,
          "q90_absolute_delta": 0.0,
          "q95_absolute_delta": 0.0,
          "rows": 917,
          "spearman_stage1_vs_adaptive": 0.9995855137281419,
          "top20_overlap": {
            "budget": 184,
            "jaccard": 0.9891891891891892,
            "recall": 0.9945652173913043,
            "retained": 183
          }
        },
        "DUAL_2_SEED": {
          "changed_rows_at_1e_12": 239,
          "max_absolute_delta": 0.08015824900000001,
          "mean_absolute_delta": 0.016879795825726136,
          "mean_signed_delta": -0.013434623817427384,