model,baseline,haddock_rank,haddock_score,hotspot_overlap_count,align_rmsd_A,total_vhh_pvrl2_atom_occlusion,total_vhh_pvrl2_residue_pair_occlusion,total_vhh_pvrl2_atom_clash,total_vhh_pvrl2_residue_pair_clash,cdr3_atom_occlusion,cdr3_atom_occlusion_fraction,cdr3_residue_pair_occlusion,cdr3_residue_pair_occlusion_fraction,cdr3_atom_clash,cdr3_residue_pair_clash,cdr3_vhh_residue_count,cdr3_pvrl2_residue_count,cdr12_atom_occlusion,cdr12_residue_pair_occlusion,framework_atom_occlusion,framework_residue_pair_occlusion,framework_residue_pair_occlusion_fraction
cluster_1_model_1,9e6y,1,,13,0.519,8976,724,1650,257,1856,0.20677361853832443,127,0.17541436464088397,332,52,13,38,1129,77,5991,520,0.7182320441988951
cluster_1_model_2,9e6y,2,,13,0.663,8932,762,1547,273,1845,0.20656068069861172,129,0.16929133858267717,346,57,13,40,908,68,6179,565,0.7414698162729659
cluster_1_model_3,9e6y,3,,14,0.618,8637,679,1487,268,1863,0.2156998957971518,127,0.187039764359352,305,56,13,40,1012,64,5762,488,0.7187039764359352
cluster_1_model_4,9e6y,4,,11,0.579,8431,696,1487,269,2018,0.23935476218716642,131,0.1882183908045977,363,65,13,40,1029,70,5384,495,0.7112068965517241
cluster_2_model_1,9e6y,5,,9,0.599,8155,676,1487,256,1865,0.2286940527283875,139,0.20562130177514792,355,53,13,48,1487,97,4803,440,0.650887573964497
cluster_2_model_2,9e6y,6,,10,0.574,9173,784,1658,267,1769,0.19284857734656055,132,0.1683673469387755,370,49,13,42,1553,109,5851,543,0.6926020408163265
cluster_2_model_3,9e6y,7,,10,0.657,8783,756,1611,265,1725,0.19640214049869065,127,0.167989417989418,368,49,13,39,1441,120,5617,509,0.6732804232804233
