model,baseline,haddock_rank,haddock_score,hotspot_overlap_count,align_rmsd_A,total_vhh_pvrl2_atom_occlusion,total_vhh_pvrl2_residue_pair_occlusion,total_vhh_pvrl2_atom_clash,total_vhh_pvrl2_residue_pair_clash,cdr3_atom_occlusion,cdr3_atom_occlusion_fraction,cdr3_residue_pair_occlusion,cdr3_residue_pair_occlusion_fraction,cdr3_atom_clash,cdr3_residue_pair_clash,cdr3_vhh_residue_count,cdr3_pvrl2_residue_count,cdr12_atom_occlusion,cdr12_residue_pair_occlusion,framework_atom_occlusion,framework_residue_pair_occlusion,framework_residue_pair_occlusion_fraction
cluster_1_model_1,9e6y,1,,11,0.540,8981,728,1754,280,1574,0.1752588798574769,107,0.14697802197802198,321,47,13,35,1678,146,5729,475,0.6524725274725275
cluster_2_model_1,9e6y,2,,11,0.594,8695,701,1559,269,1421,0.16342725704427832,109,0.15549215406562053,276,39,13,37,1598,116,5676,476,0.6790299572039943
cluster_2_model_2,9e6y,3,,11,0.607,9215,771,1731,290,1583,0.17178513293543135,121,0.1569390402075227,340,45,13,41,1440,111,6192,539,0.6990920881971465
cluster_2_model_3,9e6y,4,,11,0.537,9094,755,1643,272,1519,0.16703320870903893,113,0.14966887417218544,292,42,13,37,1584,122,5991,520,0.6887417218543046
cluster_2_model_4,9e6y,5,,10,0.569,9287,780,1701,298,1594,0.17163777323139873,121,0.15512820512820513,327,43,13,40,1517,117,6176,542,0.6948717948717948
cluster_3_model_1,9e6y,6,,10,0.574,8076,699,1478,255,1164,0.14413075780089152,92,0.13161659513590845,202,33,13,35,1726,139,5186,468,0.6695278969957081
cluster_3_model_2,9e6y,7,,9,0.581,8166,674,1503,261,1209,0.14805290227773696,88,0.13056379821958458,234,40,13,35,1698,134,5259,452,0.6706231454005934
cluster_4_model_1,9e6y,8,,10,0.565,7000,612,1203,213,1148,0.164,88,0.1437908496732026,197,32,13,27,1334,101,4518,423,0.6911764705882353
cluster_5_model_1,9e6y,9,,10,0.609,9212,775,1594,280,1300,0.1411202778983934,111,0.1432258064516129,228,37,13,37,1841,133,6071,531,0.6851612903225807
