model,baseline,haddock_rank,haddock_score,hotspot_overlap_count,align_rmsd_A,total_vhh_pvrl2_atom_occlusion,total_vhh_pvrl2_residue_pair_occlusion,total_vhh_pvrl2_atom_clash,total_vhh_pvrl2_residue_pair_clash,cdr3_atom_occlusion,cdr3_atom_occlusion_fraction,cdr3_residue_pair_occlusion,cdr3_residue_pair_occlusion_fraction,cdr3_atom_clash,cdr3_residue_pair_clash,cdr3_vhh_residue_count,cdr3_pvrl2_residue_count,cdr12_atom_occlusion,cdr12_residue_pair_occlusion,framework_atom_occlusion,framework_residue_pair_occlusion,framework_residue_pair_occlusion_fraction
cluster_1_model_1,8x6b,1,,18,0.650,9290,777,1649,294,1790,0.19268030139935413,130,0.16731016731016732,332,47,12,48,1268,89,6232,558,0.7181467181467182
cluster_1_model_2,8x6b,3,,18,0.710,9112,753,1668,286,1749,0.19194468832309042,121,0.16069057104913678,323,48,12,43,1290,87,6073,545,0.7237715803452855
cluster_1_model_3,8x6b,5,,18,0.667,9198,758,1611,290,1769,0.1923244183518156,126,0.1662269129287599,312,52,12,46,1229,81,6200,551,0.7269129287598944
cluster_2_model_1,8x6b,2,,16,0.423,8603,714,1556,267,1467,0.17052191096129257,113,0.15826330532212884,253,44,12,35,1407,97,5729,504,0.7058823529411765
cluster_3_model_1,8x6b,4,,13,0.596,10283,873,1804,310,1801,0.1751434406301663,136,0.15578465063001146,320,51,12,45,1519,118,6963,619,0.709049255441008
cluster_4_model_1,8x6b,6,,14,0.434,7394,648,1330,227,915,0.12374898566405193,81,0.125,159,25,12,35,1749,139,4730,428,0.6604938271604939
cluster_4_model_2,8x6b,7,,18,0.470,7788,665,1359,240,1119,0.14368258859784283,94,0.14135338345864662,192,37,12,38,1640,124,5029,447,0.6721804511278195
cluster_4_model_3,8x6b,8,,17,0.475,8161,699,1417,246,1162,0.1423845117019973,101,0.14449213161659513,211,36,12,39,1598,123,5401,475,0.6795422031473534
cluster_4_model_4,8x6b,9,,13,0.422,7764,663,1353,237,1059,0.13639876352395672,88,0.13273001508295626,183,32,12,35,1651,130,5054,445,0.6711915535444947
