model,baseline,haddock_rank,haddock_score,hotspot_overlap_count,align_rmsd_A,total_vhh_pvrl2_atom_occlusion,total_vhh_pvrl2_residue_pair_occlusion,total_vhh_pvrl2_atom_clash,total_vhh_pvrl2_residue_pair_clash,cdr3_atom_occlusion,cdr3_atom_occlusion_fraction,cdr3_residue_pair_occlusion,cdr3_residue_pair_occlusion_fraction,cdr3_atom_clash,cdr3_residue_pair_clash,cdr3_vhh_residue_count,cdr3_pvrl2_residue_count,cdr12_atom_occlusion,cdr12_residue_pair_occlusion,framework_atom_occlusion,framework_residue_pair_occlusion,framework_residue_pair_occlusion_fraction
cluster_1_model_1,9e6y,1,,11,0.856,9317,783,1764,289,1598,0.1715144359772459,121,0.1545338441890166,321,51,11,44,1502,125,6217,537,0.685823754789272
cluster_1_model_2,9e6y,3,,12,0.487,8609,744,1523,273,1794,0.20838657219189222,133,0.17876344086021506,324,53,11,48,1156,98,5659,513,0.6895161290322581
cluster_1_model_3,9e6y,5,,10,0.748,9315,796,1663,297,1621,0.174020397208803,120,0.1507537688442211,314,52,11,43,1671,128,6023,548,0.6884422110552764
cluster_1_model_4,9e6y,6,,12,0.691,9430,803,1734,288,1708,0.18112407211028633,133,0.1656288916562889,333,52,11,45,1513,121,6209,549,0.6836861768368617
cluster_2_model_1,9e6y,2,,12,0.612,7414,627,1375,227,1173,0.1582141893714594,78,0.12440191387559808,228,35,11,24,1572,125,4669,424,0.6762360446570973
cluster_3_model_1,9e6y,4,,12,0.614,7832,649,1405,234,1709,0.2182073544433095,117,0.1802773497688752,315,50,11,43,1373,98,4750,434,0.6687211093990755
cluster_4_model_1,9e6y,7,,8,0.556,9556,829,1770,293,1698,0.17768940979489325,133,0.16043425814234016,328,51,11,45,1772,142,6086,554,0.6682750301568154
