top200_rank	candidate_id	sequence_sha256	structure_consistency_label	high_uncertainty	reasons	nbb2_state	nbb2_sequence_match	nbb2_ca_count	nbb2_coverage	nbb2_pdb	nbb2_pdb_sha256	igfold_state	igfold_sequence_match	igfold_ca_count	igfold_coverage	igfold_pdb	igfold_pdb_sha256	nanonet_state	nanonet_sequence_match	nanonet_ca_count	nanonet_coverage	nanonet_pdb	nanonet_pdb_sha256	igfold_vs_nbb2_fr_rmsd_a	igfold_vs_nbb2_cdr1_rmsd_a	igfold_vs_nbb2_cdr2_rmsd_a	igfold_vs_nbb2_cdr3_rmsd_a	igfold_vs_nanonet_fr_rmsd_a	igfold_vs_nanonet_cdr1_rmsd_a	igfold_vs_nanonet_cdr2_rmsd_a	igfold_vs_nanonet_cdr3_rmsd_a	nbb2_vs_nanonet_fr_rmsd_a	nbb2_vs_nanonet_cdr1_rmsd_a	nbb2_vs_nanonet_cdr2_rmsd_a	nbb2_vs_nanonet_cdr3_rmsd_a	max_pairwise_fr_rmsd_a	max_pairwise_cdr3_rmsd_a
1	P1MCPUFP__CPUFP500K_0107__00292	6410ab84743bb4ada0739d19f98f972e84e0b5cf45368613806cc3181fee46af	PASS	false		PASS	true	127	1.0	/data1/qlyu/projects/pvrig_priority_top7500_dualreceptor_multiseed_handoff_v3_20260722/inputs/candidate_monomers/P1MCPUFP__CPUFP500K_0107__00292.pdb	e3d81d796fe0b13161b003b9f82ae1a6552b8e20499cf8e86a3a78a0272497df	PASS	true	127	1.0	/data/qlyu/projects/pvrig_top200_structure_consistency_v1_20260725/models/igfold/P1MCPUFP__CPUFP500K_0107__00292.pdb	d44144026e36734cb6dd50a6eb1f3ddd837a88592ad1bde3c5f2c7dbd3782172	PASS	true	127	1.0	/data/qlyu/projects/pvrig_top200_structure_consistency_v1_20260725/models/nanonet/P1MCPUFP__CPUFP500K_0107__00292_nanonet_backbone_cb.pdb	7e42243576fb2d92aabdba0b4a6ced2335e0e0fd72c758ee4b75c7f9296d4927	0.4062	2.1544	0.7463	1.3793	0.4873	2.6128	0.4866	2.1942	0.6383	1.94	0.5881	2.2919	0.6383	2.2919
2	P1MCPUFP__CPUFP500K_0032__00042	124b53e54df3e863efeb393671f2fa6ce1db460473af96c7816e18afa54eaeb8	PASS	false		PASS	true	123	1.0	/data1/qlyu/projects/pvrig_priority_top7500_dualreceptor_multiseed_handoff_v3_20260722/inputs/candidate_monomers/P1MCPUFP__CPUFP500K_0032__00042.pdb	e59f4c8ee7480bb9a41f46968e14a4d420c58d8ccd424bba2f8b69bf1cafc0aa	PASS	true	123	1.0	/data/qlyu/projects/pvrig_top200_structure_consistency_v1_20260725/models/igfold/P1MCPUFP__CPUFP500K_0032__00042.pdb	f22b1dc5384cdcc9ec7defb0f869e083e2422edd9436e3b6f971f510512528a0	PASS	true	123	1.0	/data/qlyu/projects/pvrig_top200_structure_consistency_v1_20260725/models/nanonet/P1MCPUFP__CPUFP500K_0032__00042_nanonet_backbone_cb.pdb	8f6ec0c02ad35bf93319ea61fb509b05f3df71631f4bedc73c21e52860914bf1	0.4851	2.5045	0.5178	1.9306	0.3061	2.9412	0.902	1.972	0.5878	3.3253	1.0154	1.7821	0.5878	1.972
3	P1MCPUFP__CPUFP500K_0188__00549	eb1b645b0700e655e62c137aafdfa25d74b75e1db39b6f9afd48f76037484d59	PASS	true	cdr3_cross_tool_disagreement_gt_4A_diagnostic	PASS	true	127	1.0	/data1/qlyu/projects/pvrig_top7500_c2_gap_recovery_v1_20260723/c2_new4220_dualreceptor_seed42_3047_handoff_v1/inputs/candidate_monomers/P1MCPUFP__CPUFP500K_0188__00549.pdb	dae6c84abfe62363870247e38ddf10dc74a78be5f90545c3ff385e61fe51b686	PASS	true	127	1.0	/data/qlyu/projects/pvrig_top200_structure_consistency_v1_20260725/models/igfold/P1MCPUFP__CPUFP500K_0188__00549.pdb	b2f2079fe04b79a134004e3e94bd5412d80c9e850857ee2521ff5f87511bf985	PASS	true	127	1.0	/data/qlyu/projects/pvrig_top200_structure_consistency_v1_20260725/models/nanonet/P1MCPUFP__CPUFP500K_0188__00549_nanonet_backbone_cb.pdb	711e40801abc855423962de776a1e35f50eff8b1b66869641ebc48d85d587e1e	0.6397	2.0455	0.858	2.9938	0.471	2.2728	0.5562	4.4415	0.739	2.887	0.8777	5.3385	0.739	5.3385
4	P1MCPUFP__CPUFP500K_0188__00519	1e27974c88464a10f27ed42dfee12448adbb9d066c3aa6857a1019358455ed52	PASS	true	cdr3_cross_tool_disagreement_gt_4A_diagnostic	PASS	true	127	1.0	/data1/qlyu/projects/pvrig_top7500_c2_gap_recovery_v1_20260723/c2_new4220_dualreceptor_seed42_3047_handoff_v1/inputs/candidate_monomers/P1MCPUFP__CPUFP500K_0188__00519.pdb	bf2e47f9ebbeb648315612db6c14465e2b13860716a56fe07499db640f4f6f33	PASS	true	127	1.0	/data/qlyu/projects/pvrig_top200_structure_consistency_v1_20260725/models/igfold/P1MCPUFP__CPUFP500K_0188__00519.pdb	0ff8d307ee5c421343e76fa1524dea3e6b1a4ca7cc92a5e4e98840836797beb5	PASS	true	127	1.0	/data/qlyu/projects/pvrig_top200_structure_consistency_v1_20260725/models/nanonet/P1MCPUFP__CPUFP500K_0188__00519_nanonet_backbone_cb.pdb	11c559513ce18e65dd9411db210158fcb645bc199866a074d0fa57ed2a2623eb	0.6334	1.3706	1.0535	2.6158	0.5168	1.6974	0.7233	3.3963	0.851	2.1123	0.9918	4.4142	0.851	4.4142
5	P1MCPUFP__CPUFP500K_0002__00919	70691a4d9e4aa69cb41d88d28ed6d8351aeb8670577bcfc1bfcab539412befbd	PASS	false		PASS	true	127	1.0	/data1/qlyu/projects/pvrig_top7500_c2_gap_recovery_v1_20260723/c2_new4220_dualreceptor_seed42_3047_handoff_v1/inputs/candidate_monomers/P1MCPUFP__CPUFP500K_0002__00919.pdb	3fdadd7fe3a0927f3d2e296b950ea7a48f57aa9bd1b6dd43da4da9afd1a94613	PASS	true	127	1.0	/data/qlyu/projects/pvrig_top200_structure_consistency_v1_20260725/models/igfold/P1MCPUFP__CPUFP500K_0002__00919.pdb	e77acf1f9f927781a7a3ca9baff017f1a9e0f24cbbbef42797205568268cb1ef	PASS	true	127	1.0	/data/qlyu/projects/pvrig_top200_structure_consistency_v1_20260725/models/nanonet/P1MCPUFP__CPUFP500K_0002__00919_nanonet_backbone_cb.pdb	1c8069e9346cfe7f86ff285005018ef857924e60e2a6287b37f0963b54bd10a5	0.4425	1.5827	0.9975	2.2546	0.415	2.1397	0.4425	1.8296	0.4905	2.6755	1.0917	2.2945	0.4905	2.2945
6	P1MCPUFP__CPUFP500K_0086__00466	9e91c2bcd67388f3118d962f905465480b13b0bd2acfa8d5d15faa05b8122afa	PASS	true	cdr3_cross_tool_disagreement_gt_4A_diagnostic	PASS	true	127	1.0	/data1/qlyu/projects/pvrig_priority_top7500_dualreceptor_multiseed_handoff_v3_20260722/inputs/candidate_monomers/P1MCPUFP__CPUFP500K_0086__00466.pdb	7ba35a095e1769cf251038a83f1cae0102d125e2b097061ecdff81c611b80ea7	PASS	true	127	1.0	/data/qlyu/projects/pvrig_top200_structure_consistency_v1_20260725/models/igfold/P1MCPUFP__CPUFP500K_0086__00466.pdb	ca1a9f21515fcea269089e8ca7c605276c0d32ca7b75cbf7fb4e61db084515f7	PASS	true	127	1.0	/data/qlyu/projects/pvrig_top200_structure_consistency_v1_20260725/models/nanonet/P1MCPUFP__CPUFP500K_0086__00466_nanonet_backbone_cb.pdb	0dbe03b6eaa93fd6df7d500559fde25a0df7fabe6663d3845b344fd113d1ba74	0.4701	1.8794	0.6277	2.1598	0.4943	1.7486	0.5198	5.7134	0.5351	2.3236	0.6207	6.5758	0.5351	6.5758
7	P1MCPUFP__CPUFP500K_0100__00383	f69bd2010a46452727d20704c4361da805ce4a60728526860d0ad0afc606772d	PASS	true	cdr3_cross_tool_disagreement_gt_4A_diagnostic	PASS	true	127	1.0	/data1/qlyu/projects/pvrig_priority_top7500_dualreceptor_multiseed_handoff_v3_20260722/inputs/candidate_monomers/P1MCPUFP__CPUFP500K_0100__00383.pdb	2b5954384d17be6a073fe1373497a48fd471eb6620c23dea0f47f6dd0b2fb5a9	PASS	true	127	1.0	/data/qlyu/projects/pvrig_top200_structure_consistency_v1_20260725/models/igfold/P1MCPUFP__CPUFP500K_0100__00383.pdb	5c8ebda17be0b77958a6f9561f1239f401dcb9feda2a3dc8a957c5a6c1e627e2	PASS	true	127	1.0	/data/qlyu/projects/pvrig_top200_structure_consistency_v1_20260725/models/nanonet/P1MCPUFP__CPUFP500K_0100__00383_nanonet_backbone_cb.pdb	b77711989785b6ea1fc606edfd812271d3d17a708cb58e0f04bcd8f8dc898b8e	0.5002	1.393	0.487	1.7633	0.4808	2.3884	0.2336	4.4448	0.5878	2.3581	0.5374	5.1013	0.5878	5.1013
8	P1MCPUFP__CPUFP500K_0287__00804	b7dae83f4ec97556782ec9a29d000d2a1e4dabf1867ad3a6dce44098ac00dfa2	PASS	true	cdr3_cross_tool_disagreement_gt_4A_diagnostic	PASS	true	127	1.0	/data1/qlyu/projects/pvrig_top7500_c2_gap_recovery_v1_20260723/c2_new4220_dualreceptor_seed42_3047_handoff_v1/inputs/candidate_monomers/P1MCPUFP__CPUFP500K_0287__00804.pdb	3f5687188c1e0225cc525b5bcdfc8cb730e98eac64a53698c65ef8650fcc9181	PASS	true	127	1.0	/data/qlyu/projects/pvrig_top200_structure_consistency_v1_20260725/models/igfold/P1MCPUFP__CPUFP500K_0287__00804.pdb	8021ac6e02908af66985f883cb2784e0c9c4f3e39344073c7f85dce80f06b960	PASS	true	127	1.0	/data/qlyu/projects/pvrig_top200_structure_consistency_v1_20260725/models/nanonet/P1MCPUFP__CPUFP500K_0287__00804_nanonet_backbone_cb.pdb	dccab95c9e9d9ea00e80ad517dfc32fe042857776803094bb1326e6fbcf51370	0.8111	2.7715	1.3833	2.3942	0.437	2.2941	0.5961	4.0892	0.9532	3.5844	1.1113	5.1676	0.9532	5.1676
9	P1MCPUFP__CPUFP500K_0032__00069	951237a70e3da672ee7465656b80a72d6fcbcf60e4d9f7eeb162d980d9dc5368	PASS	false		PASS	true	123	1.0	/data1/qlyu/projects/pvrig_priority_top7500_dualreceptor_multiseed_handoff_v3_20260722/inputs/candidate_monomers/P1MCPUFP__CPUFP500K_0032__00069.pdb	c76ee50ba6d3d59d6de118cde17dfa1b19e4d41a469747094e686461eeb58a8e	PASS	true	123	1.0	/data/qlyu/projects/pvrig_top200_structure_consistency_v1_20260725/models/igfold/P1MCPUFP__CPUFP500K_0032__00069.pdb	a79770a57b20ffc5f7414e3f4044ec2fe0f2f8942d2870fdd4e7c74cf40568ac	PASS	true	123	1.0	/data/qlyu/projects/pvrig_top200_structure_consistency_v1_20260725/models/nanonet/P1MCPUFP__CPUFP500K_0032__00069_nanonet_backbone_cb.pdb	3d5cc72a06d67abd563d61034020b6c87b797e64ac27c45a6b9ba097985d7ffa	0.489	2.9632	0.624	1.394	0.3458	3.0397	0.3524	2.0121	0.5456	3.6341	0.6568	1.5959	0.5456	2.0121
10	P1MCPUFP__CPUFP500K_0089__00735	29d7f3cd57e5a17cd9e3980812fbd53fa79512bc88c8bf3c4d9e266a35b114ba	PASS	true	cdr3_cross_tool_disagreement_gt_4A_diagnostic	PASS	true	127	1.0	/data1/qlyu/projects/pvrig_top7500_c2_gap_recovery_v1_20260723/c2_new4220_dualreceptor_seed42_3047_handoff_v1/inputs/candidate_monomers/P1MCPUFP__CPUFP500K_0089__00735.pdb	5a025d0e1beac1667df155a1f5a9c87b7d4ec033fdcc577b17e6412c805e4022	PASS	true	127	1.0	/data/qlyu/projects/pvrig_top200_structure_consistency_v1_20260725/models/igfold/P1MCPUFP__CPUFP500K_0089__00735.pdb	cc4a70577b7b621a1bab7d76eef9299657efec801ad8b57859de656fb20d75c1	PASS	true	127	1.0	/data/qlyu/projects/pvrig_top200_structure_consistency_v1_20260725/models/nanonet/P1MCPUFP__CPUFP500K_0089__00735_nanonet_backbone_cb.pdb	4da56e4c7fc01ff9105bde32916f83f77c839eefc6e0a95ce04d7fd75ff41b76	0.4916	1.712	0.8761	4.1655	0.515	1.8325	0.7119	4.4059	0.7447	2.1268	0.5145	6.9207	0.7447	6.9207
11	P1MCPUFP__CPUFP500K_0399__00131	c045549bf5bf69a70af5ba31a8cd659f22fe0902e4424a58815a9e5b940867a8	PASS	false		PASS	true	127	1.0	/data1/qlyu/projects/pvrig_top7500_c2_gap_recovery_v1_20260723/c2_new4220_dualreceptor_seed42_3047_handoff_v1/inputs/candidate_monomers/P1MCPUFP__CPUFP500K_0399__00131.pdb	f92361273ad2ed20acdddec8e2de65df7f1a8b70420c0aaa31bfc6d207614fa3	PASS	true	127	1.0	/data/qlyu/projects/pvrig_top200_structure_consistency_v1_20260725/models/igfold/P1MCPUFP__CPUFP500K_0399__00131.pdb	3f962b36bc8afdb7f3329719e13c639bf6a6acf577bce557f9e568a1780a67d7	PASS	true	127	1.0	/data/qlyu/projects/pvrig_top200_structure_consistency_v1_20260725/models/nanonet/P1MCPUFP__CPUFP500K_0399__00131_nanonet_backbone_cb.pdb	c9a01caec31842cd1d83eca8faaf63da856522c6863098ee607745652419d227	0.4441	2.1051	0.5029	2.1682	0.356	2.2901	0.4491	2.3939	0.5353	2.6622	0.7054	2.036	0.5353	2.3939
12	P1MCPUFP__CPUFP500K_0388__00663	30a3252f69eec690ac5610410e5083778094f026020f44b2f6532f7f285a6481	PASS	true	cdr3_cross_tool_disagreement_gt_4A_diagnostic	PASS	true	127	1.0	/data1/qlyu/projects/pvrig_top7500_c2_gap_recovery_v1_20260723/c2_new4220_dualreceptor_seed42_3047_handoff_v1/inputs/candidate_monomers/P1MCPUFP__CPUFP500K_0388__00663.pdb	b8b89b60f40fd685f438db53719db5b3dc766a5bf768e8139b904b2a03347c3e	PASS	true	127	1.0	/data/qlyu/projects/pvrig_top200_structure_consistency_v1_20260725/models/igfold/P1MCPUFP__CPUFP500K_0388__00663.pdb	8d479faf823e411665c5f8836082534613e921bccb0708e0775ce87e1cb9085f	PASS	true	127	1.0	/data/qlyu/projects/pvrig_top200_structure_consistency_v1_20260725/models/nanonet/P1MCPUFP__CPUFP500K_0388__00663_nanonet_backbone_cb.pdb	3bff68a7b0763922010dedcf89bed47e924a20128021b6dcd64e6b661d59ca18	0.5576	3.081	0.4352	2.6369	0.4909	3.6304	1.0998	5.2092	0.7399	3.8321	1.2763	6.1084	0.7399	6.1084
13	P1MCPUFP__CPUFP500K_0299__00453	0881a81fef15573c7cfb32a8e94e176573688e8446884d7c7b50a64d2d583aff	PASS	false		PASS	true	127	1.0	/data1/qlyu/projects/pvrig_priority_top7500_dualreceptor_multiseed_handoff_v3_20260722/inputs/candidate_monomers/P1MCPUFP__CPUFP500K_0299__00453.pdb	87eb30e3da10a98a27845120b5820be00c4429c4128d3651425c31c00f8beedc	PASS	true	127	1.0	/data/qlyu/projects/pvrig_top200_structure_consistency_v1_20260725/models/igfold/P1MCPUFP__CPUFP500K_0299__00453.pdb	1e88ed3c99b0127f6caca7f8395f87fcf14cf719690b5729ed77292e473e81f6	PASS	true	127	1.0	/data/qlyu/projects/pvrig_top200_structure_consistency_v1_20260725/models/nanonet/P1MCPUFP__CPUFP500K_0299__00453_nanonet_backbone_cb.pdb	4fc06515618164ea4d73b62ebaa32ef8610782aa11c50e86bb351739a5eb6f7c	0.4252	2.1225	0.6215	2.3436	0.4586	2.5878	0.7188	1.934	0.5711	2.9561	0.877	2.1388	0.5711	2.3436
14	P1MCPUFP__CPUFP500K_0090__00532	87f5423c6dfe7107231ce24f8ae6d23ab430e47d07e71bed0e6d70cd5910c651	PASS	false		PASS	true	127	1.0	/data1/qlyu/projects/pvrig_priority_top7500_dualreceptor_multiseed_handoff_v3_20260722/inputs/candidate_monomers/P1MCPUFP__CPUFP500K_0090__00532.pdb	5dfad612207550292223cbaea1dd4db09f0f2b7d12e3588bebf0269a1c3f8896	PASS	true	127	1.0	/data/qlyu/projects/pvrig_top200_structure_consistency_v1_20260725/models/igfold/P1MCPUFP__CPUFP500K_0090__00532.pdb	be11f7fcaff231c37b0952b2bb51d4585f519f97fbdd82d73ef7f80fcfea9873	PASS	true	127	1.0	/data/qlyu/projects/pvrig_top200_structure_consistency_v1_20260725/models/nanonet/P1MCPUFP__CPUFP500K_0090__00532_nanonet_backbone_cb.pdb	f8227974d1511503a923f4b8447cd0a5cd3387438d6d65545e6454f076f7f4d6	0.4251	1.6791	0.8061	3.2489	0.6079	2.4977	0.7014	2.5663	0.6945	2.7679	0.9539	3.313	0.6945	3.313
15	P1MCPUFP__CPUFP500K_0405__00049	5a1b21aedc7ce0e9adb88ecffe3deb04083d753feebf8535327288316e4ad988	PASS	false		PASS	true	127	1.0	/data1/qlyu/projects/pvrig_priority_top7500_dualreceptor_multiseed_handoff_v3_20260722/inputs/candidate_monomers/P1MCPUFP__CPUFP500K_0405__00049.pdb	18dcd0629b5987da69292699dfc780ab8da8df425230b3fc47bc75afda99d09b	PASS	true	127	1.0	/data/qlyu/projects/pvrig_top200_structure_consistency_v1_20260725/models/igfold/P1MCPUFP__CPUFP500K_0405__00049.pdb	cb5764a4a30b51c8a5d5ecd7e1708167fc4cce247ce0c79abcd1401305457d15	PASS	true	127	1.0	/data/qlyu/projects/pvrig_top200_structure_consistency_v1_20260725/models/nanonet/P1MCPUFP__CPUFP500K_0405__00049_nanonet_backbone_cb.pdb	1a8f32628a775b0de8b5a10d7217603ff22e6caa43b6d44e3ee504c23515ee4a	0.4081	2.0293	0.5948	2.3237	0.6109	2.8203	0.5079	1.9428	0.76	1.7424	0.5986	2.1492	0.76	2.3237
16	P1MCPUFP__CPUFP500K_0100__00188	9c868db5026eb441e514242a1c11d6351f78443c84e2eb7331ba8fcc72e6a7ac	PASS	true	cdr3_cross_tool_disagreement_gt_4A_diagnostic	PASS	true	127	1.0	/data1/qlyu/projects/pvrig_priority_top7500_dualreceptor_multiseed_handoff_v3_20260722/inputs/candidate_monomers/P1MCPUFP__CPUFP500K_0100__00188.pdb	59f1fc965cf2c70e1480a9660af492718c87e6fff7ddf97fe75638bddc0ddd02	PASS	true	127	1.0	/data/qlyu/projects/pvrig_top200_structure_consistency_v1_20260725/models/igfold/P1MCPUFP__CPUFP500K_0100__00188.pdb	cf1c50073172bc3e3de17a26e276dc8ac225c227392aa3af015ccc5aee09faec	PASS	true	127	1.0	/data/qlyu/projects/pvrig_top200_structure_consistency_v1_20260725/models/nanonet/P1MCPUFP__CPUFP500K_0100__00188_nanonet_backbone_cb.pdb	6b2f5f53f021ccbc40670881ae1dca5647d1e53dcdf9dc50a34aea9405cb53c8	0.4844	1.7442	0.3798	1.9429	0.4676	2.5375	0.3387	3.9257	0.5395	2.4552	0.5259	4.9729	0.5395	4.9729
17	P1MCPUFP__CPUFP500K_0299__00780	3f9ac719971984aa8746514524344c67a58872b1e7ba82a4f7ea27f3660c8044	PASS	false		PASS	true	127	1.0	/data1/qlyu/projects/pvrig_top7500_c2_gap_recovery_v1_20260723/c2_new4220_dualreceptor_seed42_3047_handoff_v1/inputs/candidate_monomers/P1MCPUFP__CPUFP500K_0299__00780.pdb	32df891bc019614656627845789f3445ed06d683d7f4d7cfdf69570d40a084e5	PASS	true	127	1.0	/data/qlyu/projects/pvrig_top200_structure_consistency_v1_20260725/models/igfold/P1MCPUFP__CPUFP500K_0299__00780.pdb	b0dfd1d5c59106293091814b71c9bc6f7c126f4f5d4c05ff3e7c165165c713be	PASS	true	127	1.0	/data/qlyu/projects/pvrig_top200_structure_consistency_v1_20260725/models/nanonet/P1MCPUFP__CPUFP500K_0299__00780_nanonet_backbone_cb.pdb	52dd0f3c8db60e51825f3feddfac564d82379366ad08f102a2ad74f4cdc42f34	0.6676	2.2413	0.782	2.3924	0.4549	1.8944	0.6305	2.3806	0.7131	2.3673	1.1675	1.9323	0.7131	2.3924
18	P1MCPUFP__CPUFP500K_0091__00550	74005e910a084b04384451925ef1f92c58ac79a71a583dfdc116636775660a32	PASS	false		PASS	true	127	1.0	/data1/qlyu/projects/pvrig_top7500_c2_gap_recovery_v1_20260723/c2_new4220_dualreceptor_seed42_3047_handoff_v1/inputs/candidate_monomers/P1MCPUFP__CPUFP500K_0091__00550.pdb	7e9ff98c0ec1efcccdcb8574f5472468e6acd49cce3132ca81f55ccd504b0983	PASS	true	127	1.0	/data/qlyu/projects/pvrig_top200_structure_consistency_v1_20260725/models/igfold/P1MCPUFP__CPUFP500K_0091__00550.pdb	2d529d9246b4beeb8861d1a1e81c79b1a8da0076bd65f5bf55af111c9c4b9d8e	PASS	true	127	1.0	/data/qlyu/projects/pvrig_top200_structure_consistency_v1_20260725/models/nanonet/P1MCPUFP__CPUFP500K_0091__00550_nanonet_backbone_cb.pdb	1ee4c2352d5dbc071ddda7e768d2fb04dc56050f63eee572e470257042e7a3ca	0.634	2.16	0.7202	2.5205	0.4532	2.8938	1.1691	2.5253	0.7397	2.3622	1.6138	3.2113	0.7397	3.2113
19	P1MCPUFP__CPUFP500K_0008__00128	917a7b2ebc04bfa4908576a42b4ac825e82279d4b12c6c9baa3e1983bc6500d9	PASS	false		PASS	true	127	1.0	/data1/qlyu/projects/pvrig_top7500_c2_gap_recovery_v1_20260723/c2_new4220_dualreceptor_seed42_3047_handoff_v1/inputs/candidate_monomers/P1MCPUFP__CPUFP500K_0008__00128.pdb	cb9a8c43632267cd76298440d28bed5721ec4485e8b9a3124eaad9e208bd6d85	PASS	true	127	1.0	/data/qlyu/projects/pvrig_top200_structure_consistency_v1_20260725/models/igfold/P1MCPUFP__CPUFP500K_0008__00128.pdb	c740d795433d77259dd64370e99a30d16d5f0a624dfb7fe219cfa6aae8d43ce5	PASS	true	127	1.0	/data/qlyu/projects/pvrig_top200_structure_consistency_v1_20260725/models/nanonet/P1MCPUFP__CPUFP500K_0008__00128_nanonet_backbone_cb.pdb	e7aaee9bf7455c00fc72a34d5723b88c55a4ce9c330b6fceee10a576f6ce7716	0.4138	2.1155	0.8584	2.4524	0.5374	3.1152	1.2689	1.7128	0.6444	2.8962	0.9744	2.8229	0.6444	2.8229
20	P1MCPUFP__CPUFP500K_0002__00851	86c8bcf1587c4938d635788ba48640ccba676013f7724ec10def2a595c54e067	PASS	false		PASS	true	127	1.0	/data1/qlyu/projects/pvrig_top7500_c2_gap_recovery_v1_20260723/c2_new4220_dualreceptor_seed42_3047_handoff_v1/inputs/candidate_monomers/P1MCPUFP__CPUFP500K_0002__00851.pdb	b3f6fe73c48d0d29ce54ac0c8ac763f867646e0f8afca881bde96e7a9c9043cd	PASS	true	127	1.0	/data/qlyu/projects/pvrig_top200_structure_consistency_v1_20260725/models/igfold/P1MCPUFP__CPUFP500K_0002__00851.pdb	7e5a5f17899609a609870672532235d071ad7dfd615c3bfeb1a41237b11d343a	PASS	true	127	1.0	/data/qlyu/projects/pvrig_top200_structure_consistency_v1_20260725/models/nanonet/P1MCPUFP__CPUFP500K_0002__00851_nanonet_backbone_cb.pdb	7b2762e4d0f4376247295e7497eb7ce344659eefc493603eaa31cdf3044dc180	0.4322	2.3167	0.4735	2.0776	0.4658	1.8147	0.6021	1.5808	0.5517	2.9978	0.8798	2.0858	0.5517	2.0858
21	P1MCPUFP__CPUFP500K_0188__00189	d5990831b1dcfb88e40f0d2b3e5d70a801cbda31053ce3f89e8ef9583dcca82a	PASS	true	cdr3_cross_tool_disagreement_gt_4A_diagnostic	PASS	true	127	1.0	/data1/qlyu/projects/pvrig_top7500_c2_gap_recovery_v1_20260723/c2_new4220_dualreceptor_seed42_3047_handoff_v1/inputs/candidate_monomers/P1MCPUFP__CPUFP500K_0188__00189.pdb	70b35c716d481989bb7b65c0ef7a21168c95b1797b978256a7c8bbc242ff142d	PASS	true	127	1.0	/data/qlyu/projects/pvrig_top200_structure_consistency_v1_20260725/models/igfold/P1MCPUFP__CPUFP500K_0188__00189.pdb	3ae3047686a1b85b476b9d06e0f6a8226ee5414bd9c4b1a563fbaef740b1ea48	PASS	true	127	1.0	/data/qlyu/projects/pvrig_top200_structure_consistency_v1_20260725/models/nanonet/P1MCPUFP__CPUFP500K_0188__00189_nanonet_backbone_cb.pdb	dcfa71a91e540795373780c1da489bb6d86d2e0af9e7c88071445b08a37a2b43	0.7983	2.9426	1.7873	2.6259	0.4651	2.7764	0.455	3.7521	1.013	2.8721	1.4448	5.3239	1.013	5.3239
22	P1MCPUFP__CPUFP500K_0189__00858	0d999dc1b693bc19c667df3a8f6934def9a35327ac896cb1edda2ebda12f66a4	PASS	true	cdr3_cross_tool_disagreement_gt_4A_diagnostic	PASS	true	127	1.0	/data1/qlyu/projects/pvrig_priority_top7500_dualreceptor_multiseed_handoff_v3_20260722/inputs/candidate_monomers/P1MCPUFP__CPUFP500K_0189__00858.pdb	58d54cb174c2a44531f62abef9d626989a849c958a919c67c0f7884ffe4ef818	PASS	true	127	1.0	/data/qlyu/projects/pvrig_top200_structure_consistency_v1_20260725/models/igfold/P1MCPUFP__CPUFP500K_0189__00858.pdb	80e2164b3dadd4ea2a6c52a84ba9ac851b4916a4bda416bd4e3255a20bee970e	PASS	true	127	1.0	/data/qlyu/projects/pvrig_top200_structure_consistency_v1_20260725/models/nanonet/P1MCPUFP__CPUFP500K_0189__00858_nanonet_backbone_cb.pdb	4f3a750852b85d3c1588aa2c90ed811ca97473e0a72bbd979ea100e15cb9fdab	0.4104	1.6051	0.9098	2.7143	0.544	1.7907	0.6898	2.7531	0.5462	1.7306	0.5557	4.0164	0.5462	4.0164
23	P1MCPUFP__CPUFP500K_0089__00220	849d7d729204d66cbf929c710961b6a9ace07411e61b19de5b2c39e017a9a5ba	PASS	false		PASS	true	127	1.0	/data1/qlyu/projects/pvrig_top7500_c2_gap_recovery_v1_20260723/c2_new4220_dualreceptor_seed42_3047_handoff_v1/inputs/candidate_monomers/P1MCPUFP__CPUFP500K_0089__00220.pdb	047252632d650be841f4930a77b16fdbc3d3e510fe7ba6ae8b2723f312fbd371	PASS	true	127	1.0	/data/qlyu/projects/pvrig_top200_structure_consistency_v1_20260725/models/igfold/P1MCPUFP__CPUFP500K_0089__00220.pdb	767415283bd10b54205db10a5596d86ffef35d9b0145f53e375a44eb8b25dbb2	PASS	true	127	1.0	/data/qlyu/projects/pvrig_top200_structure_consistency_v1_20260725/models/nanonet/P1MCPUFP__CPUFP500K_0089__00220_nanonet_backbone_cb.pdb	7c79c3e2cc1ddc1a56f2fc6a427d58a2cb32cb61338769a9ea1d84d0b648adab	0.5601	2.4858	0.5504	2.5416	0.4328	1.9438	0.4382	2.9462	0.6769	2.7329	0.3568	3.9399	0.6769	3.9399
24	P1MCPUFP__CPUFP500K_0404__00029	b3d14b373f8b4fe42812ddfafb49afea70329e278d87d4d7649e40bcb7b94119	PASS	false		PASS	true	127	1.0	/data1/qlyu/projects/pvrig_top7500_c2_gap_recovery_v1_20260723/c2_new4220_dualreceptor_seed42_3047_handoff_v1/inputs/candidate_monomers/P1MCPUFP__CPUFP500K_0404__00029.pdb	f20ecfe459a3e1f8f252e0c0c7c150abce4f6d21b7517d460374800c35fd1585	PASS	true	127	1.0	/data/qlyu/projects/pvrig_top200_structure_consistency_v1_20260725/models/igfold/P1MCPUFP__CPUFP500K_0404__00029.pdb	b28ec6b437854b88f1608e0e90d08537301cc70b61ec20bd051b31bed585be74	PASS	true	127	1.0	/data/qlyu/projects/pvrig_top200_structure_consistency_v1_20260725/models/nanonet/P1MCPUFP__CPUFP500K_0404__00029_nanonet_backbone_cb.pdb	e34aae4bc68b74bbbe7a785ab227ee27d6914c6447ccdb8a2f036ea2770b61a9	0.4474	1.7538	0.5059	2.978	0.5437	2.8307	0.6254	1.6978	0.6536	3.1724	0.7857	2.7312	0.6536	2.978
25	P1MCPUFP__CPUFP500K_0404__00828	dbf3c83c8b13edb0c86f32b044d13780c5dc6243be97482225cb38abd5edd3b3	PASS	true	cdr3_cross_tool_disagreement_gt_4A_diagnostic	PASS	true	127	1.0	/data1/qlyu/projects/pvrig_top7500_c2_gap_recovery_v1_20260723/c2_new4220_dualreceptor_seed42_3047_handoff_v1/inputs/candidate_monomers/P1MCPUFP__CPUFP500K_0404__00828.pdb	fc531823c87d31123d491f192b89394ada12a78d8c1a6655d6e08b0fd8b247c5	PASS	true	127	1.0	/data/qlyu/projects/pvrig_top200_structure_consistency_v1_20260725/models/igfold/P1MCPUFP__CPUFP500K_0404__00828.pdb	027d0fdc54ccbaebb98f09d73f362c6eb7ca73fc9d1c21c288ef0c075e09ed5b	PASS	true	127	1.0	/data/qlyu/projects/pvrig_top200_structure_consistency_v1_20260725/models/nanonet/P1MCPUFP__CPUFP500K_0404__00828_nanonet_backbone_cb.pdb	702c4c08a22ab7d3e9924c1a03a85fa3eeead614923efbdcc9b2dfb0f57aad54	0.4255	2.6031	0.6683	2.7876	0.5508	3.6237	0.7696	2.5316	0.5868	3.6622	0.7919	4.2513	0.5868	4.2513
26	P1MCPUFP__CPUFP500K_0496__00432	ea6d6f18b0c566535e0110cd0a3789883dfd5d4cd1b3e5e0714aab803c5d1c34	PASS	true	cdr3_cross_tool_disagreement_gt_4A_diagnostic	PASS	true	127	1.0	/data1/qlyu/projects/pvrig_priority_top7500_dualreceptor_multiseed_handoff_v3_20260722/inputs/candidate_monomers/P1MCPUFP__CPUFP500K_0496__00432.pdb	114cca376677eab22b0bfb491ad94b1939f8f4e25b7c3a49f058a70be4bddc02	PASS	true	127	1.0	/data/qlyu/projects/pvrig_top200_structure_consistency_v1_20260725/models/igfold/P1MCPUFP__CPUFP500K_0496__00432.pdb	5fc0fecbfe321d99f9f47af2d4da7a0e4e0aa4675597d73602a3fe3c7c865431	PASS	true	127	1.0	/data/qlyu/projects/pvrig_top200_structure_consistency_v1_20260725/models/nanonet/P1MCPUFP__CPUFP500K_0496__00432_nanonet_backbone_cb.pdb	df62d3762b24a47a077bac405b539aefe45bc2378ed3d7f776b2c9896136d7a9	0.5324	1.522	0.3541	1.7861	0.4503	2.3237	0.4182	3.4576	0.5752	2.6984	0.5515	4.5113	0.5752	4.5113
27	P1MCPUFP__CPUFP500K_0188__00839	098f4e4e47c84cbc1464da180d541ea21d8c5cbc7d9fd7a58cdcb6ed78514975	PASS	false		PASS	true	127	1.0	/data1/qlyu/projects/pvrig_top7500_c2_gap_recovery_v1_20260723/c2_new4220_dualreceptor_seed42_3047_handoff_v1/inputs/candidate_monomers/P1MCPUFP__CPUFP500K_0188__00839.pdb	3d116e3f7ae907e2717a04ae9dcd5c7da043163deb3a269037e52230ded2606c	PASS	true	127	1.0	/data/qlyu/projects/pvrig_top200_structure_consistency_v1_20260725/models/igfold/P1MCPUFP__CPUFP500K_0188__00839.pdb	b417ed524d68baaf74bdee215a2e8fabcf6cb152c2d57368b53ffebebaa01e75	PASS	true	127	1.0	/data/qlyu/projects/pvrig_top200_structure_consistency_v1_20260725/models/nanonet/P1MCPUFP__CPUFP500K_0188__00839_nanonet_backbone_cb.pdb	48b15afedb5171ce17341740ff902a53c1e1f88fa6d931101e682b70ded8b0a3	0.464	2.8847	1.1132	2.2635	0.4669	2.4789	0.346	2.503	0.5854	1.6246	1.0205	2.6333	0.5854	2.6333
28	P1MCPUFP__CPUFP500K_0188__00282	9b9526a84780d13e222d47c1796b4499c46d05968d9a6b3b9c4a210f8f46a9c0	PASS	true	cdr3_cross_tool_disagreement_gt_4A_diagnostic	PASS	true	127	1.0	/data1/qlyu/projects/pvrig_top7500_c2_gap_recovery_v1_20260723/c2_new4220_dualreceptor_seed42_3047_handoff_v1/inputs/candidate_monomers/P1MCPUFP__CPUFP500K_0188__00282.pdb	f1ee48559dce42d23e7b6154bde82267433cd2900b170b0010a5fc27a22eea3d	PASS	true	127	1.0	/data/qlyu/projects/pvrig_top200_structure_consistency_v1_20260725/models/igfold/P1MCPUFP__CPUFP500K_0188__00282.pdb	238bd283e1e40a4aa1f8079c11262a6cec02a13f7b0bc4c108a8806b5b7a2d36	PASS	true	127	1.0	/data/qlyu/projects/pvrig_top200_structure_consistency_v1_20260725/models/nanonet/P1MCPUFP__CPUFP500K_0188__00282_nanonet_backbone_cb.pdb	6a9eb6ff8b7a1ad301f2016f060cb7f6eab59820902e6392fba489da2db331dc	0.6347	2.5847	1.0153	4.0174	0.4393	2.4634	0.3263	3.0007	0.7863	3.0454	0.8463	4.7662	0.7863	4.7662
29	P1MCPUFP__CPUFP500K_0185__00273	1a3e27bbfc64426448d2efdc54db1b4e06644b7375333436478fccffd8be198b	PASS	false		PASS	true	127	1.0	/data1/qlyu/projects/pvrig_top7500_c2_gap_recovery_v1_20260723/c2_new4220_dualreceptor_seed42_3047_handoff_v1/inputs/candidate_monomers/P1MCPUFP__CPUFP500K_0185__00273.pdb	262d708576c99108ef2306c41ccc7ed92aedfa640d63dea953843ad6ea04680f	PASS	true	127	1.0	/data/qlyu/projects/pvrig_top200_structure_consistency_v1_20260725/models/igfold/P1MCPUFP__CPUFP500K_0185__00273.pdb	f7151d453afb1c67d973032220b7109a15e74e522a96daa85b958ab781ced150	PASS	true	127	1.0	/data/qlyu/projects/pvrig_top200_structure_consistency_v1_20260725/models/nanonet/P1MCPUFP__CPUFP500K_0185__00273_nanonet_backbone_cb.pdb	247bf35ab8c556a8e49df9c64f4a3120560535cb04dfaf82cd90b62283bdc4ef	0.633	2.0319	1.1609	2.7641	0.443	2.4743	0.3683	2.3643	0.8213	3.572	1.1757	2.8716	0.8213	2.8716
30	P1MCPUFP__CPUFP500K_0083__00464	2dc67b3fdf1e450ce79c75418566395c45d235cc7d3c166b90f48fadfb45d1ea	PASS	true	cdr3_cross_tool_disagreement_gt_4A_diagnostic	PASS	true	127	1.0	/data1/qlyu/projects/pvrig_top7500_c2_gap_recovery_v1_20260723/c2_new4220_dualreceptor_seed42_3047_handoff_v1/inputs/candidate_monomers/P1MCPUFP__CPUFP500K_0083__00464.pdb	cd8309df43ba9067e3fb187816a9aba38dbfdac1aa26739ae03d7e0420b3fce3	PASS	true	127	1.0	/data/qlyu/projects/pvrig_top200_structure_consistency_v1_20260725/models/igfold/P1MCPUFP__CPUFP500K_0083__00464.pdb	00ed7a316d4b3d54a49f53f5eda41a9ff688759ef15c857cd11ff4e60c016214	PASS	true	127	1.0	/data/qlyu/projects/pvrig_top200_structure_consistency_v1_20260725/models/nanonet/P1MCPUFP__CPUFP500K_0083__00464_nanonet_backbone_cb.pdb	7c8cc4bdd1856bb21002b46bac57325d144c4d5057132c42c63a7564fb38eb17	0.7557	2.1953	1.1389	3.1657	0.5853	2.5394	0.5803	3.6314	0.8184	3.6819	1.1204	4.3468	0.8184	4.3468
31	P1MCPUFP__CPUFP500K_0188__00094	077b7f49a10e43bd1775637081c75d6f32e80c5b530ea73ae14c0aa7dc92259c	PASS	true	cdr3_cross_tool_disagreement_gt_4A_diagnostic	PASS	true	127	1.0	/data1/qlyu/projects/pvrig_top7500_c2_gap_recovery_v1_20260723/c2_new4220_dualreceptor_seed42_3047_handoff_v1/inputs/candidate_monomers/P1MCPUFP__CPUFP500K_0188__00094.pdb	1fdd84d507bb7cce5ffb9b8073fc8473cdb1ae0fc3c84199e374a1756d5506d9	PASS	true	127	1.0	/data/qlyu/projects/pvrig_top200_structure_consistency_v1_20260725/models/igfold/P1MCPUFP__CPUFP500K_0188__00094.pdb	d548fa68e544562df3ccec9b6ce1dfda521a52130c60e4f6d0c700ecb9d417eb	PASS	true	127	1.0	/data/qlyu/projects/pvrig_top200_structure_consistency_v1_20260725/models/nanonet/P1MCPUFP__CPUFP500K_0188__00094_nanonet_backbone_cb.pdb	6b24664a78c9f7962b4a6d1313ca85166871048eb0da22e7afe6e48d00f89d0e	0.4904	2.4447	0.5211	3.1571	0.4333	2.4923	0.4503	3.894	0.6624	2.289	0.4941	5.0232	0.6624	5.0232
32	P1MCPUFP__CPUFP500K_0184__00187	4bbbb354b5505f3cf22983dab52a916b03e6811586ccbc397d082465e5c25202	PASS	true	cdr3_cross_tool_disagreement_gt_4A_diagnostic	PASS	true	127	1.0	/data1/qlyu/projects/pvrig_top7500_c2_gap_recovery_v1_20260723/c2_new4220_dualreceptor_seed42_3047_handoff_v1/inputs/candidate_monomers/P1MCPUFP__CPUFP500K_0184__00187.pdb	25e00e6334375d4c84684c0f036b6516592703b52187470faffeef3048868d71	PASS	true	127	1.0	/data/qlyu/projects/pvrig_top200_structure_consistency_v1_20260725/models/igfold/P1MCPUFP__CPUFP500K_0184__00187.pdb	27169327e388429ad7d416de2ae395e54452e74537b202ad921f1f6f8043a3e7	PASS	true	127	1.0	/data/qlyu/projects/pvrig_top200_structure_consistency_v1_20260725/models/nanonet/P1MCPUFP__CPUFP500K_0184__00187_nanonet_backbone_cb.pdb	6f2e0098f081d53493db4f8765a23e125570c04be9a3950f4f952919cc7dba0d	0.4269	1.6965	0.4821	4.3684	0.4343	2.7202	0.8617	3.7136	0.4925	2.7039	1.034	5.1353	0.4925	5.1353
33	P1MCPUFP__CPUFP500K_0188__00481	6489b7076f2f815d28718b422357944c7b4f29eaffc732d80d1d5dda6a43cfca	PASS	true	cdr3_cross_tool_disagreement_gt_4A_diagnostic	PASS	true	127	1.0	/data1/qlyu/projects/pvrig_top7500_c2_gap_recovery_v1_20260723/c2_new4220_dualreceptor_seed42_3047_handoff_v1/inputs/candidate_monomers/P1MCPUFP__CPUFP500K_0188__00481.pdb	c05156494e2d348b7f238a02437b9314a42be2c4bf43180f78dda8dd35fab130	PASS	true	127	1.0	/data/qlyu/projects/pvrig_top200_structure_consistency_v1_20260725/models/igfold/P1MCPUFP__CPUFP500K_0188__00481.pdb	ac979777b613f78c943279abbe4131f39f9962f482d1b0099c149af9edc94f38	PASS	true	127	1.0	/data/qlyu/projects/pvrig_top200_structure_consistency_v1_20260725/models/nanonet/P1MCPUFP__CPUFP500K_0188__00481_nanonet_backbone_cb.pdb	9873ab591e4dafbdae230da8e8ec845e9a6f13283760c1943f6b2263b6608c40	0.631	2.0826	0.6422	4.0735	0.4345	1.7851	0.4138	3.2143	0.7951	2.5672	0.6386	5.5087	0.7951	5.5087
34	P1MCPUFP__CPUFP500K_0108__00327	a153e5083f3a1729f4271568788bcfb25c39073de4a66b5c9c29e46def7505bf	PASS	false		PASS	true	127	1.0	/data1/qlyu/projects/pvrig_priority_top7500_dualreceptor_multiseed_handoff_v3_20260722/inputs/candidate_monomers/P1MCPUFP__CPUFP500K_0108__00327.pdb	efa062ff1fd0547e4ad89e286916d81b3fe7df1abecc06b13b0e6155af00add5	PASS	true	127	1.0	/data/qlyu/projects/pvrig_top200_structure_consistency_v1_20260725/models/igfold/P1MCPUFP__CPUFP500K_0108__00327.pdb	ec71d6a10e6383dc9f711b7ef442b739cb826ce8ed3d8425be92ce3ad84e2e96	PASS	true	127	1.0	/data/qlyu/projects/pvrig_top200_structure_consistency_v1_20260725/models/nanonet/P1MCPUFP__CPUFP500K_0108__00327_nanonet_backbone_cb.pdb	397f3b03cada73acae1859e4781ccd7f1f3437f50347e3fb366466ed88416aed	0.4778	2.5354	0.693	1.9121	0.534	2.0037	0.4184	2.3936	0.6512	2.4287	0.6691	2.1222	0.6512	2.3936
35	P1MCPUFP__CPUFP500K_0188__00715	448a0a2fa3746493e217dd93321c5edf5bdad044f1098bd6793de10d0504770b	PASS	true	cdr3_cross_tool_disagreement_gt_4A_diagnostic	PASS	true	127	1.0	/data1/qlyu/projects/pvrig_top7500_c2_gap_recovery_v1_20260723/c2_new4220_dualreceptor_seed42_3047_handoff_v1/inputs/candidate_monomers/P1MCPUFP__CPUFP500K_0188__00715.pdb	7b97076bc6dee194f2beba0ccf3ef9768577f142d2ed94835b8921f127ca2746	PASS	true	127	1.0	/data/qlyu/projects/pvrig_top200_structure_consistency_v1_20260725/models/igfold/P1MCPUFP__CPUFP500K_0188__00715.pdb	db01f398affef51d174796b8e6fba445c4a568f400e880c6a275a1823eea71ba	PASS	true	127	1.0	/data/qlyu/projects/pvrig_top200_structure_consistency_v1_20260725/models/nanonet/P1MCPUFP__CPUFP500K_0188__00715_nanonet_backbone_cb.pdb	8f5d02f6067cedd8461d095019d27288781e92ce1aa322023867132fdde12b6e	0.5367	2.378	0.6627	4.0259	0.4777	2.3587	0.4408	4.3713	0.7922	2.4407	0.72	7.1543	0.7922	7.1543
36	P1MCPUFP__CPUFP500K_0386__00808	9ea7d99c8f85a7137232091978be60c330d5ed230acbfd37cdc584928d3a036e	PASS	true	cdr3_cross_tool_disagreement_gt_4A_diagnostic	PASS	true	127	1.0	/data1/qlyu/projects/pvrig_top7500_c2_gap_recovery_v1_20260723/c2_new4220_dualreceptor_seed42_3047_handoff_v1/inputs/candidate_monomers/P1MCPUFP__CPUFP500K_0386__00808.pdb	625cb839a9f2dcbb490ebfeec64648021394542576894ec194c84f933af13241	PASS	true	127	1.0	/data/qlyu/projects/pvrig_top200_structure_consistency_v1_20260725/models/igfold/P1MCPUFP__CPUFP500K_0386__00808.pdb	1b2b176834662772768a729360e4ca0558db079cb6a14d0dff3d838fa7a08982	PASS	true	127	1.0	/data/qlyu/projects/pvrig_top200_structure_consistency_v1_20260725/models/nanonet/P1MCPUFP__CPUFP500K_0386__00808_nanonet_backbone_cb.pdb	e95f2fd611bf859d652d9c612c0ced72fa06a6c676afff4dd5d555272b6e83b3	0.5984	2.1765	0.4909	2.1727	0.4965	2.42	0.4102	4.322	0.7497	2.5539	0.5107	5.2647	0.7497	5.2647
37	P1MCPUFP__CPUFP500K_0288__00659	4e0e53788100abee70b7f27959785eadf0c3719b72f1cd0b4f6007224b9a972e	PASS	false		PASS	true	127	1.0	/data1/qlyu/projects/pvrig_top7500_c2_gap_recovery_v1_20260723/c2_new4220_dualreceptor_seed42_3047_handoff_v1/inputs/candidate_monomers/P1MCPUFP__CPUFP500K_0288__00659.pdb	3a66d97555f4371e1016f3ac16664ff0cd127bf4b02f490fd14af9c30e39147d	PASS	true	127	1.0	/data/qlyu/projects/pvrig_top200_structure_consistency_v1_20260725/models/igfold/P1MCPUFP__CPUFP500K_0288__00659.pdb	854ffaf2adf6a7ac0d6184d021c025985d54e017076a994d45be75c3e5d89431	PASS	true	127	1.0	/data/qlyu/projects/pvrig_top200_structure_consistency_v1_20260725/models/nanonet/P1MCPUFP__CPUFP500K_0288__00659_nanonet_backbone_cb.pdb	6cc30ff72b9296384f13e1a90b9c6aed1edb13d5d495bef824d505ca047b71b3	0.6914	2.4733	0.8531	3.1528	0.6391	1.981	0.5582	1.7843	0.9731	2.2958	0.8551	3.659	0.9731	3.659
38	P1MCPUFP__CPUFP500K_0397__00076	b2d552ee19e076f9cb42c98f617939f0f64f7acf6682a00860680f070e6b8114	PASS	true	cdr3_cross_tool_disagreement_gt_4A_diagnostic	PASS	true	127	1.0	/data1/qlyu/projects/pvrig_priority_top7500_dualreceptor_multiseed_handoff_v3_20260722/inputs/candidate_monomers/P1MCPUFP__CPUFP500K_0397__00076.pdb	199119b8b2392131b5c7bb83090a2a142b306e0846e08c725282f02bee138ab1	PASS	true	127	1.0	/data/qlyu/projects/pvrig_top200_structure_consistency_v1_20260725/models/igfold/P1MCPUFP__CPUFP500K_0397__00076.pdb	2c644a4c31cf58d9c2c4d7eb9ac68748d1352b15028267b18626bd4d82040a55	PASS	true	127	1.0	/data/qlyu/projects/pvrig_top200_structure_consistency_v1_20260725/models/nanonet/P1MCPUFP__CPUFP500K_0397__00076_nanonet_backbone_cb.pdb	b7c24359ad20375ea42c54afd689561e5787c059764318d262315e679d6a8a8b	0.4652	1.9797	0.9784	1.9678	0.4495	2.5221	0.7924	2.9821	0.5723	2.6107	1.1714	4.2151	0.5723	4.2151
39	P1MCPUFP__CPUFP500K_0100__00092	bb293d9df7626061a5fb1d673916db5f4a88427a7e464242a03866ccb35d72b8	PASS	true	cdr3_cross_tool_disagreement_gt_4A_diagnostic	PASS	true	127	1.0	/data1/qlyu/projects/pvrig_top7500_c2_gap_recovery_v1_20260723/c2_new4220_dualreceptor_seed42_3047_handoff_v1/inputs/candidate_monomers/P1MCPUFP__CPUFP500K_0100__00092.pdb	9635cc33e18c7a3bab1274febe1f7e9ee5ef248f9ae32495ee11cd52f413b3c9	PASS	true	127	1.0	/data/qlyu/projects/pvrig_top200_structure_consistency_v1_20260725/models/igfold/P1MCPUFP__CPUFP500K_0100__00092.pdb	7409873891e78f7d32d7d4ed441a229bbf269b2038c50df4c3e576d0d2f14bfd	PASS	true	127	1.0	/data/qlyu/projects/pvrig_top200_structure_consistency_v1_20260725/models/nanonet/P1MCPUFP__CPUFP500K_0100__00092_nanonet_backbone_cb.pdb	c46a57da1e0b92a3fba36375b7604c38132241dbef406ce8dffb5c75c3663a35	0.4996	1.5071	0.7746	2.1526	0.4964	2.6362	0.7393	4.542	0.6973	2.8583	1.1322	5.3366	0.6973	5.3366
40	P1MCPUFP__CPUFP500K_0206__00564	63ec660e2ddc5bcd253cadb062bd0cefd45522dcd05f3b76c967aab913a609aa	PASS	false		PASS	true	127	1.0	/data1/qlyu/projects/pvrig_top7500_c2_gap_recovery_v1_20260723/c2_new4220_dualreceptor_seed42_3047_handoff_v1/inputs/candidate_monomers/P1MCPUFP__CPUFP500K_0206__00564.pdb	53febd723606358871fc697f5cc5952c117d72bbb5fd6cc11bf022badef75032	PASS	true	127	1.0	/data/qlyu/projects/pvrig_top200_structure_consistency_v1_20260725/models/igfold/P1MCPUFP__CPUFP500K_0206__00564.pdb	0da0cb0d7b3e5bdd57be4d889054c0a5765bb8ba755b56ad105653cb792176b5	PASS	true	127	1.0	/data/qlyu/projects/pvrig_top200_structure_consistency_v1_20260725/models/nanonet/P1MCPUFP__CPUFP500K_0206__00564_nanonet_backbone_cb.pdb	69aaad58920100869c0c5755b34a822887358f7e2158c9739f015772660a651d	0.466	2.3246	0.7556	2.802	0.5712	3.9359	0.6332	2.1253	0.6366	3.8583	0.7804	3.7663	0.6366	3.7663
41	P1MCPUFP__CPUFP500K_0388__00859	e4cc527a13bbfbe7f8565da31188fe3b0bd75b7649d8706405da8ba2f82a8c79	PASS	false		PASS	true	127	1.0	/data1/qlyu/projects/pvrig_top7500_c2_gap_recovery_v1_20260723/c2_new4220_dualreceptor_seed42_3047_handoff_v1/inputs/candidate_monomers/P1MCPUFP__CPUFP500K_0388__00859.pdb	d5d1f012a881cf2e6c810a8fe27e7447987de1710129de2e4ce4c7b1ba8b966b	PASS	true	127	1.0	/data/qlyu/projects/pvrig_top200_structure_consistency_v1_20260725/models/igfold/P1MCPUFP__CPUFP500K_0388__00859.pdb	a4c3507628b0334b6bed52b5cf01b78d23c555acc996e48fe13df64f41a43919	PASS	true	127	1.0	/data/qlyu/projects/pvrig_top200_structure_consistency_v1_20260725/models/nanonet/P1MCPUFP__CPUFP500K_0388__00859_nanonet_backbone_cb.pdb	4d3e17971bf7f53738477facabfcb8b5ab68a0e86a294cc83e1ad96cdc1c9075	0.4773	1.9013	0.9681	2.2259	0.4687	3.0714	0.5408	2.5231	0.6778	3.0241	1.0805	2.6809	0.6778	2.6809
42	P1MCPUFP__CPUFP500K_0404__00512	243ddfee7415d992d3d9606d0f4c7e56e7cb334ef3bfdec54037b4e4301a36ea	PASS	false		PASS	true	127	1.0	/data1/qlyu/projects/pvrig_top7500_c2_gap_recovery_v1_20260723/c2_new4220_dualreceptor_seed42_3047_handoff_v1/inputs/candidate_monomers/P1MCPUFP__CPUFP500K_0404__00512.pdb	57fca4afd977848585e33d9bad045067a05ccfc6762b5bf1806d6b4db9a7f760	PASS	true	127	1.0	/data/qlyu/projects/pvrig_top200_structure_consistency_v1_20260725/models/igfold/P1MCPUFP__CPUFP500K_0404__00512.pdb	56c8e7f91e1cd102e0efd79feae37dbd6a228509554c110133c4a55c745a2ba3	PASS	true	127	1.0	/data/qlyu/projects/pvrig_top200_structure_consistency_v1_20260725/models/nanonet/P1MCPUFP__CPUFP500K_0404__00512_nanonet_backbone_cb.pdb	45acdc2c7509943a13d074f6530e8d74d8234966c4cf403159d631f276359a2f	0.4157	2.155	0.7024	1.9394	0.6026	2.4306	0.773	2.5209	0.6687	2.6053	0.8486	3.4393	0.6687	3.4393
43	P1MCPUFP__CPUFP500K_0504__00900	0483c28a45d0a7a9e8367a38c61b8df0116c9171ab2912d8812dd77e47e56970	PASS	false		PASS	true	127	1.0	/data1/qlyu/projects/pvrig_top7500_c2_gap_recovery_v1_20260723/c2_new4220_dualreceptor_seed42_3047_handoff_v1/inputs/candidate_monomers/P1MCPUFP__CPUFP500K_0504__00900.pdb	9cf960db5f9346da8d5af4b9226bc6abb4f92cff29096d7a203c76b23414703b	PASS	true	127	1.0	/data/qlyu/projects/pvrig_top200_structure_consistency_v1_20260725/models/igfold/P1MCPUFP__CPUFP500K_0504__00900.pdb	a3d3749fa437fef6d539538367555b1e3f12f259e0a8b5ee39abcc9de7ac68f5	PASS	true	127	1.0	/data/qlyu/projects/pvrig_top200_structure_consistency_v1_20260725/models/nanonet/P1MCPUFP__CPUFP500K_0504__00900_nanonet_backbone_cb.pdb	5badd5516bf785f38fb3272dc28ff5ef375bac7a3e47f6b8ba1022f453122661	0.7102	2.3398	0.4207	3.5212	0.5362	2.5542	0.7316	2.5733	0.6104	2.3098	0.8739	2.1435	0.7102	3.5212
44	P1MCPUFP__CPUFP500K_0305__00672	71a32c9dad417d3f73d22bfe8b564ade2e1e7a37b2d5e3951d0d788781a99d34	PASS	false		PASS	true	127	1.0	/data1/qlyu/projects/pvrig_priority_top7500_dualreceptor_multiseed_handoff_v3_20260722/inputs/candidate_monomers/P1MCPUFP__CPUFP500K_0305__00672.pdb	c575bfdfbebb2887d09eab5f0e5a5a2fe9fa4c9c9a935b4c779941ff700cd969	PASS	true	127	1.0	/data/qlyu/projects/pvrig_top200_structure_consistency_v1_20260725/models/igfold/P1MCPUFP__CPUFP500K_0305__00672.pdb	d3ed93a57c4a0d084e638db6274585785e5a77a445ed3cd67bf40d683e276e9f	PASS	true	127	1.0	/data/qlyu/projects/pvrig_top200_structure_consistency_v1_20260725/models/nanonet/P1MCPUFP__CPUFP500K_0305__00672_nanonet_backbone_cb.pdb	4facefcfcd0da65e7379e746c748b7d838c6d0c638dd65ace08a422fe54f216a	0.5678	2.8126	1.1907	2.4805	0.5193	2.3967	0.4575	2.0157	0.7641	3.2056	1.3339	3.2889	0.7641	3.2889
45	P1MCPUFP__CPUFP500K_0101__00798	7967ecd2d899d6b29edf9ce6d17c585b3f295b9a65469717a2d95c290bd02855	PASS	false		PASS	true	127	1.0	/data1/qlyu/projects/pvrig_top7500_c2_gap_recovery_v1_20260723/c2_new4220_dualreceptor_seed42_3047_handoff_v1/inputs/candidate_monomers/P1MCPUFP__CPUFP500K_0101__00798.pdb	51fcde87179501e9f68cdc5f64c54fb70f75c2b6daf525d38a8321762f23667f	PASS	true	127	1.0	/data/qlyu/projects/pvrig_top200_structure_consistency_v1_20260725/models/igfold/P1MCPUFP__CPUFP500K_0101__00798.pdb	a8c8743db26169b8380fda7b186e772e0a5f32fcab837b146ebc9aee935ec6da	PASS	true	127	1.0	/data/qlyu/projects/pvrig_top200_structure_consistency_v1_20260725/models/nanonet/P1MCPUFP__CPUFP500K_0101__00798_nanonet_backbone_cb.pdb	f792c668814105b4d809ce836c85350deeabe1e3e2299ed38f949da8eadddc80	0.5176	1.4046	0.6296	3.3238	0.433	1.9417	0.6363	2.4387	0.5104	2.5886	0.8733	2.8558	0.5176	3.3238
46	P1MCPUFP__CPUFP500K_0032__00118	57a030bbd65d7c7d79c3d60ea9db03932054ac79f0e4afe876dfa81023dd8409	PASS	false		PASS	true	123	1.0	/data1/qlyu/projects/pvrig_priority_top7500_dualreceptor_multiseed_handoff_v3_20260722/inputs/candidate_monomers/P1MCPUFP__CPUFP500K_0032__00118.pdb	ea139be92894b03e2a2460bd34a95201081b9ba71c7483c5d40d334a156ae432	PASS	true	123	1.0	/data/qlyu/projects/pvrig_top200_structure_consistency_v1_20260725/models/igfold/P1MCPUFP__CPUFP500K_0032__00118.pdb	1ed13fe1e5d67ae3dba95cd4e2deaadf6486e6e9f2083edace520b9fb99793af	PASS	true	123	1.0	/data/qlyu/projects/pvrig_top200_structure_consistency_v1_20260725/models/nanonet/P1MCPUFP__CPUFP500K_0032__00118_nanonet_backbone_cb.pdb	ddd433db8920bc29d6fe5e51beeb31190ad93d1b8a0aef8bd3024a6739bc7945	0.3677	2.6113	0.442	1.4666	0.3661	3.0098	0.3806	1.7477	0.5192	3.2104	0.5794	2.0111	0.5192	2.0111
47	P1MCPUFP__CPUFP500K_0404__00444	de3f09bf3fc7cf6ad3482182e1aefbe0f80de08aca2e0295852e30c88a29d289	PASS	false		PASS	true	127	1.0	/data1/qlyu/projects/pvrig_top7500_c2_gap_recovery_v1_20260723/c2_new4220_dualreceptor_seed42_3047_handoff_v1/inputs/candidate_monomers/P1MCPUFP__CPUFP500K_0404__00444.pdb	8aabba404fa2e1cc2a516198fff59a0d0a11816859022ccf6cf833e994945a58	PASS	true	127	1.0	/data/qlyu/projects/pvrig_top200_structure_consistency_v1_20260725/models/igfold/P1MCPUFP__CPUFP500K_0404__00444.pdb	723cf0f68e0c0aeedd4d6ef3e12b29a1c0c3caa0e4ac04c5690155fb37161a94	PASS	true	127	1.0	/data/qlyu/projects/pvrig_top200_structure_consistency_v1_20260725/models/nanonet/P1MCPUFP__CPUFP500K_0404__00444_nanonet_backbone_cb.pdb	55410602df4e3fec37a3fe1aab52f90b21065308d50f478a81eaec814d4e4d59	0.4049	2.9609	0.672	2.6913	0.5881	3.7087	0.625	2.3575	0.5893	1.7599	0.8282	2.8386	0.5893	2.8386
48	P1MCPUFP__CPUFP500K_0100__00822	6e4f896be7ada801eb1b21e7117bcb0ff5088b07db960105eed930bf0f021ba5	PASS	true	cdr3_cross_tool_disagreement_gt_4A_diagnostic	PASS	true	127	1.0	/data1/qlyu/projects/pvrig_priority_top7500_dualreceptor_multiseed_handoff_v3_20260722/inputs/candidate_monomers/P1MCPUFP__CPUFP500K_0100__00822.pdb	414554b9d71d6ea914b7c036bde4bd58647ddc2e2f6d00cc50f7587aaa17b7b5	PASS	true	127	1.0	/data/qlyu/projects/pvrig_top200_structure_consistency_v1_20260725/models/igfold/P1MCPUFP__CPUFP500K_0100__00822.pdb	6d6c70b16edafa2759d24b2ff275398713358295ff9493d4761f341a7c422184	PASS	true	127	1.0	/data/qlyu/projects/pvrig_top200_structure_consistency_v1_20260725/models/nanonet/P1MCPUFP__CPUFP500K_0100__00822_nanonet_backbone_cb.pdb	0aa61806c9044c61eac1f29e250c4724f4478428279ceeadc553a9ef148e734f	0.4345	2.2782	1.0958	2.4879	0.4724	2.5905	0.8398	4.3672	0.6532	2.704	0.4894	4.5696	0.6532	4.5696
49	P1MCPUFP__CPUFP500K_0386__00669	6b51a5c48159ad51d723e44a1cf92beecca37259f7b46cdf0b09cadba22cbc76	PASS	true	cdr3_cross_tool_disagreement_gt_4A_diagnostic	PASS	true	127	1.0	/data1/qlyu/projects/pvrig_top7500_c2_gap_recovery_v1_20260723/c2_new4220_dualreceptor_seed42_3047_handoff_v1/inputs/candidate_monomers/P1MCPUFP__CPUFP500K_0386__00669.pdb	ef47328abd2bd599fc7d28bdd0e912bfe73681cb479a4003895fe5f545d0a56c	PASS	true	127	1.0	/data/qlyu/projects/pvrig_top200_structure_consistency_v1_20260725/models/igfold/P1MCPUFP__CPUFP500K_0386__00669.pdb	db2441b426bc45847d88b27d73081e0a1924c3ad6cc76c7675ffe62e8ed76f9d	PASS	true	127	1.0	/data/qlyu/projects/pvrig_top200_structure_consistency_v1_20260725/models/nanonet/P1MCPUFP__CPUFP500K_0386__00669_nanonet_backbone_cb.pdb	056970b0dd5636d35564ba7b921ba221724fe5ea760c7bf31ef550d09ee63c45	0.5699	1.8015	0.8049	4.831	0.4471	1.3251	0.3524	3.198	0.755	2.0367	0.7634	5.2941	0.755	5.2941
50	P1MCPUFP__CPUFP500K_0287__00657	72e3f5279e5383259813f6e4fe9b993c84c3a852e99c519ed091faa809d4839f	PASS	false		PASS	true	127	1.0	/data1/qlyu/projects/pvrig_top7500_c2_gap_recovery_v1_20260723/c2_new4220_dualreceptor_seed42_3047_handoff_v1/inputs/candidate_monomers/P1MCPUFP__CPUFP500K_0287__00657.pdb	c19017703c763081145a0fcb2cd2b32b00d19a40db17c212f7c988df0bc224f8	PASS	true	127	1.0	/data/qlyu/projects/pvrig_top200_structure_consistency_v1_20260725/models/igfold/P1MCPUFP__CPUFP500K_0287__00657.pdb	a7cc6c2f6aa3b6d1400901908ab70b8493ed8b4fa302951f8d07c989f805449f	PASS	true	127	1.0	/data/qlyu/projects/pvrig_top200_structure_consistency_v1_20260725/models/nanonet/P1MCPUFP__CPUFP500K_0287__00657_nanonet_backbone_cb.pdb	20af400bbddaf48b6588111da15dd6298c8d03c6765c8dcf18d0db56b23fabac	0.5602	2.6664	0.4378	2.1691	0.4785	2.0107	0.5079	3.0618	0.6765	2.7438	0.6627	3.5737	0.6765	3.5737
51	P1MCPUFP__CPUFP500K_0496__00456	fce1e0c5b64c0fed1914746a7bf46ecb919b2b8ea45c8d747dd2eafd0988707e	PASS	false		PASS	true	127	1.0	/data1/qlyu/projects/pvrig_top7500_c2_gap_recovery_v1_20260723/c2_new4220_dualreceptor_seed42_3047_handoff_v1/inputs/candidate_monomers/P1MCPUFP__CPUFP500K_0496__00456.pdb	a826c3c850277b6bc8c1cefebebd943709066b8a760e30c656a53bf8db3aaf4e	PASS	true	127	1.0	/data/qlyu/projects/pvrig_top200_structure_consistency_v1_20260725/models/igfold/P1MCPUFP__CPUFP500K_0496__00456.pdb	22bd88c23dd65adf5f3f377774f5abb4e259038688d58ed1419d9d0d0f7d0bb0	PASS	true	127	1.0	/data/qlyu/projects/pvrig_top200_structure_consistency_v1_20260725/models/nanonet/P1MCPUFP__CPUFP500K_0496__00456_nanonet_backbone_cb.pdb	6e68971d70275ed03a04d0eae931910896c87f8cd20541cd7bc624491c1a8cf0	0.5192	1.4601	1.0712	1.8011	0.5535	2.3192	0.5647	2.9065	0.5749	2.4807	0.6668	3.6977	0.5749	3.6977
52	P1MCPUFP__CPUFP500K_0030__00639	ad715471b21dd35c3110c83b89e6e378e889cc140acda8cc84d989168512c162	PASS	false		PASS	true	123	1.0	/data1/qlyu/projects/pvrig_priority_top7500_dualreceptor_multiseed_handoff_v3_20260722/inputs/candidate_monomers/P1MCPUFP__CPUFP500K_0030__00639.pdb	64651d3c7caee0fda51d30b6f9d17c52b0d5edaa0843da856245bc98d7281858	PASS	true	123	1.0	/data/qlyu/projects/pvrig_top200_structure_consistency_v1_20260725/models/igfold/P1MCPUFP__CPUFP500K_0030__00639.pdb	928be069b97695e6e9e7dbd4c8f9571edab248dac0d86bcd04b33cb384aa996f	PASS	true	123	1.0	/data/qlyu/projects/pvrig_top200_structure_consistency_v1_20260725/models/nanonet/P1MCPUFP__CPUFP500K_0030__00639_nanonet_backbone_cb.pdb	d3e7adb85395de2b2dc76ecb53c44170dd7f4e70a9e5886aaabc2914bb04970a	0.4481	1.9551	0.4296	1.3398	0.318	2.5417	0.3479	1.5836	0.4511	2.3083	0.4551	1.2974	0.4511	1.5836
53	P1MCPUFP__CPUFP500K_0108__00930	a5f45d8f710f201a0272f2ece6eda1b368a625fd9d4e6b8627eed9e27ad4b1e0	PASS	false		PASS	true	127	1.0	/data1/qlyu/projects/pvrig_top7500_c2_gap_recovery_v1_20260723/c2_new4220_dualreceptor_seed42_3047_handoff_v1/inputs/candidate_monomers/P1MCPUFP__CPUFP500K_0108__00930.pdb	3a9761df3cef9f64e6c383f55911738c348246da6e4b89a2fa0ce0ff157a7d16	PASS	true	127	1.0	/data/qlyu/projects/pvrig_top200_structure_consistency_v1_20260725/models/igfold/P1MCPUFP__CPUFP500K_0108__00930.pdb	8f169f20ef325490bb36265c9a691e407b041599c603fd9595666ccf54b71a05	PASS	true	127	1.0	/data/qlyu/projects/pvrig_top200_structure_consistency_v1_20260725/models/nanonet/P1MCPUFP__CPUFP500K_0108__00930_nanonet_backbone_cb.pdb	8f93f807d280b92cc74780133e4172595d6045b77c24c540588dce5e99e2f2ed	0.7828	2.1436	0.4068	2.6119	0.5625	4.2738	0.4	2.5242	0.7349	2.9142	0.6754	2.0837	0.7828	2.6119
54	P1MCPUFP__CPUFP500K_0207__00174	2837405378674318487a10b64d906b459be5212298d388ff5635a00ca6f87d91	PASS	false		PASS	true	127	1.0	/data1/qlyu/projects/pvrig_top7500_c2_gap_recovery_v1_20260723/c2_new4220_dualreceptor_seed42_3047_handoff_v1/inputs/candidate_monomers/P1MCPUFP__CPUFP500K_0207__00174.pdb	7795006a018c4c7970ad090708e12c818cfe1661fbc1678047056adf3ae8d63f	PASS	true	127	1.0	/data/qlyu/projects/pvrig_top200_structure_consistency_v1_20260725/models/igfold/P1MCPUFP__CPUFP500K_0207__00174.pdb	b17ba3fd729fdecb2281e38a2d72a3f3d51647d6c0473435ca7469f897a573ff	PASS	true	127	1.0	/data/qlyu/projects/pvrig_top200_structure_consistency_v1_20260725/models/nanonet/P1MCPUFP__CPUFP500K_0207__00174_nanonet_backbone_cb.pdb	25aae06b73ac7a8a26d38a8ebe345f9019f9d13f178949bb5a01c1216545ce05	0.4915	1.371	0.6519	2.7438	0.5623	2.4794	0.5454	1.8924	0.658	2.7646	0.9015	2.0592	0.658	2.7438
55	P1MCPUFP__CPUFP500K_0108__00315	9c8893bbd9e6a63b7a620eef2ad09584706c009a6bc9d05c7c6af7b6b48a5c35	PASS	false		PASS	true	127	1.0	/data1/qlyu/projects/pvrig_top7500_c2_gap_recovery_v1_20260723/c2_new4220_dualreceptor_seed42_3047_handoff_v1/inputs/candidate_monomers/P1MCPUFP__CPUFP500K_0108__00315.pdb	4fc1b3126a9d6d8d9e7bab0d623d6753674f2cb3b67cb8bbcc3d369a11360556	PASS	true	127	1.0	/data/qlyu/projects/pvrig_top200_structure_consistency_v1_20260725/models/igfold/P1MCPUFP__CPUFP500K_0108__00315.pdb	98b4efe13b21f413590adb060474a22e42d26f71c697ffc032f2d8c9cdd7fc97	PASS	true	127	1.0	/data/qlyu/projects/pvrig_top200_structure_consistency_v1_20260725/models/nanonet/P1MCPUFP__CPUFP500K_0108__00315_nanonet_backbone_cb.pdb	bfc89682a56aa23bc5e2650fdae55b11eb3e95454555f8316b0d1bb42ab5e64b	0.4836	2.7705	0.8522	2.2796	0.5245	3.5756	0.4723	1.9964	0.7353	2.1485	0.7682	2.0504	0.7353	2.2796
56	P1MCPUFP__CPUFP500K_0228__00457	5fab6b59c86c982f225437ab319ccfada698e1f95b79a49fb1dcdf7fe522fc71	PASS	false		PASS	true	123	1.0	/data1/qlyu/projects/pvrig_priority_top7500_dualreceptor_multiseed_handoff_v3_20260722/inputs/candidate_monomers/P1MCPUFP__CPUFP500K_0228__00457.pdb	b27bb62f673f5560e33b2aa23e789ddca81a1b0a7b74e83ad38195316f1dc4ed	PASS	true	123	1.0	/data/qlyu/projects/pvrig_top200_structure_consistency_v1_20260725/models/igfold/P1MCPUFP__CPUFP500K_0228__00457.pdb	4cfcced7b594c4dfaa9f0d0996a225cae55c078b2cc397a4faa6a3b2ecf7f6fa	PASS	true	123	1.0	/data/qlyu/projects/pvrig_top200_structure_consistency_v1_20260725/models/nanonet/P1MCPUFP__CPUFP500K_0228__00457_nanonet_backbone_cb.pdb	abb3fdf61d68ddcc1708ed1c219eb076cfeabb314f9d0fc3ce527a1bd7f55a4d	0.4139	2.2714	0.5824	1.3946	0.3384	2.0341	0.5666	2.2686	0.3991	2.1021	0.6356	2.0716	0.4139	2.2686
57	P1MCPUFP__CPUFP500K_0207__00132	df07e94daa7e0d737bbf3762fdd9a1dea63a6c0e06ed7e934e8bcf8c44b027e3	PASS	false		PASS	true	127	1.0	/data1/qlyu/projects/pvrig_top7500_c2_gap_recovery_v1_20260723/c2_new4220_dualreceptor_seed42_3047_handoff_v1/inputs/candidate_monomers/P1MCPUFP__CPUFP500K_0207__00132.pdb	0d103d2b7aa4e235e7f04f6f36d698b224886216c919a18fc2fb021d03dfe94e	PASS	true	127	1.0	/data/qlyu/projects/pvrig_top200_structure_consistency_v1_20260725/models/igfold/P1MCPUFP__CPUFP500K_0207__00132.pdb	c1f202c52a46a5642e0cb30494ff148b567695eb3e5cb46a373dd4f307fefa5c	PASS	true	127	1.0	/data/qlyu/projects/pvrig_top200_structure_consistency_v1_20260725/models/nanonet/P1MCPUFP__CPUFP500K_0207__00132_nanonet_backbone_cb.pdb	b5bf541547554e02d5c9e45e3eaa49b3cb2b0dd83965843837653aa34fb38b20	0.414	2.453	0.512	2.9867	0.5787	2.9457	0.4695	2.0448	0.7032	2.9374	0.5565	2.5293	0.7032	2.9867
58	P1MCPUFP__CPUFP500K_0496__00394	23cd3ef95cdb09ea749b4a5a273b3130f8eef248b3ba7d15b0629fbe8a1e4da7	PASS	true	cdr3_cross_tool_disagreement_gt_4A_diagnostic	PASS	true	127	1.0	/data1/qlyu/projects/pvrig_priority_top7500_dualreceptor_multiseed_handoff_v3_20260722/inputs/candidate_monomers/P1MCPUFP__CPUFP500K_0496__00394.pdb	71fb48e86fac9693414acf2d58a5a1bafe0580976b159f04afc7cc24b7dd2c6a	PASS	true	127	1.0	/data/qlyu/projects/pvrig_top200_structure_consistency_v1_20260725/models/igfold/P1MCPUFP__CPUFP500K_0496__00394.pdb	e62d3e33a8a882683ca3621874ca0457a095d7c75c91364a4170931a04f58253	PASS	true	127	1.0	/data/qlyu/projects/pvrig_top200_structure_consistency_v1_20260725/models/nanonet/P1MCPUFP__CPUFP500K_0496__00394_nanonet_backbone_cb.pdb	218e20dd7760ab54c50629acca443d7fb396a9a3d625acc3df090cb9a1b46b45	0.5154	1.579	0.7878	2.4069	0.513	2.6662	0.3377	2.9117	0.5818	2.7647	0.884	4.2457	0.5818	4.2457
59	P1MCPUFP__CPUFP500K_0090__00208	2d0eb83235b5988c92d0ff00eba58b284f8087c70feafaf0c5232efe6fae2b94	PASS	false		PASS	true	127	1.0	/data1/qlyu/projects/pvrig_priority_top7500_dualreceptor_multiseed_handoff_v3_20260722/inputs/candidate_monomers/P1MCPUFP__CPUFP500K_0090__00208.pdb	aac4e2f74646eed265b18569fbceb7be4dd1a838cdf115f34831959abeac610c	PASS	true	127	1.0	/data/qlyu/projects/pvrig_top200_structure_consistency_v1_20260725/models/igfold/P1MCPUFP__CPUFP500K_0090__00208.pdb	8594fe447587cb48d6aae620dc95e9df2d6b8415c9fde500752c19b617d7b44d	PASS	true	127	1.0	/data/qlyu/projects/pvrig_top200_structure_consistency_v1_20260725/models/nanonet/P1MCPUFP__CPUFP500K_0090__00208_nanonet_backbone_cb.pdb	11688490025ee92c70b8113f0a2f68562debf83198b0bcd53c57a9a607ed96b9	0.4308	1.9991	0.8364	3.6299	0.5716	1.9389	0.415	3.3082	0.5939	2.4738	0.6669	3.825	0.5939	3.825
60	P1MCPUFP__CPUFP500K_0032__00877	fc9fd9004613d5b17008d16f6536fc903ca542b5d9da0bd4a0265937d5203a83	PASS	false		PASS	true	123	1.0	/data1/qlyu/projects/pvrig_priority_top7500_dualreceptor_multiseed_handoff_v3_20260722/inputs/candidate_monomers/P1MCPUFP__CPUFP500K_0032__00877.pdb	5efb301e304de143b05f3fe8148bcee05777156f5cb66efe279c3b9aee72cc47	PASS	true	123	1.0	/data/qlyu/projects/pvrig_top200_structure_consistency_v1_20260725/models/igfold/P1MCPUFP__CPUFP500K_0032__00877.pdb	621e1cbe4bd548bd572319865cb83527145c093e7d8a3af185b213371b1db938	PASS	true	123	1.0	/data/qlyu/projects/pvrig_top200_structure_consistency_v1_20260725/models/nanonet/P1MCPUFP__CPUFP500K_0032__00877_nanonet_backbone_cb.pdb	e1ac0ef01480be78fa1805de52ebbdad353d28325e3530c59b1435dae7a0464c	0.4408	2.519	0.5264	1.3403	0.3779	2.7317	0.4033	1.8304	0.498	3.7189	0.6223	1.7388	0.498	1.8304
61	P1MCPUFP__CPUFP500K_0100__00247	9f073a590029747fa885b9b16afd3befc3e94edc140d8cf145690ac9d9c22f7d	PASS	false		PASS	true	127	1.0	/data1/qlyu/projects/pvrig_top7500_c2_gap_recovery_v1_20260723/c2_new4220_dualreceptor_seed42_3047_handoff_v1/inputs/candidate_monomers/P1MCPUFP__CPUFP500K_0100__00247.pdb	4622c36bdadb81bfb4e16de84085319b80438271001df750db64a0c115800e3c	PASS	true	127	1.0	/data/qlyu/projects/pvrig_top200_structure_consistency_v1_20260725/models/igfold/P1MCPUFP__CPUFP500K_0100__00247.pdb	3067e0b26ba63d63fc4cb69d770e563e834ec00607d15fbec7dc3e59a05f4de2	PASS	true	127	1.0	/data/qlyu/projects/pvrig_top200_structure_consistency_v1_20260725/models/nanonet/P1MCPUFP__CPUFP500K_0100__00247_nanonet_backbone_cb.pdb	74642c71f5ee03379654e6ecb569b2c6c139877db074ff5ab622ad9c594e15c4	0.4088	2.0837	0.8522	2.2801	0.4194	2.5631	0.4891	3.1003	0.5613	2.7648	0.7064	3.6983	0.5613	3.6983
62	P1MCPUFP__CPUFP500K_0108__00054	d0de247c6d4f27950c7536e53021f6efc196d8a12fa1122dba39d172b0896ec8	PASS	false		PASS	true	127	1.0	/data1/qlyu/projects/pvrig_top7500_c2_gap_recovery_v1_20260723/c2_new4220_dualreceptor_seed42_3047_handoff_v1/inputs/candidate_monomers/P1MCPUFP__CPUFP500K_0108__00054.pdb	bdb6d5047c2e499f27f7ff97df20b4b9efe44473b4476eba8b191ca6f3d1d517	PASS	true	127	1.0	/data/qlyu/projects/pvrig_top200_structure_consistency_v1_20260725/models/igfold/P1MCPUFP__CPUFP500K_0108__00054.pdb	d507e6e4a9c5fce036c57ebe83eda621788479337a526d7bc40d0ed8cb373c7d	PASS	true	127	1.0	/data/qlyu/projects/pvrig_top200_structure_consistency_v1_20260725/models/nanonet/P1MCPUFP__CPUFP500K_0108__00054_nanonet_backbone_cb.pdb	aaecfa09ee354afe8d2cd8df8f563e2a00e3fa6f3e57eda42dc01d107c561b4d	0.4652	2.3478	0.6765	2.5859	0.6228	2.2693	0.9087	2.9508	0.7038	2.973	1.334	2.1063	0.7038	2.9508
63	P1MCPUFP__CPUFP500K_0108__00211	59b49fb89664ea616b6fe67c8950eb04413dbfda954115c9d880b71c697ce853	PASS	false		PASS	true	127	1.0	/data1/qlyu/projects/pvrig_top7500_c2_gap_recovery_v1_20260723/c2_new4220_dualreceptor_seed42_3047_handoff_v1/inputs/candidate_monomers/P1MCPUFP__CPUFP500K_0108__00211.pdb	9d84a5e14fb7cf513adae8eeed038e1d83dff25d2783331943c65ddbf2a3af26	PASS	true	127	1.0	/data/qlyu/projects/pvrig_top200_structure_consistency_v1_20260725/models/igfold/P1MCPUFP__CPUFP500K_0108__00211.pdb	f73e11a86c0039e78310b50673e712b98643fb311b574d7686ab48c42bb697d6	PASS	true	127	1.0	/data/qlyu/projects/pvrig_top200_structure_consistency_v1_20260725/models/nanonet/P1MCPUFP__CPUFP500K_0108__00211_nanonet_backbone_cb.pdb	33ad6516e0129df213fc51b1505597c5f0ad7e00d8b32aaa18dcba2f679ef3a7	0.4658	2.4555	0.5975	3.3905	0.5838	2.3209	0.6603	2.3626	0.7191	3.623	0.6859	2.2071	0.7191	3.3905
64	P1MCPUFP__CPUFP500K_0504__00926	931635a689a2a46512bbdd466c8a6aba87bf171ecfc8559c67131f926fe442cf	PASS	false		PASS	true	127	1.0	/data1/qlyu/projects/pvrig_top7500_c2_gap_recovery_v1_20260723/c2_new4220_dualreceptor_seed42_3047_handoff_v1/inputs/candidate_monomers/P1MCPUFP__CPUFP500K_0504__00926.pdb	99f9374a3c0478ab13be78a59e4e9be1b1f92a8dfa4023faf4b708f822437d72	PASS	true	127	1.0	/data/qlyu/projects/pvrig_top200_structure_consistency_v1_20260725/models/igfold/P1MCPUFP__CPUFP500K_0504__00926.pdb	35c66dec0b35dd67e3db89051c5fad118b7e89680ea91a698a260ebf47eed6ba	PASS	true	127	1.0	/data/qlyu/projects/pvrig_top200_structure_consistency_v1_20260725/models/nanonet/P1MCPUFP__CPUFP500K_0504__00926_nanonet_backbone_cb.pdb	979ff2795a40a435a5c7db9f5646d5f76c57653fdd1e2cadaa9ebd797a298021	0.3788	3.2112	0.4953	2.2371	0.5914	3.7459	0.5964	2.4209	0.7405	3.2687	0.7964	1.9923	0.7405	2.4209
65	P1MCPUFP__CPUFP500K_0504__00917	58dc3c474e325691fd3a6b63666536145c83d960f5bd275dbe7ae587888ac33f	PASS	false		PASS	true	127	1.0	/data1/qlyu/projects/pvrig_top7500_c2_gap_recovery_v1_20260723/c2_new4220_dualreceptor_seed42_3047_handoff_v1/inputs/candidate_monomers/P1MCPUFP__CPUFP500K_0504__00917.pdb	aeecdcca9fc7d5a0ce92afee5aa84cfab548be75bdaa4480cd0f9b1e0873aeb3	PASS	true	127	1.0	/data/qlyu/projects/pvrig_top200_structure_consistency_v1_20260725/models/igfold/P1MCPUFP__CPUFP500K_0504__00917.pdb	56e6b3ac3920d23a467e0266ba08e3ce13ff8bf0df9999624fba29843bc103c7	PASS	true	127	1.0	/data/qlyu/projects/pvrig_top200_structure_consistency_v1_20260725/models/nanonet/P1MCPUFP__CPUFP500K_0504__00917_nanonet_backbone_cb.pdb	4c3220966440161b5767204c2d13503127cdb49b19556072e92201c2a7223f4e	0.8311	1.3112	0.4741	3.0256	0.6859	3.7349	0.5294	2.8744	0.7953	3.0873	0.6735	3.8336	0.8311	3.8336
66	P1MCPUFP__CPUFP500K_0188__00631	a05c6f404f05a7a296874a7d9f66cefc9806096de3adbd9607e016e9330caf28	PASS	true	cdr3_cross_tool_disagreement_gt_4A_diagnostic	PASS	true	127	1.0	/data1/qlyu/projects/pvrig_top7500_c2_gap_recovery_v1_20260723/c2_new4220_dualreceptor_seed42_3047_handoff_v1/inputs/candidate_monomers/P1MCPUFP__CPUFP500K_0188__00631.pdb	8eb8878ff4262f5eae8d22232b0fb6236193787dd67f1f3e13dd6bbba980b8cd	PASS	true	127	1.0	/data/qlyu/projects/pvrig_top200_structure_consistency_v1_20260725/models/igfold/P1MCPUFP__CPUFP500K_0188__00631.pdb	2b52639344a134862440af689166c56a97b05c82b7978b669815b1f38eb6c13d	PASS	true	127	1.0	/data/qlyu/projects/pvrig_top200_structure_consistency_v1_20260725/models/nanonet/P1MCPUFP__CPUFP500K_0188__00631_nanonet_backbone_cb.pdb	d6c54460c7a536ab95e4d65aedbfbc95c318e27f2d580cc09032cdd105829c7d	0.4133	2.3677	0.5317	3.0575	0.4142	1.987	0.4232	5.4908	0.5723	2.3479	0.675	6.8938	0.5723	6.8938
67	P1MCPUFP__CPUFP500K_0287__00271	73d16b8568adf16419ee2934706ed1b1a5af23c572acfca7e7e44e5ec8c78438	PASS	true	cdr3_cross_tool_disagreement_gt_4A_diagnostic	PASS	true	127	1.0	/data1/qlyu/projects/pvrig_top7500_c2_gap_recovery_v1_20260723/c2_new4220_dualreceptor_seed42_3047_handoff_v1/inputs/candidate_monomers/P1MCPUFP__CPUFP500K_0287__00271.pdb	da4ec330e1d3f59ab1b0b81daa1b8b59019cc6a72ab139370b806ad230cffb06	PASS	true	127	1.0	/data/qlyu/projects/pvrig_top200_structure_consistency_v1_20260725/models/igfold/P1MCPUFP__CPUFP500K_0287__00271.pdb	36f5eeff1553a33e29be9f89b4601c446d022f6511a3c81a3ab3fec81805c49e	PASS	true	127	1.0	/data/qlyu/projects/pvrig_top200_structure_consistency_v1_20260725/models/nanonet/P1MCPUFP__CPUFP500K_0287__00271_nanonet_backbone_cb.pdb	d9ab8ad6dd8a1a9d57d09ce6ef38b788e3d7c7f5c352db791194db7d29a9e778	0.5556	2.6509	0.5811	2.2295	0.5014	2.8862	0.5495	3.6256	0.7668	3.1008	0.5222	4.9215	0.7668	4.9215
68	P1MCPUFP__CPUFP500K_0199__00049	2b775f821cfe85b731ffa6fa677d72e43162835e0d500e9b1404f2c6d2699985	PASS	true	cdr3_cross_tool_disagreement_gt_4A_diagnostic	PASS	true	127	1.0	/data1/qlyu/projects/pvrig_priority_top7500_dualreceptor_multiseed_handoff_v3_20260722/inputs/candidate_monomers/P1MCPUFP__CPUFP500K_0199__00049.pdb	54b90274fe24e8229db2ec6fafb53ed868b6e79e75c98623c91517b3f47ee507	PASS	true	127	1.0	/data/qlyu/projects/pvrig_top200_structure_consistency_v1_20260725/models/igfold/P1MCPUFP__CPUFP500K_0199__00049.pdb	cb9f515a54beecf6b3f238d76736b293ab6b8c5a21671b89ac207ac6d57a767c	PASS	true	127	1.0	/data/qlyu/projects/pvrig_top200_structure_consistency_v1_20260725/models/nanonet/P1MCPUFP__CPUFP500K_0199__00049_nanonet_backbone_cb.pdb	00bdfc5eba2b727ded5aeab86033b1212500a581d64ce85740adfc1c0b42da3e	0.5379	1.4102	0.4884	2.6841	0.4306	2.3244	0.6443	2.7644	0.55	2.4408	0.5831	4.4095	0.55	4.4095
69	P1MCPUFP__CPUFP500K_0287__00389	0375ed3b75cf47e094a7d8147ef057ffc71ce88f4ede92d3c714186bcec1b099	PASS	true	cdr3_cross_tool_disagreement_gt_4A_diagnostic	PASS	true	127	1.0	/data1/qlyu/projects/pvrig_top7500_c2_gap_recovery_v1_20260723/c2_new4220_dualreceptor_seed42_3047_handoff_v1/inputs/candidate_monomers/P1MCPUFP__CPUFP500K_0287__00389.pdb	259d02994ac95ba834f07c981d815b4e31402fce76f0acfe6269897c8c4e7a77	PASS	true	127	1.0	/data/qlyu/projects/pvrig_top200_structure_consistency_v1_20260725/models/igfold/P1MCPUFP__CPUFP500K_0287__00389.pdb	5730fbf7826621ca6e3e5f170eeb96743c7444242ae54452b12adc675387c6c4	PASS	true	127	1.0	/data/qlyu/projects/pvrig_top200_structure_consistency_v1_20260725/models/nanonet/P1MCPUFP__CPUFP500K_0287__00389_nanonet_backbone_cb.pdb	77e7d4bd7e95f79802331faf2437fd211d280d644e8feca86997ced65042298c	0.5351	2.2204	0.69	4.0646	0.4488	1.6596	0.3175	3.13	0.6682	2.8698	0.5563	5.2261	0.6682	5.2261
70	P1MCPUFP__CPUFP500K_0298__00376	b41fb2ab6c4e18dff6f0822f88371837ae617159ed161b4289987c3146bb61f6	PASS	true	cdr3_cross_tool_disagreement_gt_4A_diagnostic	PASS	true	127	1.0	/data1/qlyu/projects/pvrig_priority_top7500_dualreceptor_multiseed_handoff_v3_20260722/inputs/candidate_monomers/P1MCPUFP__CPUFP500K_0298__00376.pdb	337a5a608b630f38c5a89b0b17e1889137d57002017bd9914c39a9671302878f	PASS	true	127	1.0	/data/qlyu/projects/pvrig_top200_structure_consistency_v1_20260725/models/igfold/P1MCPUFP__CPUFP500K_0298__00376.pdb	834e8abd7778b38f765e63ec311afebe3ed9b6a61570a33669a48620be27191f	PASS	true	127	1.0	/data/qlyu/projects/pvrig_top200_structure_consistency_v1_20260725/models/nanonet/P1MCPUFP__CPUFP500K_0298__00376_nanonet_backbone_cb.pdb	00a7d5200e4cba5bd3d876a1726fd9644dcd35b5076fbe0bfc495cf5bf15b898	0.4851	1.7549	0.4488	2.0077	0.5232	2.5907	0.606	4.5096	0.6016	2.6392	0.8861	5.3867	0.6016	5.3867
71	P1MCPUFP__CPUFP500K_0504__00270	9c1d9ea8ec66b484286b7979b6a01b7271faa6411120105209f02d318a548ceb	PASS	false		PASS	true	127	1.0	/data1/qlyu/projects/pvrig_top7500_c2_gap_recovery_v1_20260723/c2_new4220_dualreceptor_seed42_3047_handoff_v1/inputs/candidate_monomers/P1MCPUFP__CPUFP500K_0504__00270.pdb	7e3309565cac7c48fd28e4b8cc0986e164cc563a0dfd6bd5d879f75aac44ab64	PASS	true	127	1.0	/data/qlyu/projects/pvrig_top200_structure_consistency_v1_20260725/models/igfold/P1MCPUFP__CPUFP500K_0504__00270.pdb	2b47e3a0683b2cfbb22d0f2244d6f0ffee266039cad719d70c1d14a9255b4d1e	PASS	true	127	1.0	/data/qlyu/projects/pvrig_top200_structure_consistency_v1_20260725/models/nanonet/P1MCPUFP__CPUFP500K_0504__00270_nanonet_backbone_cb.pdb	ed6826398fcf0002e4953e1a0bfc28b2527beb9dd96cda5564199928dd732dbc	0.4167	2.8841	0.4856	2.0969	0.6345	3.9112	0.6771	3.0231	0.84	3.166	0.9259	1.9453	0.84	3.0231
72	P1MCPUFP__CPUFP500K_0008__00816	4143536b63c44db66249c4beffa6f8b08ed014e644b3b020a7b57a09fca7e435	PASS	true	cdr3_cross_tool_disagreement_gt_4A_diagnostic	PASS	true	127	1.0	/data1/qlyu/projects/pvrig_top7500_c2_gap_recovery_v1_20260723/c2_new4220_dualreceptor_seed42_3047_handoff_v1/inputs/candidate_monomers/P1MCPUFP__CPUFP500K_0008__00816.pdb	c99ae8247f11fd0715e1381256a56490f2d314bcdaef58309aa590c124ef58ad	PASS	true	127	1.0	/data/qlyu/projects/pvrig_top200_structure_consistency_v1_20260725/models/igfold/P1MCPUFP__CPUFP500K_0008__00816.pdb	6446193d5ba87cfe9cca67851eff0274109a42ed59d22007b5394b766039fbd6	PASS	true	127	1.0	/data/qlyu/projects/pvrig_top200_structure_consistency_v1_20260725/models/nanonet/P1MCPUFP__CPUFP500K_0008__00816_nanonet_backbone_cb.pdb	2bd7c89cf62dc3b49abd0703ed36d8069bf3081d2ac3c6f7b98d708cc96d85f1	0.4352	2.5512	0.5341	2.5593	0.5737	3.9678	0.9389	3.5566	0.6186	3.0077	0.8521	4.1017	0.6186	4.1017
73	P1MCPUFP__CPUFP500K_0188__00199	e0ab87fd26c6ed140bba30bffb481beb9e9e37d86a72db574baa490c5dc5ec82	PASS	true	cdr3_cross_tool_disagreement_gt_4A_diagnostic	PASS	true	127	1.0	/data1/qlyu/projects/pvrig_top7500_c2_gap_recovery_v1_20260723/c2_new4220_dualreceptor_seed42_3047_handoff_v1/inputs/candidate_monomers/P1MCPUFP__CPUFP500K_0188__00199.pdb	77d961f81746a978417af60299cd4129543cadd708b29dc6a188972177fd8b19	PASS	true	127	1.0	/data/qlyu/projects/pvrig_top200_structure_consistency_v1_20260725/models/igfold/P1MCPUFP__CPUFP500K_0188__00199.pdb	59fae2746048150f6a3d399a1028fb5432b68a3bcdbdc5f89aac5e62460e8d15	PASS	true	127	1.0	/data/qlyu/projects/pvrig_top200_structure_consistency_v1_20260725/models/nanonet/P1MCPUFP__CPUFP500K_0188__00199_nanonet_backbone_cb.pdb	f16fac6c99f3f8f874aa961082e3102d8afd8dd40401eedc086a6ed01a8646ae	0.4623	1.6707	1.2765	2.5144	0.4476	1.3453	0.5162	4.008	0.5759	1.8918	0.9957	4.9811	0.5759	4.9811
74	P1MCPUFP__CPUFP500K_0108__00476	88ae0f3ff5eeeb8aa122b5b05a867f41ef5961ad432260b1b837dcafd6354af3	PASS	false		PASS	true	127	1.0	/data1/qlyu/projects/pvrig_top7500_c2_gap_recovery_v1_20260723/c2_new4220_dualreceptor_seed42_3047_handoff_v1/inputs/candidate_monomers/P1MCPUFP__CPUFP500K_0108__00476.pdb	36ac6226578f968a5f5b6e2b3d87fdcf82f03869643021196f4d10b6c7eba8e0	PASS	true	127	1.0	/data/qlyu/projects/pvrig_top200_structure_consistency_v1_20260725/models/igfold/P1MCPUFP__CPUFP500K_0108__00476.pdb	5530bf9b6152616437cca2688b0ffd96dc74b94b7887a9820c45d6d2c411e63e	PASS	true	127	1.0	/data/qlyu/projects/pvrig_top200_structure_consistency_v1_20260725/models/nanonet/P1MCPUFP__CPUFP500K_0108__00476_nanonet_backbone_cb.pdb	a87aa4b6f8067b4f713c068c222ed251c2c326dd39dc33ac35954b01d510df17	0.3517	3.7835	0.5735	2.1344	0.7027	4.0088	0.8839	2.2741	0.8299	2.3362	0.8986	2.3479	0.8299	2.3479
75	P1MCPUFP__CPUFP500K_0380__00771	54ed8a9ef00ab160f6512cce878d7e9bccec7c3aa9450bcae7ffdb6e857f0eac	PASS	true	cdr3_cross_tool_disagreement_gt_4A_diagnostic	PASS	true	127	1.0	/data1/qlyu/projects/pvrig_top7500_c2_gap_recovery_v1_20260723/c2_new4220_dualreceptor_seed42_3047_handoff_v1/inputs/candidate_monomers/P1MCPUFP__CPUFP500K_0380__00771.pdb	0d6411aebbbe8052e9ca6191249eb6f735c8168529c9c486f78f3cf422ba2697	PASS	true	127	1.0	/data/qlyu/projects/pvrig_top200_structure_consistency_v1_20260725/models/igfold/P1MCPUFP__CPUFP500K_0380__00771.pdb	3d29e5f59b9e4eb86fd42deb2d372c38edc3077a66756afdaca438f1457be7a8	PASS	true	127	1.0	/data/qlyu/projects/pvrig_top200_structure_consistency_v1_20260725/models/nanonet/P1MCPUFP__CPUFP500K_0380__00771_nanonet_backbone_cb.pdb	774824aae6764694d16ac33a76c123ba1dc45e2e6f435dbbdccf9a1898014de5	0.5166	1.9814	1.2037	3.2452	0.4621	1.9026	0.3907	2.4152	0.593	2.6214	0.9857	4.2489	0.593	4.2489
76	P1MCPUFP__CPUFP500K_0287__00867	4bf17659962c15119da602133bd67f07bb499c367c0e698b8cc9ff682c347eba	PASS	true	cdr3_cross_tool_disagreement_gt_4A_diagnostic	PASS	true	127	1.0	/data1/qlyu/projects/pvrig_top7500_c2_gap_recovery_v1_20260723/c2_new4220_dualreceptor_seed42_3047_handoff_v1/inputs/candidate_monomers/P1MCPUFP__CPUFP500K_0287__00867.pdb	e7f2931e1395b908b29797091a0f35c4aad4b33eec811bb1d0e97d8b29283447	PASS	true	127	1.0	/data/qlyu/projects/pvrig_top200_structure_consistency_v1_20260725/models/igfold/P1MCPUFP__CPUFP500K_0287__00867.pdb	fa9565836e35f4a0a5b2419691829b37934f3fe5fb34130b7e8b9534004147f1	PASS	true	127	1.0	/data/qlyu/projects/pvrig_top200_structure_consistency_v1_20260725/models/nanonet/P1MCPUFP__CPUFP500K_0287__00867_nanonet_backbone_cb.pdb	d0892f9ad13fa1e61c5ed8d96da7d3082780867b625b36c82fde679e63c0574b	0.4479	1.7907	1.2557	2.5652	0.4804	2.5361	0.4756	4.5323	0.599	2.884	1.4144	5.9775	0.599	5.9775
77	P1MCPUFP__CPUFP500K_0008__00424	7f2032435ae143355acbe64ed07c9ae3b8bef0463a550242b4518738cf1f1003	PASS	false		PASS	true	127	1.0	/data1/qlyu/projects/pvrig_top7500_c2_gap_recovery_v1_20260723/c2_new4220_dualreceptor_seed42_3047_handoff_v1/inputs/candidate_monomers/P1MCPUFP__CPUFP500K_0008__00424.pdb	4b8bfc0aad0d61b32eec3370e2ed8655e42426a2b44624bc865b0bb8ca332745	PASS	true	127	1.0	/data/qlyu/projects/pvrig_top200_structure_consistency_v1_20260725/models/igfold/P1MCPUFP__CPUFP500K_0008__00424.pdb	b7a8ce45384f770884e9d2fa652591004f51dbe06975611f9bff6ced148beaa6	PASS	true	127	1.0	/data/qlyu/projects/pvrig_top200_structure_consistency_v1_20260725/models/nanonet/P1MCPUFP__CPUFP500K_0008__00424_nanonet_backbone_cb.pdb	5809b1b3cc22c256c57cf12b4e25e7d44c1d12b8b1ae737da51795e713dcb521	0.4329	2.2663	0.5852	2.431	0.5342	2.7661	0.7185	2.1406	0.5365	2.8925	0.7295	3.1149	0.5365	3.1149
78	P1MCPUFP__CPUFP500K_0089__00488	2a084d42c4039be372732730660275c3602a3f019d94b6eaaac33899605b8a1a	PASS	true	cdr3_cross_tool_disagreement_gt_4A_diagnostic	PASS	true	127	1.0	/data1/qlyu/projects/pvrig_top7500_c2_gap_recovery_v1_20260723/c2_new4220_dualreceptor_seed42_3047_handoff_v1/inputs/candidate_monomers/P1MCPUFP__CPUFP500K_0089__00488.pdb	a77632c977a0c711a7b0e13d55a2c19a5da33014d6818a90ebebc113a82baa1a	PASS	true	127	1.0	/data/qlyu/projects/pvrig_top200_structure_consistency_v1_20260725/models/igfold/P1MCPUFP__CPUFP500K_0089__00488.pdb	b5681f13e578a5f0224ad69b8379de65e80e57817b9b851453ea129a8e47e3f1	PASS	true	127	1.0	/data/qlyu/projects/pvrig_top200_structure_consistency_v1_20260725/models/nanonet/P1MCPUFP__CPUFP500K_0089__00488_nanonet_backbone_cb.pdb	64e44d27fa5aa0e270654fcd801c1e8f35dbf87c9960054be44611702ed1f971	0.4358	2.3461	0.6337	2.6266	0.4249	2.1432	0.6169	3.4028	0.5616	2.1904	0.595	4.6648	0.5616	4.6648
79	P1MCPUFP__CPUFP500K_0008__00191	abe7cc4a95783da9b9fc96b7add3e8ccec2c3baa7951b0d538b89c260271164a	PASS	false		PASS	true	127	1.0	/data1/qlyu/projects/pvrig_priority_top7500_dualreceptor_multiseed_handoff_v3_20260722/inputs/candidate_monomers/P1MCPUFP__CPUFP500K_0008__00191.pdb	8c858326ee645109f40c7366ff5a3caf9435cf0b8014e57b6262a37ce596c799	PASS	true	127	1.0	/data/qlyu/projects/pvrig_top200_structure_consistency_v1_20260725/models/igfold/P1MCPUFP__CPUFP500K_0008__00191.pdb	285f79e636b3383161d0bf63338a2990be598dc50c7adbfd6fd6f060e6a81696	PASS	true	127	1.0	/data/qlyu/projects/pvrig_top200_structure_consistency_v1_20260725/models/nanonet/P1MCPUFP__CPUFP500K_0008__00191_nanonet_backbone_cb.pdb	c6f9b0d20f03d52a39b67354239c202b6616542a6fa4e44dc7d48c3868671d63	0.7844	2.1223	0.6582	1.9293	0.4851	2.7293	0.6549	2.4683	0.6942	2.3932	1.0419	3.3761	0.7844	3.3761
80	P1MCPUFP__CPUFP500K_0188__00096	32e9d77bccb284f2828dfa4afc4e55c9ec7f7cad6e753c28c0dbbb683993187a	PASS	true	cdr3_cross_tool_disagreement_gt_4A_diagnostic	PASS	true	127	1.0	/data1/qlyu/projects/pvrig_top7500_c2_gap_recovery_v1_20260723/c2_new4220_dualreceptor_seed42_3047_handoff_v1/inputs/candidate_monomers/P1MCPUFP__CPUFP500K_0188__00096.pdb	b4318031f7ffd5b1b668b2793e28c57a37623ce0304ca1207e985f291005b832	PASS	true	127	1.0	/data/qlyu/projects/pvrig_top200_structure_consistency_v1_20260725/models/igfold/P1MCPUFP__CPUFP500K_0188__00096.pdb	838dd66c762e1891e0049d0c57818ffa1743f77c932a476aaf82f4a45e306550	PASS	true	127	1.0	/data/qlyu/projects/pvrig_top200_structure_consistency_v1_20260725/models/nanonet/P1MCPUFP__CPUFP500K_0188__00096_nanonet_backbone_cb.pdb	57e856a192a53805c3e5af2d616d1c7e3e1b1ff90765d3f6c7261ec5d72dff18	0.7646	2.0728	1.3163	2.0945	0.4179	2.7826	0.3033	4.0762	0.7938	2.5968	1.481	4.9194	0.7938	4.9194
81	P1MCPUFP__CPUFP500K_0228__00259	782b917b504d7635cf54c74f3cbb7057aa472f648a686e58a89c4ad36340bd59	PASS	false		PASS	true	123	1.0	/data1/qlyu/projects/pvrig_priority_top7500_dualreceptor_multiseed_handoff_v3_20260722/inputs/candidate_monomers/P1MCPUFP__CPUFP500K_0228__00259.pdb	64b42919340934c05dafd245a4c2aa93a0d43e52a2d93cbbfaf97a94d2bf095b	PASS	true	123	1.0	/data/qlyu/projects/pvrig_top200_structure_consistency_v1_20260725/models/igfold/P1MCPUFP__CPUFP500K_0228__00259.pdb	c55e98e20f721cf6d9c5d5ce0bf72a3b87642c34e5258cee23fad59f3863404a	PASS	true	123	1.0	/data/qlyu/projects/pvrig_top200_structure_consistency_v1_20260725/models/nanonet/P1MCPUFP__CPUFP500K_0228__00259_nanonet_backbone_cb.pdb	3a283c778b89f42f2d2472561fdff9dd8b1d32bc94f050b20e34a230df92b759	0.3739	1.3253	0.3997	1.5557	0.3193	3.2707	0.3615	2.3817	0.4854	3.7765	0.572	2.9436	0.4854	2.9436
82	P1MCPUFP__CPUFP500K_0188__00364	8010701c2ff3ab0de448216a8a9095a99e13a37b66ef97e231fc28a66c30e632	PASS	false		PASS	true	127	1.0	/data1/qlyu/projects/pvrig_top7500_c2_gap_recovery_v1_20260723/c2_new4220_dualreceptor_seed42_3047_handoff_v1/inputs/candidate_monomers/P1MCPUFP__CPUFP500K_0188__00364.pdb	b36ec555ae1d28c141861230def7ce6a2fc3e542936e4ff5129652dd4955603e	PASS	true	127	1.0	/data/qlyu/projects/pvrig_top200_structure_consistency_v1_20260725/models/igfold/P1MCPUFP__CPUFP500K_0188__00364.pdb	e1fd49df6b5c4ef2c131fa7fd4b4066b7130c160671d0b3e03d3e8f6da6f7a03	PASS	true	127	1.0	/data/qlyu/projects/pvrig_top200_structure_consistency_v1_20260725/models/nanonet/P1MCPUFP__CPUFP500K_0188__00364_nanonet_backbone_cb.pdb	5b157dbb6b5ebbb3b97bb7a23f9da536fbb38ad3182624116b616e7f5788e0e3	0.5	1.2773	0.971	1.833	0.481	2.3489	0.6666	2.8434	0.5235	1.9577	0.9289	3.9838	0.5235	3.9838
83	P1MCPUFP__CPUFP500K_0383__00737	3dc14055ebb45ad2d547596c033325e57f02d345e6926e04fc5e119d005848ae	PASS	true	cdr3_cross_tool_disagreement_gt_4A_diagnostic	PASS	true	127	1.0	/data1/qlyu/projects/pvrig_top7500_c2_gap_recovery_v1_20260723/c2_new4220_dualreceptor_seed42_3047_handoff_v1/inputs/candidate_monomers/P1MCPUFP__CPUFP500K_0383__00737.pdb	f182d256a875b740799d9204392230cf9808cda8e95bb517c23b34d74174ebc1	PASS	true	127	1.0	/data/qlyu/projects/pvrig_top200_structure_consistency_v1_20260725/models/igfold/P1MCPUFP__CPUFP500K_0383__00737.pdb	d4e56f7faf5568dec1387e858db5878aadcfcde89248ec736931583be7fab64e	PASS	true	127	1.0	/data/qlyu/projects/pvrig_top200_structure_consistency_v1_20260725/models/nanonet/P1MCPUFP__CPUFP500K_0383__00737_nanonet_backbone_cb.pdb	797d4637d96840ad7c123b9bb056f7960af0212af7bd8f102a6acb4662847262	0.5421	1.7261	0.7482	2.7979	0.4533	2.4089	0.2837	4.4711	0.5913	2.9365	0.6658	6.23	0.5913	6.23
84	P1MCPUFP__CPUFP500K_0008__00429	421fe5b898514bb793b804e5e1451a02cbe38c3d376e562a8dddcf4883d77abe	PASS	false		PASS	true	127	1.0	/data1/qlyu/projects/pvrig_top7500_c2_gap_recovery_v1_20260723/c2_new4220_dualreceptor_seed42_3047_handoff_v1/inputs/candidate_monomers/P1MCPUFP__CPUFP500K_0008__00429.pdb	4325150b9fefdecee26acd41b9aa12a4314bdad9c8b8aae0f8d6c595cc1ee91a	PASS	true	127	1.0	/data/qlyu/projects/pvrig_top200_structure_consistency_v1_20260725/models/igfold/P1MCPUFP__CPUFP500K_0008__00429.pdb	bccefc48fc763c04be69725e2da4e5bcf71440af1da387cb9856aca60a2770a4	PASS	true	127	1.0	/data/qlyu/projects/pvrig_top200_structure_consistency_v1_20260725/models/nanonet/P1MCPUFP__CPUFP500K_0008__00429_nanonet_backbone_cb.pdb	f29a7152a589da632e8564f0d24545479f947a717b25ec13ab325acb8ff0ecf5	0.4271	1.8534	0.6226	2.3258	0.5268	2.5007	0.6463	2.2387	0.6548	3.4772	0.8255	3.1454	0.6548	3.1454
85	P1MCPUFP__CPUFP500K_0484__00056	7d9ba48d121697758ce3ce842a97d9b03f8fc3241c1403a889f0b102253be342	PASS	false		PASS	true	127	1.0	/data1/qlyu/projects/pvrig_top7500_c2_gap_recovery_v1_20260723/c2_new4220_dualreceptor_seed42_3047_handoff_v1/inputs/candidate_monomers/P1MCPUFP__CPUFP500K_0484__00056.pdb	8b414e06dc46f3a0bc852188db05ba97b3479e618b4bef609dbff5c229dd97a5	PASS	true	127	1.0	/data/qlyu/projects/pvrig_top200_structure_consistency_v1_20260725/models/igfold/P1MCPUFP__CPUFP500K_0484__00056.pdb	852b8c89a7f64bfe8fbd1596b1a9425d6b88c250d528a07a6610e89c1c236eee	PASS	true	127	1.0	/data/qlyu/projects/pvrig_top200_structure_consistency_v1_20260725/models/nanonet/P1MCPUFP__CPUFP500K_0484__00056_nanonet_backbone_cb.pdb	eef1b3c32aaddab88bef4130ed2d42c572ea38ac2ff317391f90914372ab447c	0.6377	3.0731	0.6724	3.1383	0.4441	4.0067	0.4286	2.8153	0.7288	3.3767	0.9864	2.8781	0.7288	3.1383
86	P1MCPUFP__CPUFP500K_0032__00938	bbfe9c4eb10b71372202bc3af479eb5f00938da8e1be6f3e06a570f9f6032df9	PASS	false		PASS	true	123	1.0	/data1/qlyu/projects/pvrig_priority_top7500_dualreceptor_multiseed_handoff_v3_20260722/inputs/candidate_monomers/P1MCPUFP__CPUFP500K_0032__00938.pdb	5fde614a1847293a5bcd0278e692ef53220b40639b2f70b70884b7e08cd2d4cd	PASS	true	123	1.0	/data/qlyu/projects/pvrig_top200_structure_consistency_v1_20260725/models/igfold/P1MCPUFP__CPUFP500K_0032__00938.pdb	aa311b6061bae0f93cb6f2e68af2e6d3fed7aec162bce4f1dac05239957ea7ff	PASS	true	123	1.0	/data/qlyu/projects/pvrig_top200_structure_consistency_v1_20260725/models/nanonet/P1MCPUFP__CPUFP500K_0032__00938_nanonet_backbone_cb.pdb	4d61a89ed398914877603e0e4c9eff722fef01eb6fbca1adc7d9cbce56bfc067	0.4721	2.3026	0.6254	1.102	0.3286	2.8245	0.3531	2.341	0.5835	2.806	0.723	1.8572	0.5835	2.341
87	P1MCPUFP__CPUFP500K_0503__00184	1fa46347c13ee2635b42da57897f1387290132c3972ee723bb586fd5b3080a55	PASS	false		PASS	true	127	1.0	/data1/qlyu/projects/pvrig_top7500_c2_gap_recovery_v1_20260723/c2_new4220_dualreceptor_seed42_3047_handoff_v1/inputs/candidate_monomers/P1MCPUFP__CPUFP500K_0503__00184.pdb	89df55dd5b6961db1e03f51c63188a1687b87a0b2a7df975be790bfe2d521505	PASS	true	127	1.0	/data/qlyu/projects/pvrig_top200_structure_consistency_v1_20260725/models/igfold/P1MCPUFP__CPUFP500K_0503__00184.pdb	bd053703353fa241d4c4a7c98c59d4776f01541d3ead76aff8344ab73bbfd584	PASS	true	127	1.0	/data/qlyu/projects/pvrig_top200_structure_consistency_v1_20260725/models/nanonet/P1MCPUFP__CPUFP500K_0503__00184_nanonet_backbone_cb.pdb	f2e2b5ea6f53af6e1807e38447e7a24d15c218b198cbdbaea72bb7f103a3a219	0.4258	2.3862	0.6317	2.2692	0.6894	4.0829	0.7798	2.5826	0.8353	3.2762	0.7042	2.1245	0.8353	2.5826
88	P1MCPUFP__CPUFP500K_0306__00261	3230615bd1c2f05482abe1edec75c53ebc61a453eaf7fd06f0593fc74ec8b43a	PASS	false		PASS	true	127	1.0	/data1/qlyu/projects/pvrig_top7500_c2_gap_recovery_v1_20260723/c2_new4220_dualreceptor_seed42_3047_handoff_v1/inputs/candidate_monomers/P1MCPUFP__CPUFP500K_0306__00261.pdb	b00f6282f1f29b167064767c0bf9529c005ddf187481459f6cbab6d592773917	PASS	true	127	1.0	/data/qlyu/projects/pvrig_top200_structure_consistency_v1_20260725/models/igfold/P1MCPUFP__CPUFP500K_0306__00261.pdb	c49484f7add68c94f66e1b40aae57bc016c660f39f643286aa8c7344e4504391	PASS	true	127	1.0	/data/qlyu/projects/pvrig_top200_structure_consistency_v1_20260725/models/nanonet/P1MCPUFP__CPUFP500K_0306__00261_nanonet_backbone_cb.pdb	a6496541819bb4b601fc59a05772f0fdccbaf438b36213c1d2d14807c9a87d09	0.4775	2.256	1.0001	2.6015	0.6688	3.1145	1.0973	1.8686	0.7225	3.2994	1.0766	2.9869	0.7225	2.9869
89	P1MCPUFP__CPUFP500K_0383__00137	cf0e9bd6e347834debf8b6f96d23d90c8dfb96e9eae7ddf1b4e9cbb135d96e33	PASS	false		PASS	true	127	1.0	/data1/qlyu/projects/pvrig_priority_top7500_dualreceptor_multiseed_handoff_v3_20260722/inputs/candidate_monomers/P1MCPUFP__CPUFP500K_0383__00137.pdb	02f720377feedf6d70160cfa3ab3a1c6db547c3128a06775b4063d201d32df82	PASS	true	127	1.0	/data/qlyu/projects/pvrig_top200_structure_consistency_v1_20260725/models/igfold/P1MCPUFP__CPUFP500K_0383__00137.pdb	4c469845c52b3f58ce8f712238dfa2c22bee1c6c684f805a90aa1273fad34775	PASS	true	127	1.0	/data/qlyu/projects/pvrig_top200_structure_consistency_v1_20260725/models/nanonet/P1MCPUFP__CPUFP500K_0383__00137_nanonet_backbone_cb.pdb	085aeee0d1de62da58e2f77e723b2d30438dc53ebf27e00b1391a05eaa6696ff	0.4712	1.8136	1.1044	1.7003	0.4579	2.8916	0.4288	3.1392	0.6	2.8083	1.1144	3.6423	0.6	3.6423
90	P1MCPUFP__CPUFP500K_0386__00418	a3ded946d3ff3f63f16ca10da087129b1622a39af96c4197b47c8f4e91fa193c	PASS	true	cdr3_cross_tool_disagreement_gt_4A_diagnostic	PASS	true	127	1.0	/data1/qlyu/projects/pvrig_top7500_c2_gap_recovery_v1_20260723/c2_new4220_dualreceptor_seed42_3047_handoff_v1/inputs/candidate_monomers/P1MCPUFP__CPUFP500K_0386__00418.pdb	c1cb35cbcd6a671751eaf2e2a11aeec601f76e5e40e202101830960988117398	PASS	true	127	1.0	/data/qlyu/projects/pvrig_top200_structure_consistency_v1_20260725/models/igfold/P1MCPUFP__CPUFP500K_0386__00418.pdb	a20d2bcb8c786419c9b4fe3b3e79dde993706f0e1ec14e0dfb5e3862161c5eee	PASS	true	127	1.0	/data/qlyu/projects/pvrig_top200_structure_consistency_v1_20260725/models/nanonet/P1MCPUFP__CPUFP500K_0386__00418_nanonet_backbone_cb.pdb	d80346a656c07910b6f9603a23d371b90638cd9bd04f1c672659e9f45ee96cec	0.563	2.1627	0.5114	2.2216	0.4929	1.2206	0.3577	3.7834	0.5496	1.9652	0.4868	4.2619	0.563	4.2619
91	P1MCPUFP__CPUFP500K_0206__00634	ffd45ae683805a6a1ad7109121fe3949544f211149ff1b9b86849fdfe40ffb04	PASS	false		PASS	true	127	1.0	/data1/qlyu/projects/pvrig_top7500_c2_gap_recovery_v1_20260723/c2_new4220_dualreceptor_seed42_3047_handoff_v1/inputs/candidate_monomers/P1MCPUFP__CPUFP500K_0206__00634.pdb	37073efa6455fa390ae00bd9189e931cc4275eb582afe9cef8d12262380f2d6e	PASS	true	127	1.0	/data/qlyu/projects/pvrig_top200_structure_consistency_v1_20260725/models/igfold/P1MCPUFP__CPUFP500K_0206__00634.pdb	e65476ba963b2d287789110e036084c13c41ff1a93528a0208874321b5ae1820	PASS	true	127	1.0	/data/qlyu/projects/pvrig_top200_structure_consistency_v1_20260725/models/nanonet/P1MCPUFP__CPUFP500K_0206__00634_nanonet_backbone_cb.pdb	c4ab748cbc8122d05b80d40fd48274740571f164264a8f92077930f848e8e838	0.4043	2.0307	0.755	2.3551	0.4527	2.9595	0.425	2.2782	0.5639	3.2121	0.5937	2.5879	0.5639	2.5879
92	P1MCPUFP__CPUFP500K_0131__00714	7acf54047cd3a0a0cf6fec988625f9e6841cc327528a9621807e323c45b5de49	PASS	true	cdr3_cross_tool_disagreement_gt_4A_diagnostic	PASS	true	123	1.0	/data1/qlyu/projects/pvrig_priority_top7500_dualreceptor_multiseed_handoff_v3_20260722/inputs/candidate_monomers/P1MCPUFP__CPUFP500K_0131__00714.pdb	b8d5b3e89449a41901938320ebb3ea66e27ee14d481ce80f9a0b3f0fbfc50976	PASS	true	123	1.0	/data/qlyu/projects/pvrig_top200_structure_consistency_v1_20260725/models/igfold/P1MCPUFP__CPUFP500K_0131__00714.pdb	319e0fa9c9781b94d7b9dc636b5887d85a4a2bb50780c8872f0a4a85337daa80	PASS	true	123	1.0	/data/qlyu/projects/pvrig_top200_structure_consistency_v1_20260725/models/nanonet/P1MCPUFP__CPUFP500K_0131__00714_nanonet_backbone_cb.pdb	62a3a68bccaf2cc5f06db9fbcdd4fe84eb1d5e2ec79533a3aeacb903aac805bc	0.3302	2.3978	0.8219	4.6638	0.3374	2.8949	0.356	3.0677	0.4707	3.352	0.9493	2.5016	0.4707	4.6638
93	P1MCPUFP__CPUFP500K_0200__00934	32b0447347f1d1c01e6c573acac2abd2e67518890fcd8bad6ae26b6a5a93b060	PASS	false		PASS	true	127	1.0	/data1/qlyu/projects/pvrig_top7500_c2_gap_recovery_v1_20260723/c2_new4220_dualreceptor_seed42_3047_handoff_v1/inputs/candidate_monomers/P1MCPUFP__CPUFP500K_0200__00934.pdb	29e5655b8ae345bba4584dc760541b06e69d67f8eb841defb54eb27829c319a7	PASS	true	127	1.0	/data/qlyu/projects/pvrig_top200_structure_consistency_v1_20260725/models/igfold/P1MCPUFP__CPUFP500K_0200__00934.pdb	dc1eec987d0019d1151a1da0b8d0d88f40ed3cc358a50686f0dd865dd66abace	PASS	true	127	1.0	/data/qlyu/projects/pvrig_top200_structure_consistency_v1_20260725/models/nanonet/P1MCPUFP__CPUFP500K_0200__00934_nanonet_backbone_cb.pdb	aa27a60fdeee7d590da10c0a71e619321b0f93c1303c000a8cf749794f3d044a	0.6539	2.903	0.6805	2.8702	0.5363	1.7431	0.7249	1.9548	0.6838	3.1151	1.021	2.7081	0.6838	2.8702
94	P1MCPUFP__CPUFP500K_0206__00861	fa616b9652831544df58b89d039b87870318f1cece96e27f2d80b051a35d6f94	PASS	false		PASS	true	127	1.0	/data1/qlyu/projects/pvrig_top7500_c2_gap_recovery_v1_20260723/c2_new4220_dualreceptor_seed42_3047_handoff_v1/inputs/candidate_monomers/P1MCPUFP__CPUFP500K_0206__00861.pdb	33fb2999baaf36be1ca7f66c9198f9e775d5bda06cace438d8f88c4d9e1aa4ed	PASS	true	127	1.0	/data/qlyu/projects/pvrig_top200_structure_consistency_v1_20260725/models/igfold/P1MCPUFP__CPUFP500K_0206__00861.pdb	439b507e43c6fb1fd370807422a628f1a199d39677182af9fdc6ec50893c4f32	PASS	true	127	1.0	/data/qlyu/projects/pvrig_top200_structure_consistency_v1_20260725/models/nanonet/P1MCPUFP__CPUFP500K_0206__00861_nanonet_backbone_cb.pdb	f07671a086a0a8107bc312a041a4effbd3c78d74fff35e391ac6d7f928ed2da6	0.3952	1.7001	0.6726	2.6047	0.5017	2.6563	0.438	1.698	0.5926	3.1373	0.771	3.2839	0.5926	3.2839
95	P1MCPUFP__CPUFP500K_0206__00415	fe9e4270d25cded8a7c7ae00ec3b78942a9798f2a5021dd80e389072b5a97c86	PASS	false		PASS	true	127	1.0	/data1/qlyu/projects/pvrig_top7500_c2_gap_recovery_v1_20260723/c2_new4220_dualreceptor_seed42_3047_handoff_v1/inputs/candidate_monomers/P1MCPUFP__CPUFP500K_0206__00415.pdb	d406bd5f6ede329b00de13fe37ccfb43a34dc015168a1744c2a4922ff69ab14e	PASS	true	127	1.0	/data/qlyu/projects/pvrig_top200_structure_consistency_v1_20260725/models/igfold/P1MCPUFP__CPUFP500K_0206__00415.pdb	c8c2b61d1440f8a8e89d1e8bcf150c691861e7f3a17a8f51336b5fa943bec9aa	PASS	true	127	1.0	/data/qlyu/projects/pvrig_top200_structure_consistency_v1_20260725/models/nanonet/P1MCPUFP__CPUFP500K_0206__00415_nanonet_backbone_cb.pdb	613f4cf63a79e7f4af700ad8252fb5fce50dc1dc7bff15333df425f5023730a0	0.4237	2.1833	0.5585	2.5244	0.4619	2.8125	0.6712	2.2117	0.5627	2.837	0.6885	3.1011	0.5627	3.1011
96	P1MCPUFP__CPUFP500K_0496__00585	fb6755c3a07c4f8cf6f93034413774c3c080194cf0e301106dc55e2e28c09d3c	PASS	true	cdr3_cross_tool_disagreement_gt_4A_diagnostic	PASS	true	127	1.0	/data1/qlyu/projects/pvrig_priority_top7500_dualreceptor_multiseed_handoff_v3_20260722/inputs/candidate_monomers/P1MCPUFP__CPUFP500K_0496__00585.pdb	030cd39555fb11830465d8423e9a5b4308eaa14a36e017cad27b2a2bbe628af9	PASS	true	127	1.0	/data/qlyu/projects/pvrig_top200_structure_consistency_v1_20260725/models/igfold/P1MCPUFP__CPUFP500K_0496__00585.pdb	0f633947c983a2bd6bdcc86218c488fd53d41e75479f8110fb1b1b9c43ddf5be	PASS	true	127	1.0	/data/qlyu/projects/pvrig_top200_structure_consistency_v1_20260725/models/nanonet/P1MCPUFP__CPUFP500K_0496__00585_nanonet_backbone_cb.pdb	057fc38af98070afdda0b9c92259d4992f836d2c1a0fb30e77f3cbebf6ade857	0.5473	1.8264	0.613	2.3637	0.4837	2.5419	0.596	3.2869	0.5631	2.4474	0.5086	4.8238	0.5631	4.8238
97	P1MCPUFP__CPUFP500K_0188__00001	6b5ed15e6f2dd38be08ad59e5bc262cff97b3e5389e16ff615717be8eac8da92	PASS	true	cdr3_cross_tool_disagreement_gt_4A_diagnostic	PASS	true	127	1.0	/data1/qlyu/projects/pvrig_top7500_c2_gap_recovery_v1_20260723/c2_new4220_dualreceptor_seed42_3047_handoff_v1/inputs/candidate_monomers/P1MCPUFP__CPUFP500K_0188__00001.pdb	3cda00f299425fd9011b608e13ddcc99a0ed7a37aa80936e3fc86799aadd7c0c	PASS	true	127	1.0	/data/qlyu/projects/pvrig_top200_structure_consistency_v1_20260725/models/igfold/P1MCPUFP__CPUFP500K_0188__00001.pdb	04e837782e9c5141ddbe461feca4b8aaf75e1b7cbdf7c22505d2817ad230f72b	PASS	true	127	1.0	/data/qlyu/projects/pvrig_top200_structure_consistency_v1_20260725/models/nanonet/P1MCPUFP__CPUFP500K_0188__00001_nanonet_backbone_cb.pdb	aa9adde83c09c69aaf7872cdebdb70cb9b6062914091f2eb5cd1bd22eba68291	0.6008	1.9928	0.7752	3.4703	0.4315	1.5639	0.5752	3.302	0.7869	2.5589	0.5515	4.9905	0.7869	4.9905
98	P1MCPUFP__CPUFP500K_0298__00713	80843d055d0824a6943a0ef6a0a53181e4165aa5554fa472866ac49956eb3a8b	PASS	true	cdr3_cross_tool_disagreement_gt_4A_diagnostic	PASS	true	127	1.0	/data1/qlyu/projects/pvrig_top7500_c2_gap_recovery_v1_20260723/c2_new4220_dualreceptor_seed42_3047_handoff_v1/inputs/candidate_monomers/P1MCPUFP__CPUFP500K_0298__00713.pdb	4232ceb8e91682e19a3ddc3aa3b0aa85bf6a8e16d3b34d4f36d9906b82a4f2bc	PASS	true	127	1.0	/data/qlyu/projects/pvrig_top200_structure_consistency_v1_20260725/models/igfold/P1MCPUFP__CPUFP500K_0298__00713.pdb	c6caa43545af658f8cbde1fb1fca6c0860f4ede598663cb7d3eb26c42b349324	PASS	true	127	1.0	/data/qlyu/projects/pvrig_top200_structure_consistency_v1_20260725/models/nanonet/P1MCPUFP__CPUFP500K_0298__00713_nanonet_backbone_cb.pdb	22f1e15d1587f8344bcf3bfb435cf276e190c45d78aaf148cb20ca2b82705f6e	0.4944	2.6241	0.5759	1.5319	0.5401	3.1573	0.4703	5.2694	0.6705	2.981	0.6363	4.9802	0.6705	5.2694
99	P1MCPUFP__CPUFP500K_0001__00338	18c54e071a3717537bfa4ebd2600141dbe359e26476f796305377b65907308e7	PASS	true	cdr3_cross_tool_disagreement_gt_4A_diagnostic	PASS	true	127	1.0	/data1/qlyu/projects/pvrig_priority_top7500_dualreceptor_multiseed_handoff_v3_20260722/inputs/candidate_monomers/P1MCPUFP__CPUFP500K_0001__00338.pdb	1cf3a31eff46e336072b869cc80fb2c2b53753f2cae52add5b56137d010e7e63	PASS	true	127	1.0	/data/qlyu/projects/pvrig_top200_structure_consistency_v1_20260725/models/igfold/P1MCPUFP__CPUFP500K_0001__00338.pdb	a66a7a236b261acfe6d98b8e970e253844820951a7bb0a8f7de2237d3c7066f8	PASS	true	127	1.0	/data/qlyu/projects/pvrig_top200_structure_consistency_v1_20260725/models/nanonet/P1MCPUFP__CPUFP500K_0001__00338_nanonet_backbone_cb.pdb	94906cd5112137036a3085f25f85eeaff96a90b94fdee1930ae2ea1a52396502	0.4689	1.449	0.7068	2.458	0.4643	2.3447	0.6824	4.0044	0.5347	2.306	1.0081	4.1417	0.5347	4.1417
100	P1MCPUFP__CPUFP500K_0188__00742	ed1239533e3d103d601c95ed45b6b74ca2c15d958b1e64ec79fcd80344e1a3ed	PASS	true	cdr3_cross_tool_disagreement_gt_4A_diagnostic	PASS	true	127	1.0	/data1/qlyu/projects/pvrig_top7500_c2_gap_recovery_v1_20260723/c2_new4220_dualreceptor_seed42_3047_handoff_v1/inputs/candidate_monomers/P1MCPUFP__CPUFP500K_0188__00742.pdb	bfcb18f3c2f6d99ce49752d54a6cf6aee449d3b5867ab096f653736104b3ca24	PASS	true	127	1.0	/data/qlyu/projects/pvrig_top200_structure_consistency_v1_20260725/models/igfold/P1MCPUFP__CPUFP500K_0188__00742.pdb	0b68553ada736c90b571731a868a8edf77e5504713abbc000fbb7f68a7254fb5	PASS	true	127	1.0	/data/qlyu/projects/pvrig_top200_structure_consistency_v1_20260725/models/nanonet/P1MCPUFP__CPUFP500K_0188__00742_nanonet_backbone_cb.pdb	f71292cefedd475af314162edf211efee47dc75e332bbae837ac75801377dbba	0.4773	2.019	0.8711	2.4486	0.4609	2.5798	0.3186	5.4284	0.601	2.648	0.7961	6.9079	0.601	6.9079
101	P1MCPUFP__CPUFP500K_0089__00363	7051210e9a728258f4d8b8b4dac772665252a0b7f1d71e731086fc596078b5a5	PASS	true	cdr3_cross_tool_disagreement_gt_4A_diagnostic	PASS	true	127	1.0	/data1/qlyu/projects/pvrig_top7500_c2_gap_recovery_v1_20260723/c2_new4220_dualreceptor_seed42_3047_handoff_v1/inputs/candidate_monomers/P1MCPUFP__CPUFP500K_0089__00363.pdb	429d7886a67022cf38f9d7f76085c7e8811067cd07fbd5e3106f8bbe22375be5	PASS	true	127	1.0	/data/qlyu/projects/pvrig_top200_structure_consistency_v1_20260725/models/igfold/P1MCPUFP__CPUFP500K_0089__00363.pdb	3cacbc844a8ec341b8189e157461149109e4eb3af88019f5fed7ed09c60e4c86	PASS	true	127	1.0	/data/qlyu/projects/pvrig_top200_structure_consistency_v1_20260725/models/nanonet/P1MCPUFP__CPUFP500K_0089__00363_nanonet_backbone_cb.pdb	21b348408a59542689f39bc57cb2592c4c00364cfb3307a5fce0ab6ca9a76b91	0.5396	1.9446	0.6223	2.7174	0.4881	1.3587	0.5129	5.6568	0.7841	2.2355	0.6258	7.1902	0.7841	7.1902
102	P1MCPUFP__CPUFP500K_0230__00087	cfe3614b9021c9c0da88daedefc003796a1843628b44a4076dd540b654bc7ed9	PASS	false		PASS	true	123	1.0	/data1/qlyu/projects/pvrig_priority_top7500_dualreceptor_multiseed_handoff_v3_20260722/inputs/candidate_monomers/P1MCPUFP__CPUFP500K_0230__00087.pdb	5feb9cd47289d3518caead925e69386b036aa2566b7108256a18aa75c2dc064d	PASS	true	123	1.0	/data/qlyu/projects/pvrig_top200_structure_consistency_v1_20260725/models/igfold/P1MCPUFP__CPUFP500K_0230__00087.pdb	07e83e6f74b301e5d5ca77e493d4d56d43aedcf55d07bf178da75165817cc175	PASS	true	123	1.0	/data/qlyu/projects/pvrig_top200_structure_consistency_v1_20260725/models/nanonet/P1MCPUFP__CPUFP500K_0230__00087_nanonet_backbone_cb.pdb	adaba91f61e4ee18181c4eafe9feb34c827ad210ee7cbce1ac1fdfd5081bd639	0.4443	2.2144	0.4587	1.8965	0.3566	2.881	0.3632	2.162	0.4888	4.1473	0.5042	1.5489	0.4888	2.162
103	P1MCPUFP__CPUFP500K_0100__00613	ac4e04ef13408d96bd3caf496dfe4247554a729b35ffcf096065ccc6d122fd54	PASS	true	cdr3_cross_tool_disagreement_gt_4A_diagnostic	PASS	true	127	1.0	/data1/qlyu/projects/pvrig_top7500_c2_gap_recovery_v1_20260723/c2_new4220_dualreceptor_seed42_3047_handoff_v1/inputs/candidate_monomers/P1MCPUFP__CPUFP500K_0100__00613.pdb	b4b7d66160d3d8d1287e40a7b1f43ac488f139f887f90fbaa7af61abc3e2b24d	PASS	true	127	1.0	/data/qlyu/projects/pvrig_top200_structure_consistency_v1_20260725/models/igfold/P1MCPUFP__CPUFP500K_0100__00613.pdb	715358f3c77305f5f7d11f9e7c5e07b3e5cf8a523dc8b8dacee07923b12a65a0	PASS	true	127	1.0	/data/qlyu/projects/pvrig_top200_structure_consistency_v1_20260725/models/nanonet/P1MCPUFP__CPUFP500K_0100__00613_nanonet_backbone_cb.pdb	c79d388b7d838d48f5e394faad183d849ac469bc4826ce0d7dee4c0c71b2c69e	0.6443	2.5288	0.632	1.9345	0.4698	2.5776	0.7588	3.1515	0.6888	2.365	0.8228	4.2558	0.6888	4.2558
104	P1MCPUFP__CPUFP500K_0108__00157	111fedb1259dfdbfeb21cb5713b0ba5ca5ec01b5d4eb8a50cb96a74a05122704	PASS	false		PASS	true	127	1.0	/data1/qlyu/projects/pvrig_top7500_c2_gap_recovery_v1_20260723/c2_new4220_dualreceptor_seed42_3047_handoff_v1/inputs/candidate_monomers/P1MCPUFP__CPUFP500K_0108__00157.pdb	af1c755fb838b032657caf57753e96e0fca9c2a0303941e538be4d6d349b9f0a	PASS	true	127	1.0	/data/qlyu/projects/pvrig_top200_structure_consistency_v1_20260725/models/igfold/P1MCPUFP__CPUFP500K_0108__00157.pdb	b33b96143e37302b27f56cf7a90c0171ef23db243bc97c4a0cdc9fbff01e09c2	PASS	true	127	1.0	/data/qlyu/projects/pvrig_top200_structure_consistency_v1_20260725/models/nanonet/P1MCPUFP__CPUFP500K_0108__00157_nanonet_backbone_cb.pdb	1dccacd227622d18c1ca1bbe93fa542f2cc797152b3647ae50bdc4d8f896c128	0.544	3.1333	0.6626	2.7329	0.5513	2.3485	0.5468	2.0994	0.6167	2.7789	0.92	2.7752	0.6167	2.7752
105	P1MCPUFP__CPUFP500K_0404__00009	532ba1ca4d63196f5832badb62a6c13bb784cf58ff60532a0c3440d4bfb93658	PASS	false		PASS	true	127	1.0	/data1/qlyu/projects/pvrig_top7500_c2_gap_recovery_v1_20260723/c2_new4220_dualreceptor_seed42_3047_handoff_v1/inputs/candidate_monomers/P1MCPUFP__CPUFP500K_0404__00009.pdb	01d3b457d6de6f306793f2873a66fc7e2709ae7a044530db3c2de79deae3e03e	PASS	true	127	1.0	/data/qlyu/projects/pvrig_top200_structure_consistency_v1_20260725/models/igfold/P1MCPUFP__CPUFP500K_0404__00009.pdb	68627c8faf53bf2df0b3ceaf174baa3571deafca4133310709d81d967f6f984b	PASS	true	127	1.0	/data/qlyu/projects/pvrig_top200_structure_consistency_v1_20260725/models/nanonet/P1MCPUFP__CPUFP500K_0404__00009_nanonet_backbone_cb.pdb	603e72c62121954cc9e77eb1a183e3106f922c5914f2096e4339eff12222b874	0.3874	2.6564	0.9497	1.976	0.5333	4.1835	0.774	2.2686	0.6714	3.7706	0.6958	2.5537	0.6714	2.5537
106	P1MCPUFP__CPUFP500K_0188__00262	bd6594dd259f682d5336f27c69db51d218f75b066f265655baa1e1a5df71a131	PASS	true	cdr3_cross_tool_disagreement_gt_4A_diagnostic	PASS	true	127	1.0	/data1/qlyu/projects/pvrig_top7500_c2_gap_recovery_v1_20260723/c2_new4220_dualreceptor_seed42_3047_handoff_v1/inputs/candidate_monomers/P1MCPUFP__CPUFP500K_0188__00262.pdb	b62a2839cc0de3b40c642bd0ef36a8d617f4059a725f4109abb1215e96d92916	PASS	true	127	1.0	/data/qlyu/projects/pvrig_top200_structure_consistency_v1_20260725/models/igfold/P1MCPUFP__CPUFP500K_0188__00262.pdb	803c5661e0ffd3ac8985d7d0ed55026b6ff4f2245410a91e4d6a7895204ff904	PASS	true	127	1.0	/data/qlyu/projects/pvrig_top200_structure_consistency_v1_20260725/models/nanonet/P1MCPUFP__CPUFP500K_0188__00262_nanonet_backbone_cb.pdb	4244cb7018a232ee9e9b6b944bad1d8e33863d5c147e54634e1b764d75f90bd4	0.4714	1.6114	0.4769	3.3986	0.4374	2.4824	0.5563	3.1579	0.662	2.6768	0.8612	5.5473	0.662	5.5473
107	P1MCPUFP__CPUFP500K_0132__00573	b4a5a680bc8f55c36d457ba255cea71bbbc326af86346e57257d5b9958365e22	PASS	false		PASS	true	123	1.0	/data1/qlyu/projects/pvrig_priority_top7500_dualreceptor_multiseed_handoff_v3_20260722/inputs/candidate_monomers/P1MCPUFP__CPUFP500K_0132__00573.pdb	0d0f00189b7fe7b7cb412cf90c2aa71023ae4d31d8f7ab6ee2972f7ed4bf2cf2	PASS	true	123	1.0	/data/qlyu/projects/pvrig_top200_structure_consistency_v1_20260725/models/igfold/P1MCPUFP__CPUFP500K_0132__00573.pdb	256e207464c8a5256675ad6d16ba23de75ac4ee1707c688ff7e353d9ca251134	PASS	true	123	1.0	/data/qlyu/projects/pvrig_top200_structure_consistency_v1_20260725/models/nanonet/P1MCPUFP__CPUFP500K_0132__00573_nanonet_backbone_cb.pdb	80ccd7b2c5c1ddf1e87316e56ce65cd72221159285c9ccf380ce4277bda0bd2e	0.5056	2.4337	0.5769	1.7376	0.3592	2.3981	1.312	2.2196	0.5339	2.9821	1.5163	2.0739	0.5339	2.2196
108	P1MCPUFP__CPUFP500K_0207__00304	acfe3004db52078125905df2f90e493050ed3c03123f186c7c89c2f43fc5cb22	PASS	false		PASS	true	127	1.0	/data1/qlyu/projects/pvrig_top7500_c2_gap_recovery_v1_20260723/c2_new4220_dualreceptor_seed42_3047_handoff_v1/inputs/candidate_monomers/P1MCPUFP__CPUFP500K_0207__00304.pdb	e82078cc7aadebec69a2f45e211f01930e86cfda05501f1327422cc9f358e71e	PASS	true	127	1.0	/data/qlyu/projects/pvrig_top200_structure_consistency_v1_20260725/models/igfold/P1MCPUFP__CPUFP500K_0207__00304.pdb	775aba061eb6999e5cda3ec8141f874d7da692870df7e507232f6359c7e2b232	PASS	true	127	1.0	/data/qlyu/projects/pvrig_top200_structure_consistency_v1_20260725/models/nanonet/P1MCPUFP__CPUFP500K_0207__00304_nanonet_backbone_cb.pdb	baf0f374f225842edc04573b2a32cac5dd8e5359743c4cc1dabd68ce5598d484	0.4343	2.4732	0.7422	1.8956	0.5344	2.5056	0.5894	2.1147	0.7059	1.9407	0.9114	2.0961	0.7059	2.1147
109	P1MCPUFP__CPUFP500K_0287__00501	006415c27d7b5f3749aeda22e449cde32dd3777c837b82cc813ee70b079817d7	PASS	true	cdr3_cross_tool_disagreement_gt_4A_diagnostic	PASS	true	127	1.0	/data1/qlyu/projects/pvrig_top7500_c2_gap_recovery_v1_20260723/c2_new4220_dualreceptor_seed42_3047_handoff_v1/inputs/candidate_monomers/P1MCPUFP__CPUFP500K_0287__00501.pdb	20152115b1b5cead5018f6b4cd5f0c9f47d41578a2a56ee72bcb3f5513ada4df	PASS	true	127	1.0	/data/qlyu/projects/pvrig_top200_structure_consistency_v1_20260725/models/igfold/P1MCPUFP__CPUFP500K_0287__00501.pdb	2b5558e759e60962e92e71a8fb99e1644bed1efd4302907277bcf5d76f7e221b	PASS	true	127	1.0	/data/qlyu/projects/pvrig_top200_structure_consistency_v1_20260725/models/nanonet/P1MCPUFP__CPUFP500K_0287__00501_nanonet_backbone_cb.pdb	e8f76bb16e0690f5263066e92dcda8d5d916b1abb73235992f02f3d9ee636f4a	0.563	1.7821	0.6091	4.8417	0.4359	1.1248	0.7189	4.36	0.7296	1.695	0.8091	6.7664	0.7296	6.7664
110	P1MCPUFP__CPUFP500K_0206__00422	60ed1f511bf32f2a93e0cf7b7705a6435776777c63d3c7f97f4f5e6a5cb17fc9	PASS	false		PASS	true	127	1.0	/data1/qlyu/projects/pvrig_top7500_c2_gap_recovery_v1_20260723/c2_new4220_dualreceptor_seed42_3047_handoff_v1/inputs/candidate_monomers/P1MCPUFP__CPUFP500K_0206__00422.pdb	fef810d991d9f3a1d782d6e316739fff1a5a4066b1ba72591387e3d3006fc0bb	PASS	true	127	1.0	/data/qlyu/projects/pvrig_top200_structure_consistency_v1_20260725/models/igfold/P1MCPUFP__CPUFP500K_0206__00422.pdb	102acb48e9a8048eb09bf75d4f269cadcb126b85c4a5834a7ce0707d0aa3cd95	PASS	true	127	1.0	/data/qlyu/projects/pvrig_top200_structure_consistency_v1_20260725/models/nanonet/P1MCPUFP__CPUFP500K_0206__00422_nanonet_backbone_cb.pdb	b8ca9d90efce4c7e7d6d5295f747dde83a98effc8a810069b1146635c36680b5	0.3867	2.8174	0.7344	2.7004	0.5308	3.7738	0.678	2.3527	0.6751	3.7304	0.483	3.1155	0.6751	3.1155
111	P1MCPUFP__CPUFP500K_0228__00771	2c8d2fbe98ceb3bb43198687920c056f9e1fe271a94d8dee6467e1e3197c317f	PASS	false		PASS	true	123	1.0	/data1/qlyu/projects/pvrig_priority_top7500_dualreceptor_multiseed_handoff_v3_20260722/inputs/candidate_monomers/P1MCPUFP__CPUFP500K_0228__00771.pdb	a55f0e3ba5e67adf6a0a17d77c13dfcec45753197244a3be0eda021aa78bd962	PASS	true	123	1.0	/data/qlyu/projects/pvrig_top200_structure_consistency_v1_20260725/models/igfold/P1MCPUFP__CPUFP500K_0228__00771.pdb	94f95843a7a8f45da7abdcaa667544dffa35510baa749b501d03545cbb61abfe	PASS	true	123	1.0	/data/qlyu/projects/pvrig_top200_structure_consistency_v1_20260725/models/nanonet/P1MCPUFP__CPUFP500K_0228__00771_nanonet_backbone_cb.pdb	75f70ce5ae41580ace27dbf3d12dc0bfa320e8d9c064b00fb3e8a61a3a65e780	0.4401	2.3753	0.4469	1.4812	0.2906	2.7084	0.3788	1.8419	0.4733	2.7525	0.5482	2.2747	0.4733	2.2747
112	P1MCPUFP__CPUFP500K_0188__00810	03b87533791a8500ee2786ee0918a4db6f59a1ee9fdaa0f54942958503031639	PASS	true	cdr3_cross_tool_disagreement_gt_4A_diagnostic	PASS	true	127	1.0	/data1/qlyu/projects/pvrig_top7500_c2_gap_recovery_v1_20260723/c2_new4220_dualreceptor_seed42_3047_handoff_v1/inputs/candidate_monomers/P1MCPUFP__CPUFP500K_0188__00810.pdb	f492a743701c99ce8ac8131683a2fc22d5e5baaa48f4c2003f748012642a3f8a	PASS	true	127	1.0	/data/qlyu/projects/pvrig_top200_structure_consistency_v1_20260725/models/igfold/P1MCPUFP__CPUFP500K_0188__00810.pdb	513dc098e96669750c7655eee91bd362a898ab0841b648d88bd4afe38ef32d7a	PASS	true	127	1.0	/data/qlyu/projects/pvrig_top200_structure_consistency_v1_20260725/models/nanonet/P1MCPUFP__CPUFP500K_0188__00810_nanonet_backbone_cb.pdb	dd3242478bf838238a88ccb618c2009b01f612d873c5a4ad53c6504b8ab8053d	0.4772	1.8323	0.5696	4.237	0.492	1.9797	0.5337	3.1569	0.5238	2.0716	0.5736	5.3439	0.5238	5.3439
113	P1MCPUFP__CPUFP500K_0188__00211	13b9b46e54cfa4321ec82af5ece3815fa635f70faf60851c93e21c9e2f55414c	PASS	true	cdr3_cross_tool_disagreement_gt_4A_diagnostic	PASS	true	127	1.0	/data1/qlyu/projects/pvrig_top7500_c2_gap_recovery_v1_20260723/c2_new4220_dualreceptor_seed42_3047_handoff_v1/inputs/candidate_monomers/P1MCPUFP__CPUFP500K_0188__00211.pdb	4f747166977c591bceac2cbb2efe1949ea1b35d3ff4d16e9eae4367dc415dafc	PASS	true	127	1.0	/data/qlyu/projects/pvrig_top200_structure_consistency_v1_20260725/models/igfold/P1MCPUFP__CPUFP500K_0188__00211.pdb	97bbd6aff10ec2408c85f656f7bb2531aa2758194e3d2d4eda64dbe6888eaba5	PASS	true	127	1.0	/data/qlyu/projects/pvrig_top200_structure_consistency_v1_20260725/models/nanonet/P1MCPUFP__CPUFP500K_0188__00211_nanonet_backbone_cb.pdb	17b0c427042fedcd18868d97da756bbb5e320e24cbd7712292a9352f80aac6e1	0.5251	2.158	0.665	2.4145	0.4548	1.961	0.6889	3.7302	0.7143	2.8173	0.5147	4.9356	0.7143	4.9356
114	P1MCPUFP__CPUFP500K_0188__00522	c31d3bfe9e6e9aeeb9d2f79da0068787adaf9c410cd125e1c02be403b94c3c51	PASS	true	cdr3_cross_tool_disagreement_gt_4A_diagnostic	PASS	true	127	1.0	/data1/qlyu/projects/pvrig_top7500_c2_gap_recovery_v1_20260723/c2_new4220_dualreceptor_seed42_3047_handoff_v1/inputs/candidate_monomers/P1MCPUFP__CPUFP500K_0188__00522.pdb	466256128fd1e8b00f433acd5d6d691b77d69a23c246cca1da9080c30a028b8c	PASS	true	127	1.0	/data/qlyu/projects/pvrig_top200_structure_consistency_v1_20260725/models/igfold/P1MCPUFP__CPUFP500K_0188__00522.pdb	1f716dcd82a3cbde4e6af023836ebc2cb29cc30210ef54b89c4244a6b099ea8f	PASS	true	127	1.0	/data/qlyu/projects/pvrig_top200_structure_consistency_v1_20260725/models/nanonet/P1MCPUFP__CPUFP500K_0188__00522_nanonet_backbone_cb.pdb	bec53b49487342f80ce04b27128c506bbb407b8a77c9456f9fddd9e69fb4ba88	0.7831	1.4652	0.6904	4.3077	0.4145	1.107	0.5344	2.7794	0.8657	1.492	0.9024	4.8086	0.8657	4.8086
115	P1MCPUFP__CPUFP500K_0108__00711	d145e6ecf6d4708f3418678d768bf683ef6fd9f5c41a7d62b8db8f96d9f8a539	PASS	false		PASS	true	127	1.0	/data1/qlyu/projects/pvrig_top7500_c2_gap_recovery_v1_20260723/c2_new4220_dualreceptor_seed42_3047_handoff_v1/inputs/candidate_monomers/P1MCPUFP__CPUFP500K_0108__00711.pdb	e8d78263cd18d4a302749547095eec5c6c4aaf9e7f9a949f4db06d154b30f1e0	PASS	true	127	1.0	/data/qlyu/projects/pvrig_top200_structure_consistency_v1_20260725/models/igfold/P1MCPUFP__CPUFP500K_0108__00711.pdb	9342381c92fe54abc2f20e246d465c6347b146b8140bd24c3f7d42068106a955	PASS	true	127	1.0	/data/qlyu/projects/pvrig_top200_structure_consistency_v1_20260725/models/nanonet/P1MCPUFP__CPUFP500K_0108__00711_nanonet_backbone_cb.pdb	5bdd9faf1f1456bfd169d169f3556f11dbb3ce1140e31f6162ee217ae3a0a44d	0.3865	2.9105	0.6001	2.2704	0.5455	4.1554	0.8038	1.9651	0.6818	3.2409	0.9755	2.1306	0.6818	2.2704
116	P1MCPUFP__CPUFP500K_0188__00731	84fb2b90ef98c18ccaad56e2bcba68c51f668d2a40a0f0514b4f241a55290b6f	PASS	false		PASS	true	127	1.0	/data1/qlyu/projects/pvrig_top7500_c2_gap_recovery_v1_20260723/c2_new4220_dualreceptor_seed42_3047_handoff_v1/inputs/candidate_monomers/P1MCPUFP__CPUFP500K_0188__00731.pdb	c7faa81d5876d982156b01c3bdb483b4d0aee142bbdb35abf07101e985c7cb4b	PASS	true	127	1.0	/data/qlyu/projects/pvrig_top200_structure_consistency_v1_20260725/models/igfold/P1MCPUFP__CPUFP500K_0188__00731.pdb	9a85032687d8027fc71b8bf2c26ef6da1bbc580d87bea5a9151b8229d11ec81e	PASS	true	127	1.0	/data/qlyu/projects/pvrig_top200_structure_consistency_v1_20260725/models/nanonet/P1MCPUFP__CPUFP500K_0188__00731_nanonet_backbone_cb.pdb	a182f5b8b77fda4e7321f5c3a7294bb5cf05f12d252aeb396badfa783373e27f	0.5378	2.421	0.9743	3.8928	0.4769	2.4432	0.494	3.7933	0.6704	1.5549	0.8573	2.9951	0.6704	3.8928
117	P1MCPUFP__CPUFP500K_0108__00134	8fe79db6c5d7c596f1ba34f23064068adb8e966d5afe234aa5597c2a146d6bac	PASS	false		PASS	true	127	1.0	/data1/qlyu/projects/pvrig_top7500_c2_gap_recovery_v1_20260723/c2_new4220_dualreceptor_seed42_3047_handoff_v1/inputs/candidate_monomers/P1MCPUFP__CPUFP500K_0108__00134.pdb	9e2d5e86b42f1a35e40db6f482a4ffec6ef2bf0d93a6c3468e1cc91e7fc598ea	PASS	true	127	1.0	/data/qlyu/projects/pvrig_top200_structure_consistency_v1_20260725/models/igfold/P1MCPUFP__CPUFP500K_0108__00134.pdb	625c6674018bb6ee8ba611c199849b620d5cc7ac95d7b6e70c626b9cc47d2c4b	PASS	true	127	1.0	/data/qlyu/projects/pvrig_top200_structure_consistency_v1_20260725/models/nanonet/P1MCPUFP__CPUFP500K_0108__00134_nanonet_backbone_cb.pdb	5671af26cee83be9609fc6e8f0ad3f0370081d21e096b050707bbb2e63342f20	0.4929	2.9299	1.3044	2.1298	0.6947	3.3389	1.2354	2.2195	0.8421	3.1288	1.1311	1.918	0.8421	2.2195
118	P1MCPUFP__CPUFP500K_0207__00925	ac9b75e3a68f5ae57bf4db23bf8e9fe481cd939c9d988953f083f22f60aa5860	PASS	false		PASS	true	127	1.0	/data1/qlyu/projects/pvrig_top7500_c2_gap_recovery_v1_20260723/c2_new4220_dualreceptor_seed42_3047_handoff_v1/inputs/candidate_monomers/P1MCPUFP__CPUFP500K_0207__00925.pdb	f332a9234d7f13cebf32626ef3e154737cb3e7a1a660c91d3c21ee778fddd758	PASS	true	127	1.0	/data/qlyu/projects/pvrig_top200_structure_consistency_v1_20260725/models/igfold/P1MCPUFP__CPUFP500K_0207__00925.pdb	cb7e4cd11511202e3d3dc9d2e58a8757bbf55a0e30416f8201a3229d88cbe05c	PASS	true	127	1.0	/data/qlyu/projects/pvrig_top200_structure_consistency_v1_20260725/models/nanonet/P1MCPUFP__CPUFP500K_0207__00925_nanonet_backbone_cb.pdb	6b5f6468acf369def4c5837953868193c0d50da44da8a93451cb858faeec7aeb	0.4216	1.9891	0.6627	2.7092	0.6308	2.5519	0.4852	2.8081	0.7101	3.2903	0.7481	1.9418	0.7101	2.8081
119	P1MCPUFP__CPUFP500K_0386__00767	d74e253c52c71a7a2e6fcba15ead979883433e5f2eebc0abb55d8b760bba94e7	PASS	true	cdr3_cross_tool_disagreement_gt_4A_diagnostic	PASS	true	127	1.0	/data1/qlyu/projects/pvrig_top7500_c2_gap_recovery_v1_20260723/c2_new4220_dualreceptor_seed42_3047_handoff_v1/inputs/candidate_monomers/P1MCPUFP__CPUFP500K_0386__00767.pdb	6dfd161aa4a3579d202401aaecba9d8e387858e2eb5e0a1b69e972ac248228aa	PASS	true	127	1.0	/data/qlyu/projects/pvrig_top200_structure_consistency_v1_20260725/models/igfold/P1MCPUFP__CPUFP500K_0386__00767.pdb	e5f66bd64eeac53f52cdada1563ef05411f9188f145fa61591289c970c64eab5	PASS	true	127	1.0	/data/qlyu/projects/pvrig_top200_structure_consistency_v1_20260725/models/nanonet/P1MCPUFP__CPUFP500K_0386__00767_nanonet_backbone_cb.pdb	3a68cbcec786c35294f283057591dbb3becbab6c53b0a3d69f7497fdbda1543f	0.5668	3.3531	0.7537	3.4488	0.5005	3.0035	0.7457	4.0962	0.7277	3.3021	0.6566	6.1683	0.7277	6.1683
120	P1MCPUFP__CPUFP500K_0200__00524	8019debce7698e1591726f63dd39ff9149d67f9e2e8d72f59f67d8bd2c2d3ccd	PASS	false		PASS	true	127	1.0	/data1/qlyu/projects/pvrig_top7500_c2_gap_recovery_v1_20260723/c2_new4220_dualreceptor_seed42_3047_handoff_v1/inputs/candidate_monomers/P1MCPUFP__CPUFP500K_0200__00524.pdb	074190881ab6f09e04549c8b5147ffe31feadb30aab51d056e3043d934bf8989	PASS	true	127	1.0	/data/qlyu/projects/pvrig_top200_structure_consistency_v1_20260725/models/igfold/P1MCPUFP__CPUFP500K_0200__00524.pdb	8cf9dfa18a865aa94669e57cdb309bc44b32342abf78437ef92d88292c726756	PASS	true	127	1.0	/data/qlyu/projects/pvrig_top200_structure_consistency_v1_20260725/models/nanonet/P1MCPUFP__CPUFP500K_0200__00524_nanonet_backbone_cb.pdb	c02b7c382ee1b5f17292ca3b4ad4a45771ba353eec20d6c8af0828df35e4cc0a	0.4572	1.8762	0.4233	1.8859	0.4596	2.9541	0.4521	1.7772	0.4599	2.0724	0.6492	2.5928	0.4599	2.5928
121	P1MCPUFP__CPUFP500K_0313__00128	be6208de315567a1ff6e0def62b3224c66e05449ae8e364185a9cb7cf972767a	PASS	false		PASS	true	121	1.0	/data1/qlyu/projects/pvrig_priority_top7500_dualreceptor_multiseed_handoff_v3_20260722/inputs/candidate_monomers/P1MCPUFP__CPUFP500K_0313__00128.pdb	88f42610ac7ccb4387a1706284ae6a2de32e11aec0302bac40842a4cac24b08f	PASS	true	121	1.0	/data/qlyu/projects/pvrig_top200_structure_consistency_v1_20260725/models/igfold/P1MCPUFP__CPUFP500K_0313__00128.pdb	2575ed9353e2df738a09c3db515c19f5a8c63fd816b1fea89d63edb67f5d3d02	PASS	true	121	1.0	/data/qlyu/projects/pvrig_top200_structure_consistency_v1_20260725/models/nanonet/P1MCPUFP__CPUFP500K_0313__00128_nanonet_backbone_cb.pdb	b9bf563b74854261804f63ed69ca5f439c047c8b1a2c5c2a58c30837ea91f83e	0.4218	1.3395	0.8265	2.4809	0.3609	1.8857	0.8184	3.3391	0.5766	2.5729	0.9516	3.4268	0.5766	3.4268
122	P1MCPUFP__CPUFP500K_0150__00396	8a30ab4ea4bf8f6c8037dc06b7c1dd842b39754c1900c8a4c9245979e574d11e	PASS	true	cdr3_cross_tool_disagreement_gt_4A_diagnostic	PASS	true	121	1.0	/data1/qlyu/projects/pvrig_priority_top7500_dualreceptor_multiseed_handoff_v3_20260722/inputs/candidate_monomers/P1MCPUFP__CPUFP500K_0150__00396.pdb	f25f767ff441bcee222235b579feb2806851e0eb45fceb486b99f74dc04393d6	PASS	true	121	1.0	/data/qlyu/projects/pvrig_top200_structure_consistency_v1_20260725/models/igfold/P1MCPUFP__CPUFP500K_0150__00396.pdb	27ea58ebdf1e16cbb1438c2ae6d649a0793a69916b9f1f9cb0a840a0aa71b02e	PASS	true	121	1.0	/data/qlyu/projects/pvrig_top200_structure_consistency_v1_20260725/models/nanonet/P1MCPUFP__CPUFP500K_0150__00396_nanonet_backbone_cb.pdb	cb55c18d8869d470ee723043ef6d33d4aa8aeb304e522711cf6da0ec9a3383e2	0.6362	1.9071	0.4735	3.0135	0.3704	2.4173	0.5369	5.5574	0.6891	2.937	0.7236	5.0045	0.6891	5.5574
123	P1MCPUFP__CPUFP500K_0214__00068	b493d8133e4e8c7221e4c5602b7f9fdf7d679f1993390ad5d6f0359c562225cb	PASS	true	cdr3_cross_tool_disagreement_gt_4A_diagnostic	PASS	true	121	1.0	/data1/qlyu/projects/pvrig_priority_top7500_dualreceptor_multiseed_handoff_v3_20260722/inputs/candidate_monomers/P1MCPUFP__CPUFP500K_0214__00068.pdb	9a54e12f977248946ed447b4f206f34c73a135e3b706a72d24e05cdd5ddd5919	PASS	true	121	1.0	/data/qlyu/projects/pvrig_top200_structure_consistency_v1_20260725/models/igfold/P1MCPUFP__CPUFP500K_0214__00068.pdb	9256b30efa1b2b64c5f250baa2776e8655c611e209abde5c6cf850c48c354bdf	PASS	true	121	1.0	/data/qlyu/projects/pvrig_top200_structure_consistency_v1_20260725/models/nanonet/P1MCPUFP__CPUFP500K_0214__00068_nanonet_backbone_cb.pdb	91952e0186ae78d060a57611a431497cbc9d8847069df9444089306014a19414	0.3443	2.4515	1.0913	2.138	0.3766	1.7177	0.5951	5.5504	0.3748	3.3798	1.0318	5.7252	0.3766	5.7252
124	P1MCPUFP__CPUFP500K_0313__00490	8290aa34074ceed9ffa7ad01b8a3539481623ce6a0e7171d5ac7ca96e2b6be14	PASS	true	cdr3_cross_tool_disagreement_gt_4A_diagnostic	PASS	true	121	1.0	/data1/qlyu/projects/pvrig_priority_top7500_dualreceptor_multiseed_handoff_v3_20260722/inputs/candidate_monomers/P1MCPUFP__CPUFP500K_0313__00490.pdb	d60136753c9734f6cf36add5dd4b1e181913e2c383a584740a86e2d9f9329d97	PASS	true	121	1.0	/data/qlyu/projects/pvrig_top200_structure_consistency_v1_20260725/models/igfold/P1MCPUFP__CPUFP500K_0313__00490.pdb	9eaf19dc658edfc78a8d5a8dfb4827f6ff463239a0c600a8865fcb334070dd2c	PASS	true	121	1.0	/data/qlyu/projects/pvrig_top200_structure_consistency_v1_20260725/models/nanonet/P1MCPUFP__CPUFP500K_0313__00490_nanonet_backbone_cb.pdb	d8225e54454befd51368fd5435991c61546579532e0315c0faee01b495a89ed8	0.3428	1.3577	0.6685	6.0754	0.3848	2.755	0.6151	6.9074	0.4239	3.0498	0.7941	2.6829	0.4239	6.9074
125	P1MCPUFP__CPUFP500K_0011__00725	d6bde97e76bb1c54e0a54672e74b3024bea3ee242f41c771c416a1428d0b731a	PASS	true	cdr3_cross_tool_disagreement_gt_4A_diagnostic	PASS	true	121	1.0	/data1/qlyu/projects/pvrig_priority_top7500_dualreceptor_multiseed_handoff_v3_20260722/inputs/candidate_monomers/P1MCPUFP__CPUFP500K_0011__00725.pdb	1a292ed44b330573c8de9ab03be128128048bdf31f8f2fc36ad58ed3c3582b68	PASS	true	121	1.0	/data/qlyu/projects/pvrig_top200_structure_consistency_v1_20260725/models/igfold/P1MCPUFP__CPUFP500K_0011__00725.pdb	9e1a7ccb8d63e789e78b2e796fd4019c3773cb52eae1e79a5b209d745d86c820	PASS	true	121	1.0	/data/qlyu/projects/pvrig_top200_structure_consistency_v1_20260725/models/nanonet/P1MCPUFP__CPUFP500K_0011__00725_nanonet_backbone_cb.pdb	cdcfe3444715fa24f81fef92edaeb0250acd8930d88b58fa18844251a6ffd401	0.3909	2.3274	0.5491	3.0938	0.371	1.7302	1.4372	4.3157	0.3971	3.227	1.4752	4.9157	0.3971	4.9157
126	P1MCPUFP__CPUFP500K_0211__00616	2ab263ec172ccd82c900d19b6a228c34bb556ecc1c0c927c717b2436b0d22cc6	PASS	true	cdr3_cross_tool_disagreement_gt_4A_diagnostic	PASS	true	121	1.0	/data1/qlyu/projects/pvrig_priority_top7500_dualreceptor_multiseed_handoff_v3_20260722/inputs/candidate_monomers/P1MCPUFP__CPUFP500K_0211__00616.pdb	a267a2d718a9870c425f039df9d0f1665bf7eaac3092f2351583ef5565bd5b62	PASS	true	121	1.0	/data/qlyu/projects/pvrig_top200_structure_consistency_v1_20260725/models/igfold/P1MCPUFP__CPUFP500K_0211__00616.pdb	070faab30d6b3b60b9d73dd6cad073db0beade08239826026a518687d504a033	PASS	true	121	1.0	/data/qlyu/projects/pvrig_top200_structure_consistency_v1_20260725/models/nanonet/P1MCPUFP__CPUFP500K_0211__00616_nanonet_backbone_cb.pdb	c9092198cf848754749320f5e8601d2252d92cf19a4f3b47dbc6ffdd1d58d7da	0.4145	2.0996	0.6127	7.0014	0.3909	3.2981	0.9326	6.4852	0.5272	2.766	0.6342	3.0536	0.5272	7.0014
127	P1MCPUFP__CPUFP500K_0508__00558	0aabc6e6dc38d817c015aae3a349c24731f467b97cf50b6a3692723f5e4f7a1c	PASS	true	cdr3_cross_tool_disagreement_gt_4A_diagnostic	PASS	true	121	1.0	/data1/qlyu/projects/pvrig_priority_top7500_dualreceptor_multiseed_handoff_v3_20260722/inputs/candidate_monomers/P1MCPUFP__CPUFP500K_0508__00558.pdb	146d3549ee3d3b2447f94cd393653401cbfaebc56f3ef51e248658c9d51eac12	PASS	true	121	1.0	/data/qlyu/projects/pvrig_top200_structure_consistency_v1_20260725/models/igfold/P1MCPUFP__CPUFP500K_0508__00558.pdb	b3a044d8914e0af58c293c0715e2334a86de54701e9ac7f0be1e7f6c28256d5a	PASS	true	121	1.0	/data/qlyu/projects/pvrig_top200_structure_consistency_v1_20260725/models/nanonet/P1MCPUFP__CPUFP500K_0508__00558_nanonet_backbone_cb.pdb	97c5dd1989d2214abf4fc3d9d60484a1c4643c9b98a499b688379d76baf4bae3	0.3645	1.6631	0.4329	4.7923	0.3574	2.5485	0.9233	4.3199	0.4573	2.5627	0.7468	3.2972	0.4573	4.7923
128	P1MCPUFP__CPUFP500K_0388__00797	71991d0e6a1f1a9ceb81b5f628e0878273187ddfbe4d959ec52e1df5e1dbbee8	PASS	false		PASS	true	127	1.0	/data1/qlyu/projects/pvrig_top7500_c2_gap_recovery_v1_20260723/c2_new4220_dualreceptor_seed42_3047_handoff_v1/inputs/candidate_monomers/P1MCPUFP__CPUFP500K_0388__00797.pdb	5bf33bdc75a7e35c3573a0ff218dac31565b9028334e2f36ee1fd2636295b8c2	PASS	true	127	1.0	/data/qlyu/projects/pvrig_top200_structure_consistency_v1_20260725/models/igfold/P1MCPUFP__CPUFP500K_0388__00797.pdb	0350758a274ce96c6c71c7c5c17c8a43c51cdb6d40e00ea32b053c69c5d0318f	PASS	true	127	1.0	/data/qlyu/projects/pvrig_top200_structure_consistency_v1_20260725/models/nanonet/P1MCPUFP__CPUFP500K_0388__00797_nanonet_backbone_cb.pdb	3ead0f599629a7199be7d91bdf3d016f66c7afd83acd57334b1f6e38f2f7b39d	0.4996	2.2378	0.4035	1.8909	0.4764	2.701	0.605	3.0685	0.6653	3.5892	0.4604	3.7905	0.6653	3.7905
129	P1MCPUFP__CPUFP500K_0091__00402	6e36930b494ba1b8bc76a8ab3a435eb3b6ec611fd82f875637d3ae91bfd58ffd	PASS	true	cdr3_cross_tool_disagreement_gt_4A_diagnostic	PASS	true	127	1.0	/data1/qlyu/projects/pvrig_priority_top7500_dualreceptor_multiseed_handoff_v3_20260722/inputs/candidate_monomers/P1MCPUFP__CPUFP500K_0091__00402.pdb	0e1c9d08aa5fc3d6fb47c0e558bc4818396743d7420f760a50ec931119992c96	PASS	true	127	1.0	/data/qlyu/projects/pvrig_top200_structure_consistency_v1_20260725/models/igfold/P1MCPUFP__CPUFP500K_0091__00402.pdb	6ce55faae59fd084cfd27a92632dd355a44b8ea8b4db398574a93ea9668ab8af	PASS	true	127	1.0	/data/qlyu/projects/pvrig_top200_structure_consistency_v1_20260725/models/nanonet/P1MCPUFP__CPUFP500K_0091__00402_nanonet_backbone_cb.pdb	f482e974b3a6c74ff34d1d538d4fb51ed7abf75b1a0e3fc97df08b9fbc6d91f9	0.6196	2.5944	0.7624	2.6897	0.4158	2.8606	0.4695	4.275	0.6534	3.8788	1.0634	5.0736	0.6534	5.0736
130	P1MCPUFP__CPUFP500K_0091__00440	7a0b329eb14d1894fa976afba76a5a45dd348d66d3679ae0d8a4649fbf7869c5	PASS	true	cdr3_cross_tool_disagreement_gt_4A_diagnostic	PASS	true	127	1.0	/data1/qlyu/projects/pvrig_priority_top7500_dualreceptor_multiseed_handoff_v3_20260722/inputs/candidate_monomers/P1MCPUFP__CPUFP500K_0091__00440.pdb	643f6bdf51178068c33093bdfb514b4dc3fe0a14af5f15a4f6a517fcf57c67ab	PASS	true	127	1.0	/data/qlyu/projects/pvrig_top200_structure_consistency_v1_20260725/models/igfold/P1MCPUFP__CPUFP500K_0091__00440.pdb	92af93f6a6742e9bd0e710ca1d9d455ac7868548d510f35b8f8612c4bb0b75af	PASS	true	127	1.0	/data/qlyu/projects/pvrig_top200_structure_consistency_v1_20260725/models/nanonet/P1MCPUFP__CPUFP500K_0091__00440_nanonet_backbone_cb.pdb	9d4c5b5ecfe3dd354fef30b7ab4e12adc13772962bcd7f0964f6e085aa89c5ad	0.557	2.1835	0.8011	2.1152	0.5292	2.8046	0.875	4.0454	0.7506	2.2271	0.8828	4.7578	0.7506	4.7578
131	P1MCPUFP__CPUFP500K_0388__00523	c34b62035fbbb905676d91471f693c8083e2cdec890f2861f59e2e979e5d5d3d	PASS	true	cdr3_cross_tool_disagreement_gt_4A_diagnostic	PASS	true	127	1.0	/data1/qlyu/projects/pvrig_priority_top7500_dualreceptor_multiseed_handoff_v3_20260722/inputs/candidate_monomers/P1MCPUFP__CPUFP500K_0388__00523.pdb	63f31a268c709a7b70605c5872facf2f49ce049e6b98255b59d43b6b0cfcc04d	PASS	true	127	1.0	/data/qlyu/projects/pvrig_top200_structure_consistency_v1_20260725/models/igfold/P1MCPUFP__CPUFP500K_0388__00523.pdb	5ac673d45256b293e6d376ac9f9c98abd8fd390e8e5e78079f9e7c44b999a254	PASS	true	127	1.0	/data/qlyu/projects/pvrig_top200_structure_consistency_v1_20260725/models/nanonet/P1MCPUFP__CPUFP500K_0388__00523_nanonet_backbone_cb.pdb	21a3bb10f23fbed1c6dcc341e1b857b87d571fa8e8a2cd2dd5948f8524ad9813	0.4789	1.8527	0.4912	2.7168	0.4299	2.3618	0.9784	5.4805	0.6282	2.7404	1.1283	6.0419	0.6282	6.0419
132	P1MCPUFP__CPUFP500K_0289__00443	04ab284b7601a7d8efd9c5d805f8122ad441cbccca8bc41f9e9e5f63e46e1e40	PASS	false		PASS	true	127	1.0	/data1/qlyu/projects/pvrig_top7500_c2_gap_recovery_v1_20260723/c2_new4220_dualreceptor_seed42_3047_handoff_v1/inputs/candidate_monomers/P1MCPUFP__CPUFP500K_0289__00443.pdb	b6f8feed812568cf6d000203da1628ff6e04e8e4975b6b3a32861c2a3d53c004	PASS	true	127	1.0	/data/qlyu/projects/pvrig_top200_structure_consistency_v1_20260725/models/igfold/P1MCPUFP__CPUFP500K_0289__00443.pdb	bed077a915ecc9a0ff63d0c23cbdaf779bf40cc55fee958eb7c28040f5dce894	PASS	true	127	1.0	/data/qlyu/projects/pvrig_top200_structure_consistency_v1_20260725/models/nanonet/P1MCPUFP__CPUFP500K_0289__00443_nanonet_backbone_cb.pdb	64fd4224a0d976d019fa602ec261c66c979b3610cf53f3f90c42d6fcdb3a7a11	0.4544	3.1294	0.3617	2.3409	0.4543	2.8566	0.6263	1.903	0.6442	2.4714	0.57	3.1095	0.6442	3.1095
133	P1MCPUFP__CPUFP500K_0289__00496	fdff2ab2b311f6fd542c631824df4c30a3389143e8257b45e74b57529bf3324c	PASS	true	cdr3_cross_tool_disagreement_gt_4A_diagnostic	PASS	true	127	1.0	/data1/qlyu/projects/pvrig_top7500_c2_gap_recovery_v1_20260723/c2_new4220_dualreceptor_seed42_3047_handoff_v1/inputs/candidate_monomers/P1MCPUFP__CPUFP500K_0289__00496.pdb	9b075e8b22acc68a832d14701619205dd9bcb35bbbb1c1cb68b9c9838efc9408	PASS	true	127	1.0	/data/qlyu/projects/pvrig_top200_structure_consistency_v1_20260725/models/igfold/P1MCPUFP__CPUFP500K_0289__00496.pdb	b02d3ba552c0ce19261c42d7aa6f39d2293b6b761c00ef15c12f716b1cdfce91	PASS	true	127	1.0	/data/qlyu/projects/pvrig_top200_structure_consistency_v1_20260725/models/nanonet/P1MCPUFP__CPUFP500K_0289__00496_nanonet_backbone_cb.pdb	59e19efbbe015f25a5d4ca981379c06cb000e5f659e1800f2c744ecedcdd5905	0.4747	2.5583	0.4028	2.8143	0.436	2.2562	0.4409	4.4893	0.5946	2.8493	0.7404	6.2319	0.5946	6.2319
134	P1MCPUFP__CPUFP500K_0091__00849	1d7fb897e2ce64305a7eab7696d1a1c7e2f3bae3dc131543516fac04e6cfd154	PASS	true	cdr3_cross_tool_disagreement_gt_4A_diagnostic	PASS	true	127	1.0	/data1/qlyu/projects/pvrig_top7500_c2_gap_recovery_v1_20260723/c2_new4220_dualreceptor_seed42_3047_handoff_v1/inputs/candidate_monomers/P1MCPUFP__CPUFP500K_0091__00849.pdb	74672118db8e47c1e750aef28a6f0554618dc080c3955f8f0a4ee8072c3ac674	PASS	true	127	1.0	/data/qlyu/projects/pvrig_top200_structure_consistency_v1_20260725/models/igfold/P1MCPUFP__CPUFP500K_0091__00849.pdb	118f78acc5f266e5448614598430d36e181b438e692d531bacc8783593ab54d7	PASS	true	127	1.0	/data/qlyu/projects/pvrig_top200_structure_consistency_v1_20260725/models/nanonet/P1MCPUFP__CPUFP500K_0091__00849_nanonet_backbone_cb.pdb	1fe9e1351d44f3e51b78a5bc7033b0a97d2519a0135cf6a2e204c6c5671f14c7	0.6881	2.0203	0.725	2.6176	0.4732	2.4979	0.7673	3.1544	0.8045	2.5188	1.2871	4.1166	0.8045	4.1166
135	P1MCPUFP__CPUFP500K_0388__00174	f77391cb04abddbcc919b3202d0a20288713cc77f7c4a3828a8cb1a8a5836d97	PASS	true	cdr3_cross_tool_disagreement_gt_4A_diagnostic	PASS	true	127	1.0	/data1/qlyu/projects/pvrig_priority_top7500_dualreceptor_multiseed_handoff_v3_20260722/inputs/candidate_monomers/P1MCPUFP__CPUFP500K_0388__00174.pdb	463dc44b9e28892ab6769d4ec39cbbb8de3517eb4b00f2aaa35257fbabfbd6bd	PASS	true	127	1.0	/data/qlyu/projects/pvrig_top200_structure_consistency_v1_20260725/models/igfold/P1MCPUFP__CPUFP500K_0388__00174.pdb	c65a682060d11d6d3fabbbe43e483bc1bab4600ef9933485277d6b7b33a6e4c5	PASS	true	127	1.0	/data/qlyu/projects/pvrig_top200_structure_consistency_v1_20260725/models/nanonet/P1MCPUFP__CPUFP500K_0388__00174_nanonet_backbone_cb.pdb	8caf98ec0760fd4a626f6acd0d23f05cec7d6bba4a53552fabe6fb98b9f822ee	0.5807	3.055	0.5031	2.1113	0.437	2.883	0.3504	4.1705	0.6607	3.0175	0.5202	4.7993	0.6607	4.7993
136	P1MCPUFP__CPUFP500K_0487__00827	885b844f1bb7b151e8f9061886db4ca5666a039c731a05a528c26329831dc069	PASS	true	cdr3_cross_tool_disagreement_gt_4A_diagnostic	PASS	true	127	1.0	/data1/qlyu/projects/pvrig_priority_top7500_dualreceptor_multiseed_handoff_v3_20260722/inputs/candidate_monomers/P1MCPUFP__CPUFP500K_0487__00827.pdb	6daf9fcacbe066684d8f313a5af7d393d332300c0c87c79ecb49444b233055e5	PASS	true	127	1.0	/data/qlyu/projects/pvrig_top200_structure_consistency_v1_20260725/models/igfold/P1MCPUFP__CPUFP500K_0487__00827.pdb	5c152d4b943adf885a6133bd3a002dcb20de667d1cc203d6083e1e93313d5624	PASS	true	127	1.0	/data/qlyu/projects/pvrig_top200_structure_consistency_v1_20260725/models/nanonet/P1MCPUFP__CPUFP500K_0487__00827_nanonet_backbone_cb.pdb	ff09a50dc33a512e4e0c37590b8ddcd992fa4e4e6e87411eeb27fc1fb5ec835d	0.6202	2.3653	0.5887	2.4925	0.5108	3.007	0.5535	4.2697	0.7421	3.1041	0.7365	4.469	0.7421	4.469
137	P1MCPUFP__CPUFP500K_0388__00757	c95882271969706bd602bf647fa54b104590ea9f7f0b7af5f2ea66e44314d8fb	PASS	true	cdr3_cross_tool_disagreement_gt_4A_diagnostic	PASS	true	127	1.0	/data1/qlyu/projects/pvrig_priority_top7500_dualreceptor_multiseed_handoff_v3_20260722/inputs/candidate_monomers/P1MCPUFP__CPUFP500K_0388__00757.pdb	df7f58a79cb3fc1b5112baad35f6348ab8fb98e42dfc69ebc1b7d2f25a0b3cb4	PASS	true	127	1.0	/data/qlyu/projects/pvrig_top200_structure_consistency_v1_20260725/models/igfold/P1MCPUFP__CPUFP500K_0388__00757.pdb	46c5910d4d2aa1902f1ceb66fdaf3901d9622af7d6ca4a9d183ebd070afe7bf7	PASS	true	127	1.0	/data/qlyu/projects/pvrig_top200_structure_consistency_v1_20260725/models/nanonet/P1MCPUFP__CPUFP500K_0388__00757_nanonet_backbone_cb.pdb	7c29750bb71b027e58e46012a6b0a28821508c0e8d58240fced871187cd71332	0.5426	2.5449	1.321	2.5771	0.4383	2.9844	1.0602	4.7227	0.5666	2.2267	2.0308	4.4513	0.5666	4.7227
138	P1MCPUFP__CPUFP500K_0091__00172	f095e215661fd6f0c9f027a4d03b698c1c1f8baf7e37dd7da74b333395c3cdcd	PASS	false		PASS	true	127	1.0	/data1/qlyu/projects/pvrig_top7500_c2_gap_recovery_v1_20260723/c2_new4220_dualreceptor_seed42_3047_handoff_v1/inputs/candidate_monomers/P1MCPUFP__CPUFP500K_0091__00172.pdb	ffc81f5c298776fa86b932554ee06290e7692bb234c7d6149be4430257371499	PASS	true	127	1.0	/data/qlyu/projects/pvrig_top200_structure_consistency_v1_20260725/models/igfold/P1MCPUFP__CPUFP500K_0091__00172.pdb	f70b44f028700c777b659136d60bff6e170002ae80bc1c53ba66f138b9cb80b9	PASS	true	127	1.0	/data/qlyu/projects/pvrig_top200_structure_consistency_v1_20260725/models/nanonet/P1MCPUFP__CPUFP500K_0091__00172_nanonet_backbone_cb.pdb	41df4c71fce04b6d32fe050fdf9351a5f3f321e968fe3319093e0a9826400c69	0.6864	1.5166	0.9112	2.4001	0.521	2.033	0.8176	3.1278	0.8613	2.4681	0.6702	3.9278	0.8613	3.9278
139	P1MCPUFP__CPUFP500K_0190__00879	c5bd7eede0ce7b0474e1e3941acf51477dbc43cf5f7d2cb1c47b7cd507aea5d1	PASS	true	cdr3_cross_tool_disagreement_gt_4A_diagnostic	PASS	true	127	1.0	/data1/qlyu/projects/pvrig_priority_top7500_dualreceptor_multiseed_handoff_v3_20260722/inputs/candidate_monomers/P1MCPUFP__CPUFP500K_0190__00879.pdb	c67872927cad616c546cbc887ffc758825cd99dbc0adffd69bfb2a0a4bbd9b5c	PASS	true	127	1.0	/data/qlyu/projects/pvrig_top200_structure_consistency_v1_20260725/models/igfold/P1MCPUFP__CPUFP500K_0190__00879.pdb	e86064f8336c8af1fb980e73f41c4e66c88f98235ac84497c3f93527421f252e	PASS	true	127	1.0	/data/qlyu/projects/pvrig_top200_structure_consistency_v1_20260725/models/nanonet/P1MCPUFP__CPUFP500K_0190__00879_nanonet_backbone_cb.pdb	34b80d46c45d8ca7eab9aa4633f70ff88cabf0e460d753806eb9d984e0f2345b	0.6926	2.6257	0.9113	2.7514	0.44	3.8592	0.8127	3.2683	0.6465	3.7714	1.3501	4.2124	0.6926	4.2124
140	P1MCPUFP__CPUFP500K_0134__00289	4f6f465cd41f8505f63059265efe981867b9adc131be0dba27c259dd11611a44	PASS	false		PASS	true	123	1.0	/data1/qlyu/projects/pvrig_priority_top7500_dualreceptor_multiseed_handoff_v3_20260722/inputs/candidate_monomers/P1MCPUFP__CPUFP500K_0134__00289.pdb	4d291957613bef7ba80953496baca907a5982db398b012dd5fd079d92f6d0d69	PASS	true	123	1.0	/data/qlyu/projects/pvrig_top200_structure_consistency_v1_20260725/models/igfold/P1MCPUFP__CPUFP500K_0134__00289.pdb	9d8c4c4873092606a09d8ae7ec739bc9c84214548e3468f4ad1ffc25772ca394	PASS	true	123	1.0	/data/qlyu/projects/pvrig_top200_structure_consistency_v1_20260725/models/nanonet/P1MCPUFP__CPUFP500K_0134__00289_nanonet_backbone_cb.pdb	9072ca9348c0f1f3a9e6d5da7bbe9941d8f57fcc8c5546a1bbbf02dd61d33ab5	0.333	2.4611	0.6588	1.807	0.398	2.2322	0.4013	1.9289	0.3441	2.4785	0.804	1.5926	0.398	1.9289
141	P1MCPUFP__CPUFP500K_0432__00378	f62e47c17343fb1d001034cc0956443924ab0b10ceda1939ccd1f4bb48c59687	PASS	false		PASS	true	123	1.0	/data1/qlyu/projects/pvrig_priority_top7500_dualreceptor_multiseed_handoff_v3_20260722/inputs/candidate_monomers/P1MCPUFP__CPUFP500K_0432__00378.pdb	8697ba2bf679be28d924ed7d90c359f478f45af5639f99a141d7400ac709952b	PASS	true	123	1.0	/data/qlyu/projects/pvrig_top200_structure_consistency_v1_20260725/models/igfold/P1MCPUFP__CPUFP500K_0432__00378.pdb	7021aee6da45570b2ea15c9a5ed0ba7d01ed91ea538eb06115c42b1e8ef6b314	PASS	true	123	1.0	/data/qlyu/projects/pvrig_top200_structure_consistency_v1_20260725/models/nanonet/P1MCPUFP__CPUFP500K_0432__00378_nanonet_backbone_cb.pdb	027cad5a20215c34c2d2af3d5915f7cd7cbced3aede6868868581eb199a1cab7	0.3267	2.5102	0.5478	1.7778	0.3485	2.5644	0.388	2.6398	0.3378	2.0215	0.6004	2.8112	0.3485	2.8112
142	P1MCPUFP__CPUFP500K_0029__00647	b43bb585be9ee8385a6cac0406521c82b0204df2093bfc178014e275b4132973	PASS	false		PASS	true	123	1.0	/data1/qlyu/projects/pvrig_priority_top7500_dualreceptor_multiseed_handoff_v3_20260722/inputs/candidate_monomers/P1MCPUFP__CPUFP500K_0029__00647.pdb	09c0af18e7c78545700ad01ebc5ee13469f61ee88d535ed763118e26a9b2e88f	PASS	true	123	1.0	/data/qlyu/projects/pvrig_top200_structure_consistency_v1_20260725/models/igfold/P1MCPUFP__CPUFP500K_0029__00647.pdb	a0a335f9a9c7fcb8e0221dbb9dc361016229ba230db55410d0acafdbf596669b	PASS	true	123	1.0	/data/qlyu/projects/pvrig_top200_structure_consistency_v1_20260725/models/nanonet/P1MCPUFP__CPUFP500K_0029__00647_nanonet_backbone_cb.pdb	5491109c46bc90451fe135a6de43b0549b5365d290363f7518c9255e25bf42aa	0.2831	1.9401	0.6005	2.0772	0.3898	1.6011	0.3099	2.8021	0.4538	1.8713	0.7345	2.2276	0.4538	2.8021
143	P1MCPUFP__CPUFP500K_0134__00713	da8ff3c15ad746b85992af1b23e5ba5dfe56d635eff7396e8c3f31ae8198a69b	PASS	false		PASS	true	123	1.0	/data1/qlyu/projects/pvrig_priority_top7500_dualreceptor_multiseed_handoff_v3_20260722/inputs/candidate_monomers/P1MCPUFP__CPUFP500K_0134__00713.pdb	e50f131df3648b27bd46b744f981c0560c1e0e03da60ade245b9344613c7bbae	PASS	true	123	1.0	/data/qlyu/projects/pvrig_top200_structure_consistency_v1_20260725/models/igfold/P1MCPUFP__CPUFP500K_0134__00713.pdb	a45e644dd38fbc23bbbe201c88f5df00aa9b0fe6dd445f26195156eb37c4c62c	PASS	true	123	1.0	/data/qlyu/projects/pvrig_top200_structure_consistency_v1_20260725/models/nanonet/P1MCPUFP__CPUFP500K_0134__00713_nanonet_backbone_cb.pdb	419e93f7b458d507c5ea75d81274d0735a20889c20b918482cb1c1dc32d4071d	0.4706	2.443	0.5946	1.612	0.4153	1.9556	0.4431	1.6534	0.3661	2.8478	0.5867	1.5275	0.4706	1.6534
144	P1MCPUFP__CPUFP500K_0130__00610	b97892f6b73fc4fd15a50c8ebeddaf924f3581907677f3836af04bc58a29b765	PASS	false		PASS	true	123	1.0	/data1/qlyu/projects/pvrig_priority_top7500_dualreceptor_multiseed_handoff_v3_20260722/inputs/candidate_monomers/P1MCPUFP__CPUFP500K_0130__00610.pdb	7f8b6ed89145a3a15f6e6204a13fe852f1f4e228d4c4276e087c9c5215f90a8f	PASS	true	123	1.0	/data/qlyu/projects/pvrig_top200_structure_consistency_v1_20260725/models/igfold/P1MCPUFP__CPUFP500K_0130__00610.pdb	46ce213f207a2b27b771b70feb2ed0e1bc94d17f27032e7d3e8f82e4280257fa	PASS	true	123	1.0	/data/qlyu/projects/pvrig_top200_structure_consistency_v1_20260725/models/nanonet/P1MCPUFP__CPUFP500K_0130__00610_nanonet_backbone_cb.pdb	cd465c84829ed537d36294c6e3f1018df68f5ccf2975cbed9fc39fbf3a955530	0.5042	1.9671	0.3949	3.0407	0.3181	2.553	0.3405	2.9165	0.6026	2.7053	0.5114	2.5287	0.6026	3.0407
145	P1MCPUFP__CPUFP500K_0128__00809	1c4736654ac2232169e99a4b29b67fa06c9e8f3bf566bbd65574db8792b87aca	PASS	true	cdr3_cross_tool_disagreement_gt_4A_diagnostic	PASS	true	123	1.0	/data1/qlyu/projects/pvrig_priority_top7500_dualreceptor_multiseed_handoff_v3_20260722/inputs/candidate_monomers/P1MCPUFP__CPUFP500K_0128__00809.pdb	9ad83ad3eea4234104d82b168fbdde9d8dc721065447591ea87182993d7d623f	PASS	true	123	1.0	/data/qlyu/projects/pvrig_top200_structure_consistency_v1_20260725/models/igfold/P1MCPUFP__CPUFP500K_0128__00809.pdb	dc58993db256e3beb6853ff03120735692a20862a6505b15a3b9ded98f46b517	PASS	true	123	1.0	/data/qlyu/projects/pvrig_top200_structure_consistency_v1_20260725/models/nanonet/P1MCPUFP__CPUFP500K_0128__00809_nanonet_backbone_cb.pdb	4c9d8fcd8e4eeb5a6f59b88ab38615337ebfaa44f6d1f0d74c67b1096e1da180	0.3248	2.6119	0.5305	2.6271	0.3492	1.7082	0.3186	4.8875	0.513	2.5598	0.6993	3.1516	0.513	4.8875
146	P1MCPUFP__CPUFP500K_0432__00670	181aa44ad0f299a2c5fdce7b4bc71d3a6bad72531b94f1ca7491df8667af0234	PASS	false		PASS	true	123	1.0	/data1/qlyu/projects/pvrig_priority_top7500_dualreceptor_multiseed_handoff_v3_20260722/inputs/candidate_monomers/P1MCPUFP__CPUFP500K_0432__00670.pdb	874f42ebf22f0f512d089292005b32e60fca320f965225e4f6be438f458f7c4f	PASS	true	123	1.0	/data/qlyu/projects/pvrig_top200_structure_consistency_v1_20260725/models/igfold/P1MCPUFP__CPUFP500K_0432__00670.pdb	1f6ab2ada0ca98bbb83df7c1f13bc39f9925395b2f24cec76084eadd336e00dd	PASS	true	123	1.0	/data/qlyu/projects/pvrig_top200_structure_consistency_v1_20260725/models/nanonet/P1MCPUFP__CPUFP500K_0432__00670_nanonet_backbone_cb.pdb	5727d0550d5588a498e11485cd538aa108cf1347199dbb83ecfabf48c60fcef4	0.2859	2.245	0.8024	1.7824	0.3799	2.2431	0.4283	2.5211	0.4231	1.7178	0.804	1.7042	0.4231	2.5211
147	P1MCPUFP__CPUFP500K_0132__00435	2ef99a4735d5ca9f955a10113cc201a5a306ee1baee721086cb5ee8a2c048f70	PASS	false		PASS	true	123	1.0	/data1/qlyu/projects/pvrig_priority_top7500_dualreceptor_multiseed_handoff_v3_20260722/inputs/candidate_monomers/P1MCPUFP__CPUFP500K_0132__00435.pdb	fcf7c9be30fd7fdbd041a4392b8c17e96525d142137a1872250070b895054c12	PASS	true	123	1.0	/data/qlyu/projects/pvrig_top200_structure_consistency_v1_20260725/models/igfold/P1MCPUFP__CPUFP500K_0132__00435.pdb	77a7d68dccb6d2538f84f5815aecd0424ea064e0c7742f4d1a2e21ed38d4a59c	PASS	true	123	1.0	/data/qlyu/projects/pvrig_top200_structure_consistency_v1_20260725/models/nanonet/P1MCPUFP__CPUFP500K_0132__00435_nanonet_backbone_cb.pdb	a90182af279ab6e40359e33b30c6970d01c2a2249011e7ef5c54d9c1eb9d058a	0.4309	3.0569	1.9788	1.8141	0.3987	2.4607	1.0802	2.0755	0.4641	2.7266	1.4113	2.4606	0.4641	2.4606
148	P1MCPUFP__CPUFP500K_0036__00857	6e77397ac3166b21e2c0018e8d232b1e1843174d123df5adad1c4821b9e48c26	PASS	false		PASS	true	123	1.0	/data1/qlyu/projects/pvrig_priority_top7500_dualreceptor_multiseed_handoff_v3_20260722/inputs/candidate_monomers/P1MCPUFP__CPUFP500K_0036__00857.pdb	87e54a84a6d09dd4f0bc294fed0f42687d9ff48e00ea3bdfefa91747104fcf1d	PASS	true	123	1.0	/data/qlyu/projects/pvrig_top200_structure_consistency_v1_20260725/models/igfold/P1MCPUFP__CPUFP500K_0036__00857.pdb	022283f5f52dedf4827f2d7f7c646b23f6db1910d0f830a04b2bbb2ee7f2ad9f	PASS	true	123	1.0	/data/qlyu/projects/pvrig_top200_structure_consistency_v1_20260725/models/nanonet/P1MCPUFP__CPUFP500K_0036__00857_nanonet_backbone_cb.pdb	2b309d48e44e6e22f88a3274d0579e2a7eedb6bfff985142391c3d8322961b1d	0.34	2.2836	0.6292	1.9577	0.3591	2.088	0.5264	2.0187	0.4235	1.8385	0.6772	1.7633	0.4235	2.0187
149	P1MCPUFP__CPUFP500K_0034__00437	15e4aa85c63d9d7d3e1d30cdc158578b9d29aa285615cf616cb3b1ac7803edbc	PASS	false		PASS	true	123	1.0	/data1/qlyu/projects/pvrig_priority_top7500_dualreceptor_multiseed_handoff_v3_20260722/inputs/candidate_monomers/P1MCPUFP__CPUFP500K_0034__00437.pdb	e2f70c21bb7ddeda60e7b1e0ba50f855cbd2b2c7190d160af338646b350cebc6	PASS	true	123	1.0	/data/qlyu/projects/pvrig_top200_structure_consistency_v1_20260725/models/igfold/P1MCPUFP__CPUFP500K_0034__00437.pdb	1c1bade4e20cf8e93a202846afbfe72756b283b9ee7131dc5bf7eedc48d52bc0	PASS	true	123	1.0	/data/qlyu/projects/pvrig_top200_structure_consistency_v1_20260725/models/nanonet/P1MCPUFP__CPUFP500K_0034__00437_nanonet_backbone_cb.pdb	082a058437a3974bc5897286dafcc95368edd7b13e6efbff8cea1871366fd123	0.5776	1.8583	0.8852	2.2707	0.3082	1.8151	0.5076	2.9346	0.468	2.3328	0.929	2.5011	0.5776	2.9346
150	P1MCPUFP__CPUFP500K_0132__00682	892d97d39c84eab1d394f2570c54ad84b3965ff15ae0a8b2f9dfb3f6d1a0e283	PASS	false		PASS	true	123	1.0	/data1/qlyu/projects/pvrig_priority_top7500_dualreceptor_multiseed_handoff_v3_20260722/inputs/candidate_monomers/P1MCPUFP__CPUFP500K_0132__00682.pdb	abbc54599024fb249b2e83aa54ca8714b6cc29517c69764aeb684b96d9d13136	PASS	true	123	1.0	/data/qlyu/projects/pvrig_top200_structure_consistency_v1_20260725/models/igfold/P1MCPUFP__CPUFP500K_0132__00682.pdb	8704ad1a0addb21f9e803a237dc6c6bd891ef5a8cb8ffb7e528c556e7f25b860	PASS	true	123	1.0	/data/qlyu/projects/pvrig_top200_structure_consistency_v1_20260725/models/nanonet/P1MCPUFP__CPUFP500K_0132__00682_nanonet_backbone_cb.pdb	5cf01bc07e6c15f589596e659a2ed4c65ed5473d2d59e3d11989f802e2e62b13	0.4231	2.8211	0.8278	1.6672	0.3249	2.0561	1.3356	2.2268	0.4647	3.1028	1.8505	1.898	0.4647	2.2268
151	P1MCPUFP__CPUFP500K_0133__00282	04a0719b4a17791985afb4f12e2c557c0155e9c5b644f36f1ddad1cb2b340abb	PASS	true	cdr3_cross_tool_disagreement_gt_4A_diagnostic	PASS	true	123	1.0	/data1/qlyu/projects/pvrig_priority_top7500_dualreceptor_multiseed_handoff_v3_20260722/inputs/candidate_monomers/P1MCPUFP__CPUFP500K_0133__00282.pdb	b74484cbf86ae023abb911a6ffd4b6022e13f92c53d683ab16b0245bc6de2bf6	PASS	true	123	1.0	/data/qlyu/projects/pvrig_top200_structure_consistency_v1_20260725/models/igfold/P1MCPUFP__CPUFP500K_0133__00282.pdb	bc25baaba6cf64e139a99194e6c5a1382bb5255a61cc522ee96d30e082ae0b73	PASS	true	123	1.0	/data/qlyu/projects/pvrig_top200_structure_consistency_v1_20260725/models/nanonet/P1MCPUFP__CPUFP500K_0133__00282_nanonet_backbone_cb.pdb	f803321db386d8445173c80be407ba9e3e483495433f3c743ba53f8157566233	0.2743	2.3509	0.4783	2.1828	0.281	2.5138	0.4189	4.3168	0.3186	1.5842	0.5998	3.0606	0.3186	4.3168
152	P1MCPUFP__CPUFP500K_0031__00091	001829b9d654533d816517728c3477e61dc5985d6f13ffe655ff4206d91f6481	PASS	false		PASS	true	123	1.0	/data1/qlyu/projects/pvrig_priority_top7500_dualreceptor_multiseed_handoff_v3_20260722/inputs/candidate_monomers/P1MCPUFP__CPUFP500K_0031__00091.pdb	dd9823736ec1863e08f00bd541c3d77dcf82bfa52b837c084528efb1e3226dac	PASS	true	123	1.0	/data/qlyu/projects/pvrig_top200_structure_consistency_v1_20260725/models/igfold/P1MCPUFP__CPUFP500K_0031__00091.pdb	0fbe4db0797ac2f9d5c4d2a164969222ede475d039e9a886a538824a50cbdb01	PASS	true	123	1.0	/data/qlyu/projects/pvrig_top200_structure_consistency_v1_20260725/models/nanonet/P1MCPUFP__CPUFP500K_0031__00091_nanonet_backbone_cb.pdb	836561cb4394e620c1a6b8acb43c12ada22329f61fced4f0de66f2a9736c3d9c	0.2524	2.4189	0.3622	2.8858	0.3102	2.1314	0.3411	3.2751	0.3897	2.4616	0.4844	2.4934	0.3897	3.2751
153	P1MCPUFP__CPUFP500K_0432__00713	b375ad4ec31264fc13db3c64b406832b5287fcbb17a5d3c6e4d0ea7cabf3ac05	PASS	false		PASS	true	123	1.0	/data1/qlyu/projects/pvrig_priority_top7500_dualreceptor_multiseed_handoff_v3_20260722/inputs/candidate_monomers/P1MCPUFP__CPUFP500K_0432__00713.pdb	bdcee016dd0eafe07b09de4e31c9abbd5e47c476dda462bed79b90b941b93eac	PASS	true	123	1.0	/data/qlyu/projects/pvrig_top200_structure_consistency_v1_20260725/models/igfold/P1MCPUFP__CPUFP500K_0432__00713.pdb	69bd4714e97695e41f0edc6b1a6084e3f9a3134718e72d870b2af3b5ba58df66	PASS	true	123	1.0	/data/qlyu/projects/pvrig_top200_structure_consistency_v1_20260725/models/nanonet/P1MCPUFP__CPUFP500K_0432__00713_nanonet_backbone_cb.pdb	78a5ce6610bcaeb44980ceaf7a1c52abd6d9c68da298ee431e09b5d49f8cdd7d	0.4817	2.1253	0.683	2.6172	0.3735	2.2835	0.3901	2.7415	0.4075	3.1293	0.6701	1.2405	0.4817	2.7415
154	P1MCPUFP__CPUFP500K_0029__00258	37b83ca871ad0d799c57346bc885786ed6af71fac7d3336314443bfd85d68f64	PASS	false		PASS	true	123	1.0	/data1/qlyu/projects/pvrig_priority_top7500_dualreceptor_multiseed_handoff_v3_20260722/inputs/candidate_monomers/P1MCPUFP__CPUFP500K_0029__00258.pdb	c10808ea8ade4ed0c8edf8459f0a5b7c5cff6c5bfca7faf5beb6b8a39a7bc33f	PASS	true	123	1.0	/data/qlyu/projects/pvrig_top200_structure_consistency_v1_20260725/models/igfold/P1MCPUFP__CPUFP500K_0029__00258.pdb	0104d65517a522e95de74d6036780bab1db47e585c853d96cce912d4188e3791	PASS	true	123	1.0	/data/qlyu/projects/pvrig_top200_structure_consistency_v1_20260725/models/nanonet/P1MCPUFP__CPUFP500K_0029__00258_nanonet_backbone_cb.pdb	02bc0b70aae7c3cecea98b791b149c3b6dcd7247f299379bca7e2ddc7acfee2f	0.3023	2.5658	0.5291	2.4246	0.3422	1.6063	0.3059	2.5351	0.4976	2.5023	0.6958	1.9158	0.4976	2.5351
155	P1MCPUFP__CPUFP500K_0028__00135	8a72967414590523badf5bbbcd4df7672c65d3d0d1a73df6a8aa7c5af505948a	PASS	false		PASS	true	123	1.0	/data1/qlyu/projects/pvrig_priority_top7500_dualreceptor_multiseed_handoff_v3_20260722/inputs/candidate_monomers/P1MCPUFP__CPUFP500K_0028__00135.pdb	8a0c4d815cf4b0fa9dd8591a728ab8a184ee5637996b2fc346bac8f0b4621f33	PASS	true	123	1.0	/data/qlyu/projects/pvrig_top200_structure_consistency_v1_20260725/models/igfold/P1MCPUFP__CPUFP500K_0028__00135.pdb	b959baf4b1918eb66336428104c4499f4d54df6909ec7238212e9bfa84b10f43	PASS	true	123	1.0	/data/qlyu/projects/pvrig_top200_structure_consistency_v1_20260725/models/nanonet/P1MCPUFP__CPUFP500K_0028__00135_nanonet_backbone_cb.pdb	c10f3aa04367edef8ed37f26112669565e4cbc9cf1ed05b5d005dc5a4bded8e4	0.3203	2.5908	1.8983	1.527	0.3604	2.1196	1.1219	2.5717	0.4044	2.651	1.2869	2.2397	0.4044	2.5717
156	P1MCPUFP__CPUFP500K_0432__00757	e5892ecd0894764ed5e10171c4584b8e197f124438b79d76ce7d9331476bc09c	PASS	false		PASS	true	123	1.0	/data1/qlyu/projects/pvrig_priority_top7500_dualreceptor_multiseed_handoff_v3_20260722/inputs/candidate_monomers/P1MCPUFP__CPUFP500K_0432__00757.pdb	2e0145441b2902340633663be23a7ac18f575bee41678cc08422ed652f4bb630	PASS	true	123	1.0	/data/qlyu/projects/pvrig_top200_structure_consistency_v1_20260725/models/igfold/P1MCPUFP__CPUFP500K_0432__00757.pdb	c94dc732cd5fd276a96f98c8240ccc6cd8059b518da8890ff44c95273cf315b6	PASS	true	123	1.0	/data/qlyu/projects/pvrig_top200_structure_consistency_v1_20260725/models/nanonet/P1MCPUFP__CPUFP500K_0432__00757_nanonet_backbone_cb.pdb	8112c3bb9282a10bbf245efa1cbfad97cea014fcaf20da4c5515e804cedb69ff	0.3743	2.2736	0.3332	1.868	0.4115	2.133	0.621	2.418	0.3605	1.8524	0.6736	1.9196	0.4115	2.418
157	P1MCPUFP__CPUFP500K_0227__00371	80323fa219e98b484eaadbf909ddd5f82007958391472b9c5f4a7699fb237244	PASS	false		PASS	true	123	1.0	/data1/qlyu/projects/pvrig_priority_top7500_dualreceptor_multiseed_handoff_v3_20260722/inputs/candidate_monomers/P1MCPUFP__CPUFP500K_0227__00371.pdb	744b479ee53ebeb2e9aa6c2081cacb1d40c99f5a7e5bbca12e7aec065ebdd5f0	PASS	true	123	1.0	/data/qlyu/projects/pvrig_top200_structure_consistency_v1_20260725/models/igfold/P1MCPUFP__CPUFP500K_0227__00371.pdb	7a1e9543ec28b9db573c65fd99a7a4e3d5e0e1ee3420eee32f7f17f23b30182d	PASS	true	123	1.0	/data/qlyu/projects/pvrig_top200_structure_consistency_v1_20260725/models/nanonet/P1MCPUFP__CPUFP500K_0227__00371_nanonet_backbone_cb.pdb	132d6c5727166de6f2a80c37b8d39c250ee381d8ce0a50ad4b1b63704da7770a	0.2996	1.06	0.4868	2.2169	0.3467	1.6574	0.3378	2.8564	0.4667	1.7077	0.6423	2.6077	0.4667	2.8564
158	P1MCPUFP__CPUFP500K_0326__00721	5672d9d1dc8ab255ec31dac6ddd2f24356b9c66ca692cbd75dc6d101c2336c3a	PASS	false		PASS	true	123	1.0	/data1/qlyu/projects/pvrig_priority_top7500_dualreceptor_multiseed_handoff_v3_20260722/inputs/candidate_monomers/P1MCPUFP__CPUFP500K_0326__00721.pdb	c6b53e8fb98c42db0785f8532c5d84041164695dcf2b0628f5147399aa14c596	PASS	true	123	1.0	/data/qlyu/projects/pvrig_top200_structure_consistency_v1_20260725/models/igfold/P1MCPUFP__CPUFP500K_0326__00721.pdb	0919239ebac4e2292ba524c54fabadca96b4d35b99d0955a4fa1ca8ba7bc34bb	PASS	true	123	1.0	/data/qlyu/projects/pvrig_top200_structure_consistency_v1_20260725/models/nanonet/P1MCPUFP__CPUFP500K_0326__00721_nanonet_backbone_cb.pdb	4ff7525f7428910d1de1159e8f442983563caa27b80851643e1e549b6eeb744d	0.3854	1.2895	0.3971	2.1516	0.312	1.661	0.332	2.9134	0.4562	1.5276	0.5045	2.3118	0.4562	2.9134
159	P1MCPUFP__CPUFP500K_0325__00106	7c67aa0173a655af01dc35545858aa5636d4ef03a8922871caf0931f32bb4537	PASS	false		PASS	true	123	1.0	/data1/qlyu/projects/pvrig_priority_top7500_dualreceptor_multiseed_handoff_v3_20260722/inputs/candidate_monomers/P1MCPUFP__CPUFP500K_0325__00106.pdb	6119828ce562117ba9205781e25bec2e834a9a316f1ceb3d2f919b4f0d755819	PASS	true	123	1.0	/data/qlyu/projects/pvrig_top200_structure_consistency_v1_20260725/models/igfold/P1MCPUFP__CPUFP500K_0325__00106.pdb	e04cc9449497a96feca621ec89bf5f9b24340a19f4a12ca65492f7576161b22e	PASS	true	123	1.0	/data/qlyu/projects/pvrig_top200_structure_consistency_v1_20260725/models/nanonet/P1MCPUFP__CPUFP500K_0325__00106_nanonet_backbone_cb.pdb	c851d729aa599d562ddc6bf681bbb95ca6b3fccc9592aed5fd2199d57f37dffa	0.3782	2.1885	0.5266	1.7934	0.3616	2.1554	1.1478	2.7944	0.4282	1.8937	1.1264	2.0749	0.4282	2.7944
160	P1MCPUFP__CPUFP500K_0332__00371	756b312227c393c7a868a4f87dd5b975b88b869dc6472706b390f9ad1ff38ea7	PASS	false		PASS	true	123	1.0	/data1/qlyu/projects/pvrig_priority_top7500_dualreceptor_multiseed_handoff_v3_20260722/inputs/candidate_monomers/P1MCPUFP__CPUFP500K_0332__00371.pdb	69f855732dd9dc654acf62b66a13719bc6fc0b467f9ee34662ca835de887a7d9	PASS	true	123	1.0	/data/qlyu/projects/pvrig_top200_structure_consistency_v1_20260725/models/igfold/P1MCPUFP__CPUFP500K_0332__00371.pdb	abc6c70a6623b1e0a58b3dd71f8534229cf70d8b724edc9a17a6a0cb685bebbb	PASS	true	123	1.0	/data/qlyu/projects/pvrig_top200_structure_consistency_v1_20260725/models/nanonet/P1MCPUFP__CPUFP500K_0332__00371_nanonet_backbone_cb.pdb	f4d331d28a21a8c3850d326e99e85364b94dce5b23e3d5f6e1a54e27deb87a31	0.4468	2.9804	0.5717	2.2174	0.3686	2.5981	0.3813	2.5238	0.4158	3.6019	0.7164	1.5862	0.4468	2.5238
161	P1MCPUFP__CPUFP500K_0480__00342	d8ae793e016c8d9909ac78b44faeeb7dbf8f7953f988300c6988c2dae802bf9b	PASS	true	cdr3_cross_tool_disagreement_gt_4A_diagnostic	PASS	true	127	1.0	/data1/qlyu/projects/pvrig_priority_top7500_dualreceptor_multiseed_handoff_v3_20260722/inputs/candidate_monomers/P1MCPUFP__CPUFP500K_0480__00342.pdb	a4547a6f68161488f1935cc890a8a48974660b09410b6759972d9faf97f8916a	PASS	true	127	1.0	/data/qlyu/projects/pvrig_top200_structure_consistency_v1_20260725/models/igfold/P1MCPUFP__CPUFP500K_0480__00342.pdb	26607d2d6c3b10547ad46c037cbab55dcfb7383fe0dda3ed5c20378f7351dd64	PASS	true	127	1.0	/data/qlyu/projects/pvrig_top200_structure_consistency_v1_20260725/models/nanonet/P1MCPUFP__CPUFP500K_0480__00342_nanonet_backbone_cb.pdb	9977a068f42a5e7d74fcc6ebcf6d201a4212e7516548deede51680a2a2d7d3e0	0.4331	2.3972	0.5201	2.6369	0.4786	2.8627	0.3644	4.3636	0.5997	2.0298	0.5608	4.1577	0.5997	4.3636
162	P1MCPUFP__CPUFP500K_0288__00895	994cb7e491a3d0b0e6d86b09e286cd405131cec9dda28161a0ba4a65f8314a9e	PASS	false		PASS	true	127	1.0	/data1/qlyu/projects/pvrig_priority_top7500_dualreceptor_multiseed_handoff_v3_20260722/inputs/candidate_monomers/P1MCPUFP__CPUFP500K_0288__00895.pdb	a86cc7a02d1ae2ed825c65bbbe340614613d98069f07543885e2cb677da2f60b	PASS	true	127	1.0	/data/qlyu/projects/pvrig_top200_structure_consistency_v1_20260725/models/igfold/P1MCPUFP__CPUFP500K_0288__00895.pdb	eecd8db3592a9924e0abb62bf7bbba8d76a16190cc0afa51a897e7ef7040d9a0	PASS	true	127	1.0	/data/qlyu/projects/pvrig_top200_structure_consistency_v1_20260725/models/nanonet/P1MCPUFP__CPUFP500K_0288__00895_nanonet_backbone_cb.pdb	60a672c625f9a3491a02c5f6005dcd210b99ee2f3f4d6b54aad3bc94fd9b72f8	0.4458	1.5677	1.0513	2.3104	0.6407	1.3003	0.5088	2.5637	0.7171	1.7932	0.9379	2.0046	0.7171	2.5637
163	P1MCPUFP__CPUFP500K_0288__00812	e2211376571ab387e5860538c1cdc54f33a7f343556ad5ea26cc384c08f05c77	PASS	false		PASS	true	127	1.0	/data1/qlyu/projects/pvrig_priority_top7500_dualreceptor_multiseed_handoff_v3_20260722/inputs/candidate_monomers/P1MCPUFP__CPUFP500K_0288__00812.pdb	eb74839bd6fe2eaf03f717bef0ff2899a2627b1035edd960b4bd60f0a7e47e1d	PASS	true	127	1.0	/data/qlyu/projects/pvrig_top200_structure_consistency_v1_20260725/models/igfold/P1MCPUFP__CPUFP500K_0288__00812.pdb	618ace8cbfe340cc3052472e1943a3fe4280fe2b80034310ff540bb20f8f058a	PASS	true	127	1.0	/data/qlyu/projects/pvrig_top200_structure_consistency_v1_20260725/models/nanonet/P1MCPUFP__CPUFP500K_0288__00812_nanonet_backbone_cb.pdb	bea57a425e17f1aea1929ae9c7f714873545bdb560216bcb0d20d03f3f815541	0.4352	2.5809	1.117	2.6878	0.583	2.7977	0.7241	2.0008	0.6091	1.9884	1.3556	2.8351	0.6091	2.8351
164	P1MCPUFP__CPUFP500K_0185__00654	5f7f6b212ced9918882536b46573bb295085f974fe38614b26e9f21727f3e929	PASS	true	cdr3_cross_tool_disagreement_gt_4A_diagnostic	PASS	true	127	1.0	/data1/qlyu/projects/pvrig_priority_top7500_dualreceptor_multiseed_handoff_v3_20260722/inputs/candidate_monomers/P1MCPUFP__CPUFP500K_0185__00654.pdb	9025ff490bddde0c3e2d61bd1731a25094648406c6f339e6de0789db64014a99	PASS	true	127	1.0	/data/qlyu/projects/pvrig_top200_structure_consistency_v1_20260725/models/igfold/P1MCPUFP__CPUFP500K_0185__00654.pdb	8c9762144c7b2ed6830f29cdec4ad5330d3af98ef28ab8e78d1fccaf214ccdf6	PASS	true	127	1.0	/data/qlyu/projects/pvrig_top200_structure_consistency_v1_20260725/models/nanonet/P1MCPUFP__CPUFP500K_0185__00654_nanonet_backbone_cb.pdb	f0d9b23729951c52daf4368dd7cd7545c2a726b2a3e21d0b0272ad70c1a50b11	0.4859	1.6547	0.8442	2.2642	0.4725	1.9521	0.3607	3.2237	0.5861	2.36	0.7135	4.0176	0.5861	4.0176
165	P1MCPUFP__CPUFP500K_0090__00860	1e11bee85dc7bb8ceba718cb2cd71c922057b5aefea32cc87fc8dd3e2c50148d	PASS	false		PASS	true	127	1.0	/data1/qlyu/projects/pvrig_priority_top7500_dualreceptor_multiseed_handoff_v3_20260722/inputs/candidate_monomers/P1MCPUFP__CPUFP500K_0090__00860.pdb	f244615d942a8a744972f08642355a8e96c31c6eb4975bac236c7002441d8351	PASS	true	127	1.0	/data/qlyu/projects/pvrig_top200_structure_consistency_v1_20260725/models/igfold/P1MCPUFP__CPUFP500K_0090__00860.pdb	35ed0350417c002579f661534ff5d64b18d63ee7215d0b8e7ba240b9db02eadd	PASS	true	127	1.0	/data/qlyu/projects/pvrig_top200_structure_consistency_v1_20260725/models/nanonet/P1MCPUFP__CPUFP500K_0090__00860_nanonet_backbone_cb.pdb	05635a78c0e8426b23bd801dd8dbfe66a1300ce763cbd622955253d4203ef4c1	0.5737	1.912	0.7148	2.2737	0.583	1.9338	0.6117	2.8225	0.7699	2.2623	0.3893	1.9822	0.7699	2.8225
166	P1MCPUFP__CPUFP500K_0086__00077	004f47f664d39b867104507670fd100f0c7fba445d01439b241c0b45f0328cbf	PASS	true	cdr3_cross_tool_disagreement_gt_4A_diagnostic	PASS	true	127	1.0	/data1/qlyu/projects/pvrig_priority_top7500_dualreceptor_multiseed_handoff_v3_20260722/inputs/candidate_monomers/P1MCPUFP__CPUFP500K_0086__00077.pdb	411eda151672665c4f151b626f0a81146146b7999d0855bea4a8510a848764d1	PASS	true	127	1.0	/data/qlyu/projects/pvrig_top200_structure_consistency_v1_20260725/models/igfold/P1MCPUFP__CPUFP500K_0086__00077.pdb	842c5fb26fd61fef43765a7296bb691b76c877d0e86597520d1038c283e5beb9	PASS	true	127	1.0	/data/qlyu/projects/pvrig_top200_structure_consistency_v1_20260725/models/nanonet/P1MCPUFP__CPUFP500K_0086__00077_nanonet_backbone_cb.pdb	b2af2016d193986151d2bf0871c296a9af53baf548e6540b4d617cccfe28b760	0.4834	2.1711	0.8181	2.1007	0.4378	2.7784	0.619	5.8457	0.5574	3.4272	0.7175	6.7056	0.5574	6.7056
167	P1MCPUFP__CPUFP500K_0087__00755	018ab1bfeacea910b4b18471ed3fe58faac0e1a8a7abdcc37b79923acfad4646	PASS	false		PASS	true	127	1.0	/data1/qlyu/projects/pvrig_priority_top7500_dualreceptor_multiseed_handoff_v3_20260722/inputs/candidate_monomers/P1MCPUFP__CPUFP500K_0087__00755.pdb	29edfe22a80b1b17378399456c5cc580fc963e3c3cf0c8b8e5b40d0c78691353	PASS	true	127	1.0	/data/qlyu/projects/pvrig_top200_structure_consistency_v1_20260725/models/igfold/P1MCPUFP__CPUFP500K_0087__00755.pdb	bc648c2e3ef8ef2625b5ef4e967155273d6eebb1088c4bb26def83c20e4314ec	PASS	true	127	1.0	/data/qlyu/projects/pvrig_top200_structure_consistency_v1_20260725/models/nanonet/P1MCPUFP__CPUFP500K_0087__00755_nanonet_backbone_cb.pdb	a4a3903f91b2bbed31dc67d538e9859eb8def45149405019b78d6a9f1b913644	0.4084	2.4132	0.5623	2.3876	0.4829	3.0155	0.4855	1.9664	0.5084	2.5662	0.4237	2.8514	0.5084	2.8514
168	P1MCPUFP__CPUFP500K_0030__00860	88e29f568a187dba44c777901bfd34035add75097b18a1fcd0da2be550e350d8	PASS	false		PASS	true	123	1.0	/data1/qlyu/projects/pvrig_priority_top7500_dualreceptor_multiseed_handoff_v3_20260722/inputs/candidate_monomers/P1MCPUFP__CPUFP500K_0030__00860.pdb	577319d38778f49e9b72d2b99daf6a84be382a86fbee83e274e312a741c4d974	PASS	true	123	1.0	/data/qlyu/projects/pvrig_top200_structure_consistency_v1_20260725/models/igfold/P1MCPUFP__CPUFP500K_0030__00860.pdb	a0d2bbf889a99254e3b1dd811e234737f54b20ddfb0a96a960c76e287692ba6b	PASS	true	123	1.0	/data/qlyu/projects/pvrig_top200_structure_consistency_v1_20260725/models/nanonet/P1MCPUFP__CPUFP500K_0030__00860_nanonet_backbone_cb.pdb	be6c7b5beb9cd10734b6cabe4e064d8dbdcfc8ca9db7a5b8710de7028be718c5	0.4374	1.8097	0.3466	1.7276	0.3304	2.7196	0.4019	2.0234	0.4719	2.5181	0.6205	2.2258	0.4719	2.2258
169	P1MCPUFP__CPUFP500K_0284__00666	91b2f2a070c6a6bcedc83d1b71166f5dd29ee0ac9fad25716164bd3d779f1a7c	PASS	true	cdr3_cross_tool_disagreement_gt_4A_diagnostic	PASS	true	127	1.0	/data1/qlyu/projects/pvrig_priority_top7500_dualreceptor_multiseed_handoff_v3_20260722/inputs/candidate_monomers/P1MCPUFP__CPUFP500K_0284__00666.pdb	441756c5c4a278cc2260cf30eedc358beeaf563c3d4fbd425405294e4a9e8baf	PASS	true	127	1.0	/data/qlyu/projects/pvrig_top200_structure_consistency_v1_20260725/models/igfold/P1MCPUFP__CPUFP500K_0284__00666.pdb	2de0c6fcec92cfa2c22b846ca411ee1db290f03a02f8aa5d1d56e581e65cf369	PASS	true	127	1.0	/data/qlyu/projects/pvrig_top200_structure_consistency_v1_20260725/models/nanonet/P1MCPUFP__CPUFP500K_0284__00666_nanonet_backbone_cb.pdb	71090fc2c31dad6432b14f2fb5c0c072a700c2eddb5e076d3267a1211cfb0f2b	0.5902	2.6863	0.5613	2.365	0.4826	2.4511	0.4839	6.9229	0.8272	3.1411	0.8752	7.4378	0.8272	7.4378
170	P1MCPUFP__CPUFP500K_0288__00637	fd89afe4ae82fe77121e130936101a9294273ac8bcd20a744c80cd8c8a8c56ec	PASS	false		PASS	true	127	1.0	/data1/qlyu/projects/pvrig_priority_top7500_dualreceptor_multiseed_handoff_v3_20260722/inputs/candidate_monomers/P1MCPUFP__CPUFP500K_0288__00637.pdb	5c5ecaa96c2652e17d933c597bb1c38a3bc151c301429879d67e04e0e22c820e	PASS	true	127	1.0	/data/qlyu/projects/pvrig_top200_structure_consistency_v1_20260725/models/igfold/P1MCPUFP__CPUFP500K_0288__00637.pdb	d069ac50e1a04c4d0fa12f45952d28ac534f965bd8f6e1e71a241a14294b45aa	PASS	true	127	1.0	/data/qlyu/projects/pvrig_top200_structure_consistency_v1_20260725/models/nanonet/P1MCPUFP__CPUFP500K_0288__00637_nanonet_backbone_cb.pdb	0cd2e7ffbb2e76afc58432602968da80fea13a311fec90a7d3fe5656f5dd6c01	0.4933	2.2952	0.7439	3.1824	0.5919	2.1785	0.3784	2.3958	0.6829	3.0676	0.7399	2.8461	0.6829	3.1824
171	P1MCPUFP__CPUFP500K_0188__00645	86fcb5c116bda13b5a1f364bcbe870b88bb219941650b45953ac46e3a4c6b7de	PASS	true	cdr3_cross_tool_disagreement_gt_4A_diagnostic	PASS	true	127	1.0	/data1/qlyu/projects/pvrig_priority_top7500_dualreceptor_multiseed_handoff_v3_20260722/inputs/candidate_monomers/P1MCPUFP__CPUFP500K_0188__00645.pdb	ac103ef214d8332e997727d6548503b759303a41256a2ad5f8bf70d9091287df	PASS	true	127	1.0	/data/qlyu/projects/pvrig_top200_structure_consistency_v1_20260725/models/igfold/P1MCPUFP__CPUFP500K_0188__00645.pdb	e1e66f0ea08a31c62dc0b1c2adb9e742307d155f8fab217ca8fdcb5864ec99a8	PASS	true	127	1.0	/data/qlyu/projects/pvrig_top200_structure_consistency_v1_20260725/models/nanonet/P1MCPUFP__CPUFP500K_0188__00645_nanonet_backbone_cb.pdb	b4d80c1985b90affa4ea7c24e918d7684bed213c5687752d34027841366ff615	0.4144	1.869	0.6177	3.105	0.4475	1.9698	0.5696	4.5201	0.5874	2.8916	0.6422	6.3872	0.5874	6.3872
172	P1MCPUFP__CPUFP500K_0287__00280	b059e74e13daa6e095aa675ee23d6e04399ff7cfe7c073c0ce1c18c79216ee4e	PASS	true	cdr3_cross_tool_disagreement_gt_4A_diagnostic	PASS	true	127	1.0	/data1/qlyu/projects/pvrig_priority_top7500_dualreceptor_multiseed_handoff_v3_20260722/inputs/candidate_monomers/P1MCPUFP__CPUFP500K_0287__00280.pdb	f67455d90dbd36976d50069f1050455b68b85a721deeaacc173a947054a06ca0	PASS	true	127	1.0	/data/qlyu/projects/pvrig_top200_structure_consistency_v1_20260725/models/igfold/P1MCPUFP__CPUFP500K_0287__00280.pdb	7b567980100edd947258ec68577797cd07b68db859a976066738f327158d6d20	PASS	true	127	1.0	/data/qlyu/projects/pvrig_top200_structure_consistency_v1_20260725/models/nanonet/P1MCPUFP__CPUFP500K_0287__00280_nanonet_backbone_cb.pdb	ebad5fef1dd549836571c9bdb53d8dd6b0d6ffce6828899d91790a5a4a10bb6f	0.5887	2.1666	0.8101	3.2406	0.4672	2.6522	0.5025	3.8873	0.7357	1.9964	0.522	6.1043	0.7357	6.1043
173	P1MCPUFP__CPUFP500K_0288__00866	276ddb6aedcd260293f41fef2ea6fbf637985914f6ca471da1e79759c1973112	PASS	false		PASS	true	127	1.0	/data1/qlyu/projects/pvrig_priority_top7500_dualreceptor_multiseed_handoff_v3_20260722/inputs/candidate_monomers/P1MCPUFP__CPUFP500K_0288__00866.pdb	06f231413dd04f93d0a436d6e9c3d61ba3891ee7b5468f42976badcdcf214d70	PASS	true	127	1.0	/data/qlyu/projects/pvrig_top200_structure_consistency_v1_20260725/models/igfold/P1MCPUFP__CPUFP500K_0288__00866.pdb	0807f92b780c402eae96b5bced431aabc3fe28e9bc65ba6824ea01cedf541c78	PASS	true	127	1.0	/data/qlyu/projects/pvrig_top200_structure_consistency_v1_20260725/models/nanonet/P1MCPUFP__CPUFP500K_0288__00866_nanonet_backbone_cb.pdb	8122519488022b4e5e2eea22d1fb91f3e32ed3e6b4262fa8e6ec8bf5022f2ab1	0.3967	2.7981	0.6653	3.4685	0.6405	2.3672	0.6498	2.6329	0.6906	3.0049	0.4871	3.7744	0.6906	3.7744
174	P1MCPUFP__CPUFP500K_0288__00691	d9e9a9a6d60c00445f5cf6b221a0451254c6eab1c8f7484dacb703891ea98915	PASS	false		PASS	true	127	1.0	/data1/qlyu/projects/pvrig_priority_top7500_dualreceptor_multiseed_handoff_v3_20260722/inputs/candidate_monomers/P1MCPUFP__CPUFP500K_0288__00691.pdb	dd3f0e5d83f3f6dec9d3aeaabaaa8dd6fcad86103a5266d3ecf5a391ee6da23e	PASS	true	127	1.0	/data/qlyu/projects/pvrig_top200_structure_consistency_v1_20260725/models/igfold/P1MCPUFP__CPUFP500K_0288__00691.pdb	40a6ad432ff74db544717241028ef833b2553627a0f6892fadf4a1b5270442ea	PASS	true	127	1.0	/data/qlyu/projects/pvrig_top200_structure_consistency_v1_20260725/models/nanonet/P1MCPUFP__CPUFP500K_0288__00691_nanonet_backbone_cb.pdb	d04a66643552370700dd68c8b2f22607be4e116e2277140b08ce6d86661c1e25	0.58	2.8143	0.8282	2.6959	0.6257	2.4071	0.6136	2.8198	0.8736	3.0149	0.5803	3.4077	0.8736	3.4077
175	P1MCPUFP__CPUFP500K_0288__00070	0a973e15cd44565b5403eb146ca785539c451add44fbd0891c7d7d488bb009ea	PASS	false		PASS	true	127	1.0	/data1/qlyu/projects/pvrig_priority_top7500_dualreceptor_multiseed_handoff_v3_20260722/inputs/candidate_monomers/P1MCPUFP__CPUFP500K_0288__00070.pdb	71ea9162475011f0faaba1baa4bb34c6ecc606b8086347c96b32c8cd9d80cb35	PASS	true	127	1.0	/data/qlyu/projects/pvrig_top200_structure_consistency_v1_20260725/models/igfold/P1MCPUFP__CPUFP500K_0288__00070.pdb	796b5394a98977fab18538449ff67d81015d09f6733f9f85c247783a143f068a	PASS	true	127	1.0	/data/qlyu/projects/pvrig_top200_structure_consistency_v1_20260725/models/nanonet/P1MCPUFP__CPUFP500K_0288__00070_nanonet_backbone_cb.pdb	296add15ab470b665bd274024c9e8ebdca29df8d40eadd4a9a939f34d67ea832	0.438	1.5514	0.6669	3.5704	0.568	2.9308	0.6382	2.8311	0.6179	3.5259	0.5467	3.9059	0.6179	3.9059
176	P1MCPUFP__CPUFP500K_0188__00819	7ed8f57ea18a5913c31f02eae4c1e1e4559bdf45dca06a436a5002e10cb6335d	PASS	true	cdr3_cross_tool_disagreement_gt_4A_diagnostic	PASS	true	127	1.0	/data1/qlyu/projects/pvrig_priority_top7500_dualreceptor_multiseed_handoff_v3_20260722/inputs/candidate_monomers/P1MCPUFP__CPUFP500K_0188__00819.pdb	816f31fa251a9aee6f03778219ebee05549ab268ebd24b003bb91682dcfb4546	PASS	true	127	1.0	/data/qlyu/projects/pvrig_top200_structure_consistency_v1_20260725/models/igfold/P1MCPUFP__CPUFP500K_0188__00819.pdb	dc23b3ca6aa9d2ba29ed7f4d5660a42977506d9827b021c216f4aa2187dbc9e2	PASS	true	127	1.0	/data/qlyu/projects/pvrig_top200_structure_consistency_v1_20260725/models/nanonet/P1MCPUFP__CPUFP500K_0188__00819_nanonet_backbone_cb.pdb	6d224a2b9d52f8371e4b9cafb87313e9bf2c655c5f4b7b11cb54de732871993f	0.4251	1.7748	0.7801	3.0226	0.4916	1.8598	0.557	2.8929	0.6607	2.1278	0.7404	4.9922	0.6607	4.9922
177	P1MCPUFP__CPUFP500K_0228__00225	a13b08282690c4c09be1ba774a1fbd31a821035c6e8df7a620256fb9fe5665cc	PASS	false		PASS	true	123	1.0	/data1/qlyu/projects/pvrig_priority_top7500_dualreceptor_multiseed_handoff_v3_20260722/inputs/candidate_monomers/P1MCPUFP__CPUFP500K_0228__00225.pdb	10b2403e0b560555030693a41b2cbd32d9eefb1d6a77e06eba94ac73d246db2d	PASS	true	123	1.0	/data/qlyu/projects/pvrig_top200_structure_consistency_v1_20260725/models/igfold/P1MCPUFP__CPUFP500K_0228__00225.pdb	838e0efad9b0e4f0bdeb0481ecc733927733572a3edc7da51137c9b99116a00d	PASS	true	123	1.0	/data/qlyu/projects/pvrig_top200_structure_consistency_v1_20260725/models/nanonet/P1MCPUFP__CPUFP500K_0228__00225_nanonet_backbone_cb.pdb	80dbb9717aafaaa9345dece1b9d05126498e9fe984804ddffe5d1f34120b2633	0.4115	3.2684	0.3233	1.3131	0.3514	2.6798	0.4154	1.6969	0.4759	2.0466	0.622	1.5971	0.4759	1.6969
178	P1MCPUFP__CPUFP500K_0428__00820	8a03ca25517e0617e6203f7a040764dee67705bb6c6104ddde617c566e042f21	PASS	false		PASS	true	123	1.0	/data1/qlyu/projects/pvrig_priority_top7500_dualreceptor_multiseed_handoff_v3_20260722/inputs/candidate_monomers/P1MCPUFP__CPUFP500K_0428__00820.pdb	1d26ddf908bc713fe8e17df8b17b1186f84d15d14bdf0ba516259013fa74dbed	PASS	true	123	1.0	/data/qlyu/projects/pvrig_top200_structure_consistency_v1_20260725/models/igfold/P1MCPUFP__CPUFP500K_0428__00820.pdb	be3b85963153b34722a70ab036d10657742357d78d88e7a4ec9dfee2d16f4c18	PASS	true	123	1.0	/data/qlyu/projects/pvrig_top200_structure_consistency_v1_20260725/models/nanonet/P1MCPUFP__CPUFP500K_0428__00820_nanonet_backbone_cb.pdb	4cbbc9a31bdeab4121e067566790fc3b11706098bd4c9e88d01f7eac9c4a2558	0.4208	2.4685	0.4431	1.5238	0.392	3.0756	0.4283	2.139	0.6199	3.047	0.5365	1.7149	0.6199	2.139
179	P1MCPUFP__CPUFP500K_0228__00443	1afea42cf79815773cc1d5089bffe29d3151a35f9e5de59293b9f205ad2659cb	PASS	false		PASS	true	123	1.0	/data1/qlyu/projects/pvrig_top7500_c2_gap_recovery_v1_20260723/c2_new4220_dualreceptor_seed42_3047_handoff_v1/inputs/candidate_monomers/P1MCPUFP__CPUFP500K_0228__00443.pdb	25ddfb9eb5c6c8ce6f81a99c81bab8acdbf967923c6ccd9aa60220abb92c214c	PASS	true	123	1.0	/data/qlyu/projects/pvrig_top200_structure_consistency_v1_20260725/models/igfold/P1MCPUFP__CPUFP500K_0228__00443.pdb	51d0fdd599a2ab579c318672f012f63446e212d3a2ea591dc5ab9e6d25db51c3	PASS	true	123	1.0	/data/qlyu/projects/pvrig_top200_structure_consistency_v1_20260725/models/nanonet/P1MCPUFP__CPUFP500K_0228__00443_nanonet_backbone_cb.pdb	1db33e22d6999ab75b5a07fe6875314d8e356331a16e6369dd6fa9b4eeef91ee	0.41	1.7052	0.4842	1.373	0.3106	2.6431	0.3916	1.8934	0.4691	2.065	0.4692	1.5626	0.4691	1.8934
180	P1MCPUFP__CPUFP500K_0228__00645	32a44d240ad60ffef2d933207858b376eec3383973cf5f9d81a801fce3b6ebbc	PASS	false		PASS	true	123	1.0	/data1/qlyu/projects/pvrig_priority_top7500_dualreceptor_multiseed_handoff_v3_20260722/inputs/candidate_monomers/P1MCPUFP__CPUFP500K_0228__00645.pdb	98aa96c65d25255b7885aefa48df9059324d97c2199920d46cd6e1a4af43a662	PASS	true	123	1.0	/data/qlyu/projects/pvrig_top200_structure_consistency_v1_20260725/models/igfold/P1MCPUFP__CPUFP500K_0228__00645.pdb	c63b5a5abd884b5ddd2f5078a3031308ad137148c5add6d2378c5c37df50815f	PASS	true	123	1.0	/data/qlyu/projects/pvrig_top200_structure_consistency_v1_20260725/models/nanonet/P1MCPUFP__CPUFP500K_0228__00645_nanonet_backbone_cb.pdb	28e12b6fd215c8b10b2774c697822934126b2d1164377058354b08c92bcca5b8	0.4286	2.4214	0.3587	2.7819	0.2839	2.5376	0.417	2.5227	0.4517	2.0172	0.5168	1.3991	0.4517	2.7819
181	P1MCPUFP__CPUFP500K_0032__00343	4275a2f3d1e350f2563fc6dae55eabcd14e8dc5aa9059ad08ee88f74e0dae9c6	PASS	false		PASS	true	123	1.0	/data1/qlyu/projects/pvrig_priority_top7500_dualreceptor_multiseed_handoff_v3_20260722/inputs/candidate_monomers/P1MCPUFP__CPUFP500K_0032__00343.pdb	2c7fbfa016a2272804daaa87e20fa8f9320644210c8fd9324278c7085a60e7e6	PASS	true	123	1.0	/data/qlyu/projects/pvrig_top200_structure_consistency_v1_20260725/models/igfold/P1MCPUFP__CPUFP500K_0032__00343.pdb	69738d46120734bc14f4a7a8639ae9ce18039a1d855084b9b9d098543f75f526	PASS	true	123	1.0	/data/qlyu/projects/pvrig_top200_structure_consistency_v1_20260725/models/nanonet/P1MCPUFP__CPUFP500K_0032__00343_nanonet_backbone_cb.pdb	59eaaaf586c7d43af2184abadd50458437e34bfbf8c3ff05729bf84d88cf0501	0.4443	2.256	0.6111	2.3542	0.3469	2.8279	0.3934	2.3681	0.5631	3.2246	0.6368	2.2717	0.5631	2.3681
182	P1MCPUFP__CPUFP500K_0030__00704	4851ff076425aa874ae60dd85e386bb5afb944e1805cacb019b1e78cf6a651a8	PASS	false		PASS	true	123	1.0	/data1/qlyu/projects/pvrig_priority_top7500_dualreceptor_multiseed_handoff_v3_20260722/inputs/candidate_monomers/P1MCPUFP__CPUFP500K_0030__00704.pdb	0f794f61138aaf42382418eeeee3670b9236b9098db890bcb72ad41e3af18d4a	PASS	true	123	1.0	/data/qlyu/projects/pvrig_top200_structure_consistency_v1_20260725/models/igfold/P1MCPUFP__CPUFP500K_0030__00704.pdb	1cae07dc02737b3e30920980cea429d751e300bfbcf92c1e23e0e1d34ef15099	PASS	true	123	1.0	/data/qlyu/projects/pvrig_top200_structure_consistency_v1_20260725/models/nanonet/P1MCPUFP__CPUFP500K_0030__00704_nanonet_backbone_cb.pdb	612d6b6c2cd2350dde59b05a5c9eec13f49085e584dd800fec52526e4bb0bc9a	0.2764	2.3223	0.4816	1.8763	0.2895	2.7329	0.309	2.1104	0.3705	2.6901	0.5375	3.0328	0.3705	3.0328
183	P1MCPUFP__CPUFP500K_0428__00564	26dbc604c9261727e6eb5f749dae66dfa78d3ebce4b117fc1a796ef348a3ac2e	PASS	false		PASS	true	123	1.0	/data1/qlyu/projects/pvrig_priority_top7500_dualreceptor_multiseed_handoff_v3_20260722/inputs/candidate_monomers/P1MCPUFP__CPUFP500K_0428__00564.pdb	879f518ba0dc2ad540f82876c36e35460bb9819bbf024f7a718e2e0307c66227	PASS	true	123	1.0	/data/qlyu/projects/pvrig_top200_structure_consistency_v1_20260725/models/igfold/P1MCPUFP__CPUFP500K_0428__00564.pdb	39d99b62c9b4e356ff23eb7a314f270b6f7441ed5720a3a6afc5220dca056bcc	PASS	true	123	1.0	/data/qlyu/projects/pvrig_top200_structure_consistency_v1_20260725/models/nanonet/P1MCPUFP__CPUFP500K_0428__00564_nanonet_backbone_cb.pdb	e94fa0fee8157fc206e24c580cce378553dfe4cb56840b068485230c08bbb9eb	0.6097	2.9031	0.9775	2.3167	0.3236	3.0009	0.3337	1.8453	0.683	3.2682	0.95	2.9242	0.683	2.9242
184	P1MCPUFP__CPUFP500K_0128__00800	33591962d323acf2d9277b0e058695d1cc2194759f276b50c21b8142df8458c6	PASS	true	cdr3_cross_tool_disagreement_gt_4A_diagnostic	PASS	true	123	1.0	/data1/qlyu/projects/pvrig_priority_top7500_dualreceptor_multiseed_handoff_v3_20260722/inputs/candidate_monomers/P1MCPUFP__CPUFP500K_0128__00800.pdb	e4ee25f68480ac5fc4af72eb83b3a07b6f6bf5667fde22e2085d10ed864f8416	PASS	true	123	1.0	/data/qlyu/projects/pvrig_top200_structure_consistency_v1_20260725/models/igfold/P1MCPUFP__CPUFP500K_0128__00800.pdb	8c0f59f146fe06f2fd629e3537be8b3b97428e1ecd0fc5e3a1c33053b5c37517	PASS	true	123	1.0	/data/qlyu/projects/pvrig_top200_structure_consistency_v1_20260725/models/nanonet/P1MCPUFP__CPUFP500K_0128__00800_nanonet_backbone_cb.pdb	e0871d4588f440b1e2329e7f5f843d8f50c90e92c60bb3900d523470dc70a9d1	0.391	1.139	0.4816	4.5463	0.3781	1.8385	0.3451	4.2804	0.4999	1.6646	0.4851	2.4627	0.4999	4.5463
185	P1MCPUFP__CPUFP500K_0031__00686	45b5d921aefad81faa249352d9d56e487fa926c0b1e04284cd37e99d72a4e4c3	PASS	false		PASS	true	123	1.0	/data1/qlyu/projects/pvrig_priority_top7500_dualreceptor_multiseed_handoff_v3_20260722/inputs/candidate_monomers/P1MCPUFP__CPUFP500K_0031__00686.pdb	4b012dc05a58d90e6e49dce7c3ef5fb0d22b604cd409dc92614c826fc07f5366	PASS	true	123	1.0	/data/qlyu/projects/pvrig_top200_structure_consistency_v1_20260725/models/igfold/P1MCPUFP__CPUFP500K_0031__00686.pdb	20c23920c8c027f4be1265f8ef2ed08791d5cdb2a699e15f5cfe8728f31f34f1	PASS	true	123	1.0	/data/qlyu/projects/pvrig_top200_structure_consistency_v1_20260725/models/nanonet/P1MCPUFP__CPUFP500K_0031__00686_nanonet_backbone_cb.pdb	1d928841a710a011f89e39c2914c0107295cb50be772ac022c9041d611fbbe27	0.5614	2.6653	0.5036	2.0801	0.3144	2.3593	0.3944	2.0492	0.5338	2.1907	0.5468	2.8401	0.5614	2.8401
186	P1MCPUFP__CPUFP500K_0128__00577	ce265feb06938cbda016f90ceb3bcc4f34b15dcf8df367c600973e343b08e0f3	PASS	false		PASS	true	123	1.0	/data1/qlyu/projects/pvrig_priority_top7500_dualreceptor_multiseed_handoff_v3_20260722/inputs/candidate_monomers/P1MCPUFP__CPUFP500K_0128__00577.pdb	94ff4d58f42fe8af8103013626f8edd7df21d31aba23256bffc270bf6e08359c	PASS	true	123	1.0	/data/qlyu/projects/pvrig_top200_structure_consistency_v1_20260725/models/igfold/P1MCPUFP__CPUFP500K_0128__00577.pdb	1b3f4154f177120e52155f5b5217cab9411daab07348145e00c4fd3c0430d479	PASS	true	123	1.0	/data/qlyu/projects/pvrig_top200_structure_consistency_v1_20260725/models/nanonet/P1MCPUFP__CPUFP500K_0128__00577_nanonet_backbone_cb.pdb	e5e220c74aff4028785f61f16d01bb79eefdd16b68f5203a868970314371386c	0.3488	1.7134	0.3262	1.5594	0.3479	1.8169	0.5388	2.1922	0.4684	1.8592	0.4949	1.729	0.4684	2.1922
187	P1MCPUFP__CPUFP500K_0228__00933	dc4a278418fc740e2ae6b8b1ca7783ed9cb87fae47e115b19317cbdcf305e343	PASS	true	cdr3_cross_tool_disagreement_gt_4A_diagnostic	PASS	true	123	1.0	/data1/qlyu/projects/pvrig_priority_top7500_dualreceptor_multiseed_handoff_v3_20260722/inputs/candidate_monomers/P1MCPUFP__CPUFP500K_0228__00933.pdb	98076f852c68e055150ffa6cc5405d5950310e2f6783204c2d94b3a9a172ebd4	PASS	true	123	1.0	/data/qlyu/projects/pvrig_top200_structure_consistency_v1_20260725/models/igfold/P1MCPUFP__CPUFP500K_0228__00933.pdb	bf983005bf8ee96d0089f265b13a8d3f4ebdc10f8844d5e4b9e91f0ad345c301	PASS	true	123	1.0	/data/qlyu/projects/pvrig_top200_structure_consistency_v1_20260725/models/nanonet/P1MCPUFP__CPUFP500K_0228__00933_nanonet_backbone_cb.pdb	ed4ecc45dc29eb547782f86876114ec94a64d9131a822342c08e215ebf9c582e	0.4324	2.184	0.3581	4.6215	0.3029	2.6385	0.3001	3.3142	0.4904	2.2602	0.4847	2.3171	0.4904	4.6215
188	P1MCPUFP__CPUFP500K_0234__00397	46ef2aa88d59da2d82fc060c92959b42a2e8144ed47eae60c0371c64039ed8be	PASS	false		PASS	true	123	1.0	/data1/qlyu/projects/pvrig_priority_top7500_dualreceptor_multiseed_handoff_v3_20260722/inputs/candidate_monomers/P1MCPUFP__CPUFP500K_0234__00397.pdb	75c2942998a3fa295f91b64be80d925dcd3e4141797282c5a3a7e6645791a2bc	PASS	true	123	1.0	/data/qlyu/projects/pvrig_top200_structure_consistency_v1_20260725/models/igfold/P1MCPUFP__CPUFP500K_0234__00397.pdb	24faa4404432e8ba825b94e11e29d614e8f6c86f8c50516b466156609543f40c	PASS	true	123	1.0	/data/qlyu/projects/pvrig_top200_structure_consistency_v1_20260725/models/nanonet/P1MCPUFP__CPUFP500K_0234__00397_nanonet_backbone_cb.pdb	96724536f4d1beccb14a72e7caba090d4676ef4be5318b8e66aa9a5d479b7967	0.3397	1.6319	0.7272	2.7303	0.364	2.4216	0.4014	2.8663	0.3865	1.758	0.843	1.5694	0.3865	2.8663
189	P1MCPUFP__CPUFP500K_0232__00010	82bbd49231a2bfa8a2469cfae7e25c796c588f628a54bf1af893b5971abd229b	PASS	false		PASS	true	123	1.0	/data1/qlyu/projects/pvrig_priority_top7500_dualreceptor_multiseed_handoff_v3_20260722/inputs/candidate_monomers/P1MCPUFP__CPUFP500K_0232__00010.pdb	9570514377a7c080bc13bdb0d2eedca2f65238d5255d83c64ab917eb8339d13b	PASS	true	123	1.0	/data/qlyu/projects/pvrig_top200_structure_consistency_v1_20260725/models/igfold/P1MCPUFP__CPUFP500K_0232__00010.pdb	dade364b3fe23266d0ba7fee78a706d145dd42dc8e46d55bf8502e8196b49b48	PASS	true	123	1.0	/data/qlyu/projects/pvrig_top200_structure_consistency_v1_20260725/models/nanonet/P1MCPUFP__CPUFP500K_0232__00010_nanonet_backbone_cb.pdb	130257c9253912d825b983318d4f9b6cb1b36609669011674369be6cc35cb9ae	0.3293	2.3519	0.4687	2.2621	0.3385	1.8699	0.469	2.8604	0.3621	2.6062	0.5649	2.1475	0.3621	2.8604
190	P1MCPUFP__CPUFP500K_0228__00449	a07334eaee2ded17a34db3537f1e891d72c1909d19975693d8d493f6bbedc4fb	PASS	false		PASS	true	123	1.0	/data1/qlyu/projects/pvrig_priority_top7500_dualreceptor_multiseed_handoff_v3_20260722/inputs/candidate_monomers/P1MCPUFP__CPUFP500K_0228__00449.pdb	b9967bd1651eb1e8e66254d93144002ad99b4b8af5e12662f7d2a43ea9ceae49	PASS	true	123	1.0	/data/qlyu/projects/pvrig_top200_structure_consistency_v1_20260725/models/igfold/P1MCPUFP__CPUFP500K_0228__00449.pdb	ae5fa5e58c1f52e3e3db5a4d2795c226c329147b97fa14011804164569c9a7ff	PASS	true	123	1.0	/data/qlyu/projects/pvrig_top200_structure_consistency_v1_20260725/models/nanonet/P1MCPUFP__CPUFP500K_0228__00449_nanonet_backbone_cb.pdb	cd6577d8e8ff1d75c40f39855340f5c2ef38aee1b6655feaa0aee3befed700b8	0.4344	2.009	0.4438	1.7955	0.2991	2.9263	0.3579	1.624	0.5024	2.1501	0.5099	1.5823	0.5024	1.7955
191	P1MCPUFP__CPUFP500K_0424__00658	a0be8dfc4b3294482aac2e1174dd8f7e3a828e07050dbea9cf890fa6419b8382	PASS	false		PASS	true	123	1.0	/data1/qlyu/projects/pvrig_priority_top7500_dualreceptor_multiseed_handoff_v3_20260722/inputs/candidate_monomers/P1MCPUFP__CPUFP500K_0424__00658.pdb	d16dd3a9df322f498fbfcf3b1d85f1a6f09949cbbfa63263edfe81c000f7a0d1	PASS	true	123	1.0	/data/qlyu/projects/pvrig_top200_structure_consistency_v1_20260725/models/igfold/P1MCPUFP__CPUFP500K_0424__00658.pdb	34e1870c1906b2a1e9ad44d2c95d8d9a72678555c1541481363f49e3d12cd4c1	PASS	true	123	1.0	/data/qlyu/projects/pvrig_top200_structure_consistency_v1_20260725/models/nanonet/P1MCPUFP__CPUFP500K_0424__00658_nanonet_backbone_cb.pdb	5200f03b762d6a4d1615051bf8383c2df0a76f047e08736bd92aef83593fd4f0	0.3721	2.3974	0.588	1.4811	0.3283	2.1515	1.1152	2.8565	0.492	2.3882	1.3332	2.8833	0.492	2.8833
192	P1MCPUFP__CPUFP500K_0428__00717	f4a4060731a7bfd52add5088de40659127b9a2931996907aa9aa5baedeb0179f	PASS	false		PASS	true	123	1.0	/data1/qlyu/projects/pvrig_priority_top7500_dualreceptor_multiseed_handoff_v3_20260722/inputs/candidate_monomers/P1MCPUFP__CPUFP500K_0428__00717.pdb	4a696059546b25c8b3e3cc0cde28b8ab902ee6b53f7aba658112201883dbe606	PASS	true	123	1.0	/data/qlyu/projects/pvrig_top200_structure_consistency_v1_20260725/models/igfold/P1MCPUFP__CPUFP500K_0428__00717.pdb	889f199f131075d48e6530ab39da2818d7c88b3f5ff84dadd6fe5158e9943463	PASS	true	123	1.0	/data/qlyu/projects/pvrig_top200_structure_consistency_v1_20260725/models/nanonet/P1MCPUFP__CPUFP500K_0428__00717_nanonet_backbone_cb.pdb	53c559cd459d5c638ab37ab333b79750349a38f5f434d72164c35f2818b0ead7	0.3242	1.3839	0.7418	1.2964	0.3683	2.915	0.4962	1.8752	0.4153	2.6726	0.8561	1.8945	0.4153	1.8945
193	P1MCPUFP__CPUFP500K_0128__00428	9a6e86a5f1426979cb5f11195c1c814f697fd00d865f0ab0fe66329ee717faac	PASS	false		PASS	true	123	1.0	/data1/qlyu/projects/pvrig_priority_top7500_dualreceptor_multiseed_handoff_v3_20260722/inputs/candidate_monomers/P1MCPUFP__CPUFP500K_0128__00428.pdb	f2578f04ac7ccfaafbb3099d67d76e644f36db8dfa3a5db2190011864794a6c7	PASS	true	123	1.0	/data/qlyu/projects/pvrig_top200_structure_consistency_v1_20260725/models/igfold/P1MCPUFP__CPUFP500K_0128__00428.pdb	81bbec84a54e6a22722cd6cd5a7bd8b76512fd00e266935426fc7b402085164e	PASS	true	123	1.0	/data/qlyu/projects/pvrig_top200_structure_consistency_v1_20260725/models/nanonet/P1MCPUFP__CPUFP500K_0128__00428_nanonet_backbone_cb.pdb	fbec74caf2848e2a29f24abf4ed7ea61fe1059682c460fcb451a366daa328bcd	0.6156	1.5949	0.7654	1.4219	0.3429	2.0136	0.322	2.0569	0.6363	2.5904	0.6659	1.638	0.6363	2.0569
194	P1MCPUFP__CPUFP500K_0032__00089	e7d3d46c4ea7196aa55a51122dcc0d58548faff24c21cb29604af2ad61934fb0	PASS	false		PASS	true	123	1.0	/data1/qlyu/projects/pvrig_priority_top7500_dualreceptor_multiseed_handoff_v3_20260722/inputs/candidate_monomers/P1MCPUFP__CPUFP500K_0032__00089.pdb	34eb4895a67bb106c65196450c24c83a59072fcbc640ae223554e59601cdc891	PASS	true	123	1.0	/data/qlyu/projects/pvrig_top200_structure_consistency_v1_20260725/models/igfold/P1MCPUFP__CPUFP500K_0032__00089.pdb	918c7cd0bf6f930e2ae41d3511ecc4fe1ea285501e398cd8b59c3b9cebb754af	PASS	true	123	1.0	/data/qlyu/projects/pvrig_top200_structure_consistency_v1_20260725/models/nanonet/P1MCPUFP__CPUFP500K_0032__00089_nanonet_backbone_cb.pdb	f741ca00639f57537cd6d9266c18b7e61fd67c7c3fc9369532a5590a910b96ff	0.4944	2.6219	0.4545	1.2472	0.3147	3.0312	1.2592	1.7083	0.4867	4.0895	1.3665	1.883	0.4944	1.883
195	P1MCPUFP__CPUFP500K_0424__00412	33de4399c09ea7a1061e54f38e658ecc76134e4987502d000bb618687e3a7164	PASS	false		PASS	true	123	1.0	/data1/qlyu/projects/pvrig_priority_top7500_dualreceptor_multiseed_handoff_v3_20260722/inputs/candidate_monomers/P1MCPUFP__CPUFP500K_0424__00412.pdb	101d2ce22bcbdc826ef0f35bd1bc332ef9da6aacdebcb8d38f79ff7447763e32	PASS	true	123	1.0	/data/qlyu/projects/pvrig_top200_structure_consistency_v1_20260725/models/igfold/P1MCPUFP__CPUFP500K_0424__00412.pdb	20de0a8056c3e2b01bf3d96686c061cb6895f2ace93333792dea07825dbc8d32	PASS	true	123	1.0	/data/qlyu/projects/pvrig_top200_structure_consistency_v1_20260725/models/nanonet/P1MCPUFP__CPUFP500K_0424__00412_nanonet_backbone_cb.pdb	ee57d17db2031dae73277491b724cca299f4ae815e9be2441060c28157f29bf2	0.438	1.3002	0.5002	1.5779	0.3819	2.5349	0.7038	1.7362	0.427	2.4299	0.9639	2.5672	0.438	2.5672
196	P1MCPUFP__CPUFP500K_0134__00880	e13572b3c12803f14345512fac03367fa5f0bb43f438a0e01799255f048b2611	PASS	false		PASS	true	123	1.0	/data1/qlyu/projects/pvrig_top7500_c2_gap_recovery_v1_20260723/c2_new4220_dualreceptor_seed42_3047_handoff_v1/inputs/candidate_monomers/P1MCPUFP__CPUFP500K_0134__00880.pdb	cc8dd421140bfd733b54b1cf1777a1b04e6e7e6e649bda9d674f7cfa631ca917	PASS	true	123	1.0	/data/qlyu/projects/pvrig_top200_structure_consistency_v1_20260725/models/igfold/P1MCPUFP__CPUFP500K_0134__00880.pdb	ae75adf14d609dc3e65eb697187e93e300feebbe55cee140ce807a84e5a14294	PASS	true	123	1.0	/data/qlyu/projects/pvrig_top200_structure_consistency_v1_20260725/models/nanonet/P1MCPUFP__CPUFP500K_0134__00880_nanonet_backbone_cb.pdb	fc0f14e5438a178e47b9b68b05be79d7109519cb9d553a64a0b7d74d8bb514b1	0.816	2.5369	0.4867	1.6332	0.3937	2.0093	0.4314	1.8104	0.7047	2.6127	0.4932	2.1353	0.816	2.1353
197	P1MCPUFP__CPUFP500K_0032__00270	215d2c65ccb5fffb6643c66c34ce148a3cb807d5102b9d089745e3babdf3b671	PASS	false		PASS	true	123	1.0	/data1/qlyu/projects/pvrig_priority_top7500_dualreceptor_multiseed_handoff_v3_20260722/inputs/candidate_monomers/P1MCPUFP__CPUFP500K_0032__00270.pdb	5c0429f7f1349aef5ae3998c262d9a8592f3f0d3caf5647797334890b6b0627a	PASS	true	123	1.0	/data/qlyu/projects/pvrig_top200_structure_consistency_v1_20260725/models/igfold/P1MCPUFP__CPUFP500K_0032__00270.pdb	35740ba7e819f2a03525e0a302f0a6d4b6e21247e883d65871322de85c3cb4b3	PASS	true	123	1.0	/data/qlyu/projects/pvrig_top200_structure_consistency_v1_20260725/models/nanonet/P1MCPUFP__CPUFP500K_0032__00270_nanonet_backbone_cb.pdb	9c3af0349eb546719f956e3f351eb46a9bb5fd7a02f000bd6342cecb51c5abb4	0.51	2.0697	0.6211	1.7815	0.3344	2.5446	0.3267	1.736	0.4956	2.0427	0.6242	2.0065	0.51	2.0065
198	P1MCPUFP__CPUFP500K_0228__00160	d6541dc5058101489cfbf5042a3689266dbc4a9dd2bd02d3e2243b147f64fad2	PASS	false		PASS	true	123	1.0	/data1/qlyu/projects/pvrig_priority_top7500_dualreceptor_multiseed_handoff_v3_20260722/inputs/candidate_monomers/P1MCPUFP__CPUFP500K_0228__00160.pdb	ae20e8065c0442f887f0ebd6da451b772cc98b9f40e0744aaa87f31b75628e14	PASS	true	123	1.0	/data/qlyu/projects/pvrig_top200_structure_consistency_v1_20260725/models/igfold/P1MCPUFP__CPUFP500K_0228__00160.pdb	6ec833ec991d9bd275688eb36b4abb236ca28475d0da5c0328b9480debb71d2e	PASS	true	123	1.0	/data/qlyu/projects/pvrig_top200_structure_consistency_v1_20260725/models/nanonet/P1MCPUFP__CPUFP500K_0228__00160_nanonet_backbone_cb.pdb	54fee3e27781d2c285bb3a01d1587e455d381106e9ae13d91589cae45db6dbae	0.4502	1.3175	0.3577	1.3001	0.2976	2.4168	0.4194	2.327	0.4801	2.7768	0.5621	2.6007	0.4801	2.6007
199	P1MCPUFP__CPUFP500K_0128__00322	19a805b86c2783059a531406965afa1cf07816bb98c2c2479371552df972fdae	PASS	false		PASS	true	123	1.0	/data1/qlyu/projects/pvrig_priority_top7500_dualreceptor_multiseed_handoff_v3_20260722/inputs/candidate_monomers/P1MCPUFP__CPUFP500K_0128__00322.pdb	b1a51a3f421206e88498604ec4295d491f1655cc96140575b669c0422e1f9e37	PASS	true	123	1.0	/data/qlyu/projects/pvrig_top200_structure_consistency_v1_20260725/models/igfold/P1MCPUFP__CPUFP500K_0128__00322.pdb	ef83dc3e28c723eab8f47a972059236c31288fd007bf5814d8f7b0c54e811aa8	PASS	true	123	1.0	/data/qlyu/projects/pvrig_top200_structure_consistency_v1_20260725/models/nanonet/P1MCPUFP__CPUFP500K_0128__00322_nanonet_backbone_cb.pdb	5958006c80135ddfbdab7eb7ae984e478cd22eaffdec4a478e2786729c3c1887	0.9078	1.7272	0.4593	1.9364	0.3884	1.72	0.3484	2.0164	1.001	2.3928	0.6413	2.1654	1.001	2.1654
200	P1MCPUFP__CPUFP500K_0032__00163	6737da62ac9d151d066754cbc22ba9a63fda11ecd07ece07187e14313a335888	PASS	false		PASS	true	123	1.0	/data1/qlyu/projects/pvrig_priority_top7500_dualreceptor_multiseed_handoff_v3_20260722/inputs/candidate_monomers/P1MCPUFP__CPUFP500K_0032__00163.pdb	58becc43f9de8ec0586c1c8e9b1cec9daf720fccb59a487551be28195d61eb2a	PASS	true	123	1.0	/data/qlyu/projects/pvrig_top200_structure_consistency_v1_20260725/models/igfold/P1MCPUFP__CPUFP500K_0032__00163.pdb	27000c245b101d6c77e84c5dff76179d8d4facedbe9c4f2dab172584899f3495	PASS	true	123	1.0	/data/qlyu/projects/pvrig_top200_structure_consistency_v1_20260725/models/nanonet/P1MCPUFP__CPUFP500K_0032__00163_nanonet_backbone_cb.pdb	baf7d871f3a283e56b0cc927f36a5f7f162752a4cd86ec11dcf49db84464cc3c	0.4205	2.7924	0.361	1.9476	0.4086	2.6079	0.2999	2.3425	0.4891	3.6227	0.4295	2.0237	0.4891	2.3425
