model,baseline,haddock_rank,haddock_score,hotspot_overlap_count,align_rmsd_A,total_vhh_pvrl2_atom_occlusion,total_vhh_pvrl2_residue_pair_occlusion,total_vhh_pvrl2_atom_clash,total_vhh_pvrl2_residue_pair_clash,cdr3_atom_occlusion,cdr3_atom_occlusion_fraction,cdr3_residue_pair_occlusion,cdr3_residue_pair_occlusion_fraction,cdr3_atom_clash,cdr3_residue_pair_clash,cdr3_vhh_residue_count,cdr3_pvrl2_residue_count,cdr12_atom_occlusion,cdr12_residue_pair_occlusion,framework_atom_occlusion,framework_residue_pair_occlusion,framework_residue_pair_occlusion_fraction
cluster_1_model_1,9e6y,1,,12,0.723,8248,668,1486,249,1353,0.16403976721629485,91,0.13622754491017963,269,36,12,30,1315,109,5580,468,0.7005988023952096
cluster_2_model_1,9e6y,2,,11,0.481,8525,661,1547,257,1401,0.16434017595307918,100,0.15128593040847202,276,40,12,35,1788,136,5336,425,0.642965204236006
cluster_3_model_1,9e6y,3,,12,0.654,9509,816,1680,284,1875,0.19718161741508045,132,0.16176470588235295,355,47,12,47,1214,111,6420,573,0.7022058823529411
cluster_3_model_2,9e6y,4,,10,0.552,9003,759,1610,282,1868,0.20748639342441408,137,0.18050065876152832,357,52,12,51,1020,81,6115,541,0.7127799736495388
cluster_3_model_3,9e6y,5,,11,0.558,10151,877,1724,297,1954,0.19249335040882673,140,0.15963511972633979,335,51,12,46,1378,118,6819,619,0.7058152793614595
cluster_3_model_4,9e6y,7,,11,0.645,9353,786,1662,286,1950,0.2084892547845611,135,0.1717557251908397,362,54,12,47,1231,96,6172,555,0.7061068702290076
cluster_4_model_1,9e6y,6,,11,0.628,9494,775,1726,297,1595,0.16800084263745524,112,0.14451612903225808,289,49,12,38,1813,140,6086,523,0.6748387096774193
