model,baseline,haddock_rank,haddock_score,hotspot_overlap_count,align_rmsd_A,total_vhh_pvrl2_atom_occlusion,total_vhh_pvrl2_residue_pair_occlusion,total_vhh_pvrl2_atom_clash,total_vhh_pvrl2_residue_pair_clash,cdr3_atom_occlusion,cdr3_atom_occlusion_fraction,cdr3_residue_pair_occlusion,cdr3_residue_pair_occlusion_fraction,cdr3_atom_clash,cdr3_residue_pair_clash,cdr3_vhh_residue_count,cdr3_pvrl2_residue_count,cdr12_atom_occlusion,cdr12_residue_pair_occlusion,framework_atom_occlusion,framework_residue_pair_occlusion,framework_residue_pair_occlusion_fraction
cluster_1_model_1,8x6b,1,,16,0.515,7914,676,1433,240,1727,0.21822087439979782,141,0.20857988165680474,345,52,13,43,1010,69,5177,466,0.6893491124260355
cluster_1_model_2,8x6b,2,,17,0.585,8102,689,1463,240,1732,0.21377437669711183,133,0.193033381712627,329,51,13,41,873,59,5497,497,0.7213352685050798
cluster_1_model_3,8x6b,3,,14,0.530,7902,674,1411,239,1773,0.224373576309795,141,0.20919881305637983,338,52,13,46,1016,70,5113,463,0.6869436201780416
cluster_1_model_4,8x6b,5,,13,0.454,7668,660,1390,242,1767,0.23043818466353677,135,0.20454545454545456,328,59,13,44,788,59,5113,466,0.706060606060606
cluster_2_model_1,8x6b,4,,16,0.565,6435,547,1173,188,854,0.1327117327117327,66,0.1206581352833638,194,25,11,22,1360,119,4221,362,0.6617915904936015
cluster_3_model_1,8x6b,6,,18,0.544,9591,800,1744,305,1858,0.1937232822437702,141,0.17625,348,57,13,48,1642,123,6091,536,0.67
cluster_4_model_1,8x6b,7,,15,0.531,8802,745,1523,264,1763,0.20029538741195183,124,0.16644295302013423,292,52,13,38,1751,134,5288,487,0.6536912751677852
