{
  "deepnano_binding_prior": {
    "max": 0.57931644,
    "mean": 0.14788920385886453,
    "median": 0.13702585,
    "min": 0.01059648,
    "q05": 0.0555207922,
    "q95": 0.2760309379999999
  },
  "nanobind_binary_counts": {
    "0": 139768,
    "1": 254527
  },
  "nanobind_binding_prior": {
    "max": 0.9540228247642517,
    "mean": 0.40753041241564325,
    "median": 0.3974790573120117,
    "min": 0.001936601591296494,
    "q05": 0.08207935020327568,
    "q95": 0.7639930427074433
  },
  "output": "/publicfs04/fs04-al/home/als001821/pvrig_bxcpu_model_runtime_v1_20260721/results/aggregated_11939369/binding_priors_all.tsv.gz",
  "output_sha256": "23aa1ff52742a3636531a3d26a28173dd9bdcb021c7269f90865f46a0ebb254f",
  "records": 394295,
  "scientific_boundary": "weak binding priors; not Kd, IC50, or blocking evidence",
  "status": "PASS",
  "tasks": 32
}
