{
  "mean_self_probability": {
    "max": 0.7694490189984942,
    "mean": 0.6999651560869122,
    "median": 0.7057783249996541,
    "min": 0.5538814185428937,
    "q05": 0.645323784504825,
    "q95": 0.737623094730088
  },
  "num_suggested_mutations": {
    "max": 41.0,
    "mean": 19.911720919616023,
    "median": 20.0,
    "min": 7.0,
    "q05": 14.0,
    "q95": 27.0
  },
  "output": "/publicfs04/fs04-al/home/als001821/pvrig_bxcpu_model_runtime_v1_20260721/results/sapiens_aggregated_11939406/sapiens_all.tsv.gz",
  "output_sha256": "8659d5a83ad43e206d003fe153ed476b67b4c744f48ec3e4a405219ea160df0a",
  "records": 394295,
  "scientific_boundary": "human-likeness/developability proxy; not measured expression or purity",
  "status": "PASS",
  "tasks": 32
}
