job_id	priority	entity_type	entity_id	control_class	expected_behavior	conformation	seed	sequence_sha256	cdr1_range	cdr2_range	cdr3_range	cdr_residues	monomer_source	monomer_source_kind	monomer_source_chain	monomer_sha256	receptor_pdb	receptor_chain	ligand_chain	vhh_chain	numbering	cfg_hash	restraint_hash	protocol_core_sha256	protocol_hash	job_hash	job_hash_basis	candidate_priority_rank	docking_stage	repeat_selection_rank
CANDIDATE_P1MCPUFP__CPUFP500K_0107__00292_8x6b_s42_93585e7f8def	1	candidate	P1MCPUFP__CPUFP500K_0107__00292		CANDIDATE_UNKNOWN	8x6b	42	6410ab84743bb4ada0739d19f98f972e84e0b5cf45368613806cc3181fee46af	26-35	53-59	98-116	27,28,29,30,31,34,35,36,37,38,56,57,58,59,63,64,65,105,106,107,108,109,110,111,112,113,114,115,116,117	inputs/candidate_monomers/P1MCPUFP__CPUFP500K_0107__00292.pdb	frozen_nbb2_archive_extract	H	e3d81d796fe0b13161b003b9f82ae1a6552b8e20499cf8e86a3a78a0272497df	inputs/normalized/8x6b_pvrig_receptor.pdb	T	L	A	UniProt_Q6DKI7	6e3411303a8196b0e07523e8d66724b2c6a9380dca7a347caa47b5632620a2a8	cb4c825dedbb6b8ccf1510daf94ccd67c095d4743b9f9b2a3b6dc9fa7c1cda34	8c55751f66ac2930ce115a9419321a2b2bed220b61af2e1671f7ac6e6a2e33b3	8c55751f66ac2930ce115a9419321a2b2bed220b61af2e1671f7ac6e6a2e33b3	93585e7f8def1d76974d1558ccf2b3b5b8f9f6b923363efea35769b4ce5c6ff9	"{""cfg_hash"":""6e3411303a8196b0e07523e8d66724b2c6a9380dca7a347caa47b5632620a2a8"",""conformation"":""8x6b"",""entity_id"":""P1MCPUFP__CPUFP500K_0107__00292"",""entity_type"":""candidate"",""monomer_sha256"":""e3d81d796fe0b13161b003b9f82ae1a6552b8e20499cf8e86a3a78a0272497df"",""protocol_core_sha256"":""8c55751f66ac2930ce115a9419321a2b2bed220b61af2e1671f7ac6e6a2e33b3"",""restraint_hash"":""cb4c825dedbb6b8ccf1510daf94ccd67c095d4743b9f9b2a3b6dc9fa7c1cda34"",""seed"":42,""sequence_sha256"":""6410ab84743bb4ada0739d19f98f972e84e0b5cf45368613806cc3181fee46af""}"	128	TOP200_COMMON4_SEED_COMPLETION	1
CANDIDATE_P1MCPUFP__CPUFP500K_0107__00292_9e6y_s42_a4ace079c699	2	candidate	P1MCPUFP__CPUFP500K_0107__00292		CANDIDATE_UNKNOWN	9e6y	42	6410ab84743bb4ada0739d19f98f972e84e0b5cf45368613806cc3181fee46af	26-35	53-59	98-116	27,28,29,30,31,34,35,36,37,38,56,57,58,59,63,64,65,105,106,107,108,109,110,111,112,113,114,115,116,117	inputs/candidate_monomers/P1MCPUFP__CPUFP500K_0107__00292.pdb	frozen_nbb2_archive_extract	H	e3d81d796fe0b13161b003b9f82ae1a6552b8e20499cf8e86a3a78a0272497df	inputs/normalized/9e6y_pvrig_receptor.pdb	T	L	A	UniProt_Q6DKI7	7b597e4976340689606e650f7a864d1c028938e4a1d0c4201b7092f53302813a	cb4c825dedbb6b8ccf1510daf94ccd67c095d4743b9f9b2a3b6dc9fa7c1cda34	8c55751f66ac2930ce115a9419321a2b2bed220b61af2e1671f7ac6e6a2e33b3	8c55751f66ac2930ce115a9419321a2b2bed220b61af2e1671f7ac6e6a2e33b3	a4ace079c699996275caa538b69800a396bdc3dff29f7e6007f1fc15bc07da9b	"{""cfg_hash"":""7b597e4976340689606e650f7a864d1c028938e4a1d0c4201b7092f53302813a"",""conformation"":""9e6y"",""entity_id"":""P1MCPUFP__CPUFP500K_0107__00292"",""entity_type"":""candidate"",""monomer_sha256"":""e3d81d796fe0b13161b003b9f82ae1a6552b8e20499cf8e86a3a78a0272497df"",""protocol_core_sha256"":""8c55751f66ac2930ce115a9419321a2b2bed220b61af2e1671f7ac6e6a2e33b3"",""restraint_hash"":""cb4c825dedbb6b8ccf1510daf94ccd67c095d4743b9f9b2a3b6dc9fa7c1cda34"",""seed"":42,""sequence_sha256"":""6410ab84743bb4ada0739d19f98f972e84e0b5cf45368613806cc3181fee46af""}"	128	TOP200_COMMON4_SEED_COMPLETION	1
CANDIDATE_P1MCPUFP__CPUFP500K_0107__00292_8x6b_s3047_69c56d2f9ee6	3	candidate	P1MCPUFP__CPUFP500K_0107__00292		CANDIDATE_UNKNOWN	8x6b	3047	6410ab84743bb4ada0739d19f98f972e84e0b5cf45368613806cc3181fee46af	26-35	53-59	98-116	27,28,29,30,31,34,35,36,37,38,56,57,58,59,63,64,65,105,106,107,108,109,110,111,112,113,114,115,116,117	inputs/candidate_monomers/P1MCPUFP__CPUFP500K_0107__00292.pdb	frozen_nbb2_archive_extract	H	e3d81d796fe0b13161b003b9f82ae1a6552b8e20499cf8e86a3a78a0272497df	inputs/normalized/8x6b_pvrig_receptor.pdb	T	L	A	UniProt_Q6DKI7	21918201f2d7d8fd86e7fbe3003003c516ebb4de914b20d6f1f82a78554f6225	cb4c825dedbb6b8ccf1510daf94ccd67c095d4743b9f9b2a3b6dc9fa7c1cda34	8c55751f66ac2930ce115a9419321a2b2bed220b61af2e1671f7ac6e6a2e33b3	8c55751f66ac2930ce115a9419321a2b2bed220b61af2e1671f7ac6e6a2e33b3	69c56d2f9ee62f4e6d6bb450b98aba94fa625fc39f23be7fa69743f4f62021af	"{""cfg_hash"":""21918201f2d7d8fd86e7fbe3003003c516ebb4de914b20d6f1f82a78554f6225"",""conformation"":""8x6b"",""entity_id"":""P1MCPUFP__CPUFP500K_0107__00292"",""entity_type"":""candidate"",""monomer_sha256"":""e3d81d796fe0b13161b003b9f82ae1a6552b8e20499cf8e86a3a78a0272497df"",""protocol_core_sha256"":""8c55751f66ac2930ce115a9419321a2b2bed220b61af2e1671f7ac6e6a2e33b3"",""restraint_hash"":""cb4c825dedbb6b8ccf1510daf94ccd67c095d4743b9f9b2a3b6dc9fa7c1cda34"",""seed"":3047,""sequence_sha256"":""6410ab84743bb4ada0739d19f98f972e84e0b5cf45368613806cc3181fee46af""}"	128	TOP200_COMMON4_SEED_COMPLETION	1
CANDIDATE_P1MCPUFP__CPUFP500K_0107__00292_9e6y_s3047_36c038c250f3	4	candidate	P1MCPUFP__CPUFP500K_0107__00292		CANDIDATE_UNKNOWN	9e6y	3047	6410ab84743bb4ada0739d19f98f972e84e0b5cf45368613806cc3181fee46af	26-35	53-59	98-116	27,28,29,30,31,34,35,36,37,38,56,57,58,59,63,64,65,105,106,107,108,109,110,111,112,113,114,115,116,117	inputs/candidate_monomers/P1MCPUFP__CPUFP500K_0107__00292.pdb	frozen_nbb2_archive_extract	H	e3d81d796fe0b13161b003b9f82ae1a6552b8e20499cf8e86a3a78a0272497df	inputs/normalized/9e6y_pvrig_receptor.pdb	T	L	A	UniProt_Q6DKI7	036faa08876ef5dc8e4331507bf042bf828faae3f3cf5a5fd358a89d5fb215da	cb4c825dedbb6b8ccf1510daf94ccd67c095d4743b9f9b2a3b6dc9fa7c1cda34	8c55751f66ac2930ce115a9419321a2b2bed220b61af2e1671f7ac6e6a2e33b3	8c55751f66ac2930ce115a9419321a2b2bed220b61af2e1671f7ac6e6a2e33b3	36c038c250f3251921364e97ae3aa2ffb6e74805ae43ee922853bf49fde957d8	"{""cfg_hash"":""036faa08876ef5dc8e4331507bf042bf828faae3f3cf5a5fd358a89d5fb215da"",""conformation"":""9e6y"",""entity_id"":""P1MCPUFP__CPUFP500K_0107__00292"",""entity_type"":""candidate"",""monomer_sha256"":""e3d81d796fe0b13161b003b9f82ae1a6552b8e20499cf8e86a3a78a0272497df"",""protocol_core_sha256"":""8c55751f66ac2930ce115a9419321a2b2bed220b61af2e1671f7ac6e6a2e33b3"",""restraint_hash"":""cb4c825dedbb6b8ccf1510daf94ccd67c095d4743b9f9b2a3b6dc9fa7c1cda34"",""seed"":3047,""sequence_sha256"":""6410ab84743bb4ada0739d19f98f972e84e0b5cf45368613806cc3181fee46af""}"	128	TOP200_COMMON4_SEED_COMPLETION	1
CANDIDATE_P1MCPUFP__CPUFP500K_0032__00042_8x6b_s42_3ccc05ef9a84	5	candidate	P1MCPUFP__CPUFP500K_0032__00042		CANDIDATE_UNKNOWN	8x6b	42	124b53e54df3e863efeb393671f2fa6ce1db460473af96c7816e18afa54eaeb8	26-33	51-58	97-112	27,28,29,30,35,36,37,38,56,57,58,59,62,63,64,65,105,106,107,108,109,110,111,112,113,114,115,116,117	inputs/candidate_monomers/P1MCPUFP__CPUFP500K_0032__00042.pdb	frozen_nbb2_archive_extract	H	e59f4c8ee7480bb9a41f46968e14a4d420c58d8ccd424bba2f8b69bf1cafc0aa	inputs/normalized/8x6b_pvrig_receptor.pdb	T	L	A	UniProt_Q6DKI7	6e3411303a8196b0e07523e8d66724b2c6a9380dca7a347caa47b5632620a2a8	4c76f09ba6c24bc9c82a9a97a8fa1f279c4d5ce2a6d051dbf284751701c25880	8c55751f66ac2930ce115a9419321a2b2bed220b61af2e1671f7ac6e6a2e33b3	8c55751f66ac2930ce115a9419321a2b2bed220b61af2e1671f7ac6e6a2e33b3	3ccc05ef9a84edcbc497a5a880689d3a71dbf613aa0d1a514b24af18c3456eb7	"{""cfg_hash"":""6e3411303a8196b0e07523e8d66724b2c6a9380dca7a347caa47b5632620a2a8"",""conformation"":""8x6b"",""entity_id"":""P1MCPUFP__CPUFP500K_0032__00042"",""entity_type"":""candidate"",""monomer_sha256"":""e59f4c8ee7480bb9a41f46968e14a4d420c58d8ccd424bba2f8b69bf1cafc0aa"",""protocol_core_sha256"":""8c55751f66ac2930ce115a9419321a2b2bed220b61af2e1671f7ac6e6a2e33b3"",""restraint_hash"":""4c76f09ba6c24bc9c82a9a97a8fa1f279c4d5ce2a6d051dbf284751701c25880"",""seed"":42,""sequence_sha256"":""124b53e54df3e863efeb393671f2fa6ce1db460473af96c7816e18afa54eaeb8""}"	316	TOP200_COMMON4_SEED_COMPLETION	2
CANDIDATE_P1MCPUFP__CPUFP500K_0032__00042_9e6y_s42_05b594d8207b	6	candidate	P1MCPUFP__CPUFP500K_0032__00042		CANDIDATE_UNKNOWN	9e6y	42	124b53e54df3e863efeb393671f2fa6ce1db460473af96c7816e18afa54eaeb8	26-33	51-58	97-112	27,28,29,30,35,36,37,38,56,57,58,59,62,63,64,65,105,106,107,108,109,110,111,112,113,114,115,116,117	inputs/candidate_monomers/P1MCPUFP__CPUFP500K_0032__00042.pdb	frozen_nbb2_archive_extract	H	e59f4c8ee7480bb9a41f46968e14a4d420c58d8ccd424bba2f8b69bf1cafc0aa	inputs/normalized/9e6y_pvrig_receptor.pdb	T	L	A	UniProt_Q6DKI7	7b597e4976340689606e650f7a864d1c028938e4a1d0c4201b7092f53302813a	4c76f09ba6c24bc9c82a9a97a8fa1f279c4d5ce2a6d051dbf284751701c25880	8c55751f66ac2930ce115a9419321a2b2bed220b61af2e1671f7ac6e6a2e33b3	8c55751f66ac2930ce115a9419321a2b2bed220b61af2e1671f7ac6e6a2e33b3	05b594d8207b39e6c7981ae6a3aeeb7d80b4020eaa363ab8a519b428ea0cf091	"{""cfg_hash"":""7b597e4976340689606e650f7a864d1c028938e4a1d0c4201b7092f53302813a"",""conformation"":""9e6y"",""entity_id"":""P1MCPUFP__CPUFP500K_0032__00042"",""entity_type"":""candidate"",""monomer_sha256"":""e59f4c8ee7480bb9a41f46968e14a4d420c58d8ccd424bba2f8b69bf1cafc0aa"",""protocol_core_sha256"":""8c55751f66ac2930ce115a9419321a2b2bed220b61af2e1671f7ac6e6a2e33b3"",""restraint_hash"":""4c76f09ba6c24bc9c82a9a97a8fa1f279c4d5ce2a6d051dbf284751701c25880"",""seed"":42,""sequence_sha256"":""124b53e54df3e863efeb393671f2fa6ce1db460473af96c7816e18afa54eaeb8""}"	316	TOP200_COMMON4_SEED_COMPLETION	2
CANDIDATE_P1MCPUFP__CPUFP500K_0032__00042_8x6b_s3047_583713030b22	7	candidate	P1MCPUFP__CPUFP500K_0032__00042		CANDIDATE_UNKNOWN	8x6b	3047	124b53e54df3e863efeb393671f2fa6ce1db460473af96c7816e18afa54eaeb8	26-33	51-58	97-112	27,28,29,30,35,36,37,38,56,57,58,59,62,63,64,65,105,106,107,108,109,110,111,112,113,114,115,116,117	inputs/candidate_monomers/P1MCPUFP__CPUFP500K_0032__00042.pdb	frozen_nbb2_archive_extract	H	e59f4c8ee7480bb9a41f46968e14a4d420c58d8ccd424bba2f8b69bf1cafc0aa	inputs/normalized/8x6b_pvrig_receptor.pdb	T	L	A	UniProt_Q6DKI7	21918201f2d7d8fd86e7fbe3003003c516ebb4de914b20d6f1f82a78554f6225	4c76f09ba6c24bc9c82a9a97a8fa1f279c4d5ce2a6d051dbf284751701c25880	8c55751f66ac2930ce115a9419321a2b2bed220b61af2e1671f7ac6e6a2e33b3	8c55751f66ac2930ce115a9419321a2b2bed220b61af2e1671f7ac6e6a2e33b3	583713030b229eca0b1c5b85188f431ae693543f13b09d0d471794addea7ee9e	"{""cfg_hash"":""21918201f2d7d8fd86e7fbe3003003c516ebb4de914b20d6f1f82a78554f6225"",""conformation"":""8x6b"",""entity_id"":""P1MCPUFP__CPUFP500K_0032__00042"",""entity_type"":""candidate"",""monomer_sha256"":""e59f4c8ee7480bb9a41f46968e14a4d420c58d8ccd424bba2f8b69bf1cafc0aa"",""protocol_core_sha256"":""8c55751f66ac2930ce115a9419321a2b2bed220b61af2e1671f7ac6e6a2e33b3"",""restraint_hash"":""4c76f09ba6c24bc9c82a9a97a8fa1f279c4d5ce2a6d051dbf284751701c25880"",""seed"":3047,""sequence_sha256"":""124b53e54df3e863efeb393671f2fa6ce1db460473af96c7816e18afa54eaeb8""}"	316	TOP200_COMMON4_SEED_COMPLETION	2
CANDIDATE_P1MCPUFP__CPUFP500K_0032__00042_9e6y_s3047_9d0c526f5efb	8	candidate	P1MCPUFP__CPUFP500K_0032__00042		CANDIDATE_UNKNOWN	9e6y	3047	124b53e54df3e863efeb393671f2fa6ce1db460473af96c7816e18afa54eaeb8	26-33	51-58	97-112	27,28,29,30,35,36,37,38,56,57,58,59,62,63,64,65,105,106,107,108,109,110,111,112,113,114,115,116,117	inputs/candidate_monomers/P1MCPUFP__CPUFP500K_0032__00042.pdb	frozen_nbb2_archive_extract	H	e59f4c8ee7480bb9a41f46968e14a4d420c58d8ccd424bba2f8b69bf1cafc0aa	inputs/normalized/9e6y_pvrig_receptor.pdb	T	L	A	UniProt_Q6DKI7	036faa08876ef5dc8e4331507bf042bf828faae3f3cf5a5fd358a89d5fb215da	4c76f09ba6c24bc9c82a9a97a8fa1f279c4d5ce2a6d051dbf284751701c25880	8c55751f66ac2930ce115a9419321a2b2bed220b61af2e1671f7ac6e6a2e33b3	8c55751f66ac2930ce115a9419321a2b2bed220b61af2e1671f7ac6e6a2e33b3	9d0c526f5efb638df9ccca0f0eca219c00f6d092acb33b26647831c377dce316	"{""cfg_hash"":""036faa08876ef5dc8e4331507bf042bf828faae3f3cf5a5fd358a89d5fb215da"",""conformation"":""9e6y"",""entity_id"":""P1MCPUFP__CPUFP500K_0032__00042"",""entity_type"":""candidate"",""monomer_sha256"":""e59f4c8ee7480bb9a41f46968e14a4d420c58d8ccd424bba2f8b69bf1cafc0aa"",""protocol_core_sha256"":""8c55751f66ac2930ce115a9419321a2b2bed220b61af2e1671f7ac6e6a2e33b3"",""restraint_hash"":""4c76f09ba6c24bc9c82a9a97a8fa1f279c4d5ce2a6d051dbf284751701c25880"",""seed"":3047,""sequence_sha256"":""124b53e54df3e863efeb393671f2fa6ce1db460473af96c7816e18afa54eaeb8""}"	316	TOP200_COMMON4_SEED_COMPLETION	2
CANDIDATE_P1MCPUFP__CPUFP500K_0086__00466_8x6b_s42_ad7b9ef5059b	9	candidate	P1MCPUFP__CPUFP500K_0086__00466		CANDIDATE_UNKNOWN	8x6b	42	9e91c2bcd67388f3118d962f905465480b13b0bd2acfa8d5d15faa05b8122afa	26-35	53-59	98-116	27,28,29,30,31,34,35,36,37,38,56,57,58,59,63,64,65,105,106,107,108,109,110,111,112,113,114,115,116,117	inputs/candidate_monomers/P1MCPUFP__CPUFP500K_0086__00466.pdb	frozen_nbb2_archive_extract	H	7ba35a095e1769cf251038a83f1cae0102d125e2b097061ecdff81c611b80ea7	inputs/normalized/8x6b_pvrig_receptor.pdb	T	L	A	UniProt_Q6DKI7	6e3411303a8196b0e07523e8d66724b2c6a9380dca7a347caa47b5632620a2a8	cb4c825dedbb6b8ccf1510daf94ccd67c095d4743b9f9b2a3b6dc9fa7c1cda34	8c55751f66ac2930ce115a9419321a2b2bed220b61af2e1671f7ac6e6a2e33b3	8c55751f66ac2930ce115a9419321a2b2bed220b61af2e1671f7ac6e6a2e33b3	ad7b9ef5059bf2da20ce65729bdf8717b455c27d24aa0800615a595b2fc1c243	"{""cfg_hash"":""6e3411303a8196b0e07523e8d66724b2c6a9380dca7a347caa47b5632620a2a8"",""conformation"":""8x6b"",""entity_id"":""P1MCPUFP__CPUFP500K_0086__00466"",""entity_type"":""candidate"",""monomer_sha256"":""7ba35a095e1769cf251038a83f1cae0102d125e2b097061ecdff81c611b80ea7"",""protocol_core_sha256"":""8c55751f66ac2930ce115a9419321a2b2bed220b61af2e1671f7ac6e6a2e33b3"",""restraint_hash"":""cb4c825dedbb6b8ccf1510daf94ccd67c095d4743b9f9b2a3b6dc9fa7c1cda34"",""seed"":42,""sequence_sha256"":""9e91c2bcd67388f3118d962f905465480b13b0bd2acfa8d5d15faa05b8122afa""}"	389	TOP200_COMMON4_SEED_COMPLETION	6
CANDIDATE_P1MCPUFP__CPUFP500K_0086__00466_9e6y_s42_98752313f717	10	candidate	P1MCPUFP__CPUFP500K_0086__00466		CANDIDATE_UNKNOWN	9e6y	42	9e91c2bcd67388f3118d962f905465480b13b0bd2acfa8d5d15faa05b8122afa	26-35	53-59	98-116	27,28,29,30,31,34,35,36,37,38,56,57,58,59,63,64,65,105,106,107,108,109,110,111,112,113,114,115,116,117	inputs/candidate_monomers/P1MCPUFP__CPUFP500K_0086__00466.pdb	frozen_nbb2_archive_extract	H	7ba35a095e1769cf251038a83f1cae0102d125e2b097061ecdff81c611b80ea7	inputs/normalized/9e6y_pvrig_receptor.pdb	T	L	A	UniProt_Q6DKI7	7b597e4976340689606e650f7a864d1c028938e4a1d0c4201b7092f53302813a	cb4c825dedbb6b8ccf1510daf94ccd67c095d4743b9f9b2a3b6dc9fa7c1cda34	8c55751f66ac2930ce115a9419321a2b2bed220b61af2e1671f7ac6e6a2e33b3	8c55751f66ac2930ce115a9419321a2b2bed220b61af2e1671f7ac6e6a2e33b3	98752313f717b6f5ec225207923c46c21137e01113eb1b69bffeba2f0c82f715	"{""cfg_hash"":""7b597e4976340689606e650f7a864d1c028938e4a1d0c4201b7092f53302813a"",""conformation"":""9e6y"",""entity_id"":""P1MCPUFP__CPUFP500K_0086__00466"",""entity_type"":""candidate"",""monomer_sha256"":""7ba35a095e1769cf251038a83f1cae0102d125e2b097061ecdff81c611b80ea7"",""protocol_core_sha256"":""8c55751f66ac2930ce115a9419321a2b2bed220b61af2e1671f7ac6e6a2e33b3"",""restraint_hash"":""cb4c825dedbb6b8ccf1510daf94ccd67c095d4743b9f9b2a3b6dc9fa7c1cda34"",""seed"":42,""sequence_sha256"":""9e91c2bcd67388f3118d962f905465480b13b0bd2acfa8d5d15faa05b8122afa""}"	389	TOP200_COMMON4_SEED_COMPLETION	6
CANDIDATE_P1MCPUFP__CPUFP500K_0086__00466_8x6b_s3047_43451036dd36	11	candidate	P1MCPUFP__CPUFP500K_0086__00466		CANDIDATE_UNKNOWN	8x6b	3047	9e91c2bcd67388f3118d962f905465480b13b0bd2acfa8d5d15faa05b8122afa	26-35	53-59	98-116	27,28,29,30,31,34,35,36,37,38,56,57,58,59,63,64,65,105,106,107,108,109,110,111,112,113,114,115,116,117	inputs/candidate_monomers/P1MCPUFP__CPUFP500K_0086__00466.pdb	frozen_nbb2_archive_extract	H	7ba35a095e1769cf251038a83f1cae0102d125e2b097061ecdff81c611b80ea7	inputs/normalized/8x6b_pvrig_receptor.pdb	T	L	A	UniProt_Q6DKI7	21918201f2d7d8fd86e7fbe3003003c516ebb4de914b20d6f1f82a78554f6225	cb4c825dedbb6b8ccf1510daf94ccd67c095d4743b9f9b2a3b6dc9fa7c1cda34	8c55751f66ac2930ce115a9419321a2b2bed220b61af2e1671f7ac6e6a2e33b3	8c55751f66ac2930ce115a9419321a2b2bed220b61af2e1671f7ac6e6a2e33b3	43451036dd36a19a61bdcbfa289d4fade72c801a1cb7621fff2e84262f1d5634	"{""cfg_hash"":""21918201f2d7d8fd86e7fbe3003003c516ebb4de914b20d6f1f82a78554f6225"",""conformation"":""8x6b"",""entity_id"":""P1MCPUFP__CPUFP500K_0086__00466"",""entity_type"":""candidate"",""monomer_sha256"":""7ba35a095e1769cf251038a83f1cae0102d125e2b097061ecdff81c611b80ea7"",""protocol_core_sha256"":""8c55751f66ac2930ce115a9419321a2b2bed220b61af2e1671f7ac6e6a2e33b3"",""restraint_hash"":""cb4c825dedbb6b8ccf1510daf94ccd67c095d4743b9f9b2a3b6dc9fa7c1cda34"",""seed"":3047,""sequence_sha256"":""9e91c2bcd67388f3118d962f905465480b13b0bd2acfa8d5d15faa05b8122afa""}"	389	TOP200_COMMON4_SEED_COMPLETION	6
CANDIDATE_P1MCPUFP__CPUFP500K_0086__00466_9e6y_s3047_d46df4d32ac8	12	candidate	P1MCPUFP__CPUFP500K_0086__00466		CANDIDATE_UNKNOWN	9e6y	3047	9e91c2bcd67388f3118d962f905465480b13b0bd2acfa8d5d15faa05b8122afa	26-35	53-59	98-116	27,28,29,30,31,34,35,36,37,38,56,57,58,59,63,64,65,105,106,107,108,109,110,111,112,113,114,115,116,117	inputs/candidate_monomers/P1MCPUFP__CPUFP500K_0086__00466.pdb	frozen_nbb2_archive_extract	H	7ba35a095e1769cf251038a83f1cae0102d125e2b097061ecdff81c611b80ea7	inputs/normalized/9e6y_pvrig_receptor.pdb	T	L	A	UniProt_Q6DKI7	036faa08876ef5dc8e4331507bf042bf828faae3f3cf5a5fd358a89d5fb215da	cb4c825dedbb6b8ccf1510daf94ccd67c095d4743b9f9b2a3b6dc9fa7c1cda34	8c55751f66ac2930ce115a9419321a2b2bed220b61af2e1671f7ac6e6a2e33b3	8c55751f66ac2930ce115a9419321a2b2bed220b61af2e1671f7ac6e6a2e33b3	d46df4d32ac8b9f2068b72c890557bd97586c509bc790d98a11e2472fd0db50a	"{""cfg_hash"":""036faa08876ef5dc8e4331507bf042bf828faae3f3cf5a5fd358a89d5fb215da"",""conformation"":""9e6y"",""entity_id"":""P1MCPUFP__CPUFP500K_0086__00466"",""entity_type"":""candidate"",""monomer_sha256"":""7ba35a095e1769cf251038a83f1cae0102d125e2b097061ecdff81c611b80ea7"",""protocol_core_sha256"":""8c55751f66ac2930ce115a9419321a2b2bed220b61af2e1671f7ac6e6a2e33b3"",""restraint_hash"":""cb4c825dedbb6b8ccf1510daf94ccd67c095d4743b9f9b2a3b6dc9fa7c1cda34"",""seed"":3047,""sequence_sha256"":""9e91c2bcd67388f3118d962f905465480b13b0bd2acfa8d5d15faa05b8122afa""}"	389	TOP200_COMMON4_SEED_COMPLETION	6
CANDIDATE_P1MCPUFP__CPUFP500K_0100__00383_8x6b_s42_bad4de10e471	13	candidate	P1MCPUFP__CPUFP500K_0100__00383		CANDIDATE_UNKNOWN	8x6b	42	f69bd2010a46452727d20704c4361da805ce4a60728526860d0ad0afc606772d	26-35	53-59	98-116	27,28,29,30,31,34,35,36,37,38,56,57,58,59,63,64,65,105,106,107,108,109,110,111,112,113,114,115,116,117	inputs/candidate_monomers/P1MCPUFP__CPUFP500K_0100__00383.pdb	frozen_nbb2_archive_extract	H	2b5954384d17be6a073fe1373497a48fd471eb6620c23dea0f47f6dd0b2fb5a9	inputs/normalized/8x6b_pvrig_receptor.pdb	T	L	A	UniProt_Q6DKI7	6e3411303a8196b0e07523e8d66724b2c6a9380dca7a347caa47b5632620a2a8	cb4c825dedbb6b8ccf1510daf94ccd67c095d4743b9f9b2a3b6dc9fa7c1cda34	8c55751f66ac2930ce115a9419321a2b2bed220b61af2e1671f7ac6e6a2e33b3	8c55751f66ac2930ce115a9419321a2b2bed220b61af2e1671f7ac6e6a2e33b3	bad4de10e4713fd7dce3db27ad190a39e4a318dab4c3539a48f55c4fb864e012	"{""cfg_hash"":""6e3411303a8196b0e07523e8d66724b2c6a9380dca7a347caa47b5632620a2a8"",""conformation"":""8x6b"",""entity_id"":""P1MCPUFP__CPUFP500K_0100__00383"",""entity_type"":""candidate"",""monomer_sha256"":""2b5954384d17be6a073fe1373497a48fd471eb6620c23dea0f47f6dd0b2fb5a9"",""protocol_core_sha256"":""8c55751f66ac2930ce115a9419321a2b2bed220b61af2e1671f7ac6e6a2e33b3"",""restraint_hash"":""cb4c825dedbb6b8ccf1510daf94ccd67c095d4743b9f9b2a3b6dc9fa7c1cda34"",""seed"":42,""sequence_sha256"":""f69bd2010a46452727d20704c4361da805ce4a60728526860d0ad0afc606772d""}"	253	TOP200_COMMON4_SEED_COMPLETION	7
CANDIDATE_P1MCPUFP__CPUFP500K_0100__00383_9e6y_s42_e1919319e353	14	candidate	P1MCPUFP__CPUFP500K_0100__00383		CANDIDATE_UNKNOWN	9e6y	42	f69bd2010a46452727d20704c4361da805ce4a60728526860d0ad0afc606772d	26-35	53-59	98-116	27,28,29,30,31,34,35,36,37,38,56,57,58,59,63,64,65,105,106,107,108,109,110,111,112,113,114,115,116,117	inputs/candidate_monomers/P1MCPUFP__CPUFP500K_0100__00383.pdb	frozen_nbb2_archive_extract	H	2b5954384d17be6a073fe1373497a48fd471eb6620c23dea0f47f6dd0b2fb5a9	inputs/normalized/9e6y_pvrig_receptor.pdb	T	L	A	UniProt_Q6DKI7	7b597e4976340689606e650f7a864d1c028938e4a1d0c4201b7092f53302813a	cb4c825dedbb6b8ccf1510daf94ccd67c095d4743b9f9b2a3b6dc9fa7c1cda34	8c55751f66ac2930ce115a9419321a2b2bed220b61af2e1671f7ac6e6a2e33b3	8c55751f66ac2930ce115a9419321a2b2bed220b61af2e1671f7ac6e6a2e33b3	e1919319e3535da5832685a683464b22501f09547105e92ab6c309bb19e26610	"{""cfg_hash"":""7b597e4976340689606e650f7a864d1c028938e4a1d0c4201b7092f53302813a"",""conformation"":""9e6y"",""entity_id"":""P1MCPUFP__CPUFP500K_0100__00383"",""entity_type"":""candidate"",""monomer_sha256"":""2b5954384d17be6a073fe1373497a48fd471eb6620c23dea0f47f6dd0b2fb5a9"",""protocol_core_sha256"":""8c55751f66ac2930ce115a9419321a2b2bed220b61af2e1671f7ac6e6a2e33b3"",""restraint_hash"":""cb4c825dedbb6b8ccf1510daf94ccd67c095d4743b9f9b2a3b6dc9fa7c1cda34"",""seed"":42,""sequence_sha256"":""f69bd2010a46452727d20704c4361da805ce4a60728526860d0ad0afc606772d""}"	253	TOP200_COMMON4_SEED_COMPLETION	7
CANDIDATE_P1MCPUFP__CPUFP500K_0100__00383_8x6b_s3047_0a9cfbc45606	15	candidate	P1MCPUFP__CPUFP500K_0100__00383		CANDIDATE_UNKNOWN	8x6b	3047	f69bd2010a46452727d20704c4361da805ce4a60728526860d0ad0afc606772d	26-35	53-59	98-116	27,28,29,30,31,34,35,36,37,38,56,57,58,59,63,64,65,105,106,107,108,109,110,111,112,113,114,115,116,117	inputs/candidate_monomers/P1MCPUFP__CPUFP500K_0100__00383.pdb	frozen_nbb2_archive_extract	H	2b5954384d17be6a073fe1373497a48fd471eb6620c23dea0f47f6dd0b2fb5a9	inputs/normalized/8x6b_pvrig_receptor.pdb	T	L	A	UniProt_Q6DKI7	21918201f2d7d8fd86e7fbe3003003c516ebb4de914b20d6f1f82a78554f6225	cb4c825dedbb6b8ccf1510daf94ccd67c095d4743b9f9b2a3b6dc9fa7c1cda34	8c55751f66ac2930ce115a9419321a2b2bed220b61af2e1671f7ac6e6a2e33b3	8c55751f66ac2930ce115a9419321a2b2bed220b61af2e1671f7ac6e6a2e33b3	0a9cfbc45606ba69100ca6278167a8ba4515f0364e7a6ec3b921606c75a077fc	"{""cfg_hash"":""21918201f2d7d8fd86e7fbe3003003c516ebb4de914b20d6f1f82a78554f6225"",""conformation"":""8x6b"",""entity_id"":""P1MCPUFP__CPUFP500K_0100__00383"",""entity_type"":""candidate"",""monomer_sha256"":""2b5954384d17be6a073fe1373497a48fd471eb6620c23dea0f47f6dd0b2fb5a9"",""protocol_core_sha256"":""8c55751f66ac2930ce115a9419321a2b2bed220b61af2e1671f7ac6e6a2e33b3"",""restraint_hash"":""cb4c825dedbb6b8ccf1510daf94ccd67c095d4743b9f9b2a3b6dc9fa7c1cda34"",""seed"":3047,""sequence_sha256"":""f69bd2010a46452727d20704c4361da805ce4a60728526860d0ad0afc606772d""}"	253	TOP200_COMMON4_SEED_COMPLETION	7
CANDIDATE_P1MCPUFP__CPUFP500K_0100__00383_9e6y_s3047_434f29c7683e	16	candidate	P1MCPUFP__CPUFP500K_0100__00383		CANDIDATE_UNKNOWN	9e6y	3047	f69bd2010a46452727d20704c4361da805ce4a60728526860d0ad0afc606772d	26-35	53-59	98-116	27,28,29,30,31,34,35,36,37,38,56,57,58,59,63,64,65,105,106,107,108,109,110,111,112,113,114,115,116,117	inputs/candidate_monomers/P1MCPUFP__CPUFP500K_0100__00383.pdb	frozen_nbb2_archive_extract	H	2b5954384d17be6a073fe1373497a48fd471eb6620c23dea0f47f6dd0b2fb5a9	inputs/normalized/9e6y_pvrig_receptor.pdb	T	L	A	UniProt_Q6DKI7	036faa08876ef5dc8e4331507bf042bf828faae3f3cf5a5fd358a89d5fb215da	cb4c825dedbb6b8ccf1510daf94ccd67c095d4743b9f9b2a3b6dc9fa7c1cda34	8c55751f66ac2930ce115a9419321a2b2bed220b61af2e1671f7ac6e6a2e33b3	8c55751f66ac2930ce115a9419321a2b2bed220b61af2e1671f7ac6e6a2e33b3	434f29c7683e26b3a2cb0c4941457a4e528445d77184cb5ff73e09a880b41a36	"{""cfg_hash"":""036faa08876ef5dc8e4331507bf042bf828faae3f3cf5a5fd358a89d5fb215da"",""conformation"":""9e6y"",""entity_id"":""P1MCPUFP__CPUFP500K_0100__00383"",""entity_type"":""candidate"",""monomer_sha256"":""2b5954384d17be6a073fe1373497a48fd471eb6620c23dea0f47f6dd0b2fb5a9"",""protocol_core_sha256"":""8c55751f66ac2930ce115a9419321a2b2bed220b61af2e1671f7ac6e6a2e33b3"",""restraint_hash"":""cb4c825dedbb6b8ccf1510daf94ccd67c095d4743b9f9b2a3b6dc9fa7c1cda34"",""seed"":3047,""sequence_sha256"":""f69bd2010a46452727d20704c4361da805ce4a60728526860d0ad0afc606772d""}"	253	TOP200_COMMON4_SEED_COMPLETION	7
CANDIDATE_P1MCPUFP__CPUFP500K_0032__00069_8x6b_s42_df24f7ece627	17	candidate	P1MCPUFP__CPUFP500K_0032__00069		CANDIDATE_UNKNOWN	8x6b	42	951237a70e3da672ee7465656b80a72d6fcbcf60e4d9f7eeb162d980d9dc5368	26-33	51-58	97-112	27,28,29,30,35,36,37,38,56,57,58,59,62,63,64,65,105,106,107,108,109,110,111,112,113,114,115,116,117	inputs/candidate_monomers/P1MCPUFP__CPUFP500K_0032__00069.pdb	frozen_nbb2_archive_extract	H	c76ee50ba6d3d59d6de118cde17dfa1b19e4d41a469747094e686461eeb58a8e	inputs/normalized/8x6b_pvrig_receptor.pdb	T	L	A	UniProt_Q6DKI7	6e3411303a8196b0e07523e8d66724b2c6a9380dca7a347caa47b5632620a2a8	4c76f09ba6c24bc9c82a9a97a8fa1f279c4d5ce2a6d051dbf284751701c25880	8c55751f66ac2930ce115a9419321a2b2bed220b61af2e1671f7ac6e6a2e33b3	8c55751f66ac2930ce115a9419321a2b2bed220b61af2e1671f7ac6e6a2e33b3	df24f7ece6278bf138848b71daa74d34f114375658c2f0bab9b409ca50b415cd	"{""cfg_hash"":""6e3411303a8196b0e07523e8d66724b2c6a9380dca7a347caa47b5632620a2a8"",""conformation"":""8x6b"",""entity_id"":""P1MCPUFP__CPUFP500K_0032__00069"",""entity_type"":""candidate"",""monomer_sha256"":""c76ee50ba6d3d59d6de118cde17dfa1b19e4d41a469747094e686461eeb58a8e"",""protocol_core_sha256"":""8c55751f66ac2930ce115a9419321a2b2bed220b61af2e1671f7ac6e6a2e33b3"",""restraint_hash"":""4c76f09ba6c24bc9c82a9a97a8fa1f279c4d5ce2a6d051dbf284751701c25880"",""seed"":42,""sequence_sha256"":""951237a70e3da672ee7465656b80a72d6fcbcf60e4d9f7eeb162d980d9dc5368""}"	326	TOP200_COMMON4_SEED_COMPLETION	9
CANDIDATE_P1MCPUFP__CPUFP500K_0032__00069_9e6y_s42_332e342d72c7	18	candidate	P1MCPUFP__CPUFP500K_0032__00069		CANDIDATE_UNKNOWN	9e6y	42	951237a70e3da672ee7465656b80a72d6fcbcf60e4d9f7eeb162d980d9dc5368	26-33	51-58	97-112	27,28,29,30,35,36,37,38,56,57,58,59,62,63,64,65,105,106,107,108,109,110,111,112,113,114,115,116,117	inputs/candidate_monomers/P1MCPUFP__CPUFP500K_0032__00069.pdb	frozen_nbb2_archive_extract	H	c76ee50ba6d3d59d6de118cde17dfa1b19e4d41a469747094e686461eeb58a8e	inputs/normalized/9e6y_pvrig_receptor.pdb	T	L	A	UniProt_Q6DKI7	7b597e4976340689606e650f7a864d1c028938e4a1d0c4201b7092f53302813a	4c76f09ba6c24bc9c82a9a97a8fa1f279c4d5ce2a6d051dbf284751701c25880	8c55751f66ac2930ce115a9419321a2b2bed220b61af2e1671f7ac6e6a2e33b3	8c55751f66ac2930ce115a9419321a2b2bed220b61af2e1671f7ac6e6a2e33b3	332e342d72c7e657748715a32064d098820647e886afe67ace765db4010f7727	"{""cfg_hash"":""7b597e4976340689606e650f7a864d1c028938e4a1d0c4201b7092f53302813a"",""conformation"":""9e6y"",""entity_id"":""P1MCPUFP__CPUFP500K_0032__00069"",""entity_type"":""candidate"",""monomer_sha256"":""c76ee50ba6d3d59d6de118cde17dfa1b19e4d41a469747094e686461eeb58a8e"",""protocol_core_sha256"":""8c55751f66ac2930ce115a9419321a2b2bed220b61af2e1671f7ac6e6a2e33b3"",""restraint_hash"":""4c76f09ba6c24bc9c82a9a97a8fa1f279c4d5ce2a6d051dbf284751701c25880"",""seed"":42,""sequence_sha256"":""951237a70e3da672ee7465656b80a72d6fcbcf60e4d9f7eeb162d980d9dc5368""}"	326	TOP200_COMMON4_SEED_COMPLETION	9
CANDIDATE_P1MCPUFP__CPUFP500K_0032__00069_8x6b_s3047_59289e7cb3f5	19	candidate	P1MCPUFP__CPUFP500K_0032__00069		CANDIDATE_UNKNOWN	8x6b	3047	951237a70e3da672ee7465656b80a72d6fcbcf60e4d9f7eeb162d980d9dc5368	26-33	51-58	97-112	27,28,29,30,35,36,37,38,56,57,58,59,62,63,64,65,105,106,107,108,109,110,111,112,113,114,115,116,117	inputs/candidate_monomers/P1MCPUFP__CPUFP500K_0032__00069.pdb	frozen_nbb2_archive_extract	H	c76ee50ba6d3d59d6de118cde17dfa1b19e4d41a469747094e686461eeb58a8e	inputs/normalized/8x6b_pvrig_receptor.pdb	T	L	A	UniProt_Q6DKI7	21918201f2d7d8fd86e7fbe3003003c516ebb4de914b20d6f1f82a78554f6225	4c76f09ba6c24bc9c82a9a97a8fa1f279c4d5ce2a6d051dbf284751701c25880	8c55751f66ac2930ce115a9419321a2b2bed220b61af2e1671f7ac6e6a2e33b3	8c55751f66ac2930ce115a9419321a2b2bed220b61af2e1671f7ac6e6a2e33b3	59289e7cb3f54992f2ae7f81da16af78784354bc339beca90f1ca155f998915d	"{""cfg_hash"":""21918201f2d7d8fd86e7fbe3003003c516ebb4de914b20d6f1f82a78554f6225"",""conformation"":""8x6b"",""entity_id"":""P1MCPUFP__CPUFP500K_0032__00069"",""entity_type"":""candidate"",""monomer_sha256"":""c76ee50ba6d3d59d6de118cde17dfa1b19e4d41a469747094e686461eeb58a8e"",""protocol_core_sha256"":""8c55751f66ac2930ce115a9419321a2b2bed220b61af2e1671f7ac6e6a2e33b3"",""restraint_hash"":""4c76f09ba6c24bc9c82a9a97a8fa1f279c4d5ce2a6d051dbf284751701c25880"",""seed"":3047,""sequence_sha256"":""951237a70e3da672ee7465656b80a72d6fcbcf60e4d9f7eeb162d980d9dc5368""}"	326	TOP200_COMMON4_SEED_COMPLETION	9
CANDIDATE_P1MCPUFP__CPUFP500K_0032__00069_9e6y_s3047_07dc4dc07cdc	20	candidate	P1MCPUFP__CPUFP500K_0032__00069		CANDIDATE_UNKNOWN	9e6y	3047	951237a70e3da672ee7465656b80a72d6fcbcf60e4d9f7eeb162d980d9dc5368	26-33	51-58	97-112	27,28,29,30,35,36,37,38,56,57,58,59,62,63,64,65,105,106,107,108,109,110,111,112,113,114,115,116,117	inputs/candidate_monomers/P1MCPUFP__CPUFP500K_0032__00069.pdb	frozen_nbb2_archive_extract	H	c76ee50ba6d3d59d6de118cde17dfa1b19e4d41a469747094e686461eeb58a8e	inputs/normalized/9e6y_pvrig_receptor.pdb	T	L	A	UniProt_Q6DKI7	036faa08876ef5dc8e4331507bf042bf828faae3f3cf5a5fd358a89d5fb215da	4c76f09ba6c24bc9c82a9a97a8fa1f279c4d5ce2a6d051dbf284751701c25880	8c55751f66ac2930ce115a9419321a2b2bed220b61af2e1671f7ac6e6a2e33b3	8c55751f66ac2930ce115a9419321a2b2bed220b61af2e1671f7ac6e6a2e33b3	07dc4dc07cdc64694fb0d044b8e115971fec19b71212e8ce25b06d189f637cfe	"{""cfg_hash"":""036faa08876ef5dc8e4331507bf042bf828faae3f3cf5a5fd358a89d5fb215da"",""conformation"":""9e6y"",""entity_id"":""P1MCPUFP__CPUFP500K_0032__00069"",""entity_type"":""candidate"",""monomer_sha256"":""c76ee50ba6d3d59d6de118cde17dfa1b19e4d41a469747094e686461eeb58a8e"",""protocol_core_sha256"":""8c55751f66ac2930ce115a9419321a2b2bed220b61af2e1671f7ac6e6a2e33b3"",""restraint_hash"":""4c76f09ba6c24bc9c82a9a97a8fa1f279c4d5ce2a6d051dbf284751701c25880"",""seed"":3047,""sequence_sha256"":""951237a70e3da672ee7465656b80a72d6fcbcf60e4d9f7eeb162d980d9dc5368""}"	326	TOP200_COMMON4_SEED_COMPLETION	9
CANDIDATE_P1MCPUFP__CPUFP500K_0299__00453_8x6b_s42_1fcef0e36f96	21	candidate	P1MCPUFP__CPUFP500K_0299__00453		CANDIDATE_UNKNOWN	8x6b	42	0881a81fef15573c7cfb32a8e94e176573688e8446884d7c7b50a64d2d583aff	26-35	53-59	98-116	27,28,29,30,31,34,35,36,37,38,56,57,58,59,63,64,65,105,106,107,108,109,110,111,112,113,114,115,116,117	inputs/candidate_monomers/P1MCPUFP__CPUFP500K_0299__00453.pdb	frozen_nbb2_archive_extract	H	87eb30e3da10a98a27845120b5820be00c4429c4128d3651425c31c00f8beedc	inputs/normalized/8x6b_pvrig_receptor.pdb	T	L	A	UniProt_Q6DKI7	6e3411303a8196b0e07523e8d66724b2c6a9380dca7a347caa47b5632620a2a8	cb4c825dedbb6b8ccf1510daf94ccd67c095d4743b9f9b2a3b6dc9fa7c1cda34	8c55751f66ac2930ce115a9419321a2b2bed220b61af2e1671f7ac6e6a2e33b3	8c55751f66ac2930ce115a9419321a2b2bed220b61af2e1671f7ac6e6a2e33b3	1fcef0e36f96faed9358f76083e106cd13b079c096fbb7977e3e957262c8bcff	"{""cfg_hash"":""6e3411303a8196b0e07523e8d66724b2c6a9380dca7a347caa47b5632620a2a8"",""conformation"":""8x6b"",""entity_id"":""P1MCPUFP__CPUFP500K_0299__00453"",""entity_type"":""candidate"",""monomer_sha256"":""87eb30e3da10a98a27845120b5820be00c4429c4128d3651425c31c00f8beedc"",""protocol_core_sha256"":""8c55751f66ac2930ce115a9419321a2b2bed220b61af2e1671f7ac6e6a2e33b3"",""restraint_hash"":""cb4c825dedbb6b8ccf1510daf94ccd67c095d4743b9f9b2a3b6dc9fa7c1cda34"",""seed"":42,""sequence_sha256"":""0881a81fef15573c7cfb32a8e94e176573688e8446884d7c7b50a64d2d583aff""}"	147	TOP200_COMMON4_SEED_COMPLETION	13
CANDIDATE_P1MCPUFP__CPUFP500K_0299__00453_9e6y_s42_5fbb00c537db	22	candidate	P1MCPUFP__CPUFP500K_0299__00453		CANDIDATE_UNKNOWN	9e6y	42	0881a81fef15573c7cfb32a8e94e176573688e8446884d7c7b50a64d2d583aff	26-35	53-59	98-116	27,28,29,30,31,34,35,36,37,38,56,57,58,59,63,64,65,105,106,107,108,109,110,111,112,113,114,115,116,117	inputs/candidate_monomers/P1MCPUFP__CPUFP500K_0299__00453.pdb	frozen_nbb2_archive_extract	H	87eb30e3da10a98a27845120b5820be00c4429c4128d3651425c31c00f8beedc	inputs/normalized/9e6y_pvrig_receptor.pdb	T	L	A	UniProt_Q6DKI7	7b597e4976340689606e650f7a864d1c028938e4a1d0c4201b7092f53302813a	cb4c825dedbb6b8ccf1510daf94ccd67c095d4743b9f9b2a3b6dc9fa7c1cda34	8c55751f66ac2930ce115a9419321a2b2bed220b61af2e1671f7ac6e6a2e33b3	8c55751f66ac2930ce115a9419321a2b2bed220b61af2e1671f7ac6e6a2e33b3	5fbb00c537dbaf3c77fec984955a82b7946fc8965cff28ec99001706ce2e0f09	"{""cfg_hash"":""7b597e4976340689606e650f7a864d1c028938e4a1d0c4201b7092f53302813a"",""conformation"":""9e6y"",""entity_id"":""P1MCPUFP__CPUFP500K_0299__00453"",""entity_type"":""candidate"",""monomer_sha256"":""87eb30e3da10a98a27845120b5820be00c4429c4128d3651425c31c00f8beedc"",""protocol_core_sha256"":""8c55751f66ac2930ce115a9419321a2b2bed220b61af2e1671f7ac6e6a2e33b3"",""restraint_hash"":""cb4c825dedbb6b8ccf1510daf94ccd67c095d4743b9f9b2a3b6dc9fa7c1cda34"",""seed"":42,""sequence_sha256"":""0881a81fef15573c7cfb32a8e94e176573688e8446884d7c7b50a64d2d583aff""}"	147	TOP200_COMMON4_SEED_COMPLETION	13
CANDIDATE_P1MCPUFP__CPUFP500K_0299__00453_8x6b_s3047_fc6ac4f0c35f	23	candidate	P1MCPUFP__CPUFP500K_0299__00453		CANDIDATE_UNKNOWN	8x6b	3047	0881a81fef15573c7cfb32a8e94e176573688e8446884d7c7b50a64d2d583aff	26-35	53-59	98-116	27,28,29,30,31,34,35,36,37,38,56,57,58,59,63,64,65,105,106,107,108,109,110,111,112,113,114,115,116,117	inputs/candidate_monomers/P1MCPUFP__CPUFP500K_0299__00453.pdb	frozen_nbb2_archive_extract	H	87eb30e3da10a98a27845120b5820be00c4429c4128d3651425c31c00f8beedc	inputs/normalized/8x6b_pvrig_receptor.pdb	T	L	A	UniProt_Q6DKI7	21918201f2d7d8fd86e7fbe3003003c516ebb4de914b20d6f1f82a78554f6225	cb4c825dedbb6b8ccf1510daf94ccd67c095d4743b9f9b2a3b6dc9fa7c1cda34	8c55751f66ac2930ce115a9419321a2b2bed220b61af2e1671f7ac6e6a2e33b3	8c55751f66ac2930ce115a9419321a2b2bed220b61af2e1671f7ac6e6a2e33b3	fc6ac4f0c35f9d8c0c7976730e210bad1ce65d5ed451f12241d4342eac4b8c95	"{""cfg_hash"":""21918201f2d7d8fd86e7fbe3003003c516ebb4de914b20d6f1f82a78554f6225"",""conformation"":""8x6b"",""entity_id"":""P1MCPUFP__CPUFP500K_0299__00453"",""entity_type"":""candidate"",""monomer_sha256"":""87eb30e3da10a98a27845120b5820be00c4429c4128d3651425c31c00f8beedc"",""protocol_core_sha256"":""8c55751f66ac2930ce115a9419321a2b2bed220b61af2e1671f7ac6e6a2e33b3"",""restraint_hash"":""cb4c825dedbb6b8ccf1510daf94ccd67c095d4743b9f9b2a3b6dc9fa7c1cda34"",""seed"":3047,""sequence_sha256"":""0881a81fef15573c7cfb32a8e94e176573688e8446884d7c7b50a64d2d583aff""}"	147	TOP200_COMMON4_SEED_COMPLETION	13
CANDIDATE_P1MCPUFP__CPUFP500K_0299__00453_9e6y_s3047_33676f1a2458	24	candidate	P1MCPUFP__CPUFP500K_0299__00453		CANDIDATE_UNKNOWN	9e6y	3047	0881a81fef15573c7cfb32a8e94e176573688e8446884d7c7b50a64d2d583aff	26-35	53-59	98-116	27,28,29,30,31,34,35,36,37,38,56,57,58,59,63,64,65,105,106,107,108,109,110,111,112,113,114,115,116,117	inputs/candidate_monomers/P1MCPUFP__CPUFP500K_0299__00453.pdb	frozen_nbb2_archive_extract	H	87eb30e3da10a98a27845120b5820be00c4429c4128d3651425c31c00f8beedc	inputs/normalized/9e6y_pvrig_receptor.pdb	T	L	A	UniProt_Q6DKI7	036faa08876ef5dc8e4331507bf042bf828faae3f3cf5a5fd358a89d5fb215da	cb4c825dedbb6b8ccf1510daf94ccd67c095d4743b9f9b2a3b6dc9fa7c1cda34	8c55751f66ac2930ce115a9419321a2b2bed220b61af2e1671f7ac6e6a2e33b3	8c55751f66ac2930ce115a9419321a2b2bed220b61af2e1671f7ac6e6a2e33b3	33676f1a2458927c974f54a0aaf331367c991b23689631f4b48ef7e8ffe3b075	"{""cfg_hash"":""036faa08876ef5dc8e4331507bf042bf828faae3f3cf5a5fd358a89d5fb215da"",""conformation"":""9e6y"",""entity_id"":""P1MCPUFP__CPUFP500K_0299__00453"",""entity_type"":""candidate"",""monomer_sha256"":""87eb30e3da10a98a27845120b5820be00c4429c4128d3651425c31c00f8beedc"",""protocol_core_sha256"":""8c55751f66ac2930ce115a9419321a2b2bed220b61af2e1671f7ac6e6a2e33b3"",""restraint_hash"":""cb4c825dedbb6b8ccf1510daf94ccd67c095d4743b9f9b2a3b6dc9fa7c1cda34"",""seed"":3047,""sequence_sha256"":""0881a81fef15573c7cfb32a8e94e176573688e8446884d7c7b50a64d2d583aff""}"	147	TOP200_COMMON4_SEED_COMPLETION	13
CANDIDATE_P1MCPUFP__CPUFP500K_0090__00532_8x6b_s42_3cb7fd9764fc	25	candidate	P1MCPUFP__CPUFP500K_0090__00532		CANDIDATE_UNKNOWN	8x6b	42	87f5423c6dfe7107231ce24f8ae6d23ab430e47d07e71bed0e6d70cd5910c651	26-35	53-59	98-116	27,28,29,30,31,34,35,36,37,38,56,57,58,59,63,64,65,105,106,107,108,109,110,111,112,113,114,115,116,117	inputs/candidate_monomers/P1MCPUFP__CPUFP500K_0090__00532.pdb	frozen_nbb2_archive_extract	H	5dfad612207550292223cbaea1dd4db09f0f2b7d12e3588bebf0269a1c3f8896	inputs/normalized/8x6b_pvrig_receptor.pdb	T	L	A	UniProt_Q6DKI7	6e3411303a8196b0e07523e8d66724b2c6a9380dca7a347caa47b5632620a2a8	cb4c825dedbb6b8ccf1510daf94ccd67c095d4743b9f9b2a3b6dc9fa7c1cda34	8c55751f66ac2930ce115a9419321a2b2bed220b61af2e1671f7ac6e6a2e33b3	8c55751f66ac2930ce115a9419321a2b2bed220b61af2e1671f7ac6e6a2e33b3	3cb7fd9764fcecc4fd3a04bb8a2d693d79f89f9b4bc3d409a855739f1a001e04	"{""cfg_hash"":""6e3411303a8196b0e07523e8d66724b2c6a9380dca7a347caa47b5632620a2a8"",""conformation"":""8x6b"",""entity_id"":""P1MCPUFP__CPUFP500K_0090__00532"",""entity_type"":""candidate"",""monomer_sha256"":""5dfad612207550292223cbaea1dd4db09f0f2b7d12e3588bebf0269a1c3f8896"",""protocol_core_sha256"":""8c55751f66ac2930ce115a9419321a2b2bed220b61af2e1671f7ac6e6a2e33b3"",""restraint_hash"":""cb4c825dedbb6b8ccf1510daf94ccd67c095d4743b9f9b2a3b6dc9fa7c1cda34"",""seed"":42,""sequence_sha256"":""87f5423c6dfe7107231ce24f8ae6d23ab430e47d07e71bed0e6d70cd5910c651""}"	371	TOP200_COMMON4_SEED_COMPLETION	14
CANDIDATE_P1MCPUFP__CPUFP500K_0090__00532_9e6y_s42_e0fddef7a0f6	26	candidate	P1MCPUFP__CPUFP500K_0090__00532		CANDIDATE_UNKNOWN	9e6y	42	87f5423c6dfe7107231ce24f8ae6d23ab430e47d07e71bed0e6d70cd5910c651	26-35	53-59	98-116	27,28,29,30,31,34,35,36,37,38,56,57,58,59,63,64,65,105,106,107,108,109,110,111,112,113,114,115,116,117	inputs/candidate_monomers/P1MCPUFP__CPUFP500K_0090__00532.pdb	frozen_nbb2_archive_extract	H	5dfad612207550292223cbaea1dd4db09f0f2b7d12e3588bebf0269a1c3f8896	inputs/normalized/9e6y_pvrig_receptor.pdb	T	L	A	UniProt_Q6DKI7	7b597e4976340689606e650f7a864d1c028938e4a1d0c4201b7092f53302813a	cb4c825dedbb6b8ccf1510daf94ccd67c095d4743b9f9b2a3b6dc9fa7c1cda34	8c55751f66ac2930ce115a9419321a2b2bed220b61af2e1671f7ac6e6a2e33b3	8c55751f66ac2930ce115a9419321a2b2bed220b61af2e1671f7ac6e6a2e33b3	e0fddef7a0f68e0f1b34f406993b84bcc837ab65954e2c0d8f38be94a301abb3	"{""cfg_hash"":""7b597e4976340689606e650f7a864d1c028938e4a1d0c4201b7092f53302813a"",""conformation"":""9e6y"",""entity_id"":""P1MCPUFP__CPUFP500K_0090__00532"",""entity_type"":""candidate"",""monomer_sha256"":""5dfad612207550292223cbaea1dd4db09f0f2b7d12e3588bebf0269a1c3f8896"",""protocol_core_sha256"":""8c55751f66ac2930ce115a9419321a2b2bed220b61af2e1671f7ac6e6a2e33b3"",""restraint_hash"":""cb4c825dedbb6b8ccf1510daf94ccd67c095d4743b9f9b2a3b6dc9fa7c1cda34"",""seed"":42,""sequence_sha256"":""87f5423c6dfe7107231ce24f8ae6d23ab430e47d07e71bed0e6d70cd5910c651""}"	371	TOP200_COMMON4_SEED_COMPLETION	14
CANDIDATE_P1MCPUFP__CPUFP500K_0090__00532_8x6b_s3047_b6d1a1b4efc3	27	candidate	P1MCPUFP__CPUFP500K_0090__00532		CANDIDATE_UNKNOWN	8x6b	3047	87f5423c6dfe7107231ce24f8ae6d23ab430e47d07e71bed0e6d70cd5910c651	26-35	53-59	98-116	27,28,29,30,31,34,35,36,37,38,56,57,58,59,63,64,65,105,106,107,108,109,110,111,112,113,114,115,116,117	inputs/candidate_monomers/P1MCPUFP__CPUFP500K_0090__00532.pdb	frozen_nbb2_archive_extract	H	5dfad612207550292223cbaea1dd4db09f0f2b7d12e3588bebf0269a1c3f8896	inputs/normalized/8x6b_pvrig_receptor.pdb	T	L	A	UniProt_Q6DKI7	21918201f2d7d8fd86e7fbe3003003c516ebb4de914b20d6f1f82a78554f6225	cb4c825dedbb6b8ccf1510daf94ccd67c095d4743b9f9b2a3b6dc9fa7c1cda34	8c55751f66ac2930ce115a9419321a2b2bed220b61af2e1671f7ac6e6a2e33b3	8c55751f66ac2930ce115a9419321a2b2bed220b61af2e1671f7ac6e6a2e33b3	b6d1a1b4efc39b643559ce6e198e9532a64754abe09b5a963fe6a4849d674579	"{""cfg_hash"":""21918201f2d7d8fd86e7fbe3003003c516ebb4de914b20d6f1f82a78554f6225"",""conformation"":""8x6b"",""entity_id"":""P1MCPUFP__CPUFP500K_0090__00532"",""entity_type"":""candidate"",""monomer_sha256"":""5dfad612207550292223cbaea1dd4db09f0f2b7d12e3588bebf0269a1c3f8896"",""protocol_core_sha256"":""8c55751f66ac2930ce115a9419321a2b2bed220b61af2e1671f7ac6e6a2e33b3"",""restraint_hash"":""cb4c825dedbb6b8ccf1510daf94ccd67c095d4743b9f9b2a3b6dc9fa7c1cda34"",""seed"":3047,""sequence_sha256"":""87f5423c6dfe7107231ce24f8ae6d23ab430e47d07e71bed0e6d70cd5910c651""}"	371	TOP200_COMMON4_SEED_COMPLETION	14
CANDIDATE_P1MCPUFP__CPUFP500K_0090__00532_9e6y_s3047_89a1686fc205	28	candidate	P1MCPUFP__CPUFP500K_0090__00532		CANDIDATE_UNKNOWN	9e6y	3047	87f5423c6dfe7107231ce24f8ae6d23ab430e47d07e71bed0e6d70cd5910c651	26-35	53-59	98-116	27,28,29,30,31,34,35,36,37,38,56,57,58,59,63,64,65,105,106,107,108,109,110,111,112,113,114,115,116,117	inputs/candidate_monomers/P1MCPUFP__CPUFP500K_0090__00532.pdb	frozen_nbb2_archive_extract	H	5dfad612207550292223cbaea1dd4db09f0f2b7d12e3588bebf0269a1c3f8896	inputs/normalized/9e6y_pvrig_receptor.pdb	T	L	A	UniProt_Q6DKI7	036faa08876ef5dc8e4331507bf042bf828faae3f3cf5a5fd358a89d5fb215da	cb4c825dedbb6b8ccf1510daf94ccd67c095d4743b9f9b2a3b6dc9fa7c1cda34	8c55751f66ac2930ce115a9419321a2b2bed220b61af2e1671f7ac6e6a2e33b3	8c55751f66ac2930ce115a9419321a2b2bed220b61af2e1671f7ac6e6a2e33b3	89a1686fc205fc620fcc7c64a21d5b40b667a776ac3df3a5bc10b72d4f63430b	"{""cfg_hash"":""036faa08876ef5dc8e4331507bf042bf828faae3f3cf5a5fd358a89d5fb215da"",""conformation"":""9e6y"",""entity_id"":""P1MCPUFP__CPUFP500K_0090__00532"",""entity_type"":""candidate"",""monomer_sha256"":""5dfad612207550292223cbaea1dd4db09f0f2b7d12e3588bebf0269a1c3f8896"",""protocol_core_sha256"":""8c55751f66ac2930ce115a9419321a2b2bed220b61af2e1671f7ac6e6a2e33b3"",""restraint_hash"":""cb4c825dedbb6b8ccf1510daf94ccd67c095d4743b9f9b2a3b6dc9fa7c1cda34"",""seed"":3047,""sequence_sha256"":""87f5423c6dfe7107231ce24f8ae6d23ab430e47d07e71bed0e6d70cd5910c651""}"	371	TOP200_COMMON4_SEED_COMPLETION	14
CANDIDATE_P1MCPUFP__CPUFP500K_0405__00049_8x6b_s42_9727ecd84fc0	29	candidate	P1MCPUFP__CPUFP500K_0405__00049		CANDIDATE_UNKNOWN	8x6b	42	5a1b21aedc7ce0e9adb88ecffe3deb04083d753feebf8535327288316e4ad988	26-35	53-59	98-116	27,28,29,30,31,34,35,36,37,38,56,57,58,59,63,64,65,105,106,107,108,109,110,111,112,113,114,115,116,117	inputs/candidate_monomers/P1MCPUFP__CPUFP500K_0405__00049.pdb	frozen_nbb2_archive_extract	H	18dcd0629b5987da69292699dfc780ab8da8df425230b3fc47bc75afda99d09b	inputs/normalized/8x6b_pvrig_receptor.pdb	T	L	A	UniProt_Q6DKI7	6e3411303a8196b0e07523e8d66724b2c6a9380dca7a347caa47b5632620a2a8	cb4c825dedbb6b8ccf1510daf94ccd67c095d4743b9f9b2a3b6dc9fa7c1cda34	8c55751f66ac2930ce115a9419321a2b2bed220b61af2e1671f7ac6e6a2e33b3	8c55751f66ac2930ce115a9419321a2b2bed220b61af2e1671f7ac6e6a2e33b3	9727ecd84fc0abd88a1c8459992dd9afc0c037ca96921a20f9ed1cff9b72add9	"{""cfg_hash"":""6e3411303a8196b0e07523e8d66724b2c6a9380dca7a347caa47b5632620a2a8"",""conformation"":""8x6b"",""entity_id"":""P1MCPUFP__CPUFP500K_0405__00049"",""entity_type"":""candidate"",""monomer_sha256"":""18dcd0629b5987da69292699dfc780ab8da8df425230b3fc47bc75afda99d09b"",""protocol_core_sha256"":""8c55751f66ac2930ce115a9419321a2b2bed220b61af2e1671f7ac6e6a2e33b3"",""restraint_hash"":""cb4c825dedbb6b8ccf1510daf94ccd67c095d4743b9f9b2a3b6dc9fa7c1cda34"",""seed"":42,""sequence_sha256"":""5a1b21aedc7ce0e9adb88ecffe3deb04083d753feebf8535327288316e4ad988""}"	250	TOP200_COMMON4_SEED_COMPLETION	15
CANDIDATE_P1MCPUFP__CPUFP500K_0405__00049_9e6y_s42_8f2895efa377	30	candidate	P1MCPUFP__CPUFP500K_0405__00049		CANDIDATE_UNKNOWN	9e6y	42	5a1b21aedc7ce0e9adb88ecffe3deb04083d753feebf8535327288316e4ad988	26-35	53-59	98-116	27,28,29,30,31,34,35,36,37,38,56,57,58,59,63,64,65,105,106,107,108,109,110,111,112,113,114,115,116,117	inputs/candidate_monomers/P1MCPUFP__CPUFP500K_0405__00049.pdb	frozen_nbb2_archive_extract	H	18dcd0629b5987da69292699dfc780ab8da8df425230b3fc47bc75afda99d09b	inputs/normalized/9e6y_pvrig_receptor.pdb	T	L	A	UniProt_Q6DKI7	7b597e4976340689606e650f7a864d1c028938e4a1d0c4201b7092f53302813a	cb4c825dedbb6b8ccf1510daf94ccd67c095d4743b9f9b2a3b6dc9fa7c1cda34	8c55751f66ac2930ce115a9419321a2b2bed220b61af2e1671f7ac6e6a2e33b3	8c55751f66ac2930ce115a9419321a2b2bed220b61af2e1671f7ac6e6a2e33b3	8f2895efa377ceefa74d7b89bd9322bd43fb0df1f959a37aa763d7fcc681d3c9	"{""cfg_hash"":""7b597e4976340689606e650f7a864d1c028938e4a1d0c4201b7092f53302813a"",""conformation"":""9e6y"",""entity_id"":""P1MCPUFP__CPUFP500K_0405__00049"",""entity_type"":""candidate"",""monomer_sha256"":""18dcd0629b5987da69292699dfc780ab8da8df425230b3fc47bc75afda99d09b"",""protocol_core_sha256"":""8c55751f66ac2930ce115a9419321a2b2bed220b61af2e1671f7ac6e6a2e33b3"",""restraint_hash"":""cb4c825dedbb6b8ccf1510daf94ccd67c095d4743b9f9b2a3b6dc9fa7c1cda34"",""seed"":42,""sequence_sha256"":""5a1b21aedc7ce0e9adb88ecffe3deb04083d753feebf8535327288316e4ad988""}"	250	TOP200_COMMON4_SEED_COMPLETION	15
CANDIDATE_P1MCPUFP__CPUFP500K_0405__00049_8x6b_s3047_210eec95f613	31	candidate	P1MCPUFP__CPUFP500K_0405__00049		CANDIDATE_UNKNOWN	8x6b	3047	5a1b21aedc7ce0e9adb88ecffe3deb04083d753feebf8535327288316e4ad988	26-35	53-59	98-116	27,28,29,30,31,34,35,36,37,38,56,57,58,59,63,64,65,105,106,107,108,109,110,111,112,113,114,115,116,117	inputs/candidate_monomers/P1MCPUFP__CPUFP500K_0405__00049.pdb	frozen_nbb2_archive_extract	H	18dcd0629b5987da69292699dfc780ab8da8df425230b3fc47bc75afda99d09b	inputs/normalized/8x6b_pvrig_receptor.pdb	T	L	A	UniProt_Q6DKI7	21918201f2d7d8fd86e7fbe3003003c516ebb4de914b20d6f1f82a78554f6225	cb4c825dedbb6b8ccf1510daf94ccd67c095d4743b9f9b2a3b6dc9fa7c1cda34	8c55751f66ac2930ce115a9419321a2b2bed220b61af2e1671f7ac6e6a2e33b3	8c55751f66ac2930ce115a9419321a2b2bed220b61af2e1671f7ac6e6a2e33b3	210eec95f613317a8712d2bdd4b807dc6ef1bda1ff0ece9ec29444c0300faef5	"{""cfg_hash"":""21918201f2d7d8fd86e7fbe3003003c516ebb4de914b20d6f1f82a78554f6225"",""conformation"":""8x6b"",""entity_id"":""P1MCPUFP__CPUFP500K_0405__00049"",""entity_type"":""candidate"",""monomer_sha256"":""18dcd0629b5987da69292699dfc780ab8da8df425230b3fc47bc75afda99d09b"",""protocol_core_sha256"":""8c55751f66ac2930ce115a9419321a2b2bed220b61af2e1671f7ac6e6a2e33b3"",""restraint_hash"":""cb4c825dedbb6b8ccf1510daf94ccd67c095d4743b9f9b2a3b6dc9fa7c1cda34"",""seed"":3047,""sequence_sha256"":""5a1b21aedc7ce0e9adb88ecffe3deb04083d753feebf8535327288316e4ad988""}"	250	TOP200_COMMON4_SEED_COMPLETION	15
CANDIDATE_P1MCPUFP__CPUFP500K_0405__00049_9e6y_s3047_927fef1b77a1	32	candidate	P1MCPUFP__CPUFP500K_0405__00049		CANDIDATE_UNKNOWN	9e6y	3047	5a1b21aedc7ce0e9adb88ecffe3deb04083d753feebf8535327288316e4ad988	26-35	53-59	98-116	27,28,29,30,31,34,35,36,37,38,56,57,58,59,63,64,65,105,106,107,108,109,110,111,112,113,114,115,116,117	inputs/candidate_monomers/P1MCPUFP__CPUFP500K_0405__00049.pdb	frozen_nbb2_archive_extract	H	18dcd0629b5987da69292699dfc780ab8da8df425230b3fc47bc75afda99d09b	inputs/normalized/9e6y_pvrig_receptor.pdb	T	L	A	UniProt_Q6DKI7	036faa08876ef5dc8e4331507bf042bf828faae3f3cf5a5fd358a89d5fb215da	cb4c825dedbb6b8ccf1510daf94ccd67c095d4743b9f9b2a3b6dc9fa7c1cda34	8c55751f66ac2930ce115a9419321a2b2bed220b61af2e1671f7ac6e6a2e33b3	8c55751f66ac2930ce115a9419321a2b2bed220b61af2e1671f7ac6e6a2e33b3	927fef1b77a18d0274b3fced4397e4793dc8753b9fe2768d559d7b14cb5cd66e	"{""cfg_hash"":""036faa08876ef5dc8e4331507bf042bf828faae3f3cf5a5fd358a89d5fb215da"",""conformation"":""9e6y"",""entity_id"":""P1MCPUFP__CPUFP500K_0405__00049"",""entity_type"":""candidate"",""monomer_sha256"":""18dcd0629b5987da69292699dfc780ab8da8df425230b3fc47bc75afda99d09b"",""protocol_core_sha256"":""8c55751f66ac2930ce115a9419321a2b2bed220b61af2e1671f7ac6e6a2e33b3"",""restraint_hash"":""cb4c825dedbb6b8ccf1510daf94ccd67c095d4743b9f9b2a3b6dc9fa7c1cda34"",""seed"":3047,""sequence_sha256"":""5a1b21aedc7ce0e9adb88ecffe3deb04083d753feebf8535327288316e4ad988""}"	250	TOP200_COMMON4_SEED_COMPLETION	15
CANDIDATE_P1MCPUFP__CPUFP500K_0100__00188_8x6b_s42_238d721845be	33	candidate	P1MCPUFP__CPUFP500K_0100__00188		CANDIDATE_UNKNOWN	8x6b	42	9c868db5026eb441e514242a1c11d6351f78443c84e2eb7331ba8fcc72e6a7ac	26-35	53-59	98-116	27,28,29,30,31,34,35,36,37,38,56,57,58,59,63,64,65,105,106,107,108,109,110,111,112,113,114,115,116,117	inputs/candidate_monomers/P1MCPUFP__CPUFP500K_0100__00188.pdb	frozen_nbb2_archive_extract	H	59f1fc965cf2c70e1480a9660af492718c87e6fff7ddf97fe75638bddc0ddd02	inputs/normalized/8x6b_pvrig_receptor.pdb	T	L	A	UniProt_Q6DKI7	6e3411303a8196b0e07523e8d66724b2c6a9380dca7a347caa47b5632620a2a8	cb4c825dedbb6b8ccf1510daf94ccd67c095d4743b9f9b2a3b6dc9fa7c1cda34	8c55751f66ac2930ce115a9419321a2b2bed220b61af2e1671f7ac6e6a2e33b3	8c55751f66ac2930ce115a9419321a2b2bed220b61af2e1671f7ac6e6a2e33b3	238d721845bec08f85cf54093449563c46b51dbc7ca1c2b9daa9d864bcf62a9a	"{""cfg_hash"":""6e3411303a8196b0e07523e8d66724b2c6a9380dca7a347caa47b5632620a2a8"",""conformation"":""8x6b"",""entity_id"":""P1MCPUFP__CPUFP500K_0100__00188"",""entity_type"":""candidate"",""monomer_sha256"":""59f1fc965cf2c70e1480a9660af492718c87e6fff7ddf97fe75638bddc0ddd02"",""protocol_core_sha256"":""8c55751f66ac2930ce115a9419321a2b2bed220b61af2e1671f7ac6e6a2e33b3"",""restraint_hash"":""cb4c825dedbb6b8ccf1510daf94ccd67c095d4743b9f9b2a3b6dc9fa7c1cda34"",""seed"":42,""sequence_sha256"":""9c868db5026eb441e514242a1c11d6351f78443c84e2eb7331ba8fcc72e6a7ac""}"	166	TOP200_COMMON4_SEED_COMPLETION	16
CANDIDATE_P1MCPUFP__CPUFP500K_0100__00188_9e6y_s42_c468246bc5f7	34	candidate	P1MCPUFP__CPUFP500K_0100__00188		CANDIDATE_UNKNOWN	9e6y	42	9c868db5026eb441e514242a1c11d6351f78443c84e2eb7331ba8fcc72e6a7ac	26-35	53-59	98-116	27,28,29,30,31,34,35,36,37,38,56,57,58,59,63,64,65,105,106,107,108,109,110,111,112,113,114,115,116,117	inputs/candidate_monomers/P1MCPUFP__CPUFP500K_0100__00188.pdb	frozen_nbb2_archive_extract	H	59f1fc965cf2c70e1480a9660af492718c87e6fff7ddf97fe75638bddc0ddd02	inputs/normalized/9e6y_pvrig_receptor.pdb	T	L	A	UniProt_Q6DKI7	7b597e4976340689606e650f7a864d1c028938e4a1d0c4201b7092f53302813a	cb4c825dedbb6b8ccf1510daf94ccd67c095d4743b9f9b2a3b6dc9fa7c1cda34	8c55751f66ac2930ce115a9419321a2b2bed220b61af2e1671f7ac6e6a2e33b3	8c55751f66ac2930ce115a9419321a2b2bed220b61af2e1671f7ac6e6a2e33b3	c468246bc5f750a9002a17eaf81e01f284645d7a443d60e7a44ffbdba885dcc1	"{""cfg_hash"":""7b597e4976340689606e650f7a864d1c028938e4a1d0c4201b7092f53302813a"",""conformation"":""9e6y"",""entity_id"":""P1MCPUFP__CPUFP500K_0100__00188"",""entity_type"":""candidate"",""monomer_sha256"":""59f1fc965cf2c70e1480a9660af492718c87e6fff7ddf97fe75638bddc0ddd02"",""protocol_core_sha256"":""8c55751f66ac2930ce115a9419321a2b2bed220b61af2e1671f7ac6e6a2e33b3"",""restraint_hash"":""cb4c825dedbb6b8ccf1510daf94ccd67c095d4743b9f9b2a3b6dc9fa7c1cda34"",""seed"":42,""sequence_sha256"":""9c868db5026eb441e514242a1c11d6351f78443c84e2eb7331ba8fcc72e6a7ac""}"	166	TOP200_COMMON4_SEED_COMPLETION	16
CANDIDATE_P1MCPUFP__CPUFP500K_0100__00188_8x6b_s3047_863a12728166	35	candidate	P1MCPUFP__CPUFP500K_0100__00188		CANDIDATE_UNKNOWN	8x6b	3047	9c868db5026eb441e514242a1c11d6351f78443c84e2eb7331ba8fcc72e6a7ac	26-35	53-59	98-116	27,28,29,30,31,34,35,36,37,38,56,57,58,59,63,64,65,105,106,107,108,109,110,111,112,113,114,115,116,117	inputs/candidate_monomers/P1MCPUFP__CPUFP500K_0100__00188.pdb	frozen_nbb2_archive_extract	H	59f1fc965cf2c70e1480a9660af492718c87e6fff7ddf97fe75638bddc0ddd02	inputs/normalized/8x6b_pvrig_receptor.pdb	T	L	A	UniProt_Q6DKI7	21918201f2d7d8fd86e7fbe3003003c516ebb4de914b20d6f1f82a78554f6225	cb4c825dedbb6b8ccf1510daf94ccd67c095d4743b9f9b2a3b6dc9fa7c1cda34	8c55751f66ac2930ce115a9419321a2b2bed220b61af2e1671f7ac6e6a2e33b3	8c55751f66ac2930ce115a9419321a2b2bed220b61af2e1671f7ac6e6a2e33b3	863a127281669976bf5946c5a579c1685c7daa60db0c4084ba26bd243706fc1f	"{""cfg_hash"":""21918201f2d7d8fd86e7fbe3003003c516ebb4de914b20d6f1f82a78554f6225"",""conformation"":""8x6b"",""entity_id"":""P1MCPUFP__CPUFP500K_0100__00188"",""entity_type"":""candidate"",""monomer_sha256"":""59f1fc965cf2c70e1480a9660af492718c87e6fff7ddf97fe75638bddc0ddd02"",""protocol_core_sha256"":""8c55751f66ac2930ce115a9419321a2b2bed220b61af2e1671f7ac6e6a2e33b3"",""restraint_hash"":""cb4c825dedbb6b8ccf1510daf94ccd67c095d4743b9f9b2a3b6dc9fa7c1cda34"",""seed"":3047,""sequence_sha256"":""9c868db5026eb441e514242a1c11d6351f78443c84e2eb7331ba8fcc72e6a7ac""}"	166	TOP200_COMMON4_SEED_COMPLETION	16
CANDIDATE_P1MCPUFP__CPUFP500K_0100__00188_9e6y_s3047_7060b1b9529f	36	candidate	P1MCPUFP__CPUFP500K_0100__00188		CANDIDATE_UNKNOWN	9e6y	3047	9c868db5026eb441e514242a1c11d6351f78443c84e2eb7331ba8fcc72e6a7ac	26-35	53-59	98-116	27,28,29,30,31,34,35,36,37,38,56,57,58,59,63,64,65,105,106,107,108,109,110,111,112,113,114,115,116,117	inputs/candidate_monomers/P1MCPUFP__CPUFP500K_0100__00188.pdb	frozen_nbb2_archive_extract	H	59f1fc965cf2c70e1480a9660af492718c87e6fff7ddf97fe75638bddc0ddd02	inputs/normalized/9e6y_pvrig_receptor.pdb	T	L	A	UniProt_Q6DKI7	036faa08876ef5dc8e4331507bf042bf828faae3f3cf5a5fd358a89d5fb215da	cb4c825dedbb6b8ccf1510daf94ccd67c095d4743b9f9b2a3b6dc9fa7c1cda34	8c55751f66ac2930ce115a9419321a2b2bed220b61af2e1671f7ac6e6a2e33b3	8c55751f66ac2930ce115a9419321a2b2bed220b61af2e1671f7ac6e6a2e33b3	7060b1b9529f7d6af0e050fe9ab963f3123267b7c2c01ffd9d690d80437c4183	"{""cfg_hash"":""036faa08876ef5dc8e4331507bf042bf828faae3f3cf5a5fd358a89d5fb215da"",""conformation"":""9e6y"",""entity_id"":""P1MCPUFP__CPUFP500K_0100__00188"",""entity_type"":""candidate"",""monomer_sha256"":""59f1fc965cf2c70e1480a9660af492718c87e6fff7ddf97fe75638bddc0ddd02"",""protocol_core_sha256"":""8c55751f66ac2930ce115a9419321a2b2bed220b61af2e1671f7ac6e6a2e33b3"",""restraint_hash"":""cb4c825dedbb6b8ccf1510daf94ccd67c095d4743b9f9b2a3b6dc9fa7c1cda34"",""seed"":3047,""sequence_sha256"":""9c868db5026eb441e514242a1c11d6351f78443c84e2eb7331ba8fcc72e6a7ac""}"	166	TOP200_COMMON4_SEED_COMPLETION	16
CANDIDATE_P1MCPUFP__CPUFP500K_0189__00858_8x6b_s42_b66f93878be8	37	candidate	P1MCPUFP__CPUFP500K_0189__00858		CANDIDATE_UNKNOWN	8x6b	42	0d999dc1b693bc19c667df3a8f6934def9a35327ac896cb1edda2ebda12f66a4	26-35	53-59	98-116	27,28,29,30,31,34,35,36,37,38,56,57,58,59,63,64,65,105,106,107,108,109,110,111,112,113,114,115,116,117	inputs/candidate_monomers/P1MCPUFP__CPUFP500K_0189__00858.pdb	frozen_nbb2_archive_extract	H	58d54cb174c2a44531f62abef9d626989a849c958a919c67c0f7884ffe4ef818	inputs/normalized/8x6b_pvrig_receptor.pdb	T	L	A	UniProt_Q6DKI7	6e3411303a8196b0e07523e8d66724b2c6a9380dca7a347caa47b5632620a2a8	cb4c825dedbb6b8ccf1510daf94ccd67c095d4743b9f9b2a3b6dc9fa7c1cda34	8c55751f66ac2930ce115a9419321a2b2bed220b61af2e1671f7ac6e6a2e33b3	8c55751f66ac2930ce115a9419321a2b2bed220b61af2e1671f7ac6e6a2e33b3	b66f93878be8e92f102b7ebc73a364cf4cec7a91978a38a4ce2c8b8e4669a6d4	"{""cfg_hash"":""6e3411303a8196b0e07523e8d66724b2c6a9380dca7a347caa47b5632620a2a8"",""conformation"":""8x6b"",""entity_id"":""P1MCPUFP__CPUFP500K_0189__00858"",""entity_type"":""candidate"",""monomer_sha256"":""58d54cb174c2a44531f62abef9d626989a849c958a919c67c0f7884ffe4ef818"",""protocol_core_sha256"":""8c55751f66ac2930ce115a9419321a2b2bed220b61af2e1671f7ac6e6a2e33b3"",""restraint_hash"":""cb4c825dedbb6b8ccf1510daf94ccd67c095d4743b9f9b2a3b6dc9fa7c1cda34"",""seed"":42,""sequence_sha256"":""0d999dc1b693bc19c667df3a8f6934def9a35327ac896cb1edda2ebda12f66a4""}"	327	TOP200_COMMON4_SEED_COMPLETION	22
CANDIDATE_P1MCPUFP__CPUFP500K_0189__00858_9e6y_s42_368562bfa145	38	candidate	P1MCPUFP__CPUFP500K_0189__00858		CANDIDATE_UNKNOWN	9e6y	42	0d999dc1b693bc19c667df3a8f6934def9a35327ac896cb1edda2ebda12f66a4	26-35	53-59	98-116	27,28,29,30,31,34,35,36,37,38,56,57,58,59,63,64,65,105,106,107,108,109,110,111,112,113,114,115,116,117	inputs/candidate_monomers/P1MCPUFP__CPUFP500K_0189__00858.pdb	frozen_nbb2_archive_extract	H	58d54cb174c2a44531f62abef9d626989a849c958a919c67c0f7884ffe4ef818	inputs/normalized/9e6y_pvrig_receptor.pdb	T	L	A	UniProt_Q6DKI7	7b597e4976340689606e650f7a864d1c028938e4a1d0c4201b7092f53302813a	cb4c825dedbb6b8ccf1510daf94ccd67c095d4743b9f9b2a3b6dc9fa7c1cda34	8c55751f66ac2930ce115a9419321a2b2bed220b61af2e1671f7ac6e6a2e33b3	8c55751f66ac2930ce115a9419321a2b2bed220b61af2e1671f7ac6e6a2e33b3	368562bfa145822736b3c0f1daf1a7081d3785fc4cf17617138dbea3b3faaffc	"{""cfg_hash"":""7b597e4976340689606e650f7a864d1c028938e4a1d0c4201b7092f53302813a"",""conformation"":""9e6y"",""entity_id"":""P1MCPUFP__CPUFP500K_0189__00858"",""entity_type"":""candidate"",""monomer_sha256"":""58d54cb174c2a44531f62abef9d626989a849c958a919c67c0f7884ffe4ef818"",""protocol_core_sha256"":""8c55751f66ac2930ce115a9419321a2b2bed220b61af2e1671f7ac6e6a2e33b3"",""restraint_hash"":""cb4c825dedbb6b8ccf1510daf94ccd67c095d4743b9f9b2a3b6dc9fa7c1cda34"",""seed"":42,""sequence_sha256"":""0d999dc1b693bc19c667df3a8f6934def9a35327ac896cb1edda2ebda12f66a4""}"	327	TOP200_COMMON4_SEED_COMPLETION	22
CANDIDATE_P1MCPUFP__CPUFP500K_0189__00858_8x6b_s3047_cc8c674bb23c	39	candidate	P1MCPUFP__CPUFP500K_0189__00858		CANDIDATE_UNKNOWN	8x6b	3047	0d999dc1b693bc19c667df3a8f6934def9a35327ac896cb1edda2ebda12f66a4	26-35	53-59	98-116	27,28,29,30,31,34,35,36,37,38,56,57,58,59,63,64,65,105,106,107,108,109,110,111,112,113,114,115,116,117	inputs/candidate_monomers/P1MCPUFP__CPUFP500K_0189__00858.pdb	frozen_nbb2_archive_extract	H	58d54cb174c2a44531f62abef9d626989a849c958a919c67c0f7884ffe4ef818	inputs/normalized/8x6b_pvrig_receptor.pdb	T	L	A	UniProt_Q6DKI7	21918201f2d7d8fd86e7fbe3003003c516ebb4de914b20d6f1f82a78554f6225	cb4c825dedbb6b8ccf1510daf94ccd67c095d4743b9f9b2a3b6dc9fa7c1cda34	8c55751f66ac2930ce115a9419321a2b2bed220b61af2e1671f7ac6e6a2e33b3	8c55751f66ac2930ce115a9419321a2b2bed220b61af2e1671f7ac6e6a2e33b3	cc8c674bb23c8c26758754ac1511fb0975a60873337bc52e65d534fed028b4ac	"{""cfg_hash"":""21918201f2d7d8fd86e7fbe3003003c516ebb4de914b20d6f1f82a78554f6225"",""conformation"":""8x6b"",""entity_id"":""P1MCPUFP__CPUFP500K_0189__00858"",""entity_type"":""candidate"",""monomer_sha256"":""58d54cb174c2a44531f62abef9d626989a849c958a919c67c0f7884ffe4ef818"",""protocol_core_sha256"":""8c55751f66ac2930ce115a9419321a2b2bed220b61af2e1671f7ac6e6a2e33b3"",""restraint_hash"":""cb4c825dedbb6b8ccf1510daf94ccd67c095d4743b9f9b2a3b6dc9fa7c1cda34"",""seed"":3047,""sequence_sha256"":""0d999dc1b693bc19c667df3a8f6934def9a35327ac896cb1edda2ebda12f66a4""}"	327	TOP200_COMMON4_SEED_COMPLETION	22
CANDIDATE_P1MCPUFP__CPUFP500K_0189__00858_9e6y_s3047_9600015a3628	40	candidate	P1MCPUFP__CPUFP500K_0189__00858		CANDIDATE_UNKNOWN	9e6y	3047	0d999dc1b693bc19c667df3a8f6934def9a35327ac896cb1edda2ebda12f66a4	26-35	53-59	98-116	27,28,29,30,31,34,35,36,37,38,56,57,58,59,63,64,65,105,106,107,108,109,110,111,112,113,114,115,116,117	inputs/candidate_monomers/P1MCPUFP__CPUFP500K_0189__00858.pdb	frozen_nbb2_archive_extract	H	58d54cb174c2a44531f62abef9d626989a849c958a919c67c0f7884ffe4ef818	inputs/normalized/9e6y_pvrig_receptor.pdb	T	L	A	UniProt_Q6DKI7	036faa08876ef5dc8e4331507bf042bf828faae3f3cf5a5fd358a89d5fb215da	cb4c825dedbb6b8ccf1510daf94ccd67c095d4743b9f9b2a3b6dc9fa7c1cda34	8c55751f66ac2930ce115a9419321a2b2bed220b61af2e1671f7ac6e6a2e33b3	8c55751f66ac2930ce115a9419321a2b2bed220b61af2e1671f7ac6e6a2e33b3	9600015a3628cc44b4e04599c9f7f5678a2cfe1de00816cf460da235c5a6ee12	"{""cfg_hash"":""036faa08876ef5dc8e4331507bf042bf828faae3f3cf5a5fd358a89d5fb215da"",""conformation"":""9e6y"",""entity_id"":""P1MCPUFP__CPUFP500K_0189__00858"",""entity_type"":""candidate"",""monomer_sha256"":""58d54cb174c2a44531f62abef9d626989a849c958a919c67c0f7884ffe4ef818"",""protocol_core_sha256"":""8c55751f66ac2930ce115a9419321a2b2bed220b61af2e1671f7ac6e6a2e33b3"",""restraint_hash"":""cb4c825dedbb6b8ccf1510daf94ccd67c095d4743b9f9b2a3b6dc9fa7c1cda34"",""seed"":3047,""sequence_sha256"":""0d999dc1b693bc19c667df3a8f6934def9a35327ac896cb1edda2ebda12f66a4""}"	327	TOP200_COMMON4_SEED_COMPLETION	22
CANDIDATE_P1MCPUFP__CPUFP500K_0496__00432_8x6b_s42_e7c42835d899	41	candidate	P1MCPUFP__CPUFP500K_0496__00432		CANDIDATE_UNKNOWN	8x6b	42	ea6d6f18b0c566535e0110cd0a3789883dfd5d4cd1b3e5e0714aab803c5d1c34	26-35	53-59	98-116	27,28,29,30,31,34,35,36,37,38,56,57,58,59,63,64,65,105,106,107,108,109,110,111,112,113,114,115,116,117	inputs/candidate_monomers/P1MCPUFP__CPUFP500K_0496__00432.pdb	frozen_nbb2_archive_extract	H	114cca376677eab22b0bfb491ad94b1939f8f4e25b7c3a49f058a70be4bddc02	inputs/normalized/8x6b_pvrig_receptor.pdb	T	L	A	UniProt_Q6DKI7	6e3411303a8196b0e07523e8d66724b2c6a9380dca7a347caa47b5632620a2a8	cb4c825dedbb6b8ccf1510daf94ccd67c095d4743b9f9b2a3b6dc9fa7c1cda34	8c55751f66ac2930ce115a9419321a2b2bed220b61af2e1671f7ac6e6a2e33b3	8c55751f66ac2930ce115a9419321a2b2bed220b61af2e1671f7ac6e6a2e33b3	e7c42835d89972f26322862b9593e0ddd05dcc46ed0edf191f716907a42ff28d	"{""cfg_hash"":""6e3411303a8196b0e07523e8d66724b2c6a9380dca7a347caa47b5632620a2a8"",""conformation"":""8x6b"",""entity_id"":""P1MCPUFP__CPUFP500K_0496__00432"",""entity_type"":""candidate"",""monomer_sha256"":""114cca376677eab22b0bfb491ad94b1939f8f4e25b7c3a49f058a70be4bddc02"",""protocol_core_sha256"":""8c55751f66ac2930ce115a9419321a2b2bed220b61af2e1671f7ac6e6a2e33b3"",""restraint_hash"":""cb4c825dedbb6b8ccf1510daf94ccd67c095d4743b9f9b2a3b6dc9fa7c1cda34"",""seed"":42,""sequence_sha256"":""ea6d6f18b0c566535e0110cd0a3789883dfd5d4cd1b3e5e0714aab803c5d1c34""}"	112	TOP200_COMMON4_SEED_COMPLETION	26
CANDIDATE_P1MCPUFP__CPUFP500K_0496__00432_9e6y_s42_bde1d3278297	42	candidate	P1MCPUFP__CPUFP500K_0496__00432		CANDIDATE_UNKNOWN	9e6y	42	ea6d6f18b0c566535e0110cd0a3789883dfd5d4cd1b3e5e0714aab803c5d1c34	26-35	53-59	98-116	27,28,29,30,31,34,35,36,37,38,56,57,58,59,63,64,65,105,106,107,108,109,110,111,112,113,114,115,116,117	inputs/candidate_monomers/P1MCPUFP__CPUFP500K_0496__00432.pdb	frozen_nbb2_archive_extract	H	114cca376677eab22b0bfb491ad94b1939f8f4e25b7c3a49f058a70be4bddc02	inputs/normalized/9e6y_pvrig_receptor.pdb	T	L	A	UniProt_Q6DKI7	7b597e4976340689606e650f7a864d1c028938e4a1d0c4201b7092f53302813a	cb4c825dedbb6b8ccf1510daf94ccd67c095d4743b9f9b2a3b6dc9fa7c1cda34	8c55751f66ac2930ce115a9419321a2b2bed220b61af2e1671f7ac6e6a2e33b3	8c55751f66ac2930ce115a9419321a2b2bed220b61af2e1671f7ac6e6a2e33b3	bde1d3278297727a972f14c304e66f0389c22f80de8f8fddfcb121e4e27f65ce	"{""cfg_hash"":""7b597e4976340689606e650f7a864d1c028938e4a1d0c4201b7092f53302813a"",""conformation"":""9e6y"",""entity_id"":""P1MCPUFP__CPUFP500K_0496__00432"",""entity_type"":""candidate"",""monomer_sha256"":""114cca376677eab22b0bfb491ad94b1939f8f4e25b7c3a49f058a70be4bddc02"",""protocol_core_sha256"":""8c55751f66ac2930ce115a9419321a2b2bed220b61af2e1671f7ac6e6a2e33b3"",""restraint_hash"":""cb4c825dedbb6b8ccf1510daf94ccd67c095d4743b9f9b2a3b6dc9fa7c1cda34"",""seed"":42,""sequence_sha256"":""ea6d6f18b0c566535e0110cd0a3789883dfd5d4cd1b3e5e0714aab803c5d1c34""}"	112	TOP200_COMMON4_SEED_COMPLETION	26
CANDIDATE_P1MCPUFP__CPUFP500K_0496__00432_8x6b_s3047_adf35ac9babb	43	candidate	P1MCPUFP__CPUFP500K_0496__00432		CANDIDATE_UNKNOWN	8x6b	3047	ea6d6f18b0c566535e0110cd0a3789883dfd5d4cd1b3e5e0714aab803c5d1c34	26-35	53-59	98-116	27,28,29,30,31,34,35,36,37,38,56,57,58,59,63,64,65,105,106,107,108,109,110,111,112,113,114,115,116,117	inputs/candidate_monomers/P1MCPUFP__CPUFP500K_0496__00432.pdb	frozen_nbb2_archive_extract	H	114cca376677eab22b0bfb491ad94b1939f8f4e25b7c3a49f058a70be4bddc02	inputs/normalized/8x6b_pvrig_receptor.pdb	T	L	A	UniProt_Q6DKI7	21918201f2d7d8fd86e7fbe3003003c516ebb4de914b20d6f1f82a78554f6225	cb4c825dedbb6b8ccf1510daf94ccd67c095d4743b9f9b2a3b6dc9fa7c1cda34	8c55751f66ac2930ce115a9419321a2b2bed220b61af2e1671f7ac6e6a2e33b3	8c55751f66ac2930ce115a9419321a2b2bed220b61af2e1671f7ac6e6a2e33b3	adf35ac9babb07aba6d066837969a9b9a682840cd578a841aa2c1c31c825fde6	"{""cfg_hash"":""21918201f2d7d8fd86e7fbe3003003c516ebb4de914b20d6f1f82a78554f6225"",""conformation"":""8x6b"",""entity_id"":""P1MCPUFP__CPUFP500K_0496__00432"",""entity_type"":""candidate"",""monomer_sha256"":""114cca376677eab22b0bfb491ad94b1939f8f4e25b7c3a49f058a70be4bddc02"",""protocol_core_sha256"":""8c55751f66ac2930ce115a9419321a2b2bed220b61af2e1671f7ac6e6a2e33b3"",""restraint_hash"":""cb4c825dedbb6b8ccf1510daf94ccd67c095d4743b9f9b2a3b6dc9fa7c1cda34"",""seed"":3047,""sequence_sha256"":""ea6d6f18b0c566535e0110cd0a3789883dfd5d4cd1b3e5e0714aab803c5d1c34""}"	112	TOP200_COMMON4_SEED_COMPLETION	26
CANDIDATE_P1MCPUFP__CPUFP500K_0496__00432_9e6y_s3047_e8be94aa1431	44	candidate	P1MCPUFP__CPUFP500K_0496__00432		CANDIDATE_UNKNOWN	9e6y	3047	ea6d6f18b0c566535e0110cd0a3789883dfd5d4cd1b3e5e0714aab803c5d1c34	26-35	53-59	98-116	27,28,29,30,31,34,35,36,37,38,56,57,58,59,63,64,65,105,106,107,108,109,110,111,112,113,114,115,116,117	inputs/candidate_monomers/P1MCPUFP__CPUFP500K_0496__00432.pdb	frozen_nbb2_archive_extract	H	114cca376677eab22b0bfb491ad94b1939f8f4e25b7c3a49f058a70be4bddc02	inputs/normalized/9e6y_pvrig_receptor.pdb	T	L	A	UniProt_Q6DKI7	036faa08876ef5dc8e4331507bf042bf828faae3f3cf5a5fd358a89d5fb215da	cb4c825dedbb6b8ccf1510daf94ccd67c095d4743b9f9b2a3b6dc9fa7c1cda34	8c55751f66ac2930ce115a9419321a2b2bed220b61af2e1671f7ac6e6a2e33b3	8c55751f66ac2930ce115a9419321a2b2bed220b61af2e1671f7ac6e6a2e33b3	e8be94aa14317c02fd34f74fe7282e4cc5aff092cbe949959255a3fb5971d721	"{""cfg_hash"":""036faa08876ef5dc8e4331507bf042bf828faae3f3cf5a5fd358a89d5fb215da"",""conformation"":""9e6y"",""entity_id"":""P1MCPUFP__CPUFP500K_0496__00432"",""entity_type"":""candidate"",""monomer_sha256"":""114cca376677eab22b0bfb491ad94b1939f8f4e25b7c3a49f058a70be4bddc02"",""protocol_core_sha256"":""8c55751f66ac2930ce115a9419321a2b2bed220b61af2e1671f7ac6e6a2e33b3"",""restraint_hash"":""cb4c825dedbb6b8ccf1510daf94ccd67c095d4743b9f9b2a3b6dc9fa7c1cda34"",""seed"":3047,""sequence_sha256"":""ea6d6f18b0c566535e0110cd0a3789883dfd5d4cd1b3e5e0714aab803c5d1c34""}"	112	TOP200_COMMON4_SEED_COMPLETION	26
CANDIDATE_P1MCPUFP__CPUFP500K_0108__00327_8x6b_s42_98cf5a02d17b	45	candidate	P1MCPUFP__CPUFP500K_0108__00327		CANDIDATE_UNKNOWN	8x6b	42	a153e5083f3a1729f4271568788bcfb25c39073de4a66b5c9c29e46def7505bf	26-35	53-59	98-116	27,28,29,30,31,34,35,36,37,38,56,57,58,59,63,64,65,105,106,107,108,109,110,111,112,113,114,115,116,117	inputs/candidate_monomers/P1MCPUFP__CPUFP500K_0108__00327.pdb	frozen_nbb2_archive_extract	H	efa062ff1fd0547e4ad89e286916d81b3fe7df1abecc06b13b0e6155af00add5	inputs/normalized/8x6b_pvrig_receptor.pdb	T	L	A	UniProt_Q6DKI7	6e3411303a8196b0e07523e8d66724b2c6a9380dca7a347caa47b5632620a2a8	cb4c825dedbb6b8ccf1510daf94ccd67c095d4743b9f9b2a3b6dc9fa7c1cda34	8c55751f66ac2930ce115a9419321a2b2bed220b61af2e1671f7ac6e6a2e33b3	8c55751f66ac2930ce115a9419321a2b2bed220b61af2e1671f7ac6e6a2e33b3	98cf5a02d17b9d293e21a9d99f2688705b04a36693af5766be10113fbe7658a2	"{""cfg_hash"":""6e3411303a8196b0e07523e8d66724b2c6a9380dca7a347caa47b5632620a2a8"",""conformation"":""8x6b"",""entity_id"":""P1MCPUFP__CPUFP500K_0108__00327"",""entity_type"":""candidate"",""monomer_sha256"":""efa062ff1fd0547e4ad89e286916d81b3fe7df1abecc06b13b0e6155af00add5"",""protocol_core_sha256"":""8c55751f66ac2930ce115a9419321a2b2bed220b61af2e1671f7ac6e6a2e33b3"",""restraint_hash"":""cb4c825dedbb6b8ccf1510daf94ccd67c095d4743b9f9b2a3b6dc9fa7c1cda34"",""seed"":42,""sequence_sha256"":""a153e5083f3a1729f4271568788bcfb25c39073de4a66b5c9c29e46def7505bf""}"	124	TOP200_COMMON4_SEED_COMPLETION	34
CANDIDATE_P1MCPUFP__CPUFP500K_0108__00327_9e6y_s42_605560209d00	46	candidate	P1MCPUFP__CPUFP500K_0108__00327		CANDIDATE_UNKNOWN	9e6y	42	a153e5083f3a1729f4271568788bcfb25c39073de4a66b5c9c29e46def7505bf	26-35	53-59	98-116	27,28,29,30,31,34,35,36,37,38,56,57,58,59,63,64,65,105,106,107,108,109,110,111,112,113,114,115,116,117	inputs/candidate_monomers/P1MCPUFP__CPUFP500K_0108__00327.pdb	frozen_nbb2_archive_extract	H	efa062ff1fd0547e4ad89e286916d81b3fe7df1abecc06b13b0e6155af00add5	inputs/normalized/9e6y_pvrig_receptor.pdb	T	L	A	UniProt_Q6DKI7	7b597e4976340689606e650f7a864d1c028938e4a1d0c4201b7092f53302813a	cb4c825dedbb6b8ccf1510daf94ccd67c095d4743b9f9b2a3b6dc9fa7c1cda34	8c55751f66ac2930ce115a9419321a2b2bed220b61af2e1671f7ac6e6a2e33b3	8c55751f66ac2930ce115a9419321a2b2bed220b61af2e1671f7ac6e6a2e33b3	605560209d004de86357d3d28dccc5a8f71e148e4bfa3ffc3bbb7920fce8b4f0	"{""cfg_hash"":""7b597e4976340689606e650f7a864d1c028938e4a1d0c4201b7092f53302813a"",""conformation"":""9e6y"",""entity_id"":""P1MCPUFP__CPUFP500K_0108__00327"",""entity_type"":""candidate"",""monomer_sha256"":""efa062ff1fd0547e4ad89e286916d81b3fe7df1abecc06b13b0e6155af00add5"",""protocol_core_sha256"":""8c55751f66ac2930ce115a9419321a2b2bed220b61af2e1671f7ac6e6a2e33b3"",""restraint_hash"":""cb4c825dedbb6b8ccf1510daf94ccd67c095d4743b9f9b2a3b6dc9fa7c1cda34"",""seed"":42,""sequence_sha256"":""a153e5083f3a1729f4271568788bcfb25c39073de4a66b5c9c29e46def7505bf""}"	124	TOP200_COMMON4_SEED_COMPLETION	34
CANDIDATE_P1MCPUFP__CPUFP500K_0108__00327_8x6b_s3047_650248d40e0c	47	candidate	P1MCPUFP__CPUFP500K_0108__00327		CANDIDATE_UNKNOWN	8x6b	3047	a153e5083f3a1729f4271568788bcfb25c39073de4a66b5c9c29e46def7505bf	26-35	53-59	98-116	27,28,29,30,31,34,35,36,37,38,56,57,58,59,63,64,65,105,106,107,108,109,110,111,112,113,114,115,116,117	inputs/candidate_monomers/P1MCPUFP__CPUFP500K_0108__00327.pdb	frozen_nbb2_archive_extract	H	efa062ff1fd0547e4ad89e286916d81b3fe7df1abecc06b13b0e6155af00add5	inputs/normalized/8x6b_pvrig_receptor.pdb	T	L	A	UniProt_Q6DKI7	21918201f2d7d8fd86e7fbe3003003c516ebb4de914b20d6f1f82a78554f6225	cb4c825dedbb6b8ccf1510daf94ccd67c095d4743b9f9b2a3b6dc9fa7c1cda34	8c55751f66ac2930ce115a9419321a2b2bed220b61af2e1671f7ac6e6a2e33b3	8c55751f66ac2930ce115a9419321a2b2bed220b61af2e1671f7ac6e6a2e33b3	650248d40e0cc4e77c0b9125e6dda9daa10bbc4ab1fa052f9cdee3fef0372661	"{""cfg_hash"":""21918201f2d7d8fd86e7fbe3003003c516ebb4de914b20d6f1f82a78554f6225"",""conformation"":""8x6b"",""entity_id"":""P1MCPUFP__CPUFP500K_0108__00327"",""entity_type"":""candidate"",""monomer_sha256"":""efa062ff1fd0547e4ad89e286916d81b3fe7df1abecc06b13b0e6155af00add5"",""protocol_core_sha256"":""8c55751f66ac2930ce115a9419321a2b2bed220b61af2e1671f7ac6e6a2e33b3"",""restraint_hash"":""cb4c825dedbb6b8ccf1510daf94ccd67c095d4743b9f9b2a3b6dc9fa7c1cda34"",""seed"":3047,""sequence_sha256"":""a153e5083f3a1729f4271568788bcfb25c39073de4a66b5c9c29e46def7505bf""}"	124	TOP200_COMMON4_SEED_COMPLETION	34
CANDIDATE_P1MCPUFP__CPUFP500K_0108__00327_9e6y_s3047_57b65a3fe8d0	48	candidate	P1MCPUFP__CPUFP500K_0108__00327		CANDIDATE_UNKNOWN	9e6y	3047	a153e5083f3a1729f4271568788bcfb25c39073de4a66b5c9c29e46def7505bf	26-35	53-59	98-116	27,28,29,30,31,34,35,36,37,38,56,57,58,59,63,64,65,105,106,107,108,109,110,111,112,113,114,115,116,117	inputs/candidate_monomers/P1MCPUFP__CPUFP500K_0108__00327.pdb	frozen_nbb2_archive_extract	H	efa062ff1fd0547e4ad89e286916d81b3fe7df1abecc06b13b0e6155af00add5	inputs/normalized/9e6y_pvrig_receptor.pdb	T	L	A	UniProt_Q6DKI7	036faa08876ef5dc8e4331507bf042bf828faae3f3cf5a5fd358a89d5fb215da	cb4c825dedbb6b8ccf1510daf94ccd67c095d4743b9f9b2a3b6dc9fa7c1cda34	8c55751f66ac2930ce115a9419321a2b2bed220b61af2e1671f7ac6e6a2e33b3	8c55751f66ac2930ce115a9419321a2b2bed220b61af2e1671f7ac6e6a2e33b3	57b65a3fe8d00d8aa12e6a0b05b52fec7467ddfb9ab39ab19c3352cca41d190d	"{""cfg_hash"":""036faa08876ef5dc8e4331507bf042bf828faae3f3cf5a5fd358a89d5fb215da"",""conformation"":""9e6y"",""entity_id"":""P1MCPUFP__CPUFP500K_0108__00327"",""entity_type"":""candidate"",""monomer_sha256"":""efa062ff1fd0547e4ad89e286916d81b3fe7df1abecc06b13b0e6155af00add5"",""protocol_core_sha256"":""8c55751f66ac2930ce115a9419321a2b2bed220b61af2e1671f7ac6e6a2e33b3"",""restraint_hash"":""cb4c825dedbb6b8ccf1510daf94ccd67c095d4743b9f9b2a3b6dc9fa7c1cda34"",""seed"":3047,""sequence_sha256"":""a153e5083f3a1729f4271568788bcfb25c39073de4a66b5c9c29e46def7505bf""}"	124	TOP200_COMMON4_SEED_COMPLETION	34
CANDIDATE_P1MCPUFP__CPUFP500K_0397__00076_8x6b_s42_9d60f57a2429	49	candidate	P1MCPUFP__CPUFP500K_0397__00076		CANDIDATE_UNKNOWN	8x6b	42	b2d552ee19e076f9cb42c98f617939f0f64f7acf6682a00860680f070e6b8114	26-35	53-59	98-116	27,28,29,30,31,34,35,36,37,38,56,57,58,59,63,64,65,105,106,107,108,109,110,111,112,113,114,115,116,117	inputs/candidate_monomers/P1MCPUFP__CPUFP500K_0397__00076.pdb	frozen_nbb2_archive_extract	H	199119b8b2392131b5c7bb83090a2a142b306e0846e08c725282f02bee138ab1	inputs/normalized/8x6b_pvrig_receptor.pdb	T	L	A	UniProt_Q6DKI7	6e3411303a8196b0e07523e8d66724b2c6a9380dca7a347caa47b5632620a2a8	cb4c825dedbb6b8ccf1510daf94ccd67c095d4743b9f9b2a3b6dc9fa7c1cda34	8c55751f66ac2930ce115a9419321a2b2bed220b61af2e1671f7ac6e6a2e33b3	8c55751f66ac2930ce115a9419321a2b2bed220b61af2e1671f7ac6e6a2e33b3	9d60f57a2429fba9d85f7cefe50bff3a3242dafc89341aea6d403e60eec0519b	"{""cfg_hash"":""6e3411303a8196b0e07523e8d66724b2c6a9380dca7a347caa47b5632620a2a8"",""conformation"":""8x6b"",""entity_id"":""P1MCPUFP__CPUFP500K_0397__00076"",""entity_type"":""candidate"",""monomer_sha256"":""199119b8b2392131b5c7bb83090a2a142b306e0846e08c725282f02bee138ab1"",""protocol_core_sha256"":""8c55751f66ac2930ce115a9419321a2b2bed220b61af2e1671f7ac6e6a2e33b3"",""restraint_hash"":""cb4c825dedbb6b8ccf1510daf94ccd67c095d4743b9f9b2a3b6dc9fa7c1cda34"",""seed"":42,""sequence_sha256"":""b2d552ee19e076f9cb42c98f617939f0f64f7acf6682a00860680f070e6b8114""}"	308	TOP200_COMMON4_SEED_COMPLETION	38
CANDIDATE_P1MCPUFP__CPUFP500K_0397__00076_9e6y_s42_455fe92e636e	50	candidate	P1MCPUFP__CPUFP500K_0397__00076		CANDIDATE_UNKNOWN	9e6y	42	b2d552ee19e076f9cb42c98f617939f0f64f7acf6682a00860680f070e6b8114	26-35	53-59	98-116	27,28,29,30,31,34,35,36,37,38,56,57,58,59,63,64,65,105,106,107,108,109,110,111,112,113,114,115,116,117	inputs/candidate_monomers/P1MCPUFP__CPUFP500K_0397__00076.pdb	frozen_nbb2_archive_extract	H	199119b8b2392131b5c7bb83090a2a142b306e0846e08c725282f02bee138ab1	inputs/normalized/9e6y_pvrig_receptor.pdb	T	L	A	UniProt_Q6DKI7	7b597e4976340689606e650f7a864d1c028938e4a1d0c4201b7092f53302813a	cb4c825dedbb6b8ccf1510daf94ccd67c095d4743b9f9b2a3b6dc9fa7c1cda34	8c55751f66ac2930ce115a9419321a2b2bed220b61af2e1671f7ac6e6a2e33b3	8c55751f66ac2930ce115a9419321a2b2bed220b61af2e1671f7ac6e6a2e33b3	455fe92e636e224f5cf83069e8a39b2dd86d4826268165259499cf07fe8304ac	"{""cfg_hash"":""7b597e4976340689606e650f7a864d1c028938e4a1d0c4201b7092f53302813a"",""conformation"":""9e6y"",""entity_id"":""P1MCPUFP__CPUFP500K_0397__00076"",""entity_type"":""candidate"",""monomer_sha256"":""199119b8b2392131b5c7bb83090a2a142b306e0846e08c725282f02bee138ab1"",""protocol_core_sha256"":""8c55751f66ac2930ce115a9419321a2b2bed220b61af2e1671f7ac6e6a2e33b3"",""restraint_hash"":""cb4c825dedbb6b8ccf1510daf94ccd67c095d4743b9f9b2a3b6dc9fa7c1cda34"",""seed"":42,""sequence_sha256"":""b2d552ee19e076f9cb42c98f617939f0f64f7acf6682a00860680f070e6b8114""}"	308	TOP200_COMMON4_SEED_COMPLETION	38
CANDIDATE_P1MCPUFP__CPUFP500K_0397__00076_8x6b_s3047_fe9879b4a75c	51	candidate	P1MCPUFP__CPUFP500K_0397__00076		CANDIDATE_UNKNOWN	8x6b	3047	b2d552ee19e076f9cb42c98f617939f0f64f7acf6682a00860680f070e6b8114	26-35	53-59	98-116	27,28,29,30,31,34,35,36,37,38,56,57,58,59,63,64,65,105,106,107,108,109,110,111,112,113,114,115,116,117	inputs/candidate_monomers/P1MCPUFP__CPUFP500K_0397__00076.pdb	frozen_nbb2_archive_extract	H	199119b8b2392131b5c7bb83090a2a142b306e0846e08c725282f02bee138ab1	inputs/normalized/8x6b_pvrig_receptor.pdb	T	L	A	UniProt_Q6DKI7	21918201f2d7d8fd86e7fbe3003003c516ebb4de914b20d6f1f82a78554f6225	cb4c825dedbb6b8ccf1510daf94ccd67c095d4743b9f9b2a3b6dc9fa7c1cda34	8c55751f66ac2930ce115a9419321a2b2bed220b61af2e1671f7ac6e6a2e33b3	8c55751f66ac2930ce115a9419321a2b2bed220b61af2e1671f7ac6e6a2e33b3	fe9879b4a75c0b4cbf45a18ae7765d5b92759c02d1fa01b42629f7cb7af6e0b7	"{""cfg_hash"":""21918201f2d7d8fd86e7fbe3003003c516ebb4de914b20d6f1f82a78554f6225"",""conformation"":""8x6b"",""entity_id"":""P1MCPUFP__CPUFP500K_0397__00076"",""entity_type"":""candidate"",""monomer_sha256"":""199119b8b2392131b5c7bb83090a2a142b306e0846e08c725282f02bee138ab1"",""protocol_core_sha256"":""8c55751f66ac2930ce115a9419321a2b2bed220b61af2e1671f7ac6e6a2e33b3"",""restraint_hash"":""cb4c825dedbb6b8ccf1510daf94ccd67c095d4743b9f9b2a3b6dc9fa7c1cda34"",""seed"":3047,""sequence_sha256"":""b2d552ee19e076f9cb42c98f617939f0f64f7acf6682a00860680f070e6b8114""}"	308	TOP200_COMMON4_SEED_COMPLETION	38
CANDIDATE_P1MCPUFP__CPUFP500K_0397__00076_9e6y_s3047_5214b9b5c8fd	52	candidate	P1MCPUFP__CPUFP500K_0397__00076		CANDIDATE_UNKNOWN	9e6y	3047	b2d552ee19e076f9cb42c98f617939f0f64f7acf6682a00860680f070e6b8114	26-35	53-59	98-116	27,28,29,30,31,34,35,36,37,38,56,57,58,59,63,64,65,105,106,107,108,109,110,111,112,113,114,115,116,117	inputs/candidate_monomers/P1MCPUFP__CPUFP500K_0397__00076.pdb	frozen_nbb2_archive_extract	H	199119b8b2392131b5c7bb83090a2a142b306e0846e08c725282f02bee138ab1	inputs/normalized/9e6y_pvrig_receptor.pdb	T	L	A	UniProt_Q6DKI7	036faa08876ef5dc8e4331507bf042bf828faae3f3cf5a5fd358a89d5fb215da	cb4c825dedbb6b8ccf1510daf94ccd67c095d4743b9f9b2a3b6dc9fa7c1cda34	8c55751f66ac2930ce115a9419321a2b2bed220b61af2e1671f7ac6e6a2e33b3	8c55751f66ac2930ce115a9419321a2b2bed220b61af2e1671f7ac6e6a2e33b3	5214b9b5c8fdb9b4d34cf9be85cb9752dd4a663a6f616dfa44f8ffa189b58af3	"{""cfg_hash"":""036faa08876ef5dc8e4331507bf042bf828faae3f3cf5a5fd358a89d5fb215da"",""conformation"":""9e6y"",""entity_id"":""P1MCPUFP__CPUFP500K_0397__00076"",""entity_type"":""candidate"",""monomer_sha256"":""199119b8b2392131b5c7bb83090a2a142b306e0846e08c725282f02bee138ab1"",""protocol_core_sha256"":""8c55751f66ac2930ce115a9419321a2b2bed220b61af2e1671f7ac6e6a2e33b3"",""restraint_hash"":""cb4c825dedbb6b8ccf1510daf94ccd67c095d4743b9f9b2a3b6dc9fa7c1cda34"",""seed"":3047,""sequence_sha256"":""b2d552ee19e076f9cb42c98f617939f0f64f7acf6682a00860680f070e6b8114""}"	308	TOP200_COMMON4_SEED_COMPLETION	38
CANDIDATE_P1MCPUFP__CPUFP500K_0305__00672_8x6b_s42_1dd69eed4833	53	candidate	P1MCPUFP__CPUFP500K_0305__00672		CANDIDATE_UNKNOWN	8x6b	42	71a32c9dad417d3f73d22bfe8b564ade2e1e7a37b2d5e3951d0d788781a99d34	26-35	53-59	98-116	27,28,29,30,31,34,35,36,37,38,56,57,58,59,63,64,65,105,106,107,108,109,110,111,112,113,114,115,116,117	inputs/candidate_monomers/P1MCPUFP__CPUFP500K_0305__00672.pdb	frozen_nbb2_archive_extract	H	c575bfdfbebb2887d09eab5f0e5a5a2fe9fa4c9c9a935b4c779941ff700cd969	inputs/normalized/8x6b_pvrig_receptor.pdb	T	L	A	UniProt_Q6DKI7	6e3411303a8196b0e07523e8d66724b2c6a9380dca7a347caa47b5632620a2a8	cb4c825dedbb6b8ccf1510daf94ccd67c095d4743b9f9b2a3b6dc9fa7c1cda34	8c55751f66ac2930ce115a9419321a2b2bed220b61af2e1671f7ac6e6a2e33b3	8c55751f66ac2930ce115a9419321a2b2bed220b61af2e1671f7ac6e6a2e33b3	1dd69eed4833016b73b47b2d6cdc63917970d9ef54aad58c569147b110942005	"{""cfg_hash"":""6e3411303a8196b0e07523e8d66724b2c6a9380dca7a347caa47b5632620a2a8"",""conformation"":""8x6b"",""entity_id"":""P1MCPUFP__CPUFP500K_0305__00672"",""entity_type"":""candidate"",""monomer_sha256"":""c575bfdfbebb2887d09eab5f0e5a5a2fe9fa4c9c9a935b4c779941ff700cd969"",""protocol_core_sha256"":""8c55751f66ac2930ce115a9419321a2b2bed220b61af2e1671f7ac6e6a2e33b3"",""restraint_hash"":""cb4c825dedbb6b8ccf1510daf94ccd67c095d4743b9f9b2a3b6dc9fa7c1cda34"",""seed"":42,""sequence_sha256"":""71a32c9dad417d3f73d22bfe8b564ade2e1e7a37b2d5e3951d0d788781a99d34""}"	84	TOP200_COMMON4_SEED_COMPLETION	44
CANDIDATE_P1MCPUFP__CPUFP500K_0305__00672_9e6y_s42_36953980bb11	54	candidate	P1MCPUFP__CPUFP500K_0305__00672		CANDIDATE_UNKNOWN	9e6y	42	71a32c9dad417d3f73d22bfe8b564ade2e1e7a37b2d5e3951d0d788781a99d34	26-35	53-59	98-116	27,28,29,30,31,34,35,36,37,38,56,57,58,59,63,64,65,105,106,107,108,109,110,111,112,113,114,115,116,117	inputs/candidate_monomers/P1MCPUFP__CPUFP500K_0305__00672.pdb	frozen_nbb2_archive_extract	H	c575bfdfbebb2887d09eab5f0e5a5a2fe9fa4c9c9a935b4c779941ff700cd969	inputs/normalized/9e6y_pvrig_receptor.pdb	T	L	A	UniProt_Q6DKI7	7b597e4976340689606e650f7a864d1c028938e4a1d0c4201b7092f53302813a	cb4c825dedbb6b8ccf1510daf94ccd67c095d4743b9f9b2a3b6dc9fa7c1cda34	8c55751f66ac2930ce115a9419321a2b2bed220b61af2e1671f7ac6e6a2e33b3	8c55751f66ac2930ce115a9419321a2b2bed220b61af2e1671f7ac6e6a2e33b3	36953980bb119f33c47824a0104a6a526b85486682781548155bf24604533dd5	"{""cfg_hash"":""7b597e4976340689606e650f7a864d1c028938e4a1d0c4201b7092f53302813a"",""conformation"":""9e6y"",""entity_id"":""P1MCPUFP__CPUFP500K_0305__00672"",""entity_type"":""candidate"",""monomer_sha256"":""c575bfdfbebb2887d09eab5f0e5a5a2fe9fa4c9c9a935b4c779941ff700cd969"",""protocol_core_sha256"":""8c55751f66ac2930ce115a9419321a2b2bed220b61af2e1671f7ac6e6a2e33b3"",""restraint_hash"":""cb4c825dedbb6b8ccf1510daf94ccd67c095d4743b9f9b2a3b6dc9fa7c1cda34"",""seed"":42,""sequence_sha256"":""71a32c9dad417d3f73d22bfe8b564ade2e1e7a37b2d5e3951d0d788781a99d34""}"	84	TOP200_COMMON4_SEED_COMPLETION	44
CANDIDATE_P1MCPUFP__CPUFP500K_0305__00672_8x6b_s3047_34e78a33e708	55	candidate	P1MCPUFP__CPUFP500K_0305__00672		CANDIDATE_UNKNOWN	8x6b	3047	71a32c9dad417d3f73d22bfe8b564ade2e1e7a37b2d5e3951d0d788781a99d34	26-35	53-59	98-116	27,28,29,30,31,34,35,36,37,38,56,57,58,59,63,64,65,105,106,107,108,109,110,111,112,113,114,115,116,117	inputs/candidate_monomers/P1MCPUFP__CPUFP500K_0305__00672.pdb	frozen_nbb2_archive_extract	H	c575bfdfbebb2887d09eab5f0e5a5a2fe9fa4c9c9a935b4c779941ff700cd969	inputs/normalized/8x6b_pvrig_receptor.pdb	T	L	A	UniProt_Q6DKI7	21918201f2d7d8fd86e7fbe3003003c516ebb4de914b20d6f1f82a78554f6225	cb4c825dedbb6b8ccf1510daf94ccd67c095d4743b9f9b2a3b6dc9fa7c1cda34	8c55751f66ac2930ce115a9419321a2b2bed220b61af2e1671f7ac6e6a2e33b3	8c55751f66ac2930ce115a9419321a2b2bed220b61af2e1671f7ac6e6a2e33b3	34e78a33e7083f5b1a5046ffff3c9b34afbbf44c76757970dd3ac9922699f46f	"{""cfg_hash"":""21918201f2d7d8fd86e7fbe3003003c516ebb4de914b20d6f1f82a78554f6225"",""conformation"":""8x6b"",""entity_id"":""P1MCPUFP__CPUFP500K_0305__00672"",""entity_type"":""candidate"",""monomer_sha256"":""c575bfdfbebb2887d09eab5f0e5a5a2fe9fa4c9c9a935b4c779941ff700cd969"",""protocol_core_sha256"":""8c55751f66ac2930ce115a9419321a2b2bed220b61af2e1671f7ac6e6a2e33b3"",""restraint_hash"":""cb4c825dedbb6b8ccf1510daf94ccd67c095d4743b9f9b2a3b6dc9fa7c1cda34"",""seed"":3047,""sequence_sha256"":""71a32c9dad417d3f73d22bfe8b564ade2e1e7a37b2d5e3951d0d788781a99d34""}"	84	TOP200_COMMON4_SEED_COMPLETION	44
CANDIDATE_P1MCPUFP__CPUFP500K_0305__00672_9e6y_s3047_e65f44dc2932	56	candidate	P1MCPUFP__CPUFP500K_0305__00672		CANDIDATE_UNKNOWN	9e6y	3047	71a32c9dad417d3f73d22bfe8b564ade2e1e7a37b2d5e3951d0d788781a99d34	26-35	53-59	98-116	27,28,29,30,31,34,35,36,37,38,56,57,58,59,63,64,65,105,106,107,108,109,110,111,112,113,114,115,116,117	inputs/candidate_monomers/P1MCPUFP__CPUFP500K_0305__00672.pdb	frozen_nbb2_archive_extract	H	c575bfdfbebb2887d09eab5f0e5a5a2fe9fa4c9c9a935b4c779941ff700cd969	inputs/normalized/9e6y_pvrig_receptor.pdb	T	L	A	UniProt_Q6DKI7	036faa08876ef5dc8e4331507bf042bf828faae3f3cf5a5fd358a89d5fb215da	cb4c825dedbb6b8ccf1510daf94ccd67c095d4743b9f9b2a3b6dc9fa7c1cda34	8c55751f66ac2930ce115a9419321a2b2bed220b61af2e1671f7ac6e6a2e33b3	8c55751f66ac2930ce115a9419321a2b2bed220b61af2e1671f7ac6e6a2e33b3	e65f44dc2932d01969cffc8fdc489eaf5e75748fc4dfaccfcd4815ea47bd937b	"{""cfg_hash"":""036faa08876ef5dc8e4331507bf042bf828faae3f3cf5a5fd358a89d5fb215da"",""conformation"":""9e6y"",""entity_id"":""P1MCPUFP__CPUFP500K_0305__00672"",""entity_type"":""candidate"",""monomer_sha256"":""c575bfdfbebb2887d09eab5f0e5a5a2fe9fa4c9c9a935b4c779941ff700cd969"",""protocol_core_sha256"":""8c55751f66ac2930ce115a9419321a2b2bed220b61af2e1671f7ac6e6a2e33b3"",""restraint_hash"":""cb4c825dedbb6b8ccf1510daf94ccd67c095d4743b9f9b2a3b6dc9fa7c1cda34"",""seed"":3047,""sequence_sha256"":""71a32c9dad417d3f73d22bfe8b564ade2e1e7a37b2d5e3951d0d788781a99d34""}"	84	TOP200_COMMON4_SEED_COMPLETION	44
CANDIDATE_P1MCPUFP__CPUFP500K_0032__00118_8x6b_s42_0860268e9629	57	candidate	P1MCPUFP__CPUFP500K_0032__00118		CANDIDATE_UNKNOWN	8x6b	42	57a030bbd65d7c7d79c3d60ea9db03932054ac79f0e4afe876dfa81023dd8409	26-33	51-58	97-112	27,28,29,30,35,36,37,38,56,57,58,59,62,63,64,65,105,106,107,108,109,110,111,112,113,114,115,116,117	inputs/candidate_monomers/P1MCPUFP__CPUFP500K_0032__00118.pdb	frozen_nbb2_archive_extract	H	ea139be92894b03e2a2460bd34a95201081b9ba71c7483c5d40d334a156ae432	inputs/normalized/8x6b_pvrig_receptor.pdb	T	L	A	UniProt_Q6DKI7	6e3411303a8196b0e07523e8d66724b2c6a9380dca7a347caa47b5632620a2a8	4c76f09ba6c24bc9c82a9a97a8fa1f279c4d5ce2a6d051dbf284751701c25880	8c55751f66ac2930ce115a9419321a2b2bed220b61af2e1671f7ac6e6a2e33b3	8c55751f66ac2930ce115a9419321a2b2bed220b61af2e1671f7ac6e6a2e33b3	0860268e9629376343af8f1901df70be8033010ce4db23645d911a00bcaefaa5	"{""cfg_hash"":""6e3411303a8196b0e07523e8d66724b2c6a9380dca7a347caa47b5632620a2a8"",""conformation"":""8x6b"",""entity_id"":""P1MCPUFP__CPUFP500K_0032__00118"",""entity_type"":""candidate"",""monomer_sha256"":""ea139be92894b03e2a2460bd34a95201081b9ba71c7483c5d40d334a156ae432"",""protocol_core_sha256"":""8c55751f66ac2930ce115a9419321a2b2bed220b61af2e1671f7ac6e6a2e33b3"",""restraint_hash"":""4c76f09ba6c24bc9c82a9a97a8fa1f279c4d5ce2a6d051dbf284751701c25880"",""seed"":42,""sequence_sha256"":""57a030bbd65d7c7d79c3d60ea9db03932054ac79f0e4afe876dfa81023dd8409""}"	215	TOP200_COMMON4_SEED_COMPLETION	46
CANDIDATE_P1MCPUFP__CPUFP500K_0032__00118_9e6y_s42_b96480085eea	58	candidate	P1MCPUFP__CPUFP500K_0032__00118		CANDIDATE_UNKNOWN	9e6y	42	57a030bbd65d7c7d79c3d60ea9db03932054ac79f0e4afe876dfa81023dd8409	26-33	51-58	97-112	27,28,29,30,35,36,37,38,56,57,58,59,62,63,64,65,105,106,107,108,109,110,111,112,113,114,115,116,117	inputs/candidate_monomers/P1MCPUFP__CPUFP500K_0032__00118.pdb	frozen_nbb2_archive_extract	H	ea139be92894b03e2a2460bd34a95201081b9ba71c7483c5d40d334a156ae432	inputs/normalized/9e6y_pvrig_receptor.pdb	T	L	A	UniProt_Q6DKI7	7b597e4976340689606e650f7a864d1c028938e4a1d0c4201b7092f53302813a	4c76f09ba6c24bc9c82a9a97a8fa1f279c4d5ce2a6d051dbf284751701c25880	8c55751f66ac2930ce115a9419321a2b2bed220b61af2e1671f7ac6e6a2e33b3	8c55751f66ac2930ce115a9419321a2b2bed220b61af2e1671f7ac6e6a2e33b3	b96480085eea902f3aed9c30377c96807f59e00f74930fc4d38e44e774ca53f1	"{""cfg_hash"":""7b597e4976340689606e650f7a864d1c028938e4a1d0c4201b7092f53302813a"",""conformation"":""9e6y"",""entity_id"":""P1MCPUFP__CPUFP500K_0032__00118"",""entity_type"":""candidate"",""monomer_sha256"":""ea139be92894b03e2a2460bd34a95201081b9ba71c7483c5d40d334a156ae432"",""protocol_core_sha256"":""8c55751f66ac2930ce115a9419321a2b2bed220b61af2e1671f7ac6e6a2e33b3"",""restraint_hash"":""4c76f09ba6c24bc9c82a9a97a8fa1f279c4d5ce2a6d051dbf284751701c25880"",""seed"":42,""sequence_sha256"":""57a030bbd65d7c7d79c3d60ea9db03932054ac79f0e4afe876dfa81023dd8409""}"	215	TOP200_COMMON4_SEED_COMPLETION	46
CANDIDATE_P1MCPUFP__CPUFP500K_0032__00118_8x6b_s3047_55e926e0c3f3	59	candidate	P1MCPUFP__CPUFP500K_0032__00118		CANDIDATE_UNKNOWN	8x6b	3047	57a030bbd65d7c7d79c3d60ea9db03932054ac79f0e4afe876dfa81023dd8409	26-33	51-58	97-112	27,28,29,30,35,36,37,38,56,57,58,59,62,63,64,65,105,106,107,108,109,110,111,112,113,114,115,116,117	inputs/candidate_monomers/P1MCPUFP__CPUFP500K_0032__00118.pdb	frozen_nbb2_archive_extract	H	ea139be92894b03e2a2460bd34a95201081b9ba71c7483c5d40d334a156ae432	inputs/normalized/8x6b_pvrig_receptor.pdb	T	L	A	UniProt_Q6DKI7	21918201f2d7d8fd86e7fbe3003003c516ebb4de914b20d6f1f82a78554f6225	4c76f09ba6c24bc9c82a9a97a8fa1f279c4d5ce2a6d051dbf284751701c25880	8c55751f66ac2930ce115a9419321a2b2bed220b61af2e1671f7ac6e6a2e33b3	8c55751f66ac2930ce115a9419321a2b2bed220b61af2e1671f7ac6e6a2e33b3	55e926e0c3f339af41cd196961c07740d3bc83bed08bcd30a3616cf6c474ad7a	"{""cfg_hash"":""21918201f2d7d8fd86e7fbe3003003c516ebb4de914b20d6f1f82a78554f6225"",""conformation"":""8x6b"",""entity_id"":""P1MCPUFP__CPUFP500K_0032__00118"",""entity_type"":""candidate"",""monomer_sha256"":""ea139be92894b03e2a2460bd34a95201081b9ba71c7483c5d40d334a156ae432"",""protocol_core_sha256"":""8c55751f66ac2930ce115a9419321a2b2bed220b61af2e1671f7ac6e6a2e33b3"",""restraint_hash"":""4c76f09ba6c24bc9c82a9a97a8fa1f279c4d5ce2a6d051dbf284751701c25880"",""seed"":3047,""sequence_sha256"":""57a030bbd65d7c7d79c3d60ea9db03932054ac79f0e4afe876dfa81023dd8409""}"	215	TOP200_COMMON4_SEED_COMPLETION	46
CANDIDATE_P1MCPUFP__CPUFP500K_0032__00118_9e6y_s3047_0b2cec6d1899	60	candidate	P1MCPUFP__CPUFP500K_0032__00118		CANDIDATE_UNKNOWN	9e6y	3047	57a030bbd65d7c7d79c3d60ea9db03932054ac79f0e4afe876dfa81023dd8409	26-33	51-58	97-112	27,28,29,30,35,36,37,38,56,57,58,59,62,63,64,65,105,106,107,108,109,110,111,112,113,114,115,116,117	inputs/candidate_monomers/P1MCPUFP__CPUFP500K_0032__00118.pdb	frozen_nbb2_archive_extract	H	ea139be92894b03e2a2460bd34a95201081b9ba71c7483c5d40d334a156ae432	inputs/normalized/9e6y_pvrig_receptor.pdb	T	L	A	UniProt_Q6DKI7	036faa08876ef5dc8e4331507bf042bf828faae3f3cf5a5fd358a89d5fb215da	4c76f09ba6c24bc9c82a9a97a8fa1f279c4d5ce2a6d051dbf284751701c25880	8c55751f66ac2930ce115a9419321a2b2bed220b61af2e1671f7ac6e6a2e33b3	8c55751f66ac2930ce115a9419321a2b2bed220b61af2e1671f7ac6e6a2e33b3	0b2cec6d189973b11bc571a17702656c933e0d78cac7cf4f66dcb7ab812c2826	"{""cfg_hash"":""036faa08876ef5dc8e4331507bf042bf828faae3f3cf5a5fd358a89d5fb215da"",""conformation"":""9e6y"",""entity_id"":""P1MCPUFP__CPUFP500K_0032__00118"",""entity_type"":""candidate"",""monomer_sha256"":""ea139be92894b03e2a2460bd34a95201081b9ba71c7483c5d40d334a156ae432"",""protocol_core_sha256"":""8c55751f66ac2930ce115a9419321a2b2bed220b61af2e1671f7ac6e6a2e33b3"",""restraint_hash"":""4c76f09ba6c24bc9c82a9a97a8fa1f279c4d5ce2a6d051dbf284751701c25880"",""seed"":3047,""sequence_sha256"":""57a030bbd65d7c7d79c3d60ea9db03932054ac79f0e4afe876dfa81023dd8409""}"	215	TOP200_COMMON4_SEED_COMPLETION	46
CANDIDATE_P1MCPUFP__CPUFP500K_0100__00822_8x6b_s42_4e6fe4a4de22	61	candidate	P1MCPUFP__CPUFP500K_0100__00822		CANDIDATE_UNKNOWN	8x6b	42	6e4f896be7ada801eb1b21e7117bcb0ff5088b07db960105eed930bf0f021ba5	26-35	53-59	98-116	27,28,29,30,31,34,35,36,37,38,56,57,58,59,63,64,65,105,106,107,108,109,110,111,112,113,114,115,116,117	inputs/candidate_monomers/P1MCPUFP__CPUFP500K_0100__00822.pdb	frozen_nbb2_archive_extract	H	414554b9d71d6ea914b7c036bde4bd58647ddc2e2f6d00cc50f7587aaa17b7b5	inputs/normalized/8x6b_pvrig_receptor.pdb	T	L	A	UniProt_Q6DKI7	6e3411303a8196b0e07523e8d66724b2c6a9380dca7a347caa47b5632620a2a8	cb4c825dedbb6b8ccf1510daf94ccd67c095d4743b9f9b2a3b6dc9fa7c1cda34	8c55751f66ac2930ce115a9419321a2b2bed220b61af2e1671f7ac6e6a2e33b3	8c55751f66ac2930ce115a9419321a2b2bed220b61af2e1671f7ac6e6a2e33b3	4e6fe4a4de229ec08ef00b46f1018f18ed57f71f58b7f67ed804cf077fcd7e6c	"{""cfg_hash"":""6e3411303a8196b0e07523e8d66724b2c6a9380dca7a347caa47b5632620a2a8"",""conformation"":""8x6b"",""entity_id"":""P1MCPUFP__CPUFP500K_0100__00822"",""entity_type"":""candidate"",""monomer_sha256"":""414554b9d71d6ea914b7c036bde4bd58647ddc2e2f6d00cc50f7587aaa17b7b5"",""protocol_core_sha256"":""8c55751f66ac2930ce115a9419321a2b2bed220b61af2e1671f7ac6e6a2e33b3"",""restraint_hash"":""cb4c825dedbb6b8ccf1510daf94ccd67c095d4743b9f9b2a3b6dc9fa7c1cda34"",""seed"":42,""sequence_sha256"":""6e4f896be7ada801eb1b21e7117bcb0ff5088b07db960105eed930bf0f021ba5""}"	153	TOP200_COMMON4_SEED_COMPLETION	48
CANDIDATE_P1MCPUFP__CPUFP500K_0100__00822_9e6y_s42_98a35fc36348	62	candidate	P1MCPUFP__CPUFP500K_0100__00822		CANDIDATE_UNKNOWN	9e6y	42	6e4f896be7ada801eb1b21e7117bcb0ff5088b07db960105eed930bf0f021ba5	26-35	53-59	98-116	27,28,29,30,31,34,35,36,37,38,56,57,58,59,63,64,65,105,106,107,108,109,110,111,112,113,114,115,116,117	inputs/candidate_monomers/P1MCPUFP__CPUFP500K_0100__00822.pdb	frozen_nbb2_archive_extract	H	414554b9d71d6ea914b7c036bde4bd58647ddc2e2f6d00cc50f7587aaa17b7b5	inputs/normalized/9e6y_pvrig_receptor.pdb	T	L	A	UniProt_Q6DKI7	7b597e4976340689606e650f7a864d1c028938e4a1d0c4201b7092f53302813a	cb4c825dedbb6b8ccf1510daf94ccd67c095d4743b9f9b2a3b6dc9fa7c1cda34	8c55751f66ac2930ce115a9419321a2b2bed220b61af2e1671f7ac6e6a2e33b3	8c55751f66ac2930ce115a9419321a2b2bed220b61af2e1671f7ac6e6a2e33b3	98a35fc36348e608f971869d125db5ae16a033f846f2b390f34ce1ebc077fed8	"{""cfg_hash"":""7b597e4976340689606e650f7a864d1c028938e4a1d0c4201b7092f53302813a"",""conformation"":""9e6y"",""entity_id"":""P1MCPUFP__CPUFP500K_0100__00822"",""entity_type"":""candidate"",""monomer_sha256"":""414554b9d71d6ea914b7c036bde4bd58647ddc2e2f6d00cc50f7587aaa17b7b5"",""protocol_core_sha256"":""8c55751f66ac2930ce115a9419321a2b2bed220b61af2e1671f7ac6e6a2e33b3"",""restraint_hash"":""cb4c825dedbb6b8ccf1510daf94ccd67c095d4743b9f9b2a3b6dc9fa7c1cda34"",""seed"":42,""sequence_sha256"":""6e4f896be7ada801eb1b21e7117bcb0ff5088b07db960105eed930bf0f021ba5""}"	153	TOP200_COMMON4_SEED_COMPLETION	48
CANDIDATE_P1MCPUFP__CPUFP500K_0100__00822_8x6b_s3047_40d3cffb8204	63	candidate	P1MCPUFP__CPUFP500K_0100__00822		CANDIDATE_UNKNOWN	8x6b	3047	6e4f896be7ada801eb1b21e7117bcb0ff5088b07db960105eed930bf0f021ba5	26-35	53-59	98-116	27,28,29,30,31,34,35,36,37,38,56,57,58,59,63,64,65,105,106,107,108,109,110,111,112,113,114,115,116,117	inputs/candidate_monomers/P1MCPUFP__CPUFP500K_0100__00822.pdb	frozen_nbb2_archive_extract	H	414554b9d71d6ea914b7c036bde4bd58647ddc2e2f6d00cc50f7587aaa17b7b5	inputs/normalized/8x6b_pvrig_receptor.pdb	T	L	A	UniProt_Q6DKI7	21918201f2d7d8fd86e7fbe3003003c516ebb4de914b20d6f1f82a78554f6225	cb4c825dedbb6b8ccf1510daf94ccd67c095d4743b9f9b2a3b6dc9fa7c1cda34	8c55751f66ac2930ce115a9419321a2b2bed220b61af2e1671f7ac6e6a2e33b3	8c55751f66ac2930ce115a9419321a2b2bed220b61af2e1671f7ac6e6a2e33b3	40d3cffb8204afcadaa59f34cc3f73658a0b961a93c231b8956f6f6038558fd9	"{""cfg_hash"":""21918201f2d7d8fd86e7fbe3003003c516ebb4de914b20d6f1f82a78554f6225"",""conformation"":""8x6b"",""entity_id"":""P1MCPUFP__CPUFP500K_0100__00822"",""entity_type"":""candidate"",""monomer_sha256"":""414554b9d71d6ea914b7c036bde4bd58647ddc2e2f6d00cc50f7587aaa17b7b5"",""protocol_core_sha256"":""8c55751f66ac2930ce115a9419321a2b2bed220b61af2e1671f7ac6e6a2e33b3"",""restraint_hash"":""cb4c825dedbb6b8ccf1510daf94ccd67c095d4743b9f9b2a3b6dc9fa7c1cda34"",""seed"":3047,""sequence_sha256"":""6e4f896be7ada801eb1b21e7117bcb0ff5088b07db960105eed930bf0f021ba5""}"	153	TOP200_COMMON4_SEED_COMPLETION	48
CANDIDATE_P1MCPUFP__CPUFP500K_0100__00822_9e6y_s3047_2c06d850ec84	64	candidate	P1MCPUFP__CPUFP500K_0100__00822		CANDIDATE_UNKNOWN	9e6y	3047	6e4f896be7ada801eb1b21e7117bcb0ff5088b07db960105eed930bf0f021ba5	26-35	53-59	98-116	27,28,29,30,31,34,35,36,37,38,56,57,58,59,63,64,65,105,106,107,108,109,110,111,112,113,114,115,116,117	inputs/candidate_monomers/P1MCPUFP__CPUFP500K_0100__00822.pdb	frozen_nbb2_archive_extract	H	414554b9d71d6ea914b7c036bde4bd58647ddc2e2f6d00cc50f7587aaa17b7b5	inputs/normalized/9e6y_pvrig_receptor.pdb	T	L	A	UniProt_Q6DKI7	036faa08876ef5dc8e4331507bf042bf828faae3f3cf5a5fd358a89d5fb215da	cb4c825dedbb6b8ccf1510daf94ccd67c095d4743b9f9b2a3b6dc9fa7c1cda34	8c55751f66ac2930ce115a9419321a2b2bed220b61af2e1671f7ac6e6a2e33b3	8c55751f66ac2930ce115a9419321a2b2bed220b61af2e1671f7ac6e6a2e33b3	2c06d850ec843263f2592d076e8fb06f48c559ecf86770f9bcdfb4d08e959987	"{""cfg_hash"":""036faa08876ef5dc8e4331507bf042bf828faae3f3cf5a5fd358a89d5fb215da"",""conformation"":""9e6y"",""entity_id"":""P1MCPUFP__CPUFP500K_0100__00822"",""entity_type"":""candidate"",""monomer_sha256"":""414554b9d71d6ea914b7c036bde4bd58647ddc2e2f6d00cc50f7587aaa17b7b5"",""protocol_core_sha256"":""8c55751f66ac2930ce115a9419321a2b2bed220b61af2e1671f7ac6e6a2e33b3"",""restraint_hash"":""cb4c825dedbb6b8ccf1510daf94ccd67c095d4743b9f9b2a3b6dc9fa7c1cda34"",""seed"":3047,""sequence_sha256"":""6e4f896be7ada801eb1b21e7117bcb0ff5088b07db960105eed930bf0f021ba5""}"	153	TOP200_COMMON4_SEED_COMPLETION	48
CANDIDATE_P1MCPUFP__CPUFP500K_0030__00639_8x6b_s42_c8164af51cd5	65	candidate	P1MCPUFP__CPUFP500K_0030__00639		CANDIDATE_UNKNOWN	8x6b	42	ad715471b21dd35c3110c83b89e6e378e889cc140acda8cc84d989168512c162	26-33	51-58	97-112	27,28,29,30,35,36,37,38,56,57,58,59,62,63,64,65,105,106,107,108,109,110,111,112,113,114,115,116,117	inputs/candidate_monomers/P1MCPUFP__CPUFP500K_0030__00639.pdb	frozen_nbb2_archive_extract	H	64651d3c7caee0fda51d30b6f9d17c52b0d5edaa0843da856245bc98d7281858	inputs/normalized/8x6b_pvrig_receptor.pdb	T	L	A	UniProt_Q6DKI7	6e3411303a8196b0e07523e8d66724b2c6a9380dca7a347caa47b5632620a2a8	4c76f09ba6c24bc9c82a9a97a8fa1f279c4d5ce2a6d051dbf284751701c25880	8c55751f66ac2930ce115a9419321a2b2bed220b61af2e1671f7ac6e6a2e33b3	8c55751f66ac2930ce115a9419321a2b2bed220b61af2e1671f7ac6e6a2e33b3	c8164af51cd5489cc7af6d682880aebf33137b70ed00045a6bb0c011a2707269	"{""cfg_hash"":""6e3411303a8196b0e07523e8d66724b2c6a9380dca7a347caa47b5632620a2a8"",""conformation"":""8x6b"",""entity_id"":""P1MCPUFP__CPUFP500K_0030__00639"",""entity_type"":""candidate"",""monomer_sha256"":""64651d3c7caee0fda51d30b6f9d17c52b0d5edaa0843da856245bc98d7281858"",""protocol_core_sha256"":""8c55751f66ac2930ce115a9419321a2b2bed220b61af2e1671f7ac6e6a2e33b3"",""restraint_hash"":""4c76f09ba6c24bc9c82a9a97a8fa1f279c4d5ce2a6d051dbf284751701c25880"",""seed"":42,""sequence_sha256"":""ad715471b21dd35c3110c83b89e6e378e889cc140acda8cc84d989168512c162""}"	311	TOP200_COMMON4_SEED_COMPLETION	52
CANDIDATE_P1MCPUFP__CPUFP500K_0030__00639_9e6y_s42_a50ff621c2e6	66	candidate	P1MCPUFP__CPUFP500K_0030__00639		CANDIDATE_UNKNOWN	9e6y	42	ad715471b21dd35c3110c83b89e6e378e889cc140acda8cc84d989168512c162	26-33	51-58	97-112	27,28,29,30,35,36,37,38,56,57,58,59,62,63,64,65,105,106,107,108,109,110,111,112,113,114,115,116,117	inputs/candidate_monomers/P1MCPUFP__CPUFP500K_0030__00639.pdb	frozen_nbb2_archive_extract	H	64651d3c7caee0fda51d30b6f9d17c52b0d5edaa0843da856245bc98d7281858	inputs/normalized/9e6y_pvrig_receptor.pdb	T	L	A	UniProt_Q6DKI7	7b597e4976340689606e650f7a864d1c028938e4a1d0c4201b7092f53302813a	4c76f09ba6c24bc9c82a9a97a8fa1f279c4d5ce2a6d051dbf284751701c25880	8c55751f66ac2930ce115a9419321a2b2bed220b61af2e1671f7ac6e6a2e33b3	8c55751f66ac2930ce115a9419321a2b2bed220b61af2e1671f7ac6e6a2e33b3	a50ff621c2e658febd448437ee8f29b5a40af2fe08b192abd21a15f1d7bc2386	"{""cfg_hash"":""7b597e4976340689606e650f7a864d1c028938e4a1d0c4201b7092f53302813a"",""conformation"":""9e6y"",""entity_id"":""P1MCPUFP__CPUFP500K_0030__00639"",""entity_type"":""candidate"",""monomer_sha256"":""64651d3c7caee0fda51d30b6f9d17c52b0d5edaa0843da856245bc98d7281858"",""protocol_core_sha256"":""8c55751f66ac2930ce115a9419321a2b2bed220b61af2e1671f7ac6e6a2e33b3"",""restraint_hash"":""4c76f09ba6c24bc9c82a9a97a8fa1f279c4d5ce2a6d051dbf284751701c25880"",""seed"":42,""sequence_sha256"":""ad715471b21dd35c3110c83b89e6e378e889cc140acda8cc84d989168512c162""}"	311	TOP200_COMMON4_SEED_COMPLETION	52
CANDIDATE_P1MCPUFP__CPUFP500K_0030__00639_8x6b_s3047_a1e76f7ce563	67	candidate	P1MCPUFP__CPUFP500K_0030__00639		CANDIDATE_UNKNOWN	8x6b	3047	ad715471b21dd35c3110c83b89e6e378e889cc140acda8cc84d989168512c162	26-33	51-58	97-112	27,28,29,30,35,36,37,38,56,57,58,59,62,63,64,65,105,106,107,108,109,110,111,112,113,114,115,116,117	inputs/candidate_monomers/P1MCPUFP__CPUFP500K_0030__00639.pdb	frozen_nbb2_archive_extract	H	64651d3c7caee0fda51d30b6f9d17c52b0d5edaa0843da856245bc98d7281858	inputs/normalized/8x6b_pvrig_receptor.pdb	T	L	A	UniProt_Q6DKI7	21918201f2d7d8fd86e7fbe3003003c516ebb4de914b20d6f1f82a78554f6225	4c76f09ba6c24bc9c82a9a97a8fa1f279c4d5ce2a6d051dbf284751701c25880	8c55751f66ac2930ce115a9419321a2b2bed220b61af2e1671f7ac6e6a2e33b3	8c55751f66ac2930ce115a9419321a2b2bed220b61af2e1671f7ac6e6a2e33b3	a1e76f7ce56303fc410e548e0e83b0beb81235fc036901017bae1080d380c8c9	"{""cfg_hash"":""21918201f2d7d8fd86e7fbe3003003c516ebb4de914b20d6f1f82a78554f6225"",""conformation"":""8x6b"",""entity_id"":""P1MCPUFP__CPUFP500K_0030__00639"",""entity_type"":""candidate"",""monomer_sha256"":""64651d3c7caee0fda51d30b6f9d17c52b0d5edaa0843da856245bc98d7281858"",""protocol_core_sha256"":""8c55751f66ac2930ce115a9419321a2b2bed220b61af2e1671f7ac6e6a2e33b3"",""restraint_hash"":""4c76f09ba6c24bc9c82a9a97a8fa1f279c4d5ce2a6d051dbf284751701c25880"",""seed"":3047,""sequence_sha256"":""ad715471b21dd35c3110c83b89e6e378e889cc140acda8cc84d989168512c162""}"	311	TOP200_COMMON4_SEED_COMPLETION	52
CANDIDATE_P1MCPUFP__CPUFP500K_0030__00639_9e6y_s3047_c0a810b653b8	68	candidate	P1MCPUFP__CPUFP500K_0030__00639		CANDIDATE_UNKNOWN	9e6y	3047	ad715471b21dd35c3110c83b89e6e378e889cc140acda8cc84d989168512c162	26-33	51-58	97-112	27,28,29,30,35,36,37,38,56,57,58,59,62,63,64,65,105,106,107,108,109,110,111,112,113,114,115,116,117	inputs/candidate_monomers/P1MCPUFP__CPUFP500K_0030__00639.pdb	frozen_nbb2_archive_extract	H	64651d3c7caee0fda51d30b6f9d17c52b0d5edaa0843da856245bc98d7281858	inputs/normalized/9e6y_pvrig_receptor.pdb	T	L	A	UniProt_Q6DKI7	036faa08876ef5dc8e4331507bf042bf828faae3f3cf5a5fd358a89d5fb215da	4c76f09ba6c24bc9c82a9a97a8fa1f279c4d5ce2a6d051dbf284751701c25880	8c55751f66ac2930ce115a9419321a2b2bed220b61af2e1671f7ac6e6a2e33b3	8c55751f66ac2930ce115a9419321a2b2bed220b61af2e1671f7ac6e6a2e33b3	c0a810b653b8d1835f243d64bb1502756cb4cf2b22250873b09eaddffdb388cc	"{""cfg_hash"":""036faa08876ef5dc8e4331507bf042bf828faae3f3cf5a5fd358a89d5fb215da"",""conformation"":""9e6y"",""entity_id"":""P1MCPUFP__CPUFP500K_0030__00639"",""entity_type"":""candidate"",""monomer_sha256"":""64651d3c7caee0fda51d30b6f9d17c52b0d5edaa0843da856245bc98d7281858"",""protocol_core_sha256"":""8c55751f66ac2930ce115a9419321a2b2bed220b61af2e1671f7ac6e6a2e33b3"",""restraint_hash"":""4c76f09ba6c24bc9c82a9a97a8fa1f279c4d5ce2a6d051dbf284751701c25880"",""seed"":3047,""sequence_sha256"":""ad715471b21dd35c3110c83b89e6e378e889cc140acda8cc84d989168512c162""}"	311	TOP200_COMMON4_SEED_COMPLETION	52
CANDIDATE_P1MCPUFP__CPUFP500K_0228__00457_8x6b_s42_bfa0d34a4d84	69	candidate	P1MCPUFP__CPUFP500K_0228__00457		CANDIDATE_UNKNOWN	8x6b	42	5fab6b59c86c982f225437ab319ccfada698e1f95b79a49fb1dcdf7fe522fc71	26-33	51-58	97-112	27,28,29,30,35,36,37,38,56,57,58,59,62,63,64,65,105,106,107,108,109,110,111,112,113,114,115,116,117	inputs/candidate_monomers/P1MCPUFP__CPUFP500K_0228__00457.pdb	frozen_nbb2_archive_extract	H	b27bb62f673f5560e33b2aa23e789ddca81a1b0a7b74e83ad38195316f1dc4ed	inputs/normalized/8x6b_pvrig_receptor.pdb	T	L	A	UniProt_Q6DKI7	6e3411303a8196b0e07523e8d66724b2c6a9380dca7a347caa47b5632620a2a8	4c76f09ba6c24bc9c82a9a97a8fa1f279c4d5ce2a6d051dbf284751701c25880	8c55751f66ac2930ce115a9419321a2b2bed220b61af2e1671f7ac6e6a2e33b3	8c55751f66ac2930ce115a9419321a2b2bed220b61af2e1671f7ac6e6a2e33b3	bfa0d34a4d8486f5ada622739d00e306498c32b9a3f924af87ef827803ef4bba	"{""cfg_hash"":""6e3411303a8196b0e07523e8d66724b2c6a9380dca7a347caa47b5632620a2a8"",""conformation"":""8x6b"",""entity_id"":""P1MCPUFP__CPUFP500K_0228__00457"",""entity_type"":""candidate"",""monomer_sha256"":""b27bb62f673f5560e33b2aa23e789ddca81a1b0a7b74e83ad38195316f1dc4ed"",""protocol_core_sha256"":""8c55751f66ac2930ce115a9419321a2b2bed220b61af2e1671f7ac6e6a2e33b3"",""restraint_hash"":""4c76f09ba6c24bc9c82a9a97a8fa1f279c4d5ce2a6d051dbf284751701c25880"",""seed"":42,""sequence_sha256"":""5fab6b59c86c982f225437ab319ccfada698e1f95b79a49fb1dcdf7fe522fc71""}"	234	TOP200_COMMON4_SEED_COMPLETION	56
CANDIDATE_P1MCPUFP__CPUFP500K_0228__00457_9e6y_s42_65ce126e7d91	70	candidate	P1MCPUFP__CPUFP500K_0228__00457		CANDIDATE_UNKNOWN	9e6y	42	5fab6b59c86c982f225437ab319ccfada698e1f95b79a49fb1dcdf7fe522fc71	26-33	51-58	97-112	27,28,29,30,35,36,37,38,56,57,58,59,62,63,64,65,105,106,107,108,109,110,111,112,113,114,115,116,117	inputs/candidate_monomers/P1MCPUFP__CPUFP500K_0228__00457.pdb	frozen_nbb2_archive_extract	H	b27bb62f673f5560e33b2aa23e789ddca81a1b0a7b74e83ad38195316f1dc4ed	inputs/normalized/9e6y_pvrig_receptor.pdb	T	L	A	UniProt_Q6DKI7	7b597e4976340689606e650f7a864d1c028938e4a1d0c4201b7092f53302813a	4c76f09ba6c24bc9c82a9a97a8fa1f279c4d5ce2a6d051dbf284751701c25880	8c55751f66ac2930ce115a9419321a2b2bed220b61af2e1671f7ac6e6a2e33b3	8c55751f66ac2930ce115a9419321a2b2bed220b61af2e1671f7ac6e6a2e33b3	65ce126e7d91516e2e411b3074bc82bceb0d5d4dc58e42a5f8c653df64be1a64	"{""cfg_hash"":""7b597e4976340689606e650f7a864d1c028938e4a1d0c4201b7092f53302813a"",""conformation"":""9e6y"",""entity_id"":""P1MCPUFP__CPUFP500K_0228__00457"",""entity_type"":""candidate"",""monomer_sha256"":""b27bb62f673f5560e33b2aa23e789ddca81a1b0a7b74e83ad38195316f1dc4ed"",""protocol_core_sha256"":""8c55751f66ac2930ce115a9419321a2b2bed220b61af2e1671f7ac6e6a2e33b3"",""restraint_hash"":""4c76f09ba6c24bc9c82a9a97a8fa1f279c4d5ce2a6d051dbf284751701c25880"",""seed"":42,""sequence_sha256"":""5fab6b59c86c982f225437ab319ccfada698e1f95b79a49fb1dcdf7fe522fc71""}"	234	TOP200_COMMON4_SEED_COMPLETION	56
CANDIDATE_P1MCPUFP__CPUFP500K_0228__00457_8x6b_s3047_71ed69ac260a	71	candidate	P1MCPUFP__CPUFP500K_0228__00457		CANDIDATE_UNKNOWN	8x6b	3047	5fab6b59c86c982f225437ab319ccfada698e1f95b79a49fb1dcdf7fe522fc71	26-33	51-58	97-112	27,28,29,30,35,36,37,38,56,57,58,59,62,63,64,65,105,106,107,108,109,110,111,112,113,114,115,116,117	inputs/candidate_monomers/P1MCPUFP__CPUFP500K_0228__00457.pdb	frozen_nbb2_archive_extract	H	b27bb62f673f5560e33b2aa23e789ddca81a1b0a7b74e83ad38195316f1dc4ed	inputs/normalized/8x6b_pvrig_receptor.pdb	T	L	A	UniProt_Q6DKI7	21918201f2d7d8fd86e7fbe3003003c516ebb4de914b20d6f1f82a78554f6225	4c76f09ba6c24bc9c82a9a97a8fa1f279c4d5ce2a6d051dbf284751701c25880	8c55751f66ac2930ce115a9419321a2b2bed220b61af2e1671f7ac6e6a2e33b3	8c55751f66ac2930ce115a9419321a2b2bed220b61af2e1671f7ac6e6a2e33b3	71ed69ac260ac4ff8bb63b8e5bc6ce6308ff24b28ecc78ab976e123f91735cbb	"{""cfg_hash"":""21918201f2d7d8fd86e7fbe3003003c516ebb4de914b20d6f1f82a78554f6225"",""conformation"":""8x6b"",""entity_id"":""P1MCPUFP__CPUFP500K_0228__00457"",""entity_type"":""candidate"",""monomer_sha256"":""b27bb62f673f5560e33b2aa23e789ddca81a1b0a7b74e83ad38195316f1dc4ed"",""protocol_core_sha256"":""8c55751f66ac2930ce115a9419321a2b2bed220b61af2e1671f7ac6e6a2e33b3"",""restraint_hash"":""4c76f09ba6c24bc9c82a9a97a8fa1f279c4d5ce2a6d051dbf284751701c25880"",""seed"":3047,""sequence_sha256"":""5fab6b59c86c982f225437ab319ccfada698e1f95b79a49fb1dcdf7fe522fc71""}"	234	TOP200_COMMON4_SEED_COMPLETION	56
CANDIDATE_P1MCPUFP__CPUFP500K_0228__00457_9e6y_s3047_2550b48d55e7	72	candidate	P1MCPUFP__CPUFP500K_0228__00457		CANDIDATE_UNKNOWN	9e6y	3047	5fab6b59c86c982f225437ab319ccfada698e1f95b79a49fb1dcdf7fe522fc71	26-33	51-58	97-112	27,28,29,30,35,36,37,38,56,57,58,59,62,63,64,65,105,106,107,108,109,110,111,112,113,114,115,116,117	inputs/candidate_monomers/P1MCPUFP__CPUFP500K_0228__00457.pdb	frozen_nbb2_archive_extract	H	b27bb62f673f5560e33b2aa23e789ddca81a1b0a7b74e83ad38195316f1dc4ed	inputs/normalized/9e6y_pvrig_receptor.pdb	T	L	A	UniProt_Q6DKI7	036faa08876ef5dc8e4331507bf042bf828faae3f3cf5a5fd358a89d5fb215da	4c76f09ba6c24bc9c82a9a97a8fa1f279c4d5ce2a6d051dbf284751701c25880	8c55751f66ac2930ce115a9419321a2b2bed220b61af2e1671f7ac6e6a2e33b3	8c55751f66ac2930ce115a9419321a2b2bed220b61af2e1671f7ac6e6a2e33b3	2550b48d55e7bec6c303967ecc5efbd1b06e837ab2032de4a4f2e584e8fba23b	"{""cfg_hash"":""036faa08876ef5dc8e4331507bf042bf828faae3f3cf5a5fd358a89d5fb215da"",""conformation"":""9e6y"",""entity_id"":""P1MCPUFP__CPUFP500K_0228__00457"",""entity_type"":""candidate"",""monomer_sha256"":""b27bb62f673f5560e33b2aa23e789ddca81a1b0a7b74e83ad38195316f1dc4ed"",""protocol_core_sha256"":""8c55751f66ac2930ce115a9419321a2b2bed220b61af2e1671f7ac6e6a2e33b3"",""restraint_hash"":""4c76f09ba6c24bc9c82a9a97a8fa1f279c4d5ce2a6d051dbf284751701c25880"",""seed"":3047,""sequence_sha256"":""5fab6b59c86c982f225437ab319ccfada698e1f95b79a49fb1dcdf7fe522fc71""}"	234	TOP200_COMMON4_SEED_COMPLETION	56
CANDIDATE_P1MCPUFP__CPUFP500K_0496__00394_8x6b_s42_b2e29a8326cf	73	candidate	P1MCPUFP__CPUFP500K_0496__00394		CANDIDATE_UNKNOWN	8x6b	42	23cd3ef95cdb09ea749b4a5a273b3130f8eef248b3ba7d15b0629fbe8a1e4da7	26-35	53-59	98-116	27,28,29,30,31,34,35,36,37,38,56,57,58,59,63,64,65,105,106,107,108,109,110,111,112,113,114,115,116,117	inputs/candidate_monomers/P1MCPUFP__CPUFP500K_0496__00394.pdb	frozen_nbb2_archive_extract	H	71fb48e86fac9693414acf2d58a5a1bafe0580976b159f04afc7cc24b7dd2c6a	inputs/normalized/8x6b_pvrig_receptor.pdb	T	L	A	UniProt_Q6DKI7	6e3411303a8196b0e07523e8d66724b2c6a9380dca7a347caa47b5632620a2a8	cb4c825dedbb6b8ccf1510daf94ccd67c095d4743b9f9b2a3b6dc9fa7c1cda34	8c55751f66ac2930ce115a9419321a2b2bed220b61af2e1671f7ac6e6a2e33b3	8c55751f66ac2930ce115a9419321a2b2bed220b61af2e1671f7ac6e6a2e33b3	b2e29a8326cf34c99527aca56ffce00d973bc85f5c7d1c863efd4a2b384b7d9b	"{""cfg_hash"":""6e3411303a8196b0e07523e8d66724b2c6a9380dca7a347caa47b5632620a2a8"",""conformation"":""8x6b"",""entity_id"":""P1MCPUFP__CPUFP500K_0496__00394"",""entity_type"":""candidate"",""monomer_sha256"":""71fb48e86fac9693414acf2d58a5a1bafe0580976b159f04afc7cc24b7dd2c6a"",""protocol_core_sha256"":""8c55751f66ac2930ce115a9419321a2b2bed220b61af2e1671f7ac6e6a2e33b3"",""restraint_hash"":""cb4c825dedbb6b8ccf1510daf94ccd67c095d4743b9f9b2a3b6dc9fa7c1cda34"",""seed"":42,""sequence_sha256"":""23cd3ef95cdb09ea749b4a5a273b3130f8eef248b3ba7d15b0629fbe8a1e4da7""}"	109	TOP200_COMMON4_SEED_COMPLETION	58
CANDIDATE_P1MCPUFP__CPUFP500K_0496__00394_9e6y_s42_2ea2f15ec765	74	candidate	P1MCPUFP__CPUFP500K_0496__00394		CANDIDATE_UNKNOWN	9e6y	42	23cd3ef95cdb09ea749b4a5a273b3130f8eef248b3ba7d15b0629fbe8a1e4da7	26-35	53-59	98-116	27,28,29,30,31,34,35,36,37,38,56,57,58,59,63,64,65,105,106,107,108,109,110,111,112,113,114,115,116,117	inputs/candidate_monomers/P1MCPUFP__CPUFP500K_0496__00394.pdb	frozen_nbb2_archive_extract	H	71fb48e86fac9693414acf2d58a5a1bafe0580976b159f04afc7cc24b7dd2c6a	inputs/normalized/9e6y_pvrig_receptor.pdb	T	L	A	UniProt_Q6DKI7	7b597e4976340689606e650f7a864d1c028938e4a1d0c4201b7092f53302813a	cb4c825dedbb6b8ccf1510daf94ccd67c095d4743b9f9b2a3b6dc9fa7c1cda34	8c55751f66ac2930ce115a9419321a2b2bed220b61af2e1671f7ac6e6a2e33b3	8c55751f66ac2930ce115a9419321a2b2bed220b61af2e1671f7ac6e6a2e33b3	2ea2f15ec7653e5195f0f1479c19d4b82b1c390aebc02005428e638a8a811306	"{""cfg_hash"":""7b597e4976340689606e650f7a864d1c028938e4a1d0c4201b7092f53302813a"",""conformation"":""9e6y"",""entity_id"":""P1MCPUFP__CPUFP500K_0496__00394"",""entity_type"":""candidate"",""monomer_sha256"":""71fb48e86fac9693414acf2d58a5a1bafe0580976b159f04afc7cc24b7dd2c6a"",""protocol_core_sha256"":""8c55751f66ac2930ce115a9419321a2b2bed220b61af2e1671f7ac6e6a2e33b3"",""restraint_hash"":""cb4c825dedbb6b8ccf1510daf94ccd67c095d4743b9f9b2a3b6dc9fa7c1cda34"",""seed"":42,""sequence_sha256"":""23cd3ef95cdb09ea749b4a5a273b3130f8eef248b3ba7d15b0629fbe8a1e4da7""}"	109	TOP200_COMMON4_SEED_COMPLETION	58
CANDIDATE_P1MCPUFP__CPUFP500K_0496__00394_8x6b_s3047_5c68d3aa8b7f	75	candidate	P1MCPUFP__CPUFP500K_0496__00394		CANDIDATE_UNKNOWN	8x6b	3047	23cd3ef95cdb09ea749b4a5a273b3130f8eef248b3ba7d15b0629fbe8a1e4da7	26-35	53-59	98-116	27,28,29,30,31,34,35,36,37,38,56,57,58,59,63,64,65,105,106,107,108,109,110,111,112,113,114,115,116,117	inputs/candidate_monomers/P1MCPUFP__CPUFP500K_0496__00394.pdb	frozen_nbb2_archive_extract	H	71fb48e86fac9693414acf2d58a5a1bafe0580976b159f04afc7cc24b7dd2c6a	inputs/normalized/8x6b_pvrig_receptor.pdb	T	L	A	UniProt_Q6DKI7	21918201f2d7d8fd86e7fbe3003003c516ebb4de914b20d6f1f82a78554f6225	cb4c825dedbb6b8ccf1510daf94ccd67c095d4743b9f9b2a3b6dc9fa7c1cda34	8c55751f66ac2930ce115a9419321a2b2bed220b61af2e1671f7ac6e6a2e33b3	8c55751f66ac2930ce115a9419321a2b2bed220b61af2e1671f7ac6e6a2e33b3	5c68d3aa8b7faf5c56294165709ade2e81309969d19c23bc1397a8a7a5dc3adc	"{""cfg_hash"":""21918201f2d7d8fd86e7fbe3003003c516ebb4de914b20d6f1f82a78554f6225"",""conformation"":""8x6b"",""entity_id"":""P1MCPUFP__CPUFP500K_0496__00394"",""entity_type"":""candidate"",""monomer_sha256"":""71fb48e86fac9693414acf2d58a5a1bafe0580976b159f04afc7cc24b7dd2c6a"",""protocol_core_sha256"":""8c55751f66ac2930ce115a9419321a2b2bed220b61af2e1671f7ac6e6a2e33b3"",""restraint_hash"":""cb4c825dedbb6b8ccf1510daf94ccd67c095d4743b9f9b2a3b6dc9fa7c1cda34"",""seed"":3047,""sequence_sha256"":""23cd3ef95cdb09ea749b4a5a273b3130f8eef248b3ba7d15b0629fbe8a1e4da7""}"	109	TOP200_COMMON4_SEED_COMPLETION	58
CANDIDATE_P1MCPUFP__CPUFP500K_0496__00394_9e6y_s3047_4a8553f17e78	76	candidate	P1MCPUFP__CPUFP500K_0496__00394		CANDIDATE_UNKNOWN	9e6y	3047	23cd3ef95cdb09ea749b4a5a273b3130f8eef248b3ba7d15b0629fbe8a1e4da7	26-35	53-59	98-116	27,28,29,30,31,34,35,36,37,38,56,57,58,59,63,64,65,105,106,107,108,109,110,111,112,113,114,115,116,117	inputs/candidate_monomers/P1MCPUFP__CPUFP500K_0496__00394.pdb	frozen_nbb2_archive_extract	H	71fb48e86fac9693414acf2d58a5a1bafe0580976b159f04afc7cc24b7dd2c6a	inputs/normalized/9e6y_pvrig_receptor.pdb	T	L	A	UniProt_Q6DKI7	036faa08876ef5dc8e4331507bf042bf828faae3f3cf5a5fd358a89d5fb215da	cb4c825dedbb6b8ccf1510daf94ccd67c095d4743b9f9b2a3b6dc9fa7c1cda34	8c55751f66ac2930ce115a9419321a2b2bed220b61af2e1671f7ac6e6a2e33b3	8c55751f66ac2930ce115a9419321a2b2bed220b61af2e1671f7ac6e6a2e33b3	4a8553f17e7859726970c425a1ad61dd89b1c5a75d8e230a0b87b15ab2c7a62d	"{""cfg_hash"":""036faa08876ef5dc8e4331507bf042bf828faae3f3cf5a5fd358a89d5fb215da"",""conformation"":""9e6y"",""entity_id"":""P1MCPUFP__CPUFP500K_0496__00394"",""entity_type"":""candidate"",""monomer_sha256"":""71fb48e86fac9693414acf2d58a5a1bafe0580976b159f04afc7cc24b7dd2c6a"",""protocol_core_sha256"":""8c55751f66ac2930ce115a9419321a2b2bed220b61af2e1671f7ac6e6a2e33b3"",""restraint_hash"":""cb4c825dedbb6b8ccf1510daf94ccd67c095d4743b9f9b2a3b6dc9fa7c1cda34"",""seed"":3047,""sequence_sha256"":""23cd3ef95cdb09ea749b4a5a273b3130f8eef248b3ba7d15b0629fbe8a1e4da7""}"	109	TOP200_COMMON4_SEED_COMPLETION	58
CANDIDATE_P1MCPUFP__CPUFP500K_0090__00208_8x6b_s42_3c35517972a2	77	candidate	P1MCPUFP__CPUFP500K_0090__00208		CANDIDATE_UNKNOWN	8x6b	42	2d0eb83235b5988c92d0ff00eba58b284f8087c70feafaf0c5232efe6fae2b94	26-35	53-59	98-116	27,28,29,30,31,34,35,36,37,38,56,57,58,59,63,64,65,105,106,107,108,109,110,111,112,113,114,115,116,117	inputs/candidate_monomers/P1MCPUFP__CPUFP500K_0090__00208.pdb	frozen_nbb2_archive_extract	H	aac4e2f74646eed265b18569fbceb7be4dd1a838cdf115f34831959abeac610c	inputs/normalized/8x6b_pvrig_receptor.pdb	T	L	A	UniProt_Q6DKI7	6e3411303a8196b0e07523e8d66724b2c6a9380dca7a347caa47b5632620a2a8	cb4c825dedbb6b8ccf1510daf94ccd67c095d4743b9f9b2a3b6dc9fa7c1cda34	8c55751f66ac2930ce115a9419321a2b2bed220b61af2e1671f7ac6e6a2e33b3	8c55751f66ac2930ce115a9419321a2b2bed220b61af2e1671f7ac6e6a2e33b3	3c35517972a20e13ca5db2fdf29f3a113326d9c8402689a4b0ebe6cb819b7b35	"{""cfg_hash"":""6e3411303a8196b0e07523e8d66724b2c6a9380dca7a347caa47b5632620a2a8"",""conformation"":""8x6b"",""entity_id"":""P1MCPUFP__CPUFP500K_0090__00208"",""entity_type"":""candidate"",""monomer_sha256"":""aac4e2f74646eed265b18569fbceb7be4dd1a838cdf115f34831959abeac610c"",""protocol_core_sha256"":""8c55751f66ac2930ce115a9419321a2b2bed220b61af2e1671f7ac6e6a2e33b3"",""restraint_hash"":""cb4c825dedbb6b8ccf1510daf94ccd67c095d4743b9f9b2a3b6dc9fa7c1cda34"",""seed"":42,""sequence_sha256"":""2d0eb83235b5988c92d0ff00eba58b284f8087c70feafaf0c5232efe6fae2b94""}"	310	TOP200_COMMON4_SEED_COMPLETION	59
CANDIDATE_P1MCPUFP__CPUFP500K_0090__00208_9e6y_s42_ec1a6f057e50	78	candidate	P1MCPUFP__CPUFP500K_0090__00208		CANDIDATE_UNKNOWN	9e6y	42	2d0eb83235b5988c92d0ff00eba58b284f8087c70feafaf0c5232efe6fae2b94	26-35	53-59	98-116	27,28,29,30,31,34,35,36,37,38,56,57,58,59,63,64,65,105,106,107,108,109,110,111,112,113,114,115,116,117	inputs/candidate_monomers/P1MCPUFP__CPUFP500K_0090__00208.pdb	frozen_nbb2_archive_extract	H	aac4e2f74646eed265b18569fbceb7be4dd1a838cdf115f34831959abeac610c	inputs/normalized/9e6y_pvrig_receptor.pdb	T	L	A	UniProt_Q6DKI7	7b597e4976340689606e650f7a864d1c028938e4a1d0c4201b7092f53302813a	cb4c825dedbb6b8ccf1510daf94ccd67c095d4743b9f9b2a3b6dc9fa7c1cda34	8c55751f66ac2930ce115a9419321a2b2bed220b61af2e1671f7ac6e6a2e33b3	8c55751f66ac2930ce115a9419321a2b2bed220b61af2e1671f7ac6e6a2e33b3	ec1a6f057e50c8cf3501092d1cee0583b634426cc7a943e1e23379fc3590c9da	"{""cfg_hash"":""7b597e4976340689606e650f7a864d1c028938e4a1d0c4201b7092f53302813a"",""conformation"":""9e6y"",""entity_id"":""P1MCPUFP__CPUFP500K_0090__00208"",""entity_type"":""candidate"",""monomer_sha256"":""aac4e2f74646eed265b18569fbceb7be4dd1a838cdf115f34831959abeac610c"",""protocol_core_sha256"":""8c55751f66ac2930ce115a9419321a2b2bed220b61af2e1671f7ac6e6a2e33b3"",""restraint_hash"":""cb4c825dedbb6b8ccf1510daf94ccd67c095d4743b9f9b2a3b6dc9fa7c1cda34"",""seed"":42,""sequence_sha256"":""2d0eb83235b5988c92d0ff00eba58b284f8087c70feafaf0c5232efe6fae2b94""}"	310	TOP200_COMMON4_SEED_COMPLETION	59
CANDIDATE_P1MCPUFP__CPUFP500K_0090__00208_8x6b_s3047_89a42ed0ca9e	79	candidate	P1MCPUFP__CPUFP500K_0090__00208		CANDIDATE_UNKNOWN	8x6b	3047	2d0eb83235b5988c92d0ff00eba58b284f8087c70feafaf0c5232efe6fae2b94	26-35	53-59	98-116	27,28,29,30,31,34,35,36,37,38,56,57,58,59,63,64,65,105,106,107,108,109,110,111,112,113,114,115,116,117	inputs/candidate_monomers/P1MCPUFP__CPUFP500K_0090__00208.pdb	frozen_nbb2_archive_extract	H	aac4e2f74646eed265b18569fbceb7be4dd1a838cdf115f34831959abeac610c	inputs/normalized/8x6b_pvrig_receptor.pdb	T	L	A	UniProt_Q6DKI7	21918201f2d7d8fd86e7fbe3003003c516ebb4de914b20d6f1f82a78554f6225	cb4c825dedbb6b8ccf1510daf94ccd67c095d4743b9f9b2a3b6dc9fa7c1cda34	8c55751f66ac2930ce115a9419321a2b2bed220b61af2e1671f7ac6e6a2e33b3	8c55751f66ac2930ce115a9419321a2b2bed220b61af2e1671f7ac6e6a2e33b3	89a42ed0ca9ef73678d13927a0a1ee1d3ea7262713adadf0d261f16c722830d5	"{""cfg_hash"":""21918201f2d7d8fd86e7fbe3003003c516ebb4de914b20d6f1f82a78554f6225"",""conformation"":""8x6b"",""entity_id"":""P1MCPUFP__CPUFP500K_0090__00208"",""entity_type"":""candidate"",""monomer_sha256"":""aac4e2f74646eed265b18569fbceb7be4dd1a838cdf115f34831959abeac610c"",""protocol_core_sha256"":""8c55751f66ac2930ce115a9419321a2b2bed220b61af2e1671f7ac6e6a2e33b3"",""restraint_hash"":""cb4c825dedbb6b8ccf1510daf94ccd67c095d4743b9f9b2a3b6dc9fa7c1cda34"",""seed"":3047,""sequence_sha256"":""2d0eb83235b5988c92d0ff00eba58b284f8087c70feafaf0c5232efe6fae2b94""}"	310	TOP200_COMMON4_SEED_COMPLETION	59
CANDIDATE_P1MCPUFP__CPUFP500K_0090__00208_9e6y_s3047_c0fe401b57ea	80	candidate	P1MCPUFP__CPUFP500K_0090__00208		CANDIDATE_UNKNOWN	9e6y	3047	2d0eb83235b5988c92d0ff00eba58b284f8087c70feafaf0c5232efe6fae2b94	26-35	53-59	98-116	27,28,29,30,31,34,35,36,37,38,56,57,58,59,63,64,65,105,106,107,108,109,110,111,112,113,114,115,116,117	inputs/candidate_monomers/P1MCPUFP__CPUFP500K_0090__00208.pdb	frozen_nbb2_archive_extract	H	aac4e2f74646eed265b18569fbceb7be4dd1a838cdf115f34831959abeac610c	inputs/normalized/9e6y_pvrig_receptor.pdb	T	L	A	UniProt_Q6DKI7	036faa08876ef5dc8e4331507bf042bf828faae3f3cf5a5fd358a89d5fb215da	cb4c825dedbb6b8ccf1510daf94ccd67c095d4743b9f9b2a3b6dc9fa7c1cda34	8c55751f66ac2930ce115a9419321a2b2bed220b61af2e1671f7ac6e6a2e33b3	8c55751f66ac2930ce115a9419321a2b2bed220b61af2e1671f7ac6e6a2e33b3	c0fe401b57eae3ae039ce22271b080d8ef1fb55d39a29ea61096ec1962bd07a9	"{""cfg_hash"":""036faa08876ef5dc8e4331507bf042bf828faae3f3cf5a5fd358a89d5fb215da"",""conformation"":""9e6y"",""entity_id"":""P1MCPUFP__CPUFP500K_0090__00208"",""entity_type"":""candidate"",""monomer_sha256"":""aac4e2f74646eed265b18569fbceb7be4dd1a838cdf115f34831959abeac610c"",""protocol_core_sha256"":""8c55751f66ac2930ce115a9419321a2b2bed220b61af2e1671f7ac6e6a2e33b3"",""restraint_hash"":""cb4c825dedbb6b8ccf1510daf94ccd67c095d4743b9f9b2a3b6dc9fa7c1cda34"",""seed"":3047,""sequence_sha256"":""2d0eb83235b5988c92d0ff00eba58b284f8087c70feafaf0c5232efe6fae2b94""}"	310	TOP200_COMMON4_SEED_COMPLETION	59
CANDIDATE_P1MCPUFP__CPUFP500K_0032__00877_8x6b_s42_73d5395bbeec	81	candidate	P1MCPUFP__CPUFP500K_0032__00877		CANDIDATE_UNKNOWN	8x6b	42	fc9fd9004613d5b17008d16f6536fc903ca542b5d9da0bd4a0265937d5203a83	26-33	51-58	97-112	27,28,29,30,35,36,37,38,56,57,58,59,62,63,64,65,105,106,107,108,109,110,111,112,113,114,115,116,117	inputs/candidate_monomers/P1MCPUFP__CPUFP500K_0032__00877.pdb	frozen_nbb2_archive_extract	H	5efb301e304de143b05f3fe8148bcee05777156f5cb66efe279c3b9aee72cc47	inputs/normalized/8x6b_pvrig_receptor.pdb	T	L	A	UniProt_Q6DKI7	6e3411303a8196b0e07523e8d66724b2c6a9380dca7a347caa47b5632620a2a8	4c76f09ba6c24bc9c82a9a97a8fa1f279c4d5ce2a6d051dbf284751701c25880	8c55751f66ac2930ce115a9419321a2b2bed220b61af2e1671f7ac6e6a2e33b3	8c55751f66ac2930ce115a9419321a2b2bed220b61af2e1671f7ac6e6a2e33b3	73d5395bbeec95d18f0f9dc51035ca631cf3511ef61a0c5e7edf4ab52f5710e8	"{""cfg_hash"":""6e3411303a8196b0e07523e8d66724b2c6a9380dca7a347caa47b5632620a2a8"",""conformation"":""8x6b"",""entity_id"":""P1MCPUFP__CPUFP500K_0032__00877"",""entity_type"":""candidate"",""monomer_sha256"":""5efb301e304de143b05f3fe8148bcee05777156f5cb66efe279c3b9aee72cc47"",""protocol_core_sha256"":""8c55751f66ac2930ce115a9419321a2b2bed220b61af2e1671f7ac6e6a2e33b3"",""restraint_hash"":""4c76f09ba6c24bc9c82a9a97a8fa1f279c4d5ce2a6d051dbf284751701c25880"",""seed"":42,""sequence_sha256"":""fc9fd9004613d5b17008d16f6536fc903ca542b5d9da0bd4a0265937d5203a83""}"	281	TOP200_COMMON4_SEED_COMPLETION	60
CANDIDATE_P1MCPUFP__CPUFP500K_0032__00877_9e6y_s42_e16d095ba9a2	82	candidate	P1MCPUFP__CPUFP500K_0032__00877		CANDIDATE_UNKNOWN	9e6y	42	fc9fd9004613d5b17008d16f6536fc903ca542b5d9da0bd4a0265937d5203a83	26-33	51-58	97-112	27,28,29,30,35,36,37,38,56,57,58,59,62,63,64,65,105,106,107,108,109,110,111,112,113,114,115,116,117	inputs/candidate_monomers/P1MCPUFP__CPUFP500K_0032__00877.pdb	frozen_nbb2_archive_extract	H	5efb301e304de143b05f3fe8148bcee05777156f5cb66efe279c3b9aee72cc47	inputs/normalized/9e6y_pvrig_receptor.pdb	T	L	A	UniProt_Q6DKI7	7b597e4976340689606e650f7a864d1c028938e4a1d0c4201b7092f53302813a	4c76f09ba6c24bc9c82a9a97a8fa1f279c4d5ce2a6d051dbf284751701c25880	8c55751f66ac2930ce115a9419321a2b2bed220b61af2e1671f7ac6e6a2e33b3	8c55751f66ac2930ce115a9419321a2b2bed220b61af2e1671f7ac6e6a2e33b3	e16d095ba9a2930a33fa4f98cb14cfa25503e92dc7e977ca17346fe1656f830d	"{""cfg_hash"":""7b597e4976340689606e650f7a864d1c028938e4a1d0c4201b7092f53302813a"",""conformation"":""9e6y"",""entity_id"":""P1MCPUFP__CPUFP500K_0032__00877"",""entity_type"":""candidate"",""monomer_sha256"":""5efb301e304de143b05f3fe8148bcee05777156f5cb66efe279c3b9aee72cc47"",""protocol_core_sha256"":""8c55751f66ac2930ce115a9419321a2b2bed220b61af2e1671f7ac6e6a2e33b3"",""restraint_hash"":""4c76f09ba6c24bc9c82a9a97a8fa1f279c4d5ce2a6d051dbf284751701c25880"",""seed"":42,""sequence_sha256"":""fc9fd9004613d5b17008d16f6536fc903ca542b5d9da0bd4a0265937d5203a83""}"	281	TOP200_COMMON4_SEED_COMPLETION	60
CANDIDATE_P1MCPUFP__CPUFP500K_0032__00877_8x6b_s3047_3daf5b26d02f	83	candidate	P1MCPUFP__CPUFP500K_0032__00877		CANDIDATE_UNKNOWN	8x6b	3047	fc9fd9004613d5b17008d16f6536fc903ca542b5d9da0bd4a0265937d5203a83	26-33	51-58	97-112	27,28,29,30,35,36,37,38,56,57,58,59,62,63,64,65,105,106,107,108,109,110,111,112,113,114,115,116,117	inputs/candidate_monomers/P1MCPUFP__CPUFP500K_0032__00877.pdb	frozen_nbb2_archive_extract	H	5efb301e304de143b05f3fe8148bcee05777156f5cb66efe279c3b9aee72cc47	inputs/normalized/8x6b_pvrig_receptor.pdb	T	L	A	UniProt_Q6DKI7	21918201f2d7d8fd86e7fbe3003003c516ebb4de914b20d6f1f82a78554f6225	4c76f09ba6c24bc9c82a9a97a8fa1f279c4d5ce2a6d051dbf284751701c25880	8c55751f66ac2930ce115a9419321a2b2bed220b61af2e1671f7ac6e6a2e33b3	8c55751f66ac2930ce115a9419321a2b2bed220b61af2e1671f7ac6e6a2e33b3	3daf5b26d02f78be33a0f1b6ba821bf7c22d7226103afcae3b0fa2abdf8a0545	"{""cfg_hash"":""21918201f2d7d8fd86e7fbe3003003c516ebb4de914b20d6f1f82a78554f6225"",""conformation"":""8x6b"",""entity_id"":""P1MCPUFP__CPUFP500K_0032__00877"",""entity_type"":""candidate"",""monomer_sha256"":""5efb301e304de143b05f3fe8148bcee05777156f5cb66efe279c3b9aee72cc47"",""protocol_core_sha256"":""8c55751f66ac2930ce115a9419321a2b2bed220b61af2e1671f7ac6e6a2e33b3"",""restraint_hash"":""4c76f09ba6c24bc9c82a9a97a8fa1f279c4d5ce2a6d051dbf284751701c25880"",""seed"":3047,""sequence_sha256"":""fc9fd9004613d5b17008d16f6536fc903ca542b5d9da0bd4a0265937d5203a83""}"	281	TOP200_COMMON4_SEED_COMPLETION	60
CANDIDATE_P1MCPUFP__CPUFP500K_0032__00877_9e6y_s3047_0fb09b0076f8	84	candidate	P1MCPUFP__CPUFP500K_0032__00877		CANDIDATE_UNKNOWN	9e6y	3047	fc9fd9004613d5b17008d16f6536fc903ca542b5d9da0bd4a0265937d5203a83	26-33	51-58	97-112	27,28,29,30,35,36,37,38,56,57,58,59,62,63,64,65,105,106,107,108,109,110,111,112,113,114,115,116,117	inputs/candidate_monomers/P1MCPUFP__CPUFP500K_0032__00877.pdb	frozen_nbb2_archive_extract	H	5efb301e304de143b05f3fe8148bcee05777156f5cb66efe279c3b9aee72cc47	inputs/normalized/9e6y_pvrig_receptor.pdb	T	L	A	UniProt_Q6DKI7	036faa08876ef5dc8e4331507bf042bf828faae3f3cf5a5fd358a89d5fb215da	4c76f09ba6c24bc9c82a9a97a8fa1f279c4d5ce2a6d051dbf284751701c25880	8c55751f66ac2930ce115a9419321a2b2bed220b61af2e1671f7ac6e6a2e33b3	8c55751f66ac2930ce115a9419321a2b2bed220b61af2e1671f7ac6e6a2e33b3	0fb09b0076f876ad14ba5133409bf19480bf2e32000d2c0934df401d3d6496dd	"{""cfg_hash"":""036faa08876ef5dc8e4331507bf042bf828faae3f3cf5a5fd358a89d5fb215da"",""conformation"":""9e6y"",""entity_id"":""P1MCPUFP__CPUFP500K_0032__00877"",""entity_type"":""candidate"",""monomer_sha256"":""5efb301e304de143b05f3fe8148bcee05777156f5cb66efe279c3b9aee72cc47"",""protocol_core_sha256"":""8c55751f66ac2930ce115a9419321a2b2bed220b61af2e1671f7ac6e6a2e33b3"",""restraint_hash"":""4c76f09ba6c24bc9c82a9a97a8fa1f279c4d5ce2a6d051dbf284751701c25880"",""seed"":3047,""sequence_sha256"":""fc9fd9004613d5b17008d16f6536fc903ca542b5d9da0bd4a0265937d5203a83""}"	281	TOP200_COMMON4_SEED_COMPLETION	60
CANDIDATE_P1MCPUFP__CPUFP500K_0199__00049_8x6b_s42_2888faf4c3e8	85	candidate	P1MCPUFP__CPUFP500K_0199__00049		CANDIDATE_UNKNOWN	8x6b	42	2b775f821cfe85b731ffa6fa677d72e43162835e0d500e9b1404f2c6d2699985	26-35	53-59	98-116	27,28,29,30,31,34,35,36,37,38,56,57,58,59,63,64,65,105,106,107,108,109,110,111,112,113,114,115,116,117	inputs/candidate_monomers/P1MCPUFP__CPUFP500K_0199__00049.pdb	frozen_nbb2_archive_extract	H	54b90274fe24e8229db2ec6fafb53ed868b6e79e75c98623c91517b3f47ee507	inputs/normalized/8x6b_pvrig_receptor.pdb	T	L	A	UniProt_Q6DKI7	6e3411303a8196b0e07523e8d66724b2c6a9380dca7a347caa47b5632620a2a8	cb4c825dedbb6b8ccf1510daf94ccd67c095d4743b9f9b2a3b6dc9fa7c1cda34	8c55751f66ac2930ce115a9419321a2b2bed220b61af2e1671f7ac6e6a2e33b3	8c55751f66ac2930ce115a9419321a2b2bed220b61af2e1671f7ac6e6a2e33b3	2888faf4c3e83c7f4325e253959d30cbc4fbf0a2b3c066744f4a82be93748426	"{""cfg_hash"":""6e3411303a8196b0e07523e8d66724b2c6a9380dca7a347caa47b5632620a2a8"",""conformation"":""8x6b"",""entity_id"":""P1MCPUFP__CPUFP500K_0199__00049"",""entity_type"":""candidate"",""monomer_sha256"":""54b90274fe24e8229db2ec6fafb53ed868b6e79e75c98623c91517b3f47ee507"",""protocol_core_sha256"":""8c55751f66ac2930ce115a9419321a2b2bed220b61af2e1671f7ac6e6a2e33b3"",""restraint_hash"":""cb4c825dedbb6b8ccf1510daf94ccd67c095d4743b9f9b2a3b6dc9fa7c1cda34"",""seed"":42,""sequence_sha256"":""2b775f821cfe85b731ffa6fa677d72e43162835e0d500e9b1404f2c6d2699985""}"	41	TOP200_COMMON4_SEED_COMPLETION	68
CANDIDATE_P1MCPUFP__CPUFP500K_0199__00049_9e6y_s42_029bb36681fd	86	candidate	P1MCPUFP__CPUFP500K_0199__00049		CANDIDATE_UNKNOWN	9e6y	42	2b775f821cfe85b731ffa6fa677d72e43162835e0d500e9b1404f2c6d2699985	26-35	53-59	98-116	27,28,29,30,31,34,35,36,37,38,56,57,58,59,63,64,65,105,106,107,108,109,110,111,112,113,114,115,116,117	inputs/candidate_monomers/P1MCPUFP__CPUFP500K_0199__00049.pdb	frozen_nbb2_archive_extract	H	54b90274fe24e8229db2ec6fafb53ed868b6e79e75c98623c91517b3f47ee507	inputs/normalized/9e6y_pvrig_receptor.pdb	T	L	A	UniProt_Q6DKI7	7b597e4976340689606e650f7a864d1c028938e4a1d0c4201b7092f53302813a	cb4c825dedbb6b8ccf1510daf94ccd67c095d4743b9f9b2a3b6dc9fa7c1cda34	8c55751f66ac2930ce115a9419321a2b2bed220b61af2e1671f7ac6e6a2e33b3	8c55751f66ac2930ce115a9419321a2b2bed220b61af2e1671f7ac6e6a2e33b3	029bb36681fd3924e3fc27c16c8d4e1e21d9eb44f6ad4df397743850026d6dd7	"{""cfg_hash"":""7b597e4976340689606e650f7a864d1c028938e4a1d0c4201b7092f53302813a"",""conformation"":""9e6y"",""entity_id"":""P1MCPUFP__CPUFP500K_0199__00049"",""entity_type"":""candidate"",""monomer_sha256"":""54b90274fe24e8229db2ec6fafb53ed868b6e79e75c98623c91517b3f47ee507"",""protocol_core_sha256"":""8c55751f66ac2930ce115a9419321a2b2bed220b61af2e1671f7ac6e6a2e33b3"",""restraint_hash"":""cb4c825dedbb6b8ccf1510daf94ccd67c095d4743b9f9b2a3b6dc9fa7c1cda34"",""seed"":42,""sequence_sha256"":""2b775f821cfe85b731ffa6fa677d72e43162835e0d500e9b1404f2c6d2699985""}"	41	TOP200_COMMON4_SEED_COMPLETION	68
CANDIDATE_P1MCPUFP__CPUFP500K_0199__00049_8x6b_s3047_c09d6a6ed4c1	87	candidate	P1MCPUFP__CPUFP500K_0199__00049		CANDIDATE_UNKNOWN	8x6b	3047	2b775f821cfe85b731ffa6fa677d72e43162835e0d500e9b1404f2c6d2699985	26-35	53-59	98-116	27,28,29,30,31,34,35,36,37,38,56,57,58,59,63,64,65,105,106,107,108,109,110,111,112,113,114,115,116,117	inputs/candidate_monomers/P1MCPUFP__CPUFP500K_0199__00049.pdb	frozen_nbb2_archive_extract	H	54b90274fe24e8229db2ec6fafb53ed868b6e79e75c98623c91517b3f47ee507	inputs/normalized/8x6b_pvrig_receptor.pdb	T	L	A	UniProt_Q6DKI7	21918201f2d7d8fd86e7fbe3003003c516ebb4de914b20d6f1f82a78554f6225	cb4c825dedbb6b8ccf1510daf94ccd67c095d4743b9f9b2a3b6dc9fa7c1cda34	8c55751f66ac2930ce115a9419321a2b2bed220b61af2e1671f7ac6e6a2e33b3	8c55751f66ac2930ce115a9419321a2b2bed220b61af2e1671f7ac6e6a2e33b3	c09d6a6ed4c12e717570cf3b890ab047677683c0be18856d5fd32380e19ebf4f	"{""cfg_hash"":""21918201f2d7d8fd86e7fbe3003003c516ebb4de914b20d6f1f82a78554f6225"",""conformation"":""8x6b"",""entity_id"":""P1MCPUFP__CPUFP500K_0199__00049"",""entity_type"":""candidate"",""monomer_sha256"":""54b90274fe24e8229db2ec6fafb53ed868b6e79e75c98623c91517b3f47ee507"",""protocol_core_sha256"":""8c55751f66ac2930ce115a9419321a2b2bed220b61af2e1671f7ac6e6a2e33b3"",""restraint_hash"":""cb4c825dedbb6b8ccf1510daf94ccd67c095d4743b9f9b2a3b6dc9fa7c1cda34"",""seed"":3047,""sequence_sha256"":""2b775f821cfe85b731ffa6fa677d72e43162835e0d500e9b1404f2c6d2699985""}"	41	TOP200_COMMON4_SEED_COMPLETION	68
CANDIDATE_P1MCPUFP__CPUFP500K_0199__00049_9e6y_s3047_21839cee4c47	88	candidate	P1MCPUFP__CPUFP500K_0199__00049		CANDIDATE_UNKNOWN	9e6y	3047	2b775f821cfe85b731ffa6fa677d72e43162835e0d500e9b1404f2c6d2699985	26-35	53-59	98-116	27,28,29,30,31,34,35,36,37,38,56,57,58,59,63,64,65,105,106,107,108,109,110,111,112,113,114,115,116,117	inputs/candidate_monomers/P1MCPUFP__CPUFP500K_0199__00049.pdb	frozen_nbb2_archive_extract	H	54b90274fe24e8229db2ec6fafb53ed868b6e79e75c98623c91517b3f47ee507	inputs/normalized/9e6y_pvrig_receptor.pdb	T	L	A	UniProt_Q6DKI7	036faa08876ef5dc8e4331507bf042bf828faae3f3cf5a5fd358a89d5fb215da	cb4c825dedbb6b8ccf1510daf94ccd67c095d4743b9f9b2a3b6dc9fa7c1cda34	8c55751f66ac2930ce115a9419321a2b2bed220b61af2e1671f7ac6e6a2e33b3	8c55751f66ac2930ce115a9419321a2b2bed220b61af2e1671f7ac6e6a2e33b3	21839cee4c479b42368696744b0d36d175c34521d3a855ab676499d758536344	"{""cfg_hash"":""036faa08876ef5dc8e4331507bf042bf828faae3f3cf5a5fd358a89d5fb215da"",""conformation"":""9e6y"",""entity_id"":""P1MCPUFP__CPUFP500K_0199__00049"",""entity_type"":""candidate"",""monomer_sha256"":""54b90274fe24e8229db2ec6fafb53ed868b6e79e75c98623c91517b3f47ee507"",""protocol_core_sha256"":""8c55751f66ac2930ce115a9419321a2b2bed220b61af2e1671f7ac6e6a2e33b3"",""restraint_hash"":""cb4c825dedbb6b8ccf1510daf94ccd67c095d4743b9f9b2a3b6dc9fa7c1cda34"",""seed"":3047,""sequence_sha256"":""2b775f821cfe85b731ffa6fa677d72e43162835e0d500e9b1404f2c6d2699985""}"	41	TOP200_COMMON4_SEED_COMPLETION	68
CANDIDATE_P1MCPUFP__CPUFP500K_0298__00376_8x6b_s42_34953de4e7cd	89	candidate	P1MCPUFP__CPUFP500K_0298__00376		CANDIDATE_UNKNOWN	8x6b	42	b41fb2ab6c4e18dff6f0822f88371837ae617159ed161b4289987c3146bb61f6	26-35	53-59	98-116	27,28,29,30,31,34,35,36,37,38,56,57,58,59,63,64,65,105,106,107,108,109,110,111,112,113,114,115,116,117	inputs/candidate_monomers/P1MCPUFP__CPUFP500K_0298__00376.pdb	frozen_nbb2_archive_extract	H	337a5a608b630f38c5a89b0b17e1889137d57002017bd9914c39a9671302878f	inputs/normalized/8x6b_pvrig_receptor.pdb	T	L	A	UniProt_Q6DKI7	6e3411303a8196b0e07523e8d66724b2c6a9380dca7a347caa47b5632620a2a8	cb4c825dedbb6b8ccf1510daf94ccd67c095d4743b9f9b2a3b6dc9fa7c1cda34	8c55751f66ac2930ce115a9419321a2b2bed220b61af2e1671f7ac6e6a2e33b3	8c55751f66ac2930ce115a9419321a2b2bed220b61af2e1671f7ac6e6a2e33b3	34953de4e7cdb2eb9ada4b7815d1179101b735f14405d2e9f001e463e15fbf41	"{""cfg_hash"":""6e3411303a8196b0e07523e8d66724b2c6a9380dca7a347caa47b5632620a2a8"",""conformation"":""8x6b"",""entity_id"":""P1MCPUFP__CPUFP500K_0298__00376"",""entity_type"":""candidate"",""monomer_sha256"":""337a5a608b630f38c5a89b0b17e1889137d57002017bd9914c39a9671302878f"",""protocol_core_sha256"":""8c55751f66ac2930ce115a9419321a2b2bed220b61af2e1671f7ac6e6a2e33b3"",""restraint_hash"":""cb4c825dedbb6b8ccf1510daf94ccd67c095d4743b9f9b2a3b6dc9fa7c1cda34"",""seed"":42,""sequence_sha256"":""b41fb2ab6c4e18dff6f0822f88371837ae617159ed161b4289987c3146bb61f6""}"	144	TOP200_COMMON4_SEED_COMPLETION	70
CANDIDATE_P1MCPUFP__CPUFP500K_0298__00376_9e6y_s42_e921ec6436f0	90	candidate	P1MCPUFP__CPUFP500K_0298__00376		CANDIDATE_UNKNOWN	9e6y	42	b41fb2ab6c4e18dff6f0822f88371837ae617159ed161b4289987c3146bb61f6	26-35	53-59	98-116	27,28,29,30,31,34,35,36,37,38,56,57,58,59,63,64,65,105,106,107,108,109,110,111,112,113,114,115,116,117	inputs/candidate_monomers/P1MCPUFP__CPUFP500K_0298__00376.pdb	frozen_nbb2_archive_extract	H	337a5a608b630f38c5a89b0b17e1889137d57002017bd9914c39a9671302878f	inputs/normalized/9e6y_pvrig_receptor.pdb	T	L	A	UniProt_Q6DKI7	7b597e4976340689606e650f7a864d1c028938e4a1d0c4201b7092f53302813a	cb4c825dedbb6b8ccf1510daf94ccd67c095d4743b9f9b2a3b6dc9fa7c1cda34	8c55751f66ac2930ce115a9419321a2b2bed220b61af2e1671f7ac6e6a2e33b3	8c55751f66ac2930ce115a9419321a2b2bed220b61af2e1671f7ac6e6a2e33b3	e921ec6436f057a9653a9d482aa86ec56856bd00c70a3fa05f3ab3cf8e8aec5f	"{""cfg_hash"":""7b597e4976340689606e650f7a864d1c028938e4a1d0c4201b7092f53302813a"",""conformation"":""9e6y"",""entity_id"":""P1MCPUFP__CPUFP500K_0298__00376"",""entity_type"":""candidate"",""monomer_sha256"":""337a5a608b630f38c5a89b0b17e1889137d57002017bd9914c39a9671302878f"",""protocol_core_sha256"":""8c55751f66ac2930ce115a9419321a2b2bed220b61af2e1671f7ac6e6a2e33b3"",""restraint_hash"":""cb4c825dedbb6b8ccf1510daf94ccd67c095d4743b9f9b2a3b6dc9fa7c1cda34"",""seed"":42,""sequence_sha256"":""b41fb2ab6c4e18dff6f0822f88371837ae617159ed161b4289987c3146bb61f6""}"	144	TOP200_COMMON4_SEED_COMPLETION	70
CANDIDATE_P1MCPUFP__CPUFP500K_0298__00376_8x6b_s3047_bc73bab273f8	91	candidate	P1MCPUFP__CPUFP500K_0298__00376		CANDIDATE_UNKNOWN	8x6b	3047	b41fb2ab6c4e18dff6f0822f88371837ae617159ed161b4289987c3146bb61f6	26-35	53-59	98-116	27,28,29,30,31,34,35,36,37,38,56,57,58,59,63,64,65,105,106,107,108,109,110,111,112,113,114,115,116,117	inputs/candidate_monomers/P1MCPUFP__CPUFP500K_0298__00376.pdb	frozen_nbb2_archive_extract	H	337a5a608b630f38c5a89b0b17e1889137d57002017bd9914c39a9671302878f	inputs/normalized/8x6b_pvrig_receptor.pdb	T	L	A	UniProt_Q6DKI7	21918201f2d7d8fd86e7fbe3003003c516ebb4de914b20d6f1f82a78554f6225	cb4c825dedbb6b8ccf1510daf94ccd67c095d4743b9f9b2a3b6dc9fa7c1cda34	8c55751f66ac2930ce115a9419321a2b2bed220b61af2e1671f7ac6e6a2e33b3	8c55751f66ac2930ce115a9419321a2b2bed220b61af2e1671f7ac6e6a2e33b3	bc73bab273f84ae8ca58e6c4f9599a0ee51570a77fa115ea0ccf497e5d3a9253	"{""cfg_hash"":""21918201f2d7d8fd86e7fbe3003003c516ebb4de914b20d6f1f82a78554f6225"",""conformation"":""8x6b"",""entity_id"":""P1MCPUFP__CPUFP500K_0298__00376"",""entity_type"":""candidate"",""monomer_sha256"":""337a5a608b630f38c5a89b0b17e1889137d57002017bd9914c39a9671302878f"",""protocol_core_sha256"":""8c55751f66ac2930ce115a9419321a2b2bed220b61af2e1671f7ac6e6a2e33b3"",""restraint_hash"":""cb4c825dedbb6b8ccf1510daf94ccd67c095d4743b9f9b2a3b6dc9fa7c1cda34"",""seed"":3047,""sequence_sha256"":""b41fb2ab6c4e18dff6f0822f88371837ae617159ed161b4289987c3146bb61f6""}"	144	TOP200_COMMON4_SEED_COMPLETION	70
CANDIDATE_P1MCPUFP__CPUFP500K_0298__00376_9e6y_s3047_1c1cc9186f2d	92	candidate	P1MCPUFP__CPUFP500K_0298__00376		CANDIDATE_UNKNOWN	9e6y	3047	b41fb2ab6c4e18dff6f0822f88371837ae617159ed161b4289987c3146bb61f6	26-35	53-59	98-116	27,28,29,30,31,34,35,36,37,38,56,57,58,59,63,64,65,105,106,107,108,109,110,111,112,113,114,115,116,117	inputs/candidate_monomers/P1MCPUFP__CPUFP500K_0298__00376.pdb	frozen_nbb2_archive_extract	H	337a5a608b630f38c5a89b0b17e1889137d57002017bd9914c39a9671302878f	inputs/normalized/9e6y_pvrig_receptor.pdb	T	L	A	UniProt_Q6DKI7	036faa08876ef5dc8e4331507bf042bf828faae3f3cf5a5fd358a89d5fb215da	cb4c825dedbb6b8ccf1510daf94ccd67c095d4743b9f9b2a3b6dc9fa7c1cda34	8c55751f66ac2930ce115a9419321a2b2bed220b61af2e1671f7ac6e6a2e33b3	8c55751f66ac2930ce115a9419321a2b2bed220b61af2e1671f7ac6e6a2e33b3	1c1cc9186f2d80b2c734561cd05cefb815cbf96d85003a8494f6f85bbdd7316e	"{""cfg_hash"":""036faa08876ef5dc8e4331507bf042bf828faae3f3cf5a5fd358a89d5fb215da"",""conformation"":""9e6y"",""entity_id"":""P1MCPUFP__CPUFP500K_0298__00376"",""entity_type"":""candidate"",""monomer_sha256"":""337a5a608b630f38c5a89b0b17e1889137d57002017bd9914c39a9671302878f"",""protocol_core_sha256"":""8c55751f66ac2930ce115a9419321a2b2bed220b61af2e1671f7ac6e6a2e33b3"",""restraint_hash"":""cb4c825dedbb6b8ccf1510daf94ccd67c095d4743b9f9b2a3b6dc9fa7c1cda34"",""seed"":3047,""sequence_sha256"":""b41fb2ab6c4e18dff6f0822f88371837ae617159ed161b4289987c3146bb61f6""}"	144	TOP200_COMMON4_SEED_COMPLETION	70
CANDIDATE_P1MCPUFP__CPUFP500K_0008__00191_8x6b_s42_5b26d6103abe	93	candidate	P1MCPUFP__CPUFP500K_0008__00191		CANDIDATE_UNKNOWN	8x6b	42	abe7cc4a95783da9b9fc96b7add3e8ccec2c3baa7951b0d538b89c260271164a	26-35	53-59	98-116	27,28,29,30,31,34,35,36,37,38,56,57,58,59,63,64,65,105,106,107,108,109,110,111,112,113,114,115,116,117	inputs/candidate_monomers/P1MCPUFP__CPUFP500K_0008__00191.pdb	frozen_nbb2_archive_extract	H	8c858326ee645109f40c7366ff5a3caf9435cf0b8014e57b6262a37ce596c799	inputs/normalized/8x6b_pvrig_receptor.pdb	T	L	A	UniProt_Q6DKI7	6e3411303a8196b0e07523e8d66724b2c6a9380dca7a347caa47b5632620a2a8	cb4c825dedbb6b8ccf1510daf94ccd67c095d4743b9f9b2a3b6dc9fa7c1cda34	8c55751f66ac2930ce115a9419321a2b2bed220b61af2e1671f7ac6e6a2e33b3	8c55751f66ac2930ce115a9419321a2b2bed220b61af2e1671f7ac6e6a2e33b3	5b26d6103abe29128c3ad8d95a9cc14dcd9c3b6ac439a867672368f09d20254c	"{""cfg_hash"":""6e3411303a8196b0e07523e8d66724b2c6a9380dca7a347caa47b5632620a2a8"",""conformation"":""8x6b"",""entity_id"":""P1MCPUFP__CPUFP500K_0008__00191"",""entity_type"":""candidate"",""monomer_sha256"":""8c858326ee645109f40c7366ff5a3caf9435cf0b8014e57b6262a37ce596c799"",""protocol_core_sha256"":""8c55751f66ac2930ce115a9419321a2b2bed220b61af2e1671f7ac6e6a2e33b3"",""restraint_hash"":""cb4c825dedbb6b8ccf1510daf94ccd67c095d4743b9f9b2a3b6dc9fa7c1cda34"",""seed"":42,""sequence_sha256"":""abe7cc4a95783da9b9fc96b7add3e8ccec2c3baa7951b0d538b89c260271164a""}"	11	TOP200_COMMON4_SEED_COMPLETION	79
CANDIDATE_P1MCPUFP__CPUFP500K_0008__00191_9e6y_s42_e3486632c2dd	94	candidate	P1MCPUFP__CPUFP500K_0008__00191		CANDIDATE_UNKNOWN	9e6y	42	abe7cc4a95783da9b9fc96b7add3e8ccec2c3baa7951b0d538b89c260271164a	26-35	53-59	98-116	27,28,29,30,31,34,35,36,37,38,56,57,58,59,63,64,65,105,106,107,108,109,110,111,112,113,114,115,116,117	inputs/candidate_monomers/P1MCPUFP__CPUFP500K_0008__00191.pdb	frozen_nbb2_archive_extract	H	8c858326ee645109f40c7366ff5a3caf9435cf0b8014e57b6262a37ce596c799	inputs/normalized/9e6y_pvrig_receptor.pdb	T	L	A	UniProt_Q6DKI7	7b597e4976340689606e650f7a864d1c028938e4a1d0c4201b7092f53302813a	cb4c825dedbb6b8ccf1510daf94ccd67c095d4743b9f9b2a3b6dc9fa7c1cda34	8c55751f66ac2930ce115a9419321a2b2bed220b61af2e1671f7ac6e6a2e33b3	8c55751f66ac2930ce115a9419321a2b2bed220b61af2e1671f7ac6e6a2e33b3	e3486632c2dd77e7b9b40ae93af0c4eb4da23955664cdd5039ca0f4719c2b74e	"{""cfg_hash"":""7b597e4976340689606e650f7a864d1c028938e4a1d0c4201b7092f53302813a"",""conformation"":""9e6y"",""entity_id"":""P1MCPUFP__CPUFP500K_0008__00191"",""entity_type"":""candidate"",""monomer_sha256"":""8c858326ee645109f40c7366ff5a3caf9435cf0b8014e57b6262a37ce596c799"",""protocol_core_sha256"":""8c55751f66ac2930ce115a9419321a2b2bed220b61af2e1671f7ac6e6a2e33b3"",""restraint_hash"":""cb4c825dedbb6b8ccf1510daf94ccd67c095d4743b9f9b2a3b6dc9fa7c1cda34"",""seed"":42,""sequence_sha256"":""abe7cc4a95783da9b9fc96b7add3e8ccec2c3baa7951b0d538b89c260271164a""}"	11	TOP200_COMMON4_SEED_COMPLETION	79
CANDIDATE_P1MCPUFP__CPUFP500K_0008__00191_8x6b_s3047_5f2fea5e563f	95	candidate	P1MCPUFP__CPUFP500K_0008__00191		CANDIDATE_UNKNOWN	8x6b	3047	abe7cc4a95783da9b9fc96b7add3e8ccec2c3baa7951b0d538b89c260271164a	26-35	53-59	98-116	27,28,29,30,31,34,35,36,37,38,56,57,58,59,63,64,65,105,106,107,108,109,110,111,112,113,114,115,116,117	inputs/candidate_monomers/P1MCPUFP__CPUFP500K_0008__00191.pdb	frozen_nbb2_archive_extract	H	8c858326ee645109f40c7366ff5a3caf9435cf0b8014e57b6262a37ce596c799	inputs/normalized/8x6b_pvrig_receptor.pdb	T	L	A	UniProt_Q6DKI7	21918201f2d7d8fd86e7fbe3003003c516ebb4de914b20d6f1f82a78554f6225	cb4c825dedbb6b8ccf1510daf94ccd67c095d4743b9f9b2a3b6dc9fa7c1cda34	8c55751f66ac2930ce115a9419321a2b2bed220b61af2e1671f7ac6e6a2e33b3	8c55751f66ac2930ce115a9419321a2b2bed220b61af2e1671f7ac6e6a2e33b3	5f2fea5e563f06a03edd040d6c62a201e603b3396da98f465bba9f5118b30213	"{""cfg_hash"":""21918201f2d7d8fd86e7fbe3003003c516ebb4de914b20d6f1f82a78554f6225"",""conformation"":""8x6b"",""entity_id"":""P1MCPUFP__CPUFP500K_0008__00191"",""entity_type"":""candidate"",""monomer_sha256"":""8c858326ee645109f40c7366ff5a3caf9435cf0b8014e57b6262a37ce596c799"",""protocol_core_sha256"":""8c55751f66ac2930ce115a9419321a2b2bed220b61af2e1671f7ac6e6a2e33b3"",""restraint_hash"":""cb4c825dedbb6b8ccf1510daf94ccd67c095d4743b9f9b2a3b6dc9fa7c1cda34"",""seed"":3047,""sequence_sha256"":""abe7cc4a95783da9b9fc96b7add3e8ccec2c3baa7951b0d538b89c260271164a""}"	11	TOP200_COMMON4_SEED_COMPLETION	79
CANDIDATE_P1MCPUFP__CPUFP500K_0008__00191_9e6y_s3047_d7b889d66702	96	candidate	P1MCPUFP__CPUFP500K_0008__00191		CANDIDATE_UNKNOWN	9e6y	3047	abe7cc4a95783da9b9fc96b7add3e8ccec2c3baa7951b0d538b89c260271164a	26-35	53-59	98-116	27,28,29,30,31,34,35,36,37,38,56,57,58,59,63,64,65,105,106,107,108,109,110,111,112,113,114,115,116,117	inputs/candidate_monomers/P1MCPUFP__CPUFP500K_0008__00191.pdb	frozen_nbb2_archive_extract	H	8c858326ee645109f40c7366ff5a3caf9435cf0b8014e57b6262a37ce596c799	inputs/normalized/9e6y_pvrig_receptor.pdb	T	L	A	UniProt_Q6DKI7	036faa08876ef5dc8e4331507bf042bf828faae3f3cf5a5fd358a89d5fb215da	cb4c825dedbb6b8ccf1510daf94ccd67c095d4743b9f9b2a3b6dc9fa7c1cda34	8c55751f66ac2930ce115a9419321a2b2bed220b61af2e1671f7ac6e6a2e33b3	8c55751f66ac2930ce115a9419321a2b2bed220b61af2e1671f7ac6e6a2e33b3	d7b889d667020f18d61bf27349c88d3912e20530a9cde8f81bf6a8479cd0c328	"{""cfg_hash"":""036faa08876ef5dc8e4331507bf042bf828faae3f3cf5a5fd358a89d5fb215da"",""conformation"":""9e6y"",""entity_id"":""P1MCPUFP__CPUFP500K_0008__00191"",""entity_type"":""candidate"",""monomer_sha256"":""8c858326ee645109f40c7366ff5a3caf9435cf0b8014e57b6262a37ce596c799"",""protocol_core_sha256"":""8c55751f66ac2930ce115a9419321a2b2bed220b61af2e1671f7ac6e6a2e33b3"",""restraint_hash"":""cb4c825dedbb6b8ccf1510daf94ccd67c095d4743b9f9b2a3b6dc9fa7c1cda34"",""seed"":3047,""sequence_sha256"":""abe7cc4a95783da9b9fc96b7add3e8ccec2c3baa7951b0d538b89c260271164a""}"	11	TOP200_COMMON4_SEED_COMPLETION	79
CANDIDATE_P1MCPUFP__CPUFP500K_0228__00259_8x6b_s42_912a37037307	97	candidate	P1MCPUFP__CPUFP500K_0228__00259		CANDIDATE_UNKNOWN	8x6b	42	782b917b504d7635cf54c74f3cbb7057aa472f648a686e58a89c4ad36340bd59	26-33	51-58	97-112	27,28,29,30,35,36,37,38,56,57,58,59,62,63,64,65,105,106,107,108,109,110,111,112,113,114,115,116,117	inputs/candidate_monomers/P1MCPUFP__CPUFP500K_0228__00259.pdb	frozen_nbb2_archive_extract	H	64b42919340934c05dafd245a4c2aa93a0d43e52a2d93cbbfaf97a94d2bf095b	inputs/normalized/8x6b_pvrig_receptor.pdb	T	L	A	UniProt_Q6DKI7	6e3411303a8196b0e07523e8d66724b2c6a9380dca7a347caa47b5632620a2a8	4c76f09ba6c24bc9c82a9a97a8fa1f279c4d5ce2a6d051dbf284751701c25880	8c55751f66ac2930ce115a9419321a2b2bed220b61af2e1671f7ac6e6a2e33b3	8c55751f66ac2930ce115a9419321a2b2bed220b61af2e1671f7ac6e6a2e33b3	912a3703730741ba30d4341b1774239e9c5b575e4c5b08995ce74a8fb1c02ed7	"{""cfg_hash"":""6e3411303a8196b0e07523e8d66724b2c6a9380dca7a347caa47b5632620a2a8"",""conformation"":""8x6b"",""entity_id"":""P1MCPUFP__CPUFP500K_0228__00259"",""entity_type"":""candidate"",""monomer_sha256"":""64b42919340934c05dafd245a4c2aa93a0d43e52a2d93cbbfaf97a94d2bf095b"",""protocol_core_sha256"":""8c55751f66ac2930ce115a9419321a2b2bed220b61af2e1671f7ac6e6a2e33b3"",""restraint_hash"":""4c76f09ba6c24bc9c82a9a97a8fa1f279c4d5ce2a6d051dbf284751701c25880"",""seed"":42,""sequence_sha256"":""782b917b504d7635cf54c74f3cbb7057aa472f648a686e58a89c4ad36340bd59""}"	373	TOP200_COMMON4_SEED_COMPLETION	81
CANDIDATE_P1MCPUFP__CPUFP500K_0228__00259_9e6y_s42_ef4bc6f92c7e	98	candidate	P1MCPUFP__CPUFP500K_0228__00259		CANDIDATE_UNKNOWN	9e6y	42	782b917b504d7635cf54c74f3cbb7057aa472f648a686e58a89c4ad36340bd59	26-33	51-58	97-112	27,28,29,30,35,36,37,38,56,57,58,59,62,63,64,65,105,106,107,108,109,110,111,112,113,114,115,116,117	inputs/candidate_monomers/P1MCPUFP__CPUFP500K_0228__00259.pdb	frozen_nbb2_archive_extract	H	64b42919340934c05dafd245a4c2aa93a0d43e52a2d93cbbfaf97a94d2bf095b	inputs/normalized/9e6y_pvrig_receptor.pdb	T	L	A	UniProt_Q6DKI7	7b597e4976340689606e650f7a864d1c028938e4a1d0c4201b7092f53302813a	4c76f09ba6c24bc9c82a9a97a8fa1f279c4d5ce2a6d051dbf284751701c25880	8c55751f66ac2930ce115a9419321a2b2bed220b61af2e1671f7ac6e6a2e33b3	8c55751f66ac2930ce115a9419321a2b2bed220b61af2e1671f7ac6e6a2e33b3	ef4bc6f92c7e6a1eb722b0ef33bd85fa173fd95f6aae2822a324c7a13004c1ee	"{""cfg_hash"":""7b597e4976340689606e650f7a864d1c028938e4a1d0c4201b7092f53302813a"",""conformation"":""9e6y"",""entity_id"":""P1MCPUFP__CPUFP500K_0228__00259"",""entity_type"":""candidate"",""monomer_sha256"":""64b42919340934c05dafd245a4c2aa93a0d43e52a2d93cbbfaf97a94d2bf095b"",""protocol_core_sha256"":""8c55751f66ac2930ce115a9419321a2b2bed220b61af2e1671f7ac6e6a2e33b3"",""restraint_hash"":""4c76f09ba6c24bc9c82a9a97a8fa1f279c4d5ce2a6d051dbf284751701c25880"",""seed"":42,""sequence_sha256"":""782b917b504d7635cf54c74f3cbb7057aa472f648a686e58a89c4ad36340bd59""}"	373	TOP200_COMMON4_SEED_COMPLETION	81
CANDIDATE_P1MCPUFP__CPUFP500K_0228__00259_8x6b_s3047_ae07f89d263b	99	candidate	P1MCPUFP__CPUFP500K_0228__00259		CANDIDATE_UNKNOWN	8x6b	3047	782b917b504d7635cf54c74f3cbb7057aa472f648a686e58a89c4ad36340bd59	26-33	51-58	97-112	27,28,29,30,35,36,37,38,56,57,58,59,62,63,64,65,105,106,107,108,109,110,111,112,113,114,115,116,117	inputs/candidate_monomers/P1MCPUFP__CPUFP500K_0228__00259.pdb	frozen_nbb2_archive_extract	H	64b42919340934c05dafd245a4c2aa93a0d43e52a2d93cbbfaf97a94d2bf095b	inputs/normalized/8x6b_pvrig_receptor.pdb	T	L	A	UniProt_Q6DKI7	21918201f2d7d8fd86e7fbe3003003c516ebb4de914b20d6f1f82a78554f6225	4c76f09ba6c24bc9c82a9a97a8fa1f279c4d5ce2a6d051dbf284751701c25880	8c55751f66ac2930ce115a9419321a2b2bed220b61af2e1671f7ac6e6a2e33b3	8c55751f66ac2930ce115a9419321a2b2bed220b61af2e1671f7ac6e6a2e33b3	ae07f89d263b49c5ca284c23120b775400f000863f5f8f81c25b2fc9ef1c7d8b	"{""cfg_hash"":""21918201f2d7d8fd86e7fbe3003003c516ebb4de914b20d6f1f82a78554f6225"",""conformation"":""8x6b"",""entity_id"":""P1MCPUFP__CPUFP500K_0228__00259"",""entity_type"":""candidate"",""monomer_sha256"":""64b42919340934c05dafd245a4c2aa93a0d43e52a2d93cbbfaf97a94d2bf095b"",""protocol_core_sha256"":""8c55751f66ac2930ce115a9419321a2b2bed220b61af2e1671f7ac6e6a2e33b3"",""restraint_hash"":""4c76f09ba6c24bc9c82a9a97a8fa1f279c4d5ce2a6d051dbf284751701c25880"",""seed"":3047,""sequence_sha256"":""782b917b504d7635cf54c74f3cbb7057aa472f648a686e58a89c4ad36340bd59""}"	373	TOP200_COMMON4_SEED_COMPLETION	81
CANDIDATE_P1MCPUFP__CPUFP500K_0228__00259_9e6y_s3047_e457ee6b515f	100	candidate	P1MCPUFP__CPUFP500K_0228__00259		CANDIDATE_UNKNOWN	9e6y	3047	782b917b504d7635cf54c74f3cbb7057aa472f648a686e58a89c4ad36340bd59	26-33	51-58	97-112	27,28,29,30,35,36,37,38,56,57,58,59,62,63,64,65,105,106,107,108,109,110,111,112,113,114,115,116,117	inputs/candidate_monomers/P1MCPUFP__CPUFP500K_0228__00259.pdb	frozen_nbb2_archive_extract	H	64b42919340934c05dafd245a4c2aa93a0d43e52a2d93cbbfaf97a94d2bf095b	inputs/normalized/9e6y_pvrig_receptor.pdb	T	L	A	UniProt_Q6DKI7	036faa08876ef5dc8e4331507bf042bf828faae3f3cf5a5fd358a89d5fb215da	4c76f09ba6c24bc9c82a9a97a8fa1f279c4d5ce2a6d051dbf284751701c25880	8c55751f66ac2930ce115a9419321a2b2bed220b61af2e1671f7ac6e6a2e33b3	8c55751f66ac2930ce115a9419321a2b2bed220b61af2e1671f7ac6e6a2e33b3	e457ee6b515f7c6f2ea1d8e9735d76560004b4e646707fdbe0f56104d1cf66f7	"{""cfg_hash"":""036faa08876ef5dc8e4331507bf042bf828faae3f3cf5a5fd358a89d5fb215da"",""conformation"":""9e6y"",""entity_id"":""P1MCPUFP__CPUFP500K_0228__00259"",""entity_type"":""candidate"",""monomer_sha256"":""64b42919340934c05dafd245a4c2aa93a0d43e52a2d93cbbfaf97a94d2bf095b"",""protocol_core_sha256"":""8c55751f66ac2930ce115a9419321a2b2bed220b61af2e1671f7ac6e6a2e33b3"",""restraint_hash"":""4c76f09ba6c24bc9c82a9a97a8fa1f279c4d5ce2a6d051dbf284751701c25880"",""seed"":3047,""sequence_sha256"":""782b917b504d7635cf54c74f3cbb7057aa472f648a686e58a89c4ad36340bd59""}"	373	TOP200_COMMON4_SEED_COMPLETION	81
CANDIDATE_P1MCPUFP__CPUFP500K_0032__00938_8x6b_s42_66b98836c8c9	101	candidate	P1MCPUFP__CPUFP500K_0032__00938		CANDIDATE_UNKNOWN	8x6b	42	bbfe9c4eb10b71372202bc3af479eb5f00938da8e1be6f3e06a570f9f6032df9	26-33	51-58	97-112	27,28,29,30,35,36,37,38,56,57,58,59,62,63,64,65,105,106,107,108,109,110,111,112,113,114,115,116,117	inputs/candidate_monomers/P1MCPUFP__CPUFP500K_0032__00938.pdb	frozen_nbb2_archive_extract	H	5fde614a1847293a5bcd0278e692ef53220b40639b2f70b70884b7e08cd2d4cd	inputs/normalized/8x6b_pvrig_receptor.pdb	T	L	A	UniProt_Q6DKI7	6e3411303a8196b0e07523e8d66724b2c6a9380dca7a347caa47b5632620a2a8	4c76f09ba6c24bc9c82a9a97a8fa1f279c4d5ce2a6d051dbf284751701c25880	8c55751f66ac2930ce115a9419321a2b2bed220b61af2e1671f7ac6e6a2e33b3	8c55751f66ac2930ce115a9419321a2b2bed220b61af2e1671f7ac6e6a2e33b3	66b98836c8c9f866d8f9ad033d4c5a95bac0bb8de1035434ba51574fe27fca4b	"{""cfg_hash"":""6e3411303a8196b0e07523e8d66724b2c6a9380dca7a347caa47b5632620a2a8"",""conformation"":""8x6b"",""entity_id"":""P1MCPUFP__CPUFP500K_0032__00938"",""entity_type"":""candidate"",""monomer_sha256"":""5fde614a1847293a5bcd0278e692ef53220b40639b2f70b70884b7e08cd2d4cd"",""protocol_core_sha256"":""8c55751f66ac2930ce115a9419321a2b2bed220b61af2e1671f7ac6e6a2e33b3"",""restraint_hash"":""4c76f09ba6c24bc9c82a9a97a8fa1f279c4d5ce2a6d051dbf284751701c25880"",""seed"":42,""sequence_sha256"":""bbfe9c4eb10b71372202bc3af479eb5f00938da8e1be6f3e06a570f9f6032df9""}"	161	TOP200_COMMON4_SEED_COMPLETION	86
CANDIDATE_P1MCPUFP__CPUFP500K_0032__00938_9e6y_s42_0c9a701c99b4	102	candidate	P1MCPUFP__CPUFP500K_0032__00938		CANDIDATE_UNKNOWN	9e6y	42	bbfe9c4eb10b71372202bc3af479eb5f00938da8e1be6f3e06a570f9f6032df9	26-33	51-58	97-112	27,28,29,30,35,36,37,38,56,57,58,59,62,63,64,65,105,106,107,108,109,110,111,112,113,114,115,116,117	inputs/candidate_monomers/P1MCPUFP__CPUFP500K_0032__00938.pdb	frozen_nbb2_archive_extract	H	5fde614a1847293a5bcd0278e692ef53220b40639b2f70b70884b7e08cd2d4cd	inputs/normalized/9e6y_pvrig_receptor.pdb	T	L	A	UniProt_Q6DKI7	7b597e4976340689606e650f7a864d1c028938e4a1d0c4201b7092f53302813a	4c76f09ba6c24bc9c82a9a97a8fa1f279c4d5ce2a6d051dbf284751701c25880	8c55751f66ac2930ce115a9419321a2b2bed220b61af2e1671f7ac6e6a2e33b3	8c55751f66ac2930ce115a9419321a2b2bed220b61af2e1671f7ac6e6a2e33b3	0c9a701c99b4add12088a3d9acbef73c05270989cdc18b0292a8334b37ecee69	"{""cfg_hash"":""7b597e4976340689606e650f7a864d1c028938e4a1d0c4201b7092f53302813a"",""conformation"":""9e6y"",""entity_id"":""P1MCPUFP__CPUFP500K_0032__00938"",""entity_type"":""candidate"",""monomer_sha256"":""5fde614a1847293a5bcd0278e692ef53220b40639b2f70b70884b7e08cd2d4cd"",""protocol_core_sha256"":""8c55751f66ac2930ce115a9419321a2b2bed220b61af2e1671f7ac6e6a2e33b3"",""restraint_hash"":""4c76f09ba6c24bc9c82a9a97a8fa1f279c4d5ce2a6d051dbf284751701c25880"",""seed"":42,""sequence_sha256"":""bbfe9c4eb10b71372202bc3af479eb5f00938da8e1be6f3e06a570f9f6032df9""}"	161	TOP200_COMMON4_SEED_COMPLETION	86
CANDIDATE_P1MCPUFP__CPUFP500K_0032__00938_8x6b_s3047_863c5a362b25	103	candidate	P1MCPUFP__CPUFP500K_0032__00938		CANDIDATE_UNKNOWN	8x6b	3047	bbfe9c4eb10b71372202bc3af479eb5f00938da8e1be6f3e06a570f9f6032df9	26-33	51-58	97-112	27,28,29,30,35,36,37,38,56,57,58,59,62,63,64,65,105,106,107,108,109,110,111,112,113,114,115,116,117	inputs/candidate_monomers/P1MCPUFP__CPUFP500K_0032__00938.pdb	frozen_nbb2_archive_extract	H	5fde614a1847293a5bcd0278e692ef53220b40639b2f70b70884b7e08cd2d4cd	inputs/normalized/8x6b_pvrig_receptor.pdb	T	L	A	UniProt_Q6DKI7	21918201f2d7d8fd86e7fbe3003003c516ebb4de914b20d6f1f82a78554f6225	4c76f09ba6c24bc9c82a9a97a8fa1f279c4d5ce2a6d051dbf284751701c25880	8c55751f66ac2930ce115a9419321a2b2bed220b61af2e1671f7ac6e6a2e33b3	8c55751f66ac2930ce115a9419321a2b2bed220b61af2e1671f7ac6e6a2e33b3	863c5a362b250e2717bfa7b4df06aa277f9243ff16811359c1cf0fcf4714dec2	"{""cfg_hash"":""21918201f2d7d8fd86e7fbe3003003c516ebb4de914b20d6f1f82a78554f6225"",""conformation"":""8x6b"",""entity_id"":""P1MCPUFP__CPUFP500K_0032__00938"",""entity_type"":""candidate"",""monomer_sha256"":""5fde614a1847293a5bcd0278e692ef53220b40639b2f70b70884b7e08cd2d4cd"",""protocol_core_sha256"":""8c55751f66ac2930ce115a9419321a2b2bed220b61af2e1671f7ac6e6a2e33b3"",""restraint_hash"":""4c76f09ba6c24bc9c82a9a97a8fa1f279c4d5ce2a6d051dbf284751701c25880"",""seed"":3047,""sequence_sha256"":""bbfe9c4eb10b71372202bc3af479eb5f00938da8e1be6f3e06a570f9f6032df9""}"	161	TOP200_COMMON4_SEED_COMPLETION	86
CANDIDATE_P1MCPUFP__CPUFP500K_0032__00938_9e6y_s3047_0bbf210db5ec	104	candidate	P1MCPUFP__CPUFP500K_0032__00938		CANDIDATE_UNKNOWN	9e6y	3047	bbfe9c4eb10b71372202bc3af479eb5f00938da8e1be6f3e06a570f9f6032df9	26-33	51-58	97-112	27,28,29,30,35,36,37,38,56,57,58,59,62,63,64,65,105,106,107,108,109,110,111,112,113,114,115,116,117	inputs/candidate_monomers/P1MCPUFP__CPUFP500K_0032__00938.pdb	frozen_nbb2_archive_extract	H	5fde614a1847293a5bcd0278e692ef53220b40639b2f70b70884b7e08cd2d4cd	inputs/normalized/9e6y_pvrig_receptor.pdb	T	L	A	UniProt_Q6DKI7	036faa08876ef5dc8e4331507bf042bf828faae3f3cf5a5fd358a89d5fb215da	4c76f09ba6c24bc9c82a9a97a8fa1f279c4d5ce2a6d051dbf284751701c25880	8c55751f66ac2930ce115a9419321a2b2bed220b61af2e1671f7ac6e6a2e33b3	8c55751f66ac2930ce115a9419321a2b2bed220b61af2e1671f7ac6e6a2e33b3	0bbf210db5ec30406f07122b57e978889cd1c215e050e2f3d647122b14efae7a	"{""cfg_hash"":""036faa08876ef5dc8e4331507bf042bf828faae3f3cf5a5fd358a89d5fb215da"",""conformation"":""9e6y"",""entity_id"":""P1MCPUFP__CPUFP500K_0032__00938"",""entity_type"":""candidate"",""monomer_sha256"":""5fde614a1847293a5bcd0278e692ef53220b40639b2f70b70884b7e08cd2d4cd"",""protocol_core_sha256"":""8c55751f66ac2930ce115a9419321a2b2bed220b61af2e1671f7ac6e6a2e33b3"",""restraint_hash"":""4c76f09ba6c24bc9c82a9a97a8fa1f279c4d5ce2a6d051dbf284751701c25880"",""seed"":3047,""sequence_sha256"":""bbfe9c4eb10b71372202bc3af479eb5f00938da8e1be6f3e06a570f9f6032df9""}"	161	TOP200_COMMON4_SEED_COMPLETION	86
CANDIDATE_P1MCPUFP__CPUFP500K_0383__00137_8x6b_s42_630d6ade5b4f	105	candidate	P1MCPUFP__CPUFP500K_0383__00137		CANDIDATE_UNKNOWN	8x6b	42	cf0e9bd6e347834debf8b6f96d23d90c8dfb96e9eae7ddf1b4e9cbb135d96e33	26-35	53-59	98-116	27,28,29,30,31,34,35,36,37,38,56,57,58,59,63,64,65,105,106,107,108,109,110,111,112,113,114,115,116,117	inputs/candidate_monomers/P1MCPUFP__CPUFP500K_0383__00137.pdb	frozen_nbb2_archive_extract	H	02f720377feedf6d70160cfa3ab3a1c6db547c3128a06775b4063d201d32df82	inputs/normalized/8x6b_pvrig_receptor.pdb	T	L	A	UniProt_Q6DKI7	6e3411303a8196b0e07523e8d66724b2c6a9380dca7a347caa47b5632620a2a8	cb4c825dedbb6b8ccf1510daf94ccd67c095d4743b9f9b2a3b6dc9fa7c1cda34	8c55751f66ac2930ce115a9419321a2b2bed220b61af2e1671f7ac6e6a2e33b3	8c55751f66ac2930ce115a9419321a2b2bed220b61af2e1671f7ac6e6a2e33b3	630d6ade5b4f4e0755a25a9ee2ff568495d8bd3d1028cbbce564321ae55ac1b1	"{""cfg_hash"":""6e3411303a8196b0e07523e8d66724b2c6a9380dca7a347caa47b5632620a2a8"",""conformation"":""8x6b"",""entity_id"":""P1MCPUFP__CPUFP500K_0383__00137"",""entity_type"":""candidate"",""monomer_sha256"":""02f720377feedf6d70160cfa3ab3a1c6db547c3128a06775b4063d201d32df82"",""protocol_core_sha256"":""8c55751f66ac2930ce115a9419321a2b2bed220b61af2e1671f7ac6e6a2e33b3"",""restraint_hash"":""cb4c825dedbb6b8ccf1510daf94ccd67c095d4743b9f9b2a3b6dc9fa7c1cda34"",""seed"":42,""sequence_sha256"":""cf0e9bd6e347834debf8b6f96d23d90c8dfb96e9eae7ddf1b4e9cbb135d96e33""}"	377	TOP200_COMMON4_SEED_COMPLETION	89
CANDIDATE_P1MCPUFP__CPUFP500K_0383__00137_9e6y_s42_05dcf6445f12	106	candidate	P1MCPUFP__CPUFP500K_0383__00137		CANDIDATE_UNKNOWN	9e6y	42	cf0e9bd6e347834debf8b6f96d23d90c8dfb96e9eae7ddf1b4e9cbb135d96e33	26-35	53-59	98-116	27,28,29,30,31,34,35,36,37,38,56,57,58,59,63,64,65,105,106,107,108,109,110,111,112,113,114,115,116,117	inputs/candidate_monomers/P1MCPUFP__CPUFP500K_0383__00137.pdb	frozen_nbb2_archive_extract	H	02f720377feedf6d70160cfa3ab3a1c6db547c3128a06775b4063d201d32df82	inputs/normalized/9e6y_pvrig_receptor.pdb	T	L	A	UniProt_Q6DKI7	7b597e4976340689606e650f7a864d1c028938e4a1d0c4201b7092f53302813a	cb4c825dedbb6b8ccf1510daf94ccd67c095d4743b9f9b2a3b6dc9fa7c1cda34	8c55751f66ac2930ce115a9419321a2b2bed220b61af2e1671f7ac6e6a2e33b3	8c55751f66ac2930ce115a9419321a2b2bed220b61af2e1671f7ac6e6a2e33b3	05dcf6445f12e1de70bd807bc10792ea979c1175df385ff3a5c1575790eb69d1	"{""cfg_hash"":""7b597e4976340689606e650f7a864d1c028938e4a1d0c4201b7092f53302813a"",""conformation"":""9e6y"",""entity_id"":""P1MCPUFP__CPUFP500K_0383__00137"",""entity_type"":""candidate"",""monomer_sha256"":""02f720377feedf6d70160cfa3ab3a1c6db547c3128a06775b4063d201d32df82"",""protocol_core_sha256"":""8c55751f66ac2930ce115a9419321a2b2bed220b61af2e1671f7ac6e6a2e33b3"",""restraint_hash"":""cb4c825dedbb6b8ccf1510daf94ccd67c095d4743b9f9b2a3b6dc9fa7c1cda34"",""seed"":42,""sequence_sha256"":""cf0e9bd6e347834debf8b6f96d23d90c8dfb96e9eae7ddf1b4e9cbb135d96e33""}"	377	TOP200_COMMON4_SEED_COMPLETION	89
CANDIDATE_P1MCPUFP__CPUFP500K_0383__00137_8x6b_s3047_ffe97a96d8b6	107	candidate	P1MCPUFP__CPUFP500K_0383__00137		CANDIDATE_UNKNOWN	8x6b	3047	cf0e9bd6e347834debf8b6f96d23d90c8dfb96e9eae7ddf1b4e9cbb135d96e33	26-35	53-59	98-116	27,28,29,30,31,34,35,36,37,38,56,57,58,59,63,64,65,105,106,107,108,109,110,111,112,113,114,115,116,117	inputs/candidate_monomers/P1MCPUFP__CPUFP500K_0383__00137.pdb	frozen_nbb2_archive_extract	H	02f720377feedf6d70160cfa3ab3a1c6db547c3128a06775b4063d201d32df82	inputs/normalized/8x6b_pvrig_receptor.pdb	T	L	A	UniProt_Q6DKI7	21918201f2d7d8fd86e7fbe3003003c516ebb4de914b20d6f1f82a78554f6225	cb4c825dedbb6b8ccf1510daf94ccd67c095d4743b9f9b2a3b6dc9fa7c1cda34	8c55751f66ac2930ce115a9419321a2b2bed220b61af2e1671f7ac6e6a2e33b3	8c55751f66ac2930ce115a9419321a2b2bed220b61af2e1671f7ac6e6a2e33b3	ffe97a96d8b6e6e8e2267e3aa75b009969ce867e07edeb786276f38b2d48d889	"{""cfg_hash"":""21918201f2d7d8fd86e7fbe3003003c516ebb4de914b20d6f1f82a78554f6225"",""conformation"":""8x6b"",""entity_id"":""P1MCPUFP__CPUFP500K_0383__00137"",""entity_type"":""candidate"",""monomer_sha256"":""02f720377feedf6d70160cfa3ab3a1c6db547c3128a06775b4063d201d32df82"",""protocol_core_sha256"":""8c55751f66ac2930ce115a9419321a2b2bed220b61af2e1671f7ac6e6a2e33b3"",""restraint_hash"":""cb4c825dedbb6b8ccf1510daf94ccd67c095d4743b9f9b2a3b6dc9fa7c1cda34"",""seed"":3047,""sequence_sha256"":""cf0e9bd6e347834debf8b6f96d23d90c8dfb96e9eae7ddf1b4e9cbb135d96e33""}"	377	TOP200_COMMON4_SEED_COMPLETION	89
CANDIDATE_P1MCPUFP__CPUFP500K_0383__00137_9e6y_s3047_15ce010c747f	108	candidate	P1MCPUFP__CPUFP500K_0383__00137		CANDIDATE_UNKNOWN	9e6y	3047	cf0e9bd6e347834debf8b6f96d23d90c8dfb96e9eae7ddf1b4e9cbb135d96e33	26-35	53-59	98-116	27,28,29,30,31,34,35,36,37,38,56,57,58,59,63,64,65,105,106,107,108,109,110,111,112,113,114,115,116,117	inputs/candidate_monomers/P1MCPUFP__CPUFP500K_0383__00137.pdb	frozen_nbb2_archive_extract	H	02f720377feedf6d70160cfa3ab3a1c6db547c3128a06775b4063d201d32df82	inputs/normalized/9e6y_pvrig_receptor.pdb	T	L	A	UniProt_Q6DKI7	036faa08876ef5dc8e4331507bf042bf828faae3f3cf5a5fd358a89d5fb215da	cb4c825dedbb6b8ccf1510daf94ccd67c095d4743b9f9b2a3b6dc9fa7c1cda34	8c55751f66ac2930ce115a9419321a2b2bed220b61af2e1671f7ac6e6a2e33b3	8c55751f66ac2930ce115a9419321a2b2bed220b61af2e1671f7ac6e6a2e33b3	15ce010c747f18e92e068739a9915098f3325b0dc499aead2fcb718d794e4839	"{""cfg_hash"":""036faa08876ef5dc8e4331507bf042bf828faae3f3cf5a5fd358a89d5fb215da"",""conformation"":""9e6y"",""entity_id"":""P1MCPUFP__CPUFP500K_0383__00137"",""entity_type"":""candidate"",""monomer_sha256"":""02f720377feedf6d70160cfa3ab3a1c6db547c3128a06775b4063d201d32df82"",""protocol_core_sha256"":""8c55751f66ac2930ce115a9419321a2b2bed220b61af2e1671f7ac6e6a2e33b3"",""restraint_hash"":""cb4c825dedbb6b8ccf1510daf94ccd67c095d4743b9f9b2a3b6dc9fa7c1cda34"",""seed"":3047,""sequence_sha256"":""cf0e9bd6e347834debf8b6f96d23d90c8dfb96e9eae7ddf1b4e9cbb135d96e33""}"	377	TOP200_COMMON4_SEED_COMPLETION	89
CANDIDATE_P1MCPUFP__CPUFP500K_0131__00714_8x6b_s42_be38822179c9	109	candidate	P1MCPUFP__CPUFP500K_0131__00714		CANDIDATE_UNKNOWN	8x6b	42	7acf54047cd3a0a0cf6fec988625f9e6841cc327528a9621807e323c45b5de49	26-33	51-58	97-112	27,28,29,30,35,36,37,38,56,57,58,59,62,63,64,65,105,106,107,108,109,110,111,112,113,114,115,116,117	inputs/candidate_monomers/P1MCPUFP__CPUFP500K_0131__00714.pdb	frozen_nbb2_archive_extract	H	b8d5b3e89449a41901938320ebb3ea66e27ee14d481ce80f9a0b3f0fbfc50976	inputs/normalized/8x6b_pvrig_receptor.pdb	T	L	A	UniProt_Q6DKI7	6e3411303a8196b0e07523e8d66724b2c6a9380dca7a347caa47b5632620a2a8	4c76f09ba6c24bc9c82a9a97a8fa1f279c4d5ce2a6d051dbf284751701c25880	8c55751f66ac2930ce115a9419321a2b2bed220b61af2e1671f7ac6e6a2e33b3	8c55751f66ac2930ce115a9419321a2b2bed220b61af2e1671f7ac6e6a2e33b3	be38822179c9606aca9ae8fa6e776a5cbb82d1e2e6b7aebbc4e80375c4271921	"{""cfg_hash"":""6e3411303a8196b0e07523e8d66724b2c6a9380dca7a347caa47b5632620a2a8"",""conformation"":""8x6b"",""entity_id"":""P1MCPUFP__CPUFP500K_0131__00714"",""entity_type"":""candidate"",""monomer_sha256"":""b8d5b3e89449a41901938320ebb3ea66e27ee14d481ce80f9a0b3f0fbfc50976"",""protocol_core_sha256"":""8c55751f66ac2930ce115a9419321a2b2bed220b61af2e1671f7ac6e6a2e33b3"",""restraint_hash"":""4c76f09ba6c24bc9c82a9a97a8fa1f279c4d5ce2a6d051dbf284751701c25880"",""seed"":42,""sequence_sha256"":""7acf54047cd3a0a0cf6fec988625f9e6841cc327528a9621807e323c45b5de49""}"	387	TOP200_COMMON4_SEED_COMPLETION	92
CANDIDATE_P1MCPUFP__CPUFP500K_0131__00714_9e6y_s42_ee1581acc2db	110	candidate	P1MCPUFP__CPUFP500K_0131__00714		CANDIDATE_UNKNOWN	9e6y	42	7acf54047cd3a0a0cf6fec988625f9e6841cc327528a9621807e323c45b5de49	26-33	51-58	97-112	27,28,29,30,35,36,37,38,56,57,58,59,62,63,64,65,105,106,107,108,109,110,111,112,113,114,115,116,117	inputs/candidate_monomers/P1MCPUFP__CPUFP500K_0131__00714.pdb	frozen_nbb2_archive_extract	H	b8d5b3e89449a41901938320ebb3ea66e27ee14d481ce80f9a0b3f0fbfc50976	inputs/normalized/9e6y_pvrig_receptor.pdb	T	L	A	UniProt_Q6DKI7	7b597e4976340689606e650f7a864d1c028938e4a1d0c4201b7092f53302813a	4c76f09ba6c24bc9c82a9a97a8fa1f279c4d5ce2a6d051dbf284751701c25880	8c55751f66ac2930ce115a9419321a2b2bed220b61af2e1671f7ac6e6a2e33b3	8c55751f66ac2930ce115a9419321a2b2bed220b61af2e1671f7ac6e6a2e33b3	ee1581acc2db89612290f1be90847c0dc3c410c7a4b48fb2e28ca988617ce098	"{""cfg_hash"":""7b597e4976340689606e650f7a864d1c028938e4a1d0c4201b7092f53302813a"",""conformation"":""9e6y"",""entity_id"":""P1MCPUFP__CPUFP500K_0131__00714"",""entity_type"":""candidate"",""monomer_sha256"":""b8d5b3e89449a41901938320ebb3ea66e27ee14d481ce80f9a0b3f0fbfc50976"",""protocol_core_sha256"":""8c55751f66ac2930ce115a9419321a2b2bed220b61af2e1671f7ac6e6a2e33b3"",""restraint_hash"":""4c76f09ba6c24bc9c82a9a97a8fa1f279c4d5ce2a6d051dbf284751701c25880"",""seed"":42,""sequence_sha256"":""7acf54047cd3a0a0cf6fec988625f9e6841cc327528a9621807e323c45b5de49""}"	387	TOP200_COMMON4_SEED_COMPLETION	92
CANDIDATE_P1MCPUFP__CPUFP500K_0131__00714_8x6b_s3047_f2686dbfca54	111	candidate	P1MCPUFP__CPUFP500K_0131__00714		CANDIDATE_UNKNOWN	8x6b	3047	7acf54047cd3a0a0cf6fec988625f9e6841cc327528a9621807e323c45b5de49	26-33	51-58	97-112	27,28,29,30,35,36,37,38,56,57,58,59,62,63,64,65,105,106,107,108,109,110,111,112,113,114,115,116,117	inputs/candidate_monomers/P1MCPUFP__CPUFP500K_0131__00714.pdb	frozen_nbb2_archive_extract	H	b8d5b3e89449a41901938320ebb3ea66e27ee14d481ce80f9a0b3f0fbfc50976	inputs/normalized/8x6b_pvrig_receptor.pdb	T	L	A	UniProt_Q6DKI7	21918201f2d7d8fd86e7fbe3003003c516ebb4de914b20d6f1f82a78554f6225	4c76f09ba6c24bc9c82a9a97a8fa1f279c4d5ce2a6d051dbf284751701c25880	8c55751f66ac2930ce115a9419321a2b2bed220b61af2e1671f7ac6e6a2e33b3	8c55751f66ac2930ce115a9419321a2b2bed220b61af2e1671f7ac6e6a2e33b3	f2686dbfca542bdd4a6ef6af8ea3962e3c1823a94a8be32306f3e1cb363c555d	"{""cfg_hash"":""21918201f2d7d8fd86e7fbe3003003c516ebb4de914b20d6f1f82a78554f6225"",""conformation"":""8x6b"",""entity_id"":""P1MCPUFP__CPUFP500K_0131__00714"",""entity_type"":""candidate"",""monomer_sha256"":""b8d5b3e89449a41901938320ebb3ea66e27ee14d481ce80f9a0b3f0fbfc50976"",""protocol_core_sha256"":""8c55751f66ac2930ce115a9419321a2b2bed220b61af2e1671f7ac6e6a2e33b3"",""restraint_hash"":""4c76f09ba6c24bc9c82a9a97a8fa1f279c4d5ce2a6d051dbf284751701c25880"",""seed"":3047,""sequence_sha256"":""7acf54047cd3a0a0cf6fec988625f9e6841cc327528a9621807e323c45b5de49""}"	387	TOP200_COMMON4_SEED_COMPLETION	92
CANDIDATE_P1MCPUFP__CPUFP500K_0131__00714_9e6y_s3047_19ab317f8891	112	candidate	P1MCPUFP__CPUFP500K_0131__00714		CANDIDATE_UNKNOWN	9e6y	3047	7acf54047cd3a0a0cf6fec988625f9e6841cc327528a9621807e323c45b5de49	26-33	51-58	97-112	27,28,29,30,35,36,37,38,56,57,58,59,62,63,64,65,105,106,107,108,109,110,111,112,113,114,115,116,117	inputs/candidate_monomers/P1MCPUFP__CPUFP500K_0131__00714.pdb	frozen_nbb2_archive_extract	H	b8d5b3e89449a41901938320ebb3ea66e27ee14d481ce80f9a0b3f0fbfc50976	inputs/normalized/9e6y_pvrig_receptor.pdb	T	L	A	UniProt_Q6DKI7	036faa08876ef5dc8e4331507bf042bf828faae3f3cf5a5fd358a89d5fb215da	4c76f09ba6c24bc9c82a9a97a8fa1f279c4d5ce2a6d051dbf284751701c25880	8c55751f66ac2930ce115a9419321a2b2bed220b61af2e1671f7ac6e6a2e33b3	8c55751f66ac2930ce115a9419321a2b2bed220b61af2e1671f7ac6e6a2e33b3	19ab317f889197385be3f344a1328687efce39613c035ad9b645470dd89638dc	"{""cfg_hash"":""036faa08876ef5dc8e4331507bf042bf828faae3f3cf5a5fd358a89d5fb215da"",""conformation"":""9e6y"",""entity_id"":""P1MCPUFP__CPUFP500K_0131__00714"",""entity_type"":""candidate"",""monomer_sha256"":""b8d5b3e89449a41901938320ebb3ea66e27ee14d481ce80f9a0b3f0fbfc50976"",""protocol_core_sha256"":""8c55751f66ac2930ce115a9419321a2b2bed220b61af2e1671f7ac6e6a2e33b3"",""restraint_hash"":""4c76f09ba6c24bc9c82a9a97a8fa1f279c4d5ce2a6d051dbf284751701c25880"",""seed"":3047,""sequence_sha256"":""7acf54047cd3a0a0cf6fec988625f9e6841cc327528a9621807e323c45b5de49""}"	387	TOP200_COMMON4_SEED_COMPLETION	92
CANDIDATE_P1MCPUFP__CPUFP500K_0496__00585_8x6b_s42_cdf1c0e6e3d2	113	candidate	P1MCPUFP__CPUFP500K_0496__00585		CANDIDATE_UNKNOWN	8x6b	42	fb6755c3a07c4f8cf6f93034413774c3c080194cf0e301106dc55e2e28c09d3c	26-35	53-59	98-116	27,28,29,30,31,34,35,36,37,38,56,57,58,59,63,64,65,105,106,107,108,109,110,111,112,113,114,115,116,117	inputs/candidate_monomers/P1MCPUFP__CPUFP500K_0496__00585.pdb	frozen_nbb2_archive_extract	H	030cd39555fb11830465d8423e9a5b4308eaa14a36e017cad27b2a2bbe628af9	inputs/normalized/8x6b_pvrig_receptor.pdb	T	L	A	UniProt_Q6DKI7	6e3411303a8196b0e07523e8d66724b2c6a9380dca7a347caa47b5632620a2a8	cb4c825dedbb6b8ccf1510daf94ccd67c095d4743b9f9b2a3b6dc9fa7c1cda34	8c55751f66ac2930ce115a9419321a2b2bed220b61af2e1671f7ac6e6a2e33b3	8c55751f66ac2930ce115a9419321a2b2bed220b61af2e1671f7ac6e6a2e33b3	cdf1c0e6e3d20a8032d1b1cd8752725f44b066638220997a7b78c57fb96c0437	"{""cfg_hash"":""6e3411303a8196b0e07523e8d66724b2c6a9380dca7a347caa47b5632620a2a8"",""conformation"":""8x6b"",""entity_id"":""P1MCPUFP__CPUFP500K_0496__00585"",""entity_type"":""candidate"",""monomer_sha256"":""030cd39555fb11830465d8423e9a5b4308eaa14a36e017cad27b2a2bbe628af9"",""protocol_core_sha256"":""8c55751f66ac2930ce115a9419321a2b2bed220b61af2e1671f7ac6e6a2e33b3"",""restraint_hash"":""cb4c825dedbb6b8ccf1510daf94ccd67c095d4743b9f9b2a3b6dc9fa7c1cda34"",""seed"":42,""sequence_sha256"":""fb6755c3a07c4f8cf6f93034413774c3c080194cf0e301106dc55e2e28c09d3c""}"	287	TOP200_COMMON4_SEED_COMPLETION	96
CANDIDATE_P1MCPUFP__CPUFP500K_0496__00585_9e6y_s42_7da23c157da8	114	candidate	P1MCPUFP__CPUFP500K_0496__00585		CANDIDATE_UNKNOWN	9e6y	42	fb6755c3a07c4f8cf6f93034413774c3c080194cf0e301106dc55e2e28c09d3c	26-35	53-59	98-116	27,28,29,30,31,34,35,36,37,38,56,57,58,59,63,64,65,105,106,107,108,109,110,111,112,113,114,115,116,117	inputs/candidate_monomers/P1MCPUFP__CPUFP500K_0496__00585.pdb	frozen_nbb2_archive_extract	H	030cd39555fb11830465d8423e9a5b4308eaa14a36e017cad27b2a2bbe628af9	inputs/normalized/9e6y_pvrig_receptor.pdb	T	L	A	UniProt_Q6DKI7	7b597e4976340689606e650f7a864d1c028938e4a1d0c4201b7092f53302813a	cb4c825dedbb6b8ccf1510daf94ccd67c095d4743b9f9b2a3b6dc9fa7c1cda34	8c55751f66ac2930ce115a9419321a2b2bed220b61af2e1671f7ac6e6a2e33b3	8c55751f66ac2930ce115a9419321a2b2bed220b61af2e1671f7ac6e6a2e33b3	7da23c157da8325f3921f9e48c92b60cb45575910330926b3dd86548f2604988	"{""cfg_hash"":""7b597e4976340689606e650f7a864d1c028938e4a1d0c4201b7092f53302813a"",""conformation"":""9e6y"",""entity_id"":""P1MCPUFP__CPUFP500K_0496__00585"",""entity_type"":""candidate"",""monomer_sha256"":""030cd39555fb11830465d8423e9a5b4308eaa14a36e017cad27b2a2bbe628af9"",""protocol_core_sha256"":""8c55751f66ac2930ce115a9419321a2b2bed220b61af2e1671f7ac6e6a2e33b3"",""restraint_hash"":""cb4c825dedbb6b8ccf1510daf94ccd67c095d4743b9f9b2a3b6dc9fa7c1cda34"",""seed"":42,""sequence_sha256"":""fb6755c3a07c4f8cf6f93034413774c3c080194cf0e301106dc55e2e28c09d3c""}"	287	TOP200_COMMON4_SEED_COMPLETION	96
CANDIDATE_P1MCPUFP__CPUFP500K_0496__00585_8x6b_s3047_289fcecd3be5	115	candidate	P1MCPUFP__CPUFP500K_0496__00585		CANDIDATE_UNKNOWN	8x6b	3047	fb6755c3a07c4f8cf6f93034413774c3c080194cf0e301106dc55e2e28c09d3c	26-35	53-59	98-116	27,28,29,30,31,34,35,36,37,38,56,57,58,59,63,64,65,105,106,107,108,109,110,111,112,113,114,115,116,117	inputs/candidate_monomers/P1MCPUFP__CPUFP500K_0496__00585.pdb	frozen_nbb2_archive_extract	H	030cd39555fb11830465d8423e9a5b4308eaa14a36e017cad27b2a2bbe628af9	inputs/normalized/8x6b_pvrig_receptor.pdb	T	L	A	UniProt_Q6DKI7	21918201f2d7d8fd86e7fbe3003003c516ebb4de914b20d6f1f82a78554f6225	cb4c825dedbb6b8ccf1510daf94ccd67c095d4743b9f9b2a3b6dc9fa7c1cda34	8c55751f66ac2930ce115a9419321a2b2bed220b61af2e1671f7ac6e6a2e33b3	8c55751f66ac2930ce115a9419321a2b2bed220b61af2e1671f7ac6e6a2e33b3	289fcecd3be502d60d54036deb91ac659e4f91f896a539344af0dd747905abcf	"{""cfg_hash"":""21918201f2d7d8fd86e7fbe3003003c516ebb4de914b20d6f1f82a78554f6225"",""conformation"":""8x6b"",""entity_id"":""P1MCPUFP__CPUFP500K_0496__00585"",""entity_type"":""candidate"",""monomer_sha256"":""030cd39555fb11830465d8423e9a5b4308eaa14a36e017cad27b2a2bbe628af9"",""protocol_core_sha256"":""8c55751f66ac2930ce115a9419321a2b2bed220b61af2e1671f7ac6e6a2e33b3"",""restraint_hash"":""cb4c825dedbb6b8ccf1510daf94ccd67c095d4743b9f9b2a3b6dc9fa7c1cda34"",""seed"":3047,""sequence_sha256"":""fb6755c3a07c4f8cf6f93034413774c3c080194cf0e301106dc55e2e28c09d3c""}"	287	TOP200_COMMON4_SEED_COMPLETION	96
CANDIDATE_P1MCPUFP__CPUFP500K_0496__00585_9e6y_s3047_bebff3619e2c	116	candidate	P1MCPUFP__CPUFP500K_0496__00585		CANDIDATE_UNKNOWN	9e6y	3047	fb6755c3a07c4f8cf6f93034413774c3c080194cf0e301106dc55e2e28c09d3c	26-35	53-59	98-116	27,28,29,30,31,34,35,36,37,38,56,57,58,59,63,64,65,105,106,107,108,109,110,111,112,113,114,115,116,117	inputs/candidate_monomers/P1MCPUFP__CPUFP500K_0496__00585.pdb	frozen_nbb2_archive_extract	H	030cd39555fb11830465d8423e9a5b4308eaa14a36e017cad27b2a2bbe628af9	inputs/normalized/9e6y_pvrig_receptor.pdb	T	L	A	UniProt_Q6DKI7	036faa08876ef5dc8e4331507bf042bf828faae3f3cf5a5fd358a89d5fb215da	cb4c825dedbb6b8ccf1510daf94ccd67c095d4743b9f9b2a3b6dc9fa7c1cda34	8c55751f66ac2930ce115a9419321a2b2bed220b61af2e1671f7ac6e6a2e33b3	8c55751f66ac2930ce115a9419321a2b2bed220b61af2e1671f7ac6e6a2e33b3	bebff3619e2cedfd520c1011e38b3ae281bd01dcff1dcb4ebd713919dba3573e	"{""cfg_hash"":""036faa08876ef5dc8e4331507bf042bf828faae3f3cf5a5fd358a89d5fb215da"",""conformation"":""9e6y"",""entity_id"":""P1MCPUFP__CPUFP500K_0496__00585"",""entity_type"":""candidate"",""monomer_sha256"":""030cd39555fb11830465d8423e9a5b4308eaa14a36e017cad27b2a2bbe628af9"",""protocol_core_sha256"":""8c55751f66ac2930ce115a9419321a2b2bed220b61af2e1671f7ac6e6a2e33b3"",""restraint_hash"":""cb4c825dedbb6b8ccf1510daf94ccd67c095d4743b9f9b2a3b6dc9fa7c1cda34"",""seed"":3047,""sequence_sha256"":""fb6755c3a07c4f8cf6f93034413774c3c080194cf0e301106dc55e2e28c09d3c""}"	287	TOP200_COMMON4_SEED_COMPLETION	96
CANDIDATE_P1MCPUFP__CPUFP500K_0001__00338_8x6b_s42_228f992fc8f8	117	candidate	P1MCPUFP__CPUFP500K_0001__00338		CANDIDATE_UNKNOWN	8x6b	42	18c54e071a3717537bfa4ebd2600141dbe359e26476f796305377b65907308e7	26-35	53-59	98-116	27,28,29,30,31,34,35,36,37,38,56,57,58,59,63,64,65,105,106,107,108,109,110,111,112,113,114,115,116,117	inputs/candidate_monomers/P1MCPUFP__CPUFP500K_0001__00338.pdb	frozen_nbb2_archive_extract	H	1cf3a31eff46e336072b869cc80fb2c2b53753f2cae52add5b56137d010e7e63	inputs/normalized/8x6b_pvrig_receptor.pdb	T	L	A	UniProt_Q6DKI7	6e3411303a8196b0e07523e8d66724b2c6a9380dca7a347caa47b5632620a2a8	cb4c825dedbb6b8ccf1510daf94ccd67c095d4743b9f9b2a3b6dc9fa7c1cda34	8c55751f66ac2930ce115a9419321a2b2bed220b61af2e1671f7ac6e6a2e33b3	8c55751f66ac2930ce115a9419321a2b2bed220b61af2e1671f7ac6e6a2e33b3	228f992fc8f87f7d85055dd13830e0f8e01d5d666f8d870eecf979ff6e4442ce	"{""cfg_hash"":""6e3411303a8196b0e07523e8d66724b2c6a9380dca7a347caa47b5632620a2a8"",""conformation"":""8x6b"",""entity_id"":""P1MCPUFP__CPUFP500K_0001__00338"",""entity_type"":""candidate"",""monomer_sha256"":""1cf3a31eff46e336072b869cc80fb2c2b53753f2cae52add5b56137d010e7e63"",""protocol_core_sha256"":""8c55751f66ac2930ce115a9419321a2b2bed220b61af2e1671f7ac6e6a2e33b3"",""restraint_hash"":""cb4c825dedbb6b8ccf1510daf94ccd67c095d4743b9f9b2a3b6dc9fa7c1cda34"",""seed"":42,""sequence_sha256"":""18c54e071a3717537bfa4ebd2600141dbe359e26476f796305377b65907308e7""}"	123	TOP200_COMMON4_SEED_COMPLETION	99
CANDIDATE_P1MCPUFP__CPUFP500K_0001__00338_9e6y_s42_0576cd2f3145	118	candidate	P1MCPUFP__CPUFP500K_0001__00338		CANDIDATE_UNKNOWN	9e6y	42	18c54e071a3717537bfa4ebd2600141dbe359e26476f796305377b65907308e7	26-35	53-59	98-116	27,28,29,30,31,34,35,36,37,38,56,57,58,59,63,64,65,105,106,107,108,109,110,111,112,113,114,115,116,117	inputs/candidate_monomers/P1MCPUFP__CPUFP500K_0001__00338.pdb	frozen_nbb2_archive_extract	H	1cf3a31eff46e336072b869cc80fb2c2b53753f2cae52add5b56137d010e7e63	inputs/normalized/9e6y_pvrig_receptor.pdb	T	L	A	UniProt_Q6DKI7	7b597e4976340689606e650f7a864d1c028938e4a1d0c4201b7092f53302813a	cb4c825dedbb6b8ccf1510daf94ccd67c095d4743b9f9b2a3b6dc9fa7c1cda34	8c55751f66ac2930ce115a9419321a2b2bed220b61af2e1671f7ac6e6a2e33b3	8c55751f66ac2930ce115a9419321a2b2bed220b61af2e1671f7ac6e6a2e33b3	0576cd2f3145de372b7f9db3e7245e1691a363ceb60575bb022afc09ffff9c3a	"{""cfg_hash"":""7b597e4976340689606e650f7a864d1c028938e4a1d0c4201b7092f53302813a"",""conformation"":""9e6y"",""entity_id"":""P1MCPUFP__CPUFP500K_0001__00338"",""entity_type"":""candidate"",""monomer_sha256"":""1cf3a31eff46e336072b869cc80fb2c2b53753f2cae52add5b56137d010e7e63"",""protocol_core_sha256"":""8c55751f66ac2930ce115a9419321a2b2bed220b61af2e1671f7ac6e6a2e33b3"",""restraint_hash"":""cb4c825dedbb6b8ccf1510daf94ccd67c095d4743b9f9b2a3b6dc9fa7c1cda34"",""seed"":42,""sequence_sha256"":""18c54e071a3717537bfa4ebd2600141dbe359e26476f796305377b65907308e7""}"	123	TOP200_COMMON4_SEED_COMPLETION	99
CANDIDATE_P1MCPUFP__CPUFP500K_0001__00338_8x6b_s3047_f9d7e42aa23b	119	candidate	P1MCPUFP__CPUFP500K_0001__00338		CANDIDATE_UNKNOWN	8x6b	3047	18c54e071a3717537bfa4ebd2600141dbe359e26476f796305377b65907308e7	26-35	53-59	98-116	27,28,29,30,31,34,35,36,37,38,56,57,58,59,63,64,65,105,106,107,108,109,110,111,112,113,114,115,116,117	inputs/candidate_monomers/P1MCPUFP__CPUFP500K_0001__00338.pdb	frozen_nbb2_archive_extract	H	1cf3a31eff46e336072b869cc80fb2c2b53753f2cae52add5b56137d010e7e63	inputs/normalized/8x6b_pvrig_receptor.pdb	T	L	A	UniProt_Q6DKI7	21918201f2d7d8fd86e7fbe3003003c516ebb4de914b20d6f1f82a78554f6225	cb4c825dedbb6b8ccf1510daf94ccd67c095d4743b9f9b2a3b6dc9fa7c1cda34	8c55751f66ac2930ce115a9419321a2b2bed220b61af2e1671f7ac6e6a2e33b3	8c55751f66ac2930ce115a9419321a2b2bed220b61af2e1671f7ac6e6a2e33b3	f9d7e42aa23b86900a58d7c208289fb58b2338ec3c9d1855b1c1dcc3d5156562	"{""cfg_hash"":""21918201f2d7d8fd86e7fbe3003003c516ebb4de914b20d6f1f82a78554f6225"",""conformation"":""8x6b"",""entity_id"":""P1MCPUFP__CPUFP500K_0001__00338"",""entity_type"":""candidate"",""monomer_sha256"":""1cf3a31eff46e336072b869cc80fb2c2b53753f2cae52add5b56137d010e7e63"",""protocol_core_sha256"":""8c55751f66ac2930ce115a9419321a2b2bed220b61af2e1671f7ac6e6a2e33b3"",""restraint_hash"":""cb4c825dedbb6b8ccf1510daf94ccd67c095d4743b9f9b2a3b6dc9fa7c1cda34"",""seed"":3047,""sequence_sha256"":""18c54e071a3717537bfa4ebd2600141dbe359e26476f796305377b65907308e7""}"	123	TOP200_COMMON4_SEED_COMPLETION	99
CANDIDATE_P1MCPUFP__CPUFP500K_0001__00338_9e6y_s3047_8da0c21377ff	120	candidate	P1MCPUFP__CPUFP500K_0001__00338		CANDIDATE_UNKNOWN	9e6y	3047	18c54e071a3717537bfa4ebd2600141dbe359e26476f796305377b65907308e7	26-35	53-59	98-116	27,28,29,30,31,34,35,36,37,38,56,57,58,59,63,64,65,105,106,107,108,109,110,111,112,113,114,115,116,117	inputs/candidate_monomers/P1MCPUFP__CPUFP500K_0001__00338.pdb	frozen_nbb2_archive_extract	H	1cf3a31eff46e336072b869cc80fb2c2b53753f2cae52add5b56137d010e7e63	inputs/normalized/9e6y_pvrig_receptor.pdb	T	L	A	UniProt_Q6DKI7	036faa08876ef5dc8e4331507bf042bf828faae3f3cf5a5fd358a89d5fb215da	cb4c825dedbb6b8ccf1510daf94ccd67c095d4743b9f9b2a3b6dc9fa7c1cda34	8c55751f66ac2930ce115a9419321a2b2bed220b61af2e1671f7ac6e6a2e33b3	8c55751f66ac2930ce115a9419321a2b2bed220b61af2e1671f7ac6e6a2e33b3	8da0c21377ffaf61e297b45b1bcc993a6684379995d2aaa8a65d500fb6320419	"{""cfg_hash"":""036faa08876ef5dc8e4331507bf042bf828faae3f3cf5a5fd358a89d5fb215da"",""conformation"":""9e6y"",""entity_id"":""P1MCPUFP__CPUFP500K_0001__00338"",""entity_type"":""candidate"",""monomer_sha256"":""1cf3a31eff46e336072b869cc80fb2c2b53753f2cae52add5b56137d010e7e63"",""protocol_core_sha256"":""8c55751f66ac2930ce115a9419321a2b2bed220b61af2e1671f7ac6e6a2e33b3"",""restraint_hash"":""cb4c825dedbb6b8ccf1510daf94ccd67c095d4743b9f9b2a3b6dc9fa7c1cda34"",""seed"":3047,""sequence_sha256"":""18c54e071a3717537bfa4ebd2600141dbe359e26476f796305377b65907308e7""}"	123	TOP200_COMMON4_SEED_COMPLETION	99
CANDIDATE_P1MCPUFP__CPUFP500K_0230__00087_8x6b_s42_65a5e7d64017	121	candidate	P1MCPUFP__CPUFP500K_0230__00087		CANDIDATE_UNKNOWN	8x6b	42	cfe3614b9021c9c0da88daedefc003796a1843628b44a4076dd540b654bc7ed9	26-33	51-58	97-112	27,28,29,30,35,36,37,38,56,57,58,59,62,63,64,65,105,106,107,108,109,110,111,112,113,114,115,116,117	inputs/candidate_monomers/P1MCPUFP__CPUFP500K_0230__00087.pdb	frozen_nbb2_archive_extract	H	5feb9cd47289d3518caead925e69386b036aa2566b7108256a18aa75c2dc064d	inputs/normalized/8x6b_pvrig_receptor.pdb	T	L	A	UniProt_Q6DKI7	6e3411303a8196b0e07523e8d66724b2c6a9380dca7a347caa47b5632620a2a8	4c76f09ba6c24bc9c82a9a97a8fa1f279c4d5ce2a6d051dbf284751701c25880	8c55751f66ac2930ce115a9419321a2b2bed220b61af2e1671f7ac6e6a2e33b3	8c55751f66ac2930ce115a9419321a2b2bed220b61af2e1671f7ac6e6a2e33b3	65a5e7d640177a5e31286c464b0520a04506e17c3a1d793174061d5661617b04	"{""cfg_hash"":""6e3411303a8196b0e07523e8d66724b2c6a9380dca7a347caa47b5632620a2a8"",""conformation"":""8x6b"",""entity_id"":""P1MCPUFP__CPUFP500K_0230__00087"",""entity_type"":""candidate"",""monomer_sha256"":""5feb9cd47289d3518caead925e69386b036aa2566b7108256a18aa75c2dc064d"",""protocol_core_sha256"":""8c55751f66ac2930ce115a9419321a2b2bed220b61af2e1671f7ac6e6a2e33b3"",""restraint_hash"":""4c76f09ba6c24bc9c82a9a97a8fa1f279c4d5ce2a6d051dbf284751701c25880"",""seed"":42,""sequence_sha256"":""cfe3614b9021c9c0da88daedefc003796a1843628b44a4076dd540b654bc7ed9""}"	261	TOP200_COMMON4_SEED_COMPLETION	102
CANDIDATE_P1MCPUFP__CPUFP500K_0230__00087_9e6y_s42_3ca47c42f401	122	candidate	P1MCPUFP__CPUFP500K_0230__00087		CANDIDATE_UNKNOWN	9e6y	42	cfe3614b9021c9c0da88daedefc003796a1843628b44a4076dd540b654bc7ed9	26-33	51-58	97-112	27,28,29,30,35,36,37,38,56,57,58,59,62,63,64,65,105,106,107,108,109,110,111,112,113,114,115,116,117	inputs/candidate_monomers/P1MCPUFP__CPUFP500K_0230__00087.pdb	frozen_nbb2_archive_extract	H	5feb9cd47289d3518caead925e69386b036aa2566b7108256a18aa75c2dc064d	inputs/normalized/9e6y_pvrig_receptor.pdb	T	L	A	UniProt_Q6DKI7	7b597e4976340689606e650f7a864d1c028938e4a1d0c4201b7092f53302813a	4c76f09ba6c24bc9c82a9a97a8fa1f279c4d5ce2a6d051dbf284751701c25880	8c55751f66ac2930ce115a9419321a2b2bed220b61af2e1671f7ac6e6a2e33b3	8c55751f66ac2930ce115a9419321a2b2bed220b61af2e1671f7ac6e6a2e33b3	3ca47c42f40189877677d6eefa5352693c931bd360e441e7a4b56ce3f987074c	"{""cfg_hash"":""7b597e4976340689606e650f7a864d1c028938e4a1d0c4201b7092f53302813a"",""conformation"":""9e6y"",""entity_id"":""P1MCPUFP__CPUFP500K_0230__00087"",""entity_type"":""candidate"",""monomer_sha256"":""5feb9cd47289d3518caead925e69386b036aa2566b7108256a18aa75c2dc064d"",""protocol_core_sha256"":""8c55751f66ac2930ce115a9419321a2b2bed220b61af2e1671f7ac6e6a2e33b3"",""restraint_hash"":""4c76f09ba6c24bc9c82a9a97a8fa1f279c4d5ce2a6d051dbf284751701c25880"",""seed"":42,""sequence_sha256"":""cfe3614b9021c9c0da88daedefc003796a1843628b44a4076dd540b654bc7ed9""}"	261	TOP200_COMMON4_SEED_COMPLETION	102
CANDIDATE_P1MCPUFP__CPUFP500K_0230__00087_8x6b_s3047_2bd20a6ec44c	123	candidate	P1MCPUFP__CPUFP500K_0230__00087		CANDIDATE_UNKNOWN	8x6b	3047	cfe3614b9021c9c0da88daedefc003796a1843628b44a4076dd540b654bc7ed9	26-33	51-58	97-112	27,28,29,30,35,36,37,38,56,57,58,59,62,63,64,65,105,106,107,108,109,110,111,112,113,114,115,116,117	inputs/candidate_monomers/P1MCPUFP__CPUFP500K_0230__00087.pdb	frozen_nbb2_archive_extract	H	5feb9cd47289d3518caead925e69386b036aa2566b7108256a18aa75c2dc064d	inputs/normalized/8x6b_pvrig_receptor.pdb	T	L	A	UniProt_Q6DKI7	21918201f2d7d8fd86e7fbe3003003c516ebb4de914b20d6f1f82a78554f6225	4c76f09ba6c24bc9c82a9a97a8fa1f279c4d5ce2a6d051dbf284751701c25880	8c55751f66ac2930ce115a9419321a2b2bed220b61af2e1671f7ac6e6a2e33b3	8c55751f66ac2930ce115a9419321a2b2bed220b61af2e1671f7ac6e6a2e33b3	2bd20a6ec44cc779081e82926e2f773c0b574fe11768993ccc4d651a0ea5e47a	"{""cfg_hash"":""21918201f2d7d8fd86e7fbe3003003c516ebb4de914b20d6f1f82a78554f6225"",""conformation"":""8x6b"",""entity_id"":""P1MCPUFP__CPUFP500K_0230__00087"",""entity_type"":""candidate"",""monomer_sha256"":""5feb9cd47289d3518caead925e69386b036aa2566b7108256a18aa75c2dc064d"",""protocol_core_sha256"":""8c55751f66ac2930ce115a9419321a2b2bed220b61af2e1671f7ac6e6a2e33b3"",""restraint_hash"":""4c76f09ba6c24bc9c82a9a97a8fa1f279c4d5ce2a6d051dbf284751701c25880"",""seed"":3047,""sequence_sha256"":""cfe3614b9021c9c0da88daedefc003796a1843628b44a4076dd540b654bc7ed9""}"	261	TOP200_COMMON4_SEED_COMPLETION	102
CANDIDATE_P1MCPUFP__CPUFP500K_0230__00087_9e6y_s3047_2582403af0d0	124	candidate	P1MCPUFP__CPUFP500K_0230__00087		CANDIDATE_UNKNOWN	9e6y	3047	cfe3614b9021c9c0da88daedefc003796a1843628b44a4076dd540b654bc7ed9	26-33	51-58	97-112	27,28,29,30,35,36,37,38,56,57,58,59,62,63,64,65,105,106,107,108,109,110,111,112,113,114,115,116,117	inputs/candidate_monomers/P1MCPUFP__CPUFP500K_0230__00087.pdb	frozen_nbb2_archive_extract	H	5feb9cd47289d3518caead925e69386b036aa2566b7108256a18aa75c2dc064d	inputs/normalized/9e6y_pvrig_receptor.pdb	T	L	A	UniProt_Q6DKI7	036faa08876ef5dc8e4331507bf042bf828faae3f3cf5a5fd358a89d5fb215da	4c76f09ba6c24bc9c82a9a97a8fa1f279c4d5ce2a6d051dbf284751701c25880	8c55751f66ac2930ce115a9419321a2b2bed220b61af2e1671f7ac6e6a2e33b3	8c55751f66ac2930ce115a9419321a2b2bed220b61af2e1671f7ac6e6a2e33b3	2582403af0d00a3fac6f9f89f43fae5a5215d629ede293719e457ca632ccb000	"{""cfg_hash"":""036faa08876ef5dc8e4331507bf042bf828faae3f3cf5a5fd358a89d5fb215da"",""conformation"":""9e6y"",""entity_id"":""P1MCPUFP__CPUFP500K_0230__00087"",""entity_type"":""candidate"",""monomer_sha256"":""5feb9cd47289d3518caead925e69386b036aa2566b7108256a18aa75c2dc064d"",""protocol_core_sha256"":""8c55751f66ac2930ce115a9419321a2b2bed220b61af2e1671f7ac6e6a2e33b3"",""restraint_hash"":""4c76f09ba6c24bc9c82a9a97a8fa1f279c4d5ce2a6d051dbf284751701c25880"",""seed"":3047,""sequence_sha256"":""cfe3614b9021c9c0da88daedefc003796a1843628b44a4076dd540b654bc7ed9""}"	261	TOP200_COMMON4_SEED_COMPLETION	102
CANDIDATE_P1MCPUFP__CPUFP500K_0132__00573_8x6b_s42_91624adf7b69	125	candidate	P1MCPUFP__CPUFP500K_0132__00573		CANDIDATE_UNKNOWN	8x6b	42	b4a5a680bc8f55c36d457ba255cea71bbbc326af86346e57257d5b9958365e22	26-33	51-58	97-112	27,28,29,30,35,36,37,38,56,57,58,59,62,63,64,65,105,106,107,108,109,110,111,112,113,114,115,116,117	inputs/candidate_monomers/P1MCPUFP__CPUFP500K_0132__00573.pdb	frozen_nbb2_archive_extract	H	0d0f00189b7fe7b7cb412cf90c2aa71023ae4d31d8f7ab6ee2972f7ed4bf2cf2	inputs/normalized/8x6b_pvrig_receptor.pdb	T	L	A	UniProt_Q6DKI7	6e3411303a8196b0e07523e8d66724b2c6a9380dca7a347caa47b5632620a2a8	4c76f09ba6c24bc9c82a9a97a8fa1f279c4d5ce2a6d051dbf284751701c25880	8c55751f66ac2930ce115a9419321a2b2bed220b61af2e1671f7ac6e6a2e33b3	8c55751f66ac2930ce115a9419321a2b2bed220b61af2e1671f7ac6e6a2e33b3	91624adf7b69b566dc29c8f0d09f297c03a3ef1ee761dd01e31724b471b03c1b	"{""cfg_hash"":""6e3411303a8196b0e07523e8d66724b2c6a9380dca7a347caa47b5632620a2a8"",""conformation"":""8x6b"",""entity_id"":""P1MCPUFP__CPUFP500K_0132__00573"",""entity_type"":""candidate"",""monomer_sha256"":""0d0f00189b7fe7b7cb412cf90c2aa71023ae4d31d8f7ab6ee2972f7ed4bf2cf2"",""protocol_core_sha256"":""8c55751f66ac2930ce115a9419321a2b2bed220b61af2e1671f7ac6e6a2e33b3"",""restraint_hash"":""4c76f09ba6c24bc9c82a9a97a8fa1f279c4d5ce2a6d051dbf284751701c25880"",""seed"":42,""sequence_sha256"":""b4a5a680bc8f55c36d457ba255cea71bbbc326af86346e57257d5b9958365e22""}"	244	TOP200_COMMON4_SEED_COMPLETION	107
CANDIDATE_P1MCPUFP__CPUFP500K_0132__00573_9e6y_s42_900cd6bd82a2	126	candidate	P1MCPUFP__CPUFP500K_0132__00573		CANDIDATE_UNKNOWN	9e6y	42	b4a5a680bc8f55c36d457ba255cea71bbbc326af86346e57257d5b9958365e22	26-33	51-58	97-112	27,28,29,30,35,36,37,38,56,57,58,59,62,63,64,65,105,106,107,108,109,110,111,112,113,114,115,116,117	inputs/candidate_monomers/P1MCPUFP__CPUFP500K_0132__00573.pdb	frozen_nbb2_archive_extract	H	0d0f00189b7fe7b7cb412cf90c2aa71023ae4d31d8f7ab6ee2972f7ed4bf2cf2	inputs/normalized/9e6y_pvrig_receptor.pdb	T	L	A	UniProt_Q6DKI7	7b597e4976340689606e650f7a864d1c028938e4a1d0c4201b7092f53302813a	4c76f09ba6c24bc9c82a9a97a8fa1f279c4d5ce2a6d051dbf284751701c25880	8c55751f66ac2930ce115a9419321a2b2bed220b61af2e1671f7ac6e6a2e33b3	8c55751f66ac2930ce115a9419321a2b2bed220b61af2e1671f7ac6e6a2e33b3	900cd6bd82a200ec2e94684e004a49b8ee8cc924b1dc13a2df9afb0ddae856ab	"{""cfg_hash"":""7b597e4976340689606e650f7a864d1c028938e4a1d0c4201b7092f53302813a"",""conformation"":""9e6y"",""entity_id"":""P1MCPUFP__CPUFP500K_0132__00573"",""entity_type"":""candidate"",""monomer_sha256"":""0d0f00189b7fe7b7cb412cf90c2aa71023ae4d31d8f7ab6ee2972f7ed4bf2cf2"",""protocol_core_sha256"":""8c55751f66ac2930ce115a9419321a2b2bed220b61af2e1671f7ac6e6a2e33b3"",""restraint_hash"":""4c76f09ba6c24bc9c82a9a97a8fa1f279c4d5ce2a6d051dbf284751701c25880"",""seed"":42,""sequence_sha256"":""b4a5a680bc8f55c36d457ba255cea71bbbc326af86346e57257d5b9958365e22""}"	244	TOP200_COMMON4_SEED_COMPLETION	107
CANDIDATE_P1MCPUFP__CPUFP500K_0132__00573_8x6b_s3047_918c2520a252	127	candidate	P1MCPUFP__CPUFP500K_0132__00573		CANDIDATE_UNKNOWN	8x6b	3047	b4a5a680bc8f55c36d457ba255cea71bbbc326af86346e57257d5b9958365e22	26-33	51-58	97-112	27,28,29,30,35,36,37,38,56,57,58,59,62,63,64,65,105,106,107,108,109,110,111,112,113,114,115,116,117	inputs/candidate_monomers/P1MCPUFP__CPUFP500K_0132__00573.pdb	frozen_nbb2_archive_extract	H	0d0f00189b7fe7b7cb412cf90c2aa71023ae4d31d8f7ab6ee2972f7ed4bf2cf2	inputs/normalized/8x6b_pvrig_receptor.pdb	T	L	A	UniProt_Q6DKI7	21918201f2d7d8fd86e7fbe3003003c516ebb4de914b20d6f1f82a78554f6225	4c76f09ba6c24bc9c82a9a97a8fa1f279c4d5ce2a6d051dbf284751701c25880	8c55751f66ac2930ce115a9419321a2b2bed220b61af2e1671f7ac6e6a2e33b3	8c55751f66ac2930ce115a9419321a2b2bed220b61af2e1671f7ac6e6a2e33b3	918c2520a2521342ea835696f0098c020ddb47e4aa35befc6f833cbdb82bcd4c	"{""cfg_hash"":""21918201f2d7d8fd86e7fbe3003003c516ebb4de914b20d6f1f82a78554f6225"",""conformation"":""8x6b"",""entity_id"":""P1MCPUFP__CPUFP500K_0132__00573"",""entity_type"":""candidate"",""monomer_sha256"":""0d0f00189b7fe7b7cb412cf90c2aa71023ae4d31d8f7ab6ee2972f7ed4bf2cf2"",""protocol_core_sha256"":""8c55751f66ac2930ce115a9419321a2b2bed220b61af2e1671f7ac6e6a2e33b3"",""restraint_hash"":""4c76f09ba6c24bc9c82a9a97a8fa1f279c4d5ce2a6d051dbf284751701c25880"",""seed"":3047,""sequence_sha256"":""b4a5a680bc8f55c36d457ba255cea71bbbc326af86346e57257d5b9958365e22""}"	244	TOP200_COMMON4_SEED_COMPLETION	107
CANDIDATE_P1MCPUFP__CPUFP500K_0132__00573_9e6y_s3047_e092b7e164f6	128	candidate	P1MCPUFP__CPUFP500K_0132__00573		CANDIDATE_UNKNOWN	9e6y	3047	b4a5a680bc8f55c36d457ba255cea71bbbc326af86346e57257d5b9958365e22	26-33	51-58	97-112	27,28,29,30,35,36,37,38,56,57,58,59,62,63,64,65,105,106,107,108,109,110,111,112,113,114,115,116,117	inputs/candidate_monomers/P1MCPUFP__CPUFP500K_0132__00573.pdb	frozen_nbb2_archive_extract	H	0d0f00189b7fe7b7cb412cf90c2aa71023ae4d31d8f7ab6ee2972f7ed4bf2cf2	inputs/normalized/9e6y_pvrig_receptor.pdb	T	L	A	UniProt_Q6DKI7	036faa08876ef5dc8e4331507bf042bf828faae3f3cf5a5fd358a89d5fb215da	4c76f09ba6c24bc9c82a9a97a8fa1f279c4d5ce2a6d051dbf284751701c25880	8c55751f66ac2930ce115a9419321a2b2bed220b61af2e1671f7ac6e6a2e33b3	8c55751f66ac2930ce115a9419321a2b2bed220b61af2e1671f7ac6e6a2e33b3	e092b7e164f6c15d3cc5a468213dac26ddf39e2e048b70e747e2da55a2320645	"{""cfg_hash"":""036faa08876ef5dc8e4331507bf042bf828faae3f3cf5a5fd358a89d5fb215da"",""conformation"":""9e6y"",""entity_id"":""P1MCPUFP__CPUFP500K_0132__00573"",""entity_type"":""candidate"",""monomer_sha256"":""0d0f00189b7fe7b7cb412cf90c2aa71023ae4d31d8f7ab6ee2972f7ed4bf2cf2"",""protocol_core_sha256"":""8c55751f66ac2930ce115a9419321a2b2bed220b61af2e1671f7ac6e6a2e33b3"",""restraint_hash"":""4c76f09ba6c24bc9c82a9a97a8fa1f279c4d5ce2a6d051dbf284751701c25880"",""seed"":3047,""sequence_sha256"":""b4a5a680bc8f55c36d457ba255cea71bbbc326af86346e57257d5b9958365e22""}"	244	TOP200_COMMON4_SEED_COMPLETION	107
CANDIDATE_P1MCPUFP__CPUFP500K_0228__00771_8x6b_s42_76ab0dbf5be2	129	candidate	P1MCPUFP__CPUFP500K_0228__00771		CANDIDATE_UNKNOWN	8x6b	42	2c8d2fbe98ceb3bb43198687920c056f9e1fe271a94d8dee6467e1e3197c317f	26-33	51-58	97-112	27,28,29,30,35,36,37,38,56,57,58,59,62,63,64,65,105,106,107,108,109,110,111,112,113,114,115,116,117	inputs/candidate_monomers/P1MCPUFP__CPUFP500K_0228__00771.pdb	frozen_nbb2_archive_extract	H	a55f0e3ba5e67adf6a0a17d77c13dfcec45753197244a3be0eda021aa78bd962	inputs/normalized/8x6b_pvrig_receptor.pdb	T	L	A	UniProt_Q6DKI7	6e3411303a8196b0e07523e8d66724b2c6a9380dca7a347caa47b5632620a2a8	4c76f09ba6c24bc9c82a9a97a8fa1f279c4d5ce2a6d051dbf284751701c25880	8c55751f66ac2930ce115a9419321a2b2bed220b61af2e1671f7ac6e6a2e33b3	8c55751f66ac2930ce115a9419321a2b2bed220b61af2e1671f7ac6e6a2e33b3	76ab0dbf5be2084e481d4c46f24da18dad6cde52065b76862d1ebad1e63b030c	"{""cfg_hash"":""6e3411303a8196b0e07523e8d66724b2c6a9380dca7a347caa47b5632620a2a8"",""conformation"":""8x6b"",""entity_id"":""P1MCPUFP__CPUFP500K_0228__00771"",""entity_type"":""candidate"",""monomer_sha256"":""a55f0e3ba5e67adf6a0a17d77c13dfcec45753197244a3be0eda021aa78bd962"",""protocol_core_sha256"":""8c55751f66ac2930ce115a9419321a2b2bed220b61af2e1671f7ac6e6a2e33b3"",""restraint_hash"":""4c76f09ba6c24bc9c82a9a97a8fa1f279c4d5ce2a6d051dbf284751701c25880"",""seed"":42,""sequence_sha256"":""2c8d2fbe98ceb3bb43198687920c056f9e1fe271a94d8dee6467e1e3197c317f""}"	303	TOP200_COMMON4_SEED_COMPLETION	111
CANDIDATE_P1MCPUFP__CPUFP500K_0228__00771_9e6y_s42_d54c077b8af3	130	candidate	P1MCPUFP__CPUFP500K_0228__00771		CANDIDATE_UNKNOWN	9e6y	42	2c8d2fbe98ceb3bb43198687920c056f9e1fe271a94d8dee6467e1e3197c317f	26-33	51-58	97-112	27,28,29,30,35,36,37,38,56,57,58,59,62,63,64,65,105,106,107,108,109,110,111,112,113,114,115,116,117	inputs/candidate_monomers/P1MCPUFP__CPUFP500K_0228__00771.pdb	frozen_nbb2_archive_extract	H	a55f0e3ba5e67adf6a0a17d77c13dfcec45753197244a3be0eda021aa78bd962	inputs/normalized/9e6y_pvrig_receptor.pdb	T	L	A	UniProt_Q6DKI7	7b597e4976340689606e650f7a864d1c028938e4a1d0c4201b7092f53302813a	4c76f09ba6c24bc9c82a9a97a8fa1f279c4d5ce2a6d051dbf284751701c25880	8c55751f66ac2930ce115a9419321a2b2bed220b61af2e1671f7ac6e6a2e33b3	8c55751f66ac2930ce115a9419321a2b2bed220b61af2e1671f7ac6e6a2e33b3	d54c077b8af37e573bf3a8be11095ef374476aac9f763cd86103dcbef0d9e65d	"{""cfg_hash"":""7b597e4976340689606e650f7a864d1c028938e4a1d0c4201b7092f53302813a"",""conformation"":""9e6y"",""entity_id"":""P1MCPUFP__CPUFP500K_0228__00771"",""entity_type"":""candidate"",""monomer_sha256"":""a55f0e3ba5e67adf6a0a17d77c13dfcec45753197244a3be0eda021aa78bd962"",""protocol_core_sha256"":""8c55751f66ac2930ce115a9419321a2b2bed220b61af2e1671f7ac6e6a2e33b3"",""restraint_hash"":""4c76f09ba6c24bc9c82a9a97a8fa1f279c4d5ce2a6d051dbf284751701c25880"",""seed"":42,""sequence_sha256"":""2c8d2fbe98ceb3bb43198687920c056f9e1fe271a94d8dee6467e1e3197c317f""}"	303	TOP200_COMMON4_SEED_COMPLETION	111
CANDIDATE_P1MCPUFP__CPUFP500K_0228__00771_8x6b_s3047_6baafbe2a0c5	131	candidate	P1MCPUFP__CPUFP500K_0228__00771		CANDIDATE_UNKNOWN	8x6b	3047	2c8d2fbe98ceb3bb43198687920c056f9e1fe271a94d8dee6467e1e3197c317f	26-33	51-58	97-112	27,28,29,30,35,36,37,38,56,57,58,59,62,63,64,65,105,106,107,108,109,110,111,112,113,114,115,116,117	inputs/candidate_monomers/P1MCPUFP__CPUFP500K_0228__00771.pdb	frozen_nbb2_archive_extract	H	a55f0e3ba5e67adf6a0a17d77c13dfcec45753197244a3be0eda021aa78bd962	inputs/normalized/8x6b_pvrig_receptor.pdb	T	L	A	UniProt_Q6DKI7	21918201f2d7d8fd86e7fbe3003003c516ebb4de914b20d6f1f82a78554f6225	4c76f09ba6c24bc9c82a9a97a8fa1f279c4d5ce2a6d051dbf284751701c25880	8c55751f66ac2930ce115a9419321a2b2bed220b61af2e1671f7ac6e6a2e33b3	8c55751f66ac2930ce115a9419321a2b2bed220b61af2e1671f7ac6e6a2e33b3	6baafbe2a0c5b977860268617ec13e4e8302a4c42d7bd40c395d01ea89868441	"{""cfg_hash"":""21918201f2d7d8fd86e7fbe3003003c516ebb4de914b20d6f1f82a78554f6225"",""conformation"":""8x6b"",""entity_id"":""P1MCPUFP__CPUFP500K_0228__00771"",""entity_type"":""candidate"",""monomer_sha256"":""a55f0e3ba5e67adf6a0a17d77c13dfcec45753197244a3be0eda021aa78bd962"",""protocol_core_sha256"":""8c55751f66ac2930ce115a9419321a2b2bed220b61af2e1671f7ac6e6a2e33b3"",""restraint_hash"":""4c76f09ba6c24bc9c82a9a97a8fa1f279c4d5ce2a6d051dbf284751701c25880"",""seed"":3047,""sequence_sha256"":""2c8d2fbe98ceb3bb43198687920c056f9e1fe271a94d8dee6467e1e3197c317f""}"	303	TOP200_COMMON4_SEED_COMPLETION	111
CANDIDATE_P1MCPUFP__CPUFP500K_0228__00771_9e6y_s3047_3111afc665bb	132	candidate	P1MCPUFP__CPUFP500K_0228__00771		CANDIDATE_UNKNOWN	9e6y	3047	2c8d2fbe98ceb3bb43198687920c056f9e1fe271a94d8dee6467e1e3197c317f	26-33	51-58	97-112	27,28,29,30,35,36,37,38,56,57,58,59,62,63,64,65,105,106,107,108,109,110,111,112,113,114,115,116,117	inputs/candidate_monomers/P1MCPUFP__CPUFP500K_0228__00771.pdb	frozen_nbb2_archive_extract	H	a55f0e3ba5e67adf6a0a17d77c13dfcec45753197244a3be0eda021aa78bd962	inputs/normalized/9e6y_pvrig_receptor.pdb	T	L	A	UniProt_Q6DKI7	036faa08876ef5dc8e4331507bf042bf828faae3f3cf5a5fd358a89d5fb215da	4c76f09ba6c24bc9c82a9a97a8fa1f279c4d5ce2a6d051dbf284751701c25880	8c55751f66ac2930ce115a9419321a2b2bed220b61af2e1671f7ac6e6a2e33b3	8c55751f66ac2930ce115a9419321a2b2bed220b61af2e1671f7ac6e6a2e33b3	3111afc665bb546ef3345dd019894e13b27f4dc7fed984a630ebfb1d3f52390c	"{""cfg_hash"":""036faa08876ef5dc8e4331507bf042bf828faae3f3cf5a5fd358a89d5fb215da"",""conformation"":""9e6y"",""entity_id"":""P1MCPUFP__CPUFP500K_0228__00771"",""entity_type"":""candidate"",""monomer_sha256"":""a55f0e3ba5e67adf6a0a17d77c13dfcec45753197244a3be0eda021aa78bd962"",""protocol_core_sha256"":""8c55751f66ac2930ce115a9419321a2b2bed220b61af2e1671f7ac6e6a2e33b3"",""restraint_hash"":""4c76f09ba6c24bc9c82a9a97a8fa1f279c4d5ce2a6d051dbf284751701c25880"",""seed"":3047,""sequence_sha256"":""2c8d2fbe98ceb3bb43198687920c056f9e1fe271a94d8dee6467e1e3197c317f""}"	303	TOP200_COMMON4_SEED_COMPLETION	111
CANDIDATE_P1MCPUFP__CPUFP500K_0313__00128_8x6b_s42_676681852b07	133	candidate	P1MCPUFP__CPUFP500K_0313__00128		CANDIDATE_UNKNOWN	8x6b	42	be6208de315567a1ff6e0def62b3224c66e05449ae8e364185a9cb7cf972767a	26-33	51-57	96-110	27,28,29,30,35,36,37,38,56,57,58,59,63,64,65,105,106,107,108,109,110,111,112,113,114,115,116,117	inputs/candidate_monomers/P1MCPUFP__CPUFP500K_0313__00128.pdb	frozen_nbb2_archive_extract	H	88f42610ac7ccb4387a1706284ae6a2de32e11aec0302bac40842a4cac24b08f	inputs/normalized/8x6b_pvrig_receptor.pdb	T	L	A	UniProt_Q6DKI7	6e3411303a8196b0e07523e8d66724b2c6a9380dca7a347caa47b5632620a2a8	e8c303eefaa8bed003ef374d715e23ed0aa11530cee0b01fd9a9ca7ab3c97778	8c55751f66ac2930ce115a9419321a2b2bed220b61af2e1671f7ac6e6a2e33b3	8c55751f66ac2930ce115a9419321a2b2bed220b61af2e1671f7ac6e6a2e33b3	676681852b0700c21f542dc5aa18efeb54f3658bc4fc40ea66f13d6ddf27eec1	"{""cfg_hash"":""6e3411303a8196b0e07523e8d66724b2c6a9380dca7a347caa47b5632620a2a8"",""conformation"":""8x6b"",""entity_id"":""P1MCPUFP__CPUFP500K_0313__00128"",""entity_type"":""candidate"",""monomer_sha256"":""88f42610ac7ccb4387a1706284ae6a2de32e11aec0302bac40842a4cac24b08f"",""protocol_core_sha256"":""8c55751f66ac2930ce115a9419321a2b2bed220b61af2e1671f7ac6e6a2e33b3"",""restraint_hash"":""e8c303eefaa8bed003ef374d715e23ed0aa11530cee0b01fd9a9ca7ab3c97778"",""seed"":42,""sequence_sha256"":""be6208de315567a1ff6e0def62b3224c66e05449ae8e364185a9cb7cf972767a""}"	2198	TOP200_COMMON4_SEED_COMPLETION	121
CANDIDATE_P1MCPUFP__CPUFP500K_0313__00128_9e6y_s42_528aee54129e	134	candidate	P1MCPUFP__CPUFP500K_0313__00128		CANDIDATE_UNKNOWN	9e6y	42	be6208de315567a1ff6e0def62b3224c66e05449ae8e364185a9cb7cf972767a	26-33	51-57	96-110	27,28,29,30,35,36,37,38,56,57,58,59,63,64,65,105,106,107,108,109,110,111,112,113,114,115,116,117	inputs/candidate_monomers/P1MCPUFP__CPUFP500K_0313__00128.pdb	frozen_nbb2_archive_extract	H	88f42610ac7ccb4387a1706284ae6a2de32e11aec0302bac40842a4cac24b08f	inputs/normalized/9e6y_pvrig_receptor.pdb	T	L	A	UniProt_Q6DKI7	7b597e4976340689606e650f7a864d1c028938e4a1d0c4201b7092f53302813a	e8c303eefaa8bed003ef374d715e23ed0aa11530cee0b01fd9a9ca7ab3c97778	8c55751f66ac2930ce115a9419321a2b2bed220b61af2e1671f7ac6e6a2e33b3	8c55751f66ac2930ce115a9419321a2b2bed220b61af2e1671f7ac6e6a2e33b3	528aee54129e5782e6cb134fa7d69b51bd0c834fa940269fad7bd4e79f827fef	"{""cfg_hash"":""7b597e4976340689606e650f7a864d1c028938e4a1d0c4201b7092f53302813a"",""conformation"":""9e6y"",""entity_id"":""P1MCPUFP__CPUFP500K_0313__00128"",""entity_type"":""candidate"",""monomer_sha256"":""88f42610ac7ccb4387a1706284ae6a2de32e11aec0302bac40842a4cac24b08f"",""protocol_core_sha256"":""8c55751f66ac2930ce115a9419321a2b2bed220b61af2e1671f7ac6e6a2e33b3"",""restraint_hash"":""e8c303eefaa8bed003ef374d715e23ed0aa11530cee0b01fd9a9ca7ab3c97778"",""seed"":42,""sequence_sha256"":""be6208de315567a1ff6e0def62b3224c66e05449ae8e364185a9cb7cf972767a""}"	2198	TOP200_COMMON4_SEED_COMPLETION	121
CANDIDATE_P1MCPUFP__CPUFP500K_0313__00128_8x6b_s3047_36ee6c1f6f43	135	candidate	P1MCPUFP__CPUFP500K_0313__00128		CANDIDATE_UNKNOWN	8x6b	3047	be6208de315567a1ff6e0def62b3224c66e05449ae8e364185a9cb7cf972767a	26-33	51-57	96-110	27,28,29,30,35,36,37,38,56,57,58,59,63,64,65,105,106,107,108,109,110,111,112,113,114,115,116,117	inputs/candidate_monomers/P1MCPUFP__CPUFP500K_0313__00128.pdb	frozen_nbb2_archive_extract	H	88f42610ac7ccb4387a1706284ae6a2de32e11aec0302bac40842a4cac24b08f	inputs/normalized/8x6b_pvrig_receptor.pdb	T	L	A	UniProt_Q6DKI7	21918201f2d7d8fd86e7fbe3003003c516ebb4de914b20d6f1f82a78554f6225	e8c303eefaa8bed003ef374d715e23ed0aa11530cee0b01fd9a9ca7ab3c97778	8c55751f66ac2930ce115a9419321a2b2bed220b61af2e1671f7ac6e6a2e33b3	8c55751f66ac2930ce115a9419321a2b2bed220b61af2e1671f7ac6e6a2e33b3	36ee6c1f6f4339d931dbb120189e05bc27692c7bf4833f2875d7c381e5f070b8	"{""cfg_hash"":""21918201f2d7d8fd86e7fbe3003003c516ebb4de914b20d6f1f82a78554f6225"",""conformation"":""8x6b"",""entity_id"":""P1MCPUFP__CPUFP500K_0313__00128"",""entity_type"":""candidate"",""monomer_sha256"":""88f42610ac7ccb4387a1706284ae6a2de32e11aec0302bac40842a4cac24b08f"",""protocol_core_sha256"":""8c55751f66ac2930ce115a9419321a2b2bed220b61af2e1671f7ac6e6a2e33b3"",""restraint_hash"":""e8c303eefaa8bed003ef374d715e23ed0aa11530cee0b01fd9a9ca7ab3c97778"",""seed"":3047,""sequence_sha256"":""be6208de315567a1ff6e0def62b3224c66e05449ae8e364185a9cb7cf972767a""}"	2198	TOP200_COMMON4_SEED_COMPLETION	121
CANDIDATE_P1MCPUFP__CPUFP500K_0313__00128_9e6y_s3047_0deb73291288	136	candidate	P1MCPUFP__CPUFP500K_0313__00128		CANDIDATE_UNKNOWN	9e6y	3047	be6208de315567a1ff6e0def62b3224c66e05449ae8e364185a9cb7cf972767a	26-33	51-57	96-110	27,28,29,30,35,36,37,38,56,57,58,59,63,64,65,105,106,107,108,109,110,111,112,113,114,115,116,117	inputs/candidate_monomers/P1MCPUFP__CPUFP500K_0313__00128.pdb	frozen_nbb2_archive_extract	H	88f42610ac7ccb4387a1706284ae6a2de32e11aec0302bac40842a4cac24b08f	inputs/normalized/9e6y_pvrig_receptor.pdb	T	L	A	UniProt_Q6DKI7	036faa08876ef5dc8e4331507bf042bf828faae3f3cf5a5fd358a89d5fb215da	e8c303eefaa8bed003ef374d715e23ed0aa11530cee0b01fd9a9ca7ab3c97778	8c55751f66ac2930ce115a9419321a2b2bed220b61af2e1671f7ac6e6a2e33b3	8c55751f66ac2930ce115a9419321a2b2bed220b61af2e1671f7ac6e6a2e33b3	0deb73291288bb8554e1547adce8a4ed1dda222f977d93b6c48c5e93b36d48e1	"{""cfg_hash"":""036faa08876ef5dc8e4331507bf042bf828faae3f3cf5a5fd358a89d5fb215da"",""conformation"":""9e6y"",""entity_id"":""P1MCPUFP__CPUFP500K_0313__00128"",""entity_type"":""candidate"",""monomer_sha256"":""88f42610ac7ccb4387a1706284ae6a2de32e11aec0302bac40842a4cac24b08f"",""protocol_core_sha256"":""8c55751f66ac2930ce115a9419321a2b2bed220b61af2e1671f7ac6e6a2e33b3"",""restraint_hash"":""e8c303eefaa8bed003ef374d715e23ed0aa11530cee0b01fd9a9ca7ab3c97778"",""seed"":3047,""sequence_sha256"":""be6208de315567a1ff6e0def62b3224c66e05449ae8e364185a9cb7cf972767a""}"	2198	TOP200_COMMON4_SEED_COMPLETION	121
CANDIDATE_P1MCPUFP__CPUFP500K_0150__00396_8x6b_s42_5ee2f65dc801	137	candidate	P1MCPUFP__CPUFP500K_0150__00396		CANDIDATE_UNKNOWN	8x6b	42	8a30ab4ea4bf8f6c8037dc06b7c1dd842b39754c1900c8a4c9245979e574d11e	26-33	51-57	96-110	27,28,29,30,35,36,37,38,56,57,58,59,63,64,65,105,106,107,108,109,110,111,112,113,114,115,116,117	inputs/candidate_monomers/P1MCPUFP__CPUFP500K_0150__00396.pdb	frozen_nbb2_archive_extract	H	f25f767ff441bcee222235b579feb2806851e0eb45fceb486b99f74dc04393d6	inputs/normalized/8x6b_pvrig_receptor.pdb	T	L	A	UniProt_Q6DKI7	6e3411303a8196b0e07523e8d66724b2c6a9380dca7a347caa47b5632620a2a8	e8c303eefaa8bed003ef374d715e23ed0aa11530cee0b01fd9a9ca7ab3c97778	8c55751f66ac2930ce115a9419321a2b2bed220b61af2e1671f7ac6e6a2e33b3	8c55751f66ac2930ce115a9419321a2b2bed220b61af2e1671f7ac6e6a2e33b3	5ee2f65dc80126783123e3756736487ddefcf1bb252b543172f2ad232beb4da4	"{""cfg_hash"":""6e3411303a8196b0e07523e8d66724b2c6a9380dca7a347caa47b5632620a2a8"",""conformation"":""8x6b"",""entity_id"":""P1MCPUFP__CPUFP500K_0150__00396"",""entity_type"":""candidate"",""monomer_sha256"":""f25f767ff441bcee222235b579feb2806851e0eb45fceb486b99f74dc04393d6"",""protocol_core_sha256"":""8c55751f66ac2930ce115a9419321a2b2bed220b61af2e1671f7ac6e6a2e33b3"",""restraint_hash"":""e8c303eefaa8bed003ef374d715e23ed0aa11530cee0b01fd9a9ca7ab3c97778"",""seed"":42,""sequence_sha256"":""8a30ab4ea4bf8f6c8037dc06b7c1dd842b39754c1900c8a4c9245979e574d11e""}"	4867	TOP200_COMMON4_SEED_COMPLETION	122
CANDIDATE_P1MCPUFP__CPUFP500K_0150__00396_9e6y_s42_6d1e95b3d193	138	candidate	P1MCPUFP__CPUFP500K_0150__00396		CANDIDATE_UNKNOWN	9e6y	42	8a30ab4ea4bf8f6c8037dc06b7c1dd842b39754c1900c8a4c9245979e574d11e	26-33	51-57	96-110	27,28,29,30,35,36,37,38,56,57,58,59,63,64,65,105,106,107,108,109,110,111,112,113,114,115,116,117	inputs/candidate_monomers/P1MCPUFP__CPUFP500K_0150__00396.pdb	frozen_nbb2_archive_extract	H	f25f767ff441bcee222235b579feb2806851e0eb45fceb486b99f74dc04393d6	inputs/normalized/9e6y_pvrig_receptor.pdb	T	L	A	UniProt_Q6DKI7	7b597e4976340689606e650f7a864d1c028938e4a1d0c4201b7092f53302813a	e8c303eefaa8bed003ef374d715e23ed0aa11530cee0b01fd9a9ca7ab3c97778	8c55751f66ac2930ce115a9419321a2b2bed220b61af2e1671f7ac6e6a2e33b3	8c55751f66ac2930ce115a9419321a2b2bed220b61af2e1671f7ac6e6a2e33b3	6d1e95b3d193033f4af7732e7c91321c4f48ae21c34048554a053dabc2b14963	"{""cfg_hash"":""7b597e4976340689606e650f7a864d1c028938e4a1d0c4201b7092f53302813a"",""conformation"":""9e6y"",""entity_id"":""P1MCPUFP__CPUFP500K_0150__00396"",""entity_type"":""candidate"",""monomer_sha256"":""f25f767ff441bcee222235b579feb2806851e0eb45fceb486b99f74dc04393d6"",""protocol_core_sha256"":""8c55751f66ac2930ce115a9419321a2b2bed220b61af2e1671f7ac6e6a2e33b3"",""restraint_hash"":""e8c303eefaa8bed003ef374d715e23ed0aa11530cee0b01fd9a9ca7ab3c97778"",""seed"":42,""sequence_sha256"":""8a30ab4ea4bf8f6c8037dc06b7c1dd842b39754c1900c8a4c9245979e574d11e""}"	4867	TOP200_COMMON4_SEED_COMPLETION	122
CANDIDATE_P1MCPUFP__CPUFP500K_0150__00396_8x6b_s3047_b3c1684e8ccd	139	candidate	P1MCPUFP__CPUFP500K_0150__00396		CANDIDATE_UNKNOWN	8x6b	3047	8a30ab4ea4bf8f6c8037dc06b7c1dd842b39754c1900c8a4c9245979e574d11e	26-33	51-57	96-110	27,28,29,30,35,36,37,38,56,57,58,59,63,64,65,105,106,107,108,109,110,111,112,113,114,115,116,117	inputs/candidate_monomers/P1MCPUFP__CPUFP500K_0150__00396.pdb	frozen_nbb2_archive_extract	H	f25f767ff441bcee222235b579feb2806851e0eb45fceb486b99f74dc04393d6	inputs/normalized/8x6b_pvrig_receptor.pdb	T	L	A	UniProt_Q6DKI7	21918201f2d7d8fd86e7fbe3003003c516ebb4de914b20d6f1f82a78554f6225	e8c303eefaa8bed003ef374d715e23ed0aa11530cee0b01fd9a9ca7ab3c97778	8c55751f66ac2930ce115a9419321a2b2bed220b61af2e1671f7ac6e6a2e33b3	8c55751f66ac2930ce115a9419321a2b2bed220b61af2e1671f7ac6e6a2e33b3	b3c1684e8ccd4d1d730d9ab090f706145732c00822859081ea83db11281a2a5b	"{""cfg_hash"":""21918201f2d7d8fd86e7fbe3003003c516ebb4de914b20d6f1f82a78554f6225"",""conformation"":""8x6b"",""entity_id"":""P1MCPUFP__CPUFP500K_0150__00396"",""entity_type"":""candidate"",""monomer_sha256"":""f25f767ff441bcee222235b579feb2806851e0eb45fceb486b99f74dc04393d6"",""protocol_core_sha256"":""8c55751f66ac2930ce115a9419321a2b2bed220b61af2e1671f7ac6e6a2e33b3"",""restraint_hash"":""e8c303eefaa8bed003ef374d715e23ed0aa11530cee0b01fd9a9ca7ab3c97778"",""seed"":3047,""sequence_sha256"":""8a30ab4ea4bf8f6c8037dc06b7c1dd842b39754c1900c8a4c9245979e574d11e""}"	4867	TOP200_COMMON4_SEED_COMPLETION	122
CANDIDATE_P1MCPUFP__CPUFP500K_0150__00396_9e6y_s3047_127e80ea3ffa	140	candidate	P1MCPUFP__CPUFP500K_0150__00396		CANDIDATE_UNKNOWN	9e6y	3047	8a30ab4ea4bf8f6c8037dc06b7c1dd842b39754c1900c8a4c9245979e574d11e	26-33	51-57	96-110	27,28,29,30,35,36,37,38,56,57,58,59,63,64,65,105,106,107,108,109,110,111,112,113,114,115,116,117	inputs/candidate_monomers/P1MCPUFP__CPUFP500K_0150__00396.pdb	frozen_nbb2_archive_extract	H	f25f767ff441bcee222235b579feb2806851e0eb45fceb486b99f74dc04393d6	inputs/normalized/9e6y_pvrig_receptor.pdb	T	L	A	UniProt_Q6DKI7	036faa08876ef5dc8e4331507bf042bf828faae3f3cf5a5fd358a89d5fb215da	e8c303eefaa8bed003ef374d715e23ed0aa11530cee0b01fd9a9ca7ab3c97778	8c55751f66ac2930ce115a9419321a2b2bed220b61af2e1671f7ac6e6a2e33b3	8c55751f66ac2930ce115a9419321a2b2bed220b61af2e1671f7ac6e6a2e33b3	127e80ea3ffad790240d3cfbe736afb611ca8e480888b9414afec84b3f663308	"{""cfg_hash"":""036faa08876ef5dc8e4331507bf042bf828faae3f3cf5a5fd358a89d5fb215da"",""conformation"":""9e6y"",""entity_id"":""P1MCPUFP__CPUFP500K_0150__00396"",""entity_type"":""candidate"",""monomer_sha256"":""f25f767ff441bcee222235b579feb2806851e0eb45fceb486b99f74dc04393d6"",""protocol_core_sha256"":""8c55751f66ac2930ce115a9419321a2b2bed220b61af2e1671f7ac6e6a2e33b3"",""restraint_hash"":""e8c303eefaa8bed003ef374d715e23ed0aa11530cee0b01fd9a9ca7ab3c97778"",""seed"":3047,""sequence_sha256"":""8a30ab4ea4bf8f6c8037dc06b7c1dd842b39754c1900c8a4c9245979e574d11e""}"	4867	TOP200_COMMON4_SEED_COMPLETION	122
CANDIDATE_P1MCPUFP__CPUFP500K_0214__00068_8x6b_s42_9f030efb0c43	141	candidate	P1MCPUFP__CPUFP500K_0214__00068		CANDIDATE_UNKNOWN	8x6b	42	b493d8133e4e8c7221e4c5602b7f9fdf7d679f1993390ad5d6f0359c562225cb	26-33	51-57	96-110	27,28,29,30,35,36,37,38,56,57,58,59,63,64,65,105,106,107,108,109,110,111,112,113,114,115,116,117	inputs/candidate_monomers/P1MCPUFP__CPUFP500K_0214__00068.pdb	frozen_nbb2_archive_extract	H	9a54e12f977248946ed447b4f206f34c73a135e3b706a72d24e05cdd5ddd5919	inputs/normalized/8x6b_pvrig_receptor.pdb	T	L	A	UniProt_Q6DKI7	6e3411303a8196b0e07523e8d66724b2c6a9380dca7a347caa47b5632620a2a8	e8c303eefaa8bed003ef374d715e23ed0aa11530cee0b01fd9a9ca7ab3c97778	8c55751f66ac2930ce115a9419321a2b2bed220b61af2e1671f7ac6e6a2e33b3	8c55751f66ac2930ce115a9419321a2b2bed220b61af2e1671f7ac6e6a2e33b3	9f030efb0c436b3b84cd45a16053665b6a920eec905ab07ac8770790fa30a2c2	"{""cfg_hash"":""6e3411303a8196b0e07523e8d66724b2c6a9380dca7a347caa47b5632620a2a8"",""conformation"":""8x6b"",""entity_id"":""P1MCPUFP__CPUFP500K_0214__00068"",""entity_type"":""candidate"",""monomer_sha256"":""9a54e12f977248946ed447b4f206f34c73a135e3b706a72d24e05cdd5ddd5919"",""protocol_core_sha256"":""8c55751f66ac2930ce115a9419321a2b2bed220b61af2e1671f7ac6e6a2e33b3"",""restraint_hash"":""e8c303eefaa8bed003ef374d715e23ed0aa11530cee0b01fd9a9ca7ab3c97778"",""seed"":42,""sequence_sha256"":""b493d8133e4e8c7221e4c5602b7f9fdf7d679f1993390ad5d6f0359c562225cb""}"	3488	TOP200_COMMON4_SEED_COMPLETION	123
CANDIDATE_P1MCPUFP__CPUFP500K_0214__00068_9e6y_s42_da6b6e2ac9bf	142	candidate	P1MCPUFP__CPUFP500K_0214__00068		CANDIDATE_UNKNOWN	9e6y	42	b493d8133e4e8c7221e4c5602b7f9fdf7d679f1993390ad5d6f0359c562225cb	26-33	51-57	96-110	27,28,29,30,35,36,37,38,56,57,58,59,63,64,65,105,106,107,108,109,110,111,112,113,114,115,116,117	inputs/candidate_monomers/P1MCPUFP__CPUFP500K_0214__00068.pdb	frozen_nbb2_archive_extract	H	9a54e12f977248946ed447b4f206f34c73a135e3b706a72d24e05cdd5ddd5919	inputs/normalized/9e6y_pvrig_receptor.pdb	T	L	A	UniProt_Q6DKI7	7b597e4976340689606e650f7a864d1c028938e4a1d0c4201b7092f53302813a	e8c303eefaa8bed003ef374d715e23ed0aa11530cee0b01fd9a9ca7ab3c97778	8c55751f66ac2930ce115a9419321a2b2bed220b61af2e1671f7ac6e6a2e33b3	8c55751f66ac2930ce115a9419321a2b2bed220b61af2e1671f7ac6e6a2e33b3	da6b6e2ac9bff2c069260f78b612489b9e54d92e1b96797eb9d00577d9864548	"{""cfg_hash"":""7b597e4976340689606e650f7a864d1c028938e4a1d0c4201b7092f53302813a"",""conformation"":""9e6y"",""entity_id"":""P1MCPUFP__CPUFP500K_0214__00068"",""entity_type"":""candidate"",""monomer_sha256"":""9a54e12f977248946ed447b4f206f34c73a135e3b706a72d24e05cdd5ddd5919"",""protocol_core_sha256"":""8c55751f66ac2930ce115a9419321a2b2bed220b61af2e1671f7ac6e6a2e33b3"",""restraint_hash"":""e8c303eefaa8bed003ef374d715e23ed0aa11530cee0b01fd9a9ca7ab3c97778"",""seed"":42,""sequence_sha256"":""b493d8133e4e8c7221e4c5602b7f9fdf7d679f1993390ad5d6f0359c562225cb""}"	3488	TOP200_COMMON4_SEED_COMPLETION	123
CANDIDATE_P1MCPUFP__CPUFP500K_0214__00068_8x6b_s3047_db397570a9e2	143	candidate	P1MCPUFP__CPUFP500K_0214__00068		CANDIDATE_UNKNOWN	8x6b	3047	b493d8133e4e8c7221e4c5602b7f9fdf7d679f1993390ad5d6f0359c562225cb	26-33	51-57	96-110	27,28,29,30,35,36,37,38,56,57,58,59,63,64,65,105,106,107,108,109,110,111,112,113,114,115,116,117	inputs/candidate_monomers/P1MCPUFP__CPUFP500K_0214__00068.pdb	frozen_nbb2_archive_extract	H	9a54e12f977248946ed447b4f206f34c73a135e3b706a72d24e05cdd5ddd5919	inputs/normalized/8x6b_pvrig_receptor.pdb	T	L	A	UniProt_Q6DKI7	21918201f2d7d8fd86e7fbe3003003c516ebb4de914b20d6f1f82a78554f6225	e8c303eefaa8bed003ef374d715e23ed0aa11530cee0b01fd9a9ca7ab3c97778	8c55751f66ac2930ce115a9419321a2b2bed220b61af2e1671f7ac6e6a2e33b3	8c55751f66ac2930ce115a9419321a2b2bed220b61af2e1671f7ac6e6a2e33b3	db397570a9e2d9059266872df2e0e61d796101582ea8f508caa90d5d22372ccc	"{""cfg_hash"":""21918201f2d7d8fd86e7fbe3003003c516ebb4de914b20d6f1f82a78554f6225"",""conformation"":""8x6b"",""entity_id"":""P1MCPUFP__CPUFP500K_0214__00068"",""entity_type"":""candidate"",""monomer_sha256"":""9a54e12f977248946ed447b4f206f34c73a135e3b706a72d24e05cdd5ddd5919"",""protocol_core_sha256"":""8c55751f66ac2930ce115a9419321a2b2bed220b61af2e1671f7ac6e6a2e33b3"",""restraint_hash"":""e8c303eefaa8bed003ef374d715e23ed0aa11530cee0b01fd9a9ca7ab3c97778"",""seed"":3047,""sequence_sha256"":""b493d8133e4e8c7221e4c5602b7f9fdf7d679f1993390ad5d6f0359c562225cb""}"	3488	TOP200_COMMON4_SEED_COMPLETION	123
CANDIDATE_P1MCPUFP__CPUFP500K_0214__00068_9e6y_s3047_eaa39f198b0b	144	candidate	P1MCPUFP__CPUFP500K_0214__00068		CANDIDATE_UNKNOWN	9e6y	3047	b493d8133e4e8c7221e4c5602b7f9fdf7d679f1993390ad5d6f0359c562225cb	26-33	51-57	96-110	27,28,29,30,35,36,37,38,56,57,58,59,63,64,65,105,106,107,108,109,110,111,112,113,114,115,116,117	inputs/candidate_monomers/P1MCPUFP__CPUFP500K_0214__00068.pdb	frozen_nbb2_archive_extract	H	9a54e12f977248946ed447b4f206f34c73a135e3b706a72d24e05cdd5ddd5919	inputs/normalized/9e6y_pvrig_receptor.pdb	T	L	A	UniProt_Q6DKI7	036faa08876ef5dc8e4331507bf042bf828faae3f3cf5a5fd358a89d5fb215da	e8c303eefaa8bed003ef374d715e23ed0aa11530cee0b01fd9a9ca7ab3c97778	8c55751f66ac2930ce115a9419321a2b2bed220b61af2e1671f7ac6e6a2e33b3	8c55751f66ac2930ce115a9419321a2b2bed220b61af2e1671f7ac6e6a2e33b3	eaa39f198b0b6d81cf77d482c0d7b4a3dd54f3570a3515f4c89c802fc9f5798c	"{""cfg_hash"":""036faa08876ef5dc8e4331507bf042bf828faae3f3cf5a5fd358a89d5fb215da"",""conformation"":""9e6y"",""entity_id"":""P1MCPUFP__CPUFP500K_0214__00068"",""entity_type"":""candidate"",""monomer_sha256"":""9a54e12f977248946ed447b4f206f34c73a135e3b706a72d24e05cdd5ddd5919"",""protocol_core_sha256"":""8c55751f66ac2930ce115a9419321a2b2bed220b61af2e1671f7ac6e6a2e33b3"",""restraint_hash"":""e8c303eefaa8bed003ef374d715e23ed0aa11530cee0b01fd9a9ca7ab3c97778"",""seed"":3047,""sequence_sha256"":""b493d8133e4e8c7221e4c5602b7f9fdf7d679f1993390ad5d6f0359c562225cb""}"	3488	TOP200_COMMON4_SEED_COMPLETION	123
CANDIDATE_P1MCPUFP__CPUFP500K_0313__00490_8x6b_s42_6e0e0059fad9	145	candidate	P1MCPUFP__CPUFP500K_0313__00490		CANDIDATE_UNKNOWN	8x6b	42	8290aa34074ceed9ffa7ad01b8a3539481623ce6a0e7171d5ac7ca96e2b6be14	26-33	51-57	96-110	27,28,29,30,35,36,37,38,56,57,58,59,63,64,65,105,106,107,108,109,110,111,112,113,114,115,116,117	inputs/candidate_monomers/P1MCPUFP__CPUFP500K_0313__00490.pdb	frozen_nbb2_archive_extract	H	d60136753c9734f6cf36add5dd4b1e181913e2c383a584740a86e2d9f9329d97	inputs/normalized/8x6b_pvrig_receptor.pdb	T	L	A	UniProt_Q6DKI7	6e3411303a8196b0e07523e8d66724b2c6a9380dca7a347caa47b5632620a2a8	e8c303eefaa8bed003ef374d715e23ed0aa11530cee0b01fd9a9ca7ab3c97778	8c55751f66ac2930ce115a9419321a2b2bed220b61af2e1671f7ac6e6a2e33b3	8c55751f66ac2930ce115a9419321a2b2bed220b61af2e1671f7ac6e6a2e33b3	6e0e0059fad9a107da383990b45976d4d4e67c6852d7676160f5085add360c4e	"{""cfg_hash"":""6e3411303a8196b0e07523e8d66724b2c6a9380dca7a347caa47b5632620a2a8"",""conformation"":""8x6b"",""entity_id"":""P1MCPUFP__CPUFP500K_0313__00490"",""entity_type"":""candidate"",""monomer_sha256"":""d60136753c9734f6cf36add5dd4b1e181913e2c383a584740a86e2d9f9329d97"",""protocol_core_sha256"":""8c55751f66ac2930ce115a9419321a2b2bed220b61af2e1671f7ac6e6a2e33b3"",""restraint_hash"":""e8c303eefaa8bed003ef374d715e23ed0aa11530cee0b01fd9a9ca7ab3c97778"",""seed"":42,""sequence_sha256"":""8290aa34074ceed9ffa7ad01b8a3539481623ce6a0e7171d5ac7ca96e2b6be14""}"	5358	TOP200_COMMON4_SEED_COMPLETION	124
CANDIDATE_P1MCPUFP__CPUFP500K_0313__00490_9e6y_s42_f9902ed35ec1	146	candidate	P1MCPUFP__CPUFP500K_0313__00490		CANDIDATE_UNKNOWN	9e6y	42	8290aa34074ceed9ffa7ad01b8a3539481623ce6a0e7171d5ac7ca96e2b6be14	26-33	51-57	96-110	27,28,29,30,35,36,37,38,56,57,58,59,63,64,65,105,106,107,108,109,110,111,112,113,114,115,116,117	inputs/candidate_monomers/P1MCPUFP__CPUFP500K_0313__00490.pdb	frozen_nbb2_archive_extract	H	d60136753c9734f6cf36add5dd4b1e181913e2c383a584740a86e2d9f9329d97	inputs/normalized/9e6y_pvrig_receptor.pdb	T	L	A	UniProt_Q6DKI7	7b597e4976340689606e650f7a864d1c028938e4a1d0c4201b7092f53302813a	e8c303eefaa8bed003ef374d715e23ed0aa11530cee0b01fd9a9ca7ab3c97778	8c55751f66ac2930ce115a9419321a2b2bed220b61af2e1671f7ac6e6a2e33b3	8c55751f66ac2930ce115a9419321a2b2bed220b61af2e1671f7ac6e6a2e33b3	f9902ed35ec17ee41cdf9e5c391f403115d1d896ab31b58e3d36d082b9ceb915	"{""cfg_hash"":""7b597e4976340689606e650f7a864d1c028938e4a1d0c4201b7092f53302813a"",""conformation"":""9e6y"",""entity_id"":""P1MCPUFP__CPUFP500K_0313__00490"",""entity_type"":""candidate"",""monomer_sha256"":""d60136753c9734f6cf36add5dd4b1e181913e2c383a584740a86e2d9f9329d97"",""protocol_core_sha256"":""8c55751f66ac2930ce115a9419321a2b2bed220b61af2e1671f7ac6e6a2e33b3"",""restraint_hash"":""e8c303eefaa8bed003ef374d715e23ed0aa11530cee0b01fd9a9ca7ab3c97778"",""seed"":42,""sequence_sha256"":""8290aa34074ceed9ffa7ad01b8a3539481623ce6a0e7171d5ac7ca96e2b6be14""}"	5358	TOP200_COMMON4_SEED_COMPLETION	124
CANDIDATE_P1MCPUFP__CPUFP500K_0313__00490_8x6b_s3047_a66b385503dc	147	candidate	P1MCPUFP__CPUFP500K_0313__00490		CANDIDATE_UNKNOWN	8x6b	3047	8290aa34074ceed9ffa7ad01b8a3539481623ce6a0e7171d5ac7ca96e2b6be14	26-33	51-57	96-110	27,28,29,30,35,36,37,38,56,57,58,59,63,64,65,105,106,107,108,109,110,111,112,113,114,115,116,117	inputs/candidate_monomers/P1MCPUFP__CPUFP500K_0313__00490.pdb	frozen_nbb2_archive_extract	H	d60136753c9734f6cf36add5dd4b1e181913e2c383a584740a86e2d9f9329d97	inputs/normalized/8x6b_pvrig_receptor.pdb	T	L	A	UniProt_Q6DKI7	21918201f2d7d8fd86e7fbe3003003c516ebb4de914b20d6f1f82a78554f6225	e8c303eefaa8bed003ef374d715e23ed0aa11530cee0b01fd9a9ca7ab3c97778	8c55751f66ac2930ce115a9419321a2b2bed220b61af2e1671f7ac6e6a2e33b3	8c55751f66ac2930ce115a9419321a2b2bed220b61af2e1671f7ac6e6a2e33b3	a66b385503dcb97802922b42c0bf677770821c276bf50874fc3b89e25cd39458	"{""cfg_hash"":""21918201f2d7d8fd86e7fbe3003003c516ebb4de914b20d6f1f82a78554f6225"",""conformation"":""8x6b"",""entity_id"":""P1MCPUFP__CPUFP500K_0313__00490"",""entity_type"":""candidate"",""monomer_sha256"":""d60136753c9734f6cf36add5dd4b1e181913e2c383a584740a86e2d9f9329d97"",""protocol_core_sha256"":""8c55751f66ac2930ce115a9419321a2b2bed220b61af2e1671f7ac6e6a2e33b3"",""restraint_hash"":""e8c303eefaa8bed003ef374d715e23ed0aa11530cee0b01fd9a9ca7ab3c97778"",""seed"":3047,""sequence_sha256"":""8290aa34074ceed9ffa7ad01b8a3539481623ce6a0e7171d5ac7ca96e2b6be14""}"	5358	TOP200_COMMON4_SEED_COMPLETION	124
CANDIDATE_P1MCPUFP__CPUFP500K_0313__00490_9e6y_s3047_ea28ca475896	148	candidate	P1MCPUFP__CPUFP500K_0313__00490		CANDIDATE_UNKNOWN	9e6y	3047	8290aa34074ceed9ffa7ad01b8a3539481623ce6a0e7171d5ac7ca96e2b6be14	26-33	51-57	96-110	27,28,29,30,35,36,37,38,56,57,58,59,63,64,65,105,106,107,108,109,110,111,112,113,114,115,116,117	inputs/candidate_monomers/P1MCPUFP__CPUFP500K_0313__00490.pdb	frozen_nbb2_archive_extract	H	d60136753c9734f6cf36add5dd4b1e181913e2c383a584740a86e2d9f9329d97	inputs/normalized/9e6y_pvrig_receptor.pdb	T	L	A	UniProt_Q6DKI7	036faa08876ef5dc8e4331507bf042bf828faae3f3cf5a5fd358a89d5fb215da	e8c303eefaa8bed003ef374d715e23ed0aa11530cee0b01fd9a9ca7ab3c97778	8c55751f66ac2930ce115a9419321a2b2bed220b61af2e1671f7ac6e6a2e33b3	8c55751f66ac2930ce115a9419321a2b2bed220b61af2e1671f7ac6e6a2e33b3	ea28ca4758963aec338dff4f1dff49f245f8ab7caefd4ef394ae533b30c3d543	"{""cfg_hash"":""036faa08876ef5dc8e4331507bf042bf828faae3f3cf5a5fd358a89d5fb215da"",""conformation"":""9e6y"",""entity_id"":""P1MCPUFP__CPUFP500K_0313__00490"",""entity_type"":""candidate"",""monomer_sha256"":""d60136753c9734f6cf36add5dd4b1e181913e2c383a584740a86e2d9f9329d97"",""protocol_core_sha256"":""8c55751f66ac2930ce115a9419321a2b2bed220b61af2e1671f7ac6e6a2e33b3"",""restraint_hash"":""e8c303eefaa8bed003ef374d715e23ed0aa11530cee0b01fd9a9ca7ab3c97778"",""seed"":3047,""sequence_sha256"":""8290aa34074ceed9ffa7ad01b8a3539481623ce6a0e7171d5ac7ca96e2b6be14""}"	5358	TOP200_COMMON4_SEED_COMPLETION	124
CANDIDATE_P1MCPUFP__CPUFP500K_0011__00725_8x6b_s42_586c1554175a	149	candidate	P1MCPUFP__CPUFP500K_0011__00725		CANDIDATE_UNKNOWN	8x6b	42	d6bde97e76bb1c54e0a54672e74b3024bea3ee242f41c771c416a1428d0b731a	26-33	51-57	96-110	27,28,29,30,35,36,37,38,56,57,58,59,63,64,65,105,106,107,108,109,110,111,112,113,114,115,116,117	inputs/candidate_monomers/P1MCPUFP__CPUFP500K_0011__00725.pdb	frozen_nbb2_archive_extract	H	1a292ed44b330573c8de9ab03be128128048bdf31f8f2fc36ad58ed3c3582b68	inputs/normalized/8x6b_pvrig_receptor.pdb	T	L	A	UniProt_Q6DKI7	6e3411303a8196b0e07523e8d66724b2c6a9380dca7a347caa47b5632620a2a8	e8c303eefaa8bed003ef374d715e23ed0aa11530cee0b01fd9a9ca7ab3c97778	8c55751f66ac2930ce115a9419321a2b2bed220b61af2e1671f7ac6e6a2e33b3	8c55751f66ac2930ce115a9419321a2b2bed220b61af2e1671f7ac6e6a2e33b3	586c1554175aaa9a37976f9cdcacd3b9a1323593b3ad03ce65b0de26e3d72d39	"{""cfg_hash"":""6e3411303a8196b0e07523e8d66724b2c6a9380dca7a347caa47b5632620a2a8"",""conformation"":""8x6b"",""entity_id"":""P1MCPUFP__CPUFP500K_0011__00725"",""entity_type"":""candidate"",""monomer_sha256"":""1a292ed44b330573c8de9ab03be128128048bdf31f8f2fc36ad58ed3c3582b68"",""protocol_core_sha256"":""8c55751f66ac2930ce115a9419321a2b2bed220b61af2e1671f7ac6e6a2e33b3"",""restraint_hash"":""e8c303eefaa8bed003ef374d715e23ed0aa11530cee0b01fd9a9ca7ab3c97778"",""seed"":42,""sequence_sha256"":""d6bde97e76bb1c54e0a54672e74b3024bea3ee242f41c771c416a1428d0b731a""}"	858	TOP200_COMMON4_SEED_COMPLETION	125
CANDIDATE_P1MCPUFP__CPUFP500K_0011__00725_9e6y_s42_cd9d3a1ef073	150	candidate	P1MCPUFP__CPUFP500K_0011__00725		CANDIDATE_UNKNOWN	9e6y	42	d6bde97e76bb1c54e0a54672e74b3024bea3ee242f41c771c416a1428d0b731a	26-33	51-57	96-110	27,28,29,30,35,36,37,38,56,57,58,59,63,64,65,105,106,107,108,109,110,111,112,113,114,115,116,117	inputs/candidate_monomers/P1MCPUFP__CPUFP500K_0011__00725.pdb	frozen_nbb2_archive_extract	H	1a292ed44b330573c8de9ab03be128128048bdf31f8f2fc36ad58ed3c3582b68	inputs/normalized/9e6y_pvrig_receptor.pdb	T	L	A	UniProt_Q6DKI7	7b597e4976340689606e650f7a864d1c028938e4a1d0c4201b7092f53302813a	e8c303eefaa8bed003ef374d715e23ed0aa11530cee0b01fd9a9ca7ab3c97778	8c55751f66ac2930ce115a9419321a2b2bed220b61af2e1671f7ac6e6a2e33b3	8c55751f66ac2930ce115a9419321a2b2bed220b61af2e1671f7ac6e6a2e33b3	cd9d3a1ef073076d01d100f9ddfffe0375b5bd875dd252ba785e6ddf6f400363	"{""cfg_hash"":""7b597e4976340689606e650f7a864d1c028938e4a1d0c4201b7092f53302813a"",""conformation"":""9e6y"",""entity_id"":""P1MCPUFP__CPUFP500K_0011__00725"",""entity_type"":""candidate"",""monomer_sha256"":""1a292ed44b330573c8de9ab03be128128048bdf31f8f2fc36ad58ed3c3582b68"",""protocol_core_sha256"":""8c55751f66ac2930ce115a9419321a2b2bed220b61af2e1671f7ac6e6a2e33b3"",""restraint_hash"":""e8c303eefaa8bed003ef374d715e23ed0aa11530cee0b01fd9a9ca7ab3c97778"",""seed"":42,""sequence_sha256"":""d6bde97e76bb1c54e0a54672e74b3024bea3ee242f41c771c416a1428d0b731a""}"	858	TOP200_COMMON4_SEED_COMPLETION	125
CANDIDATE_P1MCPUFP__CPUFP500K_0011__00725_8x6b_s3047_18bc1a016e8b	151	candidate	P1MCPUFP__CPUFP500K_0011__00725		CANDIDATE_UNKNOWN	8x6b	3047	d6bde97e76bb1c54e0a54672e74b3024bea3ee242f41c771c416a1428d0b731a	26-33	51-57	96-110	27,28,29,30,35,36,37,38,56,57,58,59,63,64,65,105,106,107,108,109,110,111,112,113,114,115,116,117	inputs/candidate_monomers/P1MCPUFP__CPUFP500K_0011__00725.pdb	frozen_nbb2_archive_extract	H	1a292ed44b330573c8de9ab03be128128048bdf31f8f2fc36ad58ed3c3582b68	inputs/normalized/8x6b_pvrig_receptor.pdb	T	L	A	UniProt_Q6DKI7	21918201f2d7d8fd86e7fbe3003003c516ebb4de914b20d6f1f82a78554f6225	e8c303eefaa8bed003ef374d715e23ed0aa11530cee0b01fd9a9ca7ab3c97778	8c55751f66ac2930ce115a9419321a2b2bed220b61af2e1671f7ac6e6a2e33b3	8c55751f66ac2930ce115a9419321a2b2bed220b61af2e1671f7ac6e6a2e33b3	18bc1a016e8b4c504858ec83ce6657acb5134c53186e9d91fdc8f667064bb531	"{""cfg_hash"":""21918201f2d7d8fd86e7fbe3003003c516ebb4de914b20d6f1f82a78554f6225"",""conformation"":""8x6b"",""entity_id"":""P1MCPUFP__CPUFP500K_0011__00725"",""entity_type"":""candidate"",""monomer_sha256"":""1a292ed44b330573c8de9ab03be128128048bdf31f8f2fc36ad58ed3c3582b68"",""protocol_core_sha256"":""8c55751f66ac2930ce115a9419321a2b2bed220b61af2e1671f7ac6e6a2e33b3"",""restraint_hash"":""e8c303eefaa8bed003ef374d715e23ed0aa11530cee0b01fd9a9ca7ab3c97778"",""seed"":3047,""sequence_sha256"":""d6bde97e76bb1c54e0a54672e74b3024bea3ee242f41c771c416a1428d0b731a""}"	858	TOP200_COMMON4_SEED_COMPLETION	125
CANDIDATE_P1MCPUFP__CPUFP500K_0011__00725_9e6y_s3047_95e4a43c3730	152	candidate	P1MCPUFP__CPUFP500K_0011__00725		CANDIDATE_UNKNOWN	9e6y	3047	d6bde97e76bb1c54e0a54672e74b3024bea3ee242f41c771c416a1428d0b731a	26-33	51-57	96-110	27,28,29,30,35,36,37,38,56,57,58,59,63,64,65,105,106,107,108,109,110,111,112,113,114,115,116,117	inputs/candidate_monomers/P1MCPUFP__CPUFP500K_0011__00725.pdb	frozen_nbb2_archive_extract	H	1a292ed44b330573c8de9ab03be128128048bdf31f8f2fc36ad58ed3c3582b68	inputs/normalized/9e6y_pvrig_receptor.pdb	T	L	A	UniProt_Q6DKI7	036faa08876ef5dc8e4331507bf042bf828faae3f3cf5a5fd358a89d5fb215da	e8c303eefaa8bed003ef374d715e23ed0aa11530cee0b01fd9a9ca7ab3c97778	8c55751f66ac2930ce115a9419321a2b2bed220b61af2e1671f7ac6e6a2e33b3	8c55751f66ac2930ce115a9419321a2b2bed220b61af2e1671f7ac6e6a2e33b3	95e4a43c37308eafa050d1dea2657ad377126a77b9c04f3ca0431f7bbd7d556c	"{""cfg_hash"":""036faa08876ef5dc8e4331507bf042bf828faae3f3cf5a5fd358a89d5fb215da"",""conformation"":""9e6y"",""entity_id"":""P1MCPUFP__CPUFP500K_0011__00725"",""entity_type"":""candidate"",""monomer_sha256"":""1a292ed44b330573c8de9ab03be128128048bdf31f8f2fc36ad58ed3c3582b68"",""protocol_core_sha256"":""8c55751f66ac2930ce115a9419321a2b2bed220b61af2e1671f7ac6e6a2e33b3"",""restraint_hash"":""e8c303eefaa8bed003ef374d715e23ed0aa11530cee0b01fd9a9ca7ab3c97778"",""seed"":3047,""sequence_sha256"":""d6bde97e76bb1c54e0a54672e74b3024bea3ee242f41c771c416a1428d0b731a""}"	858	TOP200_COMMON4_SEED_COMPLETION	125
CANDIDATE_P1MCPUFP__CPUFP500K_0211__00616_8x6b_s42_55e4e0813b98	153	candidate	P1MCPUFP__CPUFP500K_0211__00616		CANDIDATE_UNKNOWN	8x6b	42	2ab263ec172ccd82c900d19b6a228c34bb556ecc1c0c927c717b2436b0d22cc6	26-33	51-57	96-110	27,28,29,30,35,36,37,38,56,57,58,59,63,64,65,105,106,107,108,109,110,111,112,113,114,115,116,117	inputs/candidate_monomers/P1MCPUFP__CPUFP500K_0211__00616.pdb	frozen_nbb2_archive_extract	H	a267a2d718a9870c425f039df9d0f1665bf7eaac3092f2351583ef5565bd5b62	inputs/normalized/8x6b_pvrig_receptor.pdb	T	L	A	UniProt_Q6DKI7	6e3411303a8196b0e07523e8d66724b2c6a9380dca7a347caa47b5632620a2a8	e8c303eefaa8bed003ef374d715e23ed0aa11530cee0b01fd9a9ca7ab3c97778	8c55751f66ac2930ce115a9419321a2b2bed220b61af2e1671f7ac6e6a2e33b3	8c55751f66ac2930ce115a9419321a2b2bed220b61af2e1671f7ac6e6a2e33b3	55e4e0813b981ed3f7c9167ed38b12a976101e670d1fb9ce4e1beba0cc86a34d	"{""cfg_hash"":""6e3411303a8196b0e07523e8d66724b2c6a9380dca7a347caa47b5632620a2a8"",""conformation"":""8x6b"",""entity_id"":""P1MCPUFP__CPUFP500K_0211__00616"",""entity_type"":""candidate"",""monomer_sha256"":""a267a2d718a9870c425f039df9d0f1665bf7eaac3092f2351583ef5565bd5b62"",""protocol_core_sha256"":""8c55751f66ac2930ce115a9419321a2b2bed220b61af2e1671f7ac6e6a2e33b3"",""restraint_hash"":""e8c303eefaa8bed003ef374d715e23ed0aa11530cee0b01fd9a9ca7ab3c97778"",""seed"":42,""sequence_sha256"":""2ab263ec172ccd82c900d19b6a228c34bb556ecc1c0c927c717b2436b0d22cc6""}"	1989	TOP200_COMMON4_SEED_COMPLETION	126
CANDIDATE_P1MCPUFP__CPUFP500K_0211__00616_9e6y_s42_162bca419a20	154	candidate	P1MCPUFP__CPUFP500K_0211__00616		CANDIDATE_UNKNOWN	9e6y	42	2ab263ec172ccd82c900d19b6a228c34bb556ecc1c0c927c717b2436b0d22cc6	26-33	51-57	96-110	27,28,29,30,35,36,37,38,56,57,58,59,63,64,65,105,106,107,108,109,110,111,112,113,114,115,116,117	inputs/candidate_monomers/P1MCPUFP__CPUFP500K_0211__00616.pdb	frozen_nbb2_archive_extract	H	a267a2d718a9870c425f039df9d0f1665bf7eaac3092f2351583ef5565bd5b62	inputs/normalized/9e6y_pvrig_receptor.pdb	T	L	A	UniProt_Q6DKI7	7b597e4976340689606e650f7a864d1c028938e4a1d0c4201b7092f53302813a	e8c303eefaa8bed003ef374d715e23ed0aa11530cee0b01fd9a9ca7ab3c97778	8c55751f66ac2930ce115a9419321a2b2bed220b61af2e1671f7ac6e6a2e33b3	8c55751f66ac2930ce115a9419321a2b2bed220b61af2e1671f7ac6e6a2e33b3	162bca419a20ff7e395922d8532e276253d165a5585ddee53d0870cb9661a1ae	"{""cfg_hash"":""7b597e4976340689606e650f7a864d1c028938e4a1d0c4201b7092f53302813a"",""conformation"":""9e6y"",""entity_id"":""P1MCPUFP__CPUFP500K_0211__00616"",""entity_type"":""candidate"",""monomer_sha256"":""a267a2d718a9870c425f039df9d0f1665bf7eaac3092f2351583ef5565bd5b62"",""protocol_core_sha256"":""8c55751f66ac2930ce115a9419321a2b2bed220b61af2e1671f7ac6e6a2e33b3"",""restraint_hash"":""e8c303eefaa8bed003ef374d715e23ed0aa11530cee0b01fd9a9ca7ab3c97778"",""seed"":42,""sequence_sha256"":""2ab263ec172ccd82c900d19b6a228c34bb556ecc1c0c927c717b2436b0d22cc6""}"	1989	TOP200_COMMON4_SEED_COMPLETION	126
CANDIDATE_P1MCPUFP__CPUFP500K_0211__00616_8x6b_s3047_cdfecf0a18b1	155	candidate	P1MCPUFP__CPUFP500K_0211__00616		CANDIDATE_UNKNOWN	8x6b	3047	2ab263ec172ccd82c900d19b6a228c34bb556ecc1c0c927c717b2436b0d22cc6	26-33	51-57	96-110	27,28,29,30,35,36,37,38,56,57,58,59,63,64,65,105,106,107,108,109,110,111,112,113,114,115,116,117	inputs/candidate_monomers/P1MCPUFP__CPUFP500K_0211__00616.pdb	frozen_nbb2_archive_extract	H	a267a2d718a9870c425f039df9d0f1665bf7eaac3092f2351583ef5565bd5b62	inputs/normalized/8x6b_pvrig_receptor.pdb	T	L	A	UniProt_Q6DKI7	21918201f2d7d8fd86e7fbe3003003c516ebb4de914b20d6f1f82a78554f6225	e8c303eefaa8bed003ef374d715e23ed0aa11530cee0b01fd9a9ca7ab3c97778	8c55751f66ac2930ce115a9419321a2b2bed220b61af2e1671f7ac6e6a2e33b3	8c55751f66ac2930ce115a9419321a2b2bed220b61af2e1671f7ac6e6a2e33b3	cdfecf0a18b1fde7359942a1e63cd309e3f3641dbb3e9e94f14cd82c0396ba84	"{""cfg_hash"":""21918201f2d7d8fd86e7fbe3003003c516ebb4de914b20d6f1f82a78554f6225"",""conformation"":""8x6b"",""entity_id"":""P1MCPUFP__CPUFP500K_0211__00616"",""entity_type"":""candidate"",""monomer_sha256"":""a267a2d718a9870c425f039df9d0f1665bf7eaac3092f2351583ef5565bd5b62"",""protocol_core_sha256"":""8c55751f66ac2930ce115a9419321a2b2bed220b61af2e1671f7ac6e6a2e33b3"",""restraint_hash"":""e8c303eefaa8bed003ef374d715e23ed0aa11530cee0b01fd9a9ca7ab3c97778"",""seed"":3047,""sequence_sha256"":""2ab263ec172ccd82c900d19b6a228c34bb556ecc1c0c927c717b2436b0d22cc6""}"	1989	TOP200_COMMON4_SEED_COMPLETION	126
CANDIDATE_P1MCPUFP__CPUFP500K_0211__00616_9e6y_s3047_74a9d22f7914	156	candidate	P1MCPUFP__CPUFP500K_0211__00616		CANDIDATE_UNKNOWN	9e6y	3047	2ab263ec172ccd82c900d19b6a228c34bb556ecc1c0c927c717b2436b0d22cc6	26-33	51-57	96-110	27,28,29,30,35,36,37,38,56,57,58,59,63,64,65,105,106,107,108,109,110,111,112,113,114,115,116,117	inputs/candidate_monomers/P1MCPUFP__CPUFP500K_0211__00616.pdb	frozen_nbb2_archive_extract	H	a267a2d718a9870c425f039df9d0f1665bf7eaac3092f2351583ef5565bd5b62	inputs/normalized/9e6y_pvrig_receptor.pdb	T	L	A	UniProt_Q6DKI7	036faa08876ef5dc8e4331507bf042bf828faae3f3cf5a5fd358a89d5fb215da	e8c303eefaa8bed003ef374d715e23ed0aa11530cee0b01fd9a9ca7ab3c97778	8c55751f66ac2930ce115a9419321a2b2bed220b61af2e1671f7ac6e6a2e33b3	8c55751f66ac2930ce115a9419321a2b2bed220b61af2e1671f7ac6e6a2e33b3	74a9d22f7914daa2bbb434c99f8c78297074d7564e978ec3652a101603a13b6f	"{""cfg_hash"":""036faa08876ef5dc8e4331507bf042bf828faae3f3cf5a5fd358a89d5fb215da"",""conformation"":""9e6y"",""entity_id"":""P1MCPUFP__CPUFP500K_0211__00616"",""entity_type"":""candidate"",""monomer_sha256"":""a267a2d718a9870c425f039df9d0f1665bf7eaac3092f2351583ef5565bd5b62"",""protocol_core_sha256"":""8c55751f66ac2930ce115a9419321a2b2bed220b61af2e1671f7ac6e6a2e33b3"",""restraint_hash"":""e8c303eefaa8bed003ef374d715e23ed0aa11530cee0b01fd9a9ca7ab3c97778"",""seed"":3047,""sequence_sha256"":""2ab263ec172ccd82c900d19b6a228c34bb556ecc1c0c927c717b2436b0d22cc6""}"	1989	TOP200_COMMON4_SEED_COMPLETION	126
CANDIDATE_P1MCPUFP__CPUFP500K_0508__00558_8x6b_s42_b0cbdc4c4b14	157	candidate	P1MCPUFP__CPUFP500K_0508__00558		CANDIDATE_UNKNOWN	8x6b	42	0aabc6e6dc38d817c015aae3a349c24731f467b97cf50b6a3692723f5e4f7a1c	26-33	51-57	96-110	27,28,29,30,35,36,37,38,56,57,58,59,63,64,65,105,106,107,108,109,110,111,112,113,114,115,116,117	inputs/candidate_monomers/P1MCPUFP__CPUFP500K_0508__00558.pdb	frozen_nbb2_archive_extract	H	146d3549ee3d3b2447f94cd393653401cbfaebc56f3ef51e248658c9d51eac12	inputs/normalized/8x6b_pvrig_receptor.pdb	T	L	A	UniProt_Q6DKI7	6e3411303a8196b0e07523e8d66724b2c6a9380dca7a347caa47b5632620a2a8	e8c303eefaa8bed003ef374d715e23ed0aa11530cee0b01fd9a9ca7ab3c97778	8c55751f66ac2930ce115a9419321a2b2bed220b61af2e1671f7ac6e6a2e33b3	8c55751f66ac2930ce115a9419321a2b2bed220b61af2e1671f7ac6e6a2e33b3	b0cbdc4c4b14bae95c9e9d4763402df98d54e5c57932dcdc5467f281faad4b76	"{""cfg_hash"":""6e3411303a8196b0e07523e8d66724b2c6a9380dca7a347caa47b5632620a2a8"",""conformation"":""8x6b"",""entity_id"":""P1MCPUFP__CPUFP500K_0508__00558"",""entity_type"":""candidate"",""monomer_sha256"":""146d3549ee3d3b2447f94cd393653401cbfaebc56f3ef51e248658c9d51eac12"",""protocol_core_sha256"":""8c55751f66ac2930ce115a9419321a2b2bed220b61af2e1671f7ac6e6a2e33b3"",""restraint_hash"":""e8c303eefaa8bed003ef374d715e23ed0aa11530cee0b01fd9a9ca7ab3c97778"",""seed"":42,""sequence_sha256"":""0aabc6e6dc38d817c015aae3a349c24731f467b97cf50b6a3692723f5e4f7a1c""}"	3072	TOP200_COMMON4_SEED_COMPLETION	127
CANDIDATE_P1MCPUFP__CPUFP500K_0508__00558_9e6y_s42_ea66b4e87479	158	candidate	P1MCPUFP__CPUFP500K_0508__00558		CANDIDATE_UNKNOWN	9e6y	42	0aabc6e6dc38d817c015aae3a349c24731f467b97cf50b6a3692723f5e4f7a1c	26-33	51-57	96-110	27,28,29,30,35,36,37,38,56,57,58,59,63,64,65,105,106,107,108,109,110,111,112,113,114,115,116,117	inputs/candidate_monomers/P1MCPUFP__CPUFP500K_0508__00558.pdb	frozen_nbb2_archive_extract	H	146d3549ee3d3b2447f94cd393653401cbfaebc56f3ef51e248658c9d51eac12	inputs/normalized/9e6y_pvrig_receptor.pdb	T	L	A	UniProt_Q6DKI7	7b597e4976340689606e650f7a864d1c028938e4a1d0c4201b7092f53302813a	e8c303eefaa8bed003ef374d715e23ed0aa11530cee0b01fd9a9ca7ab3c97778	8c55751f66ac2930ce115a9419321a2b2bed220b61af2e1671f7ac6e6a2e33b3	8c55751f66ac2930ce115a9419321a2b2bed220b61af2e1671f7ac6e6a2e33b3	ea66b4e8747941e6070826e46d49f321230d04713ca93412aa9832cc3c10d368	"{""cfg_hash"":""7b597e4976340689606e650f7a864d1c028938e4a1d0c4201b7092f53302813a"",""conformation"":""9e6y"",""entity_id"":""P1MCPUFP__CPUFP500K_0508__00558"",""entity_type"":""candidate"",""monomer_sha256"":""146d3549ee3d3b2447f94cd393653401cbfaebc56f3ef51e248658c9d51eac12"",""protocol_core_sha256"":""8c55751f66ac2930ce115a9419321a2b2bed220b61af2e1671f7ac6e6a2e33b3"",""restraint_hash"":""e8c303eefaa8bed003ef374d715e23ed0aa11530cee0b01fd9a9ca7ab3c97778"",""seed"":42,""sequence_sha256"":""0aabc6e6dc38d817c015aae3a349c24731f467b97cf50b6a3692723f5e4f7a1c""}"	3072	TOP200_COMMON4_SEED_COMPLETION	127
CANDIDATE_P1MCPUFP__CPUFP500K_0508__00558_8x6b_s3047_69daeef22739	159	candidate	P1MCPUFP__CPUFP500K_0508__00558		CANDIDATE_UNKNOWN	8x6b	3047	0aabc6e6dc38d817c015aae3a349c24731f467b97cf50b6a3692723f5e4f7a1c	26-33	51-57	96-110	27,28,29,30,35,36,37,38,56,57,58,59,63,64,65,105,106,107,108,109,110,111,112,113,114,115,116,117	inputs/candidate_monomers/P1MCPUFP__CPUFP500K_0508__00558.pdb	frozen_nbb2_archive_extract	H	146d3549ee3d3b2447f94cd393653401cbfaebc56f3ef51e248658c9d51eac12	inputs/normalized/8x6b_pvrig_receptor.pdb	T	L	A	UniProt_Q6DKI7	21918201f2d7d8fd86e7fbe3003003c516ebb4de914b20d6f1f82a78554f6225	e8c303eefaa8bed003ef374d715e23ed0aa11530cee0b01fd9a9ca7ab3c97778	8c55751f66ac2930ce115a9419321a2b2bed220b61af2e1671f7ac6e6a2e33b3	8c55751f66ac2930ce115a9419321a2b2bed220b61af2e1671f7ac6e6a2e33b3	69daeef22739ca282ccd56f30d387df0507873726f5b1051a0ac5f260b2d0474	"{""cfg_hash"":""21918201f2d7d8fd86e7fbe3003003c516ebb4de914b20d6f1f82a78554f6225"",""conformation"":""8x6b"",""entity_id"":""P1MCPUFP__CPUFP500K_0508__00558"",""entity_type"":""candidate"",""monomer_sha256"":""146d3549ee3d3b2447f94cd393653401cbfaebc56f3ef51e248658c9d51eac12"",""protocol_core_sha256"":""8c55751f66ac2930ce115a9419321a2b2bed220b61af2e1671f7ac6e6a2e33b3"",""restraint_hash"":""e8c303eefaa8bed003ef374d715e23ed0aa11530cee0b01fd9a9ca7ab3c97778"",""seed"":3047,""sequence_sha256"":""0aabc6e6dc38d817c015aae3a349c24731f467b97cf50b6a3692723f5e4f7a1c""}"	3072	TOP200_COMMON4_SEED_COMPLETION	127
CANDIDATE_P1MCPUFP__CPUFP500K_0508__00558_9e6y_s3047_c9e4071a7803	160	candidate	P1MCPUFP__CPUFP500K_0508__00558		CANDIDATE_UNKNOWN	9e6y	3047	0aabc6e6dc38d817c015aae3a349c24731f467b97cf50b6a3692723f5e4f7a1c	26-33	51-57	96-110	27,28,29,30,35,36,37,38,56,57,58,59,63,64,65,105,106,107,108,109,110,111,112,113,114,115,116,117	inputs/candidate_monomers/P1MCPUFP__CPUFP500K_0508__00558.pdb	frozen_nbb2_archive_extract	H	146d3549ee3d3b2447f94cd393653401cbfaebc56f3ef51e248658c9d51eac12	inputs/normalized/9e6y_pvrig_receptor.pdb	T	L	A	UniProt_Q6DKI7	036faa08876ef5dc8e4331507bf042bf828faae3f3cf5a5fd358a89d5fb215da	e8c303eefaa8bed003ef374d715e23ed0aa11530cee0b01fd9a9ca7ab3c97778	8c55751f66ac2930ce115a9419321a2b2bed220b61af2e1671f7ac6e6a2e33b3	8c55751f66ac2930ce115a9419321a2b2bed220b61af2e1671f7ac6e6a2e33b3	c9e4071a78036e091890d39b58f5425b47b2cdf5f450a5b40f51a6cda67a7daa	"{""cfg_hash"":""036faa08876ef5dc8e4331507bf042bf828faae3f3cf5a5fd358a89d5fb215da"",""conformation"":""9e6y"",""entity_id"":""P1MCPUFP__CPUFP500K_0508__00558"",""entity_type"":""candidate"",""monomer_sha256"":""146d3549ee3d3b2447f94cd393653401cbfaebc56f3ef51e248658c9d51eac12"",""protocol_core_sha256"":""8c55751f66ac2930ce115a9419321a2b2bed220b61af2e1671f7ac6e6a2e33b3"",""restraint_hash"":""e8c303eefaa8bed003ef374d715e23ed0aa11530cee0b01fd9a9ca7ab3c97778"",""seed"":3047,""sequence_sha256"":""0aabc6e6dc38d817c015aae3a349c24731f467b97cf50b6a3692723f5e4f7a1c""}"	3072	TOP200_COMMON4_SEED_COMPLETION	127
CANDIDATE_P1MCPUFP__CPUFP500K_0091__00402_8x6b_s42_e6f41e711f49	161	candidate	P1MCPUFP__CPUFP500K_0091__00402		CANDIDATE_UNKNOWN	8x6b	42	6e36930b494ba1b8bc76a8ab3a435eb3b6ec611fd82f875637d3ae91bfd58ffd	26-35	53-59	98-116	27,28,29,30,31,34,35,36,37,38,56,57,58,59,63,64,65,105,106,107,108,109,110,111,112,113,114,115,116,117	inputs/candidate_monomers/P1MCPUFP__CPUFP500K_0091__00402.pdb	frozen_nbb2_archive_extract	H	0e1c9d08aa5fc3d6fb47c0e558bc4818396743d7420f760a50ec931119992c96	inputs/normalized/8x6b_pvrig_receptor.pdb	T	L	A	UniProt_Q6DKI7	6e3411303a8196b0e07523e8d66724b2c6a9380dca7a347caa47b5632620a2a8	cb4c825dedbb6b8ccf1510daf94ccd67c095d4743b9f9b2a3b6dc9fa7c1cda34	8c55751f66ac2930ce115a9419321a2b2bed220b61af2e1671f7ac6e6a2e33b3	8c55751f66ac2930ce115a9419321a2b2bed220b61af2e1671f7ac6e6a2e33b3	e6f41e711f499f3a50a9d0de46d50f753b14bbf04336c1f035d030ea66d90bcd	"{""cfg_hash"":""6e3411303a8196b0e07523e8d66724b2c6a9380dca7a347caa47b5632620a2a8"",""conformation"":""8x6b"",""entity_id"":""P1MCPUFP__CPUFP500K_0091__00402"",""entity_type"":""candidate"",""monomer_sha256"":""0e1c9d08aa5fc3d6fb47c0e558bc4818396743d7420f760a50ec931119992c96"",""protocol_core_sha256"":""8c55751f66ac2930ce115a9419321a2b2bed220b61af2e1671f7ac6e6a2e33b3"",""restraint_hash"":""cb4c825dedbb6b8ccf1510daf94ccd67c095d4743b9f9b2a3b6dc9fa7c1cda34"",""seed"":42,""sequence_sha256"":""6e36930b494ba1b8bc76a8ab3a435eb3b6ec611fd82f875637d3ae91bfd58ffd""}"	5756	TOP200_COMMON4_SEED_COMPLETION	129
CANDIDATE_P1MCPUFP__CPUFP500K_0091__00402_9e6y_s42_48e38068e4b7	162	candidate	P1MCPUFP__CPUFP500K_0091__00402		CANDIDATE_UNKNOWN	9e6y	42	6e36930b494ba1b8bc76a8ab3a435eb3b6ec611fd82f875637d3ae91bfd58ffd	26-35	53-59	98-116	27,28,29,30,31,34,35,36,37,38,56,57,58,59,63,64,65,105,106,107,108,109,110,111,112,113,114,115,116,117	inputs/candidate_monomers/P1MCPUFP__CPUFP500K_0091__00402.pdb	frozen_nbb2_archive_extract	H	0e1c9d08aa5fc3d6fb47c0e558bc4818396743d7420f760a50ec931119992c96	inputs/normalized/9e6y_pvrig_receptor.pdb	T	L	A	UniProt_Q6DKI7	7b597e4976340689606e650f7a864d1c028938e4a1d0c4201b7092f53302813a	cb4c825dedbb6b8ccf1510daf94ccd67c095d4743b9f9b2a3b6dc9fa7c1cda34	8c55751f66ac2930ce115a9419321a2b2bed220b61af2e1671f7ac6e6a2e33b3	8c55751f66ac2930ce115a9419321a2b2bed220b61af2e1671f7ac6e6a2e33b3	48e38068e4b7dab01866c2742aecb25d93314c4920a32cb89271dab1088c6a70	"{""cfg_hash"":""7b597e4976340689606e650f7a864d1c028938e4a1d0c4201b7092f53302813a"",""conformation"":""9e6y"",""entity_id"":""P1MCPUFP__CPUFP500K_0091__00402"",""entity_type"":""candidate"",""monomer_sha256"":""0e1c9d08aa5fc3d6fb47c0e558bc4818396743d7420f760a50ec931119992c96"",""protocol_core_sha256"":""8c55751f66ac2930ce115a9419321a2b2bed220b61af2e1671f7ac6e6a2e33b3"",""restraint_hash"":""cb4c825dedbb6b8ccf1510daf94ccd67c095d4743b9f9b2a3b6dc9fa7c1cda34"",""seed"":42,""sequence_sha256"":""6e36930b494ba1b8bc76a8ab3a435eb3b6ec611fd82f875637d3ae91bfd58ffd""}"	5756	TOP200_COMMON4_SEED_COMPLETION	129
CANDIDATE_P1MCPUFP__CPUFP500K_0091__00402_8x6b_s3047_8001a7b312a3	163	candidate	P1MCPUFP__CPUFP500K_0091__00402		CANDIDATE_UNKNOWN	8x6b	3047	6e36930b494ba1b8bc76a8ab3a435eb3b6ec611fd82f875637d3ae91bfd58ffd	26-35	53-59	98-116	27,28,29,30,31,34,35,36,37,38,56,57,58,59,63,64,65,105,106,107,108,109,110,111,112,113,114,115,116,117	inputs/candidate_monomers/P1MCPUFP__CPUFP500K_0091__00402.pdb	frozen_nbb2_archive_extract	H	0e1c9d08aa5fc3d6fb47c0e558bc4818396743d7420f760a50ec931119992c96	inputs/normalized/8x6b_pvrig_receptor.pdb	T	L	A	UniProt_Q6DKI7	21918201f2d7d8fd86e7fbe3003003c516ebb4de914b20d6f1f82a78554f6225	cb4c825dedbb6b8ccf1510daf94ccd67c095d4743b9f9b2a3b6dc9fa7c1cda34	8c55751f66ac2930ce115a9419321a2b2bed220b61af2e1671f7ac6e6a2e33b3	8c55751f66ac2930ce115a9419321a2b2bed220b61af2e1671f7ac6e6a2e33b3	8001a7b312a3fe89729ca1eb12b383f75a6375860a76f5db0f2896ee019d0534	"{""cfg_hash"":""21918201f2d7d8fd86e7fbe3003003c516ebb4de914b20d6f1f82a78554f6225"",""conformation"":""8x6b"",""entity_id"":""P1MCPUFP__CPUFP500K_0091__00402"",""entity_type"":""candidate"",""monomer_sha256"":""0e1c9d08aa5fc3d6fb47c0e558bc4818396743d7420f760a50ec931119992c96"",""protocol_core_sha256"":""8c55751f66ac2930ce115a9419321a2b2bed220b61af2e1671f7ac6e6a2e33b3"",""restraint_hash"":""cb4c825dedbb6b8ccf1510daf94ccd67c095d4743b9f9b2a3b6dc9fa7c1cda34"",""seed"":3047,""sequence_sha256"":""6e36930b494ba1b8bc76a8ab3a435eb3b6ec611fd82f875637d3ae91bfd58ffd""}"	5756	TOP200_COMMON4_SEED_COMPLETION	129
CANDIDATE_P1MCPUFP__CPUFP500K_0091__00402_9e6y_s3047_3f2596bdaabc	164	candidate	P1MCPUFP__CPUFP500K_0091__00402		CANDIDATE_UNKNOWN	9e6y	3047	6e36930b494ba1b8bc76a8ab3a435eb3b6ec611fd82f875637d3ae91bfd58ffd	26-35	53-59	98-116	27,28,29,30,31,34,35,36,37,38,56,57,58,59,63,64,65,105,106,107,108,109,110,111,112,113,114,115,116,117	inputs/candidate_monomers/P1MCPUFP__CPUFP500K_0091__00402.pdb	frozen_nbb2_archive_extract	H	0e1c9d08aa5fc3d6fb47c0e558bc4818396743d7420f760a50ec931119992c96	inputs/normalized/9e6y_pvrig_receptor.pdb	T	L	A	UniProt_Q6DKI7	036faa08876ef5dc8e4331507bf042bf828faae3f3cf5a5fd358a89d5fb215da	cb4c825dedbb6b8ccf1510daf94ccd67c095d4743b9f9b2a3b6dc9fa7c1cda34	8c55751f66ac2930ce115a9419321a2b2bed220b61af2e1671f7ac6e6a2e33b3	8c55751f66ac2930ce115a9419321a2b2bed220b61af2e1671f7ac6e6a2e33b3	3f2596bdaabca5e21238a5fd15e70ab55cf07ef8899b75feca679dfd6aa534ab	"{""cfg_hash"":""036faa08876ef5dc8e4331507bf042bf828faae3f3cf5a5fd358a89d5fb215da"",""conformation"":""9e6y"",""entity_id"":""P1MCPUFP__CPUFP500K_0091__00402"",""entity_type"":""candidate"",""monomer_sha256"":""0e1c9d08aa5fc3d6fb47c0e558bc4818396743d7420f760a50ec931119992c96"",""protocol_core_sha256"":""8c55751f66ac2930ce115a9419321a2b2bed220b61af2e1671f7ac6e6a2e33b3"",""restraint_hash"":""cb4c825dedbb6b8ccf1510daf94ccd67c095d4743b9f9b2a3b6dc9fa7c1cda34"",""seed"":3047,""sequence_sha256"":""6e36930b494ba1b8bc76a8ab3a435eb3b6ec611fd82f875637d3ae91bfd58ffd""}"	5756	TOP200_COMMON4_SEED_COMPLETION	129
CANDIDATE_P1MCPUFP__CPUFP500K_0091__00440_8x6b_s42_d38b39428601	165	candidate	P1MCPUFP__CPUFP500K_0091__00440		CANDIDATE_UNKNOWN	8x6b	42	7a0b329eb14d1894fa976afba76a5a45dd348d66d3679ae0d8a4649fbf7869c5	26-35	53-59	98-116	27,28,29,30,31,34,35,36,37,38,56,57,58,59,63,64,65,105,106,107,108,109,110,111,112,113,114,115,116,117	inputs/candidate_monomers/P1MCPUFP__CPUFP500K_0091__00440.pdb	frozen_nbb2_archive_extract	H	643f6bdf51178068c33093bdfb514b4dc3fe0a14af5f15a4f6a517fcf57c67ab	inputs/normalized/8x6b_pvrig_receptor.pdb	T	L	A	UniProt_Q6DKI7	6e3411303a8196b0e07523e8d66724b2c6a9380dca7a347caa47b5632620a2a8	cb4c825dedbb6b8ccf1510daf94ccd67c095d4743b9f9b2a3b6dc9fa7c1cda34	8c55751f66ac2930ce115a9419321a2b2bed220b61af2e1671f7ac6e6a2e33b3	8c55751f66ac2930ce115a9419321a2b2bed220b61af2e1671f7ac6e6a2e33b3	d38b394286012b14879a0d9491618248477998468cac697eb192e37ab8bf8f56	"{""cfg_hash"":""6e3411303a8196b0e07523e8d66724b2c6a9380dca7a347caa47b5632620a2a8"",""conformation"":""8x6b"",""entity_id"":""P1MCPUFP__CPUFP500K_0091__00440"",""entity_type"":""candidate"",""monomer_sha256"":""643f6bdf51178068c33093bdfb514b4dc3fe0a14af5f15a4f6a517fcf57c67ab"",""protocol_core_sha256"":""8c55751f66ac2930ce115a9419321a2b2bed220b61af2e1671f7ac6e6a2e33b3"",""restraint_hash"":""cb4c825dedbb6b8ccf1510daf94ccd67c095d4743b9f9b2a3b6dc9fa7c1cda34"",""seed"":42,""sequence_sha256"":""7a0b329eb14d1894fa976afba76a5a45dd348d66d3679ae0d8a4649fbf7869c5""}"	4813	TOP200_COMMON4_SEED_COMPLETION	130
CANDIDATE_P1MCPUFP__CPUFP500K_0091__00440_9e6y_s42_06dd0f04eb4a	166	candidate	P1MCPUFP__CPUFP500K_0091__00440		CANDIDATE_UNKNOWN	9e6y	42	7a0b329eb14d1894fa976afba76a5a45dd348d66d3679ae0d8a4649fbf7869c5	26-35	53-59	98-116	27,28,29,30,31,34,35,36,37,38,56,57,58,59,63,64,65,105,106,107,108,109,110,111,112,113,114,115,116,117	inputs/candidate_monomers/P1MCPUFP__CPUFP500K_0091__00440.pdb	frozen_nbb2_archive_extract	H	643f6bdf51178068c33093bdfb514b4dc3fe0a14af5f15a4f6a517fcf57c67ab	inputs/normalized/9e6y_pvrig_receptor.pdb	T	L	A	UniProt_Q6DKI7	7b597e4976340689606e650f7a864d1c028938e4a1d0c4201b7092f53302813a	cb4c825dedbb6b8ccf1510daf94ccd67c095d4743b9f9b2a3b6dc9fa7c1cda34	8c55751f66ac2930ce115a9419321a2b2bed220b61af2e1671f7ac6e6a2e33b3	8c55751f66ac2930ce115a9419321a2b2bed220b61af2e1671f7ac6e6a2e33b3	06dd0f04eb4aa452168b5e257e49f7b5a62073a1caf45d3a37a548020e7f8865	"{""cfg_hash"":""7b597e4976340689606e650f7a864d1c028938e4a1d0c4201b7092f53302813a"",""conformation"":""9e6y"",""entity_id"":""P1MCPUFP__CPUFP500K_0091__00440"",""entity_type"":""candidate"",""monomer_sha256"":""643f6bdf51178068c33093bdfb514b4dc3fe0a14af5f15a4f6a517fcf57c67ab"",""protocol_core_sha256"":""8c55751f66ac2930ce115a9419321a2b2bed220b61af2e1671f7ac6e6a2e33b3"",""restraint_hash"":""cb4c825dedbb6b8ccf1510daf94ccd67c095d4743b9f9b2a3b6dc9fa7c1cda34"",""seed"":42,""sequence_sha256"":""7a0b329eb14d1894fa976afba76a5a45dd348d66d3679ae0d8a4649fbf7869c5""}"	4813	TOP200_COMMON4_SEED_COMPLETION	130
CANDIDATE_P1MCPUFP__CPUFP500K_0091__00440_8x6b_s3047_9c1effde2da9	167	candidate	P1MCPUFP__CPUFP500K_0091__00440		CANDIDATE_UNKNOWN	8x6b	3047	7a0b329eb14d1894fa976afba76a5a45dd348d66d3679ae0d8a4649fbf7869c5	26-35	53-59	98-116	27,28,29,30,31,34,35,36,37,38,56,57,58,59,63,64,65,105,106,107,108,109,110,111,112,113,114,115,116,117	inputs/candidate_monomers/P1MCPUFP__CPUFP500K_0091__00440.pdb	frozen_nbb2_archive_extract	H	643f6bdf51178068c33093bdfb514b4dc3fe0a14af5f15a4f6a517fcf57c67ab	inputs/normalized/8x6b_pvrig_receptor.pdb	T	L	A	UniProt_Q6DKI7	21918201f2d7d8fd86e7fbe3003003c516ebb4de914b20d6f1f82a78554f6225	cb4c825dedbb6b8ccf1510daf94ccd67c095d4743b9f9b2a3b6dc9fa7c1cda34	8c55751f66ac2930ce115a9419321a2b2bed220b61af2e1671f7ac6e6a2e33b3	8c55751f66ac2930ce115a9419321a2b2bed220b61af2e1671f7ac6e6a2e33b3	9c1effde2da9820c4a790e2d04890f9bdfea2b86428b89aeb711a514d3a9dc4f	"{""cfg_hash"":""21918201f2d7d8fd86e7fbe3003003c516ebb4de914b20d6f1f82a78554f6225"",""conformation"":""8x6b"",""entity_id"":""P1MCPUFP__CPUFP500K_0091__00440"",""entity_type"":""candidate"",""monomer_sha256"":""643f6bdf51178068c33093bdfb514b4dc3fe0a14af5f15a4f6a517fcf57c67ab"",""protocol_core_sha256"":""8c55751f66ac2930ce115a9419321a2b2bed220b61af2e1671f7ac6e6a2e33b3"",""restraint_hash"":""cb4c825dedbb6b8ccf1510daf94ccd67c095d4743b9f9b2a3b6dc9fa7c1cda34"",""seed"":3047,""sequence_sha256"":""7a0b329eb14d1894fa976afba76a5a45dd348d66d3679ae0d8a4649fbf7869c5""}"	4813	TOP200_COMMON4_SEED_COMPLETION	130
CANDIDATE_P1MCPUFP__CPUFP500K_0091__00440_9e6y_s3047_b119349ea826	168	candidate	P1MCPUFP__CPUFP500K_0091__00440		CANDIDATE_UNKNOWN	9e6y	3047	7a0b329eb14d1894fa976afba76a5a45dd348d66d3679ae0d8a4649fbf7869c5	26-35	53-59	98-116	27,28,29,30,31,34,35,36,37,38,56,57,58,59,63,64,65,105,106,107,108,109,110,111,112,113,114,115,116,117	inputs/candidate_monomers/P1MCPUFP__CPUFP500K_0091__00440.pdb	frozen_nbb2_archive_extract	H	643f6bdf51178068c33093bdfb514b4dc3fe0a14af5f15a4f6a517fcf57c67ab	inputs/normalized/9e6y_pvrig_receptor.pdb	T	L	A	UniProt_Q6DKI7	036faa08876ef5dc8e4331507bf042bf828faae3f3cf5a5fd358a89d5fb215da	cb4c825dedbb6b8ccf1510daf94ccd67c095d4743b9f9b2a3b6dc9fa7c1cda34	8c55751f66ac2930ce115a9419321a2b2bed220b61af2e1671f7ac6e6a2e33b3	8c55751f66ac2930ce115a9419321a2b2bed220b61af2e1671f7ac6e6a2e33b3	b119349ea8266f33f15240c54e6e4c7cbf14019320137d566469d92cd6f5c162	"{""cfg_hash"":""036faa08876ef5dc8e4331507bf042bf828faae3f3cf5a5fd358a89d5fb215da"",""conformation"":""9e6y"",""entity_id"":""P1MCPUFP__CPUFP500K_0091__00440"",""entity_type"":""candidate"",""monomer_sha256"":""643f6bdf51178068c33093bdfb514b4dc3fe0a14af5f15a4f6a517fcf57c67ab"",""protocol_core_sha256"":""8c55751f66ac2930ce115a9419321a2b2bed220b61af2e1671f7ac6e6a2e33b3"",""restraint_hash"":""cb4c825dedbb6b8ccf1510daf94ccd67c095d4743b9f9b2a3b6dc9fa7c1cda34"",""seed"":3047,""sequence_sha256"":""7a0b329eb14d1894fa976afba76a5a45dd348d66d3679ae0d8a4649fbf7869c5""}"	4813	TOP200_COMMON4_SEED_COMPLETION	130
CANDIDATE_P1MCPUFP__CPUFP500K_0388__00523_8x6b_s42_06f75445444a	169	candidate	P1MCPUFP__CPUFP500K_0388__00523		CANDIDATE_UNKNOWN	8x6b	42	c34b62035fbbb905676d91471f693c8083e2cdec890f2861f59e2e979e5d5d3d	26-35	53-59	98-116	27,28,29,30,31,34,35,36,37,38,56,57,58,59,63,64,65,105,106,107,108,109,110,111,112,113,114,115,116,117	inputs/candidate_monomers/P1MCPUFP__CPUFP500K_0388__00523.pdb	frozen_nbb2_archive_extract	H	63f31a268c709a7b70605c5872facf2f49ce049e6b98255b59d43b6b0cfcc04d	inputs/normalized/8x6b_pvrig_receptor.pdb	T	L	A	UniProt_Q6DKI7	6e3411303a8196b0e07523e8d66724b2c6a9380dca7a347caa47b5632620a2a8	cb4c825dedbb6b8ccf1510daf94ccd67c095d4743b9f9b2a3b6dc9fa7c1cda34	8c55751f66ac2930ce115a9419321a2b2bed220b61af2e1671f7ac6e6a2e33b3	8c55751f66ac2930ce115a9419321a2b2bed220b61af2e1671f7ac6e6a2e33b3	06f75445444a51d7e4023f435d3b68bb7f08af6f4a0a94753632296935593368	"{""cfg_hash"":""6e3411303a8196b0e07523e8d66724b2c6a9380dca7a347caa47b5632620a2a8"",""conformation"":""8x6b"",""entity_id"":""P1MCPUFP__CPUFP500K_0388__00523"",""entity_type"":""candidate"",""monomer_sha256"":""63f31a268c709a7b70605c5872facf2f49ce049e6b98255b59d43b6b0cfcc04d"",""protocol_core_sha256"":""8c55751f66ac2930ce115a9419321a2b2bed220b61af2e1671f7ac6e6a2e33b3"",""restraint_hash"":""cb4c825dedbb6b8ccf1510daf94ccd67c095d4743b9f9b2a3b6dc9fa7c1cda34"",""seed"":42,""sequence_sha256"":""c34b62035fbbb905676d91471f693c8083e2cdec890f2861f59e2e979e5d5d3d""}"	1203	TOP200_COMMON4_SEED_COMPLETION	131
CANDIDATE_P1MCPUFP__CPUFP500K_0388__00523_9e6y_s42_9be9e57c6239	170	candidate	P1MCPUFP__CPUFP500K_0388__00523		CANDIDATE_UNKNOWN	9e6y	42	c34b62035fbbb905676d91471f693c8083e2cdec890f2861f59e2e979e5d5d3d	26-35	53-59	98-116	27,28,29,30,31,34,35,36,37,38,56,57,58,59,63,64,65,105,106,107,108,109,110,111,112,113,114,115,116,117	inputs/candidate_monomers/P1MCPUFP__CPUFP500K_0388__00523.pdb	frozen_nbb2_archive_extract	H	63f31a268c709a7b70605c5872facf2f49ce049e6b98255b59d43b6b0cfcc04d	inputs/normalized/9e6y_pvrig_receptor.pdb	T	L	A	UniProt_Q6DKI7	7b597e4976340689606e650f7a864d1c028938e4a1d0c4201b7092f53302813a	cb4c825dedbb6b8ccf1510daf94ccd67c095d4743b9f9b2a3b6dc9fa7c1cda34	8c55751f66ac2930ce115a9419321a2b2bed220b61af2e1671f7ac6e6a2e33b3	8c55751f66ac2930ce115a9419321a2b2bed220b61af2e1671f7ac6e6a2e33b3	9be9e57c623940c17e1786505eb07db93611b01663acbd57d4c221d197904148	"{""cfg_hash"":""7b597e4976340689606e650f7a864d1c028938e4a1d0c4201b7092f53302813a"",""conformation"":""9e6y"",""entity_id"":""P1MCPUFP__CPUFP500K_0388__00523"",""entity_type"":""candidate"",""monomer_sha256"":""63f31a268c709a7b70605c5872facf2f49ce049e6b98255b59d43b6b0cfcc04d"",""protocol_core_sha256"":""8c55751f66ac2930ce115a9419321a2b2bed220b61af2e1671f7ac6e6a2e33b3"",""restraint_hash"":""cb4c825dedbb6b8ccf1510daf94ccd67c095d4743b9f9b2a3b6dc9fa7c1cda34"",""seed"":42,""sequence_sha256"":""c34b62035fbbb905676d91471f693c8083e2cdec890f2861f59e2e979e5d5d3d""}"	1203	TOP200_COMMON4_SEED_COMPLETION	131
CANDIDATE_P1MCPUFP__CPUFP500K_0388__00523_8x6b_s3047_c626ddb78cd8	171	candidate	P1MCPUFP__CPUFP500K_0388__00523		CANDIDATE_UNKNOWN	8x6b	3047	c34b62035fbbb905676d91471f693c8083e2cdec890f2861f59e2e979e5d5d3d	26-35	53-59	98-116	27,28,29,30,31,34,35,36,37,38,56,57,58,59,63,64,65,105,106,107,108,109,110,111,112,113,114,115,116,117	inputs/candidate_monomers/P1MCPUFP__CPUFP500K_0388__00523.pdb	frozen_nbb2_archive_extract	H	63f31a268c709a7b70605c5872facf2f49ce049e6b98255b59d43b6b0cfcc04d	inputs/normalized/8x6b_pvrig_receptor.pdb	T	L	A	UniProt_Q6DKI7	21918201f2d7d8fd86e7fbe3003003c516ebb4de914b20d6f1f82a78554f6225	cb4c825dedbb6b8ccf1510daf94ccd67c095d4743b9f9b2a3b6dc9fa7c1cda34	8c55751f66ac2930ce115a9419321a2b2bed220b61af2e1671f7ac6e6a2e33b3	8c55751f66ac2930ce115a9419321a2b2bed220b61af2e1671f7ac6e6a2e33b3	c626ddb78cd89e531b994745e3fca7fa708dffea9feb67980fc2374adabfeb01	"{""cfg_hash"":""21918201f2d7d8fd86e7fbe3003003c516ebb4de914b20d6f1f82a78554f6225"",""conformation"":""8x6b"",""entity_id"":""P1MCPUFP__CPUFP500K_0388__00523"",""entity_type"":""candidate"",""monomer_sha256"":""63f31a268c709a7b70605c5872facf2f49ce049e6b98255b59d43b6b0cfcc04d"",""protocol_core_sha256"":""8c55751f66ac2930ce115a9419321a2b2bed220b61af2e1671f7ac6e6a2e33b3"",""restraint_hash"":""cb4c825dedbb6b8ccf1510daf94ccd67c095d4743b9f9b2a3b6dc9fa7c1cda34"",""seed"":3047,""sequence_sha256"":""c34b62035fbbb905676d91471f693c8083e2cdec890f2861f59e2e979e5d5d3d""}"	1203	TOP200_COMMON4_SEED_COMPLETION	131
CANDIDATE_P1MCPUFP__CPUFP500K_0388__00523_9e6y_s3047_e85bdd3518f5	172	candidate	P1MCPUFP__CPUFP500K_0388__00523		CANDIDATE_UNKNOWN	9e6y	3047	c34b62035fbbb905676d91471f693c8083e2cdec890f2861f59e2e979e5d5d3d	26-35	53-59	98-116	27,28,29,30,31,34,35,36,37,38,56,57,58,59,63,64,65,105,106,107,108,109,110,111,112,113,114,115,116,117	inputs/candidate_monomers/P1MCPUFP__CPUFP500K_0388__00523.pdb	frozen_nbb2_archive_extract	H	63f31a268c709a7b70605c5872facf2f49ce049e6b98255b59d43b6b0cfcc04d	inputs/normalized/9e6y_pvrig_receptor.pdb	T	L	A	UniProt_Q6DKI7	036faa08876ef5dc8e4331507bf042bf828faae3f3cf5a5fd358a89d5fb215da	cb4c825dedbb6b8ccf1510daf94ccd67c095d4743b9f9b2a3b6dc9fa7c1cda34	8c55751f66ac2930ce115a9419321a2b2bed220b61af2e1671f7ac6e6a2e33b3	8c55751f66ac2930ce115a9419321a2b2bed220b61af2e1671f7ac6e6a2e33b3	e85bdd3518f5e256fcc287262fd5b92e7c75dc11e1fdd353561815816c6c49ed	"{""cfg_hash"":""036faa08876ef5dc8e4331507bf042bf828faae3f3cf5a5fd358a89d5fb215da"",""conformation"":""9e6y"",""entity_id"":""P1MCPUFP__CPUFP500K_0388__00523"",""entity_type"":""candidate"",""monomer_sha256"":""63f31a268c709a7b70605c5872facf2f49ce049e6b98255b59d43b6b0cfcc04d"",""protocol_core_sha256"":""8c55751f66ac2930ce115a9419321a2b2bed220b61af2e1671f7ac6e6a2e33b3"",""restraint_hash"":""cb4c825dedbb6b8ccf1510daf94ccd67c095d4743b9f9b2a3b6dc9fa7c1cda34"",""seed"":3047,""sequence_sha256"":""c34b62035fbbb905676d91471f693c8083e2cdec890f2861f59e2e979e5d5d3d""}"	1203	TOP200_COMMON4_SEED_COMPLETION	131
CANDIDATE_P1MCPUFP__CPUFP500K_0388__00174_8x6b_s42_4167e337ef23	173	candidate	P1MCPUFP__CPUFP500K_0388__00174		CANDIDATE_UNKNOWN	8x6b	42	f77391cb04abddbcc919b3202d0a20288713cc77f7c4a3828a8cb1a8a5836d97	26-35	53-59	98-116	27,28,29,30,31,34,35,36,37,38,56,57,58,59,63,64,65,105,106,107,108,109,110,111,112,113,114,115,116,117	inputs/candidate_monomers/P1MCPUFP__CPUFP500K_0388__00174.pdb	frozen_nbb2_archive_extract	H	463dc44b9e28892ab6769d4ec39cbbb8de3517eb4b00f2aaa35257fbabfbd6bd	inputs/normalized/8x6b_pvrig_receptor.pdb	T	L	A	UniProt_Q6DKI7	6e3411303a8196b0e07523e8d66724b2c6a9380dca7a347caa47b5632620a2a8	cb4c825dedbb6b8ccf1510daf94ccd67c095d4743b9f9b2a3b6dc9fa7c1cda34	8c55751f66ac2930ce115a9419321a2b2bed220b61af2e1671f7ac6e6a2e33b3	8c55751f66ac2930ce115a9419321a2b2bed220b61af2e1671f7ac6e6a2e33b3	4167e337ef230efc56e99352a45a9c11e75ccbdbd8fc2173c28d3de2a655b6f7	"{""cfg_hash"":""6e3411303a8196b0e07523e8d66724b2c6a9380dca7a347caa47b5632620a2a8"",""conformation"":""8x6b"",""entity_id"":""P1MCPUFP__CPUFP500K_0388__00174"",""entity_type"":""candidate"",""monomer_sha256"":""463dc44b9e28892ab6769d4ec39cbbb8de3517eb4b00f2aaa35257fbabfbd6bd"",""protocol_core_sha256"":""8c55751f66ac2930ce115a9419321a2b2bed220b61af2e1671f7ac6e6a2e33b3"",""restraint_hash"":""cb4c825dedbb6b8ccf1510daf94ccd67c095d4743b9f9b2a3b6dc9fa7c1cda34"",""seed"":42,""sequence_sha256"":""f77391cb04abddbcc919b3202d0a20288713cc77f7c4a3828a8cb1a8a5836d97""}"	4594	TOP200_COMMON4_SEED_COMPLETION	135
CANDIDATE_P1MCPUFP__CPUFP500K_0388__00174_9e6y_s42_af0704ccc7d1	174	candidate	P1MCPUFP__CPUFP500K_0388__00174		CANDIDATE_UNKNOWN	9e6y	42	f77391cb04abddbcc919b3202d0a20288713cc77f7c4a3828a8cb1a8a5836d97	26-35	53-59	98-116	27,28,29,30,31,34,35,36,37,38,56,57,58,59,63,64,65,105,106,107,108,109,110,111,112,113,114,115,116,117	inputs/candidate_monomers/P1MCPUFP__CPUFP500K_0388__00174.pdb	frozen_nbb2_archive_extract	H	463dc44b9e28892ab6769d4ec39cbbb8de3517eb4b00f2aaa35257fbabfbd6bd	inputs/normalized/9e6y_pvrig_receptor.pdb	T	L	A	UniProt_Q6DKI7	7b597e4976340689606e650f7a864d1c028938e4a1d0c4201b7092f53302813a	cb4c825dedbb6b8ccf1510daf94ccd67c095d4743b9f9b2a3b6dc9fa7c1cda34	8c55751f66ac2930ce115a9419321a2b2bed220b61af2e1671f7ac6e6a2e33b3	8c55751f66ac2930ce115a9419321a2b2bed220b61af2e1671f7ac6e6a2e33b3	af0704ccc7d1e8fdf7a0428100f43471b91430e65224c29b3ba71ed595ef23e6	"{""cfg_hash"":""7b597e4976340689606e650f7a864d1c028938e4a1d0c4201b7092f53302813a"",""conformation"":""9e6y"",""entity_id"":""P1MCPUFP__CPUFP500K_0388__00174"",""entity_type"":""candidate"",""monomer_sha256"":""463dc44b9e28892ab6769d4ec39cbbb8de3517eb4b00f2aaa35257fbabfbd6bd"",""protocol_core_sha256"":""8c55751f66ac2930ce115a9419321a2b2bed220b61af2e1671f7ac6e6a2e33b3"",""restraint_hash"":""cb4c825dedbb6b8ccf1510daf94ccd67c095d4743b9f9b2a3b6dc9fa7c1cda34"",""seed"":42,""sequence_sha256"":""f77391cb04abddbcc919b3202d0a20288713cc77f7c4a3828a8cb1a8a5836d97""}"	4594	TOP200_COMMON4_SEED_COMPLETION	135
CANDIDATE_P1MCPUFP__CPUFP500K_0388__00174_8x6b_s3047_62f5fd857de2	175	candidate	P1MCPUFP__CPUFP500K_0388__00174		CANDIDATE_UNKNOWN	8x6b	3047	f77391cb04abddbcc919b3202d0a20288713cc77f7c4a3828a8cb1a8a5836d97	26-35	53-59	98-116	27,28,29,30,31,34,35,36,37,38,56,57,58,59,63,64,65,105,106,107,108,109,110,111,112,113,114,115,116,117	inputs/candidate_monomers/P1MCPUFP__CPUFP500K_0388__00174.pdb	frozen_nbb2_archive_extract	H	463dc44b9e28892ab6769d4ec39cbbb8de3517eb4b00f2aaa35257fbabfbd6bd	inputs/normalized/8x6b_pvrig_receptor.pdb	T	L	A	UniProt_Q6DKI7	21918201f2d7d8fd86e7fbe3003003c516ebb4de914b20d6f1f82a78554f6225	cb4c825dedbb6b8ccf1510daf94ccd67c095d4743b9f9b2a3b6dc9fa7c1cda34	8c55751f66ac2930ce115a9419321a2b2bed220b61af2e1671f7ac6e6a2e33b3	8c55751f66ac2930ce115a9419321a2b2bed220b61af2e1671f7ac6e6a2e33b3	62f5fd857de2d7bfdbdc47cb58e967ca2db1d2c728ef04adff674663dad61ae0	"{""cfg_hash"":""21918201f2d7d8fd86e7fbe3003003c516ebb4de914b20d6f1f82a78554f6225"",""conformation"":""8x6b"",""entity_id"":""P1MCPUFP__CPUFP500K_0388__00174"",""entity_type"":""candidate"",""monomer_sha256"":""463dc44b9e28892ab6769d4ec39cbbb8de3517eb4b00f2aaa35257fbabfbd6bd"",""protocol_core_sha256"":""8c55751f66ac2930ce115a9419321a2b2bed220b61af2e1671f7ac6e6a2e33b3"",""restraint_hash"":""cb4c825dedbb6b8ccf1510daf94ccd67c095d4743b9f9b2a3b6dc9fa7c1cda34"",""seed"":3047,""sequence_sha256"":""f77391cb04abddbcc919b3202d0a20288713cc77f7c4a3828a8cb1a8a5836d97""}"	4594	TOP200_COMMON4_SEED_COMPLETION	135
CANDIDATE_P1MCPUFP__CPUFP500K_0388__00174_9e6y_s3047_19540d9d3fe2	176	candidate	P1MCPUFP__CPUFP500K_0388__00174		CANDIDATE_UNKNOWN	9e6y	3047	f77391cb04abddbcc919b3202d0a20288713cc77f7c4a3828a8cb1a8a5836d97	26-35	53-59	98-116	27,28,29,30,31,34,35,36,37,38,56,57,58,59,63,64,65,105,106,107,108,109,110,111,112,113,114,115,116,117	inputs/candidate_monomers/P1MCPUFP__CPUFP500K_0388__00174.pdb	frozen_nbb2_archive_extract	H	463dc44b9e28892ab6769d4ec39cbbb8de3517eb4b00f2aaa35257fbabfbd6bd	inputs/normalized/9e6y_pvrig_receptor.pdb	T	L	A	UniProt_Q6DKI7	036faa08876ef5dc8e4331507bf042bf828faae3f3cf5a5fd358a89d5fb215da	cb4c825dedbb6b8ccf1510daf94ccd67c095d4743b9f9b2a3b6dc9fa7c1cda34	8c55751f66ac2930ce115a9419321a2b2bed220b61af2e1671f7ac6e6a2e33b3	8c55751f66ac2930ce115a9419321a2b2bed220b61af2e1671f7ac6e6a2e33b3	19540d9d3fe296118f166f40e0e8a6360358fa748684c6bac776c73695011de7	"{""cfg_hash"":""036faa08876ef5dc8e4331507bf042bf828faae3f3cf5a5fd358a89d5fb215da"",""conformation"":""9e6y"",""entity_id"":""P1MCPUFP__CPUFP500K_0388__00174"",""entity_type"":""candidate"",""monomer_sha256"":""463dc44b9e28892ab6769d4ec39cbbb8de3517eb4b00f2aaa35257fbabfbd6bd"",""protocol_core_sha256"":""8c55751f66ac2930ce115a9419321a2b2bed220b61af2e1671f7ac6e6a2e33b3"",""restraint_hash"":""cb4c825dedbb6b8ccf1510daf94ccd67c095d4743b9f9b2a3b6dc9fa7c1cda34"",""seed"":3047,""sequence_sha256"":""f77391cb04abddbcc919b3202d0a20288713cc77f7c4a3828a8cb1a8a5836d97""}"	4594	TOP200_COMMON4_SEED_COMPLETION	135
CANDIDATE_P1MCPUFP__CPUFP500K_0487__00827_8x6b_s42_66d940651514	177	candidate	P1MCPUFP__CPUFP500K_0487__00827		CANDIDATE_UNKNOWN	8x6b	42	885b844f1bb7b151e8f9061886db4ca5666a039c731a05a528c26329831dc069	26-35	53-59	98-116	27,28,29,30,31,34,35,36,37,38,56,57,58,59,63,64,65,105,106,107,108,109,110,111,112,113,114,115,116,117	inputs/candidate_monomers/P1MCPUFP__CPUFP500K_0487__00827.pdb	frozen_nbb2_archive_extract	H	6daf9fcacbe066684d8f313a5af7d393d332300c0c87c79ecb49444b233055e5	inputs/normalized/8x6b_pvrig_receptor.pdb	T	L	A	UniProt_Q6DKI7	6e3411303a8196b0e07523e8d66724b2c6a9380dca7a347caa47b5632620a2a8	cb4c825dedbb6b8ccf1510daf94ccd67c095d4743b9f9b2a3b6dc9fa7c1cda34	8c55751f66ac2930ce115a9419321a2b2bed220b61af2e1671f7ac6e6a2e33b3	8c55751f66ac2930ce115a9419321a2b2bed220b61af2e1671f7ac6e6a2e33b3	66d940651514e6ad1dd3230eb0a0b76b0dfa82592688120ccbb3c568167cb896	"{""cfg_hash"":""6e3411303a8196b0e07523e8d66724b2c6a9380dca7a347caa47b5632620a2a8"",""conformation"":""8x6b"",""entity_id"":""P1MCPUFP__CPUFP500K_0487__00827"",""entity_type"":""candidate"",""monomer_sha256"":""6daf9fcacbe066684d8f313a5af7d393d332300c0c87c79ecb49444b233055e5"",""protocol_core_sha256"":""8c55751f66ac2930ce115a9419321a2b2bed220b61af2e1671f7ac6e6a2e33b3"",""restraint_hash"":""cb4c825dedbb6b8ccf1510daf94ccd67c095d4743b9f9b2a3b6dc9fa7c1cda34"",""seed"":42,""sequence_sha256"":""885b844f1bb7b151e8f9061886db4ca5666a039c731a05a528c26329831dc069""}"	2570	TOP200_COMMON4_SEED_COMPLETION	136
CANDIDATE_P1MCPUFP__CPUFP500K_0487__00827_9e6y_s42_f300a9bddcd7	178	candidate	P1MCPUFP__CPUFP500K_0487__00827		CANDIDATE_UNKNOWN	9e6y	42	885b844f1bb7b151e8f9061886db4ca5666a039c731a05a528c26329831dc069	26-35	53-59	98-116	27,28,29,30,31,34,35,36,37,38,56,57,58,59,63,64,65,105,106,107,108,109,110,111,112,113,114,115,116,117	inputs/candidate_monomers/P1MCPUFP__CPUFP500K_0487__00827.pdb	frozen_nbb2_archive_extract	H	6daf9fcacbe066684d8f313a5af7d393d332300c0c87c79ecb49444b233055e5	inputs/normalized/9e6y_pvrig_receptor.pdb	T	L	A	UniProt_Q6DKI7	7b597e4976340689606e650f7a864d1c028938e4a1d0c4201b7092f53302813a	cb4c825dedbb6b8ccf1510daf94ccd67c095d4743b9f9b2a3b6dc9fa7c1cda34	8c55751f66ac2930ce115a9419321a2b2bed220b61af2e1671f7ac6e6a2e33b3	8c55751f66ac2930ce115a9419321a2b2bed220b61af2e1671f7ac6e6a2e33b3	f300a9bddcd7136ece786b2668c98fa8147b742a271ecf17fb930c7a98c64012	"{""cfg_hash"":""7b597e4976340689606e650f7a864d1c028938e4a1d0c4201b7092f53302813a"",""conformation"":""9e6y"",""entity_id"":""P1MCPUFP__CPUFP500K_0487__00827"",""entity_type"":""candidate"",""monomer_sha256"":""6daf9fcacbe066684d8f313a5af7d393d332300c0c87c79ecb49444b233055e5"",""protocol_core_sha256"":""8c55751f66ac2930ce115a9419321a2b2bed220b61af2e1671f7ac6e6a2e33b3"",""restraint_hash"":""cb4c825dedbb6b8ccf1510daf94ccd67c095d4743b9f9b2a3b6dc9fa7c1cda34"",""seed"":42,""sequence_sha256"":""885b844f1bb7b151e8f9061886db4ca5666a039c731a05a528c26329831dc069""}"	2570	TOP200_COMMON4_SEED_COMPLETION	136
CANDIDATE_P1MCPUFP__CPUFP500K_0487__00827_8x6b_s3047_fd69af7e3b1a	179	candidate	P1MCPUFP__CPUFP500K_0487__00827		CANDIDATE_UNKNOWN	8x6b	3047	885b844f1bb7b151e8f9061886db4ca5666a039c731a05a528c26329831dc069	26-35	53-59	98-116	27,28,29,30,31,34,35,36,37,38,56,57,58,59,63,64,65,105,106,107,108,109,110,111,112,113,114,115,116,117	inputs/candidate_monomers/P1MCPUFP__CPUFP500K_0487__00827.pdb	frozen_nbb2_archive_extract	H	6daf9fcacbe066684d8f313a5af7d393d332300c0c87c79ecb49444b233055e5	inputs/normalized/8x6b_pvrig_receptor.pdb	T	L	A	UniProt_Q6DKI7	21918201f2d7d8fd86e7fbe3003003c516ebb4de914b20d6f1f82a78554f6225	cb4c825dedbb6b8ccf1510daf94ccd67c095d4743b9f9b2a3b6dc9fa7c1cda34	8c55751f66ac2930ce115a9419321a2b2bed220b61af2e1671f7ac6e6a2e33b3	8c55751f66ac2930ce115a9419321a2b2bed220b61af2e1671f7ac6e6a2e33b3	fd69af7e3b1aa461a55d846a68cc99ffe67a809ad3ec342f6684d60932bddc6c	"{""cfg_hash"":""21918201f2d7d8fd86e7fbe3003003c516ebb4de914b20d6f1f82a78554f6225"",""conformation"":""8x6b"",""entity_id"":""P1MCPUFP__CPUFP500K_0487__00827"",""entity_type"":""candidate"",""monomer_sha256"":""6daf9fcacbe066684d8f313a5af7d393d332300c0c87c79ecb49444b233055e5"",""protocol_core_sha256"":""8c55751f66ac2930ce115a9419321a2b2bed220b61af2e1671f7ac6e6a2e33b3"",""restraint_hash"":""cb4c825dedbb6b8ccf1510daf94ccd67c095d4743b9f9b2a3b6dc9fa7c1cda34"",""seed"":3047,""sequence_sha256"":""885b844f1bb7b151e8f9061886db4ca5666a039c731a05a528c26329831dc069""}"	2570	TOP200_COMMON4_SEED_COMPLETION	136
CANDIDATE_P1MCPUFP__CPUFP500K_0487__00827_9e6y_s3047_7116a6302118	180	candidate	P1MCPUFP__CPUFP500K_0487__00827		CANDIDATE_UNKNOWN	9e6y	3047	885b844f1bb7b151e8f9061886db4ca5666a039c731a05a528c26329831dc069	26-35	53-59	98-116	27,28,29,30,31,34,35,36,37,38,56,57,58,59,63,64,65,105,106,107,108,109,110,111,112,113,114,115,116,117	inputs/candidate_monomers/P1MCPUFP__CPUFP500K_0487__00827.pdb	frozen_nbb2_archive_extract	H	6daf9fcacbe066684d8f313a5af7d393d332300c0c87c79ecb49444b233055e5	inputs/normalized/9e6y_pvrig_receptor.pdb	T	L	A	UniProt_Q6DKI7	036faa08876ef5dc8e4331507bf042bf828faae3f3cf5a5fd358a89d5fb215da	cb4c825dedbb6b8ccf1510daf94ccd67c095d4743b9f9b2a3b6dc9fa7c1cda34	8c55751f66ac2930ce115a9419321a2b2bed220b61af2e1671f7ac6e6a2e33b3	8c55751f66ac2930ce115a9419321a2b2bed220b61af2e1671f7ac6e6a2e33b3	7116a630211809afc8d41366704787cfc7dd4b954ba20c4a293e6ead883ec8ca	"{""cfg_hash"":""036faa08876ef5dc8e4331507bf042bf828faae3f3cf5a5fd358a89d5fb215da"",""conformation"":""9e6y"",""entity_id"":""P1MCPUFP__CPUFP500K_0487__00827"",""entity_type"":""candidate"",""monomer_sha256"":""6daf9fcacbe066684d8f313a5af7d393d332300c0c87c79ecb49444b233055e5"",""protocol_core_sha256"":""8c55751f66ac2930ce115a9419321a2b2bed220b61af2e1671f7ac6e6a2e33b3"",""restraint_hash"":""cb4c825dedbb6b8ccf1510daf94ccd67c095d4743b9f9b2a3b6dc9fa7c1cda34"",""seed"":3047,""sequence_sha256"":""885b844f1bb7b151e8f9061886db4ca5666a039c731a05a528c26329831dc069""}"	2570	TOP200_COMMON4_SEED_COMPLETION	136
CANDIDATE_P1MCPUFP__CPUFP500K_0388__00757_8x6b_s42_5f749950dee9	181	candidate	P1MCPUFP__CPUFP500K_0388__00757		CANDIDATE_UNKNOWN	8x6b	42	c95882271969706bd602bf647fa54b104590ea9f7f0b7af5f2ea66e44314d8fb	26-35	53-59	98-116	27,28,29,30,31,34,35,36,37,38,56,57,58,59,63,64,65,105,106,107,108,109,110,111,112,113,114,115,116,117	inputs/candidate_monomers/P1MCPUFP__CPUFP500K_0388__00757.pdb	frozen_nbb2_archive_extract	H	df7f58a79cb3fc1b5112baad35f6348ab8fb98e42dfc69ebc1b7d2f25a0b3cb4	inputs/normalized/8x6b_pvrig_receptor.pdb	T	L	A	UniProt_Q6DKI7	6e3411303a8196b0e07523e8d66724b2c6a9380dca7a347caa47b5632620a2a8	cb4c825dedbb6b8ccf1510daf94ccd67c095d4743b9f9b2a3b6dc9fa7c1cda34	8c55751f66ac2930ce115a9419321a2b2bed220b61af2e1671f7ac6e6a2e33b3	8c55751f66ac2930ce115a9419321a2b2bed220b61af2e1671f7ac6e6a2e33b3	5f749950dee9a67c04e3cf29e4a14c7253a5f279777620171e73351c687757a1	"{""cfg_hash"":""6e3411303a8196b0e07523e8d66724b2c6a9380dca7a347caa47b5632620a2a8"",""conformation"":""8x6b"",""entity_id"":""P1MCPUFP__CPUFP500K_0388__00757"",""entity_type"":""candidate"",""monomer_sha256"":""df7f58a79cb3fc1b5112baad35f6348ab8fb98e42dfc69ebc1b7d2f25a0b3cb4"",""protocol_core_sha256"":""8c55751f66ac2930ce115a9419321a2b2bed220b61af2e1671f7ac6e6a2e33b3"",""restraint_hash"":""cb4c825dedbb6b8ccf1510daf94ccd67c095d4743b9f9b2a3b6dc9fa7c1cda34"",""seed"":42,""sequence_sha256"":""c95882271969706bd602bf647fa54b104590ea9f7f0b7af5f2ea66e44314d8fb""}"	4171	TOP200_COMMON4_SEED_COMPLETION	137
CANDIDATE_P1MCPUFP__CPUFP500K_0388__00757_9e6y_s42_3b10135fb7cb	182	candidate	P1MCPUFP__CPUFP500K_0388__00757		CANDIDATE_UNKNOWN	9e6y	42	c95882271969706bd602bf647fa54b104590ea9f7f0b7af5f2ea66e44314d8fb	26-35	53-59	98-116	27,28,29,30,31,34,35,36,37,38,56,57,58,59,63,64,65,105,106,107,108,109,110,111,112,113,114,115,116,117	inputs/candidate_monomers/P1MCPUFP__CPUFP500K_0388__00757.pdb	frozen_nbb2_archive_extract	H	df7f58a79cb3fc1b5112baad35f6348ab8fb98e42dfc69ebc1b7d2f25a0b3cb4	inputs/normalized/9e6y_pvrig_receptor.pdb	T	L	A	UniProt_Q6DKI7	7b597e4976340689606e650f7a864d1c028938e4a1d0c4201b7092f53302813a	cb4c825dedbb6b8ccf1510daf94ccd67c095d4743b9f9b2a3b6dc9fa7c1cda34	8c55751f66ac2930ce115a9419321a2b2bed220b61af2e1671f7ac6e6a2e33b3	8c55751f66ac2930ce115a9419321a2b2bed220b61af2e1671f7ac6e6a2e33b3	3b10135fb7cb3d0f8dfb444309d47a4c815071d82f7fe34f87184193478bc347	"{""cfg_hash"":""7b597e4976340689606e650f7a864d1c028938e4a1d0c4201b7092f53302813a"",""conformation"":""9e6y"",""entity_id"":""P1MCPUFP__CPUFP500K_0388__00757"",""entity_type"":""candidate"",""monomer_sha256"":""df7f58a79cb3fc1b5112baad35f6348ab8fb98e42dfc69ebc1b7d2f25a0b3cb4"",""protocol_core_sha256"":""8c55751f66ac2930ce115a9419321a2b2bed220b61af2e1671f7ac6e6a2e33b3"",""restraint_hash"":""cb4c825dedbb6b8ccf1510daf94ccd67c095d4743b9f9b2a3b6dc9fa7c1cda34"",""seed"":42,""sequence_sha256"":""c95882271969706bd602bf647fa54b104590ea9f7f0b7af5f2ea66e44314d8fb""}"	4171	TOP200_COMMON4_SEED_COMPLETION	137
CANDIDATE_P1MCPUFP__CPUFP500K_0388__00757_8x6b_s3047_149a8206e5ce	183	candidate	P1MCPUFP__CPUFP500K_0388__00757		CANDIDATE_UNKNOWN	8x6b	3047	c95882271969706bd602bf647fa54b104590ea9f7f0b7af5f2ea66e44314d8fb	26-35	53-59	98-116	27,28,29,30,31,34,35,36,37,38,56,57,58,59,63,64,65,105,106,107,108,109,110,111,112,113,114,115,116,117	inputs/candidate_monomers/P1MCPUFP__CPUFP500K_0388__00757.pdb	frozen_nbb2_archive_extract	H	df7f58a79cb3fc1b5112baad35f6348ab8fb98e42dfc69ebc1b7d2f25a0b3cb4	inputs/normalized/8x6b_pvrig_receptor.pdb	T	L	A	UniProt_Q6DKI7	21918201f2d7d8fd86e7fbe3003003c516ebb4de914b20d6f1f82a78554f6225	cb4c825dedbb6b8ccf1510daf94ccd67c095d4743b9f9b2a3b6dc9fa7c1cda34	8c55751f66ac2930ce115a9419321a2b2bed220b61af2e1671f7ac6e6a2e33b3	8c55751f66ac2930ce115a9419321a2b2bed220b61af2e1671f7ac6e6a2e33b3	149a8206e5ce98aa12a1975006654eb36c79dbba883d502b64093fd48e005d42	"{""cfg_hash"":""21918201f2d7d8fd86e7fbe3003003c516ebb4de914b20d6f1f82a78554f6225"",""conformation"":""8x6b"",""entity_id"":""P1MCPUFP__CPUFP500K_0388__00757"",""entity_type"":""candidate"",""monomer_sha256"":""df7f58a79cb3fc1b5112baad35f6348ab8fb98e42dfc69ebc1b7d2f25a0b3cb4"",""protocol_core_sha256"":""8c55751f66ac2930ce115a9419321a2b2bed220b61af2e1671f7ac6e6a2e33b3"",""restraint_hash"":""cb4c825dedbb6b8ccf1510daf94ccd67c095d4743b9f9b2a3b6dc9fa7c1cda34"",""seed"":3047,""sequence_sha256"":""c95882271969706bd602bf647fa54b104590ea9f7f0b7af5f2ea66e44314d8fb""}"	4171	TOP200_COMMON4_SEED_COMPLETION	137
CANDIDATE_P1MCPUFP__CPUFP500K_0388__00757_9e6y_s3047_bcd4a1990168	184	candidate	P1MCPUFP__CPUFP500K_0388__00757		CANDIDATE_UNKNOWN	9e6y	3047	c95882271969706bd602bf647fa54b104590ea9f7f0b7af5f2ea66e44314d8fb	26-35	53-59	98-116	27,28,29,30,31,34,35,36,37,38,56,57,58,59,63,64,65,105,106,107,108,109,110,111,112,113,114,115,116,117	inputs/candidate_monomers/P1MCPUFP__CPUFP500K_0388__00757.pdb	frozen_nbb2_archive_extract	H	df7f58a79cb3fc1b5112baad35f6348ab8fb98e42dfc69ebc1b7d2f25a0b3cb4	inputs/normalized/9e6y_pvrig_receptor.pdb	T	L	A	UniProt_Q6DKI7	036faa08876ef5dc8e4331507bf042bf828faae3f3cf5a5fd358a89d5fb215da	cb4c825dedbb6b8ccf1510daf94ccd67c095d4743b9f9b2a3b6dc9fa7c1cda34	8c55751f66ac2930ce115a9419321a2b2bed220b61af2e1671f7ac6e6a2e33b3	8c55751f66ac2930ce115a9419321a2b2bed220b61af2e1671f7ac6e6a2e33b3	bcd4a19901681fa93b3037f7b20fdf250661b6b9096c8b1218eba73ed3260f40	"{""cfg_hash"":""036faa08876ef5dc8e4331507bf042bf828faae3f3cf5a5fd358a89d5fb215da"",""conformation"":""9e6y"",""entity_id"":""P1MCPUFP__CPUFP500K_0388__00757"",""entity_type"":""candidate"",""monomer_sha256"":""df7f58a79cb3fc1b5112baad35f6348ab8fb98e42dfc69ebc1b7d2f25a0b3cb4"",""protocol_core_sha256"":""8c55751f66ac2930ce115a9419321a2b2bed220b61af2e1671f7ac6e6a2e33b3"",""restraint_hash"":""cb4c825dedbb6b8ccf1510daf94ccd67c095d4743b9f9b2a3b6dc9fa7c1cda34"",""seed"":3047,""sequence_sha256"":""c95882271969706bd602bf647fa54b104590ea9f7f0b7af5f2ea66e44314d8fb""}"	4171	TOP200_COMMON4_SEED_COMPLETION	137
CANDIDATE_P1MCPUFP__CPUFP500K_0190__00879_8x6b_s42_267b0bdf44cd	185	candidate	P1MCPUFP__CPUFP500K_0190__00879		CANDIDATE_UNKNOWN	8x6b	42	c5bd7eede0ce7b0474e1e3941acf51477dbc43cf5f7d2cb1c47b7cd507aea5d1	26-35	53-59	98-116	27,28,29,30,31,34,35,36,37,38,56,57,58,59,63,64,65,105,106,107,108,109,110,111,112,113,114,115,116,117	inputs/candidate_monomers/P1MCPUFP__CPUFP500K_0190__00879.pdb	frozen_nbb2_archive_extract	H	c67872927cad616c546cbc887ffc758825cd99dbc0adffd69bfb2a0a4bbd9b5c	inputs/normalized/8x6b_pvrig_receptor.pdb	T	L	A	UniProt_Q6DKI7	6e3411303a8196b0e07523e8d66724b2c6a9380dca7a347caa47b5632620a2a8	cb4c825dedbb6b8ccf1510daf94ccd67c095d4743b9f9b2a3b6dc9fa7c1cda34	8c55751f66ac2930ce115a9419321a2b2bed220b61af2e1671f7ac6e6a2e33b3	8c55751f66ac2930ce115a9419321a2b2bed220b61af2e1671f7ac6e6a2e33b3	267b0bdf44cd81f787c2b269de1573fb715b4c1a549048580d91298b73fbcf6c	"{""cfg_hash"":""6e3411303a8196b0e07523e8d66724b2c6a9380dca7a347caa47b5632620a2a8"",""conformation"":""8x6b"",""entity_id"":""P1MCPUFP__CPUFP500K_0190__00879"",""entity_type"":""candidate"",""monomer_sha256"":""c67872927cad616c546cbc887ffc758825cd99dbc0adffd69bfb2a0a4bbd9b5c"",""protocol_core_sha256"":""8c55751f66ac2930ce115a9419321a2b2bed220b61af2e1671f7ac6e6a2e33b3"",""restraint_hash"":""cb4c825dedbb6b8ccf1510daf94ccd67c095d4743b9f9b2a3b6dc9fa7c1cda34"",""seed"":42,""sequence_sha256"":""c5bd7eede0ce7b0474e1e3941acf51477dbc43cf5f7d2cb1c47b7cd507aea5d1""}"	6614	TOP200_COMMON4_SEED_COMPLETION	139
CANDIDATE_P1MCPUFP__CPUFP500K_0190__00879_9e6y_s42_6703d73dd6ab	186	candidate	P1MCPUFP__CPUFP500K_0190__00879		CANDIDATE_UNKNOWN	9e6y	42	c5bd7eede0ce7b0474e1e3941acf51477dbc43cf5f7d2cb1c47b7cd507aea5d1	26-35	53-59	98-116	27,28,29,30,31,34,35,36,37,38,56,57,58,59,63,64,65,105,106,107,108,109,110,111,112,113,114,115,116,117	inputs/candidate_monomers/P1MCPUFP__CPUFP500K_0190__00879.pdb	frozen_nbb2_archive_extract	H	c67872927cad616c546cbc887ffc758825cd99dbc0adffd69bfb2a0a4bbd9b5c	inputs/normalized/9e6y_pvrig_receptor.pdb	T	L	A	UniProt_Q6DKI7	7b597e4976340689606e650f7a864d1c028938e4a1d0c4201b7092f53302813a	cb4c825dedbb6b8ccf1510daf94ccd67c095d4743b9f9b2a3b6dc9fa7c1cda34	8c55751f66ac2930ce115a9419321a2b2bed220b61af2e1671f7ac6e6a2e33b3	8c55751f66ac2930ce115a9419321a2b2bed220b61af2e1671f7ac6e6a2e33b3	6703d73dd6ab74efd42e92bbd0ef38f53678db3bf0f0410531be2cd6877f53ab	"{""cfg_hash"":""7b597e4976340689606e650f7a864d1c028938e4a1d0c4201b7092f53302813a"",""conformation"":""9e6y"",""entity_id"":""P1MCPUFP__CPUFP500K_0190__00879"",""entity_type"":""candidate"",""monomer_sha256"":""c67872927cad616c546cbc887ffc758825cd99dbc0adffd69bfb2a0a4bbd9b5c"",""protocol_core_sha256"":""8c55751f66ac2930ce115a9419321a2b2bed220b61af2e1671f7ac6e6a2e33b3"",""restraint_hash"":""cb4c825dedbb6b8ccf1510daf94ccd67c095d4743b9f9b2a3b6dc9fa7c1cda34"",""seed"":42,""sequence_sha256"":""c5bd7eede0ce7b0474e1e3941acf51477dbc43cf5f7d2cb1c47b7cd507aea5d1""}"	6614	TOP200_COMMON4_SEED_COMPLETION	139
CANDIDATE_P1MCPUFP__CPUFP500K_0190__00879_8x6b_s3047_c66af3f465ec	187	candidate	P1MCPUFP__CPUFP500K_0190__00879		CANDIDATE_UNKNOWN	8x6b	3047	c5bd7eede0ce7b0474e1e3941acf51477dbc43cf5f7d2cb1c47b7cd507aea5d1	26-35	53-59	98-116	27,28,29,30,31,34,35,36,37,38,56,57,58,59,63,64,65,105,106,107,108,109,110,111,112,113,114,115,116,117	inputs/candidate_monomers/P1MCPUFP__CPUFP500K_0190__00879.pdb	frozen_nbb2_archive_extract	H	c67872927cad616c546cbc887ffc758825cd99dbc0adffd69bfb2a0a4bbd9b5c	inputs/normalized/8x6b_pvrig_receptor.pdb	T	L	A	UniProt_Q6DKI7	21918201f2d7d8fd86e7fbe3003003c516ebb4de914b20d6f1f82a78554f6225	cb4c825dedbb6b8ccf1510daf94ccd67c095d4743b9f9b2a3b6dc9fa7c1cda34	8c55751f66ac2930ce115a9419321a2b2bed220b61af2e1671f7ac6e6a2e33b3	8c55751f66ac2930ce115a9419321a2b2bed220b61af2e1671f7ac6e6a2e33b3	c66af3f465ec852ad39590fce250d22d0a5df863e5749226338630c535f6f25a	"{""cfg_hash"":""21918201f2d7d8fd86e7fbe3003003c516ebb4de914b20d6f1f82a78554f6225"",""conformation"":""8x6b"",""entity_id"":""P1MCPUFP__CPUFP500K_0190__00879"",""entity_type"":""candidate"",""monomer_sha256"":""c67872927cad616c546cbc887ffc758825cd99dbc0adffd69bfb2a0a4bbd9b5c"",""protocol_core_sha256"":""8c55751f66ac2930ce115a9419321a2b2bed220b61af2e1671f7ac6e6a2e33b3"",""restraint_hash"":""cb4c825dedbb6b8ccf1510daf94ccd67c095d4743b9f9b2a3b6dc9fa7c1cda34"",""seed"":3047,""sequence_sha256"":""c5bd7eede0ce7b0474e1e3941acf51477dbc43cf5f7d2cb1c47b7cd507aea5d1""}"	6614	TOP200_COMMON4_SEED_COMPLETION	139
CANDIDATE_P1MCPUFP__CPUFP500K_0190__00879_9e6y_s3047_8ef0f5e201cf	188	candidate	P1MCPUFP__CPUFP500K_0190__00879		CANDIDATE_UNKNOWN	9e6y	3047	c5bd7eede0ce7b0474e1e3941acf51477dbc43cf5f7d2cb1c47b7cd507aea5d1	26-35	53-59	98-116	27,28,29,30,31,34,35,36,37,38,56,57,58,59,63,64,65,105,106,107,108,109,110,111,112,113,114,115,116,117	inputs/candidate_monomers/P1MCPUFP__CPUFP500K_0190__00879.pdb	frozen_nbb2_archive_extract	H	c67872927cad616c546cbc887ffc758825cd99dbc0adffd69bfb2a0a4bbd9b5c	inputs/normalized/9e6y_pvrig_receptor.pdb	T	L	A	UniProt_Q6DKI7	036faa08876ef5dc8e4331507bf042bf828faae3f3cf5a5fd358a89d5fb215da	cb4c825dedbb6b8ccf1510daf94ccd67c095d4743b9f9b2a3b6dc9fa7c1cda34	8c55751f66ac2930ce115a9419321a2b2bed220b61af2e1671f7ac6e6a2e33b3	8c55751f66ac2930ce115a9419321a2b2bed220b61af2e1671f7ac6e6a2e33b3	8ef0f5e201cf7d5d10e1935683f8fad3f3da0b0ff64598230dcead5eb8e5bc35	"{""cfg_hash"":""036faa08876ef5dc8e4331507bf042bf828faae3f3cf5a5fd358a89d5fb215da"",""conformation"":""9e6y"",""entity_id"":""P1MCPUFP__CPUFP500K_0190__00879"",""entity_type"":""candidate"",""monomer_sha256"":""c67872927cad616c546cbc887ffc758825cd99dbc0adffd69bfb2a0a4bbd9b5c"",""protocol_core_sha256"":""8c55751f66ac2930ce115a9419321a2b2bed220b61af2e1671f7ac6e6a2e33b3"",""restraint_hash"":""cb4c825dedbb6b8ccf1510daf94ccd67c095d4743b9f9b2a3b6dc9fa7c1cda34"",""seed"":3047,""sequence_sha256"":""c5bd7eede0ce7b0474e1e3941acf51477dbc43cf5f7d2cb1c47b7cd507aea5d1""}"	6614	TOP200_COMMON4_SEED_COMPLETION	139
CANDIDATE_P1MCPUFP__CPUFP500K_0134__00289_8x6b_s42_4f8b3750e872	189	candidate	P1MCPUFP__CPUFP500K_0134__00289		CANDIDATE_UNKNOWN	8x6b	42	4f6f465cd41f8505f63059265efe981867b9adc131be0dba27c259dd11611a44	26-33	51-58	97-112	27,28,29,30,35,36,37,38,56,57,58,59,62,63,64,65,105,106,107,108,109,110,111,112,113,114,115,116,117	inputs/candidate_monomers/P1MCPUFP__CPUFP500K_0134__00289.pdb	frozen_nbb2_archive_extract	H	4d291957613bef7ba80953496baca907a5982db398b012dd5fd079d92f6d0d69	inputs/normalized/8x6b_pvrig_receptor.pdb	T	L	A	UniProt_Q6DKI7	6e3411303a8196b0e07523e8d66724b2c6a9380dca7a347caa47b5632620a2a8	4c76f09ba6c24bc9c82a9a97a8fa1f279c4d5ce2a6d051dbf284751701c25880	8c55751f66ac2930ce115a9419321a2b2bed220b61af2e1671f7ac6e6a2e33b3	8c55751f66ac2930ce115a9419321a2b2bed220b61af2e1671f7ac6e6a2e33b3	4f8b3750e8725b23214170b6c4b8b8b6f402ff34eea6d3fec10b48c30b3c9100	"{""cfg_hash"":""6e3411303a8196b0e07523e8d66724b2c6a9380dca7a347caa47b5632620a2a8"",""conformation"":""8x6b"",""entity_id"":""P1MCPUFP__CPUFP500K_0134__00289"",""entity_type"":""candidate"",""monomer_sha256"":""4d291957613bef7ba80953496baca907a5982db398b012dd5fd079d92f6d0d69"",""protocol_core_sha256"":""8c55751f66ac2930ce115a9419321a2b2bed220b61af2e1671f7ac6e6a2e33b3"",""restraint_hash"":""4c76f09ba6c24bc9c82a9a97a8fa1f279c4d5ce2a6d051dbf284751701c25880"",""seed"":42,""sequence_sha256"":""4f6f465cd41f8505f63059265efe981867b9adc131be0dba27c259dd11611a44""}"	4160	TOP200_COMMON4_SEED_COMPLETION	140
CANDIDATE_P1MCPUFP__CPUFP500K_0134__00289_9e6y_s42_40a866a6354b	190	candidate	P1MCPUFP__CPUFP500K_0134__00289		CANDIDATE_UNKNOWN	9e6y	42	4f6f465cd41f8505f63059265efe981867b9adc131be0dba27c259dd11611a44	26-33	51-58	97-112	27,28,29,30,35,36,37,38,56,57,58,59,62,63,64,65,105,106,107,108,109,110,111,112,113,114,115,116,117	inputs/candidate_monomers/P1MCPUFP__CPUFP500K_0134__00289.pdb	frozen_nbb2_archive_extract	H	4d291957613bef7ba80953496baca907a5982db398b012dd5fd079d92f6d0d69	inputs/normalized/9e6y_pvrig_receptor.pdb	T	L	A	UniProt_Q6DKI7	7b597e4976340689606e650f7a864d1c028938e4a1d0c4201b7092f53302813a	4c76f09ba6c24bc9c82a9a97a8fa1f279c4d5ce2a6d051dbf284751701c25880	8c55751f66ac2930ce115a9419321a2b2bed220b61af2e1671f7ac6e6a2e33b3	8c55751f66ac2930ce115a9419321a2b2bed220b61af2e1671f7ac6e6a2e33b3	40a866a6354b7c44bf884e2256ab954bdb30b0118f37f1d6e1f14deee944d2f8	"{""cfg_hash"":""7b597e4976340689606e650f7a864d1c028938e4a1d0c4201b7092f53302813a"",""conformation"":""9e6y"",""entity_id"":""P1MCPUFP__CPUFP500K_0134__00289"",""entity_type"":""candidate"",""monomer_sha256"":""4d291957613bef7ba80953496baca907a5982db398b012dd5fd079d92f6d0d69"",""protocol_core_sha256"":""8c55751f66ac2930ce115a9419321a2b2bed220b61af2e1671f7ac6e6a2e33b3"",""restraint_hash"":""4c76f09ba6c24bc9c82a9a97a8fa1f279c4d5ce2a6d051dbf284751701c25880"",""seed"":42,""sequence_sha256"":""4f6f465cd41f8505f63059265efe981867b9adc131be0dba27c259dd11611a44""}"	4160	TOP200_COMMON4_SEED_COMPLETION	140
CANDIDATE_P1MCPUFP__CPUFP500K_0134__00289_8x6b_s3047_ac2496489850	191	candidate	P1MCPUFP__CPUFP500K_0134__00289		CANDIDATE_UNKNOWN	8x6b	3047	4f6f465cd41f8505f63059265efe981867b9adc131be0dba27c259dd11611a44	26-33	51-58	97-112	27,28,29,30,35,36,37,38,56,57,58,59,62,63,64,65,105,106,107,108,109,110,111,112,113,114,115,116,117	inputs/candidate_monomers/P1MCPUFP__CPUFP500K_0134__00289.pdb	frozen_nbb2_archive_extract	H	4d291957613bef7ba80953496baca907a5982db398b012dd5fd079d92f6d0d69	inputs/normalized/8x6b_pvrig_receptor.pdb	T	L	A	UniProt_Q6DKI7	21918201f2d7d8fd86e7fbe3003003c516ebb4de914b20d6f1f82a78554f6225	4c76f09ba6c24bc9c82a9a97a8fa1f279c4d5ce2a6d051dbf284751701c25880	8c55751f66ac2930ce115a9419321a2b2bed220b61af2e1671f7ac6e6a2e33b3	8c55751f66ac2930ce115a9419321a2b2bed220b61af2e1671f7ac6e6a2e33b3	ac24964898508f3a7824ae17cb1a966c03ff137c4b848980b0f04db2d8e23ce5	"{""cfg_hash"":""21918201f2d7d8fd86e7fbe3003003c516ebb4de914b20d6f1f82a78554f6225"",""conformation"":""8x6b"",""entity_id"":""P1MCPUFP__CPUFP500K_0134__00289"",""entity_type"":""candidate"",""monomer_sha256"":""4d291957613bef7ba80953496baca907a5982db398b012dd5fd079d92f6d0d69"",""protocol_core_sha256"":""8c55751f66ac2930ce115a9419321a2b2bed220b61af2e1671f7ac6e6a2e33b3"",""restraint_hash"":""4c76f09ba6c24bc9c82a9a97a8fa1f279c4d5ce2a6d051dbf284751701c25880"",""seed"":3047,""sequence_sha256"":""4f6f465cd41f8505f63059265efe981867b9adc131be0dba27c259dd11611a44""}"	4160	TOP200_COMMON4_SEED_COMPLETION	140
CANDIDATE_P1MCPUFP__CPUFP500K_0134__00289_9e6y_s3047_b12f6e47bd96	192	candidate	P1MCPUFP__CPUFP500K_0134__00289		CANDIDATE_UNKNOWN	9e6y	3047	4f6f465cd41f8505f63059265efe981867b9adc131be0dba27c259dd11611a44	26-33	51-58	97-112	27,28,29,30,35,36,37,38,56,57,58,59,62,63,64,65,105,106,107,108,109,110,111,112,113,114,115,116,117	inputs/candidate_monomers/P1MCPUFP__CPUFP500K_0134__00289.pdb	frozen_nbb2_archive_extract	H	4d291957613bef7ba80953496baca907a5982db398b012dd5fd079d92f6d0d69	inputs/normalized/9e6y_pvrig_receptor.pdb	T	L	A	UniProt_Q6DKI7	036faa08876ef5dc8e4331507bf042bf828faae3f3cf5a5fd358a89d5fb215da	4c76f09ba6c24bc9c82a9a97a8fa1f279c4d5ce2a6d051dbf284751701c25880	8c55751f66ac2930ce115a9419321a2b2bed220b61af2e1671f7ac6e6a2e33b3	8c55751f66ac2930ce115a9419321a2b2bed220b61af2e1671f7ac6e6a2e33b3	b12f6e47bd96b1ed4205f022b2df77049984d635f2b9053e7cbbe0390173d372	"{""cfg_hash"":""036faa08876ef5dc8e4331507bf042bf828faae3f3cf5a5fd358a89d5fb215da"",""conformation"":""9e6y"",""entity_id"":""P1MCPUFP__CPUFP500K_0134__00289"",""entity_type"":""candidate"",""monomer_sha256"":""4d291957613bef7ba80953496baca907a5982db398b012dd5fd079d92f6d0d69"",""protocol_core_sha256"":""8c55751f66ac2930ce115a9419321a2b2bed220b61af2e1671f7ac6e6a2e33b3"",""restraint_hash"":""4c76f09ba6c24bc9c82a9a97a8fa1f279c4d5ce2a6d051dbf284751701c25880"",""seed"":3047,""sequence_sha256"":""4f6f465cd41f8505f63059265efe981867b9adc131be0dba27c259dd11611a44""}"	4160	TOP200_COMMON4_SEED_COMPLETION	140
CANDIDATE_P1MCPUFP__CPUFP500K_0432__00378_8x6b_s42_5de7505819ef	193	candidate	P1MCPUFP__CPUFP500K_0432__00378		CANDIDATE_UNKNOWN	8x6b	42	f62e47c17343fb1d001034cc0956443924ab0b10ceda1939ccd1f4bb48c59687	26-33	51-58	97-112	27,28,29,30,35,36,37,38,56,57,58,59,62,63,64,65,105,106,107,108,109,110,111,112,113,114,115,116,117	inputs/candidate_monomers/P1MCPUFP__CPUFP500K_0432__00378.pdb	frozen_nbb2_archive_extract	H	8697ba2bf679be28d924ed7d90c359f478f45af5639f99a141d7400ac709952b	inputs/normalized/8x6b_pvrig_receptor.pdb	T	L	A	UniProt_Q6DKI7	6e3411303a8196b0e07523e8d66724b2c6a9380dca7a347caa47b5632620a2a8	4c76f09ba6c24bc9c82a9a97a8fa1f279c4d5ce2a6d051dbf284751701c25880	8c55751f66ac2930ce115a9419321a2b2bed220b61af2e1671f7ac6e6a2e33b3	8c55751f66ac2930ce115a9419321a2b2bed220b61af2e1671f7ac6e6a2e33b3	5de7505819efe4d41f38b4db5dde6bce848575f16e3afe8fe7b5b49691f49d4f	"{""cfg_hash"":""6e3411303a8196b0e07523e8d66724b2c6a9380dca7a347caa47b5632620a2a8"",""conformation"":""8x6b"",""entity_id"":""P1MCPUFP__CPUFP500K_0432__00378"",""entity_type"":""candidate"",""monomer_sha256"":""8697ba2bf679be28d924ed7d90c359f478f45af5639f99a141d7400ac709952b"",""protocol_core_sha256"":""8c55751f66ac2930ce115a9419321a2b2bed220b61af2e1671f7ac6e6a2e33b3"",""restraint_hash"":""4c76f09ba6c24bc9c82a9a97a8fa1f279c4d5ce2a6d051dbf284751701c25880"",""seed"":42,""sequence_sha256"":""f62e47c17343fb1d001034cc0956443924ab0b10ceda1939ccd1f4bb48c59687""}"	5742	TOP200_COMMON4_SEED_COMPLETION	141
CANDIDATE_P1MCPUFP__CPUFP500K_0432__00378_9e6y_s42_9edf4f295c63	194	candidate	P1MCPUFP__CPUFP500K_0432__00378		CANDIDATE_UNKNOWN	9e6y	42	f62e47c17343fb1d001034cc0956443924ab0b10ceda1939ccd1f4bb48c59687	26-33	51-58	97-112	27,28,29,30,35,36,37,38,56,57,58,59,62,63,64,65,105,106,107,108,109,110,111,112,113,114,115,116,117	inputs/candidate_monomers/P1MCPUFP__CPUFP500K_0432__00378.pdb	frozen_nbb2_archive_extract	H	8697ba2bf679be28d924ed7d90c359f478f45af5639f99a141d7400ac709952b	inputs/normalized/9e6y_pvrig_receptor.pdb	T	L	A	UniProt_Q6DKI7	7b597e4976340689606e650f7a864d1c028938e4a1d0c4201b7092f53302813a	4c76f09ba6c24bc9c82a9a97a8fa1f279c4d5ce2a6d051dbf284751701c25880	8c55751f66ac2930ce115a9419321a2b2bed220b61af2e1671f7ac6e6a2e33b3	8c55751f66ac2930ce115a9419321a2b2bed220b61af2e1671f7ac6e6a2e33b3	9edf4f295c6304a0871f6dbcd12a7fbbf3903b1779526db4491c83ffd70063e9	"{""cfg_hash"":""7b597e4976340689606e650f7a864d1c028938e4a1d0c4201b7092f53302813a"",""conformation"":""9e6y"",""entity_id"":""P1MCPUFP__CPUFP500K_0432__00378"",""entity_type"":""candidate"",""monomer_sha256"":""8697ba2bf679be28d924ed7d90c359f478f45af5639f99a141d7400ac709952b"",""protocol_core_sha256"":""8c55751f66ac2930ce115a9419321a2b2bed220b61af2e1671f7ac6e6a2e33b3"",""restraint_hash"":""4c76f09ba6c24bc9c82a9a97a8fa1f279c4d5ce2a6d051dbf284751701c25880"",""seed"":42,""sequence_sha256"":""f62e47c17343fb1d001034cc0956443924ab0b10ceda1939ccd1f4bb48c59687""}"	5742	TOP200_COMMON4_SEED_COMPLETION	141
CANDIDATE_P1MCPUFP__CPUFP500K_0432__00378_8x6b_s3047_a282f0d23b14	195	candidate	P1MCPUFP__CPUFP500K_0432__00378		CANDIDATE_UNKNOWN	8x6b	3047	f62e47c17343fb1d001034cc0956443924ab0b10ceda1939ccd1f4bb48c59687	26-33	51-58	97-112	27,28,29,30,35,36,37,38,56,57,58,59,62,63,64,65,105,106,107,108,109,110,111,112,113,114,115,116,117	inputs/candidate_monomers/P1MCPUFP__CPUFP500K_0432__00378.pdb	frozen_nbb2_archive_extract	H	8697ba2bf679be28d924ed7d90c359f478f45af5639f99a141d7400ac709952b	inputs/normalized/8x6b_pvrig_receptor.pdb	T	L	A	UniProt_Q6DKI7	21918201f2d7d8fd86e7fbe3003003c516ebb4de914b20d6f1f82a78554f6225	4c76f09ba6c24bc9c82a9a97a8fa1f279c4d5ce2a6d051dbf284751701c25880	8c55751f66ac2930ce115a9419321a2b2bed220b61af2e1671f7ac6e6a2e33b3	8c55751f66ac2930ce115a9419321a2b2bed220b61af2e1671f7ac6e6a2e33b3	a282f0d23b1440b2981fe4bfcaa3bb1ab89eb247bfe98ff95dd8f0124e6747df	"{""cfg_hash"":""21918201f2d7d8fd86e7fbe3003003c516ebb4de914b20d6f1f82a78554f6225"",""conformation"":""8x6b"",""entity_id"":""P1MCPUFP__CPUFP500K_0432__00378"",""entity_type"":""candidate"",""monomer_sha256"":""8697ba2bf679be28d924ed7d90c359f478f45af5639f99a141d7400ac709952b"",""protocol_core_sha256"":""8c55751f66ac2930ce115a9419321a2b2bed220b61af2e1671f7ac6e6a2e33b3"",""restraint_hash"":""4c76f09ba6c24bc9c82a9a97a8fa1f279c4d5ce2a6d051dbf284751701c25880"",""seed"":3047,""sequence_sha256"":""f62e47c17343fb1d001034cc0956443924ab0b10ceda1939ccd1f4bb48c59687""}"	5742	TOP200_COMMON4_SEED_COMPLETION	141
CANDIDATE_P1MCPUFP__CPUFP500K_0432__00378_9e6y_s3047_27beb3babf37	196	candidate	P1MCPUFP__CPUFP500K_0432__00378		CANDIDATE_UNKNOWN	9e6y	3047	f62e47c17343fb1d001034cc0956443924ab0b10ceda1939ccd1f4bb48c59687	26-33	51-58	97-112	27,28,29,30,35,36,37,38,56,57,58,59,62,63,64,65,105,106,107,108,109,110,111,112,113,114,115,116,117	inputs/candidate_monomers/P1MCPUFP__CPUFP500K_0432__00378.pdb	frozen_nbb2_archive_extract	H	8697ba2bf679be28d924ed7d90c359f478f45af5639f99a141d7400ac709952b	inputs/normalized/9e6y_pvrig_receptor.pdb	T	L	A	UniProt_Q6DKI7	036faa08876ef5dc8e4331507bf042bf828faae3f3cf5a5fd358a89d5fb215da	4c76f09ba6c24bc9c82a9a97a8fa1f279c4d5ce2a6d051dbf284751701c25880	8c55751f66ac2930ce115a9419321a2b2bed220b61af2e1671f7ac6e6a2e33b3	8c55751f66ac2930ce115a9419321a2b2bed220b61af2e1671f7ac6e6a2e33b3	27beb3babf371b6a8ac21b8a4d11cd0ab125136a3c099c6e65f48fa9cdd91cb4	"{""cfg_hash"":""036faa08876ef5dc8e4331507bf042bf828faae3f3cf5a5fd358a89d5fb215da"",""conformation"":""9e6y"",""entity_id"":""P1MCPUFP__CPUFP500K_0432__00378"",""entity_type"":""candidate"",""monomer_sha256"":""8697ba2bf679be28d924ed7d90c359f478f45af5639f99a141d7400ac709952b"",""protocol_core_sha256"":""8c55751f66ac2930ce115a9419321a2b2bed220b61af2e1671f7ac6e6a2e33b3"",""restraint_hash"":""4c76f09ba6c24bc9c82a9a97a8fa1f279c4d5ce2a6d051dbf284751701c25880"",""seed"":3047,""sequence_sha256"":""f62e47c17343fb1d001034cc0956443924ab0b10ceda1939ccd1f4bb48c59687""}"	5742	TOP200_COMMON4_SEED_COMPLETION	141
CANDIDATE_P1MCPUFP__CPUFP500K_0029__00647_8x6b_s42_419c5042517a	197	candidate	P1MCPUFP__CPUFP500K_0029__00647		CANDIDATE_UNKNOWN	8x6b	42	b43bb585be9ee8385a6cac0406521c82b0204df2093bfc178014e275b4132973	26-33	51-58	97-112	27,28,29,30,35,36,37,38,56,57,58,59,62,63,64,65,105,106,107,108,109,110,111,112,113,114,115,116,117	inputs/candidate_monomers/P1MCPUFP__CPUFP500K_0029__00647.pdb	frozen_nbb2_archive_extract	H	09c0af18e7c78545700ad01ebc5ee13469f61ee88d535ed763118e26a9b2e88f	inputs/normalized/8x6b_pvrig_receptor.pdb	T	L	A	UniProt_Q6DKI7	6e3411303a8196b0e07523e8d66724b2c6a9380dca7a347caa47b5632620a2a8	4c76f09ba6c24bc9c82a9a97a8fa1f279c4d5ce2a6d051dbf284751701c25880	8c55751f66ac2930ce115a9419321a2b2bed220b61af2e1671f7ac6e6a2e33b3	8c55751f66ac2930ce115a9419321a2b2bed220b61af2e1671f7ac6e6a2e33b3	419c5042517aa7f2150048175dfa66bce6cdb9c8e27d759462993316f751e2f4	"{""cfg_hash"":""6e3411303a8196b0e07523e8d66724b2c6a9380dca7a347caa47b5632620a2a8"",""conformation"":""8x6b"",""entity_id"":""P1MCPUFP__CPUFP500K_0029__00647"",""entity_type"":""candidate"",""monomer_sha256"":""09c0af18e7c78545700ad01ebc5ee13469f61ee88d535ed763118e26a9b2e88f"",""protocol_core_sha256"":""8c55751f66ac2930ce115a9419321a2b2bed220b61af2e1671f7ac6e6a2e33b3"",""restraint_hash"":""4c76f09ba6c24bc9c82a9a97a8fa1f279c4d5ce2a6d051dbf284751701c25880"",""seed"":42,""sequence_sha256"":""b43bb585be9ee8385a6cac0406521c82b0204df2093bfc178014e275b4132973""}"	1796	TOP200_COMMON4_SEED_COMPLETION	142
CANDIDATE_P1MCPUFP__CPUFP500K_0029__00647_9e6y_s42_fb7a20da1d22	198	candidate	P1MCPUFP__CPUFP500K_0029__00647		CANDIDATE_UNKNOWN	9e6y	42	b43bb585be9ee8385a6cac0406521c82b0204df2093bfc178014e275b4132973	26-33	51-58	97-112	27,28,29,30,35,36,37,38,56,57,58,59,62,63,64,65,105,106,107,108,109,110,111,112,113,114,115,116,117	inputs/candidate_monomers/P1MCPUFP__CPUFP500K_0029__00647.pdb	frozen_nbb2_archive_extract	H	09c0af18e7c78545700ad01ebc5ee13469f61ee88d535ed763118e26a9b2e88f	inputs/normalized/9e6y_pvrig_receptor.pdb	T	L	A	UniProt_Q6DKI7	7b597e4976340689606e650f7a864d1c028938e4a1d0c4201b7092f53302813a	4c76f09ba6c24bc9c82a9a97a8fa1f279c4d5ce2a6d051dbf284751701c25880	8c55751f66ac2930ce115a9419321a2b2bed220b61af2e1671f7ac6e6a2e33b3	8c55751f66ac2930ce115a9419321a2b2bed220b61af2e1671f7ac6e6a2e33b3	fb7a20da1d22cce815c4b31a16489ee6957ff6e69bd1aef498d0f409bc4c1c98	"{""cfg_hash"":""7b597e4976340689606e650f7a864d1c028938e4a1d0c4201b7092f53302813a"",""conformation"":""9e6y"",""entity_id"":""P1MCPUFP__CPUFP500K_0029__00647"",""entity_type"":""candidate"",""monomer_sha256"":""09c0af18e7c78545700ad01ebc5ee13469f61ee88d535ed763118e26a9b2e88f"",""protocol_core_sha256"":""8c55751f66ac2930ce115a9419321a2b2bed220b61af2e1671f7ac6e6a2e33b3"",""restraint_hash"":""4c76f09ba6c24bc9c82a9a97a8fa1f279c4d5ce2a6d051dbf284751701c25880"",""seed"":42,""sequence_sha256"":""b43bb585be9ee8385a6cac0406521c82b0204df2093bfc178014e275b4132973""}"	1796	TOP200_COMMON4_SEED_COMPLETION	142
CANDIDATE_P1MCPUFP__CPUFP500K_0029__00647_8x6b_s3047_9dbb0ecd9bf1	199	candidate	P1MCPUFP__CPUFP500K_0029__00647		CANDIDATE_UNKNOWN	8x6b	3047	b43bb585be9ee8385a6cac0406521c82b0204df2093bfc178014e275b4132973	26-33	51-58	97-112	27,28,29,30,35,36,37,38,56,57,58,59,62,63,64,65,105,106,107,108,109,110,111,112,113,114,115,116,117	inputs/candidate_monomers/P1MCPUFP__CPUFP500K_0029__00647.pdb	frozen_nbb2_archive_extract	H	09c0af18e7c78545700ad01ebc5ee13469f61ee88d535ed763118e26a9b2e88f	inputs/normalized/8x6b_pvrig_receptor.pdb	T	L	A	UniProt_Q6DKI7	21918201f2d7d8fd86e7fbe3003003c516ebb4de914b20d6f1f82a78554f6225	4c76f09ba6c24bc9c82a9a97a8fa1f279c4d5ce2a6d051dbf284751701c25880	8c55751f66ac2930ce115a9419321a2b2bed220b61af2e1671f7ac6e6a2e33b3	8c55751f66ac2930ce115a9419321a2b2bed220b61af2e1671f7ac6e6a2e33b3	9dbb0ecd9bf12a919fb678f02d011c2cfa0cc57d8eb92b8fbdb2b5e2f61cde15	"{""cfg_hash"":""21918201f2d7d8fd86e7fbe3003003c516ebb4de914b20d6f1f82a78554f6225"",""conformation"":""8x6b"",""entity_id"":""P1MCPUFP__CPUFP500K_0029__00647"",""entity_type"":""candidate"",""monomer_sha256"":""09c0af18e7c78545700ad01ebc5ee13469f61ee88d535ed763118e26a9b2e88f"",""protocol_core_sha256"":""8c55751f66ac2930ce115a9419321a2b2bed220b61af2e1671f7ac6e6a2e33b3"",""restraint_hash"":""4c76f09ba6c24bc9c82a9a97a8fa1f279c4d5ce2a6d051dbf284751701c25880"",""seed"":3047,""sequence_sha256"":""b43bb585be9ee8385a6cac0406521c82b0204df2093bfc178014e275b4132973""}"	1796	TOP200_COMMON4_SEED_COMPLETION	142
CANDIDATE_P1MCPUFP__CPUFP500K_0029__00647_9e6y_s3047_f9551e5c1ea5	200	candidate	P1MCPUFP__CPUFP500K_0029__00647		CANDIDATE_UNKNOWN	9e6y	3047	b43bb585be9ee8385a6cac0406521c82b0204df2093bfc178014e275b4132973	26-33	51-58	97-112	27,28,29,30,35,36,37,38,56,57,58,59,62,63,64,65,105,106,107,108,109,110,111,112,113,114,115,116,117	inputs/candidate_monomers/P1MCPUFP__CPUFP500K_0029__00647.pdb	frozen_nbb2_archive_extract	H	09c0af18e7c78545700ad01ebc5ee13469f61ee88d535ed763118e26a9b2e88f	inputs/normalized/9e6y_pvrig_receptor.pdb	T	L	A	UniProt_Q6DKI7	036faa08876ef5dc8e4331507bf042bf828faae3f3cf5a5fd358a89d5fb215da	4c76f09ba6c24bc9c82a9a97a8fa1f279c4d5ce2a6d051dbf284751701c25880	8c55751f66ac2930ce115a9419321a2b2bed220b61af2e1671f7ac6e6a2e33b3	8c55751f66ac2930ce115a9419321a2b2bed220b61af2e1671f7ac6e6a2e33b3	f9551e5c1ea56cd3d65d9ed73445763c0cd431bd5ed60673b81fc6703da4d34d	"{""cfg_hash"":""036faa08876ef5dc8e4331507bf042bf828faae3f3cf5a5fd358a89d5fb215da"",""conformation"":""9e6y"",""entity_id"":""P1MCPUFP__CPUFP500K_0029__00647"",""entity_type"":""candidate"",""monomer_sha256"":""09c0af18e7c78545700ad01ebc5ee13469f61ee88d535ed763118e26a9b2e88f"",""protocol_core_sha256"":""8c55751f66ac2930ce115a9419321a2b2bed220b61af2e1671f7ac6e6a2e33b3"",""restraint_hash"":""4c76f09ba6c24bc9c82a9a97a8fa1f279c4d5ce2a6d051dbf284751701c25880"",""seed"":3047,""sequence_sha256"":""b43bb585be9ee8385a6cac0406521c82b0204df2093bfc178014e275b4132973""}"	1796	TOP200_COMMON4_SEED_COMPLETION	142
CANDIDATE_P1MCPUFP__CPUFP500K_0134__00713_8x6b_s42_918a8633bd2b	201	candidate	P1MCPUFP__CPUFP500K_0134__00713		CANDIDATE_UNKNOWN	8x6b	42	da8ff3c15ad746b85992af1b23e5ba5dfe56d635eff7396e8c3f31ae8198a69b	26-33	51-58	97-112	27,28,29,30,35,36,37,38,56,57,58,59,62,63,64,65,105,106,107,108,109,110,111,112,113,114,115,116,117	inputs/candidate_monomers/P1MCPUFP__CPUFP500K_0134__00713.pdb	frozen_nbb2_archive_extract	H	e50f131df3648b27bd46b744f981c0560c1e0e03da60ade245b9344613c7bbae	inputs/normalized/8x6b_pvrig_receptor.pdb	T	L	A	UniProt_Q6DKI7	6e3411303a8196b0e07523e8d66724b2c6a9380dca7a347caa47b5632620a2a8	4c76f09ba6c24bc9c82a9a97a8fa1f279c4d5ce2a6d051dbf284751701c25880	8c55751f66ac2930ce115a9419321a2b2bed220b61af2e1671f7ac6e6a2e33b3	8c55751f66ac2930ce115a9419321a2b2bed220b61af2e1671f7ac6e6a2e33b3	918a8633bd2bce1b92b4a6ffe10ade685824dd5ed181a3ff87850d8a0b448077	"{""cfg_hash"":""6e3411303a8196b0e07523e8d66724b2c6a9380dca7a347caa47b5632620a2a8"",""conformation"":""8x6b"",""entity_id"":""P1MCPUFP__CPUFP500K_0134__00713"",""entity_type"":""candidate"",""monomer_sha256"":""e50f131df3648b27bd46b744f981c0560c1e0e03da60ade245b9344613c7bbae"",""protocol_core_sha256"":""8c55751f66ac2930ce115a9419321a2b2bed220b61af2e1671f7ac6e6a2e33b3"",""restraint_hash"":""4c76f09ba6c24bc9c82a9a97a8fa1f279c4d5ce2a6d051dbf284751701c25880"",""seed"":42,""sequence_sha256"":""da8ff3c15ad746b85992af1b23e5ba5dfe56d635eff7396e8c3f31ae8198a69b""}"	7451	TOP200_COMMON4_SEED_COMPLETION	143
CANDIDATE_P1MCPUFP__CPUFP500K_0134__00713_9e6y_s42_1b3257775fd8	202	candidate	P1MCPUFP__CPUFP500K_0134__00713		CANDIDATE_UNKNOWN	9e6y	42	da8ff3c15ad746b85992af1b23e5ba5dfe56d635eff7396e8c3f31ae8198a69b	26-33	51-58	97-112	27,28,29,30,35,36,37,38,56,57,58,59,62,63,64,65,105,106,107,108,109,110,111,112,113,114,115,116,117	inputs/candidate_monomers/P1MCPUFP__CPUFP500K_0134__00713.pdb	frozen_nbb2_archive_extract	H	e50f131df3648b27bd46b744f981c0560c1e0e03da60ade245b9344613c7bbae	inputs/normalized/9e6y_pvrig_receptor.pdb	T	L	A	UniProt_Q6DKI7	7b597e4976340689606e650f7a864d1c028938e4a1d0c4201b7092f53302813a	4c76f09ba6c24bc9c82a9a97a8fa1f279c4d5ce2a6d051dbf284751701c25880	8c55751f66ac2930ce115a9419321a2b2bed220b61af2e1671f7ac6e6a2e33b3	8c55751f66ac2930ce115a9419321a2b2bed220b61af2e1671f7ac6e6a2e33b3	1b3257775fd8ab7ddef27f89b889b23ee5f3ec12a540082ff01311ad386d6986	"{""cfg_hash"":""7b597e4976340689606e650f7a864d1c028938e4a1d0c4201b7092f53302813a"",""conformation"":""9e6y"",""entity_id"":""P1MCPUFP__CPUFP500K_0134__00713"",""entity_type"":""candidate"",""monomer_sha256"":""e50f131df3648b27bd46b744f981c0560c1e0e03da60ade245b9344613c7bbae"",""protocol_core_sha256"":""8c55751f66ac2930ce115a9419321a2b2bed220b61af2e1671f7ac6e6a2e33b3"",""restraint_hash"":""4c76f09ba6c24bc9c82a9a97a8fa1f279c4d5ce2a6d051dbf284751701c25880"",""seed"":42,""sequence_sha256"":""da8ff3c15ad746b85992af1b23e5ba5dfe56d635eff7396e8c3f31ae8198a69b""}"	7451	TOP200_COMMON4_SEED_COMPLETION	143
CANDIDATE_P1MCPUFP__CPUFP500K_0134__00713_8x6b_s3047_d5678f37f0ba	203	candidate	P1MCPUFP__CPUFP500K_0134__00713		CANDIDATE_UNKNOWN	8x6b	3047	da8ff3c15ad746b85992af1b23e5ba5dfe56d635eff7396e8c3f31ae8198a69b	26-33	51-58	97-112	27,28,29,30,35,36,37,38,56,57,58,59,62,63,64,65,105,106,107,108,109,110,111,112,113,114,115,116,117	inputs/candidate_monomers/P1MCPUFP__CPUFP500K_0134__00713.pdb	frozen_nbb2_archive_extract	H	e50f131df3648b27bd46b744f981c0560c1e0e03da60ade245b9344613c7bbae	inputs/normalized/8x6b_pvrig_receptor.pdb	T	L	A	UniProt_Q6DKI7	21918201f2d7d8fd86e7fbe3003003c516ebb4de914b20d6f1f82a78554f6225	4c76f09ba6c24bc9c82a9a97a8fa1f279c4d5ce2a6d051dbf284751701c25880	8c55751f66ac2930ce115a9419321a2b2bed220b61af2e1671f7ac6e6a2e33b3	8c55751f66ac2930ce115a9419321a2b2bed220b61af2e1671f7ac6e6a2e33b3	d5678f37f0baaa8ae1558a2f3b68b9adfdcd6c606710245df04f9062770b96c7	"{""cfg_hash"":""21918201f2d7d8fd86e7fbe3003003c516ebb4de914b20d6f1f82a78554f6225"",""conformation"":""8x6b"",""entity_id"":""P1MCPUFP__CPUFP500K_0134__00713"",""entity_type"":""candidate"",""monomer_sha256"":""e50f131df3648b27bd46b744f981c0560c1e0e03da60ade245b9344613c7bbae"",""protocol_core_sha256"":""8c55751f66ac2930ce115a9419321a2b2bed220b61af2e1671f7ac6e6a2e33b3"",""restraint_hash"":""4c76f09ba6c24bc9c82a9a97a8fa1f279c4d5ce2a6d051dbf284751701c25880"",""seed"":3047,""sequence_sha256"":""da8ff3c15ad746b85992af1b23e5ba5dfe56d635eff7396e8c3f31ae8198a69b""}"	7451	TOP200_COMMON4_SEED_COMPLETION	143
CANDIDATE_P1MCPUFP__CPUFP500K_0134__00713_9e6y_s3047_dee6de4954c5	204	candidate	P1MCPUFP__CPUFP500K_0134__00713		CANDIDATE_UNKNOWN	9e6y	3047	da8ff3c15ad746b85992af1b23e5ba5dfe56d635eff7396e8c3f31ae8198a69b	26-33	51-58	97-112	27,28,29,30,35,36,37,38,56,57,58,59,62,63,64,65,105,106,107,108,109,110,111,112,113,114,115,116,117	inputs/candidate_monomers/P1MCPUFP__CPUFP500K_0134__00713.pdb	frozen_nbb2_archive_extract	H	e50f131df3648b27bd46b744f981c0560c1e0e03da60ade245b9344613c7bbae	inputs/normalized/9e6y_pvrig_receptor.pdb	T	L	A	UniProt_Q6DKI7	036faa08876ef5dc8e4331507bf042bf828faae3f3cf5a5fd358a89d5fb215da	4c76f09ba6c24bc9c82a9a97a8fa1f279c4d5ce2a6d051dbf284751701c25880	8c55751f66ac2930ce115a9419321a2b2bed220b61af2e1671f7ac6e6a2e33b3	8c55751f66ac2930ce115a9419321a2b2bed220b61af2e1671f7ac6e6a2e33b3	dee6de4954c53bbea813322342cb2603572ad55fd30949fed9b35185430af675	"{""cfg_hash"":""036faa08876ef5dc8e4331507bf042bf828faae3f3cf5a5fd358a89d5fb215da"",""conformation"":""9e6y"",""entity_id"":""P1MCPUFP__CPUFP500K_0134__00713"",""entity_type"":""candidate"",""monomer_sha256"":""e50f131df3648b27bd46b744f981c0560c1e0e03da60ade245b9344613c7bbae"",""protocol_core_sha256"":""8c55751f66ac2930ce115a9419321a2b2bed220b61af2e1671f7ac6e6a2e33b3"",""restraint_hash"":""4c76f09ba6c24bc9c82a9a97a8fa1f279c4d5ce2a6d051dbf284751701c25880"",""seed"":3047,""sequence_sha256"":""da8ff3c15ad746b85992af1b23e5ba5dfe56d635eff7396e8c3f31ae8198a69b""}"	7451	TOP200_COMMON4_SEED_COMPLETION	143
CANDIDATE_P1MCPUFP__CPUFP500K_0130__00610_8x6b_s42_78114941f405	205	candidate	P1MCPUFP__CPUFP500K_0130__00610		CANDIDATE_UNKNOWN	8x6b	42	b97892f6b73fc4fd15a50c8ebeddaf924f3581907677f3836af04bc58a29b765	26-33	51-58	97-112	27,28,29,30,35,36,37,38,56,57,58,59,62,63,64,65,105,106,107,108,109,110,111,112,113,114,115,116,117	inputs/candidate_monomers/P1MCPUFP__CPUFP500K_0130__00610.pdb	frozen_nbb2_archive_extract	H	7f8b6ed89145a3a15f6e6204a13fe852f1f4e228d4c4276e087c9c5215f90a8f	inputs/normalized/8x6b_pvrig_receptor.pdb	T	L	A	UniProt_Q6DKI7	6e3411303a8196b0e07523e8d66724b2c6a9380dca7a347caa47b5632620a2a8	4c76f09ba6c24bc9c82a9a97a8fa1f279c4d5ce2a6d051dbf284751701c25880	8c55751f66ac2930ce115a9419321a2b2bed220b61af2e1671f7ac6e6a2e33b3	8c55751f66ac2930ce115a9419321a2b2bed220b61af2e1671f7ac6e6a2e33b3	78114941f405662579e7e641923c2d97538d6a87be45f7ed59f7a6409a2521f8	"{""cfg_hash"":""6e3411303a8196b0e07523e8d66724b2c6a9380dca7a347caa47b5632620a2a8"",""conformation"":""8x6b"",""entity_id"":""P1MCPUFP__CPUFP500K_0130__00610"",""entity_type"":""candidate"",""monomer_sha256"":""7f8b6ed89145a3a15f6e6204a13fe852f1f4e228d4c4276e087c9c5215f90a8f"",""protocol_core_sha256"":""8c55751f66ac2930ce115a9419321a2b2bed220b61af2e1671f7ac6e6a2e33b3"",""restraint_hash"":""4c76f09ba6c24bc9c82a9a97a8fa1f279c4d5ce2a6d051dbf284751701c25880"",""seed"":42,""sequence_sha256"":""b97892f6b73fc4fd15a50c8ebeddaf924f3581907677f3836af04bc58a29b765""}"	2871	TOP200_COMMON4_SEED_COMPLETION	144
CANDIDATE_P1MCPUFP__CPUFP500K_0130__00610_9e6y_s42_81f653f44cfc	206	candidate	P1MCPUFP__CPUFP500K_0130__00610		CANDIDATE_UNKNOWN	9e6y	42	b97892f6b73fc4fd15a50c8ebeddaf924f3581907677f3836af04bc58a29b765	26-33	51-58	97-112	27,28,29,30,35,36,37,38,56,57,58,59,62,63,64,65,105,106,107,108,109,110,111,112,113,114,115,116,117	inputs/candidate_monomers/P1MCPUFP__CPUFP500K_0130__00610.pdb	frozen_nbb2_archive_extract	H	7f8b6ed89145a3a15f6e6204a13fe852f1f4e228d4c4276e087c9c5215f90a8f	inputs/normalized/9e6y_pvrig_receptor.pdb	T	L	A	UniProt_Q6DKI7	7b597e4976340689606e650f7a864d1c028938e4a1d0c4201b7092f53302813a	4c76f09ba6c24bc9c82a9a97a8fa1f279c4d5ce2a6d051dbf284751701c25880	8c55751f66ac2930ce115a9419321a2b2bed220b61af2e1671f7ac6e6a2e33b3	8c55751f66ac2930ce115a9419321a2b2bed220b61af2e1671f7ac6e6a2e33b3	81f653f44cfcb0d094fbb8af95a36873dab4eec4fb111d7e376cce742a9d0b07	"{""cfg_hash"":""7b597e4976340689606e650f7a864d1c028938e4a1d0c4201b7092f53302813a"",""conformation"":""9e6y"",""entity_id"":""P1MCPUFP__CPUFP500K_0130__00610"",""entity_type"":""candidate"",""monomer_sha256"":""7f8b6ed89145a3a15f6e6204a13fe852f1f4e228d4c4276e087c9c5215f90a8f"",""protocol_core_sha256"":""8c55751f66ac2930ce115a9419321a2b2bed220b61af2e1671f7ac6e6a2e33b3"",""restraint_hash"":""4c76f09ba6c24bc9c82a9a97a8fa1f279c4d5ce2a6d051dbf284751701c25880"",""seed"":42,""sequence_sha256"":""b97892f6b73fc4fd15a50c8ebeddaf924f3581907677f3836af04bc58a29b765""}"	2871	TOP200_COMMON4_SEED_COMPLETION	144
CANDIDATE_P1MCPUFP__CPUFP500K_0130__00610_8x6b_s3047_d117f0cbe1dc	207	candidate	P1MCPUFP__CPUFP500K_0130__00610		CANDIDATE_UNKNOWN	8x6b	3047	b97892f6b73fc4fd15a50c8ebeddaf924f3581907677f3836af04bc58a29b765	26-33	51-58	97-112	27,28,29,30,35,36,37,38,56,57,58,59,62,63,64,65,105,106,107,108,109,110,111,112,113,114,115,116,117	inputs/candidate_monomers/P1MCPUFP__CPUFP500K_0130__00610.pdb	frozen_nbb2_archive_extract	H	7f8b6ed89145a3a15f6e6204a13fe852f1f4e228d4c4276e087c9c5215f90a8f	inputs/normalized/8x6b_pvrig_receptor.pdb	T	L	A	UniProt_Q6DKI7	21918201f2d7d8fd86e7fbe3003003c516ebb4de914b20d6f1f82a78554f6225	4c76f09ba6c24bc9c82a9a97a8fa1f279c4d5ce2a6d051dbf284751701c25880	8c55751f66ac2930ce115a9419321a2b2bed220b61af2e1671f7ac6e6a2e33b3	8c55751f66ac2930ce115a9419321a2b2bed220b61af2e1671f7ac6e6a2e33b3	d117f0cbe1dc75b806a9a82980d1ebfd1bf87b343014f30cf0c4586fd824045b	"{""cfg_hash"":""21918201f2d7d8fd86e7fbe3003003c516ebb4de914b20d6f1f82a78554f6225"",""conformation"":""8x6b"",""entity_id"":""P1MCPUFP__CPUFP500K_0130__00610"",""entity_type"":""candidate"",""monomer_sha256"":""7f8b6ed89145a3a15f6e6204a13fe852f1f4e228d4c4276e087c9c5215f90a8f"",""protocol_core_sha256"":""8c55751f66ac2930ce115a9419321a2b2bed220b61af2e1671f7ac6e6a2e33b3"",""restraint_hash"":""4c76f09ba6c24bc9c82a9a97a8fa1f279c4d5ce2a6d051dbf284751701c25880"",""seed"":3047,""sequence_sha256"":""b97892f6b73fc4fd15a50c8ebeddaf924f3581907677f3836af04bc58a29b765""}"	2871	TOP200_COMMON4_SEED_COMPLETION	144
CANDIDATE_P1MCPUFP__CPUFP500K_0130__00610_9e6y_s3047_ab722c99bd56	208	candidate	P1MCPUFP__CPUFP500K_0130__00610		CANDIDATE_UNKNOWN	9e6y	3047	b97892f6b73fc4fd15a50c8ebeddaf924f3581907677f3836af04bc58a29b765	26-33	51-58	97-112	27,28,29,30,35,36,37,38,56,57,58,59,62,63,64,65,105,106,107,108,109,110,111,112,113,114,115,116,117	inputs/candidate_monomers/P1MCPUFP__CPUFP500K_0130__00610.pdb	frozen_nbb2_archive_extract	H	7f8b6ed89145a3a15f6e6204a13fe852f1f4e228d4c4276e087c9c5215f90a8f	inputs/normalized/9e6y_pvrig_receptor.pdb	T	L	A	UniProt_Q6DKI7	036faa08876ef5dc8e4331507bf042bf828faae3f3cf5a5fd358a89d5fb215da	4c76f09ba6c24bc9c82a9a97a8fa1f279c4d5ce2a6d051dbf284751701c25880	8c55751f66ac2930ce115a9419321a2b2bed220b61af2e1671f7ac6e6a2e33b3	8c55751f66ac2930ce115a9419321a2b2bed220b61af2e1671f7ac6e6a2e33b3	ab722c99bd56357d050311da639ae80eee65784eebedb7d950fad3072923339f	"{""cfg_hash"":""036faa08876ef5dc8e4331507bf042bf828faae3f3cf5a5fd358a89d5fb215da"",""conformation"":""9e6y"",""entity_id"":""P1MCPUFP__CPUFP500K_0130__00610"",""entity_type"":""candidate"",""monomer_sha256"":""7f8b6ed89145a3a15f6e6204a13fe852f1f4e228d4c4276e087c9c5215f90a8f"",""protocol_core_sha256"":""8c55751f66ac2930ce115a9419321a2b2bed220b61af2e1671f7ac6e6a2e33b3"",""restraint_hash"":""4c76f09ba6c24bc9c82a9a97a8fa1f279c4d5ce2a6d051dbf284751701c25880"",""seed"":3047,""sequence_sha256"":""b97892f6b73fc4fd15a50c8ebeddaf924f3581907677f3836af04bc58a29b765""}"	2871	TOP200_COMMON4_SEED_COMPLETION	144
CANDIDATE_P1MCPUFP__CPUFP500K_0128__00809_8x6b_s42_83c1f16cba46	209	candidate	P1MCPUFP__CPUFP500K_0128__00809		CANDIDATE_UNKNOWN	8x6b	42	1c4736654ac2232169e99a4b29b67fa06c9e8f3bf566bbd65574db8792b87aca	26-33	51-58	97-112	27,28,29,30,35,36,37,38,56,57,58,59,62,63,64,65,105,106,107,108,109,110,111,112,113,114,115,116,117	inputs/candidate_monomers/P1MCPUFP__CPUFP500K_0128__00809.pdb	frozen_nbb2_archive_extract	H	9ad83ad3eea4234104d82b168fbdde9d8dc721065447591ea87182993d7d623f	inputs/normalized/8x6b_pvrig_receptor.pdb	T	L	A	UniProt_Q6DKI7	6e3411303a8196b0e07523e8d66724b2c6a9380dca7a347caa47b5632620a2a8	4c76f09ba6c24bc9c82a9a97a8fa1f279c4d5ce2a6d051dbf284751701c25880	8c55751f66ac2930ce115a9419321a2b2bed220b61af2e1671f7ac6e6a2e33b3	8c55751f66ac2930ce115a9419321a2b2bed220b61af2e1671f7ac6e6a2e33b3	83c1f16cba46ba9dcd0050b841253ed5d134ed0890174e2e806edad5fc2aaf28	"{""cfg_hash"":""6e3411303a8196b0e07523e8d66724b2c6a9380dca7a347caa47b5632620a2a8"",""conformation"":""8x6b"",""entity_id"":""P1MCPUFP__CPUFP500K_0128__00809"",""entity_type"":""candidate"",""monomer_sha256"":""9ad83ad3eea4234104d82b168fbdde9d8dc721065447591ea87182993d7d623f"",""protocol_core_sha256"":""8c55751f66ac2930ce115a9419321a2b2bed220b61af2e1671f7ac6e6a2e33b3"",""restraint_hash"":""4c76f09ba6c24bc9c82a9a97a8fa1f279c4d5ce2a6d051dbf284751701c25880"",""seed"":42,""sequence_sha256"":""1c4736654ac2232169e99a4b29b67fa06c9e8f3bf566bbd65574db8792b87aca""}"	579	TOP200_COMMON4_SEED_COMPLETION	145
CANDIDATE_P1MCPUFP__CPUFP500K_0128__00809_9e6y_s42_ef0edebdd87f	210	candidate	P1MCPUFP__CPUFP500K_0128__00809		CANDIDATE_UNKNOWN	9e6y	42	1c4736654ac2232169e99a4b29b67fa06c9e8f3bf566bbd65574db8792b87aca	26-33	51-58	97-112	27,28,29,30,35,36,37,38,56,57,58,59,62,63,64,65,105,106,107,108,109,110,111,112,113,114,115,116,117	inputs/candidate_monomers/P1MCPUFP__CPUFP500K_0128__00809.pdb	frozen_nbb2_archive_extract	H	9ad83ad3eea4234104d82b168fbdde9d8dc721065447591ea87182993d7d623f	inputs/normalized/9e6y_pvrig_receptor.pdb	T	L	A	UniProt_Q6DKI7	7b597e4976340689606e650f7a864d1c028938e4a1d0c4201b7092f53302813a	4c76f09ba6c24bc9c82a9a97a8fa1f279c4d5ce2a6d051dbf284751701c25880	8c55751f66ac2930ce115a9419321a2b2bed220b61af2e1671f7ac6e6a2e33b3	8c55751f66ac2930ce115a9419321a2b2bed220b61af2e1671f7ac6e6a2e33b3	ef0edebdd87f86681ae65765dd45773956aa224cbdf1f74b6294cf37412b17d6	"{""cfg_hash"":""7b597e4976340689606e650f7a864d1c028938e4a1d0c4201b7092f53302813a"",""conformation"":""9e6y"",""entity_id"":""P1MCPUFP__CPUFP500K_0128__00809"",""entity_type"":""candidate"",""monomer_sha256"":""9ad83ad3eea4234104d82b168fbdde9d8dc721065447591ea87182993d7d623f"",""protocol_core_sha256"":""8c55751f66ac2930ce115a9419321a2b2bed220b61af2e1671f7ac6e6a2e33b3"",""restraint_hash"":""4c76f09ba6c24bc9c82a9a97a8fa1f279c4d5ce2a6d051dbf284751701c25880"",""seed"":42,""sequence_sha256"":""1c4736654ac2232169e99a4b29b67fa06c9e8f3bf566bbd65574db8792b87aca""}"	579	TOP200_COMMON4_SEED_COMPLETION	145
CANDIDATE_P1MCPUFP__CPUFP500K_0128__00809_8x6b_s3047_82a1420f76ed	211	candidate	P1MCPUFP__CPUFP500K_0128__00809		CANDIDATE_UNKNOWN	8x6b	3047	1c4736654ac2232169e99a4b29b67fa06c9e8f3bf566bbd65574db8792b87aca	26-33	51-58	97-112	27,28,29,30,35,36,37,38,56,57,58,59,62,63,64,65,105,106,107,108,109,110,111,112,113,114,115,116,117	inputs/candidate_monomers/P1MCPUFP__CPUFP500K_0128__00809.pdb	frozen_nbb2_archive_extract	H	9ad83ad3eea4234104d82b168fbdde9d8dc721065447591ea87182993d7d623f	inputs/normalized/8x6b_pvrig_receptor.pdb	T	L	A	UniProt_Q6DKI7	21918201f2d7d8fd86e7fbe3003003c516ebb4de914b20d6f1f82a78554f6225	4c76f09ba6c24bc9c82a9a97a8fa1f279c4d5ce2a6d051dbf284751701c25880	8c55751f66ac2930ce115a9419321a2b2bed220b61af2e1671f7ac6e6a2e33b3	8c55751f66ac2930ce115a9419321a2b2bed220b61af2e1671f7ac6e6a2e33b3	82a1420f76ed4a342b8c370f9fdf356d5504d13f22f32d609f6ee73965094e88	"{""cfg_hash"":""21918201f2d7d8fd86e7fbe3003003c516ebb4de914b20d6f1f82a78554f6225"",""conformation"":""8x6b"",""entity_id"":""P1MCPUFP__CPUFP500K_0128__00809"",""entity_type"":""candidate"",""monomer_sha256"":""9ad83ad3eea4234104d82b168fbdde9d8dc721065447591ea87182993d7d623f"",""protocol_core_sha256"":""8c55751f66ac2930ce115a9419321a2b2bed220b61af2e1671f7ac6e6a2e33b3"",""restraint_hash"":""4c76f09ba6c24bc9c82a9a97a8fa1f279c4d5ce2a6d051dbf284751701c25880"",""seed"":3047,""sequence_sha256"":""1c4736654ac2232169e99a4b29b67fa06c9e8f3bf566bbd65574db8792b87aca""}"	579	TOP200_COMMON4_SEED_COMPLETION	145
CANDIDATE_P1MCPUFP__CPUFP500K_0128__00809_9e6y_s3047_f513d1bad3da	212	candidate	P1MCPUFP__CPUFP500K_0128__00809		CANDIDATE_UNKNOWN	9e6y	3047	1c4736654ac2232169e99a4b29b67fa06c9e8f3bf566bbd65574db8792b87aca	26-33	51-58	97-112	27,28,29,30,35,36,37,38,56,57,58,59,62,63,64,65,105,106,107,108,109,110,111,112,113,114,115,116,117	inputs/candidate_monomers/P1MCPUFP__CPUFP500K_0128__00809.pdb	frozen_nbb2_archive_extract	H	9ad83ad3eea4234104d82b168fbdde9d8dc721065447591ea87182993d7d623f	inputs/normalized/9e6y_pvrig_receptor.pdb	T	L	A	UniProt_Q6DKI7	036faa08876ef5dc8e4331507bf042bf828faae3f3cf5a5fd358a89d5fb215da	4c76f09ba6c24bc9c82a9a97a8fa1f279c4d5ce2a6d051dbf284751701c25880	8c55751f66ac2930ce115a9419321a2b2bed220b61af2e1671f7ac6e6a2e33b3	8c55751f66ac2930ce115a9419321a2b2bed220b61af2e1671f7ac6e6a2e33b3	f513d1bad3dab093a99d8dc808c545c7c762c72a421f36ed5be9032b450aa6a3	"{""cfg_hash"":""036faa08876ef5dc8e4331507bf042bf828faae3f3cf5a5fd358a89d5fb215da"",""conformation"":""9e6y"",""entity_id"":""P1MCPUFP__CPUFP500K_0128__00809"",""entity_type"":""candidate"",""monomer_sha256"":""9ad83ad3eea4234104d82b168fbdde9d8dc721065447591ea87182993d7d623f"",""protocol_core_sha256"":""8c55751f66ac2930ce115a9419321a2b2bed220b61af2e1671f7ac6e6a2e33b3"",""restraint_hash"":""4c76f09ba6c24bc9c82a9a97a8fa1f279c4d5ce2a6d051dbf284751701c25880"",""seed"":3047,""sequence_sha256"":""1c4736654ac2232169e99a4b29b67fa06c9e8f3bf566bbd65574db8792b87aca""}"	579	TOP200_COMMON4_SEED_COMPLETION	145
CANDIDATE_P1MCPUFP__CPUFP500K_0432__00670_8x6b_s42_374dfccd5ec6	213	candidate	P1MCPUFP__CPUFP500K_0432__00670		CANDIDATE_UNKNOWN	8x6b	42	181aa44ad0f299a2c5fdce7b4bc71d3a6bad72531b94f1ca7491df8667af0234	26-33	51-58	97-112	27,28,29,30,35,36,37,38,56,57,58,59,62,63,64,65,105,106,107,108,109,110,111,112,113,114,115,116,117	inputs/candidate_monomers/P1MCPUFP__CPUFP500K_0432__00670.pdb	frozen_nbb2_archive_extract	H	874f42ebf22f0f512d089292005b32e60fca320f965225e4f6be438f458f7c4f	inputs/normalized/8x6b_pvrig_receptor.pdb	T	L	A	UniProt_Q6DKI7	6e3411303a8196b0e07523e8d66724b2c6a9380dca7a347caa47b5632620a2a8	4c76f09ba6c24bc9c82a9a97a8fa1f279c4d5ce2a6d051dbf284751701c25880	8c55751f66ac2930ce115a9419321a2b2bed220b61af2e1671f7ac6e6a2e33b3	8c55751f66ac2930ce115a9419321a2b2bed220b61af2e1671f7ac6e6a2e33b3	374dfccd5ec6291bd76f0f2e7365c70f25b920b4c89823c887b09c70cb04f7ce	"{""cfg_hash"":""6e3411303a8196b0e07523e8d66724b2c6a9380dca7a347caa47b5632620a2a8"",""conformation"":""8x6b"",""entity_id"":""P1MCPUFP__CPUFP500K_0432__00670"",""entity_type"":""candidate"",""monomer_sha256"":""874f42ebf22f0f512d089292005b32e60fca320f965225e4f6be438f458f7c4f"",""protocol_core_sha256"":""8c55751f66ac2930ce115a9419321a2b2bed220b61af2e1671f7ac6e6a2e33b3"",""restraint_hash"":""4c76f09ba6c24bc9c82a9a97a8fa1f279c4d5ce2a6d051dbf284751701c25880"",""seed"":42,""sequence_sha256"":""181aa44ad0f299a2c5fdce7b4bc71d3a6bad72531b94f1ca7491df8667af0234""}"	6109	TOP200_COMMON4_SEED_COMPLETION	146
CANDIDATE_P1MCPUFP__CPUFP500K_0432__00670_9e6y_s42_5b7d3f38e991	214	candidate	P1MCPUFP__CPUFP500K_0432__00670		CANDIDATE_UNKNOWN	9e6y	42	181aa44ad0f299a2c5fdce7b4bc71d3a6bad72531b94f1ca7491df8667af0234	26-33	51-58	97-112	27,28,29,30,35,36,37,38,56,57,58,59,62,63,64,65,105,106,107,108,109,110,111,112,113,114,115,116,117	inputs/candidate_monomers/P1MCPUFP__CPUFP500K_0432__00670.pdb	frozen_nbb2_archive_extract	H	874f42ebf22f0f512d089292005b32e60fca320f965225e4f6be438f458f7c4f	inputs/normalized/9e6y_pvrig_receptor.pdb	T	L	A	UniProt_Q6DKI7	7b597e4976340689606e650f7a864d1c028938e4a1d0c4201b7092f53302813a	4c76f09ba6c24bc9c82a9a97a8fa1f279c4d5ce2a6d051dbf284751701c25880	8c55751f66ac2930ce115a9419321a2b2bed220b61af2e1671f7ac6e6a2e33b3	8c55751f66ac2930ce115a9419321a2b2bed220b61af2e1671f7ac6e6a2e33b3	5b7d3f38e991714a68d3cef30da0edf410f53e0a010d3ddbfc4937b7a7764bdb	"{""cfg_hash"":""7b597e4976340689606e650f7a864d1c028938e4a1d0c4201b7092f53302813a"",""conformation"":""9e6y"",""entity_id"":""P1MCPUFP__CPUFP500K_0432__00670"",""entity_type"":""candidate"",""monomer_sha256"":""874f42ebf22f0f512d089292005b32e60fca320f965225e4f6be438f458f7c4f"",""protocol_core_sha256"":""8c55751f66ac2930ce115a9419321a2b2bed220b61af2e1671f7ac6e6a2e33b3"",""restraint_hash"":""4c76f09ba6c24bc9c82a9a97a8fa1f279c4d5ce2a6d051dbf284751701c25880"",""seed"":42,""sequence_sha256"":""181aa44ad0f299a2c5fdce7b4bc71d3a6bad72531b94f1ca7491df8667af0234""}"	6109	TOP200_COMMON4_SEED_COMPLETION	146
CANDIDATE_P1MCPUFP__CPUFP500K_0432__00670_8x6b_s3047_0ae5dd073673	215	candidate	P1MCPUFP__CPUFP500K_0432__00670		CANDIDATE_UNKNOWN	8x6b	3047	181aa44ad0f299a2c5fdce7b4bc71d3a6bad72531b94f1ca7491df8667af0234	26-33	51-58	97-112	27,28,29,30,35,36,37,38,56,57,58,59,62,63,64,65,105,106,107,108,109,110,111,112,113,114,115,116,117	inputs/candidate_monomers/P1MCPUFP__CPUFP500K_0432__00670.pdb	frozen_nbb2_archive_extract	H	874f42ebf22f0f512d089292005b32e60fca320f965225e4f6be438f458f7c4f	inputs/normalized/8x6b_pvrig_receptor.pdb	T	L	A	UniProt_Q6DKI7	21918201f2d7d8fd86e7fbe3003003c516ebb4de914b20d6f1f82a78554f6225	4c76f09ba6c24bc9c82a9a97a8fa1f279c4d5ce2a6d051dbf284751701c25880	8c55751f66ac2930ce115a9419321a2b2bed220b61af2e1671f7ac6e6a2e33b3	8c55751f66ac2930ce115a9419321a2b2bed220b61af2e1671f7ac6e6a2e33b3	0ae5dd073673b8c77e488878fb35f5cded56a9b838db0341373e3514499e19b8	"{""cfg_hash"":""21918201f2d7d8fd86e7fbe3003003c516ebb4de914b20d6f1f82a78554f6225"",""conformation"":""8x6b"",""entity_id"":""P1MCPUFP__CPUFP500K_0432__00670"",""entity_type"":""candidate"",""monomer_sha256"":""874f42ebf22f0f512d089292005b32e60fca320f965225e4f6be438f458f7c4f"",""protocol_core_sha256"":""8c55751f66ac2930ce115a9419321a2b2bed220b61af2e1671f7ac6e6a2e33b3"",""restraint_hash"":""4c76f09ba6c24bc9c82a9a97a8fa1f279c4d5ce2a6d051dbf284751701c25880"",""seed"":3047,""sequence_sha256"":""181aa44ad0f299a2c5fdce7b4bc71d3a6bad72531b94f1ca7491df8667af0234""}"	6109	TOP200_COMMON4_SEED_COMPLETION	146
CANDIDATE_P1MCPUFP__CPUFP500K_0432__00670_9e6y_s3047_54e1ea2f6133	216	candidate	P1MCPUFP__CPUFP500K_0432__00670		CANDIDATE_UNKNOWN	9e6y	3047	181aa44ad0f299a2c5fdce7b4bc71d3a6bad72531b94f1ca7491df8667af0234	26-33	51-58	97-112	27,28,29,30,35,36,37,38,56,57,58,59,62,63,64,65,105,106,107,108,109,110,111,112,113,114,115,116,117	inputs/candidate_monomers/P1MCPUFP__CPUFP500K_0432__00670.pdb	frozen_nbb2_archive_extract	H	874f42ebf22f0f512d089292005b32e60fca320f965225e4f6be438f458f7c4f	inputs/normalized/9e6y_pvrig_receptor.pdb	T	L	A	UniProt_Q6DKI7	036faa08876ef5dc8e4331507bf042bf828faae3f3cf5a5fd358a89d5fb215da	4c76f09ba6c24bc9c82a9a97a8fa1f279c4d5ce2a6d051dbf284751701c25880	8c55751f66ac2930ce115a9419321a2b2bed220b61af2e1671f7ac6e6a2e33b3	8c55751f66ac2930ce115a9419321a2b2bed220b61af2e1671f7ac6e6a2e33b3	54e1ea2f61333211fff58f3dc588c64f9842454e382498e939b988e4623bb6a3	"{""cfg_hash"":""036faa08876ef5dc8e4331507bf042bf828faae3f3cf5a5fd358a89d5fb215da"",""conformation"":""9e6y"",""entity_id"":""P1MCPUFP__CPUFP500K_0432__00670"",""entity_type"":""candidate"",""monomer_sha256"":""874f42ebf22f0f512d089292005b32e60fca320f965225e4f6be438f458f7c4f"",""protocol_core_sha256"":""8c55751f66ac2930ce115a9419321a2b2bed220b61af2e1671f7ac6e6a2e33b3"",""restraint_hash"":""4c76f09ba6c24bc9c82a9a97a8fa1f279c4d5ce2a6d051dbf284751701c25880"",""seed"":3047,""sequence_sha256"":""181aa44ad0f299a2c5fdce7b4bc71d3a6bad72531b94f1ca7491df8667af0234""}"	6109	TOP200_COMMON4_SEED_COMPLETION	146
CANDIDATE_P1MCPUFP__CPUFP500K_0132__00435_8x6b_s42_47a5c16b9d48	217	candidate	P1MCPUFP__CPUFP500K_0132__00435		CANDIDATE_UNKNOWN	8x6b	42	2ef99a4735d5ca9f955a10113cc201a5a306ee1baee721086cb5ee8a2c048f70	26-33	51-58	97-112	27,28,29,30,35,36,37,38,56,57,58,59,62,63,64,65,105,106,107,108,109,110,111,112,113,114,115,116,117	inputs/candidate_monomers/P1MCPUFP__CPUFP500K_0132__00435.pdb	frozen_nbb2_archive_extract	H	fcf7c9be30fd7fdbd041a4392b8c17e96525d142137a1872250070b895054c12	inputs/normalized/8x6b_pvrig_receptor.pdb	T	L	A	UniProt_Q6DKI7	6e3411303a8196b0e07523e8d66724b2c6a9380dca7a347caa47b5632620a2a8	4c76f09ba6c24bc9c82a9a97a8fa1f279c4d5ce2a6d051dbf284751701c25880	8c55751f66ac2930ce115a9419321a2b2bed220b61af2e1671f7ac6e6a2e33b3	8c55751f66ac2930ce115a9419321a2b2bed220b61af2e1671f7ac6e6a2e33b3	47a5c16b9d486d5c7293e40bf29d20e306c05d59a8230de5d2e1232e7c71d863	"{""cfg_hash"":""6e3411303a8196b0e07523e8d66724b2c6a9380dca7a347caa47b5632620a2a8"",""conformation"":""8x6b"",""entity_id"":""P1MCPUFP__CPUFP500K_0132__00435"",""entity_type"":""candidate"",""monomer_sha256"":""fcf7c9be30fd7fdbd041a4392b8c17e96525d142137a1872250070b895054c12"",""protocol_core_sha256"":""8c55751f66ac2930ce115a9419321a2b2bed220b61af2e1671f7ac6e6a2e33b3"",""restraint_hash"":""4c76f09ba6c24bc9c82a9a97a8fa1f279c4d5ce2a6d051dbf284751701c25880"",""seed"":42,""sequence_sha256"":""2ef99a4735d5ca9f955a10113cc201a5a306ee1baee721086cb5ee8a2c048f70""}"	2729	TOP200_COMMON4_SEED_COMPLETION	147
CANDIDATE_P1MCPUFP__CPUFP500K_0132__00435_9e6y_s42_78fbe8ab3e2e	218	candidate	P1MCPUFP__CPUFP500K_0132__00435		CANDIDATE_UNKNOWN	9e6y	42	2ef99a4735d5ca9f955a10113cc201a5a306ee1baee721086cb5ee8a2c048f70	26-33	51-58	97-112	27,28,29,30,35,36,37,38,56,57,58,59,62,63,64,65,105,106,107,108,109,110,111,112,113,114,115,116,117	inputs/candidate_monomers/P1MCPUFP__CPUFP500K_0132__00435.pdb	frozen_nbb2_archive_extract	H	fcf7c9be30fd7fdbd041a4392b8c17e96525d142137a1872250070b895054c12	inputs/normalized/9e6y_pvrig_receptor.pdb	T	L	A	UniProt_Q6DKI7	7b597e4976340689606e650f7a864d1c028938e4a1d0c4201b7092f53302813a	4c76f09ba6c24bc9c82a9a97a8fa1f279c4d5ce2a6d051dbf284751701c25880	8c55751f66ac2930ce115a9419321a2b2bed220b61af2e1671f7ac6e6a2e33b3	8c55751f66ac2930ce115a9419321a2b2bed220b61af2e1671f7ac6e6a2e33b3	78fbe8ab3e2efb82d150fc563db0b80c8fbb498ad6df4a348e3699a94e65c181	"{""cfg_hash"":""7b597e4976340689606e650f7a864d1c028938e4a1d0c4201b7092f53302813a"",""conformation"":""9e6y"",""entity_id"":""P1MCPUFP__CPUFP500K_0132__00435"",""entity_type"":""candidate"",""monomer_sha256"":""fcf7c9be30fd7fdbd041a4392b8c17e96525d142137a1872250070b895054c12"",""protocol_core_sha256"":""8c55751f66ac2930ce115a9419321a2b2bed220b61af2e1671f7ac6e6a2e33b3"",""restraint_hash"":""4c76f09ba6c24bc9c82a9a97a8fa1f279c4d5ce2a6d051dbf284751701c25880"",""seed"":42,""sequence_sha256"":""2ef99a4735d5ca9f955a10113cc201a5a306ee1baee721086cb5ee8a2c048f70""}"	2729	TOP200_COMMON4_SEED_COMPLETION	147
CANDIDATE_P1MCPUFP__CPUFP500K_0132__00435_8x6b_s3047_967516a9269e	219	candidate	P1MCPUFP__CPUFP500K_0132__00435		CANDIDATE_UNKNOWN	8x6b	3047	2ef99a4735d5ca9f955a10113cc201a5a306ee1baee721086cb5ee8a2c048f70	26-33	51-58	97-112	27,28,29,30,35,36,37,38,56,57,58,59,62,63,64,65,105,106,107,108,109,110,111,112,113,114,115,116,117	inputs/candidate_monomers/P1MCPUFP__CPUFP500K_0132__00435.pdb	frozen_nbb2_archive_extract	H	fcf7c9be30fd7fdbd041a4392b8c17e96525d142137a1872250070b895054c12	inputs/normalized/8x6b_pvrig_receptor.pdb	T	L	A	UniProt_Q6DKI7	21918201f2d7d8fd86e7fbe3003003c516ebb4de914b20d6f1f82a78554f6225	4c76f09ba6c24bc9c82a9a97a8fa1f279c4d5ce2a6d051dbf284751701c25880	8c55751f66ac2930ce115a9419321a2b2bed220b61af2e1671f7ac6e6a2e33b3	8c55751f66ac2930ce115a9419321a2b2bed220b61af2e1671f7ac6e6a2e33b3	967516a9269e68bef1061253319b8fc9d6e2ab9555ea962b5640a731cb5bca2c	"{""cfg_hash"":""21918201f2d7d8fd86e7fbe3003003c516ebb4de914b20d6f1f82a78554f6225"",""conformation"":""8x6b"",""entity_id"":""P1MCPUFP__CPUFP500K_0132__00435"",""entity_type"":""candidate"",""monomer_sha256"":""fcf7c9be30fd7fdbd041a4392b8c17e96525d142137a1872250070b895054c12"",""protocol_core_sha256"":""8c55751f66ac2930ce115a9419321a2b2bed220b61af2e1671f7ac6e6a2e33b3"",""restraint_hash"":""4c76f09ba6c24bc9c82a9a97a8fa1f279c4d5ce2a6d051dbf284751701c25880"",""seed"":3047,""sequence_sha256"":""2ef99a4735d5ca9f955a10113cc201a5a306ee1baee721086cb5ee8a2c048f70""}"	2729	TOP200_COMMON4_SEED_COMPLETION	147
CANDIDATE_P1MCPUFP__CPUFP500K_0132__00435_9e6y_s3047_4e49616087ba	220	candidate	P1MCPUFP__CPUFP500K_0132__00435		CANDIDATE_UNKNOWN	9e6y	3047	2ef99a4735d5ca9f955a10113cc201a5a306ee1baee721086cb5ee8a2c048f70	26-33	51-58	97-112	27,28,29,30,35,36,37,38,56,57,58,59,62,63,64,65,105,106,107,108,109,110,111,112,113,114,115,116,117	inputs/candidate_monomers/P1MCPUFP__CPUFP500K_0132__00435.pdb	frozen_nbb2_archive_extract	H	fcf7c9be30fd7fdbd041a4392b8c17e96525d142137a1872250070b895054c12	inputs/normalized/9e6y_pvrig_receptor.pdb	T	L	A	UniProt_Q6DKI7	036faa08876ef5dc8e4331507bf042bf828faae3f3cf5a5fd358a89d5fb215da	4c76f09ba6c24bc9c82a9a97a8fa1f279c4d5ce2a6d051dbf284751701c25880	8c55751f66ac2930ce115a9419321a2b2bed220b61af2e1671f7ac6e6a2e33b3	8c55751f66ac2930ce115a9419321a2b2bed220b61af2e1671f7ac6e6a2e33b3	4e49616087bae2e756b4fdbeda152fd7049a540a5dfac67420faf0d3ff042eb8	"{""cfg_hash"":""036faa08876ef5dc8e4331507bf042bf828faae3f3cf5a5fd358a89d5fb215da"",""conformation"":""9e6y"",""entity_id"":""P1MCPUFP__CPUFP500K_0132__00435"",""entity_type"":""candidate"",""monomer_sha256"":""fcf7c9be30fd7fdbd041a4392b8c17e96525d142137a1872250070b895054c12"",""protocol_core_sha256"":""8c55751f66ac2930ce115a9419321a2b2bed220b61af2e1671f7ac6e6a2e33b3"",""restraint_hash"":""4c76f09ba6c24bc9c82a9a97a8fa1f279c4d5ce2a6d051dbf284751701c25880"",""seed"":3047,""sequence_sha256"":""2ef99a4735d5ca9f955a10113cc201a5a306ee1baee721086cb5ee8a2c048f70""}"	2729	TOP200_COMMON4_SEED_COMPLETION	147
CANDIDATE_P1MCPUFP__CPUFP500K_0036__00857_8x6b_s42_55788236c55b	221	candidate	P1MCPUFP__CPUFP500K_0036__00857		CANDIDATE_UNKNOWN	8x6b	42	6e77397ac3166b21e2c0018e8d232b1e1843174d123df5adad1c4821b9e48c26	26-33	51-58	97-112	27,28,29,30,35,36,37,38,56,57,58,59,62,63,64,65,105,106,107,108,109,110,111,112,113,114,115,116,117	inputs/candidate_monomers/P1MCPUFP__CPUFP500K_0036__00857.pdb	frozen_nbb2_archive_extract	H	87e54a84a6d09dd4f0bc294fed0f42687d9ff48e00ea3bdfefa91747104fcf1d	inputs/normalized/8x6b_pvrig_receptor.pdb	T	L	A	UniProt_Q6DKI7	6e3411303a8196b0e07523e8d66724b2c6a9380dca7a347caa47b5632620a2a8	4c76f09ba6c24bc9c82a9a97a8fa1f279c4d5ce2a6d051dbf284751701c25880	8c55751f66ac2930ce115a9419321a2b2bed220b61af2e1671f7ac6e6a2e33b3	8c55751f66ac2930ce115a9419321a2b2bed220b61af2e1671f7ac6e6a2e33b3	55788236c55ba2476973d0b0072720d14062a506598955a4a9bc80794935a364	"{""cfg_hash"":""6e3411303a8196b0e07523e8d66724b2c6a9380dca7a347caa47b5632620a2a8"",""conformation"":""8x6b"",""entity_id"":""P1MCPUFP__CPUFP500K_0036__00857"",""entity_type"":""candidate"",""monomer_sha256"":""87e54a84a6d09dd4f0bc294fed0f42687d9ff48e00ea3bdfefa91747104fcf1d"",""protocol_core_sha256"":""8c55751f66ac2930ce115a9419321a2b2bed220b61af2e1671f7ac6e6a2e33b3"",""restraint_hash"":""4c76f09ba6c24bc9c82a9a97a8fa1f279c4d5ce2a6d051dbf284751701c25880"",""seed"":42,""sequence_sha256"":""6e77397ac3166b21e2c0018e8d232b1e1843174d123df5adad1c4821b9e48c26""}"	6507	TOP200_COMMON4_SEED_COMPLETION	148
CANDIDATE_P1MCPUFP__CPUFP500K_0036__00857_9e6y_s42_ef735566bbc7	222	candidate	P1MCPUFP__CPUFP500K_0036__00857		CANDIDATE_UNKNOWN	9e6y	42	6e77397ac3166b21e2c0018e8d232b1e1843174d123df5adad1c4821b9e48c26	26-33	51-58	97-112	27,28,29,30,35,36,37,38,56,57,58,59,62,63,64,65,105,106,107,108,109,110,111,112,113,114,115,116,117	inputs/candidate_monomers/P1MCPUFP__CPUFP500K_0036__00857.pdb	frozen_nbb2_archive_extract	H	87e54a84a6d09dd4f0bc294fed0f42687d9ff48e00ea3bdfefa91747104fcf1d	inputs/normalized/9e6y_pvrig_receptor.pdb	T	L	A	UniProt_Q6DKI7	7b597e4976340689606e650f7a864d1c028938e4a1d0c4201b7092f53302813a	4c76f09ba6c24bc9c82a9a97a8fa1f279c4d5ce2a6d051dbf284751701c25880	8c55751f66ac2930ce115a9419321a2b2bed220b61af2e1671f7ac6e6a2e33b3	8c55751f66ac2930ce115a9419321a2b2bed220b61af2e1671f7ac6e6a2e33b3	ef735566bbc76e64e1c4c8f18b2cfe34e66537a2e0c975c4eb14b3860a91921d	"{""cfg_hash"":""7b597e4976340689606e650f7a864d1c028938e4a1d0c4201b7092f53302813a"",""conformation"":""9e6y"",""entity_id"":""P1MCPUFP__CPUFP500K_0036__00857"",""entity_type"":""candidate"",""monomer_sha256"":""87e54a84a6d09dd4f0bc294fed0f42687d9ff48e00ea3bdfefa91747104fcf1d"",""protocol_core_sha256"":""8c55751f66ac2930ce115a9419321a2b2bed220b61af2e1671f7ac6e6a2e33b3"",""restraint_hash"":""4c76f09ba6c24bc9c82a9a97a8fa1f279c4d5ce2a6d051dbf284751701c25880"",""seed"":42,""sequence_sha256"":""6e77397ac3166b21e2c0018e8d232b1e1843174d123df5adad1c4821b9e48c26""}"	6507	TOP200_COMMON4_SEED_COMPLETION	148
CANDIDATE_P1MCPUFP__CPUFP500K_0036__00857_8x6b_s3047_9b81e0ca1dc2	223	candidate	P1MCPUFP__CPUFP500K_0036__00857		CANDIDATE_UNKNOWN	8x6b	3047	6e77397ac3166b21e2c0018e8d232b1e1843174d123df5adad1c4821b9e48c26	26-33	51-58	97-112	27,28,29,30,35,36,37,38,56,57,58,59,62,63,64,65,105,106,107,108,109,110,111,112,113,114,115,116,117	inputs/candidate_monomers/P1MCPUFP__CPUFP500K_0036__00857.pdb	frozen_nbb2_archive_extract	H	87e54a84a6d09dd4f0bc294fed0f42687d9ff48e00ea3bdfefa91747104fcf1d	inputs/normalized/8x6b_pvrig_receptor.pdb	T	L	A	UniProt_Q6DKI7	21918201f2d7d8fd86e7fbe3003003c516ebb4de914b20d6f1f82a78554f6225	4c76f09ba6c24bc9c82a9a97a8fa1f279c4d5ce2a6d051dbf284751701c25880	8c55751f66ac2930ce115a9419321a2b2bed220b61af2e1671f7ac6e6a2e33b3	8c55751f66ac2930ce115a9419321a2b2bed220b61af2e1671f7ac6e6a2e33b3	9b81e0ca1dc26b84ec9aa0ecc3ca7293f038da4dc3e57fc095e2e07907605e7f	"{""cfg_hash"":""21918201f2d7d8fd86e7fbe3003003c516ebb4de914b20d6f1f82a78554f6225"",""conformation"":""8x6b"",""entity_id"":""P1MCPUFP__CPUFP500K_0036__00857"",""entity_type"":""candidate"",""monomer_sha256"":""87e54a84a6d09dd4f0bc294fed0f42687d9ff48e00ea3bdfefa91747104fcf1d"",""protocol_core_sha256"":""8c55751f66ac2930ce115a9419321a2b2bed220b61af2e1671f7ac6e6a2e33b3"",""restraint_hash"":""4c76f09ba6c24bc9c82a9a97a8fa1f279c4d5ce2a6d051dbf284751701c25880"",""seed"":3047,""sequence_sha256"":""6e77397ac3166b21e2c0018e8d232b1e1843174d123df5adad1c4821b9e48c26""}"	6507	TOP200_COMMON4_SEED_COMPLETION	148
CANDIDATE_P1MCPUFP__CPUFP500K_0036__00857_9e6y_s3047_97858e651433	224	candidate	P1MCPUFP__CPUFP500K_0036__00857		CANDIDATE_UNKNOWN	9e6y	3047	6e77397ac3166b21e2c0018e8d232b1e1843174d123df5adad1c4821b9e48c26	26-33	51-58	97-112	27,28,29,30,35,36,37,38,56,57,58,59,62,63,64,65,105,106,107,108,109,110,111,112,113,114,115,116,117	inputs/candidate_monomers/P1MCPUFP__CPUFP500K_0036__00857.pdb	frozen_nbb2_archive_extract	H	87e54a84a6d09dd4f0bc294fed0f42687d9ff48e00ea3bdfefa91747104fcf1d	inputs/normalized/9e6y_pvrig_receptor.pdb	T	L	A	UniProt_Q6DKI7	036faa08876ef5dc8e4331507bf042bf828faae3f3cf5a5fd358a89d5fb215da	4c76f09ba6c24bc9c82a9a97a8fa1f279c4d5ce2a6d051dbf284751701c25880	8c55751f66ac2930ce115a9419321a2b2bed220b61af2e1671f7ac6e6a2e33b3	8c55751f66ac2930ce115a9419321a2b2bed220b61af2e1671f7ac6e6a2e33b3	97858e6514335e537c48d5ef7f203225a03a2124115ed27b23579baace0cf68f	"{""cfg_hash"":""036faa08876ef5dc8e4331507bf042bf828faae3f3cf5a5fd358a89d5fb215da"",""conformation"":""9e6y"",""entity_id"":""P1MCPUFP__CPUFP500K_0036__00857"",""entity_type"":""candidate"",""monomer_sha256"":""87e54a84a6d09dd4f0bc294fed0f42687d9ff48e00ea3bdfefa91747104fcf1d"",""protocol_core_sha256"":""8c55751f66ac2930ce115a9419321a2b2bed220b61af2e1671f7ac6e6a2e33b3"",""restraint_hash"":""4c76f09ba6c24bc9c82a9a97a8fa1f279c4d5ce2a6d051dbf284751701c25880"",""seed"":3047,""sequence_sha256"":""6e77397ac3166b21e2c0018e8d232b1e1843174d123df5adad1c4821b9e48c26""}"	6507	TOP200_COMMON4_SEED_COMPLETION	148
CANDIDATE_P1MCPUFP__CPUFP500K_0034__00437_8x6b_s42_da7e95d678bf	225	candidate	P1MCPUFP__CPUFP500K_0034__00437		CANDIDATE_UNKNOWN	8x6b	42	15e4aa85c63d9d7d3e1d30cdc158578b9d29aa285615cf616cb3b1ac7803edbc	26-33	51-58	97-112	27,28,29,30,35,36,37,38,56,57,58,59,62,63,64,65,105,106,107,108,109,110,111,112,113,114,115,116,117	inputs/candidate_monomers/P1MCPUFP__CPUFP500K_0034__00437.pdb	frozen_nbb2_archive_extract	H	e2f70c21bb7ddeda60e7b1e0ba50f855cbd2b2c7190d160af338646b350cebc6	inputs/normalized/8x6b_pvrig_receptor.pdb	T	L	A	UniProt_Q6DKI7	6e3411303a8196b0e07523e8d66724b2c6a9380dca7a347caa47b5632620a2a8	4c76f09ba6c24bc9c82a9a97a8fa1f279c4d5ce2a6d051dbf284751701c25880	8c55751f66ac2930ce115a9419321a2b2bed220b61af2e1671f7ac6e6a2e33b3	8c55751f66ac2930ce115a9419321a2b2bed220b61af2e1671f7ac6e6a2e33b3	da7e95d678bfa9d1571f818bcaefa0ef626476ccd98343ad1f28f6705d3b1c6d	"{""cfg_hash"":""6e3411303a8196b0e07523e8d66724b2c6a9380dca7a347caa47b5632620a2a8"",""conformation"":""8x6b"",""entity_id"":""P1MCPUFP__CPUFP500K_0034__00437"",""entity_type"":""candidate"",""monomer_sha256"":""e2f70c21bb7ddeda60e7b1e0ba50f855cbd2b2c7190d160af338646b350cebc6"",""protocol_core_sha256"":""8c55751f66ac2930ce115a9419321a2b2bed220b61af2e1671f7ac6e6a2e33b3"",""restraint_hash"":""4c76f09ba6c24bc9c82a9a97a8fa1f279c4d5ce2a6d051dbf284751701c25880"",""seed"":42,""sequence_sha256"":""15e4aa85c63d9d7d3e1d30cdc158578b9d29aa285615cf616cb3b1ac7803edbc""}"	4975	TOP200_COMMON4_SEED_COMPLETION	149
CANDIDATE_P1MCPUFP__CPUFP500K_0034__00437_9e6y_s42_19a979eaf54f	226	candidate	P1MCPUFP__CPUFP500K_0034__00437		CANDIDATE_UNKNOWN	9e6y	42	15e4aa85c63d9d7d3e1d30cdc158578b9d29aa285615cf616cb3b1ac7803edbc	26-33	51-58	97-112	27,28,29,30,35,36,37,38,56,57,58,59,62,63,64,65,105,106,107,108,109,110,111,112,113,114,115,116,117	inputs/candidate_monomers/P1MCPUFP__CPUFP500K_0034__00437.pdb	frozen_nbb2_archive_extract	H	e2f70c21bb7ddeda60e7b1e0ba50f855cbd2b2c7190d160af338646b350cebc6	inputs/normalized/9e6y_pvrig_receptor.pdb	T	L	A	UniProt_Q6DKI7	7b597e4976340689606e650f7a864d1c028938e4a1d0c4201b7092f53302813a	4c76f09ba6c24bc9c82a9a97a8fa1f279c4d5ce2a6d051dbf284751701c25880	8c55751f66ac2930ce115a9419321a2b2bed220b61af2e1671f7ac6e6a2e33b3	8c55751f66ac2930ce115a9419321a2b2bed220b61af2e1671f7ac6e6a2e33b3	19a979eaf54fb4c3eb7811afda27eb29f098340a5403dfed870f0d13ec3d5a19	"{""cfg_hash"":""7b597e4976340689606e650f7a864d1c028938e4a1d0c4201b7092f53302813a"",""conformation"":""9e6y"",""entity_id"":""P1MCPUFP__CPUFP500K_0034__00437"",""entity_type"":""candidate"",""monomer_sha256"":""e2f70c21bb7ddeda60e7b1e0ba50f855cbd2b2c7190d160af338646b350cebc6"",""protocol_core_sha256"":""8c55751f66ac2930ce115a9419321a2b2bed220b61af2e1671f7ac6e6a2e33b3"",""restraint_hash"":""4c76f09ba6c24bc9c82a9a97a8fa1f279c4d5ce2a6d051dbf284751701c25880"",""seed"":42,""sequence_sha256"":""15e4aa85c63d9d7d3e1d30cdc158578b9d29aa285615cf616cb3b1ac7803edbc""}"	4975	TOP200_COMMON4_SEED_COMPLETION	149
CANDIDATE_P1MCPUFP__CPUFP500K_0034__00437_8x6b_s3047_aa615456275b	227	candidate	P1MCPUFP__CPUFP500K_0034__00437		CANDIDATE_UNKNOWN	8x6b	3047	15e4aa85c63d9d7d3e1d30cdc158578b9d29aa285615cf616cb3b1ac7803edbc	26-33	51-58	97-112	27,28,29,30,35,36,37,38,56,57,58,59,62,63,64,65,105,106,107,108,109,110,111,112,113,114,115,116,117	inputs/candidate_monomers/P1MCPUFP__CPUFP500K_0034__00437.pdb	frozen_nbb2_archive_extract	H	e2f70c21bb7ddeda60e7b1e0ba50f855cbd2b2c7190d160af338646b350cebc6	inputs/normalized/8x6b_pvrig_receptor.pdb	T	L	A	UniProt_Q6DKI7	21918201f2d7d8fd86e7fbe3003003c516ebb4de914b20d6f1f82a78554f6225	4c76f09ba6c24bc9c82a9a97a8fa1f279c4d5ce2a6d051dbf284751701c25880	8c55751f66ac2930ce115a9419321a2b2bed220b61af2e1671f7ac6e6a2e33b3	8c55751f66ac2930ce115a9419321a2b2bed220b61af2e1671f7ac6e6a2e33b3	aa615456275b73b2905509b5cc34b2fea3658caad044bd37b015dc9c3f92eb68	"{""cfg_hash"":""21918201f2d7d8fd86e7fbe3003003c516ebb4de914b20d6f1f82a78554f6225"",""conformation"":""8x6b"",""entity_id"":""P1MCPUFP__CPUFP500K_0034__00437"",""entity_type"":""candidate"",""monomer_sha256"":""e2f70c21bb7ddeda60e7b1e0ba50f855cbd2b2c7190d160af338646b350cebc6"",""protocol_core_sha256"":""8c55751f66ac2930ce115a9419321a2b2bed220b61af2e1671f7ac6e6a2e33b3"",""restraint_hash"":""4c76f09ba6c24bc9c82a9a97a8fa1f279c4d5ce2a6d051dbf284751701c25880"",""seed"":3047,""sequence_sha256"":""15e4aa85c63d9d7d3e1d30cdc158578b9d29aa285615cf616cb3b1ac7803edbc""}"	4975	TOP200_COMMON4_SEED_COMPLETION	149
CANDIDATE_P1MCPUFP__CPUFP500K_0034__00437_9e6y_s3047_8d6e829b9c58	228	candidate	P1MCPUFP__CPUFP500K_0034__00437		CANDIDATE_UNKNOWN	9e6y	3047	15e4aa85c63d9d7d3e1d30cdc158578b9d29aa285615cf616cb3b1ac7803edbc	26-33	51-58	97-112	27,28,29,30,35,36,37,38,56,57,58,59,62,63,64,65,105,106,107,108,109,110,111,112,113,114,115,116,117	inputs/candidate_monomers/P1MCPUFP__CPUFP500K_0034__00437.pdb	frozen_nbb2_archive_extract	H	e2f70c21bb7ddeda60e7b1e0ba50f855cbd2b2c7190d160af338646b350cebc6	inputs/normalized/9e6y_pvrig_receptor.pdb	T	L	A	UniProt_Q6DKI7	036faa08876ef5dc8e4331507bf042bf828faae3f3cf5a5fd358a89d5fb215da	4c76f09ba6c24bc9c82a9a97a8fa1f279c4d5ce2a6d051dbf284751701c25880	8c55751f66ac2930ce115a9419321a2b2bed220b61af2e1671f7ac6e6a2e33b3	8c55751f66ac2930ce115a9419321a2b2bed220b61af2e1671f7ac6e6a2e33b3	8d6e829b9c58b1ad50578658489a5a522960d6dbafa801089c57ae2609a539e9	"{""cfg_hash"":""036faa08876ef5dc8e4331507bf042bf828faae3f3cf5a5fd358a89d5fb215da"",""conformation"":""9e6y"",""entity_id"":""P1MCPUFP__CPUFP500K_0034__00437"",""entity_type"":""candidate"",""monomer_sha256"":""e2f70c21bb7ddeda60e7b1e0ba50f855cbd2b2c7190d160af338646b350cebc6"",""protocol_core_sha256"":""8c55751f66ac2930ce115a9419321a2b2bed220b61af2e1671f7ac6e6a2e33b3"",""restraint_hash"":""4c76f09ba6c24bc9c82a9a97a8fa1f279c4d5ce2a6d051dbf284751701c25880"",""seed"":3047,""sequence_sha256"":""15e4aa85c63d9d7d3e1d30cdc158578b9d29aa285615cf616cb3b1ac7803edbc""}"	4975	TOP200_COMMON4_SEED_COMPLETION	149
CANDIDATE_P1MCPUFP__CPUFP500K_0132__00682_8x6b_s42_cb67a9608f19	229	candidate	P1MCPUFP__CPUFP500K_0132__00682		CANDIDATE_UNKNOWN	8x6b	42	892d97d39c84eab1d394f2570c54ad84b3965ff15ae0a8b2f9dfb3f6d1a0e283	26-33	51-58	97-112	27,28,29,30,35,36,37,38,56,57,58,59,62,63,64,65,105,106,107,108,109,110,111,112,113,114,115,116,117	inputs/candidate_monomers/P1MCPUFP__CPUFP500K_0132__00682.pdb	frozen_nbb2_archive_extract	H	abbc54599024fb249b2e83aa54ca8714b6cc29517c69764aeb684b96d9d13136	inputs/normalized/8x6b_pvrig_receptor.pdb	T	L	A	UniProt_Q6DKI7	6e3411303a8196b0e07523e8d66724b2c6a9380dca7a347caa47b5632620a2a8	4c76f09ba6c24bc9c82a9a97a8fa1f279c4d5ce2a6d051dbf284751701c25880	8c55751f66ac2930ce115a9419321a2b2bed220b61af2e1671f7ac6e6a2e33b3	8c55751f66ac2930ce115a9419321a2b2bed220b61af2e1671f7ac6e6a2e33b3	cb67a9608f19f4c7daf45bbe99eff2dbd786c418b00dd3e706a725c0da80bfdf	"{""cfg_hash"":""6e3411303a8196b0e07523e8d66724b2c6a9380dca7a347caa47b5632620a2a8"",""conformation"":""8x6b"",""entity_id"":""P1MCPUFP__CPUFP500K_0132__00682"",""entity_type"":""candidate"",""monomer_sha256"":""abbc54599024fb249b2e83aa54ca8714b6cc29517c69764aeb684b96d9d13136"",""protocol_core_sha256"":""8c55751f66ac2930ce115a9419321a2b2bed220b61af2e1671f7ac6e6a2e33b3"",""restraint_hash"":""4c76f09ba6c24bc9c82a9a97a8fa1f279c4d5ce2a6d051dbf284751701c25880"",""seed"":42,""sequence_sha256"":""892d97d39c84eab1d394f2570c54ad84b3965ff15ae0a8b2f9dfb3f6d1a0e283""}"	5460	TOP200_COMMON4_SEED_COMPLETION	150
CANDIDATE_P1MCPUFP__CPUFP500K_0132__00682_9e6y_s42_2df049dacdc0	230	candidate	P1MCPUFP__CPUFP500K_0132__00682		CANDIDATE_UNKNOWN	9e6y	42	892d97d39c84eab1d394f2570c54ad84b3965ff15ae0a8b2f9dfb3f6d1a0e283	26-33	51-58	97-112	27,28,29,30,35,36,37,38,56,57,58,59,62,63,64,65,105,106,107,108,109,110,111,112,113,114,115,116,117	inputs/candidate_monomers/P1MCPUFP__CPUFP500K_0132__00682.pdb	frozen_nbb2_archive_extract	H	abbc54599024fb249b2e83aa54ca8714b6cc29517c69764aeb684b96d9d13136	inputs/normalized/9e6y_pvrig_receptor.pdb	T	L	A	UniProt_Q6DKI7	7b597e4976340689606e650f7a864d1c028938e4a1d0c4201b7092f53302813a	4c76f09ba6c24bc9c82a9a97a8fa1f279c4d5ce2a6d051dbf284751701c25880	8c55751f66ac2930ce115a9419321a2b2bed220b61af2e1671f7ac6e6a2e33b3	8c55751f66ac2930ce115a9419321a2b2bed220b61af2e1671f7ac6e6a2e33b3	2df049dacdc062aade13770965e868340e076e063ae96c87ed88753c3d4b3c39	"{""cfg_hash"":""7b597e4976340689606e650f7a864d1c028938e4a1d0c4201b7092f53302813a"",""conformation"":""9e6y"",""entity_id"":""P1MCPUFP__CPUFP500K_0132__00682"",""entity_type"":""candidate"",""monomer_sha256"":""abbc54599024fb249b2e83aa54ca8714b6cc29517c69764aeb684b96d9d13136"",""protocol_core_sha256"":""8c55751f66ac2930ce115a9419321a2b2bed220b61af2e1671f7ac6e6a2e33b3"",""restraint_hash"":""4c76f09ba6c24bc9c82a9a97a8fa1f279c4d5ce2a6d051dbf284751701c25880"",""seed"":42,""sequence_sha256"":""892d97d39c84eab1d394f2570c54ad84b3965ff15ae0a8b2f9dfb3f6d1a0e283""}"	5460	TOP200_COMMON4_SEED_COMPLETION	150
CANDIDATE_P1MCPUFP__CPUFP500K_0132__00682_8x6b_s3047_15dac4f04d01	231	candidate	P1MCPUFP__CPUFP500K_0132__00682		CANDIDATE_UNKNOWN	8x6b	3047	892d97d39c84eab1d394f2570c54ad84b3965ff15ae0a8b2f9dfb3f6d1a0e283	26-33	51-58	97-112	27,28,29,30,35,36,37,38,56,57,58,59,62,63,64,65,105,106,107,108,109,110,111,112,113,114,115,116,117	inputs/candidate_monomers/P1MCPUFP__CPUFP500K_0132__00682.pdb	frozen_nbb2_archive_extract	H	abbc54599024fb249b2e83aa54ca8714b6cc29517c69764aeb684b96d9d13136	inputs/normalized/8x6b_pvrig_receptor.pdb	T	L	A	UniProt_Q6DKI7	21918201f2d7d8fd86e7fbe3003003c516ebb4de914b20d6f1f82a78554f6225	4c76f09ba6c24bc9c82a9a97a8fa1f279c4d5ce2a6d051dbf284751701c25880	8c55751f66ac2930ce115a9419321a2b2bed220b61af2e1671f7ac6e6a2e33b3	8c55751f66ac2930ce115a9419321a2b2bed220b61af2e1671f7ac6e6a2e33b3	15dac4f04d0154e823510eee5eda1622278264a4b34377a299047679a7df20c9	"{""cfg_hash"":""21918201f2d7d8fd86e7fbe3003003c516ebb4de914b20d6f1f82a78554f6225"",""conformation"":""8x6b"",""entity_id"":""P1MCPUFP__CPUFP500K_0132__00682"",""entity_type"":""candidate"",""monomer_sha256"":""abbc54599024fb249b2e83aa54ca8714b6cc29517c69764aeb684b96d9d13136"",""protocol_core_sha256"":""8c55751f66ac2930ce115a9419321a2b2bed220b61af2e1671f7ac6e6a2e33b3"",""restraint_hash"":""4c76f09ba6c24bc9c82a9a97a8fa1f279c4d5ce2a6d051dbf284751701c25880"",""seed"":3047,""sequence_sha256"":""892d97d39c84eab1d394f2570c54ad84b3965ff15ae0a8b2f9dfb3f6d1a0e283""}"	5460	TOP200_COMMON4_SEED_COMPLETION	150
CANDIDATE_P1MCPUFP__CPUFP500K_0132__00682_9e6y_s3047_43fce2340e36	232	candidate	P1MCPUFP__CPUFP500K_0132__00682		CANDIDATE_UNKNOWN	9e6y	3047	892d97d39c84eab1d394f2570c54ad84b3965ff15ae0a8b2f9dfb3f6d1a0e283	26-33	51-58	97-112	27,28,29,30,35,36,37,38,56,57,58,59,62,63,64,65,105,106,107,108,109,110,111,112,113,114,115,116,117	inputs/candidate_monomers/P1MCPUFP__CPUFP500K_0132__00682.pdb	frozen_nbb2_archive_extract	H	abbc54599024fb249b2e83aa54ca8714b6cc29517c69764aeb684b96d9d13136	inputs/normalized/9e6y_pvrig_receptor.pdb	T	L	A	UniProt_Q6DKI7	036faa08876ef5dc8e4331507bf042bf828faae3f3cf5a5fd358a89d5fb215da	4c76f09ba6c24bc9c82a9a97a8fa1f279c4d5ce2a6d051dbf284751701c25880	8c55751f66ac2930ce115a9419321a2b2bed220b61af2e1671f7ac6e6a2e33b3	8c55751f66ac2930ce115a9419321a2b2bed220b61af2e1671f7ac6e6a2e33b3	43fce2340e36f2a2f9d7d33bb68dd01190f63463b8b76109a38df3b63a029447	"{""cfg_hash"":""036faa08876ef5dc8e4331507bf042bf828faae3f3cf5a5fd358a89d5fb215da"",""conformation"":""9e6y"",""entity_id"":""P1MCPUFP__CPUFP500K_0132__00682"",""entity_type"":""candidate"",""monomer_sha256"":""abbc54599024fb249b2e83aa54ca8714b6cc29517c69764aeb684b96d9d13136"",""protocol_core_sha256"":""8c55751f66ac2930ce115a9419321a2b2bed220b61af2e1671f7ac6e6a2e33b3"",""restraint_hash"":""4c76f09ba6c24bc9c82a9a97a8fa1f279c4d5ce2a6d051dbf284751701c25880"",""seed"":3047,""sequence_sha256"":""892d97d39c84eab1d394f2570c54ad84b3965ff15ae0a8b2f9dfb3f6d1a0e283""}"	5460	TOP200_COMMON4_SEED_COMPLETION	150
CANDIDATE_P1MCPUFP__CPUFP500K_0133__00282_8x6b_s42_49e018654ff6	233	candidate	P1MCPUFP__CPUFP500K_0133__00282		CANDIDATE_UNKNOWN	8x6b	42	04a0719b4a17791985afb4f12e2c557c0155e9c5b644f36f1ddad1cb2b340abb	26-33	51-58	97-112	27,28,29,30,35,36,37,38,56,57,58,59,62,63,64,65,105,106,107,108,109,110,111,112,113,114,115,116,117	inputs/candidate_monomers/P1MCPUFP__CPUFP500K_0133__00282.pdb	frozen_nbb2_archive_extract	H	b74484cbf86ae023abb911a6ffd4b6022e13f92c53d683ab16b0245bc6de2bf6	inputs/normalized/8x6b_pvrig_receptor.pdb	T	L	A	UniProt_Q6DKI7	6e3411303a8196b0e07523e8d66724b2c6a9380dca7a347caa47b5632620a2a8	4c76f09ba6c24bc9c82a9a97a8fa1f279c4d5ce2a6d051dbf284751701c25880	8c55751f66ac2930ce115a9419321a2b2bed220b61af2e1671f7ac6e6a2e33b3	8c55751f66ac2930ce115a9419321a2b2bed220b61af2e1671f7ac6e6a2e33b3	49e018654ff6cb448a53e814dbeebdbe06d0781f01b4012af259e09df9ae3f6b	"{""cfg_hash"":""6e3411303a8196b0e07523e8d66724b2c6a9380dca7a347caa47b5632620a2a8"",""conformation"":""8x6b"",""entity_id"":""P1MCPUFP__CPUFP500K_0133__00282"",""entity_type"":""candidate"",""monomer_sha256"":""b74484cbf86ae023abb911a6ffd4b6022e13f92c53d683ab16b0245bc6de2bf6"",""protocol_core_sha256"":""8c55751f66ac2930ce115a9419321a2b2bed220b61af2e1671f7ac6e6a2e33b3"",""restraint_hash"":""4c76f09ba6c24bc9c82a9a97a8fa1f279c4d5ce2a6d051dbf284751701c25880"",""seed"":42,""sequence_sha256"":""04a0719b4a17791985afb4f12e2c557c0155e9c5b644f36f1ddad1cb2b340abb""}"	3010	TOP200_COMMON4_SEED_COMPLETION	151
CANDIDATE_P1MCPUFP__CPUFP500K_0133__00282_9e6y_s42_0f7f57ba8a0d	234	candidate	P1MCPUFP__CPUFP500K_0133__00282		CANDIDATE_UNKNOWN	9e6y	42	04a0719b4a17791985afb4f12e2c557c0155e9c5b644f36f1ddad1cb2b340abb	26-33	51-58	97-112	27,28,29,30,35,36,37,38,56,57,58,59,62,63,64,65,105,106,107,108,109,110,111,112,113,114,115,116,117	inputs/candidate_monomers/P1MCPUFP__CPUFP500K_0133__00282.pdb	frozen_nbb2_archive_extract	H	b74484cbf86ae023abb911a6ffd4b6022e13f92c53d683ab16b0245bc6de2bf6	inputs/normalized/9e6y_pvrig_receptor.pdb	T	L	A	UniProt_Q6DKI7	7b597e4976340689606e650f7a864d1c028938e4a1d0c4201b7092f53302813a	4c76f09ba6c24bc9c82a9a97a8fa1f279c4d5ce2a6d051dbf284751701c25880	8c55751f66ac2930ce115a9419321a2b2bed220b61af2e1671f7ac6e6a2e33b3	8c55751f66ac2930ce115a9419321a2b2bed220b61af2e1671f7ac6e6a2e33b3	0f7f57ba8a0d3bb6018d58f8d94824c2972d78fdc61b6abb0b830552e29ed9c2	"{""cfg_hash"":""7b597e4976340689606e650f7a864d1c028938e4a1d0c4201b7092f53302813a"",""conformation"":""9e6y"",""entity_id"":""P1MCPUFP__CPUFP500K_0133__00282"",""entity_type"":""candidate"",""monomer_sha256"":""b74484cbf86ae023abb911a6ffd4b6022e13f92c53d683ab16b0245bc6de2bf6"",""protocol_core_sha256"":""8c55751f66ac2930ce115a9419321a2b2bed220b61af2e1671f7ac6e6a2e33b3"",""restraint_hash"":""4c76f09ba6c24bc9c82a9a97a8fa1f279c4d5ce2a6d051dbf284751701c25880"",""seed"":42,""sequence_sha256"":""04a0719b4a17791985afb4f12e2c557c0155e9c5b644f36f1ddad1cb2b340abb""}"	3010	TOP200_COMMON4_SEED_COMPLETION	151
CANDIDATE_P1MCPUFP__CPUFP500K_0133__00282_8x6b_s3047_c5fec020c757	235	candidate	P1MCPUFP__CPUFP500K_0133__00282		CANDIDATE_UNKNOWN	8x6b	3047	04a0719b4a17791985afb4f12e2c557c0155e9c5b644f36f1ddad1cb2b340abb	26-33	51-58	97-112	27,28,29,30,35,36,37,38,56,57,58,59,62,63,64,65,105,106,107,108,109,110,111,112,113,114,115,116,117	inputs/candidate_monomers/P1MCPUFP__CPUFP500K_0133__00282.pdb	frozen_nbb2_archive_extract	H	b74484cbf86ae023abb911a6ffd4b6022e13f92c53d683ab16b0245bc6de2bf6	inputs/normalized/8x6b_pvrig_receptor.pdb	T	L	A	UniProt_Q6DKI7	21918201f2d7d8fd86e7fbe3003003c516ebb4de914b20d6f1f82a78554f6225	4c76f09ba6c24bc9c82a9a97a8fa1f279c4d5ce2a6d051dbf284751701c25880	8c55751f66ac2930ce115a9419321a2b2bed220b61af2e1671f7ac6e6a2e33b3	8c55751f66ac2930ce115a9419321a2b2bed220b61af2e1671f7ac6e6a2e33b3	c5fec020c7572ca96230886a7634c7999169eb4609b9f0a648bc34485adaa803	"{""cfg_hash"":""21918201f2d7d8fd86e7fbe3003003c516ebb4de914b20d6f1f82a78554f6225"",""conformation"":""8x6b"",""entity_id"":""P1MCPUFP__CPUFP500K_0133__00282"",""entity_type"":""candidate"",""monomer_sha256"":""b74484cbf86ae023abb911a6ffd4b6022e13f92c53d683ab16b0245bc6de2bf6"",""protocol_core_sha256"":""8c55751f66ac2930ce115a9419321a2b2bed220b61af2e1671f7ac6e6a2e33b3"",""restraint_hash"":""4c76f09ba6c24bc9c82a9a97a8fa1f279c4d5ce2a6d051dbf284751701c25880"",""seed"":3047,""sequence_sha256"":""04a0719b4a17791985afb4f12e2c557c0155e9c5b644f36f1ddad1cb2b340abb""}"	3010	TOP200_COMMON4_SEED_COMPLETION	151
CANDIDATE_P1MCPUFP__CPUFP500K_0133__00282_9e6y_s3047_777d0f8e20f3	236	candidate	P1MCPUFP__CPUFP500K_0133__00282		CANDIDATE_UNKNOWN	9e6y	3047	04a0719b4a17791985afb4f12e2c557c0155e9c5b644f36f1ddad1cb2b340abb	26-33	51-58	97-112	27,28,29,30,35,36,37,38,56,57,58,59,62,63,64,65,105,106,107,108,109,110,111,112,113,114,115,116,117	inputs/candidate_monomers/P1MCPUFP__CPUFP500K_0133__00282.pdb	frozen_nbb2_archive_extract	H	b74484cbf86ae023abb911a6ffd4b6022e13f92c53d683ab16b0245bc6de2bf6	inputs/normalized/9e6y_pvrig_receptor.pdb	T	L	A	UniProt_Q6DKI7	036faa08876ef5dc8e4331507bf042bf828faae3f3cf5a5fd358a89d5fb215da	4c76f09ba6c24bc9c82a9a97a8fa1f279c4d5ce2a6d051dbf284751701c25880	8c55751f66ac2930ce115a9419321a2b2bed220b61af2e1671f7ac6e6a2e33b3	8c55751f66ac2930ce115a9419321a2b2bed220b61af2e1671f7ac6e6a2e33b3	777d0f8e20f3f302b828508b08ae61ce077942bb6001374ab9df3839678804f9	"{""cfg_hash"":""036faa08876ef5dc8e4331507bf042bf828faae3f3cf5a5fd358a89d5fb215da"",""conformation"":""9e6y"",""entity_id"":""P1MCPUFP__CPUFP500K_0133__00282"",""entity_type"":""candidate"",""monomer_sha256"":""b74484cbf86ae023abb911a6ffd4b6022e13f92c53d683ab16b0245bc6de2bf6"",""protocol_core_sha256"":""8c55751f66ac2930ce115a9419321a2b2bed220b61af2e1671f7ac6e6a2e33b3"",""restraint_hash"":""4c76f09ba6c24bc9c82a9a97a8fa1f279c4d5ce2a6d051dbf284751701c25880"",""seed"":3047,""sequence_sha256"":""04a0719b4a17791985afb4f12e2c557c0155e9c5b644f36f1ddad1cb2b340abb""}"	3010	TOP200_COMMON4_SEED_COMPLETION	151
CANDIDATE_P1MCPUFP__CPUFP500K_0031__00091_8x6b_s42_c92e025b055f	237	candidate	P1MCPUFP__CPUFP500K_0031__00091		CANDIDATE_UNKNOWN	8x6b	42	001829b9d654533d816517728c3477e61dc5985d6f13ffe655ff4206d91f6481	26-33	51-58	97-112	27,28,29,30,35,36,37,38,56,57,58,59,62,63,64,65,105,106,107,108,109,110,111,112,113,114,115,116,117	inputs/candidate_monomers/P1MCPUFP__CPUFP500K_0031__00091.pdb	frozen_nbb2_archive_extract	H	dd9823736ec1863e08f00bd541c3d77dcf82bfa52b837c084528efb1e3226dac	inputs/normalized/8x6b_pvrig_receptor.pdb	T	L	A	UniProt_Q6DKI7	6e3411303a8196b0e07523e8d66724b2c6a9380dca7a347caa47b5632620a2a8	4c76f09ba6c24bc9c82a9a97a8fa1f279c4d5ce2a6d051dbf284751701c25880	8c55751f66ac2930ce115a9419321a2b2bed220b61af2e1671f7ac6e6a2e33b3	8c55751f66ac2930ce115a9419321a2b2bed220b61af2e1671f7ac6e6a2e33b3	c92e025b055f229e9ca549da00332794561bef613928ebe7179649b4d1fb8e28	"{""cfg_hash"":""6e3411303a8196b0e07523e8d66724b2c6a9380dca7a347caa47b5632620a2a8"",""conformation"":""8x6b"",""entity_id"":""P1MCPUFP__CPUFP500K_0031__00091"",""entity_type"":""candidate"",""monomer_sha256"":""dd9823736ec1863e08f00bd541c3d77dcf82bfa52b837c084528efb1e3226dac"",""protocol_core_sha256"":""8c55751f66ac2930ce115a9419321a2b2bed220b61af2e1671f7ac6e6a2e33b3"",""restraint_hash"":""4c76f09ba6c24bc9c82a9a97a8fa1f279c4d5ce2a6d051dbf284751701c25880"",""seed"":42,""sequence_sha256"":""001829b9d654533d816517728c3477e61dc5985d6f13ffe655ff4206d91f6481""}"	6855	TOP200_COMMON4_SEED_COMPLETION	152
CANDIDATE_P1MCPUFP__CPUFP500K_0031__00091_9e6y_s42_31c608774b7d	238	candidate	P1MCPUFP__CPUFP500K_0031__00091		CANDIDATE_UNKNOWN	9e6y	42	001829b9d654533d816517728c3477e61dc5985d6f13ffe655ff4206d91f6481	26-33	51-58	97-112	27,28,29,30,35,36,37,38,56,57,58,59,62,63,64,65,105,106,107,108,109,110,111,112,113,114,115,116,117	inputs/candidate_monomers/P1MCPUFP__CPUFP500K_0031__00091.pdb	frozen_nbb2_archive_extract	H	dd9823736ec1863e08f00bd541c3d77dcf82bfa52b837c084528efb1e3226dac	inputs/normalized/9e6y_pvrig_receptor.pdb	T	L	A	UniProt_Q6DKI7	7b597e4976340689606e650f7a864d1c028938e4a1d0c4201b7092f53302813a	4c76f09ba6c24bc9c82a9a97a8fa1f279c4d5ce2a6d051dbf284751701c25880	8c55751f66ac2930ce115a9419321a2b2bed220b61af2e1671f7ac6e6a2e33b3	8c55751f66ac2930ce115a9419321a2b2bed220b61af2e1671f7ac6e6a2e33b3	31c608774b7de5b4353375eaa697e7d2f446f91de8ecd075b4fa3a69db40cf5b	"{""cfg_hash"":""7b597e4976340689606e650f7a864d1c028938e4a1d0c4201b7092f53302813a"",""conformation"":""9e6y"",""entity_id"":""P1MCPUFP__CPUFP500K_0031__00091"",""entity_type"":""candidate"",""monomer_sha256"":""dd9823736ec1863e08f00bd541c3d77dcf82bfa52b837c084528efb1e3226dac"",""protocol_core_sha256"":""8c55751f66ac2930ce115a9419321a2b2bed220b61af2e1671f7ac6e6a2e33b3"",""restraint_hash"":""4c76f09ba6c24bc9c82a9a97a8fa1f279c4d5ce2a6d051dbf284751701c25880"",""seed"":42,""sequence_sha256"":""001829b9d654533d816517728c3477e61dc5985d6f13ffe655ff4206d91f6481""}"	6855	TOP200_COMMON4_SEED_COMPLETION	152
CANDIDATE_P1MCPUFP__CPUFP500K_0031__00091_8x6b_s3047_0fb965f4a559	239	candidate	P1MCPUFP__CPUFP500K_0031__00091		CANDIDATE_UNKNOWN	8x6b	3047	001829b9d654533d816517728c3477e61dc5985d6f13ffe655ff4206d91f6481	26-33	51-58	97-112	27,28,29,30,35,36,37,38,56,57,58,59,62,63,64,65,105,106,107,108,109,110,111,112,113,114,115,116,117	inputs/candidate_monomers/P1MCPUFP__CPUFP500K_0031__00091.pdb	frozen_nbb2_archive_extract	H	dd9823736ec1863e08f00bd541c3d77dcf82bfa52b837c084528efb1e3226dac	inputs/normalized/8x6b_pvrig_receptor.pdb	T	L	A	UniProt_Q6DKI7	21918201f2d7d8fd86e7fbe3003003c516ebb4de914b20d6f1f82a78554f6225	4c76f09ba6c24bc9c82a9a97a8fa1f279c4d5ce2a6d051dbf284751701c25880	8c55751f66ac2930ce115a9419321a2b2bed220b61af2e1671f7ac6e6a2e33b3	8c55751f66ac2930ce115a9419321a2b2bed220b61af2e1671f7ac6e6a2e33b3	0fb965f4a5599a9d3855714cf21baef99784a04a20127887eae69efb0f36078b	"{""cfg_hash"":""21918201f2d7d8fd86e7fbe3003003c516ebb4de914b20d6f1f82a78554f6225"",""conformation"":""8x6b"",""entity_id"":""P1MCPUFP__CPUFP500K_0031__00091"",""entity_type"":""candidate"",""monomer_sha256"":""dd9823736ec1863e08f00bd541c3d77dcf82bfa52b837c084528efb1e3226dac"",""protocol_core_sha256"":""8c55751f66ac2930ce115a9419321a2b2bed220b61af2e1671f7ac6e6a2e33b3"",""restraint_hash"":""4c76f09ba6c24bc9c82a9a97a8fa1f279c4d5ce2a6d051dbf284751701c25880"",""seed"":3047,""sequence_sha256"":""001829b9d654533d816517728c3477e61dc5985d6f13ffe655ff4206d91f6481""}"	6855	TOP200_COMMON4_SEED_COMPLETION	152
CANDIDATE_P1MCPUFP__CPUFP500K_0031__00091_9e6y_s3047_82fe2ac2ce14	240	candidate	P1MCPUFP__CPUFP500K_0031__00091		CANDIDATE_UNKNOWN	9e6y	3047	001829b9d654533d816517728c3477e61dc5985d6f13ffe655ff4206d91f6481	26-33	51-58	97-112	27,28,29,30,35,36,37,38,56,57,58,59,62,63,64,65,105,106,107,108,109,110,111,112,113,114,115,116,117	inputs/candidate_monomers/P1MCPUFP__CPUFP500K_0031__00091.pdb	frozen_nbb2_archive_extract	H	dd9823736ec1863e08f00bd541c3d77dcf82bfa52b837c084528efb1e3226dac	inputs/normalized/9e6y_pvrig_receptor.pdb	T	L	A	UniProt_Q6DKI7	036faa08876ef5dc8e4331507bf042bf828faae3f3cf5a5fd358a89d5fb215da	4c76f09ba6c24bc9c82a9a97a8fa1f279c4d5ce2a6d051dbf284751701c25880	8c55751f66ac2930ce115a9419321a2b2bed220b61af2e1671f7ac6e6a2e33b3	8c55751f66ac2930ce115a9419321a2b2bed220b61af2e1671f7ac6e6a2e33b3	82fe2ac2ce14e3e5c6c186635b1bd5c8d2162affb46a5d0a0f5e5336da8ffed3	"{""cfg_hash"":""036faa08876ef5dc8e4331507bf042bf828faae3f3cf5a5fd358a89d5fb215da"",""conformation"":""9e6y"",""entity_id"":""P1MCPUFP__CPUFP500K_0031__00091"",""entity_type"":""candidate"",""monomer_sha256"":""dd9823736ec1863e08f00bd541c3d77dcf82bfa52b837c084528efb1e3226dac"",""protocol_core_sha256"":""8c55751f66ac2930ce115a9419321a2b2bed220b61af2e1671f7ac6e6a2e33b3"",""restraint_hash"":""4c76f09ba6c24bc9c82a9a97a8fa1f279c4d5ce2a6d051dbf284751701c25880"",""seed"":3047,""sequence_sha256"":""001829b9d654533d816517728c3477e61dc5985d6f13ffe655ff4206d91f6481""}"	6855	TOP200_COMMON4_SEED_COMPLETION	152
CANDIDATE_P1MCPUFP__CPUFP500K_0432__00713_8x6b_s42_a659f654ef53	241	candidate	P1MCPUFP__CPUFP500K_0432__00713		CANDIDATE_UNKNOWN	8x6b	42	b375ad4ec31264fc13db3c64b406832b5287fcbb17a5d3c6e4d0ea7cabf3ac05	26-33	51-58	97-112	27,28,29,30,35,36,37,38,56,57,58,59,62,63,64,65,105,106,107,108,109,110,111,112,113,114,115,116,117	inputs/candidate_monomers/P1MCPUFP__CPUFP500K_0432__00713.pdb	frozen_nbb2_archive_extract	H	bdcee016dd0eafe07b09de4e31c9abbd5e47c476dda462bed79b90b941b93eac	inputs/normalized/8x6b_pvrig_receptor.pdb	T	L	A	UniProt_Q6DKI7	6e3411303a8196b0e07523e8d66724b2c6a9380dca7a347caa47b5632620a2a8	4c76f09ba6c24bc9c82a9a97a8fa1f279c4d5ce2a6d051dbf284751701c25880	8c55751f66ac2930ce115a9419321a2b2bed220b61af2e1671f7ac6e6a2e33b3	8c55751f66ac2930ce115a9419321a2b2bed220b61af2e1671f7ac6e6a2e33b3	a659f654ef535bd1a186ec593224d6f41aeae504d272c6dd34d43408844fa09d	"{""cfg_hash"":""6e3411303a8196b0e07523e8d66724b2c6a9380dca7a347caa47b5632620a2a8"",""conformation"":""8x6b"",""entity_id"":""P1MCPUFP__CPUFP500K_0432__00713"",""entity_type"":""candidate"",""monomer_sha256"":""bdcee016dd0eafe07b09de4e31c9abbd5e47c476dda462bed79b90b941b93eac"",""protocol_core_sha256"":""8c55751f66ac2930ce115a9419321a2b2bed220b61af2e1671f7ac6e6a2e33b3"",""restraint_hash"":""4c76f09ba6c24bc9c82a9a97a8fa1f279c4d5ce2a6d051dbf284751701c25880"",""seed"":42,""sequence_sha256"":""b375ad4ec31264fc13db3c64b406832b5287fcbb17a5d3c6e4d0ea7cabf3ac05""}"	6353	TOP200_COMMON4_SEED_COMPLETION	153
CANDIDATE_P1MCPUFP__CPUFP500K_0432__00713_9e6y_s42_2315f2bd430e	242	candidate	P1MCPUFP__CPUFP500K_0432__00713		CANDIDATE_UNKNOWN	9e6y	42	b375ad4ec31264fc13db3c64b406832b5287fcbb17a5d3c6e4d0ea7cabf3ac05	26-33	51-58	97-112	27,28,29,30,35,36,37,38,56,57,58,59,62,63,64,65,105,106,107,108,109,110,111,112,113,114,115,116,117	inputs/candidate_monomers/P1MCPUFP__CPUFP500K_0432__00713.pdb	frozen_nbb2_archive_extract	H	bdcee016dd0eafe07b09de4e31c9abbd5e47c476dda462bed79b90b941b93eac	inputs/normalized/9e6y_pvrig_receptor.pdb	T	L	A	UniProt_Q6DKI7	7b597e4976340689606e650f7a864d1c028938e4a1d0c4201b7092f53302813a	4c76f09ba6c24bc9c82a9a97a8fa1f279c4d5ce2a6d051dbf284751701c25880	8c55751f66ac2930ce115a9419321a2b2bed220b61af2e1671f7ac6e6a2e33b3	8c55751f66ac2930ce115a9419321a2b2bed220b61af2e1671f7ac6e6a2e33b3	2315f2bd430e1fe25e5ae84c2ca345a2e03d87c5dec359a4d08032ebb13475f9	"{""cfg_hash"":""7b597e4976340689606e650f7a864d1c028938e4a1d0c4201b7092f53302813a"",""conformation"":""9e6y"",""entity_id"":""P1MCPUFP__CPUFP500K_0432__00713"",""entity_type"":""candidate"",""monomer_sha256"":""bdcee016dd0eafe07b09de4e31c9abbd5e47c476dda462bed79b90b941b93eac"",""protocol_core_sha256"":""8c55751f66ac2930ce115a9419321a2b2bed220b61af2e1671f7ac6e6a2e33b3"",""restraint_hash"":""4c76f09ba6c24bc9c82a9a97a8fa1f279c4d5ce2a6d051dbf284751701c25880"",""seed"":42,""sequence_sha256"":""b375ad4ec31264fc13db3c64b406832b5287fcbb17a5d3c6e4d0ea7cabf3ac05""}"	6353	TOP200_COMMON4_SEED_COMPLETION	153
CANDIDATE_P1MCPUFP__CPUFP500K_0432__00713_8x6b_s3047_645afca9957f	243	candidate	P1MCPUFP__CPUFP500K_0432__00713		CANDIDATE_UNKNOWN	8x6b	3047	b375ad4ec31264fc13db3c64b406832b5287fcbb17a5d3c6e4d0ea7cabf3ac05	26-33	51-58	97-112	27,28,29,30,35,36,37,38,56,57,58,59,62,63,64,65,105,106,107,108,109,110,111,112,113,114,115,116,117	inputs/candidate_monomers/P1MCPUFP__CPUFP500K_0432__00713.pdb	frozen_nbb2_archive_extract	H	bdcee016dd0eafe07b09de4e31c9abbd5e47c476dda462bed79b90b941b93eac	inputs/normalized/8x6b_pvrig_receptor.pdb	T	L	A	UniProt_Q6DKI7	21918201f2d7d8fd86e7fbe3003003c516ebb4de914b20d6f1f82a78554f6225	4c76f09ba6c24bc9c82a9a97a8fa1f279c4d5ce2a6d051dbf284751701c25880	8c55751f66ac2930ce115a9419321a2b2bed220b61af2e1671f7ac6e6a2e33b3	8c55751f66ac2930ce115a9419321a2b2bed220b61af2e1671f7ac6e6a2e33b3	645afca9957f337c757bbe33cc126a726028fb8b774e885dd33e80da1c472a57	"{""cfg_hash"":""21918201f2d7d8fd86e7fbe3003003c516ebb4de914b20d6f1f82a78554f6225"",""conformation"":""8x6b"",""entity_id"":""P1MCPUFP__CPUFP500K_0432__00713"",""entity_type"":""candidate"",""monomer_sha256"":""bdcee016dd0eafe07b09de4e31c9abbd5e47c476dda462bed79b90b941b93eac"",""protocol_core_sha256"":""8c55751f66ac2930ce115a9419321a2b2bed220b61af2e1671f7ac6e6a2e33b3"",""restraint_hash"":""4c76f09ba6c24bc9c82a9a97a8fa1f279c4d5ce2a6d051dbf284751701c25880"",""seed"":3047,""sequence_sha256"":""b375ad4ec31264fc13db3c64b406832b5287fcbb17a5d3c6e4d0ea7cabf3ac05""}"	6353	TOP200_COMMON4_SEED_COMPLETION	153
CANDIDATE_P1MCPUFP__CPUFP500K_0432__00713_9e6y_s3047_07074762cb33	244	candidate	P1MCPUFP__CPUFP500K_0432__00713		CANDIDATE_UNKNOWN	9e6y	3047	b375ad4ec31264fc13db3c64b406832b5287fcbb17a5d3c6e4d0ea7cabf3ac05	26-33	51-58	97-112	27,28,29,30,35,36,37,38,56,57,58,59,62,63,64,65,105,106,107,108,109,110,111,112,113,114,115,116,117	inputs/candidate_monomers/P1MCPUFP__CPUFP500K_0432__00713.pdb	frozen_nbb2_archive_extract	H	bdcee016dd0eafe07b09de4e31c9abbd5e47c476dda462bed79b90b941b93eac	inputs/normalized/9e6y_pvrig_receptor.pdb	T	L	A	UniProt_Q6DKI7	036faa08876ef5dc8e4331507bf042bf828faae3f3cf5a5fd358a89d5fb215da	4c76f09ba6c24bc9c82a9a97a8fa1f279c4d5ce2a6d051dbf284751701c25880	8c55751f66ac2930ce115a9419321a2b2bed220b61af2e1671f7ac6e6a2e33b3	8c55751f66ac2930ce115a9419321a2b2bed220b61af2e1671f7ac6e6a2e33b3	07074762cb33ff397af6a90c2524157b20a2c43f1ca7040c2b1ce499d66f0852	"{""cfg_hash"":""036faa08876ef5dc8e4331507bf042bf828faae3f3cf5a5fd358a89d5fb215da"",""conformation"":""9e6y"",""entity_id"":""P1MCPUFP__CPUFP500K_0432__00713"",""entity_type"":""candidate"",""monomer_sha256"":""bdcee016dd0eafe07b09de4e31c9abbd5e47c476dda462bed79b90b941b93eac"",""protocol_core_sha256"":""8c55751f66ac2930ce115a9419321a2b2bed220b61af2e1671f7ac6e6a2e33b3"",""restraint_hash"":""4c76f09ba6c24bc9c82a9a97a8fa1f279c4d5ce2a6d051dbf284751701c25880"",""seed"":3047,""sequence_sha256"":""b375ad4ec31264fc13db3c64b406832b5287fcbb17a5d3c6e4d0ea7cabf3ac05""}"	6353	TOP200_COMMON4_SEED_COMPLETION	153
CANDIDATE_P1MCPUFP__CPUFP500K_0029__00258_8x6b_s42_728a9eeafed6	245	candidate	P1MCPUFP__CPUFP500K_0029__00258		CANDIDATE_UNKNOWN	8x6b	42	37b83ca871ad0d799c57346bc885786ed6af71fac7d3336314443bfd85d68f64	26-33	51-58	97-112	27,28,29,30,35,36,37,38,56,57,58,59,62,63,64,65,105,106,107,108,109,110,111,112,113,114,115,116,117	inputs/candidate_monomers/P1MCPUFP__CPUFP500K_0029__00258.pdb	frozen_nbb2_archive_extract	H	c10808ea8ade4ed0c8edf8459f0a5b7c5cff6c5bfca7faf5beb6b8a39a7bc33f	inputs/normalized/8x6b_pvrig_receptor.pdb	T	L	A	UniProt_Q6DKI7	6e3411303a8196b0e07523e8d66724b2c6a9380dca7a347caa47b5632620a2a8	4c76f09ba6c24bc9c82a9a97a8fa1f279c4d5ce2a6d051dbf284751701c25880	8c55751f66ac2930ce115a9419321a2b2bed220b61af2e1671f7ac6e6a2e33b3	8c55751f66ac2930ce115a9419321a2b2bed220b61af2e1671f7ac6e6a2e33b3	728a9eeafed6d349cf614d9ef05e6bcfee15153d54eb1fc6ae319dc50cc1aa95	"{""cfg_hash"":""6e3411303a8196b0e07523e8d66724b2c6a9380dca7a347caa47b5632620a2a8"",""conformation"":""8x6b"",""entity_id"":""P1MCPUFP__CPUFP500K_0029__00258"",""entity_type"":""candidate"",""monomer_sha256"":""c10808ea8ade4ed0c8edf8459f0a5b7c5cff6c5bfca7faf5beb6b8a39a7bc33f"",""protocol_core_sha256"":""8c55751f66ac2930ce115a9419321a2b2bed220b61af2e1671f7ac6e6a2e33b3"",""restraint_hash"":""4c76f09ba6c24bc9c82a9a97a8fa1f279c4d5ce2a6d051dbf284751701c25880"",""seed"":42,""sequence_sha256"":""37b83ca871ad0d799c57346bc885786ed6af71fac7d3336314443bfd85d68f64""}"	2191	TOP200_COMMON4_SEED_COMPLETION	154
CANDIDATE_P1MCPUFP__CPUFP500K_0029__00258_9e6y_s42_5f309ca84591	246	candidate	P1MCPUFP__CPUFP500K_0029__00258		CANDIDATE_UNKNOWN	9e6y	42	37b83ca871ad0d799c57346bc885786ed6af71fac7d3336314443bfd85d68f64	26-33	51-58	97-112	27,28,29,30,35,36,37,38,56,57,58,59,62,63,64,65,105,106,107,108,109,110,111,112,113,114,115,116,117	inputs/candidate_monomers/P1MCPUFP__CPUFP500K_0029__00258.pdb	frozen_nbb2_archive_extract	H	c10808ea8ade4ed0c8edf8459f0a5b7c5cff6c5bfca7faf5beb6b8a39a7bc33f	inputs/normalized/9e6y_pvrig_receptor.pdb	T	L	A	UniProt_Q6DKI7	7b597e4976340689606e650f7a864d1c028938e4a1d0c4201b7092f53302813a	4c76f09ba6c24bc9c82a9a97a8fa1f279c4d5ce2a6d051dbf284751701c25880	8c55751f66ac2930ce115a9419321a2b2bed220b61af2e1671f7ac6e6a2e33b3	8c55751f66ac2930ce115a9419321a2b2bed220b61af2e1671f7ac6e6a2e33b3	5f309ca845914c104c126544b4ef8b5710007d32ebc2daa83d31f6e9b8dec777	"{""cfg_hash"":""7b597e4976340689606e650f7a864d1c028938e4a1d0c4201b7092f53302813a"",""conformation"":""9e6y"",""entity_id"":""P1MCPUFP__CPUFP500K_0029__00258"",""entity_type"":""candidate"",""monomer_sha256"":""c10808ea8ade4ed0c8edf8459f0a5b7c5cff6c5bfca7faf5beb6b8a39a7bc33f"",""protocol_core_sha256"":""8c55751f66ac2930ce115a9419321a2b2bed220b61af2e1671f7ac6e6a2e33b3"",""restraint_hash"":""4c76f09ba6c24bc9c82a9a97a8fa1f279c4d5ce2a6d051dbf284751701c25880"",""seed"":42,""sequence_sha256"":""37b83ca871ad0d799c57346bc885786ed6af71fac7d3336314443bfd85d68f64""}"	2191	TOP200_COMMON4_SEED_COMPLETION	154
CANDIDATE_P1MCPUFP__CPUFP500K_0029__00258_8x6b_s3047_142fa9f43b2d	247	candidate	P1MCPUFP__CPUFP500K_0029__00258		CANDIDATE_UNKNOWN	8x6b	3047	37b83ca871ad0d799c57346bc885786ed6af71fac7d3336314443bfd85d68f64	26-33	51-58	97-112	27,28,29,30,35,36,37,38,56,57,58,59,62,63,64,65,105,106,107,108,109,110,111,112,113,114,115,116,117	inputs/candidate_monomers/P1MCPUFP__CPUFP500K_0029__00258.pdb	frozen_nbb2_archive_extract	H	c10808ea8ade4ed0c8edf8459f0a5b7c5cff6c5bfca7faf5beb6b8a39a7bc33f	inputs/normalized/8x6b_pvrig_receptor.pdb	T	L	A	UniProt_Q6DKI7	21918201f2d7d8fd86e7fbe3003003c516ebb4de914b20d6f1f82a78554f6225	4c76f09ba6c24bc9c82a9a97a8fa1f279c4d5ce2a6d051dbf284751701c25880	8c55751f66ac2930ce115a9419321a2b2bed220b61af2e1671f7ac6e6a2e33b3	8c55751f66ac2930ce115a9419321a2b2bed220b61af2e1671f7ac6e6a2e33b3	142fa9f43b2df7d511cb7c467072e48a666ddf76202ba4065590a6853014452a	"{""cfg_hash"":""21918201f2d7d8fd86e7fbe3003003c516ebb4de914b20d6f1f82a78554f6225"",""conformation"":""8x6b"",""entity_id"":""P1MCPUFP__CPUFP500K_0029__00258"",""entity_type"":""candidate"",""monomer_sha256"":""c10808ea8ade4ed0c8edf8459f0a5b7c5cff6c5bfca7faf5beb6b8a39a7bc33f"",""protocol_core_sha256"":""8c55751f66ac2930ce115a9419321a2b2bed220b61af2e1671f7ac6e6a2e33b3"",""restraint_hash"":""4c76f09ba6c24bc9c82a9a97a8fa1f279c4d5ce2a6d051dbf284751701c25880"",""seed"":3047,""sequence_sha256"":""37b83ca871ad0d799c57346bc885786ed6af71fac7d3336314443bfd85d68f64""}"	2191	TOP200_COMMON4_SEED_COMPLETION	154
CANDIDATE_P1MCPUFP__CPUFP500K_0029__00258_9e6y_s3047_7bf18116b0e3	248	candidate	P1MCPUFP__CPUFP500K_0029__00258		CANDIDATE_UNKNOWN	9e6y	3047	37b83ca871ad0d799c57346bc885786ed6af71fac7d3336314443bfd85d68f64	26-33	51-58	97-112	27,28,29,30,35,36,37,38,56,57,58,59,62,63,64,65,105,106,107,108,109,110,111,112,113,114,115,116,117	inputs/candidate_monomers/P1MCPUFP__CPUFP500K_0029__00258.pdb	frozen_nbb2_archive_extract	H	c10808ea8ade4ed0c8edf8459f0a5b7c5cff6c5bfca7faf5beb6b8a39a7bc33f	inputs/normalized/9e6y_pvrig_receptor.pdb	T	L	A	UniProt_Q6DKI7	036faa08876ef5dc8e4331507bf042bf828faae3f3cf5a5fd358a89d5fb215da	4c76f09ba6c24bc9c82a9a97a8fa1f279c4d5ce2a6d051dbf284751701c25880	8c55751f66ac2930ce115a9419321a2b2bed220b61af2e1671f7ac6e6a2e33b3	8c55751f66ac2930ce115a9419321a2b2bed220b61af2e1671f7ac6e6a2e33b3	7bf18116b0e38f8f9dd8415a528af17eb19400680412a9753284b76d77d8f84d	"{""cfg_hash"":""036faa08876ef5dc8e4331507bf042bf828faae3f3cf5a5fd358a89d5fb215da"",""conformation"":""9e6y"",""entity_id"":""P1MCPUFP__CPUFP500K_0029__00258"",""entity_type"":""candidate"",""monomer_sha256"":""c10808ea8ade4ed0c8edf8459f0a5b7c5cff6c5bfca7faf5beb6b8a39a7bc33f"",""protocol_core_sha256"":""8c55751f66ac2930ce115a9419321a2b2bed220b61af2e1671f7ac6e6a2e33b3"",""restraint_hash"":""4c76f09ba6c24bc9c82a9a97a8fa1f279c4d5ce2a6d051dbf284751701c25880"",""seed"":3047,""sequence_sha256"":""37b83ca871ad0d799c57346bc885786ed6af71fac7d3336314443bfd85d68f64""}"	2191	TOP200_COMMON4_SEED_COMPLETION	154
CANDIDATE_P1MCPUFP__CPUFP500K_0028__00135_8x6b_s42_b7af80e17b92	249	candidate	P1MCPUFP__CPUFP500K_0028__00135		CANDIDATE_UNKNOWN	8x6b	42	8a72967414590523badf5bbbcd4df7672c65d3d0d1a73df6a8aa7c5af505948a	26-33	51-58	97-112	27,28,29,30,35,36,37,38,56,57,58,59,62,63,64,65,105,106,107,108,109,110,111,112,113,114,115,116,117	inputs/candidate_monomers/P1MCPUFP__CPUFP500K_0028__00135.pdb	frozen_nbb2_archive_extract	H	8a0c4d815cf4b0fa9dd8591a728ab8a184ee5637996b2fc346bac8f0b4621f33	inputs/normalized/8x6b_pvrig_receptor.pdb	T	L	A	UniProt_Q6DKI7	6e3411303a8196b0e07523e8d66724b2c6a9380dca7a347caa47b5632620a2a8	4c76f09ba6c24bc9c82a9a97a8fa1f279c4d5ce2a6d051dbf284751701c25880	8c55751f66ac2930ce115a9419321a2b2bed220b61af2e1671f7ac6e6a2e33b3	8c55751f66ac2930ce115a9419321a2b2bed220b61af2e1671f7ac6e6a2e33b3	b7af80e17b92473e4397883731d1fc9d5d3c23bae25152f755dd2750b81fef0d	"{""cfg_hash"":""6e3411303a8196b0e07523e8d66724b2c6a9380dca7a347caa47b5632620a2a8"",""conformation"":""8x6b"",""entity_id"":""P1MCPUFP__CPUFP500K_0028__00135"",""entity_type"":""candidate"",""monomer_sha256"":""8a0c4d815cf4b0fa9dd8591a728ab8a184ee5637996b2fc346bac8f0b4621f33"",""protocol_core_sha256"":""8c55751f66ac2930ce115a9419321a2b2bed220b61af2e1671f7ac6e6a2e33b3"",""restraint_hash"":""4c76f09ba6c24bc9c82a9a97a8fa1f279c4d5ce2a6d051dbf284751701c25880"",""seed"":42,""sequence_sha256"":""8a72967414590523badf5bbbcd4df7672c65d3d0d1a73df6a8aa7c5af505948a""}"	4852	TOP200_COMMON4_SEED_COMPLETION	155
CANDIDATE_P1MCPUFP__CPUFP500K_0028__00135_9e6y_s42_82048c1578ef	250	candidate	P1MCPUFP__CPUFP500K_0028__00135		CANDIDATE_UNKNOWN	9e6y	42	8a72967414590523badf5bbbcd4df7672c65d3d0d1a73df6a8aa7c5af505948a	26-33	51-58	97-112	27,28,29,30,35,36,37,38,56,57,58,59,62,63,64,65,105,106,107,108,109,110,111,112,113,114,115,116,117	inputs/candidate_monomers/P1MCPUFP__CPUFP500K_0028__00135.pdb	frozen_nbb2_archive_extract	H	8a0c4d815cf4b0fa9dd8591a728ab8a184ee5637996b2fc346bac8f0b4621f33	inputs/normalized/9e6y_pvrig_receptor.pdb	T	L	A	UniProt_Q6DKI7	7b597e4976340689606e650f7a864d1c028938e4a1d0c4201b7092f53302813a	4c76f09ba6c24bc9c82a9a97a8fa1f279c4d5ce2a6d051dbf284751701c25880	8c55751f66ac2930ce115a9419321a2b2bed220b61af2e1671f7ac6e6a2e33b3	8c55751f66ac2930ce115a9419321a2b2bed220b61af2e1671f7ac6e6a2e33b3	82048c1578efa358f276f9a13b08fa212c8ec7c1ba11e7007cd566847ed1b5ce	"{""cfg_hash"":""7b597e4976340689606e650f7a864d1c028938e4a1d0c4201b7092f53302813a"",""conformation"":""9e6y"",""entity_id"":""P1MCPUFP__CPUFP500K_0028__00135"",""entity_type"":""candidate"",""monomer_sha256"":""8a0c4d815cf4b0fa9dd8591a728ab8a184ee5637996b2fc346bac8f0b4621f33"",""protocol_core_sha256"":""8c55751f66ac2930ce115a9419321a2b2bed220b61af2e1671f7ac6e6a2e33b3"",""restraint_hash"":""4c76f09ba6c24bc9c82a9a97a8fa1f279c4d5ce2a6d051dbf284751701c25880"",""seed"":42,""sequence_sha256"":""8a72967414590523badf5bbbcd4df7672c65d3d0d1a73df6a8aa7c5af505948a""}"	4852	TOP200_COMMON4_SEED_COMPLETION	155
CANDIDATE_P1MCPUFP__CPUFP500K_0028__00135_8x6b_s3047_c603199c428f	251	candidate	P1MCPUFP__CPUFP500K_0028__00135		CANDIDATE_UNKNOWN	8x6b	3047	8a72967414590523badf5bbbcd4df7672c65d3d0d1a73df6a8aa7c5af505948a	26-33	51-58	97-112	27,28,29,30,35,36,37,38,56,57,58,59,62,63,64,65,105,106,107,108,109,110,111,112,113,114,115,116,117	inputs/candidate_monomers/P1MCPUFP__CPUFP500K_0028__00135.pdb	frozen_nbb2_archive_extract	H	8a0c4d815cf4b0fa9dd8591a728ab8a184ee5637996b2fc346bac8f0b4621f33	inputs/normalized/8x6b_pvrig_receptor.pdb	T	L	A	UniProt_Q6DKI7	21918201f2d7d8fd86e7fbe3003003c516ebb4de914b20d6f1f82a78554f6225	4c76f09ba6c24bc9c82a9a97a8fa1f279c4d5ce2a6d051dbf284751701c25880	8c55751f66ac2930ce115a9419321a2b2bed220b61af2e1671f7ac6e6a2e33b3	8c55751f66ac2930ce115a9419321a2b2bed220b61af2e1671f7ac6e6a2e33b3	c603199c428f7ffeed2a50f89eb8c04b02d6371349951d024e26941a644aa819	"{""cfg_hash"":""21918201f2d7d8fd86e7fbe3003003c516ebb4de914b20d6f1f82a78554f6225"",""conformation"":""8x6b"",""entity_id"":""P1MCPUFP__CPUFP500K_0028__00135"",""entity_type"":""candidate"",""monomer_sha256"":""8a0c4d815cf4b0fa9dd8591a728ab8a184ee5637996b2fc346bac8f0b4621f33"",""protocol_core_sha256"":""8c55751f66ac2930ce115a9419321a2b2bed220b61af2e1671f7ac6e6a2e33b3"",""restraint_hash"":""4c76f09ba6c24bc9c82a9a97a8fa1f279c4d5ce2a6d051dbf284751701c25880"",""seed"":3047,""sequence_sha256"":""8a72967414590523badf5bbbcd4df7672c65d3d0d1a73df6a8aa7c5af505948a""}"	4852	TOP200_COMMON4_SEED_COMPLETION	155
CANDIDATE_P1MCPUFP__CPUFP500K_0028__00135_9e6y_s3047_27fe2a5b505c	252	candidate	P1MCPUFP__CPUFP500K_0028__00135		CANDIDATE_UNKNOWN	9e6y	3047	8a72967414590523badf5bbbcd4df7672c65d3d0d1a73df6a8aa7c5af505948a	26-33	51-58	97-112	27,28,29,30,35,36,37,38,56,57,58,59,62,63,64,65,105,106,107,108,109,110,111,112,113,114,115,116,117	inputs/candidate_monomers/P1MCPUFP__CPUFP500K_0028__00135.pdb	frozen_nbb2_archive_extract	H	8a0c4d815cf4b0fa9dd8591a728ab8a184ee5637996b2fc346bac8f0b4621f33	inputs/normalized/9e6y_pvrig_receptor.pdb	T	L	A	UniProt_Q6DKI7	036faa08876ef5dc8e4331507bf042bf828faae3f3cf5a5fd358a89d5fb215da	4c76f09ba6c24bc9c82a9a97a8fa1f279c4d5ce2a6d051dbf284751701c25880	8c55751f66ac2930ce115a9419321a2b2bed220b61af2e1671f7ac6e6a2e33b3	8c55751f66ac2930ce115a9419321a2b2bed220b61af2e1671f7ac6e6a2e33b3	27fe2a5b505cdd0d432645be80851a63443bd6cef095a7e80b07630bdaf8b6a4	"{""cfg_hash"":""036faa08876ef5dc8e4331507bf042bf828faae3f3cf5a5fd358a89d5fb215da"",""conformation"":""9e6y"",""entity_id"":""P1MCPUFP__CPUFP500K_0028__00135"",""entity_type"":""candidate"",""monomer_sha256"":""8a0c4d815cf4b0fa9dd8591a728ab8a184ee5637996b2fc346bac8f0b4621f33"",""protocol_core_sha256"":""8c55751f66ac2930ce115a9419321a2b2bed220b61af2e1671f7ac6e6a2e33b3"",""restraint_hash"":""4c76f09ba6c24bc9c82a9a97a8fa1f279c4d5ce2a6d051dbf284751701c25880"",""seed"":3047,""sequence_sha256"":""8a72967414590523badf5bbbcd4df7672c65d3d0d1a73df6a8aa7c5af505948a""}"	4852	TOP200_COMMON4_SEED_COMPLETION	155
CANDIDATE_P1MCPUFP__CPUFP500K_0432__00757_8x6b_s42_b84d9ec10de2	253	candidate	P1MCPUFP__CPUFP500K_0432__00757		CANDIDATE_UNKNOWN	8x6b	42	e5892ecd0894764ed5e10171c4584b8e197f124438b79d76ce7d9331476bc09c	26-33	51-58	97-112	27,28,29,30,35,36,37,38,56,57,58,59,62,63,64,65,105,106,107,108,109,110,111,112,113,114,115,116,117	inputs/candidate_monomers/P1MCPUFP__CPUFP500K_0432__00757.pdb	frozen_nbb2_archive_extract	H	2e0145441b2902340633663be23a7ac18f575bee41678cc08422ed652f4bb630	inputs/normalized/8x6b_pvrig_receptor.pdb	T	L	A	UniProt_Q6DKI7	6e3411303a8196b0e07523e8d66724b2c6a9380dca7a347caa47b5632620a2a8	4c76f09ba6c24bc9c82a9a97a8fa1f279c4d5ce2a6d051dbf284751701c25880	8c55751f66ac2930ce115a9419321a2b2bed220b61af2e1671f7ac6e6a2e33b3	8c55751f66ac2930ce115a9419321a2b2bed220b61af2e1671f7ac6e6a2e33b3	b84d9ec10de2deca9a66df8f8c4f25b98b24292916e207ae530cd203eacc66af	"{""cfg_hash"":""6e3411303a8196b0e07523e8d66724b2c6a9380dca7a347caa47b5632620a2a8"",""conformation"":""8x6b"",""entity_id"":""P1MCPUFP__CPUFP500K_0432__00757"",""entity_type"":""candidate"",""monomer_sha256"":""2e0145441b2902340633663be23a7ac18f575bee41678cc08422ed652f4bb630"",""protocol_core_sha256"":""8c55751f66ac2930ce115a9419321a2b2bed220b61af2e1671f7ac6e6a2e33b3"",""restraint_hash"":""4c76f09ba6c24bc9c82a9a97a8fa1f279c4d5ce2a6d051dbf284751701c25880"",""seed"":42,""sequence_sha256"":""e5892ecd0894764ed5e10171c4584b8e197f124438b79d76ce7d9331476bc09c""}"	4094	TOP200_COMMON4_SEED_COMPLETION	156
CANDIDATE_P1MCPUFP__CPUFP500K_0432__00757_9e6y_s42_64f110a99fa2	254	candidate	P1MCPUFP__CPUFP500K_0432__00757		CANDIDATE_UNKNOWN	9e6y	42	e5892ecd0894764ed5e10171c4584b8e197f124438b79d76ce7d9331476bc09c	26-33	51-58	97-112	27,28,29,30,35,36,37,38,56,57,58,59,62,63,64,65,105,106,107,108,109,110,111,112,113,114,115,116,117	inputs/candidate_monomers/P1MCPUFP__CPUFP500K_0432__00757.pdb	frozen_nbb2_archive_extract	H	2e0145441b2902340633663be23a7ac18f575bee41678cc08422ed652f4bb630	inputs/normalized/9e6y_pvrig_receptor.pdb	T	L	A	UniProt_Q6DKI7	7b597e4976340689606e650f7a864d1c028938e4a1d0c4201b7092f53302813a	4c76f09ba6c24bc9c82a9a97a8fa1f279c4d5ce2a6d051dbf284751701c25880	8c55751f66ac2930ce115a9419321a2b2bed220b61af2e1671f7ac6e6a2e33b3	8c55751f66ac2930ce115a9419321a2b2bed220b61af2e1671f7ac6e6a2e33b3	64f110a99fa2ea815cf977c0c5d264a56ff08925a8452e6d6420683202e51e32	"{""cfg_hash"":""7b597e4976340689606e650f7a864d1c028938e4a1d0c4201b7092f53302813a"",""conformation"":""9e6y"",""entity_id"":""P1MCPUFP__CPUFP500K_0432__00757"",""entity_type"":""candidate"",""monomer_sha256"":""2e0145441b2902340633663be23a7ac18f575bee41678cc08422ed652f4bb630"",""protocol_core_sha256"":""8c55751f66ac2930ce115a9419321a2b2bed220b61af2e1671f7ac6e6a2e33b3"",""restraint_hash"":""4c76f09ba6c24bc9c82a9a97a8fa1f279c4d5ce2a6d051dbf284751701c25880"",""seed"":42,""sequence_sha256"":""e5892ecd0894764ed5e10171c4584b8e197f124438b79d76ce7d9331476bc09c""}"	4094	TOP200_COMMON4_SEED_COMPLETION	156
CANDIDATE_P1MCPUFP__CPUFP500K_0432__00757_8x6b_s3047_68c91b333daf	255	candidate	P1MCPUFP__CPUFP500K_0432__00757		CANDIDATE_UNKNOWN	8x6b	3047	e5892ecd0894764ed5e10171c4584b8e197f124438b79d76ce7d9331476bc09c	26-33	51-58	97-112	27,28,29,30,35,36,37,38,56,57,58,59,62,63,64,65,105,106,107,108,109,110,111,112,113,114,115,116,117	inputs/candidate_monomers/P1MCPUFP__CPUFP500K_0432__00757.pdb	frozen_nbb2_archive_extract	H	2e0145441b2902340633663be23a7ac18f575bee41678cc08422ed652f4bb630	inputs/normalized/8x6b_pvrig_receptor.pdb	T	L	A	UniProt_Q6DKI7	21918201f2d7d8fd86e7fbe3003003c516ebb4de914b20d6f1f82a78554f6225	4c76f09ba6c24bc9c82a9a97a8fa1f279c4d5ce2a6d051dbf284751701c25880	8c55751f66ac2930ce115a9419321a2b2bed220b61af2e1671f7ac6e6a2e33b3	8c55751f66ac2930ce115a9419321a2b2bed220b61af2e1671f7ac6e6a2e33b3	68c91b333daf931e1ae10ad4f77a07ee348fffb87cd1966fe32305a3f8b3b726	"{""cfg_hash"":""21918201f2d7d8fd86e7fbe3003003c516ebb4de914b20d6f1f82a78554f6225"",""conformation"":""8x6b"",""entity_id"":""P1MCPUFP__CPUFP500K_0432__00757"",""entity_type"":""candidate"",""monomer_sha256"":""2e0145441b2902340633663be23a7ac18f575bee41678cc08422ed652f4bb630"",""protocol_core_sha256"":""8c55751f66ac2930ce115a9419321a2b2bed220b61af2e1671f7ac6e6a2e33b3"",""restraint_hash"":""4c76f09ba6c24bc9c82a9a97a8fa1f279c4d5ce2a6d051dbf284751701c25880"",""seed"":3047,""sequence_sha256"":""e5892ecd0894764ed5e10171c4584b8e197f124438b79d76ce7d9331476bc09c""}"	4094	TOP200_COMMON4_SEED_COMPLETION	156
CANDIDATE_P1MCPUFP__CPUFP500K_0432__00757_9e6y_s3047_675173e1c28f	256	candidate	P1MCPUFP__CPUFP500K_0432__00757		CANDIDATE_UNKNOWN	9e6y	3047	e5892ecd0894764ed5e10171c4584b8e197f124438b79d76ce7d9331476bc09c	26-33	51-58	97-112	27,28,29,30,35,36,37,38,56,57,58,59,62,63,64,65,105,106,107,108,109,110,111,112,113,114,115,116,117	inputs/candidate_monomers/P1MCPUFP__CPUFP500K_0432__00757.pdb	frozen_nbb2_archive_extract	H	2e0145441b2902340633663be23a7ac18f575bee41678cc08422ed652f4bb630	inputs/normalized/9e6y_pvrig_receptor.pdb	T	L	A	UniProt_Q6DKI7	036faa08876ef5dc8e4331507bf042bf828faae3f3cf5a5fd358a89d5fb215da	4c76f09ba6c24bc9c82a9a97a8fa1f279c4d5ce2a6d051dbf284751701c25880	8c55751f66ac2930ce115a9419321a2b2bed220b61af2e1671f7ac6e6a2e33b3	8c55751f66ac2930ce115a9419321a2b2bed220b61af2e1671f7ac6e6a2e33b3	675173e1c28f84543387a83ee8ab7b927c9f30752c38834b6793d2f44facfd70	"{""cfg_hash"":""036faa08876ef5dc8e4331507bf042bf828faae3f3cf5a5fd358a89d5fb215da"",""conformation"":""9e6y"",""entity_id"":""P1MCPUFP__CPUFP500K_0432__00757"",""entity_type"":""candidate"",""monomer_sha256"":""2e0145441b2902340633663be23a7ac18f575bee41678cc08422ed652f4bb630"",""protocol_core_sha256"":""8c55751f66ac2930ce115a9419321a2b2bed220b61af2e1671f7ac6e6a2e33b3"",""restraint_hash"":""4c76f09ba6c24bc9c82a9a97a8fa1f279c4d5ce2a6d051dbf284751701c25880"",""seed"":3047,""sequence_sha256"":""e5892ecd0894764ed5e10171c4584b8e197f124438b79d76ce7d9331476bc09c""}"	4094	TOP200_COMMON4_SEED_COMPLETION	156
CANDIDATE_P1MCPUFP__CPUFP500K_0227__00371_8x6b_s42_5eb62161cfb6	257	candidate	P1MCPUFP__CPUFP500K_0227__00371		CANDIDATE_UNKNOWN	8x6b	42	80323fa219e98b484eaadbf909ddd5f82007958391472b9c5f4a7699fb237244	26-33	51-58	97-112	27,28,29,30,35,36,37,38,56,57,58,59,62,63,64,65,105,106,107,108,109,110,111,112,113,114,115,116,117	inputs/candidate_monomers/P1MCPUFP__CPUFP500K_0227__00371.pdb	frozen_nbb2_archive_extract	H	744b479ee53ebeb2e9aa6c2081cacb1d40c99f5a7e5bbca12e7aec065ebdd5f0	inputs/normalized/8x6b_pvrig_receptor.pdb	T	L	A	UniProt_Q6DKI7	6e3411303a8196b0e07523e8d66724b2c6a9380dca7a347caa47b5632620a2a8	4c76f09ba6c24bc9c82a9a97a8fa1f279c4d5ce2a6d051dbf284751701c25880	8c55751f66ac2930ce115a9419321a2b2bed220b61af2e1671f7ac6e6a2e33b3	8c55751f66ac2930ce115a9419321a2b2bed220b61af2e1671f7ac6e6a2e33b3	5eb62161cfb6e2716a9ac395f33a6290a7bda4c666c53f4adc23476a14f86eb4	"{""cfg_hash"":""6e3411303a8196b0e07523e8d66724b2c6a9380dca7a347caa47b5632620a2a8"",""conformation"":""8x6b"",""entity_id"":""P1MCPUFP__CPUFP500K_0227__00371"",""entity_type"":""candidate"",""monomer_sha256"":""744b479ee53ebeb2e9aa6c2081cacb1d40c99f5a7e5bbca12e7aec065ebdd5f0"",""protocol_core_sha256"":""8c55751f66ac2930ce115a9419321a2b2bed220b61af2e1671f7ac6e6a2e33b3"",""restraint_hash"":""4c76f09ba6c24bc9c82a9a97a8fa1f279c4d5ce2a6d051dbf284751701c25880"",""seed"":42,""sequence_sha256"":""80323fa219e98b484eaadbf909ddd5f82007958391472b9c5f4a7699fb237244""}"	3635	TOP200_COMMON4_SEED_COMPLETION	157
CANDIDATE_P1MCPUFP__CPUFP500K_0227__00371_9e6y_s42_51f9bb6cc0f6	258	candidate	P1MCPUFP__CPUFP500K_0227__00371		CANDIDATE_UNKNOWN	9e6y	42	80323fa219e98b484eaadbf909ddd5f82007958391472b9c5f4a7699fb237244	26-33	51-58	97-112	27,28,29,30,35,36,37,38,56,57,58,59,62,63,64,65,105,106,107,108,109,110,111,112,113,114,115,116,117	inputs/candidate_monomers/P1MCPUFP__CPUFP500K_0227__00371.pdb	frozen_nbb2_archive_extract	H	744b479ee53ebeb2e9aa6c2081cacb1d40c99f5a7e5bbca12e7aec065ebdd5f0	inputs/normalized/9e6y_pvrig_receptor.pdb	T	L	A	UniProt_Q6DKI7	7b597e4976340689606e650f7a864d1c028938e4a1d0c4201b7092f53302813a	4c76f09ba6c24bc9c82a9a97a8fa1f279c4d5ce2a6d051dbf284751701c25880	8c55751f66ac2930ce115a9419321a2b2bed220b61af2e1671f7ac6e6a2e33b3	8c55751f66ac2930ce115a9419321a2b2bed220b61af2e1671f7ac6e6a2e33b3	51f9bb6cc0f6a72a6a3689dd8c64836591785c4e55f7eef49b8fcfdd5f7fabdd	"{""cfg_hash"":""7b597e4976340689606e650f7a864d1c028938e4a1d0c4201b7092f53302813a"",""conformation"":""9e6y"",""entity_id"":""P1MCPUFP__CPUFP500K_0227__00371"",""entity_type"":""candidate"",""monomer_sha256"":""744b479ee53ebeb2e9aa6c2081cacb1d40c99f5a7e5bbca12e7aec065ebdd5f0"",""protocol_core_sha256"":""8c55751f66ac2930ce115a9419321a2b2bed220b61af2e1671f7ac6e6a2e33b3"",""restraint_hash"":""4c76f09ba6c24bc9c82a9a97a8fa1f279c4d5ce2a6d051dbf284751701c25880"",""seed"":42,""sequence_sha256"":""80323fa219e98b484eaadbf909ddd5f82007958391472b9c5f4a7699fb237244""}"	3635	TOP200_COMMON4_SEED_COMPLETION	157
CANDIDATE_P1MCPUFP__CPUFP500K_0227__00371_8x6b_s3047_fae1406072e8	259	candidate	P1MCPUFP__CPUFP500K_0227__00371		CANDIDATE_UNKNOWN	8x6b	3047	80323fa219e98b484eaadbf909ddd5f82007958391472b9c5f4a7699fb237244	26-33	51-58	97-112	27,28,29,30,35,36,37,38,56,57,58,59,62,63,64,65,105,106,107,108,109,110,111,112,113,114,115,116,117	inputs/candidate_monomers/P1MCPUFP__CPUFP500K_0227__00371.pdb	frozen_nbb2_archive_extract	H	744b479ee53ebeb2e9aa6c2081cacb1d40c99f5a7e5bbca12e7aec065ebdd5f0	inputs/normalized/8x6b_pvrig_receptor.pdb	T	L	A	UniProt_Q6DKI7	21918201f2d7d8fd86e7fbe3003003c516ebb4de914b20d6f1f82a78554f6225	4c76f09ba6c24bc9c82a9a97a8fa1f279c4d5ce2a6d051dbf284751701c25880	8c55751f66ac2930ce115a9419321a2b2bed220b61af2e1671f7ac6e6a2e33b3	8c55751f66ac2930ce115a9419321a2b2bed220b61af2e1671f7ac6e6a2e33b3	fae1406072e83ee4a062a5ed600e308ac2e8f3def73add8d28329238c72dcfc5	"{""cfg_hash"":""21918201f2d7d8fd86e7fbe3003003c516ebb4de914b20d6f1f82a78554f6225"",""conformation"":""8x6b"",""entity_id"":""P1MCPUFP__CPUFP500K_0227__00371"",""entity_type"":""candidate"",""monomer_sha256"":""744b479ee53ebeb2e9aa6c2081cacb1d40c99f5a7e5bbca12e7aec065ebdd5f0"",""protocol_core_sha256"":""8c55751f66ac2930ce115a9419321a2b2bed220b61af2e1671f7ac6e6a2e33b3"",""restraint_hash"":""4c76f09ba6c24bc9c82a9a97a8fa1f279c4d5ce2a6d051dbf284751701c25880"",""seed"":3047,""sequence_sha256"":""80323fa219e98b484eaadbf909ddd5f82007958391472b9c5f4a7699fb237244""}"	3635	TOP200_COMMON4_SEED_COMPLETION	157
CANDIDATE_P1MCPUFP__CPUFP500K_0227__00371_9e6y_s3047_6ece70cf7b5d	260	candidate	P1MCPUFP__CPUFP500K_0227__00371		CANDIDATE_UNKNOWN	9e6y	3047	80323fa219e98b484eaadbf909ddd5f82007958391472b9c5f4a7699fb237244	26-33	51-58	97-112	27,28,29,30,35,36,37,38,56,57,58,59,62,63,64,65,105,106,107,108,109,110,111,112,113,114,115,116,117	inputs/candidate_monomers/P1MCPUFP__CPUFP500K_0227__00371.pdb	frozen_nbb2_archive_extract	H	744b479ee53ebeb2e9aa6c2081cacb1d40c99f5a7e5bbca12e7aec065ebdd5f0	inputs/normalized/9e6y_pvrig_receptor.pdb	T	L	A	UniProt_Q6DKI7	036faa08876ef5dc8e4331507bf042bf828faae3f3cf5a5fd358a89d5fb215da	4c76f09ba6c24bc9c82a9a97a8fa1f279c4d5ce2a6d051dbf284751701c25880	8c55751f66ac2930ce115a9419321a2b2bed220b61af2e1671f7ac6e6a2e33b3	8c55751f66ac2930ce115a9419321a2b2bed220b61af2e1671f7ac6e6a2e33b3	6ece70cf7b5d5dc921f324fff4f961d2d06ad250406841bd57d2927ee7fcab65	"{""cfg_hash"":""036faa08876ef5dc8e4331507bf042bf828faae3f3cf5a5fd358a89d5fb215da"",""conformation"":""9e6y"",""entity_id"":""P1MCPUFP__CPUFP500K_0227__00371"",""entity_type"":""candidate"",""monomer_sha256"":""744b479ee53ebeb2e9aa6c2081cacb1d40c99f5a7e5bbca12e7aec065ebdd5f0"",""protocol_core_sha256"":""8c55751f66ac2930ce115a9419321a2b2bed220b61af2e1671f7ac6e6a2e33b3"",""restraint_hash"":""4c76f09ba6c24bc9c82a9a97a8fa1f279c4d5ce2a6d051dbf284751701c25880"",""seed"":3047,""sequence_sha256"":""80323fa219e98b484eaadbf909ddd5f82007958391472b9c5f4a7699fb237244""}"	3635	TOP200_COMMON4_SEED_COMPLETION	157
CANDIDATE_P1MCPUFP__CPUFP500K_0326__00721_8x6b_s42_2c02ee7e01c8	261	candidate	P1MCPUFP__CPUFP500K_0326__00721		CANDIDATE_UNKNOWN	8x6b	42	5672d9d1dc8ab255ec31dac6ddd2f24356b9c66ca692cbd75dc6d101c2336c3a	26-33	51-58	97-112	27,28,29,30,35,36,37,38,56,57,58,59,62,63,64,65,105,106,107,108,109,110,111,112,113,114,115,116,117	inputs/candidate_monomers/P1MCPUFP__CPUFP500K_0326__00721.pdb	frozen_nbb2_archive_extract	H	c6b53e8fb98c42db0785f8532c5d84041164695dcf2b0628f5147399aa14c596	inputs/normalized/8x6b_pvrig_receptor.pdb	T	L	A	UniProt_Q6DKI7	6e3411303a8196b0e07523e8d66724b2c6a9380dca7a347caa47b5632620a2a8	4c76f09ba6c24bc9c82a9a97a8fa1f279c4d5ce2a6d051dbf284751701c25880	8c55751f66ac2930ce115a9419321a2b2bed220b61af2e1671f7ac6e6a2e33b3	8c55751f66ac2930ce115a9419321a2b2bed220b61af2e1671f7ac6e6a2e33b3	2c02ee7e01c80abf5d0734d834b2cf1ca5587decbf1c3ed2f51a45a6d5221a8e	"{""cfg_hash"":""6e3411303a8196b0e07523e8d66724b2c6a9380dca7a347caa47b5632620a2a8"",""conformation"":""8x6b"",""entity_id"":""P1MCPUFP__CPUFP500K_0326__00721"",""entity_type"":""candidate"",""monomer_sha256"":""c6b53e8fb98c42db0785f8532c5d84041164695dcf2b0628f5147399aa14c596"",""protocol_core_sha256"":""8c55751f66ac2930ce115a9419321a2b2bed220b61af2e1671f7ac6e6a2e33b3"",""restraint_hash"":""4c76f09ba6c24bc9c82a9a97a8fa1f279c4d5ce2a6d051dbf284751701c25880"",""seed"":42,""sequence_sha256"":""5672d9d1dc8ab255ec31dac6ddd2f24356b9c66ca692cbd75dc6d101c2336c3a""}"	449	TOP200_COMMON4_SEED_COMPLETION	158
CANDIDATE_P1MCPUFP__CPUFP500K_0326__00721_9e6y_s42_07210881a29c	262	candidate	P1MCPUFP__CPUFP500K_0326__00721		CANDIDATE_UNKNOWN	9e6y	42	5672d9d1dc8ab255ec31dac6ddd2f24356b9c66ca692cbd75dc6d101c2336c3a	26-33	51-58	97-112	27,28,29,30,35,36,37,38,56,57,58,59,62,63,64,65,105,106,107,108,109,110,111,112,113,114,115,116,117	inputs/candidate_monomers/P1MCPUFP__CPUFP500K_0326__00721.pdb	frozen_nbb2_archive_extract	H	c6b53e8fb98c42db0785f8532c5d84041164695dcf2b0628f5147399aa14c596	inputs/normalized/9e6y_pvrig_receptor.pdb	T	L	A	UniProt_Q6DKI7	7b597e4976340689606e650f7a864d1c028938e4a1d0c4201b7092f53302813a	4c76f09ba6c24bc9c82a9a97a8fa1f279c4d5ce2a6d051dbf284751701c25880	8c55751f66ac2930ce115a9419321a2b2bed220b61af2e1671f7ac6e6a2e33b3	8c55751f66ac2930ce115a9419321a2b2bed220b61af2e1671f7ac6e6a2e33b3	07210881a29c2ad931ce81ef0e8eaebd81b6e4ba219f8dd245b130f510fb9903	"{""cfg_hash"":""7b597e4976340689606e650f7a864d1c028938e4a1d0c4201b7092f53302813a"",""conformation"":""9e6y"",""entity_id"":""P1MCPUFP__CPUFP500K_0326__00721"",""entity_type"":""candidate"",""monomer_sha256"":""c6b53e8fb98c42db0785f8532c5d84041164695dcf2b0628f5147399aa14c596"",""protocol_core_sha256"":""8c55751f66ac2930ce115a9419321a2b2bed220b61af2e1671f7ac6e6a2e33b3"",""restraint_hash"":""4c76f09ba6c24bc9c82a9a97a8fa1f279c4d5ce2a6d051dbf284751701c25880"",""seed"":42,""sequence_sha256"":""5672d9d1dc8ab255ec31dac6ddd2f24356b9c66ca692cbd75dc6d101c2336c3a""}"	449	TOP200_COMMON4_SEED_COMPLETION	158
CANDIDATE_P1MCPUFP__CPUFP500K_0326__00721_8x6b_s3047_ed0ff4e6c3dc	263	candidate	P1MCPUFP__CPUFP500K_0326__00721		CANDIDATE_UNKNOWN	8x6b	3047	5672d9d1dc8ab255ec31dac6ddd2f24356b9c66ca692cbd75dc6d101c2336c3a	26-33	51-58	97-112	27,28,29,30,35,36,37,38,56,57,58,59,62,63,64,65,105,106,107,108,109,110,111,112,113,114,115,116,117	inputs/candidate_monomers/P1MCPUFP__CPUFP500K_0326__00721.pdb	frozen_nbb2_archive_extract	H	c6b53e8fb98c42db0785f8532c5d84041164695dcf2b0628f5147399aa14c596	inputs/normalized/8x6b_pvrig_receptor.pdb	T	L	A	UniProt_Q6DKI7	21918201f2d7d8fd86e7fbe3003003c516ebb4de914b20d6f1f82a78554f6225	4c76f09ba6c24bc9c82a9a97a8fa1f279c4d5ce2a6d051dbf284751701c25880	8c55751f66ac2930ce115a9419321a2b2bed220b61af2e1671f7ac6e6a2e33b3	8c55751f66ac2930ce115a9419321a2b2bed220b61af2e1671f7ac6e6a2e33b3	ed0ff4e6c3dc3ca053042015ffbd84685c5bbd1da9f790ae05ccae7055bcd97e	"{""cfg_hash"":""21918201f2d7d8fd86e7fbe3003003c516ebb4de914b20d6f1f82a78554f6225"",""conformation"":""8x6b"",""entity_id"":""P1MCPUFP__CPUFP500K_0326__00721"",""entity_type"":""candidate"",""monomer_sha256"":""c6b53e8fb98c42db0785f8532c5d84041164695dcf2b0628f5147399aa14c596"",""protocol_core_sha256"":""8c55751f66ac2930ce115a9419321a2b2bed220b61af2e1671f7ac6e6a2e33b3"",""restraint_hash"":""4c76f09ba6c24bc9c82a9a97a8fa1f279c4d5ce2a6d051dbf284751701c25880"",""seed"":3047,""sequence_sha256"":""5672d9d1dc8ab255ec31dac6ddd2f24356b9c66ca692cbd75dc6d101c2336c3a""}"	449	TOP200_COMMON4_SEED_COMPLETION	158
CANDIDATE_P1MCPUFP__CPUFP500K_0326__00721_9e6y_s3047_6a2a409a50c9	264	candidate	P1MCPUFP__CPUFP500K_0326__00721		CANDIDATE_UNKNOWN	9e6y	3047	5672d9d1dc8ab255ec31dac6ddd2f24356b9c66ca692cbd75dc6d101c2336c3a	26-33	51-58	97-112	27,28,29,30,35,36,37,38,56,57,58,59,62,63,64,65,105,106,107,108,109,110,111,112,113,114,115,116,117	inputs/candidate_monomers/P1MCPUFP__CPUFP500K_0326__00721.pdb	frozen_nbb2_archive_extract	H	c6b53e8fb98c42db0785f8532c5d84041164695dcf2b0628f5147399aa14c596	inputs/normalized/9e6y_pvrig_receptor.pdb	T	L	A	UniProt_Q6DKI7	036faa08876ef5dc8e4331507bf042bf828faae3f3cf5a5fd358a89d5fb215da	4c76f09ba6c24bc9c82a9a97a8fa1f279c4d5ce2a6d051dbf284751701c25880	8c55751f66ac2930ce115a9419321a2b2bed220b61af2e1671f7ac6e6a2e33b3	8c55751f66ac2930ce115a9419321a2b2bed220b61af2e1671f7ac6e6a2e33b3	6a2a409a50c9ebcafa90bb0cfdc12cf201bfec27360016fe66f5619eba07bdde	"{""cfg_hash"":""036faa08876ef5dc8e4331507bf042bf828faae3f3cf5a5fd358a89d5fb215da"",""conformation"":""9e6y"",""entity_id"":""P1MCPUFP__CPUFP500K_0326__00721"",""entity_type"":""candidate"",""monomer_sha256"":""c6b53e8fb98c42db0785f8532c5d84041164695dcf2b0628f5147399aa14c596"",""protocol_core_sha256"":""8c55751f66ac2930ce115a9419321a2b2bed220b61af2e1671f7ac6e6a2e33b3"",""restraint_hash"":""4c76f09ba6c24bc9c82a9a97a8fa1f279c4d5ce2a6d051dbf284751701c25880"",""seed"":3047,""sequence_sha256"":""5672d9d1dc8ab255ec31dac6ddd2f24356b9c66ca692cbd75dc6d101c2336c3a""}"	449	TOP200_COMMON4_SEED_COMPLETION	158
CANDIDATE_P1MCPUFP__CPUFP500K_0325__00106_8x6b_s42_1f49eed8048a	265	candidate	P1MCPUFP__CPUFP500K_0325__00106		CANDIDATE_UNKNOWN	8x6b	42	7c67aa0173a655af01dc35545858aa5636d4ef03a8922871caf0931f32bb4537	26-33	51-58	97-112	27,28,29,30,35,36,37,38,56,57,58,59,62,63,64,65,105,106,107,108,109,110,111,112,113,114,115,116,117	inputs/candidate_monomers/P1MCPUFP__CPUFP500K_0325__00106.pdb	frozen_nbb2_archive_extract	H	6119828ce562117ba9205781e25bec2e834a9a316f1ceb3d2f919b4f0d755819	inputs/normalized/8x6b_pvrig_receptor.pdb	T	L	A	UniProt_Q6DKI7	6e3411303a8196b0e07523e8d66724b2c6a9380dca7a347caa47b5632620a2a8	4c76f09ba6c24bc9c82a9a97a8fa1f279c4d5ce2a6d051dbf284751701c25880	8c55751f66ac2930ce115a9419321a2b2bed220b61af2e1671f7ac6e6a2e33b3	8c55751f66ac2930ce115a9419321a2b2bed220b61af2e1671f7ac6e6a2e33b3	1f49eed8048af325b8a20532ffeda29020ae6f61cb9a5b25aa94e3de85c1f3cb	"{""cfg_hash"":""6e3411303a8196b0e07523e8d66724b2c6a9380dca7a347caa47b5632620a2a8"",""conformation"":""8x6b"",""entity_id"":""P1MCPUFP__CPUFP500K_0325__00106"",""entity_type"":""candidate"",""monomer_sha256"":""6119828ce562117ba9205781e25bec2e834a9a316f1ceb3d2f919b4f0d755819"",""protocol_core_sha256"":""8c55751f66ac2930ce115a9419321a2b2bed220b61af2e1671f7ac6e6a2e33b3"",""restraint_hash"":""4c76f09ba6c24bc9c82a9a97a8fa1f279c4d5ce2a6d051dbf284751701c25880"",""seed"":42,""sequence_sha256"":""7c67aa0173a655af01dc35545858aa5636d4ef03a8922871caf0931f32bb4537""}"	3303	TOP200_COMMON4_SEED_COMPLETION	159
CANDIDATE_P1MCPUFP__CPUFP500K_0325__00106_9e6y_s42_9f74b9785118	266	candidate	P1MCPUFP__CPUFP500K_0325__00106		CANDIDATE_UNKNOWN	9e6y	42	7c67aa0173a655af01dc35545858aa5636d4ef03a8922871caf0931f32bb4537	26-33	51-58	97-112	27,28,29,30,35,36,37,38,56,57,58,59,62,63,64,65,105,106,107,108,109,110,111,112,113,114,115,116,117	inputs/candidate_monomers/P1MCPUFP__CPUFP500K_0325__00106.pdb	frozen_nbb2_archive_extract	H	6119828ce562117ba9205781e25bec2e834a9a316f1ceb3d2f919b4f0d755819	inputs/normalized/9e6y_pvrig_receptor.pdb	T	L	A	UniProt_Q6DKI7	7b597e4976340689606e650f7a864d1c028938e4a1d0c4201b7092f53302813a	4c76f09ba6c24bc9c82a9a97a8fa1f279c4d5ce2a6d051dbf284751701c25880	8c55751f66ac2930ce115a9419321a2b2bed220b61af2e1671f7ac6e6a2e33b3	8c55751f66ac2930ce115a9419321a2b2bed220b61af2e1671f7ac6e6a2e33b3	9f74b97851186c753cf2fcabe75990359919c0d833c594a5d9c0a98a9911e9dc	"{""cfg_hash"":""7b597e4976340689606e650f7a864d1c028938e4a1d0c4201b7092f53302813a"",""conformation"":""9e6y"",""entity_id"":""P1MCPUFP__CPUFP500K_0325__00106"",""entity_type"":""candidate"",""monomer_sha256"":""6119828ce562117ba9205781e25bec2e834a9a316f1ceb3d2f919b4f0d755819"",""protocol_core_sha256"":""8c55751f66ac2930ce115a9419321a2b2bed220b61af2e1671f7ac6e6a2e33b3"",""restraint_hash"":""4c76f09ba6c24bc9c82a9a97a8fa1f279c4d5ce2a6d051dbf284751701c25880"",""seed"":42,""sequence_sha256"":""7c67aa0173a655af01dc35545858aa5636d4ef03a8922871caf0931f32bb4537""}"	3303	TOP200_COMMON4_SEED_COMPLETION	159
CANDIDATE_P1MCPUFP__CPUFP500K_0325__00106_8x6b_s3047_dd81223a585f	267	candidate	P1MCPUFP__CPUFP500K_0325__00106		CANDIDATE_UNKNOWN	8x6b	3047	7c67aa0173a655af01dc35545858aa5636d4ef03a8922871caf0931f32bb4537	26-33	51-58	97-112	27,28,29,30,35,36,37,38,56,57,58,59,62,63,64,65,105,106,107,108,109,110,111,112,113,114,115,116,117	inputs/candidate_monomers/P1MCPUFP__CPUFP500K_0325__00106.pdb	frozen_nbb2_archive_extract	H	6119828ce562117ba9205781e25bec2e834a9a316f1ceb3d2f919b4f0d755819	inputs/normalized/8x6b_pvrig_receptor.pdb	T	L	A	UniProt_Q6DKI7	21918201f2d7d8fd86e7fbe3003003c516ebb4de914b20d6f1f82a78554f6225	4c76f09ba6c24bc9c82a9a97a8fa1f279c4d5ce2a6d051dbf284751701c25880	8c55751f66ac2930ce115a9419321a2b2bed220b61af2e1671f7ac6e6a2e33b3	8c55751f66ac2930ce115a9419321a2b2bed220b61af2e1671f7ac6e6a2e33b3	dd81223a585f750d3776ff7f29421d2b3ae7f86b4d09364ffd08dde0797d1491	"{""cfg_hash"":""21918201f2d7d8fd86e7fbe3003003c516ebb4de914b20d6f1f82a78554f6225"",""conformation"":""8x6b"",""entity_id"":""P1MCPUFP__CPUFP500K_0325__00106"",""entity_type"":""candidate"",""monomer_sha256"":""6119828ce562117ba9205781e25bec2e834a9a316f1ceb3d2f919b4f0d755819"",""protocol_core_sha256"":""8c55751f66ac2930ce115a9419321a2b2bed220b61af2e1671f7ac6e6a2e33b3"",""restraint_hash"":""4c76f09ba6c24bc9c82a9a97a8fa1f279c4d5ce2a6d051dbf284751701c25880"",""seed"":3047,""sequence_sha256"":""7c67aa0173a655af01dc35545858aa5636d4ef03a8922871caf0931f32bb4537""}"	3303	TOP200_COMMON4_SEED_COMPLETION	159
CANDIDATE_P1MCPUFP__CPUFP500K_0325__00106_9e6y_s3047_735c329528a1	268	candidate	P1MCPUFP__CPUFP500K_0325__00106		CANDIDATE_UNKNOWN	9e6y	3047	7c67aa0173a655af01dc35545858aa5636d4ef03a8922871caf0931f32bb4537	26-33	51-58	97-112	27,28,29,30,35,36,37,38,56,57,58,59,62,63,64,65,105,106,107,108,109,110,111,112,113,114,115,116,117	inputs/candidate_monomers/P1MCPUFP__CPUFP500K_0325__00106.pdb	frozen_nbb2_archive_extract	H	6119828ce562117ba9205781e25bec2e834a9a316f1ceb3d2f919b4f0d755819	inputs/normalized/9e6y_pvrig_receptor.pdb	T	L	A	UniProt_Q6DKI7	036faa08876ef5dc8e4331507bf042bf828faae3f3cf5a5fd358a89d5fb215da	4c76f09ba6c24bc9c82a9a97a8fa1f279c4d5ce2a6d051dbf284751701c25880	8c55751f66ac2930ce115a9419321a2b2bed220b61af2e1671f7ac6e6a2e33b3	8c55751f66ac2930ce115a9419321a2b2bed220b61af2e1671f7ac6e6a2e33b3	735c329528a1ab66e960f421f131c5c046a198b6a07c35ac5cb82a02f8ead8ee	"{""cfg_hash"":""036faa08876ef5dc8e4331507bf042bf828faae3f3cf5a5fd358a89d5fb215da"",""conformation"":""9e6y"",""entity_id"":""P1MCPUFP__CPUFP500K_0325__00106"",""entity_type"":""candidate"",""monomer_sha256"":""6119828ce562117ba9205781e25bec2e834a9a316f1ceb3d2f919b4f0d755819"",""protocol_core_sha256"":""8c55751f66ac2930ce115a9419321a2b2bed220b61af2e1671f7ac6e6a2e33b3"",""restraint_hash"":""4c76f09ba6c24bc9c82a9a97a8fa1f279c4d5ce2a6d051dbf284751701c25880"",""seed"":3047,""sequence_sha256"":""7c67aa0173a655af01dc35545858aa5636d4ef03a8922871caf0931f32bb4537""}"	3303	TOP200_COMMON4_SEED_COMPLETION	159
CANDIDATE_P1MCPUFP__CPUFP500K_0332__00371_8x6b_s42_685871645ceb	269	candidate	P1MCPUFP__CPUFP500K_0332__00371		CANDIDATE_UNKNOWN	8x6b	42	756b312227c393c7a868a4f87dd5b975b88b869dc6472706b390f9ad1ff38ea7	26-33	51-58	97-112	27,28,29,30,35,36,37,38,56,57,58,59,62,63,64,65,105,106,107,108,109,110,111,112,113,114,115,116,117	inputs/candidate_monomers/P1MCPUFP__CPUFP500K_0332__00371.pdb	frozen_nbb2_archive_extract	H	69f855732dd9dc654acf62b66a13719bc6fc0b467f9ee34662ca835de887a7d9	inputs/normalized/8x6b_pvrig_receptor.pdb	T	L	A	UniProt_Q6DKI7	6e3411303a8196b0e07523e8d66724b2c6a9380dca7a347caa47b5632620a2a8	4c76f09ba6c24bc9c82a9a97a8fa1f279c4d5ce2a6d051dbf284751701c25880	8c55751f66ac2930ce115a9419321a2b2bed220b61af2e1671f7ac6e6a2e33b3	8c55751f66ac2930ce115a9419321a2b2bed220b61af2e1671f7ac6e6a2e33b3	685871645ceb493148986afa56e2a53f707e2c975a10a18a2ef241c8033f2ab4	"{""cfg_hash"":""6e3411303a8196b0e07523e8d66724b2c6a9380dca7a347caa47b5632620a2a8"",""conformation"":""8x6b"",""entity_id"":""P1MCPUFP__CPUFP500K_0332__00371"",""entity_type"":""candidate"",""monomer_sha256"":""69f855732dd9dc654acf62b66a13719bc6fc0b467f9ee34662ca835de887a7d9"",""protocol_core_sha256"":""8c55751f66ac2930ce115a9419321a2b2bed220b61af2e1671f7ac6e6a2e33b3"",""restraint_hash"":""4c76f09ba6c24bc9c82a9a97a8fa1f279c4d5ce2a6d051dbf284751701c25880"",""seed"":42,""sequence_sha256"":""756b312227c393c7a868a4f87dd5b975b88b869dc6472706b390f9ad1ff38ea7""}"	2021	TOP200_COMMON4_SEED_COMPLETION	160
CANDIDATE_P1MCPUFP__CPUFP500K_0332__00371_9e6y_s42_773ff7d104d6	270	candidate	P1MCPUFP__CPUFP500K_0332__00371		CANDIDATE_UNKNOWN	9e6y	42	756b312227c393c7a868a4f87dd5b975b88b869dc6472706b390f9ad1ff38ea7	26-33	51-58	97-112	27,28,29,30,35,36,37,38,56,57,58,59,62,63,64,65,105,106,107,108,109,110,111,112,113,114,115,116,117	inputs/candidate_monomers/P1MCPUFP__CPUFP500K_0332__00371.pdb	frozen_nbb2_archive_extract	H	69f855732dd9dc654acf62b66a13719bc6fc0b467f9ee34662ca835de887a7d9	inputs/normalized/9e6y_pvrig_receptor.pdb	T	L	A	UniProt_Q6DKI7	7b597e4976340689606e650f7a864d1c028938e4a1d0c4201b7092f53302813a	4c76f09ba6c24bc9c82a9a97a8fa1f279c4d5ce2a6d051dbf284751701c25880	8c55751f66ac2930ce115a9419321a2b2bed220b61af2e1671f7ac6e6a2e33b3	8c55751f66ac2930ce115a9419321a2b2bed220b61af2e1671f7ac6e6a2e33b3	773ff7d104d6c0e6a67aada4e15261d8830731c411dc6db7ee237a2a78d22d02	"{""cfg_hash"":""7b597e4976340689606e650f7a864d1c028938e4a1d0c4201b7092f53302813a"",""conformation"":""9e6y"",""entity_id"":""P1MCPUFP__CPUFP500K_0332__00371"",""entity_type"":""candidate"",""monomer_sha256"":""69f855732dd9dc654acf62b66a13719bc6fc0b467f9ee34662ca835de887a7d9"",""protocol_core_sha256"":""8c55751f66ac2930ce115a9419321a2b2bed220b61af2e1671f7ac6e6a2e33b3"",""restraint_hash"":""4c76f09ba6c24bc9c82a9a97a8fa1f279c4d5ce2a6d051dbf284751701c25880"",""seed"":42,""sequence_sha256"":""756b312227c393c7a868a4f87dd5b975b88b869dc6472706b390f9ad1ff38ea7""}"	2021	TOP200_COMMON4_SEED_COMPLETION	160
CANDIDATE_P1MCPUFP__CPUFP500K_0332__00371_8x6b_s3047_35b67e71c707	271	candidate	P1MCPUFP__CPUFP500K_0332__00371		CANDIDATE_UNKNOWN	8x6b	3047	756b312227c393c7a868a4f87dd5b975b88b869dc6472706b390f9ad1ff38ea7	26-33	51-58	97-112	27,28,29,30,35,36,37,38,56,57,58,59,62,63,64,65,105,106,107,108,109,110,111,112,113,114,115,116,117	inputs/candidate_monomers/P1MCPUFP__CPUFP500K_0332__00371.pdb	frozen_nbb2_archive_extract	H	69f855732dd9dc654acf62b66a13719bc6fc0b467f9ee34662ca835de887a7d9	inputs/normalized/8x6b_pvrig_receptor.pdb	T	L	A	UniProt_Q6DKI7	21918201f2d7d8fd86e7fbe3003003c516ebb4de914b20d6f1f82a78554f6225	4c76f09ba6c24bc9c82a9a97a8fa1f279c4d5ce2a6d051dbf284751701c25880	8c55751f66ac2930ce115a9419321a2b2bed220b61af2e1671f7ac6e6a2e33b3	8c55751f66ac2930ce115a9419321a2b2bed220b61af2e1671f7ac6e6a2e33b3	35b67e71c707aeccf5e2a0e731546e4273f7922569fdc32ceed4a258958d5587	"{""cfg_hash"":""21918201f2d7d8fd86e7fbe3003003c516ebb4de914b20d6f1f82a78554f6225"",""conformation"":""8x6b"",""entity_id"":""P1MCPUFP__CPUFP500K_0332__00371"",""entity_type"":""candidate"",""monomer_sha256"":""69f855732dd9dc654acf62b66a13719bc6fc0b467f9ee34662ca835de887a7d9"",""protocol_core_sha256"":""8c55751f66ac2930ce115a9419321a2b2bed220b61af2e1671f7ac6e6a2e33b3"",""restraint_hash"":""4c76f09ba6c24bc9c82a9a97a8fa1f279c4d5ce2a6d051dbf284751701c25880"",""seed"":3047,""sequence_sha256"":""756b312227c393c7a868a4f87dd5b975b88b869dc6472706b390f9ad1ff38ea7""}"	2021	TOP200_COMMON4_SEED_COMPLETION	160
CANDIDATE_P1MCPUFP__CPUFP500K_0332__00371_9e6y_s3047_6fefbe0a0cc2	272	candidate	P1MCPUFP__CPUFP500K_0332__00371		CANDIDATE_UNKNOWN	9e6y	3047	756b312227c393c7a868a4f87dd5b975b88b869dc6472706b390f9ad1ff38ea7	26-33	51-58	97-112	27,28,29,30,35,36,37,38,56,57,58,59,62,63,64,65,105,106,107,108,109,110,111,112,113,114,115,116,117	inputs/candidate_monomers/P1MCPUFP__CPUFP500K_0332__00371.pdb	frozen_nbb2_archive_extract	H	69f855732dd9dc654acf62b66a13719bc6fc0b467f9ee34662ca835de887a7d9	inputs/normalized/9e6y_pvrig_receptor.pdb	T	L	A	UniProt_Q6DKI7	036faa08876ef5dc8e4331507bf042bf828faae3f3cf5a5fd358a89d5fb215da	4c76f09ba6c24bc9c82a9a97a8fa1f279c4d5ce2a6d051dbf284751701c25880	8c55751f66ac2930ce115a9419321a2b2bed220b61af2e1671f7ac6e6a2e33b3	8c55751f66ac2930ce115a9419321a2b2bed220b61af2e1671f7ac6e6a2e33b3	6fefbe0a0cc2c8c0d64a70fff09c3be0465594a25536021e12b2d6fc4744ff2c	"{""cfg_hash"":""036faa08876ef5dc8e4331507bf042bf828faae3f3cf5a5fd358a89d5fb215da"",""conformation"":""9e6y"",""entity_id"":""P1MCPUFP__CPUFP500K_0332__00371"",""entity_type"":""candidate"",""monomer_sha256"":""69f855732dd9dc654acf62b66a13719bc6fc0b467f9ee34662ca835de887a7d9"",""protocol_core_sha256"":""8c55751f66ac2930ce115a9419321a2b2bed220b61af2e1671f7ac6e6a2e33b3"",""restraint_hash"":""4c76f09ba6c24bc9c82a9a97a8fa1f279c4d5ce2a6d051dbf284751701c25880"",""seed"":3047,""sequence_sha256"":""756b312227c393c7a868a4f87dd5b975b88b869dc6472706b390f9ad1ff38ea7""}"	2021	TOP200_COMMON4_SEED_COMPLETION	160
CANDIDATE_P1MCPUFP__CPUFP500K_0480__00342_8x6b_s42_cef496b9cbab	273	candidate	P1MCPUFP__CPUFP500K_0480__00342		CANDIDATE_UNKNOWN	8x6b	42	d8ae793e016c8d9909ac78b44faeeb7dbf8f7953f988300c6988c2dae802bf9b	26-35	53-59	98-116	27,28,29,30,31,34,35,36,37,38,56,57,58,59,63,64,65,105,106,107,108,109,110,111,112,113,114,115,116,117	inputs/candidate_monomers/P1MCPUFP__CPUFP500K_0480__00342.pdb	frozen_nbb2_archive_extract	H	a4547a6f68161488f1935cc890a8a48974660b09410b6759972d9faf97f8916a	inputs/normalized/8x6b_pvrig_receptor.pdb	T	L	A	UniProt_Q6DKI7	6e3411303a8196b0e07523e8d66724b2c6a9380dca7a347caa47b5632620a2a8	cb4c825dedbb6b8ccf1510daf94ccd67c095d4743b9f9b2a3b6dc9fa7c1cda34	8c55751f66ac2930ce115a9419321a2b2bed220b61af2e1671f7ac6e6a2e33b3	8c55751f66ac2930ce115a9419321a2b2bed220b61af2e1671f7ac6e6a2e33b3	cef496b9cbabd2d6c3e8922afbc7b1916a076c4f6e872e3e4a0fa53498852bbc	"{""cfg_hash"":""6e3411303a8196b0e07523e8d66724b2c6a9380dca7a347caa47b5632620a2a8"",""conformation"":""8x6b"",""entity_id"":""P1MCPUFP__CPUFP500K_0480__00342"",""entity_type"":""candidate"",""monomer_sha256"":""a4547a6f68161488f1935cc890a8a48974660b09410b6759972d9faf97f8916a"",""protocol_core_sha256"":""8c55751f66ac2930ce115a9419321a2b2bed220b61af2e1671f7ac6e6a2e33b3"",""restraint_hash"":""cb4c825dedbb6b8ccf1510daf94ccd67c095d4743b9f9b2a3b6dc9fa7c1cda34"",""seed"":42,""sequence_sha256"":""d8ae793e016c8d9909ac78b44faeeb7dbf8f7953f988300c6988c2dae802bf9b""}"	3599	TOP200_COMMON4_SEED_COMPLETION	161
CANDIDATE_P1MCPUFP__CPUFP500K_0480__00342_9e6y_s42_9a2fed2ae8ae	274	candidate	P1MCPUFP__CPUFP500K_0480__00342		CANDIDATE_UNKNOWN	9e6y	42	d8ae793e016c8d9909ac78b44faeeb7dbf8f7953f988300c6988c2dae802bf9b	26-35	53-59	98-116	27,28,29,30,31,34,35,36,37,38,56,57,58,59,63,64,65,105,106,107,108,109,110,111,112,113,114,115,116,117	inputs/candidate_monomers/P1MCPUFP__CPUFP500K_0480__00342.pdb	frozen_nbb2_archive_extract	H	a4547a6f68161488f1935cc890a8a48974660b09410b6759972d9faf97f8916a	inputs/normalized/9e6y_pvrig_receptor.pdb	T	L	A	UniProt_Q6DKI7	7b597e4976340689606e650f7a864d1c028938e4a1d0c4201b7092f53302813a	cb4c825dedbb6b8ccf1510daf94ccd67c095d4743b9f9b2a3b6dc9fa7c1cda34	8c55751f66ac2930ce115a9419321a2b2bed220b61af2e1671f7ac6e6a2e33b3	8c55751f66ac2930ce115a9419321a2b2bed220b61af2e1671f7ac6e6a2e33b3	9a2fed2ae8aeac7ae97ca936e3956acf87027e418845b6ca70ef01d3acd6a0b9	"{""cfg_hash"":""7b597e4976340689606e650f7a864d1c028938e4a1d0c4201b7092f53302813a"",""conformation"":""9e6y"",""entity_id"":""P1MCPUFP__CPUFP500K_0480__00342"",""entity_type"":""candidate"",""monomer_sha256"":""a4547a6f68161488f1935cc890a8a48974660b09410b6759972d9faf97f8916a"",""protocol_core_sha256"":""8c55751f66ac2930ce115a9419321a2b2bed220b61af2e1671f7ac6e6a2e33b3"",""restraint_hash"":""cb4c825dedbb6b8ccf1510daf94ccd67c095d4743b9f9b2a3b6dc9fa7c1cda34"",""seed"":42,""sequence_sha256"":""d8ae793e016c8d9909ac78b44faeeb7dbf8f7953f988300c6988c2dae802bf9b""}"	3599	TOP200_COMMON4_SEED_COMPLETION	161
CANDIDATE_P1MCPUFP__CPUFP500K_0480__00342_8x6b_s3047_f2ab0b6d937d	275	candidate	P1MCPUFP__CPUFP500K_0480__00342		CANDIDATE_UNKNOWN	8x6b	3047	d8ae793e016c8d9909ac78b44faeeb7dbf8f7953f988300c6988c2dae802bf9b	26-35	53-59	98-116	27,28,29,30,31,34,35,36,37,38,56,57,58,59,63,64,65,105,106,107,108,109,110,111,112,113,114,115,116,117	inputs/candidate_monomers/P1MCPUFP__CPUFP500K_0480__00342.pdb	frozen_nbb2_archive_extract	H	a4547a6f68161488f1935cc890a8a48974660b09410b6759972d9faf97f8916a	inputs/normalized/8x6b_pvrig_receptor.pdb	T	L	A	UniProt_Q6DKI7	21918201f2d7d8fd86e7fbe3003003c516ebb4de914b20d6f1f82a78554f6225	cb4c825dedbb6b8ccf1510daf94ccd67c095d4743b9f9b2a3b6dc9fa7c1cda34	8c55751f66ac2930ce115a9419321a2b2bed220b61af2e1671f7ac6e6a2e33b3	8c55751f66ac2930ce115a9419321a2b2bed220b61af2e1671f7ac6e6a2e33b3	f2ab0b6d937d3fd5a05c6be6109cd227a612b59c3e147bff9015aeb705b857bf	"{""cfg_hash"":""21918201f2d7d8fd86e7fbe3003003c516ebb4de914b20d6f1f82a78554f6225"",""conformation"":""8x6b"",""entity_id"":""P1MCPUFP__CPUFP500K_0480__00342"",""entity_type"":""candidate"",""monomer_sha256"":""a4547a6f68161488f1935cc890a8a48974660b09410b6759972d9faf97f8916a"",""protocol_core_sha256"":""8c55751f66ac2930ce115a9419321a2b2bed220b61af2e1671f7ac6e6a2e33b3"",""restraint_hash"":""cb4c825dedbb6b8ccf1510daf94ccd67c095d4743b9f9b2a3b6dc9fa7c1cda34"",""seed"":3047,""sequence_sha256"":""d8ae793e016c8d9909ac78b44faeeb7dbf8f7953f988300c6988c2dae802bf9b""}"	3599	TOP200_COMMON4_SEED_COMPLETION	161
CANDIDATE_P1MCPUFP__CPUFP500K_0480__00342_9e6y_s3047_aa867d514791	276	candidate	P1MCPUFP__CPUFP500K_0480__00342		CANDIDATE_UNKNOWN	9e6y	3047	d8ae793e016c8d9909ac78b44faeeb7dbf8f7953f988300c6988c2dae802bf9b	26-35	53-59	98-116	27,28,29,30,31,34,35,36,37,38,56,57,58,59,63,64,65,105,106,107,108,109,110,111,112,113,114,115,116,117	inputs/candidate_monomers/P1MCPUFP__CPUFP500K_0480__00342.pdb	frozen_nbb2_archive_extract	H	a4547a6f68161488f1935cc890a8a48974660b09410b6759972d9faf97f8916a	inputs/normalized/9e6y_pvrig_receptor.pdb	T	L	A	UniProt_Q6DKI7	036faa08876ef5dc8e4331507bf042bf828faae3f3cf5a5fd358a89d5fb215da	cb4c825dedbb6b8ccf1510daf94ccd67c095d4743b9f9b2a3b6dc9fa7c1cda34	8c55751f66ac2930ce115a9419321a2b2bed220b61af2e1671f7ac6e6a2e33b3	8c55751f66ac2930ce115a9419321a2b2bed220b61af2e1671f7ac6e6a2e33b3	aa867d514791e9b4d606766bac8541a76f9e081945a42987fa961d01c697bfa8	"{""cfg_hash"":""036faa08876ef5dc8e4331507bf042bf828faae3f3cf5a5fd358a89d5fb215da"",""conformation"":""9e6y"",""entity_id"":""P1MCPUFP__CPUFP500K_0480__00342"",""entity_type"":""candidate"",""monomer_sha256"":""a4547a6f68161488f1935cc890a8a48974660b09410b6759972d9faf97f8916a"",""protocol_core_sha256"":""8c55751f66ac2930ce115a9419321a2b2bed220b61af2e1671f7ac6e6a2e33b3"",""restraint_hash"":""cb4c825dedbb6b8ccf1510daf94ccd67c095d4743b9f9b2a3b6dc9fa7c1cda34"",""seed"":3047,""sequence_sha256"":""d8ae793e016c8d9909ac78b44faeeb7dbf8f7953f988300c6988c2dae802bf9b""}"	3599	TOP200_COMMON4_SEED_COMPLETION	161
CANDIDATE_P1MCPUFP__CPUFP500K_0288__00895_8x6b_s42_6fd91ae962d0	277	candidate	P1MCPUFP__CPUFP500K_0288__00895		CANDIDATE_UNKNOWN	8x6b	42	994cb7e491a3d0b0e6d86b09e286cd405131cec9dda28161a0ba4a65f8314a9e	26-35	53-59	98-116	27,28,29,30,31,34,35,36,37,38,56,57,58,59,63,64,65,105,106,107,108,109,110,111,112,113,114,115,116,117	inputs/candidate_monomers/P1MCPUFP__CPUFP500K_0288__00895.pdb	frozen_nbb2_archive_extract	H	a86cc7a02d1ae2ed825c65bbbe340614613d98069f07543885e2cb677da2f60b	inputs/normalized/8x6b_pvrig_receptor.pdb	T	L	A	UniProt_Q6DKI7	6e3411303a8196b0e07523e8d66724b2c6a9380dca7a347caa47b5632620a2a8	cb4c825dedbb6b8ccf1510daf94ccd67c095d4743b9f9b2a3b6dc9fa7c1cda34	8c55751f66ac2930ce115a9419321a2b2bed220b61af2e1671f7ac6e6a2e33b3	8c55751f66ac2930ce115a9419321a2b2bed220b61af2e1671f7ac6e6a2e33b3	6fd91ae962d07178c89dbeebc006af00b2745d0714f55c7d64b931281a053826	"{""cfg_hash"":""6e3411303a8196b0e07523e8d66724b2c6a9380dca7a347caa47b5632620a2a8"",""conformation"":""8x6b"",""entity_id"":""P1MCPUFP__CPUFP500K_0288__00895"",""entity_type"":""candidate"",""monomer_sha256"":""a86cc7a02d1ae2ed825c65bbbe340614613d98069f07543885e2cb677da2f60b"",""protocol_core_sha256"":""8c55751f66ac2930ce115a9419321a2b2bed220b61af2e1671f7ac6e6a2e33b3"",""restraint_hash"":""cb4c825dedbb6b8ccf1510daf94ccd67c095d4743b9f9b2a3b6dc9fa7c1cda34"",""seed"":42,""sequence_sha256"":""994cb7e491a3d0b0e6d86b09e286cd405131cec9dda28161a0ba4a65f8314a9e""}"	4127	TOP200_COMMON4_SEED_COMPLETION	162
CANDIDATE_P1MCPUFP__CPUFP500K_0288__00895_9e6y_s42_b406442e4398	278	candidate	P1MCPUFP__CPUFP500K_0288__00895		CANDIDATE_UNKNOWN	9e6y	42	994cb7e491a3d0b0e6d86b09e286cd405131cec9dda28161a0ba4a65f8314a9e	26-35	53-59	98-116	27,28,29,30,31,34,35,36,37,38,56,57,58,59,63,64,65,105,106,107,108,109,110,111,112,113,114,115,116,117	inputs/candidate_monomers/P1MCPUFP__CPUFP500K_0288__00895.pdb	frozen_nbb2_archive_extract	H	a86cc7a02d1ae2ed825c65bbbe340614613d98069f07543885e2cb677da2f60b	inputs/normalized/9e6y_pvrig_receptor.pdb	T	L	A	UniProt_Q6DKI7	7b597e4976340689606e650f7a864d1c028938e4a1d0c4201b7092f53302813a	cb4c825dedbb6b8ccf1510daf94ccd67c095d4743b9f9b2a3b6dc9fa7c1cda34	8c55751f66ac2930ce115a9419321a2b2bed220b61af2e1671f7ac6e6a2e33b3	8c55751f66ac2930ce115a9419321a2b2bed220b61af2e1671f7ac6e6a2e33b3	b406442e43981ae30ab3a56369c7bf6b843b87e81dff2ebbdcd5557afe3e3ff5	"{""cfg_hash"":""7b597e4976340689606e650f7a864d1c028938e4a1d0c4201b7092f53302813a"",""conformation"":""9e6y"",""entity_id"":""P1MCPUFP__CPUFP500K_0288__00895"",""entity_type"":""candidate"",""monomer_sha256"":""a86cc7a02d1ae2ed825c65bbbe340614613d98069f07543885e2cb677da2f60b"",""protocol_core_sha256"":""8c55751f66ac2930ce115a9419321a2b2bed220b61af2e1671f7ac6e6a2e33b3"",""restraint_hash"":""cb4c825dedbb6b8ccf1510daf94ccd67c095d4743b9f9b2a3b6dc9fa7c1cda34"",""seed"":42,""sequence_sha256"":""994cb7e491a3d0b0e6d86b09e286cd405131cec9dda28161a0ba4a65f8314a9e""}"	4127	TOP200_COMMON4_SEED_COMPLETION	162
CANDIDATE_P1MCPUFP__CPUFP500K_0288__00895_8x6b_s3047_d026fb6d093a	279	candidate	P1MCPUFP__CPUFP500K_0288__00895		CANDIDATE_UNKNOWN	8x6b	3047	994cb7e491a3d0b0e6d86b09e286cd405131cec9dda28161a0ba4a65f8314a9e	26-35	53-59	98-116	27,28,29,30,31,34,35,36,37,38,56,57,58,59,63,64,65,105,106,107,108,109,110,111,112,113,114,115,116,117	inputs/candidate_monomers/P1MCPUFP__CPUFP500K_0288__00895.pdb	frozen_nbb2_archive_extract	H	a86cc7a02d1ae2ed825c65bbbe340614613d98069f07543885e2cb677da2f60b	inputs/normalized/8x6b_pvrig_receptor.pdb	T	L	A	UniProt_Q6DKI7	21918201f2d7d8fd86e7fbe3003003c516ebb4de914b20d6f1f82a78554f6225	cb4c825dedbb6b8ccf1510daf94ccd67c095d4743b9f9b2a3b6dc9fa7c1cda34	8c55751f66ac2930ce115a9419321a2b2bed220b61af2e1671f7ac6e6a2e33b3	8c55751f66ac2930ce115a9419321a2b2bed220b61af2e1671f7ac6e6a2e33b3	d026fb6d093a4b51bc278ed0d76b0b372d2c150abbaad17811a689bfb1c88382	"{""cfg_hash"":""21918201f2d7d8fd86e7fbe3003003c516ebb4de914b20d6f1f82a78554f6225"",""conformation"":""8x6b"",""entity_id"":""P1MCPUFP__CPUFP500K_0288__00895"",""entity_type"":""candidate"",""monomer_sha256"":""a86cc7a02d1ae2ed825c65bbbe340614613d98069f07543885e2cb677da2f60b"",""protocol_core_sha256"":""8c55751f66ac2930ce115a9419321a2b2bed220b61af2e1671f7ac6e6a2e33b3"",""restraint_hash"":""cb4c825dedbb6b8ccf1510daf94ccd67c095d4743b9f9b2a3b6dc9fa7c1cda34"",""seed"":3047,""sequence_sha256"":""994cb7e491a3d0b0e6d86b09e286cd405131cec9dda28161a0ba4a65f8314a9e""}"	4127	TOP200_COMMON4_SEED_COMPLETION	162
CANDIDATE_P1MCPUFP__CPUFP500K_0288__00895_9e6y_s3047_c4f3f023ea66	280	candidate	P1MCPUFP__CPUFP500K_0288__00895		CANDIDATE_UNKNOWN	9e6y	3047	994cb7e491a3d0b0e6d86b09e286cd405131cec9dda28161a0ba4a65f8314a9e	26-35	53-59	98-116	27,28,29,30,31,34,35,36,37,38,56,57,58,59,63,64,65,105,106,107,108,109,110,111,112,113,114,115,116,117	inputs/candidate_monomers/P1MCPUFP__CPUFP500K_0288__00895.pdb	frozen_nbb2_archive_extract	H	a86cc7a02d1ae2ed825c65bbbe340614613d98069f07543885e2cb677da2f60b	inputs/normalized/9e6y_pvrig_receptor.pdb	T	L	A	UniProt_Q6DKI7	036faa08876ef5dc8e4331507bf042bf828faae3f3cf5a5fd358a89d5fb215da	cb4c825dedbb6b8ccf1510daf94ccd67c095d4743b9f9b2a3b6dc9fa7c1cda34	8c55751f66ac2930ce115a9419321a2b2bed220b61af2e1671f7ac6e6a2e33b3	8c55751f66ac2930ce115a9419321a2b2bed220b61af2e1671f7ac6e6a2e33b3	c4f3f023ea66ad3a70b346d459598aa1644bc26a23f0b2ee5b348224c0bf0539	"{""cfg_hash"":""036faa08876ef5dc8e4331507bf042bf828faae3f3cf5a5fd358a89d5fb215da"",""conformation"":""9e6y"",""entity_id"":""P1MCPUFP__CPUFP500K_0288__00895"",""entity_type"":""candidate"",""monomer_sha256"":""a86cc7a02d1ae2ed825c65bbbe340614613d98069f07543885e2cb677da2f60b"",""protocol_core_sha256"":""8c55751f66ac2930ce115a9419321a2b2bed220b61af2e1671f7ac6e6a2e33b3"",""restraint_hash"":""cb4c825dedbb6b8ccf1510daf94ccd67c095d4743b9f9b2a3b6dc9fa7c1cda34"",""seed"":3047,""sequence_sha256"":""994cb7e491a3d0b0e6d86b09e286cd405131cec9dda28161a0ba4a65f8314a9e""}"	4127	TOP200_COMMON4_SEED_COMPLETION	162
CANDIDATE_P1MCPUFP__CPUFP500K_0288__00812_8x6b_s42_9e756a299b98	281	candidate	P1MCPUFP__CPUFP500K_0288__00812		CANDIDATE_UNKNOWN	8x6b	42	e2211376571ab387e5860538c1cdc54f33a7f343556ad5ea26cc384c08f05c77	26-35	53-59	98-116	27,28,29,30,31,34,35,36,37,38,56,57,58,59,63,64,65,105,106,107,108,109,110,111,112,113,114,115,116,117	inputs/candidate_monomers/P1MCPUFP__CPUFP500K_0288__00812.pdb	frozen_nbb2_archive_extract	H	eb74839bd6fe2eaf03f717bef0ff2899a2627b1035edd960b4bd60f0a7e47e1d	inputs/normalized/8x6b_pvrig_receptor.pdb	T	L	A	UniProt_Q6DKI7	6e3411303a8196b0e07523e8d66724b2c6a9380dca7a347caa47b5632620a2a8	cb4c825dedbb6b8ccf1510daf94ccd67c095d4743b9f9b2a3b6dc9fa7c1cda34	8c55751f66ac2930ce115a9419321a2b2bed220b61af2e1671f7ac6e6a2e33b3	8c55751f66ac2930ce115a9419321a2b2bed220b61af2e1671f7ac6e6a2e33b3	9e756a299b987e401d6c4b92ccd3b5f5420c233138827d9b561d7ef5c9f3aaca	"{""cfg_hash"":""6e3411303a8196b0e07523e8d66724b2c6a9380dca7a347caa47b5632620a2a8"",""conformation"":""8x6b"",""entity_id"":""P1MCPUFP__CPUFP500K_0288__00812"",""entity_type"":""candidate"",""monomer_sha256"":""eb74839bd6fe2eaf03f717bef0ff2899a2627b1035edd960b4bd60f0a7e47e1d"",""protocol_core_sha256"":""8c55751f66ac2930ce115a9419321a2b2bed220b61af2e1671f7ac6e6a2e33b3"",""restraint_hash"":""cb4c825dedbb6b8ccf1510daf94ccd67c095d4743b9f9b2a3b6dc9fa7c1cda34"",""seed"":42,""sequence_sha256"":""e2211376571ab387e5860538c1cdc54f33a7f343556ad5ea26cc384c08f05c77""}"	1734	TOP200_COMMON4_SEED_COMPLETION	163
CANDIDATE_P1MCPUFP__CPUFP500K_0288__00812_9e6y_s42_f6f10efb5fd0	282	candidate	P1MCPUFP__CPUFP500K_0288__00812		CANDIDATE_UNKNOWN	9e6y	42	e2211376571ab387e5860538c1cdc54f33a7f343556ad5ea26cc384c08f05c77	26-35	53-59	98-116	27,28,29,30,31,34,35,36,37,38,56,57,58,59,63,64,65,105,106,107,108,109,110,111,112,113,114,115,116,117	inputs/candidate_monomers/P1MCPUFP__CPUFP500K_0288__00812.pdb	frozen_nbb2_archive_extract	H	eb74839bd6fe2eaf03f717bef0ff2899a2627b1035edd960b4bd60f0a7e47e1d	inputs/normalized/9e6y_pvrig_receptor.pdb	T	L	A	UniProt_Q6DKI7	7b597e4976340689606e650f7a864d1c028938e4a1d0c4201b7092f53302813a	cb4c825dedbb6b8ccf1510daf94ccd67c095d4743b9f9b2a3b6dc9fa7c1cda34	8c55751f66ac2930ce115a9419321a2b2bed220b61af2e1671f7ac6e6a2e33b3	8c55751f66ac2930ce115a9419321a2b2bed220b61af2e1671f7ac6e6a2e33b3	f6f10efb5fd02c412f9717f760a89cbe0cf05ebaf5def4147655d315514661a4	"{""cfg_hash"":""7b597e4976340689606e650f7a864d1c028938e4a1d0c4201b7092f53302813a"",""conformation"":""9e6y"",""entity_id"":""P1MCPUFP__CPUFP500K_0288__00812"",""entity_type"":""candidate"",""monomer_sha256"":""eb74839bd6fe2eaf03f717bef0ff2899a2627b1035edd960b4bd60f0a7e47e1d"",""protocol_core_sha256"":""8c55751f66ac2930ce115a9419321a2b2bed220b61af2e1671f7ac6e6a2e33b3"",""restraint_hash"":""cb4c825dedbb6b8ccf1510daf94ccd67c095d4743b9f9b2a3b6dc9fa7c1cda34"",""seed"":42,""sequence_sha256"":""e2211376571ab387e5860538c1cdc54f33a7f343556ad5ea26cc384c08f05c77""}"	1734	TOP200_COMMON4_SEED_COMPLETION	163
CANDIDATE_P1MCPUFP__CPUFP500K_0288__00812_8x6b_s3047_25937b741894	283	candidate	P1MCPUFP__CPUFP500K_0288__00812		CANDIDATE_UNKNOWN	8x6b	3047	e2211376571ab387e5860538c1cdc54f33a7f343556ad5ea26cc384c08f05c77	26-35	53-59	98-116	27,28,29,30,31,34,35,36,37,38,56,57,58,59,63,64,65,105,106,107,108,109,110,111,112,113,114,115,116,117	inputs/candidate_monomers/P1MCPUFP__CPUFP500K_0288__00812.pdb	frozen_nbb2_archive_extract	H	eb74839bd6fe2eaf03f717bef0ff2899a2627b1035edd960b4bd60f0a7e47e1d	inputs/normalized/8x6b_pvrig_receptor.pdb	T	L	A	UniProt_Q6DKI7	21918201f2d7d8fd86e7fbe3003003c516ebb4de914b20d6f1f82a78554f6225	cb4c825dedbb6b8ccf1510daf94ccd67c095d4743b9f9b2a3b6dc9fa7c1cda34	8c55751f66ac2930ce115a9419321a2b2bed220b61af2e1671f7ac6e6a2e33b3	8c55751f66ac2930ce115a9419321a2b2bed220b61af2e1671f7ac6e6a2e33b3	25937b741894b58a6fb8d4e8cea35c61a459a529e76fbb4fc26b866e90c3742c	"{""cfg_hash"":""21918201f2d7d8fd86e7fbe3003003c516ebb4de914b20d6f1f82a78554f6225"",""conformation"":""8x6b"",""entity_id"":""P1MCPUFP__CPUFP500K_0288__00812"",""entity_type"":""candidate"",""monomer_sha256"":""eb74839bd6fe2eaf03f717bef0ff2899a2627b1035edd960b4bd60f0a7e47e1d"",""protocol_core_sha256"":""8c55751f66ac2930ce115a9419321a2b2bed220b61af2e1671f7ac6e6a2e33b3"",""restraint_hash"":""cb4c825dedbb6b8ccf1510daf94ccd67c095d4743b9f9b2a3b6dc9fa7c1cda34"",""seed"":3047,""sequence_sha256"":""e2211376571ab387e5860538c1cdc54f33a7f343556ad5ea26cc384c08f05c77""}"	1734	TOP200_COMMON4_SEED_COMPLETION	163
CANDIDATE_P1MCPUFP__CPUFP500K_0288__00812_9e6y_s3047_5c43cdb71041	284	candidate	P1MCPUFP__CPUFP500K_0288__00812		CANDIDATE_UNKNOWN	9e6y	3047	e2211376571ab387e5860538c1cdc54f33a7f343556ad5ea26cc384c08f05c77	26-35	53-59	98-116	27,28,29,30,31,34,35,36,37,38,56,57,58,59,63,64,65,105,106,107,108,109,110,111,112,113,114,115,116,117	inputs/candidate_monomers/P1MCPUFP__CPUFP500K_0288__00812.pdb	frozen_nbb2_archive_extract	H	eb74839bd6fe2eaf03f717bef0ff2899a2627b1035edd960b4bd60f0a7e47e1d	inputs/normalized/9e6y_pvrig_receptor.pdb	T	L	A	UniProt_Q6DKI7	036faa08876ef5dc8e4331507bf042bf828faae3f3cf5a5fd358a89d5fb215da	cb4c825dedbb6b8ccf1510daf94ccd67c095d4743b9f9b2a3b6dc9fa7c1cda34	8c55751f66ac2930ce115a9419321a2b2bed220b61af2e1671f7ac6e6a2e33b3	8c55751f66ac2930ce115a9419321a2b2bed220b61af2e1671f7ac6e6a2e33b3	5c43cdb7104164d680ed97a32d6d6aa1d6eeaa78c74197e1191caad7ad684b56	"{""cfg_hash"":""036faa08876ef5dc8e4331507bf042bf828faae3f3cf5a5fd358a89d5fb215da"",""conformation"":""9e6y"",""entity_id"":""P1MCPUFP__CPUFP500K_0288__00812"",""entity_type"":""candidate"",""monomer_sha256"":""eb74839bd6fe2eaf03f717bef0ff2899a2627b1035edd960b4bd60f0a7e47e1d"",""protocol_core_sha256"":""8c55751f66ac2930ce115a9419321a2b2bed220b61af2e1671f7ac6e6a2e33b3"",""restraint_hash"":""cb4c825dedbb6b8ccf1510daf94ccd67c095d4743b9f9b2a3b6dc9fa7c1cda34"",""seed"":3047,""sequence_sha256"":""e2211376571ab387e5860538c1cdc54f33a7f343556ad5ea26cc384c08f05c77""}"	1734	TOP200_COMMON4_SEED_COMPLETION	163
CANDIDATE_P1MCPUFP__CPUFP500K_0185__00654_8x6b_s42_bfe3f2877d74	285	candidate	P1MCPUFP__CPUFP500K_0185__00654		CANDIDATE_UNKNOWN	8x6b	42	5f7f6b212ced9918882536b46573bb295085f974fe38614b26e9f21727f3e929	26-35	53-59	98-116	27,28,29,30,31,34,35,36,37,38,56,57,58,59,63,64,65,105,106,107,108,109,110,111,112,113,114,115,116,117	inputs/candidate_monomers/P1MCPUFP__CPUFP500K_0185__00654.pdb	frozen_nbb2_archive_extract	H	9025ff490bddde0c3e2d61bd1731a25094648406c6f339e6de0789db64014a99	inputs/normalized/8x6b_pvrig_receptor.pdb	T	L	A	UniProt_Q6DKI7	6e3411303a8196b0e07523e8d66724b2c6a9380dca7a347caa47b5632620a2a8	cb4c825dedbb6b8ccf1510daf94ccd67c095d4743b9f9b2a3b6dc9fa7c1cda34	8c55751f66ac2930ce115a9419321a2b2bed220b61af2e1671f7ac6e6a2e33b3	8c55751f66ac2930ce115a9419321a2b2bed220b61af2e1671f7ac6e6a2e33b3	bfe3f2877d7458649ad7ce75784b4661a82d33b319c5a22b0017a5376fdebba3	"{""cfg_hash"":""6e3411303a8196b0e07523e8d66724b2c6a9380dca7a347caa47b5632620a2a8"",""conformation"":""8x6b"",""entity_id"":""P1MCPUFP__CPUFP500K_0185__00654"",""entity_type"":""candidate"",""monomer_sha256"":""9025ff490bddde0c3e2d61bd1731a25094648406c6f339e6de0789db64014a99"",""protocol_core_sha256"":""8c55751f66ac2930ce115a9419321a2b2bed220b61af2e1671f7ac6e6a2e33b3"",""restraint_hash"":""cb4c825dedbb6b8ccf1510daf94ccd67c095d4743b9f9b2a3b6dc9fa7c1cda34"",""seed"":42,""sequence_sha256"":""5f7f6b212ced9918882536b46573bb295085f974fe38614b26e9f21727f3e929""}"	2137	TOP200_COMMON4_SEED_COMPLETION	164
CANDIDATE_P1MCPUFP__CPUFP500K_0185__00654_9e6y_s42_b05b4841ae95	286	candidate	P1MCPUFP__CPUFP500K_0185__00654		CANDIDATE_UNKNOWN	9e6y	42	5f7f6b212ced9918882536b46573bb295085f974fe38614b26e9f21727f3e929	26-35	53-59	98-116	27,28,29,30,31,34,35,36,37,38,56,57,58,59,63,64,65,105,106,107,108,109,110,111,112,113,114,115,116,117	inputs/candidate_monomers/P1MCPUFP__CPUFP500K_0185__00654.pdb	frozen_nbb2_archive_extract	H	9025ff490bddde0c3e2d61bd1731a25094648406c6f339e6de0789db64014a99	inputs/normalized/9e6y_pvrig_receptor.pdb	T	L	A	UniProt_Q6DKI7	7b597e4976340689606e650f7a864d1c028938e4a1d0c4201b7092f53302813a	cb4c825dedbb6b8ccf1510daf94ccd67c095d4743b9f9b2a3b6dc9fa7c1cda34	8c55751f66ac2930ce115a9419321a2b2bed220b61af2e1671f7ac6e6a2e33b3	8c55751f66ac2930ce115a9419321a2b2bed220b61af2e1671f7ac6e6a2e33b3	b05b4841ae9554c25ea5c46bb2b6f230fb6f1924fb7bb7d15253271048416c50	"{""cfg_hash"":""7b597e4976340689606e650f7a864d1c028938e4a1d0c4201b7092f53302813a"",""conformation"":""9e6y"",""entity_id"":""P1MCPUFP__CPUFP500K_0185__00654"",""entity_type"":""candidate"",""monomer_sha256"":""9025ff490bddde0c3e2d61bd1731a25094648406c6f339e6de0789db64014a99"",""protocol_core_sha256"":""8c55751f66ac2930ce115a9419321a2b2bed220b61af2e1671f7ac6e6a2e33b3"",""restraint_hash"":""cb4c825dedbb6b8ccf1510daf94ccd67c095d4743b9f9b2a3b6dc9fa7c1cda34"",""seed"":42,""sequence_sha256"":""5f7f6b212ced9918882536b46573bb295085f974fe38614b26e9f21727f3e929""}"	2137	TOP200_COMMON4_SEED_COMPLETION	164
CANDIDATE_P1MCPUFP__CPUFP500K_0185__00654_8x6b_s3047_89e478a292be	287	candidate	P1MCPUFP__CPUFP500K_0185__00654		CANDIDATE_UNKNOWN	8x6b	3047	5f7f6b212ced9918882536b46573bb295085f974fe38614b26e9f21727f3e929	26-35	53-59	98-116	27,28,29,30,31,34,35,36,37,38,56,57,58,59,63,64,65,105,106,107,108,109,110,111,112,113,114,115,116,117	inputs/candidate_monomers/P1MCPUFP__CPUFP500K_0185__00654.pdb	frozen_nbb2_archive_extract	H	9025ff490bddde0c3e2d61bd1731a25094648406c6f339e6de0789db64014a99	inputs/normalized/8x6b_pvrig_receptor.pdb	T	L	A	UniProt_Q6DKI7	21918201f2d7d8fd86e7fbe3003003c516ebb4de914b20d6f1f82a78554f6225	cb4c825dedbb6b8ccf1510daf94ccd67c095d4743b9f9b2a3b6dc9fa7c1cda34	8c55751f66ac2930ce115a9419321a2b2bed220b61af2e1671f7ac6e6a2e33b3	8c55751f66ac2930ce115a9419321a2b2bed220b61af2e1671f7ac6e6a2e33b3	89e478a292be02f04ac2d7c081f5143ab7477dd54a54d8c9892f7f0f2128de8a	"{""cfg_hash"":""21918201f2d7d8fd86e7fbe3003003c516ebb4de914b20d6f1f82a78554f6225"",""conformation"":""8x6b"",""entity_id"":""P1MCPUFP__CPUFP500K_0185__00654"",""entity_type"":""candidate"",""monomer_sha256"":""9025ff490bddde0c3e2d61bd1731a25094648406c6f339e6de0789db64014a99"",""protocol_core_sha256"":""8c55751f66ac2930ce115a9419321a2b2bed220b61af2e1671f7ac6e6a2e33b3"",""restraint_hash"":""cb4c825dedbb6b8ccf1510daf94ccd67c095d4743b9f9b2a3b6dc9fa7c1cda34"",""seed"":3047,""sequence_sha256"":""5f7f6b212ced9918882536b46573bb295085f974fe38614b26e9f21727f3e929""}"	2137	TOP200_COMMON4_SEED_COMPLETION	164
CANDIDATE_P1MCPUFP__CPUFP500K_0185__00654_9e6y_s3047_29e5d8e9fca5	288	candidate	P1MCPUFP__CPUFP500K_0185__00654		CANDIDATE_UNKNOWN	9e6y	3047	5f7f6b212ced9918882536b46573bb295085f974fe38614b26e9f21727f3e929	26-35	53-59	98-116	27,28,29,30,31,34,35,36,37,38,56,57,58,59,63,64,65,105,106,107,108,109,110,111,112,113,114,115,116,117	inputs/candidate_monomers/P1MCPUFP__CPUFP500K_0185__00654.pdb	frozen_nbb2_archive_extract	H	9025ff490bddde0c3e2d61bd1731a25094648406c6f339e6de0789db64014a99	inputs/normalized/9e6y_pvrig_receptor.pdb	T	L	A	UniProt_Q6DKI7	036faa08876ef5dc8e4331507bf042bf828faae3f3cf5a5fd358a89d5fb215da	cb4c825dedbb6b8ccf1510daf94ccd67c095d4743b9f9b2a3b6dc9fa7c1cda34	8c55751f66ac2930ce115a9419321a2b2bed220b61af2e1671f7ac6e6a2e33b3	8c55751f66ac2930ce115a9419321a2b2bed220b61af2e1671f7ac6e6a2e33b3	29e5d8e9fca57f149fd11b1a099e46f463e64a7d978858ad959a0d702ec12a4a	"{""cfg_hash"":""036faa08876ef5dc8e4331507bf042bf828faae3f3cf5a5fd358a89d5fb215da"",""conformation"":""9e6y"",""entity_id"":""P1MCPUFP__CPUFP500K_0185__00654"",""entity_type"":""candidate"",""monomer_sha256"":""9025ff490bddde0c3e2d61bd1731a25094648406c6f339e6de0789db64014a99"",""protocol_core_sha256"":""8c55751f66ac2930ce115a9419321a2b2bed220b61af2e1671f7ac6e6a2e33b3"",""restraint_hash"":""cb4c825dedbb6b8ccf1510daf94ccd67c095d4743b9f9b2a3b6dc9fa7c1cda34"",""seed"":3047,""sequence_sha256"":""5f7f6b212ced9918882536b46573bb295085f974fe38614b26e9f21727f3e929""}"	2137	TOP200_COMMON4_SEED_COMPLETION	164
CANDIDATE_P1MCPUFP__CPUFP500K_0090__00860_8x6b_s42_cf8ad0286507	289	candidate	P1MCPUFP__CPUFP500K_0090__00860		CANDIDATE_UNKNOWN	8x6b	42	1e11bee85dc7bb8ceba718cb2cd71c922057b5aefea32cc87fc8dd3e2c50148d	26-35	53-59	98-116	27,28,29,30,31,34,35,36,37,38,56,57,58,59,63,64,65,105,106,107,108,109,110,111,112,113,114,115,116,117	inputs/candidate_monomers/P1MCPUFP__CPUFP500K_0090__00860.pdb	frozen_nbb2_archive_extract	H	f244615d942a8a744972f08642355a8e96c31c6eb4975bac236c7002441d8351	inputs/normalized/8x6b_pvrig_receptor.pdb	T	L	A	UniProt_Q6DKI7	6e3411303a8196b0e07523e8d66724b2c6a9380dca7a347caa47b5632620a2a8	cb4c825dedbb6b8ccf1510daf94ccd67c095d4743b9f9b2a3b6dc9fa7c1cda34	8c55751f66ac2930ce115a9419321a2b2bed220b61af2e1671f7ac6e6a2e33b3	8c55751f66ac2930ce115a9419321a2b2bed220b61af2e1671f7ac6e6a2e33b3	cf8ad02865077d37d404bbc4d9d9703db394eca9cd8eab8be82350ef0eec3c92	"{""cfg_hash"":""6e3411303a8196b0e07523e8d66724b2c6a9380dca7a347caa47b5632620a2a8"",""conformation"":""8x6b"",""entity_id"":""P1MCPUFP__CPUFP500K_0090__00860"",""entity_type"":""candidate"",""monomer_sha256"":""f244615d942a8a744972f08642355a8e96c31c6eb4975bac236c7002441d8351"",""protocol_core_sha256"":""8c55751f66ac2930ce115a9419321a2b2bed220b61af2e1671f7ac6e6a2e33b3"",""restraint_hash"":""cb4c825dedbb6b8ccf1510daf94ccd67c095d4743b9f9b2a3b6dc9fa7c1cda34"",""seed"":42,""sequence_sha256"":""1e11bee85dc7bb8ceba718cb2cd71c922057b5aefea32cc87fc8dd3e2c50148d""}"	1123	TOP200_COMMON4_SEED_COMPLETION	165
CANDIDATE_P1MCPUFP__CPUFP500K_0090__00860_9e6y_s42_d1d31bb4c089	290	candidate	P1MCPUFP__CPUFP500K_0090__00860		CANDIDATE_UNKNOWN	9e6y	42	1e11bee85dc7bb8ceba718cb2cd71c922057b5aefea32cc87fc8dd3e2c50148d	26-35	53-59	98-116	27,28,29,30,31,34,35,36,37,38,56,57,58,59,63,64,65,105,106,107,108,109,110,111,112,113,114,115,116,117	inputs/candidate_monomers/P1MCPUFP__CPUFP500K_0090__00860.pdb	frozen_nbb2_archive_extract	H	f244615d942a8a744972f08642355a8e96c31c6eb4975bac236c7002441d8351	inputs/normalized/9e6y_pvrig_receptor.pdb	T	L	A	UniProt_Q6DKI7	7b597e4976340689606e650f7a864d1c028938e4a1d0c4201b7092f53302813a	cb4c825dedbb6b8ccf1510daf94ccd67c095d4743b9f9b2a3b6dc9fa7c1cda34	8c55751f66ac2930ce115a9419321a2b2bed220b61af2e1671f7ac6e6a2e33b3	8c55751f66ac2930ce115a9419321a2b2bed220b61af2e1671f7ac6e6a2e33b3	d1d31bb4c08949a614979fcdefd4cf82a25de82b108f696d71343d21b060b0e9	"{""cfg_hash"":""7b597e4976340689606e650f7a864d1c028938e4a1d0c4201b7092f53302813a"",""conformation"":""9e6y"",""entity_id"":""P1MCPUFP__CPUFP500K_0090__00860"",""entity_type"":""candidate"",""monomer_sha256"":""f244615d942a8a744972f08642355a8e96c31c6eb4975bac236c7002441d8351"",""protocol_core_sha256"":""8c55751f66ac2930ce115a9419321a2b2bed220b61af2e1671f7ac6e6a2e33b3"",""restraint_hash"":""cb4c825dedbb6b8ccf1510daf94ccd67c095d4743b9f9b2a3b6dc9fa7c1cda34"",""seed"":42,""sequence_sha256"":""1e11bee85dc7bb8ceba718cb2cd71c922057b5aefea32cc87fc8dd3e2c50148d""}"	1123	TOP200_COMMON4_SEED_COMPLETION	165
CANDIDATE_P1MCPUFP__CPUFP500K_0090__00860_8x6b_s3047_1b1c6754d5e5	291	candidate	P1MCPUFP__CPUFP500K_0090__00860		CANDIDATE_UNKNOWN	8x6b	3047	1e11bee85dc7bb8ceba718cb2cd71c922057b5aefea32cc87fc8dd3e2c50148d	26-35	53-59	98-116	27,28,29,30,31,34,35,36,37,38,56,57,58,59,63,64,65,105,106,107,108,109,110,111,112,113,114,115,116,117	inputs/candidate_monomers/P1MCPUFP__CPUFP500K_0090__00860.pdb	frozen_nbb2_archive_extract	H	f244615d942a8a744972f08642355a8e96c31c6eb4975bac236c7002441d8351	inputs/normalized/8x6b_pvrig_receptor.pdb	T	L	A	UniProt_Q6DKI7	21918201f2d7d8fd86e7fbe3003003c516ebb4de914b20d6f1f82a78554f6225	cb4c825dedbb6b8ccf1510daf94ccd67c095d4743b9f9b2a3b6dc9fa7c1cda34	8c55751f66ac2930ce115a9419321a2b2bed220b61af2e1671f7ac6e6a2e33b3	8c55751f66ac2930ce115a9419321a2b2bed220b61af2e1671f7ac6e6a2e33b3	1b1c6754d5e5e60219241d55b183d206c8fa25c1adbe5f518d063afeeeb2d4c0	"{""cfg_hash"":""21918201f2d7d8fd86e7fbe3003003c516ebb4de914b20d6f1f82a78554f6225"",""conformation"":""8x6b"",""entity_id"":""P1MCPUFP__CPUFP500K_0090__00860"",""entity_type"":""candidate"",""monomer_sha256"":""f244615d942a8a744972f08642355a8e96c31c6eb4975bac236c7002441d8351"",""protocol_core_sha256"":""8c55751f66ac2930ce115a9419321a2b2bed220b61af2e1671f7ac6e6a2e33b3"",""restraint_hash"":""cb4c825dedbb6b8ccf1510daf94ccd67c095d4743b9f9b2a3b6dc9fa7c1cda34"",""seed"":3047,""sequence_sha256"":""1e11bee85dc7bb8ceba718cb2cd71c922057b5aefea32cc87fc8dd3e2c50148d""}"	1123	TOP200_COMMON4_SEED_COMPLETION	165
CANDIDATE_P1MCPUFP__CPUFP500K_0090__00860_9e6y_s3047_d69cec3015fc	292	candidate	P1MCPUFP__CPUFP500K_0090__00860		CANDIDATE_UNKNOWN	9e6y	3047	1e11bee85dc7bb8ceba718cb2cd71c922057b5aefea32cc87fc8dd3e2c50148d	26-35	53-59	98-116	27,28,29,30,31,34,35,36,37,38,56,57,58,59,63,64,65,105,106,107,108,109,110,111,112,113,114,115,116,117	inputs/candidate_monomers/P1MCPUFP__CPUFP500K_0090__00860.pdb	frozen_nbb2_archive_extract	H	f244615d942a8a744972f08642355a8e96c31c6eb4975bac236c7002441d8351	inputs/normalized/9e6y_pvrig_receptor.pdb	T	L	A	UniProt_Q6DKI7	036faa08876ef5dc8e4331507bf042bf828faae3f3cf5a5fd358a89d5fb215da	cb4c825dedbb6b8ccf1510daf94ccd67c095d4743b9f9b2a3b6dc9fa7c1cda34	8c55751f66ac2930ce115a9419321a2b2bed220b61af2e1671f7ac6e6a2e33b3	8c55751f66ac2930ce115a9419321a2b2bed220b61af2e1671f7ac6e6a2e33b3	d69cec3015fcc796dc38ecdad720ed961a7af1601e4c85a89d2cb8302f550ee3	"{""cfg_hash"":""036faa08876ef5dc8e4331507bf042bf828faae3f3cf5a5fd358a89d5fb215da"",""conformation"":""9e6y"",""entity_id"":""P1MCPUFP__CPUFP500K_0090__00860"",""entity_type"":""candidate"",""monomer_sha256"":""f244615d942a8a744972f08642355a8e96c31c6eb4975bac236c7002441d8351"",""protocol_core_sha256"":""8c55751f66ac2930ce115a9419321a2b2bed220b61af2e1671f7ac6e6a2e33b3"",""restraint_hash"":""cb4c825dedbb6b8ccf1510daf94ccd67c095d4743b9f9b2a3b6dc9fa7c1cda34"",""seed"":3047,""sequence_sha256"":""1e11bee85dc7bb8ceba718cb2cd71c922057b5aefea32cc87fc8dd3e2c50148d""}"	1123	TOP200_COMMON4_SEED_COMPLETION	165
CANDIDATE_P1MCPUFP__CPUFP500K_0086__00077_8x6b_s42_d7097fd0d9fd	293	candidate	P1MCPUFP__CPUFP500K_0086__00077		CANDIDATE_UNKNOWN	8x6b	42	004f47f664d39b867104507670fd100f0c7fba445d01439b241c0b45f0328cbf	26-35	53-59	98-116	27,28,29,30,31,34,35,36,37,38,56,57,58,59,63,64,65,105,106,107,108,109,110,111,112,113,114,115,116,117	inputs/candidate_monomers/P1MCPUFP__CPUFP500K_0086__00077.pdb	frozen_nbb2_archive_extract	H	411eda151672665c4f151b626f0a81146146b7999d0855bea4a8510a848764d1	inputs/normalized/8x6b_pvrig_receptor.pdb	T	L	A	UniProt_Q6DKI7	6e3411303a8196b0e07523e8d66724b2c6a9380dca7a347caa47b5632620a2a8	cb4c825dedbb6b8ccf1510daf94ccd67c095d4743b9f9b2a3b6dc9fa7c1cda34	8c55751f66ac2930ce115a9419321a2b2bed220b61af2e1671f7ac6e6a2e33b3	8c55751f66ac2930ce115a9419321a2b2bed220b61af2e1671f7ac6e6a2e33b3	d7097fd0d9fdb71ce41b1d5bf73f51c2ee78cb2bb97fb43f266d082360377c83	"{""cfg_hash"":""6e3411303a8196b0e07523e8d66724b2c6a9380dca7a347caa47b5632620a2a8"",""conformation"":""8x6b"",""entity_id"":""P1MCPUFP__CPUFP500K_0086__00077"",""entity_type"":""candidate"",""monomer_sha256"":""411eda151672665c4f151b626f0a81146146b7999d0855bea4a8510a848764d1"",""protocol_core_sha256"":""8c55751f66ac2930ce115a9419321a2b2bed220b61af2e1671f7ac6e6a2e33b3"",""restraint_hash"":""cb4c825dedbb6b8ccf1510daf94ccd67c095d4743b9f9b2a3b6dc9fa7c1cda34"",""seed"":42,""sequence_sha256"":""004f47f664d39b867104507670fd100f0c7fba445d01439b241c0b45f0328cbf""}"	2632	TOP200_COMMON4_SEED_COMPLETION	166
CANDIDATE_P1MCPUFP__CPUFP500K_0086__00077_9e6y_s42_d29eda75e2eb	294	candidate	P1MCPUFP__CPUFP500K_0086__00077		CANDIDATE_UNKNOWN	9e6y	42	004f47f664d39b867104507670fd100f0c7fba445d01439b241c0b45f0328cbf	26-35	53-59	98-116	27,28,29,30,31,34,35,36,37,38,56,57,58,59,63,64,65,105,106,107,108,109,110,111,112,113,114,115,116,117	inputs/candidate_monomers/P1MCPUFP__CPUFP500K_0086__00077.pdb	frozen_nbb2_archive_extract	H	411eda151672665c4f151b626f0a81146146b7999d0855bea4a8510a848764d1	inputs/normalized/9e6y_pvrig_receptor.pdb	T	L	A	UniProt_Q6DKI7	7b597e4976340689606e650f7a864d1c028938e4a1d0c4201b7092f53302813a	cb4c825dedbb6b8ccf1510daf94ccd67c095d4743b9f9b2a3b6dc9fa7c1cda34	8c55751f66ac2930ce115a9419321a2b2bed220b61af2e1671f7ac6e6a2e33b3	8c55751f66ac2930ce115a9419321a2b2bed220b61af2e1671f7ac6e6a2e33b3	d29eda75e2eb0d06a8881e14a6262f046e967f4d872c616c975045a3a77882ff	"{""cfg_hash"":""7b597e4976340689606e650f7a864d1c028938e4a1d0c4201b7092f53302813a"",""conformation"":""9e6y"",""entity_id"":""P1MCPUFP__CPUFP500K_0086__00077"",""entity_type"":""candidate"",""monomer_sha256"":""411eda151672665c4f151b626f0a81146146b7999d0855bea4a8510a848764d1"",""protocol_core_sha256"":""8c55751f66ac2930ce115a9419321a2b2bed220b61af2e1671f7ac6e6a2e33b3"",""restraint_hash"":""cb4c825dedbb6b8ccf1510daf94ccd67c095d4743b9f9b2a3b6dc9fa7c1cda34"",""seed"":42,""sequence_sha256"":""004f47f664d39b867104507670fd100f0c7fba445d01439b241c0b45f0328cbf""}"	2632	TOP200_COMMON4_SEED_COMPLETION	166
CANDIDATE_P1MCPUFP__CPUFP500K_0086__00077_8x6b_s3047_5df24d821042	295	candidate	P1MCPUFP__CPUFP500K_0086__00077		CANDIDATE_UNKNOWN	8x6b	3047	004f47f664d39b867104507670fd100f0c7fba445d01439b241c0b45f0328cbf	26-35	53-59	98-116	27,28,29,30,31,34,35,36,37,38,56,57,58,59,63,64,65,105,106,107,108,109,110,111,112,113,114,115,116,117	inputs/candidate_monomers/P1MCPUFP__CPUFP500K_0086__00077.pdb	frozen_nbb2_archive_extract	H	411eda151672665c4f151b626f0a81146146b7999d0855bea4a8510a848764d1	inputs/normalized/8x6b_pvrig_receptor.pdb	T	L	A	UniProt_Q6DKI7	21918201f2d7d8fd86e7fbe3003003c516ebb4de914b20d6f1f82a78554f6225	cb4c825dedbb6b8ccf1510daf94ccd67c095d4743b9f9b2a3b6dc9fa7c1cda34	8c55751f66ac2930ce115a9419321a2b2bed220b61af2e1671f7ac6e6a2e33b3	8c55751f66ac2930ce115a9419321a2b2bed220b61af2e1671f7ac6e6a2e33b3	5df24d82104289c1ba6a29c691708f7e6d94265b2a031689aa9fe74179328da0	"{""cfg_hash"":""21918201f2d7d8fd86e7fbe3003003c516ebb4de914b20d6f1f82a78554f6225"",""conformation"":""8x6b"",""entity_id"":""P1MCPUFP__CPUFP500K_0086__00077"",""entity_type"":""candidate"",""monomer_sha256"":""411eda151672665c4f151b626f0a81146146b7999d0855bea4a8510a848764d1"",""protocol_core_sha256"":""8c55751f66ac2930ce115a9419321a2b2bed220b61af2e1671f7ac6e6a2e33b3"",""restraint_hash"":""cb4c825dedbb6b8ccf1510daf94ccd67c095d4743b9f9b2a3b6dc9fa7c1cda34"",""seed"":3047,""sequence_sha256"":""004f47f664d39b867104507670fd100f0c7fba445d01439b241c0b45f0328cbf""}"	2632	TOP200_COMMON4_SEED_COMPLETION	166
CANDIDATE_P1MCPUFP__CPUFP500K_0086__00077_9e6y_s3047_7f1bfc141fea	296	candidate	P1MCPUFP__CPUFP500K_0086__00077		CANDIDATE_UNKNOWN	9e6y	3047	004f47f664d39b867104507670fd100f0c7fba445d01439b241c0b45f0328cbf	26-35	53-59	98-116	27,28,29,30,31,34,35,36,37,38,56,57,58,59,63,64,65,105,106,107,108,109,110,111,112,113,114,115,116,117	inputs/candidate_monomers/P1MCPUFP__CPUFP500K_0086__00077.pdb	frozen_nbb2_archive_extract	H	411eda151672665c4f151b626f0a81146146b7999d0855bea4a8510a848764d1	inputs/normalized/9e6y_pvrig_receptor.pdb	T	L	A	UniProt_Q6DKI7	036faa08876ef5dc8e4331507bf042bf828faae3f3cf5a5fd358a89d5fb215da	cb4c825dedbb6b8ccf1510daf94ccd67c095d4743b9f9b2a3b6dc9fa7c1cda34	8c55751f66ac2930ce115a9419321a2b2bed220b61af2e1671f7ac6e6a2e33b3	8c55751f66ac2930ce115a9419321a2b2bed220b61af2e1671f7ac6e6a2e33b3	7f1bfc141fea8f1bf8d5050b1c3b5ac97c47a3e9a71b103edf3f40a00d7697ea	"{""cfg_hash"":""036faa08876ef5dc8e4331507bf042bf828faae3f3cf5a5fd358a89d5fb215da"",""conformation"":""9e6y"",""entity_id"":""P1MCPUFP__CPUFP500K_0086__00077"",""entity_type"":""candidate"",""monomer_sha256"":""411eda151672665c4f151b626f0a81146146b7999d0855bea4a8510a848764d1"",""protocol_core_sha256"":""8c55751f66ac2930ce115a9419321a2b2bed220b61af2e1671f7ac6e6a2e33b3"",""restraint_hash"":""cb4c825dedbb6b8ccf1510daf94ccd67c095d4743b9f9b2a3b6dc9fa7c1cda34"",""seed"":3047,""sequence_sha256"":""004f47f664d39b867104507670fd100f0c7fba445d01439b241c0b45f0328cbf""}"	2632	TOP200_COMMON4_SEED_COMPLETION	166
CANDIDATE_P1MCPUFP__CPUFP500K_0087__00755_8x6b_s42_5c889900d497	297	candidate	P1MCPUFP__CPUFP500K_0087__00755		CANDIDATE_UNKNOWN	8x6b	42	018ab1bfeacea910b4b18471ed3fe58faac0e1a8a7abdcc37b79923acfad4646	26-35	53-59	98-116	27,28,29,30,31,34,35,36,37,38,56,57,58,59,63,64,65,105,106,107,108,109,110,111,112,113,114,115,116,117	inputs/candidate_monomers/P1MCPUFP__CPUFP500K_0087__00755.pdb	frozen_nbb2_archive_extract	H	29edfe22a80b1b17378399456c5cc580fc963e3c3cf0c8b8e5b40d0c78691353	inputs/normalized/8x6b_pvrig_receptor.pdb	T	L	A	UniProt_Q6DKI7	6e3411303a8196b0e07523e8d66724b2c6a9380dca7a347caa47b5632620a2a8	cb4c825dedbb6b8ccf1510daf94ccd67c095d4743b9f9b2a3b6dc9fa7c1cda34	8c55751f66ac2930ce115a9419321a2b2bed220b61af2e1671f7ac6e6a2e33b3	8c55751f66ac2930ce115a9419321a2b2bed220b61af2e1671f7ac6e6a2e33b3	5c889900d49702ea45e451f255fd426daa644b671e2010944d8fb74aeef2d785	"{""cfg_hash"":""6e3411303a8196b0e07523e8d66724b2c6a9380dca7a347caa47b5632620a2a8"",""conformation"":""8x6b"",""entity_id"":""P1MCPUFP__CPUFP500K_0087__00755"",""entity_type"":""candidate"",""monomer_sha256"":""29edfe22a80b1b17378399456c5cc580fc963e3c3cf0c8b8e5b40d0c78691353"",""protocol_core_sha256"":""8c55751f66ac2930ce115a9419321a2b2bed220b61af2e1671f7ac6e6a2e33b3"",""restraint_hash"":""cb4c825dedbb6b8ccf1510daf94ccd67c095d4743b9f9b2a3b6dc9fa7c1cda34"",""seed"":42,""sequence_sha256"":""018ab1bfeacea910b4b18471ed3fe58faac0e1a8a7abdcc37b79923acfad4646""}"	7085	TOP200_COMMON4_SEED_COMPLETION	167
CANDIDATE_P1MCPUFP__CPUFP500K_0087__00755_9e6y_s42_048f32048b17	298	candidate	P1MCPUFP__CPUFP500K_0087__00755		CANDIDATE_UNKNOWN	9e6y	42	018ab1bfeacea910b4b18471ed3fe58faac0e1a8a7abdcc37b79923acfad4646	26-35	53-59	98-116	27,28,29,30,31,34,35,36,37,38,56,57,58,59,63,64,65,105,106,107,108,109,110,111,112,113,114,115,116,117	inputs/candidate_monomers/P1MCPUFP__CPUFP500K_0087__00755.pdb	frozen_nbb2_archive_extract	H	29edfe22a80b1b17378399456c5cc580fc963e3c3cf0c8b8e5b40d0c78691353	inputs/normalized/9e6y_pvrig_receptor.pdb	T	L	A	UniProt_Q6DKI7	7b597e4976340689606e650f7a864d1c028938e4a1d0c4201b7092f53302813a	cb4c825dedbb6b8ccf1510daf94ccd67c095d4743b9f9b2a3b6dc9fa7c1cda34	8c55751f66ac2930ce115a9419321a2b2bed220b61af2e1671f7ac6e6a2e33b3	8c55751f66ac2930ce115a9419321a2b2bed220b61af2e1671f7ac6e6a2e33b3	048f32048b174f076fd46278be9500f5ffd79caed5fd2623437c126e51ec085d	"{""cfg_hash"":""7b597e4976340689606e650f7a864d1c028938e4a1d0c4201b7092f53302813a"",""conformation"":""9e6y"",""entity_id"":""P1MCPUFP__CPUFP500K_0087__00755"",""entity_type"":""candidate"",""monomer_sha256"":""29edfe22a80b1b17378399456c5cc580fc963e3c3cf0c8b8e5b40d0c78691353"",""protocol_core_sha256"":""8c55751f66ac2930ce115a9419321a2b2bed220b61af2e1671f7ac6e6a2e33b3"",""restraint_hash"":""cb4c825dedbb6b8ccf1510daf94ccd67c095d4743b9f9b2a3b6dc9fa7c1cda34"",""seed"":42,""sequence_sha256"":""018ab1bfeacea910b4b18471ed3fe58faac0e1a8a7abdcc37b79923acfad4646""}"	7085	TOP200_COMMON4_SEED_COMPLETION	167
CANDIDATE_P1MCPUFP__CPUFP500K_0087__00755_8x6b_s3047_f95c8b2736a9	299	candidate	P1MCPUFP__CPUFP500K_0087__00755		CANDIDATE_UNKNOWN	8x6b	3047	018ab1bfeacea910b4b18471ed3fe58faac0e1a8a7abdcc37b79923acfad4646	26-35	53-59	98-116	27,28,29,30,31,34,35,36,37,38,56,57,58,59,63,64,65,105,106,107,108,109,110,111,112,113,114,115,116,117	inputs/candidate_monomers/P1MCPUFP__CPUFP500K_0087__00755.pdb	frozen_nbb2_archive_extract	H	29edfe22a80b1b17378399456c5cc580fc963e3c3cf0c8b8e5b40d0c78691353	inputs/normalized/8x6b_pvrig_receptor.pdb	T	L	A	UniProt_Q6DKI7	21918201f2d7d8fd86e7fbe3003003c516ebb4de914b20d6f1f82a78554f6225	cb4c825dedbb6b8ccf1510daf94ccd67c095d4743b9f9b2a3b6dc9fa7c1cda34	8c55751f66ac2930ce115a9419321a2b2bed220b61af2e1671f7ac6e6a2e33b3	8c55751f66ac2930ce115a9419321a2b2bed220b61af2e1671f7ac6e6a2e33b3	f95c8b2736a96d185b3a6727d629a99998d0b064d384a6f94410c6198996df57	"{""cfg_hash"":""21918201f2d7d8fd86e7fbe3003003c516ebb4de914b20d6f1f82a78554f6225"",""conformation"":""8x6b"",""entity_id"":""P1MCPUFP__CPUFP500K_0087__00755"",""entity_type"":""candidate"",""monomer_sha256"":""29edfe22a80b1b17378399456c5cc580fc963e3c3cf0c8b8e5b40d0c78691353"",""protocol_core_sha256"":""8c55751f66ac2930ce115a9419321a2b2bed220b61af2e1671f7ac6e6a2e33b3"",""restraint_hash"":""cb4c825dedbb6b8ccf1510daf94ccd67c095d4743b9f9b2a3b6dc9fa7c1cda34"",""seed"":3047,""sequence_sha256"":""018ab1bfeacea910b4b18471ed3fe58faac0e1a8a7abdcc37b79923acfad4646""}"	7085	TOP200_COMMON4_SEED_COMPLETION	167
CANDIDATE_P1MCPUFP__CPUFP500K_0087__00755_9e6y_s3047_c28d74d66687	300	candidate	P1MCPUFP__CPUFP500K_0087__00755		CANDIDATE_UNKNOWN	9e6y	3047	018ab1bfeacea910b4b18471ed3fe58faac0e1a8a7abdcc37b79923acfad4646	26-35	53-59	98-116	27,28,29,30,31,34,35,36,37,38,56,57,58,59,63,64,65,105,106,107,108,109,110,111,112,113,114,115,116,117	inputs/candidate_monomers/P1MCPUFP__CPUFP500K_0087__00755.pdb	frozen_nbb2_archive_extract	H	29edfe22a80b1b17378399456c5cc580fc963e3c3cf0c8b8e5b40d0c78691353	inputs/normalized/9e6y_pvrig_receptor.pdb	T	L	A	UniProt_Q6DKI7	036faa08876ef5dc8e4331507bf042bf828faae3f3cf5a5fd358a89d5fb215da	cb4c825dedbb6b8ccf1510daf94ccd67c095d4743b9f9b2a3b6dc9fa7c1cda34	8c55751f66ac2930ce115a9419321a2b2bed220b61af2e1671f7ac6e6a2e33b3	8c55751f66ac2930ce115a9419321a2b2bed220b61af2e1671f7ac6e6a2e33b3	c28d74d666870a821524ec2633bc6043f1404e9f978b6eb10d9a29dae8ec7c90	"{""cfg_hash"":""036faa08876ef5dc8e4331507bf042bf828faae3f3cf5a5fd358a89d5fb215da"",""conformation"":""9e6y"",""entity_id"":""P1MCPUFP__CPUFP500K_0087__00755"",""entity_type"":""candidate"",""monomer_sha256"":""29edfe22a80b1b17378399456c5cc580fc963e3c3cf0c8b8e5b40d0c78691353"",""protocol_core_sha256"":""8c55751f66ac2930ce115a9419321a2b2bed220b61af2e1671f7ac6e6a2e33b3"",""restraint_hash"":""cb4c825dedbb6b8ccf1510daf94ccd67c095d4743b9f9b2a3b6dc9fa7c1cda34"",""seed"":3047,""sequence_sha256"":""018ab1bfeacea910b4b18471ed3fe58faac0e1a8a7abdcc37b79923acfad4646""}"	7085	TOP200_COMMON4_SEED_COMPLETION	167
CANDIDATE_P1MCPUFP__CPUFP500K_0030__00860_8x6b_s42_9d9f695faaf7	301	candidate	P1MCPUFP__CPUFP500K_0030__00860		CANDIDATE_UNKNOWN	8x6b	42	88e29f568a187dba44c777901bfd34035add75097b18a1fcd0da2be550e350d8	26-33	51-58	97-112	27,28,29,30,35,36,37,38,56,57,58,59,62,63,64,65,105,106,107,108,109,110,111,112,113,114,115,116,117	inputs/candidate_monomers/P1MCPUFP__CPUFP500K_0030__00860.pdb	frozen_nbb2_archive_extract	H	577319d38778f49e9b72d2b99daf6a84be382a86fbee83e274e312a741c4d974	inputs/normalized/8x6b_pvrig_receptor.pdb	T	L	A	UniProt_Q6DKI7	6e3411303a8196b0e07523e8d66724b2c6a9380dca7a347caa47b5632620a2a8	4c76f09ba6c24bc9c82a9a97a8fa1f279c4d5ce2a6d051dbf284751701c25880	8c55751f66ac2930ce115a9419321a2b2bed220b61af2e1671f7ac6e6a2e33b3	8c55751f66ac2930ce115a9419321a2b2bed220b61af2e1671f7ac6e6a2e33b3	9d9f695faaf72391b10d975f41c1c581037bc194a0206e4f50ba5dd4d6bfc06c	"{""cfg_hash"":""6e3411303a8196b0e07523e8d66724b2c6a9380dca7a347caa47b5632620a2a8"",""conformation"":""8x6b"",""entity_id"":""P1MCPUFP__CPUFP500K_0030__00860"",""entity_type"":""candidate"",""monomer_sha256"":""577319d38778f49e9b72d2b99daf6a84be382a86fbee83e274e312a741c4d974"",""protocol_core_sha256"":""8c55751f66ac2930ce115a9419321a2b2bed220b61af2e1671f7ac6e6a2e33b3"",""restraint_hash"":""4c76f09ba6c24bc9c82a9a97a8fa1f279c4d5ce2a6d051dbf284751701c25880"",""seed"":42,""sequence_sha256"":""88e29f568a187dba44c777901bfd34035add75097b18a1fcd0da2be550e350d8""}"	1259	TOP200_COMMON4_SEED_COMPLETION	168
CANDIDATE_P1MCPUFP__CPUFP500K_0030__00860_9e6y_s42_82c0fe6f8ac9	302	candidate	P1MCPUFP__CPUFP500K_0030__00860		CANDIDATE_UNKNOWN	9e6y	42	88e29f568a187dba44c777901bfd34035add75097b18a1fcd0da2be550e350d8	26-33	51-58	97-112	27,28,29,30,35,36,37,38,56,57,58,59,62,63,64,65,105,106,107,108,109,110,111,112,113,114,115,116,117	inputs/candidate_monomers/P1MCPUFP__CPUFP500K_0030__00860.pdb	frozen_nbb2_archive_extract	H	577319d38778f49e9b72d2b99daf6a84be382a86fbee83e274e312a741c4d974	inputs/normalized/9e6y_pvrig_receptor.pdb	T	L	A	UniProt_Q6DKI7	7b597e4976340689606e650f7a864d1c028938e4a1d0c4201b7092f53302813a	4c76f09ba6c24bc9c82a9a97a8fa1f279c4d5ce2a6d051dbf284751701c25880	8c55751f66ac2930ce115a9419321a2b2bed220b61af2e1671f7ac6e6a2e33b3	8c55751f66ac2930ce115a9419321a2b2bed220b61af2e1671f7ac6e6a2e33b3	82c0fe6f8ac9275b689b49e4787a8a89ad1df66006ac39854153ac9967f6de8b	"{""cfg_hash"":""7b597e4976340689606e650f7a864d1c028938e4a1d0c4201b7092f53302813a"",""conformation"":""9e6y"",""entity_id"":""P1MCPUFP__CPUFP500K_0030__00860"",""entity_type"":""candidate"",""monomer_sha256"":""577319d38778f49e9b72d2b99daf6a84be382a86fbee83e274e312a741c4d974"",""protocol_core_sha256"":""8c55751f66ac2930ce115a9419321a2b2bed220b61af2e1671f7ac6e6a2e33b3"",""restraint_hash"":""4c76f09ba6c24bc9c82a9a97a8fa1f279c4d5ce2a6d051dbf284751701c25880"",""seed"":42,""sequence_sha256"":""88e29f568a187dba44c777901bfd34035add75097b18a1fcd0da2be550e350d8""}"	1259	TOP200_COMMON4_SEED_COMPLETION	168
CANDIDATE_P1MCPUFP__CPUFP500K_0030__00860_8x6b_s3047_445516f3d933	303	candidate	P1MCPUFP__CPUFP500K_0030__00860		CANDIDATE_UNKNOWN	8x6b	3047	88e29f568a187dba44c777901bfd34035add75097b18a1fcd0da2be550e350d8	26-33	51-58	97-112	27,28,29,30,35,36,37,38,56,57,58,59,62,63,64,65,105,106,107,108,109,110,111,112,113,114,115,116,117	inputs/candidate_monomers/P1MCPUFP__CPUFP500K_0030__00860.pdb	frozen_nbb2_archive_extract	H	577319d38778f49e9b72d2b99daf6a84be382a86fbee83e274e312a741c4d974	inputs/normalized/8x6b_pvrig_receptor.pdb	T	L	A	UniProt_Q6DKI7	21918201f2d7d8fd86e7fbe3003003c516ebb4de914b20d6f1f82a78554f6225	4c76f09ba6c24bc9c82a9a97a8fa1f279c4d5ce2a6d051dbf284751701c25880	8c55751f66ac2930ce115a9419321a2b2bed220b61af2e1671f7ac6e6a2e33b3	8c55751f66ac2930ce115a9419321a2b2bed220b61af2e1671f7ac6e6a2e33b3	445516f3d9337ab877b4a867d7d1c4e61a7d4ca8c75005bcc44fdbd09ca78a1f	"{""cfg_hash"":""21918201f2d7d8fd86e7fbe3003003c516ebb4de914b20d6f1f82a78554f6225"",""conformation"":""8x6b"",""entity_id"":""P1MCPUFP__CPUFP500K_0030__00860"",""entity_type"":""candidate"",""monomer_sha256"":""577319d38778f49e9b72d2b99daf6a84be382a86fbee83e274e312a741c4d974"",""protocol_core_sha256"":""8c55751f66ac2930ce115a9419321a2b2bed220b61af2e1671f7ac6e6a2e33b3"",""restraint_hash"":""4c76f09ba6c24bc9c82a9a97a8fa1f279c4d5ce2a6d051dbf284751701c25880"",""seed"":3047,""sequence_sha256"":""88e29f568a187dba44c777901bfd34035add75097b18a1fcd0da2be550e350d8""}"	1259	TOP200_COMMON4_SEED_COMPLETION	168
CANDIDATE_P1MCPUFP__CPUFP500K_0030__00860_9e6y_s3047_bd3806460671	304	candidate	P1MCPUFP__CPUFP500K_0030__00860		CANDIDATE_UNKNOWN	9e6y	3047	88e29f568a187dba44c777901bfd34035add75097b18a1fcd0da2be550e350d8	26-33	51-58	97-112	27,28,29,30,35,36,37,38,56,57,58,59,62,63,64,65,105,106,107,108,109,110,111,112,113,114,115,116,117	inputs/candidate_monomers/P1MCPUFP__CPUFP500K_0030__00860.pdb	frozen_nbb2_archive_extract	H	577319d38778f49e9b72d2b99daf6a84be382a86fbee83e274e312a741c4d974	inputs/normalized/9e6y_pvrig_receptor.pdb	T	L	A	UniProt_Q6DKI7	036faa08876ef5dc8e4331507bf042bf828faae3f3cf5a5fd358a89d5fb215da	4c76f09ba6c24bc9c82a9a97a8fa1f279c4d5ce2a6d051dbf284751701c25880	8c55751f66ac2930ce115a9419321a2b2bed220b61af2e1671f7ac6e6a2e33b3	8c55751f66ac2930ce115a9419321a2b2bed220b61af2e1671f7ac6e6a2e33b3	bd3806460671e54899d2b950239fc49bd10fe362d13ea250123b2e379ce84da2	"{""cfg_hash"":""036faa08876ef5dc8e4331507bf042bf828faae3f3cf5a5fd358a89d5fb215da"",""conformation"":""9e6y"",""entity_id"":""P1MCPUFP__CPUFP500K_0030__00860"",""entity_type"":""candidate"",""monomer_sha256"":""577319d38778f49e9b72d2b99daf6a84be382a86fbee83e274e312a741c4d974"",""protocol_core_sha256"":""8c55751f66ac2930ce115a9419321a2b2bed220b61af2e1671f7ac6e6a2e33b3"",""restraint_hash"":""4c76f09ba6c24bc9c82a9a97a8fa1f279c4d5ce2a6d051dbf284751701c25880"",""seed"":3047,""sequence_sha256"":""88e29f568a187dba44c777901bfd34035add75097b18a1fcd0da2be550e350d8""}"	1259	TOP200_COMMON4_SEED_COMPLETION	168
CANDIDATE_P1MCPUFP__CPUFP500K_0284__00666_8x6b_s42_43286bd756b8	305	candidate	P1MCPUFP__CPUFP500K_0284__00666		CANDIDATE_UNKNOWN	8x6b	42	91b2f2a070c6a6bcedc83d1b71166f5dd29ee0ac9fad25716164bd3d779f1a7c	26-35	53-59	98-116	27,28,29,30,31,34,35,36,37,38,56,57,58,59,63,64,65,105,106,107,108,109,110,111,112,113,114,115,116,117	inputs/candidate_monomers/P1MCPUFP__CPUFP500K_0284__00666.pdb	frozen_nbb2_archive_extract	H	441756c5c4a278cc2260cf30eedc358beeaf563c3d4fbd425405294e4a9e8baf	inputs/normalized/8x6b_pvrig_receptor.pdb	T	L	A	UniProt_Q6DKI7	6e3411303a8196b0e07523e8d66724b2c6a9380dca7a347caa47b5632620a2a8	cb4c825dedbb6b8ccf1510daf94ccd67c095d4743b9f9b2a3b6dc9fa7c1cda34	8c55751f66ac2930ce115a9419321a2b2bed220b61af2e1671f7ac6e6a2e33b3	8c55751f66ac2930ce115a9419321a2b2bed220b61af2e1671f7ac6e6a2e33b3	43286bd756b8ff26bab6fc6e30c4599e2113405ed5d1a247ee596efda6f43195	"{""cfg_hash"":""6e3411303a8196b0e07523e8d66724b2c6a9380dca7a347caa47b5632620a2a8"",""conformation"":""8x6b"",""entity_id"":""P1MCPUFP__CPUFP500K_0284__00666"",""entity_type"":""candidate"",""monomer_sha256"":""441756c5c4a278cc2260cf30eedc358beeaf563c3d4fbd425405294e4a9e8baf"",""protocol_core_sha256"":""8c55751f66ac2930ce115a9419321a2b2bed220b61af2e1671f7ac6e6a2e33b3"",""restraint_hash"":""cb4c825dedbb6b8ccf1510daf94ccd67c095d4743b9f9b2a3b6dc9fa7c1cda34"",""seed"":42,""sequence_sha256"":""91b2f2a070c6a6bcedc83d1b71166f5dd29ee0ac9fad25716164bd3d779f1a7c""}"	714	TOP200_COMMON4_SEED_COMPLETION	169
CANDIDATE_P1MCPUFP__CPUFP500K_0284__00666_9e6y_s42_f5171ea2c3c8	306	candidate	P1MCPUFP__CPUFP500K_0284__00666		CANDIDATE_UNKNOWN	9e6y	42	91b2f2a070c6a6bcedc83d1b71166f5dd29ee0ac9fad25716164bd3d779f1a7c	26-35	53-59	98-116	27,28,29,30,31,34,35,36,37,38,56,57,58,59,63,64,65,105,106,107,108,109,110,111,112,113,114,115,116,117	inputs/candidate_monomers/P1MCPUFP__CPUFP500K_0284__00666.pdb	frozen_nbb2_archive_extract	H	441756c5c4a278cc2260cf30eedc358beeaf563c3d4fbd425405294e4a9e8baf	inputs/normalized/9e6y_pvrig_receptor.pdb	T	L	A	UniProt_Q6DKI7	7b597e4976340689606e650f7a864d1c028938e4a1d0c4201b7092f53302813a	cb4c825dedbb6b8ccf1510daf94ccd67c095d4743b9f9b2a3b6dc9fa7c1cda34	8c55751f66ac2930ce115a9419321a2b2bed220b61af2e1671f7ac6e6a2e33b3	8c55751f66ac2930ce115a9419321a2b2bed220b61af2e1671f7ac6e6a2e33b3	f5171ea2c3c884fb28d491ad2f3dd636b45c232236ffc0ffbb3c1dd5ade1ae10	"{""cfg_hash"":""7b597e4976340689606e650f7a864d1c028938e4a1d0c4201b7092f53302813a"",""conformation"":""9e6y"",""entity_id"":""P1MCPUFP__CPUFP500K_0284__00666"",""entity_type"":""candidate"",""monomer_sha256"":""441756c5c4a278cc2260cf30eedc358beeaf563c3d4fbd425405294e4a9e8baf"",""protocol_core_sha256"":""8c55751f66ac2930ce115a9419321a2b2bed220b61af2e1671f7ac6e6a2e33b3"",""restraint_hash"":""cb4c825dedbb6b8ccf1510daf94ccd67c095d4743b9f9b2a3b6dc9fa7c1cda34"",""seed"":42,""sequence_sha256"":""91b2f2a070c6a6bcedc83d1b71166f5dd29ee0ac9fad25716164bd3d779f1a7c""}"	714	TOP200_COMMON4_SEED_COMPLETION	169
CANDIDATE_P1MCPUFP__CPUFP500K_0284__00666_8x6b_s3047_a26ecf084679	307	candidate	P1MCPUFP__CPUFP500K_0284__00666		CANDIDATE_UNKNOWN	8x6b	3047	91b2f2a070c6a6bcedc83d1b71166f5dd29ee0ac9fad25716164bd3d779f1a7c	26-35	53-59	98-116	27,28,29,30,31,34,35,36,37,38,56,57,58,59,63,64,65,105,106,107,108,109,110,111,112,113,114,115,116,117	inputs/candidate_monomers/P1MCPUFP__CPUFP500K_0284__00666.pdb	frozen_nbb2_archive_extract	H	441756c5c4a278cc2260cf30eedc358beeaf563c3d4fbd425405294e4a9e8baf	inputs/normalized/8x6b_pvrig_receptor.pdb	T	L	A	UniProt_Q6DKI7	21918201f2d7d8fd86e7fbe3003003c516ebb4de914b20d6f1f82a78554f6225	cb4c825dedbb6b8ccf1510daf94ccd67c095d4743b9f9b2a3b6dc9fa7c1cda34	8c55751f66ac2930ce115a9419321a2b2bed220b61af2e1671f7ac6e6a2e33b3	8c55751f66ac2930ce115a9419321a2b2bed220b61af2e1671f7ac6e6a2e33b3	a26ecf084679d8520a5eaf335f90a0dd84a6f7159aa6fe6e74b9c7f7ca0d5be1	"{""cfg_hash"":""21918201f2d7d8fd86e7fbe3003003c516ebb4de914b20d6f1f82a78554f6225"",""conformation"":""8x6b"",""entity_id"":""P1MCPUFP__CPUFP500K_0284__00666"",""entity_type"":""candidate"",""monomer_sha256"":""441756c5c4a278cc2260cf30eedc358beeaf563c3d4fbd425405294e4a9e8baf"",""protocol_core_sha256"":""8c55751f66ac2930ce115a9419321a2b2bed220b61af2e1671f7ac6e6a2e33b3"",""restraint_hash"":""cb4c825dedbb6b8ccf1510daf94ccd67c095d4743b9f9b2a3b6dc9fa7c1cda34"",""seed"":3047,""sequence_sha256"":""91b2f2a070c6a6bcedc83d1b71166f5dd29ee0ac9fad25716164bd3d779f1a7c""}"	714	TOP200_COMMON4_SEED_COMPLETION	169
CANDIDATE_P1MCPUFP__CPUFP500K_0284__00666_9e6y_s3047_6dd6fdf55328	308	candidate	P1MCPUFP__CPUFP500K_0284__00666		CANDIDATE_UNKNOWN	9e6y	3047	91b2f2a070c6a6bcedc83d1b71166f5dd29ee0ac9fad25716164bd3d779f1a7c	26-35	53-59	98-116	27,28,29,30,31,34,35,36,37,38,56,57,58,59,63,64,65,105,106,107,108,109,110,111,112,113,114,115,116,117	inputs/candidate_monomers/P1MCPUFP__CPUFP500K_0284__00666.pdb	frozen_nbb2_archive_extract	H	441756c5c4a278cc2260cf30eedc358beeaf563c3d4fbd425405294e4a9e8baf	inputs/normalized/9e6y_pvrig_receptor.pdb	T	L	A	UniProt_Q6DKI7	036faa08876ef5dc8e4331507bf042bf828faae3f3cf5a5fd358a89d5fb215da	cb4c825dedbb6b8ccf1510daf94ccd67c095d4743b9f9b2a3b6dc9fa7c1cda34	8c55751f66ac2930ce115a9419321a2b2bed220b61af2e1671f7ac6e6a2e33b3	8c55751f66ac2930ce115a9419321a2b2bed220b61af2e1671f7ac6e6a2e33b3	6dd6fdf55328d2bdcdce3f154072b36b93505cbaa5dba11fdb0eae8ed09e9b29	"{""cfg_hash"":""036faa08876ef5dc8e4331507bf042bf828faae3f3cf5a5fd358a89d5fb215da"",""conformation"":""9e6y"",""entity_id"":""P1MCPUFP__CPUFP500K_0284__00666"",""entity_type"":""candidate"",""monomer_sha256"":""441756c5c4a278cc2260cf30eedc358beeaf563c3d4fbd425405294e4a9e8baf"",""protocol_core_sha256"":""8c55751f66ac2930ce115a9419321a2b2bed220b61af2e1671f7ac6e6a2e33b3"",""restraint_hash"":""cb4c825dedbb6b8ccf1510daf94ccd67c095d4743b9f9b2a3b6dc9fa7c1cda34"",""seed"":3047,""sequence_sha256"":""91b2f2a070c6a6bcedc83d1b71166f5dd29ee0ac9fad25716164bd3d779f1a7c""}"	714	TOP200_COMMON4_SEED_COMPLETION	169
CANDIDATE_P1MCPUFP__CPUFP500K_0288__00637_8x6b_s42_cedc1caa5f4d	309	candidate	P1MCPUFP__CPUFP500K_0288__00637		CANDIDATE_UNKNOWN	8x6b	42	fd89afe4ae82fe77121e130936101a9294273ac8bcd20a744c80cd8c8a8c56ec	26-35	53-59	98-116	27,28,29,30,31,34,35,36,37,38,56,57,58,59,63,64,65,105,106,107,108,109,110,111,112,113,114,115,116,117	inputs/candidate_monomers/P1MCPUFP__CPUFP500K_0288__00637.pdb	frozen_nbb2_archive_extract	H	5c5ecaa96c2652e17d933c597bb1c38a3bc151c301429879d67e04e0e22c820e	inputs/normalized/8x6b_pvrig_receptor.pdb	T	L	A	UniProt_Q6DKI7	6e3411303a8196b0e07523e8d66724b2c6a9380dca7a347caa47b5632620a2a8	cb4c825dedbb6b8ccf1510daf94ccd67c095d4743b9f9b2a3b6dc9fa7c1cda34	8c55751f66ac2930ce115a9419321a2b2bed220b61af2e1671f7ac6e6a2e33b3	8c55751f66ac2930ce115a9419321a2b2bed220b61af2e1671f7ac6e6a2e33b3	cedc1caa5f4de107de01df7210fad6f104525ded31754f2374aa4f6dfa0c1bd3	"{""cfg_hash"":""6e3411303a8196b0e07523e8d66724b2c6a9380dca7a347caa47b5632620a2a8"",""conformation"":""8x6b"",""entity_id"":""P1MCPUFP__CPUFP500K_0288__00637"",""entity_type"":""candidate"",""monomer_sha256"":""5c5ecaa96c2652e17d933c597bb1c38a3bc151c301429879d67e04e0e22c820e"",""protocol_core_sha256"":""8c55751f66ac2930ce115a9419321a2b2bed220b61af2e1671f7ac6e6a2e33b3"",""restraint_hash"":""cb4c825dedbb6b8ccf1510daf94ccd67c095d4743b9f9b2a3b6dc9fa7c1cda34"",""seed"":42,""sequence_sha256"":""fd89afe4ae82fe77121e130936101a9294273ac8bcd20a744c80cd8c8a8c56ec""}"	1383	TOP200_COMMON4_SEED_COMPLETION	170
CANDIDATE_P1MCPUFP__CPUFP500K_0288__00637_9e6y_s42_1276272ddb66	310	candidate	P1MCPUFP__CPUFP500K_0288__00637		CANDIDATE_UNKNOWN	9e6y	42	fd89afe4ae82fe77121e130936101a9294273ac8bcd20a744c80cd8c8a8c56ec	26-35	53-59	98-116	27,28,29,30,31,34,35,36,37,38,56,57,58,59,63,64,65,105,106,107,108,109,110,111,112,113,114,115,116,117	inputs/candidate_monomers/P1MCPUFP__CPUFP500K_0288__00637.pdb	frozen_nbb2_archive_extract	H	5c5ecaa96c2652e17d933c597bb1c38a3bc151c301429879d67e04e0e22c820e	inputs/normalized/9e6y_pvrig_receptor.pdb	T	L	A	UniProt_Q6DKI7	7b597e4976340689606e650f7a864d1c028938e4a1d0c4201b7092f53302813a	cb4c825dedbb6b8ccf1510daf94ccd67c095d4743b9f9b2a3b6dc9fa7c1cda34	8c55751f66ac2930ce115a9419321a2b2bed220b61af2e1671f7ac6e6a2e33b3	8c55751f66ac2930ce115a9419321a2b2bed220b61af2e1671f7ac6e6a2e33b3	1276272ddb66eb8bf2789849833df3ce51e3c3d9231fc0a7588aa68aa1f05278	"{""cfg_hash"":""7b597e4976340689606e650f7a864d1c028938e4a1d0c4201b7092f53302813a"",""conformation"":""9e6y"",""entity_id"":""P1MCPUFP__CPUFP500K_0288__00637"",""entity_type"":""candidate"",""monomer_sha256"":""5c5ecaa96c2652e17d933c597bb1c38a3bc151c301429879d67e04e0e22c820e"",""protocol_core_sha256"":""8c55751f66ac2930ce115a9419321a2b2bed220b61af2e1671f7ac6e6a2e33b3"",""restraint_hash"":""cb4c825dedbb6b8ccf1510daf94ccd67c095d4743b9f9b2a3b6dc9fa7c1cda34"",""seed"":42,""sequence_sha256"":""fd89afe4ae82fe77121e130936101a9294273ac8bcd20a744c80cd8c8a8c56ec""}"	1383	TOP200_COMMON4_SEED_COMPLETION	170
CANDIDATE_P1MCPUFP__CPUFP500K_0288__00637_8x6b_s3047_64f5855790e8	311	candidate	P1MCPUFP__CPUFP500K_0288__00637		CANDIDATE_UNKNOWN	8x6b	3047	fd89afe4ae82fe77121e130936101a9294273ac8bcd20a744c80cd8c8a8c56ec	26-35	53-59	98-116	27,28,29,30,31,34,35,36,37,38,56,57,58,59,63,64,65,105,106,107,108,109,110,111,112,113,114,115,116,117	inputs/candidate_monomers/P1MCPUFP__CPUFP500K_0288__00637.pdb	frozen_nbb2_archive_extract	H	5c5ecaa96c2652e17d933c597bb1c38a3bc151c301429879d67e04e0e22c820e	inputs/normalized/8x6b_pvrig_receptor.pdb	T	L	A	UniProt_Q6DKI7	21918201f2d7d8fd86e7fbe3003003c516ebb4de914b20d6f1f82a78554f6225	cb4c825dedbb6b8ccf1510daf94ccd67c095d4743b9f9b2a3b6dc9fa7c1cda34	8c55751f66ac2930ce115a9419321a2b2bed220b61af2e1671f7ac6e6a2e33b3	8c55751f66ac2930ce115a9419321a2b2bed220b61af2e1671f7ac6e6a2e33b3	64f5855790e811a5aee4c8403544cd1875124dc37102cb170a7fdc0d2a4fdca5	"{""cfg_hash"":""21918201f2d7d8fd86e7fbe3003003c516ebb4de914b20d6f1f82a78554f6225"",""conformation"":""8x6b"",""entity_id"":""P1MCPUFP__CPUFP500K_0288__00637"",""entity_type"":""candidate"",""monomer_sha256"":""5c5ecaa96c2652e17d933c597bb1c38a3bc151c301429879d67e04e0e22c820e"",""protocol_core_sha256"":""8c55751f66ac2930ce115a9419321a2b2bed220b61af2e1671f7ac6e6a2e33b3"",""restraint_hash"":""cb4c825dedbb6b8ccf1510daf94ccd67c095d4743b9f9b2a3b6dc9fa7c1cda34"",""seed"":3047,""sequence_sha256"":""fd89afe4ae82fe77121e130936101a9294273ac8bcd20a744c80cd8c8a8c56ec""}"	1383	TOP200_COMMON4_SEED_COMPLETION	170
CANDIDATE_P1MCPUFP__CPUFP500K_0288__00637_9e6y_s3047_a13281821638	312	candidate	P1MCPUFP__CPUFP500K_0288__00637		CANDIDATE_UNKNOWN	9e6y	3047	fd89afe4ae82fe77121e130936101a9294273ac8bcd20a744c80cd8c8a8c56ec	26-35	53-59	98-116	27,28,29,30,31,34,35,36,37,38,56,57,58,59,63,64,65,105,106,107,108,109,110,111,112,113,114,115,116,117	inputs/candidate_monomers/P1MCPUFP__CPUFP500K_0288__00637.pdb	frozen_nbb2_archive_extract	H	5c5ecaa96c2652e17d933c597bb1c38a3bc151c301429879d67e04e0e22c820e	inputs/normalized/9e6y_pvrig_receptor.pdb	T	L	A	UniProt_Q6DKI7	036faa08876ef5dc8e4331507bf042bf828faae3f3cf5a5fd358a89d5fb215da	cb4c825dedbb6b8ccf1510daf94ccd67c095d4743b9f9b2a3b6dc9fa7c1cda34	8c55751f66ac2930ce115a9419321a2b2bed220b61af2e1671f7ac6e6a2e33b3	8c55751f66ac2930ce115a9419321a2b2bed220b61af2e1671f7ac6e6a2e33b3	a1328182163807cfc0c16efdbbda866296cb2dc179a15dc27f5ef7cf7662f92a	"{""cfg_hash"":""036faa08876ef5dc8e4331507bf042bf828faae3f3cf5a5fd358a89d5fb215da"",""conformation"":""9e6y"",""entity_id"":""P1MCPUFP__CPUFP500K_0288__00637"",""entity_type"":""candidate"",""monomer_sha256"":""5c5ecaa96c2652e17d933c597bb1c38a3bc151c301429879d67e04e0e22c820e"",""protocol_core_sha256"":""8c55751f66ac2930ce115a9419321a2b2bed220b61af2e1671f7ac6e6a2e33b3"",""restraint_hash"":""cb4c825dedbb6b8ccf1510daf94ccd67c095d4743b9f9b2a3b6dc9fa7c1cda34"",""seed"":3047,""sequence_sha256"":""fd89afe4ae82fe77121e130936101a9294273ac8bcd20a744c80cd8c8a8c56ec""}"	1383	TOP200_COMMON4_SEED_COMPLETION	170
CANDIDATE_P1MCPUFP__CPUFP500K_0188__00645_8x6b_s42_651eba5ab010	313	candidate	P1MCPUFP__CPUFP500K_0188__00645		CANDIDATE_UNKNOWN	8x6b	42	86fcb5c116bda13b5a1f364bcbe870b88bb219941650b45953ac46e3a4c6b7de	26-35	53-59	98-116	27,28,29,30,31,34,35,36,37,38,56,57,58,59,63,64,65,105,106,107,108,109,110,111,112,113,114,115,116,117	inputs/candidate_monomers/P1MCPUFP__CPUFP500K_0188__00645.pdb	frozen_nbb2_archive_extract	H	ac103ef214d8332e997727d6548503b759303a41256a2ad5f8bf70d9091287df	inputs/normalized/8x6b_pvrig_receptor.pdb	T	L	A	UniProt_Q6DKI7	6e3411303a8196b0e07523e8d66724b2c6a9380dca7a347caa47b5632620a2a8	cb4c825dedbb6b8ccf1510daf94ccd67c095d4743b9f9b2a3b6dc9fa7c1cda34	8c55751f66ac2930ce115a9419321a2b2bed220b61af2e1671f7ac6e6a2e33b3	8c55751f66ac2930ce115a9419321a2b2bed220b61af2e1671f7ac6e6a2e33b3	651eba5ab0102824bba18af8757eb70ad6fe556771f30248ae709b81d6cb6ef7	"{""cfg_hash"":""6e3411303a8196b0e07523e8d66724b2c6a9380dca7a347caa47b5632620a2a8"",""conformation"":""8x6b"",""entity_id"":""P1MCPUFP__CPUFP500K_0188__00645"",""entity_type"":""candidate"",""monomer_sha256"":""ac103ef214d8332e997727d6548503b759303a41256a2ad5f8bf70d9091287df"",""protocol_core_sha256"":""8c55751f66ac2930ce115a9419321a2b2bed220b61af2e1671f7ac6e6a2e33b3"",""restraint_hash"":""cb4c825dedbb6b8ccf1510daf94ccd67c095d4743b9f9b2a3b6dc9fa7c1cda34"",""seed"":42,""sequence_sha256"":""86fcb5c116bda13b5a1f364bcbe870b88bb219941650b45953ac46e3a4c6b7de""}"	5233	TOP200_COMMON4_SEED_COMPLETION	171
CANDIDATE_P1MCPUFP__CPUFP500K_0188__00645_9e6y_s42_ee5ebc3dc910	314	candidate	P1MCPUFP__CPUFP500K_0188__00645		CANDIDATE_UNKNOWN	9e6y	42	86fcb5c116bda13b5a1f364bcbe870b88bb219941650b45953ac46e3a4c6b7de	26-35	53-59	98-116	27,28,29,30,31,34,35,36,37,38,56,57,58,59,63,64,65,105,106,107,108,109,110,111,112,113,114,115,116,117	inputs/candidate_monomers/P1MCPUFP__CPUFP500K_0188__00645.pdb	frozen_nbb2_archive_extract	H	ac103ef214d8332e997727d6548503b759303a41256a2ad5f8bf70d9091287df	inputs/normalized/9e6y_pvrig_receptor.pdb	T	L	A	UniProt_Q6DKI7	7b597e4976340689606e650f7a864d1c028938e4a1d0c4201b7092f53302813a	cb4c825dedbb6b8ccf1510daf94ccd67c095d4743b9f9b2a3b6dc9fa7c1cda34	8c55751f66ac2930ce115a9419321a2b2bed220b61af2e1671f7ac6e6a2e33b3	8c55751f66ac2930ce115a9419321a2b2bed220b61af2e1671f7ac6e6a2e33b3	ee5ebc3dc910021fad15e3639576745943ad0a59c4a432c7312f194b278851c8	"{""cfg_hash"":""7b597e4976340689606e650f7a864d1c028938e4a1d0c4201b7092f53302813a"",""conformation"":""9e6y"",""entity_id"":""P1MCPUFP__CPUFP500K_0188__00645"",""entity_type"":""candidate"",""monomer_sha256"":""ac103ef214d8332e997727d6548503b759303a41256a2ad5f8bf70d9091287df"",""protocol_core_sha256"":""8c55751f66ac2930ce115a9419321a2b2bed220b61af2e1671f7ac6e6a2e33b3"",""restraint_hash"":""cb4c825dedbb6b8ccf1510daf94ccd67c095d4743b9f9b2a3b6dc9fa7c1cda34"",""seed"":42,""sequence_sha256"":""86fcb5c116bda13b5a1f364bcbe870b88bb219941650b45953ac46e3a4c6b7de""}"	5233	TOP200_COMMON4_SEED_COMPLETION	171
CANDIDATE_P1MCPUFP__CPUFP500K_0188__00645_8x6b_s3047_6fff69ffad7b	315	candidate	P1MCPUFP__CPUFP500K_0188__00645		CANDIDATE_UNKNOWN	8x6b	3047	86fcb5c116bda13b5a1f364bcbe870b88bb219941650b45953ac46e3a4c6b7de	26-35	53-59	98-116	27,28,29,30,31,34,35,36,37,38,56,57,58,59,63,64,65,105,106,107,108,109,110,111,112,113,114,115,116,117	inputs/candidate_monomers/P1MCPUFP__CPUFP500K_0188__00645.pdb	frozen_nbb2_archive_extract	H	ac103ef214d8332e997727d6548503b759303a41256a2ad5f8bf70d9091287df	inputs/normalized/8x6b_pvrig_receptor.pdb	T	L	A	UniProt_Q6DKI7	21918201f2d7d8fd86e7fbe3003003c516ebb4de914b20d6f1f82a78554f6225	cb4c825dedbb6b8ccf1510daf94ccd67c095d4743b9f9b2a3b6dc9fa7c1cda34	8c55751f66ac2930ce115a9419321a2b2bed220b61af2e1671f7ac6e6a2e33b3	8c55751f66ac2930ce115a9419321a2b2bed220b61af2e1671f7ac6e6a2e33b3	6fff69ffad7bb64ef3eebc02d0e6b9c2d60443247a7caf355c9030f6381fa2d4	"{""cfg_hash"":""21918201f2d7d8fd86e7fbe3003003c516ebb4de914b20d6f1f82a78554f6225"",""conformation"":""8x6b"",""entity_id"":""P1MCPUFP__CPUFP500K_0188__00645"",""entity_type"":""candidate"",""monomer_sha256"":""ac103ef214d8332e997727d6548503b759303a41256a2ad5f8bf70d9091287df"",""protocol_core_sha256"":""8c55751f66ac2930ce115a9419321a2b2bed220b61af2e1671f7ac6e6a2e33b3"",""restraint_hash"":""cb4c825dedbb6b8ccf1510daf94ccd67c095d4743b9f9b2a3b6dc9fa7c1cda34"",""seed"":3047,""sequence_sha256"":""86fcb5c116bda13b5a1f364bcbe870b88bb219941650b45953ac46e3a4c6b7de""}"	5233	TOP200_COMMON4_SEED_COMPLETION	171
CANDIDATE_P1MCPUFP__CPUFP500K_0188__00645_9e6y_s3047_5645fad53dd1	316	candidate	P1MCPUFP__CPUFP500K_0188__00645		CANDIDATE_UNKNOWN	9e6y	3047	86fcb5c116bda13b5a1f364bcbe870b88bb219941650b45953ac46e3a4c6b7de	26-35	53-59	98-116	27,28,29,30,31,34,35,36,37,38,56,57,58,59,63,64,65,105,106,107,108,109,110,111,112,113,114,115,116,117	inputs/candidate_monomers/P1MCPUFP__CPUFP500K_0188__00645.pdb	frozen_nbb2_archive_extract	H	ac103ef214d8332e997727d6548503b759303a41256a2ad5f8bf70d9091287df	inputs/normalized/9e6y_pvrig_receptor.pdb	T	L	A	UniProt_Q6DKI7	036faa08876ef5dc8e4331507bf042bf828faae3f3cf5a5fd358a89d5fb215da	cb4c825dedbb6b8ccf1510daf94ccd67c095d4743b9f9b2a3b6dc9fa7c1cda34	8c55751f66ac2930ce115a9419321a2b2bed220b61af2e1671f7ac6e6a2e33b3	8c55751f66ac2930ce115a9419321a2b2bed220b61af2e1671f7ac6e6a2e33b3	5645fad53dd1944af63e131d0eced9c3c8af7fda54d133939e458c33637ef75d	"{""cfg_hash"":""036faa08876ef5dc8e4331507bf042bf828faae3f3cf5a5fd358a89d5fb215da"",""conformation"":""9e6y"",""entity_id"":""P1MCPUFP__CPUFP500K_0188__00645"",""entity_type"":""candidate"",""monomer_sha256"":""ac103ef214d8332e997727d6548503b759303a41256a2ad5f8bf70d9091287df"",""protocol_core_sha256"":""8c55751f66ac2930ce115a9419321a2b2bed220b61af2e1671f7ac6e6a2e33b3"",""restraint_hash"":""cb4c825dedbb6b8ccf1510daf94ccd67c095d4743b9f9b2a3b6dc9fa7c1cda34"",""seed"":3047,""sequence_sha256"":""86fcb5c116bda13b5a1f364bcbe870b88bb219941650b45953ac46e3a4c6b7de""}"	5233	TOP200_COMMON4_SEED_COMPLETION	171
CANDIDATE_P1MCPUFP__CPUFP500K_0287__00280_8x6b_s42_160bbff6907e	317	candidate	P1MCPUFP__CPUFP500K_0287__00280		CANDIDATE_UNKNOWN	8x6b	42	b059e74e13daa6e095aa675ee23d6e04399ff7cfe7c073c0ce1c18c79216ee4e	26-35	53-59	98-116	27,28,29,30,31,34,35,36,37,38,56,57,58,59,63,64,65,105,106,107,108,109,110,111,112,113,114,115,116,117	inputs/candidate_monomers/P1MCPUFP__CPUFP500K_0287__00280.pdb	frozen_nbb2_archive_extract	H	f67455d90dbd36976d50069f1050455b68b85a721deeaacc173a947054a06ca0	inputs/normalized/8x6b_pvrig_receptor.pdb	T	L	A	UniProt_Q6DKI7	6e3411303a8196b0e07523e8d66724b2c6a9380dca7a347caa47b5632620a2a8	cb4c825dedbb6b8ccf1510daf94ccd67c095d4743b9f9b2a3b6dc9fa7c1cda34	8c55751f66ac2930ce115a9419321a2b2bed220b61af2e1671f7ac6e6a2e33b3	8c55751f66ac2930ce115a9419321a2b2bed220b61af2e1671f7ac6e6a2e33b3	160bbff6907eb9a792b40d1aabae6987c72962a5f0f70ffc9c93ae3dd53139f4	"{""cfg_hash"":""6e3411303a8196b0e07523e8d66724b2c6a9380dca7a347caa47b5632620a2a8"",""conformation"":""8x6b"",""entity_id"":""P1MCPUFP__CPUFP500K_0287__00280"",""entity_type"":""candidate"",""monomer_sha256"":""f67455d90dbd36976d50069f1050455b68b85a721deeaacc173a947054a06ca0"",""protocol_core_sha256"":""8c55751f66ac2930ce115a9419321a2b2bed220b61af2e1671f7ac6e6a2e33b3"",""restraint_hash"":""cb4c825dedbb6b8ccf1510daf94ccd67c095d4743b9f9b2a3b6dc9fa7c1cda34"",""seed"":42,""sequence_sha256"":""b059e74e13daa6e095aa675ee23d6e04399ff7cfe7c073c0ce1c18c79216ee4e""}"	2175	TOP200_COMMON4_SEED_COMPLETION	172
CANDIDATE_P1MCPUFP__CPUFP500K_0287__00280_9e6y_s42_e11d0e8547f9	318	candidate	P1MCPUFP__CPUFP500K_0287__00280		CANDIDATE_UNKNOWN	9e6y	42	b059e74e13daa6e095aa675ee23d6e04399ff7cfe7c073c0ce1c18c79216ee4e	26-35	53-59	98-116	27,28,29,30,31,34,35,36,37,38,56,57,58,59,63,64,65,105,106,107,108,109,110,111,112,113,114,115,116,117	inputs/candidate_monomers/P1MCPUFP__CPUFP500K_0287__00280.pdb	frozen_nbb2_archive_extract	H	f67455d90dbd36976d50069f1050455b68b85a721deeaacc173a947054a06ca0	inputs/normalized/9e6y_pvrig_receptor.pdb	T	L	A	UniProt_Q6DKI7	7b597e4976340689606e650f7a864d1c028938e4a1d0c4201b7092f53302813a	cb4c825dedbb6b8ccf1510daf94ccd67c095d4743b9f9b2a3b6dc9fa7c1cda34	8c55751f66ac2930ce115a9419321a2b2bed220b61af2e1671f7ac6e6a2e33b3	8c55751f66ac2930ce115a9419321a2b2bed220b61af2e1671f7ac6e6a2e33b3	e11d0e8547f933bb604d2cbcd153f46b52eb36df74740e37bbfe94ada9d9f620	"{""cfg_hash"":""7b597e4976340689606e650f7a864d1c028938e4a1d0c4201b7092f53302813a"",""conformation"":""9e6y"",""entity_id"":""P1MCPUFP__CPUFP500K_0287__00280"",""entity_type"":""candidate"",""monomer_sha256"":""f67455d90dbd36976d50069f1050455b68b85a721deeaacc173a947054a06ca0"",""protocol_core_sha256"":""8c55751f66ac2930ce115a9419321a2b2bed220b61af2e1671f7ac6e6a2e33b3"",""restraint_hash"":""cb4c825dedbb6b8ccf1510daf94ccd67c095d4743b9f9b2a3b6dc9fa7c1cda34"",""seed"":42,""sequence_sha256"":""b059e74e13daa6e095aa675ee23d6e04399ff7cfe7c073c0ce1c18c79216ee4e""}"	2175	TOP200_COMMON4_SEED_COMPLETION	172
CANDIDATE_P1MCPUFP__CPUFP500K_0287__00280_8x6b_s3047_19c44a349eb1	319	candidate	P1MCPUFP__CPUFP500K_0287__00280		CANDIDATE_UNKNOWN	8x6b	3047	b059e74e13daa6e095aa675ee23d6e04399ff7cfe7c073c0ce1c18c79216ee4e	26-35	53-59	98-116	27,28,29,30,31,34,35,36,37,38,56,57,58,59,63,64,65,105,106,107,108,109,110,111,112,113,114,115,116,117	inputs/candidate_monomers/P1MCPUFP__CPUFP500K_0287__00280.pdb	frozen_nbb2_archive_extract	H	f67455d90dbd36976d50069f1050455b68b85a721deeaacc173a947054a06ca0	inputs/normalized/8x6b_pvrig_receptor.pdb	T	L	A	UniProt_Q6DKI7	21918201f2d7d8fd86e7fbe3003003c516ebb4de914b20d6f1f82a78554f6225	cb4c825dedbb6b8ccf1510daf94ccd67c095d4743b9f9b2a3b6dc9fa7c1cda34	8c55751f66ac2930ce115a9419321a2b2bed220b61af2e1671f7ac6e6a2e33b3	8c55751f66ac2930ce115a9419321a2b2bed220b61af2e1671f7ac6e6a2e33b3	19c44a349eb1de190c9ff612178a61c4232762d5a3845171a647538c1a72c362	"{""cfg_hash"":""21918201f2d7d8fd86e7fbe3003003c516ebb4de914b20d6f1f82a78554f6225"",""conformation"":""8x6b"",""entity_id"":""P1MCPUFP__CPUFP500K_0287__00280"",""entity_type"":""candidate"",""monomer_sha256"":""f67455d90dbd36976d50069f1050455b68b85a721deeaacc173a947054a06ca0"",""protocol_core_sha256"":""8c55751f66ac2930ce115a9419321a2b2bed220b61af2e1671f7ac6e6a2e33b3"",""restraint_hash"":""cb4c825dedbb6b8ccf1510daf94ccd67c095d4743b9f9b2a3b6dc9fa7c1cda34"",""seed"":3047,""sequence_sha256"":""b059e74e13daa6e095aa675ee23d6e04399ff7cfe7c073c0ce1c18c79216ee4e""}"	2175	TOP200_COMMON4_SEED_COMPLETION	172
CANDIDATE_P1MCPUFP__CPUFP500K_0287__00280_9e6y_s3047_f1ee2aefdd8f	320	candidate	P1MCPUFP__CPUFP500K_0287__00280		CANDIDATE_UNKNOWN	9e6y	3047	b059e74e13daa6e095aa675ee23d6e04399ff7cfe7c073c0ce1c18c79216ee4e	26-35	53-59	98-116	27,28,29,30,31,34,35,36,37,38,56,57,58,59,63,64,65,105,106,107,108,109,110,111,112,113,114,115,116,117	inputs/candidate_monomers/P1MCPUFP__CPUFP500K_0287__00280.pdb	frozen_nbb2_archive_extract	H	f67455d90dbd36976d50069f1050455b68b85a721deeaacc173a947054a06ca0	inputs/normalized/9e6y_pvrig_receptor.pdb	T	L	A	UniProt_Q6DKI7	036faa08876ef5dc8e4331507bf042bf828faae3f3cf5a5fd358a89d5fb215da	cb4c825dedbb6b8ccf1510daf94ccd67c095d4743b9f9b2a3b6dc9fa7c1cda34	8c55751f66ac2930ce115a9419321a2b2bed220b61af2e1671f7ac6e6a2e33b3	8c55751f66ac2930ce115a9419321a2b2bed220b61af2e1671f7ac6e6a2e33b3	f1ee2aefdd8fa0d1da7f53a9210f0ae6c32ff89f019913118c1c21f327c937fe	"{""cfg_hash"":""036faa08876ef5dc8e4331507bf042bf828faae3f3cf5a5fd358a89d5fb215da"",""conformation"":""9e6y"",""entity_id"":""P1MCPUFP__CPUFP500K_0287__00280"",""entity_type"":""candidate"",""monomer_sha256"":""f67455d90dbd36976d50069f1050455b68b85a721deeaacc173a947054a06ca0"",""protocol_core_sha256"":""8c55751f66ac2930ce115a9419321a2b2bed220b61af2e1671f7ac6e6a2e33b3"",""restraint_hash"":""cb4c825dedbb6b8ccf1510daf94ccd67c095d4743b9f9b2a3b6dc9fa7c1cda34"",""seed"":3047,""sequence_sha256"":""b059e74e13daa6e095aa675ee23d6e04399ff7cfe7c073c0ce1c18c79216ee4e""}"	2175	TOP200_COMMON4_SEED_COMPLETION	172
CANDIDATE_P1MCPUFP__CPUFP500K_0288__00866_8x6b_s42_2fba338c7d65	321	candidate	P1MCPUFP__CPUFP500K_0288__00866		CANDIDATE_UNKNOWN	8x6b	42	276ddb6aedcd260293f41fef2ea6fbf637985914f6ca471da1e79759c1973112	26-35	53-59	98-116	27,28,29,30,31,34,35,36,37,38,56,57,58,59,63,64,65,105,106,107,108,109,110,111,112,113,114,115,116,117	inputs/candidate_monomers/P1MCPUFP__CPUFP500K_0288__00866.pdb	frozen_nbb2_archive_extract	H	06f231413dd04f93d0a436d6e9c3d61ba3891ee7b5468f42976badcdcf214d70	inputs/normalized/8x6b_pvrig_receptor.pdb	T	L	A	UniProt_Q6DKI7	6e3411303a8196b0e07523e8d66724b2c6a9380dca7a347caa47b5632620a2a8	cb4c825dedbb6b8ccf1510daf94ccd67c095d4743b9f9b2a3b6dc9fa7c1cda34	8c55751f66ac2930ce115a9419321a2b2bed220b61af2e1671f7ac6e6a2e33b3	8c55751f66ac2930ce115a9419321a2b2bed220b61af2e1671f7ac6e6a2e33b3	2fba338c7d658dca9ed88496f8d37132c58d33be201176da9c6ef7787dffbacd	"{""cfg_hash"":""6e3411303a8196b0e07523e8d66724b2c6a9380dca7a347caa47b5632620a2a8"",""conformation"":""8x6b"",""entity_id"":""P1MCPUFP__CPUFP500K_0288__00866"",""entity_type"":""candidate"",""monomer_sha256"":""06f231413dd04f93d0a436d6e9c3d61ba3891ee7b5468f42976badcdcf214d70"",""protocol_core_sha256"":""8c55751f66ac2930ce115a9419321a2b2bed220b61af2e1671f7ac6e6a2e33b3"",""restraint_hash"":""cb4c825dedbb6b8ccf1510daf94ccd67c095d4743b9f9b2a3b6dc9fa7c1cda34"",""seed"":42,""sequence_sha256"":""276ddb6aedcd260293f41fef2ea6fbf637985914f6ca471da1e79759c1973112""}"	4722	TOP200_COMMON4_SEED_COMPLETION	173
CANDIDATE_P1MCPUFP__CPUFP500K_0288__00866_9e6y_s42_19127efb9c69	322	candidate	P1MCPUFP__CPUFP500K_0288__00866		CANDIDATE_UNKNOWN	9e6y	42	276ddb6aedcd260293f41fef2ea6fbf637985914f6ca471da1e79759c1973112	26-35	53-59	98-116	27,28,29,30,31,34,35,36,37,38,56,57,58,59,63,64,65,105,106,107,108,109,110,111,112,113,114,115,116,117	inputs/candidate_monomers/P1MCPUFP__CPUFP500K_0288__00866.pdb	frozen_nbb2_archive_extract	H	06f231413dd04f93d0a436d6e9c3d61ba3891ee7b5468f42976badcdcf214d70	inputs/normalized/9e6y_pvrig_receptor.pdb	T	L	A	UniProt_Q6DKI7	7b597e4976340689606e650f7a864d1c028938e4a1d0c4201b7092f53302813a	cb4c825dedbb6b8ccf1510daf94ccd67c095d4743b9f9b2a3b6dc9fa7c1cda34	8c55751f66ac2930ce115a9419321a2b2bed220b61af2e1671f7ac6e6a2e33b3	8c55751f66ac2930ce115a9419321a2b2bed220b61af2e1671f7ac6e6a2e33b3	19127efb9c691e1d5afa038c5781f8988b8679ea3a3eda2ec2aca6d7be89ad01	"{""cfg_hash"":""7b597e4976340689606e650f7a864d1c028938e4a1d0c4201b7092f53302813a"",""conformation"":""9e6y"",""entity_id"":""P1MCPUFP__CPUFP500K_0288__00866"",""entity_type"":""candidate"",""monomer_sha256"":""06f231413dd04f93d0a436d6e9c3d61ba3891ee7b5468f42976badcdcf214d70"",""protocol_core_sha256"":""8c55751f66ac2930ce115a9419321a2b2bed220b61af2e1671f7ac6e6a2e33b3"",""restraint_hash"":""cb4c825dedbb6b8ccf1510daf94ccd67c095d4743b9f9b2a3b6dc9fa7c1cda34"",""seed"":42,""sequence_sha256"":""276ddb6aedcd260293f41fef2ea6fbf637985914f6ca471da1e79759c1973112""}"	4722	TOP200_COMMON4_SEED_COMPLETION	173
CANDIDATE_P1MCPUFP__CPUFP500K_0288__00866_8x6b_s3047_95171eef913a	323	candidate	P1MCPUFP__CPUFP500K_0288__00866		CANDIDATE_UNKNOWN	8x6b	3047	276ddb6aedcd260293f41fef2ea6fbf637985914f6ca471da1e79759c1973112	26-35	53-59	98-116	27,28,29,30,31,34,35,36,37,38,56,57,58,59,63,64,65,105,106,107,108,109,110,111,112,113,114,115,116,117	inputs/candidate_monomers/P1MCPUFP__CPUFP500K_0288__00866.pdb	frozen_nbb2_archive_extract	H	06f231413dd04f93d0a436d6e9c3d61ba3891ee7b5468f42976badcdcf214d70	inputs/normalized/8x6b_pvrig_receptor.pdb	T	L	A	UniProt_Q6DKI7	21918201f2d7d8fd86e7fbe3003003c516ebb4de914b20d6f1f82a78554f6225	cb4c825dedbb6b8ccf1510daf94ccd67c095d4743b9f9b2a3b6dc9fa7c1cda34	8c55751f66ac2930ce115a9419321a2b2bed220b61af2e1671f7ac6e6a2e33b3	8c55751f66ac2930ce115a9419321a2b2bed220b61af2e1671f7ac6e6a2e33b3	95171eef913afce170b3697bc6c8a7212cbcb693b9719ee64a03e9a5ddb5e35d	"{""cfg_hash"":""21918201f2d7d8fd86e7fbe3003003c516ebb4de914b20d6f1f82a78554f6225"",""conformation"":""8x6b"",""entity_id"":""P1MCPUFP__CPUFP500K_0288__00866"",""entity_type"":""candidate"",""monomer_sha256"":""06f231413dd04f93d0a436d6e9c3d61ba3891ee7b5468f42976badcdcf214d70"",""protocol_core_sha256"":""8c55751f66ac2930ce115a9419321a2b2bed220b61af2e1671f7ac6e6a2e33b3"",""restraint_hash"":""cb4c825dedbb6b8ccf1510daf94ccd67c095d4743b9f9b2a3b6dc9fa7c1cda34"",""seed"":3047,""sequence_sha256"":""276ddb6aedcd260293f41fef2ea6fbf637985914f6ca471da1e79759c1973112""}"	4722	TOP200_COMMON4_SEED_COMPLETION	173
CANDIDATE_P1MCPUFP__CPUFP500K_0288__00866_9e6y_s3047_abf28b8a9abe	324	candidate	P1MCPUFP__CPUFP500K_0288__00866		CANDIDATE_UNKNOWN	9e6y	3047	276ddb6aedcd260293f41fef2ea6fbf637985914f6ca471da1e79759c1973112	26-35	53-59	98-116	27,28,29,30,31,34,35,36,37,38,56,57,58,59,63,64,65,105,106,107,108,109,110,111,112,113,114,115,116,117	inputs/candidate_monomers/P1MCPUFP__CPUFP500K_0288__00866.pdb	frozen_nbb2_archive_extract	H	06f231413dd04f93d0a436d6e9c3d61ba3891ee7b5468f42976badcdcf214d70	inputs/normalized/9e6y_pvrig_receptor.pdb	T	L	A	UniProt_Q6DKI7	036faa08876ef5dc8e4331507bf042bf828faae3f3cf5a5fd358a89d5fb215da	cb4c825dedbb6b8ccf1510daf94ccd67c095d4743b9f9b2a3b6dc9fa7c1cda34	8c55751f66ac2930ce115a9419321a2b2bed220b61af2e1671f7ac6e6a2e33b3	8c55751f66ac2930ce115a9419321a2b2bed220b61af2e1671f7ac6e6a2e33b3	abf28b8a9abe8058957acc926c31bceec5edd5d25ab9404eb6bb34794bdb3f3f	"{""cfg_hash"":""036faa08876ef5dc8e4331507bf042bf828faae3f3cf5a5fd358a89d5fb215da"",""conformation"":""9e6y"",""entity_id"":""P1MCPUFP__CPUFP500K_0288__00866"",""entity_type"":""candidate"",""monomer_sha256"":""06f231413dd04f93d0a436d6e9c3d61ba3891ee7b5468f42976badcdcf214d70"",""protocol_core_sha256"":""8c55751f66ac2930ce115a9419321a2b2bed220b61af2e1671f7ac6e6a2e33b3"",""restraint_hash"":""cb4c825dedbb6b8ccf1510daf94ccd67c095d4743b9f9b2a3b6dc9fa7c1cda34"",""seed"":3047,""sequence_sha256"":""276ddb6aedcd260293f41fef2ea6fbf637985914f6ca471da1e79759c1973112""}"	4722	TOP200_COMMON4_SEED_COMPLETION	173
CANDIDATE_P1MCPUFP__CPUFP500K_0288__00691_8x6b_s42_ea710f0018b1	325	candidate	P1MCPUFP__CPUFP500K_0288__00691		CANDIDATE_UNKNOWN	8x6b	42	d9e9a9a6d60c00445f5cf6b221a0451254c6eab1c8f7484dacb703891ea98915	26-35	53-59	98-116	27,28,29,30,31,34,35,36,37,38,56,57,58,59,63,64,65,105,106,107,108,109,110,111,112,113,114,115,116,117	inputs/candidate_monomers/P1MCPUFP__CPUFP500K_0288__00691.pdb	frozen_nbb2_archive_extract	H	dd3f0e5d83f3f6dec9d3aeaabaaa8dd6fcad86103a5266d3ecf5a391ee6da23e	inputs/normalized/8x6b_pvrig_receptor.pdb	T	L	A	UniProt_Q6DKI7	6e3411303a8196b0e07523e8d66724b2c6a9380dca7a347caa47b5632620a2a8	cb4c825dedbb6b8ccf1510daf94ccd67c095d4743b9f9b2a3b6dc9fa7c1cda34	8c55751f66ac2930ce115a9419321a2b2bed220b61af2e1671f7ac6e6a2e33b3	8c55751f66ac2930ce115a9419321a2b2bed220b61af2e1671f7ac6e6a2e33b3	ea710f0018b1dba4942a4621ec2e68b6124a2b0f05b0f19fa1e2b09f04ae8fb1	"{""cfg_hash"":""6e3411303a8196b0e07523e8d66724b2c6a9380dca7a347caa47b5632620a2a8"",""conformation"":""8x6b"",""entity_id"":""P1MCPUFP__CPUFP500K_0288__00691"",""entity_type"":""candidate"",""monomer_sha256"":""dd3f0e5d83f3f6dec9d3aeaabaaa8dd6fcad86103a5266d3ecf5a391ee6da23e"",""protocol_core_sha256"":""8c55751f66ac2930ce115a9419321a2b2bed220b61af2e1671f7ac6e6a2e33b3"",""restraint_hash"":""cb4c825dedbb6b8ccf1510daf94ccd67c095d4743b9f9b2a3b6dc9fa7c1cda34"",""seed"":42,""sequence_sha256"":""d9e9a9a6d60c00445f5cf6b221a0451254c6eab1c8f7484dacb703891ea98915""}"	3584	TOP200_COMMON4_SEED_COMPLETION	174
CANDIDATE_P1MCPUFP__CPUFP500K_0288__00691_9e6y_s42_b20a4ed9def6	326	candidate	P1MCPUFP__CPUFP500K_0288__00691		CANDIDATE_UNKNOWN	9e6y	42	d9e9a9a6d60c00445f5cf6b221a0451254c6eab1c8f7484dacb703891ea98915	26-35	53-59	98-116	27,28,29,30,31,34,35,36,37,38,56,57,58,59,63,64,65,105,106,107,108,109,110,111,112,113,114,115,116,117	inputs/candidate_monomers/P1MCPUFP__CPUFP500K_0288__00691.pdb	frozen_nbb2_archive_extract	H	dd3f0e5d83f3f6dec9d3aeaabaaa8dd6fcad86103a5266d3ecf5a391ee6da23e	inputs/normalized/9e6y_pvrig_receptor.pdb	T	L	A	UniProt_Q6DKI7	7b597e4976340689606e650f7a864d1c028938e4a1d0c4201b7092f53302813a	cb4c825dedbb6b8ccf1510daf94ccd67c095d4743b9f9b2a3b6dc9fa7c1cda34	8c55751f66ac2930ce115a9419321a2b2bed220b61af2e1671f7ac6e6a2e33b3	8c55751f66ac2930ce115a9419321a2b2bed220b61af2e1671f7ac6e6a2e33b3	b20a4ed9def6443d954b37821ffe7df5a0a0b788c249d080813e1143f43d21a1	"{""cfg_hash"":""7b597e4976340689606e650f7a864d1c028938e4a1d0c4201b7092f53302813a"",""conformation"":""9e6y"",""entity_id"":""P1MCPUFP__CPUFP500K_0288__00691"",""entity_type"":""candidate"",""monomer_sha256"":""dd3f0e5d83f3f6dec9d3aeaabaaa8dd6fcad86103a5266d3ecf5a391ee6da23e"",""protocol_core_sha256"":""8c55751f66ac2930ce115a9419321a2b2bed220b61af2e1671f7ac6e6a2e33b3"",""restraint_hash"":""cb4c825dedbb6b8ccf1510daf94ccd67c095d4743b9f9b2a3b6dc9fa7c1cda34"",""seed"":42,""sequence_sha256"":""d9e9a9a6d60c00445f5cf6b221a0451254c6eab1c8f7484dacb703891ea98915""}"	3584	TOP200_COMMON4_SEED_COMPLETION	174
CANDIDATE_P1MCPUFP__CPUFP500K_0288__00691_8x6b_s3047_f2a74d4ad875	327	candidate	P1MCPUFP__CPUFP500K_0288__00691		CANDIDATE_UNKNOWN	8x6b	3047	d9e9a9a6d60c00445f5cf6b221a0451254c6eab1c8f7484dacb703891ea98915	26-35	53-59	98-116	27,28,29,30,31,34,35,36,37,38,56,57,58,59,63,64,65,105,106,107,108,109,110,111,112,113,114,115,116,117	inputs/candidate_monomers/P1MCPUFP__CPUFP500K_0288__00691.pdb	frozen_nbb2_archive_extract	H	dd3f0e5d83f3f6dec9d3aeaabaaa8dd6fcad86103a5266d3ecf5a391ee6da23e	inputs/normalized/8x6b_pvrig_receptor.pdb	T	L	A	UniProt_Q6DKI7	21918201f2d7d8fd86e7fbe3003003c516ebb4de914b20d6f1f82a78554f6225	cb4c825dedbb6b8ccf1510daf94ccd67c095d4743b9f9b2a3b6dc9fa7c1cda34	8c55751f66ac2930ce115a9419321a2b2bed220b61af2e1671f7ac6e6a2e33b3	8c55751f66ac2930ce115a9419321a2b2bed220b61af2e1671f7ac6e6a2e33b3	f2a74d4ad875677e85e1a72216f9ea7c97e077725f0d1e9c295fb3319b3eab5a	"{""cfg_hash"":""21918201f2d7d8fd86e7fbe3003003c516ebb4de914b20d6f1f82a78554f6225"",""conformation"":""8x6b"",""entity_id"":""P1MCPUFP__CPUFP500K_0288__00691"",""entity_type"":""candidate"",""monomer_sha256"":""dd3f0e5d83f3f6dec9d3aeaabaaa8dd6fcad86103a5266d3ecf5a391ee6da23e"",""protocol_core_sha256"":""8c55751f66ac2930ce115a9419321a2b2bed220b61af2e1671f7ac6e6a2e33b3"",""restraint_hash"":""cb4c825dedbb6b8ccf1510daf94ccd67c095d4743b9f9b2a3b6dc9fa7c1cda34"",""seed"":3047,""sequence_sha256"":""d9e9a9a6d60c00445f5cf6b221a0451254c6eab1c8f7484dacb703891ea98915""}"	3584	TOP200_COMMON4_SEED_COMPLETION	174
CANDIDATE_P1MCPUFP__CPUFP500K_0288__00691_9e6y_s3047_9ba362a3dae5	328	candidate	P1MCPUFP__CPUFP500K_0288__00691		CANDIDATE_UNKNOWN	9e6y	3047	d9e9a9a6d60c00445f5cf6b221a0451254c6eab1c8f7484dacb703891ea98915	26-35	53-59	98-116	27,28,29,30,31,34,35,36,37,38,56,57,58,59,63,64,65,105,106,107,108,109,110,111,112,113,114,115,116,117	inputs/candidate_monomers/P1MCPUFP__CPUFP500K_0288__00691.pdb	frozen_nbb2_archive_extract	H	dd3f0e5d83f3f6dec9d3aeaabaaa8dd6fcad86103a5266d3ecf5a391ee6da23e	inputs/normalized/9e6y_pvrig_receptor.pdb	T	L	A	UniProt_Q6DKI7	036faa08876ef5dc8e4331507bf042bf828faae3f3cf5a5fd358a89d5fb215da	cb4c825dedbb6b8ccf1510daf94ccd67c095d4743b9f9b2a3b6dc9fa7c1cda34	8c55751f66ac2930ce115a9419321a2b2bed220b61af2e1671f7ac6e6a2e33b3	8c55751f66ac2930ce115a9419321a2b2bed220b61af2e1671f7ac6e6a2e33b3	9ba362a3dae5b72b097828dc3949f15755e4d0507cf9087e1b8d3d6f898c216c	"{""cfg_hash"":""036faa08876ef5dc8e4331507bf042bf828faae3f3cf5a5fd358a89d5fb215da"",""conformation"":""9e6y"",""entity_id"":""P1MCPUFP__CPUFP500K_0288__00691"",""entity_type"":""candidate"",""monomer_sha256"":""dd3f0e5d83f3f6dec9d3aeaabaaa8dd6fcad86103a5266d3ecf5a391ee6da23e"",""protocol_core_sha256"":""8c55751f66ac2930ce115a9419321a2b2bed220b61af2e1671f7ac6e6a2e33b3"",""restraint_hash"":""cb4c825dedbb6b8ccf1510daf94ccd67c095d4743b9f9b2a3b6dc9fa7c1cda34"",""seed"":3047,""sequence_sha256"":""d9e9a9a6d60c00445f5cf6b221a0451254c6eab1c8f7484dacb703891ea98915""}"	3584	TOP200_COMMON4_SEED_COMPLETION	174
CANDIDATE_P1MCPUFP__CPUFP500K_0288__00070_8x6b_s42_ea840b0c331a	329	candidate	P1MCPUFP__CPUFP500K_0288__00070		CANDIDATE_UNKNOWN	8x6b	42	0a973e15cd44565b5403eb146ca785539c451add44fbd0891c7d7d488bb009ea	26-35	53-59	98-116	27,28,29,30,31,34,35,36,37,38,56,57,58,59,63,64,65,105,106,107,108,109,110,111,112,113,114,115,116,117	inputs/candidate_monomers/P1MCPUFP__CPUFP500K_0288__00070.pdb	frozen_nbb2_archive_extract	H	71ea9162475011f0faaba1baa4bb34c6ecc606b8086347c96b32c8cd9d80cb35	inputs/normalized/8x6b_pvrig_receptor.pdb	T	L	A	UniProt_Q6DKI7	6e3411303a8196b0e07523e8d66724b2c6a9380dca7a347caa47b5632620a2a8	cb4c825dedbb6b8ccf1510daf94ccd67c095d4743b9f9b2a3b6dc9fa7c1cda34	8c55751f66ac2930ce115a9419321a2b2bed220b61af2e1671f7ac6e6a2e33b3	8c55751f66ac2930ce115a9419321a2b2bed220b61af2e1671f7ac6e6a2e33b3	ea840b0c331a321002d360f38376730049f98bb9af8966c06cda5f193cb42f57	"{""cfg_hash"":""6e3411303a8196b0e07523e8d66724b2c6a9380dca7a347caa47b5632620a2a8"",""conformation"":""8x6b"",""entity_id"":""P1MCPUFP__CPUFP500K_0288__00070"",""entity_type"":""candidate"",""monomer_sha256"":""71ea9162475011f0faaba1baa4bb34c6ecc606b8086347c96b32c8cd9d80cb35"",""protocol_core_sha256"":""8c55751f66ac2930ce115a9419321a2b2bed220b61af2e1671f7ac6e6a2e33b3"",""restraint_hash"":""cb4c825dedbb6b8ccf1510daf94ccd67c095d4743b9f9b2a3b6dc9fa7c1cda34"",""seed"":42,""sequence_sha256"":""0a973e15cd44565b5403eb146ca785539c451add44fbd0891c7d7d488bb009ea""}"	3683	TOP200_COMMON4_SEED_COMPLETION	175
CANDIDATE_P1MCPUFP__CPUFP500K_0288__00070_9e6y_s42_312879fa4f2d	330	candidate	P1MCPUFP__CPUFP500K_0288__00070		CANDIDATE_UNKNOWN	9e6y	42	0a973e15cd44565b5403eb146ca785539c451add44fbd0891c7d7d488bb009ea	26-35	53-59	98-116	27,28,29,30,31,34,35,36,37,38,56,57,58,59,63,64,65,105,106,107,108,109,110,111,112,113,114,115,116,117	inputs/candidate_monomers/P1MCPUFP__CPUFP500K_0288__00070.pdb	frozen_nbb2_archive_extract	H	71ea9162475011f0faaba1baa4bb34c6ecc606b8086347c96b32c8cd9d80cb35	inputs/normalized/9e6y_pvrig_receptor.pdb	T	L	A	UniProt_Q6DKI7	7b597e4976340689606e650f7a864d1c028938e4a1d0c4201b7092f53302813a	cb4c825dedbb6b8ccf1510daf94ccd67c095d4743b9f9b2a3b6dc9fa7c1cda34	8c55751f66ac2930ce115a9419321a2b2bed220b61af2e1671f7ac6e6a2e33b3	8c55751f66ac2930ce115a9419321a2b2bed220b61af2e1671f7ac6e6a2e33b3	312879fa4f2da151746a679d5d5867ed9c72a35c6fba3d08738ebf1c03f62a98	"{""cfg_hash"":""7b597e4976340689606e650f7a864d1c028938e4a1d0c4201b7092f53302813a"",""conformation"":""9e6y"",""entity_id"":""P1MCPUFP__CPUFP500K_0288__00070"",""entity_type"":""candidate"",""monomer_sha256"":""71ea9162475011f0faaba1baa4bb34c6ecc606b8086347c96b32c8cd9d80cb35"",""protocol_core_sha256"":""8c55751f66ac2930ce115a9419321a2b2bed220b61af2e1671f7ac6e6a2e33b3"",""restraint_hash"":""cb4c825dedbb6b8ccf1510daf94ccd67c095d4743b9f9b2a3b6dc9fa7c1cda34"",""seed"":42,""sequence_sha256"":""0a973e15cd44565b5403eb146ca785539c451add44fbd0891c7d7d488bb009ea""}"	3683	TOP200_COMMON4_SEED_COMPLETION	175
CANDIDATE_P1MCPUFP__CPUFP500K_0288__00070_8x6b_s3047_f3b9228243e3	331	candidate	P1MCPUFP__CPUFP500K_0288__00070		CANDIDATE_UNKNOWN	8x6b	3047	0a973e15cd44565b5403eb146ca785539c451add44fbd0891c7d7d488bb009ea	26-35	53-59	98-116	27,28,29,30,31,34,35,36,37,38,56,57,58,59,63,64,65,105,106,107,108,109,110,111,112,113,114,115,116,117	inputs/candidate_monomers/P1MCPUFP__CPUFP500K_0288__00070.pdb	frozen_nbb2_archive_extract	H	71ea9162475011f0faaba1baa4bb34c6ecc606b8086347c96b32c8cd9d80cb35	inputs/normalized/8x6b_pvrig_receptor.pdb	T	L	A	UniProt_Q6DKI7	21918201f2d7d8fd86e7fbe3003003c516ebb4de914b20d6f1f82a78554f6225	cb4c825dedbb6b8ccf1510daf94ccd67c095d4743b9f9b2a3b6dc9fa7c1cda34	8c55751f66ac2930ce115a9419321a2b2bed220b61af2e1671f7ac6e6a2e33b3	8c55751f66ac2930ce115a9419321a2b2bed220b61af2e1671f7ac6e6a2e33b3	f3b9228243e395875684a4b7e6607945888a42caf12cee5876f21b46e1091ac9	"{""cfg_hash"":""21918201f2d7d8fd86e7fbe3003003c516ebb4de914b20d6f1f82a78554f6225"",""conformation"":""8x6b"",""entity_id"":""P1MCPUFP__CPUFP500K_0288__00070"",""entity_type"":""candidate"",""monomer_sha256"":""71ea9162475011f0faaba1baa4bb34c6ecc606b8086347c96b32c8cd9d80cb35"",""protocol_core_sha256"":""8c55751f66ac2930ce115a9419321a2b2bed220b61af2e1671f7ac6e6a2e33b3"",""restraint_hash"":""cb4c825dedbb6b8ccf1510daf94ccd67c095d4743b9f9b2a3b6dc9fa7c1cda34"",""seed"":3047,""sequence_sha256"":""0a973e15cd44565b5403eb146ca785539c451add44fbd0891c7d7d488bb009ea""}"	3683	TOP200_COMMON4_SEED_COMPLETION	175
CANDIDATE_P1MCPUFP__CPUFP500K_0288__00070_9e6y_s3047_b72e2506ba7c	332	candidate	P1MCPUFP__CPUFP500K_0288__00070		CANDIDATE_UNKNOWN	9e6y	3047	0a973e15cd44565b5403eb146ca785539c451add44fbd0891c7d7d488bb009ea	26-35	53-59	98-116	27,28,29,30,31,34,35,36,37,38,56,57,58,59,63,64,65,105,106,107,108,109,110,111,112,113,114,115,116,117	inputs/candidate_monomers/P1MCPUFP__CPUFP500K_0288__00070.pdb	frozen_nbb2_archive_extract	H	71ea9162475011f0faaba1baa4bb34c6ecc606b8086347c96b32c8cd9d80cb35	inputs/normalized/9e6y_pvrig_receptor.pdb	T	L	A	UniProt_Q6DKI7	036faa08876ef5dc8e4331507bf042bf828faae3f3cf5a5fd358a89d5fb215da	cb4c825dedbb6b8ccf1510daf94ccd67c095d4743b9f9b2a3b6dc9fa7c1cda34	8c55751f66ac2930ce115a9419321a2b2bed220b61af2e1671f7ac6e6a2e33b3	8c55751f66ac2930ce115a9419321a2b2bed220b61af2e1671f7ac6e6a2e33b3	b72e2506ba7c5c22ec47ce2db6b19301c09e983cabb72b18b6ee24286e3f1954	"{""cfg_hash"":""036faa08876ef5dc8e4331507bf042bf828faae3f3cf5a5fd358a89d5fb215da"",""conformation"":""9e6y"",""entity_id"":""P1MCPUFP__CPUFP500K_0288__00070"",""entity_type"":""candidate"",""monomer_sha256"":""71ea9162475011f0faaba1baa4bb34c6ecc606b8086347c96b32c8cd9d80cb35"",""protocol_core_sha256"":""8c55751f66ac2930ce115a9419321a2b2bed220b61af2e1671f7ac6e6a2e33b3"",""restraint_hash"":""cb4c825dedbb6b8ccf1510daf94ccd67c095d4743b9f9b2a3b6dc9fa7c1cda34"",""seed"":3047,""sequence_sha256"":""0a973e15cd44565b5403eb146ca785539c451add44fbd0891c7d7d488bb009ea""}"	3683	TOP200_COMMON4_SEED_COMPLETION	175
CANDIDATE_P1MCPUFP__CPUFP500K_0188__00819_8x6b_s42_f3513d82505c	333	candidate	P1MCPUFP__CPUFP500K_0188__00819		CANDIDATE_UNKNOWN	8x6b	42	7ed8f57ea18a5913c31f02eae4c1e1e4559bdf45dca06a436a5002e10cb6335d	26-35	53-59	98-116	27,28,29,30,31,34,35,36,37,38,56,57,58,59,63,64,65,105,106,107,108,109,110,111,112,113,114,115,116,117	inputs/candidate_monomers/P1MCPUFP__CPUFP500K_0188__00819.pdb	frozen_nbb2_archive_extract	H	816f31fa251a9aee6f03778219ebee05549ab268ebd24b003bb91682dcfb4546	inputs/normalized/8x6b_pvrig_receptor.pdb	T	L	A	UniProt_Q6DKI7	6e3411303a8196b0e07523e8d66724b2c6a9380dca7a347caa47b5632620a2a8	cb4c825dedbb6b8ccf1510daf94ccd67c095d4743b9f9b2a3b6dc9fa7c1cda34	8c55751f66ac2930ce115a9419321a2b2bed220b61af2e1671f7ac6e6a2e33b3	8c55751f66ac2930ce115a9419321a2b2bed220b61af2e1671f7ac6e6a2e33b3	f3513d82505cc76def5f9ab229beb6647aeffbf09f791c80ae4c38180137246d	"{""cfg_hash"":""6e3411303a8196b0e07523e8d66724b2c6a9380dca7a347caa47b5632620a2a8"",""conformation"":""8x6b"",""entity_id"":""P1MCPUFP__CPUFP500K_0188__00819"",""entity_type"":""candidate"",""monomer_sha256"":""816f31fa251a9aee6f03778219ebee05549ab268ebd24b003bb91682dcfb4546"",""protocol_core_sha256"":""8c55751f66ac2930ce115a9419321a2b2bed220b61af2e1671f7ac6e6a2e33b3"",""restraint_hash"":""cb4c825dedbb6b8ccf1510daf94ccd67c095d4743b9f9b2a3b6dc9fa7c1cda34"",""seed"":42,""sequence_sha256"":""7ed8f57ea18a5913c31f02eae4c1e1e4559bdf45dca06a436a5002e10cb6335d""}"	2303	TOP200_COMMON4_SEED_COMPLETION	176
CANDIDATE_P1MCPUFP__CPUFP500K_0188__00819_9e6y_s42_d18a0b0d6d79	334	candidate	P1MCPUFP__CPUFP500K_0188__00819		CANDIDATE_UNKNOWN	9e6y	42	7ed8f57ea18a5913c31f02eae4c1e1e4559bdf45dca06a436a5002e10cb6335d	26-35	53-59	98-116	27,28,29,30,31,34,35,36,37,38,56,57,58,59,63,64,65,105,106,107,108,109,110,111,112,113,114,115,116,117	inputs/candidate_monomers/P1MCPUFP__CPUFP500K_0188__00819.pdb	frozen_nbb2_archive_extract	H	816f31fa251a9aee6f03778219ebee05549ab268ebd24b003bb91682dcfb4546	inputs/normalized/9e6y_pvrig_receptor.pdb	T	L	A	UniProt_Q6DKI7	7b597e4976340689606e650f7a864d1c028938e4a1d0c4201b7092f53302813a	cb4c825dedbb6b8ccf1510daf94ccd67c095d4743b9f9b2a3b6dc9fa7c1cda34	8c55751f66ac2930ce115a9419321a2b2bed220b61af2e1671f7ac6e6a2e33b3	8c55751f66ac2930ce115a9419321a2b2bed220b61af2e1671f7ac6e6a2e33b3	d18a0b0d6d790099dfcbf56d27e557f3837710942b70239a1e79da27ce70bc73	"{""cfg_hash"":""7b597e4976340689606e650f7a864d1c028938e4a1d0c4201b7092f53302813a"",""conformation"":""9e6y"",""entity_id"":""P1MCPUFP__CPUFP500K_0188__00819"",""entity_type"":""candidate"",""monomer_sha256"":""816f31fa251a9aee6f03778219ebee05549ab268ebd24b003bb91682dcfb4546"",""protocol_core_sha256"":""8c55751f66ac2930ce115a9419321a2b2bed220b61af2e1671f7ac6e6a2e33b3"",""restraint_hash"":""cb4c825dedbb6b8ccf1510daf94ccd67c095d4743b9f9b2a3b6dc9fa7c1cda34"",""seed"":42,""sequence_sha256"":""7ed8f57ea18a5913c31f02eae4c1e1e4559bdf45dca06a436a5002e10cb6335d""}"	2303	TOP200_COMMON4_SEED_COMPLETION	176
CANDIDATE_P1MCPUFP__CPUFP500K_0188__00819_8x6b_s3047_cf7435c1f05e	335	candidate	P1MCPUFP__CPUFP500K_0188__00819		CANDIDATE_UNKNOWN	8x6b	3047	7ed8f57ea18a5913c31f02eae4c1e1e4559bdf45dca06a436a5002e10cb6335d	26-35	53-59	98-116	27,28,29,30,31,34,35,36,37,38,56,57,58,59,63,64,65,105,106,107,108,109,110,111,112,113,114,115,116,117	inputs/candidate_monomers/P1MCPUFP__CPUFP500K_0188__00819.pdb	frozen_nbb2_archive_extract	H	816f31fa251a9aee6f03778219ebee05549ab268ebd24b003bb91682dcfb4546	inputs/normalized/8x6b_pvrig_receptor.pdb	T	L	A	UniProt_Q6DKI7	21918201f2d7d8fd86e7fbe3003003c516ebb4de914b20d6f1f82a78554f6225	cb4c825dedbb6b8ccf1510daf94ccd67c095d4743b9f9b2a3b6dc9fa7c1cda34	8c55751f66ac2930ce115a9419321a2b2bed220b61af2e1671f7ac6e6a2e33b3	8c55751f66ac2930ce115a9419321a2b2bed220b61af2e1671f7ac6e6a2e33b3	cf7435c1f05e0902728c4cd178a141340fd3ac1fedcdab42e7bf5b7378f71712	"{""cfg_hash"":""21918201f2d7d8fd86e7fbe3003003c516ebb4de914b20d6f1f82a78554f6225"",""conformation"":""8x6b"",""entity_id"":""P1MCPUFP__CPUFP500K_0188__00819"",""entity_type"":""candidate"",""monomer_sha256"":""816f31fa251a9aee6f03778219ebee05549ab268ebd24b003bb91682dcfb4546"",""protocol_core_sha256"":""8c55751f66ac2930ce115a9419321a2b2bed220b61af2e1671f7ac6e6a2e33b3"",""restraint_hash"":""cb4c825dedbb6b8ccf1510daf94ccd67c095d4743b9f9b2a3b6dc9fa7c1cda34"",""seed"":3047,""sequence_sha256"":""7ed8f57ea18a5913c31f02eae4c1e1e4559bdf45dca06a436a5002e10cb6335d""}"	2303	TOP200_COMMON4_SEED_COMPLETION	176
CANDIDATE_P1MCPUFP__CPUFP500K_0188__00819_9e6y_s3047_5bc2b62e2cae	336	candidate	P1MCPUFP__CPUFP500K_0188__00819		CANDIDATE_UNKNOWN	9e6y	3047	7ed8f57ea18a5913c31f02eae4c1e1e4559bdf45dca06a436a5002e10cb6335d	26-35	53-59	98-116	27,28,29,30,31,34,35,36,37,38,56,57,58,59,63,64,65,105,106,107,108,109,110,111,112,113,114,115,116,117	inputs/candidate_monomers/P1MCPUFP__CPUFP500K_0188__00819.pdb	frozen_nbb2_archive_extract	H	816f31fa251a9aee6f03778219ebee05549ab268ebd24b003bb91682dcfb4546	inputs/normalized/9e6y_pvrig_receptor.pdb	T	L	A	UniProt_Q6DKI7	036faa08876ef5dc8e4331507bf042bf828faae3f3cf5a5fd358a89d5fb215da	cb4c825dedbb6b8ccf1510daf94ccd67c095d4743b9f9b2a3b6dc9fa7c1cda34	8c55751f66ac2930ce115a9419321a2b2bed220b61af2e1671f7ac6e6a2e33b3	8c55751f66ac2930ce115a9419321a2b2bed220b61af2e1671f7ac6e6a2e33b3	5bc2b62e2caeb327f115f1892dafb7883ce765a2d6278f0ed9ecc77907facedd	"{""cfg_hash"":""036faa08876ef5dc8e4331507bf042bf828faae3f3cf5a5fd358a89d5fb215da"",""conformation"":""9e6y"",""entity_id"":""P1MCPUFP__CPUFP500K_0188__00819"",""entity_type"":""candidate"",""monomer_sha256"":""816f31fa251a9aee6f03778219ebee05549ab268ebd24b003bb91682dcfb4546"",""protocol_core_sha256"":""8c55751f66ac2930ce115a9419321a2b2bed220b61af2e1671f7ac6e6a2e33b3"",""restraint_hash"":""cb4c825dedbb6b8ccf1510daf94ccd67c095d4743b9f9b2a3b6dc9fa7c1cda34"",""seed"":3047,""sequence_sha256"":""7ed8f57ea18a5913c31f02eae4c1e1e4559bdf45dca06a436a5002e10cb6335d""}"	2303	TOP200_COMMON4_SEED_COMPLETION	176
CANDIDATE_P1MCPUFP__CPUFP500K_0228__00225_8x6b_s42_ef12918051dc	337	candidate	P1MCPUFP__CPUFP500K_0228__00225		CANDIDATE_UNKNOWN	8x6b	42	a13b08282690c4c09be1ba774a1fbd31a821035c6e8df7a620256fb9fe5665cc	26-33	51-58	97-112	27,28,29,30,35,36,37,38,56,57,58,59,62,63,64,65,105,106,107,108,109,110,111,112,113,114,115,116,117	inputs/candidate_monomers/P1MCPUFP__CPUFP500K_0228__00225.pdb	frozen_nbb2_archive_extract	H	10b2403e0b560555030693a41b2cbd32d9eefb1d6a77e06eba94ac73d246db2d	inputs/normalized/8x6b_pvrig_receptor.pdb	T	L	A	UniProt_Q6DKI7	6e3411303a8196b0e07523e8d66724b2c6a9380dca7a347caa47b5632620a2a8	4c76f09ba6c24bc9c82a9a97a8fa1f279c4d5ce2a6d051dbf284751701c25880	8c55751f66ac2930ce115a9419321a2b2bed220b61af2e1671f7ac6e6a2e33b3	8c55751f66ac2930ce115a9419321a2b2bed220b61af2e1671f7ac6e6a2e33b3	ef12918051dcbac63b79dab42589119d2c3dca07e05e80e7a182ef2d02e12e06	"{""cfg_hash"":""6e3411303a8196b0e07523e8d66724b2c6a9380dca7a347caa47b5632620a2a8"",""conformation"":""8x6b"",""entity_id"":""P1MCPUFP__CPUFP500K_0228__00225"",""entity_type"":""candidate"",""monomer_sha256"":""10b2403e0b560555030693a41b2cbd32d9eefb1d6a77e06eba94ac73d246db2d"",""protocol_core_sha256"":""8c55751f66ac2930ce115a9419321a2b2bed220b61af2e1671f7ac6e6a2e33b3"",""restraint_hash"":""4c76f09ba6c24bc9c82a9a97a8fa1f279c4d5ce2a6d051dbf284751701c25880"",""seed"":42,""sequence_sha256"":""a13b08282690c4c09be1ba774a1fbd31a821035c6e8df7a620256fb9fe5665cc""}"	1686	TOP200_COMMON4_SEED_COMPLETION	177
CANDIDATE_P1MCPUFP__CPUFP500K_0228__00225_9e6y_s42_6c2293c26908	338	candidate	P1MCPUFP__CPUFP500K_0228__00225		CANDIDATE_UNKNOWN	9e6y	42	a13b08282690c4c09be1ba774a1fbd31a821035c6e8df7a620256fb9fe5665cc	26-33	51-58	97-112	27,28,29,30,35,36,37,38,56,57,58,59,62,63,64,65,105,106,107,108,109,110,111,112,113,114,115,116,117	inputs/candidate_monomers/P1MCPUFP__CPUFP500K_0228__00225.pdb	frozen_nbb2_archive_extract	H	10b2403e0b560555030693a41b2cbd32d9eefb1d6a77e06eba94ac73d246db2d	inputs/normalized/9e6y_pvrig_receptor.pdb	T	L	A	UniProt_Q6DKI7	7b597e4976340689606e650f7a864d1c028938e4a1d0c4201b7092f53302813a	4c76f09ba6c24bc9c82a9a97a8fa1f279c4d5ce2a6d051dbf284751701c25880	8c55751f66ac2930ce115a9419321a2b2bed220b61af2e1671f7ac6e6a2e33b3	8c55751f66ac2930ce115a9419321a2b2bed220b61af2e1671f7ac6e6a2e33b3	6c2293c26908a7cdd91a29e37cb03e2ec27d74cba96a02186701003c07bcbc03	"{""cfg_hash"":""7b597e4976340689606e650f7a864d1c028938e4a1d0c4201b7092f53302813a"",""conformation"":""9e6y"",""entity_id"":""P1MCPUFP__CPUFP500K_0228__00225"",""entity_type"":""candidate"",""monomer_sha256"":""10b2403e0b560555030693a41b2cbd32d9eefb1d6a77e06eba94ac73d246db2d"",""protocol_core_sha256"":""8c55751f66ac2930ce115a9419321a2b2bed220b61af2e1671f7ac6e6a2e33b3"",""restraint_hash"":""4c76f09ba6c24bc9c82a9a97a8fa1f279c4d5ce2a6d051dbf284751701c25880"",""seed"":42,""sequence_sha256"":""a13b08282690c4c09be1ba774a1fbd31a821035c6e8df7a620256fb9fe5665cc""}"	1686	TOP200_COMMON4_SEED_COMPLETION	177
CANDIDATE_P1MCPUFP__CPUFP500K_0228__00225_8x6b_s3047_26bb6510c1c1	339	candidate	P1MCPUFP__CPUFP500K_0228__00225		CANDIDATE_UNKNOWN	8x6b	3047	a13b08282690c4c09be1ba774a1fbd31a821035c6e8df7a620256fb9fe5665cc	26-33	51-58	97-112	27,28,29,30,35,36,37,38,56,57,58,59,62,63,64,65,105,106,107,108,109,110,111,112,113,114,115,116,117	inputs/candidate_monomers/P1MCPUFP__CPUFP500K_0228__00225.pdb	frozen_nbb2_archive_extract	H	10b2403e0b560555030693a41b2cbd32d9eefb1d6a77e06eba94ac73d246db2d	inputs/normalized/8x6b_pvrig_receptor.pdb	T	L	A	UniProt_Q6DKI7	21918201f2d7d8fd86e7fbe3003003c516ebb4de914b20d6f1f82a78554f6225	4c76f09ba6c24bc9c82a9a97a8fa1f279c4d5ce2a6d051dbf284751701c25880	8c55751f66ac2930ce115a9419321a2b2bed220b61af2e1671f7ac6e6a2e33b3	8c55751f66ac2930ce115a9419321a2b2bed220b61af2e1671f7ac6e6a2e33b3	26bb6510c1c133d3d8a27258835e524d36cec4f8f47664ed13b604af173cd110	"{""cfg_hash"":""21918201f2d7d8fd86e7fbe3003003c516ebb4de914b20d6f1f82a78554f6225"",""conformation"":""8x6b"",""entity_id"":""P1MCPUFP__CPUFP500K_0228__00225"",""entity_type"":""candidate"",""monomer_sha256"":""10b2403e0b560555030693a41b2cbd32d9eefb1d6a77e06eba94ac73d246db2d"",""protocol_core_sha256"":""8c55751f66ac2930ce115a9419321a2b2bed220b61af2e1671f7ac6e6a2e33b3"",""restraint_hash"":""4c76f09ba6c24bc9c82a9a97a8fa1f279c4d5ce2a6d051dbf284751701c25880"",""seed"":3047,""sequence_sha256"":""a13b08282690c4c09be1ba774a1fbd31a821035c6e8df7a620256fb9fe5665cc""}"	1686	TOP200_COMMON4_SEED_COMPLETION	177
CANDIDATE_P1MCPUFP__CPUFP500K_0228__00225_9e6y_s3047_43fd234b7ac1	340	candidate	P1MCPUFP__CPUFP500K_0228__00225		CANDIDATE_UNKNOWN	9e6y	3047	a13b08282690c4c09be1ba774a1fbd31a821035c6e8df7a620256fb9fe5665cc	26-33	51-58	97-112	27,28,29,30,35,36,37,38,56,57,58,59,62,63,64,65,105,106,107,108,109,110,111,112,113,114,115,116,117	inputs/candidate_monomers/P1MCPUFP__CPUFP500K_0228__00225.pdb	frozen_nbb2_archive_extract	H	10b2403e0b560555030693a41b2cbd32d9eefb1d6a77e06eba94ac73d246db2d	inputs/normalized/9e6y_pvrig_receptor.pdb	T	L	A	UniProt_Q6DKI7	036faa08876ef5dc8e4331507bf042bf828faae3f3cf5a5fd358a89d5fb215da	4c76f09ba6c24bc9c82a9a97a8fa1f279c4d5ce2a6d051dbf284751701c25880	8c55751f66ac2930ce115a9419321a2b2bed220b61af2e1671f7ac6e6a2e33b3	8c55751f66ac2930ce115a9419321a2b2bed220b61af2e1671f7ac6e6a2e33b3	43fd234b7ac13f8f35c7bbdf7c522ff314e1b7f1e6748c247a6378bc37d24eba	"{""cfg_hash"":""036faa08876ef5dc8e4331507bf042bf828faae3f3cf5a5fd358a89d5fb215da"",""conformation"":""9e6y"",""entity_id"":""P1MCPUFP__CPUFP500K_0228__00225"",""entity_type"":""candidate"",""monomer_sha256"":""10b2403e0b560555030693a41b2cbd32d9eefb1d6a77e06eba94ac73d246db2d"",""protocol_core_sha256"":""8c55751f66ac2930ce115a9419321a2b2bed220b61af2e1671f7ac6e6a2e33b3"",""restraint_hash"":""4c76f09ba6c24bc9c82a9a97a8fa1f279c4d5ce2a6d051dbf284751701c25880"",""seed"":3047,""sequence_sha256"":""a13b08282690c4c09be1ba774a1fbd31a821035c6e8df7a620256fb9fe5665cc""}"	1686	TOP200_COMMON4_SEED_COMPLETION	177
CANDIDATE_P1MCPUFP__CPUFP500K_0428__00820_8x6b_s42_fa541e52761e	341	candidate	P1MCPUFP__CPUFP500K_0428__00820		CANDIDATE_UNKNOWN	8x6b	42	8a03ca25517e0617e6203f7a040764dee67705bb6c6104ddde617c566e042f21	26-33	51-58	97-112	27,28,29,30,35,36,37,38,56,57,58,59,62,63,64,65,105,106,107,108,109,110,111,112,113,114,115,116,117	inputs/candidate_monomers/P1MCPUFP__CPUFP500K_0428__00820.pdb	frozen_nbb2_archive_extract	H	1d26ddf908bc713fe8e17df8b17b1186f84d15d14bdf0ba516259013fa74dbed	inputs/normalized/8x6b_pvrig_receptor.pdb	T	L	A	UniProt_Q6DKI7	6e3411303a8196b0e07523e8d66724b2c6a9380dca7a347caa47b5632620a2a8	4c76f09ba6c24bc9c82a9a97a8fa1f279c4d5ce2a6d051dbf284751701c25880	8c55751f66ac2930ce115a9419321a2b2bed220b61af2e1671f7ac6e6a2e33b3	8c55751f66ac2930ce115a9419321a2b2bed220b61af2e1671f7ac6e6a2e33b3	fa541e52761ea5d2b155f1ddc9b0dcdc375f3988538f86da6a3de97897e1759d	"{""cfg_hash"":""6e3411303a8196b0e07523e8d66724b2c6a9380dca7a347caa47b5632620a2a8"",""conformation"":""8x6b"",""entity_id"":""P1MCPUFP__CPUFP500K_0428__00820"",""entity_type"":""candidate"",""monomer_sha256"":""1d26ddf908bc713fe8e17df8b17b1186f84d15d14bdf0ba516259013fa74dbed"",""protocol_core_sha256"":""8c55751f66ac2930ce115a9419321a2b2bed220b61af2e1671f7ac6e6a2e33b3"",""restraint_hash"":""4c76f09ba6c24bc9c82a9a97a8fa1f279c4d5ce2a6d051dbf284751701c25880"",""seed"":42,""sequence_sha256"":""8a03ca25517e0617e6203f7a040764dee67705bb6c6104ddde617c566e042f21""}"	737	TOP200_COMMON4_SEED_COMPLETION	178
CANDIDATE_P1MCPUFP__CPUFP500K_0428__00820_9e6y_s42_a9667df2306d	342	candidate	P1MCPUFP__CPUFP500K_0428__00820		CANDIDATE_UNKNOWN	9e6y	42	8a03ca25517e0617e6203f7a040764dee67705bb6c6104ddde617c566e042f21	26-33	51-58	97-112	27,28,29,30,35,36,37,38,56,57,58,59,62,63,64,65,105,106,107,108,109,110,111,112,113,114,115,116,117	inputs/candidate_monomers/P1MCPUFP__CPUFP500K_0428__00820.pdb	frozen_nbb2_archive_extract	H	1d26ddf908bc713fe8e17df8b17b1186f84d15d14bdf0ba516259013fa74dbed	inputs/normalized/9e6y_pvrig_receptor.pdb	T	L	A	UniProt_Q6DKI7	7b597e4976340689606e650f7a864d1c028938e4a1d0c4201b7092f53302813a	4c76f09ba6c24bc9c82a9a97a8fa1f279c4d5ce2a6d051dbf284751701c25880	8c55751f66ac2930ce115a9419321a2b2bed220b61af2e1671f7ac6e6a2e33b3	8c55751f66ac2930ce115a9419321a2b2bed220b61af2e1671f7ac6e6a2e33b3	a9667df2306dd4840b81f3d1355ec5e1fc649634cc46502ac6286ff750e884ac	"{""cfg_hash"":""7b597e4976340689606e650f7a864d1c028938e4a1d0c4201b7092f53302813a"",""conformation"":""9e6y"",""entity_id"":""P1MCPUFP__CPUFP500K_0428__00820"",""entity_type"":""candidate"",""monomer_sha256"":""1d26ddf908bc713fe8e17df8b17b1186f84d15d14bdf0ba516259013fa74dbed"",""protocol_core_sha256"":""8c55751f66ac2930ce115a9419321a2b2bed220b61af2e1671f7ac6e6a2e33b3"",""restraint_hash"":""4c76f09ba6c24bc9c82a9a97a8fa1f279c4d5ce2a6d051dbf284751701c25880"",""seed"":42,""sequence_sha256"":""8a03ca25517e0617e6203f7a040764dee67705bb6c6104ddde617c566e042f21""}"	737	TOP200_COMMON4_SEED_COMPLETION	178
CANDIDATE_P1MCPUFP__CPUFP500K_0428__00820_8x6b_s3047_df6d221cd680	343	candidate	P1MCPUFP__CPUFP500K_0428__00820		CANDIDATE_UNKNOWN	8x6b	3047	8a03ca25517e0617e6203f7a040764dee67705bb6c6104ddde617c566e042f21	26-33	51-58	97-112	27,28,29,30,35,36,37,38,56,57,58,59,62,63,64,65,105,106,107,108,109,110,111,112,113,114,115,116,117	inputs/candidate_monomers/P1MCPUFP__CPUFP500K_0428__00820.pdb	frozen_nbb2_archive_extract	H	1d26ddf908bc713fe8e17df8b17b1186f84d15d14bdf0ba516259013fa74dbed	inputs/normalized/8x6b_pvrig_receptor.pdb	T	L	A	UniProt_Q6DKI7	21918201f2d7d8fd86e7fbe3003003c516ebb4de914b20d6f1f82a78554f6225	4c76f09ba6c24bc9c82a9a97a8fa1f279c4d5ce2a6d051dbf284751701c25880	8c55751f66ac2930ce115a9419321a2b2bed220b61af2e1671f7ac6e6a2e33b3	8c55751f66ac2930ce115a9419321a2b2bed220b61af2e1671f7ac6e6a2e33b3	df6d221cd68027f70f2cda8ace8997f88850483db9a79d0bff09f125724421f8	"{""cfg_hash"":""21918201f2d7d8fd86e7fbe3003003c516ebb4de914b20d6f1f82a78554f6225"",""conformation"":""8x6b"",""entity_id"":""P1MCPUFP__CPUFP500K_0428__00820"",""entity_type"":""candidate"",""monomer_sha256"":""1d26ddf908bc713fe8e17df8b17b1186f84d15d14bdf0ba516259013fa74dbed"",""protocol_core_sha256"":""8c55751f66ac2930ce115a9419321a2b2bed220b61af2e1671f7ac6e6a2e33b3"",""restraint_hash"":""4c76f09ba6c24bc9c82a9a97a8fa1f279c4d5ce2a6d051dbf284751701c25880"",""seed"":3047,""sequence_sha256"":""8a03ca25517e0617e6203f7a040764dee67705bb6c6104ddde617c566e042f21""}"	737	TOP200_COMMON4_SEED_COMPLETION	178
CANDIDATE_P1MCPUFP__CPUFP500K_0428__00820_9e6y_s3047_579cb3c425b1	344	candidate	P1MCPUFP__CPUFP500K_0428__00820		CANDIDATE_UNKNOWN	9e6y	3047	8a03ca25517e0617e6203f7a040764dee67705bb6c6104ddde617c566e042f21	26-33	51-58	97-112	27,28,29,30,35,36,37,38,56,57,58,59,62,63,64,65,105,106,107,108,109,110,111,112,113,114,115,116,117	inputs/candidate_monomers/P1MCPUFP__CPUFP500K_0428__00820.pdb	frozen_nbb2_archive_extract	H	1d26ddf908bc713fe8e17df8b17b1186f84d15d14bdf0ba516259013fa74dbed	inputs/normalized/9e6y_pvrig_receptor.pdb	T	L	A	UniProt_Q6DKI7	036faa08876ef5dc8e4331507bf042bf828faae3f3cf5a5fd358a89d5fb215da	4c76f09ba6c24bc9c82a9a97a8fa1f279c4d5ce2a6d051dbf284751701c25880	8c55751f66ac2930ce115a9419321a2b2bed220b61af2e1671f7ac6e6a2e33b3	8c55751f66ac2930ce115a9419321a2b2bed220b61af2e1671f7ac6e6a2e33b3	579cb3c425b104c382f05bf33d7b973c433073a5e4799234217293eb260ac03a	"{""cfg_hash"":""036faa08876ef5dc8e4331507bf042bf828faae3f3cf5a5fd358a89d5fb215da"",""conformation"":""9e6y"",""entity_id"":""P1MCPUFP__CPUFP500K_0428__00820"",""entity_type"":""candidate"",""monomer_sha256"":""1d26ddf908bc713fe8e17df8b17b1186f84d15d14bdf0ba516259013fa74dbed"",""protocol_core_sha256"":""8c55751f66ac2930ce115a9419321a2b2bed220b61af2e1671f7ac6e6a2e33b3"",""restraint_hash"":""4c76f09ba6c24bc9c82a9a97a8fa1f279c4d5ce2a6d051dbf284751701c25880"",""seed"":3047,""sequence_sha256"":""8a03ca25517e0617e6203f7a040764dee67705bb6c6104ddde617c566e042f21""}"	737	TOP200_COMMON4_SEED_COMPLETION	178
CANDIDATE_P1MCPUFP__CPUFP500K_0228__00645_8x6b_s42_7f134b32dce3	345	candidate	P1MCPUFP__CPUFP500K_0228__00645		CANDIDATE_UNKNOWN	8x6b	42	32a44d240ad60ffef2d933207858b376eec3383973cf5f9d81a801fce3b6ebbc	26-33	51-58	97-112	27,28,29,30,35,36,37,38,56,57,58,59,62,63,64,65,105,106,107,108,109,110,111,112,113,114,115,116,117	inputs/candidate_monomers/P1MCPUFP__CPUFP500K_0228__00645.pdb	frozen_nbb2_archive_extract	H	98aa96c65d25255b7885aefa48df9059324d97c2199920d46cd6e1a4af43a662	inputs/normalized/8x6b_pvrig_receptor.pdb	T	L	A	UniProt_Q6DKI7	6e3411303a8196b0e07523e8d66724b2c6a9380dca7a347caa47b5632620a2a8	4c76f09ba6c24bc9c82a9a97a8fa1f279c4d5ce2a6d051dbf284751701c25880	8c55751f66ac2930ce115a9419321a2b2bed220b61af2e1671f7ac6e6a2e33b3	8c55751f66ac2930ce115a9419321a2b2bed220b61af2e1671f7ac6e6a2e33b3	7f134b32dce3962ee31693ae907e0085c9fc213e8c8a5d1da4462b4be648f9e9	"{""cfg_hash"":""6e3411303a8196b0e07523e8d66724b2c6a9380dca7a347caa47b5632620a2a8"",""conformation"":""8x6b"",""entity_id"":""P1MCPUFP__CPUFP500K_0228__00645"",""entity_type"":""candidate"",""monomer_sha256"":""98aa96c65d25255b7885aefa48df9059324d97c2199920d46cd6e1a4af43a662"",""protocol_core_sha256"":""8c55751f66ac2930ce115a9419321a2b2bed220b61af2e1671f7ac6e6a2e33b3"",""restraint_hash"":""4c76f09ba6c24bc9c82a9a97a8fa1f279c4d5ce2a6d051dbf284751701c25880"",""seed"":42,""sequence_sha256"":""32a44d240ad60ffef2d933207858b376eec3383973cf5f9d81a801fce3b6ebbc""}"	2439	TOP200_COMMON4_SEED_COMPLETION	180
CANDIDATE_P1MCPUFP__CPUFP500K_0228__00645_9e6y_s42_f133b5f86bcb	346	candidate	P1MCPUFP__CPUFP500K_0228__00645		CANDIDATE_UNKNOWN	9e6y	42	32a44d240ad60ffef2d933207858b376eec3383973cf5f9d81a801fce3b6ebbc	26-33	51-58	97-112	27,28,29,30,35,36,37,38,56,57,58,59,62,63,64,65,105,106,107,108,109,110,111,112,113,114,115,116,117	inputs/candidate_monomers/P1MCPUFP__CPUFP500K_0228__00645.pdb	frozen_nbb2_archive_extract	H	98aa96c65d25255b7885aefa48df9059324d97c2199920d46cd6e1a4af43a662	inputs/normalized/9e6y_pvrig_receptor.pdb	T	L	A	UniProt_Q6DKI7	7b597e4976340689606e650f7a864d1c028938e4a1d0c4201b7092f53302813a	4c76f09ba6c24bc9c82a9a97a8fa1f279c4d5ce2a6d051dbf284751701c25880	8c55751f66ac2930ce115a9419321a2b2bed220b61af2e1671f7ac6e6a2e33b3	8c55751f66ac2930ce115a9419321a2b2bed220b61af2e1671f7ac6e6a2e33b3	f133b5f86bcb20970d1c39e2b0976636f28d8aeb7e2bc74dd7f19e4acd23ba96	"{""cfg_hash"":""7b597e4976340689606e650f7a864d1c028938e4a1d0c4201b7092f53302813a"",""conformation"":""9e6y"",""entity_id"":""P1MCPUFP__CPUFP500K_0228__00645"",""entity_type"":""candidate"",""monomer_sha256"":""98aa96c65d25255b7885aefa48df9059324d97c2199920d46cd6e1a4af43a662"",""protocol_core_sha256"":""8c55751f66ac2930ce115a9419321a2b2bed220b61af2e1671f7ac6e6a2e33b3"",""restraint_hash"":""4c76f09ba6c24bc9c82a9a97a8fa1f279c4d5ce2a6d051dbf284751701c25880"",""seed"":42,""sequence_sha256"":""32a44d240ad60ffef2d933207858b376eec3383973cf5f9d81a801fce3b6ebbc""}"	2439	TOP200_COMMON4_SEED_COMPLETION	180
CANDIDATE_P1MCPUFP__CPUFP500K_0228__00645_8x6b_s3047_224ae1b1db04	347	candidate	P1MCPUFP__CPUFP500K_0228__00645		CANDIDATE_UNKNOWN	8x6b	3047	32a44d240ad60ffef2d933207858b376eec3383973cf5f9d81a801fce3b6ebbc	26-33	51-58	97-112	27,28,29,30,35,36,37,38,56,57,58,59,62,63,64,65,105,106,107,108,109,110,111,112,113,114,115,116,117	inputs/candidate_monomers/P1MCPUFP__CPUFP500K_0228__00645.pdb	frozen_nbb2_archive_extract	H	98aa96c65d25255b7885aefa48df9059324d97c2199920d46cd6e1a4af43a662	inputs/normalized/8x6b_pvrig_receptor.pdb	T	L	A	UniProt_Q6DKI7	21918201f2d7d8fd86e7fbe3003003c516ebb4de914b20d6f1f82a78554f6225	4c76f09ba6c24bc9c82a9a97a8fa1f279c4d5ce2a6d051dbf284751701c25880	8c55751f66ac2930ce115a9419321a2b2bed220b61af2e1671f7ac6e6a2e33b3	8c55751f66ac2930ce115a9419321a2b2bed220b61af2e1671f7ac6e6a2e33b3	224ae1b1db04e72849a13512d6fddf8a9466a8bd30b0c1ef58c0af6834ca6746	"{""cfg_hash"":""21918201f2d7d8fd86e7fbe3003003c516ebb4de914b20d6f1f82a78554f6225"",""conformation"":""8x6b"",""entity_id"":""P1MCPUFP__CPUFP500K_0228__00645"",""entity_type"":""candidate"",""monomer_sha256"":""98aa96c65d25255b7885aefa48df9059324d97c2199920d46cd6e1a4af43a662"",""protocol_core_sha256"":""8c55751f66ac2930ce115a9419321a2b2bed220b61af2e1671f7ac6e6a2e33b3"",""restraint_hash"":""4c76f09ba6c24bc9c82a9a97a8fa1f279c4d5ce2a6d051dbf284751701c25880"",""seed"":3047,""sequence_sha256"":""32a44d240ad60ffef2d933207858b376eec3383973cf5f9d81a801fce3b6ebbc""}"	2439	TOP200_COMMON4_SEED_COMPLETION	180
CANDIDATE_P1MCPUFP__CPUFP500K_0228__00645_9e6y_s3047_b2cf8b2a18b6	348	candidate	P1MCPUFP__CPUFP500K_0228__00645		CANDIDATE_UNKNOWN	9e6y	3047	32a44d240ad60ffef2d933207858b376eec3383973cf5f9d81a801fce3b6ebbc	26-33	51-58	97-112	27,28,29,30,35,36,37,38,56,57,58,59,62,63,64,65,105,106,107,108,109,110,111,112,113,114,115,116,117	inputs/candidate_monomers/P1MCPUFP__CPUFP500K_0228__00645.pdb	frozen_nbb2_archive_extract	H	98aa96c65d25255b7885aefa48df9059324d97c2199920d46cd6e1a4af43a662	inputs/normalized/9e6y_pvrig_receptor.pdb	T	L	A	UniProt_Q6DKI7	036faa08876ef5dc8e4331507bf042bf828faae3f3cf5a5fd358a89d5fb215da	4c76f09ba6c24bc9c82a9a97a8fa1f279c4d5ce2a6d051dbf284751701c25880	8c55751f66ac2930ce115a9419321a2b2bed220b61af2e1671f7ac6e6a2e33b3	8c55751f66ac2930ce115a9419321a2b2bed220b61af2e1671f7ac6e6a2e33b3	b2cf8b2a18b6082b27e65fb98a34ea9ca6124c2d0a7abaa7e3abfd7bba227677	"{""cfg_hash"":""036faa08876ef5dc8e4331507bf042bf828faae3f3cf5a5fd358a89d5fb215da"",""conformation"":""9e6y"",""entity_id"":""P1MCPUFP__CPUFP500K_0228__00645"",""entity_type"":""candidate"",""monomer_sha256"":""98aa96c65d25255b7885aefa48df9059324d97c2199920d46cd6e1a4af43a662"",""protocol_core_sha256"":""8c55751f66ac2930ce115a9419321a2b2bed220b61af2e1671f7ac6e6a2e33b3"",""restraint_hash"":""4c76f09ba6c24bc9c82a9a97a8fa1f279c4d5ce2a6d051dbf284751701c25880"",""seed"":3047,""sequence_sha256"":""32a44d240ad60ffef2d933207858b376eec3383973cf5f9d81a801fce3b6ebbc""}"	2439	TOP200_COMMON4_SEED_COMPLETION	180
CANDIDATE_P1MCPUFP__CPUFP500K_0032__00343_8x6b_s42_01e298e60009	349	candidate	P1MCPUFP__CPUFP500K_0032__00343		CANDIDATE_UNKNOWN	8x6b	42	4275a2f3d1e350f2563fc6dae55eabcd14e8dc5aa9059ad08ee88f74e0dae9c6	26-33	51-58	97-112	27,28,29,30,35,36,37,38,56,57,58,59,62,63,64,65,105,106,107,108,109,110,111,112,113,114,115,116,117	inputs/candidate_monomers/P1MCPUFP__CPUFP500K_0032__00343.pdb	frozen_nbb2_archive_extract	H	2c7fbfa016a2272804daaa87e20fa8f9320644210c8fd9324278c7085a60e7e6	inputs/normalized/8x6b_pvrig_receptor.pdb	T	L	A	UniProt_Q6DKI7	6e3411303a8196b0e07523e8d66724b2c6a9380dca7a347caa47b5632620a2a8	4c76f09ba6c24bc9c82a9a97a8fa1f279c4d5ce2a6d051dbf284751701c25880	8c55751f66ac2930ce115a9419321a2b2bed220b61af2e1671f7ac6e6a2e33b3	8c55751f66ac2930ce115a9419321a2b2bed220b61af2e1671f7ac6e6a2e33b3	01e298e60009c415bd16bc8523b3290914c1f3517f34dbf73f7cb6ef8a1fae4d	"{""cfg_hash"":""6e3411303a8196b0e07523e8d66724b2c6a9380dca7a347caa47b5632620a2a8"",""conformation"":""8x6b"",""entity_id"":""P1MCPUFP__CPUFP500K_0032__00343"",""entity_type"":""candidate"",""monomer_sha256"":""2c7fbfa016a2272804daaa87e20fa8f9320644210c8fd9324278c7085a60e7e6"",""protocol_core_sha256"":""8c55751f66ac2930ce115a9419321a2b2bed220b61af2e1671f7ac6e6a2e33b3"",""restraint_hash"":""4c76f09ba6c24bc9c82a9a97a8fa1f279c4d5ce2a6d051dbf284751701c25880"",""seed"":42,""sequence_sha256"":""4275a2f3d1e350f2563fc6dae55eabcd14e8dc5aa9059ad08ee88f74e0dae9c6""}"	2304	TOP200_COMMON4_SEED_COMPLETION	181
CANDIDATE_P1MCPUFP__CPUFP500K_0032__00343_9e6y_s42_3823e181292c	350	candidate	P1MCPUFP__CPUFP500K_0032__00343		CANDIDATE_UNKNOWN	9e6y	42	4275a2f3d1e350f2563fc6dae55eabcd14e8dc5aa9059ad08ee88f74e0dae9c6	26-33	51-58	97-112	27,28,29,30,35,36,37,38,56,57,58,59,62,63,64,65,105,106,107,108,109,110,111,112,113,114,115,116,117	inputs/candidate_monomers/P1MCPUFP__CPUFP500K_0032__00343.pdb	frozen_nbb2_archive_extract	H	2c7fbfa016a2272804daaa87e20fa8f9320644210c8fd9324278c7085a60e7e6	inputs/normalized/9e6y_pvrig_receptor.pdb	T	L	A	UniProt_Q6DKI7	7b597e4976340689606e650f7a864d1c028938e4a1d0c4201b7092f53302813a	4c76f09ba6c24bc9c82a9a97a8fa1f279c4d5ce2a6d051dbf284751701c25880	8c55751f66ac2930ce115a9419321a2b2bed220b61af2e1671f7ac6e6a2e33b3	8c55751f66ac2930ce115a9419321a2b2bed220b61af2e1671f7ac6e6a2e33b3	3823e181292c417fbe2effb46186e705540a43c832b0be83a80dfcea4c97c710	"{""cfg_hash"":""7b597e4976340689606e650f7a864d1c028938e4a1d0c4201b7092f53302813a"",""conformation"":""9e6y"",""entity_id"":""P1MCPUFP__CPUFP500K_0032__00343"",""entity_type"":""candidate"",""monomer_sha256"":""2c7fbfa016a2272804daaa87e20fa8f9320644210c8fd9324278c7085a60e7e6"",""protocol_core_sha256"":""8c55751f66ac2930ce115a9419321a2b2bed220b61af2e1671f7ac6e6a2e33b3"",""restraint_hash"":""4c76f09ba6c24bc9c82a9a97a8fa1f279c4d5ce2a6d051dbf284751701c25880"",""seed"":42,""sequence_sha256"":""4275a2f3d1e350f2563fc6dae55eabcd14e8dc5aa9059ad08ee88f74e0dae9c6""}"	2304	TOP200_COMMON4_SEED_COMPLETION	181
CANDIDATE_P1MCPUFP__CPUFP500K_0032__00343_8x6b_s3047_5de0986878ee	351	candidate	P1MCPUFP__CPUFP500K_0032__00343		CANDIDATE_UNKNOWN	8x6b	3047	4275a2f3d1e350f2563fc6dae55eabcd14e8dc5aa9059ad08ee88f74e0dae9c6	26-33	51-58	97-112	27,28,29,30,35,36,37,38,56,57,58,59,62,63,64,65,105,106,107,108,109,110,111,112,113,114,115,116,117	inputs/candidate_monomers/P1MCPUFP__CPUFP500K_0032__00343.pdb	frozen_nbb2_archive_extract	H	2c7fbfa016a2272804daaa87e20fa8f9320644210c8fd9324278c7085a60e7e6	inputs/normalized/8x6b_pvrig_receptor.pdb	T	L	A	UniProt_Q6DKI7	21918201f2d7d8fd86e7fbe3003003c516ebb4de914b20d6f1f82a78554f6225	4c76f09ba6c24bc9c82a9a97a8fa1f279c4d5ce2a6d051dbf284751701c25880	8c55751f66ac2930ce115a9419321a2b2bed220b61af2e1671f7ac6e6a2e33b3	8c55751f66ac2930ce115a9419321a2b2bed220b61af2e1671f7ac6e6a2e33b3	5de0986878ee7d0c223b4e62ed05033f134a0d5b728310bcf239e69a67523429	"{""cfg_hash"":""21918201f2d7d8fd86e7fbe3003003c516ebb4de914b20d6f1f82a78554f6225"",""conformation"":""8x6b"",""entity_id"":""P1MCPUFP__CPUFP500K_0032__00343"",""entity_type"":""candidate"",""monomer_sha256"":""2c7fbfa016a2272804daaa87e20fa8f9320644210c8fd9324278c7085a60e7e6"",""protocol_core_sha256"":""8c55751f66ac2930ce115a9419321a2b2bed220b61af2e1671f7ac6e6a2e33b3"",""restraint_hash"":""4c76f09ba6c24bc9c82a9a97a8fa1f279c4d5ce2a6d051dbf284751701c25880"",""seed"":3047,""sequence_sha256"":""4275a2f3d1e350f2563fc6dae55eabcd14e8dc5aa9059ad08ee88f74e0dae9c6""}"	2304	TOP200_COMMON4_SEED_COMPLETION	181
CANDIDATE_P1MCPUFP__CPUFP500K_0032__00343_9e6y_s3047_702966d6226d	352	candidate	P1MCPUFP__CPUFP500K_0032__00343		CANDIDATE_UNKNOWN	9e6y	3047	4275a2f3d1e350f2563fc6dae55eabcd14e8dc5aa9059ad08ee88f74e0dae9c6	26-33	51-58	97-112	27,28,29,30,35,36,37,38,56,57,58,59,62,63,64,65,105,106,107,108,109,110,111,112,113,114,115,116,117	inputs/candidate_monomers/P1MCPUFP__CPUFP500K_0032__00343.pdb	frozen_nbb2_archive_extract	H	2c7fbfa016a2272804daaa87e20fa8f9320644210c8fd9324278c7085a60e7e6	inputs/normalized/9e6y_pvrig_receptor.pdb	T	L	A	UniProt_Q6DKI7	036faa08876ef5dc8e4331507bf042bf828faae3f3cf5a5fd358a89d5fb215da	4c76f09ba6c24bc9c82a9a97a8fa1f279c4d5ce2a6d051dbf284751701c25880	8c55751f66ac2930ce115a9419321a2b2bed220b61af2e1671f7ac6e6a2e33b3	8c55751f66ac2930ce115a9419321a2b2bed220b61af2e1671f7ac6e6a2e33b3	702966d6226d4611414bd68a40c0b2e40050bc6d9b039261a8c52f5126476bab	"{""cfg_hash"":""036faa08876ef5dc8e4331507bf042bf828faae3f3cf5a5fd358a89d5fb215da"",""conformation"":""9e6y"",""entity_id"":""P1MCPUFP__CPUFP500K_0032__00343"",""entity_type"":""candidate"",""monomer_sha256"":""2c7fbfa016a2272804daaa87e20fa8f9320644210c8fd9324278c7085a60e7e6"",""protocol_core_sha256"":""8c55751f66ac2930ce115a9419321a2b2bed220b61af2e1671f7ac6e6a2e33b3"",""restraint_hash"":""4c76f09ba6c24bc9c82a9a97a8fa1f279c4d5ce2a6d051dbf284751701c25880"",""seed"":3047,""sequence_sha256"":""4275a2f3d1e350f2563fc6dae55eabcd14e8dc5aa9059ad08ee88f74e0dae9c6""}"	2304	TOP200_COMMON4_SEED_COMPLETION	181
CANDIDATE_P1MCPUFP__CPUFP500K_0030__00704_8x6b_s42_8e1daea265fe	353	candidate	P1MCPUFP__CPUFP500K_0030__00704		CANDIDATE_UNKNOWN	8x6b	42	4851ff076425aa874ae60dd85e386bb5afb944e1805cacb019b1e78cf6a651a8	26-33	51-58	97-112	27,28,29,30,35,36,37,38,56,57,58,59,62,63,64,65,105,106,107,108,109,110,111,112,113,114,115,116,117	inputs/candidate_monomers/P1MCPUFP__CPUFP500K_0030__00704.pdb	frozen_nbb2_archive_extract	H	0f794f61138aaf42382418eeeee3670b9236b9098db890bcb72ad41e3af18d4a	inputs/normalized/8x6b_pvrig_receptor.pdb	T	L	A	UniProt_Q6DKI7	6e3411303a8196b0e07523e8d66724b2c6a9380dca7a347caa47b5632620a2a8	4c76f09ba6c24bc9c82a9a97a8fa1f279c4d5ce2a6d051dbf284751701c25880	8c55751f66ac2930ce115a9419321a2b2bed220b61af2e1671f7ac6e6a2e33b3	8c55751f66ac2930ce115a9419321a2b2bed220b61af2e1671f7ac6e6a2e33b3	8e1daea265fec99cd8af73ac91951eabbc1cfe201153809864f94e964dbce30e	"{""cfg_hash"":""6e3411303a8196b0e07523e8d66724b2c6a9380dca7a347caa47b5632620a2a8"",""conformation"":""8x6b"",""entity_id"":""P1MCPUFP__CPUFP500K_0030__00704"",""entity_type"":""candidate"",""monomer_sha256"":""0f794f61138aaf42382418eeeee3670b9236b9098db890bcb72ad41e3af18d4a"",""protocol_core_sha256"":""8c55751f66ac2930ce115a9419321a2b2bed220b61af2e1671f7ac6e6a2e33b3"",""restraint_hash"":""4c76f09ba6c24bc9c82a9a97a8fa1f279c4d5ce2a6d051dbf284751701c25880"",""seed"":42,""sequence_sha256"":""4851ff076425aa874ae60dd85e386bb5afb944e1805cacb019b1e78cf6a651a8""}"	4231	TOP200_COMMON4_SEED_COMPLETION	182
CANDIDATE_P1MCPUFP__CPUFP500K_0030__00704_9e6y_s42_81e31154f0e0	354	candidate	P1MCPUFP__CPUFP500K_0030__00704		CANDIDATE_UNKNOWN	9e6y	42	4851ff076425aa874ae60dd85e386bb5afb944e1805cacb019b1e78cf6a651a8	26-33	51-58	97-112	27,28,29,30,35,36,37,38,56,57,58,59,62,63,64,65,105,106,107,108,109,110,111,112,113,114,115,116,117	inputs/candidate_monomers/P1MCPUFP__CPUFP500K_0030__00704.pdb	frozen_nbb2_archive_extract	H	0f794f61138aaf42382418eeeee3670b9236b9098db890bcb72ad41e3af18d4a	inputs/normalized/9e6y_pvrig_receptor.pdb	T	L	A	UniProt_Q6DKI7	7b597e4976340689606e650f7a864d1c028938e4a1d0c4201b7092f53302813a	4c76f09ba6c24bc9c82a9a97a8fa1f279c4d5ce2a6d051dbf284751701c25880	8c55751f66ac2930ce115a9419321a2b2bed220b61af2e1671f7ac6e6a2e33b3	8c55751f66ac2930ce115a9419321a2b2bed220b61af2e1671f7ac6e6a2e33b3	81e31154f0e0a500be9e8f321d11df6b78b991097212880363cddb9758f2709e	"{""cfg_hash"":""7b597e4976340689606e650f7a864d1c028938e4a1d0c4201b7092f53302813a"",""conformation"":""9e6y"",""entity_id"":""P1MCPUFP__CPUFP500K_0030__00704"",""entity_type"":""candidate"",""monomer_sha256"":""0f794f61138aaf42382418eeeee3670b9236b9098db890bcb72ad41e3af18d4a"",""protocol_core_sha256"":""8c55751f66ac2930ce115a9419321a2b2bed220b61af2e1671f7ac6e6a2e33b3"",""restraint_hash"":""4c76f09ba6c24bc9c82a9a97a8fa1f279c4d5ce2a6d051dbf284751701c25880"",""seed"":42,""sequence_sha256"":""4851ff076425aa874ae60dd85e386bb5afb944e1805cacb019b1e78cf6a651a8""}"	4231	TOP200_COMMON4_SEED_COMPLETION	182
CANDIDATE_P1MCPUFP__CPUFP500K_0030__00704_8x6b_s3047_29da44755efe	355	candidate	P1MCPUFP__CPUFP500K_0030__00704		CANDIDATE_UNKNOWN	8x6b	3047	4851ff076425aa874ae60dd85e386bb5afb944e1805cacb019b1e78cf6a651a8	26-33	51-58	97-112	27,28,29,30,35,36,37,38,56,57,58,59,62,63,64,65,105,106,107,108,109,110,111,112,113,114,115,116,117	inputs/candidate_monomers/P1MCPUFP__CPUFP500K_0030__00704.pdb	frozen_nbb2_archive_extract	H	0f794f61138aaf42382418eeeee3670b9236b9098db890bcb72ad41e3af18d4a	inputs/normalized/8x6b_pvrig_receptor.pdb	T	L	A	UniProt_Q6DKI7	21918201f2d7d8fd86e7fbe3003003c516ebb4de914b20d6f1f82a78554f6225	4c76f09ba6c24bc9c82a9a97a8fa1f279c4d5ce2a6d051dbf284751701c25880	8c55751f66ac2930ce115a9419321a2b2bed220b61af2e1671f7ac6e6a2e33b3	8c55751f66ac2930ce115a9419321a2b2bed220b61af2e1671f7ac6e6a2e33b3	29da44755efe646aa45bf3020bc664b0acd34e0069ec47688d3fc86935ae4964	"{""cfg_hash"":""21918201f2d7d8fd86e7fbe3003003c516ebb4de914b20d6f1f82a78554f6225"",""conformation"":""8x6b"",""entity_id"":""P1MCPUFP__CPUFP500K_0030__00704"",""entity_type"":""candidate"",""monomer_sha256"":""0f794f61138aaf42382418eeeee3670b9236b9098db890bcb72ad41e3af18d4a"",""protocol_core_sha256"":""8c55751f66ac2930ce115a9419321a2b2bed220b61af2e1671f7ac6e6a2e33b3"",""restraint_hash"":""4c76f09ba6c24bc9c82a9a97a8fa1f279c4d5ce2a6d051dbf284751701c25880"",""seed"":3047,""sequence_sha256"":""4851ff076425aa874ae60dd85e386bb5afb944e1805cacb019b1e78cf6a651a8""}"	4231	TOP200_COMMON4_SEED_COMPLETION	182
CANDIDATE_P1MCPUFP__CPUFP500K_0030__00704_9e6y_s3047_6ab5c000d4bf	356	candidate	P1MCPUFP__CPUFP500K_0030__00704		CANDIDATE_UNKNOWN	9e6y	3047	4851ff076425aa874ae60dd85e386bb5afb944e1805cacb019b1e78cf6a651a8	26-33	51-58	97-112	27,28,29,30,35,36,37,38,56,57,58,59,62,63,64,65,105,106,107,108,109,110,111,112,113,114,115,116,117	inputs/candidate_monomers/P1MCPUFP__CPUFP500K_0030__00704.pdb	frozen_nbb2_archive_extract	H	0f794f61138aaf42382418eeeee3670b9236b9098db890bcb72ad41e3af18d4a	inputs/normalized/9e6y_pvrig_receptor.pdb	T	L	A	UniProt_Q6DKI7	036faa08876ef5dc8e4331507bf042bf828faae3f3cf5a5fd358a89d5fb215da	4c76f09ba6c24bc9c82a9a97a8fa1f279c4d5ce2a6d051dbf284751701c25880	8c55751f66ac2930ce115a9419321a2b2bed220b61af2e1671f7ac6e6a2e33b3	8c55751f66ac2930ce115a9419321a2b2bed220b61af2e1671f7ac6e6a2e33b3	6ab5c000d4bf0fa22a20634494c2e93e248d29ab924c0c19c6175ba1ddfeaee0	"{""cfg_hash"":""036faa08876ef5dc8e4331507bf042bf828faae3f3cf5a5fd358a89d5fb215da"",""conformation"":""9e6y"",""entity_id"":""P1MCPUFP__CPUFP500K_0030__00704"",""entity_type"":""candidate"",""monomer_sha256"":""0f794f61138aaf42382418eeeee3670b9236b9098db890bcb72ad41e3af18d4a"",""protocol_core_sha256"":""8c55751f66ac2930ce115a9419321a2b2bed220b61af2e1671f7ac6e6a2e33b3"",""restraint_hash"":""4c76f09ba6c24bc9c82a9a97a8fa1f279c4d5ce2a6d051dbf284751701c25880"",""seed"":3047,""sequence_sha256"":""4851ff076425aa874ae60dd85e386bb5afb944e1805cacb019b1e78cf6a651a8""}"	4231	TOP200_COMMON4_SEED_COMPLETION	182
CANDIDATE_P1MCPUFP__CPUFP500K_0428__00564_8x6b_s42_eec43975b0af	357	candidate	P1MCPUFP__CPUFP500K_0428__00564		CANDIDATE_UNKNOWN	8x6b	42	26dbc604c9261727e6eb5f749dae66dfa78d3ebce4b117fc1a796ef348a3ac2e	26-33	51-58	97-112	27,28,29,30,35,36,37,38,56,57,58,59,62,63,64,65,105,106,107,108,109,110,111,112,113,114,115,116,117	inputs/candidate_monomers/P1MCPUFP__CPUFP500K_0428__00564.pdb	frozen_nbb2_archive_extract	H	879f518ba0dc2ad540f82876c36e35460bb9819bbf024f7a718e2e0307c66227	inputs/normalized/8x6b_pvrig_receptor.pdb	T	L	A	UniProt_Q6DKI7	6e3411303a8196b0e07523e8d66724b2c6a9380dca7a347caa47b5632620a2a8	4c76f09ba6c24bc9c82a9a97a8fa1f279c4d5ce2a6d051dbf284751701c25880	8c55751f66ac2930ce115a9419321a2b2bed220b61af2e1671f7ac6e6a2e33b3	8c55751f66ac2930ce115a9419321a2b2bed220b61af2e1671f7ac6e6a2e33b3	eec43975b0af9bc580581b528b89fb5e675e6c54b6a0abd4d35519d8d29d7d66	"{""cfg_hash"":""6e3411303a8196b0e07523e8d66724b2c6a9380dca7a347caa47b5632620a2a8"",""conformation"":""8x6b"",""entity_id"":""P1MCPUFP__CPUFP500K_0428__00564"",""entity_type"":""candidate"",""monomer_sha256"":""879f518ba0dc2ad540f82876c36e35460bb9819bbf024f7a718e2e0307c66227"",""protocol_core_sha256"":""8c55751f66ac2930ce115a9419321a2b2bed220b61af2e1671f7ac6e6a2e33b3"",""restraint_hash"":""4c76f09ba6c24bc9c82a9a97a8fa1f279c4d5ce2a6d051dbf284751701c25880"",""seed"":42,""sequence_sha256"":""26dbc604c9261727e6eb5f749dae66dfa78d3ebce4b117fc1a796ef348a3ac2e""}"	3094	TOP200_COMMON4_SEED_COMPLETION	183
CANDIDATE_P1MCPUFP__CPUFP500K_0428__00564_9e6y_s42_154ce0d1ed32	358	candidate	P1MCPUFP__CPUFP500K_0428__00564		CANDIDATE_UNKNOWN	9e6y	42	26dbc604c9261727e6eb5f749dae66dfa78d3ebce4b117fc1a796ef348a3ac2e	26-33	51-58	97-112	27,28,29,30,35,36,37,38,56,57,58,59,62,63,64,65,105,106,107,108,109,110,111,112,113,114,115,116,117	inputs/candidate_monomers/P1MCPUFP__CPUFP500K_0428__00564.pdb	frozen_nbb2_archive_extract	H	879f518ba0dc2ad540f82876c36e35460bb9819bbf024f7a718e2e0307c66227	inputs/normalized/9e6y_pvrig_receptor.pdb	T	L	A	UniProt_Q6DKI7	7b597e4976340689606e650f7a864d1c028938e4a1d0c4201b7092f53302813a	4c76f09ba6c24bc9c82a9a97a8fa1f279c4d5ce2a6d051dbf284751701c25880	8c55751f66ac2930ce115a9419321a2b2bed220b61af2e1671f7ac6e6a2e33b3	8c55751f66ac2930ce115a9419321a2b2bed220b61af2e1671f7ac6e6a2e33b3	154ce0d1ed32d0b00244c8a70debd3c17d2b255a7684d0baccef139f3e047ead	"{""cfg_hash"":""7b597e4976340689606e650f7a864d1c028938e4a1d0c4201b7092f53302813a"",""conformation"":""9e6y"",""entity_id"":""P1MCPUFP__CPUFP500K_0428__00564"",""entity_type"":""candidate"",""monomer_sha256"":""879f518ba0dc2ad540f82876c36e35460bb9819bbf024f7a718e2e0307c66227"",""protocol_core_sha256"":""8c55751f66ac2930ce115a9419321a2b2bed220b61af2e1671f7ac6e6a2e33b3"",""restraint_hash"":""4c76f09ba6c24bc9c82a9a97a8fa1f279c4d5ce2a6d051dbf284751701c25880"",""seed"":42,""sequence_sha256"":""26dbc604c9261727e6eb5f749dae66dfa78d3ebce4b117fc1a796ef348a3ac2e""}"	3094	TOP200_COMMON4_SEED_COMPLETION	183
CANDIDATE_P1MCPUFP__CPUFP500K_0428__00564_8x6b_s3047_fbbc0f2cb07d	359	candidate	P1MCPUFP__CPUFP500K_0428__00564		CANDIDATE_UNKNOWN	8x6b	3047	26dbc604c9261727e6eb5f749dae66dfa78d3ebce4b117fc1a796ef348a3ac2e	26-33	51-58	97-112	27,28,29,30,35,36,37,38,56,57,58,59,62,63,64,65,105,106,107,108,109,110,111,112,113,114,115,116,117	inputs/candidate_monomers/P1MCPUFP__CPUFP500K_0428__00564.pdb	frozen_nbb2_archive_extract	H	879f518ba0dc2ad540f82876c36e35460bb9819bbf024f7a718e2e0307c66227	inputs/normalized/8x6b_pvrig_receptor.pdb	T	L	A	UniProt_Q6DKI7	21918201f2d7d8fd86e7fbe3003003c516ebb4de914b20d6f1f82a78554f6225	4c76f09ba6c24bc9c82a9a97a8fa1f279c4d5ce2a6d051dbf284751701c25880	8c55751f66ac2930ce115a9419321a2b2bed220b61af2e1671f7ac6e6a2e33b3	8c55751f66ac2930ce115a9419321a2b2bed220b61af2e1671f7ac6e6a2e33b3	fbbc0f2cb07d5066d5876b1cd3635ba7e3f7d933fc45984224093758f6fa3050	"{""cfg_hash"":""21918201f2d7d8fd86e7fbe3003003c516ebb4de914b20d6f1f82a78554f6225"",""conformation"":""8x6b"",""entity_id"":""P1MCPUFP__CPUFP500K_0428__00564"",""entity_type"":""candidate"",""monomer_sha256"":""879f518ba0dc2ad540f82876c36e35460bb9819bbf024f7a718e2e0307c66227"",""protocol_core_sha256"":""8c55751f66ac2930ce115a9419321a2b2bed220b61af2e1671f7ac6e6a2e33b3"",""restraint_hash"":""4c76f09ba6c24bc9c82a9a97a8fa1f279c4d5ce2a6d051dbf284751701c25880"",""seed"":3047,""sequence_sha256"":""26dbc604c9261727e6eb5f749dae66dfa78d3ebce4b117fc1a796ef348a3ac2e""}"	3094	TOP200_COMMON4_SEED_COMPLETION	183
CANDIDATE_P1MCPUFP__CPUFP500K_0428__00564_9e6y_s3047_5b38eef52a25	360	candidate	P1MCPUFP__CPUFP500K_0428__00564		CANDIDATE_UNKNOWN	9e6y	3047	26dbc604c9261727e6eb5f749dae66dfa78d3ebce4b117fc1a796ef348a3ac2e	26-33	51-58	97-112	27,28,29,30,35,36,37,38,56,57,58,59,62,63,64,65,105,106,107,108,109,110,111,112,113,114,115,116,117	inputs/candidate_monomers/P1MCPUFP__CPUFP500K_0428__00564.pdb	frozen_nbb2_archive_extract	H	879f518ba0dc2ad540f82876c36e35460bb9819bbf024f7a718e2e0307c66227	inputs/normalized/9e6y_pvrig_receptor.pdb	T	L	A	UniProt_Q6DKI7	036faa08876ef5dc8e4331507bf042bf828faae3f3cf5a5fd358a89d5fb215da	4c76f09ba6c24bc9c82a9a97a8fa1f279c4d5ce2a6d051dbf284751701c25880	8c55751f66ac2930ce115a9419321a2b2bed220b61af2e1671f7ac6e6a2e33b3	8c55751f66ac2930ce115a9419321a2b2bed220b61af2e1671f7ac6e6a2e33b3	5b38eef52a25333f9e52c95a8d1a10fa6c072a609cd8d7add0d0c1e2930b7802	"{""cfg_hash"":""036faa08876ef5dc8e4331507bf042bf828faae3f3cf5a5fd358a89d5fb215da"",""conformation"":""9e6y"",""entity_id"":""P1MCPUFP__CPUFP500K_0428__00564"",""entity_type"":""candidate"",""monomer_sha256"":""879f518ba0dc2ad540f82876c36e35460bb9819bbf024f7a718e2e0307c66227"",""protocol_core_sha256"":""8c55751f66ac2930ce115a9419321a2b2bed220b61af2e1671f7ac6e6a2e33b3"",""restraint_hash"":""4c76f09ba6c24bc9c82a9a97a8fa1f279c4d5ce2a6d051dbf284751701c25880"",""seed"":3047,""sequence_sha256"":""26dbc604c9261727e6eb5f749dae66dfa78d3ebce4b117fc1a796ef348a3ac2e""}"	3094	TOP200_COMMON4_SEED_COMPLETION	183
CANDIDATE_P1MCPUFP__CPUFP500K_0128__00800_8x6b_s42_c7d1d6dba3cd	361	candidate	P1MCPUFP__CPUFP500K_0128__00800		CANDIDATE_UNKNOWN	8x6b	42	33591962d323acf2d9277b0e058695d1cc2194759f276b50c21b8142df8458c6	26-33	51-58	97-112	27,28,29,30,35,36,37,38,56,57,58,59,62,63,64,65,105,106,107,108,109,110,111,112,113,114,115,116,117	inputs/candidate_monomers/P1MCPUFP__CPUFP500K_0128__00800.pdb	frozen_nbb2_archive_extract	H	e4ee25f68480ac5fc4af72eb83b3a07b6f6bf5667fde22e2085d10ed864f8416	inputs/normalized/8x6b_pvrig_receptor.pdb	T	L	A	UniProt_Q6DKI7	6e3411303a8196b0e07523e8d66724b2c6a9380dca7a347caa47b5632620a2a8	4c76f09ba6c24bc9c82a9a97a8fa1f279c4d5ce2a6d051dbf284751701c25880	8c55751f66ac2930ce115a9419321a2b2bed220b61af2e1671f7ac6e6a2e33b3	8c55751f66ac2930ce115a9419321a2b2bed220b61af2e1671f7ac6e6a2e33b3	c7d1d6dba3cd785149c02ff2018e2a1958ebc81b9ae6317a920f6904858e1e2d	"{""cfg_hash"":""6e3411303a8196b0e07523e8d66724b2c6a9380dca7a347caa47b5632620a2a8"",""conformation"":""8x6b"",""entity_id"":""P1MCPUFP__CPUFP500K_0128__00800"",""entity_type"":""candidate"",""monomer_sha256"":""e4ee25f68480ac5fc4af72eb83b3a07b6f6bf5667fde22e2085d10ed864f8416"",""protocol_core_sha256"":""8c55751f66ac2930ce115a9419321a2b2bed220b61af2e1671f7ac6e6a2e33b3"",""restraint_hash"":""4c76f09ba6c24bc9c82a9a97a8fa1f279c4d5ce2a6d051dbf284751701c25880"",""seed"":42,""sequence_sha256"":""33591962d323acf2d9277b0e058695d1cc2194759f276b50c21b8142df8458c6""}"	624	TOP200_COMMON4_SEED_COMPLETION	184
CANDIDATE_P1MCPUFP__CPUFP500K_0128__00800_9e6y_s42_daeb7dcd0e05	362	candidate	P1MCPUFP__CPUFP500K_0128__00800		CANDIDATE_UNKNOWN	9e6y	42	33591962d323acf2d9277b0e058695d1cc2194759f276b50c21b8142df8458c6	26-33	51-58	97-112	27,28,29,30,35,36,37,38,56,57,58,59,62,63,64,65,105,106,107,108,109,110,111,112,113,114,115,116,117	inputs/candidate_monomers/P1MCPUFP__CPUFP500K_0128__00800.pdb	frozen_nbb2_archive_extract	H	e4ee25f68480ac5fc4af72eb83b3a07b6f6bf5667fde22e2085d10ed864f8416	inputs/normalized/9e6y_pvrig_receptor.pdb	T	L	A	UniProt_Q6DKI7	7b597e4976340689606e650f7a864d1c028938e4a1d0c4201b7092f53302813a	4c76f09ba6c24bc9c82a9a97a8fa1f279c4d5ce2a6d051dbf284751701c25880	8c55751f66ac2930ce115a9419321a2b2bed220b61af2e1671f7ac6e6a2e33b3	8c55751f66ac2930ce115a9419321a2b2bed220b61af2e1671f7ac6e6a2e33b3	daeb7dcd0e054422309619339ecae9c3a94c26e23299180f5bdc532e26062aa7	"{""cfg_hash"":""7b597e4976340689606e650f7a864d1c028938e4a1d0c4201b7092f53302813a"",""conformation"":""9e6y"",""entity_id"":""P1MCPUFP__CPUFP500K_0128__00800"",""entity_type"":""candidate"",""monomer_sha256"":""e4ee25f68480ac5fc4af72eb83b3a07b6f6bf5667fde22e2085d10ed864f8416"",""protocol_core_sha256"":""8c55751f66ac2930ce115a9419321a2b2bed220b61af2e1671f7ac6e6a2e33b3"",""restraint_hash"":""4c76f09ba6c24bc9c82a9a97a8fa1f279c4d5ce2a6d051dbf284751701c25880"",""seed"":42,""sequence_sha256"":""33591962d323acf2d9277b0e058695d1cc2194759f276b50c21b8142df8458c6""}"	624	TOP200_COMMON4_SEED_COMPLETION	184
CANDIDATE_P1MCPUFP__CPUFP500K_0128__00800_8x6b_s3047_1268a6b306f3	363	candidate	P1MCPUFP__CPUFP500K_0128__00800		CANDIDATE_UNKNOWN	8x6b	3047	33591962d323acf2d9277b0e058695d1cc2194759f276b50c21b8142df8458c6	26-33	51-58	97-112	27,28,29,30,35,36,37,38,56,57,58,59,62,63,64,65,105,106,107,108,109,110,111,112,113,114,115,116,117	inputs/candidate_monomers/P1MCPUFP__CPUFP500K_0128__00800.pdb	frozen_nbb2_archive_extract	H	e4ee25f68480ac5fc4af72eb83b3a07b6f6bf5667fde22e2085d10ed864f8416	inputs/normalized/8x6b_pvrig_receptor.pdb	T	L	A	UniProt_Q6DKI7	21918201f2d7d8fd86e7fbe3003003c516ebb4de914b20d6f1f82a78554f6225	4c76f09ba6c24bc9c82a9a97a8fa1f279c4d5ce2a6d051dbf284751701c25880	8c55751f66ac2930ce115a9419321a2b2bed220b61af2e1671f7ac6e6a2e33b3	8c55751f66ac2930ce115a9419321a2b2bed220b61af2e1671f7ac6e6a2e33b3	1268a6b306f315861c27f06929a94c6a03177529e8dbb77a4b9610a2d6613a63	"{""cfg_hash"":""21918201f2d7d8fd86e7fbe3003003c516ebb4de914b20d6f1f82a78554f6225"",""conformation"":""8x6b"",""entity_id"":""P1MCPUFP__CPUFP500K_0128__00800"",""entity_type"":""candidate"",""monomer_sha256"":""e4ee25f68480ac5fc4af72eb83b3a07b6f6bf5667fde22e2085d10ed864f8416"",""protocol_core_sha256"":""8c55751f66ac2930ce115a9419321a2b2bed220b61af2e1671f7ac6e6a2e33b3"",""restraint_hash"":""4c76f09ba6c24bc9c82a9a97a8fa1f279c4d5ce2a6d051dbf284751701c25880"",""seed"":3047,""sequence_sha256"":""33591962d323acf2d9277b0e058695d1cc2194759f276b50c21b8142df8458c6""}"	624	TOP200_COMMON4_SEED_COMPLETION	184
CANDIDATE_P1MCPUFP__CPUFP500K_0128__00800_9e6y_s3047_fbebdfb84944	364	candidate	P1MCPUFP__CPUFP500K_0128__00800		CANDIDATE_UNKNOWN	9e6y	3047	33591962d323acf2d9277b0e058695d1cc2194759f276b50c21b8142df8458c6	26-33	51-58	97-112	27,28,29,30,35,36,37,38,56,57,58,59,62,63,64,65,105,106,107,108,109,110,111,112,113,114,115,116,117	inputs/candidate_monomers/P1MCPUFP__CPUFP500K_0128__00800.pdb	frozen_nbb2_archive_extract	H	e4ee25f68480ac5fc4af72eb83b3a07b6f6bf5667fde22e2085d10ed864f8416	inputs/normalized/9e6y_pvrig_receptor.pdb	T	L	A	UniProt_Q6DKI7	036faa08876ef5dc8e4331507bf042bf828faae3f3cf5a5fd358a89d5fb215da	4c76f09ba6c24bc9c82a9a97a8fa1f279c4d5ce2a6d051dbf284751701c25880	8c55751f66ac2930ce115a9419321a2b2bed220b61af2e1671f7ac6e6a2e33b3	8c55751f66ac2930ce115a9419321a2b2bed220b61af2e1671f7ac6e6a2e33b3	fbebdfb8494440289e4bece9369e4d07f853ac83b3ef327566dccbbb2d2ad446	"{""cfg_hash"":""036faa08876ef5dc8e4331507bf042bf828faae3f3cf5a5fd358a89d5fb215da"",""conformation"":""9e6y"",""entity_id"":""P1MCPUFP__CPUFP500K_0128__00800"",""entity_type"":""candidate"",""monomer_sha256"":""e4ee25f68480ac5fc4af72eb83b3a07b6f6bf5667fde22e2085d10ed864f8416"",""protocol_core_sha256"":""8c55751f66ac2930ce115a9419321a2b2bed220b61af2e1671f7ac6e6a2e33b3"",""restraint_hash"":""4c76f09ba6c24bc9c82a9a97a8fa1f279c4d5ce2a6d051dbf284751701c25880"",""seed"":3047,""sequence_sha256"":""33591962d323acf2d9277b0e058695d1cc2194759f276b50c21b8142df8458c6""}"	624	TOP200_COMMON4_SEED_COMPLETION	184
CANDIDATE_P1MCPUFP__CPUFP500K_0031__00686_8x6b_s42_a10bfac3cb67	365	candidate	P1MCPUFP__CPUFP500K_0031__00686		CANDIDATE_UNKNOWN	8x6b	42	45b5d921aefad81faa249352d9d56e487fa926c0b1e04284cd37e99d72a4e4c3	26-33	51-58	97-112	27,28,29,30,35,36,37,38,56,57,58,59,62,63,64,65,105,106,107,108,109,110,111,112,113,114,115,116,117	inputs/candidate_monomers/P1MCPUFP__CPUFP500K_0031__00686.pdb	frozen_nbb2_archive_extract	H	4b012dc05a58d90e6e49dce7c3ef5fb0d22b604cd409dc92614c826fc07f5366	inputs/normalized/8x6b_pvrig_receptor.pdb	T	L	A	UniProt_Q6DKI7	6e3411303a8196b0e07523e8d66724b2c6a9380dca7a347caa47b5632620a2a8	4c76f09ba6c24bc9c82a9a97a8fa1f279c4d5ce2a6d051dbf284751701c25880	8c55751f66ac2930ce115a9419321a2b2bed220b61af2e1671f7ac6e6a2e33b3	8c55751f66ac2930ce115a9419321a2b2bed220b61af2e1671f7ac6e6a2e33b3	a10bfac3cb67c8cdfb4f7775bf04c3de235427baf9f7cf170f5145acedcf79e7	"{""cfg_hash"":""6e3411303a8196b0e07523e8d66724b2c6a9380dca7a347caa47b5632620a2a8"",""conformation"":""8x6b"",""entity_id"":""P1MCPUFP__CPUFP500K_0031__00686"",""entity_type"":""candidate"",""monomer_sha256"":""4b012dc05a58d90e6e49dce7c3ef5fb0d22b604cd409dc92614c826fc07f5366"",""protocol_core_sha256"":""8c55751f66ac2930ce115a9419321a2b2bed220b61af2e1671f7ac6e6a2e33b3"",""restraint_hash"":""4c76f09ba6c24bc9c82a9a97a8fa1f279c4d5ce2a6d051dbf284751701c25880"",""seed"":42,""sequence_sha256"":""45b5d921aefad81faa249352d9d56e487fa926c0b1e04284cd37e99d72a4e4c3""}"	6895	TOP200_COMMON4_SEED_COMPLETION	185
CANDIDATE_P1MCPUFP__CPUFP500K_0031__00686_9e6y_s42_7774b334ed4d	366	candidate	P1MCPUFP__CPUFP500K_0031__00686		CANDIDATE_UNKNOWN	9e6y	42	45b5d921aefad81faa249352d9d56e487fa926c0b1e04284cd37e99d72a4e4c3	26-33	51-58	97-112	27,28,29,30,35,36,37,38,56,57,58,59,62,63,64,65,105,106,107,108,109,110,111,112,113,114,115,116,117	inputs/candidate_monomers/P1MCPUFP__CPUFP500K_0031__00686.pdb	frozen_nbb2_archive_extract	H	4b012dc05a58d90e6e49dce7c3ef5fb0d22b604cd409dc92614c826fc07f5366	inputs/normalized/9e6y_pvrig_receptor.pdb	T	L	A	UniProt_Q6DKI7	7b597e4976340689606e650f7a864d1c028938e4a1d0c4201b7092f53302813a	4c76f09ba6c24bc9c82a9a97a8fa1f279c4d5ce2a6d051dbf284751701c25880	8c55751f66ac2930ce115a9419321a2b2bed220b61af2e1671f7ac6e6a2e33b3	8c55751f66ac2930ce115a9419321a2b2bed220b61af2e1671f7ac6e6a2e33b3	7774b334ed4d84e9b729a5ed836be8fd86e9a40f2bae7dfad9768c403fafacaf	"{""cfg_hash"":""7b597e4976340689606e650f7a864d1c028938e4a1d0c4201b7092f53302813a"",""conformation"":""9e6y"",""entity_id"":""P1MCPUFP__CPUFP500K_0031__00686"",""entity_type"":""candidate"",""monomer_sha256"":""4b012dc05a58d90e6e49dce7c3ef5fb0d22b604cd409dc92614c826fc07f5366"",""protocol_core_sha256"":""8c55751f66ac2930ce115a9419321a2b2bed220b61af2e1671f7ac6e6a2e33b3"",""restraint_hash"":""4c76f09ba6c24bc9c82a9a97a8fa1f279c4d5ce2a6d051dbf284751701c25880"",""seed"":42,""sequence_sha256"":""45b5d921aefad81faa249352d9d56e487fa926c0b1e04284cd37e99d72a4e4c3""}"	6895	TOP200_COMMON4_SEED_COMPLETION	185
CANDIDATE_P1MCPUFP__CPUFP500K_0031__00686_8x6b_s3047_e22db7c54051	367	candidate	P1MCPUFP__CPUFP500K_0031__00686		CANDIDATE_UNKNOWN	8x6b	3047	45b5d921aefad81faa249352d9d56e487fa926c0b1e04284cd37e99d72a4e4c3	26-33	51-58	97-112	27,28,29,30,35,36,37,38,56,57,58,59,62,63,64,65,105,106,107,108,109,110,111,112,113,114,115,116,117	inputs/candidate_monomers/P1MCPUFP__CPUFP500K_0031__00686.pdb	frozen_nbb2_archive_extract	H	4b012dc05a58d90e6e49dce7c3ef5fb0d22b604cd409dc92614c826fc07f5366	inputs/normalized/8x6b_pvrig_receptor.pdb	T	L	A	UniProt_Q6DKI7	21918201f2d7d8fd86e7fbe3003003c516ebb4de914b20d6f1f82a78554f6225	4c76f09ba6c24bc9c82a9a97a8fa1f279c4d5ce2a6d051dbf284751701c25880	8c55751f66ac2930ce115a9419321a2b2bed220b61af2e1671f7ac6e6a2e33b3	8c55751f66ac2930ce115a9419321a2b2bed220b61af2e1671f7ac6e6a2e33b3	e22db7c5405109cbb061c8ba906f25e154af3cfed9833fd33b25aee886eaf319	"{""cfg_hash"":""21918201f2d7d8fd86e7fbe3003003c516ebb4de914b20d6f1f82a78554f6225"",""conformation"":""8x6b"",""entity_id"":""P1MCPUFP__CPUFP500K_0031__00686"",""entity_type"":""candidate"",""monomer_sha256"":""4b012dc05a58d90e6e49dce7c3ef5fb0d22b604cd409dc92614c826fc07f5366"",""protocol_core_sha256"":""8c55751f66ac2930ce115a9419321a2b2bed220b61af2e1671f7ac6e6a2e33b3"",""restraint_hash"":""4c76f09ba6c24bc9c82a9a97a8fa1f279c4d5ce2a6d051dbf284751701c25880"",""seed"":3047,""sequence_sha256"":""45b5d921aefad81faa249352d9d56e487fa926c0b1e04284cd37e99d72a4e4c3""}"	6895	TOP200_COMMON4_SEED_COMPLETION	185
CANDIDATE_P1MCPUFP__CPUFP500K_0031__00686_9e6y_s3047_013f465fbbf6	368	candidate	P1MCPUFP__CPUFP500K_0031__00686		CANDIDATE_UNKNOWN	9e6y	3047	45b5d921aefad81faa249352d9d56e487fa926c0b1e04284cd37e99d72a4e4c3	26-33	51-58	97-112	27,28,29,30,35,36,37,38,56,57,58,59,62,63,64,65,105,106,107,108,109,110,111,112,113,114,115,116,117	inputs/candidate_monomers/P1MCPUFP__CPUFP500K_0031__00686.pdb	frozen_nbb2_archive_extract	H	4b012dc05a58d90e6e49dce7c3ef5fb0d22b604cd409dc92614c826fc07f5366	inputs/normalized/9e6y_pvrig_receptor.pdb	T	L	A	UniProt_Q6DKI7	036faa08876ef5dc8e4331507bf042bf828faae3f3cf5a5fd358a89d5fb215da	4c76f09ba6c24bc9c82a9a97a8fa1f279c4d5ce2a6d051dbf284751701c25880	8c55751f66ac2930ce115a9419321a2b2bed220b61af2e1671f7ac6e6a2e33b3	8c55751f66ac2930ce115a9419321a2b2bed220b61af2e1671f7ac6e6a2e33b3	013f465fbbf6beceddc85a8dd11039d2971a5b700385ca71378d418bd1040972	"{""cfg_hash"":""036faa08876ef5dc8e4331507bf042bf828faae3f3cf5a5fd358a89d5fb215da"",""conformation"":""9e6y"",""entity_id"":""P1MCPUFP__CPUFP500K_0031__00686"",""entity_type"":""candidate"",""monomer_sha256"":""4b012dc05a58d90e6e49dce7c3ef5fb0d22b604cd409dc92614c826fc07f5366"",""protocol_core_sha256"":""8c55751f66ac2930ce115a9419321a2b2bed220b61af2e1671f7ac6e6a2e33b3"",""restraint_hash"":""4c76f09ba6c24bc9c82a9a97a8fa1f279c4d5ce2a6d051dbf284751701c25880"",""seed"":3047,""sequence_sha256"":""45b5d921aefad81faa249352d9d56e487fa926c0b1e04284cd37e99d72a4e4c3""}"	6895	TOP200_COMMON4_SEED_COMPLETION	185
CANDIDATE_P1MCPUFP__CPUFP500K_0128__00577_8x6b_s42_30facfcbdf71	369	candidate	P1MCPUFP__CPUFP500K_0128__00577		CANDIDATE_UNKNOWN	8x6b	42	ce265feb06938cbda016f90ceb3bcc4f34b15dcf8df367c600973e343b08e0f3	26-33	51-58	97-112	27,28,29,30,35,36,37,38,56,57,58,59,62,63,64,65,105,106,107,108,109,110,111,112,113,114,115,116,117	inputs/candidate_monomers/P1MCPUFP__CPUFP500K_0128__00577.pdb	frozen_nbb2_archive_extract	H	94ff4d58f42fe8af8103013626f8edd7df21d31aba23256bffc270bf6e08359c	inputs/normalized/8x6b_pvrig_receptor.pdb	T	L	A	UniProt_Q6DKI7	6e3411303a8196b0e07523e8d66724b2c6a9380dca7a347caa47b5632620a2a8	4c76f09ba6c24bc9c82a9a97a8fa1f279c4d5ce2a6d051dbf284751701c25880	8c55751f66ac2930ce115a9419321a2b2bed220b61af2e1671f7ac6e6a2e33b3	8c55751f66ac2930ce115a9419321a2b2bed220b61af2e1671f7ac6e6a2e33b3	30facfcbdf71118dde07b76b5a9e023fedb6559816835997d05b3ee7d67acf25	"{""cfg_hash"":""6e3411303a8196b0e07523e8d66724b2c6a9380dca7a347caa47b5632620a2a8"",""conformation"":""8x6b"",""entity_id"":""P1MCPUFP__CPUFP500K_0128__00577"",""entity_type"":""candidate"",""monomer_sha256"":""94ff4d58f42fe8af8103013626f8edd7df21d31aba23256bffc270bf6e08359c"",""protocol_core_sha256"":""8c55751f66ac2930ce115a9419321a2b2bed220b61af2e1671f7ac6e6a2e33b3"",""restraint_hash"":""4c76f09ba6c24bc9c82a9a97a8fa1f279c4d5ce2a6d051dbf284751701c25880"",""seed"":42,""sequence_sha256"":""ce265feb06938cbda016f90ceb3bcc4f34b15dcf8df367c600973e343b08e0f3""}"	556	TOP200_COMMON4_SEED_COMPLETION	186
CANDIDATE_P1MCPUFP__CPUFP500K_0128__00577_9e6y_s42_ab1d730dff62	370	candidate	P1MCPUFP__CPUFP500K_0128__00577		CANDIDATE_UNKNOWN	9e6y	42	ce265feb06938cbda016f90ceb3bcc4f34b15dcf8df367c600973e343b08e0f3	26-33	51-58	97-112	27,28,29,30,35,36,37,38,56,57,58,59,62,63,64,65,105,106,107,108,109,110,111,112,113,114,115,116,117	inputs/candidate_monomers/P1MCPUFP__CPUFP500K_0128__00577.pdb	frozen_nbb2_archive_extract	H	94ff4d58f42fe8af8103013626f8edd7df21d31aba23256bffc270bf6e08359c	inputs/normalized/9e6y_pvrig_receptor.pdb	T	L	A	UniProt_Q6DKI7	7b597e4976340689606e650f7a864d1c028938e4a1d0c4201b7092f53302813a	4c76f09ba6c24bc9c82a9a97a8fa1f279c4d5ce2a6d051dbf284751701c25880	8c55751f66ac2930ce115a9419321a2b2bed220b61af2e1671f7ac6e6a2e33b3	8c55751f66ac2930ce115a9419321a2b2bed220b61af2e1671f7ac6e6a2e33b3	ab1d730dff62b5671b4f9889053ca6502a9a1d03e1e3125a14add5beaf28cbfc	"{""cfg_hash"":""7b597e4976340689606e650f7a864d1c028938e4a1d0c4201b7092f53302813a"",""conformation"":""9e6y"",""entity_id"":""P1MCPUFP__CPUFP500K_0128__00577"",""entity_type"":""candidate"",""monomer_sha256"":""94ff4d58f42fe8af8103013626f8edd7df21d31aba23256bffc270bf6e08359c"",""protocol_core_sha256"":""8c55751f66ac2930ce115a9419321a2b2bed220b61af2e1671f7ac6e6a2e33b3"",""restraint_hash"":""4c76f09ba6c24bc9c82a9a97a8fa1f279c4d5ce2a6d051dbf284751701c25880"",""seed"":42,""sequence_sha256"":""ce265feb06938cbda016f90ceb3bcc4f34b15dcf8df367c600973e343b08e0f3""}"	556	TOP200_COMMON4_SEED_COMPLETION	186
CANDIDATE_P1MCPUFP__CPUFP500K_0128__00577_8x6b_s3047_7a91d619cc28	371	candidate	P1MCPUFP__CPUFP500K_0128__00577		CANDIDATE_UNKNOWN	8x6b	3047	ce265feb06938cbda016f90ceb3bcc4f34b15dcf8df367c600973e343b08e0f3	26-33	51-58	97-112	27,28,29,30,35,36,37,38,56,57,58,59,62,63,64,65,105,106,107,108,109,110,111,112,113,114,115,116,117	inputs/candidate_monomers/P1MCPUFP__CPUFP500K_0128__00577.pdb	frozen_nbb2_archive_extract	H	94ff4d58f42fe8af8103013626f8edd7df21d31aba23256bffc270bf6e08359c	inputs/normalized/8x6b_pvrig_receptor.pdb	T	L	A	UniProt_Q6DKI7	21918201f2d7d8fd86e7fbe3003003c516ebb4de914b20d6f1f82a78554f6225	4c76f09ba6c24bc9c82a9a97a8fa1f279c4d5ce2a6d051dbf284751701c25880	8c55751f66ac2930ce115a9419321a2b2bed220b61af2e1671f7ac6e6a2e33b3	8c55751f66ac2930ce115a9419321a2b2bed220b61af2e1671f7ac6e6a2e33b3	7a91d619cc281ee6a12284206b16e9e314805b2c413d948f416c49f74989b824	"{""cfg_hash"":""21918201f2d7d8fd86e7fbe3003003c516ebb4de914b20d6f1f82a78554f6225"",""conformation"":""8x6b"",""entity_id"":""P1MCPUFP__CPUFP500K_0128__00577"",""entity_type"":""candidate"",""monomer_sha256"":""94ff4d58f42fe8af8103013626f8edd7df21d31aba23256bffc270bf6e08359c"",""protocol_core_sha256"":""8c55751f66ac2930ce115a9419321a2b2bed220b61af2e1671f7ac6e6a2e33b3"",""restraint_hash"":""4c76f09ba6c24bc9c82a9a97a8fa1f279c4d5ce2a6d051dbf284751701c25880"",""seed"":3047,""sequence_sha256"":""ce265feb06938cbda016f90ceb3bcc4f34b15dcf8df367c600973e343b08e0f3""}"	556	TOP200_COMMON4_SEED_COMPLETION	186
CANDIDATE_P1MCPUFP__CPUFP500K_0128__00577_9e6y_s3047_d46b0a74e489	372	candidate	P1MCPUFP__CPUFP500K_0128__00577		CANDIDATE_UNKNOWN	9e6y	3047	ce265feb06938cbda016f90ceb3bcc4f34b15dcf8df367c600973e343b08e0f3	26-33	51-58	97-112	27,28,29,30,35,36,37,38,56,57,58,59,62,63,64,65,105,106,107,108,109,110,111,112,113,114,115,116,117	inputs/candidate_monomers/P1MCPUFP__CPUFP500K_0128__00577.pdb	frozen_nbb2_archive_extract	H	94ff4d58f42fe8af8103013626f8edd7df21d31aba23256bffc270bf6e08359c	inputs/normalized/9e6y_pvrig_receptor.pdb	T	L	A	UniProt_Q6DKI7	036faa08876ef5dc8e4331507bf042bf828faae3f3cf5a5fd358a89d5fb215da	4c76f09ba6c24bc9c82a9a97a8fa1f279c4d5ce2a6d051dbf284751701c25880	8c55751f66ac2930ce115a9419321a2b2bed220b61af2e1671f7ac6e6a2e33b3	8c55751f66ac2930ce115a9419321a2b2bed220b61af2e1671f7ac6e6a2e33b3	d46b0a74e48953e928d40e4693993a3566f10c178df97dd71e95f918161060e8	"{""cfg_hash"":""036faa08876ef5dc8e4331507bf042bf828faae3f3cf5a5fd358a89d5fb215da"",""conformation"":""9e6y"",""entity_id"":""P1MCPUFP__CPUFP500K_0128__00577"",""entity_type"":""candidate"",""monomer_sha256"":""94ff4d58f42fe8af8103013626f8edd7df21d31aba23256bffc270bf6e08359c"",""protocol_core_sha256"":""8c55751f66ac2930ce115a9419321a2b2bed220b61af2e1671f7ac6e6a2e33b3"",""restraint_hash"":""4c76f09ba6c24bc9c82a9a97a8fa1f279c4d5ce2a6d051dbf284751701c25880"",""seed"":3047,""sequence_sha256"":""ce265feb06938cbda016f90ceb3bcc4f34b15dcf8df367c600973e343b08e0f3""}"	556	TOP200_COMMON4_SEED_COMPLETION	186
CANDIDATE_P1MCPUFP__CPUFP500K_0228__00933_8x6b_s42_27e6b387d64d	373	candidate	P1MCPUFP__CPUFP500K_0228__00933		CANDIDATE_UNKNOWN	8x6b	42	dc4a278418fc740e2ae6b8b1ca7783ed9cb87fae47e115b19317cbdcf305e343	26-33	51-58	97-112	27,28,29,30,35,36,37,38,56,57,58,59,62,63,64,65,105,106,107,108,109,110,111,112,113,114,115,116,117	inputs/candidate_monomers/P1MCPUFP__CPUFP500K_0228__00933.pdb	frozen_nbb2_archive_extract	H	98076f852c68e055150ffa6cc5405d5950310e2f6783204c2d94b3a9a172ebd4	inputs/normalized/8x6b_pvrig_receptor.pdb	T	L	A	UniProt_Q6DKI7	6e3411303a8196b0e07523e8d66724b2c6a9380dca7a347caa47b5632620a2a8	4c76f09ba6c24bc9c82a9a97a8fa1f279c4d5ce2a6d051dbf284751701c25880	8c55751f66ac2930ce115a9419321a2b2bed220b61af2e1671f7ac6e6a2e33b3	8c55751f66ac2930ce115a9419321a2b2bed220b61af2e1671f7ac6e6a2e33b3	27e6b387d64db384e6ed036e6bd1e01705abf7b00b1ffc8102cb1428f991bb2b	"{""cfg_hash"":""6e3411303a8196b0e07523e8d66724b2c6a9380dca7a347caa47b5632620a2a8"",""conformation"":""8x6b"",""entity_id"":""P1MCPUFP__CPUFP500K_0228__00933"",""entity_type"":""candidate"",""monomer_sha256"":""98076f852c68e055150ffa6cc5405d5950310e2f6783204c2d94b3a9a172ebd4"",""protocol_core_sha256"":""8c55751f66ac2930ce115a9419321a2b2bed220b61af2e1671f7ac6e6a2e33b3"",""restraint_hash"":""4c76f09ba6c24bc9c82a9a97a8fa1f279c4d5ce2a6d051dbf284751701c25880"",""seed"":42,""sequence_sha256"":""dc4a278418fc740e2ae6b8b1ca7783ed9cb87fae47e115b19317cbdcf305e343""}"	782	TOP200_COMMON4_SEED_COMPLETION	187
CANDIDATE_P1MCPUFP__CPUFP500K_0228__00933_9e6y_s42_d44a97355d0e	374	candidate	P1MCPUFP__CPUFP500K_0228__00933		CANDIDATE_UNKNOWN	9e6y	42	dc4a278418fc740e2ae6b8b1ca7783ed9cb87fae47e115b19317cbdcf305e343	26-33	51-58	97-112	27,28,29,30,35,36,37,38,56,57,58,59,62,63,64,65,105,106,107,108,109,110,111,112,113,114,115,116,117	inputs/candidate_monomers/P1MCPUFP__CPUFP500K_0228__00933.pdb	frozen_nbb2_archive_extract	H	98076f852c68e055150ffa6cc5405d5950310e2f6783204c2d94b3a9a172ebd4	inputs/normalized/9e6y_pvrig_receptor.pdb	T	L	A	UniProt_Q6DKI7	7b597e4976340689606e650f7a864d1c028938e4a1d0c4201b7092f53302813a	4c76f09ba6c24bc9c82a9a97a8fa1f279c4d5ce2a6d051dbf284751701c25880	8c55751f66ac2930ce115a9419321a2b2bed220b61af2e1671f7ac6e6a2e33b3	8c55751f66ac2930ce115a9419321a2b2bed220b61af2e1671f7ac6e6a2e33b3	d44a97355d0e9bfe57e3aaadd8fa35b2c53e57641a523fc491639e6f96dfc748	"{""cfg_hash"":""7b597e4976340689606e650f7a864d1c028938e4a1d0c4201b7092f53302813a"",""conformation"":""9e6y"",""entity_id"":""P1MCPUFP__CPUFP500K_0228__00933"",""entity_type"":""candidate"",""monomer_sha256"":""98076f852c68e055150ffa6cc5405d5950310e2f6783204c2d94b3a9a172ebd4"",""protocol_core_sha256"":""8c55751f66ac2930ce115a9419321a2b2bed220b61af2e1671f7ac6e6a2e33b3"",""restraint_hash"":""4c76f09ba6c24bc9c82a9a97a8fa1f279c4d5ce2a6d051dbf284751701c25880"",""seed"":42,""sequence_sha256"":""dc4a278418fc740e2ae6b8b1ca7783ed9cb87fae47e115b19317cbdcf305e343""}"	782	TOP200_COMMON4_SEED_COMPLETION	187
CANDIDATE_P1MCPUFP__CPUFP500K_0228__00933_8x6b_s3047_d4981a539985	375	candidate	P1MCPUFP__CPUFP500K_0228__00933		CANDIDATE_UNKNOWN	8x6b	3047	dc4a278418fc740e2ae6b8b1ca7783ed9cb87fae47e115b19317cbdcf305e343	26-33	51-58	97-112	27,28,29,30,35,36,37,38,56,57,58,59,62,63,64,65,105,106,107,108,109,110,111,112,113,114,115,116,117	inputs/candidate_monomers/P1MCPUFP__CPUFP500K_0228__00933.pdb	frozen_nbb2_archive_extract	H	98076f852c68e055150ffa6cc5405d5950310e2f6783204c2d94b3a9a172ebd4	inputs/normalized/8x6b_pvrig_receptor.pdb	T	L	A	UniProt_Q6DKI7	21918201f2d7d8fd86e7fbe3003003c516ebb4de914b20d6f1f82a78554f6225	4c76f09ba6c24bc9c82a9a97a8fa1f279c4d5ce2a6d051dbf284751701c25880	8c55751f66ac2930ce115a9419321a2b2bed220b61af2e1671f7ac6e6a2e33b3	8c55751f66ac2930ce115a9419321a2b2bed220b61af2e1671f7ac6e6a2e33b3	d4981a53998583d911efa0e9ee94ac527921c5189292f39bfc61da42a7c23a94	"{""cfg_hash"":""21918201f2d7d8fd86e7fbe3003003c516ebb4de914b20d6f1f82a78554f6225"",""conformation"":""8x6b"",""entity_id"":""P1MCPUFP__CPUFP500K_0228__00933"",""entity_type"":""candidate"",""monomer_sha256"":""98076f852c68e055150ffa6cc5405d5950310e2f6783204c2d94b3a9a172ebd4"",""protocol_core_sha256"":""8c55751f66ac2930ce115a9419321a2b2bed220b61af2e1671f7ac6e6a2e33b3"",""restraint_hash"":""4c76f09ba6c24bc9c82a9a97a8fa1f279c4d5ce2a6d051dbf284751701c25880"",""seed"":3047,""sequence_sha256"":""dc4a278418fc740e2ae6b8b1ca7783ed9cb87fae47e115b19317cbdcf305e343""}"	782	TOP200_COMMON4_SEED_COMPLETION	187
CANDIDATE_P1MCPUFP__CPUFP500K_0228__00933_9e6y_s3047_2ec8ec58b5af	376	candidate	P1MCPUFP__CPUFP500K_0228__00933		CANDIDATE_UNKNOWN	9e6y	3047	dc4a278418fc740e2ae6b8b1ca7783ed9cb87fae47e115b19317cbdcf305e343	26-33	51-58	97-112	27,28,29,30,35,36,37,38,56,57,58,59,62,63,64,65,105,106,107,108,109,110,111,112,113,114,115,116,117	inputs/candidate_monomers/P1MCPUFP__CPUFP500K_0228__00933.pdb	frozen_nbb2_archive_extract	H	98076f852c68e055150ffa6cc5405d5950310e2f6783204c2d94b3a9a172ebd4	inputs/normalized/9e6y_pvrig_receptor.pdb	T	L	A	UniProt_Q6DKI7	036faa08876ef5dc8e4331507bf042bf828faae3f3cf5a5fd358a89d5fb215da	4c76f09ba6c24bc9c82a9a97a8fa1f279c4d5ce2a6d051dbf284751701c25880	8c55751f66ac2930ce115a9419321a2b2bed220b61af2e1671f7ac6e6a2e33b3	8c55751f66ac2930ce115a9419321a2b2bed220b61af2e1671f7ac6e6a2e33b3	2ec8ec58b5af17acf7f5cd9fc0cbb76ef814f93252ea4ba0a97543ba91c0796b	"{""cfg_hash"":""036faa08876ef5dc8e4331507bf042bf828faae3f3cf5a5fd358a89d5fb215da"",""conformation"":""9e6y"",""entity_id"":""P1MCPUFP__CPUFP500K_0228__00933"",""entity_type"":""candidate"",""monomer_sha256"":""98076f852c68e055150ffa6cc5405d5950310e2f6783204c2d94b3a9a172ebd4"",""protocol_core_sha256"":""8c55751f66ac2930ce115a9419321a2b2bed220b61af2e1671f7ac6e6a2e33b3"",""restraint_hash"":""4c76f09ba6c24bc9c82a9a97a8fa1f279c4d5ce2a6d051dbf284751701c25880"",""seed"":3047,""sequence_sha256"":""dc4a278418fc740e2ae6b8b1ca7783ed9cb87fae47e115b19317cbdcf305e343""}"	782	TOP200_COMMON4_SEED_COMPLETION	187
CANDIDATE_P1MCPUFP__CPUFP500K_0234__00397_8x6b_s42_a5583e5c1d6d	377	candidate	P1MCPUFP__CPUFP500K_0234__00397		CANDIDATE_UNKNOWN	8x6b	42	46ef2aa88d59da2d82fc060c92959b42a2e8144ed47eae60c0371c64039ed8be	26-33	51-58	97-112	27,28,29,30,35,36,37,38,56,57,58,59,62,63,64,65,105,106,107,108,109,110,111,112,113,114,115,116,117	inputs/candidate_monomers/P1MCPUFP__CPUFP500K_0234__00397.pdb	frozen_nbb2_archive_extract	H	75c2942998a3fa295f91b64be80d925dcd3e4141797282c5a3a7e6645791a2bc	inputs/normalized/8x6b_pvrig_receptor.pdb	T	L	A	UniProt_Q6DKI7	6e3411303a8196b0e07523e8d66724b2c6a9380dca7a347caa47b5632620a2a8	4c76f09ba6c24bc9c82a9a97a8fa1f279c4d5ce2a6d051dbf284751701c25880	8c55751f66ac2930ce115a9419321a2b2bed220b61af2e1671f7ac6e6a2e33b3	8c55751f66ac2930ce115a9419321a2b2bed220b61af2e1671f7ac6e6a2e33b3	a5583e5c1d6de413d13abc2853db8e8f0ef24ff12dd5b418e020cf98629fdfe8	"{""cfg_hash"":""6e3411303a8196b0e07523e8d66724b2c6a9380dca7a347caa47b5632620a2a8"",""conformation"":""8x6b"",""entity_id"":""P1MCPUFP__CPUFP500K_0234__00397"",""entity_type"":""candidate"",""monomer_sha256"":""75c2942998a3fa295f91b64be80d925dcd3e4141797282c5a3a7e6645791a2bc"",""protocol_core_sha256"":""8c55751f66ac2930ce115a9419321a2b2bed220b61af2e1671f7ac6e6a2e33b3"",""restraint_hash"":""4c76f09ba6c24bc9c82a9a97a8fa1f279c4d5ce2a6d051dbf284751701c25880"",""seed"":42,""sequence_sha256"":""46ef2aa88d59da2d82fc060c92959b42a2e8144ed47eae60c0371c64039ed8be""}"	3032	TOP200_COMMON4_SEED_COMPLETION	188
CANDIDATE_P1MCPUFP__CPUFP500K_0234__00397_9e6y_s42_47bf3aed86dc	378	candidate	P1MCPUFP__CPUFP500K_0234__00397		CANDIDATE_UNKNOWN	9e6y	42	46ef2aa88d59da2d82fc060c92959b42a2e8144ed47eae60c0371c64039ed8be	26-33	51-58	97-112	27,28,29,30,35,36,37,38,56,57,58,59,62,63,64,65,105,106,107,108,109,110,111,112,113,114,115,116,117	inputs/candidate_monomers/P1MCPUFP__CPUFP500K_0234__00397.pdb	frozen_nbb2_archive_extract	H	75c2942998a3fa295f91b64be80d925dcd3e4141797282c5a3a7e6645791a2bc	inputs/normalized/9e6y_pvrig_receptor.pdb	T	L	A	UniProt_Q6DKI7	7b597e4976340689606e650f7a864d1c028938e4a1d0c4201b7092f53302813a	4c76f09ba6c24bc9c82a9a97a8fa1f279c4d5ce2a6d051dbf284751701c25880	8c55751f66ac2930ce115a9419321a2b2bed220b61af2e1671f7ac6e6a2e33b3	8c55751f66ac2930ce115a9419321a2b2bed220b61af2e1671f7ac6e6a2e33b3	47bf3aed86dc3fb0f715f1844ed32e4e5bae79566e7bc906afab7214bbfbd363	"{""cfg_hash"":""7b597e4976340689606e650f7a864d1c028938e4a1d0c4201b7092f53302813a"",""conformation"":""9e6y"",""entity_id"":""P1MCPUFP__CPUFP500K_0234__00397"",""entity_type"":""candidate"",""monomer_sha256"":""75c2942998a3fa295f91b64be80d925dcd3e4141797282c5a3a7e6645791a2bc"",""protocol_core_sha256"":""8c55751f66ac2930ce115a9419321a2b2bed220b61af2e1671f7ac6e6a2e33b3"",""restraint_hash"":""4c76f09ba6c24bc9c82a9a97a8fa1f279c4d5ce2a6d051dbf284751701c25880"",""seed"":42,""sequence_sha256"":""46ef2aa88d59da2d82fc060c92959b42a2e8144ed47eae60c0371c64039ed8be""}"	3032	TOP200_COMMON4_SEED_COMPLETION	188
CANDIDATE_P1MCPUFP__CPUFP500K_0234__00397_8x6b_s3047_c54b08da8d2d	379	candidate	P1MCPUFP__CPUFP500K_0234__00397		CANDIDATE_UNKNOWN	8x6b	3047	46ef2aa88d59da2d82fc060c92959b42a2e8144ed47eae60c0371c64039ed8be	26-33	51-58	97-112	27,28,29,30,35,36,37,38,56,57,58,59,62,63,64,65,105,106,107,108,109,110,111,112,113,114,115,116,117	inputs/candidate_monomers/P1MCPUFP__CPUFP500K_0234__00397.pdb	frozen_nbb2_archive_extract	H	75c2942998a3fa295f91b64be80d925dcd3e4141797282c5a3a7e6645791a2bc	inputs/normalized/8x6b_pvrig_receptor.pdb	T	L	A	UniProt_Q6DKI7	21918201f2d7d8fd86e7fbe3003003c516ebb4de914b20d6f1f82a78554f6225	4c76f09ba6c24bc9c82a9a97a8fa1f279c4d5ce2a6d051dbf284751701c25880	8c55751f66ac2930ce115a9419321a2b2bed220b61af2e1671f7ac6e6a2e33b3	8c55751f66ac2930ce115a9419321a2b2bed220b61af2e1671f7ac6e6a2e33b3	c54b08da8d2d43f29137592c2222dd765a6f82533b75c85b09bfedaed245a7d6	"{""cfg_hash"":""21918201f2d7d8fd86e7fbe3003003c516ebb4de914b20d6f1f82a78554f6225"",""conformation"":""8x6b"",""entity_id"":""P1MCPUFP__CPUFP500K_0234__00397"",""entity_type"":""candidate"",""monomer_sha256"":""75c2942998a3fa295f91b64be80d925dcd3e4141797282c5a3a7e6645791a2bc"",""protocol_core_sha256"":""8c55751f66ac2930ce115a9419321a2b2bed220b61af2e1671f7ac6e6a2e33b3"",""restraint_hash"":""4c76f09ba6c24bc9c82a9a97a8fa1f279c4d5ce2a6d051dbf284751701c25880"",""seed"":3047,""sequence_sha256"":""46ef2aa88d59da2d82fc060c92959b42a2e8144ed47eae60c0371c64039ed8be""}"	3032	TOP200_COMMON4_SEED_COMPLETION	188
CANDIDATE_P1MCPUFP__CPUFP500K_0234__00397_9e6y_s3047_efc347d51540	380	candidate	P1MCPUFP__CPUFP500K_0234__00397		CANDIDATE_UNKNOWN	9e6y	3047	46ef2aa88d59da2d82fc060c92959b42a2e8144ed47eae60c0371c64039ed8be	26-33	51-58	97-112	27,28,29,30,35,36,37,38,56,57,58,59,62,63,64,65,105,106,107,108,109,110,111,112,113,114,115,116,117	inputs/candidate_monomers/P1MCPUFP__CPUFP500K_0234__00397.pdb	frozen_nbb2_archive_extract	H	75c2942998a3fa295f91b64be80d925dcd3e4141797282c5a3a7e6645791a2bc	inputs/normalized/9e6y_pvrig_receptor.pdb	T	L	A	UniProt_Q6DKI7	036faa08876ef5dc8e4331507bf042bf828faae3f3cf5a5fd358a89d5fb215da	4c76f09ba6c24bc9c82a9a97a8fa1f279c4d5ce2a6d051dbf284751701c25880	8c55751f66ac2930ce115a9419321a2b2bed220b61af2e1671f7ac6e6a2e33b3	8c55751f66ac2930ce115a9419321a2b2bed220b61af2e1671f7ac6e6a2e33b3	efc347d515400bdf120aeda6b49abde088ac3629e690cc6e84dfc65f0bed89e6	"{""cfg_hash"":""036faa08876ef5dc8e4331507bf042bf828faae3f3cf5a5fd358a89d5fb215da"",""conformation"":""9e6y"",""entity_id"":""P1MCPUFP__CPUFP500K_0234__00397"",""entity_type"":""candidate"",""monomer_sha256"":""75c2942998a3fa295f91b64be80d925dcd3e4141797282c5a3a7e6645791a2bc"",""protocol_core_sha256"":""8c55751f66ac2930ce115a9419321a2b2bed220b61af2e1671f7ac6e6a2e33b3"",""restraint_hash"":""4c76f09ba6c24bc9c82a9a97a8fa1f279c4d5ce2a6d051dbf284751701c25880"",""seed"":3047,""sequence_sha256"":""46ef2aa88d59da2d82fc060c92959b42a2e8144ed47eae60c0371c64039ed8be""}"	3032	TOP200_COMMON4_SEED_COMPLETION	188
CANDIDATE_P1MCPUFP__CPUFP500K_0232__00010_8x6b_s42_da9c0145526e	381	candidate	P1MCPUFP__CPUFP500K_0232__00010		CANDIDATE_UNKNOWN	8x6b	42	82bbd49231a2bfa8a2469cfae7e25c796c588f628a54bf1af893b5971abd229b	26-33	51-58	97-112	27,28,29,30,35,36,37,38,56,57,58,59,62,63,64,65,105,106,107,108,109,110,111,112,113,114,115,116,117	inputs/candidate_monomers/P1MCPUFP__CPUFP500K_0232__00010.pdb	frozen_nbb2_archive_extract	H	9570514377a7c080bc13bdb0d2eedca2f65238d5255d83c64ab917eb8339d13b	inputs/normalized/8x6b_pvrig_receptor.pdb	T	L	A	UniProt_Q6DKI7	6e3411303a8196b0e07523e8d66724b2c6a9380dca7a347caa47b5632620a2a8	4c76f09ba6c24bc9c82a9a97a8fa1f279c4d5ce2a6d051dbf284751701c25880	8c55751f66ac2930ce115a9419321a2b2bed220b61af2e1671f7ac6e6a2e33b3	8c55751f66ac2930ce115a9419321a2b2bed220b61af2e1671f7ac6e6a2e33b3	da9c0145526ece9f1d6b2bb2f62765520854b7d01d18f7f4517e065fbb2056bc	"{""cfg_hash"":""6e3411303a8196b0e07523e8d66724b2c6a9380dca7a347caa47b5632620a2a8"",""conformation"":""8x6b"",""entity_id"":""P1MCPUFP__CPUFP500K_0232__00010"",""entity_type"":""candidate"",""monomer_sha256"":""9570514377a7c080bc13bdb0d2eedca2f65238d5255d83c64ab917eb8339d13b"",""protocol_core_sha256"":""8c55751f66ac2930ce115a9419321a2b2bed220b61af2e1671f7ac6e6a2e33b3"",""restraint_hash"":""4c76f09ba6c24bc9c82a9a97a8fa1f279c4d5ce2a6d051dbf284751701c25880"",""seed"":42,""sequence_sha256"":""82bbd49231a2bfa8a2469cfae7e25c796c588f628a54bf1af893b5971abd229b""}"	5971	TOP200_COMMON4_SEED_COMPLETION	189
CANDIDATE_P1MCPUFP__CPUFP500K_0232__00010_9e6y_s42_fcb28aab6db1	382	candidate	P1MCPUFP__CPUFP500K_0232__00010		CANDIDATE_UNKNOWN	9e6y	42	82bbd49231a2bfa8a2469cfae7e25c796c588f628a54bf1af893b5971abd229b	26-33	51-58	97-112	27,28,29,30,35,36,37,38,56,57,58,59,62,63,64,65,105,106,107,108,109,110,111,112,113,114,115,116,117	inputs/candidate_monomers/P1MCPUFP__CPUFP500K_0232__00010.pdb	frozen_nbb2_archive_extract	H	9570514377a7c080bc13bdb0d2eedca2f65238d5255d83c64ab917eb8339d13b	inputs/normalized/9e6y_pvrig_receptor.pdb	T	L	A	UniProt_Q6DKI7	7b597e4976340689606e650f7a864d1c028938e4a1d0c4201b7092f53302813a	4c76f09ba6c24bc9c82a9a97a8fa1f279c4d5ce2a6d051dbf284751701c25880	8c55751f66ac2930ce115a9419321a2b2bed220b61af2e1671f7ac6e6a2e33b3	8c55751f66ac2930ce115a9419321a2b2bed220b61af2e1671f7ac6e6a2e33b3	fcb28aab6db1c33b5329e52d04680287b94c1882d2ebde7b247c194b856d42b6	"{""cfg_hash"":""7b597e4976340689606e650f7a864d1c028938e4a1d0c4201b7092f53302813a"",""conformation"":""9e6y"",""entity_id"":""P1MCPUFP__CPUFP500K_0232__00010"",""entity_type"":""candidate"",""monomer_sha256"":""9570514377a7c080bc13bdb0d2eedca2f65238d5255d83c64ab917eb8339d13b"",""protocol_core_sha256"":""8c55751f66ac2930ce115a9419321a2b2bed220b61af2e1671f7ac6e6a2e33b3"",""restraint_hash"":""4c76f09ba6c24bc9c82a9a97a8fa1f279c4d5ce2a6d051dbf284751701c25880"",""seed"":42,""sequence_sha256"":""82bbd49231a2bfa8a2469cfae7e25c796c588f628a54bf1af893b5971abd229b""}"	5971	TOP200_COMMON4_SEED_COMPLETION	189
CANDIDATE_P1MCPUFP__CPUFP500K_0232__00010_8x6b_s3047_49e8b1906444	383	candidate	P1MCPUFP__CPUFP500K_0232__00010		CANDIDATE_UNKNOWN	8x6b	3047	82bbd49231a2bfa8a2469cfae7e25c796c588f628a54bf1af893b5971abd229b	26-33	51-58	97-112	27,28,29,30,35,36,37,38,56,57,58,59,62,63,64,65,105,106,107,108,109,110,111,112,113,114,115,116,117	inputs/candidate_monomers/P1MCPUFP__CPUFP500K_0232__00010.pdb	frozen_nbb2_archive_extract	H	9570514377a7c080bc13bdb0d2eedca2f65238d5255d83c64ab917eb8339d13b	inputs/normalized/8x6b_pvrig_receptor.pdb	T	L	A	UniProt_Q6DKI7	21918201f2d7d8fd86e7fbe3003003c516ebb4de914b20d6f1f82a78554f6225	4c76f09ba6c24bc9c82a9a97a8fa1f279c4d5ce2a6d051dbf284751701c25880	8c55751f66ac2930ce115a9419321a2b2bed220b61af2e1671f7ac6e6a2e33b3	8c55751f66ac2930ce115a9419321a2b2bed220b61af2e1671f7ac6e6a2e33b3	49e8b1906444670bc31291a1932dca9a63be9e23824bf8a43e9b1ffa567bf409	"{""cfg_hash"":""21918201f2d7d8fd86e7fbe3003003c516ebb4de914b20d6f1f82a78554f6225"",""conformation"":""8x6b"",""entity_id"":""P1MCPUFP__CPUFP500K_0232__00010"",""entity_type"":""candidate"",""monomer_sha256"":""9570514377a7c080bc13bdb0d2eedca2f65238d5255d83c64ab917eb8339d13b"",""protocol_core_sha256"":""8c55751f66ac2930ce115a9419321a2b2bed220b61af2e1671f7ac6e6a2e33b3"",""restraint_hash"":""4c76f09ba6c24bc9c82a9a97a8fa1f279c4d5ce2a6d051dbf284751701c25880"",""seed"":3047,""sequence_sha256"":""82bbd49231a2bfa8a2469cfae7e25c796c588f628a54bf1af893b5971abd229b""}"	5971	TOP200_COMMON4_SEED_COMPLETION	189
CANDIDATE_P1MCPUFP__CPUFP500K_0232__00010_9e6y_s3047_c726408b3480	384	candidate	P1MCPUFP__CPUFP500K_0232__00010		CANDIDATE_UNKNOWN	9e6y	3047	82bbd49231a2bfa8a2469cfae7e25c796c588f628a54bf1af893b5971abd229b	26-33	51-58	97-112	27,28,29,30,35,36,37,38,56,57,58,59,62,63,64,65,105,106,107,108,109,110,111,112,113,114,115,116,117	inputs/candidate_monomers/P1MCPUFP__CPUFP500K_0232__00010.pdb	frozen_nbb2_archive_extract	H	9570514377a7c080bc13bdb0d2eedca2f65238d5255d83c64ab917eb8339d13b	inputs/normalized/9e6y_pvrig_receptor.pdb	T	L	A	UniProt_Q6DKI7	036faa08876ef5dc8e4331507bf042bf828faae3f3cf5a5fd358a89d5fb215da	4c76f09ba6c24bc9c82a9a97a8fa1f279c4d5ce2a6d051dbf284751701c25880	8c55751f66ac2930ce115a9419321a2b2bed220b61af2e1671f7ac6e6a2e33b3	8c55751f66ac2930ce115a9419321a2b2bed220b61af2e1671f7ac6e6a2e33b3	c726408b348025e09981d1f424ca22e063ded5f1f8d45367139948edaa2fad12	"{""cfg_hash"":""036faa08876ef5dc8e4331507bf042bf828faae3f3cf5a5fd358a89d5fb215da"",""conformation"":""9e6y"",""entity_id"":""P1MCPUFP__CPUFP500K_0232__00010"",""entity_type"":""candidate"",""monomer_sha256"":""9570514377a7c080bc13bdb0d2eedca2f65238d5255d83c64ab917eb8339d13b"",""protocol_core_sha256"":""8c55751f66ac2930ce115a9419321a2b2bed220b61af2e1671f7ac6e6a2e33b3"",""restraint_hash"":""4c76f09ba6c24bc9c82a9a97a8fa1f279c4d5ce2a6d051dbf284751701c25880"",""seed"":3047,""sequence_sha256"":""82bbd49231a2bfa8a2469cfae7e25c796c588f628a54bf1af893b5971abd229b""}"	5971	TOP200_COMMON4_SEED_COMPLETION	189
CANDIDATE_P1MCPUFP__CPUFP500K_0228__00449_8x6b_s42_bf27e20de9a1	385	candidate	P1MCPUFP__CPUFP500K_0228__00449		CANDIDATE_UNKNOWN	8x6b	42	a07334eaee2ded17a34db3537f1e891d72c1909d19975693d8d493f6bbedc4fb	26-33	51-58	97-112	27,28,29,30,35,36,37,38,56,57,58,59,62,63,64,65,105,106,107,108,109,110,111,112,113,114,115,116,117	inputs/candidate_monomers/P1MCPUFP__CPUFP500K_0228__00449.pdb	frozen_nbb2_archive_extract	H	b9967bd1651eb1e8e66254d93144002ad99b4b8af5e12662f7d2a43ea9ceae49	inputs/normalized/8x6b_pvrig_receptor.pdb	T	L	A	UniProt_Q6DKI7	6e3411303a8196b0e07523e8d66724b2c6a9380dca7a347caa47b5632620a2a8	4c76f09ba6c24bc9c82a9a97a8fa1f279c4d5ce2a6d051dbf284751701c25880	8c55751f66ac2930ce115a9419321a2b2bed220b61af2e1671f7ac6e6a2e33b3	8c55751f66ac2930ce115a9419321a2b2bed220b61af2e1671f7ac6e6a2e33b3	bf27e20de9a16ecd08bd58667314abb3cc6b576de60d8d0013bd1e73fc2171d7	"{""cfg_hash"":""6e3411303a8196b0e07523e8d66724b2c6a9380dca7a347caa47b5632620a2a8"",""conformation"":""8x6b"",""entity_id"":""P1MCPUFP__CPUFP500K_0228__00449"",""entity_type"":""candidate"",""monomer_sha256"":""b9967bd1651eb1e8e66254d93144002ad99b4b8af5e12662f7d2a43ea9ceae49"",""protocol_core_sha256"":""8c55751f66ac2930ce115a9419321a2b2bed220b61af2e1671f7ac6e6a2e33b3"",""restraint_hash"":""4c76f09ba6c24bc9c82a9a97a8fa1f279c4d5ce2a6d051dbf284751701c25880"",""seed"":42,""sequence_sha256"":""a07334eaee2ded17a34db3537f1e891d72c1909d19975693d8d493f6bbedc4fb""}"	4187	TOP200_COMMON4_SEED_COMPLETION	190
CANDIDATE_P1MCPUFP__CPUFP500K_0228__00449_9e6y_s42_57187c0cd3b2	386	candidate	P1MCPUFP__CPUFP500K_0228__00449		CANDIDATE_UNKNOWN	9e6y	42	a07334eaee2ded17a34db3537f1e891d72c1909d19975693d8d493f6bbedc4fb	26-33	51-58	97-112	27,28,29,30,35,36,37,38,56,57,58,59,62,63,64,65,105,106,107,108,109,110,111,112,113,114,115,116,117	inputs/candidate_monomers/P1MCPUFP__CPUFP500K_0228__00449.pdb	frozen_nbb2_archive_extract	H	b9967bd1651eb1e8e66254d93144002ad99b4b8af5e12662f7d2a43ea9ceae49	inputs/normalized/9e6y_pvrig_receptor.pdb	T	L	A	UniProt_Q6DKI7	7b597e4976340689606e650f7a864d1c028938e4a1d0c4201b7092f53302813a	4c76f09ba6c24bc9c82a9a97a8fa1f279c4d5ce2a6d051dbf284751701c25880	8c55751f66ac2930ce115a9419321a2b2bed220b61af2e1671f7ac6e6a2e33b3	8c55751f66ac2930ce115a9419321a2b2bed220b61af2e1671f7ac6e6a2e33b3	57187c0cd3b2d19528638a398f6e20075aeb96590c5fb54e80e72ddcb1a9e5df	"{""cfg_hash"":""7b597e4976340689606e650f7a864d1c028938e4a1d0c4201b7092f53302813a"",""conformation"":""9e6y"",""entity_id"":""P1MCPUFP__CPUFP500K_0228__00449"",""entity_type"":""candidate"",""monomer_sha256"":""b9967bd1651eb1e8e66254d93144002ad99b4b8af5e12662f7d2a43ea9ceae49"",""protocol_core_sha256"":""8c55751f66ac2930ce115a9419321a2b2bed220b61af2e1671f7ac6e6a2e33b3"",""restraint_hash"":""4c76f09ba6c24bc9c82a9a97a8fa1f279c4d5ce2a6d051dbf284751701c25880"",""seed"":42,""sequence_sha256"":""a07334eaee2ded17a34db3537f1e891d72c1909d19975693d8d493f6bbedc4fb""}"	4187	TOP200_COMMON4_SEED_COMPLETION	190
CANDIDATE_P1MCPUFP__CPUFP500K_0228__00449_8x6b_s3047_4191e42e8caa	387	candidate	P1MCPUFP__CPUFP500K_0228__00449		CANDIDATE_UNKNOWN	8x6b	3047	a07334eaee2ded17a34db3537f1e891d72c1909d19975693d8d493f6bbedc4fb	26-33	51-58	97-112	27,28,29,30,35,36,37,38,56,57,58,59,62,63,64,65,105,106,107,108,109,110,111,112,113,114,115,116,117	inputs/candidate_monomers/P1MCPUFP__CPUFP500K_0228__00449.pdb	frozen_nbb2_archive_extract	H	b9967bd1651eb1e8e66254d93144002ad99b4b8af5e12662f7d2a43ea9ceae49	inputs/normalized/8x6b_pvrig_receptor.pdb	T	L	A	UniProt_Q6DKI7	21918201f2d7d8fd86e7fbe3003003c516ebb4de914b20d6f1f82a78554f6225	4c76f09ba6c24bc9c82a9a97a8fa1f279c4d5ce2a6d051dbf284751701c25880	8c55751f66ac2930ce115a9419321a2b2bed220b61af2e1671f7ac6e6a2e33b3	8c55751f66ac2930ce115a9419321a2b2bed220b61af2e1671f7ac6e6a2e33b3	4191e42e8caa9e62d9f8b97a1145b1441f2c9d48bcd46d9480e8b47d8811d6e3	"{""cfg_hash"":""21918201f2d7d8fd86e7fbe3003003c516ebb4de914b20d6f1f82a78554f6225"",""conformation"":""8x6b"",""entity_id"":""P1MCPUFP__CPUFP500K_0228__00449"",""entity_type"":""candidate"",""monomer_sha256"":""b9967bd1651eb1e8e66254d93144002ad99b4b8af5e12662f7d2a43ea9ceae49"",""protocol_core_sha256"":""8c55751f66ac2930ce115a9419321a2b2bed220b61af2e1671f7ac6e6a2e33b3"",""restraint_hash"":""4c76f09ba6c24bc9c82a9a97a8fa1f279c4d5ce2a6d051dbf284751701c25880"",""seed"":3047,""sequence_sha256"":""a07334eaee2ded17a34db3537f1e891d72c1909d19975693d8d493f6bbedc4fb""}"	4187	TOP200_COMMON4_SEED_COMPLETION	190
CANDIDATE_P1MCPUFP__CPUFP500K_0228__00449_9e6y_s3047_bc75e524b888	388	candidate	P1MCPUFP__CPUFP500K_0228__00449		CANDIDATE_UNKNOWN	9e6y	3047	a07334eaee2ded17a34db3537f1e891d72c1909d19975693d8d493f6bbedc4fb	26-33	51-58	97-112	27,28,29,30,35,36,37,38,56,57,58,59,62,63,64,65,105,106,107,108,109,110,111,112,113,114,115,116,117	inputs/candidate_monomers/P1MCPUFP__CPUFP500K_0228__00449.pdb	frozen_nbb2_archive_extract	H	b9967bd1651eb1e8e66254d93144002ad99b4b8af5e12662f7d2a43ea9ceae49	inputs/normalized/9e6y_pvrig_receptor.pdb	T	L	A	UniProt_Q6DKI7	036faa08876ef5dc8e4331507bf042bf828faae3f3cf5a5fd358a89d5fb215da	4c76f09ba6c24bc9c82a9a97a8fa1f279c4d5ce2a6d051dbf284751701c25880	8c55751f66ac2930ce115a9419321a2b2bed220b61af2e1671f7ac6e6a2e33b3	8c55751f66ac2930ce115a9419321a2b2bed220b61af2e1671f7ac6e6a2e33b3	bc75e524b8881681dc82aab3f19f4e8849ada84594703f2524b9df1b9cd265c2	"{""cfg_hash"":""036faa08876ef5dc8e4331507bf042bf828faae3f3cf5a5fd358a89d5fb215da"",""conformation"":""9e6y"",""entity_id"":""P1MCPUFP__CPUFP500K_0228__00449"",""entity_type"":""candidate"",""monomer_sha256"":""b9967bd1651eb1e8e66254d93144002ad99b4b8af5e12662f7d2a43ea9ceae49"",""protocol_core_sha256"":""8c55751f66ac2930ce115a9419321a2b2bed220b61af2e1671f7ac6e6a2e33b3"",""restraint_hash"":""4c76f09ba6c24bc9c82a9a97a8fa1f279c4d5ce2a6d051dbf284751701c25880"",""seed"":3047,""sequence_sha256"":""a07334eaee2ded17a34db3537f1e891d72c1909d19975693d8d493f6bbedc4fb""}"	4187	TOP200_COMMON4_SEED_COMPLETION	190
CANDIDATE_P1MCPUFP__CPUFP500K_0424__00658_8x6b_s42_f651e223b50f	389	candidate	P1MCPUFP__CPUFP500K_0424__00658		CANDIDATE_UNKNOWN	8x6b	42	a0be8dfc4b3294482aac2e1174dd8f7e3a828e07050dbea9cf890fa6419b8382	26-33	51-58	97-112	27,28,29,30,35,36,37,38,56,57,58,59,62,63,64,65,105,106,107,108,109,110,111,112,113,114,115,116,117	inputs/candidate_monomers/P1MCPUFP__CPUFP500K_0424__00658.pdb	frozen_nbb2_archive_extract	H	d16dd3a9df322f498fbfcf3b1d85f1a6f09949cbbfa63263edfe81c000f7a0d1	inputs/normalized/8x6b_pvrig_receptor.pdb	T	L	A	UniProt_Q6DKI7	6e3411303a8196b0e07523e8d66724b2c6a9380dca7a347caa47b5632620a2a8	4c76f09ba6c24bc9c82a9a97a8fa1f279c4d5ce2a6d051dbf284751701c25880	8c55751f66ac2930ce115a9419321a2b2bed220b61af2e1671f7ac6e6a2e33b3	8c55751f66ac2930ce115a9419321a2b2bed220b61af2e1671f7ac6e6a2e33b3	f651e223b50fa132143270d928b3b90a2155070a27b753859743de2ff83dd152	"{""cfg_hash"":""6e3411303a8196b0e07523e8d66724b2c6a9380dca7a347caa47b5632620a2a8"",""conformation"":""8x6b"",""entity_id"":""P1MCPUFP__CPUFP500K_0424__00658"",""entity_type"":""candidate"",""monomer_sha256"":""d16dd3a9df322f498fbfcf3b1d85f1a6f09949cbbfa63263edfe81c000f7a0d1"",""protocol_core_sha256"":""8c55751f66ac2930ce115a9419321a2b2bed220b61af2e1671f7ac6e6a2e33b3"",""restraint_hash"":""4c76f09ba6c24bc9c82a9a97a8fa1f279c4d5ce2a6d051dbf284751701c25880"",""seed"":42,""sequence_sha256"":""a0be8dfc4b3294482aac2e1174dd8f7e3a828e07050dbea9cf890fa6419b8382""}"	4858	TOP200_COMMON4_SEED_COMPLETION	191
CANDIDATE_P1MCPUFP__CPUFP500K_0424__00658_9e6y_s42_9753b684a61e	390	candidate	P1MCPUFP__CPUFP500K_0424__00658		CANDIDATE_UNKNOWN	9e6y	42	a0be8dfc4b3294482aac2e1174dd8f7e3a828e07050dbea9cf890fa6419b8382	26-33	51-58	97-112	27,28,29,30,35,36,37,38,56,57,58,59,62,63,64,65,105,106,107,108,109,110,111,112,113,114,115,116,117	inputs/candidate_monomers/P1MCPUFP__CPUFP500K_0424__00658.pdb	frozen_nbb2_archive_extract	H	d16dd3a9df322f498fbfcf3b1d85f1a6f09949cbbfa63263edfe81c000f7a0d1	inputs/normalized/9e6y_pvrig_receptor.pdb	T	L	A	UniProt_Q6DKI7	7b597e4976340689606e650f7a864d1c028938e4a1d0c4201b7092f53302813a	4c76f09ba6c24bc9c82a9a97a8fa1f279c4d5ce2a6d051dbf284751701c25880	8c55751f66ac2930ce115a9419321a2b2bed220b61af2e1671f7ac6e6a2e33b3	8c55751f66ac2930ce115a9419321a2b2bed220b61af2e1671f7ac6e6a2e33b3	9753b684a61eac985b2fd5e19702faabebbde01b2f8ae4a07ff377442df42843	"{""cfg_hash"":""7b597e4976340689606e650f7a864d1c028938e4a1d0c4201b7092f53302813a"",""conformation"":""9e6y"",""entity_id"":""P1MCPUFP__CPUFP500K_0424__00658"",""entity_type"":""candidate"",""monomer_sha256"":""d16dd3a9df322f498fbfcf3b1d85f1a6f09949cbbfa63263edfe81c000f7a0d1"",""protocol_core_sha256"":""8c55751f66ac2930ce115a9419321a2b2bed220b61af2e1671f7ac6e6a2e33b3"",""restraint_hash"":""4c76f09ba6c24bc9c82a9a97a8fa1f279c4d5ce2a6d051dbf284751701c25880"",""seed"":42,""sequence_sha256"":""a0be8dfc4b3294482aac2e1174dd8f7e3a828e07050dbea9cf890fa6419b8382""}"	4858	TOP200_COMMON4_SEED_COMPLETION	191
CANDIDATE_P1MCPUFP__CPUFP500K_0424__00658_8x6b_s3047_8f8010624e81	391	candidate	P1MCPUFP__CPUFP500K_0424__00658		CANDIDATE_UNKNOWN	8x6b	3047	a0be8dfc4b3294482aac2e1174dd8f7e3a828e07050dbea9cf890fa6419b8382	26-33	51-58	97-112	27,28,29,30,35,36,37,38,56,57,58,59,62,63,64,65,105,106,107,108,109,110,111,112,113,114,115,116,117	inputs/candidate_monomers/P1MCPUFP__CPUFP500K_0424__00658.pdb	frozen_nbb2_archive_extract	H	d16dd3a9df322f498fbfcf3b1d85f1a6f09949cbbfa63263edfe81c000f7a0d1	inputs/normalized/8x6b_pvrig_receptor.pdb	T	L	A	UniProt_Q6DKI7	21918201f2d7d8fd86e7fbe3003003c516ebb4de914b20d6f1f82a78554f6225	4c76f09ba6c24bc9c82a9a97a8fa1f279c4d5ce2a6d051dbf284751701c25880	8c55751f66ac2930ce115a9419321a2b2bed220b61af2e1671f7ac6e6a2e33b3	8c55751f66ac2930ce115a9419321a2b2bed220b61af2e1671f7ac6e6a2e33b3	8f8010624e81b10ba2b441dda08e784c8280640a686c74f4b85c94b14ae87e79	"{""cfg_hash"":""21918201f2d7d8fd86e7fbe3003003c516ebb4de914b20d6f1f82a78554f6225"",""conformation"":""8x6b"",""entity_id"":""P1MCPUFP__CPUFP500K_0424__00658"",""entity_type"":""candidate"",""monomer_sha256"":""d16dd3a9df322f498fbfcf3b1d85f1a6f09949cbbfa63263edfe81c000f7a0d1"",""protocol_core_sha256"":""8c55751f66ac2930ce115a9419321a2b2bed220b61af2e1671f7ac6e6a2e33b3"",""restraint_hash"":""4c76f09ba6c24bc9c82a9a97a8fa1f279c4d5ce2a6d051dbf284751701c25880"",""seed"":3047,""sequence_sha256"":""a0be8dfc4b3294482aac2e1174dd8f7e3a828e07050dbea9cf890fa6419b8382""}"	4858	TOP200_COMMON4_SEED_COMPLETION	191
CANDIDATE_P1MCPUFP__CPUFP500K_0424__00658_9e6y_s3047_3d413d92fa62	392	candidate	P1MCPUFP__CPUFP500K_0424__00658		CANDIDATE_UNKNOWN	9e6y	3047	a0be8dfc4b3294482aac2e1174dd8f7e3a828e07050dbea9cf890fa6419b8382	26-33	51-58	97-112	27,28,29,30,35,36,37,38,56,57,58,59,62,63,64,65,105,106,107,108,109,110,111,112,113,114,115,116,117	inputs/candidate_monomers/P1MCPUFP__CPUFP500K_0424__00658.pdb	frozen_nbb2_archive_extract	H	d16dd3a9df322f498fbfcf3b1d85f1a6f09949cbbfa63263edfe81c000f7a0d1	inputs/normalized/9e6y_pvrig_receptor.pdb	T	L	A	UniProt_Q6DKI7	036faa08876ef5dc8e4331507bf042bf828faae3f3cf5a5fd358a89d5fb215da	4c76f09ba6c24bc9c82a9a97a8fa1f279c4d5ce2a6d051dbf284751701c25880	8c55751f66ac2930ce115a9419321a2b2bed220b61af2e1671f7ac6e6a2e33b3	8c55751f66ac2930ce115a9419321a2b2bed220b61af2e1671f7ac6e6a2e33b3	3d413d92fa625b02f5d1bb637fbebd6e6a2c4ba7ed4d56d64e86a9159876b73a	"{""cfg_hash"":""036faa08876ef5dc8e4331507bf042bf828faae3f3cf5a5fd358a89d5fb215da"",""conformation"":""9e6y"",""entity_id"":""P1MCPUFP__CPUFP500K_0424__00658"",""entity_type"":""candidate"",""monomer_sha256"":""d16dd3a9df322f498fbfcf3b1d85f1a6f09949cbbfa63263edfe81c000f7a0d1"",""protocol_core_sha256"":""8c55751f66ac2930ce115a9419321a2b2bed220b61af2e1671f7ac6e6a2e33b3"",""restraint_hash"":""4c76f09ba6c24bc9c82a9a97a8fa1f279c4d5ce2a6d051dbf284751701c25880"",""seed"":3047,""sequence_sha256"":""a0be8dfc4b3294482aac2e1174dd8f7e3a828e07050dbea9cf890fa6419b8382""}"	4858	TOP200_COMMON4_SEED_COMPLETION	191
CANDIDATE_P1MCPUFP__CPUFP500K_0428__00717_8x6b_s42_548f6d8c3682	393	candidate	P1MCPUFP__CPUFP500K_0428__00717		CANDIDATE_UNKNOWN	8x6b	42	f4a4060731a7bfd52add5088de40659127b9a2931996907aa9aa5baedeb0179f	26-33	51-58	97-112	27,28,29,30,35,36,37,38,56,57,58,59,62,63,64,65,105,106,107,108,109,110,111,112,113,114,115,116,117	inputs/candidate_monomers/P1MCPUFP__CPUFP500K_0428__00717.pdb	frozen_nbb2_archive_extract	H	4a696059546b25c8b3e3cc0cde28b8ab902ee6b53f7aba658112201883dbe606	inputs/normalized/8x6b_pvrig_receptor.pdb	T	L	A	UniProt_Q6DKI7	6e3411303a8196b0e07523e8d66724b2c6a9380dca7a347caa47b5632620a2a8	4c76f09ba6c24bc9c82a9a97a8fa1f279c4d5ce2a6d051dbf284751701c25880	8c55751f66ac2930ce115a9419321a2b2bed220b61af2e1671f7ac6e6a2e33b3	8c55751f66ac2930ce115a9419321a2b2bed220b61af2e1671f7ac6e6a2e33b3	548f6d8c3682c273026be2033f5f5c2876153996fd084c1325de59ce7854f46b	"{""cfg_hash"":""6e3411303a8196b0e07523e8d66724b2c6a9380dca7a347caa47b5632620a2a8"",""conformation"":""8x6b"",""entity_id"":""P1MCPUFP__CPUFP500K_0428__00717"",""entity_type"":""candidate"",""monomer_sha256"":""4a696059546b25c8b3e3cc0cde28b8ab902ee6b53f7aba658112201883dbe606"",""protocol_core_sha256"":""8c55751f66ac2930ce115a9419321a2b2bed220b61af2e1671f7ac6e6a2e33b3"",""restraint_hash"":""4c76f09ba6c24bc9c82a9a97a8fa1f279c4d5ce2a6d051dbf284751701c25880"",""seed"":42,""sequence_sha256"":""f4a4060731a7bfd52add5088de40659127b9a2931996907aa9aa5baedeb0179f""}"	3631	TOP200_COMMON4_SEED_COMPLETION	192
CANDIDATE_P1MCPUFP__CPUFP500K_0428__00717_9e6y_s42_f3621e57da7a	394	candidate	P1MCPUFP__CPUFP500K_0428__00717		CANDIDATE_UNKNOWN	9e6y	42	f4a4060731a7bfd52add5088de40659127b9a2931996907aa9aa5baedeb0179f	26-33	51-58	97-112	27,28,29,30,35,36,37,38,56,57,58,59,62,63,64,65,105,106,107,108,109,110,111,112,113,114,115,116,117	inputs/candidate_monomers/P1MCPUFP__CPUFP500K_0428__00717.pdb	frozen_nbb2_archive_extract	H	4a696059546b25c8b3e3cc0cde28b8ab902ee6b53f7aba658112201883dbe606	inputs/normalized/9e6y_pvrig_receptor.pdb	T	L	A	UniProt_Q6DKI7	7b597e4976340689606e650f7a864d1c028938e4a1d0c4201b7092f53302813a	4c76f09ba6c24bc9c82a9a97a8fa1f279c4d5ce2a6d051dbf284751701c25880	8c55751f66ac2930ce115a9419321a2b2bed220b61af2e1671f7ac6e6a2e33b3	8c55751f66ac2930ce115a9419321a2b2bed220b61af2e1671f7ac6e6a2e33b3	f3621e57da7a85ec6bcfcf82bf9ff430d32a260ff91739e509eae0ed764fc779	"{""cfg_hash"":""7b597e4976340689606e650f7a864d1c028938e4a1d0c4201b7092f53302813a"",""conformation"":""9e6y"",""entity_id"":""P1MCPUFP__CPUFP500K_0428__00717"",""entity_type"":""candidate"",""monomer_sha256"":""4a696059546b25c8b3e3cc0cde28b8ab902ee6b53f7aba658112201883dbe606"",""protocol_core_sha256"":""8c55751f66ac2930ce115a9419321a2b2bed220b61af2e1671f7ac6e6a2e33b3"",""restraint_hash"":""4c76f09ba6c24bc9c82a9a97a8fa1f279c4d5ce2a6d051dbf284751701c25880"",""seed"":42,""sequence_sha256"":""f4a4060731a7bfd52add5088de40659127b9a2931996907aa9aa5baedeb0179f""}"	3631	TOP200_COMMON4_SEED_COMPLETION	192
CANDIDATE_P1MCPUFP__CPUFP500K_0428__00717_8x6b_s3047_964df5852f9e	395	candidate	P1MCPUFP__CPUFP500K_0428__00717		CANDIDATE_UNKNOWN	8x6b	3047	f4a4060731a7bfd52add5088de40659127b9a2931996907aa9aa5baedeb0179f	26-33	51-58	97-112	27,28,29,30,35,36,37,38,56,57,58,59,62,63,64,65,105,106,107,108,109,110,111,112,113,114,115,116,117	inputs/candidate_monomers/P1MCPUFP__CPUFP500K_0428__00717.pdb	frozen_nbb2_archive_extract	H	4a696059546b25c8b3e3cc0cde28b8ab902ee6b53f7aba658112201883dbe606	inputs/normalized/8x6b_pvrig_receptor.pdb	T	L	A	UniProt_Q6DKI7	21918201f2d7d8fd86e7fbe3003003c516ebb4de914b20d6f1f82a78554f6225	4c76f09ba6c24bc9c82a9a97a8fa1f279c4d5ce2a6d051dbf284751701c25880	8c55751f66ac2930ce115a9419321a2b2bed220b61af2e1671f7ac6e6a2e33b3	8c55751f66ac2930ce115a9419321a2b2bed220b61af2e1671f7ac6e6a2e33b3	964df5852f9eec57daa3ba2675aea01bd4ca09cfe6593c570d889e788f6cb492	"{""cfg_hash"":""21918201f2d7d8fd86e7fbe3003003c516ebb4de914b20d6f1f82a78554f6225"",""conformation"":""8x6b"",""entity_id"":""P1MCPUFP__CPUFP500K_0428__00717"",""entity_type"":""candidate"",""monomer_sha256"":""4a696059546b25c8b3e3cc0cde28b8ab902ee6b53f7aba658112201883dbe606"",""protocol_core_sha256"":""8c55751f66ac2930ce115a9419321a2b2bed220b61af2e1671f7ac6e6a2e33b3"",""restraint_hash"":""4c76f09ba6c24bc9c82a9a97a8fa1f279c4d5ce2a6d051dbf284751701c25880"",""seed"":3047,""sequence_sha256"":""f4a4060731a7bfd52add5088de40659127b9a2931996907aa9aa5baedeb0179f""}"	3631	TOP200_COMMON4_SEED_COMPLETION	192
CANDIDATE_P1MCPUFP__CPUFP500K_0428__00717_9e6y_s3047_b90648693ae3	396	candidate	P1MCPUFP__CPUFP500K_0428__00717		CANDIDATE_UNKNOWN	9e6y	3047	f4a4060731a7bfd52add5088de40659127b9a2931996907aa9aa5baedeb0179f	26-33	51-58	97-112	27,28,29,30,35,36,37,38,56,57,58,59,62,63,64,65,105,106,107,108,109,110,111,112,113,114,115,116,117	inputs/candidate_monomers/P1MCPUFP__CPUFP500K_0428__00717.pdb	frozen_nbb2_archive_extract	H	4a696059546b25c8b3e3cc0cde28b8ab902ee6b53f7aba658112201883dbe606	inputs/normalized/9e6y_pvrig_receptor.pdb	T	L	A	UniProt_Q6DKI7	036faa08876ef5dc8e4331507bf042bf828faae3f3cf5a5fd358a89d5fb215da	4c76f09ba6c24bc9c82a9a97a8fa1f279c4d5ce2a6d051dbf284751701c25880	8c55751f66ac2930ce115a9419321a2b2bed220b61af2e1671f7ac6e6a2e33b3	8c55751f66ac2930ce115a9419321a2b2bed220b61af2e1671f7ac6e6a2e33b3	b90648693ae353bb3919a2b935ee7b0419280b688615dfc935949a9955006779	"{""cfg_hash"":""036faa08876ef5dc8e4331507bf042bf828faae3f3cf5a5fd358a89d5fb215da"",""conformation"":""9e6y"",""entity_id"":""P1MCPUFP__CPUFP500K_0428__00717"",""entity_type"":""candidate"",""monomer_sha256"":""4a696059546b25c8b3e3cc0cde28b8ab902ee6b53f7aba658112201883dbe606"",""protocol_core_sha256"":""8c55751f66ac2930ce115a9419321a2b2bed220b61af2e1671f7ac6e6a2e33b3"",""restraint_hash"":""4c76f09ba6c24bc9c82a9a97a8fa1f279c4d5ce2a6d051dbf284751701c25880"",""seed"":3047,""sequence_sha256"":""f4a4060731a7bfd52add5088de40659127b9a2931996907aa9aa5baedeb0179f""}"	3631	TOP200_COMMON4_SEED_COMPLETION	192
CANDIDATE_P1MCPUFP__CPUFP500K_0128__00428_8x6b_s42_c54fd2c6cacd	397	candidate	P1MCPUFP__CPUFP500K_0128__00428		CANDIDATE_UNKNOWN	8x6b	42	9a6e86a5f1426979cb5f11195c1c814f697fd00d865f0ab0fe66329ee717faac	26-33	51-58	97-112	27,28,29,30,35,36,37,38,56,57,58,59,62,63,64,65,105,106,107,108,109,110,111,112,113,114,115,116,117	inputs/candidate_monomers/P1MCPUFP__CPUFP500K_0128__00428.pdb	frozen_nbb2_archive_extract	H	f2578f04ac7ccfaafbb3099d67d76e644f36db8dfa3a5db2190011864794a6c7	inputs/normalized/8x6b_pvrig_receptor.pdb	T	L	A	UniProt_Q6DKI7	6e3411303a8196b0e07523e8d66724b2c6a9380dca7a347caa47b5632620a2a8	4c76f09ba6c24bc9c82a9a97a8fa1f279c4d5ce2a6d051dbf284751701c25880	8c55751f66ac2930ce115a9419321a2b2bed220b61af2e1671f7ac6e6a2e33b3	8c55751f66ac2930ce115a9419321a2b2bed220b61af2e1671f7ac6e6a2e33b3	c54fd2c6cacd0cc4ae3986744803cdd21c37567f5a1f55d92734caa811c22657	"{""cfg_hash"":""6e3411303a8196b0e07523e8d66724b2c6a9380dca7a347caa47b5632620a2a8"",""conformation"":""8x6b"",""entity_id"":""P1MCPUFP__CPUFP500K_0128__00428"",""entity_type"":""candidate"",""monomer_sha256"":""f2578f04ac7ccfaafbb3099d67d76e644f36db8dfa3a5db2190011864794a6c7"",""protocol_core_sha256"":""8c55751f66ac2930ce115a9419321a2b2bed220b61af2e1671f7ac6e6a2e33b3"",""restraint_hash"":""4c76f09ba6c24bc9c82a9a97a8fa1f279c4d5ce2a6d051dbf284751701c25880"",""seed"":42,""sequence_sha256"":""9a6e86a5f1426979cb5f11195c1c814f697fd00d865f0ab0fe66329ee717faac""}"	3907	TOP200_COMMON4_SEED_COMPLETION	193
CANDIDATE_P1MCPUFP__CPUFP500K_0128__00428_9e6y_s42_2ebfe3a3840e	398	candidate	P1MCPUFP__CPUFP500K_0128__00428		CANDIDATE_UNKNOWN	9e6y	42	9a6e86a5f1426979cb5f11195c1c814f697fd00d865f0ab0fe66329ee717faac	26-33	51-58	97-112	27,28,29,30,35,36,37,38,56,57,58,59,62,63,64,65,105,106,107,108,109,110,111,112,113,114,115,116,117	inputs/candidate_monomers/P1MCPUFP__CPUFP500K_0128__00428.pdb	frozen_nbb2_archive_extract	H	f2578f04ac7ccfaafbb3099d67d76e644f36db8dfa3a5db2190011864794a6c7	inputs/normalized/9e6y_pvrig_receptor.pdb	T	L	A	UniProt_Q6DKI7	7b597e4976340689606e650f7a864d1c028938e4a1d0c4201b7092f53302813a	4c76f09ba6c24bc9c82a9a97a8fa1f279c4d5ce2a6d051dbf284751701c25880	8c55751f66ac2930ce115a9419321a2b2bed220b61af2e1671f7ac6e6a2e33b3	8c55751f66ac2930ce115a9419321a2b2bed220b61af2e1671f7ac6e6a2e33b3	2ebfe3a3840e1299ab0c76e1a02ea0dc7bce854918a87206028d73b60e880a42	"{""cfg_hash"":""7b597e4976340689606e650f7a864d1c028938e4a1d0c4201b7092f53302813a"",""conformation"":""9e6y"",""entity_id"":""P1MCPUFP__CPUFP500K_0128__00428"",""entity_type"":""candidate"",""monomer_sha256"":""f2578f04ac7ccfaafbb3099d67d76e644f36db8dfa3a5db2190011864794a6c7"",""protocol_core_sha256"":""8c55751f66ac2930ce115a9419321a2b2bed220b61af2e1671f7ac6e6a2e33b3"",""restraint_hash"":""4c76f09ba6c24bc9c82a9a97a8fa1f279c4d5ce2a6d051dbf284751701c25880"",""seed"":42,""sequence_sha256"":""9a6e86a5f1426979cb5f11195c1c814f697fd00d865f0ab0fe66329ee717faac""}"	3907	TOP200_COMMON4_SEED_COMPLETION	193
CANDIDATE_P1MCPUFP__CPUFP500K_0128__00428_8x6b_s3047_3379b6681c72	399	candidate	P1MCPUFP__CPUFP500K_0128__00428		CANDIDATE_UNKNOWN	8x6b	3047	9a6e86a5f1426979cb5f11195c1c814f697fd00d865f0ab0fe66329ee717faac	26-33	51-58	97-112	27,28,29,30,35,36,37,38,56,57,58,59,62,63,64,65,105,106,107,108,109,110,111,112,113,114,115,116,117	inputs/candidate_monomers/P1MCPUFP__CPUFP500K_0128__00428.pdb	frozen_nbb2_archive_extract	H	f2578f04ac7ccfaafbb3099d67d76e644f36db8dfa3a5db2190011864794a6c7	inputs/normalized/8x6b_pvrig_receptor.pdb	T	L	A	UniProt_Q6DKI7	21918201f2d7d8fd86e7fbe3003003c516ebb4de914b20d6f1f82a78554f6225	4c76f09ba6c24bc9c82a9a97a8fa1f279c4d5ce2a6d051dbf284751701c25880	8c55751f66ac2930ce115a9419321a2b2bed220b61af2e1671f7ac6e6a2e33b3	8c55751f66ac2930ce115a9419321a2b2bed220b61af2e1671f7ac6e6a2e33b3	3379b6681c726db2b430f388bc57195a955faf39feae7b3314ca69cc0396b6b4	"{""cfg_hash"":""21918201f2d7d8fd86e7fbe3003003c516ebb4de914b20d6f1f82a78554f6225"",""conformation"":""8x6b"",""entity_id"":""P1MCPUFP__CPUFP500K_0128__00428"",""entity_type"":""candidate"",""monomer_sha256"":""f2578f04ac7ccfaafbb3099d67d76e644f36db8dfa3a5db2190011864794a6c7"",""protocol_core_sha256"":""8c55751f66ac2930ce115a9419321a2b2bed220b61af2e1671f7ac6e6a2e33b3"",""restraint_hash"":""4c76f09ba6c24bc9c82a9a97a8fa1f279c4d5ce2a6d051dbf284751701c25880"",""seed"":3047,""sequence_sha256"":""9a6e86a5f1426979cb5f11195c1c814f697fd00d865f0ab0fe66329ee717faac""}"	3907	TOP200_COMMON4_SEED_COMPLETION	193
CANDIDATE_P1MCPUFP__CPUFP500K_0128__00428_9e6y_s3047_8aeac254aa33	400	candidate	P1MCPUFP__CPUFP500K_0128__00428		CANDIDATE_UNKNOWN	9e6y	3047	9a6e86a5f1426979cb5f11195c1c814f697fd00d865f0ab0fe66329ee717faac	26-33	51-58	97-112	27,28,29,30,35,36,37,38,56,57,58,59,62,63,64,65,105,106,107,108,109,110,111,112,113,114,115,116,117	inputs/candidate_monomers/P1MCPUFP__CPUFP500K_0128__00428.pdb	frozen_nbb2_archive_extract	H	f2578f04ac7ccfaafbb3099d67d76e644f36db8dfa3a5db2190011864794a6c7	inputs/normalized/9e6y_pvrig_receptor.pdb	T	L	A	UniProt_Q6DKI7	036faa08876ef5dc8e4331507bf042bf828faae3f3cf5a5fd358a89d5fb215da	4c76f09ba6c24bc9c82a9a97a8fa1f279c4d5ce2a6d051dbf284751701c25880	8c55751f66ac2930ce115a9419321a2b2bed220b61af2e1671f7ac6e6a2e33b3	8c55751f66ac2930ce115a9419321a2b2bed220b61af2e1671f7ac6e6a2e33b3	8aeac254aa334dac82107f1a315e1e66b05dd258d1cc28aafd2f6986a8b6e7b6	"{""cfg_hash"":""036faa08876ef5dc8e4331507bf042bf828faae3f3cf5a5fd358a89d5fb215da"",""conformation"":""9e6y"",""entity_id"":""P1MCPUFP__CPUFP500K_0128__00428"",""entity_type"":""candidate"",""monomer_sha256"":""f2578f04ac7ccfaafbb3099d67d76e644f36db8dfa3a5db2190011864794a6c7"",""protocol_core_sha256"":""8c55751f66ac2930ce115a9419321a2b2bed220b61af2e1671f7ac6e6a2e33b3"",""restraint_hash"":""4c76f09ba6c24bc9c82a9a97a8fa1f279c4d5ce2a6d051dbf284751701c25880"",""seed"":3047,""sequence_sha256"":""9a6e86a5f1426979cb5f11195c1c814f697fd00d865f0ab0fe66329ee717faac""}"	3907	TOP200_COMMON4_SEED_COMPLETION	193
CANDIDATE_P1MCPUFP__CPUFP500K_0032__00089_8x6b_s42_8ec6ebfeac2e	401	candidate	P1MCPUFP__CPUFP500K_0032__00089		CANDIDATE_UNKNOWN	8x6b	42	e7d3d46c4ea7196aa55a51122dcc0d58548faff24c21cb29604af2ad61934fb0	26-33	51-58	97-112	27,28,29,30,35,36,37,38,56,57,58,59,62,63,64,65,105,106,107,108,109,110,111,112,113,114,115,116,117	inputs/candidate_monomers/P1MCPUFP__CPUFP500K_0032__00089.pdb	frozen_nbb2_archive_extract	H	34eb4895a67bb106c65196450c24c83a59072fcbc640ae223554e59601cdc891	inputs/normalized/8x6b_pvrig_receptor.pdb	T	L	A	UniProt_Q6DKI7	6e3411303a8196b0e07523e8d66724b2c6a9380dca7a347caa47b5632620a2a8	4c76f09ba6c24bc9c82a9a97a8fa1f279c4d5ce2a6d051dbf284751701c25880	8c55751f66ac2930ce115a9419321a2b2bed220b61af2e1671f7ac6e6a2e33b3	8c55751f66ac2930ce115a9419321a2b2bed220b61af2e1671f7ac6e6a2e33b3	8ec6ebfeac2eb5370f0520081b88f08c4320e53f3cc9c4bfae010c32deeaef81	"{""cfg_hash"":""6e3411303a8196b0e07523e8d66724b2c6a9380dca7a347caa47b5632620a2a8"",""conformation"":""8x6b"",""entity_id"":""P1MCPUFP__CPUFP500K_0032__00089"",""entity_type"":""candidate"",""monomer_sha256"":""34eb4895a67bb106c65196450c24c83a59072fcbc640ae223554e59601cdc891"",""protocol_core_sha256"":""8c55751f66ac2930ce115a9419321a2b2bed220b61af2e1671f7ac6e6a2e33b3"",""restraint_hash"":""4c76f09ba6c24bc9c82a9a97a8fa1f279c4d5ce2a6d051dbf284751701c25880"",""seed"":42,""sequence_sha256"":""e7d3d46c4ea7196aa55a51122dcc0d58548faff24c21cb29604af2ad61934fb0""}"	1847	TOP200_COMMON4_SEED_COMPLETION	194
CANDIDATE_P1MCPUFP__CPUFP500K_0032__00089_9e6y_s42_63ded5d05255	402	candidate	P1MCPUFP__CPUFP500K_0032__00089		CANDIDATE_UNKNOWN	9e6y	42	e7d3d46c4ea7196aa55a51122dcc0d58548faff24c21cb29604af2ad61934fb0	26-33	51-58	97-112	27,28,29,30,35,36,37,38,56,57,58,59,62,63,64,65,105,106,107,108,109,110,111,112,113,114,115,116,117	inputs/candidate_monomers/P1MCPUFP__CPUFP500K_0032__00089.pdb	frozen_nbb2_archive_extract	H	34eb4895a67bb106c65196450c24c83a59072fcbc640ae223554e59601cdc891	inputs/normalized/9e6y_pvrig_receptor.pdb	T	L	A	UniProt_Q6DKI7	7b597e4976340689606e650f7a864d1c028938e4a1d0c4201b7092f53302813a	4c76f09ba6c24bc9c82a9a97a8fa1f279c4d5ce2a6d051dbf284751701c25880	8c55751f66ac2930ce115a9419321a2b2bed220b61af2e1671f7ac6e6a2e33b3	8c55751f66ac2930ce115a9419321a2b2bed220b61af2e1671f7ac6e6a2e33b3	63ded5d05255d02c019eb8465779606c9b898cb08b6d43683acb9e46e6fc5bbe	"{""cfg_hash"":""7b597e4976340689606e650f7a864d1c028938e4a1d0c4201b7092f53302813a"",""conformation"":""9e6y"",""entity_id"":""P1MCPUFP__CPUFP500K_0032__00089"",""entity_type"":""candidate"",""monomer_sha256"":""34eb4895a67bb106c65196450c24c83a59072fcbc640ae223554e59601cdc891"",""protocol_core_sha256"":""8c55751f66ac2930ce115a9419321a2b2bed220b61af2e1671f7ac6e6a2e33b3"",""restraint_hash"":""4c76f09ba6c24bc9c82a9a97a8fa1f279c4d5ce2a6d051dbf284751701c25880"",""seed"":42,""sequence_sha256"":""e7d3d46c4ea7196aa55a51122dcc0d58548faff24c21cb29604af2ad61934fb0""}"	1847	TOP200_COMMON4_SEED_COMPLETION	194
CANDIDATE_P1MCPUFP__CPUFP500K_0032__00089_8x6b_s3047_30e77c429921	403	candidate	P1MCPUFP__CPUFP500K_0032__00089		CANDIDATE_UNKNOWN	8x6b	3047	e7d3d46c4ea7196aa55a51122dcc0d58548faff24c21cb29604af2ad61934fb0	26-33	51-58	97-112	27,28,29,30,35,36,37,38,56,57,58,59,62,63,64,65,105,106,107,108,109,110,111,112,113,114,115,116,117	inputs/candidate_monomers/P1MCPUFP__CPUFP500K_0032__00089.pdb	frozen_nbb2_archive_extract	H	34eb4895a67bb106c65196450c24c83a59072fcbc640ae223554e59601cdc891	inputs/normalized/8x6b_pvrig_receptor.pdb	T	L	A	UniProt_Q6DKI7	21918201f2d7d8fd86e7fbe3003003c516ebb4de914b20d6f1f82a78554f6225	4c76f09ba6c24bc9c82a9a97a8fa1f279c4d5ce2a6d051dbf284751701c25880	8c55751f66ac2930ce115a9419321a2b2bed220b61af2e1671f7ac6e6a2e33b3	8c55751f66ac2930ce115a9419321a2b2bed220b61af2e1671f7ac6e6a2e33b3	30e77c429921b55d8b8399521a60d46a83988c11c74e2b7fab9887260d3384de	"{""cfg_hash"":""21918201f2d7d8fd86e7fbe3003003c516ebb4de914b20d6f1f82a78554f6225"",""conformation"":""8x6b"",""entity_id"":""P1MCPUFP__CPUFP500K_0032__00089"",""entity_type"":""candidate"",""monomer_sha256"":""34eb4895a67bb106c65196450c24c83a59072fcbc640ae223554e59601cdc891"",""protocol_core_sha256"":""8c55751f66ac2930ce115a9419321a2b2bed220b61af2e1671f7ac6e6a2e33b3"",""restraint_hash"":""4c76f09ba6c24bc9c82a9a97a8fa1f279c4d5ce2a6d051dbf284751701c25880"",""seed"":3047,""sequence_sha256"":""e7d3d46c4ea7196aa55a51122dcc0d58548faff24c21cb29604af2ad61934fb0""}"	1847	TOP200_COMMON4_SEED_COMPLETION	194
CANDIDATE_P1MCPUFP__CPUFP500K_0032__00089_9e6y_s3047_d7def442310e	404	candidate	P1MCPUFP__CPUFP500K_0032__00089		CANDIDATE_UNKNOWN	9e6y	3047	e7d3d46c4ea7196aa55a51122dcc0d58548faff24c21cb29604af2ad61934fb0	26-33	51-58	97-112	27,28,29,30,35,36,37,38,56,57,58,59,62,63,64,65,105,106,107,108,109,110,111,112,113,114,115,116,117	inputs/candidate_monomers/P1MCPUFP__CPUFP500K_0032__00089.pdb	frozen_nbb2_archive_extract	H	34eb4895a67bb106c65196450c24c83a59072fcbc640ae223554e59601cdc891	inputs/normalized/9e6y_pvrig_receptor.pdb	T	L	A	UniProt_Q6DKI7	036faa08876ef5dc8e4331507bf042bf828faae3f3cf5a5fd358a89d5fb215da	4c76f09ba6c24bc9c82a9a97a8fa1f279c4d5ce2a6d051dbf284751701c25880	8c55751f66ac2930ce115a9419321a2b2bed220b61af2e1671f7ac6e6a2e33b3	8c55751f66ac2930ce115a9419321a2b2bed220b61af2e1671f7ac6e6a2e33b3	d7def442310eb85ef944dfffee49c907995d6c88a1be591e2e2753bdef3fe12e	"{""cfg_hash"":""036faa08876ef5dc8e4331507bf042bf828faae3f3cf5a5fd358a89d5fb215da"",""conformation"":""9e6y"",""entity_id"":""P1MCPUFP__CPUFP500K_0032__00089"",""entity_type"":""candidate"",""monomer_sha256"":""34eb4895a67bb106c65196450c24c83a59072fcbc640ae223554e59601cdc891"",""protocol_core_sha256"":""8c55751f66ac2930ce115a9419321a2b2bed220b61af2e1671f7ac6e6a2e33b3"",""restraint_hash"":""4c76f09ba6c24bc9c82a9a97a8fa1f279c4d5ce2a6d051dbf284751701c25880"",""seed"":3047,""sequence_sha256"":""e7d3d46c4ea7196aa55a51122dcc0d58548faff24c21cb29604af2ad61934fb0""}"	1847	TOP200_COMMON4_SEED_COMPLETION	194
CANDIDATE_P1MCPUFP__CPUFP500K_0424__00412_8x6b_s42_527c9a9717c0	405	candidate	P1MCPUFP__CPUFP500K_0424__00412		CANDIDATE_UNKNOWN	8x6b	42	33de4399c09ea7a1061e54f38e658ecc76134e4987502d000bb618687e3a7164	26-33	51-58	97-112	27,28,29,30,35,36,37,38,56,57,58,59,62,63,64,65,105,106,107,108,109,110,111,112,113,114,115,116,117	inputs/candidate_monomers/P1MCPUFP__CPUFP500K_0424__00412.pdb	frozen_nbb2_archive_extract	H	101d2ce22bcbdc826ef0f35bd1bc332ef9da6aacdebcb8d38f79ff7447763e32	inputs/normalized/8x6b_pvrig_receptor.pdb	T	L	A	UniProt_Q6DKI7	6e3411303a8196b0e07523e8d66724b2c6a9380dca7a347caa47b5632620a2a8	4c76f09ba6c24bc9c82a9a97a8fa1f279c4d5ce2a6d051dbf284751701c25880	8c55751f66ac2930ce115a9419321a2b2bed220b61af2e1671f7ac6e6a2e33b3	8c55751f66ac2930ce115a9419321a2b2bed220b61af2e1671f7ac6e6a2e33b3	527c9a9717c04edd281d5184d776a041f498a7d2228b53367e2ad1ca7eaf2074	"{""cfg_hash"":""6e3411303a8196b0e07523e8d66724b2c6a9380dca7a347caa47b5632620a2a8"",""conformation"":""8x6b"",""entity_id"":""P1MCPUFP__CPUFP500K_0424__00412"",""entity_type"":""candidate"",""monomer_sha256"":""101d2ce22bcbdc826ef0f35bd1bc332ef9da6aacdebcb8d38f79ff7447763e32"",""protocol_core_sha256"":""8c55751f66ac2930ce115a9419321a2b2bed220b61af2e1671f7ac6e6a2e33b3"",""restraint_hash"":""4c76f09ba6c24bc9c82a9a97a8fa1f279c4d5ce2a6d051dbf284751701c25880"",""seed"":42,""sequence_sha256"":""33de4399c09ea7a1061e54f38e658ecc76134e4987502d000bb618687e3a7164""}"	4247	TOP200_COMMON4_SEED_COMPLETION	195
CANDIDATE_P1MCPUFP__CPUFP500K_0424__00412_9e6y_s42_1e82c66df768	406	candidate	P1MCPUFP__CPUFP500K_0424__00412		CANDIDATE_UNKNOWN	9e6y	42	33de4399c09ea7a1061e54f38e658ecc76134e4987502d000bb618687e3a7164	26-33	51-58	97-112	27,28,29,30,35,36,37,38,56,57,58,59,62,63,64,65,105,106,107,108,109,110,111,112,113,114,115,116,117	inputs/candidate_monomers/P1MCPUFP__CPUFP500K_0424__00412.pdb	frozen_nbb2_archive_extract	H	101d2ce22bcbdc826ef0f35bd1bc332ef9da6aacdebcb8d38f79ff7447763e32	inputs/normalized/9e6y_pvrig_receptor.pdb	T	L	A	UniProt_Q6DKI7	7b597e4976340689606e650f7a864d1c028938e4a1d0c4201b7092f53302813a	4c76f09ba6c24bc9c82a9a97a8fa1f279c4d5ce2a6d051dbf284751701c25880	8c55751f66ac2930ce115a9419321a2b2bed220b61af2e1671f7ac6e6a2e33b3	8c55751f66ac2930ce115a9419321a2b2bed220b61af2e1671f7ac6e6a2e33b3	1e82c66df768d161a4ba6d20d8f2aaf2d4573903d7643eb037443f54eda98b58	"{""cfg_hash"":""7b597e4976340689606e650f7a864d1c028938e4a1d0c4201b7092f53302813a"",""conformation"":""9e6y"",""entity_id"":""P1MCPUFP__CPUFP500K_0424__00412"",""entity_type"":""candidate"",""monomer_sha256"":""101d2ce22bcbdc826ef0f35bd1bc332ef9da6aacdebcb8d38f79ff7447763e32"",""protocol_core_sha256"":""8c55751f66ac2930ce115a9419321a2b2bed220b61af2e1671f7ac6e6a2e33b3"",""restraint_hash"":""4c76f09ba6c24bc9c82a9a97a8fa1f279c4d5ce2a6d051dbf284751701c25880"",""seed"":42,""sequence_sha256"":""33de4399c09ea7a1061e54f38e658ecc76134e4987502d000bb618687e3a7164""}"	4247	TOP200_COMMON4_SEED_COMPLETION	195
CANDIDATE_P1MCPUFP__CPUFP500K_0424__00412_8x6b_s3047_d08ad9d5bc42	407	candidate	P1MCPUFP__CPUFP500K_0424__00412		CANDIDATE_UNKNOWN	8x6b	3047	33de4399c09ea7a1061e54f38e658ecc76134e4987502d000bb618687e3a7164	26-33	51-58	97-112	27,28,29,30,35,36,37,38,56,57,58,59,62,63,64,65,105,106,107,108,109,110,111,112,113,114,115,116,117	inputs/candidate_monomers/P1MCPUFP__CPUFP500K_0424__00412.pdb	frozen_nbb2_archive_extract	H	101d2ce22bcbdc826ef0f35bd1bc332ef9da6aacdebcb8d38f79ff7447763e32	inputs/normalized/8x6b_pvrig_receptor.pdb	T	L	A	UniProt_Q6DKI7	21918201f2d7d8fd86e7fbe3003003c516ebb4de914b20d6f1f82a78554f6225	4c76f09ba6c24bc9c82a9a97a8fa1f279c4d5ce2a6d051dbf284751701c25880	8c55751f66ac2930ce115a9419321a2b2bed220b61af2e1671f7ac6e6a2e33b3	8c55751f66ac2930ce115a9419321a2b2bed220b61af2e1671f7ac6e6a2e33b3	d08ad9d5bc42de259495674d3b7764d2f466029deee345976c697e945967492e	"{""cfg_hash"":""21918201f2d7d8fd86e7fbe3003003c516ebb4de914b20d6f1f82a78554f6225"",""conformation"":""8x6b"",""entity_id"":""P1MCPUFP__CPUFP500K_0424__00412"",""entity_type"":""candidate"",""monomer_sha256"":""101d2ce22bcbdc826ef0f35bd1bc332ef9da6aacdebcb8d38f79ff7447763e32"",""protocol_core_sha256"":""8c55751f66ac2930ce115a9419321a2b2bed220b61af2e1671f7ac6e6a2e33b3"",""restraint_hash"":""4c76f09ba6c24bc9c82a9a97a8fa1f279c4d5ce2a6d051dbf284751701c25880"",""seed"":3047,""sequence_sha256"":""33de4399c09ea7a1061e54f38e658ecc76134e4987502d000bb618687e3a7164""}"	4247	TOP200_COMMON4_SEED_COMPLETION	195
CANDIDATE_P1MCPUFP__CPUFP500K_0424__00412_9e6y_s3047_7fb9915defe6	408	candidate	P1MCPUFP__CPUFP500K_0424__00412		CANDIDATE_UNKNOWN	9e6y	3047	33de4399c09ea7a1061e54f38e658ecc76134e4987502d000bb618687e3a7164	26-33	51-58	97-112	27,28,29,30,35,36,37,38,56,57,58,59,62,63,64,65,105,106,107,108,109,110,111,112,113,114,115,116,117	inputs/candidate_monomers/P1MCPUFP__CPUFP500K_0424__00412.pdb	frozen_nbb2_archive_extract	H	101d2ce22bcbdc826ef0f35bd1bc332ef9da6aacdebcb8d38f79ff7447763e32	inputs/normalized/9e6y_pvrig_receptor.pdb	T	L	A	UniProt_Q6DKI7	036faa08876ef5dc8e4331507bf042bf828faae3f3cf5a5fd358a89d5fb215da	4c76f09ba6c24bc9c82a9a97a8fa1f279c4d5ce2a6d051dbf284751701c25880	8c55751f66ac2930ce115a9419321a2b2bed220b61af2e1671f7ac6e6a2e33b3	8c55751f66ac2930ce115a9419321a2b2bed220b61af2e1671f7ac6e6a2e33b3	7fb9915defe6b38b74e86c28281ee36ce79bb539cb99db5ea7e1be26d5dbc032	"{""cfg_hash"":""036faa08876ef5dc8e4331507bf042bf828faae3f3cf5a5fd358a89d5fb215da"",""conformation"":""9e6y"",""entity_id"":""P1MCPUFP__CPUFP500K_0424__00412"",""entity_type"":""candidate"",""monomer_sha256"":""101d2ce22bcbdc826ef0f35bd1bc332ef9da6aacdebcb8d38f79ff7447763e32"",""protocol_core_sha256"":""8c55751f66ac2930ce115a9419321a2b2bed220b61af2e1671f7ac6e6a2e33b3"",""restraint_hash"":""4c76f09ba6c24bc9c82a9a97a8fa1f279c4d5ce2a6d051dbf284751701c25880"",""seed"":3047,""sequence_sha256"":""33de4399c09ea7a1061e54f38e658ecc76134e4987502d000bb618687e3a7164""}"	4247	TOP200_COMMON4_SEED_COMPLETION	195
CANDIDATE_P1MCPUFP__CPUFP500K_0032__00270_8x6b_s42_77f78de3c250	409	candidate	P1MCPUFP__CPUFP500K_0032__00270		CANDIDATE_UNKNOWN	8x6b	42	215d2c65ccb5fffb6643c66c34ce148a3cb807d5102b9d089745e3babdf3b671	26-33	51-58	97-112	27,28,29,30,35,36,37,38,56,57,58,59,62,63,64,65,105,106,107,108,109,110,111,112,113,114,115,116,117	inputs/candidate_monomers/P1MCPUFP__CPUFP500K_0032__00270.pdb	frozen_nbb2_archive_extract	H	5c0429f7f1349aef5ae3998c262d9a8592f3f0d3caf5647797334890b6b0627a	inputs/normalized/8x6b_pvrig_receptor.pdb	T	L	A	UniProt_Q6DKI7	6e3411303a8196b0e07523e8d66724b2c6a9380dca7a347caa47b5632620a2a8	4c76f09ba6c24bc9c82a9a97a8fa1f279c4d5ce2a6d051dbf284751701c25880	8c55751f66ac2930ce115a9419321a2b2bed220b61af2e1671f7ac6e6a2e33b3	8c55751f66ac2930ce115a9419321a2b2bed220b61af2e1671f7ac6e6a2e33b3	77f78de3c250a778bd4ca21098b16236159ffb886b9ac5856b2a4b65980c4d9d	"{""cfg_hash"":""6e3411303a8196b0e07523e8d66724b2c6a9380dca7a347caa47b5632620a2a8"",""conformation"":""8x6b"",""entity_id"":""P1MCPUFP__CPUFP500K_0032__00270"",""entity_type"":""candidate"",""monomer_sha256"":""5c0429f7f1349aef5ae3998c262d9a8592f3f0d3caf5647797334890b6b0627a"",""protocol_core_sha256"":""8c55751f66ac2930ce115a9419321a2b2bed220b61af2e1671f7ac6e6a2e33b3"",""restraint_hash"":""4c76f09ba6c24bc9c82a9a97a8fa1f279c4d5ce2a6d051dbf284751701c25880"",""seed"":42,""sequence_sha256"":""215d2c65ccb5fffb6643c66c34ce148a3cb807d5102b9d089745e3babdf3b671""}"	1133	TOP200_COMMON4_SEED_COMPLETION	197
CANDIDATE_P1MCPUFP__CPUFP500K_0032__00270_9e6y_s42_267c25fda7c6	410	candidate	P1MCPUFP__CPUFP500K_0032__00270		CANDIDATE_UNKNOWN	9e6y	42	215d2c65ccb5fffb6643c66c34ce148a3cb807d5102b9d089745e3babdf3b671	26-33	51-58	97-112	27,28,29,30,35,36,37,38,56,57,58,59,62,63,64,65,105,106,107,108,109,110,111,112,113,114,115,116,117	inputs/candidate_monomers/P1MCPUFP__CPUFP500K_0032__00270.pdb	frozen_nbb2_archive_extract	H	5c0429f7f1349aef5ae3998c262d9a8592f3f0d3caf5647797334890b6b0627a	inputs/normalized/9e6y_pvrig_receptor.pdb	T	L	A	UniProt_Q6DKI7	7b597e4976340689606e650f7a864d1c028938e4a1d0c4201b7092f53302813a	4c76f09ba6c24bc9c82a9a97a8fa1f279c4d5ce2a6d051dbf284751701c25880	8c55751f66ac2930ce115a9419321a2b2bed220b61af2e1671f7ac6e6a2e33b3	8c55751f66ac2930ce115a9419321a2b2bed220b61af2e1671f7ac6e6a2e33b3	267c25fda7c6cff67354c19ce9096b7a990758b5f8f8c8133083a515dd983f90	"{""cfg_hash"":""7b597e4976340689606e650f7a864d1c028938e4a1d0c4201b7092f53302813a"",""conformation"":""9e6y"",""entity_id"":""P1MCPUFP__CPUFP500K_0032__00270"",""entity_type"":""candidate"",""monomer_sha256"":""5c0429f7f1349aef5ae3998c262d9a8592f3f0d3caf5647797334890b6b0627a"",""protocol_core_sha256"":""8c55751f66ac2930ce115a9419321a2b2bed220b61af2e1671f7ac6e6a2e33b3"",""restraint_hash"":""4c76f09ba6c24bc9c82a9a97a8fa1f279c4d5ce2a6d051dbf284751701c25880"",""seed"":42,""sequence_sha256"":""215d2c65ccb5fffb6643c66c34ce148a3cb807d5102b9d089745e3babdf3b671""}"	1133	TOP200_COMMON4_SEED_COMPLETION	197
CANDIDATE_P1MCPUFP__CPUFP500K_0032__00270_8x6b_s3047_4bc9c5a5db70	411	candidate	P1MCPUFP__CPUFP500K_0032__00270		CANDIDATE_UNKNOWN	8x6b	3047	215d2c65ccb5fffb6643c66c34ce148a3cb807d5102b9d089745e3babdf3b671	26-33	51-58	97-112	27,28,29,30,35,36,37,38,56,57,58,59,62,63,64,65,105,106,107,108,109,110,111,112,113,114,115,116,117	inputs/candidate_monomers/P1MCPUFP__CPUFP500K_0032__00270.pdb	frozen_nbb2_archive_extract	H	5c0429f7f1349aef5ae3998c262d9a8592f3f0d3caf5647797334890b6b0627a	inputs/normalized/8x6b_pvrig_receptor.pdb	T	L	A	UniProt_Q6DKI7	21918201f2d7d8fd86e7fbe3003003c516ebb4de914b20d6f1f82a78554f6225	4c76f09ba6c24bc9c82a9a97a8fa1f279c4d5ce2a6d051dbf284751701c25880	8c55751f66ac2930ce115a9419321a2b2bed220b61af2e1671f7ac6e6a2e33b3	8c55751f66ac2930ce115a9419321a2b2bed220b61af2e1671f7ac6e6a2e33b3	4bc9c5a5db70ebdf37a3a5d06fa1a6ee4d8ab3b94e28985a8ea632922e04bf1c	"{""cfg_hash"":""21918201f2d7d8fd86e7fbe3003003c516ebb4de914b20d6f1f82a78554f6225"",""conformation"":""8x6b"",""entity_id"":""P1MCPUFP__CPUFP500K_0032__00270"",""entity_type"":""candidate"",""monomer_sha256"":""5c0429f7f1349aef5ae3998c262d9a8592f3f0d3caf5647797334890b6b0627a"",""protocol_core_sha256"":""8c55751f66ac2930ce115a9419321a2b2bed220b61af2e1671f7ac6e6a2e33b3"",""restraint_hash"":""4c76f09ba6c24bc9c82a9a97a8fa1f279c4d5ce2a6d051dbf284751701c25880"",""seed"":3047,""sequence_sha256"":""215d2c65ccb5fffb6643c66c34ce148a3cb807d5102b9d089745e3babdf3b671""}"	1133	TOP200_COMMON4_SEED_COMPLETION	197
CANDIDATE_P1MCPUFP__CPUFP500K_0032__00270_9e6y_s3047_b54e316ecc2a	412	candidate	P1MCPUFP__CPUFP500K_0032__00270		CANDIDATE_UNKNOWN	9e6y	3047	215d2c65ccb5fffb6643c66c34ce148a3cb807d5102b9d089745e3babdf3b671	26-33	51-58	97-112	27,28,29,30,35,36,37,38,56,57,58,59,62,63,64,65,105,106,107,108,109,110,111,112,113,114,115,116,117	inputs/candidate_monomers/P1MCPUFP__CPUFP500K_0032__00270.pdb	frozen_nbb2_archive_extract	H	5c0429f7f1349aef5ae3998c262d9a8592f3f0d3caf5647797334890b6b0627a	inputs/normalized/9e6y_pvrig_receptor.pdb	T	L	A	UniProt_Q6DKI7	036faa08876ef5dc8e4331507bf042bf828faae3f3cf5a5fd358a89d5fb215da	4c76f09ba6c24bc9c82a9a97a8fa1f279c4d5ce2a6d051dbf284751701c25880	8c55751f66ac2930ce115a9419321a2b2bed220b61af2e1671f7ac6e6a2e33b3	8c55751f66ac2930ce115a9419321a2b2bed220b61af2e1671f7ac6e6a2e33b3	b54e316ecc2a7775428d10528d93a790ab47838f7c52d05350b1a95c0aea020d	"{""cfg_hash"":""036faa08876ef5dc8e4331507bf042bf828faae3f3cf5a5fd358a89d5fb215da"",""conformation"":""9e6y"",""entity_id"":""P1MCPUFP__CPUFP500K_0032__00270"",""entity_type"":""candidate"",""monomer_sha256"":""5c0429f7f1349aef5ae3998c262d9a8592f3f0d3caf5647797334890b6b0627a"",""protocol_core_sha256"":""8c55751f66ac2930ce115a9419321a2b2bed220b61af2e1671f7ac6e6a2e33b3"",""restraint_hash"":""4c76f09ba6c24bc9c82a9a97a8fa1f279c4d5ce2a6d051dbf284751701c25880"",""seed"":3047,""sequence_sha256"":""215d2c65ccb5fffb6643c66c34ce148a3cb807d5102b9d089745e3babdf3b671""}"	1133	TOP200_COMMON4_SEED_COMPLETION	197
CANDIDATE_P1MCPUFP__CPUFP500K_0228__00160_8x6b_s42_e99850ca6097	413	candidate	P1MCPUFP__CPUFP500K_0228__00160		CANDIDATE_UNKNOWN	8x6b	42	d6541dc5058101489cfbf5042a3689266dbc4a9dd2bd02d3e2243b147f64fad2	26-33	51-58	97-112	27,28,29,30,35,36,37,38,56,57,58,59,62,63,64,65,105,106,107,108,109,110,111,112,113,114,115,116,117	inputs/candidate_monomers/P1MCPUFP__CPUFP500K_0228__00160.pdb	frozen_nbb2_archive_extract	H	ae20e8065c0442f887f0ebd6da451b772cc98b9f40e0744aaa87f31b75628e14	inputs/normalized/8x6b_pvrig_receptor.pdb	T	L	A	UniProt_Q6DKI7	6e3411303a8196b0e07523e8d66724b2c6a9380dca7a347caa47b5632620a2a8	4c76f09ba6c24bc9c82a9a97a8fa1f279c4d5ce2a6d051dbf284751701c25880	8c55751f66ac2930ce115a9419321a2b2bed220b61af2e1671f7ac6e6a2e33b3	8c55751f66ac2930ce115a9419321a2b2bed220b61af2e1671f7ac6e6a2e33b3	e99850ca60974eecd20c0b1a107dce7c070c905e68527ee9c6ad7d1717b90134	"{""cfg_hash"":""6e3411303a8196b0e07523e8d66724b2c6a9380dca7a347caa47b5632620a2a8"",""conformation"":""8x6b"",""entity_id"":""P1MCPUFP__CPUFP500K_0228__00160"",""entity_type"":""candidate"",""monomer_sha256"":""ae20e8065c0442f887f0ebd6da451b772cc98b9f40e0744aaa87f31b75628e14"",""protocol_core_sha256"":""8c55751f66ac2930ce115a9419321a2b2bed220b61af2e1671f7ac6e6a2e33b3"",""restraint_hash"":""4c76f09ba6c24bc9c82a9a97a8fa1f279c4d5ce2a6d051dbf284751701c25880"",""seed"":42,""sequence_sha256"":""d6541dc5058101489cfbf5042a3689266dbc4a9dd2bd02d3e2243b147f64fad2""}"	1833	TOP200_COMMON4_SEED_COMPLETION	198
CANDIDATE_P1MCPUFP__CPUFP500K_0228__00160_9e6y_s42_affac32e8ff8	414	candidate	P1MCPUFP__CPUFP500K_0228__00160		CANDIDATE_UNKNOWN	9e6y	42	d6541dc5058101489cfbf5042a3689266dbc4a9dd2bd02d3e2243b147f64fad2	26-33	51-58	97-112	27,28,29,30,35,36,37,38,56,57,58,59,62,63,64,65,105,106,107,108,109,110,111,112,113,114,115,116,117	inputs/candidate_monomers/P1MCPUFP__CPUFP500K_0228__00160.pdb	frozen_nbb2_archive_extract	H	ae20e8065c0442f887f0ebd6da451b772cc98b9f40e0744aaa87f31b75628e14	inputs/normalized/9e6y_pvrig_receptor.pdb	T	L	A	UniProt_Q6DKI7	7b597e4976340689606e650f7a864d1c028938e4a1d0c4201b7092f53302813a	4c76f09ba6c24bc9c82a9a97a8fa1f279c4d5ce2a6d051dbf284751701c25880	8c55751f66ac2930ce115a9419321a2b2bed220b61af2e1671f7ac6e6a2e33b3	8c55751f66ac2930ce115a9419321a2b2bed220b61af2e1671f7ac6e6a2e33b3	affac32e8ff813b3627038402d65f76512f9898413b8b5af4617e7536ada5135	"{""cfg_hash"":""7b597e4976340689606e650f7a864d1c028938e4a1d0c4201b7092f53302813a"",""conformation"":""9e6y"",""entity_id"":""P1MCPUFP__CPUFP500K_0228__00160"",""entity_type"":""candidate"",""monomer_sha256"":""ae20e8065c0442f887f0ebd6da451b772cc98b9f40e0744aaa87f31b75628e14"",""protocol_core_sha256"":""8c55751f66ac2930ce115a9419321a2b2bed220b61af2e1671f7ac6e6a2e33b3"",""restraint_hash"":""4c76f09ba6c24bc9c82a9a97a8fa1f279c4d5ce2a6d051dbf284751701c25880"",""seed"":42,""sequence_sha256"":""d6541dc5058101489cfbf5042a3689266dbc4a9dd2bd02d3e2243b147f64fad2""}"	1833	TOP200_COMMON4_SEED_COMPLETION	198
CANDIDATE_P1MCPUFP__CPUFP500K_0228__00160_8x6b_s3047_d37ee8eb8a8a	415	candidate	P1MCPUFP__CPUFP500K_0228__00160		CANDIDATE_UNKNOWN	8x6b	3047	d6541dc5058101489cfbf5042a3689266dbc4a9dd2bd02d3e2243b147f64fad2	26-33	51-58	97-112	27,28,29,30,35,36,37,38,56,57,58,59,62,63,64,65,105,106,107,108,109,110,111,112,113,114,115,116,117	inputs/candidate_monomers/P1MCPUFP__CPUFP500K_0228__00160.pdb	frozen_nbb2_archive_extract	H	ae20e8065c0442f887f0ebd6da451b772cc98b9f40e0744aaa87f31b75628e14	inputs/normalized/8x6b_pvrig_receptor.pdb	T	L	A	UniProt_Q6DKI7	21918201f2d7d8fd86e7fbe3003003c516ebb4de914b20d6f1f82a78554f6225	4c76f09ba6c24bc9c82a9a97a8fa1f279c4d5ce2a6d051dbf284751701c25880	8c55751f66ac2930ce115a9419321a2b2bed220b61af2e1671f7ac6e6a2e33b3	8c55751f66ac2930ce115a9419321a2b2bed220b61af2e1671f7ac6e6a2e33b3	d37ee8eb8a8af442efbf2a4b10f5ec2ab059f60e9ce232f9e2829650aaa6012b	"{""cfg_hash"":""21918201f2d7d8fd86e7fbe3003003c516ebb4de914b20d6f1f82a78554f6225"",""conformation"":""8x6b"",""entity_id"":""P1MCPUFP__CPUFP500K_0228__00160"",""entity_type"":""candidate"",""monomer_sha256"":""ae20e8065c0442f887f0ebd6da451b772cc98b9f40e0744aaa87f31b75628e14"",""protocol_core_sha256"":""8c55751f66ac2930ce115a9419321a2b2bed220b61af2e1671f7ac6e6a2e33b3"",""restraint_hash"":""4c76f09ba6c24bc9c82a9a97a8fa1f279c4d5ce2a6d051dbf284751701c25880"",""seed"":3047,""sequence_sha256"":""d6541dc5058101489cfbf5042a3689266dbc4a9dd2bd02d3e2243b147f64fad2""}"	1833	TOP200_COMMON4_SEED_COMPLETION	198
CANDIDATE_P1MCPUFP__CPUFP500K_0228__00160_9e6y_s3047_38e7c7881b02	416	candidate	P1MCPUFP__CPUFP500K_0228__00160		CANDIDATE_UNKNOWN	9e6y	3047	d6541dc5058101489cfbf5042a3689266dbc4a9dd2bd02d3e2243b147f64fad2	26-33	51-58	97-112	27,28,29,30,35,36,37,38,56,57,58,59,62,63,64,65,105,106,107,108,109,110,111,112,113,114,115,116,117	inputs/candidate_monomers/P1MCPUFP__CPUFP500K_0228__00160.pdb	frozen_nbb2_archive_extract	H	ae20e8065c0442f887f0ebd6da451b772cc98b9f40e0744aaa87f31b75628e14	inputs/normalized/9e6y_pvrig_receptor.pdb	T	L	A	UniProt_Q6DKI7	036faa08876ef5dc8e4331507bf042bf828faae3f3cf5a5fd358a89d5fb215da	4c76f09ba6c24bc9c82a9a97a8fa1f279c4d5ce2a6d051dbf284751701c25880	8c55751f66ac2930ce115a9419321a2b2bed220b61af2e1671f7ac6e6a2e33b3	8c55751f66ac2930ce115a9419321a2b2bed220b61af2e1671f7ac6e6a2e33b3	38e7c7881b021fcc0c24a074d4780906ace5892ad439e176e2cc47ec86c41315	"{""cfg_hash"":""036faa08876ef5dc8e4331507bf042bf828faae3f3cf5a5fd358a89d5fb215da"",""conformation"":""9e6y"",""entity_id"":""P1MCPUFP__CPUFP500K_0228__00160"",""entity_type"":""candidate"",""monomer_sha256"":""ae20e8065c0442f887f0ebd6da451b772cc98b9f40e0744aaa87f31b75628e14"",""protocol_core_sha256"":""8c55751f66ac2930ce115a9419321a2b2bed220b61af2e1671f7ac6e6a2e33b3"",""restraint_hash"":""4c76f09ba6c24bc9c82a9a97a8fa1f279c4d5ce2a6d051dbf284751701c25880"",""seed"":3047,""sequence_sha256"":""d6541dc5058101489cfbf5042a3689266dbc4a9dd2bd02d3e2243b147f64fad2""}"	1833	TOP200_COMMON4_SEED_COMPLETION	198
CANDIDATE_P1MCPUFP__CPUFP500K_0128__00322_8x6b_s42_ba11dbf2ee8f	417	candidate	P1MCPUFP__CPUFP500K_0128__00322		CANDIDATE_UNKNOWN	8x6b	42	19a805b86c2783059a531406965afa1cf07816bb98c2c2479371552df972fdae	26-33	51-58	97-112	27,28,29,30,35,36,37,38,56,57,58,59,62,63,64,65,105,106,107,108,109,110,111,112,113,114,115,116,117	inputs/candidate_monomers/P1MCPUFP__CPUFP500K_0128__00322.pdb	frozen_nbb2_archive_extract	H	b1a51a3f421206e88498604ec4295d491f1655cc96140575b669c0422e1f9e37	inputs/normalized/8x6b_pvrig_receptor.pdb	T	L	A	UniProt_Q6DKI7	6e3411303a8196b0e07523e8d66724b2c6a9380dca7a347caa47b5632620a2a8	4c76f09ba6c24bc9c82a9a97a8fa1f279c4d5ce2a6d051dbf284751701c25880	8c55751f66ac2930ce115a9419321a2b2bed220b61af2e1671f7ac6e6a2e33b3	8c55751f66ac2930ce115a9419321a2b2bed220b61af2e1671f7ac6e6a2e33b3	ba11dbf2ee8f6fd427925cb9f79e9e076bc287c447bc6c02f18d91a1a76326f4	"{""cfg_hash"":""6e3411303a8196b0e07523e8d66724b2c6a9380dca7a347caa47b5632620a2a8"",""conformation"":""8x6b"",""entity_id"":""P1MCPUFP__CPUFP500K_0128__00322"",""entity_type"":""candidate"",""monomer_sha256"":""b1a51a3f421206e88498604ec4295d491f1655cc96140575b669c0422e1f9e37"",""protocol_core_sha256"":""8c55751f66ac2930ce115a9419321a2b2bed220b61af2e1671f7ac6e6a2e33b3"",""restraint_hash"":""4c76f09ba6c24bc9c82a9a97a8fa1f279c4d5ce2a6d051dbf284751701c25880"",""seed"":42,""sequence_sha256"":""19a805b86c2783059a531406965afa1cf07816bb98c2c2479371552df972fdae""}"	6729	TOP200_COMMON4_SEED_COMPLETION	199
CANDIDATE_P1MCPUFP__CPUFP500K_0128__00322_9e6y_s42_624e691800ed	418	candidate	P1MCPUFP__CPUFP500K_0128__00322		CANDIDATE_UNKNOWN	9e6y	42	19a805b86c2783059a531406965afa1cf07816bb98c2c2479371552df972fdae	26-33	51-58	97-112	27,28,29,30,35,36,37,38,56,57,58,59,62,63,64,65,105,106,107,108,109,110,111,112,113,114,115,116,117	inputs/candidate_monomers/P1MCPUFP__CPUFP500K_0128__00322.pdb	frozen_nbb2_archive_extract	H	b1a51a3f421206e88498604ec4295d491f1655cc96140575b669c0422e1f9e37	inputs/normalized/9e6y_pvrig_receptor.pdb	T	L	A	UniProt_Q6DKI7	7b597e4976340689606e650f7a864d1c028938e4a1d0c4201b7092f53302813a	4c76f09ba6c24bc9c82a9a97a8fa1f279c4d5ce2a6d051dbf284751701c25880	8c55751f66ac2930ce115a9419321a2b2bed220b61af2e1671f7ac6e6a2e33b3	8c55751f66ac2930ce115a9419321a2b2bed220b61af2e1671f7ac6e6a2e33b3	624e691800edfd476928b77f87939b749f7d1364fda728cf44738c534594f8c7	"{""cfg_hash"":""7b597e4976340689606e650f7a864d1c028938e4a1d0c4201b7092f53302813a"",""conformation"":""9e6y"",""entity_id"":""P1MCPUFP__CPUFP500K_0128__00322"",""entity_type"":""candidate"",""monomer_sha256"":""b1a51a3f421206e88498604ec4295d491f1655cc96140575b669c0422e1f9e37"",""protocol_core_sha256"":""8c55751f66ac2930ce115a9419321a2b2bed220b61af2e1671f7ac6e6a2e33b3"",""restraint_hash"":""4c76f09ba6c24bc9c82a9a97a8fa1f279c4d5ce2a6d051dbf284751701c25880"",""seed"":42,""sequence_sha256"":""19a805b86c2783059a531406965afa1cf07816bb98c2c2479371552df972fdae""}"	6729	TOP200_COMMON4_SEED_COMPLETION	199
CANDIDATE_P1MCPUFP__CPUFP500K_0128__00322_8x6b_s3047_0b0ef4552043	419	candidate	P1MCPUFP__CPUFP500K_0128__00322		CANDIDATE_UNKNOWN	8x6b	3047	19a805b86c2783059a531406965afa1cf07816bb98c2c2479371552df972fdae	26-33	51-58	97-112	27,28,29,30,35,36,37,38,56,57,58,59,62,63,64,65,105,106,107,108,109,110,111,112,113,114,115,116,117	inputs/candidate_monomers/P1MCPUFP__CPUFP500K_0128__00322.pdb	frozen_nbb2_archive_extract	H	b1a51a3f421206e88498604ec4295d491f1655cc96140575b669c0422e1f9e37	inputs/normalized/8x6b_pvrig_receptor.pdb	T	L	A	UniProt_Q6DKI7	21918201f2d7d8fd86e7fbe3003003c516ebb4de914b20d6f1f82a78554f6225	4c76f09ba6c24bc9c82a9a97a8fa1f279c4d5ce2a6d051dbf284751701c25880	8c55751f66ac2930ce115a9419321a2b2bed220b61af2e1671f7ac6e6a2e33b3	8c55751f66ac2930ce115a9419321a2b2bed220b61af2e1671f7ac6e6a2e33b3	0b0ef4552043ae5892c29c9d4264d8959c81341bb3cc95754d5fe5d000d0e277	"{""cfg_hash"":""21918201f2d7d8fd86e7fbe3003003c516ebb4de914b20d6f1f82a78554f6225"",""conformation"":""8x6b"",""entity_id"":""P1MCPUFP__CPUFP500K_0128__00322"",""entity_type"":""candidate"",""monomer_sha256"":""b1a51a3f421206e88498604ec4295d491f1655cc96140575b669c0422e1f9e37"",""protocol_core_sha256"":""8c55751f66ac2930ce115a9419321a2b2bed220b61af2e1671f7ac6e6a2e33b3"",""restraint_hash"":""4c76f09ba6c24bc9c82a9a97a8fa1f279c4d5ce2a6d051dbf284751701c25880"",""seed"":3047,""sequence_sha256"":""19a805b86c2783059a531406965afa1cf07816bb98c2c2479371552df972fdae""}"	6729	TOP200_COMMON4_SEED_COMPLETION	199
CANDIDATE_P1MCPUFP__CPUFP500K_0128__00322_9e6y_s3047_751c16b6631e	420	candidate	P1MCPUFP__CPUFP500K_0128__00322		CANDIDATE_UNKNOWN	9e6y	3047	19a805b86c2783059a531406965afa1cf07816bb98c2c2479371552df972fdae	26-33	51-58	97-112	27,28,29,30,35,36,37,38,56,57,58,59,62,63,64,65,105,106,107,108,109,110,111,112,113,114,115,116,117	inputs/candidate_monomers/P1MCPUFP__CPUFP500K_0128__00322.pdb	frozen_nbb2_archive_extract	H	b1a51a3f421206e88498604ec4295d491f1655cc96140575b669c0422e1f9e37	inputs/normalized/9e6y_pvrig_receptor.pdb	T	L	A	UniProt_Q6DKI7	036faa08876ef5dc8e4331507bf042bf828faae3f3cf5a5fd358a89d5fb215da	4c76f09ba6c24bc9c82a9a97a8fa1f279c4d5ce2a6d051dbf284751701c25880	8c55751f66ac2930ce115a9419321a2b2bed220b61af2e1671f7ac6e6a2e33b3	8c55751f66ac2930ce115a9419321a2b2bed220b61af2e1671f7ac6e6a2e33b3	751c16b6631eb63fb9dacec71043e96cd6daf7a8c6f4915d42d30bac88bd6695	"{""cfg_hash"":""036faa08876ef5dc8e4331507bf042bf828faae3f3cf5a5fd358a89d5fb215da"",""conformation"":""9e6y"",""entity_id"":""P1MCPUFP__CPUFP500K_0128__00322"",""entity_type"":""candidate"",""monomer_sha256"":""b1a51a3f421206e88498604ec4295d491f1655cc96140575b669c0422e1f9e37"",""protocol_core_sha256"":""8c55751f66ac2930ce115a9419321a2b2bed220b61af2e1671f7ac6e6a2e33b3"",""restraint_hash"":""4c76f09ba6c24bc9c82a9a97a8fa1f279c4d5ce2a6d051dbf284751701c25880"",""seed"":3047,""sequence_sha256"":""19a805b86c2783059a531406965afa1cf07816bb98c2c2479371552df972fdae""}"	6729	TOP200_COMMON4_SEED_COMPLETION	199
CANDIDATE_P1MCPUFP__CPUFP500K_0032__00163_8x6b_s42_ddec6eea1028	421	candidate	P1MCPUFP__CPUFP500K_0032__00163		CANDIDATE_UNKNOWN	8x6b	42	6737da62ac9d151d066754cbc22ba9a63fda11ecd07ece07187e14313a335888	26-33	51-58	97-112	27,28,29,30,35,36,37,38,56,57,58,59,62,63,64,65,105,106,107,108,109,110,111,112,113,114,115,116,117	inputs/candidate_monomers/P1MCPUFP__CPUFP500K_0032__00163.pdb	frozen_nbb2_archive_extract	H	58becc43f9de8ec0586c1c8e9b1cec9daf720fccb59a487551be28195d61eb2a	inputs/normalized/8x6b_pvrig_receptor.pdb	T	L	A	UniProt_Q6DKI7	6e3411303a8196b0e07523e8d66724b2c6a9380dca7a347caa47b5632620a2a8	4c76f09ba6c24bc9c82a9a97a8fa1f279c4d5ce2a6d051dbf284751701c25880	8c55751f66ac2930ce115a9419321a2b2bed220b61af2e1671f7ac6e6a2e33b3	8c55751f66ac2930ce115a9419321a2b2bed220b61af2e1671f7ac6e6a2e33b3	ddec6eea1028bdf4d247863988b44db5ca2105b5c3fb0001409a78a800741cab	"{""cfg_hash"":""6e3411303a8196b0e07523e8d66724b2c6a9380dca7a347caa47b5632620a2a8"",""conformation"":""8x6b"",""entity_id"":""P1MCPUFP__CPUFP500K_0032__00163"",""entity_type"":""candidate"",""monomer_sha256"":""58becc43f9de8ec0586c1c8e9b1cec9daf720fccb59a487551be28195d61eb2a"",""protocol_core_sha256"":""8c55751f66ac2930ce115a9419321a2b2bed220b61af2e1671f7ac6e6a2e33b3"",""restraint_hash"":""4c76f09ba6c24bc9c82a9a97a8fa1f279c4d5ce2a6d051dbf284751701c25880"",""seed"":42,""sequence_sha256"":""6737da62ac9d151d066754cbc22ba9a63fda11ecd07ece07187e14313a335888""}"	1663	TOP200_COMMON4_SEED_COMPLETION	200
CANDIDATE_P1MCPUFP__CPUFP500K_0032__00163_9e6y_s42_c22d93fb528a	422	candidate	P1MCPUFP__CPUFP500K_0032__00163		CANDIDATE_UNKNOWN	9e6y	42	6737da62ac9d151d066754cbc22ba9a63fda11ecd07ece07187e14313a335888	26-33	51-58	97-112	27,28,29,30,35,36,37,38,56,57,58,59,62,63,64,65,105,106,107,108,109,110,111,112,113,114,115,116,117	inputs/candidate_monomers/P1MCPUFP__CPUFP500K_0032__00163.pdb	frozen_nbb2_archive_extract	H	58becc43f9de8ec0586c1c8e9b1cec9daf720fccb59a487551be28195d61eb2a	inputs/normalized/9e6y_pvrig_receptor.pdb	T	L	A	UniProt_Q6DKI7	7b597e4976340689606e650f7a864d1c028938e4a1d0c4201b7092f53302813a	4c76f09ba6c24bc9c82a9a97a8fa1f279c4d5ce2a6d051dbf284751701c25880	8c55751f66ac2930ce115a9419321a2b2bed220b61af2e1671f7ac6e6a2e33b3	8c55751f66ac2930ce115a9419321a2b2bed220b61af2e1671f7ac6e6a2e33b3	c22d93fb528a193d48386bae2a7576f5c0b3c34574df2a2a4497b15764177a7e	"{""cfg_hash"":""7b597e4976340689606e650f7a864d1c028938e4a1d0c4201b7092f53302813a"",""conformation"":""9e6y"",""entity_id"":""P1MCPUFP__CPUFP500K_0032__00163"",""entity_type"":""candidate"",""monomer_sha256"":""58becc43f9de8ec0586c1c8e9b1cec9daf720fccb59a487551be28195d61eb2a"",""protocol_core_sha256"":""8c55751f66ac2930ce115a9419321a2b2bed220b61af2e1671f7ac6e6a2e33b3"",""restraint_hash"":""4c76f09ba6c24bc9c82a9a97a8fa1f279c4d5ce2a6d051dbf284751701c25880"",""seed"":42,""sequence_sha256"":""6737da62ac9d151d066754cbc22ba9a63fda11ecd07ece07187e14313a335888""}"	1663	TOP200_COMMON4_SEED_COMPLETION	200
CANDIDATE_P1MCPUFP__CPUFP500K_0032__00163_8x6b_s3047_c9965125b092	423	candidate	P1MCPUFP__CPUFP500K_0032__00163		CANDIDATE_UNKNOWN	8x6b	3047	6737da62ac9d151d066754cbc22ba9a63fda11ecd07ece07187e14313a335888	26-33	51-58	97-112	27,28,29,30,35,36,37,38,56,57,58,59,62,63,64,65,105,106,107,108,109,110,111,112,113,114,115,116,117	inputs/candidate_monomers/P1MCPUFP__CPUFP500K_0032__00163.pdb	frozen_nbb2_archive_extract	H	58becc43f9de8ec0586c1c8e9b1cec9daf720fccb59a487551be28195d61eb2a	inputs/normalized/8x6b_pvrig_receptor.pdb	T	L	A	UniProt_Q6DKI7	21918201f2d7d8fd86e7fbe3003003c516ebb4de914b20d6f1f82a78554f6225	4c76f09ba6c24bc9c82a9a97a8fa1f279c4d5ce2a6d051dbf284751701c25880	8c55751f66ac2930ce115a9419321a2b2bed220b61af2e1671f7ac6e6a2e33b3	8c55751f66ac2930ce115a9419321a2b2bed220b61af2e1671f7ac6e6a2e33b3	c9965125b0926eec448af5b7a6e509f274e205d4f0ddb28de47a35a86ec53d04	"{""cfg_hash"":""21918201f2d7d8fd86e7fbe3003003c516ebb4de914b20d6f1f82a78554f6225"",""conformation"":""8x6b"",""entity_id"":""P1MCPUFP__CPUFP500K_0032__00163"",""entity_type"":""candidate"",""monomer_sha256"":""58becc43f9de8ec0586c1c8e9b1cec9daf720fccb59a487551be28195d61eb2a"",""protocol_core_sha256"":""8c55751f66ac2930ce115a9419321a2b2bed220b61af2e1671f7ac6e6a2e33b3"",""restraint_hash"":""4c76f09ba6c24bc9c82a9a97a8fa1f279c4d5ce2a6d051dbf284751701c25880"",""seed"":3047,""sequence_sha256"":""6737da62ac9d151d066754cbc22ba9a63fda11ecd07ece07187e14313a335888""}"	1663	TOP200_COMMON4_SEED_COMPLETION	200
CANDIDATE_P1MCPUFP__CPUFP500K_0032__00163_9e6y_s3047_e61b58d18008	424	candidate	P1MCPUFP__CPUFP500K_0032__00163		CANDIDATE_UNKNOWN	9e6y	3047	6737da62ac9d151d066754cbc22ba9a63fda11ecd07ece07187e14313a335888	26-33	51-58	97-112	27,28,29,30,35,36,37,38,56,57,58,59,62,63,64,65,105,106,107,108,109,110,111,112,113,114,115,116,117	inputs/candidate_monomers/P1MCPUFP__CPUFP500K_0032__00163.pdb	frozen_nbb2_archive_extract	H	58becc43f9de8ec0586c1c8e9b1cec9daf720fccb59a487551be28195d61eb2a	inputs/normalized/9e6y_pvrig_receptor.pdb	T	L	A	UniProt_Q6DKI7	036faa08876ef5dc8e4331507bf042bf828faae3f3cf5a5fd358a89d5fb215da	4c76f09ba6c24bc9c82a9a97a8fa1f279c4d5ce2a6d051dbf284751701c25880	8c55751f66ac2930ce115a9419321a2b2bed220b61af2e1671f7ac6e6a2e33b3	8c55751f66ac2930ce115a9419321a2b2bed220b61af2e1671f7ac6e6a2e33b3	e61b58d18008cc98f556113f5af326b1a768fccbe4293d58777930c56100e168	"{""cfg_hash"":""036faa08876ef5dc8e4331507bf042bf828faae3f3cf5a5fd358a89d5fb215da"",""conformation"":""9e6y"",""entity_id"":""P1MCPUFP__CPUFP500K_0032__00163"",""entity_type"":""candidate"",""monomer_sha256"":""58becc43f9de8ec0586c1c8e9b1cec9daf720fccb59a487551be28195d61eb2a"",""protocol_core_sha256"":""8c55751f66ac2930ce115a9419321a2b2bed220b61af2e1671f7ac6e6a2e33b3"",""restraint_hash"":""4c76f09ba6c24bc9c82a9a97a8fa1f279c4d5ce2a6d051dbf284751701c25880"",""seed"":3047,""sequence_sha256"":""6737da62ac9d151d066754cbc22ba9a63fda11ecd07ece07187e14313a335888""}"	1663	TOP200_COMMON4_SEED_COMPLETION	200
