model,baseline,haddock_rank,haddock_score,hotspot_overlap_count,align_rmsd_A,total_vhh_pvrl2_atom_occlusion,total_vhh_pvrl2_residue_pair_occlusion,total_vhh_pvrl2_atom_clash,total_vhh_pvrl2_residue_pair_clash,cdr3_atom_occlusion,cdr3_atom_occlusion_fraction,cdr3_residue_pair_occlusion,cdr3_residue_pair_occlusion_fraction,cdr3_atom_clash,cdr3_residue_pair_clash,cdr3_vhh_residue_count,cdr3_pvrl2_residue_count,cdr12_atom_occlusion,cdr12_residue_pair_occlusion,framework_atom_occlusion,framework_residue_pair_occlusion,framework_residue_pair_occlusion_fraction
cluster_1_model_1,9e6y,1,,8,0.620,7608,643,1355,222,1643,0.21595688748685593,123,0.19129082426127528,318,42,11,43,1113,80,4852,440,0.6842923794712286
cluster_1_model_2,9e6y,3,,10,0.606,7369,648,1341,227,1634,0.22173972045053603,120,0.18518518518518517,316,44,11,42,1140,84,4595,444,0.6851851851851852
cluster_1_model_3,9e6y,5,,9,0.504,7274,637,1297,208,1629,0.22394830904591698,129,0.20251177394034536,318,40,11,45,1079,76,4566,432,0.6781789638932496
cluster_2_model_1,9e6y,2,,7,0.501,3777,320,685,110,231,0.06115965051628276,28,0.0875,55,8,7,12,1539,118,2007,174,0.54375
cluster_3_model_1,9e6y,4,,7,0.570,6433,525,1136,200,1701,0.264417845484222,121,0.23047619047619047,301,55,11,42,689,43,4043,361,0.6876190476190476
cluster_4_model_1,9e6y,6,,10,0.621,8671,752,1611,253,1584,0.18267789182331912,118,0.15691489361702127,299,48,11,40,1117,88,5970,546,0.726063829787234
cluster_4_model_2,9e6y,9,,8,0.593,10023,850,1816,314,1699,0.1695101267085703,131,0.15411764705882353,285,52,11,45,1747,124,6577,595,0.7
cluster_5_model_1,9e6y,7,,5,0.477,3822,304,693,109,1543,0.4037153322867609,101,0.33223684210526316,319,42,11,33,117,10,2162,193,0.6348684210526315
cluster_6_model_1,9e6y,8,,11,0.558,10085,877,1887,304,1592,0.1578582052553297,128,0.1459521094640821,294,49,11,42,1651,135,6842,614,0.7001140250855188
