{
  "baseline": {
    "binary_ndcg_true_top10_at_budget5": 0.23600017850042831,
    "fold_ef5": [
      1.8172635445362717,
      4.141414141414141,
      2.1201353637901863,
      2.3655977538052313,
      4.166666666666667
    ],
    "median_fold_ef5": 2.3655977538052313,
    "pooled_ef10": 1.9287381792883096,
    "pooled_ef5": 2.2107288845872675,
    "rdual_mae": 0.03542052842562697,
    "rdual_spearman": 0.5673736320554629,
    "worst_fold_ef5": 1.8172635445362717
  },
  "eligible_variants": [],
  "input_access": {
    "frozen_test_rows": 0,
    "open_development_rows": 0
  },
  "input_bindings": {
    "baseline_sha256": "2e0096a04cbedf724553e1ed11f82f768a2db0687e55b4feb0d50f58658da3da",
    "contract_sha256": "50fe7a696cfad25977110c0bf66def86446fa289b50564ca27d8fcd4c6f529f7"
  },
  "schema_version": "pvrig_v2_14_listwise_selection_v1",
  "selected_variant": null,
  "selection_order": [
    "pooled_ef5",
    "binary_ndcg_true_top10_at_budget5",
    "median_fold_ef5",
    "worst_fold_ef5",
    "rdual_spearman",
    "negative_rdual_mae",
    "negative_complexity_N1_before_N2_before_N3"
  ],
  "status": "FAIL_NO_V2_14_LISTWISE_VARIANT_ELIGIBLE",
  "variants": {
    "N1": {
      "binary_ndcg_true_top10_at_budget5": 0.298281911742523,
      "eligible": false,
      "fold_ef5": [
        1.413427201305989,
        3.1313131313131315,
        2.0191765369430343,
        2.562730899955667,
        4.270833333333333
      ],
      "fold_ef5_delta_vs_baseline": [
        -0.4038363432302827,
        -1.0101010101010095,
        -0.10095882684715196,
        0.19713314615043576,
        0.10416666666666607
      ],
      "gate_checks": {
        "ef10": true,
        "fold_count": true,
        "mae": false,
        "pooled_ef5": true,
        "single_fold": false,
        "spearman": true
      },
      "input_sha256": "d4865c77056c7f55091ee3368883a28bf683808b4c8bfd84360026afad9f19da",
      "median_fold_ef5": 2.562730899955667,
      "pooled_ef10": 2.527662140225206,
      "pooled_ef5": 2.819186375758075,
      "rdual_mae": 0.053544603737638335,
      "rdual_spearman": 0.5837320523102503,
      "worst_fold_ef5": 1.413427201305989
    },
    "N2": {
      "binary_ndcg_true_top10_at_budget5": 0.2609292614974533,
      "eligible": false,
      "fold_ef5": [
        1.8172635445362717,
        3.7373737373737375,
        1.9182177100958826,
        1.9713314615043593,
        4.791666666666667
      ],
      "fold_ef5_delta_vs_baseline": [
        0.0,
        -0.40404040404040353,
        -0.2019176536943037,
        -0.39426629230087196,
        0.625
      ],
      "gate_checks": {
        "ef10": true,
        "fold_count": true,
        "mae": false,
        "pooled_ef5": true,
        "single_fold": true,
        "spearman": true
      },
      "input_sha256": "1514a745d7640c45890cb5d57cf19f1b093d4c37c783ac8cf6643bf8d34bc29b",
      "median_fold_ef5": 1.9713314615043593,
      "pooled_ef10": 2.324637068721173,
      "pooled_ef5": 2.6163672120344725,
      "rdual_mae": 0.050282098601786986,
      "rdual_spearman": 0.5376436548803724,
      "worst_fold_ef5": 1.8172635445362717
    },
    "N3": {
      "binary_ndcg_true_top10_at_budget5": 0.2959902290216009,
      "eligible": false,
      "fold_ef5": [
        1.8172635445362717,
        3.7373737373737375,
        2.3220530174844893,
        2.6612974730308854,
        3.958333333333333
      ],
      "fold_ef5_delta_vs_baseline": [
        0.0,
        -0.40404040404040353,
        0.20191765369430303,
        0.2956997192256541,
        -0.20833333333333393
      ],
      "gate_checks": {
        "ef10": true,
        "fold_count": true,
        "mae": false,
        "pooled_ef5": true,
        "single_fold": true,
        "spearman": false
      },
      "input_sha256": "541cb19514125e4d2c21307cd3ff52b1da2ef00a005342e3777d439881784d66",
      "median_fold_ef5": 2.6612974730308854,
      "pooled_ef10": 2.7002334510036334,
      "pooled_ef5": 2.9408778739922368,
      "rdual_mae": 0.04731191128662808,
      "rdual_spearman": 0.5308141205635486,
      "worst_fold_ef5": 1.8172635445362717
    }
  }
}
