{
  "success_n": 465,
  "error_n": 0,
  "all": {
    "receptor_alignment_rmsd_a": {
      "n": 465,
      "mean": 0.5615026787234751,
      "median": 0.4175914987638891,
      "p90": 0.5576540546375701,
      "max": 15.772348687694864
    },
    "vhh_ca_rmsd_after_receptor_alignment_a": {
      "n": 465,
      "mean": 13.862146259159774,
      "median": 14.807076341145995,
      "p90": 24.986158271570634,
      "max": 47.82556015345512
    },
    "vhh_centroid_displacement_a": {
      "n": 465,
      "mean": 8.302040405522025,
      "median": 6.640557884653519,
      "p90": 17.335827793571017,
      "max": 45.117610618075105
    },
    "vhh_rmsd_le_2a_fraction": 0.13333333333333333,
    "vhh_rmsd_le_5a_fraction": 0.2838709677419355,
    "vhh_rmsd_le_10a_fraction": 0.3935483870967742
  },
  "by_conformation": {
    "8x6b": {
      "receptor_alignment_rmsd_a": {
        "n": 240,
        "mean": 0.6704937961925956,
        "median": 0.3997305091553675,
        "p90": 0.536944065027067,
        "max": 15.772348687694864
      },
      "vhh_ca_rmsd_after_receptor_alignment_a": {
        "n": 240,
        "mean": 12.537207341937453,
        "median": 12.326916352838188,
        "p90": 24.095459751931372,
        "max": 41.17954920545365
      },
      "vhh_centroid_displacement_a": {
        "n": 240,
        "mean": 7.455345237873838,
        "median": 5.80555421917906,
        "p90": 15.496160371474494,
        "max": 34.06472241329007
      },
      "vhh_rmsd_le_2a_fraction": 0.16666666666666666,
      "vhh_rmsd_le_5a_fraction": 0.32916666666666666,
      "vhh_rmsd_le_10a_fraction": 0.45416666666666666
    },
    "9e6y": {
      "receptor_alignment_rmsd_a": {
        "n": 225,
        "mean": 0.4452454867564132,
        "median": 0.44046356292311256,
        "p90": 0.5839125290934319,
        "max": 1.1127263010460764
      },
      "vhh_ca_rmsd_after_receptor_alignment_a": {
        "n": 225,
        "mean": 15.275414437530253,
        "median": 16.905696808397177,
        "p90": 27.135850628772285,
        "max": 47.82556015345512
      },
      "vhh_centroid_displacement_a": {
        "n": 225,
        "mean": 9.205181917680088,
        "median": 7.739231365514896,
        "p90": 18.275452367278504,
        "max": 45.117610618075105
      },
      "vhh_rmsd_le_2a_fraction": 0.09777777777777778,
      "vhh_rmsd_le_5a_fraction": 0.23555555555555555,
      "vhh_rmsd_le_10a_fraction": 0.3288888888888889
    }
  }
}
