model,baseline,haddock_rank,haddock_score,hotspot_overlap_count,align_rmsd_A,total_vhh_pvrl2_atom_occlusion,total_vhh_pvrl2_residue_pair_occlusion,total_vhh_pvrl2_atom_clash,total_vhh_pvrl2_residue_pair_clash,cdr3_atom_occlusion,cdr3_atom_occlusion_fraction,cdr3_residue_pair_occlusion,cdr3_residue_pair_occlusion_fraction,cdr3_atom_clash,cdr3_residue_pair_clash,cdr3_vhh_residue_count,cdr3_pvrl2_residue_count,cdr12_atom_occlusion,cdr12_residue_pair_occlusion,framework_atom_occlusion,framework_residue_pair_occlusion,framework_residue_pair_occlusion_fraction
cluster_1_model_1,8x6b,1,,17,0.523,8650,732,1487,270,1533,0.17722543352601156,109,0.1489071038251366,265,44,12,38,1757,137,5360,486,0.6639344262295082
cluster_1_model_2,8x6b,2,,18,0.561,9295,771,1683,279,1500,0.16137708445400753,114,0.14785992217898833,271,40,12,39,1770,135,6025,522,0.6770428015564203
cluster_1_model_3,8x6b,3,,17,0.679,8924,735,1604,277,1580,0.17705064993276556,113,0.15374149659863945,284,40,12,36,1760,130,5584,492,0.6693877551020408
cluster_1_model_4,8x6b,4,,17,0.506,9178,768,1641,271,1472,0.1603835258226193,115,0.14973958333333334,262,38,12,40,1791,134,5915,519,0.67578125
cluster_2_model_1,8x6b,5,,18,0.465,9163,759,1610,286,1577,0.1721052057186511,119,0.15678524374176547,290,48,12,37,1190,90,6396,550,0.7246376811594203
cluster_3_model_1,8x6b,6,,14,0.547,6458,524,1171,192,962,0.14896252709817281,69,0.1316793893129771,161,23,10,26,1280,98,4216,357,0.6812977099236641
cluster_4_model_1,8x6b,7,,15,0.483,8379,691,1454,250,1738,0.2074233202052751,121,0.17510853835021709,291,46,12,45,1291,103,5350,467,0.6758321273516642
cluster_4_model_2,8x6b,8,,16,0.449,8374,699,1509,251,1649,0.1969190351086697,119,0.17024320457796852,300,47,12,41,1304,106,5421,474,0.6781115879828327
cluster_5_model_1,8x6b,9,,12,0.418,7606,648,1463,229,1461,0.1920851958979753,116,0.17901234567901234,265,46,12,40,1619,112,4526,420,0.6481481481481481
