model,baseline,haddock_rank,haddock_score,hotspot_overlap_count,align_rmsd_A,total_vhh_pvrl2_atom_occlusion,total_vhh_pvrl2_residue_pair_occlusion,total_vhh_pvrl2_atom_clash,total_vhh_pvrl2_residue_pair_clash,cdr3_atom_occlusion,cdr3_atom_occlusion_fraction,cdr3_residue_pair_occlusion,cdr3_residue_pair_occlusion_fraction,cdr3_atom_clash,cdr3_residue_pair_clash,cdr3_vhh_residue_count,cdr3_pvrl2_residue_count,cdr12_atom_occlusion,cdr12_residue_pair_occlusion,framework_atom_occlusion,framework_residue_pair_occlusion,framework_residue_pair_occlusion_fraction
cluster_1_model_1,8x6b,1,,16,0.446,7433,649,1344,226,1603,0.21565989506255887,121,0.1864406779661017,319,40,11,40,1040,81,4790,447,0.6887519260400616
cluster_1_model_2,8x6b,3,,18,0.451,7252,651,1322,220,1630,0.22476558190843904,118,0.18125960061443933,319,46,11,41,1068,82,4554,451,0.6927803379416283
cluster_1_model_3,8x6b,5,,16,0.400,7137,629,1267,204,1614,0.22614543926019337,124,0.1971383147853736,311,40,11,43,1017,79,4506,426,0.6772655007949125
cluster_2_model_1,8x6b,2,,12,0.473,4010,354,724,114,261,0.06508728179551122,38,0.10734463276836158,57,7,9,15,1573,123,2176,193,0.5451977401129944
cluster_3_model_1,8x6b,4,,14,0.513,6287,517,1070,199,1633,0.25974232543343406,114,0.2205029013539652,293,54,11,41,641,41,4013,362,0.7001934235976789
cluster_4_model_1,8x6b,6,,13,0.537,8372,719,1558,251,1487,0.1776158623984711,113,0.1571627260083449,278,42,11,42,1078,80,5807,526,0.7315716272600834
cluster_4_model_2,8x6b,9,,11,0.469,9594,807,1735,292,1682,0.1753179070252241,121,0.14993804213135067,272,49,11,43,1712,129,6200,557,0.6902106567534076
cluster_5_model_1,8x6b,7,,11,0.367,3854,332,695,115,1512,0.39231966787752987,105,0.31626506024096385,315,43,11,35,146,23,2196,204,0.6144578313253012
cluster_6_model_1,8x6b,8,,14,0.477,9838,854,1796,297,1547,0.1572474080097581,116,0.1358313817330211,280,44,11,39,1649,137,6642,601,0.7037470725995316
