candidate_id	final_rank	top10_rank	conformation	seed	pdb_path	pdb_sha256	pvrig_sequon	pvrig_chain_sequence_position	pvrig_pdb_residue_number	pvrig_pdb_insertion_code	candidate_to_sequon_asn_anchor_min_distance_a	glycan_anchor_geometry_status	membrane_orientation_status	claim_boundary
P1MCPUFP__CPUFP500K_0288__00659	1		8x6b	42	/data/qlyu/projects/pvrig_top7500_dualpanel_screen_v1_20260724/run/common4_rerank_v2_20260725/final50_structure_bundle_v1_20260725/docking/representative_complexes/R01__P1MCPUFP__CPUFP500K_0288__00659__8x6b__s42__cluster_1_model_1.pdb	e7168b69bec92a42310de18b3f2805f17030d108d62d9a2a94ef204f1d474875	NTT	80	129		18.102057	POTENTIAL_GLYCAN_ANCHOR_NEARBY_10_TO_20A	NOT_RESOLVED_ISOLATED_DOMAIN_PVRIG_41_TO_152	N-X-S/T sequon-anchor geometry only; no glycan conformer, membrane, VHH-hFc, cell-surface accessibility, affinity, or blocking prediction.
P1MCPUFP__CPUFP500K_0288__00659	1		8x6b	917	/data/qlyu/projects/pvrig_top7500_dualpanel_screen_v1_20260724/run/common4_rerank_v2_20260725/final50_structure_bundle_v1_20260725/docking/representative_complexes/R01__P1MCPUFP__CPUFP500K_0288__00659__8x6b__s917__cluster_1_model_1.pdb	a982fed87ab44bb15e1082f502a7dc94cd0f2ba2a42ee26783f2d86cee1ef565	NTT	80	129		18.146444	POTENTIAL_GLYCAN_ANCHOR_NEARBY_10_TO_20A	NOT_RESOLVED_ISOLATED_DOMAIN_PVRIG_41_TO_152	N-X-S/T sequon-anchor geometry only; no glycan conformer, membrane, VHH-hFc, cell-surface accessibility, affinity, or blocking prediction.
P1MCPUFP__CPUFP500K_0288__00659	1		8x6b	1931	/data/qlyu/projects/pvrig_top7500_dualpanel_screen_v1_20260724/run/common4_rerank_v2_20260725/final50_structure_bundle_v1_20260725/docking/representative_complexes/R01__P1MCPUFP__CPUFP500K_0288__00659__8x6b__s1931__cluster_1_model_1.pdb	b559661dd4029dd37d7e4b4b818f4acd12186cb616e03b3e23fd1f4f3ff63054	NTT	80	129		15.573192	POTENTIAL_GLYCAN_ANCHOR_NEARBY_10_TO_20A	NOT_RESOLVED_ISOLATED_DOMAIN_PVRIG_41_TO_152	N-X-S/T sequon-anchor geometry only; no glycan conformer, membrane, VHH-hFc, cell-surface accessibility, affinity, or blocking prediction.
P1MCPUFP__CPUFP500K_0288__00659	1		8x6b	3047	/data/qlyu/projects/pvrig_top7500_dualpanel_screen_v1_20260724/run/common4_rerank_v2_20260725/final50_structure_bundle_v1_20260725/docking/representative_complexes/R01__P1MCPUFP__CPUFP500K_0288__00659__8x6b__s3047__cluster_1_model_1.pdb	1603399eea4c7e76ed4cac3e9bb9e46ef63638c1d15e8dd7e89a4d61672baba5	NTT	80	129		17.486009	POTENTIAL_GLYCAN_ANCHOR_NEARBY_10_TO_20A	NOT_RESOLVED_ISOLATED_DOMAIN_PVRIG_41_TO_152	N-X-S/T sequon-anchor geometry only; no glycan conformer, membrane, VHH-hFc, cell-surface accessibility, affinity, or blocking prediction.
P1MCPUFP__CPUFP500K_0288__00659	1		9e6y	42	/data/qlyu/projects/pvrig_top7500_dualpanel_screen_v1_20260724/run/common4_rerank_v2_20260725/final50_structure_bundle_v1_20260725/docking/representative_complexes/R01__P1MCPUFP__CPUFP500K_0288__00659__9e6y__s42__cluster_1_model_1.pdb	24070b3d6e23ded23dc3ee3016c8e65ebd085d74898727e0e6e21bc06ba104a0	NTT	84	129		17.119519	POTENTIAL_GLYCAN_ANCHOR_NEARBY_10_TO_20A	NOT_RESOLVED_ISOLATED_DOMAIN_PVRIG_41_TO_152	N-X-S/T sequon-anchor geometry only; no glycan conformer, membrane, VHH-hFc, cell-surface accessibility, affinity, or blocking prediction.
P1MCPUFP__CPUFP500K_0288__00659	1		9e6y	917	/data/qlyu/projects/pvrig_top7500_dualpanel_screen_v1_20260724/run/common4_rerank_v2_20260725/final50_structure_bundle_v1_20260725/docking/representative_complexes/R01__P1MCPUFP__CPUFP500K_0288__00659__9e6y__s917__cluster_1_model_1.pdb	ab8fb55053b332b35e112df9ad1ed68401bc573efeda13ab4d7784162fb715c8	NTT	84	129		19.269201	POTENTIAL_GLYCAN_ANCHOR_NEARBY_10_TO_20A	NOT_RESOLVED_ISOLATED_DOMAIN_PVRIG_41_TO_152	N-X-S/T sequon-anchor geometry only; no glycan conformer, membrane, VHH-hFc, cell-surface accessibility, affinity, or blocking prediction.
P1MCPUFP__CPUFP500K_0288__00659	1		9e6y	1931	/data/qlyu/projects/pvrig_top7500_dualpanel_screen_v1_20260724/run/common4_rerank_v2_20260725/final50_structure_bundle_v1_20260725/docking/representative_complexes/R01__P1MCPUFP__CPUFP500K_0288__00659__9e6y__s1931__cluster_1_model_1.pdb	5afb75e586f8defe596e90e722914f53dd545cc47712292770b55417e91e014b	NTT	84	129		17.596755	POTENTIAL_GLYCAN_ANCHOR_NEARBY_10_TO_20A	NOT_RESOLVED_ISOLATED_DOMAIN_PVRIG_41_TO_152	N-X-S/T sequon-anchor geometry only; no glycan conformer, membrane, VHH-hFc, cell-surface accessibility, affinity, or blocking prediction.
P1MCPUFP__CPUFP500K_0288__00659	1		9e6y	3047	/data/qlyu/projects/pvrig_top7500_dualpanel_screen_v1_20260724/run/common4_rerank_v2_20260725/final50_structure_bundle_v1_20260725/docking/representative_complexes/R01__P1MCPUFP__CPUFP500K_0288__00659__9e6y__s3047__cluster_1_model_1.pdb	e91b6d81e4713125c9f671e65642b6f7e77a74a669fea572b2108e19d731c33a	NTT	84	129		17.244644	POTENTIAL_GLYCAN_ANCHOR_NEARBY_10_TO_20A	NOT_RESOLVED_ISOLATED_DOMAIN_PVRIG_41_TO_152	N-X-S/T sequon-anchor geometry only; no glycan conformer, membrane, VHH-hFc, cell-surface accessibility, affinity, or blocking prediction.
P1MCPUFP__CPUFP500K_0188__00519	2		8x6b	42	/data/qlyu/projects/pvrig_top7500_dualpanel_screen_v1_20260724/run/common4_rerank_v2_20260725/final50_structure_bundle_v1_20260725/docking/representative_complexes/R02__P1MCPUFP__CPUFP500K_0188__00519__8x6b__s42__cluster_1_model_1.pdb	b036ac7d7a0a46461b4e7fc871b417a05e3eb6c60ff1838ab70e5fd391b1f831	NTT	80	129		18.684593	POTENTIAL_GLYCAN_ANCHOR_NEARBY_10_TO_20A	NOT_RESOLVED_ISOLATED_DOMAIN_PVRIG_41_TO_152	N-X-S/T sequon-anchor geometry only; no glycan conformer, membrane, VHH-hFc, cell-surface accessibility, affinity, or blocking prediction.
P1MCPUFP__CPUFP500K_0188__00519	2		8x6b	917	/data/qlyu/projects/pvrig_top7500_dualpanel_screen_v1_20260724/run/common4_rerank_v2_20260725/final50_structure_bundle_v1_20260725/docking/representative_complexes/R02__P1MCPUFP__CPUFP500K_0188__00519__8x6b__s917__cluster_1_model_1.pdb	46e31406e95b34957b652ad926343ca52848157c5a12879a7282f398292741f1	NTT	80	129		19.308221	POTENTIAL_GLYCAN_ANCHOR_NEARBY_10_TO_20A	NOT_RESOLVED_ISOLATED_DOMAIN_PVRIG_41_TO_152	N-X-S/T sequon-anchor geometry only; no glycan conformer, membrane, VHH-hFc, cell-surface accessibility, affinity, or blocking prediction.
P1MCPUFP__CPUFP500K_0188__00519	2		8x6b	1931	/data/qlyu/projects/pvrig_top7500_dualpanel_screen_v1_20260724/run/common4_rerank_v2_20260725/final50_structure_bundle_v1_20260725/docking/representative_complexes/R02__P1MCPUFP__CPUFP500K_0188__00519__8x6b__s1931__cluster_1_model_1.pdb	acb6f70e1327b78d8e1e48fc564d048c3de8ac51678bd2daf32ca093d802ae79	NTT	80	129		19.647954	POTENTIAL_GLYCAN_ANCHOR_NEARBY_10_TO_20A	NOT_RESOLVED_ISOLATED_DOMAIN_PVRIG_41_TO_152	N-X-S/T sequon-anchor geometry only; no glycan conformer, membrane, VHH-hFc, cell-surface accessibility, affinity, or blocking prediction.
P1MCPUFP__CPUFP500K_0188__00519	2		8x6b	3047	/data/qlyu/projects/pvrig_top7500_dualpanel_screen_v1_20260724/run/common4_rerank_v2_20260725/final50_structure_bundle_v1_20260725/docking/representative_complexes/R02__P1MCPUFP__CPUFP500K_0188__00519__8x6b__s3047__cluster_1_model_1.pdb	76efe16a7ad59255cf3d790565edc5e4029b11d832250dbee7888f952555c4e5	NTT	80	129		18.677937	POTENTIAL_GLYCAN_ANCHOR_NEARBY_10_TO_20A	NOT_RESOLVED_ISOLATED_DOMAIN_PVRIG_41_TO_152	N-X-S/T sequon-anchor geometry only; no glycan conformer, membrane, VHH-hFc, cell-surface accessibility, affinity, or blocking prediction.
P1MCPUFP__CPUFP500K_0188__00519	2		9e6y	42	/data/qlyu/projects/pvrig_top7500_dualpanel_screen_v1_20260724/run/common4_rerank_v2_20260725/final50_structure_bundle_v1_20260725/docking/representative_complexes/R02__P1MCPUFP__CPUFP500K_0188__00519__9e6y__s42__cluster_1_model_1.pdb	2a54f8d41a032310ea8cb8684970a9d19fbd82ff8322cfb2c93e4dd52a882120	NTT	84	129		19.795311	POTENTIAL_GLYCAN_ANCHOR_NEARBY_10_TO_20A	NOT_RESOLVED_ISOLATED_DOMAIN_PVRIG_41_TO_152	N-X-S/T sequon-anchor geometry only; no glycan conformer, membrane, VHH-hFc, cell-surface accessibility, affinity, or blocking prediction.
P1MCPUFP__CPUFP500K_0188__00519	2		9e6y	917	/data/qlyu/projects/pvrig_top7500_dualpanel_screen_v1_20260724/run/common4_rerank_v2_20260725/final50_structure_bundle_v1_20260725/docking/representative_complexes/R02__P1MCPUFP__CPUFP500K_0188__00519__9e6y__s917__cluster_1_model_1.pdb	db9c9a9b2873373d210a9ef1a18666bbedd43fd5b65ce4c0c093f61126770249	NTT	84	129		19.784424	POTENTIAL_GLYCAN_ANCHOR_NEARBY_10_TO_20A	NOT_RESOLVED_ISOLATED_DOMAIN_PVRIG_41_TO_152	N-X-S/T sequon-anchor geometry only; no glycan conformer, membrane, VHH-hFc, cell-surface accessibility, affinity, or blocking prediction.
P1MCPUFP__CPUFP500K_0188__00519	2		9e6y	1931	/data/qlyu/projects/pvrig_top7500_dualpanel_screen_v1_20260724/run/common4_rerank_v2_20260725/final50_structure_bundle_v1_20260725/docking/representative_complexes/R02__P1MCPUFP__CPUFP500K_0188__00519__9e6y__s1931__cluster_1_model_1.pdb	7cefda36c77d67d93e5d401d6cecb02cd3f9dcdeb9beed6aa16e778c2af1faf7	NTT	84	129		19.312309	POTENTIAL_GLYCAN_ANCHOR_NEARBY_10_TO_20A	NOT_RESOLVED_ISOLATED_DOMAIN_PVRIG_41_TO_152	N-X-S/T sequon-anchor geometry only; no glycan conformer, membrane, VHH-hFc, cell-surface accessibility, affinity, or blocking prediction.
P1MCPUFP__CPUFP500K_0188__00519	2		9e6y	3047	/data/qlyu/projects/pvrig_top7500_dualpanel_screen_v1_20260724/run/common4_rerank_v2_20260725/final50_structure_bundle_v1_20260725/docking/representative_complexes/R02__P1MCPUFP__CPUFP500K_0188__00519__9e6y__s3047__cluster_1_model_1.pdb	6eb4a3833fa9448a825186a88f6b34ce2de868c9014c34d6080610387e5166af	NTT	84	129		19.941243	POTENTIAL_GLYCAN_ANCHOR_NEARBY_10_TO_20A	NOT_RESOLVED_ISOLATED_DOMAIN_PVRIG_41_TO_152	N-X-S/T sequon-anchor geometry only; no glycan conformer, membrane, VHH-hFc, cell-surface accessibility, affinity, or blocking prediction.
P1MCPUFP__CPUFP500K_0100__00092	3		8x6b	42	/data/qlyu/projects/pvrig_top7500_dualpanel_screen_v1_20260724/run/common4_rerank_v2_20260725/final50_structure_bundle_v1_20260725/docking/representative_complexes/R03__P1MCPUFP__CPUFP500K_0100__00092__8x6b__s42__cluster_1_model_1.pdb	29e20cdbd4aa09be111b3eb8016d7fe93a9c78ae6341e33ec4a750f0e4bf4329	NTT	80	129		15.452463	POTENTIAL_GLYCAN_ANCHOR_NEARBY_10_TO_20A	NOT_RESOLVED_ISOLATED_DOMAIN_PVRIG_41_TO_152	N-X-S/T sequon-anchor geometry only; no glycan conformer, membrane, VHH-hFc, cell-surface accessibility, affinity, or blocking prediction.
P1MCPUFP__CPUFP500K_0100__00092	3		8x6b	917	/data/qlyu/projects/pvrig_top7500_dualpanel_screen_v1_20260724/run/common4_rerank_v2_20260725/final50_structure_bundle_v1_20260725/docking/representative_complexes/R03__P1MCPUFP__CPUFP500K_0100__00092__8x6b__s917__cluster_1_model_1.pdb	395b7413e0ade0c89f734876c0a97564243cdba7e666a020856f2aeeb3aba35a	NTT	80	129		16.364354	POTENTIAL_GLYCAN_ANCHOR_NEARBY_10_TO_20A	NOT_RESOLVED_ISOLATED_DOMAIN_PVRIG_41_TO_152	N-X-S/T sequon-anchor geometry only; no glycan conformer, membrane, VHH-hFc, cell-surface accessibility, affinity, or blocking prediction.
P1MCPUFP__CPUFP500K_0100__00092	3		8x6b	1931	/data/qlyu/projects/pvrig_top7500_dualpanel_screen_v1_20260724/run/common4_rerank_v2_20260725/final50_structure_bundle_v1_20260725/docking/representative_complexes/R03__P1MCPUFP__CPUFP500K_0100__00092__8x6b__s1931__cluster_1_model_1.pdb	4811374488c37946768a184d7015975b20506f3af5e95cf10ddc029a0f02f886	NTT	80	129		15.701806	POTENTIAL_GLYCAN_ANCHOR_NEARBY_10_TO_20A	NOT_RESOLVED_ISOLATED_DOMAIN_PVRIG_41_TO_152	N-X-S/T sequon-anchor geometry only; no glycan conformer, membrane, VHH-hFc, cell-surface accessibility, affinity, or blocking prediction.
P1MCPUFP__CPUFP500K_0100__00092	3		8x6b	3047	/data/qlyu/projects/pvrig_top7500_dualpanel_screen_v1_20260724/run/common4_rerank_v2_20260725/final50_structure_bundle_v1_20260725/docking/representative_complexes/R03__P1MCPUFP__CPUFP500K_0100__00092__8x6b__s3047__cluster_1_model_1.pdb	c2be5f756394e71324b0bd5dc68621c580af30a33c91f998cfde35011f9f0fef	NTT	80	129		15.488344	POTENTIAL_GLYCAN_ANCHOR_NEARBY_10_TO_20A	NOT_RESOLVED_ISOLATED_DOMAIN_PVRIG_41_TO_152	N-X-S/T sequon-anchor geometry only; no glycan conformer, membrane, VHH-hFc, cell-surface accessibility, affinity, or blocking prediction.
P1MCPUFP__CPUFP500K_0100__00092	3		9e6y	42	/data/qlyu/projects/pvrig_top7500_dualpanel_screen_v1_20260724/run/common4_rerank_v2_20260725/final50_structure_bundle_v1_20260725/docking/representative_complexes/R03__P1MCPUFP__CPUFP500K_0100__00092__9e6y__s42__cluster_1_model_1.pdb	aa36ba37a76eba4fe0f2e59850890a89f8001709ca3e6e18bc9fd4a6eba8bb89	NTT	84	129		15.085659	POTENTIAL_GLYCAN_ANCHOR_NEARBY_10_TO_20A	NOT_RESOLVED_ISOLATED_DOMAIN_PVRIG_41_TO_152	N-X-S/T sequon-anchor geometry only; no glycan conformer, membrane, VHH-hFc, cell-surface accessibility, affinity, or blocking prediction.
P1MCPUFP__CPUFP500K_0100__00092	3		9e6y	917	/data/qlyu/projects/pvrig_top7500_dualpanel_screen_v1_20260724/run/common4_rerank_v2_20260725/final50_structure_bundle_v1_20260725/docking/representative_complexes/R03__P1MCPUFP__CPUFP500K_0100__00092__9e6y__s917__cluster_1_model_1.pdb	369c871e26e0d3b3e73323832c9b978004945615142676a20a6cfdd53a14147e	NTT	84	129		17.162359	POTENTIAL_GLYCAN_ANCHOR_NEARBY_10_TO_20A	NOT_RESOLVED_ISOLATED_DOMAIN_PVRIG_41_TO_152	N-X-S/T sequon-anchor geometry only; no glycan conformer, membrane, VHH-hFc, cell-surface accessibility, affinity, or blocking prediction.
P1MCPUFP__CPUFP500K_0100__00092	3		9e6y	1931	/data/qlyu/projects/pvrig_top7500_dualpanel_screen_v1_20260724/run/common4_rerank_v2_20260725/final50_structure_bundle_v1_20260725/docking/representative_complexes/R03__P1MCPUFP__CPUFP500K_0100__00092__9e6y__s1931__cluster_1_model_1.pdb	4cc6acdb93940f2310fd90edcf291332d5927194070ff9a115a4a8e7c2b1a14b	NTT	84	129		16.037253	POTENTIAL_GLYCAN_ANCHOR_NEARBY_10_TO_20A	NOT_RESOLVED_ISOLATED_DOMAIN_PVRIG_41_TO_152	N-X-S/T sequon-anchor geometry only; no glycan conformer, membrane, VHH-hFc, cell-surface accessibility, affinity, or blocking prediction.
P1MCPUFP__CPUFP500K_0100__00092	3		9e6y	3047	/data/qlyu/projects/pvrig_top7500_dualpanel_screen_v1_20260724/run/common4_rerank_v2_20260725/final50_structure_bundle_v1_20260725/docking/representative_complexes/R03__P1MCPUFP__CPUFP500K_0100__00092__9e6y__s3047__cluster_1_model_1.pdb	b37917987d7c2503eae8af2a9bdbf671e49a2b94893be77dac0f55ae4ae0b169	NTT	84	129		15.512277	POTENTIAL_GLYCAN_ANCHOR_NEARBY_10_TO_20A	NOT_RESOLVED_ISOLATED_DOMAIN_PVRIG_41_TO_152	N-X-S/T sequon-anchor geometry only; no glycan conformer, membrane, VHH-hFc, cell-surface accessibility, affinity, or blocking prediction.
P1MCPUFP__CPUFP500K_0090__00532	4		8x6b	42	/data/qlyu/projects/pvrig_top7500_dualpanel_screen_v1_20260724/run/common4_rerank_v2_20260725/final50_structure_bundle_v1_20260725/docking/representative_complexes/R04__P1MCPUFP__CPUFP500K_0090__00532__8x6b__s42__cluster_1_model_1.pdb	d9144147118eecc25eedb0f461fad253278605fd68cf88b2ba77152fb9304123	NTT	80	129		19.162356	POTENTIAL_GLYCAN_ANCHOR_NEARBY_10_TO_20A	NOT_RESOLVED_ISOLATED_DOMAIN_PVRIG_41_TO_152	N-X-S/T sequon-anchor geometry only; no glycan conformer, membrane, VHH-hFc, cell-surface accessibility, affinity, or blocking prediction.
P1MCPUFP__CPUFP500K_0090__00532	4		8x6b	917	/data/qlyu/projects/pvrig_top7500_dualpanel_screen_v1_20260724/run/common4_rerank_v2_20260725/final50_structure_bundle_v1_20260725/docking/representative_complexes/R04__P1MCPUFP__CPUFP500K_0090__00532__8x6b__s917__cluster_1_model_1.pdb	f9b3f8bf630f62c26037cfd355385bb5f6737c8dfaeafc3799ce43d303d2dcee	NTT	80	129		17.601154	POTENTIAL_GLYCAN_ANCHOR_NEARBY_10_TO_20A	NOT_RESOLVED_ISOLATED_DOMAIN_PVRIG_41_TO_152	N-X-S/T sequon-anchor geometry only; no glycan conformer, membrane, VHH-hFc, cell-surface accessibility, affinity, or blocking prediction.
P1MCPUFP__CPUFP500K_0090__00532	4		8x6b	1931	/data/qlyu/projects/pvrig_top7500_dualpanel_screen_v1_20260724/run/common4_rerank_v2_20260725/final50_structure_bundle_v1_20260725/docking/representative_complexes/R04__P1MCPUFP__CPUFP500K_0090__00532__8x6b__s1931__cluster_1_model_1.pdb	2f2bfc18df4c8fe9988f81d1f283ed2cb7acdab1da9448c6ee7f82cf0d7ce342	NTT	80	129		18.659407	POTENTIAL_GLYCAN_ANCHOR_NEARBY_10_TO_20A	NOT_RESOLVED_ISOLATED_DOMAIN_PVRIG_41_TO_152	N-X-S/T sequon-anchor geometry only; no glycan conformer, membrane, VHH-hFc, cell-surface accessibility, affinity, or blocking prediction.
P1MCPUFP__CPUFP500K_0090__00532	4		8x6b	3047	/data/qlyu/projects/pvrig_top7500_dualpanel_screen_v1_20260724/run/common4_rerank_v2_20260725/final50_structure_bundle_v1_20260725/docking/representative_complexes/R04__P1MCPUFP__CPUFP500K_0090__00532__8x6b__s3047__cluster_1_model_1.pdb	bba079834eff929a4f3e0a44a160cadd6d8bcf657746b3730b4b26bc954cb32d	NTT	80	129		18.001759	POTENTIAL_GLYCAN_ANCHOR_NEARBY_10_TO_20A	NOT_RESOLVED_ISOLATED_DOMAIN_PVRIG_41_TO_152	N-X-S/T sequon-anchor geometry only; no glycan conformer, membrane, VHH-hFc, cell-surface accessibility, affinity, or blocking prediction.
P1MCPUFP__CPUFP500K_0090__00532	4		9e6y	42	/data/qlyu/projects/pvrig_top7500_dualpanel_screen_v1_20260724/run/common4_rerank_v2_20260725/final50_structure_bundle_v1_20260725/docking/representative_complexes/R04__P1MCPUFP__CPUFP500K_0090__00532__9e6y__s42__cluster_1_model_1.pdb	57306eda0e4dc2411af663743a6e9530cb4052cd1e648de37d1d6f725b04bd3d	NTT	84	129		15.709349	POTENTIAL_GLYCAN_ANCHOR_NEARBY_10_TO_20A	NOT_RESOLVED_ISOLATED_DOMAIN_PVRIG_41_TO_152	N-X-S/T sequon-anchor geometry only; no glycan conformer, membrane, VHH-hFc, cell-surface accessibility, affinity, or blocking prediction.
P1MCPUFP__CPUFP500K_0090__00532	4		9e6y	917	/data/qlyu/projects/pvrig_top7500_dualpanel_screen_v1_20260724/run/common4_rerank_v2_20260725/final50_structure_bundle_v1_20260725/docking/representative_complexes/R04__P1MCPUFP__CPUFP500K_0090__00532__9e6y__s917__cluster_1_model_1.pdb	e438ecb76d3a56d557fef57af3287bf5bbee0708ca7eec355c8563673533e1dc	NTT	84	129		17.261994	POTENTIAL_GLYCAN_ANCHOR_NEARBY_10_TO_20A	NOT_RESOLVED_ISOLATED_DOMAIN_PVRIG_41_TO_152	N-X-S/T sequon-anchor geometry only; no glycan conformer, membrane, VHH-hFc, cell-surface accessibility, affinity, or blocking prediction.
P1MCPUFP__CPUFP500K_0090__00532	4		9e6y	1931	/data/qlyu/projects/pvrig_top7500_dualpanel_screen_v1_20260724/run/common4_rerank_v2_20260725/final50_structure_bundle_v1_20260725/docking/representative_complexes/R04__P1MCPUFP__CPUFP500K_0090__00532__9e6y__s1931__cluster_1_model_1.pdb	9975b696322b964daedf10d5420200edc2d362bf60ad3c24babc9275f84bdb56	NTT	84	129		18.307666	POTENTIAL_GLYCAN_ANCHOR_NEARBY_10_TO_20A	NOT_RESOLVED_ISOLATED_DOMAIN_PVRIG_41_TO_152	N-X-S/T sequon-anchor geometry only; no glycan conformer, membrane, VHH-hFc, cell-surface accessibility, affinity, or blocking prediction.
P1MCPUFP__CPUFP500K_0090__00532	4		9e6y	3047	/data/qlyu/projects/pvrig_top7500_dualpanel_screen_v1_20260724/run/common4_rerank_v2_20260725/final50_structure_bundle_v1_20260725/docking/representative_complexes/R04__P1MCPUFP__CPUFP500K_0090__00532__9e6y__s3047__cluster_1_model_1.pdb	ab47fb0bf6a0df06d4f5d9579453934a83f5b6ebde0ddce1b0109aac3c6968f6	NTT	84	129		17.415632	POTENTIAL_GLYCAN_ANCHOR_NEARBY_10_TO_20A	NOT_RESOLVED_ISOLATED_DOMAIN_PVRIG_41_TO_152	N-X-S/T sequon-anchor geometry only; no glycan conformer, membrane, VHH-hFc, cell-surface accessibility, affinity, or blocking prediction.
P1MCPUFP__CPUFP500K_0188__00282	5		8x6b	42	/data/qlyu/projects/pvrig_top7500_dualpanel_screen_v1_20260724/run/common4_rerank_v2_20260725/final50_structure_bundle_v1_20260725/docking/representative_complexes/R05__P1MCPUFP__CPUFP500K_0188__00282__8x6b__s42__cluster_1_model_1.pdb	9309172074a3690189562f928102a465988eaba7a27a591ea8a00b5c6fea02a4	NTT	80	129		17.748088	POTENTIAL_GLYCAN_ANCHOR_NEARBY_10_TO_20A	NOT_RESOLVED_ISOLATED_DOMAIN_PVRIG_41_TO_152	N-X-S/T sequon-anchor geometry only; no glycan conformer, membrane, VHH-hFc, cell-surface accessibility, affinity, or blocking prediction.
P1MCPUFP__CPUFP500K_0188__00282	5		8x6b	917	/data/qlyu/projects/pvrig_top7500_dualpanel_screen_v1_20260724/run/common4_rerank_v2_20260725/final50_structure_bundle_v1_20260725/docking/representative_complexes/R05__P1MCPUFP__CPUFP500K_0188__00282__8x6b__s917__cluster_1_model_1.pdb	1602e3de8347dbd0b1e04c2558bb4d39cec9d9b6511db11a59e409cb5f018056	NTT	80	129		15.774831	POTENTIAL_GLYCAN_ANCHOR_NEARBY_10_TO_20A	NOT_RESOLVED_ISOLATED_DOMAIN_PVRIG_41_TO_152	N-X-S/T sequon-anchor geometry only; no glycan conformer, membrane, VHH-hFc, cell-surface accessibility, affinity, or blocking prediction.
P1MCPUFP__CPUFP500K_0188__00282	5		8x6b	1931	/data/qlyu/projects/pvrig_top7500_dualpanel_screen_v1_20260724/run/common4_rerank_v2_20260725/final50_structure_bundle_v1_20260725/docking/representative_complexes/R05__P1MCPUFP__CPUFP500K_0188__00282__8x6b__s1931__cluster_1_model_1.pdb	935e27d433669b24d8130055675cf99a188d79271fb99dfe3e2937aa7b9c8a30	NTT	80	129		17.854808	POTENTIAL_GLYCAN_ANCHOR_NEARBY_10_TO_20A	NOT_RESOLVED_ISOLATED_DOMAIN_PVRIG_41_TO_152	N-X-S/T sequon-anchor geometry only; no glycan conformer, membrane, VHH-hFc, cell-surface accessibility, affinity, or blocking prediction.
P1MCPUFP__CPUFP500K_0188__00282	5		8x6b	3047	/data/qlyu/projects/pvrig_top7500_dualpanel_screen_v1_20260724/run/common4_rerank_v2_20260725/final50_structure_bundle_v1_20260725/docking/representative_complexes/R05__P1MCPUFP__CPUFP500K_0188__00282__8x6b__s3047__cluster_1_model_1.pdb	728a2144edd46c6d93fa5fcd553bdcf042daf86c35bf848f66b67a16bd197da5	NTT	80	129		17.237818	POTENTIAL_GLYCAN_ANCHOR_NEARBY_10_TO_20A	NOT_RESOLVED_ISOLATED_DOMAIN_PVRIG_41_TO_152	N-X-S/T sequon-anchor geometry only; no glycan conformer, membrane, VHH-hFc, cell-surface accessibility, affinity, or blocking prediction.
P1MCPUFP__CPUFP500K_0188__00282	5		9e6y	42	/data/qlyu/projects/pvrig_top7500_dualpanel_screen_v1_20260724/run/common4_rerank_v2_20260725/final50_structure_bundle_v1_20260725/docking/representative_complexes/R05__P1MCPUFP__CPUFP500K_0188__00282__9e6y__s42__cluster_1_model_1.pdb	30d6b0ef78126100f5a6cfec57615f30e0a282278fbff91547a2dd548f198ab2	NTT	84	129		18.09325	POTENTIAL_GLYCAN_ANCHOR_NEARBY_10_TO_20A	NOT_RESOLVED_ISOLATED_DOMAIN_PVRIG_41_TO_152	N-X-S/T sequon-anchor geometry only; no glycan conformer, membrane, VHH-hFc, cell-surface accessibility, affinity, or blocking prediction.
P1MCPUFP__CPUFP500K_0188__00282	5		9e6y	917	/data/qlyu/projects/pvrig_top7500_dualpanel_screen_v1_20260724/run/common4_rerank_v2_20260725/final50_structure_bundle_v1_20260725/docking/representative_complexes/R05__P1MCPUFP__CPUFP500K_0188__00282__9e6y__s917__cluster_1_model_1.pdb	38886d3e8801a023ee1c5458f6930fbf9600eb0bf89ded7cd87b7eeb804967d6	NTT	84	129		17.317388	POTENTIAL_GLYCAN_ANCHOR_NEARBY_10_TO_20A	NOT_RESOLVED_ISOLATED_DOMAIN_PVRIG_41_TO_152	N-X-S/T sequon-anchor geometry only; no glycan conformer, membrane, VHH-hFc, cell-surface accessibility, affinity, or blocking prediction.
P1MCPUFP__CPUFP500K_0188__00282	5		9e6y	1931	/data/qlyu/projects/pvrig_top7500_dualpanel_screen_v1_20260724/run/common4_rerank_v2_20260725/final50_structure_bundle_v1_20260725/docking/representative_complexes/R05__P1MCPUFP__CPUFP500K_0188__00282__9e6y__s1931__cluster_1_model_1.pdb	157f914e422444a26b966d0f01b3696a7d74adbdb1cbaacc6643e742d334e991	NTT	84	129		18.414268	POTENTIAL_GLYCAN_ANCHOR_NEARBY_10_TO_20A	NOT_RESOLVED_ISOLATED_DOMAIN_PVRIG_41_TO_152	N-X-S/T sequon-anchor geometry only; no glycan conformer, membrane, VHH-hFc, cell-surface accessibility, affinity, or blocking prediction.
P1MCPUFP__CPUFP500K_0188__00282	5		9e6y	3047	/data/qlyu/projects/pvrig_top7500_dualpanel_screen_v1_20260724/run/common4_rerank_v2_20260725/final50_structure_bundle_v1_20260725/docking/representative_complexes/R05__P1MCPUFP__CPUFP500K_0188__00282__9e6y__s3047__cluster_1_model_1.pdb	4c2dff4632fd38ec737cdf22d2a698ac4eff68d4a74a29307f4714ae35e44b2f	NTT	84	129		16.746239	POTENTIAL_GLYCAN_ANCHOR_NEARBY_10_TO_20A	NOT_RESOLVED_ISOLATED_DOMAIN_PVRIG_41_TO_152	N-X-S/T sequon-anchor geometry only; no glycan conformer, membrane, VHH-hFc, cell-surface accessibility, affinity, or blocking prediction.
P1MCPUFP__CPUFP500K_0100__00188	6		8x6b	42	/data/qlyu/projects/pvrig_top7500_dualpanel_screen_v1_20260724/run/common4_rerank_v2_20260725/final50_structure_bundle_v1_20260725/docking/representative_complexes/R06__P1MCPUFP__CPUFP500K_0100__00188__8x6b__s42__cluster_1_model_1.pdb	daacc97820b3461d309f04b1bd98048f699fcba3ae62d7dc837bc25b1a48f81b	NTT	80	129		14.282945	POTENTIAL_GLYCAN_ANCHOR_NEARBY_10_TO_20A	NOT_RESOLVED_ISOLATED_DOMAIN_PVRIG_41_TO_152	N-X-S/T sequon-anchor geometry only; no glycan conformer, membrane, VHH-hFc, cell-surface accessibility, affinity, or blocking prediction.
P1MCPUFP__CPUFP500K_0100__00188	6		8x6b	917	/data/qlyu/projects/pvrig_top7500_dualpanel_screen_v1_20260724/run/common4_rerank_v2_20260725/final50_structure_bundle_v1_20260725/docking/representative_complexes/R06__P1MCPUFP__CPUFP500K_0100__00188__8x6b__s917__cluster_1_model_1.pdb	114505d873327198c0de03aa1f97557e3d7c06ea8f6a9c9246b8f63972e89378	NTT	80	129		17.936445	POTENTIAL_GLYCAN_ANCHOR_NEARBY_10_TO_20A	NOT_RESOLVED_ISOLATED_DOMAIN_PVRIG_41_TO_152	N-X-S/T sequon-anchor geometry only; no glycan conformer, membrane, VHH-hFc, cell-surface accessibility, affinity, or blocking prediction.
P1MCPUFP__CPUFP500K_0100__00188	6		8x6b	1931	/data/qlyu/projects/pvrig_top7500_dualpanel_screen_v1_20260724/run/common4_rerank_v2_20260725/final50_structure_bundle_v1_20260725/docking/representative_complexes/R06__P1MCPUFP__CPUFP500K_0100__00188__8x6b__s1931__cluster_1_model_1.pdb	495eaee0d64c439d029a37533544f5cb3b9d4a7d6d6e33162cd38b780c80036b	NTT	80	129		18.212669	POTENTIAL_GLYCAN_ANCHOR_NEARBY_10_TO_20A	NOT_RESOLVED_ISOLATED_DOMAIN_PVRIG_41_TO_152	N-X-S/T sequon-anchor geometry only; no glycan conformer, membrane, VHH-hFc, cell-surface accessibility, affinity, or blocking prediction.
P1MCPUFP__CPUFP500K_0100__00188	6		8x6b	3047	/data/qlyu/projects/pvrig_top7500_dualpanel_screen_v1_20260724/run/common4_rerank_v2_20260725/final50_structure_bundle_v1_20260725/docking/representative_complexes/R06__P1MCPUFP__CPUFP500K_0100__00188__8x6b__s3047__cluster_1_model_1.pdb	ece0044e3fad81114ef135abb292b4fe0bd4f2bce716c5d58430374f4d5c4d05	NTT	80	129		17.217721	POTENTIAL_GLYCAN_ANCHOR_NEARBY_10_TO_20A	NOT_RESOLVED_ISOLATED_DOMAIN_PVRIG_41_TO_152	N-X-S/T sequon-anchor geometry only; no glycan conformer, membrane, VHH-hFc, cell-surface accessibility, affinity, or blocking prediction.
P1MCPUFP__CPUFP500K_0100__00188	6		9e6y	42	/data/qlyu/projects/pvrig_top7500_dualpanel_screen_v1_20260724/run/common4_rerank_v2_20260725/final50_structure_bundle_v1_20260725/docking/representative_complexes/R06__P1MCPUFP__CPUFP500K_0100__00188__9e6y__s42__cluster_1_model_1.pdb	d295e440412633d5522838ae073270ee1949f1e09fd2253b2c0c7d0b8eca41f6	NTT	84	129		18.292391	POTENTIAL_GLYCAN_ANCHOR_NEARBY_10_TO_20A	NOT_RESOLVED_ISOLATED_DOMAIN_PVRIG_41_TO_152	N-X-S/T sequon-anchor geometry only; no glycan conformer, membrane, VHH-hFc, cell-surface accessibility, affinity, or blocking prediction.
P1MCPUFP__CPUFP500K_0100__00188	6		9e6y	917	/data/qlyu/projects/pvrig_top7500_dualpanel_screen_v1_20260724/run/common4_rerank_v2_20260725/final50_structure_bundle_v1_20260725/docking/representative_complexes/R06__P1MCPUFP__CPUFP500K_0100__00188__9e6y__s917__cluster_1_model_1.pdb	9ec7da675f923427328a3ee43cc5ec17132e605dc2d2deb4026ddde99216e6a3	NTT	84	129		17.337896	POTENTIAL_GLYCAN_ANCHOR_NEARBY_10_TO_20A	NOT_RESOLVED_ISOLATED_DOMAIN_PVRIG_41_TO_152	N-X-S/T sequon-anchor geometry only; no glycan conformer, membrane, VHH-hFc, cell-surface accessibility, affinity, or blocking prediction.
P1MCPUFP__CPUFP500K_0100__00188	6		9e6y	1931	/data/qlyu/projects/pvrig_top7500_dualpanel_screen_v1_20260724/run/common4_rerank_v2_20260725/final50_structure_bundle_v1_20260725/docking/representative_complexes/R06__P1MCPUFP__CPUFP500K_0100__00188__9e6y__s1931__cluster_1_model_1.pdb	e4f839776cbc54a871b5741f94ac8944339eef37b71f5fe86e2ad228f5ff37e1	NTT	84	129		18.444059	POTENTIAL_GLYCAN_ANCHOR_NEARBY_10_TO_20A	NOT_RESOLVED_ISOLATED_DOMAIN_PVRIG_41_TO_152	N-X-S/T sequon-anchor geometry only; no glycan conformer, membrane, VHH-hFc, cell-surface accessibility, affinity, or blocking prediction.
P1MCPUFP__CPUFP500K_0100__00188	6		9e6y	3047	/data/qlyu/projects/pvrig_top7500_dualpanel_screen_v1_20260724/run/common4_rerank_v2_20260725/final50_structure_bundle_v1_20260725/docking/representative_complexes/R06__P1MCPUFP__CPUFP500K_0100__00188__9e6y__s3047__cluster_1_model_1.pdb	53e4e25568f221216bc507f5ca91856431708f9ce1924fc38dea2148451f52a1	NTT	84	129		17.88966	POTENTIAL_GLYCAN_ANCHOR_NEARBY_10_TO_20A	NOT_RESOLVED_ISOLATED_DOMAIN_PVRIG_41_TO_152	N-X-S/T sequon-anchor geometry only; no glycan conformer, membrane, VHH-hFc, cell-surface accessibility, affinity, or blocking prediction.
P1MCPUFP__CPUFP500K_0002__00919	7		8x6b	42	/data/qlyu/projects/pvrig_top7500_dualpanel_screen_v1_20260724/run/common4_rerank_v2_20260725/final50_structure_bundle_v1_20260725/docking/representative_complexes/R07__P1MCPUFP__CPUFP500K_0002__00919__8x6b__s42__cluster_1_model_1.pdb	5da68387f55324b934cc30274484e6e0ba34f8ecedc21e2687ef1ae3b0e0eb54	NTT	80	129		18.94153	POTENTIAL_GLYCAN_ANCHOR_NEARBY_10_TO_20A	NOT_RESOLVED_ISOLATED_DOMAIN_PVRIG_41_TO_152	N-X-S/T sequon-anchor geometry only; no glycan conformer, membrane, VHH-hFc, cell-surface accessibility, affinity, or blocking prediction.
P1MCPUFP__CPUFP500K_0002__00919	7		8x6b	917	/data/qlyu/projects/pvrig_top7500_dualpanel_screen_v1_20260724/run/common4_rerank_v2_20260725/final50_structure_bundle_v1_20260725/docking/representative_complexes/R07__P1MCPUFP__CPUFP500K_0002__00919__8x6b__s917__cluster_1_model_1.pdb	5199243acef4d683beadfb60e34bbe43a4acce614acb1190ed1edb702f4f60f8	NTT	80	129		16.421433	POTENTIAL_GLYCAN_ANCHOR_NEARBY_10_TO_20A	NOT_RESOLVED_ISOLATED_DOMAIN_PVRIG_41_TO_152	N-X-S/T sequon-anchor geometry only; no glycan conformer, membrane, VHH-hFc, cell-surface accessibility, affinity, or blocking prediction.
P1MCPUFP__CPUFP500K_0002__00919	7		8x6b	1931	/data/qlyu/projects/pvrig_top7500_dualpanel_screen_v1_20260724/run/common4_rerank_v2_20260725/final50_structure_bundle_v1_20260725/docking/representative_complexes/R07__P1MCPUFP__CPUFP500K_0002__00919__8x6b__s1931__cluster_1_model_1.pdb	53a83fcb71053006d525c574371dc0084c0119934911f36765949d30c24eb27b	NTT	80	129		18.80747	POTENTIAL_GLYCAN_ANCHOR_NEARBY_10_TO_20A	NOT_RESOLVED_ISOLATED_DOMAIN_PVRIG_41_TO_152	N-X-S/T sequon-anchor geometry only; no glycan conformer, membrane, VHH-hFc, cell-surface accessibility, affinity, or blocking prediction.
P1MCPUFP__CPUFP500K_0002__00919	7		8x6b	3047	/data/qlyu/projects/pvrig_top7500_dualpanel_screen_v1_20260724/run/common4_rerank_v2_20260725/final50_structure_bundle_v1_20260725/docking/representative_complexes/R07__P1MCPUFP__CPUFP500K_0002__00919__8x6b__s3047__cluster_1_model_1.pdb	a2b82004bcf54408746b63370df8cb3ba711c1584590d69d7e147bebfbec6038	NTT	80	129		16.103711	POTENTIAL_GLYCAN_ANCHOR_NEARBY_10_TO_20A	NOT_RESOLVED_ISOLATED_DOMAIN_PVRIG_41_TO_152	N-X-S/T sequon-anchor geometry only; no glycan conformer, membrane, VHH-hFc, cell-surface accessibility, affinity, or blocking prediction.
P1MCPUFP__CPUFP500K_0002__00919	7		9e6y	42	/data/qlyu/projects/pvrig_top7500_dualpanel_screen_v1_20260724/run/common4_rerank_v2_20260725/final50_structure_bundle_v1_20260725/docking/representative_complexes/R07__P1MCPUFP__CPUFP500K_0002__00919__9e6y__s42__cluster_1_model_1.pdb	0c205be9249e89177096f7600aa1fc000b721e90f085a238f156703fd451f478	NTT	84	129		17.964699	POTENTIAL_GLYCAN_ANCHOR_NEARBY_10_TO_20A	NOT_RESOLVED_ISOLATED_DOMAIN_PVRIG_41_TO_152	N-X-S/T sequon-anchor geometry only; no glycan conformer, membrane, VHH-hFc, cell-surface accessibility, affinity, or blocking prediction.
P1MCPUFP__CPUFP500K_0002__00919	7		9e6y	917	/data/qlyu/projects/pvrig_top7500_dualpanel_screen_v1_20260724/run/common4_rerank_v2_20260725/final50_structure_bundle_v1_20260725/docking/representative_complexes/R07__P1MCPUFP__CPUFP500K_0002__00919__9e6y__s917__cluster_1_model_1.pdb	5fa9c0b7c9813546e9f33d2186c7e3c307e02df43746cc75480e6acc5f5b2ce0	NTT	84	129		16.75218	POTENTIAL_GLYCAN_ANCHOR_NEARBY_10_TO_20A	NOT_RESOLVED_ISOLATED_DOMAIN_PVRIG_41_TO_152	N-X-S/T sequon-anchor geometry only; no glycan conformer, membrane, VHH-hFc, cell-surface accessibility, affinity, or blocking prediction.
P1MCPUFP__CPUFP500K_0002__00919	7		9e6y	1931	/data/qlyu/projects/pvrig_top7500_dualpanel_screen_v1_20260724/run/common4_rerank_v2_20260725/final50_structure_bundle_v1_20260725/docking/representative_complexes/R07__P1MCPUFP__CPUFP500K_0002__00919__9e6y__s1931__cluster_1_model_1.pdb	3bb28baa79beffd4766f2a04579bccc9f3316c3e9f4834cdde18d2ea2d688466	NTT	84	129		17.307352	POTENTIAL_GLYCAN_ANCHOR_NEARBY_10_TO_20A	NOT_RESOLVED_ISOLATED_DOMAIN_PVRIG_41_TO_152	N-X-S/T sequon-anchor geometry only; no glycan conformer, membrane, VHH-hFc, cell-surface accessibility, affinity, or blocking prediction.
P1MCPUFP__CPUFP500K_0002__00919	7		9e6y	3047	/data/qlyu/projects/pvrig_top7500_dualpanel_screen_v1_20260724/run/common4_rerank_v2_20260725/final50_structure_bundle_v1_20260725/docking/representative_complexes/R07__P1MCPUFP__CPUFP500K_0002__00919__9e6y__s3047__cluster_1_model_1.pdb	65e23282229305e20bf5afd90b606c5dd340ef754c8ae8fadd645618558bfb64	NTT	84	129		18.7284	POTENTIAL_GLYCAN_ANCHOR_NEARBY_10_TO_20A	NOT_RESOLVED_ISOLATED_DOMAIN_PVRIG_41_TO_152	N-X-S/T sequon-anchor geometry only; no glycan conformer, membrane, VHH-hFc, cell-surface accessibility, affinity, or blocking prediction.
P1MCPUFP__CPUFP500K_0287__00804	8		8x6b	42	/data/qlyu/projects/pvrig_top7500_dualpanel_screen_v1_20260724/run/common4_rerank_v2_20260725/final50_structure_bundle_v1_20260725/docking/representative_complexes/R08__P1MCPUFP__CPUFP500K_0287__00804__8x6b__s42__cluster_1_model_1.pdb	18bab0247407ec1eb34156c29b0fa527b6ed3d3965c97ef58c3d7b698af57c06	NTT	80	129		19.581321	POTENTIAL_GLYCAN_ANCHOR_NEARBY_10_TO_20A	NOT_RESOLVED_ISOLATED_DOMAIN_PVRIG_41_TO_152	N-X-S/T sequon-anchor geometry only; no glycan conformer, membrane, VHH-hFc, cell-surface accessibility, affinity, or blocking prediction.
P1MCPUFP__CPUFP500K_0287__00804	8		8x6b	917	/data/qlyu/projects/pvrig_top7500_dualpanel_screen_v1_20260724/run/common4_rerank_v2_20260725/final50_structure_bundle_v1_20260725/docking/representative_complexes/R08__P1MCPUFP__CPUFP500K_0287__00804__8x6b__s917__cluster_1_model_1.pdb	8e8b470037c4c687568c2fb17a21cde8064e3b49ba4b720ae0c3c50727166acb	NTT	80	129		15.57007	POTENTIAL_GLYCAN_ANCHOR_NEARBY_10_TO_20A	NOT_RESOLVED_ISOLATED_DOMAIN_PVRIG_41_TO_152	N-X-S/T sequon-anchor geometry only; no glycan conformer, membrane, VHH-hFc, cell-surface accessibility, affinity, or blocking prediction.
P1MCPUFP__CPUFP500K_0287__00804	8		8x6b	1931	/data/qlyu/projects/pvrig_top7500_dualpanel_screen_v1_20260724/run/common4_rerank_v2_20260725/final50_structure_bundle_v1_20260725/docking/representative_complexes/R08__P1MCPUFP__CPUFP500K_0287__00804__8x6b__s1931__cluster_1_model_1.pdb	a988b2aa29a20a4a14ceaad18e0381bbdd7248947aae25b2d64b2ec0b4216b90	NTT	80	129		18.53322	POTENTIAL_GLYCAN_ANCHOR_NEARBY_10_TO_20A	NOT_RESOLVED_ISOLATED_DOMAIN_PVRIG_41_TO_152	N-X-S/T sequon-anchor geometry only; no glycan conformer, membrane, VHH-hFc, cell-surface accessibility, affinity, or blocking prediction.
P1MCPUFP__CPUFP500K_0287__00804	8		8x6b	3047	/data/qlyu/projects/pvrig_top7500_dualpanel_screen_v1_20260724/run/common4_rerank_v2_20260725/final50_structure_bundle_v1_20260725/docking/representative_complexes/R08__P1MCPUFP__CPUFP500K_0287__00804__8x6b__s3047__cluster_1_model_1.pdb	07bc43869b45f0c698de54414e09b01404f548be1284d66be1df7099711acbc2	NTT	80	129		19.698761	POTENTIAL_GLYCAN_ANCHOR_NEARBY_10_TO_20A	NOT_RESOLVED_ISOLATED_DOMAIN_PVRIG_41_TO_152	N-X-S/T sequon-anchor geometry only; no glycan conformer, membrane, VHH-hFc, cell-surface accessibility, affinity, or blocking prediction.
P1MCPUFP__CPUFP500K_0287__00804	8		9e6y	42	/data/qlyu/projects/pvrig_top7500_dualpanel_screen_v1_20260724/run/common4_rerank_v2_20260725/final50_structure_bundle_v1_20260725/docking/representative_complexes/R08__P1MCPUFP__CPUFP500K_0287__00804__9e6y__s42__cluster_1_model_1.pdb	6dc3a0249bd9488752fbc2f57e09991c6bea4ce9471bf952ceb7f537c4fed11c	NTT	84	129		17.868789	POTENTIAL_GLYCAN_ANCHOR_NEARBY_10_TO_20A	NOT_RESOLVED_ISOLATED_DOMAIN_PVRIG_41_TO_152	N-X-S/T sequon-anchor geometry only; no glycan conformer, membrane, VHH-hFc, cell-surface accessibility, affinity, or blocking prediction.
P1MCPUFP__CPUFP500K_0287__00804	8		9e6y	917	/data/qlyu/projects/pvrig_top7500_dualpanel_screen_v1_20260724/run/common4_rerank_v2_20260725/final50_structure_bundle_v1_20260725/docking/representative_complexes/R08__P1MCPUFP__CPUFP500K_0287__00804__9e6y__s917__cluster_1_model_1.pdb	9415b2fc6548a25ac9b1d5423618fe8cbf01c8be7c17d4fa7c28300d95fbd675	NTT	84	129		15.678898	POTENTIAL_GLYCAN_ANCHOR_NEARBY_10_TO_20A	NOT_RESOLVED_ISOLATED_DOMAIN_PVRIG_41_TO_152	N-X-S/T sequon-anchor geometry only; no glycan conformer, membrane, VHH-hFc, cell-surface accessibility, affinity, or blocking prediction.
P1MCPUFP__CPUFP500K_0287__00804	8		9e6y	1931	/data/qlyu/projects/pvrig_top7500_dualpanel_screen_v1_20260724/run/common4_rerank_v2_20260725/final50_structure_bundle_v1_20260725/docking/representative_complexes/R08__P1MCPUFP__CPUFP500K_0287__00804__9e6y__s1931__cluster_1_model_1.pdb	a5a331aa0f426c0f544839b0f9ee42fc07e676b02d59f6f3a33e0610c6246129	NTT	84	129		18.163579	POTENTIAL_GLYCAN_ANCHOR_NEARBY_10_TO_20A	NOT_RESOLVED_ISOLATED_DOMAIN_PVRIG_41_TO_152	N-X-S/T sequon-anchor geometry only; no glycan conformer, membrane, VHH-hFc, cell-surface accessibility, affinity, or blocking prediction.
P1MCPUFP__CPUFP500K_0287__00804	8		9e6y	3047	/data/qlyu/projects/pvrig_top7500_dualpanel_screen_v1_20260724/run/common4_rerank_v2_20260725/final50_structure_bundle_v1_20260725/docking/representative_complexes/R08__P1MCPUFP__CPUFP500K_0287__00804__9e6y__s3047__cluster_1_model_1.pdb	added644ec05d48a9ae8eee3e11ff9b0819a91deb113ffd07dc3b3b28df4f87b	NTT	84	129		16.547261	POTENTIAL_GLYCAN_ANCHOR_NEARBY_10_TO_20A	NOT_RESOLVED_ISOLATED_DOMAIN_PVRIG_41_TO_152	N-X-S/T sequon-anchor geometry only; no glycan conformer, membrane, VHH-hFc, cell-surface accessibility, affinity, or blocking prediction.
P1MCPUFP__CPUFP500K_0089__00735	9		8x6b	42	/data/qlyu/projects/pvrig_top7500_dualpanel_screen_v1_20260724/run/common4_rerank_v2_20260725/final50_structure_bundle_v1_20260725/docking/representative_complexes/R09__P1MCPUFP__CPUFP500K_0089__00735__8x6b__s42__cluster_1_model_1.pdb	d46fa951a80bc3eb8096dfd11f15dc0f7f443e994c84cefe217070f2bf10126d	NTT	80	129		16.309843	POTENTIAL_GLYCAN_ANCHOR_NEARBY_10_TO_20A	NOT_RESOLVED_ISOLATED_DOMAIN_PVRIG_41_TO_152	N-X-S/T sequon-anchor geometry only; no glycan conformer, membrane, VHH-hFc, cell-surface accessibility, affinity, or blocking prediction.
P1MCPUFP__CPUFP500K_0089__00735	9		8x6b	917	/data/qlyu/projects/pvrig_top7500_dualpanel_screen_v1_20260724/run/common4_rerank_v2_20260725/final50_structure_bundle_v1_20260725/docking/representative_complexes/R09__P1MCPUFP__CPUFP500K_0089__00735__8x6b__s917__cluster_1_model_1.pdb	b963172e3fb05837f261bc2dfc7a7c5d3ab36fa948304c1b495ee8000324778e	NTT	80	129		15.504823	POTENTIAL_GLYCAN_ANCHOR_NEARBY_10_TO_20A	NOT_RESOLVED_ISOLATED_DOMAIN_PVRIG_41_TO_152	N-X-S/T sequon-anchor geometry only; no glycan conformer, membrane, VHH-hFc, cell-surface accessibility, affinity, or blocking prediction.
P1MCPUFP__CPUFP500K_0089__00735	9		8x6b	1931	/data/qlyu/projects/pvrig_top7500_dualpanel_screen_v1_20260724/run/common4_rerank_v2_20260725/final50_structure_bundle_v1_20260725/docking/representative_complexes/R09__P1MCPUFP__CPUFP500K_0089__00735__8x6b__s1931__cluster_1_model_1.pdb	6941d02fe0fa34b878ff4c68eabcd9ea092154c7013ed47a30c61a2db83e695b	NTT	80	129		16.490325	POTENTIAL_GLYCAN_ANCHOR_NEARBY_10_TO_20A	NOT_RESOLVED_ISOLATED_DOMAIN_PVRIG_41_TO_152	N-X-S/T sequon-anchor geometry only; no glycan conformer, membrane, VHH-hFc, cell-surface accessibility, affinity, or blocking prediction.
P1MCPUFP__CPUFP500K_0089__00735	9		8x6b	3047	/data/qlyu/projects/pvrig_top7500_dualpanel_screen_v1_20260724/run/common4_rerank_v2_20260725/final50_structure_bundle_v1_20260725/docking/representative_complexes/R09__P1MCPUFP__CPUFP500K_0089__00735__8x6b__s3047__cluster_1_model_1.pdb	2d2bb19034e59be6eb2872ace41e8c587e171dff58b9c3efb7f7ec9d0154f407	NTT	80	129		16.113264	POTENTIAL_GLYCAN_ANCHOR_NEARBY_10_TO_20A	NOT_RESOLVED_ISOLATED_DOMAIN_PVRIG_41_TO_152	N-X-S/T sequon-anchor geometry only; no glycan conformer, membrane, VHH-hFc, cell-surface accessibility, affinity, or blocking prediction.
P1MCPUFP__CPUFP500K_0089__00735	9		9e6y	42	/data/qlyu/projects/pvrig_top7500_dualpanel_screen_v1_20260724/run/common4_rerank_v2_20260725/final50_structure_bundle_v1_20260725/docking/representative_complexes/R09__P1MCPUFP__CPUFP500K_0089__00735__9e6y__s42__cluster_1_model_1.pdb	d08d8e74de8bb58d7dade7219ad2aa5f08edaa8889f5f72897f6c7dde982bca8	NTT	84	129		15.586615	POTENTIAL_GLYCAN_ANCHOR_NEARBY_10_TO_20A	NOT_RESOLVED_ISOLATED_DOMAIN_PVRIG_41_TO_152	N-X-S/T sequon-anchor geometry only; no glycan conformer, membrane, VHH-hFc, cell-surface accessibility, affinity, or blocking prediction.
P1MCPUFP__CPUFP500K_0089__00735	9		9e6y	917	/data/qlyu/projects/pvrig_top7500_dualpanel_screen_v1_20260724/run/common4_rerank_v2_20260725/final50_structure_bundle_v1_20260725/docking/representative_complexes/R09__P1MCPUFP__CPUFP500K_0089__00735__9e6y__s917__cluster_1_model_1.pdb	992c15c0a8177b0d06f34e63278a6fdb84a00bfbb0cf7250cc08dac843b9895a	NTT	84	129		15.4657	POTENTIAL_GLYCAN_ANCHOR_NEARBY_10_TO_20A	NOT_RESOLVED_ISOLATED_DOMAIN_PVRIG_41_TO_152	N-X-S/T sequon-anchor geometry only; no glycan conformer, membrane, VHH-hFc, cell-surface accessibility, affinity, or blocking prediction.
P1MCPUFP__CPUFP500K_0089__00735	9		9e6y	1931	/data/qlyu/projects/pvrig_top7500_dualpanel_screen_v1_20260724/run/common4_rerank_v2_20260725/final50_structure_bundle_v1_20260725/docking/representative_complexes/R09__P1MCPUFP__CPUFP500K_0089__00735__9e6y__s1931__cluster_1_model_1.pdb	d04c3fdea8171d2f63366643b2d04ce551f7e18312c1b01c9aa8a078112c9ab5	NTT	84	129		18.405639	POTENTIAL_GLYCAN_ANCHOR_NEARBY_10_TO_20A	NOT_RESOLVED_ISOLATED_DOMAIN_PVRIG_41_TO_152	N-X-S/T sequon-anchor geometry only; no glycan conformer, membrane, VHH-hFc, cell-surface accessibility, affinity, or blocking prediction.
P1MCPUFP__CPUFP500K_0089__00735	9		9e6y	3047	/data/qlyu/projects/pvrig_top7500_dualpanel_screen_v1_20260724/run/common4_rerank_v2_20260725/final50_structure_bundle_v1_20260725/docking/representative_complexes/R09__P1MCPUFP__CPUFP500K_0089__00735__9e6y__s3047__cluster_1_model_1.pdb	7b4b990fed3e1e0f12dd2234273e5e67ea98103091396b120cec927e441a0d82	NTT	84	129		19.36558	POTENTIAL_GLYCAN_ANCHOR_NEARBY_10_TO_20A	NOT_RESOLVED_ISOLATED_DOMAIN_PVRIG_41_TO_152	N-X-S/T sequon-anchor geometry only; no glycan conformer, membrane, VHH-hFc, cell-surface accessibility, affinity, or blocking prediction.
P1MCPUFP__CPUFP500K_0299__00453	10		8x6b	42	/data/qlyu/projects/pvrig_top7500_dualpanel_screen_v1_20260724/run/common4_rerank_v2_20260725/final50_structure_bundle_v1_20260725/docking/representative_complexes/R10__P1MCPUFP__CPUFP500K_0299__00453__8x6b__s42__cluster_1_model_1.pdb	dcb9aa35bdffefe90705c59bcec721d601c90bdc273dc193842e54f146b84826	NTT	80	129		16.162707	POTENTIAL_GLYCAN_ANCHOR_NEARBY_10_TO_20A	NOT_RESOLVED_ISOLATED_DOMAIN_PVRIG_41_TO_152	N-X-S/T sequon-anchor geometry only; no glycan conformer, membrane, VHH-hFc, cell-surface accessibility, affinity, or blocking prediction.
P1MCPUFP__CPUFP500K_0299__00453	10		8x6b	917	/data/qlyu/projects/pvrig_top7500_dualpanel_screen_v1_20260724/run/common4_rerank_v2_20260725/final50_structure_bundle_v1_20260725/docking/representative_complexes/R10__P1MCPUFP__CPUFP500K_0299__00453__8x6b__s917__cluster_1_model_1.pdb	a5282926cd0d1fe681c0e2d83b8984509906187706522795994f455e6d9e7190	NTT	80	129		18.648364	POTENTIAL_GLYCAN_ANCHOR_NEARBY_10_TO_20A	NOT_RESOLVED_ISOLATED_DOMAIN_PVRIG_41_TO_152	N-X-S/T sequon-anchor geometry only; no glycan conformer, membrane, VHH-hFc, cell-surface accessibility, affinity, or blocking prediction.
P1MCPUFP__CPUFP500K_0299__00453	10		8x6b	1931	/data/qlyu/projects/pvrig_top7500_dualpanel_screen_v1_20260724/run/common4_rerank_v2_20260725/final50_structure_bundle_v1_20260725/docking/representative_complexes/R10__P1MCPUFP__CPUFP500K_0299__00453__8x6b__s1931__cluster_1_model_1.pdb	fe95c75c4dc5fff9a64fef293a29d27d412c19bf1e9326084dea2b2c96fc4b94	NTT	80	129		15.788871	POTENTIAL_GLYCAN_ANCHOR_NEARBY_10_TO_20A	NOT_RESOLVED_ISOLATED_DOMAIN_PVRIG_41_TO_152	N-X-S/T sequon-anchor geometry only; no glycan conformer, membrane, VHH-hFc, cell-surface accessibility, affinity, or blocking prediction.
P1MCPUFP__CPUFP500K_0299__00453	10		8x6b	3047	/data/qlyu/projects/pvrig_top7500_dualpanel_screen_v1_20260724/run/common4_rerank_v2_20260725/final50_structure_bundle_v1_20260725/docking/representative_complexes/R10__P1MCPUFP__CPUFP500K_0299__00453__8x6b__s3047__cluster_1_model_1.pdb	d45008efa6d59f07590a2e944d3ec70d526159d1026c421de2aca28aaa622e89	NTT	80	129		16.713452	POTENTIAL_GLYCAN_ANCHOR_NEARBY_10_TO_20A	NOT_RESOLVED_ISOLATED_DOMAIN_PVRIG_41_TO_152	N-X-S/T sequon-anchor geometry only; no glycan conformer, membrane, VHH-hFc, cell-surface accessibility, affinity, or blocking prediction.
P1MCPUFP__CPUFP500K_0299__00453	10		9e6y	42	/data/qlyu/projects/pvrig_top7500_dualpanel_screen_v1_20260724/run/common4_rerank_v2_20260725/final50_structure_bundle_v1_20260725/docking/representative_complexes/R10__P1MCPUFP__CPUFP500K_0299__00453__9e6y__s42__cluster_1_model_1.pdb	01a0a198786294c30931d0376f504b1fdbe4cbf494efacbfa9831915fa148109	NTT	84	129		15.896087	POTENTIAL_GLYCAN_ANCHOR_NEARBY_10_TO_20A	NOT_RESOLVED_ISOLATED_DOMAIN_PVRIG_41_TO_152	N-X-S/T sequon-anchor geometry only; no glycan conformer, membrane, VHH-hFc, cell-surface accessibility, affinity, or blocking prediction.
P1MCPUFP__CPUFP500K_0299__00453	10		9e6y	917	/data/qlyu/projects/pvrig_top7500_dualpanel_screen_v1_20260724/run/common4_rerank_v2_20260725/final50_structure_bundle_v1_20260725/docking/representative_complexes/R10__P1MCPUFP__CPUFP500K_0299__00453__9e6y__s917__cluster_1_model_1.pdb	3be4f37f0c0f3fcffec59b775a96331129ed02bcda3efd27cd3bfcd5ac0b95b4	NTT	84	129		19.269662	POTENTIAL_GLYCAN_ANCHOR_NEARBY_10_TO_20A	NOT_RESOLVED_ISOLATED_DOMAIN_PVRIG_41_TO_152	N-X-S/T sequon-anchor geometry only; no glycan conformer, membrane, VHH-hFc, cell-surface accessibility, affinity, or blocking prediction.
P1MCPUFP__CPUFP500K_0299__00453	10		9e6y	1931	/data/qlyu/projects/pvrig_top7500_dualpanel_screen_v1_20260724/run/common4_rerank_v2_20260725/final50_structure_bundle_v1_20260725/docking/representative_complexes/R10__P1MCPUFP__CPUFP500K_0299__00453__9e6y__s1931__cluster_1_model_1.pdb	06bd4ab57e16ee53426961781113957d3bd841384e1e9be85c38a9b00d14274a	NTT	84	129		16.145483	POTENTIAL_GLYCAN_ANCHOR_NEARBY_10_TO_20A	NOT_RESOLVED_ISOLATED_DOMAIN_PVRIG_41_TO_152	N-X-S/T sequon-anchor geometry only; no glycan conformer, membrane, VHH-hFc, cell-surface accessibility, affinity, or blocking prediction.
P1MCPUFP__CPUFP500K_0299__00453	10		9e6y	3047	/data/qlyu/projects/pvrig_top7500_dualpanel_screen_v1_20260724/run/common4_rerank_v2_20260725/final50_structure_bundle_v1_20260725/docking/representative_complexes/R10__P1MCPUFP__CPUFP500K_0299__00453__9e6y__s3047__cluster_1_model_1.pdb	c00a8b410ac6c1ad85504160742e68f93796a47d30135683f0c6b9777b4c7937	NTT	84	129		15.998649	POTENTIAL_GLYCAN_ANCHOR_NEARBY_10_TO_20A	NOT_RESOLVED_ISOLATED_DOMAIN_PVRIG_41_TO_152	N-X-S/T sequon-anchor geometry only; no glycan conformer, membrane, VHH-hFc, cell-surface accessibility, affinity, or blocking prediction.
P1MCPUFP__CPUFP500K_0299__00780	11		8x6b	42	/data/qlyu/projects/pvrig_top7500_dualpanel_screen_v1_20260724/run/common4_rerank_v2_20260725/final50_structure_bundle_v1_20260725/docking/representative_complexes/R11__P1MCPUFP__CPUFP500K_0299__00780__8x6b__s42__cluster_1_model_1.pdb	ccc844e6b3cf7a0a2e85dc72ba244a98167bffb43b77a83235655b1f139aba90	NTT	80	129		18.595759	POTENTIAL_GLYCAN_ANCHOR_NEARBY_10_TO_20A	NOT_RESOLVED_ISOLATED_DOMAIN_PVRIG_41_TO_152	N-X-S/T sequon-anchor geometry only; no glycan conformer, membrane, VHH-hFc, cell-surface accessibility, affinity, or blocking prediction.
P1MCPUFP__CPUFP500K_0299__00780	11		8x6b	917	/data/qlyu/projects/pvrig_top7500_dualpanel_screen_v1_20260724/run/common4_rerank_v2_20260725/final50_structure_bundle_v1_20260725/docking/representative_complexes/R11__P1MCPUFP__CPUFP500K_0299__00780__8x6b__s917__cluster_1_model_1.pdb	50633bdc4353c852f885a343a67675cf483351f0da466e554f2900e5b56608a7	NTT	80	129		20.364872	GLYCAN_ANCHOR_CLEAR_GEOMETRIC_PROXY_GE20A	NOT_RESOLVED_ISOLATED_DOMAIN_PVRIG_41_TO_152	N-X-S/T sequon-anchor geometry only; no glycan conformer, membrane, VHH-hFc, cell-surface accessibility, affinity, or blocking prediction.
P1MCPUFP__CPUFP500K_0299__00780	11		8x6b	1931	/data/qlyu/projects/pvrig_top7500_dualpanel_screen_v1_20260724/run/common4_rerank_v2_20260725/final50_structure_bundle_v1_20260725/docking/representative_complexes/R11__P1MCPUFP__CPUFP500K_0299__00780__8x6b__s1931__cluster_1_model_1.pdb	57723f26a937fc51a84ce0da8fa01e8b0d36e4e83dc5f164855bfb1d99b472b4	NTT	80	129		19.20303	POTENTIAL_GLYCAN_ANCHOR_NEARBY_10_TO_20A	NOT_RESOLVED_ISOLATED_DOMAIN_PVRIG_41_TO_152	N-X-S/T sequon-anchor geometry only; no glycan conformer, membrane, VHH-hFc, cell-surface accessibility, affinity, or blocking prediction.
P1MCPUFP__CPUFP500K_0299__00780	11		8x6b	3047	/data/qlyu/projects/pvrig_top7500_dualpanel_screen_v1_20260724/run/common4_rerank_v2_20260725/final50_structure_bundle_v1_20260725/docking/representative_complexes/R11__P1MCPUFP__CPUFP500K_0299__00780__8x6b__s3047__cluster_1_model_1.pdb	049c158ff901e31cf3226fdde35ccf7727ed57ea5ae47867233a1455e12473f4	NTT	80	129		18.815389	POTENTIAL_GLYCAN_ANCHOR_NEARBY_10_TO_20A	NOT_RESOLVED_ISOLATED_DOMAIN_PVRIG_41_TO_152	N-X-S/T sequon-anchor geometry only; no glycan conformer, membrane, VHH-hFc, cell-surface accessibility, affinity, or blocking prediction.
P1MCPUFP__CPUFP500K_0299__00780	11		9e6y	42	/data/qlyu/projects/pvrig_top7500_dualpanel_screen_v1_20260724/run/common4_rerank_v2_20260725/final50_structure_bundle_v1_20260725/docking/representative_complexes/R11__P1MCPUFP__CPUFP500K_0299__00780__9e6y__s42__cluster_1_model_1.pdb	b0750dadf5e7a33dffa550ad8d05f29685ad9b3b3705b2c03fae6f4b9f6b319a	NTT	84	129		16.138774	POTENTIAL_GLYCAN_ANCHOR_NEARBY_10_TO_20A	NOT_RESOLVED_ISOLATED_DOMAIN_PVRIG_41_TO_152	N-X-S/T sequon-anchor geometry only; no glycan conformer, membrane, VHH-hFc, cell-surface accessibility, affinity, or blocking prediction.
P1MCPUFP__CPUFP500K_0299__00780	11		9e6y	917	/data/qlyu/projects/pvrig_top7500_dualpanel_screen_v1_20260724/run/common4_rerank_v2_20260725/final50_structure_bundle_v1_20260725/docking/representative_complexes/R11__P1MCPUFP__CPUFP500K_0299__00780__9e6y__s917__cluster_1_model_1.pdb	fe37fa247f58a006304e82e2704dcdfad27a5f63464a7362f9e1e69e29778010	NTT	84	129		17.825036	POTENTIAL_GLYCAN_ANCHOR_NEARBY_10_TO_20A	NOT_RESOLVED_ISOLATED_DOMAIN_PVRIG_41_TO_152	N-X-S/T sequon-anchor geometry only; no glycan conformer, membrane, VHH-hFc, cell-surface accessibility, affinity, or blocking prediction.
P1MCPUFP__CPUFP500K_0299__00780	11		9e6y	1931	/data/qlyu/projects/pvrig_top7500_dualpanel_screen_v1_20260724/run/common4_rerank_v2_20260725/final50_structure_bundle_v1_20260725/docking/representative_complexes/R11__P1MCPUFP__CPUFP500K_0299__00780__9e6y__s1931__cluster_1_model_1.pdb	2ac3aeeb7cfb953c79a80188fdde654290dea50a2dc007d2a56cf7af6249b68d	NTT	84	129		18.861716	POTENTIAL_GLYCAN_ANCHOR_NEARBY_10_TO_20A	NOT_RESOLVED_ISOLATED_DOMAIN_PVRIG_41_TO_152	N-X-S/T sequon-anchor geometry only; no glycan conformer, membrane, VHH-hFc, cell-surface accessibility, affinity, or blocking prediction.
P1MCPUFP__CPUFP500K_0299__00780	11		9e6y	3047	/data/qlyu/projects/pvrig_top7500_dualpanel_screen_v1_20260724/run/common4_rerank_v2_20260725/final50_structure_bundle_v1_20260725/docking/representative_complexes/R11__P1MCPUFP__CPUFP500K_0299__00780__9e6y__s3047__cluster_1_model_1.pdb	1d26ae79601783b073ddefad1ef04eaee641c0b9e86ac654f5c9ac1f41b0015a	NTT	84	129		18.897646	POTENTIAL_GLYCAN_ANCHOR_NEARBY_10_TO_20A	NOT_RESOLVED_ISOLATED_DOMAIN_PVRIG_41_TO_152	N-X-S/T sequon-anchor geometry only; no glycan conformer, membrane, VHH-hFc, cell-surface accessibility, affinity, or blocking prediction.
P1MCPUFP__CPUFP500K_0189__00858	12		8x6b	42	/data/qlyu/projects/pvrig_top7500_dualpanel_screen_v1_20260724/run/common4_rerank_v2_20260725/final50_structure_bundle_v1_20260725/docking/representative_complexes/R12__P1MCPUFP__CPUFP500K_0189__00858__8x6b__s42__cluster_1_model_1.pdb	b69ab65eda71e06d717e026089a5e9226b89a2494a5389ef127baf7a8f5fb00f	NTT	80	129		11.632895	POTENTIAL_GLYCAN_ANCHOR_NEARBY_10_TO_20A	NOT_RESOLVED_ISOLATED_DOMAIN_PVRIG_41_TO_152	N-X-S/T sequon-anchor geometry only; no glycan conformer, membrane, VHH-hFc, cell-surface accessibility, affinity, or blocking prediction.
P1MCPUFP__CPUFP500K_0189__00858	12		8x6b	917	/data/qlyu/projects/pvrig_top7500_dualpanel_screen_v1_20260724/run/common4_rerank_v2_20260725/final50_structure_bundle_v1_20260725/docking/representative_complexes/R12__P1MCPUFP__CPUFP500K_0189__00858__8x6b__s917__cluster_1_model_1.pdb	6da59a066897231371bb3cbf27ad1bb2aae833e519ec007c75cb1c70604a4e92	NTT	80	129		20.312172	GLYCAN_ANCHOR_CLEAR_GEOMETRIC_PROXY_GE20A	NOT_RESOLVED_ISOLATED_DOMAIN_PVRIG_41_TO_152	N-X-S/T sequon-anchor geometry only; no glycan conformer, membrane, VHH-hFc, cell-surface accessibility, affinity, or blocking prediction.
P1MCPUFP__CPUFP500K_0189__00858	12		8x6b	1931	/data/qlyu/projects/pvrig_top7500_dualpanel_screen_v1_20260724/run/common4_rerank_v2_20260725/final50_structure_bundle_v1_20260725/docking/representative_complexes/R12__P1MCPUFP__CPUFP500K_0189__00858__8x6b__s1931__cluster_1_model_1.pdb	5a3f5e13dcd5519b74319f5b5efea0fee6375900b8cb6d6f4cde9c010d6fb92f	NTT	80	129		19.59857	POTENTIAL_GLYCAN_ANCHOR_NEARBY_10_TO_20A	NOT_RESOLVED_ISOLATED_DOMAIN_PVRIG_41_TO_152	N-X-S/T sequon-anchor geometry only; no glycan conformer, membrane, VHH-hFc, cell-surface accessibility, affinity, or blocking prediction.
P1MCPUFP__CPUFP500K_0189__00858	12		8x6b	3047	/data/qlyu/projects/pvrig_top7500_dualpanel_screen_v1_20260724/run/common4_rerank_v2_20260725/final50_structure_bundle_v1_20260725/docking/representative_complexes/R12__P1MCPUFP__CPUFP500K_0189__00858__8x6b__s3047__cluster_1_model_1.pdb	c829bad402c49615e317a8e5715a18fbf0fe9c5d53d8787a243b0fe2655d15b7	NTT	80	129		12.765738	POTENTIAL_GLYCAN_ANCHOR_NEARBY_10_TO_20A	NOT_RESOLVED_ISOLATED_DOMAIN_PVRIG_41_TO_152	N-X-S/T sequon-anchor geometry only; no glycan conformer, membrane, VHH-hFc, cell-surface accessibility, affinity, or blocking prediction.
P1MCPUFP__CPUFP500K_0189__00858	12		9e6y	42	/data/qlyu/projects/pvrig_top7500_dualpanel_screen_v1_20260724/run/common4_rerank_v2_20260725/final50_structure_bundle_v1_20260725/docking/representative_complexes/R12__P1MCPUFP__CPUFP500K_0189__00858__9e6y__s42__cluster_1_model_1.pdb	2abcdc3e943f8bc3eb15f1b28b9f2944026b073070cbab3b158f5265198f0c6d	NTT	84	129		16.6192	POTENTIAL_GLYCAN_ANCHOR_NEARBY_10_TO_20A	NOT_RESOLVED_ISOLATED_DOMAIN_PVRIG_41_TO_152	N-X-S/T sequon-anchor geometry only; no glycan conformer, membrane, VHH-hFc, cell-surface accessibility, affinity, or blocking prediction.
P1MCPUFP__CPUFP500K_0189__00858	12		9e6y	917	/data/qlyu/projects/pvrig_top7500_dualpanel_screen_v1_20260724/run/common4_rerank_v2_20260725/final50_structure_bundle_v1_20260725/docking/representative_complexes/R12__P1MCPUFP__CPUFP500K_0189__00858__9e6y__s917__cluster_1_model_1.pdb	c6a34b0505e6ec56b3492d5c903643b7a6ffd3f2c4c2df4c471cdc9f96e46b7a	NTT	84	129		18.26142	POTENTIAL_GLYCAN_ANCHOR_NEARBY_10_TO_20A	NOT_RESOLVED_ISOLATED_DOMAIN_PVRIG_41_TO_152	N-X-S/T sequon-anchor geometry only; no glycan conformer, membrane, VHH-hFc, cell-surface accessibility, affinity, or blocking prediction.
P1MCPUFP__CPUFP500K_0189__00858	12		9e6y	1931	/data/qlyu/projects/pvrig_top7500_dualpanel_screen_v1_20260724/run/common4_rerank_v2_20260725/final50_structure_bundle_v1_20260725/docking/representative_complexes/R12__P1MCPUFP__CPUFP500K_0189__00858__9e6y__s1931__cluster_1_model_1.pdb	c8d739661a741659d5f6e52feb64f63839ffc983c876625082718c5b1b30c1dc	NTT	84	129		17.498102	POTENTIAL_GLYCAN_ANCHOR_NEARBY_10_TO_20A	NOT_RESOLVED_ISOLATED_DOMAIN_PVRIG_41_TO_152	N-X-S/T sequon-anchor geometry only; no glycan conformer, membrane, VHH-hFc, cell-surface accessibility, affinity, or blocking prediction.
P1MCPUFP__CPUFP500K_0189__00858	12		9e6y	3047	/data/qlyu/projects/pvrig_top7500_dualpanel_screen_v1_20260724/run/common4_rerank_v2_20260725/final50_structure_bundle_v1_20260725/docking/representative_complexes/R12__P1MCPUFP__CPUFP500K_0189__00858__9e6y__s3047__cluster_1_model_1.pdb	43899e20fd382308f496e8b3712a093145bc05718977fffe3f25a2c5ab0bae6a	NTT	84	129		11.330399	POTENTIAL_GLYCAN_ANCHOR_NEARBY_10_TO_20A	NOT_RESOLVED_ISOLATED_DOMAIN_PVRIG_41_TO_152	N-X-S/T sequon-anchor geometry only; no glycan conformer, membrane, VHH-hFc, cell-surface accessibility, affinity, or blocking prediction.
P1MCPUFP__CPUFP500K_0380__00771	13		8x6b	42	/data/qlyu/projects/pvrig_top7500_dualpanel_screen_v1_20260724/run/common4_rerank_v2_20260725/final50_structure_bundle_v1_20260725/docking/representative_complexes/R13__P1MCPUFP__CPUFP500K_0380__00771__8x6b__s42__cluster_1_model_1.pdb	9e3f05244f003ec7d1c24df2b9de56d984f265af9552d08acf7b7737e1722d2b	NTT	80	129		15.382545	POTENTIAL_GLYCAN_ANCHOR_NEARBY_10_TO_20A	NOT_RESOLVED_ISOLATED_DOMAIN_PVRIG_41_TO_152	N-X-S/T sequon-anchor geometry only; no glycan conformer, membrane, VHH-hFc, cell-surface accessibility, affinity, or blocking prediction.
P1MCPUFP__CPUFP500K_0380__00771	13		8x6b	917	/data/qlyu/projects/pvrig_top7500_dualpanel_screen_v1_20260724/run/common4_rerank_v2_20260725/final50_structure_bundle_v1_20260725/docking/representative_complexes/R13__P1MCPUFP__CPUFP500K_0380__00771__8x6b__s917__cluster_1_model_1.pdb	2e94209a290d9719c2785d400240c0296b1af78f40786f5610b11ce035d7d6c7	NTT	80	129		16.338161	POTENTIAL_GLYCAN_ANCHOR_NEARBY_10_TO_20A	NOT_RESOLVED_ISOLATED_DOMAIN_PVRIG_41_TO_152	N-X-S/T sequon-anchor geometry only; no glycan conformer, membrane, VHH-hFc, cell-surface accessibility, affinity, or blocking prediction.
P1MCPUFP__CPUFP500K_0380__00771	13		8x6b	1931	/data/qlyu/projects/pvrig_top7500_dualpanel_screen_v1_20260724/run/common4_rerank_v2_20260725/final50_structure_bundle_v1_20260725/docking/representative_complexes/R13__P1MCPUFP__CPUFP500K_0380__00771__8x6b__s1931__cluster_1_model_1.pdb	91eaccdf0f3c7ca9bdf6cf42ead603855bfb5a8391e44a413d791302116d2201	NTT	80	129		15.898832	POTENTIAL_GLYCAN_ANCHOR_NEARBY_10_TO_20A	NOT_RESOLVED_ISOLATED_DOMAIN_PVRIG_41_TO_152	N-X-S/T sequon-anchor geometry only; no glycan conformer, membrane, VHH-hFc, cell-surface accessibility, affinity, or blocking prediction.
P1MCPUFP__CPUFP500K_0380__00771	13		8x6b	3047	/data/qlyu/projects/pvrig_top7500_dualpanel_screen_v1_20260724/run/common4_rerank_v2_20260725/final50_structure_bundle_v1_20260725/docking/representative_complexes/R13__P1MCPUFP__CPUFP500K_0380__00771__8x6b__s3047__cluster_1_model_1.pdb	9aab415b3f611acf3933620f8939048070b2c43ef5b6a5cd16c7d32e3ea0e75f	NTT	80	129		15.733276	POTENTIAL_GLYCAN_ANCHOR_NEARBY_10_TO_20A	NOT_RESOLVED_ISOLATED_DOMAIN_PVRIG_41_TO_152	N-X-S/T sequon-anchor geometry only; no glycan conformer, membrane, VHH-hFc, cell-surface accessibility, affinity, or blocking prediction.
P1MCPUFP__CPUFP500K_0380__00771	13		9e6y	42	/data/qlyu/projects/pvrig_top7500_dualpanel_screen_v1_20260724/run/common4_rerank_v2_20260725/final50_structure_bundle_v1_20260725/docking/representative_complexes/R13__P1MCPUFP__CPUFP500K_0380__00771__9e6y__s42__cluster_1_model_1.pdb	f32cb6f2056ae3d83e6eb07a4b45b1ae015dd74df7866250382d37f8e196472a	NTT	84	129		16.293366	POTENTIAL_GLYCAN_ANCHOR_NEARBY_10_TO_20A	NOT_RESOLVED_ISOLATED_DOMAIN_PVRIG_41_TO_152	N-X-S/T sequon-anchor geometry only; no glycan conformer, membrane, VHH-hFc, cell-surface accessibility, affinity, or blocking prediction.
P1MCPUFP__CPUFP500K_0380__00771	13		9e6y	917	/data/qlyu/projects/pvrig_top7500_dualpanel_screen_v1_20260724/run/common4_rerank_v2_20260725/final50_structure_bundle_v1_20260725/docking/representative_complexes/R13__P1MCPUFP__CPUFP500K_0380__00771__9e6y__s917__cluster_1_model_1.pdb	b179cebc0274202a24e20ea18330cc30f1c059492194eb1a427c0dd8ffad331f	NTT	84	129		19.926239	POTENTIAL_GLYCAN_ANCHOR_NEARBY_10_TO_20A	NOT_RESOLVED_ISOLATED_DOMAIN_PVRIG_41_TO_152	N-X-S/T sequon-anchor geometry only; no glycan conformer, membrane, VHH-hFc, cell-surface accessibility, affinity, or blocking prediction.
P1MCPUFP__CPUFP500K_0380__00771	13		9e6y	1931	/data/qlyu/projects/pvrig_top7500_dualpanel_screen_v1_20260724/run/common4_rerank_v2_20260725/final50_structure_bundle_v1_20260725/docking/representative_complexes/R13__P1MCPUFP__CPUFP500K_0380__00771__9e6y__s1931__cluster_1_model_1.pdb	43b1931b8a0b8ddfdbe874e29aeda95ec3178c1c22e1c133356847ec08b03327	NTT	84	129		17.146677	POTENTIAL_GLYCAN_ANCHOR_NEARBY_10_TO_20A	NOT_RESOLVED_ISOLATED_DOMAIN_PVRIG_41_TO_152	N-X-S/T sequon-anchor geometry only; no glycan conformer, membrane, VHH-hFc, cell-surface accessibility, affinity, or blocking prediction.
P1MCPUFP__CPUFP500K_0380__00771	13		9e6y	3047	/data/qlyu/projects/pvrig_top7500_dualpanel_screen_v1_20260724/run/common4_rerank_v2_20260725/final50_structure_bundle_v1_20260725/docking/representative_complexes/R13__P1MCPUFP__CPUFP500K_0380__00771__9e6y__s3047__cluster_1_model_1.pdb	07c59269c6c3249292c2160d60be5ab21377a455d6d70802f85a02781ec95f34	NTT	84	129		16.879969	POTENTIAL_GLYCAN_ANCHOR_NEARBY_10_TO_20A	NOT_RESOLVED_ISOLATED_DOMAIN_PVRIG_41_TO_152	N-X-S/T sequon-anchor geometry only; no glycan conformer, membrane, VHH-hFc, cell-surface accessibility, affinity, or blocking prediction.
P1MCPUFP__CPUFP500K_0404__00029	14		8x6b	42	/data/qlyu/projects/pvrig_top7500_dualpanel_screen_v1_20260724/run/common4_rerank_v2_20260725/final50_structure_bundle_v1_20260725/docking/representative_complexes/R14__P1MCPUFP__CPUFP500K_0404__00029__8x6b__s42__cluster_1_model_1.pdb	f16f7b8e63121984edddcdd2348b25efe7904677c49bbea2b83f409a9acda22c	NTT	80	129		18.462708	POTENTIAL_GLYCAN_ANCHOR_NEARBY_10_TO_20A	NOT_RESOLVED_ISOLATED_DOMAIN_PVRIG_41_TO_152	N-X-S/T sequon-anchor geometry only; no glycan conformer, membrane, VHH-hFc, cell-surface accessibility, affinity, or blocking prediction.
P1MCPUFP__CPUFP500K_0404__00029	14		8x6b	917	/data/qlyu/projects/pvrig_top7500_dualpanel_screen_v1_20260724/run/common4_rerank_v2_20260725/final50_structure_bundle_v1_20260725/docking/representative_complexes/R14__P1MCPUFP__CPUFP500K_0404__00029__8x6b__s917__cluster_1_model_1.pdb	56959d0174579438a647d973298ea622b72bbe80cea3b5a3b21590027f3a6359	NTT	80	129		15.06079	POTENTIAL_GLYCAN_ANCHOR_NEARBY_10_TO_20A	NOT_RESOLVED_ISOLATED_DOMAIN_PVRIG_41_TO_152	N-X-S/T sequon-anchor geometry only; no glycan conformer, membrane, VHH-hFc, cell-surface accessibility, affinity, or blocking prediction.
P1MCPUFP__CPUFP500K_0404__00029	14		8x6b	1931	/data/qlyu/projects/pvrig_top7500_dualpanel_screen_v1_20260724/run/common4_rerank_v2_20260725/final50_structure_bundle_v1_20260725/docking/representative_complexes/R14__P1MCPUFP__CPUFP500K_0404__00029__8x6b__s1931__cluster_1_model_1.pdb	64ef1fd2c1fe43b7140de03a695548390124d463c8870693a93b7eff55110c6e	NTT	80	129		15.00113	POTENTIAL_GLYCAN_ANCHOR_NEARBY_10_TO_20A	NOT_RESOLVED_ISOLATED_DOMAIN_PVRIG_41_TO_152	N-X-S/T sequon-anchor geometry only; no glycan conformer, membrane, VHH-hFc, cell-surface accessibility, affinity, or blocking prediction.
P1MCPUFP__CPUFP500K_0404__00029	14		8x6b	3047	/data/qlyu/projects/pvrig_top7500_dualpanel_screen_v1_20260724/run/common4_rerank_v2_20260725/final50_structure_bundle_v1_20260725/docking/representative_complexes/R14__P1MCPUFP__CPUFP500K_0404__00029__8x6b__s3047__cluster_1_model_1.pdb	52804a6286dff66abc117f2d4d12aedc2a926873b73c053e235863d4868ae6e1	NTT	80	129		19.163265	POTENTIAL_GLYCAN_ANCHOR_NEARBY_10_TO_20A	NOT_RESOLVED_ISOLATED_DOMAIN_PVRIG_41_TO_152	N-X-S/T sequon-anchor geometry only; no glycan conformer, membrane, VHH-hFc, cell-surface accessibility, affinity, or blocking prediction.
P1MCPUFP__CPUFP500K_0404__00029	14		9e6y	42	/data/qlyu/projects/pvrig_top7500_dualpanel_screen_v1_20260724/run/common4_rerank_v2_20260725/final50_structure_bundle_v1_20260725/docking/representative_complexes/R14__P1MCPUFP__CPUFP500K_0404__00029__9e6y__s42__cluster_1_model_1.pdb	07a93c24572fabf9842c2e77a452438d166a60d3528291c015b9af6689b0b2bb	NTT	84	129		19.118063	POTENTIAL_GLYCAN_ANCHOR_NEARBY_10_TO_20A	NOT_RESOLVED_ISOLATED_DOMAIN_PVRIG_41_TO_152	N-X-S/T sequon-anchor geometry only; no glycan conformer, membrane, VHH-hFc, cell-surface accessibility, affinity, or blocking prediction.
P1MCPUFP__CPUFP500K_0404__00029	14		9e6y	917	/data/qlyu/projects/pvrig_top7500_dualpanel_screen_v1_20260724/run/common4_rerank_v2_20260725/final50_structure_bundle_v1_20260725/docking/representative_complexes/R14__P1MCPUFP__CPUFP500K_0404__00029__9e6y__s917__cluster_1_model_1.pdb	87750f81603eca35a294bcfe6d2ab720583bc9baeaa6c95f4aebd203b0a592ea	NTT	84	129		19.572858	POTENTIAL_GLYCAN_ANCHOR_NEARBY_10_TO_20A	NOT_RESOLVED_ISOLATED_DOMAIN_PVRIG_41_TO_152	N-X-S/T sequon-anchor geometry only; no glycan conformer, membrane, VHH-hFc, cell-surface accessibility, affinity, or blocking prediction.
P1MCPUFP__CPUFP500K_0404__00029	14		9e6y	1931	/data/qlyu/projects/pvrig_top7500_dualpanel_screen_v1_20260724/run/common4_rerank_v2_20260725/final50_structure_bundle_v1_20260725/docking/representative_complexes/R14__P1MCPUFP__CPUFP500K_0404__00029__9e6y__s1931__cluster_1_model_1.pdb	5e147c5ed0eb9df8c27a30e2e4f1e268956e6d073af563bdecd9eb37a1db638f	NTT	84	129		19.078443	POTENTIAL_GLYCAN_ANCHOR_NEARBY_10_TO_20A	NOT_RESOLVED_ISOLATED_DOMAIN_PVRIG_41_TO_152	N-X-S/T sequon-anchor geometry only; no glycan conformer, membrane, VHH-hFc, cell-surface accessibility, affinity, or blocking prediction.
P1MCPUFP__CPUFP500K_0404__00029	14		9e6y	3047	/data/qlyu/projects/pvrig_top7500_dualpanel_screen_v1_20260724/run/common4_rerank_v2_20260725/final50_structure_bundle_v1_20260725/docking/representative_complexes/R14__P1MCPUFP__CPUFP500K_0404__00029__9e6y__s3047__cluster_1_model_1.pdb	3e740f09d8aad3fb2453b8dde36c70ba344725ec6972fdc4d2f339b02b2ece79	NTT	84	129		15.623176	POTENTIAL_GLYCAN_ANCHOR_NEARBY_10_TO_20A	NOT_RESOLVED_ISOLATED_DOMAIN_PVRIG_41_TO_152	N-X-S/T sequon-anchor geometry only; no glycan conformer, membrane, VHH-hFc, cell-surface accessibility, affinity, or blocking prediction.
P1MCPUFP__CPUFP500K_0188__00549	15		8x6b	42	/data/qlyu/projects/pvrig_top7500_dualpanel_screen_v1_20260724/run/common4_rerank_v2_20260725/final50_structure_bundle_v1_20260725/docking/representative_complexes/R15__P1MCPUFP__CPUFP500K_0188__00549__8x6b__s42__cluster_1_model_1.pdb	87cf97aba067a5ca45c6f784807a982161165578f263105e5ce10709295f838d	NTT	80	129		17.463761	POTENTIAL_GLYCAN_ANCHOR_NEARBY_10_TO_20A	NOT_RESOLVED_ISOLATED_DOMAIN_PVRIG_41_TO_152	N-X-S/T sequon-anchor geometry only; no glycan conformer, membrane, VHH-hFc, cell-surface accessibility, affinity, or blocking prediction.
P1MCPUFP__CPUFP500K_0188__00549	15		8x6b	917	/data/qlyu/projects/pvrig_top7500_dualpanel_screen_v1_20260724/run/common4_rerank_v2_20260725/final50_structure_bundle_v1_20260725/docking/representative_complexes/R15__P1MCPUFP__CPUFP500K_0188__00549__8x6b__s917__cluster_1_model_1.pdb	d19580c2d5bde9e95ce2e602e1c24862592509b48bfb8694e6ea19435883f996	NTT	80	129		16.585111	POTENTIAL_GLYCAN_ANCHOR_NEARBY_10_TO_20A	NOT_RESOLVED_ISOLATED_DOMAIN_PVRIG_41_TO_152	N-X-S/T sequon-anchor geometry only; no glycan conformer, membrane, VHH-hFc, cell-surface accessibility, affinity, or blocking prediction.
P1MCPUFP__CPUFP500K_0188__00549	15		8x6b	1931	/data/qlyu/projects/pvrig_top7500_dualpanel_screen_v1_20260724/run/common4_rerank_v2_20260725/final50_structure_bundle_v1_20260725/docking/representative_complexes/R15__P1MCPUFP__CPUFP500K_0188__00549__8x6b__s1931__cluster_1_model_1.pdb	5771a4aafa31742fff2a4ce403bbc924b342b3d92ff785f36fd1cccf0edcbd21	NTT	80	129		17.068299	POTENTIAL_GLYCAN_ANCHOR_NEARBY_10_TO_20A	NOT_RESOLVED_ISOLATED_DOMAIN_PVRIG_41_TO_152	N-X-S/T sequon-anchor geometry only; no glycan conformer, membrane, VHH-hFc, cell-surface accessibility, affinity, or blocking prediction.
P1MCPUFP__CPUFP500K_0188__00549	15		8x6b	3047	/data/qlyu/projects/pvrig_top7500_dualpanel_screen_v1_20260724/run/common4_rerank_v2_20260725/final50_structure_bundle_v1_20260725/docking/representative_complexes/R15__P1MCPUFP__CPUFP500K_0188__00549__8x6b__s3047__cluster_1_model_1.pdb	80637ab905360e6f0bc318a9a0a4834e31fc13c8e5f670f5d9044c8d25dab57f	NTT	80	129		16.901345	POTENTIAL_GLYCAN_ANCHOR_NEARBY_10_TO_20A	NOT_RESOLVED_ISOLATED_DOMAIN_PVRIG_41_TO_152	N-X-S/T sequon-anchor geometry only; no glycan conformer, membrane, VHH-hFc, cell-surface accessibility, affinity, or blocking prediction.
P1MCPUFP__CPUFP500K_0188__00549	15		9e6y	42	/data/qlyu/projects/pvrig_top7500_dualpanel_screen_v1_20260724/run/common4_rerank_v2_20260725/final50_structure_bundle_v1_20260725/docking/representative_complexes/R15__P1MCPUFP__CPUFP500K_0188__00549__9e6y__s42__cluster_1_model_1.pdb	f01dfb659ce0896b41a588d6161a10b92502f9777a248f6968c8e096953c8114	NTT	84	129		17.203217	POTENTIAL_GLYCAN_ANCHOR_NEARBY_10_TO_20A	NOT_RESOLVED_ISOLATED_DOMAIN_PVRIG_41_TO_152	N-X-S/T sequon-anchor geometry only; no glycan conformer, membrane, VHH-hFc, cell-surface accessibility, affinity, or blocking prediction.
P1MCPUFP__CPUFP500K_0188__00549	15		9e6y	917	/data/qlyu/projects/pvrig_top7500_dualpanel_screen_v1_20260724/run/common4_rerank_v2_20260725/final50_structure_bundle_v1_20260725/docking/representative_complexes/R15__P1MCPUFP__CPUFP500K_0188__00549__9e6y__s917__cluster_1_model_1.pdb	3afb380012addae5df07fd9071f344cb6514ee6a37e2e8ea486f96521700b656	NTT	84	129		17.732971	POTENTIAL_GLYCAN_ANCHOR_NEARBY_10_TO_20A	NOT_RESOLVED_ISOLATED_DOMAIN_PVRIG_41_TO_152	N-X-S/T sequon-anchor geometry only; no glycan conformer, membrane, VHH-hFc, cell-surface accessibility, affinity, or blocking prediction.
P1MCPUFP__CPUFP500K_0188__00549	15		9e6y	1931	/data/qlyu/projects/pvrig_top7500_dualpanel_screen_v1_20260724/run/common4_rerank_v2_20260725/final50_structure_bundle_v1_20260725/docking/representative_complexes/R15__P1MCPUFP__CPUFP500K_0188__00549__9e6y__s1931__cluster_1_model_1.pdb	fa4b74b4599cc6f004f0f0efc3f2e9db46e51ce2ae739243c1a8d6720df1002b	NTT	84	129		17.851804	POTENTIAL_GLYCAN_ANCHOR_NEARBY_10_TO_20A	NOT_RESOLVED_ISOLATED_DOMAIN_PVRIG_41_TO_152	N-X-S/T sequon-anchor geometry only; no glycan conformer, membrane, VHH-hFc, cell-surface accessibility, affinity, or blocking prediction.
P1MCPUFP__CPUFP500K_0188__00549	15		9e6y	3047	/data/qlyu/projects/pvrig_top7500_dualpanel_screen_v1_20260724/run/common4_rerank_v2_20260725/final50_structure_bundle_v1_20260725/docking/representative_complexes/R15__P1MCPUFP__CPUFP500K_0188__00549__9e6y__s3047__cluster_1_model_1.pdb	e2551bca299d0085a1954641eac78f059ae905ebd242d996434c65be3afe738c	NTT	84	129		17.971703	POTENTIAL_GLYCAN_ANCHOR_NEARBY_10_TO_20A	NOT_RESOLVED_ISOLATED_DOMAIN_PVRIG_41_TO_152	N-X-S/T sequon-anchor geometry only; no glycan conformer, membrane, VHH-hFc, cell-surface accessibility, affinity, or blocking prediction.
P1MCPUFP__CPUFP500K_0100__00383	16		8x6b	42	/data/qlyu/projects/pvrig_top7500_dualpanel_screen_v1_20260724/run/common4_rerank_v2_20260725/final50_structure_bundle_v1_20260725/docking/representative_complexes/R16__P1MCPUFP__CPUFP500K_0100__00383__8x6b__s42__cluster_1_model_1.pdb	fac0c0b1915380d482c8d9890e95b476bb0d657972f88140dc3ae1f0f7aea2f4	NTT	80	129		17.500121	POTENTIAL_GLYCAN_ANCHOR_NEARBY_10_TO_20A	NOT_RESOLVED_ISOLATED_DOMAIN_PVRIG_41_TO_152	N-X-S/T sequon-anchor geometry only; no glycan conformer, membrane, VHH-hFc, cell-surface accessibility, affinity, or blocking prediction.
P1MCPUFP__CPUFP500K_0100__00383	16		8x6b	917	/data/qlyu/projects/pvrig_top7500_dualpanel_screen_v1_20260724/run/common4_rerank_v2_20260725/final50_structure_bundle_v1_20260725/docking/representative_complexes/R16__P1MCPUFP__CPUFP500K_0100__00383__8x6b__s917__cluster_1_model_1.pdb	fed3cdfc897b2d3db96efb9fccf5d81274c731dea5d1194a8882d2895d8a4e47	NTT	80	129		17.52692	POTENTIAL_GLYCAN_ANCHOR_NEARBY_10_TO_20A	NOT_RESOLVED_ISOLATED_DOMAIN_PVRIG_41_TO_152	N-X-S/T sequon-anchor geometry only; no glycan conformer, membrane, VHH-hFc, cell-surface accessibility, affinity, or blocking prediction.
P1MCPUFP__CPUFP500K_0100__00383	16		8x6b	1931	/data/qlyu/projects/pvrig_top7500_dualpanel_screen_v1_20260724/run/common4_rerank_v2_20260725/final50_structure_bundle_v1_20260725/docking/representative_complexes/R16__P1MCPUFP__CPUFP500K_0100__00383__8x6b__s1931__cluster_1_model_1.pdb	5059211a2f6526f0852781bddb9f3cd6b8f25dd4cbce7a19a9ba2f84d1731f5a	NTT	80	129		18.807007	POTENTIAL_GLYCAN_ANCHOR_NEARBY_10_TO_20A	NOT_RESOLVED_ISOLATED_DOMAIN_PVRIG_41_TO_152	N-X-S/T sequon-anchor geometry only; no glycan conformer, membrane, VHH-hFc, cell-surface accessibility, affinity, or blocking prediction.
P1MCPUFP__CPUFP500K_0100__00383	16		8x6b	3047	/data/qlyu/projects/pvrig_top7500_dualpanel_screen_v1_20260724/run/common4_rerank_v2_20260725/final50_structure_bundle_v1_20260725/docking/representative_complexes/R16__P1MCPUFP__CPUFP500K_0100__00383__8x6b__s3047__cluster_1_model_1.pdb	bd4bc138b6fa084c3d15d8c2011131d74f7aed992b8f420c0e720fc2aad074a7	NTT	80	129		16.778703	POTENTIAL_GLYCAN_ANCHOR_NEARBY_10_TO_20A	NOT_RESOLVED_ISOLATED_DOMAIN_PVRIG_41_TO_152	N-X-S/T sequon-anchor geometry only; no glycan conformer, membrane, VHH-hFc, cell-surface accessibility, affinity, or blocking prediction.
P1MCPUFP__CPUFP500K_0100__00383	16		9e6y	42	/data/qlyu/projects/pvrig_top7500_dualpanel_screen_v1_20260724/run/common4_rerank_v2_20260725/final50_structure_bundle_v1_20260725/docking/representative_complexes/R16__P1MCPUFP__CPUFP500K_0100__00383__9e6y__s42__cluster_1_model_1.pdb	f6fd865782d6cafcfdca006147e6570840a0648cc6ec0e8a37fe5caaf00ccdfe	NTT	84	129		17.369294	POTENTIAL_GLYCAN_ANCHOR_NEARBY_10_TO_20A	NOT_RESOLVED_ISOLATED_DOMAIN_PVRIG_41_TO_152	N-X-S/T sequon-anchor geometry only; no glycan conformer, membrane, VHH-hFc, cell-surface accessibility, affinity, or blocking prediction.
P1MCPUFP__CPUFP500K_0100__00383	16		9e6y	917	/data/qlyu/projects/pvrig_top7500_dualpanel_screen_v1_20260724/run/common4_rerank_v2_20260725/final50_structure_bundle_v1_20260725/docking/representative_complexes/R16__P1MCPUFP__CPUFP500K_0100__00383__9e6y__s917__cluster_1_model_1.pdb	aa68a54cf2345a6908853df4bc3b5e8ceda3b5f23de0604d46f0497b0b0e155f	NTT	84	129		16.321368	POTENTIAL_GLYCAN_ANCHOR_NEARBY_10_TO_20A	NOT_RESOLVED_ISOLATED_DOMAIN_PVRIG_41_TO_152	N-X-S/T sequon-anchor geometry only; no glycan conformer, membrane, VHH-hFc, cell-surface accessibility, affinity, or blocking prediction.
P1MCPUFP__CPUFP500K_0100__00383	16		9e6y	1931	/data/qlyu/projects/pvrig_top7500_dualpanel_screen_v1_20260724/run/common4_rerank_v2_20260725/final50_structure_bundle_v1_20260725/docking/representative_complexes/R16__P1MCPUFP__CPUFP500K_0100__00383__9e6y__s1931__cluster_1_model_1.pdb	0620d7a632cef90bdacd7fb5e8100b43e87f7f92b2225a8ec825bcfde4f0ca47	NTT	84	129		17.897722	POTENTIAL_GLYCAN_ANCHOR_NEARBY_10_TO_20A	NOT_RESOLVED_ISOLATED_DOMAIN_PVRIG_41_TO_152	N-X-S/T sequon-anchor geometry only; no glycan conformer, membrane, VHH-hFc, cell-surface accessibility, affinity, or blocking prediction.
P1MCPUFP__CPUFP500K_0100__00383	16		9e6y	3047	/data/qlyu/projects/pvrig_top7500_dualpanel_screen_v1_20260724/run/common4_rerank_v2_20260725/final50_structure_bundle_v1_20260725/docking/representative_complexes/R16__P1MCPUFP__CPUFP500K_0100__00383__9e6y__s3047__cluster_1_model_1.pdb	aa844feeebf65e215f550cd8a91adf0fa98253b0075ae51f5c1d97a06aa208b3	NTT	84	129		16.166816	POTENTIAL_GLYCAN_ANCHOR_NEARBY_10_TO_20A	NOT_RESOLVED_ISOLATED_DOMAIN_PVRIG_41_TO_152	N-X-S/T sequon-anchor geometry only; no glycan conformer, membrane, VHH-hFc, cell-surface accessibility, affinity, or blocking prediction.
P1MCPUFP__CPUFP500K_0399__00131	17		8x6b	42	/data/qlyu/projects/pvrig_top7500_dualpanel_screen_v1_20260724/run/common4_rerank_v2_20260725/final50_structure_bundle_v1_20260725/docking/representative_complexes/R17__P1MCPUFP__CPUFP500K_0399__00131__8x6b__s42__cluster_1_model_1.pdb	97788ea99e8b9df4d6b476fa3a9dd64aa23b8d932901fc88b1dd5951b4b15849	NTT	80	129		17.880834	POTENTIAL_GLYCAN_ANCHOR_NEARBY_10_TO_20A	NOT_RESOLVED_ISOLATED_DOMAIN_PVRIG_41_TO_152	N-X-S/T sequon-anchor geometry only; no glycan conformer, membrane, VHH-hFc, cell-surface accessibility, affinity, or blocking prediction.
P1MCPUFP__CPUFP500K_0399__00131	17		8x6b	917	/data/qlyu/projects/pvrig_top7500_dualpanel_screen_v1_20260724/run/common4_rerank_v2_20260725/final50_structure_bundle_v1_20260725/docking/representative_complexes/R17__P1MCPUFP__CPUFP500K_0399__00131__8x6b__s917__cluster_1_model_1.pdb	702454c77ee1232298d9db89dc0f5824028658ece9ed1b32a5477f89c421f4f0	NTT	80	129		18.280262	POTENTIAL_GLYCAN_ANCHOR_NEARBY_10_TO_20A	NOT_RESOLVED_ISOLATED_DOMAIN_PVRIG_41_TO_152	N-X-S/T sequon-anchor geometry only; no glycan conformer, membrane, VHH-hFc, cell-surface accessibility, affinity, or blocking prediction.
P1MCPUFP__CPUFP500K_0399__00131	17		8x6b	1931	/data/qlyu/projects/pvrig_top7500_dualpanel_screen_v1_20260724/run/common4_rerank_v2_20260725/final50_structure_bundle_v1_20260725/docking/representative_complexes/R17__P1MCPUFP__CPUFP500K_0399__00131__8x6b__s1931__cluster_1_model_1.pdb	5bfa544cda710f6bc526cadda3f7addcbf8589036a3eedd195710f11f3c40e94	NTT	80	129		19.32419	POTENTIAL_GLYCAN_ANCHOR_NEARBY_10_TO_20A	NOT_RESOLVED_ISOLATED_DOMAIN_PVRIG_41_TO_152	N-X-S/T sequon-anchor geometry only; no glycan conformer, membrane, VHH-hFc, cell-surface accessibility, affinity, or blocking prediction.
P1MCPUFP__CPUFP500K_0399__00131	17		8x6b	3047	/data/qlyu/projects/pvrig_top7500_dualpanel_screen_v1_20260724/run/common4_rerank_v2_20260725/final50_structure_bundle_v1_20260725/docking/representative_complexes/R17__P1MCPUFP__CPUFP500K_0399__00131__8x6b__s3047__cluster_1_model_1.pdb	4b26ed23eff164888cae3e3f743e22ebfda848f9046c10ca376764d12d0d0338	NTT	80	129		18.853799	POTENTIAL_GLYCAN_ANCHOR_NEARBY_10_TO_20A	NOT_RESOLVED_ISOLATED_DOMAIN_PVRIG_41_TO_152	N-X-S/T sequon-anchor geometry only; no glycan conformer, membrane, VHH-hFc, cell-surface accessibility, affinity, or blocking prediction.
P1MCPUFP__CPUFP500K_0399__00131	17		9e6y	42	/data/qlyu/projects/pvrig_top7500_dualpanel_screen_v1_20260724/run/common4_rerank_v2_20260725/final50_structure_bundle_v1_20260725/docking/representative_complexes/R17__P1MCPUFP__CPUFP500K_0399__00131__9e6y__s42__cluster_1_model_1.pdb	844887582cc7db70b8402f17306d47251c69fb2cef92c4bce986a036c785ced8	NTT	84	129		18.495527	POTENTIAL_GLYCAN_ANCHOR_NEARBY_10_TO_20A	NOT_RESOLVED_ISOLATED_DOMAIN_PVRIG_41_TO_152	N-X-S/T sequon-anchor geometry only; no glycan conformer, membrane, VHH-hFc, cell-surface accessibility, affinity, or blocking prediction.
P1MCPUFP__CPUFP500K_0399__00131	17		9e6y	917	/data/qlyu/projects/pvrig_top7500_dualpanel_screen_v1_20260724/run/common4_rerank_v2_20260725/final50_structure_bundle_v1_20260725/docking/representative_complexes/R17__P1MCPUFP__CPUFP500K_0399__00131__9e6y__s917__cluster_1_model_1.pdb	d072837ffcd266ddc12f1e59c181be770670815b966ea41482758dc256a6769a	NTT	84	129		14.901613	POTENTIAL_GLYCAN_ANCHOR_NEARBY_10_TO_20A	NOT_RESOLVED_ISOLATED_DOMAIN_PVRIG_41_TO_152	N-X-S/T sequon-anchor geometry only; no glycan conformer, membrane, VHH-hFc, cell-surface accessibility, affinity, or blocking prediction.
P1MCPUFP__CPUFP500K_0399__00131	17		9e6y	1931	/data/qlyu/projects/pvrig_top7500_dualpanel_screen_v1_20260724/run/common4_rerank_v2_20260725/final50_structure_bundle_v1_20260725/docking/representative_complexes/R17__P1MCPUFP__CPUFP500K_0399__00131__9e6y__s1931__cluster_1_model_1.pdb	b311e5ca4e9e682ac977008760570bf58ed8279b76e44b2bd30c271b104d6e2f	NTT	84	129		19.371165	POTENTIAL_GLYCAN_ANCHOR_NEARBY_10_TO_20A	NOT_RESOLVED_ISOLATED_DOMAIN_PVRIG_41_TO_152	N-X-S/T sequon-anchor geometry only; no glycan conformer, membrane, VHH-hFc, cell-surface accessibility, affinity, or blocking prediction.
P1MCPUFP__CPUFP500K_0399__00131	17		9e6y	3047	/data/qlyu/projects/pvrig_top7500_dualpanel_screen_v1_20260724/run/common4_rerank_v2_20260725/final50_structure_bundle_v1_20260725/docking/representative_complexes/R17__P1MCPUFP__CPUFP500K_0399__00131__9e6y__s3047__cluster_1_model_1.pdb	310e84eb4390ff4b85f5a08ce1a994f4b25bf2ca51a6fc7bb88acd48fa2a05f4	NTT	84	129		18.49619	POTENTIAL_GLYCAN_ANCHOR_NEARBY_10_TO_20A	NOT_RESOLVED_ISOLATED_DOMAIN_PVRIG_41_TO_152	N-X-S/T sequon-anchor geometry only; no glycan conformer, membrane, VHH-hFc, cell-surface accessibility, affinity, or blocking prediction.
P1MCPUFP__CPUFP500K_0188__00481	18		8x6b	42	/data/qlyu/projects/pvrig_top7500_dualpanel_screen_v1_20260724/run/common4_rerank_v2_20260725/final50_structure_bundle_v1_20260725/docking/representative_complexes/R18__P1MCPUFP__CPUFP500K_0188__00481__8x6b__s42__cluster_1_model_1.pdb	450612f9671a76b1fa263106485b1b1e86e71c355dcfad56de323baebcbbdaac	NTT	80	129		17.5059	POTENTIAL_GLYCAN_ANCHOR_NEARBY_10_TO_20A	NOT_RESOLVED_ISOLATED_DOMAIN_PVRIG_41_TO_152	N-X-S/T sequon-anchor geometry only; no glycan conformer, membrane, VHH-hFc, cell-surface accessibility, affinity, or blocking prediction.
P1MCPUFP__CPUFP500K_0188__00481	18		8x6b	917	/data/qlyu/projects/pvrig_top7500_dualpanel_screen_v1_20260724/run/common4_rerank_v2_20260725/final50_structure_bundle_v1_20260725/docking/representative_complexes/R18__P1MCPUFP__CPUFP500K_0188__00481__8x6b__s917__cluster_1_model_1.pdb	9fbee259f4401d510fa99f981c2aac7ee7c4b298abd3ea6c19c396ef74bca193	NTT	80	129		17.15919	POTENTIAL_GLYCAN_ANCHOR_NEARBY_10_TO_20A	NOT_RESOLVED_ISOLATED_DOMAIN_PVRIG_41_TO_152	N-X-S/T sequon-anchor geometry only; no glycan conformer, membrane, VHH-hFc, cell-surface accessibility, affinity, or blocking prediction.
P1MCPUFP__CPUFP500K_0188__00481	18		8x6b	1931	/data/qlyu/projects/pvrig_top7500_dualpanel_screen_v1_20260724/run/common4_rerank_v2_20260725/final50_structure_bundle_v1_20260725/docking/representative_complexes/R18__P1MCPUFP__CPUFP500K_0188__00481__8x6b__s1931__cluster_1_model_1.pdb	1307c829b7b2df94c34e0f3136bf3788308ac6883bacb1eae647d92e68444df8	NTT	80	129		15.581202	POTENTIAL_GLYCAN_ANCHOR_NEARBY_10_TO_20A	NOT_RESOLVED_ISOLATED_DOMAIN_PVRIG_41_TO_152	N-X-S/T sequon-anchor geometry only; no glycan conformer, membrane, VHH-hFc, cell-surface accessibility, affinity, or blocking prediction.
P1MCPUFP__CPUFP500K_0188__00481	18		8x6b	3047	/data/qlyu/projects/pvrig_top7500_dualpanel_screen_v1_20260724/run/common4_rerank_v2_20260725/final50_structure_bundle_v1_20260725/docking/representative_complexes/R18__P1MCPUFP__CPUFP500K_0188__00481__8x6b__s3047__cluster_1_model_1.pdb	c6da70b3d45480798695bad88fc138d2920894b5db1f4ee5db1907bd4e0a696e	NTT	80	129		17.918846	POTENTIAL_GLYCAN_ANCHOR_NEARBY_10_TO_20A	NOT_RESOLVED_ISOLATED_DOMAIN_PVRIG_41_TO_152	N-X-S/T sequon-anchor geometry only; no glycan conformer, membrane, VHH-hFc, cell-surface accessibility, affinity, or blocking prediction.
P1MCPUFP__CPUFP500K_0188__00481	18		9e6y	42	/data/qlyu/projects/pvrig_top7500_dualpanel_screen_v1_20260724/run/common4_rerank_v2_20260725/final50_structure_bundle_v1_20260725/docking/representative_complexes/R18__P1MCPUFP__CPUFP500K_0188__00481__9e6y__s42__cluster_1_model_1.pdb	7bfae73ebb944ab80df7d3ff7a30a630714dbd5593adb56185a2f55b088e4c7a	NTT	84	129		17.910272	POTENTIAL_GLYCAN_ANCHOR_NEARBY_10_TO_20A	NOT_RESOLVED_ISOLATED_DOMAIN_PVRIG_41_TO_152	N-X-S/T sequon-anchor geometry only; no glycan conformer, membrane, VHH-hFc, cell-surface accessibility, affinity, or blocking prediction.
P1MCPUFP__CPUFP500K_0188__00481	18		9e6y	917	/data/qlyu/projects/pvrig_top7500_dualpanel_screen_v1_20260724/run/common4_rerank_v2_20260725/final50_structure_bundle_v1_20260725/docking/representative_complexes/R18__P1MCPUFP__CPUFP500K_0188__00481__9e6y__s917__cluster_1_model_1.pdb	0fe9bc1700986d28f044aee36caf2fb8a2c08c0611e364cf49c10e6c9c9d544e	NTT	84	129		17.238442	POTENTIAL_GLYCAN_ANCHOR_NEARBY_10_TO_20A	NOT_RESOLVED_ISOLATED_DOMAIN_PVRIG_41_TO_152	N-X-S/T sequon-anchor geometry only; no glycan conformer, membrane, VHH-hFc, cell-surface accessibility, affinity, or blocking prediction.
P1MCPUFP__CPUFP500K_0188__00481	18		9e6y	1931	/data/qlyu/projects/pvrig_top7500_dualpanel_screen_v1_20260724/run/common4_rerank_v2_20260725/final50_structure_bundle_v1_20260725/docking/representative_complexes/R18__P1MCPUFP__CPUFP500K_0188__00481__9e6y__s1931__cluster_1_model_1.pdb	40d50bb0af407fdf8e8a39032adf7e39aff4e64a113efa8bf1b6d1dcca7141a7	NTT	84	129		18.107911	POTENTIAL_GLYCAN_ANCHOR_NEARBY_10_TO_20A	NOT_RESOLVED_ISOLATED_DOMAIN_PVRIG_41_TO_152	N-X-S/T sequon-anchor geometry only; no glycan conformer, membrane, VHH-hFc, cell-surface accessibility, affinity, or blocking prediction.
P1MCPUFP__CPUFP500K_0188__00481	18		9e6y	3047	/data/qlyu/projects/pvrig_top7500_dualpanel_screen_v1_20260724/run/common4_rerank_v2_20260725/final50_structure_bundle_v1_20260725/docking/representative_complexes/R18__P1MCPUFP__CPUFP500K_0188__00481__9e6y__s3047__cluster_1_model_1.pdb	9cf74b733bc801c762d281229e3a45c65ce1ba5f6bbabde3005fa2961a4fa6e2	NTT	84	129		17.35582	POTENTIAL_GLYCAN_ANCHOR_NEARBY_10_TO_20A	NOT_RESOLVED_ISOLATED_DOMAIN_PVRIG_41_TO_152	N-X-S/T sequon-anchor geometry only; no glycan conformer, membrane, VHH-hFc, cell-surface accessibility, affinity, or blocking prediction.
P1MCPUFP__CPUFP500K_0404__00512	19		8x6b	42	/data/qlyu/projects/pvrig_top7500_dualpanel_screen_v1_20260724/run/common4_rerank_v2_20260725/final50_structure_bundle_v1_20260725/docking/representative_complexes/R19__P1MCPUFP__CPUFP500K_0404__00512__8x6b__s42__cluster_1_model_1.pdb	b914ae714508906f188a5a948b8f3df1044ea81e9bd73d39bb91b6c0c07448c3	NTT	80	129		17.839422	POTENTIAL_GLYCAN_ANCHOR_NEARBY_10_TO_20A	NOT_RESOLVED_ISOLATED_DOMAIN_PVRIG_41_TO_152	N-X-S/T sequon-anchor geometry only; no glycan conformer, membrane, VHH-hFc, cell-surface accessibility, affinity, or blocking prediction.
P1MCPUFP__CPUFP500K_0404__00512	19		8x6b	917	/data/qlyu/projects/pvrig_top7500_dualpanel_screen_v1_20260724/run/common4_rerank_v2_20260725/final50_structure_bundle_v1_20260725/docking/representative_complexes/R19__P1MCPUFP__CPUFP500K_0404__00512__8x6b__s917__cluster_1_model_1.pdb	3d90e1cf0d9868665674a237caddef50c8670cf82041ac2b642c5fe6bde3bd72	NTT	80	129		16.23267	POTENTIAL_GLYCAN_ANCHOR_NEARBY_10_TO_20A	NOT_RESOLVED_ISOLATED_DOMAIN_PVRIG_41_TO_152	N-X-S/T sequon-anchor geometry only; no glycan conformer, membrane, VHH-hFc, cell-surface accessibility, affinity, or blocking prediction.
P1MCPUFP__CPUFP500K_0404__00512	19		8x6b	1931	/data/qlyu/projects/pvrig_top7500_dualpanel_screen_v1_20260724/run/common4_rerank_v2_20260725/final50_structure_bundle_v1_20260725/docking/representative_complexes/R19__P1MCPUFP__CPUFP500K_0404__00512__8x6b__s1931__cluster_1_model_1.pdb	3aa40317d2d68316bfdb5ae1a2a5acede251caaa5207a57f5ae73d03d7d00197	NTT	80	129		18.526321	POTENTIAL_GLYCAN_ANCHOR_NEARBY_10_TO_20A	NOT_RESOLVED_ISOLATED_DOMAIN_PVRIG_41_TO_152	N-X-S/T sequon-anchor geometry only; no glycan conformer, membrane, VHH-hFc, cell-surface accessibility, affinity, or blocking prediction.
P1MCPUFP__CPUFP500K_0404__00512	19		8x6b	3047	/data/qlyu/projects/pvrig_top7500_dualpanel_screen_v1_20260724/run/common4_rerank_v2_20260725/final50_structure_bundle_v1_20260725/docking/representative_complexes/R19__P1MCPUFP__CPUFP500K_0404__00512__8x6b__s3047__cluster_1_model_1.pdb	ead800d57fca4f2614c72f4f4f06549460e7793d610158cb3e4ce8d2f1cd5529	NTT	80	129		15.830628	POTENTIAL_GLYCAN_ANCHOR_NEARBY_10_TO_20A	NOT_RESOLVED_ISOLATED_DOMAIN_PVRIG_41_TO_152	N-X-S/T sequon-anchor geometry only; no glycan conformer, membrane, VHH-hFc, cell-surface accessibility, affinity, or blocking prediction.
P1MCPUFP__CPUFP500K_0404__00512	19		9e6y	42	/data/qlyu/projects/pvrig_top7500_dualpanel_screen_v1_20260724/run/common4_rerank_v2_20260725/final50_structure_bundle_v1_20260725/docking/representative_complexes/R19__P1MCPUFP__CPUFP500K_0404__00512__9e6y__s42__cluster_1_model_1.pdb	0aa945a0fdaeaa6963dfe99559a108cb2f08cf27f1cd6faae88a292ea2a77917	NTT	84	129		19.975961	POTENTIAL_GLYCAN_ANCHOR_NEARBY_10_TO_20A	NOT_RESOLVED_ISOLATED_DOMAIN_PVRIG_41_TO_152	N-X-S/T sequon-anchor geometry only; no glycan conformer, membrane, VHH-hFc, cell-surface accessibility, affinity, or blocking prediction.
P1MCPUFP__CPUFP500K_0404__00512	19		9e6y	917	/data/qlyu/projects/pvrig_top7500_dualpanel_screen_v1_20260724/run/common4_rerank_v2_20260725/final50_structure_bundle_v1_20260725/docking/representative_complexes/R19__P1MCPUFP__CPUFP500K_0404__00512__9e6y__s917__cluster_1_model_1.pdb	2a124141ee91ce540398af57c54e8d2e9f52ad1bffba648fc96f11d3f45c8cd9	NTT	84	129		18.792037	POTENTIAL_GLYCAN_ANCHOR_NEARBY_10_TO_20A	NOT_RESOLVED_ISOLATED_DOMAIN_PVRIG_41_TO_152	N-X-S/T sequon-anchor geometry only; no glycan conformer, membrane, VHH-hFc, cell-surface accessibility, affinity, or blocking prediction.
P1MCPUFP__CPUFP500K_0404__00512	19		9e6y	1931	/data/qlyu/projects/pvrig_top7500_dualpanel_screen_v1_20260724/run/common4_rerank_v2_20260725/final50_structure_bundle_v1_20260725/docking/representative_complexes/R19__P1MCPUFP__CPUFP500K_0404__00512__9e6y__s1931__cluster_1_model_1.pdb	de200ff0788beb91f59cabf4fc206284b6a4befdecd1c2af2a0a0ab1bfa9b7ea	NTT	84	129		18.459159	POTENTIAL_GLYCAN_ANCHOR_NEARBY_10_TO_20A	NOT_RESOLVED_ISOLATED_DOMAIN_PVRIG_41_TO_152	N-X-S/T sequon-anchor geometry only; no glycan conformer, membrane, VHH-hFc, cell-surface accessibility, affinity, or blocking prediction.
P1MCPUFP__CPUFP500K_0404__00512	19		9e6y	3047	/data/qlyu/projects/pvrig_top7500_dualpanel_screen_v1_20260724/run/common4_rerank_v2_20260725/final50_structure_bundle_v1_20260725/docking/representative_complexes/R19__P1MCPUFP__CPUFP500K_0404__00512__9e6y__s3047__cluster_1_model_1.pdb	bc2e11c3fef420a607ef25598a2f077e5c4c99368d171c56af681b16c3fe2bcb	NTT	84	129		17.371859	POTENTIAL_GLYCAN_ANCHOR_NEARBY_10_TO_20A	NOT_RESOLVED_ISOLATED_DOMAIN_PVRIG_41_TO_152	N-X-S/T sequon-anchor geometry only; no glycan conformer, membrane, VHH-hFc, cell-surface accessibility, affinity, or blocking prediction.
P1MCPUFP__CPUFP500K_0484__00056	20		8x6b	42	/data/qlyu/projects/pvrig_top7500_dualpanel_screen_v1_20260724/run/common4_rerank_v2_20260725/final50_structure_bundle_v1_20260725/docking/representative_complexes/R20__P1MCPUFP__CPUFP500K_0484__00056__8x6b__s42__cluster_1_model_1.pdb	c70dd77db0772e6365ff2910c108e2bc54233c87567bd51b35329fa900bb7a3f	NTT	80	129		18.595895	POTENTIAL_GLYCAN_ANCHOR_NEARBY_10_TO_20A	NOT_RESOLVED_ISOLATED_DOMAIN_PVRIG_41_TO_152	N-X-S/T sequon-anchor geometry only; no glycan conformer, membrane, VHH-hFc, cell-surface accessibility, affinity, or blocking prediction.
P1MCPUFP__CPUFP500K_0484__00056	20		8x6b	917	/data/qlyu/projects/pvrig_top7500_dualpanel_screen_v1_20260724/run/common4_rerank_v2_20260725/final50_structure_bundle_v1_20260725/docking/representative_complexes/R20__P1MCPUFP__CPUFP500K_0484__00056__8x6b__s917__cluster_1_model_1.pdb	7efb384a64f56bd97da271754f90c63f7e4063f3f2358fee21c9e0e7134c6754	NTT	80	129		17.282333	POTENTIAL_GLYCAN_ANCHOR_NEARBY_10_TO_20A	NOT_RESOLVED_ISOLATED_DOMAIN_PVRIG_41_TO_152	N-X-S/T sequon-anchor geometry only; no glycan conformer, membrane, VHH-hFc, cell-surface accessibility, affinity, or blocking prediction.
P1MCPUFP__CPUFP500K_0484__00056	20		8x6b	1931	/data/qlyu/projects/pvrig_top7500_dualpanel_screen_v1_20260724/run/common4_rerank_v2_20260725/final50_structure_bundle_v1_20260725/docking/representative_complexes/R20__P1MCPUFP__CPUFP500K_0484__00056__8x6b__s1931__cluster_1_model_1.pdb	a66c5c326fd0961ca0fdbb6bada1b05a9d1b4e60e15440711d6c5adfaf418702	NTT	80	129		16.711985	POTENTIAL_GLYCAN_ANCHOR_NEARBY_10_TO_20A	NOT_RESOLVED_ISOLATED_DOMAIN_PVRIG_41_TO_152	N-X-S/T sequon-anchor geometry only; no glycan conformer, membrane, VHH-hFc, cell-surface accessibility, affinity, or blocking prediction.
P1MCPUFP__CPUFP500K_0484__00056	20		8x6b	3047	/data/qlyu/projects/pvrig_top7500_dualpanel_screen_v1_20260724/run/common4_rerank_v2_20260725/final50_structure_bundle_v1_20260725/docking/representative_complexes/R20__P1MCPUFP__CPUFP500K_0484__00056__8x6b__s3047__cluster_1_model_1.pdb	50d997b80cb4bcfa0b31861c3a67067cd3bb6864d57b8bee2a65b15affdbd44f	NTT	80	129		19.42546	POTENTIAL_GLYCAN_ANCHOR_NEARBY_10_TO_20A	NOT_RESOLVED_ISOLATED_DOMAIN_PVRIG_41_TO_152	N-X-S/T sequon-anchor geometry only; no glycan conformer, membrane, VHH-hFc, cell-surface accessibility, affinity, or blocking prediction.
P1MCPUFP__CPUFP500K_0484__00056	20		9e6y	42	/data/qlyu/projects/pvrig_top7500_dualpanel_screen_v1_20260724/run/common4_rerank_v2_20260725/final50_structure_bundle_v1_20260725/docking/representative_complexes/R20__P1MCPUFP__CPUFP500K_0484__00056__9e6y__s42__cluster_1_model_1.pdb	71b360e1d5b9dc78c44ae734bdc1e592f078e5d42be4abb0f37c7590ea1cb263	NTT	84	129		21.377789	GLYCAN_ANCHOR_CLEAR_GEOMETRIC_PROXY_GE20A	NOT_RESOLVED_ISOLATED_DOMAIN_PVRIG_41_TO_152	N-X-S/T sequon-anchor geometry only; no glycan conformer, membrane, VHH-hFc, cell-surface accessibility, affinity, or blocking prediction.
P1MCPUFP__CPUFP500K_0484__00056	20		9e6y	917	/data/qlyu/projects/pvrig_top7500_dualpanel_screen_v1_20260724/run/common4_rerank_v2_20260725/final50_structure_bundle_v1_20260725/docking/representative_complexes/R20__P1MCPUFP__CPUFP500K_0484__00056__9e6y__s917__cluster_1_model_1.pdb	b6a1ef4e0b83a9df6adb24cde4c418f4ba345dc91892177a16b58314fcd2be09	NTT	84	129		17.62889	POTENTIAL_GLYCAN_ANCHOR_NEARBY_10_TO_20A	NOT_RESOLVED_ISOLATED_DOMAIN_PVRIG_41_TO_152	N-X-S/T sequon-anchor geometry only; no glycan conformer, membrane, VHH-hFc, cell-surface accessibility, affinity, or blocking prediction.
P1MCPUFP__CPUFP500K_0484__00056	20		9e6y	1931	/data/qlyu/projects/pvrig_top7500_dualpanel_screen_v1_20260724/run/common4_rerank_v2_20260725/final50_structure_bundle_v1_20260725/docking/representative_complexes/R20__P1MCPUFP__CPUFP500K_0484__00056__9e6y__s1931__cluster_1_model_1.pdb	f231520fc57a79294be0b5ebd96ab6110b96bfb2e77775a4a7212caec4788bdd	NTT	84	129		16.251595	POTENTIAL_GLYCAN_ANCHOR_NEARBY_10_TO_20A	NOT_RESOLVED_ISOLATED_DOMAIN_PVRIG_41_TO_152	N-X-S/T sequon-anchor geometry only; no glycan conformer, membrane, VHH-hFc, cell-surface accessibility, affinity, or blocking prediction.
P1MCPUFP__CPUFP500K_0484__00056	20		9e6y	3047	/data/qlyu/projects/pvrig_top7500_dualpanel_screen_v1_20260724/run/common4_rerank_v2_20260725/final50_structure_bundle_v1_20260725/docking/representative_complexes/R20__P1MCPUFP__CPUFP500K_0484__00056__9e6y__s3047__cluster_1_model_1.pdb	87fad6a8ebc90a7d0631b8bb208f72b62bce96e8911801d3fba9f83410579aa0	NTT	84	129		15.750179	POTENTIAL_GLYCAN_ANCHOR_NEARBY_10_TO_20A	NOT_RESOLVED_ISOLATED_DOMAIN_PVRIG_41_TO_152	N-X-S/T sequon-anchor geometry only; no glycan conformer, membrane, VHH-hFc, cell-surface accessibility, affinity, or blocking prediction.
P1MCPUFP__CPUFP500K_0091__00550	21		8x6b	42	/data/qlyu/projects/pvrig_top7500_dualpanel_screen_v1_20260724/run/common4_rerank_v2_20260725/final50_structure_bundle_v1_20260725/docking/representative_complexes/R21__P1MCPUFP__CPUFP500K_0091__00550__8x6b__s42__cluster_1_model_1.pdb	d9ea9961ffa88c40d89b9d051542c3986c65c802b19fe84fd0406db9ffb50004	NTT	80	129		19.023563	POTENTIAL_GLYCAN_ANCHOR_NEARBY_10_TO_20A	NOT_RESOLVED_ISOLATED_DOMAIN_PVRIG_41_TO_152	N-X-S/T sequon-anchor geometry only; no glycan conformer, membrane, VHH-hFc, cell-surface accessibility, affinity, or blocking prediction.
P1MCPUFP__CPUFP500K_0091__00550	21		8x6b	917	/data/qlyu/projects/pvrig_top7500_dualpanel_screen_v1_20260724/run/common4_rerank_v2_20260725/final50_structure_bundle_v1_20260725/docking/representative_complexes/R21__P1MCPUFP__CPUFP500K_0091__00550__8x6b__s917__cluster_1_model_1.pdb	145c355dc7d1cfdbc434d0d0abac4a8854794eda798dfd215b29359ab223f6f1	NTT	80	129		19.815745	POTENTIAL_GLYCAN_ANCHOR_NEARBY_10_TO_20A	NOT_RESOLVED_ISOLATED_DOMAIN_PVRIG_41_TO_152	N-X-S/T sequon-anchor geometry only; no glycan conformer, membrane, VHH-hFc, cell-surface accessibility, affinity, or blocking prediction.
P1MCPUFP__CPUFP500K_0091__00550	21		8x6b	1931	/data/qlyu/projects/pvrig_top7500_dualpanel_screen_v1_20260724/run/common4_rerank_v2_20260725/final50_structure_bundle_v1_20260725/docking/representative_complexes/R21__P1MCPUFP__CPUFP500K_0091__00550__8x6b__s1931__cluster_1_model_1.pdb	6289a6c9f05944370bf963ca8b86d8d4a50fcb4beaa9b31bee98e4a025945a5f	NTT	80	129		19.316967	POTENTIAL_GLYCAN_ANCHOR_NEARBY_10_TO_20A	NOT_RESOLVED_ISOLATED_DOMAIN_PVRIG_41_TO_152	N-X-S/T sequon-anchor geometry only; no glycan conformer, membrane, VHH-hFc, cell-surface accessibility, affinity, or blocking prediction.
P1MCPUFP__CPUFP500K_0091__00550	21		8x6b	3047	/data/qlyu/projects/pvrig_top7500_dualpanel_screen_v1_20260724/run/common4_rerank_v2_20260725/final50_structure_bundle_v1_20260725/docking/representative_complexes/R21__P1MCPUFP__CPUFP500K_0091__00550__8x6b__s3047__cluster_1_model_1.pdb	f2bfdb6436ca19fce0639284e685b17fdddc372991a7c6a1e542a45ba984448f	NTT	80	129		19.690759	POTENTIAL_GLYCAN_ANCHOR_NEARBY_10_TO_20A	NOT_RESOLVED_ISOLATED_DOMAIN_PVRIG_41_TO_152	N-X-S/T sequon-anchor geometry only; no glycan conformer, membrane, VHH-hFc, cell-surface accessibility, affinity, or blocking prediction.
P1MCPUFP__CPUFP500K_0091__00550	21		9e6y	42	/data/qlyu/projects/pvrig_top7500_dualpanel_screen_v1_20260724/run/common4_rerank_v2_20260725/final50_structure_bundle_v1_20260725/docking/representative_complexes/R21__P1MCPUFP__CPUFP500K_0091__00550__9e6y__s42__cluster_1_model_1.pdb	f34540674872b03f6c621dd8604b1fd21f7b458abfe02706136bf88ac004d0bf	NTT	84	129		18.961854	POTENTIAL_GLYCAN_ANCHOR_NEARBY_10_TO_20A	NOT_RESOLVED_ISOLATED_DOMAIN_PVRIG_41_TO_152	N-X-S/T sequon-anchor geometry only; no glycan conformer, membrane, VHH-hFc, cell-surface accessibility, affinity, or blocking prediction.
P1MCPUFP__CPUFP500K_0091__00550	21		9e6y	917	/data/qlyu/projects/pvrig_top7500_dualpanel_screen_v1_20260724/run/common4_rerank_v2_20260725/final50_structure_bundle_v1_20260725/docking/representative_complexes/R21__P1MCPUFP__CPUFP500K_0091__00550__9e6y__s917__cluster_1_model_1.pdb	cebd88ef32f12573d4038a20f5768fb514e38ea8371469d55574cc45c4b68d7f	NTT	84	129		19.44165	POTENTIAL_GLYCAN_ANCHOR_NEARBY_10_TO_20A	NOT_RESOLVED_ISOLATED_DOMAIN_PVRIG_41_TO_152	N-X-S/T sequon-anchor geometry only; no glycan conformer, membrane, VHH-hFc, cell-surface accessibility, affinity, or blocking prediction.
P1MCPUFP__CPUFP500K_0091__00550	21		9e6y	1931	/data/qlyu/projects/pvrig_top7500_dualpanel_screen_v1_20260724/run/common4_rerank_v2_20260725/final50_structure_bundle_v1_20260725/docking/representative_complexes/R21__P1MCPUFP__CPUFP500K_0091__00550__9e6y__s1931__cluster_1_model_1.pdb	842707be522b1083eed3a7afbd0fdbfec711e4304fd7c0422b205662fe58fb59	NTT	84	129		17.9451	POTENTIAL_GLYCAN_ANCHOR_NEARBY_10_TO_20A	NOT_RESOLVED_ISOLATED_DOMAIN_PVRIG_41_TO_152	N-X-S/T sequon-anchor geometry only; no glycan conformer, membrane, VHH-hFc, cell-surface accessibility, affinity, or blocking prediction.
P1MCPUFP__CPUFP500K_0091__00550	21		9e6y	3047	/data/qlyu/projects/pvrig_top7500_dualpanel_screen_v1_20260724/run/common4_rerank_v2_20260725/final50_structure_bundle_v1_20260725/docking/representative_complexes/R21__P1MCPUFP__CPUFP500K_0091__00550__9e6y__s3047__cluster_1_model_1.pdb	b18a5f75d41acbd2d164d4866ffade41494bdb11059bbd42d493948e4de353e1	NTT	84	129		18.127895	POTENTIAL_GLYCAN_ANCHOR_NEARBY_10_TO_20A	NOT_RESOLVED_ISOLATED_DOMAIN_PVRIG_41_TO_152	N-X-S/T sequon-anchor geometry only; no glycan conformer, membrane, VHH-hFc, cell-surface accessibility, affinity, or blocking prediction.
P1MCPUFP__CPUFP500K_0188__00189	22		8x6b	42	/data/qlyu/projects/pvrig_top7500_dualpanel_screen_v1_20260724/run/common4_rerank_v2_20260725/final50_structure_bundle_v1_20260725/docking/representative_complexes/R22__P1MCPUFP__CPUFP500K_0188__00189__8x6b__s42__cluster_1_model_1.pdb	d0517b95149df18d77aeecc094eac24a77aae8d6032c600de7ab6b13b089d6cb	NTT	80	129		15.959686	POTENTIAL_GLYCAN_ANCHOR_NEARBY_10_TO_20A	NOT_RESOLVED_ISOLATED_DOMAIN_PVRIG_41_TO_152	N-X-S/T sequon-anchor geometry only; no glycan conformer, membrane, VHH-hFc, cell-surface accessibility, affinity, or blocking prediction.
P1MCPUFP__CPUFP500K_0188__00189	22		8x6b	917	/data/qlyu/projects/pvrig_top7500_dualpanel_screen_v1_20260724/run/common4_rerank_v2_20260725/final50_structure_bundle_v1_20260725/docking/representative_complexes/R22__P1MCPUFP__CPUFP500K_0188__00189__8x6b__s917__cluster_1_model_1.pdb	bf8c649cd84bdf8400b26c74a70fba44c36dbfc09342becacb3ba393f3b28fef	NTT	80	129		19.196399	POTENTIAL_GLYCAN_ANCHOR_NEARBY_10_TO_20A	NOT_RESOLVED_ISOLATED_DOMAIN_PVRIG_41_TO_152	N-X-S/T sequon-anchor geometry only; no glycan conformer, membrane, VHH-hFc, cell-surface accessibility, affinity, or blocking prediction.
P1MCPUFP__CPUFP500K_0188__00189	22		8x6b	1931	/data/qlyu/projects/pvrig_top7500_dualpanel_screen_v1_20260724/run/common4_rerank_v2_20260725/final50_structure_bundle_v1_20260725/docking/representative_complexes/R22__P1MCPUFP__CPUFP500K_0188__00189__8x6b__s1931__cluster_1_model_1.pdb	6e402edbc42fcffcac23424f4d4b0ed411d661b6c812ae758b30318f1092e61d	NTT	80	129		19.32463	POTENTIAL_GLYCAN_ANCHOR_NEARBY_10_TO_20A	NOT_RESOLVED_ISOLATED_DOMAIN_PVRIG_41_TO_152	N-X-S/T sequon-anchor geometry only; no glycan conformer, membrane, VHH-hFc, cell-surface accessibility, affinity, or blocking prediction.
P1MCPUFP__CPUFP500K_0188__00189	22		8x6b	3047	/data/qlyu/projects/pvrig_top7500_dualpanel_screen_v1_20260724/run/common4_rerank_v2_20260725/final50_structure_bundle_v1_20260725/docking/representative_complexes/R22__P1MCPUFP__CPUFP500K_0188__00189__8x6b__s3047__cluster_1_model_1.pdb	88ee85550a2e2feb7ee7a9f332b63494c1dc559e75fc0b7f9f9f4bbe23aa728e	NTT	80	129		15.242763	POTENTIAL_GLYCAN_ANCHOR_NEARBY_10_TO_20A	NOT_RESOLVED_ISOLATED_DOMAIN_PVRIG_41_TO_152	N-X-S/T sequon-anchor geometry only; no glycan conformer, membrane, VHH-hFc, cell-surface accessibility, affinity, or blocking prediction.
P1MCPUFP__CPUFP500K_0188__00189	22		9e6y	42	/data/qlyu/projects/pvrig_top7500_dualpanel_screen_v1_20260724/run/common4_rerank_v2_20260725/final50_structure_bundle_v1_20260725/docking/representative_complexes/R22__P1MCPUFP__CPUFP500K_0188__00189__9e6y__s42__cluster_1_model_1.pdb	ff12226927d475c9fc44df588afeef809ac42140ae5e19bbc3d674a80ebcbcb7	NTT	84	129		16.174818	POTENTIAL_GLYCAN_ANCHOR_NEARBY_10_TO_20A	NOT_RESOLVED_ISOLATED_DOMAIN_PVRIG_41_TO_152	N-X-S/T sequon-anchor geometry only; no glycan conformer, membrane, VHH-hFc, cell-surface accessibility, affinity, or blocking prediction.
P1MCPUFP__CPUFP500K_0188__00189	22		9e6y	917	/data/qlyu/projects/pvrig_top7500_dualpanel_screen_v1_20260724/run/common4_rerank_v2_20260725/final50_structure_bundle_v1_20260725/docking/representative_complexes/R22__P1MCPUFP__CPUFP500K_0188__00189__9e6y__s917__cluster_1_model_1.pdb	fdaad682584204b6da4cf592308e0dcdf7d3e77a537bf51b9ad7a53cbc13cb19	NTT	84	129		15.445757	POTENTIAL_GLYCAN_ANCHOR_NEARBY_10_TO_20A	NOT_RESOLVED_ISOLATED_DOMAIN_PVRIG_41_TO_152	N-X-S/T sequon-anchor geometry only; no glycan conformer, membrane, VHH-hFc, cell-surface accessibility, affinity, or blocking prediction.
P1MCPUFP__CPUFP500K_0188__00189	22		9e6y	1931	/data/qlyu/projects/pvrig_top7500_dualpanel_screen_v1_20260724/run/common4_rerank_v2_20260725/final50_structure_bundle_v1_20260725/docking/representative_complexes/R22__P1MCPUFP__CPUFP500K_0188__00189__9e6y__s1931__cluster_1_model_1.pdb	a333a2bbbbd516cbbb04cc3b19ecca75f49b4b3054ae3bbe18e6ef4eb0f4d217	NTT	84	129		16.696366	POTENTIAL_GLYCAN_ANCHOR_NEARBY_10_TO_20A	NOT_RESOLVED_ISOLATED_DOMAIN_PVRIG_41_TO_152	N-X-S/T sequon-anchor geometry only; no glycan conformer, membrane, VHH-hFc, cell-surface accessibility, affinity, or blocking prediction.
P1MCPUFP__CPUFP500K_0188__00189	22		9e6y	3047	/data/qlyu/projects/pvrig_top7500_dualpanel_screen_v1_20260724/run/common4_rerank_v2_20260725/final50_structure_bundle_v1_20260725/docking/representative_complexes/R22__P1MCPUFP__CPUFP500K_0188__00189__9e6y__s3047__cluster_1_model_1.pdb	8d7e33d6dfcf606d482a56b0a0df400f2c70f17b5e3f3777691a4e5123421634	NTT	84	129		19.970578	POTENTIAL_GLYCAN_ANCHOR_NEARBY_10_TO_20A	NOT_RESOLVED_ISOLATED_DOMAIN_PVRIG_41_TO_152	N-X-S/T sequon-anchor geometry only; no glycan conformer, membrane, VHH-hFc, cell-surface accessibility, affinity, or blocking prediction.
P1MCPUFP__CPUFP500K_0207__00174	23		8x6b	42	/data/qlyu/projects/pvrig_top7500_dualpanel_screen_v1_20260724/run/common4_rerank_v2_20260725/final50_structure_bundle_v1_20260725/docking/representative_complexes/R23__P1MCPUFP__CPUFP500K_0207__00174__8x6b__s42__cluster_1_model_1.pdb	71cddbc464662db2c21921c55f7d5cd4cceac49f4531e48cb41c971cd1c670fa	NTT	80	129		16.673002	POTENTIAL_GLYCAN_ANCHOR_NEARBY_10_TO_20A	NOT_RESOLVED_ISOLATED_DOMAIN_PVRIG_41_TO_152	N-X-S/T sequon-anchor geometry only; no glycan conformer, membrane, VHH-hFc, cell-surface accessibility, affinity, or blocking prediction.
P1MCPUFP__CPUFP500K_0207__00174	23		8x6b	917	/data/qlyu/projects/pvrig_top7500_dualpanel_screen_v1_20260724/run/common4_rerank_v2_20260725/final50_structure_bundle_v1_20260725/docking/representative_complexes/R23__P1MCPUFP__CPUFP500K_0207__00174__8x6b__s917__cluster_1_model_1.pdb	22522275c7b847a979c578ccbd5953fe1bf0d72ea9e33f334198ddf41698cada	NTT	80	129		17.125677	POTENTIAL_GLYCAN_ANCHOR_NEARBY_10_TO_20A	NOT_RESOLVED_ISOLATED_DOMAIN_PVRIG_41_TO_152	N-X-S/T sequon-anchor geometry only; no glycan conformer, membrane, VHH-hFc, cell-surface accessibility, affinity, or blocking prediction.
P1MCPUFP__CPUFP500K_0207__00174	23		8x6b	1931	/data/qlyu/projects/pvrig_top7500_dualpanel_screen_v1_20260724/run/common4_rerank_v2_20260725/final50_structure_bundle_v1_20260725/docking/representative_complexes/R23__P1MCPUFP__CPUFP500K_0207__00174__8x6b__s1931__cluster_1_model_1.pdb	00b73b8fc4b8b9c78630ac0bcb9f5acfe6143a1205b72fb8bc5e5aa43b916ec2	NTT	80	129		16.699954	POTENTIAL_GLYCAN_ANCHOR_NEARBY_10_TO_20A	NOT_RESOLVED_ISOLATED_DOMAIN_PVRIG_41_TO_152	N-X-S/T sequon-anchor geometry only; no glycan conformer, membrane, VHH-hFc, cell-surface accessibility, affinity, or blocking prediction.
P1MCPUFP__CPUFP500K_0207__00174	23		8x6b	3047	/data/qlyu/projects/pvrig_top7500_dualpanel_screen_v1_20260724/run/common4_rerank_v2_20260725/final50_structure_bundle_v1_20260725/docking/representative_complexes/R23__P1MCPUFP__CPUFP500K_0207__00174__8x6b__s3047__cluster_1_model_1.pdb	d6b78e47a713a198d876890b52eedbea296a6e3d05e6d91de61296fa6c835419	NTT	80	129		18.947028	POTENTIAL_GLYCAN_ANCHOR_NEARBY_10_TO_20A	NOT_RESOLVED_ISOLATED_DOMAIN_PVRIG_41_TO_152	N-X-S/T sequon-anchor geometry only; no glycan conformer, membrane, VHH-hFc, cell-surface accessibility, affinity, or blocking prediction.
P1MCPUFP__CPUFP500K_0207__00174	23		9e6y	42	/data/qlyu/projects/pvrig_top7500_dualpanel_screen_v1_20260724/run/common4_rerank_v2_20260725/final50_structure_bundle_v1_20260725/docking/representative_complexes/R23__P1MCPUFP__CPUFP500K_0207__00174__9e6y__s42__cluster_1_model_1.pdb	39aaf7269fd5d7ab4245f3b9b34420b63b19ae6f839b1b0362052bfd24780d5f	NTT	84	129		18.33403	POTENTIAL_GLYCAN_ANCHOR_NEARBY_10_TO_20A	NOT_RESOLVED_ISOLATED_DOMAIN_PVRIG_41_TO_152	N-X-S/T sequon-anchor geometry only; no glycan conformer, membrane, VHH-hFc, cell-surface accessibility, affinity, or blocking prediction.
P1MCPUFP__CPUFP500K_0207__00174	23		9e6y	917	/data/qlyu/projects/pvrig_top7500_dualpanel_screen_v1_20260724/run/common4_rerank_v2_20260725/final50_structure_bundle_v1_20260725/docking/representative_complexes/R23__P1MCPUFP__CPUFP500K_0207__00174__9e6y__s917__cluster_1_model_1.pdb	09c573806b35c7cfb12abc83d7f179adbab12d6a3024fb56d5cd9a4eb79e85c3	NTT	84	129		18.012938	POTENTIAL_GLYCAN_ANCHOR_NEARBY_10_TO_20A	NOT_RESOLVED_ISOLATED_DOMAIN_PVRIG_41_TO_152	N-X-S/T sequon-anchor geometry only; no glycan conformer, membrane, VHH-hFc, cell-surface accessibility, affinity, or blocking prediction.
P1MCPUFP__CPUFP500K_0207__00174	23		9e6y	1931	/data/qlyu/projects/pvrig_top7500_dualpanel_screen_v1_20260724/run/common4_rerank_v2_20260725/final50_structure_bundle_v1_20260725/docking/representative_complexes/R23__P1MCPUFP__CPUFP500K_0207__00174__9e6y__s1931__cluster_1_model_1.pdb	1af0c5b3f1184ab5f1ca78e6432de9b52c5392971653dd98158906836ce81671	NTT	84	129		17.35202	POTENTIAL_GLYCAN_ANCHOR_NEARBY_10_TO_20A	NOT_RESOLVED_ISOLATED_DOMAIN_PVRIG_41_TO_152	N-X-S/T sequon-anchor geometry only; no glycan conformer, membrane, VHH-hFc, cell-surface accessibility, affinity, or blocking prediction.
P1MCPUFP__CPUFP500K_0207__00174	23		9e6y	3047	/data/qlyu/projects/pvrig_top7500_dualpanel_screen_v1_20260724/run/common4_rerank_v2_20260725/final50_structure_bundle_v1_20260725/docking/representative_complexes/R23__P1MCPUFP__CPUFP500K_0207__00174__9e6y__s3047__cluster_1_model_1.pdb	3f389e7df16e7c1bd43bab5bca8dab1e8c8a128aaa1dc2d899b24f42f4e1c729	NTT	84	129		19.25897	POTENTIAL_GLYCAN_ANCHOR_NEARBY_10_TO_20A	NOT_RESOLVED_ISOLATED_DOMAIN_PVRIG_41_TO_152	N-X-S/T sequon-anchor geometry only; no glycan conformer, membrane, VHH-hFc, cell-surface accessibility, affinity, or blocking prediction.
P1MCPUFP__CPUFP500K_0405__00049	24		8x6b	42	/data/qlyu/projects/pvrig_top7500_dualpanel_screen_v1_20260724/run/common4_rerank_v2_20260725/final50_structure_bundle_v1_20260725/docking/representative_complexes/R24__P1MCPUFP__CPUFP500K_0405__00049__8x6b__s42__cluster_1_model_1.pdb	cf1c5d81864a7156628b3c070041e17e095b07a3f18aa139d315c711cfc0ca83	NTT	80	129		18.155917	POTENTIAL_GLYCAN_ANCHOR_NEARBY_10_TO_20A	NOT_RESOLVED_ISOLATED_DOMAIN_PVRIG_41_TO_152	N-X-S/T sequon-anchor geometry only; no glycan conformer, membrane, VHH-hFc, cell-surface accessibility, affinity, or blocking prediction.
P1MCPUFP__CPUFP500K_0405__00049	24		8x6b	917	/data/qlyu/projects/pvrig_top7500_dualpanel_screen_v1_20260724/run/common4_rerank_v2_20260725/final50_structure_bundle_v1_20260725/docking/representative_complexes/R24__P1MCPUFP__CPUFP500K_0405__00049__8x6b__s917__cluster_1_model_1.pdb	72a235c6c73d39bc90ff75e6b755ecdbc60fe3783e3991bb381058151a1298e2	NTT	80	129		18.402013	POTENTIAL_GLYCAN_ANCHOR_NEARBY_10_TO_20A	NOT_RESOLVED_ISOLATED_DOMAIN_PVRIG_41_TO_152	N-X-S/T sequon-anchor geometry only; no glycan conformer, membrane, VHH-hFc, cell-surface accessibility, affinity, or blocking prediction.
P1MCPUFP__CPUFP500K_0405__00049	24		8x6b	1931	/data/qlyu/projects/pvrig_top7500_dualpanel_screen_v1_20260724/run/common4_rerank_v2_20260725/final50_structure_bundle_v1_20260725/docking/representative_complexes/R24__P1MCPUFP__CPUFP500K_0405__00049__8x6b__s1931__cluster_1_model_1.pdb	7373d4e48e15f3a38732b214b2217e3fd70769db2eca487e32e7a9acd9e245a4	NTT	80	129		17.822613	POTENTIAL_GLYCAN_ANCHOR_NEARBY_10_TO_20A	NOT_RESOLVED_ISOLATED_DOMAIN_PVRIG_41_TO_152	N-X-S/T sequon-anchor geometry only; no glycan conformer, membrane, VHH-hFc, cell-surface accessibility, affinity, or blocking prediction.
P1MCPUFP__CPUFP500K_0405__00049	24		8x6b	3047	/data/qlyu/projects/pvrig_top7500_dualpanel_screen_v1_20260724/run/common4_rerank_v2_20260725/final50_structure_bundle_v1_20260725/docking/representative_complexes/R24__P1MCPUFP__CPUFP500K_0405__00049__8x6b__s3047__cluster_1_model_1.pdb	4ee135329b5b8454f3b20a00b155f8c3a4692dd4516c1cf09e3fc4b993d49ef8	NTT	80	129		17.657367	POTENTIAL_GLYCAN_ANCHOR_NEARBY_10_TO_20A	NOT_RESOLVED_ISOLATED_DOMAIN_PVRIG_41_TO_152	N-X-S/T sequon-anchor geometry only; no glycan conformer, membrane, VHH-hFc, cell-surface accessibility, affinity, or blocking prediction.
P1MCPUFP__CPUFP500K_0405__00049	24		9e6y	42	/data/qlyu/projects/pvrig_top7500_dualpanel_screen_v1_20260724/run/common4_rerank_v2_20260725/final50_structure_bundle_v1_20260725/docking/representative_complexes/R24__P1MCPUFP__CPUFP500K_0405__00049__9e6y__s42__cluster_1_model_1.pdb	b7b239ccce4ee1b37a70ad47a6471329daa9e9a501915b33219a42cf97138270	NTT	84	129		18.456844	POTENTIAL_GLYCAN_ANCHOR_NEARBY_10_TO_20A	NOT_RESOLVED_ISOLATED_DOMAIN_PVRIG_41_TO_152	N-X-S/T sequon-anchor geometry only; no glycan conformer, membrane, VHH-hFc, cell-surface accessibility, affinity, or blocking prediction.
P1MCPUFP__CPUFP500K_0405__00049	24		9e6y	917	/data/qlyu/projects/pvrig_top7500_dualpanel_screen_v1_20260724/run/common4_rerank_v2_20260725/final50_structure_bundle_v1_20260725/docking/representative_complexes/R24__P1MCPUFP__CPUFP500K_0405__00049__9e6y__s917__cluster_1_model_1.pdb	3b8a53d13733d39c7cf8c842ee4eb0f8e77feb51094bda51bfc5945140d740c2	NTT	84	129		18.535658	POTENTIAL_GLYCAN_ANCHOR_NEARBY_10_TO_20A	NOT_RESOLVED_ISOLATED_DOMAIN_PVRIG_41_TO_152	N-X-S/T sequon-anchor geometry only; no glycan conformer, membrane, VHH-hFc, cell-surface accessibility, affinity, or blocking prediction.
P1MCPUFP__CPUFP500K_0405__00049	24		9e6y	1931	/data/qlyu/projects/pvrig_top7500_dualpanel_screen_v1_20260724/run/common4_rerank_v2_20260725/final50_structure_bundle_v1_20260725/docking/representative_complexes/R24__P1MCPUFP__CPUFP500K_0405__00049__9e6y__s1931__cluster_1_model_1.pdb	4d053216d156c8190cea15a3aa3035d8e0b2cd35506f1b4441e3f1628395c0dd	NTT	84	129		18.427308	POTENTIAL_GLYCAN_ANCHOR_NEARBY_10_TO_20A	NOT_RESOLVED_ISOLATED_DOMAIN_PVRIG_41_TO_152	N-X-S/T sequon-anchor geometry only; no glycan conformer, membrane, VHH-hFc, cell-surface accessibility, affinity, or blocking prediction.
P1MCPUFP__CPUFP500K_0405__00049	24		9e6y	3047	/data/qlyu/projects/pvrig_top7500_dualpanel_screen_v1_20260724/run/common4_rerank_v2_20260725/final50_structure_bundle_v1_20260725/docking/representative_complexes/R24__P1MCPUFP__CPUFP500K_0405__00049__9e6y__s3047__cluster_1_model_1.pdb	7c1e563cddf2633eddd57bf4ad4a823d973eff55cb0ef1f78f1fd1ca4d6c93f4	NTT	84	129		17.541416	POTENTIAL_GLYCAN_ANCHOR_NEARBY_10_TO_20A	NOT_RESOLVED_ISOLATED_DOMAIN_PVRIG_41_TO_152	N-X-S/T sequon-anchor geometry only; no glycan conformer, membrane, VHH-hFc, cell-surface accessibility, affinity, or blocking prediction.
P1MCPUFP__CPUFP500K_0108__00054	25		8x6b	42	/data/qlyu/projects/pvrig_top7500_dualpanel_screen_v1_20260724/run/common4_rerank_v2_20260725/final50_structure_bundle_v1_20260725/docking/representative_complexes/R25__P1MCPUFP__CPUFP500K_0108__00054__8x6b__s42__cluster_1_model_1.pdb	a83e360da59a190736e175c1f03ed00f1179606f035ede9a1803982f370e02cb	NTT	80	129		17.478014	POTENTIAL_GLYCAN_ANCHOR_NEARBY_10_TO_20A	NOT_RESOLVED_ISOLATED_DOMAIN_PVRIG_41_TO_152	N-X-S/T sequon-anchor geometry only; no glycan conformer, membrane, VHH-hFc, cell-surface accessibility, affinity, or blocking prediction.
P1MCPUFP__CPUFP500K_0108__00054	25		8x6b	917	/data/qlyu/projects/pvrig_top7500_dualpanel_screen_v1_20260724/run/common4_rerank_v2_20260725/final50_structure_bundle_v1_20260725/docking/representative_complexes/R25__P1MCPUFP__CPUFP500K_0108__00054__8x6b__s917__cluster_1_model_1.pdb	9038ed65e6e552a40871c01a71f600ef3e56e81f8126302c020544ab5f2ab623	NTT	80	129		19.217851	POTENTIAL_GLYCAN_ANCHOR_NEARBY_10_TO_20A	NOT_RESOLVED_ISOLATED_DOMAIN_PVRIG_41_TO_152	N-X-S/T sequon-anchor geometry only; no glycan conformer, membrane, VHH-hFc, cell-surface accessibility, affinity, or blocking prediction.
P1MCPUFP__CPUFP500K_0108__00054	25		8x6b	1931	/data/qlyu/projects/pvrig_top7500_dualpanel_screen_v1_20260724/run/common4_rerank_v2_20260725/final50_structure_bundle_v1_20260725/docking/representative_complexes/R25__P1MCPUFP__CPUFP500K_0108__00054__8x6b__s1931__cluster_1_model_1.pdb	050a4731addff284bde014434f9d5b131a0c31920c6a7066d0880e5e2816d5aa	NTT	80	129		18.636862	POTENTIAL_GLYCAN_ANCHOR_NEARBY_10_TO_20A	NOT_RESOLVED_ISOLATED_DOMAIN_PVRIG_41_TO_152	N-X-S/T sequon-anchor geometry only; no glycan conformer, membrane, VHH-hFc, cell-surface accessibility, affinity, or blocking prediction.
P1MCPUFP__CPUFP500K_0108__00054	25		8x6b	3047	/data/qlyu/projects/pvrig_top7500_dualpanel_screen_v1_20260724/run/common4_rerank_v2_20260725/final50_structure_bundle_v1_20260725/docking/representative_complexes/R25__P1MCPUFP__CPUFP500K_0108__00054__8x6b__s3047__cluster_1_model_1.pdb	6ab682c0a848862ee22ab74a60ba87f0bfa7cbb8206a549b03980539b6d187d1	NTT	80	129		19.121361	POTENTIAL_GLYCAN_ANCHOR_NEARBY_10_TO_20A	NOT_RESOLVED_ISOLATED_DOMAIN_PVRIG_41_TO_152	N-X-S/T sequon-anchor geometry only; no glycan conformer, membrane, VHH-hFc, cell-surface accessibility, affinity, or blocking prediction.
P1MCPUFP__CPUFP500K_0108__00054	25		9e6y	42	/data/qlyu/projects/pvrig_top7500_dualpanel_screen_v1_20260724/run/common4_rerank_v2_20260725/final50_structure_bundle_v1_20260725/docking/representative_complexes/R25__P1MCPUFP__CPUFP500K_0108__00054__9e6y__s42__cluster_1_model_1.pdb	dc7562be2740073ac5a5b60c5bbbea7fd3391179ea15083c256c4fa4a55ed4f8	NTT	84	129		16.571515	POTENTIAL_GLYCAN_ANCHOR_NEARBY_10_TO_20A	NOT_RESOLVED_ISOLATED_DOMAIN_PVRIG_41_TO_152	N-X-S/T sequon-anchor geometry only; no glycan conformer, membrane, VHH-hFc, cell-surface accessibility, affinity, or blocking prediction.
P1MCPUFP__CPUFP500K_0108__00054	25		9e6y	917	/data/qlyu/projects/pvrig_top7500_dualpanel_screen_v1_20260724/run/common4_rerank_v2_20260725/final50_structure_bundle_v1_20260725/docking/representative_complexes/R25__P1MCPUFP__CPUFP500K_0108__00054__9e6y__s917__cluster_1_model_1.pdb	f097fcea66663e6020967887dcb386d86f2882c3ce67992f6a6232ab40e5bf6a	NTT	84	129		18.851857	POTENTIAL_GLYCAN_ANCHOR_NEARBY_10_TO_20A	NOT_RESOLVED_ISOLATED_DOMAIN_PVRIG_41_TO_152	N-X-S/T sequon-anchor geometry only; no glycan conformer, membrane, VHH-hFc, cell-surface accessibility, affinity, or blocking prediction.
P1MCPUFP__CPUFP500K_0108__00054	25		9e6y	1931	/data/qlyu/projects/pvrig_top7500_dualpanel_screen_v1_20260724/run/common4_rerank_v2_20260725/final50_structure_bundle_v1_20260725/docking/representative_complexes/R25__P1MCPUFP__CPUFP500K_0108__00054__9e6y__s1931__cluster_1_model_1.pdb	627fc3298fdf4d3f2abdf9a22c162ee4b2567652cc72dd7a33f646fc4950a549	NTT	84	129		18.107973	POTENTIAL_GLYCAN_ANCHOR_NEARBY_10_TO_20A	NOT_RESOLVED_ISOLATED_DOMAIN_PVRIG_41_TO_152	N-X-S/T sequon-anchor geometry only; no glycan conformer, membrane, VHH-hFc, cell-surface accessibility, affinity, or blocking prediction.
P1MCPUFP__CPUFP500K_0108__00054	25		9e6y	3047	/data/qlyu/projects/pvrig_top7500_dualpanel_screen_v1_20260724/run/common4_rerank_v2_20260725/final50_structure_bundle_v1_20260725/docking/representative_complexes/R25__P1MCPUFP__CPUFP500K_0108__00054__9e6y__s3047__cluster_1_model_1.pdb	977518fbe5fe4a45b025ab2418d5d0a722e7690ba62f39a8a89811fe503fafaf	NTT	84	129		19.999022	POTENTIAL_GLYCAN_ANCHOR_NEARBY_10_TO_20A	NOT_RESOLVED_ISOLATED_DOMAIN_PVRIG_41_TO_152	N-X-S/T sequon-anchor geometry only; no glycan conformer, membrane, VHH-hFc, cell-surface accessibility, affinity, or blocking prediction.
P1MCPUFP__CPUFP500K_0188__00364	26		8x6b	42	/data/qlyu/projects/pvrig_top7500_dualpanel_screen_v1_20260724/run/common4_rerank_v2_20260725/final50_structure_bundle_v1_20260725/docking/representative_complexes/R26__P1MCPUFP__CPUFP500K_0188__00364__8x6b__s42__cluster_1_model_1.pdb	8658d49b2bbad4c4eac0ab547fd281802f113b5dbf1c3539072270232b9ebc27	NTT	80	129		19.300687	POTENTIAL_GLYCAN_ANCHOR_NEARBY_10_TO_20A	NOT_RESOLVED_ISOLATED_DOMAIN_PVRIG_41_TO_152	N-X-S/T sequon-anchor geometry only; no glycan conformer, membrane, VHH-hFc, cell-surface accessibility, affinity, or blocking prediction.
P1MCPUFP__CPUFP500K_0188__00364	26		8x6b	917	/data/qlyu/projects/pvrig_top7500_dualpanel_screen_v1_20260724/run/common4_rerank_v2_20260725/final50_structure_bundle_v1_20260725/docking/representative_complexes/R26__P1MCPUFP__CPUFP500K_0188__00364__8x6b__s917__cluster_1_model_1.pdb	cfd742d48abbff055a547278e15e25f94939b04c4fffa0adbe0e70e33e74c491	NTT	80	129		17.926168	POTENTIAL_GLYCAN_ANCHOR_NEARBY_10_TO_20A	NOT_RESOLVED_ISOLATED_DOMAIN_PVRIG_41_TO_152	N-X-S/T sequon-anchor geometry only; no glycan conformer, membrane, VHH-hFc, cell-surface accessibility, affinity, or blocking prediction.
P1MCPUFP__CPUFP500K_0188__00364	26		8x6b	1931	/data/qlyu/projects/pvrig_top7500_dualpanel_screen_v1_20260724/run/common4_rerank_v2_20260725/final50_structure_bundle_v1_20260725/docking/representative_complexes/R26__P1MCPUFP__CPUFP500K_0188__00364__8x6b__s1931__cluster_1_model_1.pdb	ee701ccd647a9c1d8c295863b620b4e3b665432b46e344b223ef2ab5246a2c1e	NTT	80	129		19.74497	POTENTIAL_GLYCAN_ANCHOR_NEARBY_10_TO_20A	NOT_RESOLVED_ISOLATED_DOMAIN_PVRIG_41_TO_152	N-X-S/T sequon-anchor geometry only; no glycan conformer, membrane, VHH-hFc, cell-surface accessibility, affinity, or blocking prediction.
P1MCPUFP__CPUFP500K_0188__00364	26		8x6b	3047	/data/qlyu/projects/pvrig_top7500_dualpanel_screen_v1_20260724/run/common4_rerank_v2_20260725/final50_structure_bundle_v1_20260725/docking/representative_complexes/R26__P1MCPUFP__CPUFP500K_0188__00364__8x6b__s3047__cluster_1_model_1.pdb	6b242ae61d501a8910c5d2d2660af568968a32cc5f6547bf7c1074504c3b84a4	NTT	80	129		18.665022	POTENTIAL_GLYCAN_ANCHOR_NEARBY_10_TO_20A	NOT_RESOLVED_ISOLATED_DOMAIN_PVRIG_41_TO_152	N-X-S/T sequon-anchor geometry only; no glycan conformer, membrane, VHH-hFc, cell-surface accessibility, affinity, or blocking prediction.
P1MCPUFP__CPUFP500K_0188__00364	26		9e6y	42	/data/qlyu/projects/pvrig_top7500_dualpanel_screen_v1_20260724/run/common4_rerank_v2_20260725/final50_structure_bundle_v1_20260725/docking/representative_complexes/R26__P1MCPUFP__CPUFP500K_0188__00364__9e6y__s42__cluster_1_model_1.pdb	01da7a2935a55d9e283c0a86991fefb4187b48add3004506e9089d13d90a5b00	NTT	84	129		17.669209	POTENTIAL_GLYCAN_ANCHOR_NEARBY_10_TO_20A	NOT_RESOLVED_ISOLATED_DOMAIN_PVRIG_41_TO_152	N-X-S/T sequon-anchor geometry only; no glycan conformer, membrane, VHH-hFc, cell-surface accessibility, affinity, or blocking prediction.
P1MCPUFP__CPUFP500K_0188__00364	26		9e6y	917	/data/qlyu/projects/pvrig_top7500_dualpanel_screen_v1_20260724/run/common4_rerank_v2_20260725/final50_structure_bundle_v1_20260725/docking/representative_complexes/R26__P1MCPUFP__CPUFP500K_0188__00364__9e6y__s917__cluster_1_model_1.pdb	31e48427a70bbe3ba61a8710a2b755c67ca5f1fdd9c34e62f401c384ab9bf9aa	NTT	84	129		15.07325	POTENTIAL_GLYCAN_ANCHOR_NEARBY_10_TO_20A	NOT_RESOLVED_ISOLATED_DOMAIN_PVRIG_41_TO_152	N-X-S/T sequon-anchor geometry only; no glycan conformer, membrane, VHH-hFc, cell-surface accessibility, affinity, or blocking prediction.
P1MCPUFP__CPUFP500K_0188__00364	26		9e6y	1931	/data/qlyu/projects/pvrig_top7500_dualpanel_screen_v1_20260724/run/common4_rerank_v2_20260725/final50_structure_bundle_v1_20260725/docking/representative_complexes/R26__P1MCPUFP__CPUFP500K_0188__00364__9e6y__s1931__cluster_1_model_1.pdb	d0ddf370758ad01e2512a835105817524e12dd7e3ad8a239be16452eaa74d169	NTT	84	129		17.059809	POTENTIAL_GLYCAN_ANCHOR_NEARBY_10_TO_20A	NOT_RESOLVED_ISOLATED_DOMAIN_PVRIG_41_TO_152	N-X-S/T sequon-anchor geometry only; no glycan conformer, membrane, VHH-hFc, cell-surface accessibility, affinity, or blocking prediction.
P1MCPUFP__CPUFP500K_0188__00364	26		9e6y	3047	/data/qlyu/projects/pvrig_top7500_dualpanel_screen_v1_20260724/run/common4_rerank_v2_20260725/final50_structure_bundle_v1_20260725/docking/representative_complexes/R26__P1MCPUFP__CPUFP500K_0188__00364__9e6y__s3047__cluster_1_model_1.pdb	3164f40af866f2b5a819de14d702ec68b62110b4875d2b7b05fcfed4ee7f0d1a	NTT	84	129		19.881975	POTENTIAL_GLYCAN_ANCHOR_NEARBY_10_TO_20A	NOT_RESOLVED_ISOLATED_DOMAIN_PVRIG_41_TO_152	N-X-S/T sequon-anchor geometry only; no glycan conformer, membrane, VHH-hFc, cell-surface accessibility, affinity, or blocking prediction.
P1MCPUFP__CPUFP500K_0185__00273	27		8x6b	42	/data/qlyu/projects/pvrig_top7500_dualpanel_screen_v1_20260724/run/common4_rerank_v2_20260725/final50_structure_bundle_v1_20260725/docking/representative_complexes/R27__P1MCPUFP__CPUFP500K_0185__00273__8x6b__s42__cluster_1_model_1.pdb	a17e1aacce3a9f796e82d64e05fb7968757adc16068f063fb137455b7858b6a3	NTT	80	129		17.126894	POTENTIAL_GLYCAN_ANCHOR_NEARBY_10_TO_20A	NOT_RESOLVED_ISOLATED_DOMAIN_PVRIG_41_TO_152	N-X-S/T sequon-anchor geometry only; no glycan conformer, membrane, VHH-hFc, cell-surface accessibility, affinity, or blocking prediction.
P1MCPUFP__CPUFP500K_0185__00273	27		8x6b	917	/data/qlyu/projects/pvrig_top7500_dualpanel_screen_v1_20260724/run/common4_rerank_v2_20260725/final50_structure_bundle_v1_20260725/docking/representative_complexes/R27__P1MCPUFP__CPUFP500K_0185__00273__8x6b__s917__cluster_1_model_1.pdb	27271f3e1053d3807daa9b3d11a3846e5d2b4fc65de5315c9a206a039ff4d99f	NTT	80	129		17.848522	POTENTIAL_GLYCAN_ANCHOR_NEARBY_10_TO_20A	NOT_RESOLVED_ISOLATED_DOMAIN_PVRIG_41_TO_152	N-X-S/T sequon-anchor geometry only; no glycan conformer, membrane, VHH-hFc, cell-surface accessibility, affinity, or blocking prediction.
P1MCPUFP__CPUFP500K_0185__00273	27		8x6b	1931	/data/qlyu/projects/pvrig_top7500_dualpanel_screen_v1_20260724/run/common4_rerank_v2_20260725/final50_structure_bundle_v1_20260725/docking/representative_complexes/R27__P1MCPUFP__CPUFP500K_0185__00273__8x6b__s1931__cluster_1_model_1.pdb	e081986c67d029436ec411f80e5bd55ba22f66e6af2a4ca651bea5d1594d057c	NTT	80	129		17.611126	POTENTIAL_GLYCAN_ANCHOR_NEARBY_10_TO_20A	NOT_RESOLVED_ISOLATED_DOMAIN_PVRIG_41_TO_152	N-X-S/T sequon-anchor geometry only; no glycan conformer, membrane, VHH-hFc, cell-surface accessibility, affinity, or blocking prediction.
P1MCPUFP__CPUFP500K_0185__00273	27		8x6b	3047	/data/qlyu/projects/pvrig_top7500_dualpanel_screen_v1_20260724/run/common4_rerank_v2_20260725/final50_structure_bundle_v1_20260725/docking/representative_complexes/R27__P1MCPUFP__CPUFP500K_0185__00273__8x6b__s3047__cluster_1_model_1.pdb	544ad9c41147f857657eb4bdb2ed10edebb059974e6e207aabea25acacf3bdac	NTT	80	129		18.746679	POTENTIAL_GLYCAN_ANCHOR_NEARBY_10_TO_20A	NOT_RESOLVED_ISOLATED_DOMAIN_PVRIG_41_TO_152	N-X-S/T sequon-anchor geometry only; no glycan conformer, membrane, VHH-hFc, cell-surface accessibility, affinity, or blocking prediction.
P1MCPUFP__CPUFP500K_0185__00273	27		9e6y	42	/data/qlyu/projects/pvrig_top7500_dualpanel_screen_v1_20260724/run/common4_rerank_v2_20260725/final50_structure_bundle_v1_20260725/docking/representative_complexes/R27__P1MCPUFP__CPUFP500K_0185__00273__9e6y__s42__cluster_1_model_1.pdb	6c2646dc33894fe4132cf023b25b3b415ea40a3bff19a589e5ad72d45de0a009	NTT	84	129		18.484421	POTENTIAL_GLYCAN_ANCHOR_NEARBY_10_TO_20A	NOT_RESOLVED_ISOLATED_DOMAIN_PVRIG_41_TO_152	N-X-S/T sequon-anchor geometry only; no glycan conformer, membrane, VHH-hFc, cell-surface accessibility, affinity, or blocking prediction.
P1MCPUFP__CPUFP500K_0185__00273	27		9e6y	917	/data/qlyu/projects/pvrig_top7500_dualpanel_screen_v1_20260724/run/common4_rerank_v2_20260725/final50_structure_bundle_v1_20260725/docking/representative_complexes/R27__P1MCPUFP__CPUFP500K_0185__00273__9e6y__s917__cluster_1_model_1.pdb	3303c50d047654d88e448aa09ab8647faf7524e00c56f731af2104f98bef7ee4	NTT	84	129		17.598438	POTENTIAL_GLYCAN_ANCHOR_NEARBY_10_TO_20A	NOT_RESOLVED_ISOLATED_DOMAIN_PVRIG_41_TO_152	N-X-S/T sequon-anchor geometry only; no glycan conformer, membrane, VHH-hFc, cell-surface accessibility, affinity, or blocking prediction.
P1MCPUFP__CPUFP500K_0185__00273	27		9e6y	1931	/data/qlyu/projects/pvrig_top7500_dualpanel_screen_v1_20260724/run/common4_rerank_v2_20260725/final50_structure_bundle_v1_20260725/docking/representative_complexes/R27__P1MCPUFP__CPUFP500K_0185__00273__9e6y__s1931__cluster_1_model_1.pdb	d411640c81d9539a99e1ce9d56a29a8e581e1bc4402fcc99a532d6991c7b348d	NTT	84	129		18.551606	POTENTIAL_GLYCAN_ANCHOR_NEARBY_10_TO_20A	NOT_RESOLVED_ISOLATED_DOMAIN_PVRIG_41_TO_152	N-X-S/T sequon-anchor geometry only; no glycan conformer, membrane, VHH-hFc, cell-surface accessibility, affinity, or blocking prediction.
P1MCPUFP__CPUFP500K_0185__00273	27		9e6y	3047	/data/qlyu/projects/pvrig_top7500_dualpanel_screen_v1_20260724/run/common4_rerank_v2_20260725/final50_structure_bundle_v1_20260725/docking/representative_complexes/R27__P1MCPUFP__CPUFP500K_0185__00273__9e6y__s3047__cluster_1_model_1.pdb	b6e280d7a89a58e492282dbed06684022d1fab04eaa4f57f984d2b83bbd11764	NTT	84	129		17.597523	POTENTIAL_GLYCAN_ANCHOR_NEARBY_10_TO_20A	NOT_RESOLVED_ISOLATED_DOMAIN_PVRIG_41_TO_152	N-X-S/T sequon-anchor geometry only; no glycan conformer, membrane, VHH-hFc, cell-surface accessibility, affinity, or blocking prediction.
P1MCPUFP__CPUFP500K_0032__00118	28		8x6b	42	/data/qlyu/projects/pvrig_top7500_dualpanel_screen_v1_20260724/run/common4_rerank_v2_20260725/final50_structure_bundle_v1_20260725/docking/representative_complexes/R28__P1MCPUFP__CPUFP500K_0032__00118__8x6b__s42__cluster_1_model_1.pdb	098303572510e04b0e179db280e0b7a1cda55075a405666cff15abb73e37181c	NTT	80	129		17.755465	POTENTIAL_GLYCAN_ANCHOR_NEARBY_10_TO_20A	NOT_RESOLVED_ISOLATED_DOMAIN_PVRIG_41_TO_152	N-X-S/T sequon-anchor geometry only; no glycan conformer, membrane, VHH-hFc, cell-surface accessibility, affinity, or blocking prediction.
P1MCPUFP__CPUFP500K_0032__00118	28		8x6b	917	/data/qlyu/projects/pvrig_top7500_dualpanel_screen_v1_20260724/run/common4_rerank_v2_20260725/final50_structure_bundle_v1_20260725/docking/representative_complexes/R28__P1MCPUFP__CPUFP500K_0032__00118__8x6b__s917__cluster_1_model_1.pdb	b3f419908b6a5dcfb3f879fbb483b12877de88c0d918f33c87fdebfcf66f50a0	NTT	80	129		17.310799	POTENTIAL_GLYCAN_ANCHOR_NEARBY_10_TO_20A	NOT_RESOLVED_ISOLATED_DOMAIN_PVRIG_41_TO_152	N-X-S/T sequon-anchor geometry only; no glycan conformer, membrane, VHH-hFc, cell-surface accessibility, affinity, or blocking prediction.
P1MCPUFP__CPUFP500K_0032__00118	28		8x6b	1931	/data/qlyu/projects/pvrig_top7500_dualpanel_screen_v1_20260724/run/common4_rerank_v2_20260725/final50_structure_bundle_v1_20260725/docking/representative_complexes/R28__P1MCPUFP__CPUFP500K_0032__00118__8x6b__s1931__cluster_1_model_1.pdb	855b4ba1a74e3210fdfd8fd0d867157290d6b1a085864c8d0a7f109d8c4317b8	NTT	80	129		15.959239	POTENTIAL_GLYCAN_ANCHOR_NEARBY_10_TO_20A	NOT_RESOLVED_ISOLATED_DOMAIN_PVRIG_41_TO_152	N-X-S/T sequon-anchor geometry only; no glycan conformer, membrane, VHH-hFc, cell-surface accessibility, affinity, or blocking prediction.
P1MCPUFP__CPUFP500K_0032__00118	28		8x6b	3047	/data/qlyu/projects/pvrig_top7500_dualpanel_screen_v1_20260724/run/common4_rerank_v2_20260725/final50_structure_bundle_v1_20260725/docking/representative_complexes/R28__P1MCPUFP__CPUFP500K_0032__00118__8x6b__s3047__cluster_1_model_1.pdb	9adf9d165c183236542d26bcb48b7b955d580182a0e42dc44c5621afa839087c	NTT	80	129		17.684802	POTENTIAL_GLYCAN_ANCHOR_NEARBY_10_TO_20A	NOT_RESOLVED_ISOLATED_DOMAIN_PVRIG_41_TO_152	N-X-S/T sequon-anchor geometry only; no glycan conformer, membrane, VHH-hFc, cell-surface accessibility, affinity, or blocking prediction.
P1MCPUFP__CPUFP500K_0032__00118	28		9e6y	42	/data/qlyu/projects/pvrig_top7500_dualpanel_screen_v1_20260724/run/common4_rerank_v2_20260725/final50_structure_bundle_v1_20260725/docking/representative_complexes/R28__P1MCPUFP__CPUFP500K_0032__00118__9e6y__s42__cluster_1_model_1.pdb	55da20149f6cba7e73b8972d351f878fb955c4c9686f02311acbb968c0dc5312	NTT	84	129		16.773597	POTENTIAL_GLYCAN_ANCHOR_NEARBY_10_TO_20A	NOT_RESOLVED_ISOLATED_DOMAIN_PVRIG_41_TO_152	N-X-S/T sequon-anchor geometry only; no glycan conformer, membrane, VHH-hFc, cell-surface accessibility, affinity, or blocking prediction.
P1MCPUFP__CPUFP500K_0032__00118	28		9e6y	917	/data/qlyu/projects/pvrig_top7500_dualpanel_screen_v1_20260724/run/common4_rerank_v2_20260725/final50_structure_bundle_v1_20260725/docking/representative_complexes/R28__P1MCPUFP__CPUFP500K_0032__00118__9e6y__s917__cluster_1_model_1.pdb	f8f3b91b75f1af3da2306a71884b1bc8418c8b139fedc44dc462d2966a2e902c	NTT	84	129		16.992283	POTENTIAL_GLYCAN_ANCHOR_NEARBY_10_TO_20A	NOT_RESOLVED_ISOLATED_DOMAIN_PVRIG_41_TO_152	N-X-S/T sequon-anchor geometry only; no glycan conformer, membrane, VHH-hFc, cell-surface accessibility, affinity, or blocking prediction.
P1MCPUFP__CPUFP500K_0032__00118	28		9e6y	1931	/data/qlyu/projects/pvrig_top7500_dualpanel_screen_v1_20260724/run/common4_rerank_v2_20260725/final50_structure_bundle_v1_20260725/docking/representative_complexes/R28__P1MCPUFP__CPUFP500K_0032__00118__9e6y__s1931__cluster_1_model_1.pdb	aad33d6564f96d4e57328bf4b9842b8a845f131abf5761107b05b690df41ff58	NTT	84	129		17.09895	POTENTIAL_GLYCAN_ANCHOR_NEARBY_10_TO_20A	NOT_RESOLVED_ISOLATED_DOMAIN_PVRIG_41_TO_152	N-X-S/T sequon-anchor geometry only; no glycan conformer, membrane, VHH-hFc, cell-surface accessibility, affinity, or blocking prediction.
P1MCPUFP__CPUFP500K_0032__00118	28		9e6y	3047	/data/qlyu/projects/pvrig_top7500_dualpanel_screen_v1_20260724/run/common4_rerank_v2_20260725/final50_structure_bundle_v1_20260725/docking/representative_complexes/R28__P1MCPUFP__CPUFP500K_0032__00118__9e6y__s3047__cluster_1_model_1.pdb	caaa4f46ac97ef92d0123c285c2aeb1c40652313923c506b4a71a1e66575057d	NTT	84	129		17.127005	POTENTIAL_GLYCAN_ANCHOR_NEARBY_10_TO_20A	NOT_RESOLVED_ISOLATED_DOMAIN_PVRIG_41_TO_152	N-X-S/T sequon-anchor geometry only; no glycan conformer, membrane, VHH-hFc, cell-surface accessibility, affinity, or blocking prediction.
P1MCPUFP__CPUFP500K_0388__00663	29		8x6b	42	/data/qlyu/projects/pvrig_top7500_dualpanel_screen_v1_20260724/run/common4_rerank_v2_20260725/final50_structure_bundle_v1_20260725/docking/representative_complexes/R29__P1MCPUFP__CPUFP500K_0388__00663__8x6b__s42__cluster_1_model_1.pdb	f7d98b857f53734842867cddb196c82f1c9ae0791f871aea292b25e14b0cdee3	NTT	80	129		15.591506	POTENTIAL_GLYCAN_ANCHOR_NEARBY_10_TO_20A	NOT_RESOLVED_ISOLATED_DOMAIN_PVRIG_41_TO_152	N-X-S/T sequon-anchor geometry only; no glycan conformer, membrane, VHH-hFc, cell-surface accessibility, affinity, or blocking prediction.
P1MCPUFP__CPUFP500K_0388__00663	29		8x6b	917	/data/qlyu/projects/pvrig_top7500_dualpanel_screen_v1_20260724/run/common4_rerank_v2_20260725/final50_structure_bundle_v1_20260725/docking/representative_complexes/R29__P1MCPUFP__CPUFP500K_0388__00663__8x6b__s917__cluster_1_model_1.pdb	6317c76877e2354ad86544d6411b797de942e99afebf775fcb144a2cf8ba595e	NTT	80	129		16.766397	POTENTIAL_GLYCAN_ANCHOR_NEARBY_10_TO_20A	NOT_RESOLVED_ISOLATED_DOMAIN_PVRIG_41_TO_152	N-X-S/T sequon-anchor geometry only; no glycan conformer, membrane, VHH-hFc, cell-surface accessibility, affinity, or blocking prediction.
P1MCPUFP__CPUFP500K_0388__00663	29		8x6b	1931	/data/qlyu/projects/pvrig_top7500_dualpanel_screen_v1_20260724/run/common4_rerank_v2_20260725/final50_structure_bundle_v1_20260725/docking/representative_complexes/R29__P1MCPUFP__CPUFP500K_0388__00663__8x6b__s1931__cluster_1_model_1.pdb	38992c1f8486bd57d332715f9a705ebe74de899ca70fe29bcfcd35738c84bf7e	NTT	80	129		14.317665	POTENTIAL_GLYCAN_ANCHOR_NEARBY_10_TO_20A	NOT_RESOLVED_ISOLATED_DOMAIN_PVRIG_41_TO_152	N-X-S/T sequon-anchor geometry only; no glycan conformer, membrane, VHH-hFc, cell-surface accessibility, affinity, or blocking prediction.
P1MCPUFP__CPUFP500K_0388__00663	29		8x6b	3047	/data/qlyu/projects/pvrig_top7500_dualpanel_screen_v1_20260724/run/common4_rerank_v2_20260725/final50_structure_bundle_v1_20260725/docking/representative_complexes/R29__P1MCPUFP__CPUFP500K_0388__00663__8x6b__s3047__cluster_1_model_1.pdb	0faf24281864ca505d5084d7e575d1cf8ab285cbf8c522e13480a6d6f95f1ecc	NTT	80	129		17.749456	POTENTIAL_GLYCAN_ANCHOR_NEARBY_10_TO_20A	NOT_RESOLVED_ISOLATED_DOMAIN_PVRIG_41_TO_152	N-X-S/T sequon-anchor geometry only; no glycan conformer, membrane, VHH-hFc, cell-surface accessibility, affinity, or blocking prediction.
P1MCPUFP__CPUFP500K_0388__00663	29		9e6y	42	/data/qlyu/projects/pvrig_top7500_dualpanel_screen_v1_20260724/run/common4_rerank_v2_20260725/final50_structure_bundle_v1_20260725/docking/representative_complexes/R29__P1MCPUFP__CPUFP500K_0388__00663__9e6y__s42__cluster_1_model_1.pdb	495e3c63ff51c2275fc296db8e43cc6f767612c79c2abac46e93503163c017d3	NTT	84	129		14.524606	POTENTIAL_GLYCAN_ANCHOR_NEARBY_10_TO_20A	NOT_RESOLVED_ISOLATED_DOMAIN_PVRIG_41_TO_152	N-X-S/T sequon-anchor geometry only; no glycan conformer, membrane, VHH-hFc, cell-surface accessibility, affinity, or blocking prediction.
P1MCPUFP__CPUFP500K_0388__00663	29		9e6y	917	/data/qlyu/projects/pvrig_top7500_dualpanel_screen_v1_20260724/run/common4_rerank_v2_20260725/final50_structure_bundle_v1_20260725/docking/representative_complexes/R29__P1MCPUFP__CPUFP500K_0388__00663__9e6y__s917__cluster_1_model_1.pdb	834343b3eed86b40bedea71306f4a5d7172e08123807fd180c3007984b5eee9e	NTT	84	129		13.49803	POTENTIAL_GLYCAN_ANCHOR_NEARBY_10_TO_20A	NOT_RESOLVED_ISOLATED_DOMAIN_PVRIG_41_TO_152	N-X-S/T sequon-anchor geometry only; no glycan conformer, membrane, VHH-hFc, cell-surface accessibility, affinity, or blocking prediction.
P1MCPUFP__CPUFP500K_0388__00663	29		9e6y	1931	/data/qlyu/projects/pvrig_top7500_dualpanel_screen_v1_20260724/run/common4_rerank_v2_20260725/final50_structure_bundle_v1_20260725/docking/representative_complexes/R29__P1MCPUFP__CPUFP500K_0388__00663__9e6y__s1931__cluster_1_model_1.pdb	1bdaf78ed30ffa61a22218eb4c2f4e11cb6e64f7f8236c98ea60045353b422bb	NTT	84	129		18.435591	POTENTIAL_GLYCAN_ANCHOR_NEARBY_10_TO_20A	NOT_RESOLVED_ISOLATED_DOMAIN_PVRIG_41_TO_152	N-X-S/T sequon-anchor geometry only; no glycan conformer, membrane, VHH-hFc, cell-surface accessibility, affinity, or blocking prediction.
P1MCPUFP__CPUFP500K_0388__00663	29		9e6y	3047	/data/qlyu/projects/pvrig_top7500_dualpanel_screen_v1_20260724/run/common4_rerank_v2_20260725/final50_structure_bundle_v1_20260725/docking/representative_complexes/R29__P1MCPUFP__CPUFP500K_0388__00663__9e6y__s3047__cluster_1_model_1.pdb	5ae2ac2141fdf249fa012215e63eebf210025784fd4157dffc0516edea1487a0	NTT	84	129		17.229472	POTENTIAL_GLYCAN_ANCHOR_NEARBY_10_TO_20A	NOT_RESOLVED_ISOLATED_DOMAIN_PVRIG_41_TO_152	N-X-S/T sequon-anchor geometry only; no glycan conformer, membrane, VHH-hFc, cell-surface accessibility, affinity, or blocking prediction.
P1MCPUFP__CPUFP500K_0287__00389	30		8x6b	42	/data/qlyu/projects/pvrig_top7500_dualpanel_screen_v1_20260724/run/common4_rerank_v2_20260725/final50_structure_bundle_v1_20260725/docking/representative_complexes/R30__P1MCPUFP__CPUFP500K_0287__00389__8x6b__s42__cluster_1_model_1.pdb	610a6ae2868bc8901909c8114488a0c10246513165c063f0bc8456abde85343d	NTT	80	129		19.120544	POTENTIAL_GLYCAN_ANCHOR_NEARBY_10_TO_20A	NOT_RESOLVED_ISOLATED_DOMAIN_PVRIG_41_TO_152	N-X-S/T sequon-anchor geometry only; no glycan conformer, membrane, VHH-hFc, cell-surface accessibility, affinity, or blocking prediction.
P1MCPUFP__CPUFP500K_0287__00389	30		8x6b	917	/data/qlyu/projects/pvrig_top7500_dualpanel_screen_v1_20260724/run/common4_rerank_v2_20260725/final50_structure_bundle_v1_20260725/docking/representative_complexes/R30__P1MCPUFP__CPUFP500K_0287__00389__8x6b__s917__cluster_1_model_1.pdb	dd446121d29a463fc170c36512f6a9521151de9d5c689c0d798993fd6880ceb0	NTT	80	129		14.903215	POTENTIAL_GLYCAN_ANCHOR_NEARBY_10_TO_20A	NOT_RESOLVED_ISOLATED_DOMAIN_PVRIG_41_TO_152	N-X-S/T sequon-anchor geometry only; no glycan conformer, membrane, VHH-hFc, cell-surface accessibility, affinity, or blocking prediction.
P1MCPUFP__CPUFP500K_0287__00389	30		8x6b	1931	/data/qlyu/projects/pvrig_top7500_dualpanel_screen_v1_20260724/run/common4_rerank_v2_20260725/final50_structure_bundle_v1_20260725/docking/representative_complexes/R30__P1MCPUFP__CPUFP500K_0287__00389__8x6b__s1931__cluster_1_model_1.pdb	de26779060d8cb8a9ff90868e88e7a4563557ad3b6f422ac20898950ec8fd7b5	NTT	80	129		18.743583	POTENTIAL_GLYCAN_ANCHOR_NEARBY_10_TO_20A	NOT_RESOLVED_ISOLATED_DOMAIN_PVRIG_41_TO_152	N-X-S/T sequon-anchor geometry only; no glycan conformer, membrane, VHH-hFc, cell-surface accessibility, affinity, or blocking prediction.
P1MCPUFP__CPUFP500K_0287__00389	30		8x6b	3047	/data/qlyu/projects/pvrig_top7500_dualpanel_screen_v1_20260724/run/common4_rerank_v2_20260725/final50_structure_bundle_v1_20260725/docking/representative_complexes/R30__P1MCPUFP__CPUFP500K_0287__00389__8x6b__s3047__cluster_1_model_1.pdb	9f654fe09540d612bb7f59e96601e554f09b3093ec4c6164dfcbae4caca76b5c	NTT	80	129		15.560213	POTENTIAL_GLYCAN_ANCHOR_NEARBY_10_TO_20A	NOT_RESOLVED_ISOLATED_DOMAIN_PVRIG_41_TO_152	N-X-S/T sequon-anchor geometry only; no glycan conformer, membrane, VHH-hFc, cell-surface accessibility, affinity, or blocking prediction.
P1MCPUFP__CPUFP500K_0287__00389	30		9e6y	42	/data/qlyu/projects/pvrig_top7500_dualpanel_screen_v1_20260724/run/common4_rerank_v2_20260725/final50_structure_bundle_v1_20260725/docking/representative_complexes/R30__P1MCPUFP__CPUFP500K_0287__00389__9e6y__s42__cluster_1_model_1.pdb	6f28a096e724e5e7e051be0ff1bd810f8f7c8bf8f6d05b09e27a8847d7aff551	NTT	84	129		18.156972	POTENTIAL_GLYCAN_ANCHOR_NEARBY_10_TO_20A	NOT_RESOLVED_ISOLATED_DOMAIN_PVRIG_41_TO_152	N-X-S/T sequon-anchor geometry only; no glycan conformer, membrane, VHH-hFc, cell-surface accessibility, affinity, or blocking prediction.
P1MCPUFP__CPUFP500K_0287__00389	30		9e6y	917	/data/qlyu/projects/pvrig_top7500_dualpanel_screen_v1_20260724/run/common4_rerank_v2_20260725/final50_structure_bundle_v1_20260725/docking/representative_complexes/R30__P1MCPUFP__CPUFP500K_0287__00389__9e6y__s917__cluster_1_model_1.pdb	6c5b902895ad8a637881dc947c869114fe515db0c264b10c5041ecd823b10dff	NTT	84	129		18.501515	POTENTIAL_GLYCAN_ANCHOR_NEARBY_10_TO_20A	NOT_RESOLVED_ISOLATED_DOMAIN_PVRIG_41_TO_152	N-X-S/T sequon-anchor geometry only; no glycan conformer, membrane, VHH-hFc, cell-surface accessibility, affinity, or blocking prediction.
P1MCPUFP__CPUFP500K_0287__00389	30		9e6y	1931	/data/qlyu/projects/pvrig_top7500_dualpanel_screen_v1_20260724/run/common4_rerank_v2_20260725/final50_structure_bundle_v1_20260725/docking/representative_complexes/R30__P1MCPUFP__CPUFP500K_0287__00389__9e6y__s1931__cluster_1_model_1.pdb	008f7b5274b90530b08f939afc6838a71d19f196294471625a91f58e55e1d2a9	NTT	84	129		17.141302	POTENTIAL_GLYCAN_ANCHOR_NEARBY_10_TO_20A	NOT_RESOLVED_ISOLATED_DOMAIN_PVRIG_41_TO_152	N-X-S/T sequon-anchor geometry only; no glycan conformer, membrane, VHH-hFc, cell-surface accessibility, affinity, or blocking prediction.
P1MCPUFP__CPUFP500K_0287__00389	30		9e6y	3047	/data/qlyu/projects/pvrig_top7500_dualpanel_screen_v1_20260724/run/common4_rerank_v2_20260725/final50_structure_bundle_v1_20260725/docking/representative_complexes/R30__P1MCPUFP__CPUFP500K_0287__00389__9e6y__s3047__cluster_1_model_1.pdb	61dce612159dd2a2c7ee89ef7e9212ce495d7034a40fa0f517b497056865e165	NTT	84	129		17.934034	POTENTIAL_GLYCAN_ANCHOR_NEARBY_10_TO_20A	NOT_RESOLVED_ISOLATED_DOMAIN_PVRIG_41_TO_152	N-X-S/T sequon-anchor geometry only; no glycan conformer, membrane, VHH-hFc, cell-surface accessibility, affinity, or blocking prediction.
P1MCPUFP__CPUFP500K_0289__00496	31		8x6b	42	/data/qlyu/projects/pvrig_top7500_dualpanel_screen_v1_20260724/run/common4_rerank_v2_20260725/final50_structure_bundle_v1_20260725/docking/representative_complexes/R31__P1MCPUFP__CPUFP500K_0289__00496__8x6b__s42__cluster_1_model_1.pdb	87564f4b99c80c6966daed943acd9fd1136f5704dfed9cd8528da6f894493cc6	NTT	80	129		15.928153	POTENTIAL_GLYCAN_ANCHOR_NEARBY_10_TO_20A	NOT_RESOLVED_ISOLATED_DOMAIN_PVRIG_41_TO_152	N-X-S/T sequon-anchor geometry only; no glycan conformer, membrane, VHH-hFc, cell-surface accessibility, affinity, or blocking prediction.
P1MCPUFP__CPUFP500K_0289__00496	31		8x6b	917	/data/qlyu/projects/pvrig_top7500_dualpanel_screen_v1_20260724/run/common4_rerank_v2_20260725/final50_structure_bundle_v1_20260725/docking/representative_complexes/R31__P1MCPUFP__CPUFP500K_0289__00496__8x6b__s917__cluster_1_model_1.pdb	ba47bf952589c139c13d7f386e5e1add6f1f37baf9587423e95284429757f093	NTT	80	129		15.797569	POTENTIAL_GLYCAN_ANCHOR_NEARBY_10_TO_20A	NOT_RESOLVED_ISOLATED_DOMAIN_PVRIG_41_TO_152	N-X-S/T sequon-anchor geometry only; no glycan conformer, membrane, VHH-hFc, cell-surface accessibility, affinity, or blocking prediction.
P1MCPUFP__CPUFP500K_0289__00496	31		8x6b	1931	/data/qlyu/projects/pvrig_top7500_dualpanel_screen_v1_20260724/run/common4_rerank_v2_20260725/final50_structure_bundle_v1_20260725/docking/representative_complexes/R31__P1MCPUFP__CPUFP500K_0289__00496__8x6b__s1931__cluster_1_model_1.pdb	a816df5e38eed919e84d092e0f994016416d6ed48e4a5f10ac3866d84dea76b0	NTT	80	129		17.304207	POTENTIAL_GLYCAN_ANCHOR_NEARBY_10_TO_20A	NOT_RESOLVED_ISOLATED_DOMAIN_PVRIG_41_TO_152	N-X-S/T sequon-anchor geometry only; no glycan conformer, membrane, VHH-hFc, cell-surface accessibility, affinity, or blocking prediction.
P1MCPUFP__CPUFP500K_0289__00496	31		8x6b	3047	/data/qlyu/projects/pvrig_top7500_dualpanel_screen_v1_20260724/run/common4_rerank_v2_20260725/final50_structure_bundle_v1_20260725/docking/representative_complexes/R31__P1MCPUFP__CPUFP500K_0289__00496__8x6b__s3047__cluster_1_model_1.pdb	4fe512cd97cde73e6a2b5e6b575a49a0c07be9d3578af8ea0d3c89b585f71c5d	NTT	80	129		16.812517	POTENTIAL_GLYCAN_ANCHOR_NEARBY_10_TO_20A	NOT_RESOLVED_ISOLATED_DOMAIN_PVRIG_41_TO_152	N-X-S/T sequon-anchor geometry only; no glycan conformer, membrane, VHH-hFc, cell-surface accessibility, affinity, or blocking prediction.
P1MCPUFP__CPUFP500K_0289__00496	31		9e6y	42	/data/qlyu/projects/pvrig_top7500_dualpanel_screen_v1_20260724/run/common4_rerank_v2_20260725/final50_structure_bundle_v1_20260725/docking/representative_complexes/R31__P1MCPUFP__CPUFP500K_0289__00496__9e6y__s42__cluster_1_model_1.pdb	fb669744773833489b9652200d8347d6453a5787656fa333047b887ef4b9f7ed	NTT	84	129		15.20523	POTENTIAL_GLYCAN_ANCHOR_NEARBY_10_TO_20A	NOT_RESOLVED_ISOLATED_DOMAIN_PVRIG_41_TO_152	N-X-S/T sequon-anchor geometry only; no glycan conformer, membrane, VHH-hFc, cell-surface accessibility, affinity, or blocking prediction.
P1MCPUFP__CPUFP500K_0289__00496	31		9e6y	917	/data/qlyu/projects/pvrig_top7500_dualpanel_screen_v1_20260724/run/common4_rerank_v2_20260725/final50_structure_bundle_v1_20260725/docking/representative_complexes/R31__P1MCPUFP__CPUFP500K_0289__00496__9e6y__s917__cluster_1_model_1.pdb	0e4b78113261c457e45a72e9897486e4335e7f0518d4953952456a52ded4606f	NTT	84	129		15.090027	POTENTIAL_GLYCAN_ANCHOR_NEARBY_10_TO_20A	NOT_RESOLVED_ISOLATED_DOMAIN_PVRIG_41_TO_152	N-X-S/T sequon-anchor geometry only; no glycan conformer, membrane, VHH-hFc, cell-surface accessibility, affinity, or blocking prediction.
P1MCPUFP__CPUFP500K_0289__00496	31		9e6y	1931	/data/qlyu/projects/pvrig_top7500_dualpanel_screen_v1_20260724/run/common4_rerank_v2_20260725/final50_structure_bundle_v1_20260725/docking/representative_complexes/R31__P1MCPUFP__CPUFP500K_0289__00496__9e6y__s1931__cluster_1_model_1.pdb	f84667a55cb3f9999e4dc29099be30759e1859110bc947343068480181ccb6a0	NTT	84	129		17.013053	POTENTIAL_GLYCAN_ANCHOR_NEARBY_10_TO_20A	NOT_RESOLVED_ISOLATED_DOMAIN_PVRIG_41_TO_152	N-X-S/T sequon-anchor geometry only; no glycan conformer, membrane, VHH-hFc, cell-surface accessibility, affinity, or blocking prediction.
P1MCPUFP__CPUFP500K_0289__00496	31		9e6y	3047	/data/qlyu/projects/pvrig_top7500_dualpanel_screen_v1_20260724/run/common4_rerank_v2_20260725/final50_structure_bundle_v1_20260725/docking/representative_complexes/R31__P1MCPUFP__CPUFP500K_0289__00496__9e6y__s3047__cluster_1_model_1.pdb	6df449f82f9f327e5f7d8375f72b50ea6461240853d1555be488e639a9827e85	NTT	84	129		17.156024	POTENTIAL_GLYCAN_ANCHOR_NEARBY_10_TO_20A	NOT_RESOLVED_ISOLATED_DOMAIN_PVRIG_41_TO_152	N-X-S/T sequon-anchor geometry only; no glycan conformer, membrane, VHH-hFc, cell-surface accessibility, affinity, or blocking prediction.
P1MCPUFP__CPUFP500K_0091__00849	32		8x6b	42	/data/qlyu/projects/pvrig_top7500_dualpanel_screen_v1_20260724/run/common4_rerank_v2_20260725/final50_structure_bundle_v1_20260725/docking/representative_complexes/R32__P1MCPUFP__CPUFP500K_0091__00849__8x6b__s42__cluster_1_model_1.pdb	88f67ab33096647469dfe246021ccb43f4755f8208c160466a7079b1868a69d4	NTT	80	129		18.113513	POTENTIAL_GLYCAN_ANCHOR_NEARBY_10_TO_20A	NOT_RESOLVED_ISOLATED_DOMAIN_PVRIG_41_TO_152	N-X-S/T sequon-anchor geometry only; no glycan conformer, membrane, VHH-hFc, cell-surface accessibility, affinity, or blocking prediction.
P1MCPUFP__CPUFP500K_0091__00849	32		8x6b	917	/data/qlyu/projects/pvrig_top7500_dualpanel_screen_v1_20260724/run/common4_rerank_v2_20260725/final50_structure_bundle_v1_20260725/docking/representative_complexes/R32__P1MCPUFP__CPUFP500K_0091__00849__8x6b__s917__cluster_1_model_1.pdb	3b8b1d2851c0f0ca490364820a168830a43e1c994ff7984bf1161149fe7e93cc	NTT	80	129		17.782849	POTENTIAL_GLYCAN_ANCHOR_NEARBY_10_TO_20A	NOT_RESOLVED_ISOLATED_DOMAIN_PVRIG_41_TO_152	N-X-S/T sequon-anchor geometry only; no glycan conformer, membrane, VHH-hFc, cell-surface accessibility, affinity, or blocking prediction.
P1MCPUFP__CPUFP500K_0091__00849	32		8x6b	1931	/data/qlyu/projects/pvrig_top7500_dualpanel_screen_v1_20260724/run/common4_rerank_v2_20260725/final50_structure_bundle_v1_20260725/docking/representative_complexes/R32__P1MCPUFP__CPUFP500K_0091__00849__8x6b__s1931__cluster_1_model_1.pdb	560b8038051c05c17eb5dc8162c74f9f498d3881012109e057f45f6f3822d74d	NTT	80	129		17.771533	POTENTIAL_GLYCAN_ANCHOR_NEARBY_10_TO_20A	NOT_RESOLVED_ISOLATED_DOMAIN_PVRIG_41_TO_152	N-X-S/T sequon-anchor geometry only; no glycan conformer, membrane, VHH-hFc, cell-surface accessibility, affinity, or blocking prediction.
P1MCPUFP__CPUFP500K_0091__00849	32		8x6b	3047	/data/qlyu/projects/pvrig_top7500_dualpanel_screen_v1_20260724/run/common4_rerank_v2_20260725/final50_structure_bundle_v1_20260725/docking/representative_complexes/R32__P1MCPUFP__CPUFP500K_0091__00849__8x6b__s3047__cluster_1_model_1.pdb	0acd1b2b96d76ee46d07d7b8c6811248c861cc1816769dd681b19362ac24c657	NTT	80	129		18.01596	POTENTIAL_GLYCAN_ANCHOR_NEARBY_10_TO_20A	NOT_RESOLVED_ISOLATED_DOMAIN_PVRIG_41_TO_152	N-X-S/T sequon-anchor geometry only; no glycan conformer, membrane, VHH-hFc, cell-surface accessibility, affinity, or blocking prediction.
P1MCPUFP__CPUFP500K_0091__00849	32		9e6y	42	/data/qlyu/projects/pvrig_top7500_dualpanel_screen_v1_20260724/run/common4_rerank_v2_20260725/final50_structure_bundle_v1_20260725/docking/representative_complexes/R32__P1MCPUFP__CPUFP500K_0091__00849__9e6y__s42__cluster_1_model_1.pdb	833bb54c77004b4f0261aba6928423cb31e1d8832e546d34a2269f477b253d3e	NTT	84	129		18.45955	POTENTIAL_GLYCAN_ANCHOR_NEARBY_10_TO_20A	NOT_RESOLVED_ISOLATED_DOMAIN_PVRIG_41_TO_152	N-X-S/T sequon-anchor geometry only; no glycan conformer, membrane, VHH-hFc, cell-surface accessibility, affinity, or blocking prediction.
P1MCPUFP__CPUFP500K_0091__00849	32		9e6y	917	/data/qlyu/projects/pvrig_top7500_dualpanel_screen_v1_20260724/run/common4_rerank_v2_20260725/final50_structure_bundle_v1_20260725/docking/representative_complexes/R32__P1MCPUFP__CPUFP500K_0091__00849__9e6y__s917__cluster_1_model_1.pdb	73c5f389834c5bda034c2f8d593113827626cd8f73295d65a2ddbf1b54bc94e4	NTT	84	129		18.651585	POTENTIAL_GLYCAN_ANCHOR_NEARBY_10_TO_20A	NOT_RESOLVED_ISOLATED_DOMAIN_PVRIG_41_TO_152	N-X-S/T sequon-anchor geometry only; no glycan conformer, membrane, VHH-hFc, cell-surface accessibility, affinity, or blocking prediction.
P1MCPUFP__CPUFP500K_0091__00849	32		9e6y	1931	/data/qlyu/projects/pvrig_top7500_dualpanel_screen_v1_20260724/run/common4_rerank_v2_20260725/final50_structure_bundle_v1_20260725/docking/representative_complexes/R32__P1MCPUFP__CPUFP500K_0091__00849__9e6y__s1931__cluster_1_model_1.pdb	c95fcb804622679b5d09f6a029ca2830a1289ce8bab5097d557c37377888d2fd	NTT	84	129		18.67304	POTENTIAL_GLYCAN_ANCHOR_NEARBY_10_TO_20A	NOT_RESOLVED_ISOLATED_DOMAIN_PVRIG_41_TO_152	N-X-S/T sequon-anchor geometry only; no glycan conformer, membrane, VHH-hFc, cell-surface accessibility, affinity, or blocking prediction.
P1MCPUFP__CPUFP500K_0091__00849	32		9e6y	3047	/data/qlyu/projects/pvrig_top7500_dualpanel_screen_v1_20260724/run/common4_rerank_v2_20260725/final50_structure_bundle_v1_20260725/docking/representative_complexes/R32__P1MCPUFP__CPUFP500K_0091__00849__9e6y__s3047__cluster_1_model_1.pdb	804a87449d9a1188f2be5f9443572006671daf063bead1df35b33d03750a6483	NTT	84	129		16.225146	POTENTIAL_GLYCAN_ANCHOR_NEARBY_10_TO_20A	NOT_RESOLVED_ISOLATED_DOMAIN_PVRIG_41_TO_152	N-X-S/T sequon-anchor geometry only; no glycan conformer, membrane, VHH-hFc, cell-surface accessibility, affinity, or blocking prediction.
P1MCPUFP__CPUFP500K_0388__00174	33		8x6b	42	/data/qlyu/projects/pvrig_top7500_dualpanel_screen_v1_20260724/run/common4_rerank_v2_20260725/final50_structure_bundle_v1_20260725/docking/representative_complexes/R33__P1MCPUFP__CPUFP500K_0388__00174__8x6b__s42__cluster_1_model_1.pdb	af745602b38b7cd452f70481842e3a1d3eac76d5345a54d88d4b702c9c60b27e	NTT	80	129		17.434511	POTENTIAL_GLYCAN_ANCHOR_NEARBY_10_TO_20A	NOT_RESOLVED_ISOLATED_DOMAIN_PVRIG_41_TO_152	N-X-S/T sequon-anchor geometry only; no glycan conformer, membrane, VHH-hFc, cell-surface accessibility, affinity, or blocking prediction.
P1MCPUFP__CPUFP500K_0388__00174	33		8x6b	917	/data/qlyu/projects/pvrig_top7500_dualpanel_screen_v1_20260724/run/common4_rerank_v2_20260725/final50_structure_bundle_v1_20260725/docking/representative_complexes/R33__P1MCPUFP__CPUFP500K_0388__00174__8x6b__s917__cluster_1_model_1.pdb	a8c57c49477ec68c5efab764efe3873dcec1e00e8a182dc23977fc140f50e7f3	NTT	80	129		14.275596	POTENTIAL_GLYCAN_ANCHOR_NEARBY_10_TO_20A	NOT_RESOLVED_ISOLATED_DOMAIN_PVRIG_41_TO_152	N-X-S/T sequon-anchor geometry only; no glycan conformer, membrane, VHH-hFc, cell-surface accessibility, affinity, or blocking prediction.
P1MCPUFP__CPUFP500K_0388__00174	33		8x6b	1931	/data/qlyu/projects/pvrig_top7500_dualpanel_screen_v1_20260724/run/common4_rerank_v2_20260725/final50_structure_bundle_v1_20260725/docking/representative_complexes/R33__P1MCPUFP__CPUFP500K_0388__00174__8x6b__s1931__cluster_1_model_1.pdb	8395e9a78d9afc6d2d42065326b3e08d443bfb6cf6c19e30a10ba54a0c4c8178	NTT	80	129		17.208157	POTENTIAL_GLYCAN_ANCHOR_NEARBY_10_TO_20A	NOT_RESOLVED_ISOLATED_DOMAIN_PVRIG_41_TO_152	N-X-S/T sequon-anchor geometry only; no glycan conformer, membrane, VHH-hFc, cell-surface accessibility, affinity, or blocking prediction.
P1MCPUFP__CPUFP500K_0388__00174	33		8x6b	3047	/data/qlyu/projects/pvrig_top7500_dualpanel_screen_v1_20260724/run/common4_rerank_v2_20260725/final50_structure_bundle_v1_20260725/docking/representative_complexes/R33__P1MCPUFP__CPUFP500K_0388__00174__8x6b__s3047__cluster_1_model_1.pdb	eaf80d0a5580239df516741073619aefc7035e1ba3969de6dc0e3ccf903d540f	NTT	80	129		18.022697	POTENTIAL_GLYCAN_ANCHOR_NEARBY_10_TO_20A	NOT_RESOLVED_ISOLATED_DOMAIN_PVRIG_41_TO_152	N-X-S/T sequon-anchor geometry only; no glycan conformer, membrane, VHH-hFc, cell-surface accessibility, affinity, or blocking prediction.
P1MCPUFP__CPUFP500K_0388__00174	33		9e6y	42	/data/qlyu/projects/pvrig_top7500_dualpanel_screen_v1_20260724/run/common4_rerank_v2_20260725/final50_structure_bundle_v1_20260725/docking/representative_complexes/R33__P1MCPUFP__CPUFP500K_0388__00174__9e6y__s42__cluster_1_model_1.pdb	8a30dcd95d9d7c81422d6c867bad369c8529819a90b97f9e54f6f18b0994be21	NTT	84	129		17.970905	POTENTIAL_GLYCAN_ANCHOR_NEARBY_10_TO_20A	NOT_RESOLVED_ISOLATED_DOMAIN_PVRIG_41_TO_152	N-X-S/T sequon-anchor geometry only; no glycan conformer, membrane, VHH-hFc, cell-surface accessibility, affinity, or blocking prediction.
P1MCPUFP__CPUFP500K_0388__00174	33		9e6y	917	/data/qlyu/projects/pvrig_top7500_dualpanel_screen_v1_20260724/run/common4_rerank_v2_20260725/final50_structure_bundle_v1_20260725/docking/representative_complexes/R33__P1MCPUFP__CPUFP500K_0388__00174__9e6y__s917__cluster_1_model_1.pdb	da629c9071fd249ebd40f8e47c80f7d3a3b0c38f84c2bab8ff65601b71c79268	NTT	84	129		15.756806	POTENTIAL_GLYCAN_ANCHOR_NEARBY_10_TO_20A	NOT_RESOLVED_ISOLATED_DOMAIN_PVRIG_41_TO_152	N-X-S/T sequon-anchor geometry only; no glycan conformer, membrane, VHH-hFc, cell-surface accessibility, affinity, or blocking prediction.
P1MCPUFP__CPUFP500K_0388__00174	33		9e6y	1931	/data/qlyu/projects/pvrig_top7500_dualpanel_screen_v1_20260724/run/common4_rerank_v2_20260725/final50_structure_bundle_v1_20260725/docking/representative_complexes/R33__P1MCPUFP__CPUFP500K_0388__00174__9e6y__s1931__cluster_1_model_1.pdb	a07158c924fccdb2bfbcfe2d19fde5e3d065e805d730a3b0419fc2d414247c23	NTT	84	129		17.776587	POTENTIAL_GLYCAN_ANCHOR_NEARBY_10_TO_20A	NOT_RESOLVED_ISOLATED_DOMAIN_PVRIG_41_TO_152	N-X-S/T sequon-anchor geometry only; no glycan conformer, membrane, VHH-hFc, cell-surface accessibility, affinity, or blocking prediction.
P1MCPUFP__CPUFP500K_0388__00174	33		9e6y	3047	/data/qlyu/projects/pvrig_top7500_dualpanel_screen_v1_20260724/run/common4_rerank_v2_20260725/final50_structure_bundle_v1_20260725/docking/representative_complexes/R33__P1MCPUFP__CPUFP500K_0388__00174__9e6y__s3047__cluster_1_model_1.pdb	bfaa94cd39489defa34828b9beee30b74bdbd82d6ff2bf9478fb83a6137b99ae	NTT	84	129		18.456355	POTENTIAL_GLYCAN_ANCHOR_NEARBY_10_TO_20A	NOT_RESOLVED_ISOLATED_DOMAIN_PVRIG_41_TO_152	N-X-S/T sequon-anchor geometry only; no glycan conformer, membrane, VHH-hFc, cell-surface accessibility, affinity, or blocking prediction.
P1MCPUFP__CPUFP500K_0487__00827	34		8x6b	42	/data/qlyu/projects/pvrig_top7500_dualpanel_screen_v1_20260724/run/common4_rerank_v2_20260725/final50_structure_bundle_v1_20260725/docking/representative_complexes/R34__P1MCPUFP__CPUFP500K_0487__00827__8x6b__s42__cluster_1_model_1.pdb	73dc24537cbf5f54faa04f55d24ee7f57d6eaa8931aa927d8e40cf0dcbe69761	NTT	80	129		18.430386	POTENTIAL_GLYCAN_ANCHOR_NEARBY_10_TO_20A	NOT_RESOLVED_ISOLATED_DOMAIN_PVRIG_41_TO_152	N-X-S/T sequon-anchor geometry only; no glycan conformer, membrane, VHH-hFc, cell-surface accessibility, affinity, or blocking prediction.
P1MCPUFP__CPUFP500K_0487__00827	34		8x6b	917	/data/qlyu/projects/pvrig_top7500_dualpanel_screen_v1_20260724/run/common4_rerank_v2_20260725/final50_structure_bundle_v1_20260725/docking/representative_complexes/R34__P1MCPUFP__CPUFP500K_0487__00827__8x6b__s917__cluster_1_model_1.pdb	dddd82b83383dcdc52f302d8111ffb7b3630c1e20dd6413163b8e17a6160b424	NTT	80	129		13.079291	POTENTIAL_GLYCAN_ANCHOR_NEARBY_10_TO_20A	NOT_RESOLVED_ISOLATED_DOMAIN_PVRIG_41_TO_152	N-X-S/T sequon-anchor geometry only; no glycan conformer, membrane, VHH-hFc, cell-surface accessibility, affinity, or blocking prediction.
P1MCPUFP__CPUFP500K_0487__00827	34		8x6b	1931	/data/qlyu/projects/pvrig_top7500_dualpanel_screen_v1_20260724/run/common4_rerank_v2_20260725/final50_structure_bundle_v1_20260725/docking/representative_complexes/R34__P1MCPUFP__CPUFP500K_0487__00827__8x6b__s1931__cluster_1_model_1.pdb	b0b9011311e5cdad11ec7d43f931b479a10fcc0210da54a3ff87b923522d005a	NTT	80	129		18.928919	POTENTIAL_GLYCAN_ANCHOR_NEARBY_10_TO_20A	NOT_RESOLVED_ISOLATED_DOMAIN_PVRIG_41_TO_152	N-X-S/T sequon-anchor geometry only; no glycan conformer, membrane, VHH-hFc, cell-surface accessibility, affinity, or blocking prediction.
P1MCPUFP__CPUFP500K_0487__00827	34		8x6b	3047	/data/qlyu/projects/pvrig_top7500_dualpanel_screen_v1_20260724/run/common4_rerank_v2_20260725/final50_structure_bundle_v1_20260725/docking/representative_complexes/R34__P1MCPUFP__CPUFP500K_0487__00827__8x6b__s3047__cluster_1_model_1.pdb	bb1f1201bf744f2203a8716528ed53b9f203bc07b02790b968813f35dbb2eb03	NTT	80	129		18.520452	POTENTIAL_GLYCAN_ANCHOR_NEARBY_10_TO_20A	NOT_RESOLVED_ISOLATED_DOMAIN_PVRIG_41_TO_152	N-X-S/T sequon-anchor geometry only; no glycan conformer, membrane, VHH-hFc, cell-surface accessibility, affinity, or blocking prediction.
P1MCPUFP__CPUFP500K_0487__00827	34		9e6y	42	/data/qlyu/projects/pvrig_top7500_dualpanel_screen_v1_20260724/run/common4_rerank_v2_20260725/final50_structure_bundle_v1_20260725/docking/representative_complexes/R34__P1MCPUFP__CPUFP500K_0487__00827__9e6y__s42__cluster_1_model_1.pdb	0e54d5ed69fab58e9f6a5d4c26795b611ee65eef3b5c95bd6c28d0315e41406b	NTT	84	129		17.931563	POTENTIAL_GLYCAN_ANCHOR_NEARBY_10_TO_20A	NOT_RESOLVED_ISOLATED_DOMAIN_PVRIG_41_TO_152	N-X-S/T sequon-anchor geometry only; no glycan conformer, membrane, VHH-hFc, cell-surface accessibility, affinity, or blocking prediction.
P1MCPUFP__CPUFP500K_0487__00827	34		9e6y	917	/data/qlyu/projects/pvrig_top7500_dualpanel_screen_v1_20260724/run/common4_rerank_v2_20260725/final50_structure_bundle_v1_20260725/docking/representative_complexes/R34__P1MCPUFP__CPUFP500K_0487__00827__9e6y__s917__cluster_1_model_1.pdb	caa0f66b69f9fa3c0328eb9a99fe26fdba3a3473b2f7a66480292f6ddc7b27e7	NTT	84	129		14.464305	POTENTIAL_GLYCAN_ANCHOR_NEARBY_10_TO_20A	NOT_RESOLVED_ISOLATED_DOMAIN_PVRIG_41_TO_152	N-X-S/T sequon-anchor geometry only; no glycan conformer, membrane, VHH-hFc, cell-surface accessibility, affinity, or blocking prediction.
P1MCPUFP__CPUFP500K_0487__00827	34		9e6y	1931	/data/qlyu/projects/pvrig_top7500_dualpanel_screen_v1_20260724/run/common4_rerank_v2_20260725/final50_structure_bundle_v1_20260725/docking/representative_complexes/R34__P1MCPUFP__CPUFP500K_0487__00827__9e6y__s1931__cluster_1_model_1.pdb	b3c24d6cedde12f2f354087603a5fb5fc74169ee104a8e770e773210eeab9116	NTT	84	129		16.092282	POTENTIAL_GLYCAN_ANCHOR_NEARBY_10_TO_20A	NOT_RESOLVED_ISOLATED_DOMAIN_PVRIG_41_TO_152	N-X-S/T sequon-anchor geometry only; no glycan conformer, membrane, VHH-hFc, cell-surface accessibility, affinity, or blocking prediction.
P1MCPUFP__CPUFP500K_0487__00827	34		9e6y	3047	/data/qlyu/projects/pvrig_top7500_dualpanel_screen_v1_20260724/run/common4_rerank_v2_20260725/final50_structure_bundle_v1_20260725/docking/representative_complexes/R34__P1MCPUFP__CPUFP500K_0487__00827__9e6y__s3047__cluster_1_model_1.pdb	3fe701ba8c63a0db370225e560c7e5fe1a09ac275382c923bebeea0eafb80813	NTT	84	129		20.026501	GLYCAN_ANCHOR_CLEAR_GEOMETRIC_PROXY_GE20A	NOT_RESOLVED_ISOLATED_DOMAIN_PVRIG_41_TO_152	N-X-S/T sequon-anchor geometry only; no glycan conformer, membrane, VHH-hFc, cell-surface accessibility, affinity, or blocking prediction.
P1MCPUFP__CPUFP500K_0029__00647	35		8x6b	42	/data/qlyu/projects/pvrig_top7500_dualpanel_screen_v1_20260724/run/common4_rerank_v2_20260725/final50_structure_bundle_v1_20260725/docking/representative_complexes/R35__P1MCPUFP__CPUFP500K_0029__00647__8x6b__s42__cluster_1_model_1.pdb	f0232b42876562c205099c88a25494feab8ccdd975f28bab189651928e0c7fe3	NTT	80	129		18.570016	POTENTIAL_GLYCAN_ANCHOR_NEARBY_10_TO_20A	NOT_RESOLVED_ISOLATED_DOMAIN_PVRIG_41_TO_152	N-X-S/T sequon-anchor geometry only; no glycan conformer, membrane, VHH-hFc, cell-surface accessibility, affinity, or blocking prediction.
P1MCPUFP__CPUFP500K_0029__00647	35		8x6b	917	/data/qlyu/projects/pvrig_top7500_dualpanel_screen_v1_20260724/run/common4_rerank_v2_20260725/final50_structure_bundle_v1_20260725/docking/representative_complexes/R35__P1MCPUFP__CPUFP500K_0029__00647__8x6b__s917__cluster_1_model_1.pdb	3a5aa7837920c9f6e8e16a9a53c825de2dd9e010bb4d48d79dd503f4fb5da47b	NTT	80	129		16.761882	POTENTIAL_GLYCAN_ANCHOR_NEARBY_10_TO_20A	NOT_RESOLVED_ISOLATED_DOMAIN_PVRIG_41_TO_152	N-X-S/T sequon-anchor geometry only; no glycan conformer, membrane, VHH-hFc, cell-surface accessibility, affinity, or blocking prediction.
P1MCPUFP__CPUFP500K_0029__00647	35		8x6b	1931	/data/qlyu/projects/pvrig_top7500_dualpanel_screen_v1_20260724/run/common4_rerank_v2_20260725/final50_structure_bundle_v1_20260725/docking/representative_complexes/R35__P1MCPUFP__CPUFP500K_0029__00647__8x6b__s1931__cluster_1_model_1.pdb	9d0dc774db481104fbc6a916e420967985d3c27d4f7256b5bd4a2b7591a17a82	NTT	80	129		18.553541	POTENTIAL_GLYCAN_ANCHOR_NEARBY_10_TO_20A	NOT_RESOLVED_ISOLATED_DOMAIN_PVRIG_41_TO_152	N-X-S/T sequon-anchor geometry only; no glycan conformer, membrane, VHH-hFc, cell-surface accessibility, affinity, or blocking prediction.
P1MCPUFP__CPUFP500K_0029__00647	35		8x6b	3047	/data/qlyu/projects/pvrig_top7500_dualpanel_screen_v1_20260724/run/common4_rerank_v2_20260725/final50_structure_bundle_v1_20260725/docking/representative_complexes/R35__P1MCPUFP__CPUFP500K_0029__00647__8x6b__s3047__cluster_1_model_1.pdb	0a669401cd5a0e2831f44bb4dedcb45110c71a344ac2f4d50f10ecd4604906bc	NTT	80	129		18.236092	POTENTIAL_GLYCAN_ANCHOR_NEARBY_10_TO_20A	NOT_RESOLVED_ISOLATED_DOMAIN_PVRIG_41_TO_152	N-X-S/T sequon-anchor geometry only; no glycan conformer, membrane, VHH-hFc, cell-surface accessibility, affinity, or blocking prediction.
P1MCPUFP__CPUFP500K_0029__00647	35		9e6y	42	/data/qlyu/projects/pvrig_top7500_dualpanel_screen_v1_20260724/run/common4_rerank_v2_20260725/final50_structure_bundle_v1_20260725/docking/representative_complexes/R35__P1MCPUFP__CPUFP500K_0029__00647__9e6y__s42__cluster_1_model_1.pdb	4309be359111750b340d48591efe0ae7ba1a84ebcbfac4220898f70cab6b7998	NTT	84	129		18.072256	POTENTIAL_GLYCAN_ANCHOR_NEARBY_10_TO_20A	NOT_RESOLVED_ISOLATED_DOMAIN_PVRIG_41_TO_152	N-X-S/T sequon-anchor geometry only; no glycan conformer, membrane, VHH-hFc, cell-surface accessibility, affinity, or blocking prediction.
P1MCPUFP__CPUFP500K_0029__00647	35		9e6y	917	/data/qlyu/projects/pvrig_top7500_dualpanel_screen_v1_20260724/run/common4_rerank_v2_20260725/final50_structure_bundle_v1_20260725/docking/representative_complexes/R35__P1MCPUFP__CPUFP500K_0029__00647__9e6y__s917__cluster_1_model_1.pdb	ad31f341a5dec8acfe3dca090f5606523380871183a04ce4d2a8809c8cae5155	NTT	84	129		18.067985	POTENTIAL_GLYCAN_ANCHOR_NEARBY_10_TO_20A	NOT_RESOLVED_ISOLATED_DOMAIN_PVRIG_41_TO_152	N-X-S/T sequon-anchor geometry only; no glycan conformer, membrane, VHH-hFc, cell-surface accessibility, affinity, or blocking prediction.
P1MCPUFP__CPUFP500K_0029__00647	35		9e6y	1931	/data/qlyu/projects/pvrig_top7500_dualpanel_screen_v1_20260724/run/common4_rerank_v2_20260725/final50_structure_bundle_v1_20260725/docking/representative_complexes/R35__P1MCPUFP__CPUFP500K_0029__00647__9e6y__s1931__cluster_1_model_1.pdb	88a8306c4e6b241d8eeb5ee2c1335cd26bf85bc4260e9ae48c48b799a5221756	NTT	84	129		18.587411	POTENTIAL_GLYCAN_ANCHOR_NEARBY_10_TO_20A	NOT_RESOLVED_ISOLATED_DOMAIN_PVRIG_41_TO_152	N-X-S/T sequon-anchor geometry only; no glycan conformer, membrane, VHH-hFc, cell-surface accessibility, affinity, or blocking prediction.
P1MCPUFP__CPUFP500K_0029__00647	35		9e6y	3047	/data/qlyu/projects/pvrig_top7500_dualpanel_screen_v1_20260724/run/common4_rerank_v2_20260725/final50_structure_bundle_v1_20260725/docking/representative_complexes/R35__P1MCPUFP__CPUFP500K_0029__00647__9e6y__s3047__cluster_1_model_1.pdb	72f7a439fbd589ee06506bf65fcaf35a0c0c0a152164167846bc3187907686ec	NTT	84	129		18.820959	POTENTIAL_GLYCAN_ANCHOR_NEARBY_10_TO_20A	NOT_RESOLVED_ISOLATED_DOMAIN_PVRIG_41_TO_152	N-X-S/T sequon-anchor geometry only; no glycan conformer, membrane, VHH-hFc, cell-surface accessibility, affinity, or blocking prediction.
P1MCPUFP__CPUFP500K_0388__00797	36		8x6b	42	/data/qlyu/projects/pvrig_top7500_dualpanel_screen_v1_20260724/run/common4_rerank_v2_20260725/final50_structure_bundle_v1_20260725/docking/representative_complexes/R36__P1MCPUFP__CPUFP500K_0388__00797__8x6b__s42__cluster_1_model_1.pdb	e0f468c781dbfd7620045135b9efb8cbc4326a2eb54fe503f1a7aef416da938f	NTT	80	129		14.376395	POTENTIAL_GLYCAN_ANCHOR_NEARBY_10_TO_20A	NOT_RESOLVED_ISOLATED_DOMAIN_PVRIG_41_TO_152	N-X-S/T sequon-anchor geometry only; no glycan conformer, membrane, VHH-hFc, cell-surface accessibility, affinity, or blocking prediction.
P1MCPUFP__CPUFP500K_0388__00797	36		8x6b	917	/data/qlyu/projects/pvrig_top7500_dualpanel_screen_v1_20260724/run/common4_rerank_v2_20260725/final50_structure_bundle_v1_20260725/docking/representative_complexes/R36__P1MCPUFP__CPUFP500K_0388__00797__8x6b__s917__cluster_1_model_1.pdb	137f327c0c25a1faf944acfa23a983524abc9447741083bb8097e416e58f24ef	NTT	80	129		14.153877	POTENTIAL_GLYCAN_ANCHOR_NEARBY_10_TO_20A	NOT_RESOLVED_ISOLATED_DOMAIN_PVRIG_41_TO_152	N-X-S/T sequon-anchor geometry only; no glycan conformer, membrane, VHH-hFc, cell-surface accessibility, affinity, or blocking prediction.
P1MCPUFP__CPUFP500K_0388__00797	36		8x6b	1931	/data/qlyu/projects/pvrig_top7500_dualpanel_screen_v1_20260724/run/common4_rerank_v2_20260725/final50_structure_bundle_v1_20260725/docking/representative_complexes/R36__P1MCPUFP__CPUFP500K_0388__00797__8x6b__s1931__cluster_1_model_1.pdb	881e9ace5330090135ec17fdff9bba9f4b278b6a93c13cf6a83e0646db8d0e6b	NTT	80	129		13.5925	POTENTIAL_GLYCAN_ANCHOR_NEARBY_10_TO_20A	NOT_RESOLVED_ISOLATED_DOMAIN_PVRIG_41_TO_152	N-X-S/T sequon-anchor geometry only; no glycan conformer, membrane, VHH-hFc, cell-surface accessibility, affinity, or blocking prediction.
P1MCPUFP__CPUFP500K_0388__00797	36		8x6b	3047	/data/qlyu/projects/pvrig_top7500_dualpanel_screen_v1_20260724/run/common4_rerank_v2_20260725/final50_structure_bundle_v1_20260725/docking/representative_complexes/R36__P1MCPUFP__CPUFP500K_0388__00797__8x6b__s3047__cluster_1_model_1.pdb	ce4ab0f2b1d783a7e221c30064b456677dd205bb40fca1c02f1e7d66accf2b53	NTT	80	129		14.426324	POTENTIAL_GLYCAN_ANCHOR_NEARBY_10_TO_20A	NOT_RESOLVED_ISOLATED_DOMAIN_PVRIG_41_TO_152	N-X-S/T sequon-anchor geometry only; no glycan conformer, membrane, VHH-hFc, cell-surface accessibility, affinity, or blocking prediction.
P1MCPUFP__CPUFP500K_0388__00797	36		9e6y	42	/data/qlyu/projects/pvrig_top7500_dualpanel_screen_v1_20260724/run/common4_rerank_v2_20260725/final50_structure_bundle_v1_20260725/docking/representative_complexes/R36__P1MCPUFP__CPUFP500K_0388__00797__9e6y__s42__cluster_1_model_1.pdb	ce36ea60ff9592ca5c61b79a3b0e5f8340dc5310388eacf9cc31ef1b7fef1431	NTT	84	129		16.329216	POTENTIAL_GLYCAN_ANCHOR_NEARBY_10_TO_20A	NOT_RESOLVED_ISOLATED_DOMAIN_PVRIG_41_TO_152	N-X-S/T sequon-anchor geometry only; no glycan conformer, membrane, VHH-hFc, cell-surface accessibility, affinity, or blocking prediction.
P1MCPUFP__CPUFP500K_0388__00797	36		9e6y	917	/data/qlyu/projects/pvrig_top7500_dualpanel_screen_v1_20260724/run/common4_rerank_v2_20260725/final50_structure_bundle_v1_20260725/docking/representative_complexes/R36__P1MCPUFP__CPUFP500K_0388__00797__9e6y__s917__cluster_1_model_1.pdb	375f42bf371d062e6fdc97c6d4301785327f05de3f025de491453263abc9cb74	NTT	84	129		15.027506	POTENTIAL_GLYCAN_ANCHOR_NEARBY_10_TO_20A	NOT_RESOLVED_ISOLATED_DOMAIN_PVRIG_41_TO_152	N-X-S/T sequon-anchor geometry only; no glycan conformer, membrane, VHH-hFc, cell-surface accessibility, affinity, or blocking prediction.
P1MCPUFP__CPUFP500K_0388__00797	36		9e6y	1931	/data/qlyu/projects/pvrig_top7500_dualpanel_screen_v1_20260724/run/common4_rerank_v2_20260725/final50_structure_bundle_v1_20260725/docking/representative_complexes/R36__P1MCPUFP__CPUFP500K_0388__00797__9e6y__s1931__cluster_1_model_1.pdb	ef130722318217b9994c8ff9b8420e30a4afe6ea16cc0d603a2a84ea05bda0a1	NTT	84	129		14.742083	POTENTIAL_GLYCAN_ANCHOR_NEARBY_10_TO_20A	NOT_RESOLVED_ISOLATED_DOMAIN_PVRIG_41_TO_152	N-X-S/T sequon-anchor geometry only; no glycan conformer, membrane, VHH-hFc, cell-surface accessibility, affinity, or blocking prediction.
P1MCPUFP__CPUFP500K_0388__00797	36		9e6y	3047	/data/qlyu/projects/pvrig_top7500_dualpanel_screen_v1_20260724/run/common4_rerank_v2_20260725/final50_structure_bundle_v1_20260725/docking/representative_complexes/R36__P1MCPUFP__CPUFP500K_0388__00797__9e6y__s3047__cluster_1_model_1.pdb	85eed1c236b0baa23374d0a6c2bfc96972cbd80578445c593a54e7f107f88dd7	NTT	84	129		14.870655	POTENTIAL_GLYCAN_ANCHOR_NEARBY_10_TO_20A	NOT_RESOLVED_ISOLATED_DOMAIN_PVRIG_41_TO_152	N-X-S/T sequon-anchor geometry only; no glycan conformer, membrane, VHH-hFc, cell-surface accessibility, affinity, or blocking prediction.
P1MCPUFP__CPUFP500K_0134__00289	37		8x6b	42	/data/qlyu/projects/pvrig_top7500_dualpanel_screen_v1_20260724/run/common4_rerank_v2_20260725/final50_structure_bundle_v1_20260725/docking/representative_complexes/R37__P1MCPUFP__CPUFP500K_0134__00289__8x6b__s42__cluster_1_model_1.pdb	582589bb90d2d71ff10a42e0f1008a275479961bb6eaeb8860796539723fc75e	NTT	80	129		16.822827	POTENTIAL_GLYCAN_ANCHOR_NEARBY_10_TO_20A	NOT_RESOLVED_ISOLATED_DOMAIN_PVRIG_41_TO_152	N-X-S/T sequon-anchor geometry only; no glycan conformer, membrane, VHH-hFc, cell-surface accessibility, affinity, or blocking prediction.
P1MCPUFP__CPUFP500K_0134__00289	37		8x6b	917	/data/qlyu/projects/pvrig_top7500_dualpanel_screen_v1_20260724/run/common4_rerank_v2_20260725/final50_structure_bundle_v1_20260725/docking/representative_complexes/R37__P1MCPUFP__CPUFP500K_0134__00289__8x6b__s917__cluster_1_model_1.pdb	a6df6efa3aca92d7721d739acc50820583a59a7ed99b27a749f232efadd67882	NTT	80	129		17.087353	POTENTIAL_GLYCAN_ANCHOR_NEARBY_10_TO_20A	NOT_RESOLVED_ISOLATED_DOMAIN_PVRIG_41_TO_152	N-X-S/T sequon-anchor geometry only; no glycan conformer, membrane, VHH-hFc, cell-surface accessibility, affinity, or blocking prediction.
P1MCPUFP__CPUFP500K_0134__00289	37		8x6b	1931	/data/qlyu/projects/pvrig_top7500_dualpanel_screen_v1_20260724/run/common4_rerank_v2_20260725/final50_structure_bundle_v1_20260725/docking/representative_complexes/R37__P1MCPUFP__CPUFP500K_0134__00289__8x6b__s1931__cluster_1_model_1.pdb	70ee6421ff1295a280b355cb9c4808d71a0a8edb5b64db6acf170fbff91a36bc	NTT	80	129		17.274404	POTENTIAL_GLYCAN_ANCHOR_NEARBY_10_TO_20A	NOT_RESOLVED_ISOLATED_DOMAIN_PVRIG_41_TO_152	N-X-S/T sequon-anchor geometry only; no glycan conformer, membrane, VHH-hFc, cell-surface accessibility, affinity, or blocking prediction.
P1MCPUFP__CPUFP500K_0134__00289	37		8x6b	3047	/data/qlyu/projects/pvrig_top7500_dualpanel_screen_v1_20260724/run/common4_rerank_v2_20260725/final50_structure_bundle_v1_20260725/docking/representative_complexes/R37__P1MCPUFP__CPUFP500K_0134__00289__8x6b__s3047__cluster_1_model_1.pdb	54a44928aee9fb519078dc12547f87d2fd4a6b1dd625a590533a8046df391486	NTT	80	129		17.009492	POTENTIAL_GLYCAN_ANCHOR_NEARBY_10_TO_20A	NOT_RESOLVED_ISOLATED_DOMAIN_PVRIG_41_TO_152	N-X-S/T sequon-anchor geometry only; no glycan conformer, membrane, VHH-hFc, cell-surface accessibility, affinity, or blocking prediction.
P1MCPUFP__CPUFP500K_0134__00289	37		9e6y	42	/data/qlyu/projects/pvrig_top7500_dualpanel_screen_v1_20260724/run/common4_rerank_v2_20260725/final50_structure_bundle_v1_20260725/docking/representative_complexes/R37__P1MCPUFP__CPUFP500K_0134__00289__9e6y__s42__cluster_1_model_1.pdb	4345cc72f074925d6995b230c3c44ecd9e02b673f6f76760c7a7031cf7c2f5c4	NTT	84	129		17.061585	POTENTIAL_GLYCAN_ANCHOR_NEARBY_10_TO_20A	NOT_RESOLVED_ISOLATED_DOMAIN_PVRIG_41_TO_152	N-X-S/T sequon-anchor geometry only; no glycan conformer, membrane, VHH-hFc, cell-surface accessibility, affinity, or blocking prediction.
P1MCPUFP__CPUFP500K_0134__00289	37		9e6y	917	/data/qlyu/projects/pvrig_top7500_dualpanel_screen_v1_20260724/run/common4_rerank_v2_20260725/final50_structure_bundle_v1_20260725/docking/representative_complexes/R37__P1MCPUFP__CPUFP500K_0134__00289__9e6y__s917__cluster_1_model_1.pdb	c7c2e4928039c016754d19a10727ee6bd2da13655031e66938cd5842f04e138c	NTT	84	129		17.598374	POTENTIAL_GLYCAN_ANCHOR_NEARBY_10_TO_20A	NOT_RESOLVED_ISOLATED_DOMAIN_PVRIG_41_TO_152	N-X-S/T sequon-anchor geometry only; no glycan conformer, membrane, VHH-hFc, cell-surface accessibility, affinity, or blocking prediction.
P1MCPUFP__CPUFP500K_0134__00289	37		9e6y	1931	/data/qlyu/projects/pvrig_top7500_dualpanel_screen_v1_20260724/run/common4_rerank_v2_20260725/final50_structure_bundle_v1_20260725/docking/representative_complexes/R37__P1MCPUFP__CPUFP500K_0134__00289__9e6y__s1931__cluster_1_model_1.pdb	0c7a8826610ec1c5de817b2ea85106f281b7533457fa99c01d5f2c6cd6138a4c	NTT	84	129		18.806245	POTENTIAL_GLYCAN_ANCHOR_NEARBY_10_TO_20A	NOT_RESOLVED_ISOLATED_DOMAIN_PVRIG_41_TO_152	N-X-S/T sequon-anchor geometry only; no glycan conformer, membrane, VHH-hFc, cell-surface accessibility, affinity, or blocking prediction.
P1MCPUFP__CPUFP500K_0134__00289	37		9e6y	3047	/data/qlyu/projects/pvrig_top7500_dualpanel_screen_v1_20260724/run/common4_rerank_v2_20260725/final50_structure_bundle_v1_20260725/docking/representative_complexes/R37__P1MCPUFP__CPUFP500K_0134__00289__9e6y__s3047__cluster_1_model_1.pdb	bcfb0a7824b251a7d8743a9fa4f8bbf8e92f1abd9255f46f663906fe4e831b5d	NTT	84	129		17.725078	POTENTIAL_GLYCAN_ANCHOR_NEARBY_10_TO_20A	NOT_RESOLVED_ISOLATED_DOMAIN_PVRIG_41_TO_152	N-X-S/T sequon-anchor geometry only; no glycan conformer, membrane, VHH-hFc, cell-surface accessibility, affinity, or blocking prediction.
P1MCPUFP__CPUFP500K_0128__00809	38		8x6b	42	/data/qlyu/projects/pvrig_top7500_dualpanel_screen_v1_20260724/run/common4_rerank_v2_20260725/final50_structure_bundle_v1_20260725/docking/representative_complexes/R38__P1MCPUFP__CPUFP500K_0128__00809__8x6b__s42__cluster_1_model_1.pdb	c8aa4bf9e976809b5b4648c86633bc5cef22a842d2d318bb32bba30d3f784aed	NTT	80	129		12.356321	POTENTIAL_GLYCAN_ANCHOR_NEARBY_10_TO_20A	NOT_RESOLVED_ISOLATED_DOMAIN_PVRIG_41_TO_152	N-X-S/T sequon-anchor geometry only; no glycan conformer, membrane, VHH-hFc, cell-surface accessibility, affinity, or blocking prediction.
P1MCPUFP__CPUFP500K_0128__00809	38		8x6b	917	/data/qlyu/projects/pvrig_top7500_dualpanel_screen_v1_20260724/run/common4_rerank_v2_20260725/final50_structure_bundle_v1_20260725/docking/representative_complexes/R38__P1MCPUFP__CPUFP500K_0128__00809__8x6b__s917__cluster_1_model_1.pdb	7539c9cd30b0c2c617bc76bbb9a4b43d7ae750f6fd4f9b696ccb32c76356cef7	NTT	80	129		16.018204	POTENTIAL_GLYCAN_ANCHOR_NEARBY_10_TO_20A	NOT_RESOLVED_ISOLATED_DOMAIN_PVRIG_41_TO_152	N-X-S/T sequon-anchor geometry only; no glycan conformer, membrane, VHH-hFc, cell-surface accessibility, affinity, or blocking prediction.
P1MCPUFP__CPUFP500K_0128__00809	38		8x6b	1931	/data/qlyu/projects/pvrig_top7500_dualpanel_screen_v1_20260724/run/common4_rerank_v2_20260725/final50_structure_bundle_v1_20260725/docking/representative_complexes/R38__P1MCPUFP__CPUFP500K_0128__00809__8x6b__s1931__cluster_1_model_1.pdb	919d6892d9f9420c7f91181b134551608e58fce417cdade96a3625b187d96705	NTT	80	129		16.151212	POTENTIAL_GLYCAN_ANCHOR_NEARBY_10_TO_20A	NOT_RESOLVED_ISOLATED_DOMAIN_PVRIG_41_TO_152	N-X-S/T sequon-anchor geometry only; no glycan conformer, membrane, VHH-hFc, cell-surface accessibility, affinity, or blocking prediction.
P1MCPUFP__CPUFP500K_0128__00809	38		8x6b	3047	/data/qlyu/projects/pvrig_top7500_dualpanel_screen_v1_20260724/run/common4_rerank_v2_20260725/final50_structure_bundle_v1_20260725/docking/representative_complexes/R38__P1MCPUFP__CPUFP500K_0128__00809__8x6b__s3047__cluster_1_model_1.pdb	fbb0aa34d05da06d47a3b2534d164b5ab28e8eccd51060d26f932d0f72569662	NTT	80	129		14.188484	POTENTIAL_GLYCAN_ANCHOR_NEARBY_10_TO_20A	NOT_RESOLVED_ISOLATED_DOMAIN_PVRIG_41_TO_152	N-X-S/T sequon-anchor geometry only; no glycan conformer, membrane, VHH-hFc, cell-surface accessibility, affinity, or blocking prediction.
P1MCPUFP__CPUFP500K_0128__00809	38		9e6y	42	/data/qlyu/projects/pvrig_top7500_dualpanel_screen_v1_20260724/run/common4_rerank_v2_20260725/final50_structure_bundle_v1_20260725/docking/representative_complexes/R38__P1MCPUFP__CPUFP500K_0128__00809__9e6y__s42__cluster_1_model_1.pdb	7e7b44f944ac0cd5849a406220aeb789ece53e0d731426f9bff19040a6d93393	NTT	84	129		16.09863	POTENTIAL_GLYCAN_ANCHOR_NEARBY_10_TO_20A	NOT_RESOLVED_ISOLATED_DOMAIN_PVRIG_41_TO_152	N-X-S/T sequon-anchor geometry only; no glycan conformer, membrane, VHH-hFc, cell-surface accessibility, affinity, or blocking prediction.
P1MCPUFP__CPUFP500K_0128__00809	38		9e6y	917	/data/qlyu/projects/pvrig_top7500_dualpanel_screen_v1_20260724/run/common4_rerank_v2_20260725/final50_structure_bundle_v1_20260725/docking/representative_complexes/R38__P1MCPUFP__CPUFP500K_0128__00809__9e6y__s917__cluster_1_model_1.pdb	4d4ce9a972d9545535097eba727dda95051afb9e99412af582d89818a6b76a97	NTT	84	129		19.233608	POTENTIAL_GLYCAN_ANCHOR_NEARBY_10_TO_20A	NOT_RESOLVED_ISOLATED_DOMAIN_PVRIG_41_TO_152	N-X-S/T sequon-anchor geometry only; no glycan conformer, membrane, VHH-hFc, cell-surface accessibility, affinity, or blocking prediction.
P1MCPUFP__CPUFP500K_0128__00809	38		9e6y	1931	/data/qlyu/projects/pvrig_top7500_dualpanel_screen_v1_20260724/run/common4_rerank_v2_20260725/final50_structure_bundle_v1_20260725/docking/representative_complexes/R38__P1MCPUFP__CPUFP500K_0128__00809__9e6y__s1931__cluster_1_model_1.pdb	265d41931104b2c4bf13552c81568b6caea5b8a70c9fdc03fcf3c21ee377b469	NTT	84	129		15.507666	POTENTIAL_GLYCAN_ANCHOR_NEARBY_10_TO_20A	NOT_RESOLVED_ISOLATED_DOMAIN_PVRIG_41_TO_152	N-X-S/T sequon-anchor geometry only; no glycan conformer, membrane, VHH-hFc, cell-surface accessibility, affinity, or blocking prediction.
P1MCPUFP__CPUFP500K_0128__00809	38		9e6y	3047	/data/qlyu/projects/pvrig_top7500_dualpanel_screen_v1_20260724/run/common4_rerank_v2_20260725/final50_structure_bundle_v1_20260725/docking/representative_complexes/R38__P1MCPUFP__CPUFP500K_0128__00809__9e6y__s3047__cluster_1_model_1.pdb	0fb52e5ceca48b434c464fe65c467eba3ad5bc64a8c57f565d22c480a5c4dd7c	NTT	84	129		15.886002	POTENTIAL_GLYCAN_ANCHOR_NEARBY_10_TO_20A	NOT_RESOLVED_ISOLATED_DOMAIN_PVRIG_41_TO_152	N-X-S/T sequon-anchor geometry only; no glycan conformer, membrane, VHH-hFc, cell-surface accessibility, affinity, or blocking prediction.
P1MCPUFP__CPUFP500K_0130__00610	39		8x6b	42	/data/qlyu/projects/pvrig_top7500_dualpanel_screen_v1_20260724/run/common4_rerank_v2_20260725/final50_structure_bundle_v1_20260725/docking/representative_complexes/R39__P1MCPUFP__CPUFP500K_0130__00610__8x6b__s42__cluster_1_model_1.pdb	98c8e8939e93e75cc0d1331e2b18e60e54601696e0a56551b8999cc3ac2fc534	NTT	80	129		15.370972	POTENTIAL_GLYCAN_ANCHOR_NEARBY_10_TO_20A	NOT_RESOLVED_ISOLATED_DOMAIN_PVRIG_41_TO_152	N-X-S/T sequon-anchor geometry only; no glycan conformer, membrane, VHH-hFc, cell-surface accessibility, affinity, or blocking prediction.
P1MCPUFP__CPUFP500K_0130__00610	39		8x6b	917	/data/qlyu/projects/pvrig_top7500_dualpanel_screen_v1_20260724/run/common4_rerank_v2_20260725/final50_structure_bundle_v1_20260725/docking/representative_complexes/R39__P1MCPUFP__CPUFP500K_0130__00610__8x6b__s917__cluster_1_model_1.pdb	5485adbff8a07c029f2e2895574fdef492ce28b8f4de84f91ad46a18df9ef2e0	NTT	80	129		12.948848	POTENTIAL_GLYCAN_ANCHOR_NEARBY_10_TO_20A	NOT_RESOLVED_ISOLATED_DOMAIN_PVRIG_41_TO_152	N-X-S/T sequon-anchor geometry only; no glycan conformer, membrane, VHH-hFc, cell-surface accessibility, affinity, or blocking prediction.
P1MCPUFP__CPUFP500K_0130__00610	39		8x6b	1931	/data/qlyu/projects/pvrig_top7500_dualpanel_screen_v1_20260724/run/common4_rerank_v2_20260725/final50_structure_bundle_v1_20260725/docking/representative_complexes/R39__P1MCPUFP__CPUFP500K_0130__00610__8x6b__s1931__cluster_1_model_1.pdb	0f28a1ed008b19e3141fdfe66a77f35e3bf7ed614822fad66259cb73b77b0dcf	NTT	80	129		15.23799	POTENTIAL_GLYCAN_ANCHOR_NEARBY_10_TO_20A	NOT_RESOLVED_ISOLATED_DOMAIN_PVRIG_41_TO_152	N-X-S/T sequon-anchor geometry only; no glycan conformer, membrane, VHH-hFc, cell-surface accessibility, affinity, or blocking prediction.
P1MCPUFP__CPUFP500K_0130__00610	39		8x6b	3047	/data/qlyu/projects/pvrig_top7500_dualpanel_screen_v1_20260724/run/common4_rerank_v2_20260725/final50_structure_bundle_v1_20260725/docking/representative_complexes/R39__P1MCPUFP__CPUFP500K_0130__00610__8x6b__s3047__cluster_1_model_1.pdb	a56754811c6e74c04ac6499f429e6147fba26425daf9a37b25683a8890be3f90	NTT	80	129		14.961824	POTENTIAL_GLYCAN_ANCHOR_NEARBY_10_TO_20A	NOT_RESOLVED_ISOLATED_DOMAIN_PVRIG_41_TO_152	N-X-S/T sequon-anchor geometry only; no glycan conformer, membrane, VHH-hFc, cell-surface accessibility, affinity, or blocking prediction.
P1MCPUFP__CPUFP500K_0130__00610	39		9e6y	42	/data/qlyu/projects/pvrig_top7500_dualpanel_screen_v1_20260724/run/common4_rerank_v2_20260725/final50_structure_bundle_v1_20260725/docking/representative_complexes/R39__P1MCPUFP__CPUFP500K_0130__00610__9e6y__s42__cluster_1_model_1.pdb	fac3f3e073b194da69cdd2b485a5d82db46013d5b34e35ab7be4e9b77c4c680f	NTT	84	129		15.599384	POTENTIAL_GLYCAN_ANCHOR_NEARBY_10_TO_20A	NOT_RESOLVED_ISOLATED_DOMAIN_PVRIG_41_TO_152	N-X-S/T sequon-anchor geometry only; no glycan conformer, membrane, VHH-hFc, cell-surface accessibility, affinity, or blocking prediction.
P1MCPUFP__CPUFP500K_0130__00610	39		9e6y	917	/data/qlyu/projects/pvrig_top7500_dualpanel_screen_v1_20260724/run/common4_rerank_v2_20260725/final50_structure_bundle_v1_20260725/docking/representative_complexes/R39__P1MCPUFP__CPUFP500K_0130__00610__9e6y__s917__cluster_1_model_1.pdb	f6ee2d698e795feaa415a57eda761b485d63bcd7db69bbdf894a9fb3a593bb53	NTT	84	129		15.298876	POTENTIAL_GLYCAN_ANCHOR_NEARBY_10_TO_20A	NOT_RESOLVED_ISOLATED_DOMAIN_PVRIG_41_TO_152	N-X-S/T sequon-anchor geometry only; no glycan conformer, membrane, VHH-hFc, cell-surface accessibility, affinity, or blocking prediction.
P1MCPUFP__CPUFP500K_0130__00610	39		9e6y	1931	/data/qlyu/projects/pvrig_top7500_dualpanel_screen_v1_20260724/run/common4_rerank_v2_20260725/final50_structure_bundle_v1_20260725/docking/representative_complexes/R39__P1MCPUFP__CPUFP500K_0130__00610__9e6y__s1931__cluster_1_model_1.pdb	1f89b14d9fa2a8cf724142eb4003049484073e12988f2a4cb787230e394964a7	NTT	84	129		14.725591	POTENTIAL_GLYCAN_ANCHOR_NEARBY_10_TO_20A	NOT_RESOLVED_ISOLATED_DOMAIN_PVRIG_41_TO_152	N-X-S/T sequon-anchor geometry only; no glycan conformer, membrane, VHH-hFc, cell-surface accessibility, affinity, or blocking prediction.
P1MCPUFP__CPUFP500K_0130__00610	39		9e6y	3047	/data/qlyu/projects/pvrig_top7500_dualpanel_screen_v1_20260724/run/common4_rerank_v2_20260725/final50_structure_bundle_v1_20260725/docking/representative_complexes/R39__P1MCPUFP__CPUFP500K_0130__00610__9e6y__s3047__cluster_1_model_1.pdb	cab744d7173c95916cb8691ec003d3b91c643573e3851d8e1cd30cbc79c336e3	NTT	84	129		16.395497	POTENTIAL_GLYCAN_ANCHOR_NEARBY_10_TO_20A	NOT_RESOLVED_ISOLATED_DOMAIN_PVRIG_41_TO_152	N-X-S/T sequon-anchor geometry only; no glycan conformer, membrane, VHH-hFc, cell-surface accessibility, affinity, or blocking prediction.
P1MCPUFP__CPUFP500K_0134__00713	40		8x6b	42	/data/qlyu/projects/pvrig_top7500_dualpanel_screen_v1_20260724/run/common4_rerank_v2_20260725/final50_structure_bundle_v1_20260725/docking/representative_complexes/R40__P1MCPUFP__CPUFP500K_0134__00713__8x6b__s42__cluster_1_model_1.pdb	0029cf234968b315f4395f8416e3a5152d6c15f4841c37621fa3582eb5983b66	NTT	80	129		18.186533	POTENTIAL_GLYCAN_ANCHOR_NEARBY_10_TO_20A	NOT_RESOLVED_ISOLATED_DOMAIN_PVRIG_41_TO_152	N-X-S/T sequon-anchor geometry only; no glycan conformer, membrane, VHH-hFc, cell-surface accessibility, affinity, or blocking prediction.
P1MCPUFP__CPUFP500K_0134__00713	40		8x6b	917	/data/qlyu/projects/pvrig_top7500_dualpanel_screen_v1_20260724/run/common4_rerank_v2_20260725/final50_structure_bundle_v1_20260725/docking/representative_complexes/R40__P1MCPUFP__CPUFP500K_0134__00713__8x6b__s917__cluster_1_model_1.pdb	64b3cadf061478f306cae14209c3762864af9f6346ec2c29bc7faa085f1d5bfd	NTT	80	129		18.688585	POTENTIAL_GLYCAN_ANCHOR_NEARBY_10_TO_20A	NOT_RESOLVED_ISOLATED_DOMAIN_PVRIG_41_TO_152	N-X-S/T sequon-anchor geometry only; no glycan conformer, membrane, VHH-hFc, cell-surface accessibility, affinity, or blocking prediction.
P1MCPUFP__CPUFP500K_0134__00713	40		8x6b	1931	/data/qlyu/projects/pvrig_top7500_dualpanel_screen_v1_20260724/run/common4_rerank_v2_20260725/final50_structure_bundle_v1_20260725/docking/representative_complexes/R40__P1MCPUFP__CPUFP500K_0134__00713__8x6b__s1931__cluster_1_model_1.pdb	a55db6f75017eb7b4c88b21f95e95c7d9d381a3584ba0dca03258fdb9457391b	NTT	80	129		18.155116	POTENTIAL_GLYCAN_ANCHOR_NEARBY_10_TO_20A	NOT_RESOLVED_ISOLATED_DOMAIN_PVRIG_41_TO_152	N-X-S/T sequon-anchor geometry only; no glycan conformer, membrane, VHH-hFc, cell-surface accessibility, affinity, or blocking prediction.
P1MCPUFP__CPUFP500K_0134__00713	40		8x6b	3047	/data/qlyu/projects/pvrig_top7500_dualpanel_screen_v1_20260724/run/common4_rerank_v2_20260725/final50_structure_bundle_v1_20260725/docking/representative_complexes/R40__P1MCPUFP__CPUFP500K_0134__00713__8x6b__s3047__cluster_1_model_1.pdb	1e41111390d1bd8968f8bd631b10e19e63ef0b23a4d6da18e4ec5bc7cb255816	NTT	80	129		18.511213	POTENTIAL_GLYCAN_ANCHOR_NEARBY_10_TO_20A	NOT_RESOLVED_ISOLATED_DOMAIN_PVRIG_41_TO_152	N-X-S/T sequon-anchor geometry only; no glycan conformer, membrane, VHH-hFc, cell-surface accessibility, affinity, or blocking prediction.
P1MCPUFP__CPUFP500K_0134__00713	40		9e6y	42	/data/qlyu/projects/pvrig_top7500_dualpanel_screen_v1_20260724/run/common4_rerank_v2_20260725/final50_structure_bundle_v1_20260725/docking/representative_complexes/R40__P1MCPUFP__CPUFP500K_0134__00713__9e6y__s42__cluster_1_model_1.pdb	cb7a02820cb167037fcb0d41ba40be0f527b3b17a679995937e30dcde092cd63	NTT	84	129		17.790653	POTENTIAL_GLYCAN_ANCHOR_NEARBY_10_TO_20A	NOT_RESOLVED_ISOLATED_DOMAIN_PVRIG_41_TO_152	N-X-S/T sequon-anchor geometry only; no glycan conformer, membrane, VHH-hFc, cell-surface accessibility, affinity, or blocking prediction.
P1MCPUFP__CPUFP500K_0134__00713	40		9e6y	917	/data/qlyu/projects/pvrig_top7500_dualpanel_screen_v1_20260724/run/common4_rerank_v2_20260725/final50_structure_bundle_v1_20260725/docking/representative_complexes/R40__P1MCPUFP__CPUFP500K_0134__00713__9e6y__s917__cluster_1_model_1.pdb	dfa6d1dcd59016b8dde352729f59be576c2a3f75d58a4b8dec526262cd6e59ca	NTT	84	129		18.40171	POTENTIAL_GLYCAN_ANCHOR_NEARBY_10_TO_20A	NOT_RESOLVED_ISOLATED_DOMAIN_PVRIG_41_TO_152	N-X-S/T sequon-anchor geometry only; no glycan conformer, membrane, VHH-hFc, cell-surface accessibility, affinity, or blocking prediction.
P1MCPUFP__CPUFP500K_0134__00713	40		9e6y	1931	/data/qlyu/projects/pvrig_top7500_dualpanel_screen_v1_20260724/run/common4_rerank_v2_20260725/final50_structure_bundle_v1_20260725/docking/representative_complexes/R40__P1MCPUFP__CPUFP500K_0134__00713__9e6y__s1931__cluster_1_model_1.pdb	9f7169b47caaec8f489a1e816259075b1e0cea4a2ce3f8fb7797f66fd10efda6	NTT	84	129		17.940136	POTENTIAL_GLYCAN_ANCHOR_NEARBY_10_TO_20A	NOT_RESOLVED_ISOLATED_DOMAIN_PVRIG_41_TO_152	N-X-S/T sequon-anchor geometry only; no glycan conformer, membrane, VHH-hFc, cell-surface accessibility, affinity, or blocking prediction.
P1MCPUFP__CPUFP500K_0134__00713	40		9e6y	3047	/data/qlyu/projects/pvrig_top7500_dualpanel_screen_v1_20260724/run/common4_rerank_v2_20260725/final50_structure_bundle_v1_20260725/docking/representative_complexes/R40__P1MCPUFP__CPUFP500K_0134__00713__9e6y__s3047__cluster_1_model_1.pdb	2382483fd200ae5c11ec7612a4570455669aaad01fb71ec9e9f36c532b5f0bfd	NTT	84	129		18.32489	POTENTIAL_GLYCAN_ANCHOR_NEARBY_10_TO_20A	NOT_RESOLVED_ISOLATED_DOMAIN_PVRIG_41_TO_152	N-X-S/T sequon-anchor geometry only; no glycan conformer, membrane, VHH-hFc, cell-surface accessibility, affinity, or blocking prediction.
P1MCPUFP__CPUFP500K_0030__00860	41		8x6b	42	/data/qlyu/projects/pvrig_top7500_dualpanel_screen_v1_20260724/run/common4_rerank_v2_20260725/final50_structure_bundle_v1_20260725/docking/representative_complexes/R41__P1MCPUFP__CPUFP500K_0030__00860__8x6b__s42__cluster_1_model_1.pdb	d7d00a553239dbea0dacb8ae04a857497142beb4c1b09810adf16aa73c593ff2	NTT	80	129		17.449379	POTENTIAL_GLYCAN_ANCHOR_NEARBY_10_TO_20A	NOT_RESOLVED_ISOLATED_DOMAIN_PVRIG_41_TO_152	N-X-S/T sequon-anchor geometry only; no glycan conformer, membrane, VHH-hFc, cell-surface accessibility, affinity, or blocking prediction.
P1MCPUFP__CPUFP500K_0030__00860	41		8x6b	917	/data/qlyu/projects/pvrig_top7500_dualpanel_screen_v1_20260724/run/common4_rerank_v2_20260725/final50_structure_bundle_v1_20260725/docking/representative_complexes/R41__P1MCPUFP__CPUFP500K_0030__00860__8x6b__s917__cluster_1_model_1.pdb	af2e7c27eb934fd27ada338bbabb4777c4ba934108f6839c0e532a839a3e25cf	NTT	80	129		17.596026	POTENTIAL_GLYCAN_ANCHOR_NEARBY_10_TO_20A	NOT_RESOLVED_ISOLATED_DOMAIN_PVRIG_41_TO_152	N-X-S/T sequon-anchor geometry only; no glycan conformer, membrane, VHH-hFc, cell-surface accessibility, affinity, or blocking prediction.
P1MCPUFP__CPUFP500K_0030__00860	41		8x6b	1931	/data/qlyu/projects/pvrig_top7500_dualpanel_screen_v1_20260724/run/common4_rerank_v2_20260725/final50_structure_bundle_v1_20260725/docking/representative_complexes/R41__P1MCPUFP__CPUFP500K_0030__00860__8x6b__s1931__cluster_1_model_1.pdb	5ea685fa3d329175b17eef11e03120361c8c6c2c6421de3fd78f0b654baa526c	NTT	80	129		18.319945	POTENTIAL_GLYCAN_ANCHOR_NEARBY_10_TO_20A	NOT_RESOLVED_ISOLATED_DOMAIN_PVRIG_41_TO_152	N-X-S/T sequon-anchor geometry only; no glycan conformer, membrane, VHH-hFc, cell-surface accessibility, affinity, or blocking prediction.
P1MCPUFP__CPUFP500K_0030__00860	41		8x6b	3047	/data/qlyu/projects/pvrig_top7500_dualpanel_screen_v1_20260724/run/common4_rerank_v2_20260725/final50_structure_bundle_v1_20260725/docking/representative_complexes/R41__P1MCPUFP__CPUFP500K_0030__00860__8x6b__s3047__cluster_1_model_1.pdb	edd6bfdd451c22d1b4ff8097056a77f665d323f7a0a9fa6f44bfab81018849d8	NTT	80	129		17.258223	POTENTIAL_GLYCAN_ANCHOR_NEARBY_10_TO_20A	NOT_RESOLVED_ISOLATED_DOMAIN_PVRIG_41_TO_152	N-X-S/T sequon-anchor geometry only; no glycan conformer, membrane, VHH-hFc, cell-surface accessibility, affinity, or blocking prediction.
P1MCPUFP__CPUFP500K_0030__00860	41		9e6y	42	/data/qlyu/projects/pvrig_top7500_dualpanel_screen_v1_20260724/run/common4_rerank_v2_20260725/final50_structure_bundle_v1_20260725/docking/representative_complexes/R41__P1MCPUFP__CPUFP500K_0030__00860__9e6y__s42__cluster_1_model_1.pdb	8c25425dd20beab7c5f9d4e9461d635201f4e03ebace1231057a913aa6106fec	NTT	84	129		17.341011	POTENTIAL_GLYCAN_ANCHOR_NEARBY_10_TO_20A	NOT_RESOLVED_ISOLATED_DOMAIN_PVRIG_41_TO_152	N-X-S/T sequon-anchor geometry only; no glycan conformer, membrane, VHH-hFc, cell-surface accessibility, affinity, or blocking prediction.
P1MCPUFP__CPUFP500K_0030__00860	41		9e6y	917	/data/qlyu/projects/pvrig_top7500_dualpanel_screen_v1_20260724/run/common4_rerank_v2_20260725/final50_structure_bundle_v1_20260725/docking/representative_complexes/R41__P1MCPUFP__CPUFP500K_0030__00860__9e6y__s917__cluster_1_model_1.pdb	29c53eb686894eac17e9e3acd29551eeacbf2ba45712a991916fff1eed10b448	NTT	84	129		18.100771	POTENTIAL_GLYCAN_ANCHOR_NEARBY_10_TO_20A	NOT_RESOLVED_ISOLATED_DOMAIN_PVRIG_41_TO_152	N-X-S/T sequon-anchor geometry only; no glycan conformer, membrane, VHH-hFc, cell-surface accessibility, affinity, or blocking prediction.
P1MCPUFP__CPUFP500K_0030__00860	41		9e6y	1931	/data/qlyu/projects/pvrig_top7500_dualpanel_screen_v1_20260724/run/common4_rerank_v2_20260725/final50_structure_bundle_v1_20260725/docking/representative_complexes/R41__P1MCPUFP__CPUFP500K_0030__00860__9e6y__s1931__cluster_1_model_1.pdb	1232703e1152df10c5e6f97a28d5b3f485f7063fd5c3a188ab3b1ccdc92fe6d7	NTT	84	129		15.916877	POTENTIAL_GLYCAN_ANCHOR_NEARBY_10_TO_20A	NOT_RESOLVED_ISOLATED_DOMAIN_PVRIG_41_TO_152	N-X-S/T sequon-anchor geometry only; no glycan conformer, membrane, VHH-hFc, cell-surface accessibility, affinity, or blocking prediction.
P1MCPUFP__CPUFP500K_0030__00860	41		9e6y	3047	/data/qlyu/projects/pvrig_top7500_dualpanel_screen_v1_20260724/run/common4_rerank_v2_20260725/final50_structure_bundle_v1_20260725/docking/representative_complexes/R41__P1MCPUFP__CPUFP500K_0030__00860__9e6y__s3047__cluster_1_model_1.pdb	e8b912a8901b8b45cc3900ebaa792c1e59831636ba121699c4c969eac9b8437e	NTT	84	129		18.087847	POTENTIAL_GLYCAN_ANCHOR_NEARBY_10_TO_20A	NOT_RESOLVED_ISOLATED_DOMAIN_PVRIG_41_TO_152	N-X-S/T sequon-anchor geometry only; no glycan conformer, membrane, VHH-hFc, cell-surface accessibility, affinity, or blocking prediction.
P1MCPUFP__CPUFP500K_0504__00926	42		8x6b	42	/data/qlyu/projects/pvrig_top7500_dualpanel_screen_v1_20260724/run/common4_rerank_v2_20260725/final50_structure_bundle_v1_20260725/docking/representative_complexes/R42__P1MCPUFP__CPUFP500K_0504__00926__8x6b__s42__cluster_1_model_1.pdb	f8eddd226ba74d4f97f1d5b4cfba62161029a1f6fd668d568d44b9f0451c857a	NTT	80	129		18.480578	POTENTIAL_GLYCAN_ANCHOR_NEARBY_10_TO_20A	NOT_RESOLVED_ISOLATED_DOMAIN_PVRIG_41_TO_152	N-X-S/T sequon-anchor geometry only; no glycan conformer, membrane, VHH-hFc, cell-surface accessibility, affinity, or blocking prediction.
P1MCPUFP__CPUFP500K_0504__00926	42		8x6b	917	/data/qlyu/projects/pvrig_top7500_dualpanel_screen_v1_20260724/run/common4_rerank_v2_20260725/final50_structure_bundle_v1_20260725/docking/representative_complexes/R42__P1MCPUFP__CPUFP500K_0504__00926__8x6b__s917__cluster_1_model_1.pdb	4f6b79b15dc334d3680282c02af72e33717c8ce3e5235a46280e6b94fee7dab0	NTT	80	129		17.166965	POTENTIAL_GLYCAN_ANCHOR_NEARBY_10_TO_20A	NOT_RESOLVED_ISOLATED_DOMAIN_PVRIG_41_TO_152	N-X-S/T sequon-anchor geometry only; no glycan conformer, membrane, VHH-hFc, cell-surface accessibility, affinity, or blocking prediction.
P1MCPUFP__CPUFP500K_0504__00926	42		8x6b	1931	/data/qlyu/projects/pvrig_top7500_dualpanel_screen_v1_20260724/run/common4_rerank_v2_20260725/final50_structure_bundle_v1_20260725/docking/representative_complexes/R42__P1MCPUFP__CPUFP500K_0504__00926__8x6b__s1931__cluster_1_model_1.pdb	9408b8f3d6c6ddf99f6e5bc8e04925a64f2c62030e2c2fc665edee4961d930c8	NTT	80	129		17.201596	POTENTIAL_GLYCAN_ANCHOR_NEARBY_10_TO_20A	NOT_RESOLVED_ISOLATED_DOMAIN_PVRIG_41_TO_152	N-X-S/T sequon-anchor geometry only; no glycan conformer, membrane, VHH-hFc, cell-surface accessibility, affinity, or blocking prediction.
P1MCPUFP__CPUFP500K_0504__00926	42		8x6b	3047	/data/qlyu/projects/pvrig_top7500_dualpanel_screen_v1_20260724/run/common4_rerank_v2_20260725/final50_structure_bundle_v1_20260725/docking/representative_complexes/R42__P1MCPUFP__CPUFP500K_0504__00926__8x6b__s3047__cluster_1_model_1.pdb	9293512d58cf879a0e046e4f2aa49c1f3dcba03ea5bb4b21c414a19f440c03f1	NTT	80	129		19.305079	POTENTIAL_GLYCAN_ANCHOR_NEARBY_10_TO_20A	NOT_RESOLVED_ISOLATED_DOMAIN_PVRIG_41_TO_152	N-X-S/T sequon-anchor geometry only; no glycan conformer, membrane, VHH-hFc, cell-surface accessibility, affinity, or blocking prediction.
P1MCPUFP__CPUFP500K_0504__00926	42		9e6y	42	/data/qlyu/projects/pvrig_top7500_dualpanel_screen_v1_20260724/run/common4_rerank_v2_20260725/final50_structure_bundle_v1_20260725/docking/representative_complexes/R42__P1MCPUFP__CPUFP500K_0504__00926__9e6y__s42__cluster_1_model_1.pdb	ebc1f5f3154daef2bde899d610296f1c179eecbd9d89831051da90ccc6a4ac50	NTT	84	129		17.8742	POTENTIAL_GLYCAN_ANCHOR_NEARBY_10_TO_20A	NOT_RESOLVED_ISOLATED_DOMAIN_PVRIG_41_TO_152	N-X-S/T sequon-anchor geometry only; no glycan conformer, membrane, VHH-hFc, cell-surface accessibility, affinity, or blocking prediction.
P1MCPUFP__CPUFP500K_0504__00926	42		9e6y	917	/data/qlyu/projects/pvrig_top7500_dualpanel_screen_v1_20260724/run/common4_rerank_v2_20260725/final50_structure_bundle_v1_20260725/docking/representative_complexes/R42__P1MCPUFP__CPUFP500K_0504__00926__9e6y__s917__cluster_1_model_1.pdb	35b22466284f7b17081d811934b04ba168716ada8f7da16d074347cc81cd6eb9	NTT	84	129		18.842499	POTENTIAL_GLYCAN_ANCHOR_NEARBY_10_TO_20A	NOT_RESOLVED_ISOLATED_DOMAIN_PVRIG_41_TO_152	N-X-S/T sequon-anchor geometry only; no glycan conformer, membrane, VHH-hFc, cell-surface accessibility, affinity, or blocking prediction.
P1MCPUFP__CPUFP500K_0504__00926	42		9e6y	1931	/data/qlyu/projects/pvrig_top7500_dualpanel_screen_v1_20260724/run/common4_rerank_v2_20260725/final50_structure_bundle_v1_20260725/docking/representative_complexes/R42__P1MCPUFP__CPUFP500K_0504__00926__9e6y__s1931__cluster_1_model_1.pdb	bd6a3dd8815508ac0e310ca22faca5e13b0acd08b2d07ab28c574335aaaad2bf	NTT	84	129		18.573294	POTENTIAL_GLYCAN_ANCHOR_NEARBY_10_TO_20A	NOT_RESOLVED_ISOLATED_DOMAIN_PVRIG_41_TO_152	N-X-S/T sequon-anchor geometry only; no glycan conformer, membrane, VHH-hFc, cell-surface accessibility, affinity, or blocking prediction.
P1MCPUFP__CPUFP500K_0504__00926	42		9e6y	3047	/data/qlyu/projects/pvrig_top7500_dualpanel_screen_v1_20260724/run/common4_rerank_v2_20260725/final50_structure_bundle_v1_20260725/docking/representative_complexes/R42__P1MCPUFP__CPUFP500K_0504__00926__9e6y__s3047__cluster_1_model_1.pdb	a474b0ad764bb7234937a8360bc4a34fb0c4f2b07bc714d4c41956cea70642ab	NTT	84	129		18.169805	POTENTIAL_GLYCAN_ANCHOR_NEARBY_10_TO_20A	NOT_RESOLVED_ISOLATED_DOMAIN_PVRIG_41_TO_152	N-X-S/T sequon-anchor geometry only; no glycan conformer, membrane, VHH-hFc, cell-surface accessibility, affinity, or blocking prediction.
P1MCPUFP__CPUFP500K_0206__00634	43		8x6b	42	/data/qlyu/projects/pvrig_top7500_dualpanel_screen_v1_20260724/run/common4_rerank_v2_20260725/final50_structure_bundle_v1_20260725/docking/representative_complexes/R43__P1MCPUFP__CPUFP500K_0206__00634__8x6b__s42__cluster_1_model_1.pdb	9f513d4aedcef559a9c10c7c77d49f2d56099b02a400109be52c6077696d4894	NTT	80	129		16.989454	POTENTIAL_GLYCAN_ANCHOR_NEARBY_10_TO_20A	NOT_RESOLVED_ISOLATED_DOMAIN_PVRIG_41_TO_152	N-X-S/T sequon-anchor geometry only; no glycan conformer, membrane, VHH-hFc, cell-surface accessibility, affinity, or blocking prediction.
P1MCPUFP__CPUFP500K_0206__00634	43		8x6b	917	/data/qlyu/projects/pvrig_top7500_dualpanel_screen_v1_20260724/run/common4_rerank_v2_20260725/final50_structure_bundle_v1_20260725/docking/representative_complexes/R43__P1MCPUFP__CPUFP500K_0206__00634__8x6b__s917__cluster_1_model_1.pdb	ea402aa3d6a28d8af2fab1e704e55d13f224c9af9cc63d3ce3ae1e13a4486997	NTT	80	129		14.692878	POTENTIAL_GLYCAN_ANCHOR_NEARBY_10_TO_20A	NOT_RESOLVED_ISOLATED_DOMAIN_PVRIG_41_TO_152	N-X-S/T sequon-anchor geometry only; no glycan conformer, membrane, VHH-hFc, cell-surface accessibility, affinity, or blocking prediction.
P1MCPUFP__CPUFP500K_0206__00634	43		8x6b	1931	/data/qlyu/projects/pvrig_top7500_dualpanel_screen_v1_20260724/run/common4_rerank_v2_20260725/final50_structure_bundle_v1_20260725/docking/representative_complexes/R43__P1MCPUFP__CPUFP500K_0206__00634__8x6b__s1931__cluster_1_model_1.pdb	0755e73f63b02efe9e862377bc3d2393bd416ba8182d93badcaf0bff40c5fbda	NTT	80	129		14.74182	POTENTIAL_GLYCAN_ANCHOR_NEARBY_10_TO_20A	NOT_RESOLVED_ISOLATED_DOMAIN_PVRIG_41_TO_152	N-X-S/T sequon-anchor geometry only; no glycan conformer, membrane, VHH-hFc, cell-surface accessibility, affinity, or blocking prediction.
P1MCPUFP__CPUFP500K_0206__00634	43		8x6b	3047	/data/qlyu/projects/pvrig_top7500_dualpanel_screen_v1_20260724/run/common4_rerank_v2_20260725/final50_structure_bundle_v1_20260725/docking/representative_complexes/R43__P1MCPUFP__CPUFP500K_0206__00634__8x6b__s3047__cluster_1_model_1.pdb	1d1fa4b78e6a41f725d4cc5a3492fc0a5424c01c832c2ab96f20f07c0b122a77	NTT	80	129		15.493907	POTENTIAL_GLYCAN_ANCHOR_NEARBY_10_TO_20A	NOT_RESOLVED_ISOLATED_DOMAIN_PVRIG_41_TO_152	N-X-S/T sequon-anchor geometry only; no glycan conformer, membrane, VHH-hFc, cell-surface accessibility, affinity, or blocking prediction.
P1MCPUFP__CPUFP500K_0206__00634	43		9e6y	42	/data/qlyu/projects/pvrig_top7500_dualpanel_screen_v1_20260724/run/common4_rerank_v2_20260725/final50_structure_bundle_v1_20260725/docking/representative_complexes/R43__P1MCPUFP__CPUFP500K_0206__00634__9e6y__s42__cluster_1_model_1.pdb	c16ba03710c44511ed0636b117008ac93d99e1b561abe070bebebd834e731334	NTT	84	129		15.684762	POTENTIAL_GLYCAN_ANCHOR_NEARBY_10_TO_20A	NOT_RESOLVED_ISOLATED_DOMAIN_PVRIG_41_TO_152	N-X-S/T sequon-anchor geometry only; no glycan conformer, membrane, VHH-hFc, cell-surface accessibility, affinity, or blocking prediction.
P1MCPUFP__CPUFP500K_0206__00634	43		9e6y	917	/data/qlyu/projects/pvrig_top7500_dualpanel_screen_v1_20260724/run/common4_rerank_v2_20260725/final50_structure_bundle_v1_20260725/docking/representative_complexes/R43__P1MCPUFP__CPUFP500K_0206__00634__9e6y__s917__cluster_1_model_1.pdb	66976e374ab24aa130299aed100bf91ae4c078af277c2b8ebbdcfa6c64e09509	NTT	84	129		14.669447	POTENTIAL_GLYCAN_ANCHOR_NEARBY_10_TO_20A	NOT_RESOLVED_ISOLATED_DOMAIN_PVRIG_41_TO_152	N-X-S/T sequon-anchor geometry only; no glycan conformer, membrane, VHH-hFc, cell-surface accessibility, affinity, or blocking prediction.
P1MCPUFP__CPUFP500K_0206__00634	43		9e6y	1931	/data/qlyu/projects/pvrig_top7500_dualpanel_screen_v1_20260724/run/common4_rerank_v2_20260725/final50_structure_bundle_v1_20260725/docking/representative_complexes/R43__P1MCPUFP__CPUFP500K_0206__00634__9e6y__s1931__cluster_1_model_1.pdb	c0e1ada0259bca9a81e79274143eba522a70a388d737140784fcdf757f286b72	NTT	84	129		17.237785	POTENTIAL_GLYCAN_ANCHOR_NEARBY_10_TO_20A	NOT_RESOLVED_ISOLATED_DOMAIN_PVRIG_41_TO_152	N-X-S/T sequon-anchor geometry only; no glycan conformer, membrane, VHH-hFc, cell-surface accessibility, affinity, or blocking prediction.
P1MCPUFP__CPUFP500K_0206__00634	43		9e6y	3047	/data/qlyu/projects/pvrig_top7500_dualpanel_screen_v1_20260724/run/common4_rerank_v2_20260725/final50_structure_bundle_v1_20260725/docking/representative_complexes/R43__P1MCPUFP__CPUFP500K_0206__00634__9e6y__s3047__cluster_1_model_1.pdb	119d879fed09f9a7d3f4dcdc1e8a0d8d20968f2432c4833c575f4b13d2b6538d	NTT	84	129		18.418158	POTENTIAL_GLYCAN_ANCHOR_NEARBY_10_TO_20A	NOT_RESOLVED_ISOLATED_DOMAIN_PVRIG_41_TO_152	N-X-S/T sequon-anchor geometry only; no glycan conformer, membrane, VHH-hFc, cell-surface accessibility, affinity, or blocking prediction.
P1MCPUFP__CPUFP500K_0228__00457	44		8x6b	42	/data/qlyu/projects/pvrig_top7500_dualpanel_screen_v1_20260724/run/common4_rerank_v2_20260725/final50_structure_bundle_v1_20260725/docking/representative_complexes/R44__P1MCPUFP__CPUFP500K_0228__00457__8x6b__s42__cluster_1_model_1.pdb	90ef3fd7b26983ed83ee76f67a620ad1d2386a38f5f9d2523818f52948fa9afe	NTT	80	129		17.778503	POTENTIAL_GLYCAN_ANCHOR_NEARBY_10_TO_20A	NOT_RESOLVED_ISOLATED_DOMAIN_PVRIG_41_TO_152	N-X-S/T sequon-anchor geometry only; no glycan conformer, membrane, VHH-hFc, cell-surface accessibility, affinity, or blocking prediction.
P1MCPUFP__CPUFP500K_0228__00457	44		8x6b	917	/data/qlyu/projects/pvrig_top7500_dualpanel_screen_v1_20260724/run/common4_rerank_v2_20260725/final50_structure_bundle_v1_20260725/docking/representative_complexes/R44__P1MCPUFP__CPUFP500K_0228__00457__8x6b__s917__cluster_1_model_1.pdb	d38e62dbf405eb4e53f7ed2f147b81685aa21ebdb131b522fdd76a855a0da2f4	NTT	80	129		17.691871	POTENTIAL_GLYCAN_ANCHOR_NEARBY_10_TO_20A	NOT_RESOLVED_ISOLATED_DOMAIN_PVRIG_41_TO_152	N-X-S/T sequon-anchor geometry only; no glycan conformer, membrane, VHH-hFc, cell-surface accessibility, affinity, or blocking prediction.
P1MCPUFP__CPUFP500K_0228__00457	44		8x6b	1931	/data/qlyu/projects/pvrig_top7500_dualpanel_screen_v1_20260724/run/common4_rerank_v2_20260725/final50_structure_bundle_v1_20260725/docking/representative_complexes/R44__P1MCPUFP__CPUFP500K_0228__00457__8x6b__s1931__cluster_1_model_1.pdb	d5b4748341cc7836629d0762272d94c88e82942287356cb4af14a59c9412346c	NTT	80	129		21.569148	GLYCAN_ANCHOR_CLEAR_GEOMETRIC_PROXY_GE20A	NOT_RESOLVED_ISOLATED_DOMAIN_PVRIG_41_TO_152	N-X-S/T sequon-anchor geometry only; no glycan conformer, membrane, VHH-hFc, cell-surface accessibility, affinity, or blocking prediction.
P1MCPUFP__CPUFP500K_0228__00457	44		8x6b	3047	/data/qlyu/projects/pvrig_top7500_dualpanel_screen_v1_20260724/run/common4_rerank_v2_20260725/final50_structure_bundle_v1_20260725/docking/representative_complexes/R44__P1MCPUFP__CPUFP500K_0228__00457__8x6b__s3047__cluster_1_model_1.pdb	b695f54c5111e434d8ec74cc05784f646a3fd9597d3b57aac84bddebb672dbea	NTT	80	129		17.949706	POTENTIAL_GLYCAN_ANCHOR_NEARBY_10_TO_20A	NOT_RESOLVED_ISOLATED_DOMAIN_PVRIG_41_TO_152	N-X-S/T sequon-anchor geometry only; no glycan conformer, membrane, VHH-hFc, cell-surface accessibility, affinity, or blocking prediction.
P1MCPUFP__CPUFP500K_0228__00457	44		9e6y	42	/data/qlyu/projects/pvrig_top7500_dualpanel_screen_v1_20260724/run/common4_rerank_v2_20260725/final50_structure_bundle_v1_20260725/docking/representative_complexes/R44__P1MCPUFP__CPUFP500K_0228__00457__9e6y__s42__cluster_1_model_1.pdb	4c1491420bd4c57d9e2299352fc4071ed98c7db9e02519cff258b636f5830e2d	NTT	84	129		19.407708	POTENTIAL_GLYCAN_ANCHOR_NEARBY_10_TO_20A	NOT_RESOLVED_ISOLATED_DOMAIN_PVRIG_41_TO_152	N-X-S/T sequon-anchor geometry only; no glycan conformer, membrane, VHH-hFc, cell-surface accessibility, affinity, or blocking prediction.
P1MCPUFP__CPUFP500K_0228__00457	44		9e6y	917	/data/qlyu/projects/pvrig_top7500_dualpanel_screen_v1_20260724/run/common4_rerank_v2_20260725/final50_structure_bundle_v1_20260725/docking/representative_complexes/R44__P1MCPUFP__CPUFP500K_0228__00457__9e6y__s917__cluster_1_model_1.pdb	92a4e172e7173801bee6b4c3e99e2d121721f73b6877494dcac40178e60c45cb	NTT	84	129		22.393853	GLYCAN_ANCHOR_CLEAR_GEOMETRIC_PROXY_GE20A	NOT_RESOLVED_ISOLATED_DOMAIN_PVRIG_41_TO_152	N-X-S/T sequon-anchor geometry only; no glycan conformer, membrane, VHH-hFc, cell-surface accessibility, affinity, or blocking prediction.
P1MCPUFP__CPUFP500K_0228__00457	44		9e6y	1931	/data/qlyu/projects/pvrig_top7500_dualpanel_screen_v1_20260724/run/common4_rerank_v2_20260725/final50_structure_bundle_v1_20260725/docking/representative_complexes/R44__P1MCPUFP__CPUFP500K_0228__00457__9e6y__s1931__cluster_1_model_1.pdb	7cc3ffc505f49233df966ae7905546543f4e6c7603e1caf489fb9341f0e8d894	NTT	84	129		17.826381	POTENTIAL_GLYCAN_ANCHOR_NEARBY_10_TO_20A	NOT_RESOLVED_ISOLATED_DOMAIN_PVRIG_41_TO_152	N-X-S/T sequon-anchor geometry only; no glycan conformer, membrane, VHH-hFc, cell-surface accessibility, affinity, or blocking prediction.
P1MCPUFP__CPUFP500K_0228__00457	44		9e6y	3047	/data/qlyu/projects/pvrig_top7500_dualpanel_screen_v1_20260724/run/common4_rerank_v2_20260725/final50_structure_bundle_v1_20260725/docking/representative_complexes/R44__P1MCPUFP__CPUFP500K_0228__00457__9e6y__s3047__cluster_1_model_1.pdb	dee42ab862a6df5f3f2b9196dc1c44a6d019079a82c247345c2c95511beb7231	NTT	84	129		17.157968	POTENTIAL_GLYCAN_ANCHOR_NEARBY_10_TO_20A	NOT_RESOLVED_ISOLATED_DOMAIN_PVRIG_41_TO_152	N-X-S/T sequon-anchor geometry only; no glycan conformer, membrane, VHH-hFc, cell-surface accessibility, affinity, or blocking prediction.
P1MCPUFP__CPUFP500K_0504__00900	45		8x6b	42	/data/qlyu/projects/pvrig_top7500_dualpanel_screen_v1_20260724/run/common4_rerank_v2_20260725/final50_structure_bundle_v1_20260725/docking/representative_complexes/R45__P1MCPUFP__CPUFP500K_0504__00900__8x6b__s42__cluster_1_model_1.pdb	f9150cb4dd5fe422c74e46c9d7a09d7cd9a1204bb9ed8735ac960c49356c1b5e	NTT	80	129		17.731275	POTENTIAL_GLYCAN_ANCHOR_NEARBY_10_TO_20A	NOT_RESOLVED_ISOLATED_DOMAIN_PVRIG_41_TO_152	N-X-S/T sequon-anchor geometry only; no glycan conformer, membrane, VHH-hFc, cell-surface accessibility, affinity, or blocking prediction.
P1MCPUFP__CPUFP500K_0504__00900	45		8x6b	917	/data/qlyu/projects/pvrig_top7500_dualpanel_screen_v1_20260724/run/common4_rerank_v2_20260725/final50_structure_bundle_v1_20260725/docking/representative_complexes/R45__P1MCPUFP__CPUFP500K_0504__00900__8x6b__s917__cluster_1_model_1.pdb	27cf1092165872cf6887cec0308679fc091625c24b80ea1fafb636ebdf0cc9d0	NTT	80	129		17.708063	POTENTIAL_GLYCAN_ANCHOR_NEARBY_10_TO_20A	NOT_RESOLVED_ISOLATED_DOMAIN_PVRIG_41_TO_152	N-X-S/T sequon-anchor geometry only; no glycan conformer, membrane, VHH-hFc, cell-surface accessibility, affinity, or blocking prediction.
P1MCPUFP__CPUFP500K_0504__00900	45		8x6b	1931	/data/qlyu/projects/pvrig_top7500_dualpanel_screen_v1_20260724/run/common4_rerank_v2_20260725/final50_structure_bundle_v1_20260725/docking/representative_complexes/R45__P1MCPUFP__CPUFP500K_0504__00900__8x6b__s1931__cluster_1_model_1.pdb	c2e9dc284a9801e8d231ca934120c34e17454d1684b6f9054179efc43c591dd4	NTT	80	129		17.801489	POTENTIAL_GLYCAN_ANCHOR_NEARBY_10_TO_20A	NOT_RESOLVED_ISOLATED_DOMAIN_PVRIG_41_TO_152	N-X-S/T sequon-anchor geometry only; no glycan conformer, membrane, VHH-hFc, cell-surface accessibility, affinity, or blocking prediction.
P1MCPUFP__CPUFP500K_0504__00900	45		8x6b	3047	/data/qlyu/projects/pvrig_top7500_dualpanel_screen_v1_20260724/run/common4_rerank_v2_20260725/final50_structure_bundle_v1_20260725/docking/representative_complexes/R45__P1MCPUFP__CPUFP500K_0504__00900__8x6b__s3047__cluster_1_model_1.pdb	effd6ec9b50418a2646d00641b2f1b5f5456e9d6d5f26e848319083e850feb5d	NTT	80	129		17.525453	POTENTIAL_GLYCAN_ANCHOR_NEARBY_10_TO_20A	NOT_RESOLVED_ISOLATED_DOMAIN_PVRIG_41_TO_152	N-X-S/T sequon-anchor geometry only; no glycan conformer, membrane, VHH-hFc, cell-surface accessibility, affinity, or blocking prediction.
P1MCPUFP__CPUFP500K_0504__00900	45		9e6y	42	/data/qlyu/projects/pvrig_top7500_dualpanel_screen_v1_20260724/run/common4_rerank_v2_20260725/final50_structure_bundle_v1_20260725/docking/representative_complexes/R45__P1MCPUFP__CPUFP500K_0504__00900__9e6y__s42__cluster_1_model_1.pdb	7720ccaf617c3b31299c9aae989e2cf0df98093a51d62a2f39efd56cbd5fb7c8	NTT	84	129		18.068464	POTENTIAL_GLYCAN_ANCHOR_NEARBY_10_TO_20A	NOT_RESOLVED_ISOLATED_DOMAIN_PVRIG_41_TO_152	N-X-S/T sequon-anchor geometry only; no glycan conformer, membrane, VHH-hFc, cell-surface accessibility, affinity, or blocking prediction.
P1MCPUFP__CPUFP500K_0504__00900	45		9e6y	917	/data/qlyu/projects/pvrig_top7500_dualpanel_screen_v1_20260724/run/common4_rerank_v2_20260725/final50_structure_bundle_v1_20260725/docking/representative_complexes/R45__P1MCPUFP__CPUFP500K_0504__00900__9e6y__s917__cluster_1_model_1.pdb	31a049c83131db9f847edb4543efe71e191f6296d3f5588234b953088e7b346e	NTT	84	129		18.423813	POTENTIAL_GLYCAN_ANCHOR_NEARBY_10_TO_20A	NOT_RESOLVED_ISOLATED_DOMAIN_PVRIG_41_TO_152	N-X-S/T sequon-anchor geometry only; no glycan conformer, membrane, VHH-hFc, cell-surface accessibility, affinity, or blocking prediction.
P1MCPUFP__CPUFP500K_0504__00900	45		9e6y	1931	/data/qlyu/projects/pvrig_top7500_dualpanel_screen_v1_20260724/run/common4_rerank_v2_20260725/final50_structure_bundle_v1_20260725/docking/representative_complexes/R45__P1MCPUFP__CPUFP500K_0504__00900__9e6y__s1931__cluster_1_model_1.pdb	13b6f331a542c4ba7614260c6e73a9e357e8f281d3f6a7bcbd42af16782eb620	NTT	84	129		15.707974	POTENTIAL_GLYCAN_ANCHOR_NEARBY_10_TO_20A	NOT_RESOLVED_ISOLATED_DOMAIN_PVRIG_41_TO_152	N-X-S/T sequon-anchor geometry only; no glycan conformer, membrane, VHH-hFc, cell-surface accessibility, affinity, or blocking prediction.
P1MCPUFP__CPUFP500K_0504__00900	45		9e6y	3047	/data/qlyu/projects/pvrig_top7500_dualpanel_screen_v1_20260724/run/common4_rerank_v2_20260725/final50_structure_bundle_v1_20260725/docking/representative_complexes/R45__P1MCPUFP__CPUFP500K_0504__00900__9e6y__s3047__cluster_1_model_1.pdb	7a09e39542f823fde46339ba292534e30b910a535182a5d152bb9315a298a5a7	NTT	84	129		18.167541	POTENTIAL_GLYCAN_ANCHOR_NEARBY_10_TO_20A	NOT_RESOLVED_ISOLATED_DOMAIN_PVRIG_41_TO_152	N-X-S/T sequon-anchor geometry only; no glycan conformer, membrane, VHH-hFc, cell-surface accessibility, affinity, or blocking prediction.
P1MCPUFP__CPUFP500K_0034__00437	46		8x6b	42	/data/qlyu/projects/pvrig_top7500_dualpanel_screen_v1_20260724/run/common4_rerank_v2_20260725/final50_structure_bundle_v1_20260725/docking/representative_complexes/R46__P1MCPUFP__CPUFP500K_0034__00437__8x6b__s42__cluster_1_model_1.pdb	f8a06042ec2ef533302d88da07affd42c62734f6449ff01b2b6271ab62756c4a	NTT	80	129		18.626637	POTENTIAL_GLYCAN_ANCHOR_NEARBY_10_TO_20A	NOT_RESOLVED_ISOLATED_DOMAIN_PVRIG_41_TO_152	N-X-S/T sequon-anchor geometry only; no glycan conformer, membrane, VHH-hFc, cell-surface accessibility, affinity, or blocking prediction.
P1MCPUFP__CPUFP500K_0034__00437	46		8x6b	917	/data/qlyu/projects/pvrig_top7500_dualpanel_screen_v1_20260724/run/common4_rerank_v2_20260725/final50_structure_bundle_v1_20260725/docking/representative_complexes/R46__P1MCPUFP__CPUFP500K_0034__00437__8x6b__s917__cluster_1_model_1.pdb	7229553310c2d8df24a715efe3abc3e166d1d80b280dd6048d646eb35e0070c1	NTT	80	129		19.731442	POTENTIAL_GLYCAN_ANCHOR_NEARBY_10_TO_20A	NOT_RESOLVED_ISOLATED_DOMAIN_PVRIG_41_TO_152	N-X-S/T sequon-anchor geometry only; no glycan conformer, membrane, VHH-hFc, cell-surface accessibility, affinity, or blocking prediction.
P1MCPUFP__CPUFP500K_0034__00437	46		8x6b	1931	/data/qlyu/projects/pvrig_top7500_dualpanel_screen_v1_20260724/run/common4_rerank_v2_20260725/final50_structure_bundle_v1_20260725/docking/representative_complexes/R46__P1MCPUFP__CPUFP500K_0034__00437__8x6b__s1931__cluster_1_model_1.pdb	a155d80833546b28ad01c50790de031b3ccea8cb3caf7a45f03c9449b3c7d190	NTT	80	129		17.020239	POTENTIAL_GLYCAN_ANCHOR_NEARBY_10_TO_20A	NOT_RESOLVED_ISOLATED_DOMAIN_PVRIG_41_TO_152	N-X-S/T sequon-anchor geometry only; no glycan conformer, membrane, VHH-hFc, cell-surface accessibility, affinity, or blocking prediction.
P1MCPUFP__CPUFP500K_0034__00437	46		8x6b	3047	/data/qlyu/projects/pvrig_top7500_dualpanel_screen_v1_20260724/run/common4_rerank_v2_20260725/final50_structure_bundle_v1_20260725/docking/representative_complexes/R46__P1MCPUFP__CPUFP500K_0034__00437__8x6b__s3047__cluster_1_model_1.pdb	bc01d3c4142f3afdc974295639503e38cd07543fc18d5652df9b3bcf88f8b635	NTT	80	129		18.796713	POTENTIAL_GLYCAN_ANCHOR_NEARBY_10_TO_20A	NOT_RESOLVED_ISOLATED_DOMAIN_PVRIG_41_TO_152	N-X-S/T sequon-anchor geometry only; no glycan conformer, membrane, VHH-hFc, cell-surface accessibility, affinity, or blocking prediction.
P1MCPUFP__CPUFP500K_0034__00437	46		9e6y	42	/data/qlyu/projects/pvrig_top7500_dualpanel_screen_v1_20260724/run/common4_rerank_v2_20260725/final50_structure_bundle_v1_20260725/docking/representative_complexes/R46__P1MCPUFP__CPUFP500K_0034__00437__9e6y__s42__cluster_1_model_1.pdb	e042fe7d5b4e9f67931aed58aa400e7ee9837a36d130e0f5d7a08b62de644995	NTT	84	129		17.401634	POTENTIAL_GLYCAN_ANCHOR_NEARBY_10_TO_20A	NOT_RESOLVED_ISOLATED_DOMAIN_PVRIG_41_TO_152	N-X-S/T sequon-anchor geometry only; no glycan conformer, membrane, VHH-hFc, cell-surface accessibility, affinity, or blocking prediction.
P1MCPUFP__CPUFP500K_0034__00437	46		9e6y	917	/data/qlyu/projects/pvrig_top7500_dualpanel_screen_v1_20260724/run/common4_rerank_v2_20260725/final50_structure_bundle_v1_20260725/docking/representative_complexes/R46__P1MCPUFP__CPUFP500K_0034__00437__9e6y__s917__cluster_1_model_1.pdb	56d0259caa5fb41d48e3e58878a9e4f01cd6da466dea155b9a068cc934e0cc22	NTT	84	129		17.393632	POTENTIAL_GLYCAN_ANCHOR_NEARBY_10_TO_20A	NOT_RESOLVED_ISOLATED_DOMAIN_PVRIG_41_TO_152	N-X-S/T sequon-anchor geometry only; no glycan conformer, membrane, VHH-hFc, cell-surface accessibility, affinity, or blocking prediction.
P1MCPUFP__CPUFP500K_0034__00437	46		9e6y	1931	/data/qlyu/projects/pvrig_top7500_dualpanel_screen_v1_20260724/run/common4_rerank_v2_20260725/final50_structure_bundle_v1_20260725/docking/representative_complexes/R46__P1MCPUFP__CPUFP500K_0034__00437__9e6y__s1931__cluster_1_model_1.pdb	0c2eae7fcc4babf130d825d179fba54c01aa9d0f192443c5358a397653dca1a4	NTT	84	129		17.17936	POTENTIAL_GLYCAN_ANCHOR_NEARBY_10_TO_20A	NOT_RESOLVED_ISOLATED_DOMAIN_PVRIG_41_TO_152	N-X-S/T sequon-anchor geometry only; no glycan conformer, membrane, VHH-hFc, cell-surface accessibility, affinity, or blocking prediction.
P1MCPUFP__CPUFP500K_0034__00437	46		9e6y	3047	/data/qlyu/projects/pvrig_top7500_dualpanel_screen_v1_20260724/run/common4_rerank_v2_20260725/final50_structure_bundle_v1_20260725/docking/representative_complexes/R46__P1MCPUFP__CPUFP500K_0034__00437__9e6y__s3047__cluster_1_model_1.pdb	055d80006436229106c1b3b4a9b584d10c92a1b9a6f441fce4c3d7a76d8fa1d5	NTT	84	129		17.520142	POTENTIAL_GLYCAN_ANCHOR_NEARBY_10_TO_20A	NOT_RESOLVED_ISOLATED_DOMAIN_PVRIG_41_TO_152	N-X-S/T sequon-anchor geometry only; no glycan conformer, membrane, VHH-hFc, cell-surface accessibility, affinity, or blocking prediction.
P1MCPUFP__CPUFP500K_0091__00172	47		8x6b	42	/data/qlyu/projects/pvrig_top7500_dualpanel_screen_v1_20260724/run/common4_rerank_v2_20260725/final50_structure_bundle_v1_20260725/docking/representative_complexes/R47__P1MCPUFP__CPUFP500K_0091__00172__8x6b__s42__cluster_1_model_1.pdb	051104e2dc477230537b91175155fccdc6e7116c877e243876a07d0fbf465209	NTT	80	129		15.085254	POTENTIAL_GLYCAN_ANCHOR_NEARBY_10_TO_20A	NOT_RESOLVED_ISOLATED_DOMAIN_PVRIG_41_TO_152	N-X-S/T sequon-anchor geometry only; no glycan conformer, membrane, VHH-hFc, cell-surface accessibility, affinity, or blocking prediction.
P1MCPUFP__CPUFP500K_0091__00172	47		8x6b	917	/data/qlyu/projects/pvrig_top7500_dualpanel_screen_v1_20260724/run/common4_rerank_v2_20260725/final50_structure_bundle_v1_20260725/docking/representative_complexes/R47__P1MCPUFP__CPUFP500K_0091__00172__8x6b__s917__cluster_1_model_1.pdb	bfd4406dcdf0c86afbf6f3ef7e0a151fed720054a6e16e276a31921e69ac110c	NTT	80	129		17.677771	POTENTIAL_GLYCAN_ANCHOR_NEARBY_10_TO_20A	NOT_RESOLVED_ISOLATED_DOMAIN_PVRIG_41_TO_152	N-X-S/T sequon-anchor geometry only; no glycan conformer, membrane, VHH-hFc, cell-surface accessibility, affinity, or blocking prediction.
P1MCPUFP__CPUFP500K_0091__00172	47		8x6b	1931	/data/qlyu/projects/pvrig_top7500_dualpanel_screen_v1_20260724/run/common4_rerank_v2_20260725/final50_structure_bundle_v1_20260725/docking/representative_complexes/R47__P1MCPUFP__CPUFP500K_0091__00172__8x6b__s1931__cluster_1_model_1.pdb	60a4fb4f951bbfd6a828b30570ef4fd9e2190bcd09f041aaf63229686b2bb4e6	NTT	80	129		15.466792	POTENTIAL_GLYCAN_ANCHOR_NEARBY_10_TO_20A	NOT_RESOLVED_ISOLATED_DOMAIN_PVRIG_41_TO_152	N-X-S/T sequon-anchor geometry only; no glycan conformer, membrane, VHH-hFc, cell-surface accessibility, affinity, or blocking prediction.
P1MCPUFP__CPUFP500K_0091__00172	47		8x6b	3047	/data/qlyu/projects/pvrig_top7500_dualpanel_screen_v1_20260724/run/common4_rerank_v2_20260725/final50_structure_bundle_v1_20260725/docking/representative_complexes/R47__P1MCPUFP__CPUFP500K_0091__00172__8x6b__s3047__cluster_1_model_1.pdb	69a3ee60d64726ce363cb3364306fedb282529dc1ade120f47a49bbd1ceb1b29	NTT	80	129		19.848957	POTENTIAL_GLYCAN_ANCHOR_NEARBY_10_TO_20A	NOT_RESOLVED_ISOLATED_DOMAIN_PVRIG_41_TO_152	N-X-S/T sequon-anchor geometry only; no glycan conformer, membrane, VHH-hFc, cell-surface accessibility, affinity, or blocking prediction.
P1MCPUFP__CPUFP500K_0091__00172	47		9e6y	42	/data/qlyu/projects/pvrig_top7500_dualpanel_screen_v1_20260724/run/common4_rerank_v2_20260725/final50_structure_bundle_v1_20260725/docking/representative_complexes/R47__P1MCPUFP__CPUFP500K_0091__00172__9e6y__s42__cluster_1_model_1.pdb	2364cdf3b16371c05f8c0d1e0a1ae624f61bc7bc342a8d67f08c999712ba30ae	NTT	84	129		15.994452	POTENTIAL_GLYCAN_ANCHOR_NEARBY_10_TO_20A	NOT_RESOLVED_ISOLATED_DOMAIN_PVRIG_41_TO_152	N-X-S/T sequon-anchor geometry only; no glycan conformer, membrane, VHH-hFc, cell-surface accessibility, affinity, or blocking prediction.
P1MCPUFP__CPUFP500K_0091__00172	47		9e6y	917	/data/qlyu/projects/pvrig_top7500_dualpanel_screen_v1_20260724/run/common4_rerank_v2_20260725/final50_structure_bundle_v1_20260725/docking/representative_complexes/R47__P1MCPUFP__CPUFP500K_0091__00172__9e6y__s917__cluster_1_model_1.pdb	6592d15951f06c73e123890c5dbf429e41a57c4ad466bcdd25d513373a535224	NTT	84	129		16.974442	POTENTIAL_GLYCAN_ANCHOR_NEARBY_10_TO_20A	NOT_RESOLVED_ISOLATED_DOMAIN_PVRIG_41_TO_152	N-X-S/T sequon-anchor geometry only; no glycan conformer, membrane, VHH-hFc, cell-surface accessibility, affinity, or blocking prediction.
P1MCPUFP__CPUFP500K_0091__00172	47		9e6y	1931	/data/qlyu/projects/pvrig_top7500_dualpanel_screen_v1_20260724/run/common4_rerank_v2_20260725/final50_structure_bundle_v1_20260725/docking/representative_complexes/R47__P1MCPUFP__CPUFP500K_0091__00172__9e6y__s1931__cluster_1_model_1.pdb	8a27b7ec72ea306a30e1f36c6486578dd571dc355ef68dbf68d3554e1626d6ca	NTT	84	129		15.51165	POTENTIAL_GLYCAN_ANCHOR_NEARBY_10_TO_20A	NOT_RESOLVED_ISOLATED_DOMAIN_PVRIG_41_TO_152	N-X-S/T sequon-anchor geometry only; no glycan conformer, membrane, VHH-hFc, cell-surface accessibility, affinity, or blocking prediction.
P1MCPUFP__CPUFP500K_0091__00172	47		9e6y	3047	/data/qlyu/projects/pvrig_top7500_dualpanel_screen_v1_20260724/run/common4_rerank_v2_20260725/final50_structure_bundle_v1_20260725/docking/representative_complexes/R47__P1MCPUFP__CPUFP500K_0091__00172__9e6y__s3047__cluster_1_model_1.pdb	dbe4a46a4ec0f1c9ee6557249441537fe10ac2b562862130cd04c5dc3fe3bc05	NTT	84	129		17.850413	POTENTIAL_GLYCAN_ANCHOR_NEARBY_10_TO_20A	NOT_RESOLVED_ISOLATED_DOMAIN_PVRIG_41_TO_152	N-X-S/T sequon-anchor geometry only; no glycan conformer, membrane, VHH-hFc, cell-surface accessibility, affinity, or blocking prediction.
P1MCPUFP__CPUFP500K_0190__00879	48		8x6b	42	/data/qlyu/projects/pvrig_top7500_dualpanel_screen_v1_20260724/run/common4_rerank_v2_20260725/final50_structure_bundle_v1_20260725/docking/representative_complexes/R48__P1MCPUFP__CPUFP500K_0190__00879__8x6b__s42__cluster_1_model_1.pdb	cbff64276381434acf392d97021823b0871997f70e148fc75b5887257ace6b2a	NTT	80	129		18.343917	POTENTIAL_GLYCAN_ANCHOR_NEARBY_10_TO_20A	NOT_RESOLVED_ISOLATED_DOMAIN_PVRIG_41_TO_152	N-X-S/T sequon-anchor geometry only; no glycan conformer, membrane, VHH-hFc, cell-surface accessibility, affinity, or blocking prediction.
P1MCPUFP__CPUFP500K_0190__00879	48		8x6b	917	/data/qlyu/projects/pvrig_top7500_dualpanel_screen_v1_20260724/run/common4_rerank_v2_20260725/final50_structure_bundle_v1_20260725/docking/representative_complexes/R48__P1MCPUFP__CPUFP500K_0190__00879__8x6b__s917__cluster_1_model_1.pdb	b2d0d9eb26fc352f226fda86afd7bfee3e5ce721a0e1e0ed76ac7aeb884bdf44	NTT	80	129		16.214063	POTENTIAL_GLYCAN_ANCHOR_NEARBY_10_TO_20A	NOT_RESOLVED_ISOLATED_DOMAIN_PVRIG_41_TO_152	N-X-S/T sequon-anchor geometry only; no glycan conformer, membrane, VHH-hFc, cell-surface accessibility, affinity, or blocking prediction.
P1MCPUFP__CPUFP500K_0190__00879	48		8x6b	1931	/data/qlyu/projects/pvrig_top7500_dualpanel_screen_v1_20260724/run/common4_rerank_v2_20260725/final50_structure_bundle_v1_20260725/docking/representative_complexes/R48__P1MCPUFP__CPUFP500K_0190__00879__8x6b__s1931__cluster_1_model_1.pdb	ca3fcfa57ff7c4278cfaa49bd02065eee2f6dfe1c9acc7d0eaa6fee307397f82	NTT	80	129		18.607223	POTENTIAL_GLYCAN_ANCHOR_NEARBY_10_TO_20A	NOT_RESOLVED_ISOLATED_DOMAIN_PVRIG_41_TO_152	N-X-S/T sequon-anchor geometry only; no glycan conformer, membrane, VHH-hFc, cell-surface accessibility, affinity, or blocking prediction.
P1MCPUFP__CPUFP500K_0190__00879	48		8x6b	3047	/data/qlyu/projects/pvrig_top7500_dualpanel_screen_v1_20260724/run/common4_rerank_v2_20260725/final50_structure_bundle_v1_20260725/docking/representative_complexes/R48__P1MCPUFP__CPUFP500K_0190__00879__8x6b__s3047__cluster_1_model_1.pdb	b78a6fd6ec62cfb9f87b58df583e9e3e759757784f7466b879f10ff505681f66	NTT	80	129		18.505799	POTENTIAL_GLYCAN_ANCHOR_NEARBY_10_TO_20A	NOT_RESOLVED_ISOLATED_DOMAIN_PVRIG_41_TO_152	N-X-S/T sequon-anchor geometry only; no glycan conformer, membrane, VHH-hFc, cell-surface accessibility, affinity, or blocking prediction.
P1MCPUFP__CPUFP500K_0190__00879	48		9e6y	42	/data/qlyu/projects/pvrig_top7500_dualpanel_screen_v1_20260724/run/common4_rerank_v2_20260725/final50_structure_bundle_v1_20260725/docking/representative_complexes/R48__P1MCPUFP__CPUFP500K_0190__00879__9e6y__s42__cluster_1_model_1.pdb	a654838ed4c89f5216a49816a4dbf4844108f78cab717d18b67f323430519025	NTT	84	129		16.615503	POTENTIAL_GLYCAN_ANCHOR_NEARBY_10_TO_20A	NOT_RESOLVED_ISOLATED_DOMAIN_PVRIG_41_TO_152	N-X-S/T sequon-anchor geometry only; no glycan conformer, membrane, VHH-hFc, cell-surface accessibility, affinity, or blocking prediction.
P1MCPUFP__CPUFP500K_0190__00879	48		9e6y	917	/data/qlyu/projects/pvrig_top7500_dualpanel_screen_v1_20260724/run/common4_rerank_v2_20260725/final50_structure_bundle_v1_20260725/docking/representative_complexes/R48__P1MCPUFP__CPUFP500K_0190__00879__9e6y__s917__cluster_1_model_1.pdb	c5666ebf27792da68428400a97bb71fded7534e4475a61d4661786145110322a	NTT	84	129		18.041029	POTENTIAL_GLYCAN_ANCHOR_NEARBY_10_TO_20A	NOT_RESOLVED_ISOLATED_DOMAIN_PVRIG_41_TO_152	N-X-S/T sequon-anchor geometry only; no glycan conformer, membrane, VHH-hFc, cell-surface accessibility, affinity, or blocking prediction.
P1MCPUFP__CPUFP500K_0190__00879	48		9e6y	1931	/data/qlyu/projects/pvrig_top7500_dualpanel_screen_v1_20260724/run/common4_rerank_v2_20260725/final50_structure_bundle_v1_20260725/docking/representative_complexes/R48__P1MCPUFP__CPUFP500K_0190__00879__9e6y__s1931__cluster_1_model_1.pdb	d70d91c21d9c4c3ac8ddb6f8b09e9fffca3552c3c109018b346b377b6fc468a0	NTT	84	129		18.575481	POTENTIAL_GLYCAN_ANCHOR_NEARBY_10_TO_20A	NOT_RESOLVED_ISOLATED_DOMAIN_PVRIG_41_TO_152	N-X-S/T sequon-anchor geometry only; no glycan conformer, membrane, VHH-hFc, cell-surface accessibility, affinity, or blocking prediction.
P1MCPUFP__CPUFP500K_0190__00879	48		9e6y	3047	/data/qlyu/projects/pvrig_top7500_dualpanel_screen_v1_20260724/run/common4_rerank_v2_20260725/final50_structure_bundle_v1_20260725/docking/representative_complexes/R48__P1MCPUFP__CPUFP500K_0190__00879__9e6y__s3047__cluster_1_model_1.pdb	3343329b6ac1b582863d7edaca6e80af0bbf1340763705aa2585a784f8807ba2	NTT	84	129		15.614112	POTENTIAL_GLYCAN_ANCHOR_NEARBY_10_TO_20A	NOT_RESOLVED_ISOLATED_DOMAIN_PVRIG_41_TO_152	N-X-S/T sequon-anchor geometry only; no glycan conformer, membrane, VHH-hFc, cell-surface accessibility, affinity, or blocking prediction.
P1MCPUFP__CPUFP500K_0091__00440	49		8x6b	42	/data/qlyu/projects/pvrig_top7500_dualpanel_screen_v1_20260724/run/common4_rerank_v2_20260725/final50_structure_bundle_v1_20260725/docking/representative_complexes/R49__P1MCPUFP__CPUFP500K_0091__00440__8x6b__s42__cluster_1_model_1.pdb	9f844d79a0033db30515cd9d7bb4165626150906313d9a8438087c5864839e5c	NTT	80	129		15.367214	POTENTIAL_GLYCAN_ANCHOR_NEARBY_10_TO_20A	NOT_RESOLVED_ISOLATED_DOMAIN_PVRIG_41_TO_152	N-X-S/T sequon-anchor geometry only; no glycan conformer, membrane, VHH-hFc, cell-surface accessibility, affinity, or blocking prediction.
P1MCPUFP__CPUFP500K_0091__00440	49		8x6b	917	/data/qlyu/projects/pvrig_top7500_dualpanel_screen_v1_20260724/run/common4_rerank_v2_20260725/final50_structure_bundle_v1_20260725/docking/representative_complexes/R49__P1MCPUFP__CPUFP500K_0091__00440__8x6b__s917__cluster_1_model_1.pdb	77f3c52f55c3e829d9020afae3a4a183cd6da29e1bfe72764d837a8dc2c508ff	NTT	80	129		18.643191	POTENTIAL_GLYCAN_ANCHOR_NEARBY_10_TO_20A	NOT_RESOLVED_ISOLATED_DOMAIN_PVRIG_41_TO_152	N-X-S/T sequon-anchor geometry only; no glycan conformer, membrane, VHH-hFc, cell-surface accessibility, affinity, or blocking prediction.
P1MCPUFP__CPUFP500K_0091__00440	49		8x6b	1931	/data/qlyu/projects/pvrig_top7500_dualpanel_screen_v1_20260724/run/common4_rerank_v2_20260725/final50_structure_bundle_v1_20260725/docking/representative_complexes/R49__P1MCPUFP__CPUFP500K_0091__00440__8x6b__s1931__cluster_1_model_1.pdb	5533397b7601e977c466bbafae405ab0e40d8cbf23b8fe9eff0b74348d0b0bdb	NTT	80	129		17.060449	POTENTIAL_GLYCAN_ANCHOR_NEARBY_10_TO_20A	NOT_RESOLVED_ISOLATED_DOMAIN_PVRIG_41_TO_152	N-X-S/T sequon-anchor geometry only; no glycan conformer, membrane, VHH-hFc, cell-surface accessibility, affinity, or blocking prediction.
P1MCPUFP__CPUFP500K_0091__00440	49		8x6b	3047	/data/qlyu/projects/pvrig_top7500_dualpanel_screen_v1_20260724/run/common4_rerank_v2_20260725/final50_structure_bundle_v1_20260725/docking/representative_complexes/R49__P1MCPUFP__CPUFP500K_0091__00440__8x6b__s3047__cluster_1_model_1.pdb	480a326b815fe775c7b457d7fc7dd8c964acac116a6b7cf55dbe0ed5d4068aed	NTT	80	129		20.039966	GLYCAN_ANCHOR_CLEAR_GEOMETRIC_PROXY_GE20A	NOT_RESOLVED_ISOLATED_DOMAIN_PVRIG_41_TO_152	N-X-S/T sequon-anchor geometry only; no glycan conformer, membrane, VHH-hFc, cell-surface accessibility, affinity, or blocking prediction.
P1MCPUFP__CPUFP500K_0091__00440	49		9e6y	42	/data/qlyu/projects/pvrig_top7500_dualpanel_screen_v1_20260724/run/common4_rerank_v2_20260725/final50_structure_bundle_v1_20260725/docking/representative_complexes/R49__P1MCPUFP__CPUFP500K_0091__00440__9e6y__s42__cluster_1_model_1.pdb	c0ddd0cb5f76c7d2452490010babc2075a9b2b7530afa5860232ae327e5c44aa	NTT	84	129		17.492764	POTENTIAL_GLYCAN_ANCHOR_NEARBY_10_TO_20A	NOT_RESOLVED_ISOLATED_DOMAIN_PVRIG_41_TO_152	N-X-S/T sequon-anchor geometry only; no glycan conformer, membrane, VHH-hFc, cell-surface accessibility, affinity, or blocking prediction.
P1MCPUFP__CPUFP500K_0091__00440	49		9e6y	917	/data/qlyu/projects/pvrig_top7500_dualpanel_screen_v1_20260724/run/common4_rerank_v2_20260725/final50_structure_bundle_v1_20260725/docking/representative_complexes/R49__P1MCPUFP__CPUFP500K_0091__00440__9e6y__s917__cluster_1_model_1.pdb	8265bfa3325d472cc952089fdcda216c9b5d2f6c7c1477ca261542928fc1343c	NTT	84	129		16.596741	POTENTIAL_GLYCAN_ANCHOR_NEARBY_10_TO_20A	NOT_RESOLVED_ISOLATED_DOMAIN_PVRIG_41_TO_152	N-X-S/T sequon-anchor geometry only; no glycan conformer, membrane, VHH-hFc, cell-surface accessibility, affinity, or blocking prediction.
P1MCPUFP__CPUFP500K_0091__00440	49		9e6y	1931	/data/qlyu/projects/pvrig_top7500_dualpanel_screen_v1_20260724/run/common4_rerank_v2_20260725/final50_structure_bundle_v1_20260725/docking/representative_complexes/R49__P1MCPUFP__CPUFP500K_0091__00440__9e6y__s1931__cluster_1_model_1.pdb	a861c5683a6fc806a5b723af6fb9096d50f055dcfd1b2af0c6b723e06cf8c2ce	NTT	84	129		18.743615	POTENTIAL_GLYCAN_ANCHOR_NEARBY_10_TO_20A	NOT_RESOLVED_ISOLATED_DOMAIN_PVRIG_41_TO_152	N-X-S/T sequon-anchor geometry only; no glycan conformer, membrane, VHH-hFc, cell-surface accessibility, affinity, or blocking prediction.
P1MCPUFP__CPUFP500K_0091__00440	49		9e6y	3047	/data/qlyu/projects/pvrig_top7500_dualpanel_screen_v1_20260724/run/common4_rerank_v2_20260725/final50_structure_bundle_v1_20260725/docking/representative_complexes/R49__P1MCPUFP__CPUFP500K_0091__00440__9e6y__s3047__cluster_1_model_1.pdb	fd5bee43b1538ed262b5570033d376042809093c489cb89036191fe1b777851a	NTT	84	129		18.330861	POTENTIAL_GLYCAN_ANCHOR_NEARBY_10_TO_20A	NOT_RESOLVED_ISOLATED_DOMAIN_PVRIG_41_TO_152	N-X-S/T sequon-anchor geometry only; no glycan conformer, membrane, VHH-hFc, cell-surface accessibility, affinity, or blocking prediction.
P1MCPUFP__CPUFP500K_0133__00282	50		8x6b	42	/data/qlyu/projects/pvrig_top7500_dualpanel_screen_v1_20260724/run/common4_rerank_v2_20260725/final50_structure_bundle_v1_20260725/docking/representative_complexes/R50__P1MCPUFP__CPUFP500K_0133__00282__8x6b__s42__cluster_1_model_1.pdb	91a14a292a29e6e4bd6c298c3d9bcff970d8918e0c51aeb6e85dd59fcbca372f	NTT	80	129		19.386023	POTENTIAL_GLYCAN_ANCHOR_NEARBY_10_TO_20A	NOT_RESOLVED_ISOLATED_DOMAIN_PVRIG_41_TO_152	N-X-S/T sequon-anchor geometry only; no glycan conformer, membrane, VHH-hFc, cell-surface accessibility, affinity, or blocking prediction.
P1MCPUFP__CPUFP500K_0133__00282	50		8x6b	917	/data/qlyu/projects/pvrig_top7500_dualpanel_screen_v1_20260724/run/common4_rerank_v2_20260725/final50_structure_bundle_v1_20260725/docking/representative_complexes/R50__P1MCPUFP__CPUFP500K_0133__00282__8x6b__s917__cluster_1_model_1.pdb	4f0ca8b7c3218440a38335ca7c1d65b80cfa24abae082a369c4571ccaba425be	NTT	80	129		15.836518	POTENTIAL_GLYCAN_ANCHOR_NEARBY_10_TO_20A	NOT_RESOLVED_ISOLATED_DOMAIN_PVRIG_41_TO_152	N-X-S/T sequon-anchor geometry only; no glycan conformer, membrane, VHH-hFc, cell-surface accessibility, affinity, or blocking prediction.
P1MCPUFP__CPUFP500K_0133__00282	50		8x6b	1931	/data/qlyu/projects/pvrig_top7500_dualpanel_screen_v1_20260724/run/common4_rerank_v2_20260725/final50_structure_bundle_v1_20260725/docking/representative_complexes/R50__P1MCPUFP__CPUFP500K_0133__00282__8x6b__s1931__cluster_1_model_1.pdb	468856c19c1722cef2d486556146afd3ed214de1cb2ca8049feb011434755d67	NTT	80	129		15.090406	POTENTIAL_GLYCAN_ANCHOR_NEARBY_10_TO_20A	NOT_RESOLVED_ISOLATED_DOMAIN_PVRIG_41_TO_152	N-X-S/T sequon-anchor geometry only; no glycan conformer, membrane, VHH-hFc, cell-surface accessibility, affinity, or blocking prediction.
P1MCPUFP__CPUFP500K_0133__00282	50		8x6b	3047	/data/qlyu/projects/pvrig_top7500_dualpanel_screen_v1_20260724/run/common4_rerank_v2_20260725/final50_structure_bundle_v1_20260725/docking/representative_complexes/R50__P1MCPUFP__CPUFP500K_0133__00282__8x6b__s3047__cluster_1_model_1.pdb	281368a617d4692ecff60098a604d50135b5c2ce80a3043ba1cfb59cc72d6ace	NTT	80	129		12.95154	POTENTIAL_GLYCAN_ANCHOR_NEARBY_10_TO_20A	NOT_RESOLVED_ISOLATED_DOMAIN_PVRIG_41_TO_152	N-X-S/T sequon-anchor geometry only; no glycan conformer, membrane, VHH-hFc, cell-surface accessibility, affinity, or blocking prediction.
P1MCPUFP__CPUFP500K_0133__00282	50		9e6y	42	/data/qlyu/projects/pvrig_top7500_dualpanel_screen_v1_20260724/run/common4_rerank_v2_20260725/final50_structure_bundle_v1_20260725/docking/representative_complexes/R50__P1MCPUFP__CPUFP500K_0133__00282__9e6y__s42__cluster_1_model_1.pdb	7665590c988b0d2f2eccc3babf9bcdb7c2e532481d2f6550d63863a869d86fe8	NTT	84	129		16.622417	POTENTIAL_GLYCAN_ANCHOR_NEARBY_10_TO_20A	NOT_RESOLVED_ISOLATED_DOMAIN_PVRIG_41_TO_152	N-X-S/T sequon-anchor geometry only; no glycan conformer, membrane, VHH-hFc, cell-surface accessibility, affinity, or blocking prediction.
P1MCPUFP__CPUFP500K_0133__00282	50		9e6y	917	/data/qlyu/projects/pvrig_top7500_dualpanel_screen_v1_20260724/run/common4_rerank_v2_20260725/final50_structure_bundle_v1_20260725/docking/representative_complexes/R50__P1MCPUFP__CPUFP500K_0133__00282__9e6y__s917__cluster_1_model_1.pdb	22ec750498f2f72ee2ffce9d3eb65db0eff3745a2080a37d1472dd66a18c36af	NTT	84	129		16.384063	POTENTIAL_GLYCAN_ANCHOR_NEARBY_10_TO_20A	NOT_RESOLVED_ISOLATED_DOMAIN_PVRIG_41_TO_152	N-X-S/T sequon-anchor geometry only; no glycan conformer, membrane, VHH-hFc, cell-surface accessibility, affinity, or blocking prediction.
P1MCPUFP__CPUFP500K_0133__00282	50		9e6y	1931	/data/qlyu/projects/pvrig_top7500_dualpanel_screen_v1_20260724/run/common4_rerank_v2_20260725/final50_structure_bundle_v1_20260725/docking/representative_complexes/R50__P1MCPUFP__CPUFP500K_0133__00282__9e6y__s1931__cluster_1_model_1.pdb	feb43936620617a24b4bf6154c6d6b542868c2759fb8c01b7396898fb01ce823	NTT	84	129		15.926327	POTENTIAL_GLYCAN_ANCHOR_NEARBY_10_TO_20A	NOT_RESOLVED_ISOLATED_DOMAIN_PVRIG_41_TO_152	N-X-S/T sequon-anchor geometry only; no glycan conformer, membrane, VHH-hFc, cell-surface accessibility, affinity, or blocking prediction.
P1MCPUFP__CPUFP500K_0133__00282	50		9e6y	3047	/data/qlyu/projects/pvrig_top7500_dualpanel_screen_v1_20260724/run/common4_rerank_v2_20260725/final50_structure_bundle_v1_20260725/docking/representative_complexes/R50__P1MCPUFP__CPUFP500K_0133__00282__9e6y__s3047__cluster_1_model_1.pdb	b08fe995b15f1c5c65c00ac2baaf837fcad7a63eea260e8a27c01fabdf4d1330	NTT	84	129		14.281257	POTENTIAL_GLYCAN_ANCHOR_NEARBY_10_TO_20A	NOT_RESOLVED_ISOLATED_DOMAIN_PVRIG_41_TO_152	N-X-S/T sequon-anchor geometry only; no glycan conformer, membrane, VHH-hFc, cell-surface accessibility, affinity, or blocking prediction.
