model,baseline,haddock_rank,haddock_score,hotspot_overlap_count,align_rmsd_A,total_vhh_pvrl2_atom_occlusion,total_vhh_pvrl2_residue_pair_occlusion,total_vhh_pvrl2_atom_clash,total_vhh_pvrl2_residue_pair_clash,cdr3_atom_occlusion,cdr3_atom_occlusion_fraction,cdr3_residue_pair_occlusion,cdr3_residue_pair_occlusion_fraction,cdr3_atom_clash,cdr3_residue_pair_clash,cdr3_vhh_residue_count,cdr3_pvrl2_residue_count,cdr12_atom_occlusion,cdr12_residue_pair_occlusion,framework_atom_occlusion,framework_residue_pair_occlusion,framework_residue_pair_occlusion_fraction
cluster_1_model_1,8x6b,1,,17,0.519,8760,751,1562,277,1825,0.20833333333333334,133,0.17709720372836218,346,55,13,44,1055,77,5880,541,0.7203728362183754
cluster_1_model_2,8x6b,2,,19,0.588,9049,783,1669,284,1813,0.20035363023538513,133,0.1698595146871009,352,54,13,42,1035,84,6201,566,0.722860791826309
cluster_1_model_3,8x6b,3,,16,0.516,9359,798,1762,273,1802,0.1925419382412651,134,0.16791979949874686,357,50,13,45,1296,112,6261,552,0.6917293233082706
cluster_1_model_4,8x6b,4,,18,0.467,8523,717,1554,264,1912,0.22433415464038484,138,0.19246861924686193,366,50,13,46,1271,97,5340,482,0.6722454672245467
cluster_2_model_1,8x6b,5,,17,0.580,8821,722,1557,273,1829,0.20734610588368665,123,0.1703601108033241,309,54,13,39,1129,77,5863,522,0.7229916897506925
cluster_3_model_1,8x6b,6,,16,0.656,8041,684,1480,254,1595,0.19835841313269495,120,0.17543859649122806,324,54,13,39,1607,131,4839,433,0.6330409356725146
cluster_4_model_1,8x6b,7,,12,0.435,6669,573,1175,204,1068,0.16014394961763384,85,0.14834205933682373,209,35,13,29,1281,102,4320,386,0.6736474694589878
