model,baseline,haddock_rank,haddock_score,hotspot_overlap_count,align_rmsd_A,total_vhh_pvrl2_atom_occlusion,total_vhh_pvrl2_residue_pair_occlusion,total_vhh_pvrl2_atom_clash,total_vhh_pvrl2_residue_pair_clash,cdr3_atom_occlusion,cdr3_atom_occlusion_fraction,cdr3_residue_pair_occlusion,cdr3_residue_pair_occlusion_fraction,cdr3_atom_clash,cdr3_residue_pair_clash,cdr3_vhh_residue_count,cdr3_pvrl2_residue_count,cdr12_atom_occlusion,cdr12_residue_pair_occlusion,framework_atom_occlusion,framework_residue_pair_occlusion,framework_residue_pair_occlusion_fraction
cluster_1_model_1,8x6b,1,,20,0.591,8774,734,1571,254,1752,0.19968087531342604,120,0.16348773841961853,301,47,13,37,1057,77,5965,537,0.7316076294277929
cluster_1_model_2,8x6b,2,,18,0.568,8754,754,1512,278,1709,0.19522503998172264,124,0.16445623342175067,310,55,13,40,927,73,6118,557,0.7387267904509284
cluster_1_model_3,8x6b,3,,18,0.522,8379,693,1424,256,1757,0.2096908939014202,122,0.17604617604617603,290,51,13,39,914,65,5708,506,0.7301587301587301
cluster_1_model_4,8x6b,4,,16,0.553,8254,680,1446,263,1905,0.23079718924157985,124,0.18235294117647058,331,56,13,39,983,72,5366,484,0.711764705882353
cluster_2_model_1,8x6b,5,,14,0.551,8068,668,1459,244,1861,0.23066435299950422,135,0.20209580838323354,365,49,13,46,1376,103,4831,430,0.6437125748502994
cluster_2_model_2,8x6b,6,,16,0.540,8781,765,1617,271,1720,0.19587746270356451,129,0.16862745098039217,345,50,13,41,1384,119,5677,517,0.6758169934640523
cluster_2_model_3,8x6b,7,,13,0.543,8426,739,1493,259,1693,0.20092570614763827,127,0.17185385656292287,339,47,13,37,1310,116,5423,496,0.6711772665764547
