final_rank	top10_rank	candidate_id	conformation	seed	state	representative_model	pdb_path	pdb_sha256	archive_path	archive_symlink	archive_sha256	haddock_score	representative_pair_label
1		P1MCPUFP__CPUFP500K_0288__00659	8x6b	42	SUCCESS	cluster_1_model_1.pdb.gz	/data/qlyu/projects/pvrig_top7500_dualpanel_screen_v1_20260724/run/common4_rerank_v2_20260725/final50_structure_bundle_v1_20260725/docking/representative_complexes/R01__P1MCPUFP__CPUFP500K_0288__00659__8x6b__s42__cluster_1_model_1.pdb	e7168b69bec92a42310de18b3f2805f17030d108d62d9a2a94ef204f1d474875	/data1/qlyu/projects/pvrig_c2_new4220_seed42_3047_docking_results_v1_20260723/c2_new4220_seed42_3047/compressed_queue/CANDIDATE_P1MCPUFP__CPUFP500K_0288__00659_8x6b_s42_82c844237df9.tar.gz	/data/qlyu/projects/pvrig_top7500_dualpanel_screen_v1_20260724/run/common4_rerank_v2_20260725/final50_structure_bundle_v1_20260725/docking/archives/CANDIDATE_P1MCPUFP__CPUFP500K_0288__00659_8x6b_s42_82c844237df9.tar.gz	0df518edfbea3149116fe35cbb8041fa27b4c87317ab8f587a3a7794d7155077	-78.2441	STRICT_A
1		P1MCPUFP__CPUFP500K_0288__00659	8x6b	917	SUCCESS	cluster_1_model_1.pdb.gz	/data/qlyu/projects/pvrig_top7500_dualpanel_screen_v1_20260724/run/common4_rerank_v2_20260725/final50_structure_bundle_v1_20260725/docking/representative_complexes/R01__P1MCPUFP__CPUFP500K_0288__00659__8x6b__s917__cluster_1_model_1.pdb	a982fed87ab44bb15e1082f502a7dc94cd0f2ba2a42ee26783f2d86cee1ef565	/data1/qlyu/projects/pvrig_c2_new6220_dualreceptor_2seed_docking_results_v1_20260723/c2_new4220/compressed_queue/CANDIDATE_P1MCPUFP__CPUFP500K_0288__00659_8x6b_s917_a58d0caec33e.tar.gz	/data/qlyu/projects/pvrig_top7500_dualpanel_screen_v1_20260724/run/common4_rerank_v2_20260725/final50_structure_bundle_v1_20260725/docking/archives/CANDIDATE_P1MCPUFP__CPUFP500K_0288__00659_8x6b_s917_a58d0caec33e.tar.gz	43beaa694ffb2eb57b7c2449aa582cf9bbb91a57588751cbdbab223bfe81c57c	-72.7329	STRICT_A
1		P1MCPUFP__CPUFP500K_0288__00659	8x6b	1931	SUCCESS	cluster_1_model_1.pdb.gz	/data/qlyu/projects/pvrig_top7500_dualpanel_screen_v1_20260724/run/common4_rerank_v2_20260725/final50_structure_bundle_v1_20260725/docking/representative_complexes/R01__P1MCPUFP__CPUFP500K_0288__00659__8x6b__s1931__cluster_1_model_1.pdb	b559661dd4029dd37d7e4b4b818f4acd12186cb616e03b3e23fd1f4f3ff63054	/data1/qlyu/projects/pvrig_c2_new6220_dualreceptor_2seed_docking_results_v1_20260723/c2_new4220/compressed_queue/CANDIDATE_P1MCPUFP__CPUFP500K_0288__00659_8x6b_s1931_16a65d3eb246.tar.gz	/data/qlyu/projects/pvrig_top7500_dualpanel_screen_v1_20260724/run/common4_rerank_v2_20260725/final50_structure_bundle_v1_20260725/docking/archives/CANDIDATE_P1MCPUFP__CPUFP500K_0288__00659_8x6b_s1931_16a65d3eb246.tar.gz	689e3c3a612791b361a767e809be487a6cd14b9f1a931b9d4d96a2c44162cd53	-65.91562	STRICT_A
1		P1MCPUFP__CPUFP500K_0288__00659	8x6b	3047	SUCCESS	cluster_1_model_1.pdb.gz	/data/qlyu/projects/pvrig_top7500_dualpanel_screen_v1_20260724/run/common4_rerank_v2_20260725/final50_structure_bundle_v1_20260725/docking/representative_complexes/R01__P1MCPUFP__CPUFP500K_0288__00659__8x6b__s3047__cluster_1_model_1.pdb	1603399eea4c7e76ed4cac3e9bb9e46ef63638c1d15e8dd7e89a4d61672baba5	/data1/qlyu/projects/pvrig_c2_new4220_seed42_3047_docking_results_v1_20260723/c2_new4220_seed42_3047/compressed_queue/CANDIDATE_P1MCPUFP__CPUFP500K_0288__00659_8x6b_s3047_329c9d6b5be6.tar.gz	/data/qlyu/projects/pvrig_top7500_dualpanel_screen_v1_20260724/run/common4_rerank_v2_20260725/final50_structure_bundle_v1_20260725/docking/archives/CANDIDATE_P1MCPUFP__CPUFP500K_0288__00659_8x6b_s3047_329c9d6b5be6.tar.gz	853932532d69dd22ecfa6739e8d7ced2e17c952113c8df5a437e00d7563eb956	-84.38310000000001	STRICT_A
1		P1MCPUFP__CPUFP500K_0288__00659	9e6y	42	SUCCESS	cluster_1_model_1.pdb.gz	/data/qlyu/projects/pvrig_top7500_dualpanel_screen_v1_20260724/run/common4_rerank_v2_20260725/final50_structure_bundle_v1_20260725/docking/representative_complexes/R01__P1MCPUFP__CPUFP500K_0288__00659__9e6y__s42__cluster_1_model_1.pdb	24070b3d6e23ded23dc3ee3016c8e65ebd085d74898727e0e6e21bc06ba104a0	/data1/qlyu/projects/pvrig_c2_new4220_seed42_3047_docking_results_v1_20260723/c2_new4220_seed42_3047/compressed_queue/CANDIDATE_P1MCPUFP__CPUFP500K_0288__00659_9e6y_s42_ab71026c84de.tar.gz	/data/qlyu/projects/pvrig_top7500_dualpanel_screen_v1_20260724/run/common4_rerank_v2_20260725/final50_structure_bundle_v1_20260725/docking/archives/CANDIDATE_P1MCPUFP__CPUFP500K_0288__00659_9e6y_s42_ab71026c84de.tar.gz	66138b0381ab535012541958c4dc2650c9e4e887ebc769de64158363b6ecf309	-57.17300000000001	STRICT_A
1		P1MCPUFP__CPUFP500K_0288__00659	9e6y	917	SUCCESS	cluster_1_model_1.pdb.gz	/data/qlyu/projects/pvrig_top7500_dualpanel_screen_v1_20260724/run/common4_rerank_v2_20260725/final50_structure_bundle_v1_20260725/docking/representative_complexes/R01__P1MCPUFP__CPUFP500K_0288__00659__9e6y__s917__cluster_1_model_1.pdb	ab8fb55053b332b35e112df9ad1ed68401bc573efeda13ab4d7784162fb715c8	/data1/qlyu/projects/pvrig_c2_new6220_dualreceptor_2seed_docking_results_v1_20260723/c2_new4220/compressed_queue/CANDIDATE_P1MCPUFP__CPUFP500K_0288__00659_9e6y_s917_974dd02ead33.tar.gz	/data/qlyu/projects/pvrig_top7500_dualpanel_screen_v1_20260724/run/common4_rerank_v2_20260725/final50_structure_bundle_v1_20260725/docking/archives/CANDIDATE_P1MCPUFP__CPUFP500K_0288__00659_9e6y_s917_974dd02ead33.tar.gz	65dbf5b0bcc4ec1a214c616040b00db3a3ac35d917c038b48a371b8e6ad14bfb	-74.9533	STRICT_A
1		P1MCPUFP__CPUFP500K_0288__00659	9e6y	1931	SUCCESS	cluster_1_model_1.pdb.gz	/data/qlyu/projects/pvrig_top7500_dualpanel_screen_v1_20260724/run/common4_rerank_v2_20260725/final50_structure_bundle_v1_20260725/docking/representative_complexes/R01__P1MCPUFP__CPUFP500K_0288__00659__9e6y__s1931__cluster_1_model_1.pdb	5afb75e586f8defe596e90e722914f53dd545cc47712292770b55417e91e014b	/data1/qlyu/projects/pvrig_c2_new6220_dualreceptor_2seed_docking_results_v1_20260723/c2_new4220/compressed_queue/CANDIDATE_P1MCPUFP__CPUFP500K_0288__00659_9e6y_s1931_9981534b21f6.tar.gz	/data/qlyu/projects/pvrig_top7500_dualpanel_screen_v1_20260724/run/common4_rerank_v2_20260725/final50_structure_bundle_v1_20260725/docking/archives/CANDIDATE_P1MCPUFP__CPUFP500K_0288__00659_9e6y_s1931_9981534b21f6.tar.gz	651b2c9e7f67513e0bc8ceb1a909897293af1fb3003de37e47baae829fbdf43d	-72.32260000000001	STRICT_A
1		P1MCPUFP__CPUFP500K_0288__00659	9e6y	3047	SUCCESS	cluster_1_model_1.pdb.gz	/data/qlyu/projects/pvrig_top7500_dualpanel_screen_v1_20260724/run/common4_rerank_v2_20260725/final50_structure_bundle_v1_20260725/docking/representative_complexes/R01__P1MCPUFP__CPUFP500K_0288__00659__9e6y__s3047__cluster_1_model_1.pdb	e91b6d81e4713125c9f671e65642b6f7e77a74a669fea572b2108e19d731c33a	/data1/qlyu/projects/pvrig_c2_new4220_seed42_3047_docking_results_v1_20260723/c2_new4220_seed42_3047/compressed_queue/CANDIDATE_P1MCPUFP__CPUFP500K_0288__00659_9e6y_s3047_36838e6f48ea.tar.gz	/data/qlyu/projects/pvrig_top7500_dualpanel_screen_v1_20260724/run/common4_rerank_v2_20260725/final50_structure_bundle_v1_20260725/docking/archives/CANDIDATE_P1MCPUFP__CPUFP500K_0288__00659_9e6y_s3047_36838e6f48ea.tar.gz	d5d730f3dd7754a0a0f0b5621b3881139880869e25613c418695c38e5132bf00	-70.8307	STRICT_A
2		P1MCPUFP__CPUFP500K_0188__00519	8x6b	42	SUCCESS	cluster_1_model_1.pdb.gz	/data/qlyu/projects/pvrig_top7500_dualpanel_screen_v1_20260724/run/common4_rerank_v2_20260725/final50_structure_bundle_v1_20260725/docking/representative_complexes/R02__P1MCPUFP__CPUFP500K_0188__00519__8x6b__s42__cluster_1_model_1.pdb	b036ac7d7a0a46461b4e7fc871b417a05e3eb6c60ff1838ab70e5fd391b1f831	/data1/qlyu/projects/pvrig_c2_new4220_seed42_3047_docking_results_v1_20260723/c2_new4220_seed42_3047/compressed_queue/CANDIDATE_P1MCPUFP__CPUFP500K_0188__00519_8x6b_s42_27897e361e04.tar.gz	/data/qlyu/projects/pvrig_top7500_dualpanel_screen_v1_20260724/run/common4_rerank_v2_20260725/final50_structure_bundle_v1_20260725/docking/archives/CANDIDATE_P1MCPUFP__CPUFP500K_0188__00519_8x6b_s42_27897e361e04.tar.gz	20d066d7168eeb4478bfb05bf9a972813b1eecc6c1a3ddaee80d1a555fb51f41	-66.69977999999999	STRICT_A
2		P1MCPUFP__CPUFP500K_0188__00519	8x6b	917	SUCCESS	cluster_1_model_1.pdb.gz	/data/qlyu/projects/pvrig_top7500_dualpanel_screen_v1_20260724/run/common4_rerank_v2_20260725/final50_structure_bundle_v1_20260725/docking/representative_complexes/R02__P1MCPUFP__CPUFP500K_0188__00519__8x6b__s917__cluster_1_model_1.pdb	46e31406e95b34957b652ad926343ca52848157c5a12879a7282f398292741f1	/data1/qlyu/projects/pvrig_c2_new6220_dualreceptor_2seed_docking_results_v1_20260723/c2_new4220/compressed_queue/CANDIDATE_P1MCPUFP__CPUFP500K_0188__00519_8x6b_s917_91b35b9738b7.tar.gz	/data/qlyu/projects/pvrig_top7500_dualpanel_screen_v1_20260724/run/common4_rerank_v2_20260725/final50_structure_bundle_v1_20260725/docking/archives/CANDIDATE_P1MCPUFP__CPUFP500K_0188__00519_8x6b_s917_91b35b9738b7.tar.gz	7d42fc6aebd10c26be8134a6172d7a17ab3ea90d7a4f5d585bb0b31b7f7e3956	-56.2451	STRICT_A
2		P1MCPUFP__CPUFP500K_0188__00519	8x6b	1931	SUCCESS	cluster_1_model_1.pdb.gz	/data/qlyu/projects/pvrig_top7500_dualpanel_screen_v1_20260724/run/common4_rerank_v2_20260725/final50_structure_bundle_v1_20260725/docking/representative_complexes/R02__P1MCPUFP__CPUFP500K_0188__00519__8x6b__s1931__cluster_1_model_1.pdb	acb6f70e1327b78d8e1e48fc564d048c3de8ac51678bd2daf32ca093d802ae79	/data1/qlyu/projects/pvrig_c2_new6220_dualreceptor_2seed_docking_results_v1_20260723/c2_new4220/compressed_queue/CANDIDATE_P1MCPUFP__CPUFP500K_0188__00519_8x6b_s1931_b92439ad6a3b.tar.gz	/data/qlyu/projects/pvrig_top7500_dualpanel_screen_v1_20260724/run/common4_rerank_v2_20260725/final50_structure_bundle_v1_20260725/docking/archives/CANDIDATE_P1MCPUFP__CPUFP500K_0188__00519_8x6b_s1931_b92439ad6a3b.tar.gz	eb808c4c170bb3e77a1d989bedd194d9c92cb0264d050ef3389eb46bfa5eb57e	-67.31793	STRICT_A
2		P1MCPUFP__CPUFP500K_0188__00519	8x6b	3047	SUCCESS	cluster_1_model_1.pdb.gz	/data/qlyu/projects/pvrig_top7500_dualpanel_screen_v1_20260724/run/common4_rerank_v2_20260725/final50_structure_bundle_v1_20260725/docking/representative_complexes/R02__P1MCPUFP__CPUFP500K_0188__00519__8x6b__s3047__cluster_1_model_1.pdb	76efe16a7ad59255cf3d790565edc5e4029b11d832250dbee7888f952555c4e5	/data1/qlyu/projects/pvrig_c2_new4220_seed42_3047_docking_results_v1_20260723/c2_new4220_seed42_3047/compressed_queue/CANDIDATE_P1MCPUFP__CPUFP500K_0188__00519_8x6b_s3047_b91eeed3dc78.tar.gz	/data/qlyu/projects/pvrig_top7500_dualpanel_screen_v1_20260724/run/common4_rerank_v2_20260725/final50_structure_bundle_v1_20260725/docking/archives/CANDIDATE_P1MCPUFP__CPUFP500K_0188__00519_8x6b_s3047_b91eeed3dc78.tar.gz	49234828cc015e1d0c0f4d191b549f346a7a727900b191b84d294f17f84e0380	-72.96108	STRICT_A
2		P1MCPUFP__CPUFP500K_0188__00519	9e6y	42	SUCCESS	cluster_1_model_1.pdb.gz	/data/qlyu/projects/pvrig_top7500_dualpanel_screen_v1_20260724/run/common4_rerank_v2_20260725/final50_structure_bundle_v1_20260725/docking/representative_complexes/R02__P1MCPUFP__CPUFP500K_0188__00519__9e6y__s42__cluster_1_model_1.pdb	2a54f8d41a032310ea8cb8684970a9d19fbd82ff8322cfb2c93e4dd52a882120	/data1/qlyu/projects/pvrig_c2_new4220_seed42_3047_docking_results_v1_20260723/c2_new4220_seed42_3047/compressed_queue/CANDIDATE_P1MCPUFP__CPUFP500K_0188__00519_9e6y_s42_a738b72f9de2.tar.gz	/data/qlyu/projects/pvrig_top7500_dualpanel_screen_v1_20260724/run/common4_rerank_v2_20260725/final50_structure_bundle_v1_20260725/docking/archives/CANDIDATE_P1MCPUFP__CPUFP500K_0188__00519_9e6y_s42_a738b72f9de2.tar.gz	11d702dc0f9082e6dfc6bf5ccf29176222545968e06c89ec2012addef09426d0	-56.078100000000006	STRICT_A
2		P1MCPUFP__CPUFP500K_0188__00519	9e6y	917	SUCCESS	cluster_1_model_1.pdb.gz	/data/qlyu/projects/pvrig_top7500_dualpanel_screen_v1_20260724/run/common4_rerank_v2_20260725/final50_structure_bundle_v1_20260725/docking/representative_complexes/R02__P1MCPUFP__CPUFP500K_0188__00519__9e6y__s917__cluster_1_model_1.pdb	db9c9a9b2873373d210a9ef1a18666bbedd43fd5b65ce4c0c093f61126770249	/data1/qlyu/projects/pvrig_c2_new6220_dualreceptor_2seed_docking_results_v1_20260723/c2_new4220/compressed_queue/CANDIDATE_P1MCPUFP__CPUFP500K_0188__00519_9e6y_s917_d962a9b6816c.tar.gz	/data/qlyu/projects/pvrig_top7500_dualpanel_screen_v1_20260724/run/common4_rerank_v2_20260725/final50_structure_bundle_v1_20260725/docking/archives/CANDIDATE_P1MCPUFP__CPUFP500K_0188__00519_9e6y_s917_d962a9b6816c.tar.gz	21f7b798d02aabd9cd75569f61f102795fc38f98be061c865339920f8c838582	-59.53119999999999	STRICT_A
2		P1MCPUFP__CPUFP500K_0188__00519	9e6y	1931	SUCCESS	cluster_1_model_1.pdb.gz	/data/qlyu/projects/pvrig_top7500_dualpanel_screen_v1_20260724/run/common4_rerank_v2_20260725/final50_structure_bundle_v1_20260725/docking/representative_complexes/R02__P1MCPUFP__CPUFP500K_0188__00519__9e6y__s1931__cluster_1_model_1.pdb	7cefda36c77d67d93e5d401d6cecb02cd3f9dcdeb9beed6aa16e778c2af1faf7	/data1/qlyu/projects/pvrig_c2_new6220_dualreceptor_2seed_docking_results_v1_20260723/c2_new4220/compressed_queue/CANDIDATE_P1MCPUFP__CPUFP500K_0188__00519_9e6y_s1931_290df34d8ae7.tar.gz	/data/qlyu/projects/pvrig_top7500_dualpanel_screen_v1_20260724/run/common4_rerank_v2_20260725/final50_structure_bundle_v1_20260725/docking/archives/CANDIDATE_P1MCPUFP__CPUFP500K_0188__00519_9e6y_s1931_290df34d8ae7.tar.gz	53c335124c0af9667d5776949fae6697b2387f7778a8b755666b727d1920a909	-62.827149999999996	STRICT_A
2		P1MCPUFP__CPUFP500K_0188__00519	9e6y	3047	SUCCESS	cluster_1_model_1.pdb.gz	/data/qlyu/projects/pvrig_top7500_dualpanel_screen_v1_20260724/run/common4_rerank_v2_20260725/final50_structure_bundle_v1_20260725/docking/representative_complexes/R02__P1MCPUFP__CPUFP500K_0188__00519__9e6y__s3047__cluster_1_model_1.pdb	6eb4a3833fa9448a825186a88f6b34ce2de868c9014c34d6080610387e5166af	/data1/qlyu/projects/pvrig_c2_new4220_seed42_3047_docking_results_v1_20260723/c2_new4220_seed42_3047/compressed_queue/CANDIDATE_P1MCPUFP__CPUFP500K_0188__00519_9e6y_s3047_c7eb87a93f2e.tar.gz	/data/qlyu/projects/pvrig_top7500_dualpanel_screen_v1_20260724/run/common4_rerank_v2_20260725/final50_structure_bundle_v1_20260725/docking/archives/CANDIDATE_P1MCPUFP__CPUFP500K_0188__00519_9e6y_s3047_c7eb87a93f2e.tar.gz	983c45ffd5a21df799fcd60f8477fee2a4100b12489a0461fb97e5086e3b837e	-62.482200000000006	STRICT_A
3		P1MCPUFP__CPUFP500K_0100__00092	8x6b	42	SUCCESS	cluster_1_model_1.pdb.gz	/data/qlyu/projects/pvrig_top7500_dualpanel_screen_v1_20260724/run/common4_rerank_v2_20260725/final50_structure_bundle_v1_20260725/docking/representative_complexes/R03__P1MCPUFP__CPUFP500K_0100__00092__8x6b__s42__cluster_1_model_1.pdb	29e20cdbd4aa09be111b3eb8016d7fe93a9c78ae6341e33ec4a750f0e4bf4329	/data1/qlyu/projects/pvrig_c2_new4220_seed42_3047_docking_results_v1_20260723/c2_new4220_seed42_3047/compressed_queue/CANDIDATE_P1MCPUFP__CPUFP500K_0100__00092_8x6b_s42_0b55c33bb12f.tar.gz	/data/qlyu/projects/pvrig_top7500_dualpanel_screen_v1_20260724/run/common4_rerank_v2_20260725/final50_structure_bundle_v1_20260725/docking/archives/CANDIDATE_P1MCPUFP__CPUFP500K_0100__00092_8x6b_s42_0b55c33bb12f.tar.gz	3cd2329db2a5267c85271df2a72b42f3d704725e543a0cb6e1e3a8ab78c0afd0	-85.6185	STRICT_A
3		P1MCPUFP__CPUFP500K_0100__00092	8x6b	917	SUCCESS	cluster_1_model_1.pdb.gz	/data/qlyu/projects/pvrig_top7500_dualpanel_screen_v1_20260724/run/common4_rerank_v2_20260725/final50_structure_bundle_v1_20260725/docking/representative_complexes/R03__P1MCPUFP__CPUFP500K_0100__00092__8x6b__s917__cluster_1_model_1.pdb	395b7413e0ade0c89f734876c0a97564243cdba7e666a020856f2aeeb3aba35a	/data1/qlyu/projects/pvrig_c2_new6220_dualreceptor_2seed_docking_results_v1_20260723/c2_new4220/compressed_queue/CANDIDATE_P1MCPUFP__CPUFP500K_0100__00092_8x6b_s917_d33335e2aa2e.tar.gz	/data/qlyu/projects/pvrig_top7500_dualpanel_screen_v1_20260724/run/common4_rerank_v2_20260725/final50_structure_bundle_v1_20260725/docking/archives/CANDIDATE_P1MCPUFP__CPUFP500K_0100__00092_8x6b_s917_d33335e2aa2e.tar.gz	a4ae611254708fc3850fc22f1af1028f9e1b35a29ad85d7e2b8d3fab7649bddb	-73.13316	STRICT_A
3		P1MCPUFP__CPUFP500K_0100__00092	8x6b	1931	SUCCESS	cluster_1_model_1.pdb.gz	/data/qlyu/projects/pvrig_top7500_dualpanel_screen_v1_20260724/run/common4_rerank_v2_20260725/final50_structure_bundle_v1_20260725/docking/representative_complexes/R03__P1MCPUFP__CPUFP500K_0100__00092__8x6b__s1931__cluster_1_model_1.pdb	4811374488c37946768a184d7015975b20506f3af5e95cf10ddc029a0f02f886	/data1/qlyu/projects/pvrig_c2_new6220_dualreceptor_2seed_docking_results_v1_20260723/c2_new4220/compressed_queue/CANDIDATE_P1MCPUFP__CPUFP500K_0100__00092_8x6b_s1931_8cd894911276.tar.gz	/data/qlyu/projects/pvrig_top7500_dualpanel_screen_v1_20260724/run/common4_rerank_v2_20260725/final50_structure_bundle_v1_20260725/docking/archives/CANDIDATE_P1MCPUFP__CPUFP500K_0100__00092_8x6b_s1931_8cd894911276.tar.gz	de322475ea8d2eaa6a93dd49e0bb09acad7ddcc5549d2748fd76bfa18ad36d98	-90.6545	STRICT_A
3		P1MCPUFP__CPUFP500K_0100__00092	8x6b	3047	SUCCESS	cluster_1_model_1.pdb.gz	/data/qlyu/projects/pvrig_top7500_dualpanel_screen_v1_20260724/run/common4_rerank_v2_20260725/final50_structure_bundle_v1_20260725/docking/representative_complexes/R03__P1MCPUFP__CPUFP500K_0100__00092__8x6b__s3047__cluster_1_model_1.pdb	c2be5f756394e71324b0bd5dc68621c580af30a33c91f998cfde35011f9f0fef	/data1/qlyu/projects/pvrig_c2_new4220_seed42_3047_docking_results_v1_20260723/c2_new4220_seed42_3047/compressed_queue/CANDIDATE_P1MCPUFP__CPUFP500K_0100__00092_8x6b_s3047_3b90898b43e4.tar.gz	/data/qlyu/projects/pvrig_top7500_dualpanel_screen_v1_20260724/run/common4_rerank_v2_20260725/final50_structure_bundle_v1_20260725/docking/archives/CANDIDATE_P1MCPUFP__CPUFP500K_0100__00092_8x6b_s3047_3b90898b43e4.tar.gz	bec27d590c876da5d7f5469ac52f29f50b0f6be44c4e3e27cecebd35da877f68	-71.26400000000001	STRICT_A
3		P1MCPUFP__CPUFP500K_0100__00092	9e6y	42	SUCCESS	cluster_1_model_1.pdb.gz	/data/qlyu/projects/pvrig_top7500_dualpanel_screen_v1_20260724/run/common4_rerank_v2_20260725/final50_structure_bundle_v1_20260725/docking/representative_complexes/R03__P1MCPUFP__CPUFP500K_0100__00092__9e6y__s42__cluster_1_model_1.pdb	aa36ba37a76eba4fe0f2e59850890a89f8001709ca3e6e18bc9fd4a6eba8bb89	/data1/qlyu/projects/pvrig_c2_new4220_seed42_3047_docking_results_v1_20260723/c2_new4220_seed42_3047/compressed_queue/CANDIDATE_P1MCPUFP__CPUFP500K_0100__00092_9e6y_s42_3577b5e30803.tar.gz	/data/qlyu/projects/pvrig_top7500_dualpanel_screen_v1_20260724/run/common4_rerank_v2_20260725/final50_structure_bundle_v1_20260725/docking/archives/CANDIDATE_P1MCPUFP__CPUFP500K_0100__00092_9e6y_s42_3577b5e30803.tar.gz	c1612201c34db97e491b9e7c32ee8eafb54f22932c6b774afb7e1cde7a32ea6e	-92.923	STRICT_A
3		P1MCPUFP__CPUFP500K_0100__00092	9e6y	917	SUCCESS	cluster_1_model_1.pdb.gz	/data/qlyu/projects/pvrig_top7500_dualpanel_screen_v1_20260724/run/common4_rerank_v2_20260725/final50_structure_bundle_v1_20260725/docking/representative_complexes/R03__P1MCPUFP__CPUFP500K_0100__00092__9e6y__s917__cluster_1_model_1.pdb	369c871e26e0d3b3e73323832c9b978004945615142676a20a6cfdd53a14147e	/data1/qlyu/projects/pvrig_c2_new6220_dualreceptor_2seed_docking_results_v1_20260723/c2_new4220/compressed_queue/CANDIDATE_P1MCPUFP__CPUFP500K_0100__00092_9e6y_s917_89b6de17ad66.tar.gz	/data/qlyu/projects/pvrig_top7500_dualpanel_screen_v1_20260724/run/common4_rerank_v2_20260725/final50_structure_bundle_v1_20260725/docking/archives/CANDIDATE_P1MCPUFP__CPUFP500K_0100__00092_9e6y_s917_89b6de17ad66.tar.gz	fb0854a955362eb5441ef8e5c5cf5ddad2a54de4141283b4d47a3f7526a6c567	-76.22970000000001	STRICT_A
3		P1MCPUFP__CPUFP500K_0100__00092	9e6y	1931	SUCCESS	cluster_1_model_1.pdb.gz	/data/qlyu/projects/pvrig_top7500_dualpanel_screen_v1_20260724/run/common4_rerank_v2_20260725/final50_structure_bundle_v1_20260725/docking/representative_complexes/R03__P1MCPUFP__CPUFP500K_0100__00092__9e6y__s1931__cluster_1_model_1.pdb	4cc6acdb93940f2310fd90edcf291332d5927194070ff9a115a4a8e7c2b1a14b	/data1/qlyu/projects/pvrig_c2_new6220_dualreceptor_2seed_docking_results_v1_20260723/c2_new4220/compressed_queue/CANDIDATE_P1MCPUFP__CPUFP500K_0100__00092_9e6y_s1931_557bc6c3f46c.tar.gz	/data/qlyu/projects/pvrig_top7500_dualpanel_screen_v1_20260724/run/common4_rerank_v2_20260725/final50_structure_bundle_v1_20260725/docking/archives/CANDIDATE_P1MCPUFP__CPUFP500K_0100__00092_9e6y_s1931_557bc6c3f46c.tar.gz	7ebbfd4496e666da1e7e3a015ba3a9fb369e28fd669330ae19df23509d26a356	-86.51939999999999	STRICT_A
3		P1MCPUFP__CPUFP500K_0100__00092	9e6y	3047	SUCCESS	cluster_1_model_1.pdb.gz	/data/qlyu/projects/pvrig_top7500_dualpanel_screen_v1_20260724/run/common4_rerank_v2_20260725/final50_structure_bundle_v1_20260725/docking/representative_complexes/R03__P1MCPUFP__CPUFP500K_0100__00092__9e6y__s3047__cluster_1_model_1.pdb	b37917987d7c2503eae8af2a9bdbf671e49a2b94893be77dac0f55ae4ae0b169	/data1/qlyu/projects/pvrig_c2_new4220_seed42_3047_docking_results_v1_20260723/c2_new4220_seed42_3047/compressed_queue/CANDIDATE_P1MCPUFP__CPUFP500K_0100__00092_9e6y_s3047_039133555aa0.tar.gz	/data/qlyu/projects/pvrig_top7500_dualpanel_screen_v1_20260724/run/common4_rerank_v2_20260725/final50_structure_bundle_v1_20260725/docking/archives/CANDIDATE_P1MCPUFP__CPUFP500K_0100__00092_9e6y_s3047_039133555aa0.tar.gz	c452e0f710f34263f9bd56475e5e21fd0728e139673e128510033dd0bd68f42d	-71.75366	STRICT_A
4		P1MCPUFP__CPUFP500K_0090__00532	8x6b	42	SUCCESS	cluster_1_model_1.pdb.gz	/data/qlyu/projects/pvrig_top7500_dualpanel_screen_v1_20260724/run/common4_rerank_v2_20260725/final50_structure_bundle_v1_20260725/docking/representative_complexes/R04__P1MCPUFP__CPUFP500K_0090__00532__8x6b__s42__cluster_1_model_1.pdb	d9144147118eecc25eedb0f461fad253278605fd68cf88b2ba77152fb9304123	/data1/qlyu/projects/pvrig_top200_common4_seed_completion106_docking_results_v1_20260725/top200_seed_completion/compressed_queue/CANDIDATE_P1MCPUFP__CPUFP500K_0090__00532_8x6b_s42_3cb7fd9764fc.tar.gz	/data/qlyu/projects/pvrig_top7500_dualpanel_screen_v1_20260724/run/common4_rerank_v2_20260725/final50_structure_bundle_v1_20260725/docking/archives/CANDIDATE_P1MCPUFP__CPUFP500K_0090__00532_8x6b_s42_3cb7fd9764fc.tar.gz	cdbdaa12e58b67f2372e0c1452eb226cce9114dcf6f6376bc5a363d14f2a2779	-90.1088	STRICT_A
4		P1MCPUFP__CPUFP500K_0090__00532	8x6b	917	SUCCESS	cluster_1_model_1.pdb.gz	/data/qlyu/projects/pvrig_top7500_dualpanel_screen_v1_20260724/run/common4_rerank_v2_20260725/final50_structure_bundle_v1_20260725/docking/representative_complexes/R04__P1MCPUFP__CPUFP500K_0090__00532__8x6b__s917__cluster_1_model_1.pdb	f9b3f8bf630f62c26037cfd355385bb5f6737c8dfaeafc3799ce43d303d2dcee	/data1/qlyu/projects/pvrig_priority_top7500_dualreceptor_multiseed_docking_results_v1_20260722/top7500_25k/compressed_queue/CANDIDATE_P1MCPUFP__CPUFP500K_0090__00532_8x6b_s917_1184e127de62.tar.gz	/data/qlyu/projects/pvrig_top7500_dualpanel_screen_v1_20260724/run/common4_rerank_v2_20260725/final50_structure_bundle_v1_20260725/docking/archives/CANDIDATE_P1MCPUFP__CPUFP500K_0090__00532_8x6b_s917_1184e127de62.tar.gz	ffc1fd31da887c582911fba3ae8ea74750f491ea15f77c475924a0c62149803b	-66.89945999999999	STRICT_A
4		P1MCPUFP__CPUFP500K_0090__00532	8x6b	1931	SUCCESS	cluster_1_model_1.pdb.gz	/data/qlyu/projects/pvrig_top7500_dualpanel_screen_v1_20260724/run/common4_rerank_v2_20260725/final50_structure_bundle_v1_20260725/docking/representative_complexes/R04__P1MCPUFP__CPUFP500K_0090__00532__8x6b__s1931__cluster_1_model_1.pdb	2f2bfc18df4c8fe9988f81d1f283ed2cb7acdab1da9448c6ee7f82cf0d7ce342	/data1/qlyu/projects/pvrig_priority_top7500_dualreceptor_multiseed_docking_results_v1_20260722/top7500_25k/compressed_queue/CANDIDATE_P1MCPUFP__CPUFP500K_0090__00532_8x6b_s1931_cf77c60f20e6.tar.gz	/data/qlyu/projects/pvrig_top7500_dualpanel_screen_v1_20260724/run/common4_rerank_v2_20260725/final50_structure_bundle_v1_20260725/docking/archives/CANDIDATE_P1MCPUFP__CPUFP500K_0090__00532_8x6b_s1931_cf77c60f20e6.tar.gz	aac82b4307a31fd5dcd68ef311195d76fc7d3778fb65b5b3a6a0fca2d4025cdd	-67.82839999999999	STRICT_A
4		P1MCPUFP__CPUFP500K_0090__00532	8x6b	3047	SUCCESS	cluster_1_model_1.pdb.gz	/data/qlyu/projects/pvrig_top7500_dualpanel_screen_v1_20260724/run/common4_rerank_v2_20260725/final50_structure_bundle_v1_20260725/docking/representative_complexes/R04__P1MCPUFP__CPUFP500K_0090__00532__8x6b__s3047__cluster_1_model_1.pdb	bba079834eff929a4f3e0a44a160cadd6d8bcf657746b3730b4b26bc954cb32d	/data1/qlyu/projects/pvrig_top200_common4_seed_completion106_docking_results_v1_20260725/top200_seed_completion/compressed_queue/CANDIDATE_P1MCPUFP__CPUFP500K_0090__00532_8x6b_s3047_b6d1a1b4efc3.tar.gz	/data/qlyu/projects/pvrig_top7500_dualpanel_screen_v1_20260724/run/common4_rerank_v2_20260725/final50_structure_bundle_v1_20260725/docking/archives/CANDIDATE_P1MCPUFP__CPUFP500K_0090__00532_8x6b_s3047_b6d1a1b4efc3.tar.gz	79225d076c485ad7505daeeb2e88e79215c26d366800ef71ee3317f4854cfa83	-85.3734	STRICT_A
4		P1MCPUFP__CPUFP500K_0090__00532	9e6y	42	SUCCESS	cluster_1_model_1.pdb.gz	/data/qlyu/projects/pvrig_top7500_dualpanel_screen_v1_20260724/run/common4_rerank_v2_20260725/final50_structure_bundle_v1_20260725/docking/representative_complexes/R04__P1MCPUFP__CPUFP500K_0090__00532__9e6y__s42__cluster_1_model_1.pdb	57306eda0e4dc2411af663743a6e9530cb4052cd1e648de37d1d6f725b04bd3d	/data1/qlyu/projects/pvrig_top200_common4_seed_completion106_docking_results_v1_20260725/top200_seed_completion/compressed_queue/CANDIDATE_P1MCPUFP__CPUFP500K_0090__00532_9e6y_s42_e0fddef7a0f6.tar.gz	/data/qlyu/projects/pvrig_top7500_dualpanel_screen_v1_20260724/run/common4_rerank_v2_20260725/final50_structure_bundle_v1_20260725/docking/archives/CANDIDATE_P1MCPUFP__CPUFP500K_0090__00532_9e6y_s42_e0fddef7a0f6.tar.gz	0c89d2f66239211671d7031546b941e12fa8d3d8ca09faa24b6ccd25d5de4191	-73.5737	STRICT_A
4		P1MCPUFP__CPUFP500K_0090__00532	9e6y	917	SUCCESS	cluster_1_model_1.pdb.gz	/data/qlyu/projects/pvrig_top7500_dualpanel_screen_v1_20260724/run/common4_rerank_v2_20260725/final50_structure_bundle_v1_20260725/docking/representative_complexes/R04__P1MCPUFP__CPUFP500K_0090__00532__9e6y__s917__cluster_1_model_1.pdb	e438ecb76d3a56d557fef57af3287bf5bbee0708ca7eec355c8563673533e1dc	/data1/qlyu/projects/pvrig_priority_top7500_dualreceptor_multiseed_docking_results_v1_20260722/top7500_25k/compressed_queue/CANDIDATE_P1MCPUFP__CPUFP500K_0090__00532_9e6y_s917_300001e7a2b3.tar.gz	/data/qlyu/projects/pvrig_top7500_dualpanel_screen_v1_20260724/run/common4_rerank_v2_20260725/final50_structure_bundle_v1_20260725/docking/archives/CANDIDATE_P1MCPUFP__CPUFP500K_0090__00532_9e6y_s917_300001e7a2b3.tar.gz	b8d37498da360eee92f85a3beaa1e7fe6894565a81bb56e9a81d543760f91ad8	-56.7583	STRICT_A
4		P1MCPUFP__CPUFP500K_0090__00532	9e6y	1931	SUCCESS	cluster_1_model_1.pdb.gz	/data/qlyu/projects/pvrig_top7500_dualpanel_screen_v1_20260724/run/common4_rerank_v2_20260725/final50_structure_bundle_v1_20260725/docking/representative_complexes/R04__P1MCPUFP__CPUFP500K_0090__00532__9e6y__s1931__cluster_1_model_1.pdb	9975b696322b964daedf10d5420200edc2d362bf60ad3c24babc9275f84bdb56	/data1/qlyu/projects/pvrig_priority_top7500_dualreceptor_multiseed_docking_results_v1_20260722/top7500_25k/compressed_queue/CANDIDATE_P1MCPUFP__CPUFP500K_0090__00532_9e6y_s1931_979c34880b94.tar.gz	/data/qlyu/projects/pvrig_top7500_dualpanel_screen_v1_20260724/run/common4_rerank_v2_20260725/final50_structure_bundle_v1_20260725/docking/archives/CANDIDATE_P1MCPUFP__CPUFP500K_0090__00532_9e6y_s1931_979c34880b94.tar.gz	4bd0ad58c63006b997e55731a134621302712ecd63822aed80e209a832659a43	-66.458	STRICT_A
4		P1MCPUFP__CPUFP500K_0090__00532	9e6y	3047	SUCCESS	cluster_1_model_1.pdb.gz	/data/qlyu/projects/pvrig_top7500_dualpanel_screen_v1_20260724/run/common4_rerank_v2_20260725/final50_structure_bundle_v1_20260725/docking/representative_complexes/R04__P1MCPUFP__CPUFP500K_0090__00532__9e6y__s3047__cluster_1_model_1.pdb	ab47fb0bf6a0df06d4f5d9579453934a83f5b6ebde0ddce1b0109aac3c6968f6	/data1/qlyu/projects/pvrig_top200_common4_seed_completion106_docking_results_v1_20260725/top200_seed_completion/compressed_queue/CANDIDATE_P1MCPUFP__CPUFP500K_0090__00532_9e6y_s3047_89a1686fc205.tar.gz	/data/qlyu/projects/pvrig_top7500_dualpanel_screen_v1_20260724/run/common4_rerank_v2_20260725/final50_structure_bundle_v1_20260725/docking/archives/CANDIDATE_P1MCPUFP__CPUFP500K_0090__00532_9e6y_s3047_89a1686fc205.tar.gz	436974c4a3612f5621c4f68eedbf266734d56104cc2280ca0e990386bf4adc6d	-65.05493999999999	STRICT_A
5		P1MCPUFP__CPUFP500K_0188__00282	8x6b	42	SUCCESS	cluster_1_model_1.pdb.gz	/data/qlyu/projects/pvrig_top7500_dualpanel_screen_v1_20260724/run/common4_rerank_v2_20260725/final50_structure_bundle_v1_20260725/docking/representative_complexes/R05__P1MCPUFP__CPUFP500K_0188__00282__8x6b__s42__cluster_1_model_1.pdb	9309172074a3690189562f928102a465988eaba7a27a591ea8a00b5c6fea02a4	/data1/qlyu/projects/pvrig_c2_new4220_seed42_3047_docking_results_v1_20260723/c2_new4220_seed42_3047/compressed_queue/CANDIDATE_P1MCPUFP__CPUFP500K_0188__00282_8x6b_s42_31e5608800d0.tar.gz	/data/qlyu/projects/pvrig_top7500_dualpanel_screen_v1_20260724/run/common4_rerank_v2_20260725/final50_structure_bundle_v1_20260725/docking/archives/CANDIDATE_P1MCPUFP__CPUFP500K_0188__00282_8x6b_s42_31e5608800d0.tar.gz	7d35fabd2f536a66ac1384db9fedde19bc7fb330649e729c861d6f8720922368	-75.65780000000001	STRICT_A
5		P1MCPUFP__CPUFP500K_0188__00282	8x6b	917	SUCCESS	cluster_1_model_1.pdb.gz	/data/qlyu/projects/pvrig_top7500_dualpanel_screen_v1_20260724/run/common4_rerank_v2_20260725/final50_structure_bundle_v1_20260725/docking/representative_complexes/R05__P1MCPUFP__CPUFP500K_0188__00282__8x6b__s917__cluster_1_model_1.pdb	1602e3de8347dbd0b1e04c2558bb4d39cec9d9b6511db11a59e409cb5f018056	/data1/qlyu/projects/pvrig_c2_new6220_dualreceptor_2seed_docking_results_v1_20260723/c2_new4220/compressed_queue/CANDIDATE_P1MCPUFP__CPUFP500K_0188__00282_8x6b_s917_0ae50f6e74b7.tar.gz	/data/qlyu/projects/pvrig_top7500_dualpanel_screen_v1_20260724/run/common4_rerank_v2_20260725/final50_structure_bundle_v1_20260725/docking/archives/CANDIDATE_P1MCPUFP__CPUFP500K_0188__00282_8x6b_s917_0ae50f6e74b7.tar.gz	5817dd6a6942270fc56d8bebd5c8b9e992db144cc727162a26986ee254b6fa98	-96.7813	STRICT_A
5		P1MCPUFP__CPUFP500K_0188__00282	8x6b	1931	SUCCESS	cluster_1_model_1.pdb.gz	/data/qlyu/projects/pvrig_top7500_dualpanel_screen_v1_20260724/run/common4_rerank_v2_20260725/final50_structure_bundle_v1_20260725/docking/representative_complexes/R05__P1MCPUFP__CPUFP500K_0188__00282__8x6b__s1931__cluster_1_model_1.pdb	935e27d433669b24d8130055675cf99a188d79271fb99dfe3e2937aa7b9c8a30	/data1/qlyu/projects/pvrig_c2_new6220_dualreceptor_2seed_docking_results_v1_20260723/c2_new4220/compressed_queue/CANDIDATE_P1MCPUFP__CPUFP500K_0188__00282_8x6b_s1931_c85c1ff2ca38.tar.gz	/data/qlyu/projects/pvrig_top7500_dualpanel_screen_v1_20260724/run/common4_rerank_v2_20260725/final50_structure_bundle_v1_20260725/docking/archives/CANDIDATE_P1MCPUFP__CPUFP500K_0188__00282_8x6b_s1931_c85c1ff2ca38.tar.gz	4074439dedd05d7ca9325e92b5e9407e7bb8bf9a0d06e7ccbdb4aa22dc722182	-70.43739999999998	STRICT_A
5		P1MCPUFP__CPUFP500K_0188__00282	8x6b	3047	SUCCESS	cluster_1_model_1.pdb.gz	/data/qlyu/projects/pvrig_top7500_dualpanel_screen_v1_20260724/run/common4_rerank_v2_20260725/final50_structure_bundle_v1_20260725/docking/representative_complexes/R05__P1MCPUFP__CPUFP500K_0188__00282__8x6b__s3047__cluster_1_model_1.pdb	728a2144edd46c6d93fa5fcd553bdcf042daf86c35bf848f66b67a16bd197da5	/data1/qlyu/projects/pvrig_c2_new4220_seed42_3047_docking_results_v1_20260723/c2_new4220_seed42_3047/compressed_queue/CANDIDATE_P1MCPUFP__CPUFP500K_0188__00282_8x6b_s3047_a82240dc6438.tar.gz	/data/qlyu/projects/pvrig_top7500_dualpanel_screen_v1_20260724/run/common4_rerank_v2_20260725/final50_structure_bundle_v1_20260725/docking/archives/CANDIDATE_P1MCPUFP__CPUFP500K_0188__00282_8x6b_s3047_a82240dc6438.tar.gz	e30848506ce319710037159b7b7a6fbbcd4c99c1ab3c4b50e5f0292192e93fc0	-71.03817999999998	STRICT_A
5		P1MCPUFP__CPUFP500K_0188__00282	9e6y	42	SUCCESS	cluster_1_model_1.pdb.gz	/data/qlyu/projects/pvrig_top7500_dualpanel_screen_v1_20260724/run/common4_rerank_v2_20260725/final50_structure_bundle_v1_20260725/docking/representative_complexes/R05__P1MCPUFP__CPUFP500K_0188__00282__9e6y__s42__cluster_1_model_1.pdb	30d6b0ef78126100f5a6cfec57615f30e0a282278fbff91547a2dd548f198ab2	/data1/qlyu/projects/pvrig_c2_new4220_seed42_3047_docking_results_v1_20260723/c2_new4220_seed42_3047/compressed_queue/CANDIDATE_P1MCPUFP__CPUFP500K_0188__00282_9e6y_s42_2945b0478911.tar.gz	/data/qlyu/projects/pvrig_top7500_dualpanel_screen_v1_20260724/run/common4_rerank_v2_20260725/final50_structure_bundle_v1_20260725/docking/archives/CANDIDATE_P1MCPUFP__CPUFP500K_0188__00282_9e6y_s42_2945b0478911.tar.gz	259fddc4f24326013da744ff2e8d0dbfd94c89d5bb7a2f3a2ae227c79b9b43f0	-82.1524	STRICT_A
5		P1MCPUFP__CPUFP500K_0188__00282	9e6y	917	SUCCESS	cluster_1_model_1.pdb.gz	/data/qlyu/projects/pvrig_top7500_dualpanel_screen_v1_20260724/run/common4_rerank_v2_20260725/final50_structure_bundle_v1_20260725/docking/representative_complexes/R05__P1MCPUFP__CPUFP500K_0188__00282__9e6y__s917__cluster_1_model_1.pdb	38886d3e8801a023ee1c5458f6930fbf9600eb0bf89ded7cd87b7eeb804967d6	/data1/qlyu/projects/pvrig_c2_new6220_dualreceptor_2seed_docking_results_v1_20260723/c2_new4220/compressed_queue/CANDIDATE_P1MCPUFP__CPUFP500K_0188__00282_9e6y_s917_b0decbd03586.tar.gz	/data/qlyu/projects/pvrig_top7500_dualpanel_screen_v1_20260724/run/common4_rerank_v2_20260725/final50_structure_bundle_v1_20260725/docking/archives/CANDIDATE_P1MCPUFP__CPUFP500K_0188__00282_9e6y_s917_b0decbd03586.tar.gz	06a5d10fc759163f936e00ed22d32b8849cc477024f6b6d6650f5345b178f4f8	-96.3777	STRICT_A
5		P1MCPUFP__CPUFP500K_0188__00282	9e6y	1931	SUCCESS	cluster_1_model_1.pdb.gz	/data/qlyu/projects/pvrig_top7500_dualpanel_screen_v1_20260724/run/common4_rerank_v2_20260725/final50_structure_bundle_v1_20260725/docking/representative_complexes/R05__P1MCPUFP__CPUFP500K_0188__00282__9e6y__s1931__cluster_1_model_1.pdb	157f914e422444a26b966d0f01b3696a7d74adbdb1cbaacc6643e742d334e991	/data1/qlyu/projects/pvrig_c2_new6220_dualreceptor_2seed_docking_results_v1_20260723/c2_new4220/compressed_queue/CANDIDATE_P1MCPUFP__CPUFP500K_0188__00282_9e6y_s1931_2cd495ac2b46.tar.gz	/data/qlyu/projects/pvrig_top7500_dualpanel_screen_v1_20260724/run/common4_rerank_v2_20260725/final50_structure_bundle_v1_20260725/docking/archives/CANDIDATE_P1MCPUFP__CPUFP500K_0188__00282_9e6y_s1931_2cd495ac2b46.tar.gz	c1bb78c0c8ebc97d51220fe6670b32db2ba98a248414ca8d866bc5642822083f	-79.34096000000001	STRICT_A
5		P1MCPUFP__CPUFP500K_0188__00282	9e6y	3047	SUCCESS	cluster_1_model_1.pdb.gz	/data/qlyu/projects/pvrig_top7500_dualpanel_screen_v1_20260724/run/common4_rerank_v2_20260725/final50_structure_bundle_v1_20260725/docking/representative_complexes/R05__P1MCPUFP__CPUFP500K_0188__00282__9e6y__s3047__cluster_1_model_1.pdb	4c2dff4632fd38ec737cdf22d2a698ac4eff68d4a74a29307f4714ae35e44b2f	/data1/qlyu/projects/pvrig_c2_new4220_seed42_3047_docking_results_v1_20260723/c2_new4220_seed42_3047/compressed_queue/CANDIDATE_P1MCPUFP__CPUFP500K_0188__00282_9e6y_s3047_2efbb887fd78.tar.gz	/data/qlyu/projects/pvrig_top7500_dualpanel_screen_v1_20260724/run/common4_rerank_v2_20260725/final50_structure_bundle_v1_20260725/docking/archives/CANDIDATE_P1MCPUFP__CPUFP500K_0188__00282_9e6y_s3047_2efbb887fd78.tar.gz	8e91caa366bf17ddd5cfadd08bd85bb97ef7f111c2128ad0a61c0761ff056700	-90.32167999999999	STRICT_A
6		P1MCPUFP__CPUFP500K_0100__00188	8x6b	42	SUCCESS	cluster_1_model_1.pdb.gz	/data/qlyu/projects/pvrig_top7500_dualpanel_screen_v1_20260724/run/common4_rerank_v2_20260725/final50_structure_bundle_v1_20260725/docking/representative_complexes/R06__P1MCPUFP__CPUFP500K_0100__00188__8x6b__s42__cluster_1_model_1.pdb	daacc97820b3461d309f04b1bd98048f699fcba3ae62d7dc837bc25b1a48f81b	/data1/qlyu/projects/pvrig_top200_common4_seed_completion106_docking_results_v1_20260725/top200_seed_completion/compressed_queue/CANDIDATE_P1MCPUFP__CPUFP500K_0100__00188_8x6b_s42_238d721845be.tar.gz	/data/qlyu/projects/pvrig_top7500_dualpanel_screen_v1_20260724/run/common4_rerank_v2_20260725/final50_structure_bundle_v1_20260725/docking/archives/CANDIDATE_P1MCPUFP__CPUFP500K_0100__00188_8x6b_s42_238d721845be.tar.gz	7f1f60f1fb0a184ab692540f58f6b73859da6db597441137f79e8f217bba1a36	-72.6704	STRICT_A
6		P1MCPUFP__CPUFP500K_0100__00188	8x6b	917	SUCCESS	cluster_1_model_1.pdb.gz	/data/qlyu/projects/pvrig_top7500_dualpanel_screen_v1_20260724/run/common4_rerank_v2_20260725/final50_structure_bundle_v1_20260725/docking/representative_complexes/R06__P1MCPUFP__CPUFP500K_0100__00188__8x6b__s917__cluster_1_model_1.pdb	114505d873327198c0de03aa1f97557e3d7c06ea8f6a9c9246b8f63972e89378	/data1/qlyu/projects/pvrig_priority_top7500_dualreceptor_multiseed_docking_results_v1_20260722/top7500_25k/compressed_queue/CANDIDATE_P1MCPUFP__CPUFP500K_0100__00188_8x6b_s917_5474bbadfe7f.tar.gz	/data/qlyu/projects/pvrig_top7500_dualpanel_screen_v1_20260724/run/common4_rerank_v2_20260725/final50_structure_bundle_v1_20260725/docking/archives/CANDIDATE_P1MCPUFP__CPUFP500K_0100__00188_8x6b_s917_5474bbadfe7f.tar.gz	de0d5180af4b58ddbfbe39d2de3efb449afaf1a37d1122d9c0a56d1f45b7d2c8	-62.5652	STRICT_A
6		P1MCPUFP__CPUFP500K_0100__00188	8x6b	1931	SUCCESS	cluster_1_model_1.pdb.gz	/data/qlyu/projects/pvrig_top7500_dualpanel_screen_v1_20260724/run/common4_rerank_v2_20260725/final50_structure_bundle_v1_20260725/docking/representative_complexes/R06__P1MCPUFP__CPUFP500K_0100__00188__8x6b__s1931__cluster_1_model_1.pdb	495eaee0d64c439d029a37533544f5cb3b9d4a7d6d6e33162cd38b780c80036b	/data1/qlyu/projects/pvrig_priority_top7500_dualreceptor_multiseed_docking_results_v1_20260722/top7500_25k/compressed_queue/CANDIDATE_P1MCPUFP__CPUFP500K_0100__00188_8x6b_s1931_7be42e699cbd.tar.gz	/data/qlyu/projects/pvrig_top7500_dualpanel_screen_v1_20260724/run/common4_rerank_v2_20260725/final50_structure_bundle_v1_20260725/docking/archives/CANDIDATE_P1MCPUFP__CPUFP500K_0100__00188_8x6b_s1931_7be42e699cbd.tar.gz	3743788d9ec96d69197bc9fbab4ecc2d5b70fdd87592de7d791937d642f86597	-89.4409	STRICT_A
6		P1MCPUFP__CPUFP500K_0100__00188	8x6b	3047	SUCCESS	cluster_1_model_1.pdb.gz	/data/qlyu/projects/pvrig_top7500_dualpanel_screen_v1_20260724/run/common4_rerank_v2_20260725/final50_structure_bundle_v1_20260725/docking/representative_complexes/R06__P1MCPUFP__CPUFP500K_0100__00188__8x6b__s3047__cluster_1_model_1.pdb	ece0044e3fad81114ef135abb292b4fe0bd4f2bce716c5d58430374f4d5c4d05	/data1/qlyu/projects/pvrig_top200_common4_seed_completion106_docking_results_v1_20260725/top200_seed_completion/compressed_queue/CANDIDATE_P1MCPUFP__CPUFP500K_0100__00188_8x6b_s3047_863a12728166.tar.gz	/data/qlyu/projects/pvrig_top7500_dualpanel_screen_v1_20260724/run/common4_rerank_v2_20260725/final50_structure_bundle_v1_20260725/docking/archives/CANDIDATE_P1MCPUFP__CPUFP500K_0100__00188_8x6b_s3047_863a12728166.tar.gz	2756a6a968591b0a1be45795f154e9c045b00d7752deca7a1b4df701888d4565	-70.74864	STRICT_A
6		P1MCPUFP__CPUFP500K_0100__00188	9e6y	42	SUCCESS	cluster_1_model_1.pdb.gz	/data/qlyu/projects/pvrig_top7500_dualpanel_screen_v1_20260724/run/common4_rerank_v2_20260725/final50_structure_bundle_v1_20260725/docking/representative_complexes/R06__P1MCPUFP__CPUFP500K_0100__00188__9e6y__s42__cluster_1_model_1.pdb	d295e440412633d5522838ae073270ee1949f1e09fd2253b2c0c7d0b8eca41f6	/data1/qlyu/projects/pvrig_top200_common4_seed_completion106_docking_results_v1_20260725/top200_seed_completion/compressed_queue/CANDIDATE_P1MCPUFP__CPUFP500K_0100__00188_9e6y_s42_c468246bc5f7.tar.gz	/data/qlyu/projects/pvrig_top7500_dualpanel_screen_v1_20260724/run/common4_rerank_v2_20260725/final50_structure_bundle_v1_20260725/docking/archives/CANDIDATE_P1MCPUFP__CPUFP500K_0100__00188_9e6y_s42_c468246bc5f7.tar.gz	91fcc173fd62cc9f3868507231963f598609c3420de3166039f757e28f76da11	-75.07560000000001	STRICT_A
6		P1MCPUFP__CPUFP500K_0100__00188	9e6y	917	SUCCESS	cluster_1_model_1.pdb.gz	/data/qlyu/projects/pvrig_top7500_dualpanel_screen_v1_20260724/run/common4_rerank_v2_20260725/final50_structure_bundle_v1_20260725/docking/representative_complexes/R06__P1MCPUFP__CPUFP500K_0100__00188__9e6y__s917__cluster_1_model_1.pdb	9ec7da675f923427328a3ee43cc5ec17132e605dc2d2deb4026ddde99216e6a3	/data1/qlyu/projects/pvrig_priority_top7500_dualreceptor_multiseed_docking_results_v1_20260722/top7500_25k/compressed_queue/CANDIDATE_P1MCPUFP__CPUFP500K_0100__00188_9e6y_s917_dfe478261fea.tar.gz	/data/qlyu/projects/pvrig_top7500_dualpanel_screen_v1_20260724/run/common4_rerank_v2_20260725/final50_structure_bundle_v1_20260725/docking/archives/CANDIDATE_P1MCPUFP__CPUFP500K_0100__00188_9e6y_s917_dfe478261fea.tar.gz	91abfec3b2e6e248a286fdb0c247e93aed431d6e40028d5805c04cecb23b353e	-80.6493	STRICT_A
6		P1MCPUFP__CPUFP500K_0100__00188	9e6y	1931	SUCCESS	cluster_1_model_1.pdb.gz	/data/qlyu/projects/pvrig_top7500_dualpanel_screen_v1_20260724/run/common4_rerank_v2_20260725/final50_structure_bundle_v1_20260725/docking/representative_complexes/R06__P1MCPUFP__CPUFP500K_0100__00188__9e6y__s1931__cluster_1_model_1.pdb	e4f839776cbc54a871b5741f94ac8944339eef37b71f5fe86e2ad228f5ff37e1	/data1/qlyu/projects/pvrig_priority_top7500_dualreceptor_multiseed_docking_results_v1_20260722/top7500_25k/compressed_queue/CANDIDATE_P1MCPUFP__CPUFP500K_0100__00188_9e6y_s1931_7689df92d3e5.tar.gz	/data/qlyu/projects/pvrig_top7500_dualpanel_screen_v1_20260724/run/common4_rerank_v2_20260725/final50_structure_bundle_v1_20260725/docking/archives/CANDIDATE_P1MCPUFP__CPUFP500K_0100__00188_9e6y_s1931_7689df92d3e5.tar.gz	72d036167166e24975aed705a9fa44a830292c91949e831897461088c739a68d	-62.0659	STRICT_A
6		P1MCPUFP__CPUFP500K_0100__00188	9e6y	3047	SUCCESS	cluster_1_model_1.pdb.gz	/data/qlyu/projects/pvrig_top7500_dualpanel_screen_v1_20260724/run/common4_rerank_v2_20260725/final50_structure_bundle_v1_20260725/docking/representative_complexes/R06__P1MCPUFP__CPUFP500K_0100__00188__9e6y__s3047__cluster_1_model_1.pdb	53e4e25568f221216bc507f5ca91856431708f9ce1924fc38dea2148451f52a1	/data1/qlyu/projects/pvrig_top200_common4_seed_completion106_docking_results_v1_20260725/top200_seed_completion/compressed_queue/CANDIDATE_P1MCPUFP__CPUFP500K_0100__00188_9e6y_s3047_7060b1b9529f.tar.gz	/data/qlyu/projects/pvrig_top7500_dualpanel_screen_v1_20260724/run/common4_rerank_v2_20260725/final50_structure_bundle_v1_20260725/docking/archives/CANDIDATE_P1MCPUFP__CPUFP500K_0100__00188_9e6y_s3047_7060b1b9529f.tar.gz	6a0c981d32f8f75392b152ee424148de445d76f258cd31cbb539c346141c8406	-79.1643	STRICT_A
7		P1MCPUFP__CPUFP500K_0002__00919	8x6b	42	SUCCESS	cluster_1_model_1.pdb.gz	/data/qlyu/projects/pvrig_top7500_dualpanel_screen_v1_20260724/run/common4_rerank_v2_20260725/final50_structure_bundle_v1_20260725/docking/representative_complexes/R07__P1MCPUFP__CPUFP500K_0002__00919__8x6b__s42__cluster_1_model_1.pdb	5da68387f55324b934cc30274484e6e0ba34f8ecedc21e2687ef1ae3b0e0eb54	/data1/qlyu/projects/pvrig_c2_new4220_seed42_3047_docking_results_v1_20260723/c2_new4220_seed42_3047/compressed_queue/CANDIDATE_P1MCPUFP__CPUFP500K_0002__00919_8x6b_s42_8f0e9b505799.tar.gz	/data/qlyu/projects/pvrig_top7500_dualpanel_screen_v1_20260724/run/common4_rerank_v2_20260725/final50_structure_bundle_v1_20260725/docking/archives/CANDIDATE_P1MCPUFP__CPUFP500K_0002__00919_8x6b_s42_8f0e9b505799.tar.gz	82a40679368d863c5a44176d79bc68243dcaa17c42199c58de63fead7c2672e1	-69.82580000000002	STRICT_A
7		P1MCPUFP__CPUFP500K_0002__00919	8x6b	917	SUCCESS	cluster_1_model_1.pdb.gz	/data/qlyu/projects/pvrig_top7500_dualpanel_screen_v1_20260724/run/common4_rerank_v2_20260725/final50_structure_bundle_v1_20260725/docking/representative_complexes/R07__P1MCPUFP__CPUFP500K_0002__00919__8x6b__s917__cluster_1_model_1.pdb	5199243acef4d683beadfb60e34bbe43a4acce614acb1190ed1edb702f4f60f8	/data1/qlyu/projects/pvrig_c2_new6220_dualreceptor_2seed_docking_results_v1_20260723/c2_new4220/compressed_queue/CANDIDATE_P1MCPUFP__CPUFP500K_0002__00919_8x6b_s917_1072ed9e7ca3.tar.gz	/data/qlyu/projects/pvrig_top7500_dualpanel_screen_v1_20260724/run/common4_rerank_v2_20260725/final50_structure_bundle_v1_20260725/docking/archives/CANDIDATE_P1MCPUFP__CPUFP500K_0002__00919_8x6b_s917_1072ed9e7ca3.tar.gz	ad477040e92fcb1afa8a1228d242d2fd95b346f33fae2412fdeb61d924a275a7	-87.8222	STRICT_A
7		P1MCPUFP__CPUFP500K_0002__00919	8x6b	1931	SUCCESS	cluster_1_model_1.pdb.gz	/data/qlyu/projects/pvrig_top7500_dualpanel_screen_v1_20260724/run/common4_rerank_v2_20260725/final50_structure_bundle_v1_20260725/docking/representative_complexes/R07__P1MCPUFP__CPUFP500K_0002__00919__8x6b__s1931__cluster_1_model_1.pdb	53a83fcb71053006d525c574371dc0084c0119934911f36765949d30c24eb27b	/data1/qlyu/projects/pvrig_c2_new6220_dualreceptor_2seed_docking_results_v1_20260723/c2_new4220/compressed_queue/CANDIDATE_P1MCPUFP__CPUFP500K_0002__00919_8x6b_s1931_6d616c7dd7c2.tar.gz	/data/qlyu/projects/pvrig_top7500_dualpanel_screen_v1_20260724/run/common4_rerank_v2_20260725/final50_structure_bundle_v1_20260725/docking/archives/CANDIDATE_P1MCPUFP__CPUFP500K_0002__00919_8x6b_s1931_6d616c7dd7c2.tar.gz	f108ae8689bf719c62cf45883354e83726270feb0c0f6e307601e7714f1d988b	-78.73570000000001	STRICT_A
7		P1MCPUFP__CPUFP500K_0002__00919	8x6b	3047	SUCCESS	cluster_1_model_1.pdb.gz	/data/qlyu/projects/pvrig_top7500_dualpanel_screen_v1_20260724/run/common4_rerank_v2_20260725/final50_structure_bundle_v1_20260725/docking/representative_complexes/R07__P1MCPUFP__CPUFP500K_0002__00919__8x6b__s3047__cluster_1_model_1.pdb	a2b82004bcf54408746b63370df8cb3ba711c1584590d69d7e147bebfbec6038	/data1/qlyu/projects/pvrig_c2_new4220_seed42_3047_docking_results_v1_20260723/c2_new4220_seed42_3047/compressed_queue/CANDIDATE_P1MCPUFP__CPUFP500K_0002__00919_8x6b_s3047_656b283c7727.tar.gz	/data/qlyu/projects/pvrig_top7500_dualpanel_screen_v1_20260724/run/common4_rerank_v2_20260725/final50_structure_bundle_v1_20260725/docking/archives/CANDIDATE_P1MCPUFP__CPUFP500K_0002__00919_8x6b_s3047_656b283c7727.tar.gz	4f7fd8ad5e0636e2c826349d1c2f291d0e31d3537ff60f45682306ed55c173cb	-80.27439999999999	STRICT_A
7		P1MCPUFP__CPUFP500K_0002__00919	9e6y	42	SUCCESS	cluster_1_model_1.pdb.gz	/data/qlyu/projects/pvrig_top7500_dualpanel_screen_v1_20260724/run/common4_rerank_v2_20260725/final50_structure_bundle_v1_20260725/docking/representative_complexes/R07__P1MCPUFP__CPUFP500K_0002__00919__9e6y__s42__cluster_1_model_1.pdb	0c205be9249e89177096f7600aa1fc000b721e90f085a238f156703fd451f478	/data1/qlyu/projects/pvrig_c2_new4220_seed42_3047_docking_results_v1_20260723/c2_new4220_seed42_3047/compressed_queue/CANDIDATE_P1MCPUFP__CPUFP500K_0002__00919_9e6y_s42_55e2dcea888c.tar.gz	/data/qlyu/projects/pvrig_top7500_dualpanel_screen_v1_20260724/run/common4_rerank_v2_20260725/final50_structure_bundle_v1_20260725/docking/archives/CANDIDATE_P1MCPUFP__CPUFP500K_0002__00919_9e6y_s42_55e2dcea888c.tar.gz	74aa276e2af838dd53458565bd20b7b32e9af0a52f58ac495d7da9083bc71950	-92.1588	STRICT_A
7		P1MCPUFP__CPUFP500K_0002__00919	9e6y	917	SUCCESS	cluster_1_model_1.pdb.gz	/data/qlyu/projects/pvrig_top7500_dualpanel_screen_v1_20260724/run/common4_rerank_v2_20260725/final50_structure_bundle_v1_20260725/docking/representative_complexes/R07__P1MCPUFP__CPUFP500K_0002__00919__9e6y__s917__cluster_1_model_1.pdb	5fa9c0b7c9813546e9f33d2186c7e3c307e02df43746cc75480e6acc5f5b2ce0	/data1/qlyu/projects/pvrig_c2_new6220_dualreceptor_2seed_docking_results_v1_20260723/c2_new4220/compressed_queue/CANDIDATE_P1MCPUFP__CPUFP500K_0002__00919_9e6y_s917_4f97687dbff1.tar.gz	/data/qlyu/projects/pvrig_top7500_dualpanel_screen_v1_20260724/run/common4_rerank_v2_20260725/final50_structure_bundle_v1_20260725/docking/archives/CANDIDATE_P1MCPUFP__CPUFP500K_0002__00919_9e6y_s917_4f97687dbff1.tar.gz	e75455434664213dab9fa3001c163bf20e1e213fb39e1e21e477b885a33ebe72	-74.6677	STRICT_A
7		P1MCPUFP__CPUFP500K_0002__00919	9e6y	1931	SUCCESS	cluster_1_model_1.pdb.gz	/data/qlyu/projects/pvrig_top7500_dualpanel_screen_v1_20260724/run/common4_rerank_v2_20260725/final50_structure_bundle_v1_20260725/docking/representative_complexes/R07__P1MCPUFP__CPUFP500K_0002__00919__9e6y__s1931__cluster_1_model_1.pdb	3bb28baa79beffd4766f2a04579bccc9f3316c3e9f4834cdde18d2ea2d688466	/data1/qlyu/projects/pvrig_c2_new6220_dualreceptor_2seed_docking_results_v1_20260723/c2_new4220/compressed_queue/CANDIDATE_P1MCPUFP__CPUFP500K_0002__00919_9e6y_s1931_7abeb3b56b2c.tar.gz	/data/qlyu/projects/pvrig_top7500_dualpanel_screen_v1_20260724/run/common4_rerank_v2_20260725/final50_structure_bundle_v1_20260725/docking/archives/CANDIDATE_P1MCPUFP__CPUFP500K_0002__00919_9e6y_s1931_7abeb3b56b2c.tar.gz	667850ab4103675137892b93b06d1fadb11e921eab9fb59ad5476887bf5044f9	-81.31080000000001	STRICT_A
7		P1MCPUFP__CPUFP500K_0002__00919	9e6y	3047	SUCCESS	cluster_1_model_1.pdb.gz	/data/qlyu/projects/pvrig_top7500_dualpanel_screen_v1_20260724/run/common4_rerank_v2_20260725/final50_structure_bundle_v1_20260725/docking/representative_complexes/R07__P1MCPUFP__CPUFP500K_0002__00919__9e6y__s3047__cluster_1_model_1.pdb	65e23282229305e20bf5afd90b606c5dd340ef754c8ae8fadd645618558bfb64	/data1/qlyu/projects/pvrig_c2_new4220_seed42_3047_docking_results_v1_20260723/c2_new4220_seed42_3047/compressed_queue/CANDIDATE_P1MCPUFP__CPUFP500K_0002__00919_9e6y_s3047_4e7decdabccd.tar.gz	/data/qlyu/projects/pvrig_top7500_dualpanel_screen_v1_20260724/run/common4_rerank_v2_20260725/final50_structure_bundle_v1_20260725/docking/archives/CANDIDATE_P1MCPUFP__CPUFP500K_0002__00919_9e6y_s3047_4e7decdabccd.tar.gz	1a4b60b0678a90226bd10ba17d0ecf4415a3b076437fae12009046d00b59f1e9	-87.45620000000001	STRICT_A
8		P1MCPUFP__CPUFP500K_0287__00804	8x6b	42	SUCCESS	cluster_1_model_1.pdb.gz	/data/qlyu/projects/pvrig_top7500_dualpanel_screen_v1_20260724/run/common4_rerank_v2_20260725/final50_structure_bundle_v1_20260725/docking/representative_complexes/R08__P1MCPUFP__CPUFP500K_0287__00804__8x6b__s42__cluster_1_model_1.pdb	18bab0247407ec1eb34156c29b0fa527b6ed3d3965c97ef58c3d7b698af57c06	/data1/qlyu/projects/pvrig_c2_new4220_seed42_3047_docking_results_v1_20260723/c2_new4220_seed42_3047/compressed_queue/CANDIDATE_P1MCPUFP__CPUFP500K_0287__00804_8x6b_s42_b3b243ffdaef.tar.gz	/data/qlyu/projects/pvrig_top7500_dualpanel_screen_v1_20260724/run/common4_rerank_v2_20260725/final50_structure_bundle_v1_20260725/docking/archives/CANDIDATE_P1MCPUFP__CPUFP500K_0287__00804_8x6b_s42_b3b243ffdaef.tar.gz	5cd42b4b1ad5d65c85ab4bf759fbf0f4026096d1b36e2e01e60add48f0fd784c	-66.19160000000001	STRICT_A
8		P1MCPUFP__CPUFP500K_0287__00804	8x6b	917	SUCCESS	cluster_1_model_1.pdb.gz	/data/qlyu/projects/pvrig_top7500_dualpanel_screen_v1_20260724/run/common4_rerank_v2_20260725/final50_structure_bundle_v1_20260725/docking/representative_complexes/R08__P1MCPUFP__CPUFP500K_0287__00804__8x6b__s917__cluster_1_model_1.pdb	8e8b470037c4c687568c2fb17a21cde8064e3b49ba4b720ae0c3c50727166acb	/data1/qlyu/projects/pvrig_c2_new6220_dualreceptor_2seed_docking_results_v1_20260723/c2_new4220/compressed_queue/CANDIDATE_P1MCPUFP__CPUFP500K_0287__00804_8x6b_s917_cee84144f49d.tar.gz	/data/qlyu/projects/pvrig_top7500_dualpanel_screen_v1_20260724/run/common4_rerank_v2_20260725/final50_structure_bundle_v1_20260725/docking/archives/CANDIDATE_P1MCPUFP__CPUFP500K_0287__00804_8x6b_s917_cee84144f49d.tar.gz	c62f62bce6557941e25c7768dff189c7517945ee9c4268489021a107d85f36ce	-69.0014	STRICT_A
8		P1MCPUFP__CPUFP500K_0287__00804	8x6b	1931	SUCCESS	cluster_1_model_1.pdb.gz	/data/qlyu/projects/pvrig_top7500_dualpanel_screen_v1_20260724/run/common4_rerank_v2_20260725/final50_structure_bundle_v1_20260725/docking/representative_complexes/R08__P1MCPUFP__CPUFP500K_0287__00804__8x6b__s1931__cluster_1_model_1.pdb	a988b2aa29a20a4a14ceaad18e0381bbdd7248947aae25b2d64b2ec0b4216b90	/data1/qlyu/projects/pvrig_c2_new6220_dualreceptor_2seed_docking_results_v1_20260723/c2_new4220/compressed_queue/CANDIDATE_P1MCPUFP__CPUFP500K_0287__00804_8x6b_s1931_6035eb57ea25.tar.gz	/data/qlyu/projects/pvrig_top7500_dualpanel_screen_v1_20260724/run/common4_rerank_v2_20260725/final50_structure_bundle_v1_20260725/docking/archives/CANDIDATE_P1MCPUFP__CPUFP500K_0287__00804_8x6b_s1931_6035eb57ea25.tar.gz	e642ce5a4cce78743b29b9400718dda3e9abbe414fc9495f6681abeca750a10a	-72.32749999999999	STRICT_A
8		P1MCPUFP__CPUFP500K_0287__00804	8x6b	3047	SUCCESS	cluster_1_model_1.pdb.gz	/data/qlyu/projects/pvrig_top7500_dualpanel_screen_v1_20260724/run/common4_rerank_v2_20260725/final50_structure_bundle_v1_20260725/docking/representative_complexes/R08__P1MCPUFP__CPUFP500K_0287__00804__8x6b__s3047__cluster_1_model_1.pdb	07bc43869b45f0c698de54414e09b01404f548be1284d66be1df7099711acbc2	/data1/qlyu/projects/pvrig_c2_new4220_seed42_3047_docking_results_v1_20260723/c2_new4220_seed42_3047/compressed_queue/CANDIDATE_P1MCPUFP__CPUFP500K_0287__00804_8x6b_s3047_5617d4cf615b.tar.gz	/data/qlyu/projects/pvrig_top7500_dualpanel_screen_v1_20260724/run/common4_rerank_v2_20260725/final50_structure_bundle_v1_20260725/docking/archives/CANDIDATE_P1MCPUFP__CPUFP500K_0287__00804_8x6b_s3047_5617d4cf615b.tar.gz	c5d84bec8123a9b341ed5d32757cd3aed689a39c82a9cd23d7918fd3e4900a3e	-57.388279999999995	STRICT_A
8		P1MCPUFP__CPUFP500K_0287__00804	9e6y	42	SUCCESS	cluster_1_model_1.pdb.gz	/data/qlyu/projects/pvrig_top7500_dualpanel_screen_v1_20260724/run/common4_rerank_v2_20260725/final50_structure_bundle_v1_20260725/docking/representative_complexes/R08__P1MCPUFP__CPUFP500K_0287__00804__9e6y__s42__cluster_1_model_1.pdb	6dc3a0249bd9488752fbc2f57e09991c6bea4ce9471bf952ceb7f537c4fed11c	/data1/qlyu/projects/pvrig_c2_new4220_seed42_3047_docking_results_v1_20260723/c2_new4220_seed42_3047/compressed_queue/CANDIDATE_P1MCPUFP__CPUFP500K_0287__00804_9e6y_s42_b212bc93a959.tar.gz	/data/qlyu/projects/pvrig_top7500_dualpanel_screen_v1_20260724/run/common4_rerank_v2_20260725/final50_structure_bundle_v1_20260725/docking/archives/CANDIDATE_P1MCPUFP__CPUFP500K_0287__00804_9e6y_s42_b212bc93a959.tar.gz	b92fd093a27ddf2ccea81c2b6d8a3c6850045ba8106422591a661a434d8cac7e	-68.65719999999999	STRICT_A
8		P1MCPUFP__CPUFP500K_0287__00804	9e6y	917	SUCCESS	cluster_1_model_1.pdb.gz	/data/qlyu/projects/pvrig_top7500_dualpanel_screen_v1_20260724/run/common4_rerank_v2_20260725/final50_structure_bundle_v1_20260725/docking/representative_complexes/R08__P1MCPUFP__CPUFP500K_0287__00804__9e6y__s917__cluster_1_model_1.pdb	9415b2fc6548a25ac9b1d5423618fe8cbf01c8be7c17d4fa7c28300d95fbd675	/data1/qlyu/projects/pvrig_c2_new6220_dualreceptor_2seed_docking_results_v1_20260723/c2_new4220/compressed_queue/CANDIDATE_P1MCPUFP__CPUFP500K_0287__00804_9e6y_s917_d7eeacb18834.tar.gz	/data/qlyu/projects/pvrig_top7500_dualpanel_screen_v1_20260724/run/common4_rerank_v2_20260725/final50_structure_bundle_v1_20260725/docking/archives/CANDIDATE_P1MCPUFP__CPUFP500K_0287__00804_9e6y_s917_d7eeacb18834.tar.gz	479a1cdb52a380071160fee7aa769e41f3d2f53df7495ba764ca65e056f533ed	-68.50594	STRICT_A
8		P1MCPUFP__CPUFP500K_0287__00804	9e6y	1931	SUCCESS	cluster_1_model_1.pdb.gz	/data/qlyu/projects/pvrig_top7500_dualpanel_screen_v1_20260724/run/common4_rerank_v2_20260725/final50_structure_bundle_v1_20260725/docking/representative_complexes/R08__P1MCPUFP__CPUFP500K_0287__00804__9e6y__s1931__cluster_1_model_1.pdb	a5a331aa0f426c0f544839b0f9ee42fc07e676b02d59f6f3a33e0610c6246129	/data1/qlyu/projects/pvrig_c2_new6220_dualreceptor_2seed_docking_results_v1_20260723/c2_new4220/compressed_queue/CANDIDATE_P1MCPUFP__CPUFP500K_0287__00804_9e6y_s1931_c7fe3b5c0523.tar.gz	/data/qlyu/projects/pvrig_top7500_dualpanel_screen_v1_20260724/run/common4_rerank_v2_20260725/final50_structure_bundle_v1_20260725/docking/archives/CANDIDATE_P1MCPUFP__CPUFP500K_0287__00804_9e6y_s1931_c7fe3b5c0523.tar.gz	2626826666f23c1298a707c2b15e434ca4d6a5ca2588a2b6ba23c28376d38a08	-61.12636	STRICT_A
8		P1MCPUFP__CPUFP500K_0287__00804	9e6y	3047	SUCCESS	cluster_1_model_1.pdb.gz	/data/qlyu/projects/pvrig_top7500_dualpanel_screen_v1_20260724/run/common4_rerank_v2_20260725/final50_structure_bundle_v1_20260725/docking/representative_complexes/R08__P1MCPUFP__CPUFP500K_0287__00804__9e6y__s3047__cluster_1_model_1.pdb	added644ec05d48a9ae8eee3e11ff9b0819a91deb113ffd07dc3b3b28df4f87b	/data1/qlyu/projects/pvrig_c2_new4220_seed42_3047_docking_results_v1_20260723/c2_new4220_seed42_3047/compressed_queue/CANDIDATE_P1MCPUFP__CPUFP500K_0287__00804_9e6y_s3047_56a459c045c6.tar.gz	/data/qlyu/projects/pvrig_top7500_dualpanel_screen_v1_20260724/run/common4_rerank_v2_20260725/final50_structure_bundle_v1_20260725/docking/archives/CANDIDATE_P1MCPUFP__CPUFP500K_0287__00804_9e6y_s3047_56a459c045c6.tar.gz	415cbb34d5e50628c843ed7e2f1f0d6be92b678490f84903f518daaef0a23d3a	-69.30030000000001	STRICT_A
9		P1MCPUFP__CPUFP500K_0089__00735	8x6b	42	SUCCESS	cluster_1_model_1.pdb.gz	/data/qlyu/projects/pvrig_top7500_dualpanel_screen_v1_20260724/run/common4_rerank_v2_20260725/final50_structure_bundle_v1_20260725/docking/representative_complexes/R09__P1MCPUFP__CPUFP500K_0089__00735__8x6b__s42__cluster_1_model_1.pdb	d46fa951a80bc3eb8096dfd11f15dc0f7f443e994c84cefe217070f2bf10126d	/data1/qlyu/projects/pvrig_c2_new4220_seed42_3047_docking_results_v1_20260723/c2_new4220_seed42_3047/compressed_queue/CANDIDATE_P1MCPUFP__CPUFP500K_0089__00735_8x6b_s42_b9a6e9cf22eb.tar.gz	/data/qlyu/projects/pvrig_top7500_dualpanel_screen_v1_20260724/run/common4_rerank_v2_20260725/final50_structure_bundle_v1_20260725/docking/archives/CANDIDATE_P1MCPUFP__CPUFP500K_0089__00735_8x6b_s42_b9a6e9cf22eb.tar.gz	e3221de0e7fd5f78a86419a1e8361f729e4bdee02d130102f8d8419ebfe6d823	-76.34509999999999	STRICT_A
9		P1MCPUFP__CPUFP500K_0089__00735	8x6b	917	SUCCESS	cluster_1_model_1.pdb.gz	/data/qlyu/projects/pvrig_top7500_dualpanel_screen_v1_20260724/run/common4_rerank_v2_20260725/final50_structure_bundle_v1_20260725/docking/representative_complexes/R09__P1MCPUFP__CPUFP500K_0089__00735__8x6b__s917__cluster_1_model_1.pdb	b963172e3fb05837f261bc2dfc7a7c5d3ab36fa948304c1b495ee8000324778e	/data1/qlyu/projects/pvrig_c2_new6220_dualreceptor_2seed_docking_results_v1_20260723/c2_new4220/compressed_queue/CANDIDATE_P1MCPUFP__CPUFP500K_0089__00735_8x6b_s917_abb2d6b07ca4.tar.gz	/data/qlyu/projects/pvrig_top7500_dualpanel_screen_v1_20260724/run/common4_rerank_v2_20260725/final50_structure_bundle_v1_20260725/docking/archives/CANDIDATE_P1MCPUFP__CPUFP500K_0089__00735_8x6b_s917_abb2d6b07ca4.tar.gz	a5c64988f59b96c26577c76dd9ff429d2aaf0c7fdc171ddb3e65cfbbc52b5b75	-81.1698	STRICT_A
9		P1MCPUFP__CPUFP500K_0089__00735	8x6b	1931	SUCCESS	cluster_1_model_1.pdb.gz	/data/qlyu/projects/pvrig_top7500_dualpanel_screen_v1_20260724/run/common4_rerank_v2_20260725/final50_structure_bundle_v1_20260725/docking/representative_complexes/R09__P1MCPUFP__CPUFP500K_0089__00735__8x6b__s1931__cluster_1_model_1.pdb	6941d02fe0fa34b878ff4c68eabcd9ea092154c7013ed47a30c61a2db83e695b	/data1/qlyu/projects/pvrig_c2_new6220_dualreceptor_2seed_docking_results_v1_20260723/c2_new4220/compressed_queue/CANDIDATE_P1MCPUFP__CPUFP500K_0089__00735_8x6b_s1931_d7bf18ea1c2f.tar.gz	/data/qlyu/projects/pvrig_top7500_dualpanel_screen_v1_20260724/run/common4_rerank_v2_20260725/final50_structure_bundle_v1_20260725/docking/archives/CANDIDATE_P1MCPUFP__CPUFP500K_0089__00735_8x6b_s1931_d7bf18ea1c2f.tar.gz	ade4bbed27beb2fb690f80c932bf34f477ded16e9a97d9fb6371ad0797119288	-83.0068	STRICT_A
9		P1MCPUFP__CPUFP500K_0089__00735	8x6b	3047	SUCCESS	cluster_1_model_1.pdb.gz	/data/qlyu/projects/pvrig_top7500_dualpanel_screen_v1_20260724/run/common4_rerank_v2_20260725/final50_structure_bundle_v1_20260725/docking/representative_complexes/R09__P1MCPUFP__CPUFP500K_0089__00735__8x6b__s3047__cluster_1_model_1.pdb	2d2bb19034e59be6eb2872ace41e8c587e171dff58b9c3efb7f7ec9d0154f407	/data1/qlyu/projects/pvrig_c2_new4220_seed42_3047_docking_results_v1_20260723/c2_new4220_seed42_3047/compressed_queue/CANDIDATE_P1MCPUFP__CPUFP500K_0089__00735_8x6b_s3047_bfd33960c7ac.tar.gz	/data/qlyu/projects/pvrig_top7500_dualpanel_screen_v1_20260724/run/common4_rerank_v2_20260725/final50_structure_bundle_v1_20260725/docking/archives/CANDIDATE_P1MCPUFP__CPUFP500K_0089__00735_8x6b_s3047_bfd33960c7ac.tar.gz	8562dc504ae4fef43d9f61f4c31b0bb53c0e60fd5b132b97a3104e3eb2370646	-95.08170000000001	STRICT_A
9		P1MCPUFP__CPUFP500K_0089__00735	9e6y	42	SUCCESS	cluster_1_model_1.pdb.gz	/data/qlyu/projects/pvrig_top7500_dualpanel_screen_v1_20260724/run/common4_rerank_v2_20260725/final50_structure_bundle_v1_20260725/docking/representative_complexes/R09__P1MCPUFP__CPUFP500K_0089__00735__9e6y__s42__cluster_1_model_1.pdb	d08d8e74de8bb58d7dade7219ad2aa5f08edaa8889f5f72897f6c7dde982bca8	/data1/qlyu/projects/pvrig_c2_new4220_seed42_3047_docking_results_v1_20260723/c2_new4220_seed42_3047/compressed_queue/CANDIDATE_P1MCPUFP__CPUFP500K_0089__00735_9e6y_s42_55e2fec42ecb.tar.gz	/data/qlyu/projects/pvrig_top7500_dualpanel_screen_v1_20260724/run/common4_rerank_v2_20260725/final50_structure_bundle_v1_20260725/docking/archives/CANDIDATE_P1MCPUFP__CPUFP500K_0089__00735_9e6y_s42_55e2fec42ecb.tar.gz	69a11dd47bcde8a4e08c3991b85b6d99d811ac7a5d5e08fa6d6a130b570d9efb	-99.3605	STRICT_A
9		P1MCPUFP__CPUFP500K_0089__00735	9e6y	917	SUCCESS	cluster_1_model_1.pdb.gz	/data/qlyu/projects/pvrig_top7500_dualpanel_screen_v1_20260724/run/common4_rerank_v2_20260725/final50_structure_bundle_v1_20260725/docking/representative_complexes/R09__P1MCPUFP__CPUFP500K_0089__00735__9e6y__s917__cluster_1_model_1.pdb	992c15c0a8177b0d06f34e63278a6fdb84a00bfbb0cf7250cc08dac843b9895a	/data1/qlyu/projects/pvrig_c2_new6220_dualreceptor_2seed_docking_results_v1_20260723/c2_new4220/compressed_queue/CANDIDATE_P1MCPUFP__CPUFP500K_0089__00735_9e6y_s917_e7e6a1d177a6.tar.gz	/data/qlyu/projects/pvrig_top7500_dualpanel_screen_v1_20260724/run/common4_rerank_v2_20260725/final50_structure_bundle_v1_20260725/docking/archives/CANDIDATE_P1MCPUFP__CPUFP500K_0089__00735_9e6y_s917_e7e6a1d177a6.tar.gz	7f96aba85bff3c6c5980000fb329bcc3ce44aefe95ce74e719e3d599a5da9a92	-75.79279999999999	STRICT_A
9		P1MCPUFP__CPUFP500K_0089__00735	9e6y	1931	SUCCESS	cluster_1_model_1.pdb.gz	/data/qlyu/projects/pvrig_top7500_dualpanel_screen_v1_20260724/run/common4_rerank_v2_20260725/final50_structure_bundle_v1_20260725/docking/representative_complexes/R09__P1MCPUFP__CPUFP500K_0089__00735__9e6y__s1931__cluster_1_model_1.pdb	d04c3fdea8171d2f63366643b2d04ce551f7e18312c1b01c9aa8a078112c9ab5	/data1/qlyu/projects/pvrig_c2_new6220_dualreceptor_2seed_docking_results_v1_20260723/c2_new4220/compressed_queue/CANDIDATE_P1MCPUFP__CPUFP500K_0089__00735_9e6y_s1931_ea8156d7d976.tar.gz	/data/qlyu/projects/pvrig_top7500_dualpanel_screen_v1_20260724/run/common4_rerank_v2_20260725/final50_structure_bundle_v1_20260725/docking/archives/CANDIDATE_P1MCPUFP__CPUFP500K_0089__00735_9e6y_s1931_ea8156d7d976.tar.gz	33bc583406d4311f66f04b7d3733ca5393ed4dedfdd527a85743d5573fd09f18	-78.44260000000001	STRICT_A
9		P1MCPUFP__CPUFP500K_0089__00735	9e6y	3047	SUCCESS	cluster_1_model_1.pdb.gz	/data/qlyu/projects/pvrig_top7500_dualpanel_screen_v1_20260724/run/common4_rerank_v2_20260725/final50_structure_bundle_v1_20260725/docking/representative_complexes/R09__P1MCPUFP__CPUFP500K_0089__00735__9e6y__s3047__cluster_1_model_1.pdb	7b4b990fed3e1e0f12dd2234273e5e67ea98103091396b120cec927e441a0d82	/data1/qlyu/projects/pvrig_c2_new4220_seed42_3047_docking_results_v1_20260723/c2_new4220_seed42_3047/compressed_queue/CANDIDATE_P1MCPUFP__CPUFP500K_0089__00735_9e6y_s3047_8f873bd355dd.tar.gz	/data/qlyu/projects/pvrig_top7500_dualpanel_screen_v1_20260724/run/common4_rerank_v2_20260725/final50_structure_bundle_v1_20260725/docking/archives/CANDIDATE_P1MCPUFP__CPUFP500K_0089__00735_9e6y_s3047_8f873bd355dd.tar.gz	9dacba2723c0f9440bb4643c9dde16d3698e888b072b3e963341cd46ec6026cd	-88.4116	STRICT_A
10		P1MCPUFP__CPUFP500K_0299__00453	8x6b	42	SUCCESS	cluster_1_model_1.pdb.gz	/data/qlyu/projects/pvrig_top7500_dualpanel_screen_v1_20260724/run/common4_rerank_v2_20260725/final50_structure_bundle_v1_20260725/docking/representative_complexes/R10__P1MCPUFP__CPUFP500K_0299__00453__8x6b__s42__cluster_1_model_1.pdb	dcb9aa35bdffefe90705c59bcec721d601c90bdc273dc193842e54f146b84826	/data1/qlyu/projects/pvrig_top200_common4_seed_completion106_docking_results_v1_20260725/top200_seed_completion/compressed_queue/CANDIDATE_P1MCPUFP__CPUFP500K_0299__00453_8x6b_s42_1fcef0e36f96.tar.gz	/data/qlyu/projects/pvrig_top7500_dualpanel_screen_v1_20260724/run/common4_rerank_v2_20260725/final50_structure_bundle_v1_20260725/docking/archives/CANDIDATE_P1MCPUFP__CPUFP500K_0299__00453_8x6b_s42_1fcef0e36f96.tar.gz	af2d5226193dd4f8cd6182286e512cd6245a75ce64112b6fffcdca3875c83d3e	-80.4205	STRICT_A
10		P1MCPUFP__CPUFP500K_0299__00453	8x6b	917	SUCCESS	cluster_1_model_1.pdb.gz	/data/qlyu/projects/pvrig_top7500_dualpanel_screen_v1_20260724/run/common4_rerank_v2_20260725/final50_structure_bundle_v1_20260725/docking/representative_complexes/R10__P1MCPUFP__CPUFP500K_0299__00453__8x6b__s917__cluster_1_model_1.pdb	a5282926cd0d1fe681c0e2d83b8984509906187706522795994f455e6d9e7190	/data1/qlyu/projects/pvrig_priority_top7500_dualreceptor_multiseed_docking_results_v1_20260722/top7500_25k/compressed_queue/CANDIDATE_P1MCPUFP__CPUFP500K_0299__00453_8x6b_s917_32f3cdb45965.tar.gz	/data/qlyu/projects/pvrig_top7500_dualpanel_screen_v1_20260724/run/common4_rerank_v2_20260725/final50_structure_bundle_v1_20260725/docking/archives/CANDIDATE_P1MCPUFP__CPUFP500K_0299__00453_8x6b_s917_32f3cdb45965.tar.gz	0186ca789cb1dd399dd42db8b77f06505fb8e8b4a41ce79c4e3a3e827896c5ff	-80.9481	STRICT_A
10		P1MCPUFP__CPUFP500K_0299__00453	8x6b	1931	SUCCESS	cluster_1_model_1.pdb.gz	/data/qlyu/projects/pvrig_top7500_dualpanel_screen_v1_20260724/run/common4_rerank_v2_20260725/final50_structure_bundle_v1_20260725/docking/representative_complexes/R10__P1MCPUFP__CPUFP500K_0299__00453__8x6b__s1931__cluster_1_model_1.pdb	fe95c75c4dc5fff9a64fef293a29d27d412c19bf1e9326084dea2b2c96fc4b94	/data1/qlyu/projects/pvrig_priority_top7500_dualreceptor_multiseed_docking_results_v1_20260722/top7500_25k/compressed_queue/CANDIDATE_P1MCPUFP__CPUFP500K_0299__00453_8x6b_s1931_2a4fe9f040f3.tar.gz	/data/qlyu/projects/pvrig_top7500_dualpanel_screen_v1_20260724/run/common4_rerank_v2_20260725/final50_structure_bundle_v1_20260725/docking/archives/CANDIDATE_P1MCPUFP__CPUFP500K_0299__00453_8x6b_s1931_2a4fe9f040f3.tar.gz	8d3edc0783cccc73fe8f3ff42d23f8bc84384d7be8ff337f2c5e44488cb759d8	-65.43101	STRICT_A
10		P1MCPUFP__CPUFP500K_0299__00453	8x6b	3047	SUCCESS	cluster_1_model_1.pdb.gz	/data/qlyu/projects/pvrig_top7500_dualpanel_screen_v1_20260724/run/common4_rerank_v2_20260725/final50_structure_bundle_v1_20260725/docking/representative_complexes/R10__P1MCPUFP__CPUFP500K_0299__00453__8x6b__s3047__cluster_1_model_1.pdb	d45008efa6d59f07590a2e944d3ec70d526159d1026c421de2aca28aaa622e89	/data1/qlyu/projects/pvrig_top200_common4_seed_completion106_docking_results_v1_20260725/top200_seed_completion/compressed_queue/CANDIDATE_P1MCPUFP__CPUFP500K_0299__00453_8x6b_s3047_fc6ac4f0c35f.tar.gz	/data/qlyu/projects/pvrig_top7500_dualpanel_screen_v1_20260724/run/common4_rerank_v2_20260725/final50_structure_bundle_v1_20260725/docking/archives/CANDIDATE_P1MCPUFP__CPUFP500K_0299__00453_8x6b_s3047_fc6ac4f0c35f.tar.gz	2b69f0f7ede6417327ca9c7b2a3c2ba52cc7eea47816d15fda8fd1abc9ea0f6f	-87.3991	STRICT_A
10		P1MCPUFP__CPUFP500K_0299__00453	9e6y	42	SUCCESS	cluster_1_model_1.pdb.gz	/data/qlyu/projects/pvrig_top7500_dualpanel_screen_v1_20260724/run/common4_rerank_v2_20260725/final50_structure_bundle_v1_20260725/docking/representative_complexes/R10__P1MCPUFP__CPUFP500K_0299__00453__9e6y__s42__cluster_1_model_1.pdb	01a0a198786294c30931d0376f504b1fdbe4cbf494efacbfa9831915fa148109	/data1/qlyu/projects/pvrig_top200_common4_seed_completion106_docking_results_v1_20260725/top200_seed_completion/compressed_queue/CANDIDATE_P1MCPUFP__CPUFP500K_0299__00453_9e6y_s42_5fbb00c537db.tar.gz	/data/qlyu/projects/pvrig_top7500_dualpanel_screen_v1_20260724/run/common4_rerank_v2_20260725/final50_structure_bundle_v1_20260725/docking/archives/CANDIDATE_P1MCPUFP__CPUFP500K_0299__00453_9e6y_s42_5fbb00c537db.tar.gz	14f56ba4a271240433e43be7c4deddec93a091c32e96b9e7d623a1011735ac23	-83.34219999999999	STRICT_A
10		P1MCPUFP__CPUFP500K_0299__00453	9e6y	917	SUCCESS	cluster_1_model_1.pdb.gz	/data/qlyu/projects/pvrig_top7500_dualpanel_screen_v1_20260724/run/common4_rerank_v2_20260725/final50_structure_bundle_v1_20260725/docking/representative_complexes/R10__P1MCPUFP__CPUFP500K_0299__00453__9e6y__s917__cluster_1_model_1.pdb	3be4f37f0c0f3fcffec59b775a96331129ed02bcda3efd27cd3bfcd5ac0b95b4	/data1/qlyu/projects/pvrig_priority_top7500_dualreceptor_multiseed_docking_results_v1_20260722/top7500_25k/compressed_queue/CANDIDATE_P1MCPUFP__CPUFP500K_0299__00453_9e6y_s917_f31697ca7832.tar.gz	/data/qlyu/projects/pvrig_top7500_dualpanel_screen_v1_20260724/run/common4_rerank_v2_20260725/final50_structure_bundle_v1_20260725/docking/archives/CANDIDATE_P1MCPUFP__CPUFP500K_0299__00453_9e6y_s917_f31697ca7832.tar.gz	3ea828d3e19dc69a6bf13363aaf9ed90dfa54ddb666ea249c889c0c9338dd72a	-80.001	STRICT_A
10		P1MCPUFP__CPUFP500K_0299__00453	9e6y	1931	SUCCESS	cluster_1_model_1.pdb.gz	/data/qlyu/projects/pvrig_top7500_dualpanel_screen_v1_20260724/run/common4_rerank_v2_20260725/final50_structure_bundle_v1_20260725/docking/representative_complexes/R10__P1MCPUFP__CPUFP500K_0299__00453__9e6y__s1931__cluster_1_model_1.pdb	06bd4ab57e16ee53426961781113957d3bd841384e1e9be85c38a9b00d14274a	/data1/qlyu/projects/pvrig_priority_top7500_dualreceptor_multiseed_docking_results_v1_20260722/top7500_25k/compressed_queue/CANDIDATE_P1MCPUFP__CPUFP500K_0299__00453_9e6y_s1931_116e4a9ec681.tar.gz	/data/qlyu/projects/pvrig_top7500_dualpanel_screen_v1_20260724/run/common4_rerank_v2_20260725/final50_structure_bundle_v1_20260725/docking/archives/CANDIDATE_P1MCPUFP__CPUFP500K_0299__00453_9e6y_s1931_116e4a9ec681.tar.gz	79225fac598cfcd45c2052fedfea3090813f7144e9730ac4317d5d90e51db41b	-79.67721999999999	STRICT_A
10		P1MCPUFP__CPUFP500K_0299__00453	9e6y	3047	SUCCESS	cluster_1_model_1.pdb.gz	/data/qlyu/projects/pvrig_top7500_dualpanel_screen_v1_20260724/run/common4_rerank_v2_20260725/final50_structure_bundle_v1_20260725/docking/representative_complexes/R10__P1MCPUFP__CPUFP500K_0299__00453__9e6y__s3047__cluster_1_model_1.pdb	c00a8b410ac6c1ad85504160742e68f93796a47d30135683f0c6b9777b4c7937	/data1/qlyu/projects/pvrig_top200_common4_seed_completion106_docking_results_v1_20260725/top200_seed_completion/compressed_queue/CANDIDATE_P1MCPUFP__CPUFP500K_0299__00453_9e6y_s3047_33676f1a2458.tar.gz	/data/qlyu/projects/pvrig_top7500_dualpanel_screen_v1_20260724/run/common4_rerank_v2_20260725/final50_structure_bundle_v1_20260725/docking/archives/CANDIDATE_P1MCPUFP__CPUFP500K_0299__00453_9e6y_s3047_33676f1a2458.tar.gz	40aac947d3a6068914fcda7c5ebc6410138ba90b6cc839ed57aeb221cbe2d97f	-73.1454	STRICT_A
11		P1MCPUFP__CPUFP500K_0299__00780	8x6b	42	SUCCESS	cluster_1_model_1.pdb.gz	/data/qlyu/projects/pvrig_top7500_dualpanel_screen_v1_20260724/run/common4_rerank_v2_20260725/final50_structure_bundle_v1_20260725/docking/representative_complexes/R11__P1MCPUFP__CPUFP500K_0299__00780__8x6b__s42__cluster_1_model_1.pdb	ccc844e6b3cf7a0a2e85dc72ba244a98167bffb43b77a83235655b1f139aba90	/data1/qlyu/projects/pvrig_c2_new4220_seed42_3047_docking_results_v1_20260723/c2_new4220_seed42_3047/compressed_queue/CANDIDATE_P1MCPUFP__CPUFP500K_0299__00780_8x6b_s42_77b736574c42.tar.gz	/data/qlyu/projects/pvrig_top7500_dualpanel_screen_v1_20260724/run/common4_rerank_v2_20260725/final50_structure_bundle_v1_20260725/docking/archives/CANDIDATE_P1MCPUFP__CPUFP500K_0299__00780_8x6b_s42_77b736574c42.tar.gz	c9fbe6d1a140669badd98ab89f57c2fec68ae3ba7ffee3524534523c64dd92ed	-79.7272	STRICT_A
11		P1MCPUFP__CPUFP500K_0299__00780	8x6b	917	SUCCESS	cluster_1_model_1.pdb.gz	/data/qlyu/projects/pvrig_top7500_dualpanel_screen_v1_20260724/run/common4_rerank_v2_20260725/final50_structure_bundle_v1_20260725/docking/representative_complexes/R11__P1MCPUFP__CPUFP500K_0299__00780__8x6b__s917__cluster_1_model_1.pdb	50633bdc4353c852f885a343a67675cf483351f0da466e554f2900e5b56608a7	/data1/qlyu/projects/pvrig_c2_new6220_dualreceptor_2seed_docking_results_v1_20260723/c2_new4220/compressed_queue/CANDIDATE_P1MCPUFP__CPUFP500K_0299__00780_8x6b_s917_6dc4c3acb569.tar.gz	/data/qlyu/projects/pvrig_top7500_dualpanel_screen_v1_20260724/run/common4_rerank_v2_20260725/final50_structure_bundle_v1_20260725/docking/archives/CANDIDATE_P1MCPUFP__CPUFP500K_0299__00780_8x6b_s917_6dc4c3acb569.tar.gz	50815c29940cfbfa080ab098be37d9e2c38702db45cbb6e55ab9b9b0ad56c190	-82.80940000000001	STRICT_A
11		P1MCPUFP__CPUFP500K_0299__00780	8x6b	1931	SUCCESS	cluster_1_model_1.pdb.gz	/data/qlyu/projects/pvrig_top7500_dualpanel_screen_v1_20260724/run/common4_rerank_v2_20260725/final50_structure_bundle_v1_20260725/docking/representative_complexes/R11__P1MCPUFP__CPUFP500K_0299__00780__8x6b__s1931__cluster_1_model_1.pdb	57723f26a937fc51a84ce0da8fa01e8b0d36e4e83dc5f164855bfb1d99b472b4	/data1/qlyu/projects/pvrig_c2_new6220_dualreceptor_2seed_docking_results_v1_20260723/c2_new4220/compressed_queue/CANDIDATE_P1MCPUFP__CPUFP500K_0299__00780_8x6b_s1931_316723537ac7.tar.gz	/data/qlyu/projects/pvrig_top7500_dualpanel_screen_v1_20260724/run/common4_rerank_v2_20260725/final50_structure_bundle_v1_20260725/docking/archives/CANDIDATE_P1MCPUFP__CPUFP500K_0299__00780_8x6b_s1931_316723537ac7.tar.gz	c9b6ed05484a58bc159d749028310be5ca1a1771a9245ced6ddd51340be085cd	-78.24759999999999	STRICT_A
11		P1MCPUFP__CPUFP500K_0299__00780	8x6b	3047	SUCCESS	cluster_1_model_1.pdb.gz	/data/qlyu/projects/pvrig_top7500_dualpanel_screen_v1_20260724/run/common4_rerank_v2_20260725/final50_structure_bundle_v1_20260725/docking/representative_complexes/R11__P1MCPUFP__CPUFP500K_0299__00780__8x6b__s3047__cluster_1_model_1.pdb	049c158ff901e31cf3226fdde35ccf7727ed57ea5ae47867233a1455e12473f4	/data1/qlyu/projects/pvrig_c2_new4220_seed42_3047_docking_results_v1_20260723/c2_new4220_seed42_3047/compressed_queue/CANDIDATE_P1MCPUFP__CPUFP500K_0299__00780_8x6b_s3047_4a8aec2bc7f6.tar.gz	/data/qlyu/projects/pvrig_top7500_dualpanel_screen_v1_20260724/run/common4_rerank_v2_20260725/final50_structure_bundle_v1_20260725/docking/archives/CANDIDATE_P1MCPUFP__CPUFP500K_0299__00780_8x6b_s3047_4a8aec2bc7f6.tar.gz	71239d95003cfe7845bab98c71346cf8710d2c5ecfb79845a1e9f94ea911e071	-73.7474	STRICT_A
11		P1MCPUFP__CPUFP500K_0299__00780	9e6y	42	SUCCESS	cluster_1_model_1.pdb.gz	/data/qlyu/projects/pvrig_top7500_dualpanel_screen_v1_20260724/run/common4_rerank_v2_20260725/final50_structure_bundle_v1_20260725/docking/representative_complexes/R11__P1MCPUFP__CPUFP500K_0299__00780__9e6y__s42__cluster_1_model_1.pdb	b0750dadf5e7a33dffa550ad8d05f29685ad9b3b3705b2c03fae6f4b9f6b319a	/data1/qlyu/projects/pvrig_c2_new4220_seed42_3047_docking_results_v1_20260723/c2_new4220_seed42_3047/compressed_queue/CANDIDATE_P1MCPUFP__CPUFP500K_0299__00780_9e6y_s42_e6024d808fa6.tar.gz	/data/qlyu/projects/pvrig_top7500_dualpanel_screen_v1_20260724/run/common4_rerank_v2_20260725/final50_structure_bundle_v1_20260725/docking/archives/CANDIDATE_P1MCPUFP__CPUFP500K_0299__00780_9e6y_s42_e6024d808fa6.tar.gz	85741e521b28646580638cad89c5a35af94d89091a4e027941d11a265fe9921c	-68.59496	STRICT_A
11		P1MCPUFP__CPUFP500K_0299__00780	9e6y	917	SUCCESS	cluster_1_model_1.pdb.gz	/data/qlyu/projects/pvrig_top7500_dualpanel_screen_v1_20260724/run/common4_rerank_v2_20260725/final50_structure_bundle_v1_20260725/docking/representative_complexes/R11__P1MCPUFP__CPUFP500K_0299__00780__9e6y__s917__cluster_1_model_1.pdb	fe37fa247f58a006304e82e2704dcdfad27a5f63464a7362f9e1e69e29778010	/data1/qlyu/projects/pvrig_c2_new6220_dualreceptor_2seed_docking_results_v1_20260723/c2_new4220/compressed_queue/CANDIDATE_P1MCPUFP__CPUFP500K_0299__00780_9e6y_s917_3c1546e10f84.tar.gz	/data/qlyu/projects/pvrig_top7500_dualpanel_screen_v1_20260724/run/common4_rerank_v2_20260725/final50_structure_bundle_v1_20260725/docking/archives/CANDIDATE_P1MCPUFP__CPUFP500K_0299__00780_9e6y_s917_3c1546e10f84.tar.gz	8f338507cb2aff4e83c13d43dc32155776af892556f3f1aa87bda8a4cddf615d	-84.0875	STRICT_A
11		P1MCPUFP__CPUFP500K_0299__00780	9e6y	1931	SUCCESS	cluster_1_model_1.pdb.gz	/data/qlyu/projects/pvrig_top7500_dualpanel_screen_v1_20260724/run/common4_rerank_v2_20260725/final50_structure_bundle_v1_20260725/docking/representative_complexes/R11__P1MCPUFP__CPUFP500K_0299__00780__9e6y__s1931__cluster_1_model_1.pdb	2ac3aeeb7cfb953c79a80188fdde654290dea50a2dc007d2a56cf7af6249b68d	/data1/qlyu/projects/pvrig_c2_new6220_dualreceptor_2seed_docking_results_v1_20260723/c2_new4220/compressed_queue/CANDIDATE_P1MCPUFP__CPUFP500K_0299__00780_9e6y_s1931_fd65b6791731.tar.gz	/data/qlyu/projects/pvrig_top7500_dualpanel_screen_v1_20260724/run/common4_rerank_v2_20260725/final50_structure_bundle_v1_20260725/docking/archives/CANDIDATE_P1MCPUFP__CPUFP500K_0299__00780_9e6y_s1931_fd65b6791731.tar.gz	77c940722e3027f4a91a57313565dbe14471dc5de5f75a8115ecf655ca1f2399	-83.631	STRICT_A
11		P1MCPUFP__CPUFP500K_0299__00780	9e6y	3047	SUCCESS	cluster_1_model_1.pdb.gz	/data/qlyu/projects/pvrig_top7500_dualpanel_screen_v1_20260724/run/common4_rerank_v2_20260725/final50_structure_bundle_v1_20260725/docking/representative_complexes/R11__P1MCPUFP__CPUFP500K_0299__00780__9e6y__s3047__cluster_1_model_1.pdb	1d26ae79601783b073ddefad1ef04eaee641c0b9e86ac654f5c9ac1f41b0015a	/data1/qlyu/projects/pvrig_c2_new4220_seed42_3047_docking_results_v1_20260723/c2_new4220_seed42_3047/compressed_queue/CANDIDATE_P1MCPUFP__CPUFP500K_0299__00780_9e6y_s3047_1cf7a1d275b7.tar.gz	/data/qlyu/projects/pvrig_top7500_dualpanel_screen_v1_20260724/run/common4_rerank_v2_20260725/final50_structure_bundle_v1_20260725/docking/archives/CANDIDATE_P1MCPUFP__CPUFP500K_0299__00780_9e6y_s3047_1cf7a1d275b7.tar.gz	0a6970bf4cfc1e3f5469b0e9913b94d1cf543f914921fd8d5542da9ca7e9e075	-69.41129999999998	STRICT_A
12		P1MCPUFP__CPUFP500K_0189__00858	8x6b	42	SUCCESS	cluster_1_model_1.pdb.gz	/data/qlyu/projects/pvrig_top7500_dualpanel_screen_v1_20260724/run/common4_rerank_v2_20260725/final50_structure_bundle_v1_20260725/docking/representative_complexes/R12__P1MCPUFP__CPUFP500K_0189__00858__8x6b__s42__cluster_1_model_1.pdb	b69ab65eda71e06d717e026089a5e9226b89a2494a5389ef127baf7a8f5fb00f	/data1/qlyu/projects/pvrig_top200_common4_seed_completion106_docking_results_v1_20260725/top200_seed_completion/compressed_queue/CANDIDATE_P1MCPUFP__CPUFP500K_0189__00858_8x6b_s42_b66f93878be8.tar.gz	/data/qlyu/projects/pvrig_top7500_dualpanel_screen_v1_20260724/run/common4_rerank_v2_20260725/final50_structure_bundle_v1_20260725/docking/archives/CANDIDATE_P1MCPUFP__CPUFP500K_0189__00858_8x6b_s42_b66f93878be8.tar.gz	678171562cc2943961d86c186b703e8d4685239a74bb8949cef99117fbbfea9b	-92.15862	STRICT_A
12		P1MCPUFP__CPUFP500K_0189__00858	8x6b	917	SUCCESS	cluster_1_model_1.pdb.gz	/data/qlyu/projects/pvrig_top7500_dualpanel_screen_v1_20260724/run/common4_rerank_v2_20260725/final50_structure_bundle_v1_20260725/docking/representative_complexes/R12__P1MCPUFP__CPUFP500K_0189__00858__8x6b__s917__cluster_1_model_1.pdb	6da59a066897231371bb3cbf27ad1bb2aae833e519ec007c75cb1c70604a4e92	/data1/qlyu/projects/pvrig_priority_top7500_dualreceptor_multiseed_docking_results_v1_20260722/top7500_25k/compressed_queue/CANDIDATE_P1MCPUFP__CPUFP500K_0189__00858_8x6b_s917_d608414f057d.tar.gz	/data/qlyu/projects/pvrig_top7500_dualpanel_screen_v1_20260724/run/common4_rerank_v2_20260725/final50_structure_bundle_v1_20260725/docking/archives/CANDIDATE_P1MCPUFP__CPUFP500K_0189__00858_8x6b_s917_d608414f057d.tar.gz	9d7ea3258052548b6ad05238a39389882cb59d41d434e5d1578349338c0650af	-78.06127	STRICT_A
12		P1MCPUFP__CPUFP500K_0189__00858	8x6b	1931	SUCCESS	cluster_1_model_1.pdb.gz	/data/qlyu/projects/pvrig_top7500_dualpanel_screen_v1_20260724/run/common4_rerank_v2_20260725/final50_structure_bundle_v1_20260725/docking/representative_complexes/R12__P1MCPUFP__CPUFP500K_0189__00858__8x6b__s1931__cluster_1_model_1.pdb	5a3f5e13dcd5519b74319f5b5efea0fee6375900b8cb6d6f4cde9c010d6fb92f	/data1/qlyu/projects/pvrig_priority_top7500_dualreceptor_multiseed_docking_results_v1_20260722/top7500_25k/compressed_queue/CANDIDATE_P1MCPUFP__CPUFP500K_0189__00858_8x6b_s1931_190cd50b5134.tar.gz	/data/qlyu/projects/pvrig_top7500_dualpanel_screen_v1_20260724/run/common4_rerank_v2_20260725/final50_structure_bundle_v1_20260725/docking/archives/CANDIDATE_P1MCPUFP__CPUFP500K_0189__00858_8x6b_s1931_190cd50b5134.tar.gz	d6230e9a9f3ce6fff06371a17d4d2c8e37e925c87ee91deeca2fed0b1ed35757	-79.88103000000001	STRICT_A
12		P1MCPUFP__CPUFP500K_0189__00858	8x6b	3047	SUCCESS	cluster_1_model_1.pdb.gz	/data/qlyu/projects/pvrig_top7500_dualpanel_screen_v1_20260724/run/common4_rerank_v2_20260725/final50_structure_bundle_v1_20260725/docking/representative_complexes/R12__P1MCPUFP__CPUFP500K_0189__00858__8x6b__s3047__cluster_1_model_1.pdb	c829bad402c49615e317a8e5715a18fbf0fe9c5d53d8787a243b0fe2655d15b7	/data1/qlyu/projects/pvrig_top200_common4_seed_completion106_docking_results_v1_20260725/top200_seed_completion/compressed_queue/CANDIDATE_P1MCPUFP__CPUFP500K_0189__00858_8x6b_s3047_cc8c674bb23c.tar.gz	/data/qlyu/projects/pvrig_top7500_dualpanel_screen_v1_20260724/run/common4_rerank_v2_20260725/final50_structure_bundle_v1_20260725/docking/archives/CANDIDATE_P1MCPUFP__CPUFP500K_0189__00858_8x6b_s3047_cc8c674bb23c.tar.gz	424b91d34ad7a93b81b63ae6aca0769ee6b556148d102677e760dab70b2fe653	-74.36426	STRICT_A
12		P1MCPUFP__CPUFP500K_0189__00858	9e6y	42	SUCCESS	cluster_1_model_1.pdb.gz	/data/qlyu/projects/pvrig_top7500_dualpanel_screen_v1_20260724/run/common4_rerank_v2_20260725/final50_structure_bundle_v1_20260725/docking/representative_complexes/R12__P1MCPUFP__CPUFP500K_0189__00858__9e6y__s42__cluster_1_model_1.pdb	2abcdc3e943f8bc3eb15f1b28b9f2944026b073070cbab3b158f5265198f0c6d	/data1/qlyu/projects/pvrig_top200_common4_seed_completion106_docking_results_v1_20260725/top200_seed_completion/compressed_queue/CANDIDATE_P1MCPUFP__CPUFP500K_0189__00858_9e6y_s42_368562bfa145.tar.gz	/data/qlyu/projects/pvrig_top7500_dualpanel_screen_v1_20260724/run/common4_rerank_v2_20260725/final50_structure_bundle_v1_20260725/docking/archives/CANDIDATE_P1MCPUFP__CPUFP500K_0189__00858_9e6y_s42_368562bfa145.tar.gz	72b728ba88f1fb9d451eff2630c3421f1cd7851013754ab1263eef675790d628	-70.7614	STRICT_A
12		P1MCPUFP__CPUFP500K_0189__00858	9e6y	917	SUCCESS	cluster_1_model_1.pdb.gz	/data/qlyu/projects/pvrig_top7500_dualpanel_screen_v1_20260724/run/common4_rerank_v2_20260725/final50_structure_bundle_v1_20260725/docking/representative_complexes/R12__P1MCPUFP__CPUFP500K_0189__00858__9e6y__s917__cluster_1_model_1.pdb	c6a34b0505e6ec56b3492d5c903643b7a6ffd3f2c4c2df4c471cdc9f96e46b7a	/data1/qlyu/projects/pvrig_priority_top7500_dualreceptor_multiseed_docking_results_v1_20260722/top7500_25k/compressed_queue/CANDIDATE_P1MCPUFP__CPUFP500K_0189__00858_9e6y_s917_ba6b0be0634d.tar.gz	/data/qlyu/projects/pvrig_top7500_dualpanel_screen_v1_20260724/run/common4_rerank_v2_20260725/final50_structure_bundle_v1_20260725/docking/archives/CANDIDATE_P1MCPUFP__CPUFP500K_0189__00858_9e6y_s917_ba6b0be0634d.tar.gz	06c8d354d8de5fb01b9204a5d012f1c6bee6ca412a828069c6ac39549710132c	-92.73429999999999	STRICT_A
12		P1MCPUFP__CPUFP500K_0189__00858	9e6y	1931	SUCCESS	cluster_1_model_1.pdb.gz	/data/qlyu/projects/pvrig_top7500_dualpanel_screen_v1_20260724/run/common4_rerank_v2_20260725/final50_structure_bundle_v1_20260725/docking/representative_complexes/R12__P1MCPUFP__CPUFP500K_0189__00858__9e6y__s1931__cluster_1_model_1.pdb	c8d739661a741659d5f6e52feb64f63839ffc983c876625082718c5b1b30c1dc	/data1/qlyu/projects/pvrig_priority_top7500_dualreceptor_multiseed_docking_results_v1_20260722/top7500_25k/compressed_queue/CANDIDATE_P1MCPUFP__CPUFP500K_0189__00858_9e6y_s1931_50652fe4e4d4.tar.gz	/data/qlyu/projects/pvrig_top7500_dualpanel_screen_v1_20260724/run/common4_rerank_v2_20260725/final50_structure_bundle_v1_20260725/docking/archives/CANDIDATE_P1MCPUFP__CPUFP500K_0189__00858_9e6y_s1931_50652fe4e4d4.tar.gz	a653633a03f5b93be3f3ad5f327cf295f5987cca3e3dc451f4048e8083c52928	-71.22860000000001	STRICT_A
12		P1MCPUFP__CPUFP500K_0189__00858	9e6y	3047	SUCCESS	cluster_1_model_1.pdb.gz	/data/qlyu/projects/pvrig_top7500_dualpanel_screen_v1_20260724/run/common4_rerank_v2_20260725/final50_structure_bundle_v1_20260725/docking/representative_complexes/R12__P1MCPUFP__CPUFP500K_0189__00858__9e6y__s3047__cluster_1_model_1.pdb	43899e20fd382308f496e8b3712a093145bc05718977fffe3f25a2c5ab0bae6a	/data1/qlyu/projects/pvrig_top200_common4_seed_completion106_docking_results_v1_20260725/top200_seed_completion/compressed_queue/CANDIDATE_P1MCPUFP__CPUFP500K_0189__00858_9e6y_s3047_9600015a3628.tar.gz	/data/qlyu/projects/pvrig_top7500_dualpanel_screen_v1_20260724/run/common4_rerank_v2_20260725/final50_structure_bundle_v1_20260725/docking/archives/CANDIDATE_P1MCPUFP__CPUFP500K_0189__00858_9e6y_s3047_9600015a3628.tar.gz	d5847b44cef299244138a764db867c05e84229d020a7b60744b16c0becd8eaad	-76.9503	STRICT_A
13		P1MCPUFP__CPUFP500K_0380__00771	8x6b	42	SUCCESS	cluster_1_model_1.pdb.gz	/data/qlyu/projects/pvrig_top7500_dualpanel_screen_v1_20260724/run/common4_rerank_v2_20260725/final50_structure_bundle_v1_20260725/docking/representative_complexes/R13__P1MCPUFP__CPUFP500K_0380__00771__8x6b__s42__cluster_1_model_1.pdb	9e3f05244f003ec7d1c24df2b9de56d984f265af9552d08acf7b7737e1722d2b	/data1/qlyu/projects/pvrig_c2_new4220_seed42_3047_docking_results_v1_20260723/c2_new4220_seed42_3047/compressed_queue/CANDIDATE_P1MCPUFP__CPUFP500K_0380__00771_8x6b_s42_7376a272b089.tar.gz	/data/qlyu/projects/pvrig_top7500_dualpanel_screen_v1_20260724/run/common4_rerank_v2_20260725/final50_structure_bundle_v1_20260725/docking/archives/CANDIDATE_P1MCPUFP__CPUFP500K_0380__00771_8x6b_s42_7376a272b089.tar.gz	c453fa8f323b970001c29c2ad16881caca3d300b84fcb67efbd567b122127d63	-73.29937999999999	STRICT_A
13		P1MCPUFP__CPUFP500K_0380__00771	8x6b	917	SUCCESS	cluster_1_model_1.pdb.gz	/data/qlyu/projects/pvrig_top7500_dualpanel_screen_v1_20260724/run/common4_rerank_v2_20260725/final50_structure_bundle_v1_20260725/docking/representative_complexes/R13__P1MCPUFP__CPUFP500K_0380__00771__8x6b__s917__cluster_1_model_1.pdb	2e94209a290d9719c2785d400240c0296b1af78f40786f5610b11ce035d7d6c7	/data1/qlyu/projects/pvrig_c2_new6220_dualreceptor_2seed_docking_results_v1_20260723/c2_new4220/compressed_queue/CANDIDATE_P1MCPUFP__CPUFP500K_0380__00771_8x6b_s917_412661aa77d9.tar.gz	/data/qlyu/projects/pvrig_top7500_dualpanel_screen_v1_20260724/run/common4_rerank_v2_20260725/final50_structure_bundle_v1_20260725/docking/archives/CANDIDATE_P1MCPUFP__CPUFP500K_0380__00771_8x6b_s917_412661aa77d9.tar.gz	c39e1a57e9199ed2b5029f4195972706f8a3e56d8d51a8933d87fc41d01343e9	-69.13829999999999	STRICT_A
13		P1MCPUFP__CPUFP500K_0380__00771	8x6b	1931	SUCCESS	cluster_1_model_1.pdb.gz	/data/qlyu/projects/pvrig_top7500_dualpanel_screen_v1_20260724/run/common4_rerank_v2_20260725/final50_structure_bundle_v1_20260725/docking/representative_complexes/R13__P1MCPUFP__CPUFP500K_0380__00771__8x6b__s1931__cluster_1_model_1.pdb	91eaccdf0f3c7ca9bdf6cf42ead603855bfb5a8391e44a413d791302116d2201	/data1/qlyu/projects/pvrig_c2_new6220_dualreceptor_2seed_docking_results_v1_20260723/c2_new4220/compressed_queue/CANDIDATE_P1MCPUFP__CPUFP500K_0380__00771_8x6b_s1931_4e14039fe9ae.tar.gz	/data/qlyu/projects/pvrig_top7500_dualpanel_screen_v1_20260724/run/common4_rerank_v2_20260725/final50_structure_bundle_v1_20260725/docking/archives/CANDIDATE_P1MCPUFP__CPUFP500K_0380__00771_8x6b_s1931_4e14039fe9ae.tar.gz	a22831ad91d6635be0d0d46e44037cb7a46b76de95d4efcd621dcdc0604be929	-72.645	STRICT_A
13		P1MCPUFP__CPUFP500K_0380__00771	8x6b	3047	SUCCESS	cluster_1_model_1.pdb.gz	/data/qlyu/projects/pvrig_top7500_dualpanel_screen_v1_20260724/run/common4_rerank_v2_20260725/final50_structure_bundle_v1_20260725/docking/representative_complexes/R13__P1MCPUFP__CPUFP500K_0380__00771__8x6b__s3047__cluster_1_model_1.pdb	9aab415b3f611acf3933620f8939048070b2c43ef5b6a5cd16c7d32e3ea0e75f	/data1/qlyu/projects/pvrig_c2_new4220_seed42_3047_docking_results_v1_20260723/c2_new4220_seed42_3047/compressed_queue/CANDIDATE_P1MCPUFP__CPUFP500K_0380__00771_8x6b_s3047_7caa51129264.tar.gz	/data/qlyu/projects/pvrig_top7500_dualpanel_screen_v1_20260724/run/common4_rerank_v2_20260725/final50_structure_bundle_v1_20260725/docking/archives/CANDIDATE_P1MCPUFP__CPUFP500K_0380__00771_8x6b_s3047_7caa51129264.tar.gz	ba3d753d5dbea5563fe48ea1a787978181ea6251513db7253c0fd6d542fe218f	-69.10194	STRICT_A
13		P1MCPUFP__CPUFP500K_0380__00771	9e6y	42	SUCCESS	cluster_1_model_1.pdb.gz	/data/qlyu/projects/pvrig_top7500_dualpanel_screen_v1_20260724/run/common4_rerank_v2_20260725/final50_structure_bundle_v1_20260725/docking/representative_complexes/R13__P1MCPUFP__CPUFP500K_0380__00771__9e6y__s42__cluster_1_model_1.pdb	f32cb6f2056ae3d83e6eb07a4b45b1ae015dd74df7866250382d37f8e196472a	/data1/qlyu/projects/pvrig_c2_new4220_seed42_3047_docking_results_v1_20260723/c2_new4220_seed42_3047/compressed_queue/CANDIDATE_P1MCPUFP__CPUFP500K_0380__00771_9e6y_s42_1308c3ee4a42.tar.gz	/data/qlyu/projects/pvrig_top7500_dualpanel_screen_v1_20260724/run/common4_rerank_v2_20260725/final50_structure_bundle_v1_20260725/docking/archives/CANDIDATE_P1MCPUFP__CPUFP500K_0380__00771_9e6y_s42_1308c3ee4a42.tar.gz	f110e4c4cd5d8eb7f622aea4d7814c449be4aaa5daa55e370bc5def4462c95ca	-68.1763	STRICT_A
13		P1MCPUFP__CPUFP500K_0380__00771	9e6y	917	SUCCESS	cluster_1_model_1.pdb.gz	/data/qlyu/projects/pvrig_top7500_dualpanel_screen_v1_20260724/run/common4_rerank_v2_20260725/final50_structure_bundle_v1_20260725/docking/representative_complexes/R13__P1MCPUFP__CPUFP500K_0380__00771__9e6y__s917__cluster_1_model_1.pdb	b179cebc0274202a24e20ea18330cc30f1c059492194eb1a427c0dd8ffad331f	/data1/qlyu/projects/pvrig_c2_new6220_dualreceptor_2seed_docking_results_v1_20260723/c2_new4220/compressed_queue/CANDIDATE_P1MCPUFP__CPUFP500K_0380__00771_9e6y_s917_a7d3c8b45ed7.tar.gz	/data/qlyu/projects/pvrig_top7500_dualpanel_screen_v1_20260724/run/common4_rerank_v2_20260725/final50_structure_bundle_v1_20260725/docking/archives/CANDIDATE_P1MCPUFP__CPUFP500K_0380__00771_9e6y_s917_a7d3c8b45ed7.tar.gz	c8b916d0f75b22769e3f19355ed118c4379c8bfbaf5ddc3013edc6f5c4e53a19	-80.25059999999999	STRICT_A
13		P1MCPUFP__CPUFP500K_0380__00771	9e6y	1931	SUCCESS	cluster_1_model_1.pdb.gz	/data/qlyu/projects/pvrig_top7500_dualpanel_screen_v1_20260724/run/common4_rerank_v2_20260725/final50_structure_bundle_v1_20260725/docking/representative_complexes/R13__P1MCPUFP__CPUFP500K_0380__00771__9e6y__s1931__cluster_1_model_1.pdb	43b1931b8a0b8ddfdbe874e29aeda95ec3178c1c22e1c133356847ec08b03327	/data1/qlyu/projects/pvrig_c2_new6220_dualreceptor_2seed_docking_results_v1_20260723/c2_new4220/compressed_queue/CANDIDATE_P1MCPUFP__CPUFP500K_0380__00771_9e6y_s1931_3b1e0df7ed87.tar.gz	/data/qlyu/projects/pvrig_top7500_dualpanel_screen_v1_20260724/run/common4_rerank_v2_20260725/final50_structure_bundle_v1_20260725/docking/archives/CANDIDATE_P1MCPUFP__CPUFP500K_0380__00771_9e6y_s1931_3b1e0df7ed87.tar.gz	de6e93d635cb84b4a8180417f517d264b482e4718edeedf9894bc273bd722998	-96.09540000000001	STRICT_A
13		P1MCPUFP__CPUFP500K_0380__00771	9e6y	3047	SUCCESS	cluster_1_model_1.pdb.gz	/data/qlyu/projects/pvrig_top7500_dualpanel_screen_v1_20260724/run/common4_rerank_v2_20260725/final50_structure_bundle_v1_20260725/docking/representative_complexes/R13__P1MCPUFP__CPUFP500K_0380__00771__9e6y__s3047__cluster_1_model_1.pdb	07c59269c6c3249292c2160d60be5ab21377a455d6d70802f85a02781ec95f34	/data1/qlyu/projects/pvrig_c2_new4220_seed42_3047_docking_results_v1_20260723/c2_new4220_seed42_3047/compressed_queue/CANDIDATE_P1MCPUFP__CPUFP500K_0380__00771_9e6y_s3047_303524a6c349.tar.gz	/data/qlyu/projects/pvrig_top7500_dualpanel_screen_v1_20260724/run/common4_rerank_v2_20260725/final50_structure_bundle_v1_20260725/docking/archives/CANDIDATE_P1MCPUFP__CPUFP500K_0380__00771_9e6y_s3047_303524a6c349.tar.gz	b981f507edf4b8d71f9e78a43a45c882c36b786920f6e2e4c32b884a67dcccb7	-65.41140000000001	STRICT_A
14		P1MCPUFP__CPUFP500K_0404__00029	8x6b	42	SUCCESS	cluster_1_model_1.pdb.gz	/data/qlyu/projects/pvrig_top7500_dualpanel_screen_v1_20260724/run/common4_rerank_v2_20260725/final50_structure_bundle_v1_20260725/docking/representative_complexes/R14__P1MCPUFP__CPUFP500K_0404__00029__8x6b__s42__cluster_1_model_1.pdb	f16f7b8e63121984edddcdd2348b25efe7904677c49bbea2b83f409a9acda22c	/data1/qlyu/projects/pvrig_c2_new4220_seed42_3047_docking_results_v1_20260723/c2_new4220_seed42_3047/compressed_queue/CANDIDATE_P1MCPUFP__CPUFP500K_0404__00029_8x6b_s42_c3f60105f2ed.tar.gz	/data/qlyu/projects/pvrig_top7500_dualpanel_screen_v1_20260724/run/common4_rerank_v2_20260725/final50_structure_bundle_v1_20260725/docking/archives/CANDIDATE_P1MCPUFP__CPUFP500K_0404__00029_8x6b_s42_c3f60105f2ed.tar.gz	1fbb96490dca8e0b2d02fe4287aa6eaf8f6861bf502aac775183d7544827708c	-83.4477	STRICT_A
14		P1MCPUFP__CPUFP500K_0404__00029	8x6b	917	SUCCESS	cluster_1_model_1.pdb.gz	/data/qlyu/projects/pvrig_top7500_dualpanel_screen_v1_20260724/run/common4_rerank_v2_20260725/final50_structure_bundle_v1_20260725/docking/representative_complexes/R14__P1MCPUFP__CPUFP500K_0404__00029__8x6b__s917__cluster_1_model_1.pdb	56959d0174579438a647d973298ea622b72bbe80cea3b5a3b21590027f3a6359	/data1/qlyu/projects/pvrig_c2_new6220_dualreceptor_2seed_docking_results_v1_20260723/c2_new4220/compressed_queue/CANDIDATE_P1MCPUFP__CPUFP500K_0404__00029_8x6b_s917_544f4c3d4f0b.tar.gz	/data/qlyu/projects/pvrig_top7500_dualpanel_screen_v1_20260724/run/common4_rerank_v2_20260725/final50_structure_bundle_v1_20260725/docking/archives/CANDIDATE_P1MCPUFP__CPUFP500K_0404__00029_8x6b_s917_544f4c3d4f0b.tar.gz	21ed893a25e588c23eec716ba4cd3bef81db8349961bc6adc3750aacfe3a3b7f	-90.0101	STRICT_A
14		P1MCPUFP__CPUFP500K_0404__00029	8x6b	1931	SUCCESS	cluster_1_model_1.pdb.gz	/data/qlyu/projects/pvrig_top7500_dualpanel_screen_v1_20260724/run/common4_rerank_v2_20260725/final50_structure_bundle_v1_20260725/docking/representative_complexes/R14__P1MCPUFP__CPUFP500K_0404__00029__8x6b__s1931__cluster_1_model_1.pdb	64ef1fd2c1fe43b7140de03a695548390124d463c8870693a93b7eff55110c6e	/data1/qlyu/projects/pvrig_c2_new6220_dualreceptor_2seed_docking_results_v1_20260723/c2_new4220/compressed_queue/CANDIDATE_P1MCPUFP__CPUFP500K_0404__00029_8x6b_s1931_162787bb168d.tar.gz	/data/qlyu/projects/pvrig_top7500_dualpanel_screen_v1_20260724/run/common4_rerank_v2_20260725/final50_structure_bundle_v1_20260725/docking/archives/CANDIDATE_P1MCPUFP__CPUFP500K_0404__00029_8x6b_s1931_162787bb168d.tar.gz	aad985e163080a2f905cc41de446e9ac4425f2219e86b314bf18dbfd3314bf98	-78.19420000000002	STRICT_A
14		P1MCPUFP__CPUFP500K_0404__00029	8x6b	3047	SUCCESS	cluster_1_model_1.pdb.gz	/data/qlyu/projects/pvrig_top7500_dualpanel_screen_v1_20260724/run/common4_rerank_v2_20260725/final50_structure_bundle_v1_20260725/docking/representative_complexes/R14__P1MCPUFP__CPUFP500K_0404__00029__8x6b__s3047__cluster_1_model_1.pdb	52804a6286dff66abc117f2d4d12aedc2a926873b73c053e235863d4868ae6e1	/data1/qlyu/projects/pvrig_c2_new4220_seed42_3047_docking_results_v1_20260723/c2_new4220_seed42_3047/compressed_queue/CANDIDATE_P1MCPUFP__CPUFP500K_0404__00029_8x6b_s3047_162b400ff92e.tar.gz	/data/qlyu/projects/pvrig_top7500_dualpanel_screen_v1_20260724/run/common4_rerank_v2_20260725/final50_structure_bundle_v1_20260725/docking/archives/CANDIDATE_P1MCPUFP__CPUFP500K_0404__00029_8x6b_s3047_162b400ff92e.tar.gz	6299892b467aed7ea0ed78139c9da8ce083f4466b81aa2b87875c477ddb86384	-65.2219	STRICT_A
14		P1MCPUFP__CPUFP500K_0404__00029	9e6y	42	SUCCESS	cluster_1_model_1.pdb.gz	/data/qlyu/projects/pvrig_top7500_dualpanel_screen_v1_20260724/run/common4_rerank_v2_20260725/final50_structure_bundle_v1_20260725/docking/representative_complexes/R14__P1MCPUFP__CPUFP500K_0404__00029__9e6y__s42__cluster_1_model_1.pdb	07a93c24572fabf9842c2e77a452438d166a60d3528291c015b9af6689b0b2bb	/data1/qlyu/projects/pvrig_c2_new4220_seed42_3047_docking_results_v1_20260723/c2_new4220_seed42_3047/compressed_queue/CANDIDATE_P1MCPUFP__CPUFP500K_0404__00029_9e6y_s42_28043d27ca14.tar.gz	/data/qlyu/projects/pvrig_top7500_dualpanel_screen_v1_20260724/run/common4_rerank_v2_20260725/final50_structure_bundle_v1_20260725/docking/archives/CANDIDATE_P1MCPUFP__CPUFP500K_0404__00029_9e6y_s42_28043d27ca14.tar.gz	e416986c3a17766f4a941fdaf1d6c46e16916fe9712285691a8d755b229fad8a	-73.7602	STRICT_A
14		P1MCPUFP__CPUFP500K_0404__00029	9e6y	917	SUCCESS	cluster_1_model_1.pdb.gz	/data/qlyu/projects/pvrig_top7500_dualpanel_screen_v1_20260724/run/common4_rerank_v2_20260725/final50_structure_bundle_v1_20260725/docking/representative_complexes/R14__P1MCPUFP__CPUFP500K_0404__00029__9e6y__s917__cluster_1_model_1.pdb	87750f81603eca35a294bcfe6d2ab720583bc9baeaa6c95f4aebd203b0a592ea	/data1/qlyu/projects/pvrig_c2_new6220_dualreceptor_2seed_docking_results_v1_20260723/c2_new4220/compressed_queue/CANDIDATE_P1MCPUFP__CPUFP500K_0404__00029_9e6y_s917_428d475a7ad5.tar.gz	/data/qlyu/projects/pvrig_top7500_dualpanel_screen_v1_20260724/run/common4_rerank_v2_20260725/final50_structure_bundle_v1_20260725/docking/archives/CANDIDATE_P1MCPUFP__CPUFP500K_0404__00029_9e6y_s917_428d475a7ad5.tar.gz	d1875b73927adc6fda4591ff1adfb77ada0d339b46a80a7ce02e905e066fa2fe	-59.122800000000005	STRICT_A
14		P1MCPUFP__CPUFP500K_0404__00029	9e6y	1931	SUCCESS	cluster_1_model_1.pdb.gz	/data/qlyu/projects/pvrig_top7500_dualpanel_screen_v1_20260724/run/common4_rerank_v2_20260725/final50_structure_bundle_v1_20260725/docking/representative_complexes/R14__P1MCPUFP__CPUFP500K_0404__00029__9e6y__s1931__cluster_1_model_1.pdb	5e147c5ed0eb9df8c27a30e2e4f1e268956e6d073af563bdecd9eb37a1db638f	/data1/qlyu/projects/pvrig_c2_new6220_dualreceptor_2seed_docking_results_v1_20260723/c2_new4220/compressed_queue/CANDIDATE_P1MCPUFP__CPUFP500K_0404__00029_9e6y_s1931_08cdeabd4b81.tar.gz	/data/qlyu/projects/pvrig_top7500_dualpanel_screen_v1_20260724/run/common4_rerank_v2_20260725/final50_structure_bundle_v1_20260725/docking/archives/CANDIDATE_P1MCPUFP__CPUFP500K_0404__00029_9e6y_s1931_08cdeabd4b81.tar.gz	04925919297471be0a17030a484444d38b7cbe7cc3880e2c6d52edabb8d8a108	-59.74989	STRICT_A
14		P1MCPUFP__CPUFP500K_0404__00029	9e6y	3047	SUCCESS	cluster_1_model_1.pdb.gz	/data/qlyu/projects/pvrig_top7500_dualpanel_screen_v1_20260724/run/common4_rerank_v2_20260725/final50_structure_bundle_v1_20260725/docking/representative_complexes/R14__P1MCPUFP__CPUFP500K_0404__00029__9e6y__s3047__cluster_1_model_1.pdb	3e740f09d8aad3fb2453b8dde36c70ba344725ec6972fdc4d2f339b02b2ece79	/data1/qlyu/projects/pvrig_c2_new4220_seed42_3047_docking_results_v1_20260723/c2_new4220_seed42_3047/compressed_queue/CANDIDATE_P1MCPUFP__CPUFP500K_0404__00029_9e6y_s3047_4f0b0c0e02aa.tar.gz	/data/qlyu/projects/pvrig_top7500_dualpanel_screen_v1_20260724/run/common4_rerank_v2_20260725/final50_structure_bundle_v1_20260725/docking/archives/CANDIDATE_P1MCPUFP__CPUFP500K_0404__00029_9e6y_s3047_4f0b0c0e02aa.tar.gz	6d0ebfeff7a960b1096e8cef8bf51a471f773c9bbf2ad90831791e8c496d7862	-71.56943000000001	STRICT_A
15		P1MCPUFP__CPUFP500K_0188__00549	8x6b	42	SUCCESS	cluster_1_model_1.pdb.gz	/data/qlyu/projects/pvrig_top7500_dualpanel_screen_v1_20260724/run/common4_rerank_v2_20260725/final50_structure_bundle_v1_20260725/docking/representative_complexes/R15__P1MCPUFP__CPUFP500K_0188__00549__8x6b__s42__cluster_1_model_1.pdb	87cf97aba067a5ca45c6f784807a982161165578f263105e5ce10709295f838d	/data1/qlyu/projects/pvrig_c2_new4220_seed42_3047_docking_results_v1_20260723/c2_new4220_seed42_3047/compressed_queue/CANDIDATE_P1MCPUFP__CPUFP500K_0188__00549_8x6b_s42_34b244170d60.tar.gz	/data/qlyu/projects/pvrig_top7500_dualpanel_screen_v1_20260724/run/common4_rerank_v2_20260725/final50_structure_bundle_v1_20260725/docking/archives/CANDIDATE_P1MCPUFP__CPUFP500K_0188__00549_8x6b_s42_34b244170d60.tar.gz	35ae253aa80ccd60a568305f0ce6a0c371df30e6dc64fdc68dcb0841cb05f3a2	-110.59700000000001	STRICT_A
15		P1MCPUFP__CPUFP500K_0188__00549	8x6b	917	SUCCESS	cluster_1_model_1.pdb.gz	/data/qlyu/projects/pvrig_top7500_dualpanel_screen_v1_20260724/run/common4_rerank_v2_20260725/final50_structure_bundle_v1_20260725/docking/representative_complexes/R15__P1MCPUFP__CPUFP500K_0188__00549__8x6b__s917__cluster_1_model_1.pdb	d19580c2d5bde9e95ce2e602e1c24862592509b48bfb8694e6ea19435883f996	/data1/qlyu/projects/pvrig_c2_new6220_dualreceptor_2seed_docking_results_v1_20260723/c2_new4220/compressed_queue/CANDIDATE_P1MCPUFP__CPUFP500K_0188__00549_8x6b_s917_2881411fb4f4.tar.gz	/data/qlyu/projects/pvrig_top7500_dualpanel_screen_v1_20260724/run/common4_rerank_v2_20260725/final50_structure_bundle_v1_20260725/docking/archives/CANDIDATE_P1MCPUFP__CPUFP500K_0188__00549_8x6b_s917_2881411fb4f4.tar.gz	9f0726a89c66e58def12b56c65f638c5464529b1be7847156d25404daebbaaaa	-95.21249999999999	STRICT_A
15		P1MCPUFP__CPUFP500K_0188__00549	8x6b	1931	SUCCESS	cluster_1_model_1.pdb.gz	/data/qlyu/projects/pvrig_top7500_dualpanel_screen_v1_20260724/run/common4_rerank_v2_20260725/final50_structure_bundle_v1_20260725/docking/representative_complexes/R15__P1MCPUFP__CPUFP500K_0188__00549__8x6b__s1931__cluster_1_model_1.pdb	5771a4aafa31742fff2a4ce403bbc924b342b3d92ff785f36fd1cccf0edcbd21	/data1/qlyu/projects/pvrig_c2_new6220_dualreceptor_2seed_docking_results_v1_20260723/c2_new4220/compressed_queue/CANDIDATE_P1MCPUFP__CPUFP500K_0188__00549_8x6b_s1931_de830fe00bbf.tar.gz	/data/qlyu/projects/pvrig_top7500_dualpanel_screen_v1_20260724/run/common4_rerank_v2_20260725/final50_structure_bundle_v1_20260725/docking/archives/CANDIDATE_P1MCPUFP__CPUFP500K_0188__00549_8x6b_s1931_de830fe00bbf.tar.gz	d86229400ecfd8bcc8f11916e39979678bb0be012434b3fb221fc3395e65aabd	-104.9177	STRICT_A
15		P1MCPUFP__CPUFP500K_0188__00549	8x6b	3047	SUCCESS	cluster_1_model_1.pdb.gz	/data/qlyu/projects/pvrig_top7500_dualpanel_screen_v1_20260724/run/common4_rerank_v2_20260725/final50_structure_bundle_v1_20260725/docking/representative_complexes/R15__P1MCPUFP__CPUFP500K_0188__00549__8x6b__s3047__cluster_1_model_1.pdb	80637ab905360e6f0bc318a9a0a4834e31fc13c8e5f670f5d9044c8d25dab57f	/data1/qlyu/projects/pvrig_c2_new4220_seed42_3047_docking_results_v1_20260723/c2_new4220_seed42_3047/compressed_queue/CANDIDATE_P1MCPUFP__CPUFP500K_0188__00549_8x6b_s3047_531f98faac2e.tar.gz	/data/qlyu/projects/pvrig_top7500_dualpanel_screen_v1_20260724/run/common4_rerank_v2_20260725/final50_structure_bundle_v1_20260725/docking/archives/CANDIDATE_P1MCPUFP__CPUFP500K_0188__00549_8x6b_s3047_531f98faac2e.tar.gz	035a8f06fbc431ab08a41fc28b630c951f857e6545db6c8680dfa792c2c2ef43	-94.9428	STRICT_A
15		P1MCPUFP__CPUFP500K_0188__00549	9e6y	42	SUCCESS	cluster_1_model_1.pdb.gz	/data/qlyu/projects/pvrig_top7500_dualpanel_screen_v1_20260724/run/common4_rerank_v2_20260725/final50_structure_bundle_v1_20260725/docking/representative_complexes/R15__P1MCPUFP__CPUFP500K_0188__00549__9e6y__s42__cluster_1_model_1.pdb	f01dfb659ce0896b41a588d6161a10b92502f9777a248f6968c8e096953c8114	/data1/qlyu/projects/pvrig_c2_new4220_seed42_3047_docking_results_v1_20260723/c2_new4220_seed42_3047/compressed_queue/CANDIDATE_P1MCPUFP__CPUFP500K_0188__00549_9e6y_s42_1bd605a088bc.tar.gz	/data/qlyu/projects/pvrig_top7500_dualpanel_screen_v1_20260724/run/common4_rerank_v2_20260725/final50_structure_bundle_v1_20260725/docking/archives/CANDIDATE_P1MCPUFP__CPUFP500K_0188__00549_9e6y_s42_1bd605a088bc.tar.gz	ced63ce019fec4c94ec016eae6c8b7cd7f95211be7f61e2cf1579f01d4e26bf4	-105.26950000000001	STRICT_A
15		P1MCPUFP__CPUFP500K_0188__00549	9e6y	917	SUCCESS	cluster_1_model_1.pdb.gz	/data/qlyu/projects/pvrig_top7500_dualpanel_screen_v1_20260724/run/common4_rerank_v2_20260725/final50_structure_bundle_v1_20260725/docking/representative_complexes/R15__P1MCPUFP__CPUFP500K_0188__00549__9e6y__s917__cluster_1_model_1.pdb	3afb380012addae5df07fd9071f344cb6514ee6a37e2e8ea486f96521700b656	/data1/qlyu/projects/pvrig_c2_new6220_dualreceptor_2seed_docking_results_v1_20260723/c2_new4220/compressed_queue/CANDIDATE_P1MCPUFP__CPUFP500K_0188__00549_9e6y_s917_f6634c199d4f.tar.gz	/data/qlyu/projects/pvrig_top7500_dualpanel_screen_v1_20260724/run/common4_rerank_v2_20260725/final50_structure_bundle_v1_20260725/docking/archives/CANDIDATE_P1MCPUFP__CPUFP500K_0188__00549_9e6y_s917_f6634c199d4f.tar.gz	82b287e8e1247b0109eec2dddd31dd3c88a677544064bf8ac05324b377ed9dac	-86.89020000000002	STRICT_A
15		P1MCPUFP__CPUFP500K_0188__00549	9e6y	1931	SUCCESS	cluster_1_model_1.pdb.gz	/data/qlyu/projects/pvrig_top7500_dualpanel_screen_v1_20260724/run/common4_rerank_v2_20260725/final50_structure_bundle_v1_20260725/docking/representative_complexes/R15__P1MCPUFP__CPUFP500K_0188__00549__9e6y__s1931__cluster_1_model_1.pdb	fa4b74b4599cc6f004f0f0efc3f2e9db46e51ce2ae739243c1a8d6720df1002b	/data1/qlyu/projects/pvrig_c2_new6220_dualreceptor_2seed_docking_results_v1_20260723/c2_new4220/compressed_queue/CANDIDATE_P1MCPUFP__CPUFP500K_0188__00549_9e6y_s1931_a24379431c99.tar.gz	/data/qlyu/projects/pvrig_top7500_dualpanel_screen_v1_20260724/run/common4_rerank_v2_20260725/final50_structure_bundle_v1_20260725/docking/archives/CANDIDATE_P1MCPUFP__CPUFP500K_0188__00549_9e6y_s1931_a24379431c99.tar.gz	0a351696e9342cd0669954308044d58adba4f5294b199436fe731bb92129bfaf	-88.82190000000001	STRICT_A
15		P1MCPUFP__CPUFP500K_0188__00549	9e6y	3047	SUCCESS	cluster_1_model_1.pdb.gz	/data/qlyu/projects/pvrig_top7500_dualpanel_screen_v1_20260724/run/common4_rerank_v2_20260725/final50_structure_bundle_v1_20260725/docking/representative_complexes/R15__P1MCPUFP__CPUFP500K_0188__00549__9e6y__s3047__cluster_1_model_1.pdb	e2551bca299d0085a1954641eac78f059ae905ebd242d996434c65be3afe738c	/data1/qlyu/projects/pvrig_c2_new4220_seed42_3047_docking_results_v1_20260723/c2_new4220_seed42_3047/compressed_queue/CANDIDATE_P1MCPUFP__CPUFP500K_0188__00549_9e6y_s3047_ee614e9d888f.tar.gz	/data/qlyu/projects/pvrig_top7500_dualpanel_screen_v1_20260724/run/common4_rerank_v2_20260725/final50_structure_bundle_v1_20260725/docking/archives/CANDIDATE_P1MCPUFP__CPUFP500K_0188__00549_9e6y_s3047_ee614e9d888f.tar.gz	935ee3ff5f2b1f7cb2c233ccfd2398fe291d82521b5d6570078fe53b2572738f	-95.202	STRICT_A
16		P1MCPUFP__CPUFP500K_0100__00383	8x6b	42	SUCCESS	cluster_1_model_1.pdb.gz	/data/qlyu/projects/pvrig_top7500_dualpanel_screen_v1_20260724/run/common4_rerank_v2_20260725/final50_structure_bundle_v1_20260725/docking/representative_complexes/R16__P1MCPUFP__CPUFP500K_0100__00383__8x6b__s42__cluster_1_model_1.pdb	fac0c0b1915380d482c8d9890e95b476bb0d657972f88140dc3ae1f0f7aea2f4	/data1/qlyu/projects/pvrig_top200_common4_seed_completion106_docking_results_v1_20260725/top200_seed_completion/compressed_queue/CANDIDATE_P1MCPUFP__CPUFP500K_0100__00383_8x6b_s42_bad4de10e471.tar.gz	/data/qlyu/projects/pvrig_top7500_dualpanel_screen_v1_20260724/run/common4_rerank_v2_20260725/final50_structure_bundle_v1_20260725/docking/archives/CANDIDATE_P1MCPUFP__CPUFP500K_0100__00383_8x6b_s42_bad4de10e471.tar.gz	f1d642d5d807c7b07be7c5bfe61f3bc14ac11454692fe1f4fd5fb85b21705390	-65.52449999999999	STRICT_A
16		P1MCPUFP__CPUFP500K_0100__00383	8x6b	917	SUCCESS	cluster_1_model_1.pdb.gz	/data/qlyu/projects/pvrig_top7500_dualpanel_screen_v1_20260724/run/common4_rerank_v2_20260725/final50_structure_bundle_v1_20260725/docking/representative_complexes/R16__P1MCPUFP__CPUFP500K_0100__00383__8x6b__s917__cluster_1_model_1.pdb	fed3cdfc897b2d3db96efb9fccf5d81274c731dea5d1194a8882d2895d8a4e47	/data1/qlyu/projects/pvrig_priority_top7500_dualreceptor_multiseed_docking_results_v1_20260722/top7500_25k/compressed_queue/CANDIDATE_P1MCPUFP__CPUFP500K_0100__00383_8x6b_s917_29c9e267245d.tar.gz	/data/qlyu/projects/pvrig_top7500_dualpanel_screen_v1_20260724/run/common4_rerank_v2_20260725/final50_structure_bundle_v1_20260725/docking/archives/CANDIDATE_P1MCPUFP__CPUFP500K_0100__00383_8x6b_s917_29c9e267245d.tar.gz	10da9353c42ddde7bcc94e07c62bbb306bf19098b234a10d15660b03205d4d8c	-62.459559999999996	STRICT_A
16		P1MCPUFP__CPUFP500K_0100__00383	8x6b	1931	SUCCESS	cluster_1_model_1.pdb.gz	/data/qlyu/projects/pvrig_top7500_dualpanel_screen_v1_20260724/run/common4_rerank_v2_20260725/final50_structure_bundle_v1_20260725/docking/representative_complexes/R16__P1MCPUFP__CPUFP500K_0100__00383__8x6b__s1931__cluster_1_model_1.pdb	5059211a2f6526f0852781bddb9f3cd6b8f25dd4cbce7a19a9ba2f84d1731f5a	/data1/qlyu/projects/pvrig_priority_top7500_dualreceptor_multiseed_docking_results_v1_20260722/top7500_25k/compressed_queue/CANDIDATE_P1MCPUFP__CPUFP500K_0100__00383_8x6b_s1931_53562365f0ab.tar.gz	/data/qlyu/projects/pvrig_top7500_dualpanel_screen_v1_20260724/run/common4_rerank_v2_20260725/final50_structure_bundle_v1_20260725/docking/archives/CANDIDATE_P1MCPUFP__CPUFP500K_0100__00383_8x6b_s1931_53562365f0ab.tar.gz	721901dc41722ed2b91058baf714fa4ad59ec5a47529c6582df3a4e5f0dfa34a	-68.9424	STRICT_A
16		P1MCPUFP__CPUFP500K_0100__00383	8x6b	3047	SUCCESS	cluster_1_model_1.pdb.gz	/data/qlyu/projects/pvrig_top7500_dualpanel_screen_v1_20260724/run/common4_rerank_v2_20260725/final50_structure_bundle_v1_20260725/docking/representative_complexes/R16__P1MCPUFP__CPUFP500K_0100__00383__8x6b__s3047__cluster_1_model_1.pdb	bd4bc138b6fa084c3d15d8c2011131d74f7aed992b8f420c0e720fc2aad074a7	/data1/qlyu/projects/pvrig_top200_common4_seed_completion106_docking_results_v1_20260725/top200_seed_completion/compressed_queue/CANDIDATE_P1MCPUFP__CPUFP500K_0100__00383_8x6b_s3047_0a9cfbc45606.tar.gz	/data/qlyu/projects/pvrig_top7500_dualpanel_screen_v1_20260724/run/common4_rerank_v2_20260725/final50_structure_bundle_v1_20260725/docking/archives/CANDIDATE_P1MCPUFP__CPUFP500K_0100__00383_8x6b_s3047_0a9cfbc45606.tar.gz	701ce1e9b26067f8d0030ed992161aaffdc6bf54906562ae2831c78ea454ce0d	-69.95933000000001	STRICT_A
16		P1MCPUFP__CPUFP500K_0100__00383	9e6y	42	SUCCESS	cluster_1_model_1.pdb.gz	/data/qlyu/projects/pvrig_top7500_dualpanel_screen_v1_20260724/run/common4_rerank_v2_20260725/final50_structure_bundle_v1_20260725/docking/representative_complexes/R16__P1MCPUFP__CPUFP500K_0100__00383__9e6y__s42__cluster_1_model_1.pdb	f6fd865782d6cafcfdca006147e6570840a0648cc6ec0e8a37fe5caaf00ccdfe	/data1/qlyu/projects/pvrig_top200_common4_seed_completion106_docking_results_v1_20260725/top200_seed_completion/compressed_queue/CANDIDATE_P1MCPUFP__CPUFP500K_0100__00383_9e6y_s42_e1919319e353.tar.gz	/data/qlyu/projects/pvrig_top7500_dualpanel_screen_v1_20260724/run/common4_rerank_v2_20260725/final50_structure_bundle_v1_20260725/docking/archives/CANDIDATE_P1MCPUFP__CPUFP500K_0100__00383_9e6y_s42_e1919319e353.tar.gz	3f32ce8255abb1b9b95194f81ac6357487bc6f5f1139e77eb3f1a122e83c0660	-76.0746	STRICT_A
16		P1MCPUFP__CPUFP500K_0100__00383	9e6y	917	SUCCESS	cluster_1_model_1.pdb.gz	/data/qlyu/projects/pvrig_top7500_dualpanel_screen_v1_20260724/run/common4_rerank_v2_20260725/final50_structure_bundle_v1_20260725/docking/representative_complexes/R16__P1MCPUFP__CPUFP500K_0100__00383__9e6y__s917__cluster_1_model_1.pdb	aa68a54cf2345a6908853df4bc3b5e8ceda3b5f23de0604d46f0497b0b0e155f	/data1/qlyu/projects/pvrig_priority_top7500_dualreceptor_multiseed_docking_results_v1_20260722/top7500_25k/compressed_queue/CANDIDATE_P1MCPUFP__CPUFP500K_0100__00383_9e6y_s917_40975d299a8d.tar.gz	/data/qlyu/projects/pvrig_top7500_dualpanel_screen_v1_20260724/run/common4_rerank_v2_20260725/final50_structure_bundle_v1_20260725/docking/archives/CANDIDATE_P1MCPUFP__CPUFP500K_0100__00383_9e6y_s917_40975d299a8d.tar.gz	8522ca88e45c84f9abddd892bdf05b9aac4401fca4d221c92f18384ce6b2d31d	-78.44786	STRICT_A
16		P1MCPUFP__CPUFP500K_0100__00383	9e6y	1931	SUCCESS	cluster_1_model_1.pdb.gz	/data/qlyu/projects/pvrig_top7500_dualpanel_screen_v1_20260724/run/common4_rerank_v2_20260725/final50_structure_bundle_v1_20260725/docking/representative_complexes/R16__P1MCPUFP__CPUFP500K_0100__00383__9e6y__s1931__cluster_1_model_1.pdb	0620d7a632cef90bdacd7fb5e8100b43e87f7f92b2225a8ec825bcfde4f0ca47	/data1/qlyu/projects/pvrig_priority_top7500_dualreceptor_multiseed_docking_results_v1_20260722/top7500_25k/compressed_queue/CANDIDATE_P1MCPUFP__CPUFP500K_0100__00383_9e6y_s1931_001c3d23ed58.tar.gz	/data/qlyu/projects/pvrig_top7500_dualpanel_screen_v1_20260724/run/common4_rerank_v2_20260725/final50_structure_bundle_v1_20260725/docking/archives/CANDIDATE_P1MCPUFP__CPUFP500K_0100__00383_9e6y_s1931_001c3d23ed58.tar.gz	7fa741bb59bae1d594466e0b71bb916cdb45800e3cf6b67a3bee1c2ef765962b	-76.8841	STRICT_A
16		P1MCPUFP__CPUFP500K_0100__00383	9e6y	3047	SUCCESS	cluster_1_model_1.pdb.gz	/data/qlyu/projects/pvrig_top7500_dualpanel_screen_v1_20260724/run/common4_rerank_v2_20260725/final50_structure_bundle_v1_20260725/docking/representative_complexes/R16__P1MCPUFP__CPUFP500K_0100__00383__9e6y__s3047__cluster_1_model_1.pdb	aa844feeebf65e215f550cd8a91adf0fa98253b0075ae51f5c1d97a06aa208b3	/data1/qlyu/projects/pvrig_top200_common4_seed_completion106_docking_results_v1_20260725/top200_seed_completion/compressed_queue/CANDIDATE_P1MCPUFP__CPUFP500K_0100__00383_9e6y_s3047_434f29c7683e.tar.gz	/data/qlyu/projects/pvrig_top7500_dualpanel_screen_v1_20260724/run/common4_rerank_v2_20260725/final50_structure_bundle_v1_20260725/docking/archives/CANDIDATE_P1MCPUFP__CPUFP500K_0100__00383_9e6y_s3047_434f29c7683e.tar.gz	3a7c056765b66ec6fa2d34a1b2cd9ec0ad21f9f122308142ec01db9756fe426c	-86.06980000000001	STRICT_A
17		P1MCPUFP__CPUFP500K_0399__00131	8x6b	42	SUCCESS	cluster_1_model_1.pdb.gz	/data/qlyu/projects/pvrig_top7500_dualpanel_screen_v1_20260724/run/common4_rerank_v2_20260725/final50_structure_bundle_v1_20260725/docking/representative_complexes/R17__P1MCPUFP__CPUFP500K_0399__00131__8x6b__s42__cluster_1_model_1.pdb	97788ea99e8b9df4d6b476fa3a9dd64aa23b8d932901fc88b1dd5951b4b15849	/data1/qlyu/projects/pvrig_c2_new4220_seed42_3047_docking_results_v1_20260723/c2_new4220_seed42_3047/compressed_queue/CANDIDATE_P1MCPUFP__CPUFP500K_0399__00131_8x6b_s42_640a603e1c21.tar.gz	/data/qlyu/projects/pvrig_top7500_dualpanel_screen_v1_20260724/run/common4_rerank_v2_20260725/final50_structure_bundle_v1_20260725/docking/archives/CANDIDATE_P1MCPUFP__CPUFP500K_0399__00131_8x6b_s42_640a603e1c21.tar.gz	41f9731cc323504a5aec28586769f8a49eb6fd085d33bd60f9dede099cfe7aa3	-84.51581999999999	STRICT_A
17		P1MCPUFP__CPUFP500K_0399__00131	8x6b	917	SUCCESS	cluster_1_model_1.pdb.gz	/data/qlyu/projects/pvrig_top7500_dualpanel_screen_v1_20260724/run/common4_rerank_v2_20260725/final50_structure_bundle_v1_20260725/docking/representative_complexes/R17__P1MCPUFP__CPUFP500K_0399__00131__8x6b__s917__cluster_1_model_1.pdb	702454c77ee1232298d9db89dc0f5824028658ece9ed1b32a5477f89c421f4f0	/data1/qlyu/projects/pvrig_c2_new6220_dualreceptor_2seed_docking_results_v1_20260723/c2_new4220/compressed_queue/CANDIDATE_P1MCPUFP__CPUFP500K_0399__00131_8x6b_s917_6e7df40d1f61.tar.gz	/data/qlyu/projects/pvrig_top7500_dualpanel_screen_v1_20260724/run/common4_rerank_v2_20260725/final50_structure_bundle_v1_20260725/docking/archives/CANDIDATE_P1MCPUFP__CPUFP500K_0399__00131_8x6b_s917_6e7df40d1f61.tar.gz	775f8001e6fc29e1f38b4aa8ee72fe4d4966c29268741e1d7376887f63f047a2	-84.78454000000002	STRICT_A
17		P1MCPUFP__CPUFP500K_0399__00131	8x6b	1931	SUCCESS	cluster_1_model_1.pdb.gz	/data/qlyu/projects/pvrig_top7500_dualpanel_screen_v1_20260724/run/common4_rerank_v2_20260725/final50_structure_bundle_v1_20260725/docking/representative_complexes/R17__P1MCPUFP__CPUFP500K_0399__00131__8x6b__s1931__cluster_1_model_1.pdb	5bfa544cda710f6bc526cadda3f7addcbf8589036a3eedd195710f11f3c40e94	/data1/qlyu/projects/pvrig_c2_new6220_dualreceptor_2seed_docking_results_v1_20260723/c2_new4220/compressed_queue/CANDIDATE_P1MCPUFP__CPUFP500K_0399__00131_8x6b_s1931_6650d74422eb.tar.gz	/data/qlyu/projects/pvrig_top7500_dualpanel_screen_v1_20260724/run/common4_rerank_v2_20260725/final50_structure_bundle_v1_20260725/docking/archives/CANDIDATE_P1MCPUFP__CPUFP500K_0399__00131_8x6b_s1931_6650d74422eb.tar.gz	c78ee093a62d443ac01601c9963c75cd479ff50585d98078274769aa10cf7e44	-70.3647	STRICT_A
17		P1MCPUFP__CPUFP500K_0399__00131	8x6b	3047	SUCCESS	cluster_1_model_1.pdb.gz	/data/qlyu/projects/pvrig_top7500_dualpanel_screen_v1_20260724/run/common4_rerank_v2_20260725/final50_structure_bundle_v1_20260725/docking/representative_complexes/R17__P1MCPUFP__CPUFP500K_0399__00131__8x6b__s3047__cluster_1_model_1.pdb	4b26ed23eff164888cae3e3f743e22ebfda848f9046c10ca376764d12d0d0338	/data1/qlyu/projects/pvrig_c2_new4220_seed42_3047_docking_results_v1_20260723/c2_new4220_seed42_3047/compressed_queue/CANDIDATE_P1MCPUFP__CPUFP500K_0399__00131_8x6b_s3047_5c2e2f293eb3.tar.gz	/data/qlyu/projects/pvrig_top7500_dualpanel_screen_v1_20260724/run/common4_rerank_v2_20260725/final50_structure_bundle_v1_20260725/docking/archives/CANDIDATE_P1MCPUFP__CPUFP500K_0399__00131_8x6b_s3047_5c2e2f293eb3.tar.gz	a66bf86a1b53418ea448de9baa48db3e8a5460b613d77205776e3dbaa219de52	-78.11820000000002	STRICT_A
17		P1MCPUFP__CPUFP500K_0399__00131	9e6y	42	SUCCESS	cluster_1_model_1.pdb.gz	/data/qlyu/projects/pvrig_top7500_dualpanel_screen_v1_20260724/run/common4_rerank_v2_20260725/final50_structure_bundle_v1_20260725/docking/representative_complexes/R17__P1MCPUFP__CPUFP500K_0399__00131__9e6y__s42__cluster_1_model_1.pdb	844887582cc7db70b8402f17306d47251c69fb2cef92c4bce986a036c785ced8	/data1/qlyu/projects/pvrig_c2_new4220_seed42_3047_docking_results_v1_20260723/c2_new4220_seed42_3047/compressed_queue/CANDIDATE_P1MCPUFP__CPUFP500K_0399__00131_9e6y_s42_5e50f407c6a1.tar.gz	/data/qlyu/projects/pvrig_top7500_dualpanel_screen_v1_20260724/run/common4_rerank_v2_20260725/final50_structure_bundle_v1_20260725/docking/archives/CANDIDATE_P1MCPUFP__CPUFP500K_0399__00131_9e6y_s42_5e50f407c6a1.tar.gz	6ff6862328b3b5846f5a0b26e9d18468591537b9f9a36058d6d49ba057648905	-75.591	STRICT_A
17		P1MCPUFP__CPUFP500K_0399__00131	9e6y	917	SUCCESS	cluster_1_model_1.pdb.gz	/data/qlyu/projects/pvrig_top7500_dualpanel_screen_v1_20260724/run/common4_rerank_v2_20260725/final50_structure_bundle_v1_20260725/docking/representative_complexes/R17__P1MCPUFP__CPUFP500K_0399__00131__9e6y__s917__cluster_1_model_1.pdb	d072837ffcd266ddc12f1e59c181be770670815b966ea41482758dc256a6769a	/data1/qlyu/projects/pvrig_c2_new6220_dualreceptor_2seed_docking_results_v1_20260723/c2_new4220/compressed_queue/CANDIDATE_P1MCPUFP__CPUFP500K_0399__00131_9e6y_s917_b776d9f5c754.tar.gz	/data/qlyu/projects/pvrig_top7500_dualpanel_screen_v1_20260724/run/common4_rerank_v2_20260725/final50_structure_bundle_v1_20260725/docking/archives/CANDIDATE_P1MCPUFP__CPUFP500K_0399__00131_9e6y_s917_b776d9f5c754.tar.gz	39c69035d1d217251b0ca255998d030ffa7c5cc17e9b0992d5de770087b6e57e	-74.56388	STRICT_A
17		P1MCPUFP__CPUFP500K_0399__00131	9e6y	1931	SUCCESS	cluster_1_model_1.pdb.gz	/data/qlyu/projects/pvrig_top7500_dualpanel_screen_v1_20260724/run/common4_rerank_v2_20260725/final50_structure_bundle_v1_20260725/docking/representative_complexes/R17__P1MCPUFP__CPUFP500K_0399__00131__9e6y__s1931__cluster_1_model_1.pdb	b311e5ca4e9e682ac977008760570bf58ed8279b76e44b2bd30c271b104d6e2f	/data1/qlyu/projects/pvrig_c2_new6220_dualreceptor_2seed_docking_results_v1_20260723/c2_new4220/compressed_queue/CANDIDATE_P1MCPUFP__CPUFP500K_0399__00131_9e6y_s1931_37ce2bdfc9f0.tar.gz	/data/qlyu/projects/pvrig_top7500_dualpanel_screen_v1_20260724/run/common4_rerank_v2_20260725/final50_structure_bundle_v1_20260725/docking/archives/CANDIDATE_P1MCPUFP__CPUFP500K_0399__00131_9e6y_s1931_37ce2bdfc9f0.tar.gz	bbefd004a5b57b8f6bb02ded2940acc4a46f382b34a9c4350805d0ba51e0f7ae	-84.05539999999999	STRICT_A
17		P1MCPUFP__CPUFP500K_0399__00131	9e6y	3047	SUCCESS	cluster_1_model_1.pdb.gz	/data/qlyu/projects/pvrig_top7500_dualpanel_screen_v1_20260724/run/common4_rerank_v2_20260725/final50_structure_bundle_v1_20260725/docking/representative_complexes/R17__P1MCPUFP__CPUFP500K_0399__00131__9e6y__s3047__cluster_1_model_1.pdb	310e84eb4390ff4b85f5a08ce1a994f4b25bf2ca51a6fc7bb88acd48fa2a05f4	/data1/qlyu/projects/pvrig_c2_new4220_seed42_3047_docking_results_v1_20260723/c2_new4220_seed42_3047/compressed_queue/CANDIDATE_P1MCPUFP__CPUFP500K_0399__00131_9e6y_s3047_302b5c1f2556.tar.gz	/data/qlyu/projects/pvrig_top7500_dualpanel_screen_v1_20260724/run/common4_rerank_v2_20260725/final50_structure_bundle_v1_20260725/docking/archives/CANDIDATE_P1MCPUFP__CPUFP500K_0399__00131_9e6y_s3047_302b5c1f2556.tar.gz	d602efc1f764aeab3ec4a36cae0dc78e385be80ed07002389fadc6493db13388	-76.27120000000001	STRICT_A
18		P1MCPUFP__CPUFP500K_0188__00481	8x6b	42	SUCCESS	cluster_1_model_1.pdb.gz	/data/qlyu/projects/pvrig_top7500_dualpanel_screen_v1_20260724/run/common4_rerank_v2_20260725/final50_structure_bundle_v1_20260725/docking/representative_complexes/R18__P1MCPUFP__CPUFP500K_0188__00481__8x6b__s42__cluster_1_model_1.pdb	450612f9671a76b1fa263106485b1b1e86e71c355dcfad56de323baebcbbdaac	/data1/qlyu/projects/pvrig_c2_new4220_seed42_3047_docking_results_v1_20260723/c2_new4220_seed42_3047/compressed_queue/CANDIDATE_P1MCPUFP__CPUFP500K_0188__00481_8x6b_s42_07fe10b18309.tar.gz	/data/qlyu/projects/pvrig_top7500_dualpanel_screen_v1_20260724/run/common4_rerank_v2_20260725/final50_structure_bundle_v1_20260725/docking/archives/CANDIDATE_P1MCPUFP__CPUFP500K_0188__00481_8x6b_s42_07fe10b18309.tar.gz	945484ef0a2b46cfc3c6ffa3fccf8f57084ceda4491e04d61f76277081640edb	-75.51844	STRICT_A
18		P1MCPUFP__CPUFP500K_0188__00481	8x6b	917	SUCCESS	cluster_1_model_1.pdb.gz	/data/qlyu/projects/pvrig_top7500_dualpanel_screen_v1_20260724/run/common4_rerank_v2_20260725/final50_structure_bundle_v1_20260725/docking/representative_complexes/R18__P1MCPUFP__CPUFP500K_0188__00481__8x6b__s917__cluster_1_model_1.pdb	9fbee259f4401d510fa99f981c2aac7ee7c4b298abd3ea6c19c396ef74bca193	/data1/qlyu/projects/pvrig_c2_new6220_dualreceptor_2seed_docking_results_v1_20260723/c2_new4220/compressed_queue/CANDIDATE_P1MCPUFP__CPUFP500K_0188__00481_8x6b_s917_de5eb00cbe1f.tar.gz	/data/qlyu/projects/pvrig_top7500_dualpanel_screen_v1_20260724/run/common4_rerank_v2_20260725/final50_structure_bundle_v1_20260725/docking/archives/CANDIDATE_P1MCPUFP__CPUFP500K_0188__00481_8x6b_s917_de5eb00cbe1f.tar.gz	d0a1b126b1bf001fba31dece45f1e6c71c8047a3e84b5a8b070d498c27feb615	-69.29818	STRICT_A
18		P1MCPUFP__CPUFP500K_0188__00481	8x6b	1931	SUCCESS	cluster_1_model_1.pdb.gz	/data/qlyu/projects/pvrig_top7500_dualpanel_screen_v1_20260724/run/common4_rerank_v2_20260725/final50_structure_bundle_v1_20260725/docking/representative_complexes/R18__P1MCPUFP__CPUFP500K_0188__00481__8x6b__s1931__cluster_1_model_1.pdb	1307c829b7b2df94c34e0f3136bf3788308ac6883bacb1eae647d92e68444df8	/data1/qlyu/projects/pvrig_c2_new6220_dualreceptor_2seed_docking_results_v1_20260723/c2_new4220/compressed_queue/CANDIDATE_P1MCPUFP__CPUFP500K_0188__00481_8x6b_s1931_bbb92894029c.tar.gz	/data/qlyu/projects/pvrig_top7500_dualpanel_screen_v1_20260724/run/common4_rerank_v2_20260725/final50_structure_bundle_v1_20260725/docking/archives/CANDIDATE_P1MCPUFP__CPUFP500K_0188__00481_8x6b_s1931_bbb92894029c.tar.gz	27463338c5934986f12580dc7bba17a085b42e1883d196349f7b9ff6c701d0a7	-92.3	STRICT_A
18		P1MCPUFP__CPUFP500K_0188__00481	8x6b	3047	SUCCESS	cluster_1_model_1.pdb.gz	/data/qlyu/projects/pvrig_top7500_dualpanel_screen_v1_20260724/run/common4_rerank_v2_20260725/final50_structure_bundle_v1_20260725/docking/representative_complexes/R18__P1MCPUFP__CPUFP500K_0188__00481__8x6b__s3047__cluster_1_model_1.pdb	c6da70b3d45480798695bad88fc138d2920894b5db1f4ee5db1907bd4e0a696e	/data1/qlyu/projects/pvrig_c2_new4220_seed42_3047_docking_results_v1_20260723/c2_new4220_seed42_3047/compressed_queue/CANDIDATE_P1MCPUFP__CPUFP500K_0188__00481_8x6b_s3047_34c89a8ec943.tar.gz	/data/qlyu/projects/pvrig_top7500_dualpanel_screen_v1_20260724/run/common4_rerank_v2_20260725/final50_structure_bundle_v1_20260725/docking/archives/CANDIDATE_P1MCPUFP__CPUFP500K_0188__00481_8x6b_s3047_34c89a8ec943.tar.gz	2e366b9d1f0676cda0699504089863558e2800512f775cd9af687c8aba333621	-76.1736	STRICT_A
18		P1MCPUFP__CPUFP500K_0188__00481	9e6y	42	SUCCESS	cluster_1_model_1.pdb.gz	/data/qlyu/projects/pvrig_top7500_dualpanel_screen_v1_20260724/run/common4_rerank_v2_20260725/final50_structure_bundle_v1_20260725/docking/representative_complexes/R18__P1MCPUFP__CPUFP500K_0188__00481__9e6y__s42__cluster_1_model_1.pdb	7bfae73ebb944ab80df7d3ff7a30a630714dbd5593adb56185a2f55b088e4c7a	/data1/qlyu/projects/pvrig_c2_new4220_seed42_3047_docking_results_v1_20260723/c2_new4220_seed42_3047/compressed_queue/CANDIDATE_P1MCPUFP__CPUFP500K_0188__00481_9e6y_s42_9e70ea342df3.tar.gz	/data/qlyu/projects/pvrig_top7500_dualpanel_screen_v1_20260724/run/common4_rerank_v2_20260725/final50_structure_bundle_v1_20260725/docking/archives/CANDIDATE_P1MCPUFP__CPUFP500K_0188__00481_9e6y_s42_9e70ea342df3.tar.gz	e390962dde85f7b3ceef7f6d134d9da14280bd14c871ba8bd059d6a6f59a07de	-73.06766	STRICT_A
18		P1MCPUFP__CPUFP500K_0188__00481	9e6y	917	SUCCESS	cluster_1_model_1.pdb.gz	/data/qlyu/projects/pvrig_top7500_dualpanel_screen_v1_20260724/run/common4_rerank_v2_20260725/final50_structure_bundle_v1_20260725/docking/representative_complexes/R18__P1MCPUFP__CPUFP500K_0188__00481__9e6y__s917__cluster_1_model_1.pdb	0fe9bc1700986d28f044aee36caf2fb8a2c08c0611e364cf49c10e6c9c9d544e	/data1/qlyu/projects/pvrig_c2_new6220_dualreceptor_2seed_docking_results_v1_20260723/c2_new4220/compressed_queue/CANDIDATE_P1MCPUFP__CPUFP500K_0188__00481_9e6y_s917_e16d16ab541c.tar.gz	/data/qlyu/projects/pvrig_top7500_dualpanel_screen_v1_20260724/run/common4_rerank_v2_20260725/final50_structure_bundle_v1_20260725/docking/archives/CANDIDATE_P1MCPUFP__CPUFP500K_0188__00481_9e6y_s917_e16d16ab541c.tar.gz	338f09a015cc8e94fda6d8bc23c31a09b0e8ca5cd6ff22d482f0fe13b020f4f0	-73.65844000000001	STRICT_A
18		P1MCPUFP__CPUFP500K_0188__00481	9e6y	1931	SUCCESS	cluster_1_model_1.pdb.gz	/data/qlyu/projects/pvrig_top7500_dualpanel_screen_v1_20260724/run/common4_rerank_v2_20260725/final50_structure_bundle_v1_20260725/docking/representative_complexes/R18__P1MCPUFP__CPUFP500K_0188__00481__9e6y__s1931__cluster_1_model_1.pdb	40d50bb0af407fdf8e8a39032adf7e39aff4e64a113efa8bf1b6d1dcca7141a7	/data1/qlyu/projects/pvrig_c2_new6220_dualreceptor_2seed_docking_results_v1_20260723/c2_new4220/compressed_queue/CANDIDATE_P1MCPUFP__CPUFP500K_0188__00481_9e6y_s1931_2014e8a8c6a8.tar.gz	/data/qlyu/projects/pvrig_top7500_dualpanel_screen_v1_20260724/run/common4_rerank_v2_20260725/final50_structure_bundle_v1_20260725/docking/archives/CANDIDATE_P1MCPUFP__CPUFP500K_0188__00481_9e6y_s1931_2014e8a8c6a8.tar.gz	fe301e8dd763efadbd412508c726e61f8f514a0181953f40ebaceba8b1300bf6	-63.095	STRICT_A
18		P1MCPUFP__CPUFP500K_0188__00481	9e6y	3047	SUCCESS	cluster_1_model_1.pdb.gz	/data/qlyu/projects/pvrig_top7500_dualpanel_screen_v1_20260724/run/common4_rerank_v2_20260725/final50_structure_bundle_v1_20260725/docking/representative_complexes/R18__P1MCPUFP__CPUFP500K_0188__00481__9e6y__s3047__cluster_1_model_1.pdb	9cf74b733bc801c762d281229e3a45c65ce1ba5f6bbabde3005fa2961a4fa6e2	/data1/qlyu/projects/pvrig_c2_new4220_seed42_3047_docking_results_v1_20260723/c2_new4220_seed42_3047/compressed_queue/CANDIDATE_P1MCPUFP__CPUFP500K_0188__00481_9e6y_s3047_819d5ca8b954.tar.gz	/data/qlyu/projects/pvrig_top7500_dualpanel_screen_v1_20260724/run/common4_rerank_v2_20260725/final50_structure_bundle_v1_20260725/docking/archives/CANDIDATE_P1MCPUFP__CPUFP500K_0188__00481_9e6y_s3047_819d5ca8b954.tar.gz	698fecdeb5403db0a9feb2add4aa9ee9e2111f8245badad78637983cd9cfd934	-74.7093	STRICT_A
19		P1MCPUFP__CPUFP500K_0404__00512	8x6b	42	SUCCESS	cluster_1_model_1.pdb.gz	/data/qlyu/projects/pvrig_top7500_dualpanel_screen_v1_20260724/run/common4_rerank_v2_20260725/final50_structure_bundle_v1_20260725/docking/representative_complexes/R19__P1MCPUFP__CPUFP500K_0404__00512__8x6b__s42__cluster_1_model_1.pdb	b914ae714508906f188a5a948b8f3df1044ea81e9bd73d39bb91b6c0c07448c3	/data1/qlyu/projects/pvrig_c2_new4220_seed42_3047_docking_results_v1_20260723/c2_new4220_seed42_3047/compressed_queue/CANDIDATE_P1MCPUFP__CPUFP500K_0404__00512_8x6b_s42_fb2f08219412.tar.gz	/data/qlyu/projects/pvrig_top7500_dualpanel_screen_v1_20260724/run/common4_rerank_v2_20260725/final50_structure_bundle_v1_20260725/docking/archives/CANDIDATE_P1MCPUFP__CPUFP500K_0404__00512_8x6b_s42_fb2f08219412.tar.gz	8ec5922ec9750b6d13d9bdfb1299db72e2e46c53aec64a717ccd0cabcc437346	-89.4504	STRICT_A
19		P1MCPUFP__CPUFP500K_0404__00512	8x6b	917	SUCCESS	cluster_1_model_1.pdb.gz	/data/qlyu/projects/pvrig_top7500_dualpanel_screen_v1_20260724/run/common4_rerank_v2_20260725/final50_structure_bundle_v1_20260725/docking/representative_complexes/R19__P1MCPUFP__CPUFP500K_0404__00512__8x6b__s917__cluster_1_model_1.pdb	3d90e1cf0d9868665674a237caddef50c8670cf82041ac2b642c5fe6bde3bd72	/data1/qlyu/projects/pvrig_c2_new6220_dualreceptor_2seed_docking_results_v1_20260723/c2_new4220/compressed_queue/CANDIDATE_P1MCPUFP__CPUFP500K_0404__00512_8x6b_s917_a9d3e9230416.tar.gz	/data/qlyu/projects/pvrig_top7500_dualpanel_screen_v1_20260724/run/common4_rerank_v2_20260725/final50_structure_bundle_v1_20260725/docking/archives/CANDIDATE_P1MCPUFP__CPUFP500K_0404__00512_8x6b_s917_a9d3e9230416.tar.gz	4299c686d11c9520aa63326b25fd6f16e7b68673897c2504792d457df9438878	-64.35220000000001	STRICT_A
19		P1MCPUFP__CPUFP500K_0404__00512	8x6b	1931	SUCCESS	cluster_1_model_1.pdb.gz	/data/qlyu/projects/pvrig_top7500_dualpanel_screen_v1_20260724/run/common4_rerank_v2_20260725/final50_structure_bundle_v1_20260725/docking/representative_complexes/R19__P1MCPUFP__CPUFP500K_0404__00512__8x6b__s1931__cluster_1_model_1.pdb	3aa40317d2d68316bfdb5ae1a2a5acede251caaa5207a57f5ae73d03d7d00197	/data1/qlyu/projects/pvrig_c2_new6220_dualreceptor_2seed_docking_results_v1_20260723/c2_new4220/compressed_queue/CANDIDATE_P1MCPUFP__CPUFP500K_0404__00512_8x6b_s1931_45cbc1163980.tar.gz	/data/qlyu/projects/pvrig_top7500_dualpanel_screen_v1_20260724/run/common4_rerank_v2_20260725/final50_structure_bundle_v1_20260725/docking/archives/CANDIDATE_P1MCPUFP__CPUFP500K_0404__00512_8x6b_s1931_45cbc1163980.tar.gz	01cbd16c128951a07232c3d0e435ed0b27ac6d6f2ba354d63cdcdcb953aae5fd	-65.1547	STRICT_A
19		P1MCPUFP__CPUFP500K_0404__00512	8x6b	3047	SUCCESS	cluster_1_model_1.pdb.gz	/data/qlyu/projects/pvrig_top7500_dualpanel_screen_v1_20260724/run/common4_rerank_v2_20260725/final50_structure_bundle_v1_20260725/docking/representative_complexes/R19__P1MCPUFP__CPUFP500K_0404__00512__8x6b__s3047__cluster_1_model_1.pdb	ead800d57fca4f2614c72f4f4f06549460e7793d610158cb3e4ce8d2f1cd5529	/data1/qlyu/projects/pvrig_c2_new4220_seed42_3047_docking_results_v1_20260723/c2_new4220_seed42_3047/compressed_queue/CANDIDATE_P1MCPUFP__CPUFP500K_0404__00512_8x6b_s3047_fa2ddd8dd640.tar.gz	/data/qlyu/projects/pvrig_top7500_dualpanel_screen_v1_20260724/run/common4_rerank_v2_20260725/final50_structure_bundle_v1_20260725/docking/archives/CANDIDATE_P1MCPUFP__CPUFP500K_0404__00512_8x6b_s3047_fa2ddd8dd640.tar.gz	5c1d75af1f48e63fb76394a43850d9b458ae12ca0e00f11d8a9239a56074c148	-87.2502	STRICT_A
19		P1MCPUFP__CPUFP500K_0404__00512	9e6y	42	SUCCESS	cluster_1_model_1.pdb.gz	/data/qlyu/projects/pvrig_top7500_dualpanel_screen_v1_20260724/run/common4_rerank_v2_20260725/final50_structure_bundle_v1_20260725/docking/representative_complexes/R19__P1MCPUFP__CPUFP500K_0404__00512__9e6y__s42__cluster_1_model_1.pdb	0aa945a0fdaeaa6963dfe99559a108cb2f08cf27f1cd6faae88a292ea2a77917	/data1/qlyu/projects/pvrig_c2_new4220_seed42_3047_docking_results_v1_20260723/c2_new4220_seed42_3047/compressed_queue/CANDIDATE_P1MCPUFP__CPUFP500K_0404__00512_9e6y_s42_b5794c2d931e.tar.gz	/data/qlyu/projects/pvrig_top7500_dualpanel_screen_v1_20260724/run/common4_rerank_v2_20260725/final50_structure_bundle_v1_20260725/docking/archives/CANDIDATE_P1MCPUFP__CPUFP500K_0404__00512_9e6y_s42_b5794c2d931e.tar.gz	f17233a5b6e303f83718e438da9efc1583725ee8121cff1dc2d5b7dce52fb50d	-82.1504	STRICT_A
19		P1MCPUFP__CPUFP500K_0404__00512	9e6y	917	SUCCESS	cluster_1_model_1.pdb.gz	/data/qlyu/projects/pvrig_top7500_dualpanel_screen_v1_20260724/run/common4_rerank_v2_20260725/final50_structure_bundle_v1_20260725/docking/representative_complexes/R19__P1MCPUFP__CPUFP500K_0404__00512__9e6y__s917__cluster_1_model_1.pdb	2a124141ee91ce540398af57c54e8d2e9f52ad1bffba648fc96f11d3f45c8cd9	/data1/qlyu/projects/pvrig_c2_new6220_dualreceptor_2seed_docking_results_v1_20260723/c2_new4220/compressed_queue/CANDIDATE_P1MCPUFP__CPUFP500K_0404__00512_9e6y_s917_0b5f7f59cf5f.tar.gz	/data/qlyu/projects/pvrig_top7500_dualpanel_screen_v1_20260724/run/common4_rerank_v2_20260725/final50_structure_bundle_v1_20260725/docking/archives/CANDIDATE_P1MCPUFP__CPUFP500K_0404__00512_9e6y_s917_0b5f7f59cf5f.tar.gz	f1c025aaacf3e867f2460f7d2cf8a0b6078b8c21495f7a262db2a6e20c614cf4	-75.98460000000001	STRICT_A
19		P1MCPUFP__CPUFP500K_0404__00512	9e6y	1931	SUCCESS	cluster_1_model_1.pdb.gz	/data/qlyu/projects/pvrig_top7500_dualpanel_screen_v1_20260724/run/common4_rerank_v2_20260725/final50_structure_bundle_v1_20260725/docking/representative_complexes/R19__P1MCPUFP__CPUFP500K_0404__00512__9e6y__s1931__cluster_1_model_1.pdb	de200ff0788beb91f59cabf4fc206284b6a4befdecd1c2af2a0a0ab1bfa9b7ea	/data1/qlyu/projects/pvrig_c2_new6220_dualreceptor_2seed_docking_results_v1_20260723/c2_new4220/compressed_queue/CANDIDATE_P1MCPUFP__CPUFP500K_0404__00512_9e6y_s1931_8850699d29eb.tar.gz	/data/qlyu/projects/pvrig_top7500_dualpanel_screen_v1_20260724/run/common4_rerank_v2_20260725/final50_structure_bundle_v1_20260725/docking/archives/CANDIDATE_P1MCPUFP__CPUFP500K_0404__00512_9e6y_s1931_8850699d29eb.tar.gz	ca11684306ef3007df0b7019d3bf19fd5d5499e2dd07b0bbf538ff99fe334c2b	-71.79149999999998	STRICT_A
19		P1MCPUFP__CPUFP500K_0404__00512	9e6y	3047	SUCCESS	cluster_1_model_1.pdb.gz	/data/qlyu/projects/pvrig_top7500_dualpanel_screen_v1_20260724/run/common4_rerank_v2_20260725/final50_structure_bundle_v1_20260725/docking/representative_complexes/R19__P1MCPUFP__CPUFP500K_0404__00512__9e6y__s3047__cluster_1_model_1.pdb	bc2e11c3fef420a607ef25598a2f077e5c4c99368d171c56af681b16c3fe2bcb	/data1/qlyu/projects/pvrig_c2_new4220_seed42_3047_docking_results_v1_20260723/c2_new4220_seed42_3047/compressed_queue/CANDIDATE_P1MCPUFP__CPUFP500K_0404__00512_9e6y_s3047_dbb880a1d4b2.tar.gz	/data/qlyu/projects/pvrig_top7500_dualpanel_screen_v1_20260724/run/common4_rerank_v2_20260725/final50_structure_bundle_v1_20260725/docking/archives/CANDIDATE_P1MCPUFP__CPUFP500K_0404__00512_9e6y_s3047_dbb880a1d4b2.tar.gz	f672b39db778850c866f85e87e3a3e6f7063a614aae4da9197d64849efbd01af	-59.982000000000006	STRICT_A
20		P1MCPUFP__CPUFP500K_0484__00056	8x6b	42	SUCCESS	cluster_1_model_1.pdb.gz	/data/qlyu/projects/pvrig_top7500_dualpanel_screen_v1_20260724/run/common4_rerank_v2_20260725/final50_structure_bundle_v1_20260725/docking/representative_complexes/R20__P1MCPUFP__CPUFP500K_0484__00056__8x6b__s42__cluster_1_model_1.pdb	c70dd77db0772e6365ff2910c108e2bc54233c87567bd51b35329fa900bb7a3f	/data1/qlyu/projects/pvrig_c2_new4220_seed42_3047_docking_results_v1_20260723/c2_new4220_seed42_3047/compressed_queue/CANDIDATE_P1MCPUFP__CPUFP500K_0484__00056_8x6b_s42_aff9271e6ddd.tar.gz	/data/qlyu/projects/pvrig_top7500_dualpanel_screen_v1_20260724/run/common4_rerank_v2_20260725/final50_structure_bundle_v1_20260725/docking/archives/CANDIDATE_P1MCPUFP__CPUFP500K_0484__00056_8x6b_s42_aff9271e6ddd.tar.gz	da55d58707072048c0bc59630f4b5e72360de275fe1e4e2e44bb1835312d901f	-61.473699999999994	STRICT_A
20		P1MCPUFP__CPUFP500K_0484__00056	8x6b	917	SUCCESS	cluster_1_model_1.pdb.gz	/data/qlyu/projects/pvrig_top7500_dualpanel_screen_v1_20260724/run/common4_rerank_v2_20260725/final50_structure_bundle_v1_20260725/docking/representative_complexes/R20__P1MCPUFP__CPUFP500K_0484__00056__8x6b__s917__cluster_1_model_1.pdb	7efb384a64f56bd97da271754f90c63f7e4063f3f2358fee21c9e0e7134c6754	/data1/qlyu/projects/pvrig_c2_new6220_dualreceptor_2seed_docking_results_v1_20260723/c2_new4220/compressed_queue/CANDIDATE_P1MCPUFP__CPUFP500K_0484__00056_8x6b_s917_3e785a9d92fc.tar.gz	/data/qlyu/projects/pvrig_top7500_dualpanel_screen_v1_20260724/run/common4_rerank_v2_20260725/final50_structure_bundle_v1_20260725/docking/archives/CANDIDATE_P1MCPUFP__CPUFP500K_0484__00056_8x6b_s917_3e785a9d92fc.tar.gz	69eeb5ac9f8cd9ef2cc2490ed433f4455dd01dfb9e2a4044e6097ba70bfda010	-62.869299999999996	STRICT_A
20		P1MCPUFP__CPUFP500K_0484__00056	8x6b	1931	SUCCESS	cluster_1_model_1.pdb.gz	/data/qlyu/projects/pvrig_top7500_dualpanel_screen_v1_20260724/run/common4_rerank_v2_20260725/final50_structure_bundle_v1_20260725/docking/representative_complexes/R20__P1MCPUFP__CPUFP500K_0484__00056__8x6b__s1931__cluster_1_model_1.pdb	a66c5c326fd0961ca0fdbb6bada1b05a9d1b4e60e15440711d6c5adfaf418702	/data1/qlyu/projects/pvrig_c2_new6220_dualreceptor_2seed_docking_results_v1_20260723/c2_new4220/compressed_queue/CANDIDATE_P1MCPUFP__CPUFP500K_0484__00056_8x6b_s1931_654c1a3097c6.tar.gz	/data/qlyu/projects/pvrig_top7500_dualpanel_screen_v1_20260724/run/common4_rerank_v2_20260725/final50_structure_bundle_v1_20260725/docking/archives/CANDIDATE_P1MCPUFP__CPUFP500K_0484__00056_8x6b_s1931_654c1a3097c6.tar.gz	df1f767c6af97ae2caf602ce0f118fd0bd70e6a44bdde0bc7908b7c691df8566	-60.120599999999996	STRICT_A
20		P1MCPUFP__CPUFP500K_0484__00056	8x6b	3047	SUCCESS	cluster_1_model_1.pdb.gz	/data/qlyu/projects/pvrig_top7500_dualpanel_screen_v1_20260724/run/common4_rerank_v2_20260725/final50_structure_bundle_v1_20260725/docking/representative_complexes/R20__P1MCPUFP__CPUFP500K_0484__00056__8x6b__s3047__cluster_1_model_1.pdb	50d997b80cb4bcfa0b31861c3a67067cd3bb6864d57b8bee2a65b15affdbd44f	/data1/qlyu/projects/pvrig_c2_new4220_seed42_3047_docking_results_v1_20260723/c2_new4220_seed42_3047/compressed_queue/CANDIDATE_P1MCPUFP__CPUFP500K_0484__00056_8x6b_s3047_0125c4e021fc.tar.gz	/data/qlyu/projects/pvrig_top7500_dualpanel_screen_v1_20260724/run/common4_rerank_v2_20260725/final50_structure_bundle_v1_20260725/docking/archives/CANDIDATE_P1MCPUFP__CPUFP500K_0484__00056_8x6b_s3047_0125c4e021fc.tar.gz	81a688b77c5db0365e63035a83126751c9565c535aa24f5586fe706135618dbd	-64.15298000000001	STRICT_A
20		P1MCPUFP__CPUFP500K_0484__00056	9e6y	42	SUCCESS	cluster_1_model_1.pdb.gz	/data/qlyu/projects/pvrig_top7500_dualpanel_screen_v1_20260724/run/common4_rerank_v2_20260725/final50_structure_bundle_v1_20260725/docking/representative_complexes/R20__P1MCPUFP__CPUFP500K_0484__00056__9e6y__s42__cluster_1_model_1.pdb	71b360e1d5b9dc78c44ae734bdc1e592f078e5d42be4abb0f37c7590ea1cb263	/data1/qlyu/projects/pvrig_c2_new4220_seed42_3047_docking_results_v1_20260723/c2_new4220_seed42_3047/compressed_queue/CANDIDATE_P1MCPUFP__CPUFP500K_0484__00056_9e6y_s42_125387f297cc.tar.gz	/data/qlyu/projects/pvrig_top7500_dualpanel_screen_v1_20260724/run/common4_rerank_v2_20260725/final50_structure_bundle_v1_20260725/docking/archives/CANDIDATE_P1MCPUFP__CPUFP500K_0484__00056_9e6y_s42_125387f297cc.tar.gz	3bf2dd156511f0a1897352e7af6892eee92d254d0425b2ae0575cb22b3d2a080	-72.73423	STRICT_A
20		P1MCPUFP__CPUFP500K_0484__00056	9e6y	917	SUCCESS	cluster_1_model_1.pdb.gz	/data/qlyu/projects/pvrig_top7500_dualpanel_screen_v1_20260724/run/common4_rerank_v2_20260725/final50_structure_bundle_v1_20260725/docking/representative_complexes/R20__P1MCPUFP__CPUFP500K_0484__00056__9e6y__s917__cluster_1_model_1.pdb	b6a1ef4e0b83a9df6adb24cde4c418f4ba345dc91892177a16b58314fcd2be09	/data1/qlyu/projects/pvrig_c2_new6220_dualreceptor_2seed_docking_results_v1_20260723/c2_new4220/compressed_queue/CANDIDATE_P1MCPUFP__CPUFP500K_0484__00056_9e6y_s917_d1c66e0a4df1.tar.gz	/data/qlyu/projects/pvrig_top7500_dualpanel_screen_v1_20260724/run/common4_rerank_v2_20260725/final50_structure_bundle_v1_20260725/docking/archives/CANDIDATE_P1MCPUFP__CPUFP500K_0484__00056_9e6y_s917_d1c66e0a4df1.tar.gz	9f68fc498c75a21eb8b9c59998de7d46f45a41360bad90f6cfba7fa5ccbcfa42	-65.7993	STRICT_A
20		P1MCPUFP__CPUFP500K_0484__00056	9e6y	1931	SUCCESS	cluster_1_model_1.pdb.gz	/data/qlyu/projects/pvrig_top7500_dualpanel_screen_v1_20260724/run/common4_rerank_v2_20260725/final50_structure_bundle_v1_20260725/docking/representative_complexes/R20__P1MCPUFP__CPUFP500K_0484__00056__9e6y__s1931__cluster_1_model_1.pdb	f231520fc57a79294be0b5ebd96ab6110b96bfb2e77775a4a7212caec4788bdd	/data1/qlyu/projects/pvrig_c2_new6220_dualreceptor_2seed_docking_results_v1_20260723/c2_new4220/compressed_queue/CANDIDATE_P1MCPUFP__CPUFP500K_0484__00056_9e6y_s1931_95b406cbba83.tar.gz	/data/qlyu/projects/pvrig_top7500_dualpanel_screen_v1_20260724/run/common4_rerank_v2_20260725/final50_structure_bundle_v1_20260725/docking/archives/CANDIDATE_P1MCPUFP__CPUFP500K_0484__00056_9e6y_s1931_95b406cbba83.tar.gz	7969dfd078fd3ec9af901bfb414aca458fb44e369790620c7386eea152bc1476	-71.67295999999999	STRICT_A
20		P1MCPUFP__CPUFP500K_0484__00056	9e6y	3047	SUCCESS	cluster_1_model_1.pdb.gz	/data/qlyu/projects/pvrig_top7500_dualpanel_screen_v1_20260724/run/common4_rerank_v2_20260725/final50_structure_bundle_v1_20260725/docking/representative_complexes/R20__P1MCPUFP__CPUFP500K_0484__00056__9e6y__s3047__cluster_1_model_1.pdb	87fad6a8ebc90a7d0631b8bb208f72b62bce96e8911801d3fba9f83410579aa0	/data1/qlyu/projects/pvrig_c2_new4220_seed42_3047_docking_results_v1_20260723/c2_new4220_seed42_3047/compressed_queue/CANDIDATE_P1MCPUFP__CPUFP500K_0484__00056_9e6y_s3047_b136bac82f2f.tar.gz	/data/qlyu/projects/pvrig_top7500_dualpanel_screen_v1_20260724/run/common4_rerank_v2_20260725/final50_structure_bundle_v1_20260725/docking/archives/CANDIDATE_P1MCPUFP__CPUFP500K_0484__00056_9e6y_s3047_b136bac82f2f.tar.gz	4d7714bfb11343ffb65783b6f451cf66e49ee58264a770751fc194fe3a08bfec	-61.5861	STRICT_A
21		P1MCPUFP__CPUFP500K_0091__00550	8x6b	42	SUCCESS	cluster_1_model_1.pdb.gz	/data/qlyu/projects/pvrig_top7500_dualpanel_screen_v1_20260724/run/common4_rerank_v2_20260725/final50_structure_bundle_v1_20260725/docking/representative_complexes/R21__P1MCPUFP__CPUFP500K_0091__00550__8x6b__s42__cluster_1_model_1.pdb	d9ea9961ffa88c40d89b9d051542c3986c65c802b19fe84fd0406db9ffb50004	/data1/qlyu/projects/pvrig_c2_new4220_seed42_3047_docking_results_v1_20260723/c2_new4220_seed42_3047/compressed_queue/CANDIDATE_P1MCPUFP__CPUFP500K_0091__00550_8x6b_s42_07861a519782.tar.gz	/data/qlyu/projects/pvrig_top7500_dualpanel_screen_v1_20260724/run/common4_rerank_v2_20260725/final50_structure_bundle_v1_20260725/docking/archives/CANDIDATE_P1MCPUFP__CPUFP500K_0091__00550_8x6b_s42_07861a519782.tar.gz	551203e474088c54b9b2edce8efe8ca4a7d80e25c698f586e6d23bc2f7ac1c5b	-70.52064	STRICT_A
21		P1MCPUFP__CPUFP500K_0091__00550	8x6b	917	SUCCESS	cluster_1_model_1.pdb.gz	/data/qlyu/projects/pvrig_top7500_dualpanel_screen_v1_20260724/run/common4_rerank_v2_20260725/final50_structure_bundle_v1_20260725/docking/representative_complexes/R21__P1MCPUFP__CPUFP500K_0091__00550__8x6b__s917__cluster_1_model_1.pdb	145c355dc7d1cfdbc434d0d0abac4a8854794eda798dfd215b29359ab223f6f1	/data1/qlyu/projects/pvrig_c2_new6220_dualreceptor_2seed_docking_results_v1_20260723/c2_new4220/compressed_queue/CANDIDATE_P1MCPUFP__CPUFP500K_0091__00550_8x6b_s917_bfc8054a1266.tar.gz	/data/qlyu/projects/pvrig_top7500_dualpanel_screen_v1_20260724/run/common4_rerank_v2_20260725/final50_structure_bundle_v1_20260725/docking/archives/CANDIDATE_P1MCPUFP__CPUFP500K_0091__00550_8x6b_s917_bfc8054a1266.tar.gz	67356626361bcda1d15b463205e139ef5239c3752dc8f23c01dfa3b06ddcd66a	-60.76640999999999	STRICT_A
21		P1MCPUFP__CPUFP500K_0091__00550	8x6b	1931	SUCCESS	cluster_1_model_1.pdb.gz	/data/qlyu/projects/pvrig_top7500_dualpanel_screen_v1_20260724/run/common4_rerank_v2_20260725/final50_structure_bundle_v1_20260725/docking/representative_complexes/R21__P1MCPUFP__CPUFP500K_0091__00550__8x6b__s1931__cluster_1_model_1.pdb	6289a6c9f05944370bf963ca8b86d8d4a50fcb4beaa9b31bee98e4a025945a5f	/data1/qlyu/projects/pvrig_c2_new6220_dualreceptor_2seed_docking_results_v1_20260723/c2_new4220/compressed_queue/CANDIDATE_P1MCPUFP__CPUFP500K_0091__00550_8x6b_s1931_0aac2839572c.tar.gz	/data/qlyu/projects/pvrig_top7500_dualpanel_screen_v1_20260724/run/common4_rerank_v2_20260725/final50_structure_bundle_v1_20260725/docking/archives/CANDIDATE_P1MCPUFP__CPUFP500K_0091__00550_8x6b_s1931_0aac2839572c.tar.gz	24b2d56ce75a4cf5a0e215f546b322db072595e49c6e2c03aad78bd660230087	-73.28617000000001	STRICT_A
21		P1MCPUFP__CPUFP500K_0091__00550	8x6b	3047	SUCCESS	cluster_1_model_1.pdb.gz	/data/qlyu/projects/pvrig_top7500_dualpanel_screen_v1_20260724/run/common4_rerank_v2_20260725/final50_structure_bundle_v1_20260725/docking/representative_complexes/R21__P1MCPUFP__CPUFP500K_0091__00550__8x6b__s3047__cluster_1_model_1.pdb	f2bfdb6436ca19fce0639284e685b17fdddc372991a7c6a1e542a45ba984448f	/data1/qlyu/projects/pvrig_c2_new4220_seed42_3047_docking_results_v1_20260723/c2_new4220_seed42_3047/compressed_queue/CANDIDATE_P1MCPUFP__CPUFP500K_0091__00550_8x6b_s3047_b33bb70cf6d7.tar.gz	/data/qlyu/projects/pvrig_top7500_dualpanel_screen_v1_20260724/run/common4_rerank_v2_20260725/final50_structure_bundle_v1_20260725/docking/archives/CANDIDATE_P1MCPUFP__CPUFP500K_0091__00550_8x6b_s3047_b33bb70cf6d7.tar.gz	ed3ccb550aa7456bb8bf0a2d6e9e40c202fa97bc63602c2e74334cf4d40ec76c	-66.13712600000001	STRICT_A
21		P1MCPUFP__CPUFP500K_0091__00550	9e6y	42	SUCCESS	cluster_1_model_1.pdb.gz	/data/qlyu/projects/pvrig_top7500_dualpanel_screen_v1_20260724/run/common4_rerank_v2_20260725/final50_structure_bundle_v1_20260725/docking/representative_complexes/R21__P1MCPUFP__CPUFP500K_0091__00550__9e6y__s42__cluster_1_model_1.pdb	f34540674872b03f6c621dd8604b1fd21f7b458abfe02706136bf88ac004d0bf	/data1/qlyu/projects/pvrig_c2_new4220_seed42_3047_docking_results_v1_20260723/c2_new4220_seed42_3047/compressed_queue/CANDIDATE_P1MCPUFP__CPUFP500K_0091__00550_9e6y_s42_7f757722dd52.tar.gz	/data/qlyu/projects/pvrig_top7500_dualpanel_screen_v1_20260724/run/common4_rerank_v2_20260725/final50_structure_bundle_v1_20260725/docking/archives/CANDIDATE_P1MCPUFP__CPUFP500K_0091__00550_9e6y_s42_7f757722dd52.tar.gz	e6d767ca89f36af4974117fe46cc6956c475428fbea8a4750f6b9961d8245d9f	-60.57207	STRICT_A
21		P1MCPUFP__CPUFP500K_0091__00550	9e6y	917	SUCCESS	cluster_1_model_1.pdb.gz	/data/qlyu/projects/pvrig_top7500_dualpanel_screen_v1_20260724/run/common4_rerank_v2_20260725/final50_structure_bundle_v1_20260725/docking/representative_complexes/R21__P1MCPUFP__CPUFP500K_0091__00550__9e6y__s917__cluster_1_model_1.pdb	cebd88ef32f12573d4038a20f5768fb514e38ea8371469d55574cc45c4b68d7f	/data1/qlyu/projects/pvrig_c2_new6220_dualreceptor_2seed_docking_results_v1_20260723/c2_new4220/compressed_queue/CANDIDATE_P1MCPUFP__CPUFP500K_0091__00550_9e6y_s917_671c1167d208.tar.gz	/data/qlyu/projects/pvrig_top7500_dualpanel_screen_v1_20260724/run/common4_rerank_v2_20260725/final50_structure_bundle_v1_20260725/docking/archives/CANDIDATE_P1MCPUFP__CPUFP500K_0091__00550_9e6y_s917_671c1167d208.tar.gz	cbbb284b82b6a5c485526cfab93a3c084757ab76e5d914baa44674d18fe0beed	-45.39229	STRICT_A
21		P1MCPUFP__CPUFP500K_0091__00550	9e6y	1931	SUCCESS	cluster_1_model_1.pdb.gz	/data/qlyu/projects/pvrig_top7500_dualpanel_screen_v1_20260724/run/common4_rerank_v2_20260725/final50_structure_bundle_v1_20260725/docking/representative_complexes/R21__P1MCPUFP__CPUFP500K_0091__00550__9e6y__s1931__cluster_1_model_1.pdb	842707be522b1083eed3a7afbd0fdbfec711e4304fd7c0422b205662fe58fb59	/data1/qlyu/projects/pvrig_c2_new6220_dualreceptor_2seed_docking_results_v1_20260723/c2_new4220/compressed_queue/CANDIDATE_P1MCPUFP__CPUFP500K_0091__00550_9e6y_s1931_c9bdc36686a8.tar.gz	/data/qlyu/projects/pvrig_top7500_dualpanel_screen_v1_20260724/run/common4_rerank_v2_20260725/final50_structure_bundle_v1_20260725/docking/archives/CANDIDATE_P1MCPUFP__CPUFP500K_0091__00550_9e6y_s1931_c9bdc36686a8.tar.gz	4100da0deca5b5e8dd244e60cf9e32cce702494f36ce6c053db7f07760dc27a7	-64.569649	STRICT_A
21		P1MCPUFP__CPUFP500K_0091__00550	9e6y	3047	SUCCESS	cluster_1_model_1.pdb.gz	/data/qlyu/projects/pvrig_top7500_dualpanel_screen_v1_20260724/run/common4_rerank_v2_20260725/final50_structure_bundle_v1_20260725/docking/representative_complexes/R21__P1MCPUFP__CPUFP500K_0091__00550__9e6y__s3047__cluster_1_model_1.pdb	b18a5f75d41acbd2d164d4866ffade41494bdb11059bbd42d493948e4de353e1	/data1/qlyu/projects/pvrig_c2_new4220_seed42_3047_docking_results_v1_20260723/c2_new4220_seed42_3047/compressed_queue/CANDIDATE_P1MCPUFP__CPUFP500K_0091__00550_9e6y_s3047_0023cbfd45e6.tar.gz	/data/qlyu/projects/pvrig_top7500_dualpanel_screen_v1_20260724/run/common4_rerank_v2_20260725/final50_structure_bundle_v1_20260725/docking/archives/CANDIDATE_P1MCPUFP__CPUFP500K_0091__00550_9e6y_s3047_0023cbfd45e6.tar.gz	ea6d863538c813cd83e5714ff5a96fedd0defb67c01746695ae0192250fc157d	-58.36754604000001	STRICT_A
22		P1MCPUFP__CPUFP500K_0188__00189	8x6b	42	SUCCESS	cluster_1_model_1.pdb.gz	/data/qlyu/projects/pvrig_top7500_dualpanel_screen_v1_20260724/run/common4_rerank_v2_20260725/final50_structure_bundle_v1_20260725/docking/representative_complexes/R22__P1MCPUFP__CPUFP500K_0188__00189__8x6b__s42__cluster_1_model_1.pdb	d0517b95149df18d77aeecc094eac24a77aae8d6032c600de7ab6b13b089d6cb	/data1/qlyu/projects/pvrig_c2_new4220_seed42_3047_docking_results_v1_20260723/c2_new4220_seed42_3047/compressed_queue/CANDIDATE_P1MCPUFP__CPUFP500K_0188__00189_8x6b_s42_3aaedb8a5257.tar.gz	/data/qlyu/projects/pvrig_top7500_dualpanel_screen_v1_20260724/run/common4_rerank_v2_20260725/final50_structure_bundle_v1_20260725/docking/archives/CANDIDATE_P1MCPUFP__CPUFP500K_0188__00189_8x6b_s42_3aaedb8a5257.tar.gz	2c971710db4767c76eb5b35c128c75d5347f3e5adadaf08b52e84f2f0c7df8bc	-64.44887	STRICT_A
22		P1MCPUFP__CPUFP500K_0188__00189	8x6b	917	SUCCESS	cluster_1_model_1.pdb.gz	/data/qlyu/projects/pvrig_top7500_dualpanel_screen_v1_20260724/run/common4_rerank_v2_20260725/final50_structure_bundle_v1_20260725/docking/representative_complexes/R22__P1MCPUFP__CPUFP500K_0188__00189__8x6b__s917__cluster_1_model_1.pdb	bf8c649cd84bdf8400b26c74a70fba44c36dbfc09342becacb3ba393f3b28fef	/data1/qlyu/projects/pvrig_c2_new6220_dualreceptor_2seed_docking_results_v1_20260723/c2_new4220/compressed_queue/CANDIDATE_P1MCPUFP__CPUFP500K_0188__00189_8x6b_s917_1fd1d4880fb8.tar.gz	/data/qlyu/projects/pvrig_top7500_dualpanel_screen_v1_20260724/run/common4_rerank_v2_20260725/final50_structure_bundle_v1_20260725/docking/archives/CANDIDATE_P1MCPUFP__CPUFP500K_0188__00189_8x6b_s917_1fd1d4880fb8.tar.gz	9bceaa4a98678639c7853e016b36a39c246c9529ad920450c5350d658b7eecfa	-58.599070000000005	STRICT_A
22		P1MCPUFP__CPUFP500K_0188__00189	8x6b	1931	SUCCESS	cluster_1_model_1.pdb.gz	/data/qlyu/projects/pvrig_top7500_dualpanel_screen_v1_20260724/run/common4_rerank_v2_20260725/final50_structure_bundle_v1_20260725/docking/representative_complexes/R22__P1MCPUFP__CPUFP500K_0188__00189__8x6b__s1931__cluster_1_model_1.pdb	6e402edbc42fcffcac23424f4d4b0ed411d661b6c812ae758b30318f1092e61d	/data1/qlyu/projects/pvrig_c2_new6220_dualreceptor_2seed_docking_results_v1_20260723/c2_new4220/compressed_queue/CANDIDATE_P1MCPUFP__CPUFP500K_0188__00189_8x6b_s1931_734c340106b9.tar.gz	/data/qlyu/projects/pvrig_top7500_dualpanel_screen_v1_20260724/run/common4_rerank_v2_20260725/final50_structure_bundle_v1_20260725/docking/archives/CANDIDATE_P1MCPUFP__CPUFP500K_0188__00189_8x6b_s1931_734c340106b9.tar.gz	eed1f55e9c015f2d6dde8b2f46cf342b7b0fd769ece04183d6552e7407f42d15	-57.7087	STRICT_A
22		P1MCPUFP__CPUFP500K_0188__00189	8x6b	3047	SUCCESS	cluster_1_model_1.pdb.gz	/data/qlyu/projects/pvrig_top7500_dualpanel_screen_v1_20260724/run/common4_rerank_v2_20260725/final50_structure_bundle_v1_20260725/docking/representative_complexes/R22__P1MCPUFP__CPUFP500K_0188__00189__8x6b__s3047__cluster_1_model_1.pdb	88ee85550a2e2feb7ee7a9f332b63494c1dc559e75fc0b7f9f9f4bbe23aa728e	/data1/qlyu/projects/pvrig_c2_new4220_seed42_3047_docking_results_v1_20260723/c2_new4220_seed42_3047/compressed_queue/CANDIDATE_P1MCPUFP__CPUFP500K_0188__00189_8x6b_s3047_8a0486456c66.tar.gz	/data/qlyu/projects/pvrig_top7500_dualpanel_screen_v1_20260724/run/common4_rerank_v2_20260725/final50_structure_bundle_v1_20260725/docking/archives/CANDIDATE_P1MCPUFP__CPUFP500K_0188__00189_8x6b_s3047_8a0486456c66.tar.gz	af7131f76fc50467cca6ef9918f1ce5c35d92fce384fe35014b7933308500318	-78.46662000000002	STRICT_A
22		P1MCPUFP__CPUFP500K_0188__00189	9e6y	42	SUCCESS	cluster_1_model_1.pdb.gz	/data/qlyu/projects/pvrig_top7500_dualpanel_screen_v1_20260724/run/common4_rerank_v2_20260725/final50_structure_bundle_v1_20260725/docking/representative_complexes/R22__P1MCPUFP__CPUFP500K_0188__00189__9e6y__s42__cluster_1_model_1.pdb	ff12226927d475c9fc44df588afeef809ac42140ae5e19bbc3d674a80ebcbcb7	/data1/qlyu/projects/pvrig_c2_new4220_seed42_3047_docking_results_v1_20260723/c2_new4220_seed42_3047/compressed_queue/CANDIDATE_P1MCPUFP__CPUFP500K_0188__00189_9e6y_s42_cba215d4646f.tar.gz	/data/qlyu/projects/pvrig_top7500_dualpanel_screen_v1_20260724/run/common4_rerank_v2_20260725/final50_structure_bundle_v1_20260725/docking/archives/CANDIDATE_P1MCPUFP__CPUFP500K_0188__00189_9e6y_s42_cba215d4646f.tar.gz	8febad3ef35e8dc9250686a50c05b8a8f7e20a07eacac3ce7d93e8d516d66d03	-68.09357	STRICT_A
22		P1MCPUFP__CPUFP500K_0188__00189	9e6y	917	SUCCESS	cluster_1_model_1.pdb.gz	/data/qlyu/projects/pvrig_top7500_dualpanel_screen_v1_20260724/run/common4_rerank_v2_20260725/final50_structure_bundle_v1_20260725/docking/representative_complexes/R22__P1MCPUFP__CPUFP500K_0188__00189__9e6y__s917__cluster_1_model_1.pdb	fdaad682584204b6da4cf592308e0dcdf7d3e77a537bf51b9ad7a53cbc13cb19	/data1/qlyu/projects/pvrig_c2_new6220_dualreceptor_2seed_docking_results_v1_20260723/c2_new4220/compressed_queue/CANDIDATE_P1MCPUFP__CPUFP500K_0188__00189_9e6y_s917_ea84855802e9.tar.gz	/data/qlyu/projects/pvrig_top7500_dualpanel_screen_v1_20260724/run/common4_rerank_v2_20260725/final50_structure_bundle_v1_20260725/docking/archives/CANDIDATE_P1MCPUFP__CPUFP500K_0188__00189_9e6y_s917_ea84855802e9.tar.gz	8d020e5f170b68cb96db9c6d1d1a878872df967a64c396afe5f07d59c2ea70e8	-62.51650000000001	STRICT_A
22		P1MCPUFP__CPUFP500K_0188__00189	9e6y	1931	SUCCESS	cluster_1_model_1.pdb.gz	/data/qlyu/projects/pvrig_top7500_dualpanel_screen_v1_20260724/run/common4_rerank_v2_20260725/final50_structure_bundle_v1_20260725/docking/representative_complexes/R22__P1MCPUFP__CPUFP500K_0188__00189__9e6y__s1931__cluster_1_model_1.pdb	a333a2bbbbd516cbbb04cc3b19ecca75f49b4b3054ae3bbe18e6ef4eb0f4d217	/data1/qlyu/projects/pvrig_c2_new6220_dualreceptor_2seed_docking_results_v1_20260723/c2_new4220/compressed_queue/CANDIDATE_P1MCPUFP__CPUFP500K_0188__00189_9e6y_s1931_aedec1a2c0a9.tar.gz	/data/qlyu/projects/pvrig_top7500_dualpanel_screen_v1_20260724/run/common4_rerank_v2_20260725/final50_structure_bundle_v1_20260725/docking/archives/CANDIDATE_P1MCPUFP__CPUFP500K_0188__00189_9e6y_s1931_aedec1a2c0a9.tar.gz	c5fdea6e1524cc6c0560f15fc131c55634b7efc3b91848d43b0fa048d8a3fffd	-61.63080000000001	STRICT_A
22		P1MCPUFP__CPUFP500K_0188__00189	9e6y	3047	SUCCESS	cluster_1_model_1.pdb.gz	/data/qlyu/projects/pvrig_top7500_dualpanel_screen_v1_20260724/run/common4_rerank_v2_20260725/final50_structure_bundle_v1_20260725/docking/representative_complexes/R22__P1MCPUFP__CPUFP500K_0188__00189__9e6y__s3047__cluster_1_model_1.pdb	8d7e33d6dfcf606d482a56b0a0df400f2c70f17b5e3f3777691a4e5123421634	/data1/qlyu/projects/pvrig_c2_new4220_seed42_3047_docking_results_v1_20260723/c2_new4220_seed42_3047/compressed_queue/CANDIDATE_P1MCPUFP__CPUFP500K_0188__00189_9e6y_s3047_54d351d250ed.tar.gz	/data/qlyu/projects/pvrig_top7500_dualpanel_screen_v1_20260724/run/common4_rerank_v2_20260725/final50_structure_bundle_v1_20260725/docking/archives/CANDIDATE_P1MCPUFP__CPUFP500K_0188__00189_9e6y_s3047_54d351d250ed.tar.gz	61a75145a9dfcb02b82457d61a3cc258cdeb8f1b522d520c068f2cf7e324f95d	-73.15833	STRICT_A
23		P1MCPUFP__CPUFP500K_0207__00174	8x6b	42	SUCCESS	cluster_1_model_1.pdb.gz	/data/qlyu/projects/pvrig_top7500_dualpanel_screen_v1_20260724/run/common4_rerank_v2_20260725/final50_structure_bundle_v1_20260725/docking/representative_complexes/R23__P1MCPUFP__CPUFP500K_0207__00174__8x6b__s42__cluster_1_model_1.pdb	71cddbc464662db2c21921c55f7d5cd4cceac49f4531e48cb41c971cd1c670fa	/data1/qlyu/projects/pvrig_c2_new4220_seed42_3047_docking_results_v1_20260723/c2_new4220_seed42_3047/compressed_queue/CANDIDATE_P1MCPUFP__CPUFP500K_0207__00174_8x6b_s42_92f0f9a14bdf.tar.gz	/data/qlyu/projects/pvrig_top7500_dualpanel_screen_v1_20260724/run/common4_rerank_v2_20260725/final50_structure_bundle_v1_20260725/docking/archives/CANDIDATE_P1MCPUFP__CPUFP500K_0207__00174_8x6b_s42_92f0f9a14bdf.tar.gz	ee792a6ee4df58f423de3fae512a9005d187cf09cd94ac81d4d01da0c7384e9c	-70.55680000000001	STRICT_A
23		P1MCPUFP__CPUFP500K_0207__00174	8x6b	917	SUCCESS	cluster_1_model_1.pdb.gz	/data/qlyu/projects/pvrig_top7500_dualpanel_screen_v1_20260724/run/common4_rerank_v2_20260725/final50_structure_bundle_v1_20260725/docking/representative_complexes/R23__P1MCPUFP__CPUFP500K_0207__00174__8x6b__s917__cluster_1_model_1.pdb	22522275c7b847a979c578ccbd5953fe1bf0d72ea9e33f334198ddf41698cada	/data1/qlyu/projects/pvrig_c2_new6220_dualreceptor_2seed_docking_results_v1_20260723/c2_new4220/compressed_queue/CANDIDATE_P1MCPUFP__CPUFP500K_0207__00174_8x6b_s917_5bf9cf2bf4a7.tar.gz	/data/qlyu/projects/pvrig_top7500_dualpanel_screen_v1_20260724/run/common4_rerank_v2_20260725/final50_structure_bundle_v1_20260725/docking/archives/CANDIDATE_P1MCPUFP__CPUFP500K_0207__00174_8x6b_s917_5bf9cf2bf4a7.tar.gz	bbef81ea15b5ccb8bb00b1b4ae094d160c1ba6bff02b3e5f54ead8f542123409	-89.7637	STRICT_A
23		P1MCPUFP__CPUFP500K_0207__00174	8x6b	1931	SUCCESS	cluster_1_model_1.pdb.gz	/data/qlyu/projects/pvrig_top7500_dualpanel_screen_v1_20260724/run/common4_rerank_v2_20260725/final50_structure_bundle_v1_20260725/docking/representative_complexes/R23__P1MCPUFP__CPUFP500K_0207__00174__8x6b__s1931__cluster_1_model_1.pdb	00b73b8fc4b8b9c78630ac0bcb9f5acfe6143a1205b72fb8bc5e5aa43b916ec2	/data1/qlyu/projects/pvrig_c2_new6220_dualreceptor_2seed_docking_results_v1_20260723/c2_new4220/compressed_queue/CANDIDATE_P1MCPUFP__CPUFP500K_0207__00174_8x6b_s1931_adf2ac6c45dd.tar.gz	/data/qlyu/projects/pvrig_top7500_dualpanel_screen_v1_20260724/run/common4_rerank_v2_20260725/final50_structure_bundle_v1_20260725/docking/archives/CANDIDATE_P1MCPUFP__CPUFP500K_0207__00174_8x6b_s1931_adf2ac6c45dd.tar.gz	75d439f999d960f73bd1758f73298f9a28e27d3eecf100a2efb2d40304910243	-85.471	STRICT_A
23		P1MCPUFP__CPUFP500K_0207__00174	8x6b	3047	SUCCESS	cluster_1_model_1.pdb.gz	/data/qlyu/projects/pvrig_top7500_dualpanel_screen_v1_20260724/run/common4_rerank_v2_20260725/final50_structure_bundle_v1_20260725/docking/representative_complexes/R23__P1MCPUFP__CPUFP500K_0207__00174__8x6b__s3047__cluster_1_model_1.pdb	d6b78e47a713a198d876890b52eedbea296a6e3d05e6d91de61296fa6c835419	/data1/qlyu/projects/pvrig_c2_new4220_seed42_3047_docking_results_v1_20260723/c2_new4220_seed42_3047/compressed_queue/CANDIDATE_P1MCPUFP__CPUFP500K_0207__00174_8x6b_s3047_435276a5354e.tar.gz	/data/qlyu/projects/pvrig_top7500_dualpanel_screen_v1_20260724/run/common4_rerank_v2_20260725/final50_structure_bundle_v1_20260725/docking/archives/CANDIDATE_P1MCPUFP__CPUFP500K_0207__00174_8x6b_s3047_435276a5354e.tar.gz	4e21bbe687fc9ed95bf3f88a2655f42e545bd6f57b1df8eff413741d2f568aba	-86.4219	STRICT_A
23		P1MCPUFP__CPUFP500K_0207__00174	9e6y	42	SUCCESS	cluster_1_model_1.pdb.gz	/data/qlyu/projects/pvrig_top7500_dualpanel_screen_v1_20260724/run/common4_rerank_v2_20260725/final50_structure_bundle_v1_20260725/docking/representative_complexes/R23__P1MCPUFP__CPUFP500K_0207__00174__9e6y__s42__cluster_1_model_1.pdb	39aaf7269fd5d7ab4245f3b9b34420b63b19ae6f839b1b0362052bfd24780d5f	/data1/qlyu/projects/pvrig_c2_new4220_seed42_3047_docking_results_v1_20260723/c2_new4220_seed42_3047/compressed_queue/CANDIDATE_P1MCPUFP__CPUFP500K_0207__00174_9e6y_s42_a0edc67b793a.tar.gz	/data/qlyu/projects/pvrig_top7500_dualpanel_screen_v1_20260724/run/common4_rerank_v2_20260725/final50_structure_bundle_v1_20260725/docking/archives/CANDIDATE_P1MCPUFP__CPUFP500K_0207__00174_9e6y_s42_a0edc67b793a.tar.gz	d628734b36cb590a9f2b6bbd9d4b075ab107027241851e9af8003aa4ced0e8a2	-74.1185	STRICT_A
23		P1MCPUFP__CPUFP500K_0207__00174	9e6y	917	SUCCESS	cluster_1_model_1.pdb.gz	/data/qlyu/projects/pvrig_top7500_dualpanel_screen_v1_20260724/run/common4_rerank_v2_20260725/final50_structure_bundle_v1_20260725/docking/representative_complexes/R23__P1MCPUFP__CPUFP500K_0207__00174__9e6y__s917__cluster_1_model_1.pdb	09c573806b35c7cfb12abc83d7f179adbab12d6a3024fb56d5cd9a4eb79e85c3	/data1/qlyu/projects/pvrig_c2_new6220_dualreceptor_2seed_docking_results_v1_20260723/c2_new4220/compressed_queue/CANDIDATE_P1MCPUFP__CPUFP500K_0207__00174_9e6y_s917_4bc83e4a8c28.tar.gz	/data/qlyu/projects/pvrig_top7500_dualpanel_screen_v1_20260724/run/common4_rerank_v2_20260725/final50_structure_bundle_v1_20260725/docking/archives/CANDIDATE_P1MCPUFP__CPUFP500K_0207__00174_9e6y_s917_4bc83e4a8c28.tar.gz	4a54b0e5a748898e87c140c3ce27795483cd1f3df2b9eae9ebaaa001e68913a7	-81.62637	STRICT_A
23		P1MCPUFP__CPUFP500K_0207__00174	9e6y	1931	SUCCESS	cluster_1_model_1.pdb.gz	/data/qlyu/projects/pvrig_top7500_dualpanel_screen_v1_20260724/run/common4_rerank_v2_20260725/final50_structure_bundle_v1_20260725/docking/representative_complexes/R23__P1MCPUFP__CPUFP500K_0207__00174__9e6y__s1931__cluster_1_model_1.pdb	1af0c5b3f1184ab5f1ca78e6432de9b52c5392971653dd98158906836ce81671	/data1/qlyu/projects/pvrig_c2_new6220_dualreceptor_2seed_docking_results_v1_20260723/c2_new4220/compressed_queue/CANDIDATE_P1MCPUFP__CPUFP500K_0207__00174_9e6y_s1931_91419f48181f.tar.gz	/data/qlyu/projects/pvrig_top7500_dualpanel_screen_v1_20260724/run/common4_rerank_v2_20260725/final50_structure_bundle_v1_20260725/docking/archives/CANDIDATE_P1MCPUFP__CPUFP500K_0207__00174_9e6y_s1931_91419f48181f.tar.gz	cb744619cdf5bf9650be8cb3992e50d87456b33fd5082b6dd9d1dce1ca820b77	-74.74227	STRICT_A
23		P1MCPUFP__CPUFP500K_0207__00174	9e6y	3047	SUCCESS	cluster_1_model_1.pdb.gz	/data/qlyu/projects/pvrig_top7500_dualpanel_screen_v1_20260724/run/common4_rerank_v2_20260725/final50_structure_bundle_v1_20260725/docking/representative_complexes/R23__P1MCPUFP__CPUFP500K_0207__00174__9e6y__s3047__cluster_1_model_1.pdb	3f389e7df16e7c1bd43bab5bca8dab1e8c8a128aaa1dc2d899b24f42f4e1c729	/data1/qlyu/projects/pvrig_c2_new4220_seed42_3047_docking_results_v1_20260723/c2_new4220_seed42_3047/compressed_queue/CANDIDATE_P1MCPUFP__CPUFP500K_0207__00174_9e6y_s3047_3f9c3158c3e5.tar.gz	/data/qlyu/projects/pvrig_top7500_dualpanel_screen_v1_20260724/run/common4_rerank_v2_20260725/final50_structure_bundle_v1_20260725/docking/archives/CANDIDATE_P1MCPUFP__CPUFP500K_0207__00174_9e6y_s3047_3f9c3158c3e5.tar.gz	964edfca5c1586850adc011d27319b10b81aba1c24011997d54a75b6642c440f	-65.32749999999999	STRICT_A
24		P1MCPUFP__CPUFP500K_0405__00049	8x6b	42	SUCCESS	cluster_1_model_1.pdb.gz	/data/qlyu/projects/pvrig_top7500_dualpanel_screen_v1_20260724/run/common4_rerank_v2_20260725/final50_structure_bundle_v1_20260725/docking/representative_complexes/R24__P1MCPUFP__CPUFP500K_0405__00049__8x6b__s42__cluster_1_model_1.pdb	cf1c5d81864a7156628b3c070041e17e095b07a3f18aa139d315c711cfc0ca83	/data1/qlyu/projects/pvrig_top200_common4_seed_completion106_docking_results_v1_20260725/top200_seed_completion/compressed_queue/CANDIDATE_P1MCPUFP__CPUFP500K_0405__00049_8x6b_s42_9727ecd84fc0.tar.gz	/data/qlyu/projects/pvrig_top7500_dualpanel_screen_v1_20260724/run/common4_rerank_v2_20260725/final50_structure_bundle_v1_20260725/docking/archives/CANDIDATE_P1MCPUFP__CPUFP500K_0405__00049_8x6b_s42_9727ecd84fc0.tar.gz	a0b2cdef4a4a65fd025e03c174086dcbaa6667f56eae16c1f28c8bf6fc7421ca	-62.92629999999999	STRICT_A
24		P1MCPUFP__CPUFP500K_0405__00049	8x6b	917	SUCCESS	cluster_1_model_1.pdb.gz	/data/qlyu/projects/pvrig_top7500_dualpanel_screen_v1_20260724/run/common4_rerank_v2_20260725/final50_structure_bundle_v1_20260725/docking/representative_complexes/R24__P1MCPUFP__CPUFP500K_0405__00049__8x6b__s917__cluster_1_model_1.pdb	72a235c6c73d39bc90ff75e6b755ecdbc60fe3783e3991bb381058151a1298e2	/data1/qlyu/projects/pvrig_priority_top7500_dualreceptor_multiseed_docking_results_v1_20260722/top7500_25k/compressed_queue/CANDIDATE_P1MCPUFP__CPUFP500K_0405__00049_8x6b_s917_272423850f3c.tar.gz	/data/qlyu/projects/pvrig_top7500_dualpanel_screen_v1_20260724/run/common4_rerank_v2_20260725/final50_structure_bundle_v1_20260725/docking/archives/CANDIDATE_P1MCPUFP__CPUFP500K_0405__00049_8x6b_s917_272423850f3c.tar.gz	9dba04df3c9c3f8c485dc0ab256f21c1f4228ba86ccef7b227d8e9c937214dc7	-70.18110000000001	STRICT_A
24		P1MCPUFP__CPUFP500K_0405__00049	8x6b	1931	SUCCESS	cluster_1_model_1.pdb.gz	/data/qlyu/projects/pvrig_top7500_dualpanel_screen_v1_20260724/run/common4_rerank_v2_20260725/final50_structure_bundle_v1_20260725/docking/representative_complexes/R24__P1MCPUFP__CPUFP500K_0405__00049__8x6b__s1931__cluster_1_model_1.pdb	7373d4e48e15f3a38732b214b2217e3fd70769db2eca487e32e7a9acd9e245a4	/data1/qlyu/projects/pvrig_priority_top7500_dualreceptor_multiseed_docking_results_v1_20260722/top7500_25k/compressed_queue/CANDIDATE_P1MCPUFP__CPUFP500K_0405__00049_8x6b_s1931_0e5b422ed1ea.tar.gz	/data/qlyu/projects/pvrig_top7500_dualpanel_screen_v1_20260724/run/common4_rerank_v2_20260725/final50_structure_bundle_v1_20260725/docking/archives/CANDIDATE_P1MCPUFP__CPUFP500K_0405__00049_8x6b_s1931_0e5b422ed1ea.tar.gz	574e78edf022efe3802d75668243714ebda14717fd1a1208f165dbedd36455b4	-86.26068	STRICT_A
24		P1MCPUFP__CPUFP500K_0405__00049	8x6b	3047	SUCCESS	cluster_1_model_1.pdb.gz	/data/qlyu/projects/pvrig_top7500_dualpanel_screen_v1_20260724/run/common4_rerank_v2_20260725/final50_structure_bundle_v1_20260725/docking/representative_complexes/R24__P1MCPUFP__CPUFP500K_0405__00049__8x6b__s3047__cluster_1_model_1.pdb	4ee135329b5b8454f3b20a00b155f8c3a4692dd4516c1cf09e3fc4b993d49ef8	/data1/qlyu/projects/pvrig_top200_common4_seed_completion106_docking_results_v1_20260725/top200_seed_completion/compressed_queue/CANDIDATE_P1MCPUFP__CPUFP500K_0405__00049_8x6b_s3047_210eec95f613.tar.gz	/data/qlyu/projects/pvrig_top7500_dualpanel_screen_v1_20260724/run/common4_rerank_v2_20260725/final50_structure_bundle_v1_20260725/docking/archives/CANDIDATE_P1MCPUFP__CPUFP500K_0405__00049_8x6b_s3047_210eec95f613.tar.gz	9e1c7bf3b012fc0cc59078212d079bb8967d1b49bc3bd637b409c46f613a4b45	-73.8998	STRICT_A
24		P1MCPUFP__CPUFP500K_0405__00049	9e6y	42	SUCCESS	cluster_1_model_1.pdb.gz	/data/qlyu/projects/pvrig_top7500_dualpanel_screen_v1_20260724/run/common4_rerank_v2_20260725/final50_structure_bundle_v1_20260725/docking/representative_complexes/R24__P1MCPUFP__CPUFP500K_0405__00049__9e6y__s42__cluster_1_model_1.pdb	b7b239ccce4ee1b37a70ad47a6471329daa9e9a501915b33219a42cf97138270	/data1/qlyu/projects/pvrig_top200_common4_seed_completion106_docking_results_v1_20260725/top200_seed_completion/compressed_queue/CANDIDATE_P1MCPUFP__CPUFP500K_0405__00049_9e6y_s42_8f2895efa377.tar.gz	/data/qlyu/projects/pvrig_top7500_dualpanel_screen_v1_20260724/run/common4_rerank_v2_20260725/final50_structure_bundle_v1_20260725/docking/archives/CANDIDATE_P1MCPUFP__CPUFP500K_0405__00049_9e6y_s42_8f2895efa377.tar.gz	fab9937d47da1beb4735780d34964714672915e4304394a23d18991bef7a1fd8	-65.97200000000001	STRICT_A
24		P1MCPUFP__CPUFP500K_0405__00049	9e6y	917	SUCCESS	cluster_1_model_1.pdb.gz	/data/qlyu/projects/pvrig_top7500_dualpanel_screen_v1_20260724/run/common4_rerank_v2_20260725/final50_structure_bundle_v1_20260725/docking/representative_complexes/R24__P1MCPUFP__CPUFP500K_0405__00049__9e6y__s917__cluster_1_model_1.pdb	3b8a53d13733d39c7cf8c842ee4eb0f8e77feb51094bda51bfc5945140d740c2	/data1/qlyu/projects/pvrig_priority_top7500_dualreceptor_multiseed_docking_results_v1_20260722/top7500_25k/compressed_queue/CANDIDATE_P1MCPUFP__CPUFP500K_0405__00049_9e6y_s917_452b3f663d83.tar.gz	/data/qlyu/projects/pvrig_top7500_dualpanel_screen_v1_20260724/run/common4_rerank_v2_20260725/final50_structure_bundle_v1_20260725/docking/archives/CANDIDATE_P1MCPUFP__CPUFP500K_0405__00049_9e6y_s917_452b3f663d83.tar.gz	c23950f82c36102d1c89106046d54973dd034691f6c09049312df6b8f7b503e0	-65.27739999999999	STRICT_A
24		P1MCPUFP__CPUFP500K_0405__00049	9e6y	1931	SUCCESS	cluster_1_model_1.pdb.gz	/data/qlyu/projects/pvrig_top7500_dualpanel_screen_v1_20260724/run/common4_rerank_v2_20260725/final50_structure_bundle_v1_20260725/docking/representative_complexes/R24__P1MCPUFP__CPUFP500K_0405__00049__9e6y__s1931__cluster_1_model_1.pdb	4d053216d156c8190cea15a3aa3035d8e0b2cd35506f1b4441e3f1628395c0dd	/data1/qlyu/projects/pvrig_priority_top7500_dualreceptor_multiseed_docking_results_v1_20260722/top7500_25k/compressed_queue/CANDIDATE_P1MCPUFP__CPUFP500K_0405__00049_9e6y_s1931_82db21cd597f.tar.gz	/data/qlyu/projects/pvrig_top7500_dualpanel_screen_v1_20260724/run/common4_rerank_v2_20260725/final50_structure_bundle_v1_20260725/docking/archives/CANDIDATE_P1MCPUFP__CPUFP500K_0405__00049_9e6y_s1931_82db21cd597f.tar.gz	8d13f93cc3899d8231c9661fcae4b7a349c74cefc67b1ade7386dbd3db664fd6	-71.1071	STRICT_A
24		P1MCPUFP__CPUFP500K_0405__00049	9e6y	3047	SUCCESS	cluster_1_model_1.pdb.gz	/data/qlyu/projects/pvrig_top7500_dualpanel_screen_v1_20260724/run/common4_rerank_v2_20260725/final50_structure_bundle_v1_20260725/docking/representative_complexes/R24__P1MCPUFP__CPUFP500K_0405__00049__9e6y__s3047__cluster_1_model_1.pdb	7c1e563cddf2633eddd57bf4ad4a823d973eff55cb0ef1f78f1fd1ca4d6c93f4	/data1/qlyu/projects/pvrig_top200_common4_seed_completion106_docking_results_v1_20260725/top200_seed_completion/compressed_queue/CANDIDATE_P1MCPUFP__CPUFP500K_0405__00049_9e6y_s3047_927fef1b77a1.tar.gz	/data/qlyu/projects/pvrig_top7500_dualpanel_screen_v1_20260724/run/common4_rerank_v2_20260725/final50_structure_bundle_v1_20260725/docking/archives/CANDIDATE_P1MCPUFP__CPUFP500K_0405__00049_9e6y_s3047_927fef1b77a1.tar.gz	295e29da613735f5b402a43b097908c993b6f076ce11ef1df5460ee80a29450d	-67.41029999999999	STRICT_A
25		P1MCPUFP__CPUFP500K_0108__00054	8x6b	42	SUCCESS	cluster_1_model_1.pdb.gz	/data/qlyu/projects/pvrig_top7500_dualpanel_screen_v1_20260724/run/common4_rerank_v2_20260725/final50_structure_bundle_v1_20260725/docking/representative_complexes/R25__P1MCPUFP__CPUFP500K_0108__00054__8x6b__s42__cluster_1_model_1.pdb	a83e360da59a190736e175c1f03ed00f1179606f035ede9a1803982f370e02cb	/data1/qlyu/projects/pvrig_c2_new4220_seed42_3047_docking_results_v1_20260723/c2_new4220_seed42_3047/compressed_queue/CANDIDATE_P1MCPUFP__CPUFP500K_0108__00054_8x6b_s42_5980fee6ab26.tar.gz	/data/qlyu/projects/pvrig_top7500_dualpanel_screen_v1_20260724/run/common4_rerank_v2_20260725/final50_structure_bundle_v1_20260725/docking/archives/CANDIDATE_P1MCPUFP__CPUFP500K_0108__00054_8x6b_s42_5980fee6ab26.tar.gz	7292ab959495d8d985b8df51c71efcb3851055b926c682abc06eadb1b6c5645b	-52.73336	STRICT_A
25		P1MCPUFP__CPUFP500K_0108__00054	8x6b	917	SUCCESS	cluster_1_model_1.pdb.gz	/data/qlyu/projects/pvrig_top7500_dualpanel_screen_v1_20260724/run/common4_rerank_v2_20260725/final50_structure_bundle_v1_20260725/docking/representative_complexes/R25__P1MCPUFP__CPUFP500K_0108__00054__8x6b__s917__cluster_1_model_1.pdb	9038ed65e6e552a40871c01a71f600ef3e56e81f8126302c020544ab5f2ab623	/data1/qlyu/projects/pvrig_c2_new6220_dualreceptor_2seed_docking_results_v1_20260723/c2_new4220/compressed_queue/CANDIDATE_P1MCPUFP__CPUFP500K_0108__00054_8x6b_s917_fb78da6872c2.tar.gz	/data/qlyu/projects/pvrig_top7500_dualpanel_screen_v1_20260724/run/common4_rerank_v2_20260725/final50_structure_bundle_v1_20260725/docking/archives/CANDIDATE_P1MCPUFP__CPUFP500K_0108__00054_8x6b_s917_fb78da6872c2.tar.gz	2db0a4e380e813c1b7e13f1a5d6acdaac34bbb335a2d966f1d64064795b35c79	-63.77911000000001	STRICT_A
25		P1MCPUFP__CPUFP500K_0108__00054	8x6b	1931	SUCCESS	cluster_1_model_1.pdb.gz	/data/qlyu/projects/pvrig_top7500_dualpanel_screen_v1_20260724/run/common4_rerank_v2_20260725/final50_structure_bundle_v1_20260725/docking/representative_complexes/R25__P1MCPUFP__CPUFP500K_0108__00054__8x6b__s1931__cluster_1_model_1.pdb	050a4731addff284bde014434f9d5b131a0c31920c6a7066d0880e5e2816d5aa	/data1/qlyu/projects/pvrig_c2_new6220_dualreceptor_2seed_docking_results_v1_20260723/c2_new4220/compressed_queue/CANDIDATE_P1MCPUFP__CPUFP500K_0108__00054_8x6b_s1931_41daed690347.tar.gz	/data/qlyu/projects/pvrig_top7500_dualpanel_screen_v1_20260724/run/common4_rerank_v2_20260725/final50_structure_bundle_v1_20260725/docking/archives/CANDIDATE_P1MCPUFP__CPUFP500K_0108__00054_8x6b_s1931_41daed690347.tar.gz	ba3274bfb31df08be73027b81e2bb7f6e4dc5b4bbf364919919f40d67268d701	-52.753840000000004	STRICT_A
25		P1MCPUFP__CPUFP500K_0108__00054	8x6b	3047	SUCCESS	cluster_1_model_1.pdb.gz	/data/qlyu/projects/pvrig_top7500_dualpanel_screen_v1_20260724/run/common4_rerank_v2_20260725/final50_structure_bundle_v1_20260725/docking/representative_complexes/R25__P1MCPUFP__CPUFP500K_0108__00054__8x6b__s3047__cluster_1_model_1.pdb	6ab682c0a848862ee22ab74a60ba87f0bfa7cbb8206a549b03980539b6d187d1	/data1/qlyu/projects/pvrig_c2_new4220_seed42_3047_docking_results_v1_20260723/c2_new4220_seed42_3047/compressed_queue/CANDIDATE_P1MCPUFP__CPUFP500K_0108__00054_8x6b_s3047_923760cf2590.tar.gz	/data/qlyu/projects/pvrig_top7500_dualpanel_screen_v1_20260724/run/common4_rerank_v2_20260725/final50_structure_bundle_v1_20260725/docking/archives/CANDIDATE_P1MCPUFP__CPUFP500K_0108__00054_8x6b_s3047_923760cf2590.tar.gz	ccfaf7a318ca509ab153501f51099c3d4b1c214aa2b62df32cf62901cf5b66dd	-49.15899999999999	STRICT_A
25		P1MCPUFP__CPUFP500K_0108__00054	9e6y	42	SUCCESS	cluster_1_model_1.pdb.gz	/data/qlyu/projects/pvrig_top7500_dualpanel_screen_v1_20260724/run/common4_rerank_v2_20260725/final50_structure_bundle_v1_20260725/docking/representative_complexes/R25__P1MCPUFP__CPUFP500K_0108__00054__9e6y__s42__cluster_1_model_1.pdb	dc7562be2740073ac5a5b60c5bbbea7fd3391179ea15083c256c4fa4a55ed4f8	/data1/qlyu/projects/pvrig_c2_new4220_seed42_3047_docking_results_v1_20260723/c2_new4220_seed42_3047/compressed_queue/CANDIDATE_P1MCPUFP__CPUFP500K_0108__00054_9e6y_s42_54af117d35b7.tar.gz	/data/qlyu/projects/pvrig_top7500_dualpanel_screen_v1_20260724/run/common4_rerank_v2_20260725/final50_structure_bundle_v1_20260725/docking/archives/CANDIDATE_P1MCPUFP__CPUFP500K_0108__00054_9e6y_s42_54af117d35b7.tar.gz	9965fdf7b6abeb1041cf66b4fcb332c20f9a080fba592519c091642f4017a4ab	-61.45339	STRICT_A
25		P1MCPUFP__CPUFP500K_0108__00054	9e6y	917	SUCCESS	cluster_1_model_1.pdb.gz	/data/qlyu/projects/pvrig_top7500_dualpanel_screen_v1_20260724/run/common4_rerank_v2_20260725/final50_structure_bundle_v1_20260725/docking/representative_complexes/R25__P1MCPUFP__CPUFP500K_0108__00054__9e6y__s917__cluster_1_model_1.pdb	f097fcea66663e6020967887dcb386d86f2882c3ce67992f6a6232ab40e5bf6a	/data1/qlyu/projects/pvrig_c2_new6220_dualreceptor_2seed_docking_results_v1_20260723/c2_new4220/compressed_queue/CANDIDATE_P1MCPUFP__CPUFP500K_0108__00054_9e6y_s917_b220a1d53a60.tar.gz	/data/qlyu/projects/pvrig_top7500_dualpanel_screen_v1_20260724/run/common4_rerank_v2_20260725/final50_structure_bundle_v1_20260725/docking/archives/CANDIDATE_P1MCPUFP__CPUFP500K_0108__00054_9e6y_s917_b220a1d53a60.tar.gz	51863e63c15d2314db832a3bd68edbc18aaafa78465a3e373042e5e287dd85c9	-52.84597	STRICT_A
25		P1MCPUFP__CPUFP500K_0108__00054	9e6y	1931	SUCCESS	cluster_1_model_1.pdb.gz	/data/qlyu/projects/pvrig_top7500_dualpanel_screen_v1_20260724/run/common4_rerank_v2_20260725/final50_structure_bundle_v1_20260725/docking/representative_complexes/R25__P1MCPUFP__CPUFP500K_0108__00054__9e6y__s1931__cluster_1_model_1.pdb	627fc3298fdf4d3f2abdf9a22c162ee4b2567652cc72dd7a33f646fc4950a549	/data1/qlyu/projects/pvrig_c2_new6220_dualreceptor_2seed_docking_results_v1_20260723/c2_new4220/compressed_queue/CANDIDATE_P1MCPUFP__CPUFP500K_0108__00054_9e6y_s1931_2227405cc65e.tar.gz	/data/qlyu/projects/pvrig_top7500_dualpanel_screen_v1_20260724/run/common4_rerank_v2_20260725/final50_structure_bundle_v1_20260725/docking/archives/CANDIDATE_P1MCPUFP__CPUFP500K_0108__00054_9e6y_s1931_2227405cc65e.tar.gz	087c71e3022f8f40371e66fe3fe811da852aab213ceb3f820aa9e02432be842e	-72.7391	STRICT_A
25		P1MCPUFP__CPUFP500K_0108__00054	9e6y	3047	SUCCESS	cluster_1_model_1.pdb.gz	/data/qlyu/projects/pvrig_top7500_dualpanel_screen_v1_20260724/run/common4_rerank_v2_20260725/final50_structure_bundle_v1_20260725/docking/representative_complexes/R25__P1MCPUFP__CPUFP500K_0108__00054__9e6y__s3047__cluster_1_model_1.pdb	977518fbe5fe4a45b025ab2418d5d0a722e7690ba62f39a8a89811fe503fafaf	/data1/qlyu/projects/pvrig_c2_new4220_seed42_3047_docking_results_v1_20260723/c2_new4220_seed42_3047/compressed_queue/CANDIDATE_P1MCPUFP__CPUFP500K_0108__00054_9e6y_s3047_e41cf06fd9c3.tar.gz	/data/qlyu/projects/pvrig_top7500_dualpanel_screen_v1_20260724/run/common4_rerank_v2_20260725/final50_structure_bundle_v1_20260725/docking/archives/CANDIDATE_P1MCPUFP__CPUFP500K_0108__00054_9e6y_s3047_e41cf06fd9c3.tar.gz	490b793302ee531f9f92c890d50bb1133e94c30e85b29704eb72af8e911e34e9	-47.83467000000001	STRICT_A
26		P1MCPUFP__CPUFP500K_0188__00364	8x6b	42	SUCCESS	cluster_1_model_1.pdb.gz	/data/qlyu/projects/pvrig_top7500_dualpanel_screen_v1_20260724/run/common4_rerank_v2_20260725/final50_structure_bundle_v1_20260725/docking/representative_complexes/R26__P1MCPUFP__CPUFP500K_0188__00364__8x6b__s42__cluster_1_model_1.pdb	8658d49b2bbad4c4eac0ab547fd281802f113b5dbf1c3539072270232b9ebc27	/data1/qlyu/projects/pvrig_c2_new4220_seed42_3047_docking_results_v1_20260723/c2_new4220_seed42_3047/compressed_queue/CANDIDATE_P1MCPUFP__CPUFP500K_0188__00364_8x6b_s42_ba9214d773d5.tar.gz	/data/qlyu/projects/pvrig_top7500_dualpanel_screen_v1_20260724/run/common4_rerank_v2_20260725/final50_structure_bundle_v1_20260725/docking/archives/CANDIDATE_P1MCPUFP__CPUFP500K_0188__00364_8x6b_s42_ba9214d773d5.tar.gz	9727f7b2d711520de6e1947abca31a17b0a0a0fad4c0af7e35ac496b5173d49b	-68.8321	STRICT_A
26		P1MCPUFP__CPUFP500K_0188__00364	8x6b	917	SUCCESS	cluster_1_model_1.pdb.gz	/data/qlyu/projects/pvrig_top7500_dualpanel_screen_v1_20260724/run/common4_rerank_v2_20260725/final50_structure_bundle_v1_20260725/docking/representative_complexes/R26__P1MCPUFP__CPUFP500K_0188__00364__8x6b__s917__cluster_1_model_1.pdb	cfd742d48abbff055a547278e15e25f94939b04c4fffa0adbe0e70e33e74c491	/data1/qlyu/projects/pvrig_c2_new6220_dualreceptor_2seed_docking_results_v1_20260723/c2_new4220/compressed_queue/CANDIDATE_P1MCPUFP__CPUFP500K_0188__00364_8x6b_s917_0d8660ecb7a7.tar.gz	/data/qlyu/projects/pvrig_top7500_dualpanel_screen_v1_20260724/run/common4_rerank_v2_20260725/final50_structure_bundle_v1_20260725/docking/archives/CANDIDATE_P1MCPUFP__CPUFP500K_0188__00364_8x6b_s917_0d8660ecb7a7.tar.gz	d353fc31663b896ac9d567083a32255b898ca296c8fd4d5020892ccbae660a83	-80.33890000000001	STRICT_A
26		P1MCPUFP__CPUFP500K_0188__00364	8x6b	1931	SUCCESS	cluster_1_model_1.pdb.gz	/data/qlyu/projects/pvrig_top7500_dualpanel_screen_v1_20260724/run/common4_rerank_v2_20260725/final50_structure_bundle_v1_20260725/docking/representative_complexes/R26__P1MCPUFP__CPUFP500K_0188__00364__8x6b__s1931__cluster_1_model_1.pdb	ee701ccd647a9c1d8c295863b620b4e3b665432b46e344b223ef2ab5246a2c1e	/data1/qlyu/projects/pvrig_c2_new6220_dualreceptor_2seed_docking_results_v1_20260723/c2_new4220/compressed_queue/CANDIDATE_P1MCPUFP__CPUFP500K_0188__00364_8x6b_s1931_63ccd1ae511e.tar.gz	/data/qlyu/projects/pvrig_top7500_dualpanel_screen_v1_20260724/run/common4_rerank_v2_20260725/final50_structure_bundle_v1_20260725/docking/archives/CANDIDATE_P1MCPUFP__CPUFP500K_0188__00364_8x6b_s1931_63ccd1ae511e.tar.gz	b3aff2e675f2da370a4ece9294567aef11047b1e5d515ffce030e089779e0f4d	-72.88910000000001	STRICT_A
26		P1MCPUFP__CPUFP500K_0188__00364	8x6b	3047	SUCCESS	cluster_1_model_1.pdb.gz	/data/qlyu/projects/pvrig_top7500_dualpanel_screen_v1_20260724/run/common4_rerank_v2_20260725/final50_structure_bundle_v1_20260725/docking/representative_complexes/R26__P1MCPUFP__CPUFP500K_0188__00364__8x6b__s3047__cluster_1_model_1.pdb	6b242ae61d501a8910c5d2d2660af568968a32cc5f6547bf7c1074504c3b84a4	/data1/qlyu/projects/pvrig_c2_new4220_seed42_3047_docking_results_v1_20260723/c2_new4220_seed42_3047/compressed_queue/CANDIDATE_P1MCPUFP__CPUFP500K_0188__00364_8x6b_s3047_71f393652237.tar.gz	/data/qlyu/projects/pvrig_top7500_dualpanel_screen_v1_20260724/run/common4_rerank_v2_20260725/final50_structure_bundle_v1_20260725/docking/archives/CANDIDATE_P1MCPUFP__CPUFP500K_0188__00364_8x6b_s3047_71f393652237.tar.gz	35bb716ba4530dcae682c59657221974e62e1c837f58c0857f42da0f06fdcfaf	-70.8109	STRICT_A
26		P1MCPUFP__CPUFP500K_0188__00364	9e6y	42	SUCCESS	cluster_1_model_1.pdb.gz	/data/qlyu/projects/pvrig_top7500_dualpanel_screen_v1_20260724/run/common4_rerank_v2_20260725/final50_structure_bundle_v1_20260725/docking/representative_complexes/R26__P1MCPUFP__CPUFP500K_0188__00364__9e6y__s42__cluster_1_model_1.pdb	01da7a2935a55d9e283c0a86991fefb4187b48add3004506e9089d13d90a5b00	/data1/qlyu/projects/pvrig_c2_new4220_seed42_3047_docking_results_v1_20260723/c2_new4220_seed42_3047/compressed_queue/CANDIDATE_P1MCPUFP__CPUFP500K_0188__00364_9e6y_s42_7930badfc28c.tar.gz	/data/qlyu/projects/pvrig_top7500_dualpanel_screen_v1_20260724/run/common4_rerank_v2_20260725/final50_structure_bundle_v1_20260725/docking/archives/CANDIDATE_P1MCPUFP__CPUFP500K_0188__00364_9e6y_s42_7930badfc28c.tar.gz	7e71e5f3eeb89cc1fd2f8c2eecaf620c77ba113e22d82d3c5bd24658823bf74c	-68.42609999999999	STRICT_A
26		P1MCPUFP__CPUFP500K_0188__00364	9e6y	917	SUCCESS	cluster_1_model_1.pdb.gz	/data/qlyu/projects/pvrig_top7500_dualpanel_screen_v1_20260724/run/common4_rerank_v2_20260725/final50_structure_bundle_v1_20260725/docking/representative_complexes/R26__P1MCPUFP__CPUFP500K_0188__00364__9e6y__s917__cluster_1_model_1.pdb	31e48427a70bbe3ba61a8710a2b755c67ca5f1fdd9c34e62f401c384ab9bf9aa	/data1/qlyu/projects/pvrig_c2_new6220_dualreceptor_2seed_docking_results_v1_20260723/c2_new4220/compressed_queue/CANDIDATE_P1MCPUFP__CPUFP500K_0188__00364_9e6y_s917_da5c0d11fb3d.tar.gz	/data/qlyu/projects/pvrig_top7500_dualpanel_screen_v1_20260724/run/common4_rerank_v2_20260725/final50_structure_bundle_v1_20260725/docking/archives/CANDIDATE_P1MCPUFP__CPUFP500K_0188__00364_9e6y_s917_da5c0d11fb3d.tar.gz	3676c11fb995cbe368a5b818e8d0f45c32ff205c26f9590d13fc04f7cfe629e3	-78.99279999999999	STRICT_A
26		P1MCPUFP__CPUFP500K_0188__00364	9e6y	1931	SUCCESS	cluster_1_model_1.pdb.gz	/data/qlyu/projects/pvrig_top7500_dualpanel_screen_v1_20260724/run/common4_rerank_v2_20260725/final50_structure_bundle_v1_20260725/docking/representative_complexes/R26__P1MCPUFP__CPUFP500K_0188__00364__9e6y__s1931__cluster_1_model_1.pdb	d0ddf370758ad01e2512a835105817524e12dd7e3ad8a239be16452eaa74d169	/data1/qlyu/projects/pvrig_c2_new6220_dualreceptor_2seed_docking_results_v1_20260723/c2_new4220/compressed_queue/CANDIDATE_P1MCPUFP__CPUFP500K_0188__00364_9e6y_s1931_d6ee5c4f06cf.tar.gz	/data/qlyu/projects/pvrig_top7500_dualpanel_screen_v1_20260724/run/common4_rerank_v2_20260725/final50_structure_bundle_v1_20260725/docking/archives/CANDIDATE_P1MCPUFP__CPUFP500K_0188__00364_9e6y_s1931_d6ee5c4f06cf.tar.gz	4502a86a8e7e39de9afaf128d17ee0f4f5f715953d28dafe9a079b2f1facc4b7	-68.3435	STRICT_A
26		P1MCPUFP__CPUFP500K_0188__00364	9e6y	3047	SUCCESS	cluster_1_model_1.pdb.gz	/data/qlyu/projects/pvrig_top7500_dualpanel_screen_v1_20260724/run/common4_rerank_v2_20260725/final50_structure_bundle_v1_20260725/docking/representative_complexes/R26__P1MCPUFP__CPUFP500K_0188__00364__9e6y__s3047__cluster_1_model_1.pdb	3164f40af866f2b5a819de14d702ec68b62110b4875d2b7b05fcfed4ee7f0d1a	/data1/qlyu/projects/pvrig_c2_new4220_seed42_3047_docking_results_v1_20260723/c2_new4220_seed42_3047/compressed_queue/CANDIDATE_P1MCPUFP__CPUFP500K_0188__00364_9e6y_s3047_dbf8ee9e1d1f.tar.gz	/data/qlyu/projects/pvrig_top7500_dualpanel_screen_v1_20260724/run/common4_rerank_v2_20260725/final50_structure_bundle_v1_20260725/docking/archives/CANDIDATE_P1MCPUFP__CPUFP500K_0188__00364_9e6y_s3047_dbf8ee9e1d1f.tar.gz	e39a172df50df6bb1e75bd1877537920f6a96801474026b8e0116ce1b614fda7	-64.29480000000001	STRICT_A
27		P1MCPUFP__CPUFP500K_0185__00273	8x6b	42	SUCCESS	cluster_1_model_1.pdb.gz	/data/qlyu/projects/pvrig_top7500_dualpanel_screen_v1_20260724/run/common4_rerank_v2_20260725/final50_structure_bundle_v1_20260725/docking/representative_complexes/R27__P1MCPUFP__CPUFP500K_0185__00273__8x6b__s42__cluster_1_model_1.pdb	a17e1aacce3a9f796e82d64e05fb7968757adc16068f063fb137455b7858b6a3	/data1/qlyu/projects/pvrig_c2_new4220_seed42_3047_docking_results_v1_20260723/c2_new4220_seed42_3047/compressed_queue/CANDIDATE_P1MCPUFP__CPUFP500K_0185__00273_8x6b_s42_d0bbc3c430e3.tar.gz	/data/qlyu/projects/pvrig_top7500_dualpanel_screen_v1_20260724/run/common4_rerank_v2_20260725/final50_structure_bundle_v1_20260725/docking/archives/CANDIDATE_P1MCPUFP__CPUFP500K_0185__00273_8x6b_s42_d0bbc3c430e3.tar.gz	fa315e93fd29deeb8090d75ca10b2fe5ed2f35c654b23d7ec3cf0e97b1ef34cb	-65.2159	STRICT_A
27		P1MCPUFP__CPUFP500K_0185__00273	8x6b	917	SUCCESS	cluster_1_model_1.pdb.gz	/data/qlyu/projects/pvrig_top7500_dualpanel_screen_v1_20260724/run/common4_rerank_v2_20260725/final50_structure_bundle_v1_20260725/docking/representative_complexes/R27__P1MCPUFP__CPUFP500K_0185__00273__8x6b__s917__cluster_1_model_1.pdb	27271f3e1053d3807daa9b3d11a3846e5d2b4fc65de5315c9a206a039ff4d99f	/data1/qlyu/projects/pvrig_c2_new6220_dualreceptor_2seed_docking_results_v1_20260723/c2_new4220/compressed_queue/CANDIDATE_P1MCPUFP__CPUFP500K_0185__00273_8x6b_s917_4bad50a0dc8c.tar.gz	/data/qlyu/projects/pvrig_top7500_dualpanel_screen_v1_20260724/run/common4_rerank_v2_20260725/final50_structure_bundle_v1_20260725/docking/archives/CANDIDATE_P1MCPUFP__CPUFP500K_0185__00273_8x6b_s917_4bad50a0dc8c.tar.gz	84da30fe1fa7872d2e5b6c1df772a1037b8ecf459c899322ae2f342a3efd0de6	-60.170370000000005	STRICT_A
27		P1MCPUFP__CPUFP500K_0185__00273	8x6b	1931	SUCCESS	cluster_1_model_1.pdb.gz	/data/qlyu/projects/pvrig_top7500_dualpanel_screen_v1_20260724/run/common4_rerank_v2_20260725/final50_structure_bundle_v1_20260725/docking/representative_complexes/R27__P1MCPUFP__CPUFP500K_0185__00273__8x6b__s1931__cluster_1_model_1.pdb	e081986c67d029436ec411f80e5bd55ba22f66e6af2a4ca651bea5d1594d057c	/data1/qlyu/projects/pvrig_c2_new6220_dualreceptor_2seed_docking_results_v1_20260723/c2_new4220/compressed_queue/CANDIDATE_P1MCPUFP__CPUFP500K_0185__00273_8x6b_s1931_f7ec9f57074b.tar.gz	/data/qlyu/projects/pvrig_top7500_dualpanel_screen_v1_20260724/run/common4_rerank_v2_20260725/final50_structure_bundle_v1_20260725/docking/archives/CANDIDATE_P1MCPUFP__CPUFP500K_0185__00273_8x6b_s1931_f7ec9f57074b.tar.gz	c2e2c51d6a7dbb183e24b98d78ab02dc0e9a9a99d1cab3365a956542f9010108	-75.1725	STRICT_A
27		P1MCPUFP__CPUFP500K_0185__00273	8x6b	3047	SUCCESS	cluster_1_model_1.pdb.gz	/data/qlyu/projects/pvrig_top7500_dualpanel_screen_v1_20260724/run/common4_rerank_v2_20260725/final50_structure_bundle_v1_20260725/docking/representative_complexes/R27__P1MCPUFP__CPUFP500K_0185__00273__8x6b__s3047__cluster_1_model_1.pdb	544ad9c41147f857657eb4bdb2ed10edebb059974e6e207aabea25acacf3bdac	/data1/qlyu/projects/pvrig_c2_new4220_seed42_3047_docking_results_v1_20260723/c2_new4220_seed42_3047/compressed_queue/CANDIDATE_P1MCPUFP__CPUFP500K_0185__00273_8x6b_s3047_dc32d8f76715.tar.gz	/data/qlyu/projects/pvrig_top7500_dualpanel_screen_v1_20260724/run/common4_rerank_v2_20260725/final50_structure_bundle_v1_20260725/docking/archives/CANDIDATE_P1MCPUFP__CPUFP500K_0185__00273_8x6b_s3047_dc32d8f76715.tar.gz	9185a783dfab632bbea5f148b901ec05547be9ffa1c5cc8d2c74d3dde6eae677	-88.1922	STRICT_A
27		P1MCPUFP__CPUFP500K_0185__00273	9e6y	42	SUCCESS	cluster_1_model_1.pdb.gz	/data/qlyu/projects/pvrig_top7500_dualpanel_screen_v1_20260724/run/common4_rerank_v2_20260725/final50_structure_bundle_v1_20260725/docking/representative_complexes/R27__P1MCPUFP__CPUFP500K_0185__00273__9e6y__s42__cluster_1_model_1.pdb	6c2646dc33894fe4132cf023b25b3b415ea40a3bff19a589e5ad72d45de0a009	/data1/qlyu/projects/pvrig_c2_new4220_seed42_3047_docking_results_v1_20260723/c2_new4220_seed42_3047/compressed_queue/CANDIDATE_P1MCPUFP__CPUFP500K_0185__00273_9e6y_s42_b9724b7a26a4.tar.gz	/data/qlyu/projects/pvrig_top7500_dualpanel_screen_v1_20260724/run/common4_rerank_v2_20260725/final50_structure_bundle_v1_20260725/docking/archives/CANDIDATE_P1MCPUFP__CPUFP500K_0185__00273_9e6y_s42_b9724b7a26a4.tar.gz	ee3bc0b90894a385b1b06be07b14fef3402ddf80d7db65f312bde0e72a365e2d	-67.86599	STRICT_A
27		P1MCPUFP__CPUFP500K_0185__00273	9e6y	917	SUCCESS	cluster_1_model_1.pdb.gz	/data/qlyu/projects/pvrig_top7500_dualpanel_screen_v1_20260724/run/common4_rerank_v2_20260725/final50_structure_bundle_v1_20260725/docking/representative_complexes/R27__P1MCPUFP__CPUFP500K_0185__00273__9e6y__s917__cluster_1_model_1.pdb	3303c50d047654d88e448aa09ab8647faf7524e00c56f731af2104f98bef7ee4	/data1/qlyu/projects/pvrig_c2_new6220_dualreceptor_2seed_docking_results_v1_20260723/c2_new4220/compressed_queue/CANDIDATE_P1MCPUFP__CPUFP500K_0185__00273_9e6y_s917_30aaf442cfc4.tar.gz	/data/qlyu/projects/pvrig_top7500_dualpanel_screen_v1_20260724/run/common4_rerank_v2_20260725/final50_structure_bundle_v1_20260725/docking/archives/CANDIDATE_P1MCPUFP__CPUFP500K_0185__00273_9e6y_s917_30aaf442cfc4.tar.gz	e30f2a5e09199f5ba7bbbd627cacc1dfffabdadd541e92e53996ef3232606a55	-57.86099999999999	STRICT_A
27		P1MCPUFP__CPUFP500K_0185__00273	9e6y	1931	SUCCESS	cluster_1_model_1.pdb.gz	/data/qlyu/projects/pvrig_top7500_dualpanel_screen_v1_20260724/run/common4_rerank_v2_20260725/final50_structure_bundle_v1_20260725/docking/representative_complexes/R27__P1MCPUFP__CPUFP500K_0185__00273__9e6y__s1931__cluster_1_model_1.pdb	d411640c81d9539a99e1ce9d56a29a8e581e1bc4402fcc99a532d6991c7b348d	/data1/qlyu/projects/pvrig_c2_new6220_dualreceptor_2seed_docking_results_v1_20260723/c2_new4220/compressed_queue/CANDIDATE_P1MCPUFP__CPUFP500K_0185__00273_9e6y_s1931_7756fe545a64.tar.gz	/data/qlyu/projects/pvrig_top7500_dualpanel_screen_v1_20260724/run/common4_rerank_v2_20260725/final50_structure_bundle_v1_20260725/docking/archives/CANDIDATE_P1MCPUFP__CPUFP500K_0185__00273_9e6y_s1931_7756fe545a64.tar.gz	a774cb1aa87329ec063471b4a4182f79d38b163ac0fe2b01f423ee134a32d3db	-79.34660000000001	STRICT_A
27		P1MCPUFP__CPUFP500K_0185__00273	9e6y	3047	SUCCESS	cluster_1_model_1.pdb.gz	/data/qlyu/projects/pvrig_top7500_dualpanel_screen_v1_20260724/run/common4_rerank_v2_20260725/final50_structure_bundle_v1_20260725/docking/representative_complexes/R27__P1MCPUFP__CPUFP500K_0185__00273__9e6y__s3047__cluster_1_model_1.pdb	b6e280d7a89a58e492282dbed06684022d1fab04eaa4f57f984d2b83bbd11764	/data1/qlyu/projects/pvrig_c2_new4220_seed42_3047_docking_results_v1_20260723/c2_new4220_seed42_3047/compressed_queue/CANDIDATE_P1MCPUFP__CPUFP500K_0185__00273_9e6y_s3047_5f7325fe1011.tar.gz	/data/qlyu/projects/pvrig_top7500_dualpanel_screen_v1_20260724/run/common4_rerank_v2_20260725/final50_structure_bundle_v1_20260725/docking/archives/CANDIDATE_P1MCPUFP__CPUFP500K_0185__00273_9e6y_s3047_5f7325fe1011.tar.gz	8008d56fd248cf562af3276bef1069579c575127edb1a313d411127ce767014e	-76.9842	STRICT_A
28		P1MCPUFP__CPUFP500K_0032__00118	8x6b	42	SUCCESS	cluster_1_model_1.pdb.gz	/data/qlyu/projects/pvrig_top7500_dualpanel_screen_v1_20260724/run/common4_rerank_v2_20260725/final50_structure_bundle_v1_20260725/docking/representative_complexes/R28__P1MCPUFP__CPUFP500K_0032__00118__8x6b__s42__cluster_1_model_1.pdb	098303572510e04b0e179db280e0b7a1cda55075a405666cff15abb73e37181c	/data1/qlyu/projects/pvrig_top200_common4_seed_completion106_docking_results_v1_20260725/top200_seed_completion/compressed_queue/CANDIDATE_P1MCPUFP__CPUFP500K_0032__00118_8x6b_s42_0860268e9629.tar.gz	/data/qlyu/projects/pvrig_top7500_dualpanel_screen_v1_20260724/run/common4_rerank_v2_20260725/final50_structure_bundle_v1_20260725/docking/archives/CANDIDATE_P1MCPUFP__CPUFP500K_0032__00118_8x6b_s42_0860268e9629.tar.gz	5e04c58215d4a64488e66d1a4c90e410ef9ef5730a42402c16ed873a160c7aa5	-75.65620000000001	STRICT_A
28		P1MCPUFP__CPUFP500K_0032__00118	8x6b	917	SUCCESS	cluster_1_model_1.pdb.gz	/data/qlyu/projects/pvrig_top7500_dualpanel_screen_v1_20260724/run/common4_rerank_v2_20260725/final50_structure_bundle_v1_20260725/docking/representative_complexes/R28__P1MCPUFP__CPUFP500K_0032__00118__8x6b__s917__cluster_1_model_1.pdb	b3f419908b6a5dcfb3f879fbb483b12877de88c0d918f33c87fdebfcf66f50a0	/data1/qlyu/projects/pvrig_priority_top7500_dualreceptor_multiseed_docking_results_v1_20260722/top7500_25k/compressed_queue/CANDIDATE_P1MCPUFP__CPUFP500K_0032__00118_8x6b_s917_04067c540c35.tar.gz	/data/qlyu/projects/pvrig_top7500_dualpanel_screen_v1_20260724/run/common4_rerank_v2_20260725/final50_structure_bundle_v1_20260725/docking/archives/CANDIDATE_P1MCPUFP__CPUFP500K_0032__00118_8x6b_s917_04067c540c35.tar.gz	514f26d558a284e11c74e76f54ad358010d4fc3bd2540b2478cff15309f283f7	-63.10298	STRICT_A
28		P1MCPUFP__CPUFP500K_0032__00118	8x6b	1931	SUCCESS	cluster_1_model_1.pdb.gz	/data/qlyu/projects/pvrig_top7500_dualpanel_screen_v1_20260724/run/common4_rerank_v2_20260725/final50_structure_bundle_v1_20260725/docking/representative_complexes/R28__P1MCPUFP__CPUFP500K_0032__00118__8x6b__s1931__cluster_1_model_1.pdb	855b4ba1a74e3210fdfd8fd0d867157290d6b1a085864c8d0a7f109d8c4317b8	/data1/qlyu/projects/pvrig_priority_top7500_dualreceptor_multiseed_docking_results_v1_20260722/top7500_25k/compressed_queue/CANDIDATE_P1MCPUFP__CPUFP500K_0032__00118_8x6b_s1931_cbe0cc864bb6.tar.gz	/data/qlyu/projects/pvrig_top7500_dualpanel_screen_v1_20260724/run/common4_rerank_v2_20260725/final50_structure_bundle_v1_20260725/docking/archives/CANDIDATE_P1MCPUFP__CPUFP500K_0032__00118_8x6b_s1931_cbe0cc864bb6.tar.gz	c5815d87a6f83594fae31bd670072193712600c96dc1f6f979c3fcb3caa9c6ce	-76.7319	STRICT_A
28		P1MCPUFP__CPUFP500K_0032__00118	8x6b	3047	SUCCESS	cluster_1_model_1.pdb.gz	/data/qlyu/projects/pvrig_top7500_dualpanel_screen_v1_20260724/run/common4_rerank_v2_20260725/final50_structure_bundle_v1_20260725/docking/representative_complexes/R28__P1MCPUFP__CPUFP500K_0032__00118__8x6b__s3047__cluster_1_model_1.pdb	9adf9d165c183236542d26bcb48b7b955d580182a0e42dc44c5621afa839087c	/data1/qlyu/projects/pvrig_top200_common4_seed_completion106_docking_results_v1_20260725/top200_seed_completion/compressed_queue/CANDIDATE_P1MCPUFP__CPUFP500K_0032__00118_8x6b_s3047_55e926e0c3f3.tar.gz	/data/qlyu/projects/pvrig_top7500_dualpanel_screen_v1_20260724/run/common4_rerank_v2_20260725/final50_structure_bundle_v1_20260725/docking/archives/CANDIDATE_P1MCPUFP__CPUFP500K_0032__00118_8x6b_s3047_55e926e0c3f3.tar.gz	c01c074f49ea2133aa7cb383829e692247c54ed22762fe762b3bc9c3d5dea7dd	-63.12357999999999	STRICT_A
28		P1MCPUFP__CPUFP500K_0032__00118	9e6y	42	SUCCESS	cluster_1_model_1.pdb.gz	/data/qlyu/projects/pvrig_top7500_dualpanel_screen_v1_20260724/run/common4_rerank_v2_20260725/final50_structure_bundle_v1_20260725/docking/representative_complexes/R28__P1MCPUFP__CPUFP500K_0032__00118__9e6y__s42__cluster_1_model_1.pdb	55da20149f6cba7e73b8972d351f878fb955c4c9686f02311acbb968c0dc5312	/data1/qlyu/projects/pvrig_top200_common4_seed_completion106_docking_results_v1_20260725/top200_seed_completion/compressed_queue/CANDIDATE_P1MCPUFP__CPUFP500K_0032__00118_9e6y_s42_b96480085eea.tar.gz	/data/qlyu/projects/pvrig_top7500_dualpanel_screen_v1_20260724/run/common4_rerank_v2_20260725/final50_structure_bundle_v1_20260725/docking/archives/CANDIDATE_P1MCPUFP__CPUFP500K_0032__00118_9e6y_s42_b96480085eea.tar.gz	fc37d1744187a00717ef522a29902aece6a01d1b375e62f892e1417a0ee94f45	-73.3051	STRICT_A
28		P1MCPUFP__CPUFP500K_0032__00118	9e6y	917	SUCCESS	cluster_1_model_1.pdb.gz	/data/qlyu/projects/pvrig_top7500_dualpanel_screen_v1_20260724/run/common4_rerank_v2_20260725/final50_structure_bundle_v1_20260725/docking/representative_complexes/R28__P1MCPUFP__CPUFP500K_0032__00118__9e6y__s917__cluster_1_model_1.pdb	f8f3b91b75f1af3da2306a71884b1bc8418c8b139fedc44dc462d2966a2e902c	/data1/qlyu/projects/pvrig_priority_top7500_dualreceptor_multiseed_docking_results_v1_20260722/top7500_25k/compressed_queue/CANDIDATE_P1MCPUFP__CPUFP500K_0032__00118_9e6y_s917_45ab28cb75ba.tar.gz	/data/qlyu/projects/pvrig_top7500_dualpanel_screen_v1_20260724/run/common4_rerank_v2_20260725/final50_structure_bundle_v1_20260725/docking/archives/CANDIDATE_P1MCPUFP__CPUFP500K_0032__00118_9e6y_s917_45ab28cb75ba.tar.gz	ea4571c49e991b181cf4fb8a1d8b744a1398336c9986a33fb393347f7a89cb94	-67.38000000000001	STRICT_A
28		P1MCPUFP__CPUFP500K_0032__00118	9e6y	1931	SUCCESS	cluster_1_model_1.pdb.gz	/data/qlyu/projects/pvrig_top7500_dualpanel_screen_v1_20260724/run/common4_rerank_v2_20260725/final50_structure_bundle_v1_20260725/docking/representative_complexes/R28__P1MCPUFP__CPUFP500K_0032__00118__9e6y__s1931__cluster_1_model_1.pdb	aad33d6564f96d4e57328bf4b9842b8a845f131abf5761107b05b690df41ff58	/data1/qlyu/projects/pvrig_priority_top7500_dualreceptor_multiseed_docking_results_v1_20260722/top7500_25k/compressed_queue/CANDIDATE_P1MCPUFP__CPUFP500K_0032__00118_9e6y_s1931_98561dea8f9c.tar.gz	/data/qlyu/projects/pvrig_top7500_dualpanel_screen_v1_20260724/run/common4_rerank_v2_20260725/final50_structure_bundle_v1_20260725/docking/archives/CANDIDATE_P1MCPUFP__CPUFP500K_0032__00118_9e6y_s1931_98561dea8f9c.tar.gz	063c691e7c7d44f405f0ea53bb172dd547f7a9230c5c00ab9b6f94a5f2f91b0f	-73.68859999999998	STRICT_A
28		P1MCPUFP__CPUFP500K_0032__00118	9e6y	3047	SUCCESS	cluster_1_model_1.pdb.gz	/data/qlyu/projects/pvrig_top7500_dualpanel_screen_v1_20260724/run/common4_rerank_v2_20260725/final50_structure_bundle_v1_20260725/docking/representative_complexes/R28__P1MCPUFP__CPUFP500K_0032__00118__9e6y__s3047__cluster_1_model_1.pdb	caaa4f46ac97ef92d0123c285c2aeb1c40652313923c506b4a71a1e66575057d	/data1/qlyu/projects/pvrig_top200_common4_seed_completion106_docking_results_v1_20260725/top200_seed_completion/compressed_queue/CANDIDATE_P1MCPUFP__CPUFP500K_0032__00118_9e6y_s3047_0b2cec6d1899.tar.gz	/data/qlyu/projects/pvrig_top7500_dualpanel_screen_v1_20260724/run/common4_rerank_v2_20260725/final50_structure_bundle_v1_20260725/docking/archives/CANDIDATE_P1MCPUFP__CPUFP500K_0032__00118_9e6y_s3047_0b2cec6d1899.tar.gz	941fbe2b58472eb5a15a3a54fe0fa462128e3fd3717aa470cc87f781d429a040	-77.9329	STRICT_A
29		P1MCPUFP__CPUFP500K_0388__00663	8x6b	42	SUCCESS	cluster_1_model_1.pdb.gz	/data/qlyu/projects/pvrig_top7500_dualpanel_screen_v1_20260724/run/common4_rerank_v2_20260725/final50_structure_bundle_v1_20260725/docking/representative_complexes/R29__P1MCPUFP__CPUFP500K_0388__00663__8x6b__s42__cluster_1_model_1.pdb	f7d98b857f53734842867cddb196c82f1c9ae0791f871aea292b25e14b0cdee3	/data1/qlyu/projects/pvrig_c2_new4220_seed42_3047_docking_results_v1_20260723/c2_new4220_seed42_3047/compressed_queue/CANDIDATE_P1MCPUFP__CPUFP500K_0388__00663_8x6b_s42_a0f6b8db89a9.tar.gz	/data/qlyu/projects/pvrig_top7500_dualpanel_screen_v1_20260724/run/common4_rerank_v2_20260725/final50_structure_bundle_v1_20260725/docking/archives/CANDIDATE_P1MCPUFP__CPUFP500K_0388__00663_8x6b_s42_a0f6b8db89a9.tar.gz	6a96c78b352539490eedba9adbcff4f649eb9d03b8a91a7286f13b363a9ecb68	-67.72374	STRICT_A
29		P1MCPUFP__CPUFP500K_0388__00663	8x6b	917	SUCCESS	cluster_1_model_1.pdb.gz	/data/qlyu/projects/pvrig_top7500_dualpanel_screen_v1_20260724/run/common4_rerank_v2_20260725/final50_structure_bundle_v1_20260725/docking/representative_complexes/R29__P1MCPUFP__CPUFP500K_0388__00663__8x6b__s917__cluster_1_model_1.pdb	6317c76877e2354ad86544d6411b797de942e99afebf775fcb144a2cf8ba595e	/data1/qlyu/projects/pvrig_c2_new6220_dualreceptor_2seed_docking_results_v1_20260723/c2_new4220/compressed_queue/CANDIDATE_P1MCPUFP__CPUFP500K_0388__00663_8x6b_s917_673fbadeabe0.tar.gz	/data/qlyu/projects/pvrig_top7500_dualpanel_screen_v1_20260724/run/common4_rerank_v2_20260725/final50_structure_bundle_v1_20260725/docking/archives/CANDIDATE_P1MCPUFP__CPUFP500K_0388__00663_8x6b_s917_673fbadeabe0.tar.gz	bec308f7acbd34c95fa7e430cc799dfc6720734f5dc404c2be9d4fde8cdf2c82	-78.38141999999999	STRICT_A
29		P1MCPUFP__CPUFP500K_0388__00663	8x6b	1931	SUCCESS	cluster_1_model_1.pdb.gz	/data/qlyu/projects/pvrig_top7500_dualpanel_screen_v1_20260724/run/common4_rerank_v2_20260725/final50_structure_bundle_v1_20260725/docking/representative_complexes/R29__P1MCPUFP__CPUFP500K_0388__00663__8x6b__s1931__cluster_1_model_1.pdb	38992c1f8486bd57d332715f9a705ebe74de899ca70fe29bcfcd35738c84bf7e	/data1/qlyu/projects/pvrig_c2_new6220_dualreceptor_2seed_docking_results_v1_20260723/c2_new4220/compressed_queue/CANDIDATE_P1MCPUFP__CPUFP500K_0388__00663_8x6b_s1931_bb5fd403d1c6.tar.gz	/data/qlyu/projects/pvrig_top7500_dualpanel_screen_v1_20260724/run/common4_rerank_v2_20260725/final50_structure_bundle_v1_20260725/docking/archives/CANDIDATE_P1MCPUFP__CPUFP500K_0388__00663_8x6b_s1931_bb5fd403d1c6.tar.gz	aff0feec272edd20258b913d726a174ad78c83684fc8d5118690060cfbecfa64	-58.13887	STRICT_A
29		P1MCPUFP__CPUFP500K_0388__00663	8x6b	3047	SUCCESS	cluster_1_model_1.pdb.gz	/data/qlyu/projects/pvrig_top7500_dualpanel_screen_v1_20260724/run/common4_rerank_v2_20260725/final50_structure_bundle_v1_20260725/docking/representative_complexes/R29__P1MCPUFP__CPUFP500K_0388__00663__8x6b__s3047__cluster_1_model_1.pdb	0faf24281864ca505d5084d7e575d1cf8ab285cbf8c522e13480a6d6f95f1ecc	/data1/qlyu/projects/pvrig_c2_new4220_seed42_3047_docking_results_v1_20260723/c2_new4220_seed42_3047/compressed_queue/CANDIDATE_P1MCPUFP__CPUFP500K_0388__00663_8x6b_s3047_470d85edbd50.tar.gz	/data/qlyu/projects/pvrig_top7500_dualpanel_screen_v1_20260724/run/common4_rerank_v2_20260725/final50_structure_bundle_v1_20260725/docking/archives/CANDIDATE_P1MCPUFP__CPUFP500K_0388__00663_8x6b_s3047_470d85edbd50.tar.gz	6ae6d14988aa92adc42ebb34f7d60eee1d4ff143504221c77579a4978f8de241	-64.69896000000003	STRICT_A
29		P1MCPUFP__CPUFP500K_0388__00663	9e6y	42	SUCCESS	cluster_1_model_1.pdb.gz	/data/qlyu/projects/pvrig_top7500_dualpanel_screen_v1_20260724/run/common4_rerank_v2_20260725/final50_structure_bundle_v1_20260725/docking/representative_complexes/R29__P1MCPUFP__CPUFP500K_0388__00663__9e6y__s42__cluster_1_model_1.pdb	495e3c63ff51c2275fc296db8e43cc6f767612c79c2abac46e93503163c017d3	/data1/qlyu/projects/pvrig_c2_new4220_seed42_3047_docking_results_v1_20260723/c2_new4220_seed42_3047/compressed_queue/CANDIDATE_P1MCPUFP__CPUFP500K_0388__00663_9e6y_s42_285d02242c96.tar.gz	/data/qlyu/projects/pvrig_top7500_dualpanel_screen_v1_20260724/run/common4_rerank_v2_20260725/final50_structure_bundle_v1_20260725/docking/archives/CANDIDATE_P1MCPUFP__CPUFP500K_0388__00663_9e6y_s42_285d02242c96.tar.gz	1474f43879e76703a58a1e2a0c445084cc56434a474ebe84ba7cb574e977b6e6	-78.36501	STRICT_A
29		P1MCPUFP__CPUFP500K_0388__00663	9e6y	917	SUCCESS	cluster_1_model_1.pdb.gz	/data/qlyu/projects/pvrig_top7500_dualpanel_screen_v1_20260724/run/common4_rerank_v2_20260725/final50_structure_bundle_v1_20260725/docking/representative_complexes/R29__P1MCPUFP__CPUFP500K_0388__00663__9e6y__s917__cluster_1_model_1.pdb	834343b3eed86b40bedea71306f4a5d7172e08123807fd180c3007984b5eee9e	/data1/qlyu/projects/pvrig_c2_new6220_dualreceptor_2seed_docking_results_v1_20260723/c2_new4220/compressed_queue/CANDIDATE_P1MCPUFP__CPUFP500K_0388__00663_9e6y_s917_abbfad8401ed.tar.gz	/data/qlyu/projects/pvrig_top7500_dualpanel_screen_v1_20260724/run/common4_rerank_v2_20260725/final50_structure_bundle_v1_20260725/docking/archives/CANDIDATE_P1MCPUFP__CPUFP500K_0388__00663_9e6y_s917_abbfad8401ed.tar.gz	eb4f28b0e3a03622133ef02632d1b35dbc38ebedb219b50d22b773679c9d67ef	-57.03835	STRICT_A
29		P1MCPUFP__CPUFP500K_0388__00663	9e6y	1931	SUCCESS	cluster_1_model_1.pdb.gz	/data/qlyu/projects/pvrig_top7500_dualpanel_screen_v1_20260724/run/common4_rerank_v2_20260725/final50_structure_bundle_v1_20260725/docking/representative_complexes/R29__P1MCPUFP__CPUFP500K_0388__00663__9e6y__s1931__cluster_1_model_1.pdb	1bdaf78ed30ffa61a22218eb4c2f4e11cb6e64f7f8236c98ea60045353b422bb	/data1/qlyu/projects/pvrig_c2_new6220_dualreceptor_2seed_docking_results_v1_20260723/c2_new4220/compressed_queue/CANDIDATE_P1MCPUFP__CPUFP500K_0388__00663_9e6y_s1931_0bdf8b98cc84.tar.gz	/data/qlyu/projects/pvrig_top7500_dualpanel_screen_v1_20260724/run/common4_rerank_v2_20260725/final50_structure_bundle_v1_20260725/docking/archives/CANDIDATE_P1MCPUFP__CPUFP500K_0388__00663_9e6y_s1931_0bdf8b98cc84.tar.gz	9606065df01fe003573e6da3f65bac68964112d45b43bec6f312df09d3541874	-67.67728000000001	STRICT_A
29		P1MCPUFP__CPUFP500K_0388__00663	9e6y	3047	SUCCESS	cluster_1_model_1.pdb.gz	/data/qlyu/projects/pvrig_top7500_dualpanel_screen_v1_20260724/run/common4_rerank_v2_20260725/final50_structure_bundle_v1_20260725/docking/representative_complexes/R29__P1MCPUFP__CPUFP500K_0388__00663__9e6y__s3047__cluster_1_model_1.pdb	5ae2ac2141fdf249fa012215e63eebf210025784fd4157dffc0516edea1487a0	/data1/qlyu/projects/pvrig_c2_new4220_seed42_3047_docking_results_v1_20260723/c2_new4220_seed42_3047/compressed_queue/CANDIDATE_P1MCPUFP__CPUFP500K_0388__00663_9e6y_s3047_f3107767e514.tar.gz	/data/qlyu/projects/pvrig_top7500_dualpanel_screen_v1_20260724/run/common4_rerank_v2_20260725/final50_structure_bundle_v1_20260725/docking/archives/CANDIDATE_P1MCPUFP__CPUFP500K_0388__00663_9e6y_s3047_f3107767e514.tar.gz	2a5df203d1c93f4b74237d2c9347fb497d39cf6302b8631de59d2d8b6a18eea0	-47.314750000000004	STRICT_A
30		P1MCPUFP__CPUFP500K_0287__00389	8x6b	42	SUCCESS	cluster_1_model_1.pdb.gz	/data/qlyu/projects/pvrig_top7500_dualpanel_screen_v1_20260724/run/common4_rerank_v2_20260725/final50_structure_bundle_v1_20260725/docking/representative_complexes/R30__P1MCPUFP__CPUFP500K_0287__00389__8x6b__s42__cluster_1_model_1.pdb	610a6ae2868bc8901909c8114488a0c10246513165c063f0bc8456abde85343d	/data1/qlyu/projects/pvrig_c2_new4220_seed42_3047_docking_results_v1_20260723/c2_new4220_seed42_3047/compressed_queue/CANDIDATE_P1MCPUFP__CPUFP500K_0287__00389_8x6b_s42_bd293c4822c5.tar.gz	/data/qlyu/projects/pvrig_top7500_dualpanel_screen_v1_20260724/run/common4_rerank_v2_20260725/final50_structure_bundle_v1_20260725/docking/archives/CANDIDATE_P1MCPUFP__CPUFP500K_0287__00389_8x6b_s42_bd293c4822c5.tar.gz	58d315f313589cac90284a5607189b97ca0e6ffe299c3512abf34684b7e4ab08	-77.75072	STRICT_A
30		P1MCPUFP__CPUFP500K_0287__00389	8x6b	917	SUCCESS	cluster_1_model_1.pdb.gz	/data/qlyu/projects/pvrig_top7500_dualpanel_screen_v1_20260724/run/common4_rerank_v2_20260725/final50_structure_bundle_v1_20260725/docking/representative_complexes/R30__P1MCPUFP__CPUFP500K_0287__00389__8x6b__s917__cluster_1_model_1.pdb	dd446121d29a463fc170c36512f6a9521151de9d5c689c0d798993fd6880ceb0	/data1/qlyu/projects/pvrig_c2_new6220_dualreceptor_2seed_docking_results_v1_20260723/c2_new4220/compressed_queue/CANDIDATE_P1MCPUFP__CPUFP500K_0287__00389_8x6b_s917_1447c15c9be3.tar.gz	/data/qlyu/projects/pvrig_top7500_dualpanel_screen_v1_20260724/run/common4_rerank_v2_20260725/final50_structure_bundle_v1_20260725/docking/archives/CANDIDATE_P1MCPUFP__CPUFP500K_0287__00389_8x6b_s917_1447c15c9be3.tar.gz	c28db0273e68731d35563edbf9b1f2692b72608121071b61e98719fa03def999	-63.861599999999996	STRICT_A
30		P1MCPUFP__CPUFP500K_0287__00389	8x6b	1931	SUCCESS	cluster_1_model_1.pdb.gz	/data/qlyu/projects/pvrig_top7500_dualpanel_screen_v1_20260724/run/common4_rerank_v2_20260725/final50_structure_bundle_v1_20260725/docking/representative_complexes/R30__P1MCPUFP__CPUFP500K_0287__00389__8x6b__s1931__cluster_1_model_1.pdb	de26779060d8cb8a9ff90868e88e7a4563557ad3b6f422ac20898950ec8fd7b5	/data1/qlyu/projects/pvrig_c2_new6220_dualreceptor_2seed_docking_results_v1_20260723/c2_new4220/compressed_queue/CANDIDATE_P1MCPUFP__CPUFP500K_0287__00389_8x6b_s1931_6ac1767939e2.tar.gz	/data/qlyu/projects/pvrig_top7500_dualpanel_screen_v1_20260724/run/common4_rerank_v2_20260725/final50_structure_bundle_v1_20260725/docking/archives/CANDIDATE_P1MCPUFP__CPUFP500K_0287__00389_8x6b_s1931_6ac1767939e2.tar.gz	d2cc6fce673ee58427ad4ef73bc7268e326222a227f665b03c9b2d12525fd6d0	-71.92299999999999	STRICT_A
30		P1MCPUFP__CPUFP500K_0287__00389	8x6b	3047	SUCCESS	cluster_1_model_1.pdb.gz	/data/qlyu/projects/pvrig_top7500_dualpanel_screen_v1_20260724/run/common4_rerank_v2_20260725/final50_structure_bundle_v1_20260725/docking/representative_complexes/R30__P1MCPUFP__CPUFP500K_0287__00389__8x6b__s3047__cluster_1_model_1.pdb	9f654fe09540d612bb7f59e96601e554f09b3093ec4c6164dfcbae4caca76b5c	/data1/qlyu/projects/pvrig_c2_new4220_seed42_3047_docking_results_v1_20260723/c2_new4220_seed42_3047/compressed_queue/CANDIDATE_P1MCPUFP__CPUFP500K_0287__00389_8x6b_s3047_161f2eb1d5fd.tar.gz	/data/qlyu/projects/pvrig_top7500_dualpanel_screen_v1_20260724/run/common4_rerank_v2_20260725/final50_structure_bundle_v1_20260725/docking/archives/CANDIDATE_P1MCPUFP__CPUFP500K_0287__00389_8x6b_s3047_161f2eb1d5fd.tar.gz	c843648551bde2c7cc82fb44793caa10542872a2283b230c9aa907cb6a5b3f69	-74.8346	STRICT_A
30		P1MCPUFP__CPUFP500K_0287__00389	9e6y	42	SUCCESS	cluster_1_model_1.pdb.gz	/data/qlyu/projects/pvrig_top7500_dualpanel_screen_v1_20260724/run/common4_rerank_v2_20260725/final50_structure_bundle_v1_20260725/docking/representative_complexes/R30__P1MCPUFP__CPUFP500K_0287__00389__9e6y__s42__cluster_1_model_1.pdb	6f28a096e724e5e7e051be0ff1bd810f8f7c8bf8f6d05b09e27a8847d7aff551	/data1/qlyu/projects/pvrig_c2_new4220_seed42_3047_docking_results_v1_20260723/c2_new4220_seed42_3047/compressed_queue/CANDIDATE_P1MCPUFP__CPUFP500K_0287__00389_9e6y_s42_c60c005a6d7a.tar.gz	/data/qlyu/projects/pvrig_top7500_dualpanel_screen_v1_20260724/run/common4_rerank_v2_20260725/final50_structure_bundle_v1_20260725/docking/archives/CANDIDATE_P1MCPUFP__CPUFP500K_0287__00389_9e6y_s42_c60c005a6d7a.tar.gz	15d0cf8313f105ede97dda1b9f966b8543bb3434a78daef190d7c2f146b1c339	-69.55270000000002	STRICT_A
30		P1MCPUFP__CPUFP500K_0287__00389	9e6y	917	SUCCESS	cluster_1_model_1.pdb.gz	/data/qlyu/projects/pvrig_top7500_dualpanel_screen_v1_20260724/run/common4_rerank_v2_20260725/final50_structure_bundle_v1_20260725/docking/representative_complexes/R30__P1MCPUFP__CPUFP500K_0287__00389__9e6y__s917__cluster_1_model_1.pdb	6c5b902895ad8a637881dc947c869114fe515db0c264b10c5041ecd823b10dff	/data1/qlyu/projects/pvrig_c2_new6220_dualreceptor_2seed_docking_results_v1_20260723/c2_new4220/compressed_queue/CANDIDATE_P1MCPUFP__CPUFP500K_0287__00389_9e6y_s917_e30d912eff82.tar.gz	/data/qlyu/projects/pvrig_top7500_dualpanel_screen_v1_20260724/run/common4_rerank_v2_20260725/final50_structure_bundle_v1_20260725/docking/archives/CANDIDATE_P1MCPUFP__CPUFP500K_0287__00389_9e6y_s917_e30d912eff82.tar.gz	7b7ceb10a7b6b52bf559edcc09252671543f8f0e05f7a2cdaa48f7b783d693fe	-62.6792	STRICT_A
30		P1MCPUFP__CPUFP500K_0287__00389	9e6y	1931	SUCCESS	cluster_1_model_1.pdb.gz	/data/qlyu/projects/pvrig_top7500_dualpanel_screen_v1_20260724/run/common4_rerank_v2_20260725/final50_structure_bundle_v1_20260725/docking/representative_complexes/R30__P1MCPUFP__CPUFP500K_0287__00389__9e6y__s1931__cluster_1_model_1.pdb	008f7b5274b90530b08f939afc6838a71d19f196294471625a91f58e55e1d2a9	/data1/qlyu/projects/pvrig_c2_new6220_dualreceptor_2seed_docking_results_v1_20260723/c2_new4220/compressed_queue/CANDIDATE_P1MCPUFP__CPUFP500K_0287__00389_9e6y_s1931_f89deb135a62.tar.gz	/data/qlyu/projects/pvrig_top7500_dualpanel_screen_v1_20260724/run/common4_rerank_v2_20260725/final50_structure_bundle_v1_20260725/docking/archives/CANDIDATE_P1MCPUFP__CPUFP500K_0287__00389_9e6y_s1931_f89deb135a62.tar.gz	79c2db70fbfde5f13a52ca1361f322693f2266fa78665332dfee4db7b3b01f3b	-68.79324	STRICT_A
30		P1MCPUFP__CPUFP500K_0287__00389	9e6y	3047	SUCCESS	cluster_1_model_1.pdb.gz	/data/qlyu/projects/pvrig_top7500_dualpanel_screen_v1_20260724/run/common4_rerank_v2_20260725/final50_structure_bundle_v1_20260725/docking/representative_complexes/R30__P1MCPUFP__CPUFP500K_0287__00389__9e6y__s3047__cluster_1_model_1.pdb	61dce612159dd2a2c7ee89ef7e9212ce495d7034a40fa0f517b497056865e165	/data1/qlyu/projects/pvrig_c2_new4220_seed42_3047_docking_results_v1_20260723/c2_new4220_seed42_3047/compressed_queue/CANDIDATE_P1MCPUFP__CPUFP500K_0287__00389_9e6y_s3047_a84569375422.tar.gz	/data/qlyu/projects/pvrig_top7500_dualpanel_screen_v1_20260724/run/common4_rerank_v2_20260725/final50_structure_bundle_v1_20260725/docking/archives/CANDIDATE_P1MCPUFP__CPUFP500K_0287__00389_9e6y_s3047_a84569375422.tar.gz	fbd8f8ec4efe877352c2b99e00989f1f59612893e2716544d3e9881368a5775a	-65.57512	STRICT_A
31		P1MCPUFP__CPUFP500K_0289__00496	8x6b	42	SUCCESS	cluster_1_model_1.pdb.gz	/data/qlyu/projects/pvrig_top7500_dualpanel_screen_v1_20260724/run/common4_rerank_v2_20260725/final50_structure_bundle_v1_20260725/docking/representative_complexes/R31__P1MCPUFP__CPUFP500K_0289__00496__8x6b__s42__cluster_1_model_1.pdb	87564f4b99c80c6966daed943acd9fd1136f5704dfed9cd8528da6f894493cc6	/data1/qlyu/projects/pvrig_c2_new4220_seed42_3047_docking_results_v1_20260723/c2_new4220_seed42_3047/compressed_queue/CANDIDATE_P1MCPUFP__CPUFP500K_0289__00496_8x6b_s42_91018b72ce18.tar.gz	/data/qlyu/projects/pvrig_top7500_dualpanel_screen_v1_20260724/run/common4_rerank_v2_20260725/final50_structure_bundle_v1_20260725/docking/archives/CANDIDATE_P1MCPUFP__CPUFP500K_0289__00496_8x6b_s42_91018b72ce18.tar.gz	68b1264e12a604a92826984601ab3b46e25e9e823e3814b294cfab9bb4439890	-69.25482000000001	STRICT_A
31		P1MCPUFP__CPUFP500K_0289__00496	8x6b	917	SUCCESS	cluster_1_model_1.pdb.gz	/data/qlyu/projects/pvrig_top7500_dualpanel_screen_v1_20260724/run/common4_rerank_v2_20260725/final50_structure_bundle_v1_20260725/docking/representative_complexes/R31__P1MCPUFP__CPUFP500K_0289__00496__8x6b__s917__cluster_1_model_1.pdb	ba47bf952589c139c13d7f386e5e1add6f1f37baf9587423e95284429757f093	/data1/qlyu/projects/pvrig_c2_new6220_dualreceptor_2seed_docking_results_v1_20260723/c2_new4220/compressed_queue/CANDIDATE_P1MCPUFP__CPUFP500K_0289__00496_8x6b_s917_59a4eb6bc352.tar.gz	/data/qlyu/projects/pvrig_top7500_dualpanel_screen_v1_20260724/run/common4_rerank_v2_20260725/final50_structure_bundle_v1_20260725/docking/archives/CANDIDATE_P1MCPUFP__CPUFP500K_0289__00496_8x6b_s917_59a4eb6bc352.tar.gz	402727ed06eed5b61b007adb86982e936d592355245e4e836285eb42975bf1cb	-65.93741999999999	STRICT_A
31		P1MCPUFP__CPUFP500K_0289__00496	8x6b	1931	SUCCESS	cluster_1_model_1.pdb.gz	/data/qlyu/projects/pvrig_top7500_dualpanel_screen_v1_20260724/run/common4_rerank_v2_20260725/final50_structure_bundle_v1_20260725/docking/representative_complexes/R31__P1MCPUFP__CPUFP500K_0289__00496__8x6b__s1931__cluster_1_model_1.pdb	a816df5e38eed919e84d092e0f994016416d6ed48e4a5f10ac3866d84dea76b0	/data1/qlyu/projects/pvrig_c2_new6220_dualreceptor_2seed_docking_results_v1_20260723/c2_new4220/compressed_queue/CANDIDATE_P1MCPUFP__CPUFP500K_0289__00496_8x6b_s1931_a0a45f806cc1.tar.gz	/data/qlyu/projects/pvrig_top7500_dualpanel_screen_v1_20260724/run/common4_rerank_v2_20260725/final50_structure_bundle_v1_20260725/docking/archives/CANDIDATE_P1MCPUFP__CPUFP500K_0289__00496_8x6b_s1931_a0a45f806cc1.tar.gz	965fbdb03bd1c33f5ee3b7e01d971a4248c06b2d06ae0505d5d231c58235648e	-52.715900000000005	STRICT_A
31		P1MCPUFP__CPUFP500K_0289__00496	8x6b	3047	SUCCESS	cluster_1_model_1.pdb.gz	/data/qlyu/projects/pvrig_top7500_dualpanel_screen_v1_20260724/run/common4_rerank_v2_20260725/final50_structure_bundle_v1_20260725/docking/representative_complexes/R31__P1MCPUFP__CPUFP500K_0289__00496__8x6b__s3047__cluster_1_model_1.pdb	4fe512cd97cde73e6a2b5e6b575a49a0c07be9d3578af8ea0d3c89b585f71c5d	/data1/qlyu/projects/pvrig_c2_new4220_seed42_3047_docking_results_v1_20260723/c2_new4220_seed42_3047/compressed_queue/CANDIDATE_P1MCPUFP__CPUFP500K_0289__00496_8x6b_s3047_ab741b3dbf3d.tar.gz	/data/qlyu/projects/pvrig_top7500_dualpanel_screen_v1_20260724/run/common4_rerank_v2_20260725/final50_structure_bundle_v1_20260725/docking/archives/CANDIDATE_P1MCPUFP__CPUFP500K_0289__00496_8x6b_s3047_ab741b3dbf3d.tar.gz	8f4ee13f7583abd9d70ccb8d461a979a321dafb7b8639a341a877bc6b2858cb9	-59.05006000000001	STRICT_A
31		P1MCPUFP__CPUFP500K_0289__00496	9e6y	42	SUCCESS	cluster_1_model_1.pdb.gz	/data/qlyu/projects/pvrig_top7500_dualpanel_screen_v1_20260724/run/common4_rerank_v2_20260725/final50_structure_bundle_v1_20260725/docking/representative_complexes/R31__P1MCPUFP__CPUFP500K_0289__00496__9e6y__s42__cluster_1_model_1.pdb	fb669744773833489b9652200d8347d6453a5787656fa333047b887ef4b9f7ed	/data1/qlyu/projects/pvrig_c2_new4220_seed42_3047_docking_results_v1_20260723/c2_new4220_seed42_3047/compressed_queue/CANDIDATE_P1MCPUFP__CPUFP500K_0289__00496_9e6y_s42_78241fb7583c.tar.gz	/data/qlyu/projects/pvrig_top7500_dualpanel_screen_v1_20260724/run/common4_rerank_v2_20260725/final50_structure_bundle_v1_20260725/docking/archives/CANDIDATE_P1MCPUFP__CPUFP500K_0289__00496_9e6y_s42_78241fb7583c.tar.gz	f8b88c53347ac64ac1dd56c1e9ba5b298cb5904b063940d457a6f5d67205c5fe	-70.62106	STRICT_A
31		P1MCPUFP__CPUFP500K_0289__00496	9e6y	917	SUCCESS	cluster_1_model_1.pdb.gz	/data/qlyu/projects/pvrig_top7500_dualpanel_screen_v1_20260724/run/common4_rerank_v2_20260725/final50_structure_bundle_v1_20260725/docking/representative_complexes/R31__P1MCPUFP__CPUFP500K_0289__00496__9e6y__s917__cluster_1_model_1.pdb	0e4b78113261c457e45a72e9897486e4335e7f0518d4953952456a52ded4606f	/data1/qlyu/projects/pvrig_c2_new6220_dualreceptor_2seed_docking_results_v1_20260723/c2_new4220/compressed_queue/CANDIDATE_P1MCPUFP__CPUFP500K_0289__00496_9e6y_s917_418a8ba8433b.tar.gz	/data/qlyu/projects/pvrig_top7500_dualpanel_screen_v1_20260724/run/common4_rerank_v2_20260725/final50_structure_bundle_v1_20260725/docking/archives/CANDIDATE_P1MCPUFP__CPUFP500K_0289__00496_9e6y_s917_418a8ba8433b.tar.gz	5e48d0fa92a0a7b5810af814ae0e23bb4a016cd1ece8584c205f109126702936	-78.80573000000001	STRICT_A
31		P1MCPUFP__CPUFP500K_0289__00496	9e6y	1931	SUCCESS	cluster_1_model_1.pdb.gz	/data/qlyu/projects/pvrig_top7500_dualpanel_screen_v1_20260724/run/common4_rerank_v2_20260725/final50_structure_bundle_v1_20260725/docking/representative_complexes/R31__P1MCPUFP__CPUFP500K_0289__00496__9e6y__s1931__cluster_1_model_1.pdb	f84667a55cb3f9999e4dc29099be30759e1859110bc947343068480181ccb6a0	/data1/qlyu/projects/pvrig_c2_new6220_dualreceptor_2seed_docking_results_v1_20260723/c2_new4220/compressed_queue/CANDIDATE_P1MCPUFP__CPUFP500K_0289__00496_9e6y_s1931_32fe208a7307.tar.gz	/data/qlyu/projects/pvrig_top7500_dualpanel_screen_v1_20260724/run/common4_rerank_v2_20260725/final50_structure_bundle_v1_20260725/docking/archives/CANDIDATE_P1MCPUFP__CPUFP500K_0289__00496_9e6y_s1931_32fe208a7307.tar.gz	b3992234add8c77577a1fd728fc64b9d8540457dbdcfd6cb14e7485ec0d1bfe4	-83.36289000000001	STRICT_A
31		P1MCPUFP__CPUFP500K_0289__00496	9e6y	3047	SUCCESS	cluster_1_model_1.pdb.gz	/data/qlyu/projects/pvrig_top7500_dualpanel_screen_v1_20260724/run/common4_rerank_v2_20260725/final50_structure_bundle_v1_20260725/docking/representative_complexes/R31__P1MCPUFP__CPUFP500K_0289__00496__9e6y__s3047__cluster_1_model_1.pdb	6df449f82f9f327e5f7d8375f72b50ea6461240853d1555be488e639a9827e85	/data1/qlyu/projects/pvrig_c2_new4220_seed42_3047_docking_results_v1_20260723/c2_new4220_seed42_3047/compressed_queue/CANDIDATE_P1MCPUFP__CPUFP500K_0289__00496_9e6y_s3047_c760492ab9ed.tar.gz	/data/qlyu/projects/pvrig_top7500_dualpanel_screen_v1_20260724/run/common4_rerank_v2_20260725/final50_structure_bundle_v1_20260725/docking/archives/CANDIDATE_P1MCPUFP__CPUFP500K_0289__00496_9e6y_s3047_c760492ab9ed.tar.gz	7838db8ac598a7b902988d760984eb680ac6a19181167daab994aa38b90fd52d	-78.33774000000001	STRICT_A
32		P1MCPUFP__CPUFP500K_0091__00849	8x6b	42	SUCCESS	cluster_1_model_1.pdb.gz	/data/qlyu/projects/pvrig_top7500_dualpanel_screen_v1_20260724/run/common4_rerank_v2_20260725/final50_structure_bundle_v1_20260725/docking/representative_complexes/R32__P1MCPUFP__CPUFP500K_0091__00849__8x6b__s42__cluster_1_model_1.pdb	88f67ab33096647469dfe246021ccb43f4755f8208c160466a7079b1868a69d4	/data1/qlyu/projects/pvrig_c2_new4220_seed42_3047_docking_results_v1_20260723/c2_new4220_seed42_3047/compressed_queue/CANDIDATE_P1MCPUFP__CPUFP500K_0091__00849_8x6b_s42_6c7147771993.tar.gz	/data/qlyu/projects/pvrig_top7500_dualpanel_screen_v1_20260724/run/common4_rerank_v2_20260725/final50_structure_bundle_v1_20260725/docking/archives/CANDIDATE_P1MCPUFP__CPUFP500K_0091__00849_8x6b_s42_6c7147771993.tar.gz	0bd8d6b6415833d618d823c86dcf40a63d38e91329d6dd8f619678e04041cd25	-58.29773	STRICT_A
32		P1MCPUFP__CPUFP500K_0091__00849	8x6b	917	SUCCESS	cluster_1_model_1.pdb.gz	/data/qlyu/projects/pvrig_top7500_dualpanel_screen_v1_20260724/run/common4_rerank_v2_20260725/final50_structure_bundle_v1_20260725/docking/representative_complexes/R32__P1MCPUFP__CPUFP500K_0091__00849__8x6b__s917__cluster_1_model_1.pdb	3b8b1d2851c0f0ca490364820a168830a43e1c994ff7984bf1161149fe7e93cc	/data1/qlyu/projects/pvrig_c2_new6220_dualreceptor_2seed_docking_results_v1_20260723/c2_new4220/compressed_queue/CANDIDATE_P1MCPUFP__CPUFP500K_0091__00849_8x6b_s917_ecf059f41640.tar.gz	/data/qlyu/projects/pvrig_top7500_dualpanel_screen_v1_20260724/run/common4_rerank_v2_20260725/final50_structure_bundle_v1_20260725/docking/archives/CANDIDATE_P1MCPUFP__CPUFP500K_0091__00849_8x6b_s917_ecf059f41640.tar.gz	f993b18f78b1612417e3b1e66dd222890a8babfe7d037e44a17f0aae051dc174	-64.12154112000002	STRICT_A
32		P1MCPUFP__CPUFP500K_0091__00849	8x6b	1931	SUCCESS	cluster_1_model_1.pdb.gz	/data/qlyu/projects/pvrig_top7500_dualpanel_screen_v1_20260724/run/common4_rerank_v2_20260725/final50_structure_bundle_v1_20260725/docking/representative_complexes/R32__P1MCPUFP__CPUFP500K_0091__00849__8x6b__s1931__cluster_1_model_1.pdb	560b8038051c05c17eb5dc8162c74f9f498d3881012109e057f45f6f3822d74d	/data1/qlyu/projects/pvrig_c2_new6220_dualreceptor_2seed_docking_results_v1_20260723/c2_new4220/compressed_queue/CANDIDATE_P1MCPUFP__CPUFP500K_0091__00849_8x6b_s1931_8d9c6582ea16.tar.gz	/data/qlyu/projects/pvrig_top7500_dualpanel_screen_v1_20260724/run/common4_rerank_v2_20260725/final50_structure_bundle_v1_20260725/docking/archives/CANDIDATE_P1MCPUFP__CPUFP500K_0091__00849_8x6b_s1931_8d9c6582ea16.tar.gz	0d638b528207a6373773b4eba3561fefbb4f6fd386b71245b445eafb92bf4b4b	-68.48850999999999	STRICT_A
32		P1MCPUFP__CPUFP500K_0091__00849	8x6b	3047	SUCCESS	cluster_1_model_1.pdb.gz	/data/qlyu/projects/pvrig_top7500_dualpanel_screen_v1_20260724/run/common4_rerank_v2_20260725/final50_structure_bundle_v1_20260725/docking/representative_complexes/R32__P1MCPUFP__CPUFP500K_0091__00849__8x6b__s3047__cluster_1_model_1.pdb	0acd1b2b96d76ee46d07d7b8c6811248c861cc1816769dd681b19362ac24c657	/data1/qlyu/projects/pvrig_c2_new4220_seed42_3047_docking_results_v1_20260723/c2_new4220_seed42_3047/compressed_queue/CANDIDATE_P1MCPUFP__CPUFP500K_0091__00849_8x6b_s3047_2efa5a1c3e83.tar.gz	/data/qlyu/projects/pvrig_top7500_dualpanel_screen_v1_20260724/run/common4_rerank_v2_20260725/final50_structure_bundle_v1_20260725/docking/archives/CANDIDATE_P1MCPUFP__CPUFP500K_0091__00849_8x6b_s3047_2efa5a1c3e83.tar.gz	a59ed0757b34956d429c3972ff40f6d11b97ee99ec2143da097008b2f859032c	-63.674609999999994	STRICT_A
32		P1MCPUFP__CPUFP500K_0091__00849	9e6y	42	SUCCESS	cluster_1_model_1.pdb.gz	/data/qlyu/projects/pvrig_top7500_dualpanel_screen_v1_20260724/run/common4_rerank_v2_20260725/final50_structure_bundle_v1_20260725/docking/representative_complexes/R32__P1MCPUFP__CPUFP500K_0091__00849__9e6y__s42__cluster_1_model_1.pdb	833bb54c77004b4f0261aba6928423cb31e1d8832e546d34a2269f477b253d3e	/data1/qlyu/projects/pvrig_c2_new4220_seed42_3047_docking_results_v1_20260723/c2_new4220_seed42_3047/compressed_queue/CANDIDATE_P1MCPUFP__CPUFP500K_0091__00849_9e6y_s42_fcedf6ac43bb.tar.gz	/data/qlyu/projects/pvrig_top7500_dualpanel_screen_v1_20260724/run/common4_rerank_v2_20260725/final50_structure_bundle_v1_20260725/docking/archives/CANDIDATE_P1MCPUFP__CPUFP500K_0091__00849_9e6y_s42_fcedf6ac43bb.tar.gz	3db1a87d56b32cc1b4aafe5e9c41c01c40eddb8004d9dc4a68940a136c215d08	-65.68342	STRICT_A
32		P1MCPUFP__CPUFP500K_0091__00849	9e6y	917	SUCCESS	cluster_1_model_1.pdb.gz	/data/qlyu/projects/pvrig_top7500_dualpanel_screen_v1_20260724/run/common4_rerank_v2_20260725/final50_structure_bundle_v1_20260725/docking/representative_complexes/R32__P1MCPUFP__CPUFP500K_0091__00849__9e6y__s917__cluster_1_model_1.pdb	73c5f389834c5bda034c2f8d593113827626cd8f73295d65a2ddbf1b54bc94e4	/data1/qlyu/projects/pvrig_c2_new6220_dualreceptor_2seed_docking_results_v1_20260723/c2_new4220/compressed_queue/CANDIDATE_P1MCPUFP__CPUFP500K_0091__00849_9e6y_s917_cf8fc7ceb6ef.tar.gz	/data/qlyu/projects/pvrig_top7500_dualpanel_screen_v1_20260724/run/common4_rerank_v2_20260725/final50_structure_bundle_v1_20260725/docking/archives/CANDIDATE_P1MCPUFP__CPUFP500K_0091__00849_9e6y_s917_cf8fc7ceb6ef.tar.gz	b333c555f3a9454b3cd8d9eac0203fa2f313d77a0c28cfa402c31d0f7d5d3461	-54.48354	STRICT_A
32		P1MCPUFP__CPUFP500K_0091__00849	9e6y	1931	SUCCESS	cluster_1_model_1.pdb.gz	/data/qlyu/projects/pvrig_top7500_dualpanel_screen_v1_20260724/run/common4_rerank_v2_20260725/final50_structure_bundle_v1_20260725/docking/representative_complexes/R32__P1MCPUFP__CPUFP500K_0091__00849__9e6y__s1931__cluster_1_model_1.pdb	c95fcb804622679b5d09f6a029ca2830a1289ce8bab5097d557c37377888d2fd	/data1/qlyu/projects/pvrig_c2_new6220_dualreceptor_2seed_docking_results_v1_20260723/c2_new4220/compressed_queue/CANDIDATE_P1MCPUFP__CPUFP500K_0091__00849_9e6y_s1931_9dae78386199.tar.gz	/data/qlyu/projects/pvrig_top7500_dualpanel_screen_v1_20260724/run/common4_rerank_v2_20260725/final50_structure_bundle_v1_20260725/docking/archives/CANDIDATE_P1MCPUFP__CPUFP500K_0091__00849_9e6y_s1931_9dae78386199.tar.gz	7fd2b06f387fb70dde4a31b2995c627cfb2a2cfc5a1526de19bece42f2f4b325	-63.630750000000006	STRICT_A
32		P1MCPUFP__CPUFP500K_0091__00849	9e6y	3047	SUCCESS	cluster_1_model_1.pdb.gz	/data/qlyu/projects/pvrig_top7500_dualpanel_screen_v1_20260724/run/common4_rerank_v2_20260725/final50_structure_bundle_v1_20260725/docking/representative_complexes/R32__P1MCPUFP__CPUFP500K_0091__00849__9e6y__s3047__cluster_1_model_1.pdb	804a87449d9a1188f2be5f9443572006671daf063bead1df35b33d03750a6483	/data1/qlyu/projects/pvrig_c2_new4220_seed42_3047_docking_results_v1_20260723/c2_new4220_seed42_3047/compressed_queue/CANDIDATE_P1MCPUFP__CPUFP500K_0091__00849_9e6y_s3047_bd405095d8a8.tar.gz	/data/qlyu/projects/pvrig_top7500_dualpanel_screen_v1_20260724/run/common4_rerank_v2_20260725/final50_structure_bundle_v1_20260725/docking/archives/CANDIDATE_P1MCPUFP__CPUFP500K_0091__00849_9e6y_s3047_bd405095d8a8.tar.gz	66d117d7f69758e4fc0278cdec4b5b6cdcf73bb4bcb23c936c44d2083ef43c6d	-75.07018	STRICT_A
33		P1MCPUFP__CPUFP500K_0388__00174	8x6b	42	SUCCESS	cluster_1_model_1.pdb.gz	/data/qlyu/projects/pvrig_top7500_dualpanel_screen_v1_20260724/run/common4_rerank_v2_20260725/final50_structure_bundle_v1_20260725/docking/representative_complexes/R33__P1MCPUFP__CPUFP500K_0388__00174__8x6b__s42__cluster_1_model_1.pdb	af745602b38b7cd452f70481842e3a1d3eac76d5345a54d88d4b702c9c60b27e	/data1/qlyu/projects/pvrig_top200_common4_seed_completion106_docking_results_v1_20260725/top200_seed_completion/compressed_queue/CANDIDATE_P1MCPUFP__CPUFP500K_0388__00174_8x6b_s42_4167e337ef23.tar.gz	/data/qlyu/projects/pvrig_top7500_dualpanel_screen_v1_20260724/run/common4_rerank_v2_20260725/final50_structure_bundle_v1_20260725/docking/archives/CANDIDATE_P1MCPUFP__CPUFP500K_0388__00174_8x6b_s42_4167e337ef23.tar.gz	d6c5335d83e429e1d754d8971d7cda1cdbd0c7e275248b859bf433fee2c40207	-75.91746	STRICT_A
33		P1MCPUFP__CPUFP500K_0388__00174	8x6b	917	SUCCESS	cluster_1_model_1.pdb.gz	/data/qlyu/projects/pvrig_top7500_dualpanel_screen_v1_20260724/run/common4_rerank_v2_20260725/final50_structure_bundle_v1_20260725/docking/representative_complexes/R33__P1MCPUFP__CPUFP500K_0388__00174__8x6b__s917__cluster_1_model_1.pdb	a8c57c49477ec68c5efab764efe3873dcec1e00e8a182dc23977fc140f50e7f3	/data1/qlyu/projects/pvrig_priority_top7500_dualreceptor_multiseed_docking_results_v1_20260722/top7500_25k/compressed_queue/CANDIDATE_P1MCPUFP__CPUFP500K_0388__00174_8x6b_s917_1b12177da048.tar.gz	/data/qlyu/projects/pvrig_top7500_dualpanel_screen_v1_20260724/run/common4_rerank_v2_20260725/final50_structure_bundle_v1_20260725/docking/archives/CANDIDATE_P1MCPUFP__CPUFP500K_0388__00174_8x6b_s917_1b12177da048.tar.gz	8be1fbba51b3ac39627faaf8e3c7713faf20a586fd6529034e426cbb5b27cad1	-65.50035	STRICT_A
33		P1MCPUFP__CPUFP500K_0388__00174	8x6b	1931	SUCCESS	cluster_1_model_1.pdb.gz	/data/qlyu/projects/pvrig_top7500_dualpanel_screen_v1_20260724/run/common4_rerank_v2_20260725/final50_structure_bundle_v1_20260725/docking/representative_complexes/R33__P1MCPUFP__CPUFP500K_0388__00174__8x6b__s1931__cluster_1_model_1.pdb	8395e9a78d9afc6d2d42065326b3e08d443bfb6cf6c19e30a10ba54a0c4c8178	/data1/qlyu/projects/pvrig_priority_top7500_dualreceptor_multiseed_docking_results_v1_20260722/top7500_25k/compressed_queue/CANDIDATE_P1MCPUFP__CPUFP500K_0388__00174_8x6b_s1931_2a4dbc166357.tar.gz	/data/qlyu/projects/pvrig_top7500_dualpanel_screen_v1_20260724/run/common4_rerank_v2_20260725/final50_structure_bundle_v1_20260725/docking/archives/CANDIDATE_P1MCPUFP__CPUFP500K_0388__00174_8x6b_s1931_2a4dbc166357.tar.gz	cd4e40e22ec85a0f7535fb3d3a48cdb6da5ffb0b4c373050a180a118d7210387	-63.82054	STRICT_A
33		P1MCPUFP__CPUFP500K_0388__00174	8x6b	3047	SUCCESS	cluster_1_model_1.pdb.gz	/data/qlyu/projects/pvrig_top7500_dualpanel_screen_v1_20260724/run/common4_rerank_v2_20260725/final50_structure_bundle_v1_20260725/docking/representative_complexes/R33__P1MCPUFP__CPUFP500K_0388__00174__8x6b__s3047__cluster_1_model_1.pdb	eaf80d0a5580239df516741073619aefc7035e1ba3969de6dc0e3ccf903d540f	/data1/qlyu/projects/pvrig_top200_common4_seed_completion106_docking_results_v1_20260725/top200_seed_completion/compressed_queue/CANDIDATE_P1MCPUFP__CPUFP500K_0388__00174_8x6b_s3047_62f5fd857de2.tar.gz	/data/qlyu/projects/pvrig_top7500_dualpanel_screen_v1_20260724/run/common4_rerank_v2_20260725/final50_structure_bundle_v1_20260725/docking/archives/CANDIDATE_P1MCPUFP__CPUFP500K_0388__00174_8x6b_s3047_62f5fd857de2.tar.gz	8438cbf1e95d91128375f24edafecfc999f0b123ca4e3522d02045f8881fe534	-79.37849000000001	STRICT_A
33		P1MCPUFP__CPUFP500K_0388__00174	9e6y	42	SUCCESS	cluster_1_model_1.pdb.gz	/data/qlyu/projects/pvrig_top7500_dualpanel_screen_v1_20260724/run/common4_rerank_v2_20260725/final50_structure_bundle_v1_20260725/docking/representative_complexes/R33__P1MCPUFP__CPUFP500K_0388__00174__9e6y__s42__cluster_1_model_1.pdb	8a30dcd95d9d7c81422d6c867bad369c8529819a90b97f9e54f6f18b0994be21	/data1/qlyu/projects/pvrig_top200_common4_seed_completion106_docking_results_v1_20260725/top200_seed_completion/compressed_queue/CANDIDATE_P1MCPUFP__CPUFP500K_0388__00174_9e6y_s42_af0704ccc7d1.tar.gz	/data/qlyu/projects/pvrig_top7500_dualpanel_screen_v1_20260724/run/common4_rerank_v2_20260725/final50_structure_bundle_v1_20260725/docking/archives/CANDIDATE_P1MCPUFP__CPUFP500K_0388__00174_9e6y_s42_af0704ccc7d1.tar.gz	33f8513d91f14cf84ab40d7d41f4af817890932c08ddefbabf80e36939cc861c	-61.2765	STRICT_A
33		P1MCPUFP__CPUFP500K_0388__00174	9e6y	917	SUCCESS	cluster_1_model_1.pdb.gz	/data/qlyu/projects/pvrig_top7500_dualpanel_screen_v1_20260724/run/common4_rerank_v2_20260725/final50_structure_bundle_v1_20260725/docking/representative_complexes/R33__P1MCPUFP__CPUFP500K_0388__00174__9e6y__s917__cluster_1_model_1.pdb	da629c9071fd249ebd40f8e47c80f7d3a3b0c38f84c2bab8ff65601b71c79268	/data1/qlyu/projects/pvrig_priority_top7500_dualreceptor_multiseed_docking_results_v1_20260722/top7500_25k/compressed_queue/CANDIDATE_P1MCPUFP__CPUFP500K_0388__00174_9e6y_s917_920594b5cd61.tar.gz	/data/qlyu/projects/pvrig_top7500_dualpanel_screen_v1_20260724/run/common4_rerank_v2_20260725/final50_structure_bundle_v1_20260725/docking/archives/CANDIDATE_P1MCPUFP__CPUFP500K_0388__00174_9e6y_s917_920594b5cd61.tar.gz	e728688bd590dcf6e2944d719943404e72b6fe12bb057eab1a0122a1d0b1d70a	-56.236372	STRICT_A
33		P1MCPUFP__CPUFP500K_0388__00174	9e6y	1931	SUCCESS	cluster_1_model_1.pdb.gz	/data/qlyu/projects/pvrig_top7500_dualpanel_screen_v1_20260724/run/common4_rerank_v2_20260725/final50_structure_bundle_v1_20260725/docking/representative_complexes/R33__P1MCPUFP__CPUFP500K_0388__00174__9e6y__s1931__cluster_1_model_1.pdb	a07158c924fccdb2bfbcfe2d19fde5e3d065e805d730a3b0419fc2d414247c23	/data1/qlyu/projects/pvrig_priority_top7500_dualreceptor_multiseed_docking_results_v1_20260722/top7500_25k/compressed_queue/CANDIDATE_P1MCPUFP__CPUFP500K_0388__00174_9e6y_s1931_93cf9f5ebf2c.tar.gz	/data/qlyu/projects/pvrig_top7500_dualpanel_screen_v1_20260724/run/common4_rerank_v2_20260725/final50_structure_bundle_v1_20260725/docking/archives/CANDIDATE_P1MCPUFP__CPUFP500K_0388__00174_9e6y_s1931_93cf9f5ebf2c.tar.gz	ca484c81a0c1e08a367840d2a80dad289cdfa3070e6779aca2f680311def8800	-74.14443999999999	STRICT_A
33		P1MCPUFP__CPUFP500K_0388__00174	9e6y	3047	SUCCESS	cluster_1_model_1.pdb.gz	/data/qlyu/projects/pvrig_top7500_dualpanel_screen_v1_20260724/run/common4_rerank_v2_20260725/final50_structure_bundle_v1_20260725/docking/representative_complexes/R33__P1MCPUFP__CPUFP500K_0388__00174__9e6y__s3047__cluster_1_model_1.pdb	bfaa94cd39489defa34828b9beee30b74bdbd82d6ff2bf9478fb83a6137b99ae	/data1/qlyu/projects/pvrig_top200_common4_seed_completion106_docking_results_v1_20260725/top200_seed_completion/compressed_queue/CANDIDATE_P1MCPUFP__CPUFP500K_0388__00174_9e6y_s3047_19540d9d3fe2.tar.gz	/data/qlyu/projects/pvrig_top7500_dualpanel_screen_v1_20260724/run/common4_rerank_v2_20260725/final50_structure_bundle_v1_20260725/docking/archives/CANDIDATE_P1MCPUFP__CPUFP500K_0388__00174_9e6y_s3047_19540d9d3fe2.tar.gz	7e67fc9857eb5ded42d47114d40b2db6cf205c23fdc1c8b1829b52bde55bccad	-77.12166	STRICT_A
34		P1MCPUFP__CPUFP500K_0487__00827	8x6b	42	SUCCESS	cluster_1_model_1.pdb.gz	/data/qlyu/projects/pvrig_top7500_dualpanel_screen_v1_20260724/run/common4_rerank_v2_20260725/final50_structure_bundle_v1_20260725/docking/representative_complexes/R34__P1MCPUFP__CPUFP500K_0487__00827__8x6b__s42__cluster_1_model_1.pdb	73dc24537cbf5f54faa04f55d24ee7f57d6eaa8931aa927d8e40cf0dcbe69761	/data1/qlyu/projects/pvrig_top200_common4_seed_completion106_docking_results_v1_20260725/top200_seed_completion/compressed_queue/CANDIDATE_P1MCPUFP__CPUFP500K_0487__00827_8x6b_s42_66d940651514.tar.gz	/data/qlyu/projects/pvrig_top7500_dualpanel_screen_v1_20260724/run/common4_rerank_v2_20260725/final50_structure_bundle_v1_20260725/docking/archives/CANDIDATE_P1MCPUFP__CPUFP500K_0487__00827_8x6b_s42_66d940651514.tar.gz	a75dff80860698803c9455d5f5cd50d0847e535a4d978069ff48969320d8b7e7	-86.35988	STRICT_A
34		P1MCPUFP__CPUFP500K_0487__00827	8x6b	917	SUCCESS	cluster_1_model_1.pdb.gz	/data/qlyu/projects/pvrig_top7500_dualpanel_screen_v1_20260724/run/common4_rerank_v2_20260725/final50_structure_bundle_v1_20260725/docking/representative_complexes/R34__P1MCPUFP__CPUFP500K_0487__00827__8x6b__s917__cluster_1_model_1.pdb	dddd82b83383dcdc52f302d8111ffb7b3630c1e20dd6413163b8e17a6160b424	/data1/qlyu/projects/pvrig_priority_top7500_dualreceptor_multiseed_docking_results_v1_20260722/top7500_25k/compressed_queue/CANDIDATE_P1MCPUFP__CPUFP500K_0487__00827_8x6b_s917_3c5759e3f2c3.tar.gz	/data/qlyu/projects/pvrig_top7500_dualpanel_screen_v1_20260724/run/common4_rerank_v2_20260725/final50_structure_bundle_v1_20260725/docking/archives/CANDIDATE_P1MCPUFP__CPUFP500K_0487__00827_8x6b_s917_3c5759e3f2c3.tar.gz	6d9aa1c70149976ae0c0f027863b8416dc5d4e2a202add6bdde0c7627d74057b	-69.79349	STRICT_A
34		P1MCPUFP__CPUFP500K_0487__00827	8x6b	1931	SUCCESS	cluster_1_model_1.pdb.gz	/data/qlyu/projects/pvrig_top7500_dualpanel_screen_v1_20260724/run/common4_rerank_v2_20260725/final50_structure_bundle_v1_20260725/docking/representative_complexes/R34__P1MCPUFP__CPUFP500K_0487__00827__8x6b__s1931__cluster_1_model_1.pdb	b0b9011311e5cdad11ec7d43f931b479a10fcc0210da54a3ff87b923522d005a	/data1/qlyu/projects/pvrig_priority_top7500_dualreceptor_multiseed_docking_results_v1_20260722/top7500_25k/compressed_queue/CANDIDATE_P1MCPUFP__CPUFP500K_0487__00827_8x6b_s1931_0386165915db.tar.gz	/data/qlyu/projects/pvrig_top7500_dualpanel_screen_v1_20260724/run/common4_rerank_v2_20260725/final50_structure_bundle_v1_20260725/docking/archives/CANDIDATE_P1MCPUFP__CPUFP500K_0487__00827_8x6b_s1931_0386165915db.tar.gz	fc447409c98144b1db9318714f85867cea189fa0c5af0077955b63af1bf80098	-56.09691000000001	STRICT_A
34		P1MCPUFP__CPUFP500K_0487__00827	8x6b	3047	SUCCESS	cluster_1_model_1.pdb.gz	/data/qlyu/projects/pvrig_top7500_dualpanel_screen_v1_20260724/run/common4_rerank_v2_20260725/final50_structure_bundle_v1_20260725/docking/representative_complexes/R34__P1MCPUFP__CPUFP500K_0487__00827__8x6b__s3047__cluster_1_model_1.pdb	bb1f1201bf744f2203a8716528ed53b9f203bc07b02790b968813f35dbb2eb03	/data1/qlyu/projects/pvrig_top200_common4_seed_completion106_docking_results_v1_20260725/top200_seed_completion/compressed_queue/CANDIDATE_P1MCPUFP__CPUFP500K_0487__00827_8x6b_s3047_fd69af7e3b1a.tar.gz	/data/qlyu/projects/pvrig_top7500_dualpanel_screen_v1_20260724/run/common4_rerank_v2_20260725/final50_structure_bundle_v1_20260725/docking/archives/CANDIDATE_P1MCPUFP__CPUFP500K_0487__00827_8x6b_s3047_fd69af7e3b1a.tar.gz	281d56781f5e9333489b4ea535f47cb74808075a47a55d45b4630429278a5a39	-62.120760000000004	STRICT_A
34		P1MCPUFP__CPUFP500K_0487__00827	9e6y	42	SUCCESS	cluster_1_model_1.pdb.gz	/data/qlyu/projects/pvrig_top7500_dualpanel_screen_v1_20260724/run/common4_rerank_v2_20260725/final50_structure_bundle_v1_20260725/docking/representative_complexes/R34__P1MCPUFP__CPUFP500K_0487__00827__9e6y__s42__cluster_1_model_1.pdb	0e54d5ed69fab58e9f6a5d4c26795b611ee65eef3b5c95bd6c28d0315e41406b	/data1/qlyu/projects/pvrig_top200_common4_seed_completion106_docking_results_v1_20260725/top200_seed_completion/compressed_queue/CANDIDATE_P1MCPUFP__CPUFP500K_0487__00827_9e6y_s42_f300a9bddcd7.tar.gz	/data/qlyu/projects/pvrig_top7500_dualpanel_screen_v1_20260724/run/common4_rerank_v2_20260725/final50_structure_bundle_v1_20260725/docking/archives/CANDIDATE_P1MCPUFP__CPUFP500K_0487__00827_9e6y_s42_f300a9bddcd7.tar.gz	13758eb702a3a3db420302a9829be5c933636955c366ead37b1dfa1123da93de	-62.40222	STRICT_A
34		P1MCPUFP__CPUFP500K_0487__00827	9e6y	917	SUCCESS	cluster_1_model_1.pdb.gz	/data/qlyu/projects/pvrig_top7500_dualpanel_screen_v1_20260724/run/common4_rerank_v2_20260725/final50_structure_bundle_v1_20260725/docking/representative_complexes/R34__P1MCPUFP__CPUFP500K_0487__00827__9e6y__s917__cluster_1_model_1.pdb	caa0f66b69f9fa3c0328eb9a99fe26fdba3a3473b2f7a66480292f6ddc7b27e7	/data1/qlyu/projects/pvrig_priority_top7500_dualreceptor_multiseed_docking_results_v1_20260722/top7500_25k/compressed_queue/CANDIDATE_P1MCPUFP__CPUFP500K_0487__00827_9e6y_s917_ac20f08f15b3.tar.gz	/data/qlyu/projects/pvrig_top7500_dualpanel_screen_v1_20260724/run/common4_rerank_v2_20260725/final50_structure_bundle_v1_20260725/docking/archives/CANDIDATE_P1MCPUFP__CPUFP500K_0487__00827_9e6y_s917_ac20f08f15b3.tar.gz	5afde01708c1a078f2ca4bfb838409d365d19495e050239f8238cf667c5e60fb	-63.5886	STRICT_A
34		P1MCPUFP__CPUFP500K_0487__00827	9e6y	1931	SUCCESS	cluster_1_model_1.pdb.gz	/data/qlyu/projects/pvrig_top7500_dualpanel_screen_v1_20260724/run/common4_rerank_v2_20260725/final50_structure_bundle_v1_20260725/docking/representative_complexes/R34__P1MCPUFP__CPUFP500K_0487__00827__9e6y__s1931__cluster_1_model_1.pdb	b3c24d6cedde12f2f354087603a5fb5fc74169ee104a8e770e773210eeab9116	/data1/qlyu/projects/pvrig_priority_top7500_dualreceptor_multiseed_docking_results_v1_20260722/top7500_25k/compressed_queue/CANDIDATE_P1MCPUFP__CPUFP500K_0487__00827_9e6y_s1931_3bddfe224c32.tar.gz	/data/qlyu/projects/pvrig_top7500_dualpanel_screen_v1_20260724/run/common4_rerank_v2_20260725/final50_structure_bundle_v1_20260725/docking/archives/CANDIDATE_P1MCPUFP__CPUFP500K_0487__00827_9e6y_s1931_3bddfe224c32.tar.gz	26e801d11b6937790567513742881d666c0a59bfd33ebdc6ffbc7289afa9d3f2	-60.518600000000006	STRICT_A
34		P1MCPUFP__CPUFP500K_0487__00827	9e6y	3047	SUCCESS	cluster_1_model_1.pdb.gz	/data/qlyu/projects/pvrig_top7500_dualpanel_screen_v1_20260724/run/common4_rerank_v2_20260725/final50_structure_bundle_v1_20260725/docking/representative_complexes/R34__P1MCPUFP__CPUFP500K_0487__00827__9e6y__s3047__cluster_1_model_1.pdb	3fe701ba8c63a0db370225e560c7e5fe1a09ac275382c923bebeea0eafb80813	/data1/qlyu/projects/pvrig_top200_common4_seed_completion106_docking_results_v1_20260725/top200_seed_completion/compressed_queue/CANDIDATE_P1MCPUFP__CPUFP500K_0487__00827_9e6y_s3047_7116a6302118.tar.gz	/data/qlyu/projects/pvrig_top7500_dualpanel_screen_v1_20260724/run/common4_rerank_v2_20260725/final50_structure_bundle_v1_20260725/docking/archives/CANDIDATE_P1MCPUFP__CPUFP500K_0487__00827_9e6y_s3047_7116a6302118.tar.gz	188543c836eb55403b7b7f1435ca431159ba9bc39c08b9a89a9defa8f24cb23d	-53.03484	STRICT_A
35		P1MCPUFP__CPUFP500K_0029__00647	8x6b	42	SUCCESS	cluster_1_model_1.pdb.gz	/data/qlyu/projects/pvrig_top7500_dualpanel_screen_v1_20260724/run/common4_rerank_v2_20260725/final50_structure_bundle_v1_20260725/docking/representative_complexes/R35__P1MCPUFP__CPUFP500K_0029__00647__8x6b__s42__cluster_1_model_1.pdb	f0232b42876562c205099c88a25494feab8ccdd975f28bab189651928e0c7fe3	/data1/qlyu/projects/pvrig_top200_common4_seed_completion106_docking_results_v1_20260725/top200_seed_completion/compressed_queue/CANDIDATE_P1MCPUFP__CPUFP500K_0029__00647_8x6b_s42_419c5042517a.tar.gz	/data/qlyu/projects/pvrig_top7500_dualpanel_screen_v1_20260724/run/common4_rerank_v2_20260725/final50_structure_bundle_v1_20260725/docking/archives/CANDIDATE_P1MCPUFP__CPUFP500K_0029__00647_8x6b_s42_419c5042517a.tar.gz	9671091eb9790a345087351ddc7596e80adbf2d78e4ffbdad49cf9a87fd80c0b	-68.7166	STRICT_A
35		P1MCPUFP__CPUFP500K_0029__00647	8x6b	917	SUCCESS	cluster_1_model_1.pdb.gz	/data/qlyu/projects/pvrig_top7500_dualpanel_screen_v1_20260724/run/common4_rerank_v2_20260725/final50_structure_bundle_v1_20260725/docking/representative_complexes/R35__P1MCPUFP__CPUFP500K_0029__00647__8x6b__s917__cluster_1_model_1.pdb	3a5aa7837920c9f6e8e16a9a53c825de2dd9e010bb4d48d79dd503f4fb5da47b	/data1/qlyu/projects/pvrig_priority_top7500_dualreceptor_multiseed_docking_results_v1_20260722/top7500_25k/compressed_queue/CANDIDATE_P1MCPUFP__CPUFP500K_0029__00647_8x6b_s917_fe1e7dd71179.tar.gz	/data/qlyu/projects/pvrig_top7500_dualpanel_screen_v1_20260724/run/common4_rerank_v2_20260725/final50_structure_bundle_v1_20260725/docking/archives/CANDIDATE_P1MCPUFP__CPUFP500K_0029__00647_8x6b_s917_fe1e7dd71179.tar.gz	bde100326a1c198dedb1f97102e3b5d0979bd27b17d84479c12f4186fdf8b116	-51.0272	STRICT_A
35		P1MCPUFP__CPUFP500K_0029__00647	8x6b	1931	SUCCESS	cluster_1_model_1.pdb.gz	/data/qlyu/projects/pvrig_top7500_dualpanel_screen_v1_20260724/run/common4_rerank_v2_20260725/final50_structure_bundle_v1_20260725/docking/representative_complexes/R35__P1MCPUFP__CPUFP500K_0029__00647__8x6b__s1931__cluster_1_model_1.pdb	9d0dc774db481104fbc6a916e420967985d3c27d4f7256b5bd4a2b7591a17a82	/data1/qlyu/projects/pvrig_priority_top7500_dualreceptor_multiseed_docking_results_v1_20260722/top7500_25k/compressed_queue/CANDIDATE_P1MCPUFP__CPUFP500K_0029__00647_8x6b_s1931_1d3b9d2c90e3.tar.gz	/data/qlyu/projects/pvrig_top7500_dualpanel_screen_v1_20260724/run/common4_rerank_v2_20260725/final50_structure_bundle_v1_20260725/docking/archives/CANDIDATE_P1MCPUFP__CPUFP500K_0029__00647_8x6b_s1931_1d3b9d2c90e3.tar.gz	2142b8665f521c543316aafbf624f571263c67e4fcad40795d37ebe3c4e30915	-70.21346999999999	STRICT_A
35		P1MCPUFP__CPUFP500K_0029__00647	8x6b	3047	SUCCESS	cluster_1_model_1.pdb.gz	/data/qlyu/projects/pvrig_top7500_dualpanel_screen_v1_20260724/run/common4_rerank_v2_20260725/final50_structure_bundle_v1_20260725/docking/representative_complexes/R35__P1MCPUFP__CPUFP500K_0029__00647__8x6b__s3047__cluster_1_model_1.pdb	0a669401cd5a0e2831f44bb4dedcb45110c71a344ac2f4d50f10ecd4604906bc	/data1/qlyu/projects/pvrig_top200_common4_seed_completion106_docking_results_v1_20260725/top200_seed_completion/compressed_queue/CANDIDATE_P1MCPUFP__CPUFP500K_0029__00647_8x6b_s3047_9dbb0ecd9bf1.tar.gz	/data/qlyu/projects/pvrig_top7500_dualpanel_screen_v1_20260724/run/common4_rerank_v2_20260725/final50_structure_bundle_v1_20260725/docking/archives/CANDIDATE_P1MCPUFP__CPUFP500K_0029__00647_8x6b_s3047_9dbb0ecd9bf1.tar.gz	3d59efb9719d23408409f92767a27fc791a8786270efe9e6d5f9d2e03833d688	-74.84559999999999	STRICT_A
35		P1MCPUFP__CPUFP500K_0029__00647	9e6y	42	SUCCESS	cluster_1_model_1.pdb.gz	/data/qlyu/projects/pvrig_top7500_dualpanel_screen_v1_20260724/run/common4_rerank_v2_20260725/final50_structure_bundle_v1_20260725/docking/representative_complexes/R35__P1MCPUFP__CPUFP500K_0029__00647__9e6y__s42__cluster_1_model_1.pdb	4309be359111750b340d48591efe0ae7ba1a84ebcbfac4220898f70cab6b7998	/data1/qlyu/projects/pvrig_top200_common4_seed_completion106_docking_results_v1_20260725/top200_seed_completion/compressed_queue/CANDIDATE_P1MCPUFP__CPUFP500K_0029__00647_9e6y_s42_fb7a20da1d22.tar.gz	/data/qlyu/projects/pvrig_top7500_dualpanel_screen_v1_20260724/run/common4_rerank_v2_20260725/final50_structure_bundle_v1_20260725/docking/archives/CANDIDATE_P1MCPUFP__CPUFP500K_0029__00647_9e6y_s42_fb7a20da1d22.tar.gz	810c37484734e880136fde58002f556fdfa8232305ca6f03d4a68c5d30b497a5	-58.19487000000001	STRICT_A
35		P1MCPUFP__CPUFP500K_0029__00647	9e6y	917	SUCCESS	cluster_1_model_1.pdb.gz	/data/qlyu/projects/pvrig_top7500_dualpanel_screen_v1_20260724/run/common4_rerank_v2_20260725/final50_structure_bundle_v1_20260725/docking/representative_complexes/R35__P1MCPUFP__CPUFP500K_0029__00647__9e6y__s917__cluster_1_model_1.pdb	ad31f341a5dec8acfe3dca090f5606523380871183a04ce4d2a8809c8cae5155	/data1/qlyu/projects/pvrig_priority_top7500_dualreceptor_multiseed_docking_results_v1_20260722/top7500_25k/compressed_queue/CANDIDATE_P1MCPUFP__CPUFP500K_0029__00647_9e6y_s917_bc1453f6d2f2.tar.gz	/data/qlyu/projects/pvrig_top7500_dualpanel_screen_v1_20260724/run/common4_rerank_v2_20260725/final50_structure_bundle_v1_20260725/docking/archives/CANDIDATE_P1MCPUFP__CPUFP500K_0029__00647_9e6y_s917_bc1453f6d2f2.tar.gz	ecbcab90cb620b99e20ffafd3ddfa593df67834d81c1957d17300a62127303e5	-60.221460000000015	STRICT_A
35		P1MCPUFP__CPUFP500K_0029__00647	9e6y	1931	SUCCESS	cluster_1_model_1.pdb.gz	/data/qlyu/projects/pvrig_top7500_dualpanel_screen_v1_20260724/run/common4_rerank_v2_20260725/final50_structure_bundle_v1_20260725/docking/representative_complexes/R35__P1MCPUFP__CPUFP500K_0029__00647__9e6y__s1931__cluster_1_model_1.pdb	88a8306c4e6b241d8eeb5ee2c1335cd26bf85bc4260e9ae48c48b799a5221756	/data1/qlyu/projects/pvrig_priority_top7500_dualreceptor_multiseed_docking_results_v1_20260722/top7500_25k/compressed_queue/CANDIDATE_P1MCPUFP__CPUFP500K_0029__00647_9e6y_s1931_bbae598483f8.tar.gz	/data/qlyu/projects/pvrig_top7500_dualpanel_screen_v1_20260724/run/common4_rerank_v2_20260725/final50_structure_bundle_v1_20260725/docking/archives/CANDIDATE_P1MCPUFP__CPUFP500K_0029__00647_9e6y_s1931_bbae598483f8.tar.gz	419d0cb7a0596c229e148e85b78b5d43e2450e118d90a35ec3531b4390eb7178	-65.96833	STRICT_A
35		P1MCPUFP__CPUFP500K_0029__00647	9e6y	3047	SUCCESS	cluster_1_model_1.pdb.gz	/data/qlyu/projects/pvrig_top7500_dualpanel_screen_v1_20260724/run/common4_rerank_v2_20260725/final50_structure_bundle_v1_20260725/docking/representative_complexes/R35__P1MCPUFP__CPUFP500K_0029__00647__9e6y__s3047__cluster_1_model_1.pdb	72f7a439fbd589ee06506bf65fcaf35a0c0c0a152164167846bc3187907686ec	/data1/qlyu/projects/pvrig_top200_common4_seed_completion106_docking_results_v1_20260725/top200_seed_completion/compressed_queue/CANDIDATE_P1MCPUFP__CPUFP500K_0029__00647_9e6y_s3047_f9551e5c1ea5.tar.gz	/data/qlyu/projects/pvrig_top7500_dualpanel_screen_v1_20260724/run/common4_rerank_v2_20260725/final50_structure_bundle_v1_20260725/docking/archives/CANDIDATE_P1MCPUFP__CPUFP500K_0029__00647_9e6y_s3047_f9551e5c1ea5.tar.gz	38677d72da1757d239b4c02af7bd5110569136c9ffbd02141d3be78ef9fab131	-59.656200000000005	STRICT_A
36		P1MCPUFP__CPUFP500K_0388__00797	8x6b	42	SUCCESS	cluster_1_model_1.pdb.gz	/data/qlyu/projects/pvrig_top7500_dualpanel_screen_v1_20260724/run/common4_rerank_v2_20260725/final50_structure_bundle_v1_20260725/docking/representative_complexes/R36__P1MCPUFP__CPUFP500K_0388__00797__8x6b__s42__cluster_1_model_1.pdb	e0f468c781dbfd7620045135b9efb8cbc4326a2eb54fe503f1a7aef416da938f	/data1/qlyu/projects/pvrig_c2_new4220_seed42_3047_docking_results_v1_20260723/c2_new4220_seed42_3047/compressed_queue/CANDIDATE_P1MCPUFP__CPUFP500K_0388__00797_8x6b_s42_1e10783438b3.tar.gz	/data/qlyu/projects/pvrig_top7500_dualpanel_screen_v1_20260724/run/common4_rerank_v2_20260725/final50_structure_bundle_v1_20260725/docking/archives/CANDIDATE_P1MCPUFP__CPUFP500K_0388__00797_8x6b_s42_1e10783438b3.tar.gz	5dc941207647699f2513217591a23c14fa0550c185f7724cdc6077cb9fbd090f	-102.27739	STRICT_A
36		P1MCPUFP__CPUFP500K_0388__00797	8x6b	917	SUCCESS	cluster_1_model_1.pdb.gz	/data/qlyu/projects/pvrig_top7500_dualpanel_screen_v1_20260724/run/common4_rerank_v2_20260725/final50_structure_bundle_v1_20260725/docking/representative_complexes/R36__P1MCPUFP__CPUFP500K_0388__00797__8x6b__s917__cluster_1_model_1.pdb	137f327c0c25a1faf944acfa23a983524abc9447741083bb8097e416e58f24ef	/data1/qlyu/projects/pvrig_c2_new6220_dualreceptor_2seed_docking_results_v1_20260723/c2_new4220/compressed_queue/CANDIDATE_P1MCPUFP__CPUFP500K_0388__00797_8x6b_s917_2ab7bd76262e.tar.gz	/data/qlyu/projects/pvrig_top7500_dualpanel_screen_v1_20260724/run/common4_rerank_v2_20260725/final50_structure_bundle_v1_20260725/docking/archives/CANDIDATE_P1MCPUFP__CPUFP500K_0388__00797_8x6b_s917_2ab7bd76262e.tar.gz	e3ef6041ecc6056dc2a0f8e93ec24993583231880b8f97874a75ebd3a2cdb8e4	-85.60419999999999	STRICT_A
36		P1MCPUFP__CPUFP500K_0388__00797	8x6b	1931	SUCCESS	cluster_1_model_1.pdb.gz	/data/qlyu/projects/pvrig_top7500_dualpanel_screen_v1_20260724/run/common4_rerank_v2_20260725/final50_structure_bundle_v1_20260725/docking/representative_complexes/R36__P1MCPUFP__CPUFP500K_0388__00797__8x6b__s1931__cluster_1_model_1.pdb	881e9ace5330090135ec17fdff9bba9f4b278b6a93c13cf6a83e0646db8d0e6b	/data1/qlyu/projects/pvrig_c2_new6220_dualreceptor_2seed_docking_results_v1_20260723/c2_new4220/compressed_queue/CANDIDATE_P1MCPUFP__CPUFP500K_0388__00797_8x6b_s1931_288dcde32491.tar.gz	/data/qlyu/projects/pvrig_top7500_dualpanel_screen_v1_20260724/run/common4_rerank_v2_20260725/final50_structure_bundle_v1_20260725/docking/archives/CANDIDATE_P1MCPUFP__CPUFP500K_0388__00797_8x6b_s1931_288dcde32491.tar.gz	041b506e8d30223ed9a695f4b6a39753ffbec5cb9cab05a0b0049a77d3088dd0	-98.348	STRICT_A
36		P1MCPUFP__CPUFP500K_0388__00797	8x6b	3047	SUCCESS	cluster_1_model_1.pdb.gz	/data/qlyu/projects/pvrig_top7500_dualpanel_screen_v1_20260724/run/common4_rerank_v2_20260725/final50_structure_bundle_v1_20260725/docking/representative_complexes/R36__P1MCPUFP__CPUFP500K_0388__00797__8x6b__s3047__cluster_1_model_1.pdb	ce4ab0f2b1d783a7e221c30064b456677dd205bb40fca1c02f1e7d66accf2b53	/data1/qlyu/projects/pvrig_c2_new4220_seed42_3047_docking_results_v1_20260723/c2_new4220_seed42_3047/compressed_queue/CANDIDATE_P1MCPUFP__CPUFP500K_0388__00797_8x6b_s3047_ba3983036fe8.tar.gz	/data/qlyu/projects/pvrig_top7500_dualpanel_screen_v1_20260724/run/common4_rerank_v2_20260725/final50_structure_bundle_v1_20260725/docking/archives/CANDIDATE_P1MCPUFP__CPUFP500K_0388__00797_8x6b_s3047_ba3983036fe8.tar.gz	0e1c6d6e95b3f9462dc3d4d873fa0fc7c1639f6513e045ca84e5f1c7b60f637a	-88.4727	STRICT_A
36		P1MCPUFP__CPUFP500K_0388__00797	9e6y	42	SUCCESS	cluster_1_model_1.pdb.gz	/data/qlyu/projects/pvrig_top7500_dualpanel_screen_v1_20260724/run/common4_rerank_v2_20260725/final50_structure_bundle_v1_20260725/docking/representative_complexes/R36__P1MCPUFP__CPUFP500K_0388__00797__9e6y__s42__cluster_1_model_1.pdb	ce36ea60ff9592ca5c61b79a3b0e5f8340dc5310388eacf9cc31ef1b7fef1431	/data1/qlyu/projects/pvrig_c2_new4220_seed42_3047_docking_results_v1_20260723/c2_new4220_seed42_3047/compressed_queue/CANDIDATE_P1MCPUFP__CPUFP500K_0388__00797_9e6y_s42_9f36072a4de1.tar.gz	/data/qlyu/projects/pvrig_top7500_dualpanel_screen_v1_20260724/run/common4_rerank_v2_20260725/final50_structure_bundle_v1_20260725/docking/archives/CANDIDATE_P1MCPUFP__CPUFP500K_0388__00797_9e6y_s42_9f36072a4de1.tar.gz	7ed560748381708673c67e1f4b79a476cfd8b88020ecd831aa742a31a99d71d8	-56.907619999999994	STRICT_A
36		P1MCPUFP__CPUFP500K_0388__00797	9e6y	917	SUCCESS	cluster_1_model_1.pdb.gz	/data/qlyu/projects/pvrig_top7500_dualpanel_screen_v1_20260724/run/common4_rerank_v2_20260725/final50_structure_bundle_v1_20260725/docking/representative_complexes/R36__P1MCPUFP__CPUFP500K_0388__00797__9e6y__s917__cluster_1_model_1.pdb	375f42bf371d062e6fdc97c6d4301785327f05de3f025de491453263abc9cb74	/data1/qlyu/projects/pvrig_c2_new6220_dualreceptor_2seed_docking_results_v1_20260723/c2_new4220/compressed_queue/CANDIDATE_P1MCPUFP__CPUFP500K_0388__00797_9e6y_s917_59f4ede59976.tar.gz	/data/qlyu/projects/pvrig_top7500_dualpanel_screen_v1_20260724/run/common4_rerank_v2_20260725/final50_structure_bundle_v1_20260725/docking/archives/CANDIDATE_P1MCPUFP__CPUFP500K_0388__00797_9e6y_s917_59f4ede59976.tar.gz	b6356e36e98d1eafd17484c395134fea7477aa3dfe0aad7652f3586804b8fbc7	-85.4233	STRICT_A
36		P1MCPUFP__CPUFP500K_0388__00797	9e6y	1931	SUCCESS	cluster_1_model_1.pdb.gz	/data/qlyu/projects/pvrig_top7500_dualpanel_screen_v1_20260724/run/common4_rerank_v2_20260725/final50_structure_bundle_v1_20260725/docking/representative_complexes/R36__P1MCPUFP__CPUFP500K_0388__00797__9e6y__s1931__cluster_1_model_1.pdb	ef130722318217b9994c8ff9b8420e30a4afe6ea16cc0d603a2a84ea05bda0a1	/data1/qlyu/projects/pvrig_c2_new6220_dualreceptor_2seed_docking_results_v1_20260723/c2_new4220/compressed_queue/CANDIDATE_P1MCPUFP__CPUFP500K_0388__00797_9e6y_s1931_66dac91b6680.tar.gz	/data/qlyu/projects/pvrig_top7500_dualpanel_screen_v1_20260724/run/common4_rerank_v2_20260725/final50_structure_bundle_v1_20260725/docking/archives/CANDIDATE_P1MCPUFP__CPUFP500K_0388__00797_9e6y_s1931_66dac91b6680.tar.gz	fd6d48dcb76d274467d5748769d26500f75ab478d9c038581aefb7e53c213fc0	-90.32607999999999	STRICT_A
36		P1MCPUFP__CPUFP500K_0388__00797	9e6y	3047	SUCCESS	cluster_1_model_1.pdb.gz	/data/qlyu/projects/pvrig_top7500_dualpanel_screen_v1_20260724/run/common4_rerank_v2_20260725/final50_structure_bundle_v1_20260725/docking/representative_complexes/R36__P1MCPUFP__CPUFP500K_0388__00797__9e6y__s3047__cluster_1_model_1.pdb	85eed1c236b0baa23374d0a6c2bfc96972cbd80578445c593a54e7f107f88dd7	/data1/qlyu/projects/pvrig_c2_new4220_seed42_3047_docking_results_v1_20260723/c2_new4220_seed42_3047/compressed_queue/CANDIDATE_P1MCPUFP__CPUFP500K_0388__00797_9e6y_s3047_d323e8c624d4.tar.gz	/data/qlyu/projects/pvrig_top7500_dualpanel_screen_v1_20260724/run/common4_rerank_v2_20260725/final50_structure_bundle_v1_20260725/docking/archives/CANDIDATE_P1MCPUFP__CPUFP500K_0388__00797_9e6y_s3047_d323e8c624d4.tar.gz	873b80b4022ce990ffa5977ec80482ad628dc0494ac2b925aaed1e44c895c81b	-90.11110000000001	STRICT_A
37		P1MCPUFP__CPUFP500K_0134__00289	8x6b	42	SUCCESS	cluster_1_model_1.pdb.gz	/data/qlyu/projects/pvrig_top7500_dualpanel_screen_v1_20260724/run/common4_rerank_v2_20260725/final50_structure_bundle_v1_20260725/docking/representative_complexes/R37__P1MCPUFP__CPUFP500K_0134__00289__8x6b__s42__cluster_1_model_1.pdb	582589bb90d2d71ff10a42e0f1008a275479961bb6eaeb8860796539723fc75e	/data1/qlyu/projects/pvrig_top200_common4_seed_completion106_docking_results_v1_20260725/top200_seed_completion/compressed_queue/CANDIDATE_P1MCPUFP__CPUFP500K_0134__00289_8x6b_s42_4f8b3750e872.tar.gz	/data/qlyu/projects/pvrig_top7500_dualpanel_screen_v1_20260724/run/common4_rerank_v2_20260725/final50_structure_bundle_v1_20260725/docking/archives/CANDIDATE_P1MCPUFP__CPUFP500K_0134__00289_8x6b_s42_4f8b3750e872.tar.gz	76b7f242c1b4729861cc0e054249cf1ca8a7186e4eaa70e69b1e9b65bcd50899	-83.07454	STRICT_A
37		P1MCPUFP__CPUFP500K_0134__00289	8x6b	917	SUCCESS	cluster_1_model_1.pdb.gz	/data/qlyu/projects/pvrig_top7500_dualpanel_screen_v1_20260724/run/common4_rerank_v2_20260725/final50_structure_bundle_v1_20260725/docking/representative_complexes/R37__P1MCPUFP__CPUFP500K_0134__00289__8x6b__s917__cluster_1_model_1.pdb	a6df6efa3aca92d7721d739acc50820583a59a7ed99b27a749f232efadd67882	/data1/qlyu/projects/pvrig_priority_top7500_dualreceptor_multiseed_docking_results_v1_20260722/top7500_25k/compressed_queue/CANDIDATE_P1MCPUFP__CPUFP500K_0134__00289_8x6b_s917_e52c9f8bfccd.tar.gz	/data/qlyu/projects/pvrig_top7500_dualpanel_screen_v1_20260724/run/common4_rerank_v2_20260725/final50_structure_bundle_v1_20260725/docking/archives/CANDIDATE_P1MCPUFP__CPUFP500K_0134__00289_8x6b_s917_e52c9f8bfccd.tar.gz	1d83dbae5ed575563c82fdfbff83ae559bcbc6e93c4437f6ba6213c936e7831f	-72.82747	STRICT_A
37		P1MCPUFP__CPUFP500K_0134__00289	8x6b	1931	SUCCESS	cluster_1_model_1.pdb.gz	/data/qlyu/projects/pvrig_top7500_dualpanel_screen_v1_20260724/run/common4_rerank_v2_20260725/final50_structure_bundle_v1_20260725/docking/representative_complexes/R37__P1MCPUFP__CPUFP500K_0134__00289__8x6b__s1931__cluster_1_model_1.pdb	70ee6421ff1295a280b355cb9c4808d71a0a8edb5b64db6acf170fbff91a36bc	/data1/qlyu/projects/pvrig_priority_top7500_dualreceptor_multiseed_docking_results_v1_20260722/top7500_25k/compressed_queue/CANDIDATE_P1MCPUFP__CPUFP500K_0134__00289_8x6b_s1931_77ed3f78b1a7.tar.gz	/data/qlyu/projects/pvrig_top7500_dualpanel_screen_v1_20260724/run/common4_rerank_v2_20260725/final50_structure_bundle_v1_20260725/docking/archives/CANDIDATE_P1MCPUFP__CPUFP500K_0134__00289_8x6b_s1931_77ed3f78b1a7.tar.gz	122784af51afb82e99bbe5616240ca33d162653c9a6e8a5e871eaf3085e385c2	-79.24055999999999	STRICT_A
37		P1MCPUFP__CPUFP500K_0134__00289	8x6b	3047	SUCCESS	cluster_1_model_1.pdb.gz	/data/qlyu/projects/pvrig_top7500_dualpanel_screen_v1_20260724/run/common4_rerank_v2_20260725/final50_structure_bundle_v1_20260725/docking/representative_complexes/R37__P1MCPUFP__CPUFP500K_0134__00289__8x6b__s3047__cluster_1_model_1.pdb	54a44928aee9fb519078dc12547f87d2fd4a6b1dd625a590533a8046df391486	/data1/qlyu/projects/pvrig_top200_common4_seed_completion106_docking_results_v1_20260725/top200_seed_completion/compressed_queue/CANDIDATE_P1MCPUFP__CPUFP500K_0134__00289_8x6b_s3047_ac2496489850.tar.gz	/data/qlyu/projects/pvrig_top7500_dualpanel_screen_v1_20260724/run/common4_rerank_v2_20260725/final50_structure_bundle_v1_20260725/docking/archives/CANDIDATE_P1MCPUFP__CPUFP500K_0134__00289_8x6b_s3047_ac2496489850.tar.gz	0bb1ae7897859453f98bb06f4de5a3919ea4a7c9fc55e576c87b475971a65e71	-78.71318000000001	STRICT_A
37		P1MCPUFP__CPUFP500K_0134__00289	9e6y	42	SUCCESS	cluster_1_model_1.pdb.gz	/data/qlyu/projects/pvrig_top7500_dualpanel_screen_v1_20260724/run/common4_rerank_v2_20260725/final50_structure_bundle_v1_20260725/docking/representative_complexes/R37__P1MCPUFP__CPUFP500K_0134__00289__9e6y__s42__cluster_1_model_1.pdb	4345cc72f074925d6995b230c3c44ecd9e02b673f6f76760c7a7031cf7c2f5c4	/data1/qlyu/projects/pvrig_top200_common4_seed_completion106_docking_results_v1_20260725/top200_seed_completion/compressed_queue/CANDIDATE_P1MCPUFP__CPUFP500K_0134__00289_9e6y_s42_40a866a6354b.tar.gz	/data/qlyu/projects/pvrig_top7500_dualpanel_screen_v1_20260724/run/common4_rerank_v2_20260725/final50_structure_bundle_v1_20260725/docking/archives/CANDIDATE_P1MCPUFP__CPUFP500K_0134__00289_9e6y_s42_40a866a6354b.tar.gz	1d8c43d3e9707a7775d9299eea035cd4eceedda92aa395e5e43086dfe77243c9	-78.96111	STRICT_A
37		P1MCPUFP__CPUFP500K_0134__00289	9e6y	917	SUCCESS	cluster_1_model_1.pdb.gz	/data/qlyu/projects/pvrig_top7500_dualpanel_screen_v1_20260724/run/common4_rerank_v2_20260725/final50_structure_bundle_v1_20260725/docking/representative_complexes/R37__P1MCPUFP__CPUFP500K_0134__00289__9e6y__s917__cluster_1_model_1.pdb	c7c2e4928039c016754d19a10727ee6bd2da13655031e66938cd5842f04e138c	/data1/qlyu/projects/pvrig_priority_top7500_dualreceptor_multiseed_docking_results_v1_20260722/top7500_25k/compressed_queue/CANDIDATE_P1MCPUFP__CPUFP500K_0134__00289_9e6y_s917_8ed9be58a905.tar.gz	/data/qlyu/projects/pvrig_top7500_dualpanel_screen_v1_20260724/run/common4_rerank_v2_20260725/final50_structure_bundle_v1_20260725/docking/archives/CANDIDATE_P1MCPUFP__CPUFP500K_0134__00289_9e6y_s917_8ed9be58a905.tar.gz	0368ec38329a4ac19926fd7951c7b152a2adab3e391eea7eb09766ee950a54db	-72.66779	STRICT_A
37		P1MCPUFP__CPUFP500K_0134__00289	9e6y	1931	SUCCESS	cluster_1_model_1.pdb.gz	/data/qlyu/projects/pvrig_top7500_dualpanel_screen_v1_20260724/run/common4_rerank_v2_20260725/final50_structure_bundle_v1_20260725/docking/representative_complexes/R37__P1MCPUFP__CPUFP500K_0134__00289__9e6y__s1931__cluster_1_model_1.pdb	0c7a8826610ec1c5de817b2ea85106f281b7533457fa99c01d5f2c6cd6138a4c	/data1/qlyu/projects/pvrig_priority_top7500_dualreceptor_multiseed_docking_results_v1_20260722/top7500_25k/compressed_queue/CANDIDATE_P1MCPUFP__CPUFP500K_0134__00289_9e6y_s1931_a7991f21f9a5.tar.gz	/data/qlyu/projects/pvrig_top7500_dualpanel_screen_v1_20260724/run/common4_rerank_v2_20260725/final50_structure_bundle_v1_20260725/docking/archives/CANDIDATE_P1MCPUFP__CPUFP500K_0134__00289_9e6y_s1931_a7991f21f9a5.tar.gz	d15a42e43b24465b9f230f13185a4fed81d6e6f3fd2ea328ad15e196252b6992	-70.69179	STRICT_A
37		P1MCPUFP__CPUFP500K_0134__00289	9e6y	3047	SUCCESS	cluster_1_model_1.pdb.gz	/data/qlyu/projects/pvrig_top7500_dualpanel_screen_v1_20260724/run/common4_rerank_v2_20260725/final50_structure_bundle_v1_20260725/docking/representative_complexes/R37__P1MCPUFP__CPUFP500K_0134__00289__9e6y__s3047__cluster_1_model_1.pdb	bcfb0a7824b251a7d8743a9fa4f8bbf8e92f1abd9255f46f663906fe4e831b5d	/data1/qlyu/projects/pvrig_top200_common4_seed_completion106_docking_results_v1_20260725/top200_seed_completion/compressed_queue/CANDIDATE_P1MCPUFP__CPUFP500K_0134__00289_9e6y_s3047_b12f6e47bd96.tar.gz	/data/qlyu/projects/pvrig_top7500_dualpanel_screen_v1_20260724/run/common4_rerank_v2_20260725/final50_structure_bundle_v1_20260725/docking/archives/CANDIDATE_P1MCPUFP__CPUFP500K_0134__00289_9e6y_s3047_b12f6e47bd96.tar.gz	3a2216989ee9383f59efd5249ceab4a583c98ecb33ed20d7024208f719bf3ed1	-79.49027	STRICT_A
38		P1MCPUFP__CPUFP500K_0128__00809	8x6b	42	SUCCESS	cluster_1_model_1.pdb.gz	/data/qlyu/projects/pvrig_top7500_dualpanel_screen_v1_20260724/run/common4_rerank_v2_20260725/final50_structure_bundle_v1_20260725/docking/representative_complexes/R38__P1MCPUFP__CPUFP500K_0128__00809__8x6b__s42__cluster_1_model_1.pdb	c8aa4bf9e976809b5b4648c86633bc5cef22a842d2d318bb32bba30d3f784aed	/data1/qlyu/projects/pvrig_top200_common4_seed_completion106_docking_results_v1_20260725/top200_seed_completion/compressed_queue/CANDIDATE_P1MCPUFP__CPUFP500K_0128__00809_8x6b_s42_83c1f16cba46.tar.gz	/data/qlyu/projects/pvrig_top7500_dualpanel_screen_v1_20260724/run/common4_rerank_v2_20260725/final50_structure_bundle_v1_20260725/docking/archives/CANDIDATE_P1MCPUFP__CPUFP500K_0128__00809_8x6b_s42_83c1f16cba46.tar.gz	b92b4043cc76ee6bcde8251acab6978ef4673fd687b2ae36ce85ff4bdb443a01	-61.0637	STRICT_A
38		P1MCPUFP__CPUFP500K_0128__00809	8x6b	917	SUCCESS	cluster_1_model_1.pdb.gz	/data/qlyu/projects/pvrig_top7500_dualpanel_screen_v1_20260724/run/common4_rerank_v2_20260725/final50_structure_bundle_v1_20260725/docking/representative_complexes/R38__P1MCPUFP__CPUFP500K_0128__00809__8x6b__s917__cluster_1_model_1.pdb	7539c9cd30b0c2c617bc76bbb9a4b43d7ae750f6fd4f9b696ccb32c76356cef7	/data1/qlyu/projects/pvrig_priority_top7500_dualreceptor_multiseed_docking_results_v1_20260722/top7500_25k/compressed_queue/CANDIDATE_P1MCPUFP__CPUFP500K_0128__00809_8x6b_s917_49a833887526.tar.gz	/data/qlyu/projects/pvrig_top7500_dualpanel_screen_v1_20260724/run/common4_rerank_v2_20260725/final50_structure_bundle_v1_20260725/docking/archives/CANDIDATE_P1MCPUFP__CPUFP500K_0128__00809_8x6b_s917_49a833887526.tar.gz	199e99501da045e4c6a9a9552db1f76e7c9b5aa3c29b6b538cf905134f49a1ae	-72.59450000000001	STRICT_A
38		P1MCPUFP__CPUFP500K_0128__00809	8x6b	1931	SUCCESS	cluster_1_model_1.pdb.gz	/data/qlyu/projects/pvrig_top7500_dualpanel_screen_v1_20260724/run/common4_rerank_v2_20260725/final50_structure_bundle_v1_20260725/docking/representative_complexes/R38__P1MCPUFP__CPUFP500K_0128__00809__8x6b__s1931__cluster_1_model_1.pdb	919d6892d9f9420c7f91181b134551608e58fce417cdade96a3625b187d96705	/data1/qlyu/projects/pvrig_priority_top7500_dualreceptor_multiseed_docking_results_v1_20260722/top7500_25k/compressed_queue/CANDIDATE_P1MCPUFP__CPUFP500K_0128__00809_8x6b_s1931_62facdafa6e8.tar.gz	/data/qlyu/projects/pvrig_top7500_dualpanel_screen_v1_20260724/run/common4_rerank_v2_20260725/final50_structure_bundle_v1_20260725/docking/archives/CANDIDATE_P1MCPUFP__CPUFP500K_0128__00809_8x6b_s1931_62facdafa6e8.tar.gz	fe04025557491f04fc28be62ed6524085720a25c8ea82e8545dbbd338a68dce9	-66.85470000000001	STRICT_A
38		P1MCPUFP__CPUFP500K_0128__00809	8x6b	3047	SUCCESS	cluster_1_model_1.pdb.gz	/data/qlyu/projects/pvrig_top7500_dualpanel_screen_v1_20260724/run/common4_rerank_v2_20260725/final50_structure_bundle_v1_20260725/docking/representative_complexes/R38__P1MCPUFP__CPUFP500K_0128__00809__8x6b__s3047__cluster_1_model_1.pdb	fbb0aa34d05da06d47a3b2534d164b5ab28e8eccd51060d26f932d0f72569662	/data1/qlyu/projects/pvrig_top200_common4_seed_completion106_docking_results_v1_20260725/top200_seed_completion/compressed_queue/CANDIDATE_P1MCPUFP__CPUFP500K_0128__00809_8x6b_s3047_82a1420f76ed.tar.gz	/data/qlyu/projects/pvrig_top7500_dualpanel_screen_v1_20260724/run/common4_rerank_v2_20260725/final50_structure_bundle_v1_20260725/docking/archives/CANDIDATE_P1MCPUFP__CPUFP500K_0128__00809_8x6b_s3047_82a1420f76ed.tar.gz	d2b967665ad3924c9714db3534d687132736ee0d0639c6a6bdb0932c8b105c85	-79.67580000000001	STRICT_A
38		P1MCPUFP__CPUFP500K_0128__00809	9e6y	42	SUCCESS	cluster_1_model_1.pdb.gz	/data/qlyu/projects/pvrig_top7500_dualpanel_screen_v1_20260724/run/common4_rerank_v2_20260725/final50_structure_bundle_v1_20260725/docking/representative_complexes/R38__P1MCPUFP__CPUFP500K_0128__00809__9e6y__s42__cluster_1_model_1.pdb	7e7b44f944ac0cd5849a406220aeb789ece53e0d731426f9bff19040a6d93393	/data1/qlyu/projects/pvrig_top200_common4_seed_completion106_docking_results_v1_20260725/top200_seed_completion/compressed_queue/CANDIDATE_P1MCPUFP__CPUFP500K_0128__00809_9e6y_s42_ef0edebdd87f.tar.gz	/data/qlyu/projects/pvrig_top7500_dualpanel_screen_v1_20260724/run/common4_rerank_v2_20260725/final50_structure_bundle_v1_20260725/docking/archives/CANDIDATE_P1MCPUFP__CPUFP500K_0128__00809_9e6y_s42_ef0edebdd87f.tar.gz	1a9fc46bce096ce2c19a0d5b1d225411383984664c531a83868daaeeeacec7b5	-74.98840000000001	STRICT_A
38		P1MCPUFP__CPUFP500K_0128__00809	9e6y	917	SUCCESS	cluster_1_model_1.pdb.gz	/data/qlyu/projects/pvrig_top7500_dualpanel_screen_v1_20260724/run/common4_rerank_v2_20260725/final50_structure_bundle_v1_20260725/docking/representative_complexes/R38__P1MCPUFP__CPUFP500K_0128__00809__9e6y__s917__cluster_1_model_1.pdb	4d4ce9a972d9545535097eba727dda95051afb9e99412af582d89818a6b76a97	/data1/qlyu/projects/pvrig_priority_top7500_dualreceptor_multiseed_docking_results_v1_20260722/top7500_25k/compressed_queue/CANDIDATE_P1MCPUFP__CPUFP500K_0128__00809_9e6y_s917_ef5704631e9f.tar.gz	/data/qlyu/projects/pvrig_top7500_dualpanel_screen_v1_20260724/run/common4_rerank_v2_20260725/final50_structure_bundle_v1_20260725/docking/archives/CANDIDATE_P1MCPUFP__CPUFP500K_0128__00809_9e6y_s917_ef5704631e9f.tar.gz	9ea4f487da547705322a9db0056810f6d20dbb88aaf6222db1987b0aea7c169a	-71.49010999999999	STRICT_A
38		P1MCPUFP__CPUFP500K_0128__00809	9e6y	1931	SUCCESS	cluster_1_model_1.pdb.gz	/data/qlyu/projects/pvrig_top7500_dualpanel_screen_v1_20260724/run/common4_rerank_v2_20260725/final50_structure_bundle_v1_20260725/docking/representative_complexes/R38__P1MCPUFP__CPUFP500K_0128__00809__9e6y__s1931__cluster_1_model_1.pdb	265d41931104b2c4bf13552c81568b6caea5b8a70c9fdc03fcf3c21ee377b469	/data1/qlyu/projects/pvrig_priority_top7500_dualreceptor_multiseed_docking_results_v1_20260722/top7500_25k/compressed_queue/CANDIDATE_P1MCPUFP__CPUFP500K_0128__00809_9e6y_s1931_225b6312ed37.tar.gz	/data/qlyu/projects/pvrig_top7500_dualpanel_screen_v1_20260724/run/common4_rerank_v2_20260725/final50_structure_bundle_v1_20260725/docking/archives/CANDIDATE_P1MCPUFP__CPUFP500K_0128__00809_9e6y_s1931_225b6312ed37.tar.gz	77ce1f9ae834eeefbca8e3e31e509d0adaef916906c7ca8575b775470e1381ab	-69.0899	STRICT_A
38		P1MCPUFP__CPUFP500K_0128__00809	9e6y	3047	SUCCESS	cluster_1_model_1.pdb.gz	/data/qlyu/projects/pvrig_top7500_dualpanel_screen_v1_20260724/run/common4_rerank_v2_20260725/final50_structure_bundle_v1_20260725/docking/representative_complexes/R38__P1MCPUFP__CPUFP500K_0128__00809__9e6y__s3047__cluster_1_model_1.pdb	0fb52e5ceca48b434c464fe65c467eba3ad5bc64a8c57f565d22c480a5c4dd7c	/data1/qlyu/projects/pvrig_top200_common4_seed_completion106_docking_results_v1_20260725/top200_seed_completion/compressed_queue/CANDIDATE_P1MCPUFP__CPUFP500K_0128__00809_9e6y_s3047_f513d1bad3da.tar.gz	/data/qlyu/projects/pvrig_top7500_dualpanel_screen_v1_20260724/run/common4_rerank_v2_20260725/final50_structure_bundle_v1_20260725/docking/archives/CANDIDATE_P1MCPUFP__CPUFP500K_0128__00809_9e6y_s3047_f513d1bad3da.tar.gz	a9bbcefa5ecf6a085048269014a3b92a52cf159f4de24e1d064f4cc6d5c9c27a	-68.64751999999999	STRICT_A
39		P1MCPUFP__CPUFP500K_0130__00610	8x6b	42	SUCCESS	cluster_1_model_1.pdb.gz	/data/qlyu/projects/pvrig_top7500_dualpanel_screen_v1_20260724/run/common4_rerank_v2_20260725/final50_structure_bundle_v1_20260725/docking/representative_complexes/R39__P1MCPUFP__CPUFP500K_0130__00610__8x6b__s42__cluster_1_model_1.pdb	98c8e8939e93e75cc0d1331e2b18e60e54601696e0a56551b8999cc3ac2fc534	/data1/qlyu/projects/pvrig_top200_common4_seed_completion106_docking_results_v1_20260725/top200_seed_completion/compressed_queue/CANDIDATE_P1MCPUFP__CPUFP500K_0130__00610_8x6b_s42_78114941f405.tar.gz	/data/qlyu/projects/pvrig_top7500_dualpanel_screen_v1_20260724/run/common4_rerank_v2_20260725/final50_structure_bundle_v1_20260725/docking/archives/CANDIDATE_P1MCPUFP__CPUFP500K_0130__00610_8x6b_s42_78114941f405.tar.gz	2d881fa08b9b18f53b5ed9f7801c8181f6105c107fdbbe39f3d11e036adce690	-70.99803	STRICT_A
39		P1MCPUFP__CPUFP500K_0130__00610	8x6b	917	SUCCESS	cluster_1_model_1.pdb.gz	/data/qlyu/projects/pvrig_top7500_dualpanel_screen_v1_20260724/run/common4_rerank_v2_20260725/final50_structure_bundle_v1_20260725/docking/representative_complexes/R39__P1MCPUFP__CPUFP500K_0130__00610__8x6b__s917__cluster_1_model_1.pdb	5485adbff8a07c029f2e2895574fdef492ce28b8f4de84f91ad46a18df9ef2e0	/data1/qlyu/projects/pvrig_priority_top7500_dualreceptor_multiseed_docking_results_v1_20260722/top7500_25k/compressed_queue/CANDIDATE_P1MCPUFP__CPUFP500K_0130__00610_8x6b_s917_16e5c8a60c95.tar.gz	/data/qlyu/projects/pvrig_top7500_dualpanel_screen_v1_20260724/run/common4_rerank_v2_20260725/final50_structure_bundle_v1_20260725/docking/archives/CANDIDATE_P1MCPUFP__CPUFP500K_0130__00610_8x6b_s917_16e5c8a60c95.tar.gz	bf7555b59db3ad25e09d9138b8b7107dc50c701f016abe30e1471424e1c8bb40	-48.09274999999999	STRICT_A
39		P1MCPUFP__CPUFP500K_0130__00610	8x6b	1931	SUCCESS	cluster_1_model_1.pdb.gz	/data/qlyu/projects/pvrig_top7500_dualpanel_screen_v1_20260724/run/common4_rerank_v2_20260725/final50_structure_bundle_v1_20260725/docking/representative_complexes/R39__P1MCPUFP__CPUFP500K_0130__00610__8x6b__s1931__cluster_1_model_1.pdb	0f28a1ed008b19e3141fdfe66a77f35e3bf7ed614822fad66259cb73b77b0dcf	/data1/qlyu/projects/pvrig_priority_top7500_dualreceptor_multiseed_docking_results_v1_20260722/top7500_25k/compressed_queue/CANDIDATE_P1MCPUFP__CPUFP500K_0130__00610_8x6b_s1931_533ab35f21af.tar.gz	/data/qlyu/projects/pvrig_top7500_dualpanel_screen_v1_20260724/run/common4_rerank_v2_20260725/final50_structure_bundle_v1_20260725/docking/archives/CANDIDATE_P1MCPUFP__CPUFP500K_0130__00610_8x6b_s1931_533ab35f21af.tar.gz	16b0f9648689c2894e34f1525da9d5e51cbc98f4ab53180c207fce255cbcc751	-69.76403000000002	STRICT_A
39		P1MCPUFP__CPUFP500K_0130__00610	8x6b	3047	SUCCESS	cluster_1_model_1.pdb.gz	/data/qlyu/projects/pvrig_top7500_dualpanel_screen_v1_20260724/run/common4_rerank_v2_20260725/final50_structure_bundle_v1_20260725/docking/representative_complexes/R39__P1MCPUFP__CPUFP500K_0130__00610__8x6b__s3047__cluster_1_model_1.pdb	a56754811c6e74c04ac6499f429e6147fba26425daf9a37b25683a8890be3f90	/data1/qlyu/projects/pvrig_top200_common4_seed_completion106_docking_results_v1_20260725/top200_seed_completion/compressed_queue/CANDIDATE_P1MCPUFP__CPUFP500K_0130__00610_8x6b_s3047_d117f0cbe1dc.tar.gz	/data/qlyu/projects/pvrig_top7500_dualpanel_screen_v1_20260724/run/common4_rerank_v2_20260725/final50_structure_bundle_v1_20260725/docking/archives/CANDIDATE_P1MCPUFP__CPUFP500K_0130__00610_8x6b_s3047_d117f0cbe1dc.tar.gz	2c55990ea4289799cf8426fedf445fd7a76193a0f9f07185995ebbf78fb93437	-70.06780000000002	STRICT_A
39		P1MCPUFP__CPUFP500K_0130__00610	9e6y	42	SUCCESS	cluster_1_model_1.pdb.gz	/data/qlyu/projects/pvrig_top7500_dualpanel_screen_v1_20260724/run/common4_rerank_v2_20260725/final50_structure_bundle_v1_20260725/docking/representative_complexes/R39__P1MCPUFP__CPUFP500K_0130__00610__9e6y__s42__cluster_1_model_1.pdb	fac3f3e073b194da69cdd2b485a5d82db46013d5b34e35ab7be4e9b77c4c680f	/data1/qlyu/projects/pvrig_top200_common4_seed_completion106_docking_results_v1_20260725/top200_seed_completion/compressed_queue/CANDIDATE_P1MCPUFP__CPUFP500K_0130__00610_9e6y_s42_81f653f44cfc.tar.gz	/data/qlyu/projects/pvrig_top7500_dualpanel_screen_v1_20260724/run/common4_rerank_v2_20260725/final50_structure_bundle_v1_20260725/docking/archives/CANDIDATE_P1MCPUFP__CPUFP500K_0130__00610_9e6y_s42_81f653f44cfc.tar.gz	eeb6004a665eae53e9473df5ac822cbb9914d5f2b1e2a77bfc8a099548d26d2b	-93.26531	STRICT_A
39		P1MCPUFP__CPUFP500K_0130__00610	9e6y	917	SUCCESS	cluster_1_model_1.pdb.gz	/data/qlyu/projects/pvrig_top7500_dualpanel_screen_v1_20260724/run/common4_rerank_v2_20260725/final50_structure_bundle_v1_20260725/docking/representative_complexes/R39__P1MCPUFP__CPUFP500K_0130__00610__9e6y__s917__cluster_1_model_1.pdb	f6ee2d698e795feaa415a57eda761b485d63bcd7db69bbdf894a9fb3a593bb53	/data1/qlyu/projects/pvrig_priority_top7500_dualreceptor_multiseed_docking_results_v1_20260722/top7500_25k/compressed_queue/CANDIDATE_P1MCPUFP__CPUFP500K_0130__00610_9e6y_s917_37e61f97ba92.tar.gz	/data/qlyu/projects/pvrig_top7500_dualpanel_screen_v1_20260724/run/common4_rerank_v2_20260725/final50_structure_bundle_v1_20260725/docking/archives/CANDIDATE_P1MCPUFP__CPUFP500K_0130__00610_9e6y_s917_37e61f97ba92.tar.gz	5aedec08ebd5963bc38d4957a586dede686be114f0adb40ee884a5be30bdbfc8	-89.12989999999999	STRICT_A
39		P1MCPUFP__CPUFP500K_0130__00610	9e6y	1931	SUCCESS	cluster_1_model_1.pdb.gz	/data/qlyu/projects/pvrig_top7500_dualpanel_screen_v1_20260724/run/common4_rerank_v2_20260725/final50_structure_bundle_v1_20260725/docking/representative_complexes/R39__P1MCPUFP__CPUFP500K_0130__00610__9e6y__s1931__cluster_1_model_1.pdb	1f89b14d9fa2a8cf724142eb4003049484073e12988f2a4cb787230e394964a7	/data1/qlyu/projects/pvrig_priority_top7500_dualreceptor_multiseed_docking_results_v1_20260722/top7500_25k/compressed_queue/CANDIDATE_P1MCPUFP__CPUFP500K_0130__00610_9e6y_s1931_b42c2c7ffd1c.tar.gz	/data/qlyu/projects/pvrig_top7500_dualpanel_screen_v1_20260724/run/common4_rerank_v2_20260725/final50_structure_bundle_v1_20260725/docking/archives/CANDIDATE_P1MCPUFP__CPUFP500K_0130__00610_9e6y_s1931_b42c2c7ffd1c.tar.gz	a8d4aa3403d67f198ff9c395f59023fe7e3e4df65e152041ac0a068c17910174	-83.13481	STRICT_A
39		P1MCPUFP__CPUFP500K_0130__00610	9e6y	3047	SUCCESS	cluster_1_model_1.pdb.gz	/data/qlyu/projects/pvrig_top7500_dualpanel_screen_v1_20260724/run/common4_rerank_v2_20260725/final50_structure_bundle_v1_20260725/docking/representative_complexes/R39__P1MCPUFP__CPUFP500K_0130__00610__9e6y__s3047__cluster_1_model_1.pdb	cab744d7173c95916cb8691ec003d3b91c643573e3851d8e1cd30cbc79c336e3	/data1/qlyu/projects/pvrig_top200_common4_seed_completion106_docking_results_v1_20260725/top200_seed_completion/compressed_queue/CANDIDATE_P1MCPUFP__CPUFP500K_0130__00610_9e6y_s3047_ab722c99bd56.tar.gz	/data/qlyu/projects/pvrig_top7500_dualpanel_screen_v1_20260724/run/common4_rerank_v2_20260725/final50_structure_bundle_v1_20260725/docking/archives/CANDIDATE_P1MCPUFP__CPUFP500K_0130__00610_9e6y_s3047_ab722c99bd56.tar.gz	d11c86e75eaf2b3975e239c8fce6ff2c77a1f3139c24aee0285179ba108fda8d	-53.29495	STRICT_A
40		P1MCPUFP__CPUFP500K_0134__00713	8x6b	42	SUCCESS	cluster_1_model_1.pdb.gz	/data/qlyu/projects/pvrig_top7500_dualpanel_screen_v1_20260724/run/common4_rerank_v2_20260725/final50_structure_bundle_v1_20260725/docking/representative_complexes/R40__P1MCPUFP__CPUFP500K_0134__00713__8x6b__s42__cluster_1_model_1.pdb	0029cf234968b315f4395f8416e3a5152d6c15f4841c37621fa3582eb5983b66	/data1/qlyu/projects/pvrig_top200_common4_seed_completion106_docking_results_v1_20260725/top200_seed_completion/compressed_queue/CANDIDATE_P1MCPUFP__CPUFP500K_0134__00713_8x6b_s42_918a8633bd2b.tar.gz	/data/qlyu/projects/pvrig_top7500_dualpanel_screen_v1_20260724/run/common4_rerank_v2_20260725/final50_structure_bundle_v1_20260725/docking/archives/CANDIDATE_P1MCPUFP__CPUFP500K_0134__00713_8x6b_s42_918a8633bd2b.tar.gz	a5da5cae699ab804d438ae83fc3856a4f912594cb09bf176126ee9e9e3afd261	-56.8581	STRICT_A
40		P1MCPUFP__CPUFP500K_0134__00713	8x6b	917	SUCCESS	cluster_1_model_1.pdb.gz	/data/qlyu/projects/pvrig_top7500_dualpanel_screen_v1_20260724/run/common4_rerank_v2_20260725/final50_structure_bundle_v1_20260725/docking/representative_complexes/R40__P1MCPUFP__CPUFP500K_0134__00713__8x6b__s917__cluster_1_model_1.pdb	64b3cadf061478f306cae14209c3762864af9f6346ec2c29bc7faa085f1d5bfd	/data1/qlyu/projects/pvrig_priority_top7500_dualreceptor_multiseed_docking_results_v1_20260722/top7500_25k/compressed_queue/CANDIDATE_P1MCPUFP__CPUFP500K_0134__00713_8x6b_s917_e7b21e028c7b.tar.gz	/data/qlyu/projects/pvrig_top7500_dualpanel_screen_v1_20260724/run/common4_rerank_v2_20260725/final50_structure_bundle_v1_20260725/docking/archives/CANDIDATE_P1MCPUFP__CPUFP500K_0134__00713_8x6b_s917_e7b21e028c7b.tar.gz	a895842a8ae9a5ed3025f6d897720887b84348bb96e37aafdd0d426eee8f0e6e	-71.61415999999998	STRICT_A
40		P1MCPUFP__CPUFP500K_0134__00713	8x6b	1931	SUCCESS	cluster_1_model_1.pdb.gz	/data/qlyu/projects/pvrig_top7500_dualpanel_screen_v1_20260724/run/common4_rerank_v2_20260725/final50_structure_bundle_v1_20260725/docking/representative_complexes/R40__P1MCPUFP__CPUFP500K_0134__00713__8x6b__s1931__cluster_1_model_1.pdb	a55db6f75017eb7b4c88b21f95e95c7d9d381a3584ba0dca03258fdb9457391b	/data1/qlyu/projects/pvrig_priority_top7500_dualreceptor_multiseed_docking_results_v1_20260722/top7500_25k/compressed_queue/CANDIDATE_P1MCPUFP__CPUFP500K_0134__00713_8x6b_s1931_46e9edc9d7ed.tar.gz	/data/qlyu/projects/pvrig_top7500_dualpanel_screen_v1_20260724/run/common4_rerank_v2_20260725/final50_structure_bundle_v1_20260725/docking/archives/CANDIDATE_P1MCPUFP__CPUFP500K_0134__00713_8x6b_s1931_46e9edc9d7ed.tar.gz	bb132c6639a8a27e17f924bdd8c395ba8cbf905bda7dcf71783ecf014573a408	-72.373	STRICT_A
40		P1MCPUFP__CPUFP500K_0134__00713	8x6b	3047	SUCCESS	cluster_1_model_1.pdb.gz	/data/qlyu/projects/pvrig_top7500_dualpanel_screen_v1_20260724/run/common4_rerank_v2_20260725/final50_structure_bundle_v1_20260725/docking/representative_complexes/R40__P1MCPUFP__CPUFP500K_0134__00713__8x6b__s3047__cluster_1_model_1.pdb	1e41111390d1bd8968f8bd631b10e19e63ef0b23a4d6da18e4ec5bc7cb255816	/data1/qlyu/projects/pvrig_top200_common4_seed_completion106_docking_results_v1_20260725/top200_seed_completion/compressed_queue/CANDIDATE_P1MCPUFP__CPUFP500K_0134__00713_8x6b_s3047_d5678f37f0ba.tar.gz	/data/qlyu/projects/pvrig_top7500_dualpanel_screen_v1_20260724/run/common4_rerank_v2_20260725/final50_structure_bundle_v1_20260725/docking/archives/CANDIDATE_P1MCPUFP__CPUFP500K_0134__00713_8x6b_s3047_d5678f37f0ba.tar.gz	6b58ce870ac0bd1bcae747d7ca7cc5fd9eef6ddce4c265e1194d3fe49f050440	-67.4367	STRICT_A
40		P1MCPUFP__CPUFP500K_0134__00713	9e6y	42	SUCCESS	cluster_1_model_1.pdb.gz	/data/qlyu/projects/pvrig_top7500_dualpanel_screen_v1_20260724/run/common4_rerank_v2_20260725/final50_structure_bundle_v1_20260725/docking/representative_complexes/R40__P1MCPUFP__CPUFP500K_0134__00713__9e6y__s42__cluster_1_model_1.pdb	cb7a02820cb167037fcb0d41ba40be0f527b3b17a679995937e30dcde092cd63	/data1/qlyu/projects/pvrig_top200_common4_seed_completion106_docking_results_v1_20260725/top200_seed_completion/compressed_queue/CANDIDATE_P1MCPUFP__CPUFP500K_0134__00713_9e6y_s42_1b3257775fd8.tar.gz	/data/qlyu/projects/pvrig_top7500_dualpanel_screen_v1_20260724/run/common4_rerank_v2_20260725/final50_structure_bundle_v1_20260725/docking/archives/CANDIDATE_P1MCPUFP__CPUFP500K_0134__00713_9e6y_s42_1b3257775fd8.tar.gz	f843300b1e42d56ead480e0fdbfdeebf0a5c2297fb080fb28a0645bb71fec61a	-75.75299999999999	STRICT_A
40		P1MCPUFP__CPUFP500K_0134__00713	9e6y	917	SUCCESS	cluster_1_model_1.pdb.gz	/data/qlyu/projects/pvrig_top7500_dualpanel_screen_v1_20260724/run/common4_rerank_v2_20260725/final50_structure_bundle_v1_20260725/docking/representative_complexes/R40__P1MCPUFP__CPUFP500K_0134__00713__9e6y__s917__cluster_1_model_1.pdb	dfa6d1dcd59016b8dde352729f59be576c2a3f75d58a4b8dec526262cd6e59ca	/data1/qlyu/projects/pvrig_priority_top7500_dualreceptor_multiseed_docking_results_v1_20260722/top7500_25k/compressed_queue/CANDIDATE_P1MCPUFP__CPUFP500K_0134__00713_9e6y_s917_e4aafbedebbf.tar.gz	/data/qlyu/projects/pvrig_top7500_dualpanel_screen_v1_20260724/run/common4_rerank_v2_20260725/final50_structure_bundle_v1_20260725/docking/archives/CANDIDATE_P1MCPUFP__CPUFP500K_0134__00713_9e6y_s917_e4aafbedebbf.tar.gz	bee5c5c6130e289019c040615a9451d0ed66d41c63b5e8ef67c6be8ec4ccf512	-66.5808	STRICT_A
40		P1MCPUFP__CPUFP500K_0134__00713	9e6y	1931	SUCCESS	cluster_1_model_1.pdb.gz	/data/qlyu/projects/pvrig_top7500_dualpanel_screen_v1_20260724/run/common4_rerank_v2_20260725/final50_structure_bundle_v1_20260725/docking/representative_complexes/R40__P1MCPUFP__CPUFP500K_0134__00713__9e6y__s1931__cluster_1_model_1.pdb	9f7169b47caaec8f489a1e816259075b1e0cea4a2ce3f8fb7797f66fd10efda6	/data1/qlyu/projects/pvrig_priority_top7500_dualreceptor_multiseed_docking_results_v1_20260722/top7500_25k/compressed_queue/CANDIDATE_P1MCPUFP__CPUFP500K_0134__00713_9e6y_s1931_44a465aabfd3.tar.gz	/data/qlyu/projects/pvrig_top7500_dualpanel_screen_v1_20260724/run/common4_rerank_v2_20260725/final50_structure_bundle_v1_20260725/docking/archives/CANDIDATE_P1MCPUFP__CPUFP500K_0134__00713_9e6y_s1931_44a465aabfd3.tar.gz	fc8567236d915c921beab3d75963e66211cbe5878a171c51f710b6c137c39a4f	-67.8657	STRICT_A
40		P1MCPUFP__CPUFP500K_0134__00713	9e6y	3047	SUCCESS	cluster_1_model_1.pdb.gz	/data/qlyu/projects/pvrig_top7500_dualpanel_screen_v1_20260724/run/common4_rerank_v2_20260725/final50_structure_bundle_v1_20260725/docking/representative_complexes/R40__P1MCPUFP__CPUFP500K_0134__00713__9e6y__s3047__cluster_1_model_1.pdb	2382483fd200ae5c11ec7612a4570455669aaad01fb71ec9e9f36c532b5f0bfd	/data1/qlyu/projects/pvrig_top200_common4_seed_completion106_docking_results_v1_20260725/top200_seed_completion/compressed_queue/CANDIDATE_P1MCPUFP__CPUFP500K_0134__00713_9e6y_s3047_dee6de4954c5.tar.gz	/data/qlyu/projects/pvrig_top7500_dualpanel_screen_v1_20260724/run/common4_rerank_v2_20260725/final50_structure_bundle_v1_20260725/docking/archives/CANDIDATE_P1MCPUFP__CPUFP500K_0134__00713_9e6y_s3047_dee6de4954c5.tar.gz	a61bb7f6ce7bf48cc5aa78b99dfd9bf7acab664b72bb24feddbf36325e900906	-68.253	STRICT_A
41		P1MCPUFP__CPUFP500K_0030__00860	8x6b	42	SUCCESS	cluster_1_model_1.pdb.gz	/data/qlyu/projects/pvrig_top7500_dualpanel_screen_v1_20260724/run/common4_rerank_v2_20260725/final50_structure_bundle_v1_20260725/docking/representative_complexes/R41__P1MCPUFP__CPUFP500K_0030__00860__8x6b__s42__cluster_1_model_1.pdb	d7d00a553239dbea0dacb8ae04a857497142beb4c1b09810adf16aa73c593ff2	/data1/qlyu/projects/pvrig_top200_common4_seed_completion106_docking_results_v1_20260725/top200_seed_completion/compressed_queue/CANDIDATE_P1MCPUFP__CPUFP500K_0030__00860_8x6b_s42_9d9f695faaf7.tar.gz	/data/qlyu/projects/pvrig_top7500_dualpanel_screen_v1_20260724/run/common4_rerank_v2_20260725/final50_structure_bundle_v1_20260725/docking/archives/CANDIDATE_P1MCPUFP__CPUFP500K_0030__00860_8x6b_s42_9d9f695faaf7.tar.gz	222fd226f39a6a020b520f0401cb1a16c7e800c808df4a972553dea3949ff2d3	-68.58391	STRICT_A
41		P1MCPUFP__CPUFP500K_0030__00860	8x6b	917	SUCCESS	cluster_1_model_1.pdb.gz	/data/qlyu/projects/pvrig_top7500_dualpanel_screen_v1_20260724/run/common4_rerank_v2_20260725/final50_structure_bundle_v1_20260725/docking/representative_complexes/R41__P1MCPUFP__CPUFP500K_0030__00860__8x6b__s917__cluster_1_model_1.pdb	af2e7c27eb934fd27ada338bbabb4777c4ba934108f6839c0e532a839a3e25cf	/data1/qlyu/projects/pvrig_priority_top7500_dualreceptor_multiseed_docking_results_v1_20260722/top7500_25k/compressed_queue/CANDIDATE_P1MCPUFP__CPUFP500K_0030__00860_8x6b_s917_0dbe3b33ef8d.tar.gz	/data/qlyu/projects/pvrig_top7500_dualpanel_screen_v1_20260724/run/common4_rerank_v2_20260725/final50_structure_bundle_v1_20260725/docking/archives/CANDIDATE_P1MCPUFP__CPUFP500K_0030__00860_8x6b_s917_0dbe3b33ef8d.tar.gz	4eeef236ab548073880a2b80ff5056eb70be4b8550d46d8c8ea92ba489c9bc31	-65.70431	STRICT_A
41		P1MCPUFP__CPUFP500K_0030__00860	8x6b	1931	SUCCESS	cluster_1_model_1.pdb.gz	/data/qlyu/projects/pvrig_top7500_dualpanel_screen_v1_20260724/run/common4_rerank_v2_20260725/final50_structure_bundle_v1_20260725/docking/representative_complexes/R41__P1MCPUFP__CPUFP500K_0030__00860__8x6b__s1931__cluster_1_model_1.pdb	5ea685fa3d329175b17eef11e03120361c8c6c2c6421de3fd78f0b654baa526c	/data1/qlyu/projects/pvrig_priority_top7500_dualreceptor_multiseed_docking_results_v1_20260722/top7500_25k/compressed_queue/CANDIDATE_P1MCPUFP__CPUFP500K_0030__00860_8x6b_s1931_bb2f2bb272c6.tar.gz	/data/qlyu/projects/pvrig_top7500_dualpanel_screen_v1_20260724/run/common4_rerank_v2_20260725/final50_structure_bundle_v1_20260725/docking/archives/CANDIDATE_P1MCPUFP__CPUFP500K_0030__00860_8x6b_s1931_bb2f2bb272c6.tar.gz	de994fa6f9c21e64741aedd3b9782cfbe54b6a8fb509f23910d3f5d1a53aedb9	-64.34162	STRICT_A
41		P1MCPUFP__CPUFP500K_0030__00860	8x6b	3047	SUCCESS	cluster_1_model_1.pdb.gz	/data/qlyu/projects/pvrig_top7500_dualpanel_screen_v1_20260724/run/common4_rerank_v2_20260725/final50_structure_bundle_v1_20260725/docking/representative_complexes/R41__P1MCPUFP__CPUFP500K_0030__00860__8x6b__s3047__cluster_1_model_1.pdb	edd6bfdd451c22d1b4ff8097056a77f665d323f7a0a9fa6f44bfab81018849d8	/data1/qlyu/projects/pvrig_top200_common4_seed_completion106_docking_results_v1_20260725/top200_seed_completion/compressed_queue/CANDIDATE_P1MCPUFP__CPUFP500K_0030__00860_8x6b_s3047_445516f3d933.tar.gz	/data/qlyu/projects/pvrig_top7500_dualpanel_screen_v1_20260724/run/common4_rerank_v2_20260725/final50_structure_bundle_v1_20260725/docking/archives/CANDIDATE_P1MCPUFP__CPUFP500K_0030__00860_8x6b_s3047_445516f3d933.tar.gz	0deef1552fc1fb3cf062ac8e4a49d60fe151d6848f13ffd3871f29d7815e44cc	-86.87406	STRICT_A
41		P1MCPUFP__CPUFP500K_0030__00860	9e6y	42	SUCCESS	cluster_1_model_1.pdb.gz	/data/qlyu/projects/pvrig_top7500_dualpanel_screen_v1_20260724/run/common4_rerank_v2_20260725/final50_structure_bundle_v1_20260725/docking/representative_complexes/R41__P1MCPUFP__CPUFP500K_0030__00860__9e6y__s42__cluster_1_model_1.pdb	8c25425dd20beab7c5f9d4e9461d635201f4e03ebace1231057a913aa6106fec	/data1/qlyu/projects/pvrig_top200_common4_seed_completion106_docking_results_v1_20260725/top200_seed_completion/compressed_queue/CANDIDATE_P1MCPUFP__CPUFP500K_0030__00860_9e6y_s42_82c0fe6f8ac9.tar.gz	/data/qlyu/projects/pvrig_top7500_dualpanel_screen_v1_20260724/run/common4_rerank_v2_20260725/final50_structure_bundle_v1_20260725/docking/archives/CANDIDATE_P1MCPUFP__CPUFP500K_0030__00860_9e6y_s42_82c0fe6f8ac9.tar.gz	d880152742fa5ec0c548dc77cf33e60a7f7705eb43930a56797fc838485d9e03	-84.69611	STRICT_A
41		P1MCPUFP__CPUFP500K_0030__00860	9e6y	917	SUCCESS	cluster_1_model_1.pdb.gz	/data/qlyu/projects/pvrig_top7500_dualpanel_screen_v1_20260724/run/common4_rerank_v2_20260725/final50_structure_bundle_v1_20260725/docking/representative_complexes/R41__P1MCPUFP__CPUFP500K_0030__00860__9e6y__s917__cluster_1_model_1.pdb	29c53eb686894eac17e9e3acd29551eeacbf2ba45712a991916fff1eed10b448	/data1/qlyu/projects/pvrig_priority_top7500_dualreceptor_multiseed_docking_results_v1_20260722/top7500_25k/compressed_queue/CANDIDATE_P1MCPUFP__CPUFP500K_0030__00860_9e6y_s917_4948207f0435.tar.gz	/data/qlyu/projects/pvrig_top7500_dualpanel_screen_v1_20260724/run/common4_rerank_v2_20260725/final50_structure_bundle_v1_20260725/docking/archives/CANDIDATE_P1MCPUFP__CPUFP500K_0030__00860_9e6y_s917_4948207f0435.tar.gz	d026188ca1bd504605a131237ad7d8d9076afdda13ee5bf7dfe95f789bd6b56f	-77.11285000000001	STRICT_A
41		P1MCPUFP__CPUFP500K_0030__00860	9e6y	1931	SUCCESS	cluster_1_model_1.pdb.gz	/data/qlyu/projects/pvrig_top7500_dualpanel_screen_v1_20260724/run/common4_rerank_v2_20260725/final50_structure_bundle_v1_20260725/docking/representative_complexes/R41__P1MCPUFP__CPUFP500K_0030__00860__9e6y__s1931__cluster_1_model_1.pdb	1232703e1152df10c5e6f97a28d5b3f485f7063fd5c3a188ab3b1ccdc92fe6d7	/data1/qlyu/projects/pvrig_priority_top7500_dualreceptor_multiseed_docking_results_v1_20260722/top7500_25k/compressed_queue/CANDIDATE_P1MCPUFP__CPUFP500K_0030__00860_9e6y_s1931_0f1357f59d09.tar.gz	/data/qlyu/projects/pvrig_top7500_dualpanel_screen_v1_20260724/run/common4_rerank_v2_20260725/final50_structure_bundle_v1_20260725/docking/archives/CANDIDATE_P1MCPUFP__CPUFP500K_0030__00860_9e6y_s1931_0f1357f59d09.tar.gz	51e6d0f1ddf262a86da088a6d2fd730b71476af903bf1cf96d70716a526d02a2	-71.450041	STRICT_A
41		P1MCPUFP__CPUFP500K_0030__00860	9e6y	3047	SUCCESS	cluster_1_model_1.pdb.gz	/data/qlyu/projects/pvrig_top7500_dualpanel_screen_v1_20260724/run/common4_rerank_v2_20260725/final50_structure_bundle_v1_20260725/docking/representative_complexes/R41__P1MCPUFP__CPUFP500K_0030__00860__9e6y__s3047__cluster_1_model_1.pdb	e8b912a8901b8b45cc3900ebaa792c1e59831636ba121699c4c969eac9b8437e	/data1/qlyu/projects/pvrig_top200_common4_seed_completion106_docking_results_v1_20260725/top200_seed_completion/compressed_queue/CANDIDATE_P1MCPUFP__CPUFP500K_0030__00860_9e6y_s3047_bd3806460671.tar.gz	/data/qlyu/projects/pvrig_top7500_dualpanel_screen_v1_20260724/run/common4_rerank_v2_20260725/final50_structure_bundle_v1_20260725/docking/archives/CANDIDATE_P1MCPUFP__CPUFP500K_0030__00860_9e6y_s3047_bd3806460671.tar.gz	8229665f7b74dd1e060b4c6416c9e9681fd253f93e9bde9252972fdb8eef6e68	-87.65154	STRICT_A
42		P1MCPUFP__CPUFP500K_0504__00926	8x6b	42	SUCCESS	cluster_1_model_1.pdb.gz	/data/qlyu/projects/pvrig_top7500_dualpanel_screen_v1_20260724/run/common4_rerank_v2_20260725/final50_structure_bundle_v1_20260725/docking/representative_complexes/R42__P1MCPUFP__CPUFP500K_0504__00926__8x6b__s42__cluster_1_model_1.pdb	f8eddd226ba74d4f97f1d5b4cfba62161029a1f6fd668d568d44b9f0451c857a	/data1/qlyu/projects/pvrig_c2_new4220_seed42_3047_docking_results_v1_20260723/c2_new4220_seed42_3047/compressed_queue/CANDIDATE_P1MCPUFP__CPUFP500K_0504__00926_8x6b_s42_78a8a3e78fc8.tar.gz	/data/qlyu/projects/pvrig_top7500_dualpanel_screen_v1_20260724/run/common4_rerank_v2_20260725/final50_structure_bundle_v1_20260725/docking/archives/CANDIDATE_P1MCPUFP__CPUFP500K_0504__00926_8x6b_s42_78a8a3e78fc8.tar.gz	c63e40f84d83243d6d4c140892eb1632cb1ad40c9cb53bf4f29bae426b6a37ac	-73.87426	STRICT_A
42		P1MCPUFP__CPUFP500K_0504__00926	8x6b	917	SUCCESS	cluster_1_model_1.pdb.gz	/data/qlyu/projects/pvrig_top7500_dualpanel_screen_v1_20260724/run/common4_rerank_v2_20260725/final50_structure_bundle_v1_20260725/docking/representative_complexes/R42__P1MCPUFP__CPUFP500K_0504__00926__8x6b__s917__cluster_1_model_1.pdb	4f6b79b15dc334d3680282c02af72e33717c8ce3e5235a46280e6b94fee7dab0	/data1/qlyu/projects/pvrig_c2_new6220_dualreceptor_2seed_docking_results_v1_20260723/c2_new4220/compressed_queue/CANDIDATE_P1MCPUFP__CPUFP500K_0504__00926_8x6b_s917_02ceead06a50.tar.gz	/data/qlyu/projects/pvrig_top7500_dualpanel_screen_v1_20260724/run/common4_rerank_v2_20260725/final50_structure_bundle_v1_20260725/docking/archives/CANDIDATE_P1MCPUFP__CPUFP500K_0504__00926_8x6b_s917_02ceead06a50.tar.gz	c5b823c489c200fbf8da909cc47de61acb7a1d5ad67f8be6ad3bb5ad9cc1fe9d	-62.584799999999994	SUPPORTED_AB
42		P1MCPUFP__CPUFP500K_0504__00926	8x6b	1931	SUCCESS	cluster_1_model_1.pdb.gz	/data/qlyu/projects/pvrig_top7500_dualpanel_screen_v1_20260724/run/common4_rerank_v2_20260725/final50_structure_bundle_v1_20260725/docking/representative_complexes/R42__P1MCPUFP__CPUFP500K_0504__00926__8x6b__s1931__cluster_1_model_1.pdb	9408b8f3d6c6ddf99f6e5bc8e04925a64f2c62030e2c2fc665edee4961d930c8	/data1/qlyu/projects/pvrig_c2_new6220_dualreceptor_2seed_docking_results_v1_20260723/c2_new4220/compressed_queue/CANDIDATE_P1MCPUFP__CPUFP500K_0504__00926_8x6b_s1931_16ae4c3ff9bf.tar.gz	/data/qlyu/projects/pvrig_top7500_dualpanel_screen_v1_20260724/run/common4_rerank_v2_20260725/final50_structure_bundle_v1_20260725/docking/archives/CANDIDATE_P1MCPUFP__CPUFP500K_0504__00926_8x6b_s1931_16ae4c3ff9bf.tar.gz	ebf65823861446b98715986978b8d7aad2e59ee4af73814df4524d7f548e9fa9	-83.85154	STRICT_A
42		P1MCPUFP__CPUFP500K_0504__00926	8x6b	3047	SUCCESS	cluster_1_model_1.pdb.gz	/data/qlyu/projects/pvrig_top7500_dualpanel_screen_v1_20260724/run/common4_rerank_v2_20260725/final50_structure_bundle_v1_20260725/docking/representative_complexes/R42__P1MCPUFP__CPUFP500K_0504__00926__8x6b__s3047__cluster_1_model_1.pdb	9293512d58cf879a0e046e4f2aa49c1f3dcba03ea5bb4b21c414a19f440c03f1	/data1/qlyu/projects/pvrig_c2_new4220_seed42_3047_docking_results_v1_20260723/c2_new4220_seed42_3047/compressed_queue/CANDIDATE_P1MCPUFP__CPUFP500K_0504__00926_8x6b_s3047_67849fede570.tar.gz	/data/qlyu/projects/pvrig_top7500_dualpanel_screen_v1_20260724/run/common4_rerank_v2_20260725/final50_structure_bundle_v1_20260725/docking/archives/CANDIDATE_P1MCPUFP__CPUFP500K_0504__00926_8x6b_s3047_67849fede570.tar.gz	205ef6dd11b4eb099658eb86f679e554b5104c5cd343232171a2f0cfd05b51ba	-65.50822	STRICT_A
42		P1MCPUFP__CPUFP500K_0504__00926	9e6y	42	SUCCESS	cluster_1_model_1.pdb.gz	/data/qlyu/projects/pvrig_top7500_dualpanel_screen_v1_20260724/run/common4_rerank_v2_20260725/final50_structure_bundle_v1_20260725/docking/representative_complexes/R42__P1MCPUFP__CPUFP500K_0504__00926__9e6y__s42__cluster_1_model_1.pdb	ebc1f5f3154daef2bde899d610296f1c179eecbd9d89831051da90ccc6a4ac50	/data1/qlyu/projects/pvrig_c2_new4220_seed42_3047_docking_results_v1_20260723/c2_new4220_seed42_3047/compressed_queue/CANDIDATE_P1MCPUFP__CPUFP500K_0504__00926_9e6y_s42_89833fbb7987.tar.gz	/data/qlyu/projects/pvrig_top7500_dualpanel_screen_v1_20260724/run/common4_rerank_v2_20260725/final50_structure_bundle_v1_20260725/docking/archives/CANDIDATE_P1MCPUFP__CPUFP500K_0504__00926_9e6y_s42_89833fbb7987.tar.gz	02dcde84c0ad829425fa8472e7b2390d486b416e43895d5713a9e0a358a575b1	-58.05644	STRICT_A
42		P1MCPUFP__CPUFP500K_0504__00926	9e6y	917	SUCCESS	cluster_1_model_1.pdb.gz	/data/qlyu/projects/pvrig_top7500_dualpanel_screen_v1_20260724/run/common4_rerank_v2_20260725/final50_structure_bundle_v1_20260725/docking/representative_complexes/R42__P1MCPUFP__CPUFP500K_0504__00926__9e6y__s917__cluster_1_model_1.pdb	35b22466284f7b17081d811934b04ba168716ada8f7da16d074347cc81cd6eb9	/data1/qlyu/projects/pvrig_c2_new6220_dualreceptor_2seed_docking_results_v1_20260723/c2_new4220/compressed_queue/CANDIDATE_P1MCPUFP__CPUFP500K_0504__00926_9e6y_s917_90d6c179ff9b.tar.gz	/data/qlyu/projects/pvrig_top7500_dualpanel_screen_v1_20260724/run/common4_rerank_v2_20260725/final50_structure_bundle_v1_20260725/docking/archives/CANDIDATE_P1MCPUFP__CPUFP500K_0504__00926_9e6y_s917_90d6c179ff9b.tar.gz	dcca0774a56adb8be8f2a82a9b4e8312f63ebac62491a5f40328ada4f22a7863	-42.72993999999999	STRICT_A
42		P1MCPUFP__CPUFP500K_0504__00926	9e6y	1931	SUCCESS	cluster_1_model_1.pdb.gz	/data/qlyu/projects/pvrig_top7500_dualpanel_screen_v1_20260724/run/common4_rerank_v2_20260725/final50_structure_bundle_v1_20260725/docking/representative_complexes/R42__P1MCPUFP__CPUFP500K_0504__00926__9e6y__s1931__cluster_1_model_1.pdb	bd6a3dd8815508ac0e310ca22faca5e13b0acd08b2d07ab28c574335aaaad2bf	/data1/qlyu/projects/pvrig_c2_new6220_dualreceptor_2seed_docking_results_v1_20260723/c2_new4220/compressed_queue/CANDIDATE_P1MCPUFP__CPUFP500K_0504__00926_9e6y_s1931_ae5a5b47c167.tar.gz	/data/qlyu/projects/pvrig_top7500_dualpanel_screen_v1_20260724/run/common4_rerank_v2_20260725/final50_structure_bundle_v1_20260725/docking/archives/CANDIDATE_P1MCPUFP__CPUFP500K_0504__00926_9e6y_s1931_ae5a5b47c167.tar.gz	167afe39f7a57fb7bf72904fd39c9b835dc3fff4d010f4900e173429577eff33	-71.02768	STRICT_A
42		P1MCPUFP__CPUFP500K_0504__00926	9e6y	3047	SUCCESS	cluster_1_model_1.pdb.gz	/data/qlyu/projects/pvrig_top7500_dualpanel_screen_v1_20260724/run/common4_rerank_v2_20260725/final50_structure_bundle_v1_20260725/docking/representative_complexes/R42__P1MCPUFP__CPUFP500K_0504__00926__9e6y__s3047__cluster_1_model_1.pdb	a474b0ad764bb7234937a8360bc4a34fb0c4f2b07bc714d4c41956cea70642ab	/data1/qlyu/projects/pvrig_c2_new4220_seed42_3047_docking_results_v1_20260723/c2_new4220_seed42_3047/compressed_queue/CANDIDATE_P1MCPUFP__CPUFP500K_0504__00926_9e6y_s3047_8b842c161a06.tar.gz	/data/qlyu/projects/pvrig_top7500_dualpanel_screen_v1_20260724/run/common4_rerank_v2_20260725/final50_structure_bundle_v1_20260725/docking/archives/CANDIDATE_P1MCPUFP__CPUFP500K_0504__00926_9e6y_s3047_8b842c161a06.tar.gz	dbdd55c7a4f609a1987b646aa44d39f5cb8ce169810ab41920c16c9f565aff24	-53.55264000000001	STRICT_A
43		P1MCPUFP__CPUFP500K_0206__00634	8x6b	42	SUCCESS	cluster_1_model_1.pdb.gz	/data/qlyu/projects/pvrig_top7500_dualpanel_screen_v1_20260724/run/common4_rerank_v2_20260725/final50_structure_bundle_v1_20260725/docking/representative_complexes/R43__P1MCPUFP__CPUFP500K_0206__00634__8x6b__s42__cluster_1_model_1.pdb	9f513d4aedcef559a9c10c7c77d49f2d56099b02a400109be52c6077696d4894	/data1/qlyu/projects/pvrig_c2_new4220_seed42_3047_docking_results_v1_20260723/c2_new4220_seed42_3047/compressed_queue/CANDIDATE_P1MCPUFP__CPUFP500K_0206__00634_8x6b_s42_bbbfe542698a.tar.gz	/data/qlyu/projects/pvrig_top7500_dualpanel_screen_v1_20260724/run/common4_rerank_v2_20260725/final50_structure_bundle_v1_20260725/docking/archives/CANDIDATE_P1MCPUFP__CPUFP500K_0206__00634_8x6b_s42_bbbfe542698a.tar.gz	f48398e738547aab51de6594088054b71ca9dbe41f2b9a1e345261632d9f5d7b	-81.03790000000001	STRICT_A
43		P1MCPUFP__CPUFP500K_0206__00634	8x6b	917	SUCCESS	cluster_1_model_1.pdb.gz	/data/qlyu/projects/pvrig_top7500_dualpanel_screen_v1_20260724/run/common4_rerank_v2_20260725/final50_structure_bundle_v1_20260725/docking/representative_complexes/R43__P1MCPUFP__CPUFP500K_0206__00634__8x6b__s917__cluster_1_model_1.pdb	ea402aa3d6a28d8af2fab1e704e55d13f224c9af9cc63d3ce3ae1e13a4486997	/data1/qlyu/projects/pvrig_c2_new6220_dualreceptor_2seed_docking_results_v1_20260723/c2_new4220/compressed_queue/CANDIDATE_P1MCPUFP__CPUFP500K_0206__00634_8x6b_s917_d664e8ec0892.tar.gz	/data/qlyu/projects/pvrig_top7500_dualpanel_screen_v1_20260724/run/common4_rerank_v2_20260725/final50_structure_bundle_v1_20260725/docking/archives/CANDIDATE_P1MCPUFP__CPUFP500K_0206__00634_8x6b_s917_d664e8ec0892.tar.gz	770d714516e92a858fe03954e3b8d83025de17244360d833e82d779d773faec0	-92.67706	STRICT_A
43		P1MCPUFP__CPUFP500K_0206__00634	8x6b	1931	SUCCESS	cluster_1_model_1.pdb.gz	/data/qlyu/projects/pvrig_top7500_dualpanel_screen_v1_20260724/run/common4_rerank_v2_20260725/final50_structure_bundle_v1_20260725/docking/representative_complexes/R43__P1MCPUFP__CPUFP500K_0206__00634__8x6b__s1931__cluster_1_model_1.pdb	0755e73f63b02efe9e862377bc3d2393bd416ba8182d93badcaf0bff40c5fbda	/data1/qlyu/projects/pvrig_c2_new6220_dualreceptor_2seed_docking_results_v1_20260723/c2_new4220/compressed_queue/CANDIDATE_P1MCPUFP__CPUFP500K_0206__00634_8x6b_s1931_0b688099966d.tar.gz	/data/qlyu/projects/pvrig_top7500_dualpanel_screen_v1_20260724/run/common4_rerank_v2_20260725/final50_structure_bundle_v1_20260725/docking/archives/CANDIDATE_P1MCPUFP__CPUFP500K_0206__00634_8x6b_s1931_0b688099966d.tar.gz	eb2ff6713a851d8c28dbfdf144de7742ee8fcc4f3dc9899606cee68acb0bbd73	-85.1414	STRICT_A
43		P1MCPUFP__CPUFP500K_0206__00634	8x6b	3047	SUCCESS	cluster_1_model_1.pdb.gz	/data/qlyu/projects/pvrig_top7500_dualpanel_screen_v1_20260724/run/common4_rerank_v2_20260725/final50_structure_bundle_v1_20260725/docking/representative_complexes/R43__P1MCPUFP__CPUFP500K_0206__00634__8x6b__s3047__cluster_1_model_1.pdb	1d1fa4b78e6a41f725d4cc5a3492fc0a5424c01c832c2ab96f20f07c0b122a77	/data1/qlyu/projects/pvrig_c2_new4220_seed42_3047_docking_results_v1_20260723/c2_new4220_seed42_3047/compressed_queue/CANDIDATE_P1MCPUFP__CPUFP500K_0206__00634_8x6b_s3047_28e314ac27da.tar.gz	/data/qlyu/projects/pvrig_top7500_dualpanel_screen_v1_20260724/run/common4_rerank_v2_20260725/final50_structure_bundle_v1_20260725/docking/archives/CANDIDATE_P1MCPUFP__CPUFP500K_0206__00634_8x6b_s3047_28e314ac27da.tar.gz	2d6da88a3d1f58d6844e5e57847d787468e6164a1cf052b7079dc5d62d6e4e67	-76.24925999999999	SUPPORTED_AB
43		P1MCPUFP__CPUFP500K_0206__00634	9e6y	42	SUCCESS	cluster_1_model_1.pdb.gz	/data/qlyu/projects/pvrig_top7500_dualpanel_screen_v1_20260724/run/common4_rerank_v2_20260725/final50_structure_bundle_v1_20260725/docking/representative_complexes/R43__P1MCPUFP__CPUFP500K_0206__00634__9e6y__s42__cluster_1_model_1.pdb	c16ba03710c44511ed0636b117008ac93d99e1b561abe070bebebd834e731334	/data1/qlyu/projects/pvrig_c2_new4220_seed42_3047_docking_results_v1_20260723/c2_new4220_seed42_3047/compressed_queue/CANDIDATE_P1MCPUFP__CPUFP500K_0206__00634_9e6y_s42_98411c77f19b.tar.gz	/data/qlyu/projects/pvrig_top7500_dualpanel_screen_v1_20260724/run/common4_rerank_v2_20260725/final50_structure_bundle_v1_20260725/docking/archives/CANDIDATE_P1MCPUFP__CPUFP500K_0206__00634_9e6y_s42_98411c77f19b.tar.gz	4478754f94ac0cd80aab43340a33938990b684ac35a5fb9d4d60b5f425dc96ef	-71.43480000000001	STRICT_A
43		P1MCPUFP__CPUFP500K_0206__00634	9e6y	917	SUCCESS	cluster_1_model_1.pdb.gz	/data/qlyu/projects/pvrig_top7500_dualpanel_screen_v1_20260724/run/common4_rerank_v2_20260725/final50_structure_bundle_v1_20260725/docking/representative_complexes/R43__P1MCPUFP__CPUFP500K_0206__00634__9e6y__s917__cluster_1_model_1.pdb	66976e374ab24aa130299aed100bf91ae4c078af277c2b8ebbdcfa6c64e09509	/data1/qlyu/projects/pvrig_c2_new6220_dualreceptor_2seed_docking_results_v1_20260723/c2_new4220/compressed_queue/CANDIDATE_P1MCPUFP__CPUFP500K_0206__00634_9e6y_s917_3400428e2129.tar.gz	/data/qlyu/projects/pvrig_top7500_dualpanel_screen_v1_20260724/run/common4_rerank_v2_20260725/final50_structure_bundle_v1_20260725/docking/archives/CANDIDATE_P1MCPUFP__CPUFP500K_0206__00634_9e6y_s917_3400428e2129.tar.gz	0a161a8a9253b81ae542395e0d64c550045a42aeeceacb23c460f821e5182e0f	-100.04410000000001	STRICT_A
43		P1MCPUFP__CPUFP500K_0206__00634	9e6y	1931	SUCCESS	cluster_1_model_1.pdb.gz	/data/qlyu/projects/pvrig_top7500_dualpanel_screen_v1_20260724/run/common4_rerank_v2_20260725/final50_structure_bundle_v1_20260725/docking/representative_complexes/R43__P1MCPUFP__CPUFP500K_0206__00634__9e6y__s1931__cluster_1_model_1.pdb	c0e1ada0259bca9a81e79274143eba522a70a388d737140784fcdf757f286b72	/data1/qlyu/projects/pvrig_c2_new6220_dualreceptor_2seed_docking_results_v1_20260723/c2_new4220/compressed_queue/CANDIDATE_P1MCPUFP__CPUFP500K_0206__00634_9e6y_s1931_b64e3570dc53.tar.gz	/data/qlyu/projects/pvrig_top7500_dualpanel_screen_v1_20260724/run/common4_rerank_v2_20260725/final50_structure_bundle_v1_20260725/docking/archives/CANDIDATE_P1MCPUFP__CPUFP500K_0206__00634_9e6y_s1931_b64e3570dc53.tar.gz	d9a1fe5a36026902520f907709f35f5ab5b86c3aaaec1ae7852a49814b97d5a9	-82.90620999999999	STRICT_A
43		P1MCPUFP__CPUFP500K_0206__00634	9e6y	3047	SUCCESS	cluster_1_model_1.pdb.gz	/data/qlyu/projects/pvrig_top7500_dualpanel_screen_v1_20260724/run/common4_rerank_v2_20260725/final50_structure_bundle_v1_20260725/docking/representative_complexes/R43__P1MCPUFP__CPUFP500K_0206__00634__9e6y__s3047__cluster_1_model_1.pdb	119d879fed09f9a7d3f4dcdc1e8a0d8d20968f2432c4833c575f4b13d2b6538d	/data1/qlyu/projects/pvrig_c2_new4220_seed42_3047_docking_results_v1_20260723/c2_new4220_seed42_3047/compressed_queue/CANDIDATE_P1MCPUFP__CPUFP500K_0206__00634_9e6y_s3047_16755fd96525.tar.gz	/data/qlyu/projects/pvrig_top7500_dualpanel_screen_v1_20260724/run/common4_rerank_v2_20260725/final50_structure_bundle_v1_20260725/docking/archives/CANDIDATE_P1MCPUFP__CPUFP500K_0206__00634_9e6y_s3047_16755fd96525.tar.gz	fad6b2b52245bc9572492c46037f86f290fa5d37db9b2db80b98715390bac00f	-70.6217	STRICT_A
44		P1MCPUFP__CPUFP500K_0228__00457	8x6b	42	SUCCESS	cluster_1_model_1.pdb.gz	/data/qlyu/projects/pvrig_top7500_dualpanel_screen_v1_20260724/run/common4_rerank_v2_20260725/final50_structure_bundle_v1_20260725/docking/representative_complexes/R44__P1MCPUFP__CPUFP500K_0228__00457__8x6b__s42__cluster_1_model_1.pdb	90ef3fd7b26983ed83ee76f67a620ad1d2386a38f5f9d2523818f52948fa9afe	/data1/qlyu/projects/pvrig_top200_common4_seed_completion106_docking_results_v1_20260725/top200_seed_completion/compressed_queue/CANDIDATE_P1MCPUFP__CPUFP500K_0228__00457_8x6b_s42_bfa0d34a4d84.tar.gz	/data/qlyu/projects/pvrig_top7500_dualpanel_screen_v1_20260724/run/common4_rerank_v2_20260725/final50_structure_bundle_v1_20260725/docking/archives/CANDIDATE_P1MCPUFP__CPUFP500K_0228__00457_8x6b_s42_bfa0d34a4d84.tar.gz	8d372f13de5ad17a1babcbe3bd9d746e089786874d9f256f833bf55206f4d38b	-78.7396	STRICT_A
44		P1MCPUFP__CPUFP500K_0228__00457	8x6b	917	SUCCESS	cluster_1_model_1.pdb.gz	/data/qlyu/projects/pvrig_top7500_dualpanel_screen_v1_20260724/run/common4_rerank_v2_20260725/final50_structure_bundle_v1_20260725/docking/representative_complexes/R44__P1MCPUFP__CPUFP500K_0228__00457__8x6b__s917__cluster_1_model_1.pdb	d38e62dbf405eb4e53f7ed2f147b81685aa21ebdb131b522fdd76a855a0da2f4	/data1/qlyu/projects/pvrig_priority_top7500_dualreceptor_multiseed_docking_results_v1_20260722/top7500_25k/compressed_queue/CANDIDATE_P1MCPUFP__CPUFP500K_0228__00457_8x6b_s917_047bec4174e5.tar.gz	/data/qlyu/projects/pvrig_top7500_dualpanel_screen_v1_20260724/run/common4_rerank_v2_20260725/final50_structure_bundle_v1_20260725/docking/archives/CANDIDATE_P1MCPUFP__CPUFP500K_0228__00457_8x6b_s917_047bec4174e5.tar.gz	8f749e9fd4b09aa465954f47f33f6ec9d78d9078f1190d9d60b220c1a82dfe7a	-88.0668	STRICT_A
44		P1MCPUFP__CPUFP500K_0228__00457	8x6b	1931	SUCCESS	cluster_1_model_1.pdb.gz	/data/qlyu/projects/pvrig_top7500_dualpanel_screen_v1_20260724/run/common4_rerank_v2_20260725/final50_structure_bundle_v1_20260725/docking/representative_complexes/R44__P1MCPUFP__CPUFP500K_0228__00457__8x6b__s1931__cluster_1_model_1.pdb	d5b4748341cc7836629d0762272d94c88e82942287356cb4af14a59c9412346c	/data1/qlyu/projects/pvrig_priority_top7500_dualreceptor_multiseed_docking_results_v1_20260722/top7500_25k/compressed_queue/CANDIDATE_P1MCPUFP__CPUFP500K_0228__00457_8x6b_s1931_6dcb7f819ef9.tar.gz	/data/qlyu/projects/pvrig_top7500_dualpanel_screen_v1_20260724/run/common4_rerank_v2_20260725/final50_structure_bundle_v1_20260725/docking/archives/CANDIDATE_P1MCPUFP__CPUFP500K_0228__00457_8x6b_s1931_6dcb7f819ef9.tar.gz	9eef866a06446e486afca0352e2b9946aac062f807a6cffcb090b5e24800f63d	-93.34039999999999	SUPPORTED_AB
44		P1MCPUFP__CPUFP500K_0228__00457	8x6b	3047	SUCCESS	cluster_1_model_1.pdb.gz	/data/qlyu/projects/pvrig_top7500_dualpanel_screen_v1_20260724/run/common4_rerank_v2_20260725/final50_structure_bundle_v1_20260725/docking/representative_complexes/R44__P1MCPUFP__CPUFP500K_0228__00457__8x6b__s3047__cluster_1_model_1.pdb	b695f54c5111e434d8ec74cc05784f646a3fd9597d3b57aac84bddebb672dbea	/data1/qlyu/projects/pvrig_top200_common4_seed_completion106_docking_results_v1_20260725/top200_seed_completion/compressed_queue/CANDIDATE_P1MCPUFP__CPUFP500K_0228__00457_8x6b_s3047_71ed69ac260a.tar.gz	/data/qlyu/projects/pvrig_top7500_dualpanel_screen_v1_20260724/run/common4_rerank_v2_20260725/final50_structure_bundle_v1_20260725/docking/archives/CANDIDATE_P1MCPUFP__CPUFP500K_0228__00457_8x6b_s3047_71ed69ac260a.tar.gz	578c3b19860870bab5d87765d802f5434967f9e5195b845e32ed4dea739eecf2	-83.5072	STRICT_A
44		P1MCPUFP__CPUFP500K_0228__00457	9e6y	42	SUCCESS	cluster_1_model_1.pdb.gz	/data/qlyu/projects/pvrig_top7500_dualpanel_screen_v1_20260724/run/common4_rerank_v2_20260725/final50_structure_bundle_v1_20260725/docking/representative_complexes/R44__P1MCPUFP__CPUFP500K_0228__00457__9e6y__s42__cluster_1_model_1.pdb	4c1491420bd4c57d9e2299352fc4071ed98c7db9e02519cff258b636f5830e2d	/data1/qlyu/projects/pvrig_top200_common4_seed_completion106_docking_results_v1_20260725/top200_seed_completion/compressed_queue/CANDIDATE_P1MCPUFP__CPUFP500K_0228__00457_9e6y_s42_65ce126e7d91.tar.gz	/data/qlyu/projects/pvrig_top7500_dualpanel_screen_v1_20260724/run/common4_rerank_v2_20260725/final50_structure_bundle_v1_20260725/docking/archives/CANDIDATE_P1MCPUFP__CPUFP500K_0228__00457_9e6y_s42_65ce126e7d91.tar.gz	7511853f08481bc05b5f943db6d0a9f8188c9e7843d153927c30923d3ebdab8d	-67.79468	STRICT_A
44		P1MCPUFP__CPUFP500K_0228__00457	9e6y	917	SUCCESS	cluster_1_model_1.pdb.gz	/data/qlyu/projects/pvrig_top7500_dualpanel_screen_v1_20260724/run/common4_rerank_v2_20260725/final50_structure_bundle_v1_20260725/docking/representative_complexes/R44__P1MCPUFP__CPUFP500K_0228__00457__9e6y__s917__cluster_1_model_1.pdb	92a4e172e7173801bee6b4c3e99e2d121721f73b6877494dcac40178e60c45cb	/data1/qlyu/projects/pvrig_priority_top7500_dualreceptor_multiseed_docking_results_v1_20260722/top7500_25k/compressed_queue/CANDIDATE_P1MCPUFP__CPUFP500K_0228__00457_9e6y_s917_dd00ee7e3260.tar.gz	/data/qlyu/projects/pvrig_top7500_dualpanel_screen_v1_20260724/run/common4_rerank_v2_20260725/final50_structure_bundle_v1_20260725/docking/archives/CANDIDATE_P1MCPUFP__CPUFP500K_0228__00457_9e6y_s917_dd00ee7e3260.tar.gz	6d4322325a87112b784808d1694299ca080da448512cbf2feead111ac0b35dff	-85.7903	STRICT_A
44		P1MCPUFP__CPUFP500K_0228__00457	9e6y	1931	SUCCESS	cluster_1_model_1.pdb.gz	/data/qlyu/projects/pvrig_top7500_dualpanel_screen_v1_20260724/run/common4_rerank_v2_20260725/final50_structure_bundle_v1_20260725/docking/representative_complexes/R44__P1MCPUFP__CPUFP500K_0228__00457__9e6y__s1931__cluster_1_model_1.pdb	7cc3ffc505f49233df966ae7905546543f4e6c7603e1caf489fb9341f0e8d894	/data1/qlyu/projects/pvrig_priority_top7500_dualreceptor_multiseed_docking_results_v1_20260722/top7500_25k/compressed_queue/CANDIDATE_P1MCPUFP__CPUFP500K_0228__00457_9e6y_s1931_4c7ef94cbaa3.tar.gz	/data/qlyu/projects/pvrig_top7500_dualpanel_screen_v1_20260724/run/common4_rerank_v2_20260725/final50_structure_bundle_v1_20260725/docking/archives/CANDIDATE_P1MCPUFP__CPUFP500K_0228__00457_9e6y_s1931_4c7ef94cbaa3.tar.gz	f3a8f15c3f2029b1b44c0fc34142cc0b83097ee4570ad5f44ff6686f543f39d7	-91.65669999999999	STRICT_A
44		P1MCPUFP__CPUFP500K_0228__00457	9e6y	3047	SUCCESS	cluster_1_model_1.pdb.gz	/data/qlyu/projects/pvrig_top7500_dualpanel_screen_v1_20260724/run/common4_rerank_v2_20260725/final50_structure_bundle_v1_20260725/docking/representative_complexes/R44__P1MCPUFP__CPUFP500K_0228__00457__9e6y__s3047__cluster_1_model_1.pdb	dee42ab862a6df5f3f2b9196dc1c44a6d019079a82c247345c2c95511beb7231	/data1/qlyu/projects/pvrig_top200_common4_seed_completion106_docking_results_v1_20260725/top200_seed_completion/compressed_queue/CANDIDATE_P1MCPUFP__CPUFP500K_0228__00457_9e6y_s3047_2550b48d55e7.tar.gz	/data/qlyu/projects/pvrig_top7500_dualpanel_screen_v1_20260724/run/common4_rerank_v2_20260725/final50_structure_bundle_v1_20260725/docking/archives/CANDIDATE_P1MCPUFP__CPUFP500K_0228__00457_9e6y_s3047_2550b48d55e7.tar.gz	73e53ad708de9c3226ae71ca8e2c8479069d9d6ca09804dc9e7d412d38da7c5e	-88.111	STRICT_A
45		P1MCPUFP__CPUFP500K_0504__00900	8x6b	42	SUCCESS	cluster_1_model_1.pdb.gz	/data/qlyu/projects/pvrig_top7500_dualpanel_screen_v1_20260724/run/common4_rerank_v2_20260725/final50_structure_bundle_v1_20260725/docking/representative_complexes/R45__P1MCPUFP__CPUFP500K_0504__00900__8x6b__s42__cluster_1_model_1.pdb	f9150cb4dd5fe422c74e46c9d7a09d7cd9a1204bb9ed8735ac960c49356c1b5e	/data1/qlyu/projects/pvrig_c2_new4220_seed42_3047_docking_results_v1_20260723/c2_new4220_seed42_3047/compressed_queue/CANDIDATE_P1MCPUFP__CPUFP500K_0504__00900_8x6b_s42_8c5fa2f3021a.tar.gz	/data/qlyu/projects/pvrig_top7500_dualpanel_screen_v1_20260724/run/common4_rerank_v2_20260725/final50_structure_bundle_v1_20260725/docking/archives/CANDIDATE_P1MCPUFP__CPUFP500K_0504__00900_8x6b_s42_8c5fa2f3021a.tar.gz	1e2217549ed4898a049cb5657fba19441f86fcd7521f7b3e09473d428c6bab93	-60.533579999999986	STRICT_A
45		P1MCPUFP__CPUFP500K_0504__00900	8x6b	917	SUCCESS	cluster_1_model_1.pdb.gz	/data/qlyu/projects/pvrig_top7500_dualpanel_screen_v1_20260724/run/common4_rerank_v2_20260725/final50_structure_bundle_v1_20260725/docking/representative_complexes/R45__P1MCPUFP__CPUFP500K_0504__00900__8x6b__s917__cluster_1_model_1.pdb	27cf1092165872cf6887cec0308679fc091625c24b80ea1fafb636ebdf0cc9d0	/data1/qlyu/projects/pvrig_c2_new6220_dualreceptor_2seed_docking_results_v1_20260723/c2_new4220/compressed_queue/CANDIDATE_P1MCPUFP__CPUFP500K_0504__00900_8x6b_s917_c03fb3b7f1af.tar.gz	/data/qlyu/projects/pvrig_top7500_dualpanel_screen_v1_20260724/run/common4_rerank_v2_20260725/final50_structure_bundle_v1_20260725/docking/archives/CANDIDATE_P1MCPUFP__CPUFP500K_0504__00900_8x6b_s917_c03fb3b7f1af.tar.gz	8d37047c9879b22b5c342babf5df8c1f2aba628614ca3810fd8443de0c5da815	-70.51517	STRICT_A
45		P1MCPUFP__CPUFP500K_0504__00900	8x6b	1931	SUCCESS	cluster_1_model_1.pdb.gz	/data/qlyu/projects/pvrig_top7500_dualpanel_screen_v1_20260724/run/common4_rerank_v2_20260725/final50_structure_bundle_v1_20260725/docking/representative_complexes/R45__P1MCPUFP__CPUFP500K_0504__00900__8x6b__s1931__cluster_1_model_1.pdb	c2e9dc284a9801e8d231ca934120c34e17454d1684b6f9054179efc43c591dd4	/data1/qlyu/projects/pvrig_c2_new6220_dualreceptor_2seed_docking_results_v1_20260723/c2_new4220/compressed_queue/CANDIDATE_P1MCPUFP__CPUFP500K_0504__00900_8x6b_s1931_85fb2dc77233.tar.gz	/data/qlyu/projects/pvrig_top7500_dualpanel_screen_v1_20260724/run/common4_rerank_v2_20260725/final50_structure_bundle_v1_20260725/docking/archives/CANDIDATE_P1MCPUFP__CPUFP500K_0504__00900_8x6b_s1931_85fb2dc77233.tar.gz	326082e1bfe8159b29c0e0cfa83ff45e42e1820bada76fe8ecf556fae66b1919	-69.7476	STRICT_A
45		P1MCPUFP__CPUFP500K_0504__00900	8x6b	3047	SUCCESS	cluster_1_model_1.pdb.gz	/data/qlyu/projects/pvrig_top7500_dualpanel_screen_v1_20260724/run/common4_rerank_v2_20260725/final50_structure_bundle_v1_20260725/docking/representative_complexes/R45__P1MCPUFP__CPUFP500K_0504__00900__8x6b__s3047__cluster_1_model_1.pdb	effd6ec9b50418a2646d00641b2f1b5f5456e9d6d5f26e848319083e850feb5d	/data1/qlyu/projects/pvrig_c2_new4220_seed42_3047_docking_results_v1_20260723/c2_new4220_seed42_3047/compressed_queue/CANDIDATE_P1MCPUFP__CPUFP500K_0504__00900_8x6b_s3047_928932cb9481.tar.gz	/data/qlyu/projects/pvrig_top7500_dualpanel_screen_v1_20260724/run/common4_rerank_v2_20260725/final50_structure_bundle_v1_20260725/docking/archives/CANDIDATE_P1MCPUFP__CPUFP500K_0504__00900_8x6b_s3047_928932cb9481.tar.gz	bc48e71a039868591374e956f15627592dde0dd0ee4a5fa712c5a47b099038f8	-85.32628000000001	STRICT_A
45		P1MCPUFP__CPUFP500K_0504__00900	9e6y	42	SUCCESS	cluster_1_model_1.pdb.gz	/data/qlyu/projects/pvrig_top7500_dualpanel_screen_v1_20260724/run/common4_rerank_v2_20260725/final50_structure_bundle_v1_20260725/docking/representative_complexes/R45__P1MCPUFP__CPUFP500K_0504__00900__9e6y__s42__cluster_1_model_1.pdb	7720ccaf617c3b31299c9aae989e2cf0df98093a51d62a2f39efd56cbd5fb7c8	/data1/qlyu/projects/pvrig_c2_new4220_seed42_3047_docking_results_v1_20260723/c2_new4220_seed42_3047/compressed_queue/CANDIDATE_P1MCPUFP__CPUFP500K_0504__00900_9e6y_s42_11e4e0292b8b.tar.gz	/data/qlyu/projects/pvrig_top7500_dualpanel_screen_v1_20260724/run/common4_rerank_v2_20260725/final50_structure_bundle_v1_20260725/docking/archives/CANDIDATE_P1MCPUFP__CPUFP500K_0504__00900_9e6y_s42_11e4e0292b8b.tar.gz	a7c2b559e3d4f6a1ecad709014c366ce3a3bc0b842991afeb599034995f44a4c	-43.60187	STRICT_A
45		P1MCPUFP__CPUFP500K_0504__00900	9e6y	917	SUCCESS	cluster_1_model_1.pdb.gz	/data/qlyu/projects/pvrig_top7500_dualpanel_screen_v1_20260724/run/common4_rerank_v2_20260725/final50_structure_bundle_v1_20260725/docking/representative_complexes/R45__P1MCPUFP__CPUFP500K_0504__00900__9e6y__s917__cluster_1_model_1.pdb	31a049c83131db9f847edb4543efe71e191f6296d3f5588234b953088e7b346e	/data1/qlyu/projects/pvrig_c2_new6220_dualreceptor_2seed_docking_results_v1_20260723/c2_new4220/compressed_queue/CANDIDATE_P1MCPUFP__CPUFP500K_0504__00900_9e6y_s917_c6cba1e54619.tar.gz	/data/qlyu/projects/pvrig_top7500_dualpanel_screen_v1_20260724/run/common4_rerank_v2_20260725/final50_structure_bundle_v1_20260725/docking/archives/CANDIDATE_P1MCPUFP__CPUFP500K_0504__00900_9e6y_s917_c6cba1e54619.tar.gz	214fff8b569b580f4907ff16601b881de798d6b1bc08e6e83b519ac8e2406ba2	-78.017	STRICT_A
45		P1MCPUFP__CPUFP500K_0504__00900	9e6y	1931	SUCCESS	cluster_1_model_1.pdb.gz	/data/qlyu/projects/pvrig_top7500_dualpanel_screen_v1_20260724/run/common4_rerank_v2_20260725/final50_structure_bundle_v1_20260725/docking/representative_complexes/R45__P1MCPUFP__CPUFP500K_0504__00900__9e6y__s1931__cluster_1_model_1.pdb	13b6f331a542c4ba7614260c6e73a9e357e8f281d3f6a7bcbd42af16782eb620	/data1/qlyu/projects/pvrig_c2_new6220_dualreceptor_2seed_docking_results_v1_20260723/c2_new4220/compressed_queue/CANDIDATE_P1MCPUFP__CPUFP500K_0504__00900_9e6y_s1931_9b4fc96589c9.tar.gz	/data/qlyu/projects/pvrig_top7500_dualpanel_screen_v1_20260724/run/common4_rerank_v2_20260725/final50_structure_bundle_v1_20260725/docking/archives/CANDIDATE_P1MCPUFP__CPUFP500K_0504__00900_9e6y_s1931_9b4fc96589c9.tar.gz	b2db9412a35f020a204b5b66764227c59fd802402906a5580c5e2d03c356e917	-46.22666000000001	SUPPORTED_AB
45		P1MCPUFP__CPUFP500K_0504__00900	9e6y	3047	SUCCESS	cluster_1_model_1.pdb.gz	/data/qlyu/projects/pvrig_top7500_dualpanel_screen_v1_20260724/run/common4_rerank_v2_20260725/final50_structure_bundle_v1_20260725/docking/representative_complexes/R45__P1MCPUFP__CPUFP500K_0504__00900__9e6y__s3047__cluster_1_model_1.pdb	7a09e39542f823fde46339ba292534e30b910a535182a5d152bb9315a298a5a7	/data1/qlyu/projects/pvrig_c2_new4220_seed42_3047_docking_results_v1_20260723/c2_new4220_seed42_3047/compressed_queue/CANDIDATE_P1MCPUFP__CPUFP500K_0504__00900_9e6y_s3047_2284b825c0f9.tar.gz	/data/qlyu/projects/pvrig_top7500_dualpanel_screen_v1_20260724/run/common4_rerank_v2_20260725/final50_structure_bundle_v1_20260725/docking/archives/CANDIDATE_P1MCPUFP__CPUFP500K_0504__00900_9e6y_s3047_2284b825c0f9.tar.gz	f4ae545a41e383d0fbcc6ccffdb6f91ceb7736b7218975a3d98f9dae58ee7ab2	-52.41279999999999	STRICT_A
46		P1MCPUFP__CPUFP500K_0034__00437	8x6b	42	SUCCESS	cluster_1_model_1.pdb.gz	/data/qlyu/projects/pvrig_top7500_dualpanel_screen_v1_20260724/run/common4_rerank_v2_20260725/final50_structure_bundle_v1_20260725/docking/representative_complexes/R46__P1MCPUFP__CPUFP500K_0034__00437__8x6b__s42__cluster_1_model_1.pdb	f8a06042ec2ef533302d88da07affd42c62734f6449ff01b2b6271ab62756c4a	/data1/qlyu/projects/pvrig_top200_common4_seed_completion106_docking_results_v1_20260725/top200_seed_completion/compressed_queue/CANDIDATE_P1MCPUFP__CPUFP500K_0034__00437_8x6b_s42_da7e95d678bf.tar.gz	/data/qlyu/projects/pvrig_top7500_dualpanel_screen_v1_20260724/run/common4_rerank_v2_20260725/final50_structure_bundle_v1_20260725/docking/archives/CANDIDATE_P1MCPUFP__CPUFP500K_0034__00437_8x6b_s42_da7e95d678bf.tar.gz	6470cb297d68cf6c116692a0fa2fa6f619cd00c64591366c46a22b3a380a7db7	-84.54165	STRICT_A
46		P1MCPUFP__CPUFP500K_0034__00437	8x6b	917	SUCCESS	cluster_1_model_1.pdb.gz	/data/qlyu/projects/pvrig_top7500_dualpanel_screen_v1_20260724/run/common4_rerank_v2_20260725/final50_structure_bundle_v1_20260725/docking/representative_complexes/R46__P1MCPUFP__CPUFP500K_0034__00437__8x6b__s917__cluster_1_model_1.pdb	7229553310c2d8df24a715efe3abc3e166d1d80b280dd6048d646eb35e0070c1	/data1/qlyu/projects/pvrig_priority_top7500_dualreceptor_multiseed_docking_results_v1_20260722/top7500_25k/compressed_queue/CANDIDATE_P1MCPUFP__CPUFP500K_0034__00437_8x6b_s917_51f9ff12c70f.tar.gz	/data/qlyu/projects/pvrig_top7500_dualpanel_screen_v1_20260724/run/common4_rerank_v2_20260725/final50_structure_bundle_v1_20260725/docking/archives/CANDIDATE_P1MCPUFP__CPUFP500K_0034__00437_8x6b_s917_51f9ff12c70f.tar.gz	5688ec17424c746d3c03eaaf1c974959f82944bd0e5b1f921bbf4c9d22eb7b1a	-77.08653	STRICT_A
46		P1MCPUFP__CPUFP500K_0034__00437	8x6b	1931	SUCCESS	cluster_1_model_1.pdb.gz	/data/qlyu/projects/pvrig_top7500_dualpanel_screen_v1_20260724/run/common4_rerank_v2_20260725/final50_structure_bundle_v1_20260725/docking/representative_complexes/R46__P1MCPUFP__CPUFP500K_0034__00437__8x6b__s1931__cluster_1_model_1.pdb	a155d80833546b28ad01c50790de031b3ccea8cb3caf7a45f03c9449b3c7d190	/data1/qlyu/projects/pvrig_priority_top7500_dualreceptor_multiseed_docking_results_v1_20260722/top7500_25k/compressed_queue/CANDIDATE_P1MCPUFP__CPUFP500K_0034__00437_8x6b_s1931_26b842664e78.tar.gz	/data/qlyu/projects/pvrig_top7500_dualpanel_screen_v1_20260724/run/common4_rerank_v2_20260725/final50_structure_bundle_v1_20260725/docking/archives/CANDIDATE_P1MCPUFP__CPUFP500K_0034__00437_8x6b_s1931_26b842664e78.tar.gz	873b10f2091c09891ff24f1c9763b754f8ad69964783aae06ec7a39bcfd02c4d	-95.29799999999999	STRICT_A
46		P1MCPUFP__CPUFP500K_0034__00437	8x6b	3047	SUCCESS	cluster_1_model_1.pdb.gz	/data/qlyu/projects/pvrig_top7500_dualpanel_screen_v1_20260724/run/common4_rerank_v2_20260725/final50_structure_bundle_v1_20260725/docking/representative_complexes/R46__P1MCPUFP__CPUFP500K_0034__00437__8x6b__s3047__cluster_1_model_1.pdb	bc01d3c4142f3afdc974295639503e38cd07543fc18d5652df9b3bcf88f8b635	/data1/qlyu/projects/pvrig_top200_common4_seed_completion106_docking_results_v1_20260725/top200_seed_completion/compressed_queue/CANDIDATE_P1MCPUFP__CPUFP500K_0034__00437_8x6b_s3047_aa615456275b.tar.gz	/data/qlyu/projects/pvrig_top7500_dualpanel_screen_v1_20260724/run/common4_rerank_v2_20260725/final50_structure_bundle_v1_20260725/docking/archives/CANDIDATE_P1MCPUFP__CPUFP500K_0034__00437_8x6b_s3047_aa615456275b.tar.gz	3e418aab278e73ee0332dac2436ee54876c22ab02a60a0065d11b5a232b699ee	-86.77009999999999	STRICT_A
46		P1MCPUFP__CPUFP500K_0034__00437	9e6y	42	SUCCESS	cluster_1_model_1.pdb.gz	/data/qlyu/projects/pvrig_top7500_dualpanel_screen_v1_20260724/run/common4_rerank_v2_20260725/final50_structure_bundle_v1_20260725/docking/representative_complexes/R46__P1MCPUFP__CPUFP500K_0034__00437__9e6y__s42__cluster_1_model_1.pdb	e042fe7d5b4e9f67931aed58aa400e7ee9837a36d130e0f5d7a08b62de644995	/data1/qlyu/projects/pvrig_top200_common4_seed_completion106_docking_results_v1_20260725/top200_seed_completion/compressed_queue/CANDIDATE_P1MCPUFP__CPUFP500K_0034__00437_9e6y_s42_19a979eaf54f.tar.gz	/data/qlyu/projects/pvrig_top7500_dualpanel_screen_v1_20260724/run/common4_rerank_v2_20260725/final50_structure_bundle_v1_20260725/docking/archives/CANDIDATE_P1MCPUFP__CPUFP500K_0034__00437_9e6y_s42_19a979eaf54f.tar.gz	7f1d5761a7cd2bbb47cc23d7bc3de3978720fcf3f5e66a973554de0e2833b543	-78.26276	STRICT_A
46		P1MCPUFP__CPUFP500K_0034__00437	9e6y	917	SUCCESS	cluster_1_model_1.pdb.gz	/data/qlyu/projects/pvrig_top7500_dualpanel_screen_v1_20260724/run/common4_rerank_v2_20260725/final50_structure_bundle_v1_20260725/docking/representative_complexes/R46__P1MCPUFP__CPUFP500K_0034__00437__9e6y__s917__cluster_1_model_1.pdb	56d0259caa5fb41d48e3e58878a9e4f01cd6da466dea155b9a068cc934e0cc22	/data1/qlyu/projects/pvrig_priority_top7500_dualreceptor_multiseed_docking_results_v1_20260722/top7500_25k/compressed_queue/CANDIDATE_P1MCPUFP__CPUFP500K_0034__00437_9e6y_s917_a0451402edf5.tar.gz	/data/qlyu/projects/pvrig_top7500_dualpanel_screen_v1_20260724/run/common4_rerank_v2_20260725/final50_structure_bundle_v1_20260725/docking/archives/CANDIDATE_P1MCPUFP__CPUFP500K_0034__00437_9e6y_s917_a0451402edf5.tar.gz	c9bab11e62c3db1d657c84ed99b952914ac054ad65513a33a2e01fbed876e399	-95.5798	STRICT_A
46		P1MCPUFP__CPUFP500K_0034__00437	9e6y	1931	SUCCESS	cluster_1_model_1.pdb.gz	/data/qlyu/projects/pvrig_top7500_dualpanel_screen_v1_20260724/run/common4_rerank_v2_20260725/final50_structure_bundle_v1_20260725/docking/representative_complexes/R46__P1MCPUFP__CPUFP500K_0034__00437__9e6y__s1931__cluster_1_model_1.pdb	0c2eae7fcc4babf130d825d179fba54c01aa9d0f192443c5358a397653dca1a4	/data1/qlyu/projects/pvrig_priority_top7500_dualreceptor_multiseed_docking_results_v1_20260722/top7500_25k/compressed_queue/CANDIDATE_P1MCPUFP__CPUFP500K_0034__00437_9e6y_s1931_1a91748b52c8.tar.gz	/data/qlyu/projects/pvrig_top7500_dualpanel_screen_v1_20260724/run/common4_rerank_v2_20260725/final50_structure_bundle_v1_20260725/docking/archives/CANDIDATE_P1MCPUFP__CPUFP500K_0034__00437_9e6y_s1931_1a91748b52c8.tar.gz	15b2279e4ef679e31c00c3e9007d73cd0c83fdf17f04af8906cc74cfa2336365	-100.90459999999999	STRICT_A
46		P1MCPUFP__CPUFP500K_0034__00437	9e6y	3047	SUCCESS	cluster_1_model_1.pdb.gz	/data/qlyu/projects/pvrig_top7500_dualpanel_screen_v1_20260724/run/common4_rerank_v2_20260725/final50_structure_bundle_v1_20260725/docking/representative_complexes/R46__P1MCPUFP__CPUFP500K_0034__00437__9e6y__s3047__cluster_1_model_1.pdb	055d80006436229106c1b3b4a9b584d10c92a1b9a6f441fce4c3d7a76d8fa1d5	/data1/qlyu/projects/pvrig_top200_common4_seed_completion106_docking_results_v1_20260725/top200_seed_completion/compressed_queue/CANDIDATE_P1MCPUFP__CPUFP500K_0034__00437_9e6y_s3047_8d6e829b9c58.tar.gz	/data/qlyu/projects/pvrig_top7500_dualpanel_screen_v1_20260724/run/common4_rerank_v2_20260725/final50_structure_bundle_v1_20260725/docking/archives/CANDIDATE_P1MCPUFP__CPUFP500K_0034__00437_9e6y_s3047_8d6e829b9c58.tar.gz	fd916307c1dc07b63bc8da006f27877b3e60b71d89f4e00542337575dada8701	-84.0955	STRICT_A
47		P1MCPUFP__CPUFP500K_0091__00172	8x6b	42	SUCCESS	cluster_1_model_1.pdb.gz	/data/qlyu/projects/pvrig_top7500_dualpanel_screen_v1_20260724/run/common4_rerank_v2_20260725/final50_structure_bundle_v1_20260725/docking/representative_complexes/R47__P1MCPUFP__CPUFP500K_0091__00172__8x6b__s42__cluster_1_model_1.pdb	051104e2dc477230537b91175155fccdc6e7116c877e243876a07d0fbf465209	/data1/qlyu/projects/pvrig_c2_new4220_seed42_3047_docking_results_v1_20260723/c2_new4220_seed42_3047/compressed_queue/CANDIDATE_P1MCPUFP__CPUFP500K_0091__00172_8x6b_s42_c30adcb0dccd.tar.gz	/data/qlyu/projects/pvrig_top7500_dualpanel_screen_v1_20260724/run/common4_rerank_v2_20260725/final50_structure_bundle_v1_20260725/docking/archives/CANDIDATE_P1MCPUFP__CPUFP500K_0091__00172_8x6b_s42_c30adcb0dccd.tar.gz	d90d98ebfaa79fd582cd7837af5b77e3c52ed33e4ad898f00997331919693936	-75.82578999999998	STRICT_A
47		P1MCPUFP__CPUFP500K_0091__00172	8x6b	917	SUCCESS	cluster_1_model_1.pdb.gz	/data/qlyu/projects/pvrig_top7500_dualpanel_screen_v1_20260724/run/common4_rerank_v2_20260725/final50_structure_bundle_v1_20260725/docking/representative_complexes/R47__P1MCPUFP__CPUFP500K_0091__00172__8x6b__s917__cluster_1_model_1.pdb	bfd4406dcdf0c86afbf6f3ef7e0a151fed720054a6e16e276a31921e69ac110c	/data1/qlyu/projects/pvrig_c2_new6220_dualreceptor_2seed_docking_results_v1_20260723/c2_new4220/compressed_queue/CANDIDATE_P1MCPUFP__CPUFP500K_0091__00172_8x6b_s917_33fdcb42aad8.tar.gz	/data/qlyu/projects/pvrig_top7500_dualpanel_screen_v1_20260724/run/common4_rerank_v2_20260725/final50_structure_bundle_v1_20260725/docking/archives/CANDIDATE_P1MCPUFP__CPUFP500K_0091__00172_8x6b_s917_33fdcb42aad8.tar.gz	a2f04d14514c1be1cf1843b456414353415390087dcfbaff4b6cb14edb661565	-100.6239	SUPPORTED_AB
47		P1MCPUFP__CPUFP500K_0091__00172	8x6b	1931	SUCCESS	cluster_1_model_1.pdb.gz	/data/qlyu/projects/pvrig_top7500_dualpanel_screen_v1_20260724/run/common4_rerank_v2_20260725/final50_structure_bundle_v1_20260725/docking/representative_complexes/R47__P1MCPUFP__CPUFP500K_0091__00172__8x6b__s1931__cluster_1_model_1.pdb	60a4fb4f951bbfd6a828b30570ef4fd9e2190bcd09f041aaf63229686b2bb4e6	/data1/qlyu/projects/pvrig_c2_new6220_dualreceptor_2seed_docking_results_v1_20260723/c2_new4220/compressed_queue/CANDIDATE_P1MCPUFP__CPUFP500K_0091__00172_8x6b_s1931_58e2134a8507.tar.gz	/data/qlyu/projects/pvrig_top7500_dualpanel_screen_v1_20260724/run/common4_rerank_v2_20260725/final50_structure_bundle_v1_20260725/docking/archives/CANDIDATE_P1MCPUFP__CPUFP500K_0091__00172_8x6b_s1931_58e2134a8507.tar.gz	66dff96e0cb5a94088cf615e01885a972a5d37f9b4fd22725bc5dc882d5966a1	-85.4161	STRICT_A
47		P1MCPUFP__CPUFP500K_0091__00172	8x6b	3047	SUCCESS	cluster_1_model_1.pdb.gz	/data/qlyu/projects/pvrig_top7500_dualpanel_screen_v1_20260724/run/common4_rerank_v2_20260725/final50_structure_bundle_v1_20260725/docking/representative_complexes/R47__P1MCPUFP__CPUFP500K_0091__00172__8x6b__s3047__cluster_1_model_1.pdb	69a3ee60d64726ce363cb3364306fedb282529dc1ade120f47a49bbd1ceb1b29	/data1/qlyu/projects/pvrig_c2_new4220_seed42_3047_docking_results_v1_20260723/c2_new4220_seed42_3047/compressed_queue/CANDIDATE_P1MCPUFP__CPUFP500K_0091__00172_8x6b_s3047_633d6e873e50.tar.gz	/data/qlyu/projects/pvrig_top7500_dualpanel_screen_v1_20260724/run/common4_rerank_v2_20260725/final50_structure_bundle_v1_20260725/docking/archives/CANDIDATE_P1MCPUFP__CPUFP500K_0091__00172_8x6b_s3047_633d6e873e50.tar.gz	09819aadece2055327b4e29eb4f61d225522555123fb1d77c681dc9237a3cd5a	-91.72140000000002	STRICT_A
47		P1MCPUFP__CPUFP500K_0091__00172	9e6y	42	SUCCESS	cluster_1_model_1.pdb.gz	/data/qlyu/projects/pvrig_top7500_dualpanel_screen_v1_20260724/run/common4_rerank_v2_20260725/final50_structure_bundle_v1_20260725/docking/representative_complexes/R47__P1MCPUFP__CPUFP500K_0091__00172__9e6y__s42__cluster_1_model_1.pdb	2364cdf3b16371c05f8c0d1e0a1ae624f61bc7bc342a8d67f08c999712ba30ae	/data1/qlyu/projects/pvrig_c2_new4220_seed42_3047_docking_results_v1_20260723/c2_new4220_seed42_3047/compressed_queue/CANDIDATE_P1MCPUFP__CPUFP500K_0091__00172_9e6y_s42_0b72aac33882.tar.gz	/data/qlyu/projects/pvrig_top7500_dualpanel_screen_v1_20260724/run/common4_rerank_v2_20260725/final50_structure_bundle_v1_20260725/docking/archives/CANDIDATE_P1MCPUFP__CPUFP500K_0091__00172_9e6y_s42_0b72aac33882.tar.gz	10e06d1185aa7e18baacf34d1167b40964d2b64802e8ae0f93d60ad0cd088fa4	-91.90112	STRICT_A
47		P1MCPUFP__CPUFP500K_0091__00172	9e6y	917	SUCCESS	cluster_1_model_1.pdb.gz	/data/qlyu/projects/pvrig_top7500_dualpanel_screen_v1_20260724/run/common4_rerank_v2_20260725/final50_structure_bundle_v1_20260725/docking/representative_complexes/R47__P1MCPUFP__CPUFP500K_0091__00172__9e6y__s917__cluster_1_model_1.pdb	6592d15951f06c73e123890c5dbf429e41a57c4ad466bcdd25d513373a535224	/data1/qlyu/projects/pvrig_c2_new6220_dualreceptor_2seed_docking_results_v1_20260723/c2_new4220/compressed_queue/CANDIDATE_P1MCPUFP__CPUFP500K_0091__00172_9e6y_s917_ff22326b5f95.tar.gz	/data/qlyu/projects/pvrig_top7500_dualpanel_screen_v1_20260724/run/common4_rerank_v2_20260725/final50_structure_bundle_v1_20260725/docking/archives/CANDIDATE_P1MCPUFP__CPUFP500K_0091__00172_9e6y_s917_ff22326b5f95.tar.gz	2d69d4b0646f8df018cac2d3b07af0d67d475df82afece271f270e3002f427bb	-80.73140000000001	STRICT_A
47		P1MCPUFP__CPUFP500K_0091__00172	9e6y	1931	SUCCESS	cluster_1_model_1.pdb.gz	/data/qlyu/projects/pvrig_top7500_dualpanel_screen_v1_20260724/run/common4_rerank_v2_20260725/final50_structure_bundle_v1_20260725/docking/representative_complexes/R47__P1MCPUFP__CPUFP500K_0091__00172__9e6y__s1931__cluster_1_model_1.pdb	8a27b7ec72ea306a30e1f36c6486578dd571dc355ef68dbf68d3554e1626d6ca	/data1/qlyu/projects/pvrig_c2_new6220_dualreceptor_2seed_docking_results_v1_20260723/c2_new4220/compressed_queue/CANDIDATE_P1MCPUFP__CPUFP500K_0091__00172_9e6y_s1931_486770db58d1.tar.gz	/data/qlyu/projects/pvrig_top7500_dualpanel_screen_v1_20260724/run/common4_rerank_v2_20260725/final50_structure_bundle_v1_20260725/docking/archives/CANDIDATE_P1MCPUFP__CPUFP500K_0091__00172_9e6y_s1931_486770db58d1.tar.gz	edffb208129d4c47f69963e646b31f2d86a7585ce4226958c7d78f796bda5ef1	-64.50509	STRICT_A
47		P1MCPUFP__CPUFP500K_0091__00172	9e6y	3047	SUCCESS	cluster_1_model_1.pdb.gz	/data/qlyu/projects/pvrig_top7500_dualpanel_screen_v1_20260724/run/common4_rerank_v2_20260725/final50_structure_bundle_v1_20260725/docking/representative_complexes/R47__P1MCPUFP__CPUFP500K_0091__00172__9e6y__s3047__cluster_1_model_1.pdb	dbe4a46a4ec0f1c9ee6557249441537fe10ac2b562862130cd04c5dc3fe3bc05	/data1/qlyu/projects/pvrig_c2_new4220_seed42_3047_docking_results_v1_20260723/c2_new4220_seed42_3047/compressed_queue/CANDIDATE_P1MCPUFP__CPUFP500K_0091__00172_9e6y_s3047_ab0cdc3ca290.tar.gz	/data/qlyu/projects/pvrig_top7500_dualpanel_screen_v1_20260724/run/common4_rerank_v2_20260725/final50_structure_bundle_v1_20260725/docking/archives/CANDIDATE_P1MCPUFP__CPUFP500K_0091__00172_9e6y_s3047_ab0cdc3ca290.tar.gz	563b3c6b55e11c90a56d2f201b7b960bd04f96a22c956db29c87775270179c2e	-74.51076	STRICT_A
48		P1MCPUFP__CPUFP500K_0190__00879	8x6b	42	SUCCESS	cluster_1_model_1.pdb.gz	/data/qlyu/projects/pvrig_top7500_dualpanel_screen_v1_20260724/run/common4_rerank_v2_20260725/final50_structure_bundle_v1_20260725/docking/representative_complexes/R48__P1MCPUFP__CPUFP500K_0190__00879__8x6b__s42__cluster_1_model_1.pdb	cbff64276381434acf392d97021823b0871997f70e148fc75b5887257ace6b2a	/data1/qlyu/projects/pvrig_top200_common4_seed_completion106_docking_results_v1_20260725/top200_seed_completion/compressed_queue/CANDIDATE_P1MCPUFP__CPUFP500K_0190__00879_8x6b_s42_267b0bdf44cd.tar.gz	/data/qlyu/projects/pvrig_top7500_dualpanel_screen_v1_20260724/run/common4_rerank_v2_20260725/final50_structure_bundle_v1_20260725/docking/archives/CANDIDATE_P1MCPUFP__CPUFP500K_0190__00879_8x6b_s42_267b0bdf44cd.tar.gz	49d26b37ba5a00caf17e461acc1908c4e132a7392d72dcd7fcd68c7b28d0d059	-67.48835000000001	STRICT_A
48		P1MCPUFP__CPUFP500K_0190__00879	8x6b	917	SUCCESS	cluster_1_model_1.pdb.gz	/data/qlyu/projects/pvrig_top7500_dualpanel_screen_v1_20260724/run/common4_rerank_v2_20260725/final50_structure_bundle_v1_20260725/docking/representative_complexes/R48__P1MCPUFP__CPUFP500K_0190__00879__8x6b__s917__cluster_1_model_1.pdb	b2d0d9eb26fc352f226fda86afd7bfee3e5ce721a0e1e0ed76ac7aeb884bdf44	/data1/qlyu/projects/pvrig_priority_top7500_dualreceptor_multiseed_docking_results_v1_20260722/top7500_25k/compressed_queue/CANDIDATE_P1MCPUFP__CPUFP500K_0190__00879_8x6b_s917_f09856e6dacc.tar.gz	/data/qlyu/projects/pvrig_top7500_dualpanel_screen_v1_20260724/run/common4_rerank_v2_20260725/final50_structure_bundle_v1_20260725/docking/archives/CANDIDATE_P1MCPUFP__CPUFP500K_0190__00879_8x6b_s917_f09856e6dacc.tar.gz	9ba50c9f7d764f2354a5990477b4acbb3c8a7f05b6d8c7226744c6b58d633432	-66.14973000000002	STRICT_A
48		P1MCPUFP__CPUFP500K_0190__00879	8x6b	1931	SUCCESS	cluster_1_model_1.pdb.gz	/data/qlyu/projects/pvrig_top7500_dualpanel_screen_v1_20260724/run/common4_rerank_v2_20260725/final50_structure_bundle_v1_20260725/docking/representative_complexes/R48__P1MCPUFP__CPUFP500K_0190__00879__8x6b__s1931__cluster_1_model_1.pdb	ca3fcfa57ff7c4278cfaa49bd02065eee2f6dfe1c9acc7d0eaa6fee307397f82	/data1/qlyu/projects/pvrig_priority_top7500_dualreceptor_multiseed_docking_results_v1_20260722/top7500_25k/compressed_queue/CANDIDATE_P1MCPUFP__CPUFP500K_0190__00879_8x6b_s1931_35cd377fc3b4.tar.gz	/data/qlyu/projects/pvrig_top7500_dualpanel_screen_v1_20260724/run/common4_rerank_v2_20260725/final50_structure_bundle_v1_20260725/docking/archives/CANDIDATE_P1MCPUFP__CPUFP500K_0190__00879_8x6b_s1931_35cd377fc3b4.tar.gz	130d98f343485f0567b65b4da788fcac3bbd0dfc2b7b54b0444590b085b77484	-58.05758	STRICT_A
48		P1MCPUFP__CPUFP500K_0190__00879	8x6b	3047	SUCCESS	cluster_1_model_1.pdb.gz	/data/qlyu/projects/pvrig_top7500_dualpanel_screen_v1_20260724/run/common4_rerank_v2_20260725/final50_structure_bundle_v1_20260725/docking/representative_complexes/R48__P1MCPUFP__CPUFP500K_0190__00879__8x6b__s3047__cluster_1_model_1.pdb	b78a6fd6ec62cfb9f87b58df583e9e3e759757784f7466b879f10ff505681f66	/data1/qlyu/projects/pvrig_top200_common4_seed_completion106_docking_results_v1_20260725/top200_seed_completion/compressed_queue/CANDIDATE_P1MCPUFP__CPUFP500K_0190__00879_8x6b_s3047_c66af3f465ec.tar.gz	/data/qlyu/projects/pvrig_top7500_dualpanel_screen_v1_20260724/run/common4_rerank_v2_20260725/final50_structure_bundle_v1_20260725/docking/archives/CANDIDATE_P1MCPUFP__CPUFP500K_0190__00879_8x6b_s3047_c66af3f465ec.tar.gz	19aafa8ca934a270db6f251217fa1c1a0b46baa11c26ef6e9db28aac9ff32ffd	-70.03420000000001	STRICT_A
48		P1MCPUFP__CPUFP500K_0190__00879	9e6y	42	SUCCESS	cluster_1_model_1.pdb.gz	/data/qlyu/projects/pvrig_top7500_dualpanel_screen_v1_20260724/run/common4_rerank_v2_20260725/final50_structure_bundle_v1_20260725/docking/representative_complexes/R48__P1MCPUFP__CPUFP500K_0190__00879__9e6y__s42__cluster_1_model_1.pdb	a654838ed4c89f5216a49816a4dbf4844108f78cab717d18b67f323430519025	/data1/qlyu/projects/pvrig_top200_common4_seed_completion106_docking_results_v1_20260725/top200_seed_completion/compressed_queue/CANDIDATE_P1MCPUFP__CPUFP500K_0190__00879_9e6y_s42_6703d73dd6ab.tar.gz	/data/qlyu/projects/pvrig_top7500_dualpanel_screen_v1_20260724/run/common4_rerank_v2_20260725/final50_structure_bundle_v1_20260725/docking/archives/CANDIDATE_P1MCPUFP__CPUFP500K_0190__00879_9e6y_s42_6703d73dd6ab.tar.gz	04c9e15f78c898121fbd8798b0466ba74c478c071f0171d520ca17ddfef3b495	-63.47252	STRICT_A
48		P1MCPUFP__CPUFP500K_0190__00879	9e6y	917	SUCCESS	cluster_1_model_1.pdb.gz	/data/qlyu/projects/pvrig_top7500_dualpanel_screen_v1_20260724/run/common4_rerank_v2_20260725/final50_structure_bundle_v1_20260725/docking/representative_complexes/R48__P1MCPUFP__CPUFP500K_0190__00879__9e6y__s917__cluster_1_model_1.pdb	c5666ebf27792da68428400a97bb71fded7534e4475a61d4661786145110322a	/data1/qlyu/projects/pvrig_priority_top7500_dualreceptor_multiseed_docking_results_v1_20260722/top7500_25k/compressed_queue/CANDIDATE_P1MCPUFP__CPUFP500K_0190__00879_9e6y_s917_47448573b8fe.tar.gz	/data/qlyu/projects/pvrig_top7500_dualpanel_screen_v1_20260724/run/common4_rerank_v2_20260725/final50_structure_bundle_v1_20260725/docking/archives/CANDIDATE_P1MCPUFP__CPUFP500K_0190__00879_9e6y_s917_47448573b8fe.tar.gz	90bda598cbe7be9c9ff10e803c321097d260ee12836f1c00e743312187661a29	-57.40388	SUPPORTED_AB
48		P1MCPUFP__CPUFP500K_0190__00879	9e6y	1931	SUCCESS	cluster_1_model_1.pdb.gz	/data/qlyu/projects/pvrig_top7500_dualpanel_screen_v1_20260724/run/common4_rerank_v2_20260725/final50_structure_bundle_v1_20260725/docking/representative_complexes/R48__P1MCPUFP__CPUFP500K_0190__00879__9e6y__s1931__cluster_1_model_1.pdb	d70d91c21d9c4c3ac8ddb6f8b09e9fffca3552c3c109018b346b377b6fc468a0	/data1/qlyu/projects/pvrig_priority_top7500_dualreceptor_multiseed_docking_results_v1_20260722/top7500_25k/compressed_queue/CANDIDATE_P1MCPUFP__CPUFP500K_0190__00879_9e6y_s1931_9659f20d469f.tar.gz	/data/qlyu/projects/pvrig_top7500_dualpanel_screen_v1_20260724/run/common4_rerank_v2_20260725/final50_structure_bundle_v1_20260725/docking/archives/CANDIDATE_P1MCPUFP__CPUFP500K_0190__00879_9e6y_s1931_9659f20d469f.tar.gz	7b82856cfb2186727766134f28ce2c032483ec150190fa09c2a0ff3866c7b88b	-54.94333	STRICT_A
48		P1MCPUFP__CPUFP500K_0190__00879	9e6y	3047	SUCCESS	cluster_1_model_1.pdb.gz	/data/qlyu/projects/pvrig_top7500_dualpanel_screen_v1_20260724/run/common4_rerank_v2_20260725/final50_structure_bundle_v1_20260725/docking/representative_complexes/R48__P1MCPUFP__CPUFP500K_0190__00879__9e6y__s3047__cluster_1_model_1.pdb	3343329b6ac1b582863d7edaca6e80af0bbf1340763705aa2585a784f8807ba2	/data1/qlyu/projects/pvrig_top200_common4_seed_completion106_docking_results_v1_20260725/top200_seed_completion/compressed_queue/CANDIDATE_P1MCPUFP__CPUFP500K_0190__00879_9e6y_s3047_8ef0f5e201cf.tar.gz	/data/qlyu/projects/pvrig_top7500_dualpanel_screen_v1_20260724/run/common4_rerank_v2_20260725/final50_structure_bundle_v1_20260725/docking/archives/CANDIDATE_P1MCPUFP__CPUFP500K_0190__00879_9e6y_s3047_8ef0f5e201cf.tar.gz	c1d62da6d21b562091e9050bfbd851e87e67c72de6ac46329aaaa6d36a8e89eb	-67.91262900000001	STRICT_A
49		P1MCPUFP__CPUFP500K_0091__00440	8x6b	42	SUCCESS	cluster_1_model_1.pdb.gz	/data/qlyu/projects/pvrig_top7500_dualpanel_screen_v1_20260724/run/common4_rerank_v2_20260725/final50_structure_bundle_v1_20260725/docking/representative_complexes/R49__P1MCPUFP__CPUFP500K_0091__00440__8x6b__s42__cluster_1_model_1.pdb	9f844d79a0033db30515cd9d7bb4165626150906313d9a8438087c5864839e5c	/data1/qlyu/projects/pvrig_top200_common4_seed_completion106_docking_results_v1_20260725/top200_seed_completion/compressed_queue/CANDIDATE_P1MCPUFP__CPUFP500K_0091__00440_8x6b_s42_d38b39428601.tar.gz	/data/qlyu/projects/pvrig_top7500_dualpanel_screen_v1_20260724/run/common4_rerank_v2_20260725/final50_structure_bundle_v1_20260725/docking/archives/CANDIDATE_P1MCPUFP__CPUFP500K_0091__00440_8x6b_s42_d38b39428601.tar.gz	a29a85ea2812e11fe3f9d9a35204f047948f29839aacdbb23cf5be6fa239e909	-50.03902000000001	STRICT_A
49		P1MCPUFP__CPUFP500K_0091__00440	8x6b	917	SUCCESS	cluster_1_model_1.pdb.gz	/data/qlyu/projects/pvrig_top7500_dualpanel_screen_v1_20260724/run/common4_rerank_v2_20260725/final50_structure_bundle_v1_20260725/docking/representative_complexes/R49__P1MCPUFP__CPUFP500K_0091__00440__8x6b__s917__cluster_1_model_1.pdb	77f3c52f55c3e829d9020afae3a4a183cd6da29e1bfe72764d837a8dc2c508ff	/data1/qlyu/projects/pvrig_priority_top7500_dualreceptor_multiseed_docking_results_v1_20260722/top7500_25k/compressed_queue/CANDIDATE_P1MCPUFP__CPUFP500K_0091__00440_8x6b_s917_ca7f28bd45b9.tar.gz	/data/qlyu/projects/pvrig_top7500_dualpanel_screen_v1_20260724/run/common4_rerank_v2_20260725/final50_structure_bundle_v1_20260725/docking/archives/CANDIDATE_P1MCPUFP__CPUFP500K_0091__00440_8x6b_s917_ca7f28bd45b9.tar.gz	e16ed22c7895074413ae21785e59e0da27f30a6f75256b569101f3c7a6cd856d	-57.643180000000015	STRICT_A
49		P1MCPUFP__CPUFP500K_0091__00440	8x6b	1931	SUCCESS	cluster_1_model_1.pdb.gz	/data/qlyu/projects/pvrig_top7500_dualpanel_screen_v1_20260724/run/common4_rerank_v2_20260725/final50_structure_bundle_v1_20260725/docking/representative_complexes/R49__P1MCPUFP__CPUFP500K_0091__00440__8x6b__s1931__cluster_1_model_1.pdb	5533397b7601e977c466bbafae405ab0e40d8cbf23b8fe9eff0b74348d0b0bdb	/data1/qlyu/projects/pvrig_priority_top7500_dualreceptor_multiseed_docking_results_v1_20260722/top7500_25k/compressed_queue/CANDIDATE_P1MCPUFP__CPUFP500K_0091__00440_8x6b_s1931_ed0fe75d55c7.tar.gz	/data/qlyu/projects/pvrig_top7500_dualpanel_screen_v1_20260724/run/common4_rerank_v2_20260725/final50_structure_bundle_v1_20260725/docking/archives/CANDIDATE_P1MCPUFP__CPUFP500K_0091__00440_8x6b_s1931_ed0fe75d55c7.tar.gz	0ceb16114b08e4cf13adfa25ce97a9849a71e28b8db10308987d11b6c05bd591	-50.281993000000014	STRICT_A
49		P1MCPUFP__CPUFP500K_0091__00440	8x6b	3047	SUCCESS	cluster_1_model_1.pdb.gz	/data/qlyu/projects/pvrig_top7500_dualpanel_screen_v1_20260724/run/common4_rerank_v2_20260725/final50_structure_bundle_v1_20260725/docking/representative_complexes/R49__P1MCPUFP__CPUFP500K_0091__00440__8x6b__s3047__cluster_1_model_1.pdb	480a326b815fe775c7b457d7fc7dd8c964acac116a6b7cf55dbe0ed5d4068aed	/data1/qlyu/projects/pvrig_top200_common4_seed_completion106_docking_results_v1_20260725/top200_seed_completion/compressed_queue/CANDIDATE_P1MCPUFP__CPUFP500K_0091__00440_8x6b_s3047_9c1effde2da9.tar.gz	/data/qlyu/projects/pvrig_top7500_dualpanel_screen_v1_20260724/run/common4_rerank_v2_20260725/final50_structure_bundle_v1_20260725/docking/archives/CANDIDATE_P1MCPUFP__CPUFP500K_0091__00440_8x6b_s3047_9c1effde2da9.tar.gz	c938c273d1b8118308f5679632535ed0349ea99c308028c0414847884134e452	-50.14286000000001	SUPPORTED_AB
49		P1MCPUFP__CPUFP500K_0091__00440	9e6y	42	SUCCESS	cluster_1_model_1.pdb.gz	/data/qlyu/projects/pvrig_top7500_dualpanel_screen_v1_20260724/run/common4_rerank_v2_20260725/final50_structure_bundle_v1_20260725/docking/representative_complexes/R49__P1MCPUFP__CPUFP500K_0091__00440__9e6y__s42__cluster_1_model_1.pdb	c0ddd0cb5f76c7d2452490010babc2075a9b2b7530afa5860232ae327e5c44aa	/data1/qlyu/projects/pvrig_top200_common4_seed_completion106_docking_results_v1_20260725/top200_seed_completion/compressed_queue/CANDIDATE_P1MCPUFP__CPUFP500K_0091__00440_9e6y_s42_06dd0f04eb4a.tar.gz	/data/qlyu/projects/pvrig_top7500_dualpanel_screen_v1_20260724/run/common4_rerank_v2_20260725/final50_structure_bundle_v1_20260725/docking/archives/CANDIDATE_P1MCPUFP__CPUFP500K_0091__00440_9e6y_s42_06dd0f04eb4a.tar.gz	b17484bb79786eb793c5bb8cc30de6127e6cc40ba279819093a329e0f9ee66f7	-56.839355999999995	STRICT_A
49		P1MCPUFP__CPUFP500K_0091__00440	9e6y	917	SUCCESS	cluster_1_model_1.pdb.gz	/data/qlyu/projects/pvrig_top7500_dualpanel_screen_v1_20260724/run/common4_rerank_v2_20260725/final50_structure_bundle_v1_20260725/docking/representative_complexes/R49__P1MCPUFP__CPUFP500K_0091__00440__9e6y__s917__cluster_1_model_1.pdb	8265bfa3325d472cc952089fdcda216c9b5d2f6c7c1477ca261542928fc1343c	/data1/qlyu/projects/pvrig_priority_top7500_dualreceptor_multiseed_docking_results_v1_20260722/top7500_25k/compressed_queue/CANDIDATE_P1MCPUFP__CPUFP500K_0091__00440_9e6y_s917_eb849fbf3407.tar.gz	/data/qlyu/projects/pvrig_top7500_dualpanel_screen_v1_20260724/run/common4_rerank_v2_20260725/final50_structure_bundle_v1_20260725/docking/archives/CANDIDATE_P1MCPUFP__CPUFP500K_0091__00440_9e6y_s917_eb849fbf3407.tar.gz	8b7c926cf7b2f3f95ad031514072402747ae70faeafbf545428666905a90631c	-39.58089300000002	STRICT_A
49		P1MCPUFP__CPUFP500K_0091__00440	9e6y	1931	SUCCESS	cluster_1_model_1.pdb.gz	/data/qlyu/projects/pvrig_top7500_dualpanel_screen_v1_20260724/run/common4_rerank_v2_20260725/final50_structure_bundle_v1_20260725/docking/representative_complexes/R49__P1MCPUFP__CPUFP500K_0091__00440__9e6y__s1931__cluster_1_model_1.pdb	a861c5683a6fc806a5b723af6fb9096d50f055dcfd1b2af0c6b723e06cf8c2ce	/data1/qlyu/projects/pvrig_priority_top7500_dualreceptor_multiseed_docking_results_v1_20260722/top7500_25k/compressed_queue/CANDIDATE_P1MCPUFP__CPUFP500K_0091__00440_9e6y_s1931_321f1a9a422b.tar.gz	/data/qlyu/projects/pvrig_top7500_dualpanel_screen_v1_20260724/run/common4_rerank_v2_20260725/final50_structure_bundle_v1_20260725/docking/archives/CANDIDATE_P1MCPUFP__CPUFP500K_0091__00440_9e6y_s1931_321f1a9a422b.tar.gz	080f65499ad5ae3f9e441b8b85b653168a1bb2b365b20ba89be1f129fe4bdc0f	-50.52602999999999	STRICT_A
49		P1MCPUFP__CPUFP500K_0091__00440	9e6y	3047	SUCCESS	cluster_1_model_1.pdb.gz	/data/qlyu/projects/pvrig_top7500_dualpanel_screen_v1_20260724/run/common4_rerank_v2_20260725/final50_structure_bundle_v1_20260725/docking/representative_complexes/R49__P1MCPUFP__CPUFP500K_0091__00440__9e6y__s3047__cluster_1_model_1.pdb	fd5bee43b1538ed262b5570033d376042809093c489cb89036191fe1b777851a	/data1/qlyu/projects/pvrig_top200_common4_seed_completion106_docking_results_v1_20260725/top200_seed_completion/compressed_queue/CANDIDATE_P1MCPUFP__CPUFP500K_0091__00440_9e6y_s3047_b119349ea826.tar.gz	/data/qlyu/projects/pvrig_top7500_dualpanel_screen_v1_20260724/run/common4_rerank_v2_20260725/final50_structure_bundle_v1_20260725/docking/archives/CANDIDATE_P1MCPUFP__CPUFP500K_0091__00440_9e6y_s3047_b119349ea826.tar.gz	b03ba667693ca683a59644ef1930a3cf1c8cedf94c47e19282fa97bbeb3c871f	-56.1102	STRICT_A
50		P1MCPUFP__CPUFP500K_0133__00282	8x6b	42	SUCCESS	cluster_1_model_1.pdb.gz	/data/qlyu/projects/pvrig_top7500_dualpanel_screen_v1_20260724/run/common4_rerank_v2_20260725/final50_structure_bundle_v1_20260725/docking/representative_complexes/R50__P1MCPUFP__CPUFP500K_0133__00282__8x6b__s42__cluster_1_model_1.pdb	91a14a292a29e6e4bd6c298c3d9bcff970d8918e0c51aeb6e85dd59fcbca372f	/data1/qlyu/projects/pvrig_top200_common4_seed_completion106_docking_results_v1_20260725/top200_seed_completion/compressed_queue/CANDIDATE_P1MCPUFP__CPUFP500K_0133__00282_8x6b_s42_49e018654ff6.tar.gz	/data/qlyu/projects/pvrig_top7500_dualpanel_screen_v1_20260724/run/common4_rerank_v2_20260725/final50_structure_bundle_v1_20260725/docking/archives/CANDIDATE_P1MCPUFP__CPUFP500K_0133__00282_8x6b_s42_49e018654ff6.tar.gz	b4a4ae3cc7a0668a07f44bdeac62a4f8ecfbd91b2ddf641fd5194b2bc70c9d8e	-54.17894	STRICT_A
50		P1MCPUFP__CPUFP500K_0133__00282	8x6b	917	SUCCESS	cluster_1_model_1.pdb.gz	/data/qlyu/projects/pvrig_top7500_dualpanel_screen_v1_20260724/run/common4_rerank_v2_20260725/final50_structure_bundle_v1_20260725/docking/representative_complexes/R50__P1MCPUFP__CPUFP500K_0133__00282__8x6b__s917__cluster_1_model_1.pdb	4f0ca8b7c3218440a38335ca7c1d65b80cfa24abae082a369c4571ccaba425be	/data1/qlyu/projects/pvrig_priority_top7500_dualreceptor_multiseed_docking_results_v1_20260722/top7500_25k/compressed_queue/CANDIDATE_P1MCPUFP__CPUFP500K_0133__00282_8x6b_s917_afdf696d51a3.tar.gz	/data/qlyu/projects/pvrig_top7500_dualpanel_screen_v1_20260724/run/common4_rerank_v2_20260725/final50_structure_bundle_v1_20260725/docking/archives/CANDIDATE_P1MCPUFP__CPUFP500K_0133__00282_8x6b_s917_afdf696d51a3.tar.gz	7989387d1f75e6c5389c98c8daf2e34d4f7ae275275776a4df34bf30132604d3	-67.22498000000002	STRICT_A
50		P1MCPUFP__CPUFP500K_0133__00282	8x6b	1931	SUCCESS	cluster_1_model_1.pdb.gz	/data/qlyu/projects/pvrig_top7500_dualpanel_screen_v1_20260724/run/common4_rerank_v2_20260725/final50_structure_bundle_v1_20260725/docking/representative_complexes/R50__P1MCPUFP__CPUFP500K_0133__00282__8x6b__s1931__cluster_1_model_1.pdb	468856c19c1722cef2d486556146afd3ed214de1cb2ca8049feb011434755d67	/data1/qlyu/projects/pvrig_priority_top7500_dualreceptor_multiseed_docking_results_v1_20260722/top7500_25k/compressed_queue/CANDIDATE_P1MCPUFP__CPUFP500K_0133__00282_8x6b_s1931_8213df204cb2.tar.gz	/data/qlyu/projects/pvrig_top7500_dualpanel_screen_v1_20260724/run/common4_rerank_v2_20260725/final50_structure_bundle_v1_20260725/docking/archives/CANDIDATE_P1MCPUFP__CPUFP500K_0133__00282_8x6b_s1931_8213df204cb2.tar.gz	70e5e87b1096c5013e5a0c4529384e11db8681eb70d735704fe4dc82fc0ab52c	-72.4439	STRICT_A
50		P1MCPUFP__CPUFP500K_0133__00282	8x6b	3047	SUCCESS	cluster_1_model_1.pdb.gz	/data/qlyu/projects/pvrig_top7500_dualpanel_screen_v1_20260724/run/common4_rerank_v2_20260725/final50_structure_bundle_v1_20260725/docking/representative_complexes/R50__P1MCPUFP__CPUFP500K_0133__00282__8x6b__s3047__cluster_1_model_1.pdb	281368a617d4692ecff60098a604d50135b5c2ce80a3043ba1cfb59cc72d6ace	/data1/qlyu/projects/pvrig_top200_common4_seed_completion106_docking_results_v1_20260725/top200_seed_completion/compressed_queue/CANDIDATE_P1MCPUFP__CPUFP500K_0133__00282_8x6b_s3047_c5fec020c757.tar.gz	/data/qlyu/projects/pvrig_top7500_dualpanel_screen_v1_20260724/run/common4_rerank_v2_20260725/final50_structure_bundle_v1_20260725/docking/archives/CANDIDATE_P1MCPUFP__CPUFP500K_0133__00282_8x6b_s3047_c5fec020c757.tar.gz	e3703e0de0f804458c972005e6dd0ad4d24f6b86771cea86b901dce33fcea027	-74.3828	STRICT_A
50		P1MCPUFP__CPUFP500K_0133__00282	9e6y	42	SUCCESS	cluster_1_model_1.pdb.gz	/data/qlyu/projects/pvrig_top7500_dualpanel_screen_v1_20260724/run/common4_rerank_v2_20260725/final50_structure_bundle_v1_20260725/docking/representative_complexes/R50__P1MCPUFP__CPUFP500K_0133__00282__9e6y__s42__cluster_1_model_1.pdb	7665590c988b0d2f2eccc3babf9bcdb7c2e532481d2f6550d63863a869d86fe8	/data1/qlyu/projects/pvrig_top200_common4_seed_completion106_docking_results_v1_20260725/top200_seed_completion/compressed_queue/CANDIDATE_P1MCPUFP__CPUFP500K_0133__00282_9e6y_s42_0f7f57ba8a0d.tar.gz	/data/qlyu/projects/pvrig_top7500_dualpanel_screen_v1_20260724/run/common4_rerank_v2_20260725/final50_structure_bundle_v1_20260725/docking/archives/CANDIDATE_P1MCPUFP__CPUFP500K_0133__00282_9e6y_s42_0f7f57ba8a0d.tar.gz	77706fb0f77324324b648a985186f0827cb9eae26f74f64d231c5e536795f9a3	-60.907799999999995	SUPPORTED_AB
50		P1MCPUFP__CPUFP500K_0133__00282	9e6y	917	SUCCESS	cluster_1_model_1.pdb.gz	/data/qlyu/projects/pvrig_top7500_dualpanel_screen_v1_20260724/run/common4_rerank_v2_20260725/final50_structure_bundle_v1_20260725/docking/representative_complexes/R50__P1MCPUFP__CPUFP500K_0133__00282__9e6y__s917__cluster_1_model_1.pdb	22ec750498f2f72ee2ffce9d3eb65db0eff3745a2080a37d1472dd66a18c36af	/data1/qlyu/projects/pvrig_priority_top7500_dualreceptor_multiseed_docking_results_v1_20260722/top7500_25k/compressed_queue/CANDIDATE_P1MCPUFP__CPUFP500K_0133__00282_9e6y_s917_dbbe9c964cb5.tar.gz	/data/qlyu/projects/pvrig_top7500_dualpanel_screen_v1_20260724/run/common4_rerank_v2_20260725/final50_structure_bundle_v1_20260725/docking/archives/CANDIDATE_P1MCPUFP__CPUFP500K_0133__00282_9e6y_s917_dbbe9c964cb5.tar.gz	80269ea2e94b74f148d1fe0053c125029d34dfe2aa70dcc53b2d01f0b33f18e1	-57.86078999999999	STRICT_A
50		P1MCPUFP__CPUFP500K_0133__00282	9e6y	1931	SUCCESS	cluster_1_model_1.pdb.gz	/data/qlyu/projects/pvrig_top7500_dualpanel_screen_v1_20260724/run/common4_rerank_v2_20260725/final50_structure_bundle_v1_20260725/docking/representative_complexes/R50__P1MCPUFP__CPUFP500K_0133__00282__9e6y__s1931__cluster_1_model_1.pdb	feb43936620617a24b4bf6154c6d6b542868c2759fb8c01b7396898fb01ce823	/data1/qlyu/projects/pvrig_priority_top7500_dualreceptor_multiseed_docking_results_v1_20260722/top7500_25k/compressed_queue/CANDIDATE_P1MCPUFP__CPUFP500K_0133__00282_9e6y_s1931_f790630e14ad.tar.gz	/data/qlyu/projects/pvrig_top7500_dualpanel_screen_v1_20260724/run/common4_rerank_v2_20260725/final50_structure_bundle_v1_20260725/docking/archives/CANDIDATE_P1MCPUFP__CPUFP500K_0133__00282_9e6y_s1931_f790630e14ad.tar.gz	7539858eb179b4431b7ef8c2cc53d1b21493c678ba35556cf5f909c4123b20da	-63.2072	STRICT_A
50		P1MCPUFP__CPUFP500K_0133__00282	9e6y	3047	SUCCESS	cluster_1_model_1.pdb.gz	/data/qlyu/projects/pvrig_top7500_dualpanel_screen_v1_20260724/run/common4_rerank_v2_20260725/final50_structure_bundle_v1_20260725/docking/representative_complexes/R50__P1MCPUFP__CPUFP500K_0133__00282__9e6y__s3047__cluster_1_model_1.pdb	b08fe995b15f1c5c65c00ac2baaf837fcad7a63eea260e8a27c01fabdf4d1330	/data1/qlyu/projects/pvrig_top200_common4_seed_completion106_docking_results_v1_20260725/top200_seed_completion/compressed_queue/CANDIDATE_P1MCPUFP__CPUFP500K_0133__00282_9e6y_s3047_777d0f8e20f3.tar.gz	/data/qlyu/projects/pvrig_top7500_dualpanel_screen_v1_20260724/run/common4_rerank_v2_20260725/final50_structure_bundle_v1_20260725/docking/archives/CANDIDATE_P1MCPUFP__CPUFP500K_0133__00282_9e6y_s3047_777d0f8e20f3.tar.gz	ea5115d144ce6b07d4356591105f9ba46397acc2f87fb12e607dd3237feae663	-62.04048	STRICT_A
