model,baseline,haddock_rank,haddock_score,hotspot_overlap_count,align_rmsd_A,total_vhh_pvrl2_atom_occlusion,total_vhh_pvrl2_residue_pair_occlusion,total_vhh_pvrl2_atom_clash,total_vhh_pvrl2_residue_pair_clash,cdr3_atom_occlusion,cdr3_atom_occlusion_fraction,cdr3_residue_pair_occlusion,cdr3_residue_pair_occlusion_fraction,cdr3_atom_clash,cdr3_residue_pair_clash,cdr3_vhh_residue_count,cdr3_pvrl2_residue_count,cdr12_atom_occlusion,cdr12_residue_pair_occlusion,framework_atom_occlusion,framework_residue_pair_occlusion,framework_residue_pair_occlusion_fraction
cluster_1_model_1,9e6y,1,,11,0.681,8690,706,1539,262,1951,0.2245109321058688,131,0.18555240793201133,353,56,12,47,1108,78,5631,497,0.7039660056657224
cluster_1_model_2,9e6y,2,,13,0.596,8026,664,1567,236,1942,0.24196361824071766,137,0.2063253012048193,402,54,12,47,1015,72,5069,455,0.6852409638554217
cluster_1_model_3,9e6y,3,,10,0.513,7534,616,1330,213,1968,0.2612158216087072,136,0.22077922077922077,345,53,12,48,921,64,4645,416,0.6753246753246753
cluster_1_model_4,9e6y,4,,12,0.663,9204,761,1672,288,1949,0.21175575836592786,136,0.17871222076215507,348,58,12,48,1311,92,5944,533,0.7003942181340341
cluster_2_model_1,9e6y,5,,11,0.617,7686,642,1372,221,1149,0.14949258391881343,85,0.13239875389408098,243,29,12,25,1259,105,5278,452,0.7040498442367601
cluster_3_model_1,9e6y,6,,7,0.631,8206,684,1486,263,1805,0.21996100414330977,136,0.19883040935672514,315,51,12,44,1261,94,5140,454,0.6637426900584795
cluster_4_model_1,9e6y,7,,11,0.528,8689,689,1555,263,1391,0.16008746691218784,91,0.1320754716981132,261,38,12,32,1945,146,5353,452,0.6560232220609579
