candidate_id	final_rank	source_cohort	route	conformation	seed	pdb_path	chain_identity_proxy	c_terminal_residue_sasa_a2	c_terminal_target_min_distance_a	c_terminal_target_contact_4p5a	exit_ray_35a_target_min_perpendicular_distance_a	exit_ray_target_atom_hits_3p5a	exit_ray_severe_crossing_2a	sequence_cys_count	paired_cys_residue_count	unpaired_cys_residue_count	exposed_unpaired_cys_residue_count	minimum_sg_pair_distance_a	vhh_c_terminal_tail_10aa	tail_hydrophobic_count	tail_max_hydrophobic_run
P1MCPUFP__CPUFP500K_0288__00659	1	existing_old_new7500_top200	c2_four_seed	8x6b	42	/data/qlyu/projects/pvrig_top7500_dualpanel_screen_v1_20260724/run/qc397_final50_fusion_developability_v1_20260726/final50_common4_bundle/representative_complexes/R01__P1MCPUFP__CPUFP500K_0288__00659__8x6b__s42.pdb	1.000000	125.956754	35.019465	False		0	False	2	2	0	0	2.030969	GQGTMVTVSS	3	2
P1MCPUFP__CPUFP500K_0288__00659	1	existing_old_new7500_top200	c2_four_seed	9e6y	42	/data/qlyu/projects/pvrig_top7500_dualpanel_screen_v1_20260724/run/qc397_final50_fusion_developability_v1_20260726/final50_common4_bundle/representative_complexes/R01__P1MCPUFP__CPUFP500K_0288__00659__9e6y__s42.pdb	1.000000	131.397992	35.247747	False		0	False	2	2	0	0	2.033820	GQGTMVTVSS	3	2
P1MCPUFP__CPUFP500K_0288__00659	1	existing_old_new7500_top200	c2_four_seed	8x6b	917	/data/qlyu/projects/pvrig_top7500_dualpanel_screen_v1_20260724/run/qc397_final50_fusion_developability_v1_20260726/final50_common4_bundle/representative_complexes/R01__P1MCPUFP__CPUFP500K_0288__00659__8x6b__s917.pdb	1.000000	128.280360	35.077989	False		0	False	2	2	0	0	2.030220	GQGTMVTVSS	3	2
P1MCPUFP__CPUFP500K_0288__00659	1	existing_old_new7500_top200	c2_four_seed	9e6y	917	/data/qlyu/projects/pvrig_top7500_dualpanel_screen_v1_20260724/run/qc397_final50_fusion_developability_v1_20260726/final50_common4_bundle/representative_complexes/R01__P1MCPUFP__CPUFP500K_0288__00659__9e6y__s917.pdb	1.000000	120.826407	35.078105	False		0	False	2	2	0	0	2.031277	GQGTMVTVSS	3	2
P1MCPUFP__CPUFP500K_0288__00659	1	existing_old_new7500_top200	c2_four_seed	8x6b	1931	/data/qlyu/projects/pvrig_top7500_dualpanel_screen_v1_20260724/run/qc397_final50_fusion_developability_v1_20260726/final50_common4_bundle/representative_complexes/R01__P1MCPUFP__CPUFP500K_0288__00659__8x6b__s1931.pdb	1.000000	123.579029	36.672740	False		0	False	2	2	0	0	2.031014	GQGTMVTVSS	3	2
P1MCPUFP__CPUFP500K_0288__00659	1	existing_old_new7500_top200	c2_four_seed	9e6y	1931	/data/qlyu/projects/pvrig_top7500_dualpanel_screen_v1_20260724/run/qc397_final50_fusion_developability_v1_20260726/final50_common4_bundle/representative_complexes/R01__P1MCPUFP__CPUFP500K_0288__00659__9e6y__s1931.pdb	1.000000	128.877262	36.277898	False		0	False	2	2	0	0	2.031501	GQGTMVTVSS	3	2
P1MCPUFP__CPUFP500K_0288__00659	1	existing_old_new7500_top200	c2_four_seed	8x6b	3047	/data/qlyu/projects/pvrig_top7500_dualpanel_screen_v1_20260724/run/qc397_final50_fusion_developability_v1_20260726/final50_common4_bundle/representative_complexes/R01__P1MCPUFP__CPUFP500K_0288__00659__8x6b__s3047.pdb	1.000000	130.352135	35.106576	False		0	False	2	2	0	0	2.033001	GQGTMVTVSS	3	2
P1MCPUFP__CPUFP500K_0288__00659	1	existing_old_new7500_top200	c2_four_seed	9e6y	3047	/data/qlyu/projects/pvrig_top7500_dualpanel_screen_v1_20260724/run/qc397_final50_fusion_developability_v1_20260726/final50_common4_bundle/representative_complexes/R01__P1MCPUFP__CPUFP500K_0288__00659__9e6y__s3047.pdb	1.000000	129.222335	38.851761	False		0	False	2	2	0	0	2.031288	GQGTMVTVSS	3	2
NODE1GEN_112448_source_rfantibody_source_id_PVRIG_RFAb_v2_P5_qkg_L_bb355_mpn01_arm_P5_qkg_L_backbone_P5_qkg_L_bb355_status_NEEDS_RF2_AND_DOCKING	2	generated_top3000	rfantibody	8x6b	42	/data/qlyu/projects/pvrig_top7500_dualpanel_screen_v1_20260724/run/qc397_final50_fusion_developability_v1_20260726/final50_common4_bundle/representative_complexes/R02__NODE1GEN_112448__8x6b__s42.pdb	1.000000	133.679647	35.704060	False		0	False	2	2	0	0	2.031906	GQGTLVTVSS	3	2
NODE1GEN_112448_source_rfantibody_source_id_PVRIG_RFAb_v2_P5_qkg_L_bb355_mpn01_arm_P5_qkg_L_backbone_P5_qkg_L_bb355_status_NEEDS_RF2_AND_DOCKING	2	generated_top3000	rfantibody	9e6y	42	/data/qlyu/projects/pvrig_top7500_dualpanel_screen_v1_20260724/run/qc397_final50_fusion_developability_v1_20260726/final50_common4_bundle/representative_complexes/R02__NODE1GEN_112448__9e6y__s42.pdb	1.000000	139.485897	32.659493	False	40.615072	0	False	2	2	0	0	2.031370	GQGTLVTVSS	3	2
NODE1GEN_112448_source_rfantibody_source_id_PVRIG_RFAb_v2_P5_qkg_L_bb355_mpn01_arm_P5_qkg_L_backbone_P5_qkg_L_bb355_status_NEEDS_RF2_AND_DOCKING	2	generated_top3000	rfantibody	8x6b	917	/data/qlyu/projects/pvrig_top7500_dualpanel_screen_v1_20260724/run/qc397_final50_fusion_developability_v1_20260726/final50_common4_bundle/representative_complexes/R02__NODE1GEN_112448__8x6b__s917.pdb	1.000000	138.181152	33.685681	False	52.531906	0	False	2	2	0	0	2.032805	GQGTLVTVSS	3	2
NODE1GEN_112448_source_rfantibody_source_id_PVRIG_RFAb_v2_P5_qkg_L_bb355_mpn01_arm_P5_qkg_L_backbone_P5_qkg_L_bb355_status_NEEDS_RF2_AND_DOCKING	2	generated_top3000	rfantibody	9e6y	917	/data/qlyu/projects/pvrig_top7500_dualpanel_screen_v1_20260724/run/qc397_final50_fusion_developability_v1_20260726/final50_common4_bundle/representative_complexes/R02__NODE1GEN_112448__9e6y__s917.pdb	1.000000	137.478126	34.040948	False		0	False	2	2	0	0	2.031867	GQGTLVTVSS	3	2
NODE1GEN_112448_source_rfantibody_source_id_PVRIG_RFAb_v2_P5_qkg_L_bb355_mpn01_arm_P5_qkg_L_backbone_P5_qkg_L_bb355_status_NEEDS_RF2_AND_DOCKING	2	generated_top3000	rfantibody	8x6b	1931	/data/qlyu/projects/pvrig_top7500_dualpanel_screen_v1_20260724/run/qc397_final50_fusion_developability_v1_20260726/final50_common4_bundle/representative_complexes/R02__NODE1GEN_112448__8x6b__s1931.pdb	1.000000	135.011515	31.490279	False		0	False	2	2	0	0	2.031881	GQGTLVTVSS	3	2
NODE1GEN_112448_source_rfantibody_source_id_PVRIG_RFAb_v2_P5_qkg_L_bb355_mpn01_arm_P5_qkg_L_backbone_P5_qkg_L_bb355_status_NEEDS_RF2_AND_DOCKING	2	generated_top3000	rfantibody	9e6y	1931	/data/qlyu/projects/pvrig_top7500_dualpanel_screen_v1_20260724/run/qc397_final50_fusion_developability_v1_20260726/final50_common4_bundle/representative_complexes/R02__NODE1GEN_112448__9e6y__s1931.pdb	1.000000	137.811198	35.197328	False		0	False	2	2	0	0	2.032670	GQGTLVTVSS	3	2
NODE1GEN_112448_source_rfantibody_source_id_PVRIG_RFAb_v2_P5_qkg_L_bb355_mpn01_arm_P5_qkg_L_backbone_P5_qkg_L_bb355_status_NEEDS_RF2_AND_DOCKING	2	generated_top3000	rfantibody	8x6b	3047	/data/qlyu/projects/pvrig_top7500_dualpanel_screen_v1_20260724/run/qc397_final50_fusion_developability_v1_20260726/final50_common4_bundle/representative_complexes/R02__NODE1GEN_112448__8x6b__s3047.pdb	1.000000	146.776905	34.663013	False		0	False	2	2	0	0	2.031931	GQGTLVTVSS	3	2
NODE1GEN_112448_source_rfantibody_source_id_PVRIG_RFAb_v2_P5_qkg_L_bb355_mpn01_arm_P5_qkg_L_backbone_P5_qkg_L_bb355_status_NEEDS_RF2_AND_DOCKING	2	generated_top3000	rfantibody	9e6y	3047	/data/qlyu/projects/pvrig_top7500_dualpanel_screen_v1_20260724/run/qc397_final50_fusion_developability_v1_20260726/final50_common4_bundle/representative_complexes/R02__NODE1GEN_112448__9e6y__s3047.pdb	1.000000	139.120886	33.638296	False		0	False	2	2	0	0	2.031538	GQGTLVTVSS	3	2
NODE1GEN_229102_source_fixed_pose_mpnn_source_id_P500K__FIXED_POSE_MPNN__2F90E7DCCA05F9E4	3	generated_top3000	fixed_pose_mpnn	8x6b	42	/data/qlyu/projects/pvrig_top7500_dualpanel_screen_v1_20260724/run/qc397_final50_fusion_developability_v1_20260726/final50_common4_bundle/representative_complexes/R03__NODE1GEN_229102_source_fixed_pose_mpnn_source_id_P500K__FIXED_POSE_MPNN__2F90E7DCCA05F9E4__8x6b__s42.pdb	1.000000	125.571972	36.550285	False	50.548276	0	False	2	2	0	0	2.031423	GQGTMVTVSS	3	2
NODE1GEN_229102_source_fixed_pose_mpnn_source_id_P500K__FIXED_POSE_MPNN__2F90E7DCCA05F9E4	3	generated_top3000	fixed_pose_mpnn	9e6y	42	/data/qlyu/projects/pvrig_top7500_dualpanel_screen_v1_20260724/run/qc397_final50_fusion_developability_v1_20260726/final50_common4_bundle/representative_complexes/R03__NODE1GEN_229102_source_fixed_pose_mpnn_source_id_P500K__FIXED_POSE_MPNN__2F90E7DCCA05F9E4__9e6y__s42.pdb	1.000000	128.869492	36.829782	False	41.075098	0	False	2	2	0	0	2.030709	GQGTMVTVSS	3	2
NODE1GEN_229102_source_fixed_pose_mpnn_source_id_P500K__FIXED_POSE_MPNN__2F90E7DCCA05F9E4	3	generated_top3000	fixed_pose_mpnn	8x6b	917	/data/qlyu/projects/pvrig_top7500_dualpanel_screen_v1_20260724/run/qc397_final50_fusion_developability_v1_20260726/final50_common4_bundle/representative_complexes/R03__NODE1GEN_229102_source_fixed_pose_mpnn_source_id_P500K__FIXED_POSE_MPNN__2F90E7DCCA05F9E4__8x6b__s917.pdb	1.000000	125.202018	34.141897	False	51.937736	0	False	2	2	0	0	2.030301	GQGTMVTVSS	3	2
NODE1GEN_229102_source_fixed_pose_mpnn_source_id_P500K__FIXED_POSE_MPNN__2F90E7DCCA05F9E4	3	generated_top3000	fixed_pose_mpnn	9e6y	917	/data/qlyu/projects/pvrig_top7500_dualpanel_screen_v1_20260724/run/qc397_final50_fusion_developability_v1_20260726/final50_common4_bundle/representative_complexes/R03__NODE1GEN_229102_source_fixed_pose_mpnn_source_id_P500K__FIXED_POSE_MPNN__2F90E7DCCA05F9E4__9e6y__s917.pdb	1.000000	122.735407	35.947050	False	44.749456	0	False	2	2	0	0	2.030730	GQGTMVTVSS	3	2
NODE1GEN_229102_source_fixed_pose_mpnn_source_id_P500K__FIXED_POSE_MPNN__2F90E7DCCA05F9E4	3	generated_top3000	fixed_pose_mpnn	8x6b	1931	/data/qlyu/projects/pvrig_top7500_dualpanel_screen_v1_20260724/run/qc397_final50_fusion_developability_v1_20260726/final50_common4_bundle/representative_complexes/R03__NODE1GEN_229102_source_fixed_pose_mpnn_source_id_P500K__FIXED_POSE_MPNN__2F90E7DCCA05F9E4__8x6b__s1931.pdb	1.000000	123.416253	37.089738	False		0	False	2	2	0	0	2.030563	GQGTMVTVSS	3	2
NODE1GEN_229102_source_fixed_pose_mpnn_source_id_P500K__FIXED_POSE_MPNN__2F90E7DCCA05F9E4	3	generated_top3000	fixed_pose_mpnn	9e6y	1931	/data/qlyu/projects/pvrig_top7500_dualpanel_screen_v1_20260724/run/qc397_final50_fusion_developability_v1_20260726/final50_common4_bundle/representative_complexes/R03__NODE1GEN_229102_source_fixed_pose_mpnn_source_id_P500K__FIXED_POSE_MPNN__2F90E7DCCA05F9E4__9e6y__s1931.pdb	1.000000	122.903293	37.154850	False		0	False	2	2	0	0	2.029186	GQGTMVTVSS	3	2
NODE1GEN_229102_source_fixed_pose_mpnn_source_id_P500K__FIXED_POSE_MPNN__2F90E7DCCA05F9E4	3	generated_top3000	fixed_pose_mpnn	8x6b	3047	/data/qlyu/projects/pvrig_top7500_dualpanel_screen_v1_20260724/run/qc397_final50_fusion_developability_v1_20260726/final50_common4_bundle/representative_complexes/R03__NODE1GEN_229102_source_fixed_pose_mpnn_source_id_P500K__FIXED_POSE_MPNN__2F90E7DCCA05F9E4__8x6b__s3047.pdb	1.000000	132.281073	33.702621	False		0	False	2	2	0	0	2.030337	GQGTMVTVSS	3	2
NODE1GEN_229102_source_fixed_pose_mpnn_source_id_P500K__FIXED_POSE_MPNN__2F90E7DCCA05F9E4	3	generated_top3000	fixed_pose_mpnn	9e6y	3047	/data/qlyu/projects/pvrig_top7500_dualpanel_screen_v1_20260724/run/qc397_final50_fusion_developability_v1_20260726/final50_common4_bundle/representative_complexes/R03__NODE1GEN_229102_source_fixed_pose_mpnn_source_id_P500K__FIXED_POSE_MPNN__2F90E7DCCA05F9E4__9e6y__s3047.pdb	1.000000	123.046299	37.137479	False		0	False	2	2	0	0	2.030055	GQGTMVTVSS	3	2
P1MCPUFP__CPUFP500K_0188__00519	4	existing_old_new7500_top200	c2_four_seed	8x6b	42	/data/qlyu/projects/pvrig_top7500_dualpanel_screen_v1_20260724/run/qc397_final50_fusion_developability_v1_20260726/final50_common4_bundle/representative_complexes/R04__P1MCPUFP__CPUFP500K_0188__00519__8x6b__s42.pdb	1.000000	122.178214	36.803504	False		0	False	2	2	0	0	2.029848	GQGTMVTVSS	3	2
P1MCPUFP__CPUFP500K_0188__00519	4	existing_old_new7500_top200	c2_four_seed	9e6y	42	/data/qlyu/projects/pvrig_top7500_dualpanel_screen_v1_20260724/run/qc397_final50_fusion_developability_v1_20260726/final50_common4_bundle/representative_complexes/R04__P1MCPUFP__CPUFP500K_0188__00519__9e6y__s42.pdb	1.000000	119.573540	28.715816	False		0	False	2	2	0	0	2.029622	GQGTMVTVSS	3	2
P1MCPUFP__CPUFP500K_0188__00519	4	existing_old_new7500_top200	c2_four_seed	8x6b	917	/data/qlyu/projects/pvrig_top7500_dualpanel_screen_v1_20260724/run/qc397_final50_fusion_developability_v1_20260726/final50_common4_bundle/representative_complexes/R04__P1MCPUFP__CPUFP500K_0188__00519__8x6b__s917.pdb	1.000000	127.096607	37.738122	False		0	False	2	2	0	0	2.030622	GQGTMVTVSS	3	2
P1MCPUFP__CPUFP500K_0188__00519	4	existing_old_new7500_top200	c2_four_seed	9e6y	917	/data/qlyu/projects/pvrig_top7500_dualpanel_screen_v1_20260724/run/qc397_final50_fusion_developability_v1_20260726/final50_common4_bundle/representative_complexes/R04__P1MCPUFP__CPUFP500K_0188__00519__9e6y__s917.pdb	1.000000	128.285470	32.063565	False		0	False	2	2	0	0	2.030332	GQGTMVTVSS	3	2
P1MCPUFP__CPUFP500K_0188__00519	4	existing_old_new7500_top200	c2_four_seed	8x6b	1931	/data/qlyu/projects/pvrig_top7500_dualpanel_screen_v1_20260724/run/qc397_final50_fusion_developability_v1_20260726/final50_common4_bundle/representative_complexes/R04__P1MCPUFP__CPUFP500K_0188__00519__8x6b__s1931.pdb	1.000000	117.397883	30.970966	False		0	False	2	2	0	0	2.031989	GQGTMVTVSS	3	2
P1MCPUFP__CPUFP500K_0188__00519	4	existing_old_new7500_top200	c2_four_seed	9e6y	1931	/data/qlyu/projects/pvrig_top7500_dualpanel_screen_v1_20260724/run/qc397_final50_fusion_developability_v1_20260726/final50_common4_bundle/representative_complexes/R04__P1MCPUFP__CPUFP500K_0188__00519__9e6y__s1931.pdb	1.000000	135.601360	30.038968	False		0	False	2	2	0	0	2.030635	GQGTMVTVSS	3	2
P1MCPUFP__CPUFP500K_0188__00519	4	existing_old_new7500_top200	c2_four_seed	8x6b	3047	/data/qlyu/projects/pvrig_top7500_dualpanel_screen_v1_20260724/run/qc397_final50_fusion_developability_v1_20260726/final50_common4_bundle/representative_complexes/R04__P1MCPUFP__CPUFP500K_0188__00519__8x6b__s3047.pdb	1.000000	134.397376	37.947928	False		0	False	2	2	0	0	2.029698	GQGTMVTVSS	3	2
P1MCPUFP__CPUFP500K_0188__00519	4	existing_old_new7500_top200	c2_four_seed	9e6y	3047	/data/qlyu/projects/pvrig_top7500_dualpanel_screen_v1_20260724/run/qc397_final50_fusion_developability_v1_20260726/final50_common4_bundle/representative_complexes/R04__P1MCPUFP__CPUFP500K_0188__00519__9e6y__s3047.pdb	1.000000	140.874711	31.986056	False		0	False	2	2	0	0	2.030021	GQGTMVTVSS	3	2
P1MCPUFP__CPUFP500K_0100__00092	5	existing_old_new7500_top200	c2_four_seed	8x6b	42	/data/qlyu/projects/pvrig_top7500_dualpanel_screen_v1_20260724/run/qc397_final50_fusion_developability_v1_20260726/final50_common4_bundle/representative_complexes/R05__P1MCPUFP__CPUFP500K_0100__00092__8x6b__s42.pdb	1.000000	124.718883	36.943482	False		0	False	2	2	0	0	2.031444	GQGTQVTVSS	2	1
P1MCPUFP__CPUFP500K_0100__00092	5	existing_old_new7500_top200	c2_four_seed	9e6y	42	/data/qlyu/projects/pvrig_top7500_dualpanel_screen_v1_20260724/run/qc397_final50_fusion_developability_v1_20260726/final50_common4_bundle/representative_complexes/R05__P1MCPUFP__CPUFP500K_0100__00092__9e6y__s42.pdb	1.000000	130.340009	34.747932	False		0	False	2	2	0	0	2.031487	GQGTQVTVSS	2	1
P1MCPUFP__CPUFP500K_0100__00092	5	existing_old_new7500_top200	c2_four_seed	8x6b	917	/data/qlyu/projects/pvrig_top7500_dualpanel_screen_v1_20260724/run/qc397_final50_fusion_developability_v1_20260726/final50_common4_bundle/representative_complexes/R05__P1MCPUFP__CPUFP500K_0100__00092__8x6b__s917.pdb	1.000000	121.327240	37.517176	False	59.260337	0	False	2	2	0	0	2.031436	GQGTQVTVSS	2	1
P1MCPUFP__CPUFP500K_0100__00092	5	existing_old_new7500_top200	c2_four_seed	9e6y	917	/data/qlyu/projects/pvrig_top7500_dualpanel_screen_v1_20260724/run/qc397_final50_fusion_developability_v1_20260726/final50_common4_bundle/representative_complexes/R05__P1MCPUFP__CPUFP500K_0100__00092__9e6y__s917.pdb	1.000000	121.919200	37.827230	False	59.971523	0	False	2	2	0	0	2.030832	GQGTQVTVSS	2	1
P1MCPUFP__CPUFP500K_0100__00092	5	existing_old_new7500_top200	c2_four_seed	8x6b	1931	/data/qlyu/projects/pvrig_top7500_dualpanel_screen_v1_20260724/run/qc397_final50_fusion_developability_v1_20260726/final50_common4_bundle/representative_complexes/R05__P1MCPUFP__CPUFP500K_0100__00092__8x6b__s1931.pdb	1.000000	123.339954	35.588086	False		0	False	2	2	0	0	2.031359	GQGTQVTVSS	2	1
P1MCPUFP__CPUFP500K_0100__00092	5	existing_old_new7500_top200	c2_four_seed	9e6y	1931	/data/qlyu/projects/pvrig_top7500_dualpanel_screen_v1_20260724/run/qc397_final50_fusion_developability_v1_20260726/final50_common4_bundle/representative_complexes/R05__P1MCPUFP__CPUFP500K_0100__00092__9e6y__s1931.pdb	1.000000	121.327240	36.943309	False		0	False	2	2	0	0	2.030971	GQGTQVTVSS	2	1
P1MCPUFP__CPUFP500K_0100__00092	5	existing_old_new7500_top200	c2_four_seed	8x6b	3047	/data/qlyu/projects/pvrig_top7500_dualpanel_screen_v1_20260724/run/qc397_final50_fusion_developability_v1_20260726/final50_common4_bundle/representative_complexes/R05__P1MCPUFP__CPUFP500K_0100__00092__8x6b__s3047.pdb	1.000000	131.122035	36.883123	False	59.656743	0	False	2	2	0	0	2.031199	GQGTQVTVSS	2	1
P1MCPUFP__CPUFP500K_0100__00092	5	existing_old_new7500_top200	c2_four_seed	9e6y	3047	/data/qlyu/projects/pvrig_top7500_dualpanel_screen_v1_20260724/run/qc397_final50_fusion_developability_v1_20260726/final50_common4_bundle/representative_complexes/R05__P1MCPUFP__CPUFP500K_0100__00092__9e6y__s3047.pdb	1.000000	117.528761	37.501172	False		0	False	2	2	0	0	2.031197	GQGTQVTVSS	2	1
NODE1GEN_181778_source_fixed_pose_mpnn_source_id_P500K__FIXED_POSE_MPNN__8EDA6734F7A8BD2C	6	generated_top3000	fixed_pose_mpnn	8x6b	42	/data/qlyu/projects/pvrig_top7500_dualpanel_screen_v1_20260724/run/qc397_final50_fusion_developability_v1_20260726/final50_common4_bundle/representative_complexes/R06__NODE1GEN_181778_source_fixed_pose_mpnn_source_id_P500K__FIXED_POSE_MPNN__8EDA6734F7A8BD2C__8x6b__s42.pdb	1.000000	117.074864	27.354177	False		0	False	2	2	0	0	2.030842	GQGTQVTVSS	2	1
NODE1GEN_181778_source_fixed_pose_mpnn_source_id_P500K__FIXED_POSE_MPNN__8EDA6734F7A8BD2C	6	generated_top3000	fixed_pose_mpnn	9e6y	42	/data/qlyu/projects/pvrig_top7500_dualpanel_screen_v1_20260724/run/qc397_final50_fusion_developability_v1_20260726/final50_common4_bundle/representative_complexes/R06__NODE1GEN_181778_source_fixed_pose_mpnn_source_id_P500K__FIXED_POSE_MPNN__8EDA6734F7A8BD2C__9e6y__s42.pdb	1.000000	125.717679	27.064692	False		0	False	2	2	0	0	2.032789	GQGTQVTVSS	2	1
NODE1GEN_181778_source_fixed_pose_mpnn_source_id_P500K__FIXED_POSE_MPNN__8EDA6734F7A8BD2C	6	generated_top3000	fixed_pose_mpnn	8x6b	917	/data/qlyu/projects/pvrig_top7500_dualpanel_screen_v1_20260724/run/qc397_final50_fusion_developability_v1_20260726/final50_common4_bundle/representative_complexes/R06__NODE1GEN_181778_source_fixed_pose_mpnn_source_id_P500K__FIXED_POSE_MPNN__8EDA6734F7A8BD2C__8x6b__s917.pdb	1.000000	123.931914	35.363526	False		0	False	2	2	0	0	2.031495	GQGTQVTVSS	2	1
NODE1GEN_181778_source_fixed_pose_mpnn_source_id_P500K__FIXED_POSE_MPNN__8EDA6734F7A8BD2C	6	generated_top3000	fixed_pose_mpnn	9e6y	917	/data/qlyu/projects/pvrig_top7500_dualpanel_screen_v1_20260724/run/qc397_final50_fusion_developability_v1_20260726/final50_common4_bundle/representative_complexes/R06__NODE1GEN_181778_source_fixed_pose_mpnn_source_id_P500K__FIXED_POSE_MPNN__8EDA6734F7A8BD2C__9e6y__s917.pdb	1.000000	128.835311	34.839290	False		0	False	2	2	0	0	2.031470	GQGTQVTVSS	2	1
NODE1GEN_181778_source_fixed_pose_mpnn_source_id_P500K__FIXED_POSE_MPNN__8EDA6734F7A8BD2C	6	generated_top3000	fixed_pose_mpnn	8x6b	1931	/data/qlyu/projects/pvrig_top7500_dualpanel_screen_v1_20260724/run/qc397_final50_fusion_developability_v1_20260726/final50_common4_bundle/representative_complexes/R06__NODE1GEN_181778_source_fixed_pose_mpnn_source_id_P500K__FIXED_POSE_MPNN__8EDA6734F7A8BD2C__8x6b__s1931.pdb	1.000000	124.893827	34.006956	False		0	False	2	2	0	0	2.031842	GQGTQVTVSS	2	1
NODE1GEN_181778_source_fixed_pose_mpnn_source_id_P500K__FIXED_POSE_MPNN__8EDA6734F7A8BD2C	6	generated_top3000	fixed_pose_mpnn	9e6y	1931	/data/qlyu/projects/pvrig_top7500_dualpanel_screen_v1_20260724/run/qc397_final50_fusion_developability_v1_20260726/final50_common4_bundle/representative_complexes/R06__NODE1GEN_181778_source_fixed_pose_mpnn_source_id_P500K__FIXED_POSE_MPNN__8EDA6734F7A8BD2C__9e6y__s1931.pdb	1.000000	116.751971	38.071614	False		0	False	2	2	0	0	2.030541	GQGTQVTVSS	2	1
NODE1GEN_181778_source_fixed_pose_mpnn_source_id_P500K__FIXED_POSE_MPNN__8EDA6734F7A8BD2C	6	generated_top3000	fixed_pose_mpnn	8x6b	3047	/data/qlyu/projects/pvrig_top7500_dualpanel_screen_v1_20260724/run/qc397_final50_fusion_developability_v1_20260726/final50_common4_bundle/representative_complexes/R06__NODE1GEN_181778_source_fixed_pose_mpnn_source_id_P500K__FIXED_POSE_MPNN__8EDA6734F7A8BD2C__8x6b__s3047.pdb	1.000000	116.561905	33.572808	False		0	False	2	2	0	0	2.029846	GQGTQVTVSS	2	1
NODE1GEN_181778_source_fixed_pose_mpnn_source_id_P500K__FIXED_POSE_MPNN__8EDA6734F7A8BD2C	6	generated_top3000	fixed_pose_mpnn	9e6y	3047	/data/qlyu/projects/pvrig_top7500_dualpanel_screen_v1_20260724/run/qc397_final50_fusion_developability_v1_20260726/final50_common4_bundle/representative_complexes/R06__NODE1GEN_181778_source_fixed_pose_mpnn_source_id_P500K__FIXED_POSE_MPNN__8EDA6734F7A8BD2C__9e6y__s3047.pdb	1.000000	129.516157	29.385750	False		0	False	2	2	0	0	2.030394	GQGTQVTVSS	2	1
NODE1GEN_154595_source_fixed_pose_mpnn_source_id_P500K__FIXED_POSE_MPNN__9B999365EA60CCE9	7	generated_top3000	fixed_pose_mpnn	8x6b	42	/data/qlyu/projects/pvrig_top7500_dualpanel_screen_v1_20260724/run/qc397_final50_fusion_developability_v1_20260726/final50_common4_bundle/representative_complexes/R07__NODE1GEN_154595_source_fixed_pose_mpnn_source_id_P500K__FIXED_POSE_MPNN__9B999365EA60CCE9__8x6b__s42.pdb	1.000000	124.575877	32.631839	False		0	False	2	2	0	0	2.031926	GQGTQVTVSS	2	1
NODE1GEN_154595_source_fixed_pose_mpnn_source_id_P500K__FIXED_POSE_MPNN__9B999365EA60CCE9	7	generated_top3000	fixed_pose_mpnn	9e6y	42	/data/qlyu/projects/pvrig_top7500_dualpanel_screen_v1_20260724/run/qc397_final50_fusion_developability_v1_20260726/final50_common4_bundle/representative_complexes/R07__NODE1GEN_154595_source_fixed_pose_mpnn_source_id_P500K__FIXED_POSE_MPNN__9B999365EA60CCE9__9e6y__s42.pdb	1.000000	124.158862	32.079657	False		0	False	2	2	0	0	2.032356	GQGTQVTVSS	2	1
NODE1GEN_154595_source_fixed_pose_mpnn_source_id_P500K__FIXED_POSE_MPNN__9B999365EA60CCE9	7	generated_top3000	fixed_pose_mpnn	8x6b	917	/data/qlyu/projects/pvrig_top7500_dualpanel_screen_v1_20260724/run/qc397_final50_fusion_developability_v1_20260726/final50_common4_bundle/representative_complexes/R07__NODE1GEN_154595_source_fixed_pose_mpnn_source_id_P500K__FIXED_POSE_MPNN__9B999365EA60CCE9__8x6b__s917.pdb	1.000000	130.340009	32.894870	False		0	False	2	2	0	0	2.032280	GQGTQVTVSS	2	1
NODE1GEN_154595_source_fixed_pose_mpnn_source_id_P500K__FIXED_POSE_MPNN__9B999365EA60CCE9	7	generated_top3000	fixed_pose_mpnn	9e6y	917	/data/qlyu/projects/pvrig_top7500_dualpanel_screen_v1_20260724/run/qc397_final50_fusion_developability_v1_20260726/final50_common4_bundle/representative_complexes/R07__NODE1GEN_154595_source_fixed_pose_mpnn_source_id_P500K__FIXED_POSE_MPNN__9B999365EA60CCE9__9e6y__s917.pdb	1.000000	134.133545	34.699417	False		0	False	2	2	0	0	2.031781	GQGTQVTVSS	2	1
NODE1GEN_154595_source_fixed_pose_mpnn_source_id_P500K__FIXED_POSE_MPNN__9B999365EA60CCE9	7	generated_top3000	fixed_pose_mpnn	8x6b	1931	/data/qlyu/projects/pvrig_top7500_dualpanel_screen_v1_20260724/run/qc397_final50_fusion_developability_v1_20260726/final50_common4_bundle/representative_complexes/R07__NODE1GEN_154595_source_fixed_pose_mpnn_source_id_P500K__FIXED_POSE_MPNN__9B999365EA60CCE9__8x6b__s1931.pdb	1.000000	130.566957	33.117974	False		0	False	2	2	0	0	2.030863	GQGTQVTVSS	2	1
NODE1GEN_154595_source_fixed_pose_mpnn_source_id_P500K__FIXED_POSE_MPNN__9B999365EA60CCE9	7	generated_top3000	fixed_pose_mpnn	9e6y	1931	/data/qlyu/projects/pvrig_top7500_dualpanel_screen_v1_20260724/run/qc397_final50_fusion_developability_v1_20260726/final50_common4_bundle/representative_complexes/R07__NODE1GEN_154595_source_fixed_pose_mpnn_source_id_P500K__FIXED_POSE_MPNN__9B999365EA60CCE9__9e6y__s1931.pdb	1.000000	119.028516	32.503697	False		0	False	2	2	0	0	2.032719	GQGTQVTVSS	2	1
NODE1GEN_154595_source_fixed_pose_mpnn_source_id_P500K__FIXED_POSE_MPNN__9B999365EA60CCE9	7	generated_top3000	fixed_pose_mpnn	8x6b	3047	/data/qlyu/projects/pvrig_top7500_dualpanel_screen_v1_20260724/run/qc397_final50_fusion_developability_v1_20260726/final50_common4_bundle/representative_complexes/R07__NODE1GEN_154595_source_fixed_pose_mpnn_source_id_P500K__FIXED_POSE_MPNN__9B999365EA60CCE9__8x6b__s3047.pdb	1.000000	130.931969	32.683709	False		0	False	2	2	0	0	2.030397	GQGTQVTVSS	2	1
NODE1GEN_154595_source_fixed_pose_mpnn_source_id_P500K__FIXED_POSE_MPNN__9B999365EA60CCE9	7	generated_top3000	fixed_pose_mpnn	9e6y	3047	/data/qlyu/projects/pvrig_top7500_dualpanel_screen_v1_20260724/run/qc397_final50_fusion_developability_v1_20260726/final50_common4_bundle/representative_complexes/R07__NODE1GEN_154595_source_fixed_pose_mpnn_source_id_P500K__FIXED_POSE_MPNN__9B999365EA60CCE9__9e6y__s3047.pdb	1.000000	119.314526	32.321111	False		0	False	2	2	0	0	2.031592	GQGTQVTVSS	2	1
NODE1GEN_256613_source_fixed_pose_mpnn_source_id_P500K__FIXED_POSE_MPNN__0A1B353F72DFABBD	8	generated_top3000	fixed_pose_mpnn	8x6b	42	/data/qlyu/projects/pvrig_top7500_dualpanel_screen_v1_20260724/run/qc397_final50_fusion_developability_v1_20260726/final50_common4_bundle/representative_complexes/R08__NODE1GEN_256613_source_fixed_pose_mpnn_source_id_P500K__FIXED_POSE_MPNN__0A1B353F72DFABBD__8x6b__s42.pdb	1.000000	120.175553	27.200245	False		0	False	2	2	0	0	2.032935	GQGTQVTVSS	2	1
NODE1GEN_256613_source_fixed_pose_mpnn_source_id_P500K__FIXED_POSE_MPNN__0A1B353F72DFABBD	8	generated_top3000	fixed_pose_mpnn	9e6y	42	/data/qlyu/projects/pvrig_top7500_dualpanel_screen_v1_20260724/run/qc397_final50_fusion_developability_v1_20260726/final50_common4_bundle/representative_complexes/R08__NODE1GEN_256613_source_fixed_pose_mpnn_source_id_P500K__FIXED_POSE_MPNN__0A1B353F72DFABBD__9e6y__s42.pdb	1.000000	125.759797	28.552700	False		0	False	2	2	0	0	2.032841	GQGTQVTVSS	2	1
NODE1GEN_256613_source_fixed_pose_mpnn_source_id_P500K__FIXED_POSE_MPNN__0A1B353F72DFABBD	8	generated_top3000	fixed_pose_mpnn	8x6b	917	/data/qlyu/projects/pvrig_top7500_dualpanel_screen_v1_20260724/run/qc397_final50_fusion_developability_v1_20260726/final50_common4_bundle/representative_complexes/R08__NODE1GEN_256613_source_fixed_pose_mpnn_source_id_P500K__FIXED_POSE_MPNN__0A1B353F72DFABBD__8x6b__s917.pdb	1.000000	125.675854	28.881291	False		0	False	2	2	0	0	2.030520	GQGTQVTVSS	2	1
NODE1GEN_256613_source_fixed_pose_mpnn_source_id_P500K__FIXED_POSE_MPNN__0A1B353F72DFABBD	8	generated_top3000	fixed_pose_mpnn	9e6y	917	/data/qlyu/projects/pvrig_top7500_dualpanel_screen_v1_20260724/run/qc397_final50_fusion_developability_v1_20260726/final50_common4_bundle/representative_complexes/R08__NODE1GEN_256613_source_fixed_pose_mpnn_source_id_P500K__FIXED_POSE_MPNN__0A1B353F72DFABBD__9e6y__s917.pdb	1.000000	127.175608	28.306281	False		0	False	2	2	0	0	2.031577	GQGTQVTVSS	2	1
NODE1GEN_256613_source_fixed_pose_mpnn_source_id_P500K__FIXED_POSE_MPNN__0A1B353F72DFABBD	8	generated_top3000	fixed_pose_mpnn	8x6b	1931	/data/qlyu/projects/pvrig_top7500_dualpanel_screen_v1_20260724/run/qc397_final50_fusion_developability_v1_20260726/final50_common4_bundle/representative_complexes/R08__NODE1GEN_256613_source_fixed_pose_mpnn_source_id_P500K__FIXED_POSE_MPNN__0A1B353F72DFABBD__8x6b__s1931.pdb	1.000000	118.902747	29.089281	False		0	False	2	2	0	0	2.033749	GQGTQVTVSS	2	1
NODE1GEN_256613_source_fixed_pose_mpnn_source_id_P500K__FIXED_POSE_MPNN__0A1B353F72DFABBD	8	generated_top3000	fixed_pose_mpnn	9e6y	1931	/data/qlyu/projects/pvrig_top7500_dualpanel_screen_v1_20260724/run/qc397_final50_fusion_developability_v1_20260726/final50_common4_bundle/representative_complexes/R08__NODE1GEN_256613_source_fixed_pose_mpnn_source_id_P500K__FIXED_POSE_MPNN__0A1B353F72DFABBD__9e6y__s1931.pdb	1.000000	116.071125	27.437692	False		0	False	2	2	0	0	2.032915	GQGTQVTVSS	2	1
NODE1GEN_256613_source_fixed_pose_mpnn_source_id_P500K__FIXED_POSE_MPNN__0A1B353F72DFABBD	8	generated_top3000	fixed_pose_mpnn	8x6b	3047	/data/qlyu/projects/pvrig_top7500_dualpanel_screen_v1_20260724/run/qc397_final50_fusion_developability_v1_20260726/final50_common4_bundle/representative_complexes/R08__NODE1GEN_256613_source_fixed_pose_mpnn_source_id_P500K__FIXED_POSE_MPNN__0A1B353F72DFABBD__8x6b__s3047.pdb	1.000000	119.129696	30.095283	False		0	False	2	2	0	0	2.031736	GQGTQVTVSS	2	1
NODE1GEN_256613_source_fixed_pose_mpnn_source_id_P500K__FIXED_POSE_MPNN__0A1B353F72DFABBD	8	generated_top3000	fixed_pose_mpnn	9e6y	3047	/data/qlyu/projects/pvrig_top7500_dualpanel_screen_v1_20260724/run/qc397_final50_fusion_developability_v1_20260726/final50_common4_bundle/representative_complexes/R08__NODE1GEN_256613_source_fixed_pose_mpnn_source_id_P500K__FIXED_POSE_MPNN__0A1B353F72DFABBD__9e6y__s3047.pdb	1.000000	123.747083	29.317443	False		0	False	2	2	0	0	2.031665	GQGTQVTVSS	2	1
NODE1GEN_183154_source_fixed_pose_mpnn_source_id_P500K__FIXED_POSE_MPNN__E25C2338B83B903C	9	generated_top3000	fixed_pose_mpnn	8x6b	42	/data/qlyu/projects/pvrig_top7500_dualpanel_screen_v1_20260724/run/qc397_final50_fusion_developability_v1_20260726/final50_common4_bundle/representative_complexes/R09__NODE1GEN_183154_source_fixed_pose_mpnn_source_id_P500K__FIXED_POSE_MPNN__E25C2338B83B903C__8x6b__s42.pdb	1.000000	122.432159	32.345784	False		0	False	2	2	0	0	2.032634	GQGTQVTVSS	2	1
NODE1GEN_183154_source_fixed_pose_mpnn_source_id_P500K__FIXED_POSE_MPNN__E25C2338B83B903C	9	generated_top3000	fixed_pose_mpnn	9e6y	42	/data/qlyu/projects/pvrig_top7500_dualpanel_screen_v1_20260724/run/qc397_final50_fusion_developability_v1_20260726/final50_common4_bundle/representative_complexes/R09__NODE1GEN_183154_source_fixed_pose_mpnn_source_id_P500K__FIXED_POSE_MPNN__E25C2338B83B903C__9e6y__s42.pdb	1.000000	117.861833	28.723895	False		0	False	2	2	0	0	2.032173	GQGTQVTVSS	2	1
NODE1GEN_183154_source_fixed_pose_mpnn_source_id_P500K__FIXED_POSE_MPNN__E25C2338B83B903C	9	generated_top3000	fixed_pose_mpnn	8x6b	917	/data/qlyu/projects/pvrig_top7500_dualpanel_screen_v1_20260724/run/qc397_final50_fusion_developability_v1_20260726/final50_common4_bundle/representative_complexes/R09__NODE1GEN_183154_source_fixed_pose_mpnn_source_id_P500K__FIXED_POSE_MPNN__E25C2338B83B903C__8x6b__s917.pdb	1.000000	127.360438	29.975468	False		0	False	2	2	0	0	2.032873	GQGTQVTVSS	2	1
NODE1GEN_183154_source_fixed_pose_mpnn_source_id_P500K__FIXED_POSE_MPNN__E25C2338B83B903C	9	generated_top3000	fixed_pose_mpnn	9e6y	917	/data/qlyu/projects/pvrig_top7500_dualpanel_screen_v1_20260724/run/qc397_final50_fusion_developability_v1_20260726/final50_common4_bundle/representative_complexes/R09__NODE1GEN_183154_source_fixed_pose_mpnn_source_id_P500K__FIXED_POSE_MPNN__E25C2338B83B903C__9e6y__s917.pdb	1.000000	124.158862	32.038420	False		0	False	2	2	0	0	2.033309	GQGTQVTVSS	2	1
NODE1GEN_183154_source_fixed_pose_mpnn_source_id_P500K__FIXED_POSE_MPNN__E25C2338B83B903C	9	generated_top3000	fixed_pose_mpnn	8x6b	1931	/data/qlyu/projects/pvrig_top7500_dualpanel_screen_v1_20260724/run/qc397_final50_fusion_developability_v1_20260726/final50_common4_bundle/representative_complexes/R09__NODE1GEN_183154_source_fixed_pose_mpnn_source_id_P500K__FIXED_POSE_MPNN__E25C2338B83B903C__8x6b__s1931.pdb	1.000000	116.477961	30.249549	False		0	False	2	2	0	0	2.032611	GQGTQVTVSS	2	1
NODE1GEN_183154_source_fixed_pose_mpnn_source_id_P500K__FIXED_POSE_MPNN__E25C2338B83B903C	9	generated_top3000	fixed_pose_mpnn	9e6y	1931	/data/qlyu/projects/pvrig_top7500_dualpanel_screen_v1_20260724/run/qc397_final50_fusion_developability_v1_20260726/final50_common4_bundle/representative_complexes/R09__NODE1GEN_183154_source_fixed_pose_mpnn_source_id_P500K__FIXED_POSE_MPNN__E25C2338B83B903C__9e6y__s1931.pdb	1.000000	131.122035	28.801166	False		0	False	2	2	0	0	2.033549	GQGTQVTVSS	2	1
NODE1GEN_183154_source_fixed_pose_mpnn_source_id_P500K__FIXED_POSE_MPNN__E25C2338B83B903C	9	generated_top3000	fixed_pose_mpnn	8x6b	3047	/data/qlyu/projects/pvrig_top7500_dualpanel_screen_v1_20260724/run/qc397_final50_fusion_developability_v1_20260726/final50_common4_bundle/representative_complexes/R09__NODE1GEN_183154_source_fixed_pose_mpnn_source_id_P500K__FIXED_POSE_MPNN__E25C2338B83B903C__8x6b__s3047.pdb	1.000000	117.528761	25.953070	False		0	False	2	2	0	0	2.033319	GQGTQVTVSS	2	1
NODE1GEN_183154_source_fixed_pose_mpnn_source_id_P500K__FIXED_POSE_MPNN__E25C2338B83B903C	9	generated_top3000	fixed_pose_mpnn	9e6y	3047	/data/qlyu/projects/pvrig_top7500_dualpanel_screen_v1_20260724/run/qc397_final50_fusion_developability_v1_20260726/final50_common4_bundle/representative_complexes/R09__NODE1GEN_183154_source_fixed_pose_mpnn_source_id_P500K__FIXED_POSE_MPNN__E25C2338B83B903C__9e6y__s3047.pdb	1.000000	127.587387	31.824981	False		0	False	2	2	0	0	2.031662	GQGTQVTVSS	2	1
P1MCPUFP__CPUFP500K_0188__00282	10	existing_old_new7500_top200	c2_four_seed	8x6b	42	/data/qlyu/projects/pvrig_top7500_dualpanel_screen_v1_20260724/run/qc397_final50_fusion_developability_v1_20260726/final50_common4_bundle/representative_complexes/R10__P1MCPUFP__CPUFP500K_0188__00282__8x6b__s42.pdb	1.000000	129.373152	32.853071	False		0	False	2	2	0	0	2.032360	GQGTMVTVSS	3	2
P1MCPUFP__CPUFP500K_0188__00282	10	existing_old_new7500_top200	c2_four_seed	9e6y	42	/data/qlyu/projects/pvrig_top7500_dualpanel_screen_v1_20260724/run/qc397_final50_fusion_developability_v1_20260726/final50_common4_bundle/representative_complexes/R10__P1MCPUFP__CPUFP500K_0188__00282__9e6y__s42.pdb	1.000000	129.706224	36.310477	False		0	False	2	2	0	0	2.031646	GQGTMVTVSS	3	2
P1MCPUFP__CPUFP500K_0188__00282	10	existing_old_new7500_top200	c2_four_seed	8x6b	917	/data/qlyu/projects/pvrig_top7500_dualpanel_screen_v1_20260724/run/qc397_final50_fusion_developability_v1_20260726/final50_common4_bundle/representative_complexes/R10__P1MCPUFP__CPUFP500K_0188__00282__8x6b__s917.pdb	1.000000	128.744310	35.621118	False		0	False	2	2	0	0	2.031486	GQGTMVTVSS	3	2
P1MCPUFP__CPUFP500K_0188__00282	10	existing_old_new7500_top200	c2_four_seed	9e6y	917	/data/qlyu/projects/pvrig_top7500_dualpanel_screen_v1_20260724/run/qc397_final50_fusion_developability_v1_20260726/final50_common4_bundle/representative_complexes/R10__P1MCPUFP__CPUFP500K_0188__00282__9e6y__s917.pdb	1.000000	140.953712	36.704976	False		0	False	2	2	0	0	2.032868	GQGTMVTVSS	3	2
P1MCPUFP__CPUFP500K_0188__00282	10	existing_old_new7500_top200	c2_four_seed	8x6b	1931	/data/qlyu/projects/pvrig_top7500_dualpanel_screen_v1_20260724/run/qc397_final50_fusion_developability_v1_20260726/final50_common4_bundle/representative_complexes/R10__P1MCPUFP__CPUFP500K_0188__00282__8x6b__s1931.pdb	1.000000	133.731651	36.927487	False	50.834660	0	False	2	2	0	0	2.032331	GQGTMVTVSS	3	2
P1MCPUFP__CPUFP500K_0188__00282	10	existing_old_new7500_top200	c2_four_seed	9e6y	1931	/data/qlyu/projects/pvrig_top7500_dualpanel_screen_v1_20260724/run/qc397_final50_fusion_developability_v1_20260726/final50_common4_bundle/representative_complexes/R10__P1MCPUFP__CPUFP500K_0188__00282__9e6y__s1931.pdb	1.000000	133.731651	36.608816	False		0	False	2	2	0	0	2.031808	GQGTMVTVSS	3	2
P1MCPUFP__CPUFP500K_0188__00282	10	existing_old_new7500_top200	c2_four_seed	8x6b	3047	/data/qlyu/projects/pvrig_top7500_dualpanel_screen_v1_20260724/run/qc397_final50_fusion_developability_v1_20260726/final50_common4_bundle/representative_complexes/R10__P1MCPUFP__CPUFP500K_0188__00282__8x6b__s3047.pdb	1.000000	120.165500	35.092625	False		0	False	2	2	0	0	2.033337	GQGTMVTVSS	3	2
P1MCPUFP__CPUFP500K_0188__00282	10	existing_old_new7500_top200	c2_four_seed	9e6y	3047	/data/qlyu/projects/pvrig_top7500_dualpanel_screen_v1_20260724/run/qc397_final50_fusion_developability_v1_20260726/final50_common4_bundle/representative_complexes/R10__P1MCPUFP__CPUFP500K_0188__00282__9e6y__s3047.pdb	1.000000	126.114755	37.259713	False		0	False	2	2	0	0	2.032810	GQGTMVTVSS	3	2
NODE1GEN_191476_source_fixed_pose_mpnn_source_id_P500K__FIXED_POSE_MPNN__310934EF4B70CA47	11	generated_top3000	fixed_pose_mpnn	8x6b	42	/data/qlyu/projects/pvrig_top7500_dualpanel_screen_v1_20260724/run/qc397_final50_fusion_developability_v1_20260726/final50_common4_bundle/representative_complexes/R11__NODE1GEN_191476_source_fixed_pose_mpnn_source_id_P500K__FIXED_POSE_MPNN__310934EF4B70CA47__8x6b__s42.pdb	1.000000	115.617228	31.398106	False		0	False	2	2	0	0	2.033717	GQGTQVTVSS	2	1
NODE1GEN_191476_source_fixed_pose_mpnn_source_id_P500K__FIXED_POSE_MPNN__310934EF4B70CA47	11	generated_top3000	fixed_pose_mpnn	9e6y	42	/data/qlyu/projects/pvrig_top7500_dualpanel_screen_v1_20260724/run/qc397_final50_fusion_developability_v1_20260726/final50_common4_bundle/representative_complexes/R11__NODE1GEN_191476_source_fixed_pose_mpnn_source_id_P500K__FIXED_POSE_MPNN__310934EF4B70CA47__9e6y__s42.pdb	1.000000	117.037982	33.437324	False		0	False	2	2	0	0	2.032203	GQGTQVTVSS	2	1
NODE1GEN_191476_source_fixed_pose_mpnn_source_id_P500K__FIXED_POSE_MPNN__310934EF4B70CA47	11	generated_top3000	fixed_pose_mpnn	8x6b	917	/data/qlyu/projects/pvrig_top7500_dualpanel_screen_v1_20260724/run/qc397_final50_fusion_developability_v1_20260726/final50_common4_bundle/representative_complexes/R11__NODE1GEN_191476_source_fixed_pose_mpnn_source_id_P500K__FIXED_POSE_MPNN__310934EF4B70CA47__8x6b__s917.pdb	1.000000	116.732033	30.811903	False		0	False	2	2	0	0	2.034641	GQGTQVTVSS	2	1
NODE1GEN_191476_source_fixed_pose_mpnn_source_id_P500K__FIXED_POSE_MPNN__310934EF4B70CA47	11	generated_top3000	fixed_pose_mpnn	9e6y	917	/data/qlyu/projects/pvrig_top7500_dualpanel_screen_v1_20260724/run/qc397_final50_fusion_developability_v1_20260726/final50_common4_bundle/representative_complexes/R11__NODE1GEN_191476_source_fixed_pose_mpnn_source_id_P500K__FIXED_POSE_MPNN__310934EF4B70CA47__9e6y__s917.pdb	1.000000	119.193701	31.544806	False		0	False	2	2	0	0	2.034811	GQGTQVTVSS	2	1
NODE1GEN_191476_source_fixed_pose_mpnn_source_id_P500K__FIXED_POSE_MPNN__310934EF4B70CA47	11	generated_top3000	fixed_pose_mpnn	8x6b	1931	/data/qlyu/projects/pvrig_top7500_dualpanel_screen_v1_20260724/run/qc397_final50_fusion_developability_v1_20260726/final50_common4_bundle/representative_complexes/R11__NODE1GEN_191476_source_fixed_pose_mpnn_source_id_P500K__FIXED_POSE_MPNN__310934EF4B70CA47__8x6b__s1931.pdb	1.000000	121.058466	33.315933	False		0	False	2	2	0	0	2.033218	GQGTQVTVSS	2	1
NODE1GEN_191476_source_fixed_pose_mpnn_source_id_P500K__FIXED_POSE_MPNN__310934EF4B70CA47	11	generated_top3000	fixed_pose_mpnn	9e6y	1931	/data/qlyu/projects/pvrig_top7500_dualpanel_screen_v1_20260724/run/qc397_final50_fusion_developability_v1_20260726/final50_common4_bundle/representative_complexes/R11__NODE1GEN_191476_source_fixed_pose_mpnn_source_id_P500K__FIXED_POSE_MPNN__310934EF4B70CA47__9e6y__s1931.pdb	1.000000	122.474278	33.570701	False		0	False	2	2	0	0	2.035179	GQGTQVTVSS	2	1
NODE1GEN_191476_source_fixed_pose_mpnn_source_id_P500K__FIXED_POSE_MPNN__310934EF4B70CA47	11	generated_top3000	fixed_pose_mpnn	8x6b	3047	/data/qlyu/projects/pvrig_top7500_dualpanel_screen_v1_20260724/run/qc397_final50_fusion_developability_v1_20260726/final50_common4_bundle/representative_complexes/R11__NODE1GEN_191476_source_fixed_pose_mpnn_source_id_P500K__FIXED_POSE_MPNN__310934EF4B70CA47__8x6b__s3047.pdb	1.000000	120.323501	33.700998	False		0	False	2	2	0	0	2.031799	GQGTQVTVSS	2	1
NODE1GEN_191476_source_fixed_pose_mpnn_source_id_P500K__FIXED_POSE_MPNN__310934EF4B70CA47	11	generated_top3000	fixed_pose_mpnn	9e6y	3047	/data/qlyu/projects/pvrig_top7500_dualpanel_screen_v1_20260724/run/qc397_final50_fusion_developability_v1_20260726/final50_common4_bundle/representative_complexes/R11__NODE1GEN_191476_source_fixed_pose_mpnn_source_id_P500K__FIXED_POSE_MPNN__310934EF4B70CA47__9e6y__s3047.pdb	1.000000	124.629996	32.956667	False		0	False	2	2	0	0	2.034710	GQGTQVTVSS	2	1
P1MCPUFP__CPUFP500K_0090__00532	12	existing_old_new7500_top200	old_top7500	8x6b	42	/data/qlyu/projects/pvrig_top7500_dualpanel_screen_v1_20260724/run/qc397_final50_fusion_developability_v1_20260726/final50_common4_bundle/representative_complexes/R12__P1MCPUFP__CPUFP500K_0090__00532__8x6b__s42.pdb	1.000000	129.323389	36.661829	False	41.475157	0	False	2	2	0	0	2.031665	GQGTMVTVSS	3	2
P1MCPUFP__CPUFP500K_0090__00532	12	existing_old_new7500_top200	old_top7500	9e6y	42	/data/qlyu/projects/pvrig_top7500_dualpanel_screen_v1_20260724/run/qc397_final50_fusion_developability_v1_20260726/final50_common4_bundle/representative_complexes/R12__P1MCPUFP__CPUFP500K_0090__00532__9e6y__s42.pdb	1.000000	125.202018	38.214629	False	48.068133	0	False	2	2	0	0	2.031199	GQGTMVTVSS	3	2
P1MCPUFP__CPUFP500K_0090__00532	12	existing_old_new7500_top200	old_top7500	8x6b	917	/data/qlyu/projects/pvrig_top7500_dualpanel_screen_v1_20260724/run/qc397_final50_fusion_developability_v1_20260726/final50_common4_bundle/representative_complexes/R12__P1MCPUFP__CPUFP500K_0090__00532__8x6b__s917.pdb	1.000000	130.046354	38.220942	False		0	False	2	2	0	0	2.032787	GQGTMVTVSS	3	2
P1MCPUFP__CPUFP500K_0090__00532	12	existing_old_new7500_top200	old_top7500	9e6y	917	/data/qlyu/projects/pvrig_top7500_dualpanel_screen_v1_20260724/run/qc397_final50_fusion_developability_v1_20260726/final50_common4_bundle/representative_complexes/R12__P1MCPUFP__CPUFP500K_0090__00532__9e6y__s917.pdb	1.000000	122.370396	34.938708	False	45.636661	0	False	2	2	0	0	2.032812	GQGTMVTVSS	3	2
P1MCPUFP__CPUFP500K_0090__00532	12	existing_old_new7500_top200	old_top7500	8x6b	1931	/data/qlyu/projects/pvrig_top7500_dualpanel_screen_v1_20260724/run/qc397_final50_fusion_developability_v1_20260726/final50_common4_bundle/representative_complexes/R12__P1MCPUFP__CPUFP500K_0090__00532__8x6b__s1931.pdb	1.000000	131.753118	38.211091	False	47.977730	0	False	2	2	0	0	2.032405	GQGTMVTVSS	3	2
P1MCPUFP__CPUFP500K_0090__00532	12	existing_old_new7500_top200	old_top7500	9e6y	1931	/data/qlyu/projects/pvrig_top7500_dualpanel_screen_v1_20260724/run/qc397_final50_fusion_developability_v1_20260726/final50_common4_bundle/representative_complexes/R12__P1MCPUFP__CPUFP500K_0090__00532__9e6y__s1931.pdb	1.000000	126.987783	34.576289	False	38.706180	0	False	2	2	0	0	2.032081	GQGTMVTVSS	3	2
P1MCPUFP__CPUFP500K_0090__00532	12	existing_old_new7500_top200	old_top7500	8x6b	3047	/data/qlyu/projects/pvrig_top7500_dualpanel_screen_v1_20260724/run/qc397_final50_fusion_developability_v1_20260726/final50_common4_bundle/representative_complexes/R12__P1MCPUFP__CPUFP500K_0090__00532__8x6b__s3047.pdb	1.000000	122.962355	35.162396	False	39.551867	0	False	2	2	0	0	2.032224	GQGTMVTVSS	3	2
P1MCPUFP__CPUFP500K_0090__00532	12	existing_old_new7500_top200	old_top7500	9e6y	3047	/data/qlyu/projects/pvrig_top7500_dualpanel_screen_v1_20260724/run/qc397_final50_fusion_developability_v1_20260726/final50_common4_bundle/representative_complexes/R12__P1MCPUFP__CPUFP500K_0090__00532__9e6y__s3047.pdb	1.000000	125.571972	35.511666	False	39.872568	0	False	2	2	0	0	2.031849	GQGTMVTVSS	3	2
NODE1GEN_177961_source_fixed_pose_mpnn_source_id_P500K__FIXED_POSE_MPNN__8431DA62B813A913	13	generated_top3000	fixed_pose_mpnn	8x6b	42	/data/qlyu/projects/pvrig_top7500_dualpanel_screen_v1_20260724/run/qc397_final50_fusion_developability_v1_20260726/final50_common4_bundle/representative_complexes/R13__NODE1GEN_177961_source_fixed_pose_mpnn_source_id_P500K__FIXED_POSE_MPNN__8431DA62B813A913__8x6b__s42.pdb	1.000000	136.306501	37.209045	False		0	False	2	2	0	0	2.032019	GQGTMVTVSS	3	2
NODE1GEN_177961_source_fixed_pose_mpnn_source_id_P500K__FIXED_POSE_MPNN__8431DA62B813A913	13	generated_top3000	fixed_pose_mpnn	9e6y	42	/data/qlyu/projects/pvrig_top7500_dualpanel_screen_v1_20260724/run/qc397_final50_fusion_developability_v1_20260726/final50_common4_bundle/representative_complexes/R13__NODE1GEN_177961_source_fixed_pose_mpnn_source_id_P500K__FIXED_POSE_MPNN__8431DA62B813A913__9e6y__s42.pdb	1.000000	140.701882	30.926797	False		0	False	2	2	0	0	2.031277	GQGTMVTVSS	3	2
NODE1GEN_177961_source_fixed_pose_mpnn_source_id_P500K__FIXED_POSE_MPNN__8431DA62B813A913	13	generated_top3000	fixed_pose_mpnn	8x6b	917	/data/qlyu/projects/pvrig_top7500_dualpanel_screen_v1_20260724/run/qc397_final50_fusion_developability_v1_20260726/final50_common4_bundle/representative_complexes/R13__NODE1GEN_177961_source_fixed_pose_mpnn_source_id_P500K__FIXED_POSE_MPNN__8431DA62B813A913__8x6b__s917.pdb	1.000000	128.033640	37.617895	False		0	False	2	2	0	0	2.031627	GQGTMVTVSS	3	2
NODE1GEN_177961_source_fixed_pose_mpnn_source_id_P500K__FIXED_POSE_MPNN__8431DA62B813A913	13	generated_top3000	fixed_pose_mpnn	9e6y	917	/data/qlyu/projects/pvrig_top7500_dualpanel_screen_v1_20260724/run/qc397_final50_fusion_developability_v1_20260726/final50_common4_bundle/representative_complexes/R13__NODE1GEN_177961_source_fixed_pose_mpnn_source_id_P500K__FIXED_POSE_MPNN__8431DA62B813A913__9e6y__s917.pdb	1.000000	137.722312	30.209704	False		0	False	2	2	0	0	2.030919	GQGTMVTVSS	3	2
NODE1GEN_177961_source_fixed_pose_mpnn_source_id_P500K__FIXED_POSE_MPNN__8431DA62B813A913	13	generated_top3000	fixed_pose_mpnn	8x6b	1931	/data/qlyu/projects/pvrig_top7500_dualpanel_screen_v1_20260724/run/qc397_final50_fusion_developability_v1_20260726/final50_common4_bundle/representative_complexes/R13__NODE1GEN_177961_source_fixed_pose_mpnn_source_id_P500K__FIXED_POSE_MPNN__8431DA62B813A913__8x6b__s1931.pdb	1.000000	138.319214	36.942917	False		0	False	2	2	0	0	2.031430	GQGTMVTVSS	3	2
NODE1GEN_177961_source_fixed_pose_mpnn_source_id_P500K__FIXED_POSE_MPNN__8431DA62B813A913	13	generated_top3000	fixed_pose_mpnn	9e6y	1931	/data/qlyu/projects/pvrig_top7500_dualpanel_screen_v1_20260724/run/qc397_final50_fusion_developability_v1_20260726/final50_common4_bundle/representative_complexes/R13__NODE1GEN_177961_source_fixed_pose_mpnn_source_id_P500K__FIXED_POSE_MPNN__8431DA62B813A913__9e6y__s1931.pdb	1.000000	128.487537	37.624134	False		0	False	2	2	0	0	2.030328	GQGTMVTVSS	3	2
NODE1GEN_177961_source_fixed_pose_mpnn_source_id_P500K__FIXED_POSE_MPNN__8431DA62B813A913	13	generated_top3000	fixed_pose_mpnn	8x6b	3047	/data/qlyu/projects/pvrig_top7500_dualpanel_screen_v1_20260724/run/qc397_final50_fusion_developability_v1_20260726/final50_common4_bundle/representative_complexes/R13__NODE1GEN_177961_source_fixed_pose_mpnn_source_id_P500K__FIXED_POSE_MPNN__8431DA62B813A913__8x6b__s3047.pdb	1.000000	141.890744	36.668287	False		0	False	2	2	0	0	2.031620	GQGTMVTVSS	3	2
NODE1GEN_177961_source_fixed_pose_mpnn_source_id_P500K__FIXED_POSE_MPNN__8431DA62B813A913	13	generated_top3000	fixed_pose_mpnn	9e6y	3047	/data/qlyu/projects/pvrig_top7500_dualpanel_screen_v1_20260724/run/qc397_final50_fusion_developability_v1_20260726/final50_common4_bundle/representative_complexes/R13__NODE1GEN_177961_source_fixed_pose_mpnn_source_id_P500K__FIXED_POSE_MPNN__8431DA62B813A913__9e6y__s3047.pdb	1.000000	142.344642	33.323808	False		0	False	2	2	0	0	2.031146	GQGTMVTVSS	3	2
P1MCPUFP__CPUFP500K_0100__00188	14	existing_old_new7500_top200	old_top7500	8x6b	42	/data/qlyu/projects/pvrig_top7500_dualpanel_screen_v1_20260724/run/qc397_final50_fusion_developability_v1_20260726/final50_common4_bundle/representative_complexes/R14__P1MCPUFP__CPUFP500K_0100__00188__8x6b__s42.pdb	1.000000	114.966206	36.766495	False		0	False	2	2	0	0	2.031780	GQGTQVTVSS	2	1
P1MCPUFP__CPUFP500K_0100__00188	14	existing_old_new7500_top200	old_top7500	9e6y	42	/data/qlyu/projects/pvrig_top7500_dualpanel_screen_v1_20260724/run/qc397_final50_fusion_developability_v1_20260726/final50_common4_bundle/representative_complexes/R14__P1MCPUFP__CPUFP500K_0100__00188__9e6y__s42.pdb	1.000000	118.633680	30.323480	False		0	False	2	2	0	0	2.031516	GQGTQVTVSS	2	1
P1MCPUFP__CPUFP500K_0100__00188	14	existing_old_new7500_top200	old_top7500	8x6b	917	/data/qlyu/projects/pvrig_top7500_dualpanel_screen_v1_20260724/run/qc397_final50_fusion_developability_v1_20260726/final50_common4_bundle/representative_complexes/R14__P1MCPUFP__CPUFP500K_0100__00188__8x6b__s917.pdb	1.000000	124.945831	32.856062	False		0	False	2	2	0	0	2.030625	GQGTQVTVSS	2	1
P1MCPUFP__CPUFP500K_0100__00188	14	existing_old_new7500_top200	old_top7500	9e6y	917	/data/qlyu/projects/pvrig_top7500_dualpanel_screen_v1_20260724/run/qc397_final50_fusion_developability_v1_20260726/final50_common4_bundle/representative_complexes/R14__P1MCPUFP__CPUFP500K_0100__00188__9e6y__s917.pdb	1.000000	119.541475	33.951467	False		0	False	2	2	0	0	2.032381	GQGTQVTVSS	2	1
P1MCPUFP__CPUFP500K_0100__00188	14	existing_old_new7500_top200	old_top7500	8x6b	1931	/data/qlyu/projects/pvrig_top7500_dualpanel_screen_v1_20260724/run/qc397_final50_fusion_developability_v1_20260726/final50_common4_bundle/representative_complexes/R14__P1MCPUFP__CPUFP500K_0100__00188__8x6b__s1931.pdb	1.000000	120.693455	34.406770	False		0	False	2	2	0	0	2.030951	GQGTQVTVSS	2	1
P1MCPUFP__CPUFP500K_0100__00188	14	existing_old_new7500_top200	old_top7500	9e6y	1931	/data/qlyu/projects/pvrig_top7500_dualpanel_screen_v1_20260724/run/qc397_final50_fusion_developability_v1_20260726/final50_common4_bundle/representative_complexes/R14__P1MCPUFP__CPUFP500K_0100__00188__9e6y__s1931.pdb	1.000000	132.717734	31.146184	False		0	False	2	2	0	0	2.031933	GQGTQVTVSS	2	1
P1MCPUFP__CPUFP500K_0100__00188	14	existing_old_new7500_top200	old_top7500	8x6b	3047	/data/qlyu/projects/pvrig_top7500_dualpanel_screen_v1_20260724/run/qc397_final50_fusion_developability_v1_20260726/final50_common4_bundle/representative_complexes/R14__P1MCPUFP__CPUFP500K_0100__00188__8x6b__s3047.pdb	1.000000	127.814336	36.730585	False		0	False	2	2	0	0	2.029643	GQGTQVTVSS	2	1
P1MCPUFP__CPUFP500K_0100__00188	14	existing_old_new7500_top200	old_top7500	9e6y	3047	/data/qlyu/projects/pvrig_top7500_dualpanel_screen_v1_20260724/run/qc397_final50_fusion_developability_v1_20260726/final50_common4_bundle/representative_complexes/R14__P1MCPUFP__CPUFP500K_0100__00188__9e6y__s3047.pdb	1.000000	126.398525	33.979734	False		0	False	2	2	0	0	2.029560	GQGTQVTVSS	2	1
NODE1GEN_206644_source_fixed_pose_mpnn_source_id_P500K__FIXED_POSE_MPNN__53F648E960398F2F	15	generated_top3000	fixed_pose_mpnn	8x6b	42	/data/qlyu/projects/pvrig_top7500_dualpanel_screen_v1_20260724/run/qc397_final50_fusion_developability_v1_20260726/final50_common4_bundle/representative_complexes/R15__NODE1GEN_206644_source_fixed_pose_mpnn_source_id_P500K__FIXED_POSE_MPNN__53F648E960398F2F__8x6b__s42.pdb	1.000000	117.264930	32.920137	False		0	False	2	2	0	0	2.032478	GQGTQVTVSS	2	1
NODE1GEN_206644_source_fixed_pose_mpnn_source_id_P500K__FIXED_POSE_MPNN__53F648E960398F2F	15	generated_top3000	fixed_pose_mpnn	9e6y	42	/data/qlyu/projects/pvrig_top7500_dualpanel_screen_v1_20260724/run/qc397_final50_fusion_developability_v1_20260726/final50_common4_bundle/representative_complexes/R15__NODE1GEN_206644_source_fixed_pose_mpnn_source_id_P500K__FIXED_POSE_MPNN__53F648E960398F2F__9e6y__s42.pdb	1.000000	121.882318	25.804683	False		0	False	2	2	0	0	2.032136	GQGTQVTVSS	2	1
NODE1GEN_206644_source_fixed_pose_mpnn_source_id_P500K__FIXED_POSE_MPNN__53F648E960398F2F	15	generated_top3000	fixed_pose_mpnn	8x6b	917	/data/qlyu/projects/pvrig_top7500_dualpanel_screen_v1_20260724/run/qc397_final50_fusion_developability_v1_20260726/final50_common4_bundle/representative_complexes/R15__NODE1GEN_206644_source_fixed_pose_mpnn_source_id_P500K__FIXED_POSE_MPNN__53F648E960398F2F__8x6b__s917.pdb	1.000000	115.252217	33.019871	False		0	False	2	2	0	0	2.033377	GQGTQVTVSS	2	1
NODE1GEN_206644_source_fixed_pose_mpnn_source_id_P500K__FIXED_POSE_MPNN__53F648E960398F2F	15	generated_top3000	fixed_pose_mpnn	9e6y	917	/data/qlyu/projects/pvrig_top7500_dualpanel_screen_v1_20260724/run/qc397_final50_fusion_developability_v1_20260726/final50_common4_bundle/representative_complexes/R15__NODE1GEN_206644_source_fixed_pose_mpnn_source_id_P500K__FIXED_POSE_MPNN__53F648E960398F2F__9e6y__s917.pdb	1.000000	120.239558	27.060557	False		0	False	2	2	0	0	2.033098	GQGTQVTVSS	2	1
NODE1GEN_206644_source_fixed_pose_mpnn_source_id_P500K__FIXED_POSE_MPNN__53F648E960398F2F	15	generated_top3000	fixed_pose_mpnn	8x6b	1931	/data/qlyu/projects/pvrig_top7500_dualpanel_screen_v1_20260724/run/qc397_final50_fusion_developability_v1_20260726/final50_common4_bundle/representative_complexes/R15__NODE1GEN_206644_source_fixed_pose_mpnn_source_id_P500K__FIXED_POSE_MPNN__53F648E960398F2F__8x6b__s1931.pdb	1.000000	111.591801	30.202939	False		0	False	2	2	0	0	2.034096	GQGTQVTVSS	2	1
NODE1GEN_206644_source_fixed_pose_mpnn_source_id_P500K__FIXED_POSE_MPNN__53F648E960398F2F	15	generated_top3000	fixed_pose_mpnn	9e6y	1931	/data/qlyu/projects/pvrig_top7500_dualpanel_screen_v1_20260724/run/qc397_final50_fusion_developability_v1_20260726/final50_common4_bundle/representative_complexes/R15__NODE1GEN_206644_source_fixed_pose_mpnn_source_id_P500K__FIXED_POSE_MPNN__53F648E960398F2F__9e6y__s1931.pdb	1.000000	119.045753	30.016816	False		0	False	2	2	0	0	2.033763	GQGTQVTVSS	2	1
NODE1GEN_206644_source_fixed_pose_mpnn_source_id_P500K__FIXED_POSE_MPNN__53F648E960398F2F	15	generated_top3000	fixed_pose_mpnn	8x6b	3047	/data/qlyu/projects/pvrig_top7500_dualpanel_screen_v1_20260724/run/qc397_final50_fusion_developability_v1_20260726/final50_common4_bundle/representative_complexes/R15__NODE1GEN_206644_source_fixed_pose_mpnn_source_id_P500K__FIXED_POSE_MPNN__53F648E960398F2F__8x6b__s3047.pdb	1.000000	118.226844	25.925279	False		0	False	2	2	0	0	2.031740	GQGTQVTVSS	2	1
NODE1GEN_206644_source_fixed_pose_mpnn_source_id_P500K__FIXED_POSE_MPNN__53F648E960398F2F	15	generated_top3000	fixed_pose_mpnn	9e6y	3047	/data/qlyu/projects/pvrig_top7500_dualpanel_screen_v1_20260724/run/qc397_final50_fusion_developability_v1_20260726/final50_common4_bundle/representative_complexes/R15__NODE1GEN_206644_source_fixed_pose_mpnn_source_id_P500K__FIXED_POSE_MPNN__53F648E960398F2F__9e6y__s3047.pdb	1.000000	120.693455	26.598949	False		0	False	2	2	0	0	2.032515	GQGTQVTVSS	2	1
P1MCPUFP__CPUFP500K_0002__00919	16	existing_old_new7500_top200	c2_four_seed	8x6b	42	/data/qlyu/projects/pvrig_top7500_dualpanel_screen_v1_20260724/run/qc397_final50_fusion_developability_v1_20260726/final50_common4_bundle/representative_complexes/R16__P1MCPUFP__CPUFP500K_0002__00919__8x6b__s42.pdb	1.000000	112.706605	34.144326	False		0	False	2	2	0	0	2.033097	GQGTQVTVSS	2	1
P1MCPUFP__CPUFP500K_0002__00919	16	existing_old_new7500_top200	c2_four_seed	9e6y	42	/data/qlyu/projects/pvrig_top7500_dualpanel_screen_v1_20260724/run/qc397_final50_fusion_developability_v1_20260726/final50_common4_bundle/representative_complexes/R16__P1MCPUFP__CPUFP500K_0002__00919__9e6y__s42.pdb	1.000000	116.727090	29.653796	False		0	False	2	2	0	0	2.032710	GQGTQVTVSS	2	1
P1MCPUFP__CPUFP500K_0002__00919	16	existing_old_new7500_top200	c2_four_seed	8x6b	917	/data/qlyu/projects/pvrig_top7500_dualpanel_screen_v1_20260724/run/qc397_final50_fusion_developability_v1_20260726/final50_common4_bundle/representative_complexes/R16__P1MCPUFP__CPUFP500K_0002__00919__8x6b__s917.pdb	1.000000	121.719374	28.975929	False		0	False	2	2	0	0	2.032753	GQGTQVTVSS	2	1
P1MCPUFP__CPUFP500K_0002__00919	16	existing_old_new7500_top200	c2_four_seed	9e6y	917	/data/qlyu/projects/pvrig_top7500_dualpanel_screen_v1_20260724/run/qc397_final50_fusion_developability_v1_20260726/final50_common4_bundle/representative_complexes/R16__P1MCPUFP__CPUFP500K_0002__00919__9e6y__s917.pdb	1.000000	118.818804	28.826784	False		0	False	2	2	0	0	2.033268	GQGTQVTVSS	2	1
P1MCPUFP__CPUFP500K_0002__00919	16	existing_old_new7500_top200	c2_four_seed	8x6b	1931	/data/qlyu/projects/pvrig_top7500_dualpanel_screen_v1_20260724/run/qc397_final50_fusion_developability_v1_20260726/final50_common4_bundle/representative_complexes/R16__P1MCPUFP__CPUFP500K_0002__00919__8x6b__s1931.pdb	1.000000	126.420704	33.885522	False		0	False	2	2	0	0	2.033173	GQGTQVTVSS	2	1
P1MCPUFP__CPUFP500K_0002__00919	16	existing_old_new7500_top200	c2_four_seed	9e6y	1931	/data/qlyu/projects/pvrig_top7500_dualpanel_screen_v1_20260724/run/qc397_final50_fusion_developability_v1_20260726/final50_common4_bundle/representative_complexes/R16__P1MCPUFP__CPUFP500K_0002__00919__9e6y__s1931.pdb	1.000000	115.913124	29.024447	False		0	False	2	2	0	0	2.033816	GQGTQVTVSS	2	1
P1MCPUFP__CPUFP500K_0002__00919	16	existing_old_new7500_top200	c2_four_seed	8x6b	3047	/data/qlyu/projects/pvrig_top7500_dualpanel_screen_v1_20260724/run/qc397_final50_fusion_developability_v1_20260726/final50_common4_bundle/representative_complexes/R16__P1MCPUFP__CPUFP500K_0002__00919__8x6b__s3047.pdb	1.000000	118.226844	28.901167	False		0	False	2	2	0	0	2.032792	GQGTQVTVSS	2	1
P1MCPUFP__CPUFP500K_0002__00919	16	existing_old_new7500_top200	c2_four_seed	9e6y	3047	/data/qlyu/projects/pvrig_top7500_dualpanel_screen_v1_20260724/run/qc397_final50_fusion_developability_v1_20260726/final50_common4_bundle/representative_complexes/R16__P1MCPUFP__CPUFP500K_0002__00919__9e6y__s3047.pdb	1.000000	122.992180	33.677871	False		0	False	2	2	0	0	2.033185	GQGTQVTVSS	2	1
P1MCPUFP__CPUFP500K_0287__00804	17	existing_old_new7500_top200	c2_four_seed	8x6b	42	/data/qlyu/projects/pvrig_top7500_dualpanel_screen_v1_20260724/run/qc397_final50_fusion_developability_v1_20260726/final50_common4_bundle/representative_complexes/R17__P1MCPUFP__CPUFP500K_0287__00804__8x6b__s42.pdb	1.000000	120.096553	36.228878	False	42.332044	0	False	2	2	0	0	2.031344	GQGTMVTVSS	3	2
P1MCPUFP__CPUFP500K_0287__00804	17	existing_old_new7500_top200	c2_four_seed	9e6y	42	/data/qlyu/projects/pvrig_top7500_dualpanel_screen_v1_20260724/run/qc397_final50_fusion_developability_v1_20260726/final50_common4_bundle/representative_complexes/R17__P1MCPUFP__CPUFP500K_0287__00804__9e6y__s42.pdb	1.000000	136.114319	27.586094	False		0	False	2	2	0	0	2.031897	GQGTMVTVSS	3	2
P1MCPUFP__CPUFP500K_0287__00804	17	existing_old_new7500_top200	c2_four_seed	8x6b	917	/data/qlyu/projects/pvrig_top7500_dualpanel_screen_v1_20260724/run/qc397_final50_fusion_developability_v1_20260726/final50_common4_bundle/representative_complexes/R17__P1MCPUFP__CPUFP500K_0287__00804__8x6b__s917.pdb	1.000000	129.316331	26.060105	False		0	False	2	2	0	0	2.031614	GQGTMVTVSS	3	2
P1MCPUFP__CPUFP500K_0287__00804	17	existing_old_new7500_top200	c2_four_seed	9e6y	917	/data/qlyu/projects/pvrig_top7500_dualpanel_screen_v1_20260724/run/qc397_final50_fusion_developability_v1_20260726/final50_common4_bundle/representative_complexes/R17__P1MCPUFP__CPUFP500K_0287__00804__9e6y__s917.pdb	1.000000	126.938606	25.983842	False		0	False	2	2	0	0	2.032634	GQGTMVTVSS	3	2
P1MCPUFP__CPUFP500K_0287__00804	17	existing_old_new7500_top200	c2_four_seed	8x6b	1931	/data/qlyu/projects/pvrig_top7500_dualpanel_screen_v1_20260724/run/qc397_final50_fusion_developability_v1_20260726/final50_common4_bundle/representative_complexes/R17__P1MCPUFP__CPUFP500K_0287__00804__8x6b__s1931.pdb	1.000000	128.739367	26.892355	False		0	False	2	2	0	0	2.032894	GQGTMVTVSS	3	2
P1MCPUFP__CPUFP500K_0287__00804	17	existing_old_new7500_top200	c2_four_seed	9e6y	1931	/data/qlyu/projects/pvrig_top7500_dualpanel_screen_v1_20260724/run/qc397_final50_fusion_developability_v1_20260726/final50_common4_bundle/representative_complexes/R17__P1MCPUFP__CPUFP500K_0287__00804__9e6y__s1931.pdb	1.000000	124.634939	26.689211	False		0	False	2	2	0	0	2.033460	GQGTMVTVSS	3	2
P1MCPUFP__CPUFP500K_0287__00804	17	existing_old_new7500_top200	c2_four_seed	8x6b	3047	/data/qlyu/projects/pvrig_top7500_dualpanel_screen_v1_20260724/run/qc397_final50_fusion_developability_v1_20260726/final50_common4_bundle/representative_complexes/R17__P1MCPUFP__CPUFP500K_0287__00804__8x6b__s3047.pdb	1.000000	123.752026	41.778946	False	51.148059	0	False	2	2	0	0	2.032995	GQGTMVTVSS	3	2
P1MCPUFP__CPUFP500K_0287__00804	17	existing_old_new7500_top200	c2_four_seed	9e6y	3047	/data/qlyu/projects/pvrig_top7500_dualpanel_screen_v1_20260724/run/qc397_final50_fusion_developability_v1_20260726/final50_common4_bundle/representative_complexes/R17__P1MCPUFP__CPUFP500K_0287__00804__9e6y__s3047.pdb	1.000000	124.977771	28.691412	False		0	False	2	2	0	0	2.034318	GQGTMVTVSS	3	2
NODE1GEN_127352_source_rfantibody_source_id_PVRIG_RFAb_v2_P6_ekg_L_bb203_mpn04_arm_P6_ekg_L_backbone_P6_ekg_L_bb203_status_NEEDS_RF2_AND_DOCKING	18	generated_top3000	rfantibody	8x6b	42	/data/qlyu/projects/pvrig_top7500_dualpanel_screen_v1_20260724/run/qc397_final50_fusion_developability_v1_20260726/final50_common4_bundle/representative_complexes/R18__NODE1GEN_127352__8x6b__s42.pdb	1.000000	129.227445	31.951757	False		0	False	2	2	0	0	2.033233	GQGTLVTVSS	3	2
NODE1GEN_127352_source_rfantibody_source_id_PVRIG_RFAb_v2_P6_ekg_L_bb203_mpn04_arm_P6_ekg_L_backbone_P6_ekg_L_bb203_status_NEEDS_RF2_AND_DOCKING	18	generated_top3000	rfantibody	9e6y	42	/data/qlyu/projects/pvrig_top7500_dualpanel_screen_v1_20260724/run/qc397_final50_fusion_developability_v1_20260726/final50_common4_bundle/representative_complexes/R18__NODE1GEN_127352__9e6y__s42.pdb	1.000000	126.474823	32.053192	False		0	False	2	2	0	0	2.032632	GQGTLVTVSS	3	2
NODE1GEN_127352_source_rfantibody_source_id_PVRIG_RFAb_v2_P6_ekg_L_bb203_mpn04_arm_P6_ekg_L_backbone_P6_ekg_L_bb203_status_NEEDS_RF2_AND_DOCKING	18	generated_top3000	rfantibody	8x6b	917	/data/qlyu/projects/pvrig_top7500_dualpanel_screen_v1_20260724/run/qc397_final50_fusion_developability_v1_20260726/final50_common4_bundle/representative_complexes/R18__NODE1GEN_127352__8x6b__s917.pdb	1.000000	131.832119	31.418242	False		0	False	2	2	0	0	2.032484	GQGTLVTVSS	3	2
NODE1GEN_127352_source_rfantibody_source_id_PVRIG_RFAb_v2_P6_ekg_L_bb203_mpn04_arm_P6_ekg_L_backbone_P6_ekg_L_bb203_status_NEEDS_RF2_AND_DOCKING	18	generated_top3000	rfantibody	9e6y	917	/data/qlyu/projects/pvrig_top7500_dualpanel_screen_v1_20260724/run/qc397_final50_fusion_developability_v1_20260726/final50_common4_bundle/representative_complexes/R18__NODE1GEN_127352__9e6y__s917.pdb	1.000000	121.260534	31.863467	False		0	False	2	2	0	0	2.034050	GQGTLVTVSS	3	2
NODE1GEN_127352_source_rfantibody_source_id_PVRIG_RFAb_v2_P6_ekg_L_bb203_mpn04_arm_P6_ekg_L_backbone_P6_ekg_L_bb203_status_NEEDS_RF2_AND_DOCKING	18	generated_top3000	rfantibody	8x6b	1931	/data/qlyu/projects/pvrig_top7500_dualpanel_screen_v1_20260724/run/qc397_final50_fusion_developability_v1_20260726/final50_common4_bundle/representative_complexes/R18__NODE1GEN_127352__8x6b__s1931.pdb	1.000000	130.194302	31.572694	False	48.884306	0	False	2	2	0	0	2.033497	GQGTLVTVSS	3	2
NODE1GEN_127352_source_rfantibody_source_id_PVRIG_RFAb_v2_P6_ekg_L_bb203_mpn04_arm_P6_ekg_L_backbone_P6_ekg_L_bb203_status_NEEDS_RF2_AND_DOCKING	18	generated_top3000	rfantibody	9e6y	1931	/data/qlyu/projects/pvrig_top7500_dualpanel_screen_v1_20260724/run/qc397_final50_fusion_developability_v1_20260726/final50_common4_bundle/representative_complexes/R18__NODE1GEN_127352__9e6y__s1931.pdb	1.000000	117.605060	32.080925	False	49.888076	0	False	2	2	0	0	2.033839	GQGTLVTVSS	3	2
NODE1GEN_127352_source_rfantibody_source_id_PVRIG_RFAb_v2_P6_ekg_L_bb203_mpn04_arm_P6_ekg_L_backbone_P6_ekg_L_bb203_status_NEEDS_RF2_AND_DOCKING	18	generated_top3000	rfantibody	8x6b	3047	/data/qlyu/projects/pvrig_top7500_dualpanel_screen_v1_20260724/run/qc397_final50_fusion_developability_v1_20260726/final50_common4_bundle/representative_complexes/R18__NODE1GEN_127352__8x6b__s3047.pdb	1.000000	129.513456	27.866355	False	44.436431	0	False	2	2	0	0	2.032905	GQGTLVTVSS	3	2
NODE1GEN_127352_source_rfantibody_source_id_PVRIG_RFAb_v2_P6_ekg_L_bb203_mpn04_arm_P6_ekg_L_backbone_P6_ekg_L_bb203_status_NEEDS_RF2_AND_DOCKING	18	generated_top3000	rfantibody	9e6y	3047	/data/qlyu/projects/pvrig_top7500_dualpanel_screen_v1_20260724/run/qc397_final50_fusion_developability_v1_20260726/final50_common4_bundle/representative_complexes/R18__NODE1GEN_127352__9e6y__s3047.pdb	1.000000	129.370450	33.347831	False	49.141192	0	False	2	2	0	0	2.033348	GQGTLVTVSS	3	2
P1MCPUFP__CPUFP500K_0089__00735	19	existing_old_new7500_top200	c2_four_seed	8x6b	42	/data/qlyu/projects/pvrig_top7500_dualpanel_screen_v1_20260724/run/qc397_final50_fusion_developability_v1_20260726/final50_common4_bundle/representative_complexes/R19__P1MCPUFP__CPUFP500K_0089__00735__8x6b__s42.pdb	1.000000	129.849229	33.598958	False		0	False	2	2	0	0	2.031545	GQGTMVTVSS	3	2
P1MCPUFP__CPUFP500K_0089__00735	19	existing_old_new7500_top200	c2_four_seed	9e6y	42	/data/qlyu/projects/pvrig_top7500_dualpanel_screen_v1_20260724/run/qc397_final50_fusion_developability_v1_20260726/final50_common4_bundle/representative_complexes/R19__P1MCPUFP__CPUFP500K_0089__00735__9e6y__s42.pdb	1.000000	127.397446	34.982586	False		0	False	2	2	0	0	2.032500	GQGTMVTVSS	3	2
P1MCPUFP__CPUFP500K_0089__00735	19	existing_old_new7500_top200	c2_four_seed	8x6b	917	/data/qlyu/projects/pvrig_top7500_dualpanel_screen_v1_20260724/run/qc397_final50_fusion_developability_v1_20260726/final50_common4_bundle/representative_complexes/R19__P1MCPUFP__CPUFP500K_0089__00735__8x6b__s917.pdb	1.000000	128.517361	31.480961	False		0	False	2	2	0	0	2.031792	GQGTMVTVSS	3	2
P1MCPUFP__CPUFP500K_0089__00735	19	existing_old_new7500_top200	c2_four_seed	9e6y	917	/data/qlyu/projects/pvrig_top7500_dualpanel_screen_v1_20260724/run/qc397_final50_fusion_developability_v1_20260726/final50_common4_bundle/representative_complexes/R19__P1MCPUFP__CPUFP500K_0089__00735__9e6y__s917.pdb	1.000000	129.706224	32.032456	False		0	False	2	2	0	0	2.031454	GQGTMVTVSS	3	2
P1MCPUFP__CPUFP500K_0089__00735	19	existing_old_new7500_top200	c2_four_seed	8x6b	1931	/data/qlyu/projects/pvrig_top7500_dualpanel_screen_v1_20260724/run/qc397_final50_fusion_developability_v1_20260726/final50_common4_bundle/representative_complexes/R19__P1MCPUFP__CPUFP500K_0089__00735__8x6b__s1931.pdb	1.000000	124.392995	33.295735	False		0	False	2	2	0	0	2.032064	GQGTMVTVSS	3	2
P1MCPUFP__CPUFP500K_0089__00735	19	existing_old_new7500_top200	c2_four_seed	9e6y	1931	/data/qlyu/projects/pvrig_top7500_dualpanel_screen_v1_20260724/run/qc397_final50_fusion_developability_v1_20260726/final50_common4_bundle/representative_complexes/R19__P1MCPUFP__CPUFP500K_0089__00735__9e6y__s1931.pdb	1.000000	129.242273	33.458690	False		0	False	2	2	0	0	2.032371	GQGTMVTVSS	3	2
P1MCPUFP__CPUFP500K_0089__00735	19	existing_old_new7500_top200	c2_four_seed	8x6b	3047	/data/qlyu/projects/pvrig_top7500_dualpanel_screen_v1_20260724/run/qc397_final50_fusion_developability_v1_20260726/final50_common4_bundle/representative_complexes/R19__P1MCPUFP__CPUFP500K_0089__00735__8x6b__s3047.pdb	1.000000	122.242219	33.341704	False		0	False	2	2	0	0	2.030505	GQGTMVTVSS	3	2
P1MCPUFP__CPUFP500K_0089__00735	19	existing_old_new7500_top200	c2_four_seed	9e6y	3047	/data/qlyu/projects/pvrig_top7500_dualpanel_screen_v1_20260724/run/qc397_final50_fusion_developability_v1_20260726/final50_common4_bundle/representative_complexes/R19__P1MCPUFP__CPUFP500K_0089__00735__9e6y__s3047.pdb	1.000000	121.275362	35.497274	False		0	False	2	2	0	0	2.031374	GQGTMVTVSS	3	2
NODE1GEN_258472_source_fixed_pose_mpnn_source_id_P500K__FIXED_POSE_MPNN__2E2B33208D567583	20	generated_top3000	fixed_pose_mpnn	8x6b	42	/data/qlyu/projects/pvrig_top7500_dualpanel_screen_v1_20260724/run/qc397_final50_fusion_developability_v1_20260726/final50_common4_bundle/representative_complexes/R20__NODE1GEN_258472_source_fixed_pose_mpnn_source_id_P500K__FIXED_POSE_MPNN__2E2B33208D567583__8x6b__s42.pdb	1.000000	117.935891	29.887522	False		0	False	2	2	0	0	2.030539	GQGTQVTVSS	2	1
NODE1GEN_258472_source_fixed_pose_mpnn_source_id_P500K__FIXED_POSE_MPNN__2E2B33208D567583	20	generated_top3000	fixed_pose_mpnn	9e6y	42	/data/qlyu/projects/pvrig_top7500_dualpanel_screen_v1_20260724/run/qc397_final50_fusion_developability_v1_20260726/final50_common4_bundle/representative_complexes/R20__NODE1GEN_258472_source_fixed_pose_mpnn_source_id_P500K__FIXED_POSE_MPNN__2E2B33208D567583__9e6y__s42.pdb	1.000000	116.441079	30.499020	False		0	False	2	2	0	0	2.029055	GQGTQVTVSS	2	1
NODE1GEN_258472_source_fixed_pose_mpnn_source_id_P500K__FIXED_POSE_MPNN__2E2B33208D567583	20	generated_top3000	fixed_pose_mpnn	8x6b	917	/data/qlyu/projects/pvrig_top7500_dualpanel_screen_v1_20260724/run/qc397_final50_fusion_developability_v1_20260726/final50_common4_bundle/representative_complexes/R20__NODE1GEN_258472_source_fixed_pose_mpnn_source_id_P500K__FIXED_POSE_MPNN__2E2B33208D567583__8x6b__s917.pdb	1.000000	123.150181	30.317741	False		0	False	2	2	0	0	2.030060	GQGTQVTVSS	2	1
NODE1GEN_258472_source_fixed_pose_mpnn_source_id_P500K__FIXED_POSE_MPNN__2E2B33208D567583	20	generated_top3000	fixed_pose_mpnn	9e6y	917	/data/qlyu/projects/pvrig_top7500_dualpanel_screen_v1_20260724/run/qc397_final50_fusion_developability_v1_20260726/final50_common4_bundle/representative_complexes/R20__NODE1GEN_258472_source_fixed_pose_mpnn_source_id_P500K__FIXED_POSE_MPNN__2E2B33208D567583__9e6y__s917.pdb	1.000000	122.104324	29.967155	False		0	False	2	2	0	0	2.029622	GQGTQVTVSS	2	1
NODE1GEN_258472_source_fixed_pose_mpnn_source_id_P500K__FIXED_POSE_MPNN__2E2B33208D567583	20	generated_top3000	fixed_pose_mpnn	8x6b	1931	/data/qlyu/projects/pvrig_top7500_dualpanel_screen_v1_20260724/run/qc397_final50_fusion_developability_v1_20260726/final50_common4_bundle/representative_complexes/R20__NODE1GEN_258472_source_fixed_pose_mpnn_source_id_P500K__FIXED_POSE_MPNN__2E2B33208D567583__8x6b__s1931.pdb	1.000000	122.701226	30.619990	False		0	False	2	2	0	0	2.029300	GQGTQVTVSS	2	1
NODE1GEN_258472_source_fixed_pose_mpnn_source_id_P500K__FIXED_POSE_MPNN__2E2B33208D567583	20	generated_top3000	fixed_pose_mpnn	9e6y	1931	/data/qlyu/projects/pvrig_top7500_dualpanel_screen_v1_20260724/run/qc397_final50_fusion_developability_v1_20260726/final50_common4_bundle/representative_complexes/R20__NODE1GEN_258472_source_fixed_pose_mpnn_source_id_P500K__FIXED_POSE_MPNN__2E2B33208D567583__9e6y__s1931.pdb	1.000000	126.721711	30.663413	False		0	False	2	2	0	0	2.028909	GQGTQVTVSS	2	1
NODE1GEN_258472_source_fixed_pose_mpnn_source_id_P500K__FIXED_POSE_MPNN__2E2B33208D567583	20	generated_top3000	fixed_pose_mpnn	8x6b	3047	/data/qlyu/projects/pvrig_top7500_dualpanel_screen_v1_20260724/run/qc397_final50_fusion_developability_v1_20260726/final50_common4_bundle/representative_complexes/R20__NODE1GEN_258472_source_fixed_pose_mpnn_source_id_P500K__FIXED_POSE_MPNN__2E2B33208D567583__8x6b__s3047.pdb	1.000000	125.083894	30.948010	False		0	False	2	2	0	0	2.028684	GQGTQVTVSS	2	1
NODE1GEN_258472_source_fixed_pose_mpnn_source_id_P500K__FIXED_POSE_MPNN__2E2B33208D567583	20	generated_top3000	fixed_pose_mpnn	9e6y	3047	/data/qlyu/projects/pvrig_top7500_dualpanel_screen_v1_20260724/run/qc397_final50_fusion_developability_v1_20260726/final50_common4_bundle/representative_complexes/R20__NODE1GEN_258472_source_fixed_pose_mpnn_source_id_P500K__FIXED_POSE_MPNN__2E2B33208D567583__9e6y__s3047.pdb	1.000000	123.150181	30.049805	False		0	False	2	2	0	0	2.028613	GQGTQVTVSS	2	1
P1MCPUFP__CPUFP500K_0299__00780	21	existing_old_new7500_top200	c2_four_seed	8x6b	42	/data/qlyu/projects/pvrig_top7500_dualpanel_screen_v1_20260724/run/qc397_final50_fusion_developability_v1_20260726/final50_common4_bundle/representative_complexes/R21__P1MCPUFP__CPUFP500K_0299__00780__8x6b__s42.pdb	1.000000	124.407991	32.754597	False		0	False	2	2	0	0	2.031724	GQGTQVTVSS	2	1
P1MCPUFP__CPUFP500K_0299__00780	21	existing_old_new7500_top200	c2_four_seed	9e6y	42	/data/qlyu/projects/pvrig_top7500_dualpanel_screen_v1_20260724/run/qc397_final50_fusion_developability_v1_20260726/final50_common4_bundle/representative_complexes/R21__P1MCPUFP__CPUFP500K_0299__00780__9e6y__s42.pdb	1.000000	118.601741	35.689511	False		0	False	2	2	0	0	2.030616	GQGTQVTVSS	2	1
P1MCPUFP__CPUFP500K_0299__00780	21	existing_old_new7500_top200	c2_four_seed	8x6b	917	/data/qlyu/projects/pvrig_top7500_dualpanel_screen_v1_20260724/run/qc397_final50_fusion_developability_v1_20260726/final50_common4_bundle/representative_complexes/R21__P1MCPUFP__CPUFP500K_0299__00780__8x6b__s917.pdb	1.000000	124.038037	32.869143	False		0	False	2	2	0	0	2.031843	GQGTQVTVSS	2	1
P1MCPUFP__CPUFP500K_0299__00780	21	existing_old_new7500_top200	c2_four_seed	9e6y	917	/data/qlyu/projects/pvrig_top7500_dualpanel_screen_v1_20260724/run/qc397_final50_fusion_developability_v1_20260726/final50_common4_bundle/representative_complexes/R21__P1MCPUFP__CPUFP500K_0299__00780__9e6y__s917.pdb	1.000000	117.772947	35.107374	False		0	False	2	2	0	0	2.030484	GQGTQVTVSS	2	1
P1MCPUFP__CPUFP500K_0299__00780	21	existing_old_new7500_top200	c2_four_seed	8x6b	1931	/data/qlyu/projects/pvrig_top7500_dualpanel_screen_v1_20260724/run/qc397_final50_fusion_developability_v1_20260726/final50_common4_bundle/representative_complexes/R21__P1MCPUFP__CPUFP500K_0299__00780__8x6b__s1931.pdb	1.000000	115.311279	35.633501	False		0	False	2	2	0	0	2.031863	GQGTQVTVSS	2	1
P1MCPUFP__CPUFP500K_0299__00780	21	existing_old_new7500_top200	c2_four_seed	9e6y	1931	/data/qlyu/projects/pvrig_top7500_dualpanel_screen_v1_20260724/run/qc397_final50_fusion_developability_v1_20260726/final50_common4_bundle/representative_complexes/R21__P1MCPUFP__CPUFP500K_0299__00780__9e6y__s1931.pdb	1.000000	123.362133	33.363783	False		0	False	2	2	0	0	2.032315	GQGTQVTVSS	2	1
P1MCPUFP__CPUFP500K_0299__00780	21	existing_old_new7500_top200	c2_four_seed	8x6b	3047	/data/qlyu/projects/pvrig_top7500_dualpanel_screen_v1_20260724/run/qc397_final50_fusion_developability_v1_20260726/final50_common4_bundle/representative_complexes/R21__P1MCPUFP__CPUFP500K_0299__00780__8x6b__s3047.pdb	1.000000	118.369850	33.234189	False		0	False	2	2	0	0	2.030855	GQGTQVTVSS	2	1
P1MCPUFP__CPUFP500K_0299__00780	21	existing_old_new7500_top200	c2_four_seed	9e6y	3047	/data/qlyu/projects/pvrig_top7500_dualpanel_screen_v1_20260724/run/qc397_final50_fusion_developability_v1_20260726/final50_common4_bundle/representative_complexes/R21__P1MCPUFP__CPUFP500K_0299__00780__9e6y__s3047.pdb	1.000000	122.765231	33.851370	False		0	False	2	2	0	0	2.031316	GQGTQVTVSS	2	1
P1MCPUFP__CPUFP500K_0189__00858	22	existing_old_new7500_top200	old_top7500	8x6b	42	/data/qlyu/projects/pvrig_top7500_dualpanel_screen_v1_20260724/run/qc397_final50_fusion_developability_v1_20260726/final50_common4_bundle/representative_complexes/R22__P1MCPUFP__CPUFP500K_0189__00858__8x6b__s42.pdb	1.000000	129.883410	36.056530	False	36.872131	0	False	2	2	0	0	2.031725	GQGTMVTVSS	3	2
P1MCPUFP__CPUFP500K_0189__00858	22	existing_old_new7500_top200	old_top7500	9e6y	42	/data/qlyu/projects/pvrig_top7500_dualpanel_screen_v1_20260724/run/qc397_final50_fusion_developability_v1_20260726/final50_common4_bundle/representative_complexes/R22__P1MCPUFP__CPUFP500K_0189__00858__9e6y__s42.pdb	1.000000	124.442171	37.224666	False	39.624689	0	False	2	2	0	0	2.032328	GQGTMVTVSS	3	2
P1MCPUFP__CPUFP500K_0189__00858	22	existing_old_new7500_top200	old_top7500	8x6b	917	/data/qlyu/projects/pvrig_top7500_dualpanel_screen_v1_20260724/run/qc397_final50_fusion_developability_v1_20260726/final50_common4_bundle/representative_complexes/R22__P1MCPUFP__CPUFP500K_0189__00858__8x6b__s917.pdb	1.000000	140.765887	35.444649	False	38.824788	0	False	2	2	0	0	2.032199	GQGTMVTVSS	3	2
P1MCPUFP__CPUFP500K_0189__00858	22	existing_old_new7500_top200	old_top7500	9e6y	917	/data/qlyu/projects/pvrig_top7500_dualpanel_screen_v1_20260724/run/qc397_final50_fusion_developability_v1_20260726/final50_common4_bundle/representative_complexes/R22__P1MCPUFP__CPUFP500K_0189__00858__9e6y__s917.pdb	1.000000	131.832119	35.029702	False	39.479292	0	False	2	2	0	0	2.032109	GQGTMVTVSS	3	2
P1MCPUFP__CPUFP500K_0189__00858	22	existing_old_new7500_top200	old_top7500	8x6b	1931	/data/qlyu/projects/pvrig_top7500_dualpanel_screen_v1_20260724/run/qc397_final50_fusion_developability_v1_20260726/final50_common4_bundle/representative_complexes/R22__P1MCPUFP__CPUFP500K_0189__00858__8x6b__s1931.pdb	1.000000	128.778491	35.544564	False	40.374779	0	False	2	2	0	0	2.032306	GQGTMVTVSS	3	2
P1MCPUFP__CPUFP500K_0189__00858	22	existing_old_new7500_top200	old_top7500	9e6y	1931	/data/qlyu/projects/pvrig_top7500_dualpanel_screen_v1_20260724/run/qc397_final50_fusion_developability_v1_20260726/final50_common4_bundle/representative_complexes/R22__P1MCPUFP__CPUFP500K_0189__00858__9e6y__s1931.pdb	1.000000	136.634336	36.896684	False	36.667665	0	False	2	2	0	0	2.032379	GQGTMVTVSS	3	2
P1MCPUFP__CPUFP500K_0189__00858	22	existing_old_new7500_top200	old_top7500	8x6b	3047	/data/qlyu/projects/pvrig_top7500_dualpanel_screen_v1_20260724/run/qc397_final50_fusion_developability_v1_20260726/final50_common4_bundle/representative_complexes/R22__P1MCPUFP__CPUFP500K_0189__00858__8x6b__s3047.pdb	1.000000	134.954694	38.154983	False	38.241922	0	False	2	2	0	0	2.031458	GQGTMVTVSS	3	2
P1MCPUFP__CPUFP500K_0189__00858	22	existing_old_new7500_top200	old_top7500	9e6y	3047	/data/qlyu/projects/pvrig_top7500_dualpanel_screen_v1_20260724/run/qc397_final50_fusion_developability_v1_20260726/final50_common4_bundle/representative_complexes/R22__P1MCPUFP__CPUFP500K_0189__00858__9e6y__s3047.pdb	1.000000	128.630542	35.594347	False	37.794662	0	False	2	2	0	0	2.031434	GQGTMVTVSS	3	2
NODE1GEN_174576_source_fixed_pose_mpnn_source_id_P500K__FIXED_POSE_MPNN__D5384A7F42146722	23	generated_top3000	fixed_pose_mpnn	8x6b	42	/data/qlyu/projects/pvrig_top7500_dualpanel_screen_v1_20260724/run/qc397_final50_fusion_developability_v1_20260726/final50_common4_bundle/representative_complexes/R23__NODE1GEN_174576_source_fixed_pose_mpnn_source_id_P500K__FIXED_POSE_MPNN__D5384A7F42146722__8x6b__s42.pdb	1.000000	129.370450	32.319024	False		0	False	2	2	0	0	2.031608	GQGTMVTVSS	3	2
NODE1GEN_174576_source_fixed_pose_mpnn_source_id_P500K__FIXED_POSE_MPNN__D5384A7F42146722	23	generated_top3000	fixed_pose_mpnn	9e6y	42	/data/qlyu/projects/pvrig_top7500_dualpanel_screen_v1_20260724/run/qc397_final50_fusion_developability_v1_20260726/final50_common4_bundle/representative_complexes/R23__NODE1GEN_174576_source_fixed_pose_mpnn_source_id_P500K__FIXED_POSE_MPNN__D5384A7F42146722__9e6y__s42.pdb	1.000000	126.760834	32.221629	False		0	False	2	2	0	0	2.030818	GQGTMVTVSS	3	2
NODE1GEN_174576_source_fixed_pose_mpnn_source_id_P500K__FIXED_POSE_MPNN__D5384A7F42146722	23	generated_top3000	fixed_pose_mpnn	8x6b	917	/data/qlyu/projects/pvrig_top7500_dualpanel_screen_v1_20260724/run/qc397_final50_fusion_developability_v1_20260726/final50_common4_bundle/representative_complexes/R23__NODE1GEN_174576_source_fixed_pose_mpnn_source_id_P500K__FIXED_POSE_MPNN__D5384A7F42146722__8x6b__s917.pdb	1.000000	135.329591	31.369956	False	41.561394	0	False	2	2	0	0	2.032026	GQGTMVTVSS	3	2
NODE1GEN_174576_source_fixed_pose_mpnn_source_id_P500K__FIXED_POSE_MPNN__D5384A7F42146722	23	generated_top3000	fixed_pose_mpnn	9e6y	917	/data/qlyu/projects/pvrig_top7500_dualpanel_screen_v1_20260724/run/qc397_final50_fusion_developability_v1_20260726/final50_common4_bundle/representative_complexes/R23__NODE1GEN_174576_source_fixed_pose_mpnn_source_id_P500K__FIXED_POSE_MPNN__D5384A7F42146722__9e6y__s917.pdb	1.000000	135.921551	32.182023	False	41.618872	0	False	2	2	0	0	2.032054	GQGTMVTVSS	3	2
NODE1GEN_174576_source_fixed_pose_mpnn_source_id_P500K__FIXED_POSE_MPNN__D5384A7F42146722	23	generated_top3000	fixed_pose_mpnn	8x6b	1931	/data/qlyu/projects/pvrig_top7500_dualpanel_screen_v1_20260724/run/qc397_final50_fusion_developability_v1_20260726/final50_common4_bundle/representative_complexes/R23__NODE1GEN_174576_source_fixed_pose_mpnn_source_id_P500K__FIXED_POSE_MPNN__D5384A7F42146722__8x6b__s1931.pdb	1.000000	128.329536	32.257769	False	43.835155	0	False	2	2	0	0	2.031524	GQGTMVTVSS	3	2
NODE1GEN_174576_source_fixed_pose_mpnn_source_id_P500K__FIXED_POSE_MPNN__D5384A7F42146722	23	generated_top3000	fixed_pose_mpnn	9e6y	1931	/data/qlyu/projects/pvrig_top7500_dualpanel_screen_v1_20260724/run/qc397_final50_fusion_developability_v1_20260726/final50_common4_bundle/representative_complexes/R23__NODE1GEN_174576_source_fixed_pose_mpnn_source_id_P500K__FIXED_POSE_MPNN__D5384A7F42146722__9e6y__s1931.pdb	1.000000	131.077215	32.317446	False	44.639863	0	False	2	2	0	0	2.032448	GQGTMVTVSS	3	2
NODE1GEN_174576_source_fixed_pose_mpnn_source_id_P500K__FIXED_POSE_MPNN__D5384A7F42146722	23	generated_top3000	fixed_pose_mpnn	8x6b	3047	/data/qlyu/projects/pvrig_top7500_dualpanel_screen_v1_20260724/run/qc397_final50_fusion_developability_v1_20260726/final50_common4_bundle/representative_complexes/R23__NODE1GEN_174576_source_fixed_pose_mpnn_source_id_P500K__FIXED_POSE_MPNN__D5384A7F42146722__8x6b__s3047.pdb	1.000000	138.980122	32.619063	False	40.950340	0	False	2	2	0	0	2.032215	GQGTMVTVSS	3	2
NODE1GEN_174576_source_fixed_pose_mpnn_source_id_P500K__FIXED_POSE_MPNN__D5384A7F42146722	23	generated_top3000	fixed_pose_mpnn	9e6y	3047	/data/qlyu/projects/pvrig_top7500_dualpanel_screen_v1_20260724/run/qc397_final50_fusion_developability_v1_20260726/final50_common4_bundle/representative_complexes/R23__NODE1GEN_174576_source_fixed_pose_mpnn_source_id_P500K__FIXED_POSE_MPNN__D5384A7F42146722__9e6y__s3047.pdb	1.000000	132.715032	32.239391	False		0	False	2	2	0	0	2.032238	GQGTMVTVSS	3	2
NODE1GEN_002130_source_rfantibody_source_id_PVRIG_RFAb_v2_P1_ekg_L_bb177_mpn10_arm_P1_ekg_L_backbone_P1_ekg_L_bb177_status_NEEDS_RF2_AND_DOCKING	24	generated_top3000	rfantibody	8x6b	42	/data/qlyu/projects/pvrig_top7500_dualpanel_screen_v1_20260724/run/qc397_final50_fusion_developability_v1_20260726/final50_common4_bundle/representative_complexes/R24__NODE1GEN_002130__8x6b__s42.pdb	1.000000	127.234670	33.344208	False		0	False	2	2	0	0	2.033599	GQGTLVTVSS	3	2
NODE1GEN_002130_source_rfantibody_source_id_PVRIG_RFAb_v2_P1_ekg_L_bb177_mpn10_arm_P1_ekg_L_backbone_P1_ekg_L_bb177_status_NEEDS_RF2_AND_DOCKING	24	generated_top3000	rfantibody	9e6y	42	/data/qlyu/projects/pvrig_top7500_dualpanel_screen_v1_20260724/run/qc397_final50_fusion_developability_v1_20260726/final50_common4_bundle/representative_complexes/R24__NODE1GEN_002130__9e6y__s42.pdb	1.000000	131.403103	33.965219	False		0	False	2	2	0	0	2.032515	GQGTLVTVSS	3	2
NODE1GEN_002130_source_rfantibody_source_id_PVRIG_RFAb_v2_P1_ekg_L_bb177_mpn10_arm_P1_ekg_L_backbone_P1_ekg_L_bb177_status_NEEDS_RF2_AND_DOCKING	24	generated_top3000	rfantibody	8x6b	917	/data/qlyu/projects/pvrig_top7500_dualpanel_screen_v1_20260724/run/qc397_final50_fusion_developability_v1_20260726/final50_common4_bundle/representative_complexes/R24__NODE1GEN_002130__8x6b__s917.pdb	1.000000	131.260097	36.090914	False		0	False	2	2	0	0	2.033628	GQGTLVTVSS	3	2
NODE1GEN_002130_source_rfantibody_source_id_PVRIG_RFAb_v2_P1_ekg_L_bb177_mpn10_arm_P1_ekg_L_backbone_P1_ekg_L_bb177_status_NEEDS_RF2_AND_DOCKING	24	generated_top3000	rfantibody	9e6y	917	/data/qlyu/projects/pvrig_top7500_dualpanel_screen_v1_20260724/run/qc397_final50_fusion_developability_v1_20260726/final50_common4_bundle/representative_complexes/R24__NODE1GEN_002130__9e6y__s917.pdb	1.000000	134.318668	34.492563	False		0	False	2	2	0	0	2.033486	GQGTLVTVSS	3	2
NODE1GEN_002130_source_rfantibody_source_id_PVRIG_RFAb_v2_P1_ekg_L_bb177_mpn10_arm_P1_ekg_L_backbone_P1_ekg_L_bb177_status_NEEDS_RF2_AND_DOCKING	24	generated_top3000	rfantibody	8x6b	1931	/data/qlyu/projects/pvrig_top7500_dualpanel_screen_v1_20260724/run/qc397_final50_fusion_developability_v1_20260726/final50_common4_bundle/representative_complexes/R24__NODE1GEN_002130__8x6b__s1931.pdb	1.000000	130.071235	33.871396	False		0	False	2	2	0	0	2.033333	GQGTLVTVSS	3	2
NODE1GEN_002130_source_rfantibody_source_id_PVRIG_RFAb_v2_P1_ekg_L_bb177_mpn10_arm_P1_ekg_L_backbone_P1_ekg_L_bb177_status_NEEDS_RF2_AND_DOCKING	24	generated_top3000	rfantibody	9e6y	1931	/data/qlyu/projects/pvrig_top7500_dualpanel_screen_v1_20260724/run/qc397_final50_fusion_developability_v1_20260726/final50_common4_bundle/representative_complexes/R24__NODE1GEN_002130__9e6y__s1931.pdb	1.000000	124.033094	34.487472	False		0	False	2	2	0	0	2.033822	GQGTLVTVSS	3	2
NODE1GEN_002130_source_rfantibody_source_id_PVRIG_RFAb_v2_P1_ekg_L_bb177_mpn10_arm_P1_ekg_L_backbone_P1_ekg_L_bb177_status_NEEDS_RF2_AND_DOCKING	24	generated_top3000	rfantibody	8x6b	3047	/data/qlyu/projects/pvrig_top7500_dualpanel_screen_v1_20260724/run/qc397_final50_fusion_developability_v1_20260726/final50_common4_bundle/representative_complexes/R24__NODE1GEN_002130__8x6b__s3047.pdb	1.000000	130.071235	33.997701	False		0	False	2	2	0	0	2.032812	GQGTLVTVSS	3	2
NODE1GEN_002130_source_rfantibody_source_id_PVRIG_RFAb_v2_P1_ekg_L_bb177_mpn10_arm_P1_ekg_L_backbone_P1_ekg_L_bb177_status_NEEDS_RF2_AND_DOCKING	24	generated_top3000	rfantibody	9e6y	3047	/data/qlyu/projects/pvrig_top7500_dualpanel_screen_v1_20260724/run/qc397_final50_fusion_developability_v1_20260726/final50_common4_bundle/representative_complexes/R24__NODE1GEN_002130__9e6y__s3047.pdb	1.000000	127.419500	33.269800	False		0	False	2	2	0	0	2.033156	GQGTLVTVSS	3	2
P1MCPUFP__CPUFP500K_0380__00771	25	existing_old_new7500_top200	c2_four_seed	8x6b	42	/data/qlyu/projects/pvrig_top7500_dualpanel_screen_v1_20260724/run/qc397_final50_fusion_developability_v1_20260726/final50_common4_bundle/representative_complexes/R25__P1MCPUFP__CPUFP500K_0380__00771__8x6b__s42.pdb	1.000000	134.298730	37.112627	False		0	False	2	2	0	0	2.030580	GQGTMVTVSS	3	2
P1MCPUFP__CPUFP500K_0380__00771	25	existing_old_new7500_top200	c2_four_seed	9e6y	42	/data/qlyu/projects/pvrig_top7500_dualpanel_screen_v1_20260724/run/qc397_final50_fusion_developability_v1_20260726/final50_common4_bundle/representative_complexes/R25__P1MCPUFP__CPUFP500K_0380__00771__9e6y__s42.pdb	1.000000	137.130352	38.408358	False		0	False	2	2	0	0	2.031745	GQGTMVTVSS	3	2
P1MCPUFP__CPUFP500K_0380__00771	25	existing_old_new7500_top200	c2_four_seed	8x6b	917	/data/qlyu/projects/pvrig_top7500_dualpanel_screen_v1_20260724/run/qc397_final50_fusion_developability_v1_20260726/final50_common4_bundle/representative_complexes/R25__P1MCPUFP__CPUFP500K_0380__00771__8x6b__s917.pdb	1.000000	122.449396	38.588457	False		0	False	2	2	0	0	2.031512	GQGTMVTVSS	3	2
P1MCPUFP__CPUFP500K_0380__00771	25	existing_old_new7500_top200	c2_four_seed	9e6y	917	/data/qlyu/projects/pvrig_top7500_dualpanel_screen_v1_20260724/run/qc397_final50_fusion_developability_v1_20260726/final50_common4_bundle/representative_complexes/R25__P1MCPUFP__CPUFP500K_0380__00771__9e6y__s917.pdb	1.000000	132.508022	30.925863	False		0	False	2	2	0	0	2.031658	GQGTMVTVSS	3	2
P1MCPUFP__CPUFP500K_0380__00771	25	existing_old_new7500_top200	c2_four_seed	8x6b	1931	/data/qlyu/projects/pvrig_top7500_dualpanel_screen_v1_20260724/run/qc397_final50_fusion_developability_v1_20260726/final50_common4_bundle/representative_complexes/R25__P1MCPUFP__CPUFP500K_0380__00771__8x6b__s1931.pdb	1.000000	129.449451	37.396680	False		0	False	2	2	0	0	2.031032	GQGTMVTVSS	3	2
P1MCPUFP__CPUFP500K_0380__00771	25	existing_old_new7500_top200	c2_four_seed	9e6y	1931	/data/qlyu/projects/pvrig_top7500_dualpanel_screen_v1_20260724/run/qc397_final50_fusion_developability_v1_20260726/final50_common4_bundle/representative_complexes/R25__P1MCPUFP__CPUFP500K_0380__00771__9e6y__s1931.pdb	1.000000	135.260643	36.935040	False		0	False	2	2	0	0	2.030865	GQGTMVTVSS	3	2
P1MCPUFP__CPUFP500K_0380__00771	25	existing_old_new7500_top200	c2_four_seed	8x6b	3047	/data/qlyu/projects/pvrig_top7500_dualpanel_screen_v1_20260724/run/qc397_final50_fusion_developability_v1_20260726/final50_common4_bundle/representative_complexes/R25__P1MCPUFP__CPUFP500K_0380__00771__8x6b__s3047.pdb	1.000000	129.222502	37.586081	False		0	False	2	2	0	0	2.030826	GQGTMVTVSS	3	2
P1MCPUFP__CPUFP500K_0380__00771	25	existing_old_new7500_top200	c2_four_seed	9e6y	3047	/data/qlyu/projects/pvrig_top7500_dualpanel_screen_v1_20260724/run/qc397_final50_fusion_developability_v1_20260726/final50_common4_bundle/representative_complexes/R25__P1MCPUFP__CPUFP500K_0380__00771__9e6y__s3047.pdb	1.000000	139.059122	38.739216	False		0	False	2	2	0	0	2.030455	GQGTMVTVSS	3	2
NODE1GEN_217675_source_fixed_pose_mpnn_source_id_P500K__FIXED_POSE_MPNN__68DDB4A6D7CBCA89	26	generated_top3000	fixed_pose_mpnn	8x6b	42	/data/qlyu/projects/pvrig_top7500_dualpanel_screen_v1_20260724/run/qc397_final50_fusion_developability_v1_20260726/final50_common4_bundle/representative_complexes/R26__NODE1GEN_217675_source_fixed_pose_mpnn_source_id_P500K__FIXED_POSE_MPNN__68DDB4A6D7CBCA89__8x6b__s42.pdb	1.000000	132.685794	31.044657	False		0	False	2	2	0	0	2.033358	GQGTMVTVSS	3	2
NODE1GEN_217675_source_fixed_pose_mpnn_source_id_P500K__FIXED_POSE_MPNN__68DDB4A6D7CBCA89	26	generated_top3000	fixed_pose_mpnn	9e6y	42	/data/qlyu/projects/pvrig_top7500_dualpanel_screen_v1_20260724/run/qc397_final50_fusion_developability_v1_20260726/final50_common4_bundle/representative_complexes/R26__NODE1GEN_217675_source_fixed_pose_mpnn_source_id_P500K__FIXED_POSE_MPNN__68DDB4A6D7CBCA89__9e6y__s42.pdb	1.000000	125.073841	35.157855	False		0	False	2	2	0	0	2.032064	GQGTMVTVSS	3	2
NODE1GEN_217675_source_fixed_pose_mpnn_source_id_P500K__FIXED_POSE_MPNN__68DDB4A6D7CBCA89	26	generated_top3000	fixed_pose_mpnn	8x6b	917	/data/qlyu/projects/pvrig_top7500_dualpanel_screen_v1_20260724/run/qc397_final50_fusion_developability_v1_20260726/final50_common4_bundle/representative_complexes/R26__NODE1GEN_217675_source_fixed_pose_mpnn_source_id_P500K__FIXED_POSE_MPNN__68DDB4A6D7CBCA89__8x6b__s917.pdb	1.000000	123.668083	31.191661	False		0	False	2	2	0	0	2.031677	GQGTMVTVSS	3	2
NODE1GEN_217675_source_fixed_pose_mpnn_source_id_P500K__FIXED_POSE_MPNN__68DDB4A6D7CBCA89	26	generated_top3000	fixed_pose_mpnn	9e6y	917	/data/qlyu/projects/pvrig_top7500_dualpanel_screen_v1_20260724/run/qc397_final50_fusion_developability_v1_20260726/final50_common4_bundle/representative_complexes/R26__NODE1GEN_217675_source_fixed_pose_mpnn_source_id_P500K__FIXED_POSE_MPNN__68DDB4A6D7CBCA89__9e6y__s917.pdb	1.000000	137.816141	32.570163	False		0	False	2	2	0	0	2.032088	GQGTMVTVSS	3	2
NODE1GEN_217675_source_fixed_pose_mpnn_source_id_P500K__FIXED_POSE_MPNN__68DDB4A6D7CBCA89	26	generated_top3000	fixed_pose_mpnn	8x6b	1931	/data/qlyu/projects/pvrig_top7500_dualpanel_screen_v1_20260724/run/qc397_final50_fusion_developability_v1_20260726/final50_common4_bundle/representative_complexes/R26__NODE1GEN_217675_source_fixed_pose_mpnn_source_id_P500K__FIXED_POSE_MPNN__68DDB4A6D7CBCA89__8x6b__s1931.pdb	1.000000	134.133545	32.858348	False		0	False	2	2	0	0	2.032099	GQGTMVTVSS	3	2
NODE1GEN_217675_source_fixed_pose_mpnn_source_id_P500K__FIXED_POSE_MPNN__68DDB4A6D7CBCA89	26	generated_top3000	fixed_pose_mpnn	9e6y	1931	/data/qlyu/projects/pvrig_top7500_dualpanel_screen_v1_20260724/run/qc397_final50_fusion_developability_v1_20260726/final50_common4_bundle/representative_complexes/R26__NODE1GEN_217675_source_fixed_pose_mpnn_source_id_P500K__FIXED_POSE_MPNN__68DDB4A6D7CBCA89__9e6y__s1931.pdb	1.000000	132.167892	32.490630	False		0	False	2	2	0	0	2.033287	GQGTMVTVSS	3	2
NODE1GEN_217675_source_fixed_pose_mpnn_source_id_P500K__FIXED_POSE_MPNN__68DDB4A6D7CBCA89	26	generated_top3000	fixed_pose_mpnn	8x6b	3047	/data/qlyu/projects/pvrig_top7500_dualpanel_screen_v1_20260724/run/qc397_final50_fusion_developability_v1_20260726/final50_common4_bundle/representative_complexes/R26__NODE1GEN_217675_source_fixed_pose_mpnn_source_id_P500K__FIXED_POSE_MPNN__68DDB4A6D7CBCA89__8x6b__s3047.pdb	1.000000	131.205978	28.666689	False		0	False	2	2	0	0	2.032608	GQGTMVTVSS	3	2
NODE1GEN_217675_source_fixed_pose_mpnn_source_id_P500K__FIXED_POSE_MPNN__68DDB4A6D7CBCA89	26	generated_top3000	fixed_pose_mpnn	9e6y	3047	/data/qlyu/projects/pvrig_top7500_dualpanel_screen_v1_20260724/run/qc397_final50_fusion_developability_v1_20260726/final50_common4_bundle/representative_complexes/R26__NODE1GEN_217675_source_fixed_pose_mpnn_source_id_P500K__FIXED_POSE_MPNN__68DDB4A6D7CBCA89__9e6y__s3047.pdb	1.000000	134.777508	29.789814	False		0	False	2	2	0	0	2.032832	GQGTMVTVSS	3	2
P1MCPUFP__CPUFP500K_0404__00029	27	existing_old_new7500_top200	c2_four_seed	8x6b	42	/data/qlyu/projects/pvrig_top7500_dualpanel_screen_v1_20260724/run/qc397_final50_fusion_developability_v1_20260726/final50_common4_bundle/representative_complexes/R27__P1MCPUFP__CPUFP500K_0404__00029__8x6b__s42.pdb	1.000000	123.732087	28.647133	False		0	False	2	2	0	0	2.032661	GQGTQVTVSS	2	1
P1MCPUFP__CPUFP500K_0404__00029	27	existing_old_new7500_top200	c2_four_seed	9e6y	42	/data/qlyu/projects/pvrig_top7500_dualpanel_screen_v1_20260724/run/qc397_final50_fusion_developability_v1_20260726/final50_common4_bundle/representative_complexes/R27__P1MCPUFP__CPUFP500K_0404__00029__9e6y__s42.pdb	1.000000	121.576368	29.213090	False		0	False	2	2	0	0	2.032100	GQGTQVTVSS	2	1
P1MCPUFP__CPUFP500K_0404__00029	27	existing_old_new7500_top200	c2_four_seed	8x6b	917	/data/qlyu/projects/pvrig_top7500_dualpanel_screen_v1_20260724/run/qc397_final50_fusion_developability_v1_20260726/final50_common4_bundle/representative_complexes/R27__P1MCPUFP__CPUFP500K_0404__00029__8x6b__s917.pdb	1.000000	121.655369	26.136159	False		0	False	2	2	0	0	2.032109	GQGTQVTVSS	2	1
P1MCPUFP__CPUFP500K_0404__00029	27	existing_old_new7500_top200	c2_four_seed	9e6y	917	/data/qlyu/projects/pvrig_top7500_dualpanel_screen_v1_20260724/run/qc397_final50_fusion_developability_v1_20260726/final50_common4_bundle/representative_complexes/R27__P1MCPUFP__CPUFP500K_0404__00029__9e6y__s917.pdb	1.000000	120.461564	34.493518	False		0	False	2	2	0	0	2.031551	GQGTQVTVSS	2	1
P1MCPUFP__CPUFP500K_0404__00029	27	existing_old_new7500_top200	c2_four_seed	8x6b	1931	/data/qlyu/projects/pvrig_top7500_dualpanel_screen_v1_20260724/run/qc397_final50_fusion_developability_v1_20260726/final50_common4_bundle/representative_complexes/R27__P1MCPUFP__CPUFP500K_0404__00029__8x6b__s1931.pdb	1.000000	124.343986	25.634746	False		0	False	2	2	0	0	2.032068	GQGTQVTVSS	2	1
P1MCPUFP__CPUFP500K_0404__00029	27	existing_old_new7500_top200	c2_four_seed	9e6y	1931	/data/qlyu/projects/pvrig_top7500_dualpanel_screen_v1_20260724/run/qc397_final50_fusion_developability_v1_20260726/final50_common4_bundle/representative_complexes/R27__P1MCPUFP__CPUFP500K_0404__00029__9e6y__s1931.pdb	1.000000	120.688512	36.060260	False		0	False	2	2	0	0	2.030474	GQGTQVTVSS	2	1
P1MCPUFP__CPUFP500K_0404__00029	27	existing_old_new7500_top200	c2_four_seed	8x6b	3047	/data/qlyu/projects/pvrig_top7500_dualpanel_screen_v1_20260724/run/qc397_final50_fusion_developability_v1_20260726/final50_common4_bundle/representative_complexes/R27__P1MCPUFP__CPUFP500K_0404__00029__8x6b__s3047.pdb	1.000000	119.642655	28.363004	False		0	False	2	2	0	0	2.031826	GQGTQVTVSS	2	1
P1MCPUFP__CPUFP500K_0404__00029	27	existing_old_new7500_top200	c2_four_seed	9e6y	3047	/data/qlyu/projects/pvrig_top7500_dualpanel_screen_v1_20260724/run/qc397_final50_fusion_developability_v1_20260726/final50_common4_bundle/representative_complexes/R27__P1MCPUFP__CPUFP500K_0404__00029__9e6y__s3047.pdb	1.000000	116.806090	27.951677	False		0	False	2	2	0	0	2.031955	GQGTQVTVSS	2	1
P1MCPUFP__CPUFP500K_0188__00549	28	existing_old_new7500_top200	c2_four_seed	8x6b	42	/data/qlyu/projects/pvrig_top7500_dualpanel_screen_v1_20260724/run/qc397_final50_fusion_developability_v1_20260726/final50_common4_bundle/representative_complexes/R28__P1MCPUFP__CPUFP500K_0188__00549__8x6b__s42.pdb	1.000000	139.878031	34.392648	False		0	False	2	2	0	0	2.031589	GQGTMVTVSS	3	2
P1MCPUFP__CPUFP500K_0188__00549	28	existing_old_new7500_top200	c2_four_seed	9e6y	42	/data/qlyu/projects/pvrig_top7500_dualpanel_screen_v1_20260724/run/qc397_final50_fusion_developability_v1_20260726/final50_common4_bundle/representative_complexes/R28__P1MCPUFP__CPUFP500K_0188__00549__9e6y__s42.pdb	1.000000	123.865207	33.288713	False		0	False	2	2	0	0	2.031197	GQGTMVTVSS	3	2
P1MCPUFP__CPUFP500K_0188__00549	28	existing_old_new7500_top200	c2_four_seed	8x6b	917	/data/qlyu/projects/pvrig_top7500_dualpanel_screen_v1_20260724/run/qc397_final50_fusion_developability_v1_20260726/final50_common4_bundle/representative_complexes/R28__P1MCPUFP__CPUFP500K_0188__00549__8x6b__s917.pdb	1.000000	129.449451	36.103779	False		0	False	2	2	0	0	2.030872	GQGTMVTVSS	3	2
P1MCPUFP__CPUFP500K_0188__00549	28	existing_old_new7500_top200	c2_four_seed	9e6y	917	/data/qlyu/projects/pvrig_top7500_dualpanel_screen_v1_20260724/run/qc397_final50_fusion_developability_v1_20260726/final50_common4_bundle/representative_complexes/R28__P1MCPUFP__CPUFP500K_0188__00549__9e6y__s917.pdb	1.000000	134.066838	34.258308	False		0	False	2	2	0	0	2.029752	GQGTMVTVSS	3	2
P1MCPUFP__CPUFP500K_0188__00549	28	existing_old_new7500_top200	c2_four_seed	8x6b	1931	/data/qlyu/projects/pvrig_top7500_dualpanel_screen_v1_20260724/run/qc397_final50_fusion_developability_v1_20260726/final50_common4_bundle/representative_complexes/R28__P1MCPUFP__CPUFP500K_0188__00549__8x6b__s1931.pdb	1.000000	130.865262	32.802595	False		0	False	2	2	0	0	2.029815	GQGTMVTVSS	3	2
P1MCPUFP__CPUFP500K_0188__00549	28	existing_old_new7500_top200	c2_four_seed	9e6y	1931	/data/qlyu/projects/pvrig_top7500_dualpanel_screen_v1_20260724/run/qc397_final50_fusion_developability_v1_20260726/final50_common4_bundle/representative_complexes/R28__P1MCPUFP__CPUFP500K_0188__00549__9e6y__s1931.pdb	1.000000	131.462165	34.957796	False		0	False	2	2	0	0	2.030368	GQGTMVTVSS	3	2
P1MCPUFP__CPUFP500K_0188__00549	28	existing_old_new7500_top200	c2_four_seed	8x6b	3047	/data/qlyu/projects/pvrig_top7500_dualpanel_screen_v1_20260724/run/qc397_final50_fusion_developability_v1_20260726/final50_common4_bundle/representative_complexes/R28__P1MCPUFP__CPUFP500K_0188__00549__8x6b__s3047.pdb	1.000000	128.852548	34.893832	False		0	False	2	2	0	0	2.030688	GQGTMVTVSS	3	2
P1MCPUFP__CPUFP500K_0188__00549	28	existing_old_new7500_top200	c2_four_seed	9e6y	3047	/data/qlyu/projects/pvrig_top7500_dualpanel_screen_v1_20260724/run/qc397_final50_fusion_developability_v1_20260726/final50_common4_bundle/representative_complexes/R28__P1MCPUFP__CPUFP500K_0188__00549__9e6y__s3047.pdb	1.000000	133.247930	35.951799	False		0	False	2	2	0	0	2.030245	GQGTMVTVSS	3	2
P1MCPUFP__CPUFP500K_0188__00481	29	existing_old_new7500_top200	c2_four_seed	8x6b	42	/data/qlyu/projects/pvrig_top7500_dualpanel_screen_v1_20260724/run/qc397_final50_fusion_developability_v1_20260726/final50_common4_bundle/representative_complexes/R29__P1MCPUFP__CPUFP500K_0188__00481__8x6b__s42.pdb	1.000000	128.793486	32.782903	False		0	False	2	2	0	0	2.031693	GQGTMVTVSS	3	2
P1MCPUFP__CPUFP500K_0188__00481	29	existing_old_new7500_top200	c2_four_seed	9e6y	42	/data/qlyu/projects/pvrig_top7500_dualpanel_screen_v1_20260724/run/qc397_final50_fusion_developability_v1_20260726/final50_common4_bundle/representative_complexes/R29__P1MCPUFP__CPUFP500K_0188__00481__9e6y__s42.pdb	1.000000	131.319159	32.886927	False		0	False	2	2	0	0	2.031585	GQGTMVTVSS	3	2
P1MCPUFP__CPUFP500K_0188__00481	29	existing_old_new7500_top200	c2_four_seed	8x6b	917	/data/qlyu/projects/pvrig_top7500_dualpanel_screen_v1_20260724/run/qc397_final50_fusion_developability_v1_20260726/final50_common4_bundle/representative_complexes/R29__P1MCPUFP__CPUFP500K_0188__00481__8x6b__s917.pdb	1.000000	146.222121	33.385140	False		0	False	2	2	0	0	2.031380	GQGTMVTVSS	3	2
P1MCPUFP__CPUFP500K_0188__00481	29	existing_old_new7500_top200	c2_four_seed	9e6y	917	/data/qlyu/projects/pvrig_top7500_dualpanel_screen_v1_20260724/run/qc397_final50_fusion_developability_v1_20260726/final50_common4_bundle/representative_complexes/R29__P1MCPUFP__CPUFP500K_0188__00481__9e6y__s917.pdb	1.000000	135.196639	32.629208	False		0	False	2	2	0	0	2.031168	GQGTMVTVSS	3	2
P1MCPUFP__CPUFP500K_0188__00481	29	existing_old_new7500_top200	c2_four_seed	8x6b	1931	/data/qlyu/projects/pvrig_top7500_dualpanel_screen_v1_20260724/run/qc397_final50_fusion_developability_v1_20260726/final50_common4_bundle/representative_complexes/R29__P1MCPUFP__CPUFP500K_0188__00481__8x6b__s1931.pdb	1.000000	132.222011	33.071597	False		0	False	2	2	0	0	2.031575	GQGTMVTVSS	3	2
P1MCPUFP__CPUFP500K_0188__00481	29	existing_old_new7500_top200	c2_four_seed	9e6y	1931	/data/qlyu/projects/pvrig_top7500_dualpanel_screen_v1_20260724/run/qc397_final50_fusion_developability_v1_20260726/final50_common4_bundle/representative_complexes/R29__P1MCPUFP__CPUFP500K_0188__00481__9e6y__s1931.pdb	1.000000	126.780773	32.461425	False		0	False	2	2	0	0	2.032176	GQGTMVTVSS	3	2
P1MCPUFP__CPUFP500K_0188__00481	29	existing_old_new7500_top200	c2_four_seed	8x6b	3047	/data/qlyu/projects/pvrig_top7500_dualpanel_screen_v1_20260724/run/qc397_final50_fusion_developability_v1_20260726/final50_common4_bundle/representative_complexes/R29__P1MCPUFP__CPUFP500K_0188__00481__8x6b__s3047.pdb	1.000000	126.410819	33.744056	False		0	False	2	2	0	0	2.031361	GQGTMVTVSS	3	2
P1MCPUFP__CPUFP500K_0188__00481	29	existing_old_new7500_top200	c2_four_seed	9e6y	3047	/data/qlyu/projects/pvrig_top7500_dualpanel_screen_v1_20260724/run/qc397_final50_fusion_developability_v1_20260726/final50_common4_bundle/representative_complexes/R29__P1MCPUFP__CPUFP500K_0188__00481__9e6y__s3047.pdb	1.000000	136.020490	32.349036	False		0	False	2	2	0	0	2.031317	GQGTMVTVSS	3	2
NODE1GEN_182669_source_fixed_pose_mpnn_source_id_P500K__FIXED_POSE_MPNN__D4BBD3AB583903E7	30	generated_top3000	fixed_pose_mpnn	8x6b	42	/data/qlyu/projects/pvrig_top7500_dualpanel_screen_v1_20260724/run/qc397_final50_fusion_developability_v1_20260726/final50_common4_bundle/representative_complexes/R30__NODE1GEN_182669_source_fixed_pose_mpnn_source_id_P500K__FIXED_POSE_MPNN__D4BBD3AB583903E7__8x6b__s42.pdb	1.000000	128.369413	36.557090	False		0	False	2	2	0	0	2.031245	GQGTQVTVSS	2	1
NODE1GEN_182669_source_fixed_pose_mpnn_source_id_P500K__FIXED_POSE_MPNN__D4BBD3AB583903E7	30	generated_top3000	fixed_pose_mpnn	9e6y	42	/data/qlyu/projects/pvrig_top7500_dualpanel_screen_v1_20260724/run/qc397_final50_fusion_developability_v1_20260726/final50_common4_bundle/representative_complexes/R30__NODE1GEN_182669_source_fixed_pose_mpnn_source_id_P500K__FIXED_POSE_MPNN__D4BBD3AB583903E7__9e6y__s42.pdb	1.000000	119.087578	30.140864	False		0	False	2	2	0	0	2.030943	GQGTQVTVSS	2	1
NODE1GEN_182669_source_fixed_pose_mpnn_source_id_P500K__FIXED_POSE_MPNN__D4BBD3AB583903E7	30	generated_top3000	fixed_pose_mpnn	8x6b	917	/data/qlyu/projects/pvrig_top7500_dualpanel_screen_v1_20260724/run/qc397_final50_fusion_developability_v1_20260726/final50_common4_bundle/representative_complexes/R30__NODE1GEN_182669_source_fixed_pose_mpnn_source_id_P500K__FIXED_POSE_MPNN__D4BBD3AB583903E7__8x6b__s917.pdb	1.000000	124.671822	29.334241	False		0	False	2	2	0	0	2.031312	GQGTQVTVSS	2	1
NODE1GEN_182669_source_fixed_pose_mpnn_source_id_P500K__FIXED_POSE_MPNN__D4BBD3AB583903E7	30	generated_top3000	fixed_pose_mpnn	9e6y	917	/data/qlyu/projects/pvrig_top7500_dualpanel_screen_v1_20260724/run/qc397_final50_fusion_developability_v1_20260726/final50_common4_bundle/representative_complexes/R30__NODE1GEN_182669_source_fixed_pose_mpnn_source_id_P500K__FIXED_POSE_MPNN__D4BBD3AB583903E7__9e6y__s917.pdb	1.000000	124.301868	35.492787	False		0	False	2	2	0	0	2.030993	GQGTQVTVSS	2	1
NODE1GEN_182669_source_fixed_pose_mpnn_source_id_P500K__FIXED_POSE_MPNN__D4BBD3AB583903E7	30	generated_top3000	fixed_pose_mpnn	8x6b	1931	/data/qlyu/projects/pvrig_top7500_dualpanel_screen_v1_20260724/run/qc397_final50_fusion_developability_v1_20260726/final50_common4_bundle/representative_complexes/R30__NODE1GEN_182669_source_fixed_pose_mpnn_source_id_P500K__FIXED_POSE_MPNN__D4BBD3AB583903E7__8x6b__s1931.pdb	1.000000	119.906486	29.002134	False		0	False	2	2	0	0	2.032226	GQGTQVTVSS	2	1
NODE1GEN_182669_source_fixed_pose_mpnn_source_id_P500K__FIXED_POSE_MPNN__D4BBD3AB583903E7	30	generated_top3000	fixed_pose_mpnn	9e6y	1931	/data/qlyu/projects/pvrig_top7500_dualpanel_screen_v1_20260724/run/qc397_final50_fusion_developability_v1_20260726/final50_common4_bundle/representative_complexes/R30__NODE1GEN_182669_source_fixed_pose_mpnn_source_id_P500K__FIXED_POSE_MPNN__D4BBD3AB583903E7__9e6y__s1931.pdb	1.000000	115.881059	28.081947	False		0	False	2	2	0	0	2.030951	GQGTQVTVSS	2	1
NODE1GEN_182669_source_fixed_pose_mpnn_source_id_P500K__FIXED_POSE_MPNN__D4BBD3AB583903E7	30	generated_top3000	fixed_pose_mpnn	8x6b	3047	/data/qlyu/projects/pvrig_top7500_dualpanel_screen_v1_20260724/run/qc397_final50_fusion_developability_v1_20260726/final50_common4_bundle/representative_complexes/R30__NODE1GEN_182669_source_fixed_pose_mpnn_source_id_P500K__FIXED_POSE_MPNN__D4BBD3AB583903E7__8x6b__s3047.pdb	1.000000	124.074919	31.440698	False		0	False	2	2	0	0	2.030999	GQGTQVTVSS	2	1
NODE1GEN_182669_source_fixed_pose_mpnn_source_id_P500K__FIXED_POSE_MPNN__D4BBD3AB583903E7	30	generated_top3000	fixed_pose_mpnn	9e6y	3047	/data/qlyu/projects/pvrig_top7500_dualpanel_screen_v1_20260724/run/qc397_final50_fusion_developability_v1_20260726/final50_common4_bundle/representative_complexes/R30__NODE1GEN_182669_source_fixed_pose_mpnn_source_id_P500K__FIXED_POSE_MPNN__D4BBD3AB583903E7__9e6y__s3047.pdb	1.000000	122.886057	29.312244	False		0	False	2	2	0	0	2.031719	GQGTQVTVSS	2	1
NODE1GEN_128014_source_rfantibody_source_id_PVRIG_RFAb_v2_P6_ekg_L_bb258_mpn01_arm_P6_ekg_L_backbone_P6_ekg_L_bb258_status_NEEDS_RF2_AND_DOCKING	31	generated_top3000	rfantibody	8x6b	42	/data/qlyu/projects/pvrig_top7500_dualpanel_screen_v1_20260724/run/qc397_final50_fusion_developability_v1_20260726/final50_common4_bundle/representative_complexes/R31__NODE1GEN_128014__8x6b__s42.pdb	1.000000	136.064556	32.430804	False	41.687328	0	False	2	2	0	0	2.034308	GQGTLVTVSS	3	2
NODE1GEN_128014_source_rfantibody_source_id_PVRIG_RFAb_v2_P6_ekg_L_bb258_mpn01_arm_P6_ekg_L_backbone_P6_ekg_L_bb258_status_NEEDS_RF2_AND_DOCKING	31	generated_top3000	rfantibody	9e6y	42	/data/qlyu/projects/pvrig_top7500_dualpanel_screen_v1_20260724/run/qc397_final50_fusion_developability_v1_20260726/final50_common4_bundle/representative_complexes/R31__NODE1GEN_128014__9e6y__s42.pdb	1.000000	137.031413	33.670556	False	42.462115	0	False	2	2	0	0	2.033877	GQGTLVTVSS	3	2
NODE1GEN_128014_source_rfantibody_source_id_PVRIG_RFAb_v2_P6_ekg_L_bb258_mpn01_arm_P6_ekg_L_backbone_P6_ekg_L_bb258_status_NEEDS_RF2_AND_DOCKING	31	generated_top3000	rfantibody	8x6b	917	/data/qlyu/projects/pvrig_top7500_dualpanel_screen_v1_20260724/run/qc397_final50_fusion_developability_v1_20260726/final50_common4_bundle/representative_complexes/R31__NODE1GEN_128014__8x6b__s917.pdb	1.000000	130.870205	34.827167	False		0	False	2	2	0	0	2.035454	GQGTLVTVSS	3	2
NODE1GEN_128014_source_rfantibody_source_id_PVRIG_RFAb_v2_P6_ekg_L_bb258_mpn01_arm_P6_ekg_L_backbone_P6_ekg_L_bb258_status_NEEDS_RF2_AND_DOCKING	31	generated_top3000	rfantibody	9e6y	917	/data/qlyu/projects/pvrig_top7500_dualpanel_screen_v1_20260724/run/qc397_final50_fusion_developability_v1_20260726/final50_common4_bundle/representative_complexes/R31__NODE1GEN_128014__9e6y__s917.pdb	1.000000	125.428966	32.089812	False		0	False	2	2	0	0	2.034572	GQGTLVTVSS	3	2
NODE1GEN_128014_source_rfantibody_source_id_PVRIG_RFAb_v2_P6_ekg_L_bb258_mpn01_arm_P6_ekg_L_backbone_P6_ekg_L_bb258_status_NEEDS_RF2_AND_DOCKING	31	generated_top3000	rfantibody	8x6b	1931	/data/qlyu/projects/pvrig_top7500_dualpanel_screen_v1_20260724/run/qc397_final50_fusion_developability_v1_20260726/final50_common4_bundle/representative_complexes/R31__NODE1GEN_128014__8x6b__s1931.pdb	1.000000	130.416308	32.654216	False		0	False	2	2	0	0	2.034887	GQGTLVTVSS	3	2
NODE1GEN_128014_source_rfantibody_source_id_PVRIG_RFAb_v2_P6_ekg_L_bb258_mpn01_arm_P6_ekg_L_backbone_P6_ekg_L_bb258_status_NEEDS_RF2_AND_DOCKING	31	generated_top3000	rfantibody	9e6y	1931	/data/qlyu/projects/pvrig_top7500_dualpanel_screen_v1_20260724/run/qc397_final50_fusion_developability_v1_20260726/final50_common4_bundle/representative_complexes/R31__NODE1GEN_128014__9e6y__s1931.pdb	1.000000	129.454394	35.147093	False		0	False	2	2	0	0	2.034761	GQGTLVTVSS	3	2
NODE1GEN_128014_source_rfantibody_source_id_PVRIG_RFAb_v2_P6_ekg_L_bb258_mpn01_arm_P6_ekg_L_backbone_P6_ekg_L_bb258_status_NEEDS_RF2_AND_DOCKING	31	generated_top3000	rfantibody	8x6b	3047	/data/qlyu/projects/pvrig_top7500_dualpanel_screen_v1_20260724/run/qc397_final50_fusion_developability_v1_20260726/final50_common4_bundle/representative_complexes/R31__NODE1GEN_128014__8x6b__s3047.pdb	1.000000	129.819405	30.638455	False		0	False	2	2	0	0	2.033210	GQGTLVTVSS	3	2
NODE1GEN_128014_source_rfantibody_source_id_PVRIG_RFAb_v2_P6_ekg_L_bb258_mpn01_arm_P6_ekg_L_backbone_P6_ekg_L_bb258_status_NEEDS_RF2_AND_DOCKING	31	generated_top3000	rfantibody	9e6y	3047	/data/qlyu/projects/pvrig_top7500_dualpanel_screen_v1_20260724/run/qc397_final50_fusion_developability_v1_20260726/final50_common4_bundle/representative_complexes/R31__NODE1GEN_128014__9e6y__s3047.pdb	1.000000	126.844777	33.047785	False		0	False	2	2	0	0	2.033294	GQGTLVTVSS	3	2
NODE1GEN_218195_source_fixed_pose_mpnn_source_id_P500K__FIXED_POSE_MPNN__A6B62FDDBC1A99BE	32	generated_top3000	fixed_pose_mpnn	8x6b	42	/data/qlyu/projects/pvrig_top7500_dualpanel_screen_v1_20260724/run/qc397_final50_fusion_developability_v1_20260726/final50_common4_bundle/representative_complexes/R32__NODE1GEN_218195_source_fixed_pose_mpnn_source_id_P500K__FIXED_POSE_MPNN__A6B62FDDBC1A99BE__8x6b__s42.pdb	1.000000	126.923610	35.685730	False		0	False	2	2	0	0	2.029540	GQGTMVTVSS	3	2
NODE1GEN_218195_source_fixed_pose_mpnn_source_id_P500K__FIXED_POSE_MPNN__A6B62FDDBC1A99BE	32	generated_top3000	fixed_pose_mpnn	9e6y	42	/data/qlyu/projects/pvrig_top7500_dualpanel_screen_v1_20260724/run/qc397_final50_fusion_developability_v1_20260726/final50_common4_bundle/representative_complexes/R32__NODE1GEN_218195_source_fixed_pose_mpnn_source_id_P500K__FIXED_POSE_MPNN__A6B62FDDBC1A99BE__9e6y__s42.pdb	1.000000	127.885524	33.692273	False		0	False	2	2	0	0	2.031700	GQGTMVTVSS	3	2
NODE1GEN_218195_source_fixed_pose_mpnn_source_id_P500K__FIXED_POSE_MPNN__A6B62FDDBC1A99BE	32	generated_top3000	fixed_pose_mpnn	8x6b	917	/data/qlyu/projects/pvrig_top7500_dualpanel_screen_v1_20260724/run/qc397_final50_fusion_developability_v1_20260726/final50_common4_bundle/representative_complexes/R32__NODE1GEN_218195_source_fixed_pose_mpnn_source_id_P500K__FIXED_POSE_MPNN__A6B62FDDBC1A99BE__8x6b__s917.pdb	1.000000	121.398429	36.592028	False		0	False	2	2	0	0	2.029834	GQGTMVTVSS	3	2
NODE1GEN_218195_source_fixed_pose_mpnn_source_id_P500K__FIXED_POSE_MPNN__A6B62FDDBC1A99BE	32	generated_top3000	fixed_pose_mpnn	9e6y	917	/data/qlyu/projects/pvrig_top7500_dualpanel_screen_v1_20260724/run/qc397_final50_fusion_developability_v1_20260726/final50_common4_bundle/representative_complexes/R32__NODE1GEN_218195_source_fixed_pose_mpnn_source_id_P500K__FIXED_POSE_MPNN__A6B62FDDBC1A99BE__9e6y__s917.pdb	1.000000	129.301335	35.813982	False		0	False	2	2	0	0	2.030632	GQGTMVTVSS	3	2
NODE1GEN_218195_source_fixed_pose_mpnn_source_id_P500K__FIXED_POSE_MPNN__A6B62FDDBC1A99BE	32	generated_top3000	fixed_pose_mpnn	8x6b	1931	/data/qlyu/projects/pvrig_top7500_dualpanel_screen_v1_20260724/run/qc397_final50_fusion_developability_v1_20260726/final50_common4_bundle/representative_complexes/R32__NODE1GEN_218195_source_fixed_pose_mpnn_source_id_P500K__FIXED_POSE_MPNN__A6B62FDDBC1A99BE__8x6b__s1931.pdb	1.000000	125.650805	36.720795	False		0	False	2	2	0	0	2.031253	GQGTMVTVSS	3	2
NODE1GEN_218195_source_fixed_pose_mpnn_source_id_P500K__FIXED_POSE_MPNN__A6B62FDDBC1A99BE	32	generated_top3000	fixed_pose_mpnn	9e6y	1931	/data/qlyu/projects/pvrig_top7500_dualpanel_screen_v1_20260724/run/qc397_final50_fusion_developability_v1_20260726/final50_common4_bundle/representative_complexes/R32__NODE1GEN_218195_source_fixed_pose_mpnn_source_id_P500K__FIXED_POSE_MPNN__A6B62FDDBC1A99BE__9e6y__s1931.pdb	1.000000	133.563764	33.557295	False		0	False	2	2	0	0	2.032677	GQGTMVTVSS	3	2
NODE1GEN_218195_source_fixed_pose_mpnn_source_id_P500K__FIXED_POSE_MPNN__A6B62FDDBC1A99BE	32	generated_top3000	fixed_pose_mpnn	8x6b	3047	/data/qlyu/projects/pvrig_top7500_dualpanel_screen_v1_20260724/run/qc397_final50_fusion_developability_v1_20260726/final50_common4_bundle/representative_complexes/R32__NODE1GEN_218195_source_fixed_pose_mpnn_source_id_P500K__FIXED_POSE_MPNN__A6B62FDDBC1A99BE__8x6b__s3047.pdb	1.000000	132.280906	35.536606	False		0	False	2	2	0	0	2.031755	GQGTMVTVSS	3	2
NODE1GEN_218195_source_fixed_pose_mpnn_source_id_P500K__FIXED_POSE_MPNN__A6B62FDDBC1A99BE	32	generated_top3000	fixed_pose_mpnn	9e6y	3047	/data/qlyu/projects/pvrig_top7500_dualpanel_screen_v1_20260724/run/qc397_final50_fusion_developability_v1_20260726/final50_common4_bundle/representative_complexes/R32__NODE1GEN_218195_source_fixed_pose_mpnn_source_id_P500K__FIXED_POSE_MPNN__A6B62FDDBC1A99BE__9e6y__s3047.pdb	1.000000	120.658521	35.930407	False		0	False	2	2	0	0	2.032458	GQGTMVTVSS	3	2
NODE1GEN_195165_source_fixed_pose_mpnn_source_id_P500K__FIXED_POSE_MPNN__499D245F888E5DC4	33	generated_top3000	fixed_pose_mpnn	8x6b	42	/data/qlyu/projects/pvrig_top7500_dualpanel_screen_v1_20260724/run/qc397_final50_fusion_developability_v1_20260726/final50_common4_bundle/representative_complexes/R33__NODE1GEN_195165_source_fixed_pose_mpnn_source_id_P500K__FIXED_POSE_MPNN__499D245F888E5DC4__8x6b__s42.pdb	1.000000	122.099213	27.344097	False		0	False	2	2	0	0	2.031258	GQGTMVTVSS	3	2
NODE1GEN_195165_source_fixed_pose_mpnn_source_id_P500K__FIXED_POSE_MPNN__499D245F888E5DC4	33	generated_top3000	fixed_pose_mpnn	9e6y	42	/data/qlyu/projects/pvrig_top7500_dualpanel_screen_v1_20260724/run/qc397_final50_fusion_developability_v1_20260726/final50_common4_bundle/representative_complexes/R33__NODE1GEN_195165_source_fixed_pose_mpnn_source_id_P500K__FIXED_POSE_MPNN__499D245F888E5DC4__9e6y__s42.pdb	1.000000	133.731651	34.155202	False		0	False	2	2	0	0	2.031122	GQGTMVTVSS	3	2
NODE1GEN_195165_source_fixed_pose_mpnn_source_id_P500K__FIXED_POSE_MPNN__499D245F888E5DC4	33	generated_top3000	fixed_pose_mpnn	8x6b	917	/data/qlyu/projects/pvrig_top7500_dualpanel_screen_v1_20260724/run/qc397_final50_fusion_developability_v1_20260726/final50_common4_bundle/representative_complexes/R33__NODE1GEN_195165_source_fixed_pose_mpnn_source_id_P500K__FIXED_POSE_MPNN__499D245F888E5DC4__8x6b__s917.pdb	1.000000	111.300680	31.967785	False		0	False	2	2	0	0	2.032294	GQGTMVTVSS	3	2
NODE1GEN_195165_source_fixed_pose_mpnn_source_id_P500K__FIXED_POSE_MPNN__499D245F888E5DC4	33	generated_top3000	fixed_pose_mpnn	9e6y	917	/data/qlyu/projects/pvrig_top7500_dualpanel_screen_v1_20260724/run/qc397_final50_fusion_developability_v1_20260726/final50_common4_bundle/representative_complexes/R33__NODE1GEN_195165_source_fixed_pose_mpnn_source_id_P500K__FIXED_POSE_MPNN__499D245F888E5DC4__9e6y__s917.pdb	1.000000	129.178269	33.422863	False		0	False	2	2	0	0	2.031538	GQGTMVTVSS	3	2
NODE1GEN_195165_source_fixed_pose_mpnn_source_id_P500K__FIXED_POSE_MPNN__499D245F888E5DC4	33	generated_top3000	fixed_pose_mpnn	8x6b	1931	/data/qlyu/projects/pvrig_top7500_dualpanel_screen_v1_20260724/run/qc397_final50_fusion_developability_v1_20260726/final50_common4_bundle/representative_complexes/R33__NODE1GEN_195165_source_fixed_pose_mpnn_source_id_P500K__FIXED_POSE_MPNN__499D245F888E5DC4__8x6b__s1931.pdb	1.000000	130.066125	31.088229	False		0	False	2	2	0	0	2.033262	GQGTMVTVSS	3	2
NODE1GEN_195165_source_fixed_pose_mpnn_source_id_P500K__FIXED_POSE_MPNN__499D245F888E5DC4	33	generated_top3000	fixed_pose_mpnn	9e6y	1931	/data/qlyu/projects/pvrig_top7500_dualpanel_screen_v1_20260724/run/qc397_final50_fusion_developability_v1_20260726/final50_common4_bundle/representative_complexes/R33__NODE1GEN_195165_source_fixed_pose_mpnn_source_id_P500K__FIXED_POSE_MPNN__499D245F888E5DC4__9e6y__s1931.pdb	1.000000	134.022605	33.102792	False		0	False	2	2	0	0	2.032692	GQGTMVTVSS	3	2
NODE1GEN_195165_source_fixed_pose_mpnn_source_id_P500K__FIXED_POSE_MPNN__499D245F888E5DC4	33	generated_top3000	fixed_pose_mpnn	8x6b	3047	/data/qlyu/projects/pvrig_top7500_dualpanel_screen_v1_20260724/run/qc397_final50_fusion_developability_v1_20260726/final50_common4_bundle/representative_complexes/R33__NODE1GEN_195165_source_fixed_pose_mpnn_source_id_P500K__FIXED_POSE_MPNN__499D245F888E5DC4__8x6b__s3047.pdb	1.000000	131.545940	30.866440	False		0	False	2	2	0	0	2.032379	GQGTMVTVSS	3	2
NODE1GEN_195165_source_fixed_pose_mpnn_source_id_P500K__FIXED_POSE_MPNN__499D245F888E5DC4	33	generated_top3000	fixed_pose_mpnn	9e6y	3047	/data/qlyu/projects/pvrig_top7500_dualpanel_screen_v1_20260724/run/qc397_final50_fusion_developability_v1_20260726/final50_common4_bundle/representative_complexes/R33__NODE1GEN_195165_source_fixed_pose_mpnn_source_id_P500K__FIXED_POSE_MPNN__499D245F888E5DC4__9e6y__s3047.pdb	1.000000	123.204132	34.457060	False		0	False	2	2	0	0	2.031341	GQGTMVTVSS	3	2
NODE1GEN_235318_source_fixed_pose_mpnn_source_id_P500K__FIXED_POSE_MPNN__B52C2EC7CC64BFED	34	generated_top3000	fixed_pose_mpnn	8x6b	42	/data/qlyu/projects/pvrig_top7500_dualpanel_screen_v1_20260724/run/qc397_final50_fusion_developability_v1_20260726/final50_common4_bundle/representative_complexes/R34__NODE1GEN_235318_source_fixed_pose_mpnn_source_id_P500K__FIXED_POSE_MPNN__B52C2EC7CC64BFED__8x6b__s42.pdb	1.000000	137.949260	38.202383	False		0	False	2	2	0	0	2.032818	GQGTMVTVSS	3	2
NODE1GEN_235318_source_fixed_pose_mpnn_source_id_P500K__FIXED_POSE_MPNN__B52C2EC7CC64BFED	34	generated_top3000	fixed_pose_mpnn	9e6y	42	/data/qlyu/projects/pvrig_top7500_dualpanel_screen_v1_20260724/run/qc397_final50_fusion_developability_v1_20260726/final50_common4_bundle/representative_complexes/R34__NODE1GEN_235318_source_fixed_pose_mpnn_source_id_P500K__FIXED_POSE_MPNN__B52C2EC7CC64BFED__9e6y__s42.pdb	1.000000	127.066783	35.554061	False		0	False	2	2	0	0	2.031712	GQGTMVTVSS	3	2
NODE1GEN_235318_source_fixed_pose_mpnn_source_id_P500K__FIXED_POSE_MPNN__B52C2EC7CC64BFED	34	generated_top3000	fixed_pose_mpnn	8x6b	917	/data/qlyu/projects/pvrig_top7500_dualpanel_screen_v1_20260724/run/qc397_final50_fusion_developability_v1_20260726/final50_common4_bundle/representative_complexes/R34__NODE1GEN_235318_source_fixed_pose_mpnn_source_id_P500K__FIXED_POSE_MPNN__B52C2EC7CC64BFED__8x6b__s917.pdb	1.000000	137.495363	37.664119	False		0	False	2	2	0	0	2.033439	GQGTMVTVSS	3	2
NODE1GEN_235318_source_fixed_pose_mpnn_source_id_P500K__FIXED_POSE_MPNN__B52C2EC7CC64BFED	34	generated_top3000	fixed_pose_mpnn	9e6y	917	/data/qlyu/projects/pvrig_top7500_dualpanel_screen_v1_20260724/run/qc397_final50_fusion_developability_v1_20260726/final50_common4_bundle/representative_complexes/R34__NODE1GEN_235318_source_fixed_pose_mpnn_source_id_P500K__FIXED_POSE_MPNN__B52C2EC7CC64BFED__9e6y__s917.pdb	1.000000	128.936492	38.472937	False		0	False	2	2	0	0	2.032952	GQGTMVTVSS	3	2
NODE1GEN_235318_source_fixed_pose_mpnn_source_id_P500K__FIXED_POSE_MPNN__B52C2EC7CC64BFED	34	generated_top3000	fixed_pose_mpnn	8x6b	1931	/data/qlyu/projects/pvrig_top7500_dualpanel_screen_v1_20260724/run/qc397_final50_fusion_developability_v1_20260726/final50_common4_bundle/representative_complexes/R34__NODE1GEN_235318_source_fixed_pose_mpnn_source_id_P500K__FIXED_POSE_MPNN__B52C2EC7CC64BFED__8x6b__s1931.pdb	1.000000	136.306501	37.758400	False		0	False	2	2	0	0	2.032187	GQGTMVTVSS	3	2
NODE1GEN_235318_source_fixed_pose_mpnn_source_id_P500K__FIXED_POSE_MPNN__B52C2EC7CC64BFED	34	generated_top3000	fixed_pose_mpnn	9e6y	1931	/data/qlyu/projects/pvrig_top7500_dualpanel_screen_v1_20260724/run/qc397_final50_fusion_developability_v1_20260726/final50_common4_bundle/representative_complexes/R34__NODE1GEN_235318_source_fixed_pose_mpnn_source_id_P500K__FIXED_POSE_MPNN__B52C2EC7CC64BFED__9e6y__s1931.pdb	1.000000	135.566593	37.848557	False		0	False	2	2	0	0	2.031829	GQGTMVTVSS	3	2
NODE1GEN_235318_source_fixed_pose_mpnn_source_id_P500K__FIXED_POSE_MPNN__B52C2EC7CC64BFED	34	generated_top3000	fixed_pose_mpnn	8x6b	3047	/data/qlyu/projects/pvrig_top7500_dualpanel_screen_v1_20260724/run/qc397_final50_fusion_developability_v1_20260726/final50_common4_bundle/representative_complexes/R34__NODE1GEN_235318_source_fixed_pose_mpnn_source_id_P500K__FIXED_POSE_MPNN__B52C2EC7CC64BFED__8x6b__s3047.pdb	1.000000	137.722312	35.561609	False		0	False	2	2	0	0	2.033033	GQGTMVTVSS	3	2
NODE1GEN_235318_source_fixed_pose_mpnn_source_id_P500K__FIXED_POSE_MPNN__B52C2EC7CC64BFED	34	generated_top3000	fixed_pose_mpnn	9e6y	3047	/data/qlyu/projects/pvrig_top7500_dualpanel_screen_v1_20260724/run/qc397_final50_fusion_developability_v1_20260726/final50_common4_bundle/representative_complexes/R34__NODE1GEN_235318_source_fixed_pose_mpnn_source_id_P500K__FIXED_POSE_MPNN__B52C2EC7CC64BFED__9e6y__s3047.pdb	1.000000	144.352413	34.219689	False		0	False	2	2	0	0	2.032444	GQGTMVTVSS	3	2
P1MCPUFP__CPUFP500K_0289__00496	35	existing_old_new7500_top200	c2_four_seed	8x6b	42	/data/qlyu/projects/pvrig_top7500_dualpanel_screen_v1_20260724/run/qc397_final50_fusion_developability_v1_20260726/final50_common4_bundle/representative_complexes/R35__P1MCPUFP__CPUFP500K_0289__00496__8x6b__s42.pdb	1.000000	128.689604	37.091564	False	50.418396	0	False	2	2	0	0	2.033411	GQGTMVTVSS	3	2
P1MCPUFP__CPUFP500K_0289__00496	35	existing_old_new7500_top200	c2_four_seed	9e6y	42	/data/qlyu/projects/pvrig_top7500_dualpanel_screen_v1_20260724/run/qc397_final50_fusion_developability_v1_20260726/final50_common4_bundle/representative_complexes/R35__P1MCPUFP__CPUFP500K_0289__00496__9e6y__s42.pdb	1.000000	133.252872	36.409941	False	49.750492	0	False	2	2	0	0	2.032156	GQGTMVTVSS	3	2
P1MCPUFP__CPUFP500K_0289__00496	35	existing_old_new7500_top200	c2_four_seed	8x6b	917	/data/qlyu/projects/pvrig_top7500_dualpanel_screen_v1_20260724/run/qc397_final50_fusion_developability_v1_20260726/final50_common4_bundle/representative_complexes/R35__P1MCPUFP__CPUFP500K_0289__00496__8x6b__s917.pdb	1.000000	124.378166	37.591691	False	51.895378	0	False	2	2	0	0	2.032903	GQGTMVTVSS	3	2
P1MCPUFP__CPUFP500K_0289__00496	35	existing_old_new7500_top200	c2_four_seed	9e6y	917	/data/qlyu/projects/pvrig_top7500_dualpanel_screen_v1_20260724/run/qc397_final50_fusion_developability_v1_20260726/final50_common4_bundle/representative_complexes/R35__P1MCPUFP__CPUFP500K_0289__00496__9e6y__s917.pdb	1.000000	128.260589	38.385332	False	49.139637	0	False	2	2	0	0	2.032599	GQGTMVTVSS	3	2
P1MCPUFP__CPUFP500K_0289__00496	35	existing_old_new7500_top200	c2_four_seed	8x6b	1931	/data/qlyu/projects/pvrig_top7500_dualpanel_screen_v1_20260724/run/qc397_final50_fusion_developability_v1_20260726/final50_common4_bundle/representative_complexes/R35__P1MCPUFP__CPUFP500K_0289__00496__8x6b__s1931.pdb	1.000000	131.674117	38.375769	False	49.616235	0	False	2	2	0	0	2.031860	GQGTMVTVSS	3	2
P1MCPUFP__CPUFP500K_0289__00496	35	existing_old_new7500_top200	c2_four_seed	9e6y	1931	/data/qlyu/projects/pvrig_top7500_dualpanel_screen_v1_20260724/run/qc397_final50_fusion_developability_v1_20260726/final50_common4_bundle/representative_complexes/R35__P1MCPUFP__CPUFP500K_0289__00496__9e6y__s1931.pdb	1.000000	135.551597	36.959296	False	51.042307	0	False	2	2	0	0	2.031550	GQGTMVTVSS	3	2
P1MCPUFP__CPUFP500K_0289__00496	35	existing_old_new7500_top200	c2_four_seed	8x6b	3047	/data/qlyu/projects/pvrig_top7500_dualpanel_screen_v1_20260724/run/qc397_final50_fusion_developability_v1_20260726/final50_common4_bundle/representative_complexes/R35__P1MCPUFP__CPUFP500K_0289__00496__8x6b__s3047.pdb	1.000000	130.189359	36.945347	False		0	False	2	2	0	0	2.031557	GQGTMVTVSS	3	2
P1MCPUFP__CPUFP500K_0289__00496	35	existing_old_new7500_top200	c2_four_seed	9e6y	3047	/data/qlyu/projects/pvrig_top7500_dualpanel_screen_v1_20260724/run/qc397_final50_fusion_developability_v1_20260726/final50_common4_bundle/representative_complexes/R35__P1MCPUFP__CPUFP500K_0289__00496__9e6y__s3047.pdb	1.000000	129.903348	36.250880	False		0	False	2	2	0	0	2.031244	GQGTMVTVSS	3	2
P1MCPUFP__CPUFP500K_0091__00849	36	existing_old_new7500_top200	c2_four_seed	8x6b	42	/data/qlyu/projects/pvrig_top7500_dualpanel_screen_v1_20260724/run/qc397_final50_fusion_developability_v1_20260726/final50_common4_bundle/representative_complexes/R36__P1MCPUFP__CPUFP500K_0091__00849__8x6b__s42.pdb	1.000000	123.251068	36.251103	False		0	False	2	2	0	0	2.032703	GQGTMVTVSS	3	2
P1MCPUFP__CPUFP500K_0091__00849	36	existing_old_new7500_top200	c2_four_seed	9e6y	42	/data/qlyu/projects/pvrig_top7500_dualpanel_screen_v1_20260724/run/qc397_final50_fusion_developability_v1_20260726/final50_common4_bundle/representative_complexes/R36__P1MCPUFP__CPUFP500K_0091__00849__9e6y__s42.pdb	1.000000	137.382182	34.857743	False	42.156161	0	False	2	2	0	0	2.033282	GQGTMVTVSS	3	2
P1MCPUFP__CPUFP500K_0091__00849	36	existing_old_new7500_top200	c2_four_seed	8x6b	917	/data/qlyu/projects/pvrig_top7500_dualpanel_screen_v1_20260724/run/qc397_final50_fusion_developability_v1_20260726/final50_common4_bundle/representative_complexes/R36__P1MCPUFP__CPUFP500K_0091__00849__8x6b__s917.pdb	1.000000	130.155178	35.703100	False		0	False	2	2	0	0	2.033464	GQGTMVTVSS	3	2
P1MCPUFP__CPUFP500K_0091__00849	36	existing_old_new7500_top200	c2_four_seed	9e6y	917	/data/qlyu/projects/pvrig_top7500_dualpanel_screen_v1_20260724/run/qc397_final50_fusion_developability_v1_20260726/final50_common4_bundle/representative_complexes/R36__P1MCPUFP__CPUFP500K_0091__00849__9e6y__s917.pdb	1.000000	126.948659	38.006469	False	52.336192	0	False	2	2	0	0	2.031832	GQGTMVTVSS	3	2
P1MCPUFP__CPUFP500K_0091__00849	36	existing_old_new7500_top200	c2_four_seed	8x6b	1931	/data/qlyu/projects/pvrig_top7500_dualpanel_screen_v1_20260724/run/qc397_final50_fusion_developability_v1_20260726/final50_common4_bundle/representative_complexes/R36__P1MCPUFP__CPUFP500K_0091__00849__8x6b__s1931.pdb	1.000000	135.596417	34.964594	False		0	False	2	2	0	0	2.032501	GQGTMVTVSS	3	2
P1MCPUFP__CPUFP500K_0091__00849	36	existing_old_new7500_top200	c2_four_seed	9e6y	1931	/data/qlyu/projects/pvrig_top7500_dualpanel_screen_v1_20260724/run/qc397_final50_fusion_developability_v1_20260726/final50_common4_bundle/representative_complexes/R36__P1MCPUFP__CPUFP500K_0091__00849__9e6y__s1931.pdb	1.000000	131.575932	35.318644	False		0	False	2	2	0	0	2.033315	GQGTMVTVSS	3	2
P1MCPUFP__CPUFP500K_0091__00849	36	existing_old_new7500_top200	c2_four_seed	8x6b	3047	/data/qlyu/projects/pvrig_top7500_dualpanel_screen_v1_20260724/run/qc397_final50_fusion_developability_v1_20260726/final50_common4_bundle/representative_complexes/R36__P1MCPUFP__CPUFP500K_0091__00849__8x6b__s3047.pdb	1.000000	138.560991	35.789146	False		0	False	2	2	0	0	2.032741	GQGTMVTVSS	3	2
P1MCPUFP__CPUFP500K_0091__00849	36	existing_old_new7500_top200	c2_four_seed	9e6y	3047	/data/qlyu/projects/pvrig_top7500_dualpanel_screen_v1_20260724/run/qc397_final50_fusion_developability_v1_20260726/final50_common4_bundle/representative_complexes/R36__P1MCPUFP__CPUFP500K_0091__00849__9e6y__s3047.pdb	1.000000	128.132412	35.530403	False		0	False	2	2	0	0	2.033018	GQGTMVTVSS	3	2
NODE1GEN_076816_source_rfantibody_source_id_PVRIG_RFAb_v2_P4_ekg_L_bb155_mpn03_arm_P4_ekg_L_backbone_P4_ekg_L_bb155_status_NEEDS_RF2_AND_DOCKING	37	generated_top3000	rfantibody	8x6b	42	/data/qlyu/projects/pvrig_top7500_dualpanel_screen_v1_20260724/run/qc397_final50_fusion_developability_v1_20260726/final50_common4_bundle/representative_complexes/R37__NODE1GEN_076816__8x6b__s42.pdb	1.000000	124.896068	30.796946	False		0	False	2	2	0	0	2.032782	GQGTLVTVSS	3	2
NODE1GEN_076816_source_rfantibody_source_id_PVRIG_RFAb_v2_P4_ekg_L_bb155_mpn03_arm_P4_ekg_L_backbone_P4_ekg_L_bb155_status_NEEDS_RF2_AND_DOCKING	37	generated_top3000	rfantibody	9e6y	42	/data/qlyu/projects/pvrig_top7500_dualpanel_screen_v1_20260724/run/qc397_final50_fusion_developability_v1_20260726/final50_common4_bundle/representative_complexes/R37__NODE1GEN_076816__9e6y__s42.pdb	1.000000	129.064501	34.235714	False		0	False	2	2	0	0	2.033940	GQGTLVTVSS	3	2
NODE1GEN_076816_source_rfantibody_source_id_PVRIG_RFAb_v2_P4_ekg_L_bb155_mpn03_arm_P4_ekg_L_backbone_P4_ekg_L_bb155_status_NEEDS_RF2_AND_DOCKING	37	generated_top3000	rfantibody	8x6b	917	/data/qlyu/projects/pvrig_top7500_dualpanel_screen_v1_20260724/run/qc397_final50_fusion_developability_v1_20260726/final50_common4_bundle/representative_complexes/R37__NODE1GEN_076816__8x6b__s917.pdb	1.000000	123.189304	34.873407	False		0	False	2	2	0	0	2.033125	GQGTLVTVSS	3	2
NODE1GEN_076816_source_rfantibody_source_id_PVRIG_RFAb_v2_P4_ekg_L_bb155_mpn03_arm_P4_ekg_L_backbone_P4_ekg_L_bb155_status_NEEDS_RF2_AND_DOCKING	37	generated_top3000	rfantibody	9e6y	917	/data/qlyu/projects/pvrig_top7500_dualpanel_screen_v1_20260724/run/qc397_final50_fusion_developability_v1_20260726/final50_common4_bundle/representative_complexes/R37__NODE1GEN_076816__9e6y__s917.pdb	1.000000	126.844777	38.357028	False	51.968001	0	False	2	2	0	0	2.032046	GQGTLVTVSS	3	2
NODE1GEN_076816_source_rfantibody_source_id_PVRIG_RFAb_v2_P4_ekg_L_bb155_mpn03_arm_P4_ekg_L_backbone_P4_ekg_L_bb155_status_NEEDS_RF2_AND_DOCKING	37	generated_top3000	rfantibody	8x6b	1931	/data/qlyu/projects/pvrig_top7500_dualpanel_screen_v1_20260724/run/qc397_final50_fusion_developability_v1_20260726/final50_common4_bundle/representative_complexes/R37__NODE1GEN_076816__8x6b__s1931.pdb	1.000000	127.130788	32.264603	False	54.170449	0	False	2	2	0	0	2.031713	GQGTLVTVSS	3	2
NODE1GEN_076816_source_rfantibody_source_id_PVRIG_RFAb_v2_P4_ekg_L_bb155_mpn03_arm_P4_ekg_L_backbone_P4_ekg_L_bb155_status_NEEDS_RF2_AND_DOCKING	37	generated_top3000	rfantibody	9e6y	1931	/data/qlyu/projects/pvrig_top7500_dualpanel_screen_v1_20260724/run/qc397_final50_fusion_developability_v1_20260726/final50_common4_bundle/representative_complexes/R37__NODE1GEN_076816__9e6y__s1931.pdb	1.000000	123.416253	35.153643	False	51.797477	0	False	2	2	0	0	2.030847	GQGTLVTVSS	3	2
NODE1GEN_076816_source_rfantibody_source_id_PVRIG_RFAb_v2_P4_ekg_L_bb155_mpn03_arm_P4_ekg_L_backbone_P4_ekg_L_bb155_status_NEEDS_RF2_AND_DOCKING	37	generated_top3000	rfantibody	8x6b	3047	/data/qlyu/projects/pvrig_top7500_dualpanel_screen_v1_20260724/run/qc397_final50_fusion_developability_v1_20260726/final50_common4_bundle/representative_complexes/R37__NODE1GEN_076816__8x6b__s3047.pdb	1.000000	127.214731	32.489257	False		0	False	2	2	0	0	2.032049	GQGTLVTVSS	3	2
NODE1GEN_076816_source_rfantibody_source_id_PVRIG_RFAb_v2_P4_ekg_L_bb155_mpn03_arm_P4_ekg_L_backbone_P4_ekg_L_bb155_status_NEEDS_RF2_AND_DOCKING	37	generated_top3000	rfantibody	9e6y	3047	/data/qlyu/projects/pvrig_top7500_dualpanel_screen_v1_20260724/run/qc397_final50_fusion_developability_v1_20260726/final50_common4_bundle/representative_complexes/R37__NODE1GEN_076816__9e6y__s3047.pdb	1.000000	129.597399	29.043515	False		0	False	2	2	0	0	2.032344	GQGTLVTVSS	3	2
P1MCPUFP__CPUFP500K_0388__00174	38	existing_old_new7500_top200	old_top7500	8x6b	42	/data/qlyu/projects/pvrig_top7500_dualpanel_screen_v1_20260724/run/qc397_final50_fusion_developability_v1_20260726/final50_common4_bundle/representative_complexes/R38__P1MCPUFP__CPUFP500K_0388__00174__8x6b__s42.pdb	1.000000	137.530130	33.712289	False		0	False	2	2	0	0	2.032679	GQGTMVTVSS	3	2
P1MCPUFP__CPUFP500K_0388__00174	38	existing_old_new7500_top200	old_top7500	9e6y	42	/data/qlyu/projects/pvrig_top7500_dualpanel_screen_v1_20260724/run/qc397_final50_fusion_developability_v1_20260726/final50_common4_bundle/representative_complexes/R38__P1MCPUFP__CPUFP500K_0388__00174__9e6y__s42.pdb	1.000000	133.943604	31.547521	False		0	False	2	2	0	0	2.031479	GQGTMVTVSS	3	2
P1MCPUFP__CPUFP500K_0388__00174	38	existing_old_new7500_top200	old_top7500	8x6b	917	/data/qlyu/projects/pvrig_top7500_dualpanel_screen_v1_20260724/run/qc397_final50_fusion_developability_v1_20260726/final50_common4_bundle/representative_complexes/R38__P1MCPUFP__CPUFP500K_0388__00174__8x6b__s917.pdb	1.000000	124.994840	29.401854	False		0	False	2	2	0	0	2.032466	GQGTMVTVSS	3	2
P1MCPUFP__CPUFP500K_0388__00174	38	existing_old_new7500_top200	old_top7500	9e6y	917	/data/qlyu/projects/pvrig_top7500_dualpanel_screen_v1_20260724/run/qc397_final50_fusion_developability_v1_20260726/final50_common4_bundle/representative_complexes/R38__P1MCPUFP__CPUFP500K_0388__00174__9e6y__s917.pdb	1.000000	127.234502	30.089053	False		0	False	2	2	0	0	2.031683	GQGTMVTVSS	3	2
P1MCPUFP__CPUFP500K_0388__00174	38	existing_old_new7500_top200	old_top7500	8x6b	1931	/data/qlyu/projects/pvrig_top7500_dualpanel_screen_v1_20260724/run/qc397_final50_fusion_developability_v1_20260726/final50_common4_bundle/representative_complexes/R38__P1MCPUFP__CPUFP500K_0388__00174__8x6b__s1931.pdb	1.000000	128.423365	34.246435	False		0	False	2	2	0	0	2.032048	GQGTMVTVSS	3	2
P1MCPUFP__CPUFP500K_0388__00174	38	existing_old_new7500_top200	old_top7500	9e6y	1931	/data/qlyu/projects/pvrig_top7500_dualpanel_screen_v1_20260724/run/qc397_final50_fusion_developability_v1_20260726/final50_common4_bundle/representative_complexes/R38__P1MCPUFP__CPUFP500K_0388__00174__9e6y__s1931.pdb	1.000000	134.619507	33.499582	False		0	False	2	2	0	0	2.031153	GQGTMVTVSS	3	2
P1MCPUFP__CPUFP500K_0388__00174	38	existing_old_new7500_top200	old_top7500	8x6b	3047	/data/qlyu/projects/pvrig_top7500_dualpanel_screen_v1_20260724/run/qc397_final50_fusion_developability_v1_20260726/final50_common4_bundle/representative_complexes/R38__P1MCPUFP__CPUFP500K_0388__00174__8x6b__s3047.pdb	1.000000	139.537901	31.608419	False		0	False	2	2	0	0	2.031738	GQGTMVTVSS	3	2
P1MCPUFP__CPUFP500K_0388__00174	38	existing_old_new7500_top200	old_top7500	9e6y	3047	/data/qlyu/projects/pvrig_top7500_dualpanel_screen_v1_20260724/run/qc397_final50_fusion_developability_v1_20260726/final50_common4_bundle/representative_complexes/R38__P1MCPUFP__CPUFP500K_0388__00174__9e6y__s3047.pdb	1.000000	133.055748	34.846452	False		0	False	2	2	0	0	2.031462	GQGTMVTVSS	3	2
P1MCPUFP__CPUFP500K_0487__00827	39	existing_old_new7500_top200	old_top7500	8x6b	42	/data/qlyu/projects/pvrig_top7500_dualpanel_screen_v1_20260724/run/qc397_final50_fusion_developability_v1_20260726/final50_common4_bundle/representative_complexes/R39__P1MCPUFP__CPUFP500K_0487__00827__8x6b__s42.pdb	1.000000	125.912688	29.604555	False		0	False	2	2	0	0	2.032601	GQGTMVTVSS	3	2
P1MCPUFP__CPUFP500K_0487__00827	39	existing_old_new7500_top200	old_top7500	9e6y	42	/data/qlyu/projects/pvrig_top7500_dualpanel_screen_v1_20260724/run/qc397_final50_fusion_developability_v1_20260726/final50_common4_bundle/representative_complexes/R39__P1MCPUFP__CPUFP500K_0487__00827__9e6y__s42.pdb	1.000000	133.203696	35.149261	False		0	False	2	2	0	0	2.031518	GQGTMVTVSS	3	2
P1MCPUFP__CPUFP500K_0487__00827	39	existing_old_new7500_top200	old_top7500	8x6b	917	/data/qlyu/projects/pvrig_top7500_dualpanel_screen_v1_20260724/run/qc397_final50_fusion_developability_v1_20260726/final50_common4_bundle/representative_complexes/R39__P1MCPUFP__CPUFP500K_0487__00827__8x6b__s917.pdb	1.000000	142.517471	28.038079	False		0	False	2	2	0	0	2.032742	GQGTMVTVSS	3	2
P1MCPUFP__CPUFP500K_0487__00827	39	existing_old_new7500_top200	old_top7500	9e6y	917	/data/qlyu/projects/pvrig_top7500_dualpanel_screen_v1_20260724/run/qc397_final50_fusion_developability_v1_20260726/final50_common4_bundle/representative_complexes/R39__P1MCPUFP__CPUFP500K_0487__00827__9e6y__s917.pdb	1.000000	134.249553	26.404304	False		0	False	2	2	0	0	2.032203	GQGTMVTVSS	3	2
P1MCPUFP__CPUFP500K_0487__00827	39	existing_old_new7500_top200	old_top7500	8x6b	1931	/data/qlyu/projects/pvrig_top7500_dualpanel_screen_v1_20260724/run/qc397_final50_fusion_developability_v1_20260726/final50_common4_bundle/representative_complexes/R39__P1MCPUFP__CPUFP500K_0487__00827__8x6b__s1931.pdb	1.000000	146.384772	36.659904	False		0	False	2	2	0	0	2.032419	GQGTMVTVSS	3	2
P1MCPUFP__CPUFP500K_0487__00827	39	existing_old_new7500_top200	old_top7500	9e6y	1931	/data/qlyu/projects/pvrig_top7500_dualpanel_screen_v1_20260724/run/qc397_final50_fusion_developability_v1_20260726/final50_common4_bundle/representative_complexes/R39__P1MCPUFP__CPUFP500K_0487__00827__9e6y__s1931.pdb	1.000000	132.310897	26.418989	False		0	False	2	2	0	0	2.031794	GQGTMVTVSS	3	2
P1MCPUFP__CPUFP500K_0487__00827	39	existing_old_new7500_top200	old_top7500	8x6b	3047	/data/qlyu/projects/pvrig_top7500_dualpanel_screen_v1_20260724/run/qc397_final50_fusion_developability_v1_20260726/final50_common4_bundle/representative_complexes/R39__P1MCPUFP__CPUFP500K_0487__00827__8x6b__s3047.pdb	1.000000	135.438416	34.587109	False		0	False	2	2	0	0	2.030805	GQGTMVTVSS	3	2
P1MCPUFP__CPUFP500K_0487__00827	39	existing_old_new7500_top200	old_top7500	9e6y	3047	/data/qlyu/projects/pvrig_top7500_dualpanel_screen_v1_20260724/run/qc397_final50_fusion_developability_v1_20260726/final50_common4_bundle/representative_complexes/R39__P1MCPUFP__CPUFP500K_0487__00827__9e6y__s3047.pdb	1.000000	135.919310	29.578340	False		0	False	2	2	0	0	2.031878	GQGTMVTVSS	3	2
NODE1GEN_136300_source_rfantibody_source_id_PVRIG_RFAb_v2_P6_qkg_L_bb255_mpn02_arm_P6_qkg_L_backbone_P6_qkg_L_bb255_status_NEEDS_RF2_AND_DOCKING	40	generated_top3000	rfantibody	8x6b	42	/data/qlyu/projects/pvrig_top7500_dualpanel_screen_v1_20260724/run/qc397_final50_fusion_developability_v1_20260726/final50_common4_bundle/representative_complexes/R40__NODE1GEN_136300__8x6b__s42.pdb	1.000000	143.084550	33.413005	False		0	False	2	2	0	0	2.032737	GQGTLVTVSS	3	2
NODE1GEN_136300_source_rfantibody_source_id_PVRIG_RFAb_v2_P6_qkg_L_bb255_mpn02_arm_P6_qkg_L_backbone_P6_qkg_L_bb255_status_NEEDS_RF2_AND_DOCKING	40	generated_top3000	rfantibody	9e6y	42	/data/qlyu/projects/pvrig_top7500_dualpanel_screen_v1_20260724/run/qc397_final50_fusion_developability_v1_20260726/final50_common4_bundle/representative_complexes/R40__NODE1GEN_136300__9e6y__s42.pdb	1.000000	135.260643	30.467358	False		0	False	2	2	0	0	2.031436	GQGTLVTVSS	3	2
NODE1GEN_136300_source_rfantibody_source_id_PVRIG_RFAb_v2_P6_qkg_L_bb255_mpn02_arm_P6_qkg_L_backbone_P6_qkg_L_bb255_status_NEEDS_RF2_AND_DOCKING	40	generated_top3000	rfantibody	8x6b	917	/data/qlyu/projects/pvrig_top7500_dualpanel_screen_v1_20260724/run/qc397_final50_fusion_developability_v1_20260726/final50_common4_bundle/representative_complexes/R40__NODE1GEN_136300__8x6b__s917.pdb	1.000000	144.273412	33.563862	False		0	False	2	2	0	0	2.033604	GQGTLVTVSS	3	2
NODE1GEN_136300_source_rfantibody_source_id_PVRIG_RFAb_v2_P6_qkg_L_bb255_mpn02_arm_P6_qkg_L_backbone_P6_qkg_L_bb255_status_NEEDS_RF2_AND_DOCKING	40	generated_top3000	rfantibody	9e6y	917	/data/qlyu/projects/pvrig_top7500_dualpanel_screen_v1_20260724/run/qc397_final50_fusion_developability_v1_20260726/final50_common4_bundle/representative_complexes/R40__NODE1GEN_136300__9e6y__s917.pdb	1.000000	132.655970	34.204131	False		0	False	2	2	0	0	2.034616	GQGTLVTVSS	3	2
NODE1GEN_136300_source_rfantibody_source_id_PVRIG_RFAb_v2_P6_qkg_L_bb255_mpn02_arm_P6_qkg_L_backbone_P6_qkg_L_bb255_status_NEEDS_RF2_AND_DOCKING	40	generated_top3000	rfantibody	8x6b	1931	/data/qlyu/projects/pvrig_top7500_dualpanel_screen_v1_20260724/run/qc397_final50_fusion_developability_v1_20260726/final50_common4_bundle/representative_complexes/R40__NODE1GEN_136300__8x6b__s1931.pdb	1.000000	140.701882	35.977992	False		0	False	2	2	0	0	2.032867	GQGTLVTVSS	3	2
NODE1GEN_136300_source_rfantibody_source_id_PVRIG_RFAb_v2_P6_qkg_L_bb255_mpn02_arm_P6_qkg_L_backbone_P6_qkg_L_bb255_status_NEEDS_RF2_AND_DOCKING	40	generated_top3000	rfantibody	9e6y	1931	/data/qlyu/projects/pvrig_top7500_dualpanel_screen_v1_20260724/run/qc397_final50_fusion_developability_v1_20260726/final50_common4_bundle/representative_complexes/R40__NODE1GEN_136300__9e6y__s1931.pdb	1.000000	130.046354	33.684656	False		0	False	2	2	0	0	2.033625	GQGTLVTVSS	3	2
NODE1GEN_136300_source_rfantibody_source_id_PVRIG_RFAb_v2_P6_qkg_L_bb255_mpn02_arm_P6_qkg_L_backbone_P6_qkg_L_bb255_status_NEEDS_RF2_AND_DOCKING	40	generated_top3000	rfantibody	8x6b	3047	/data/qlyu/projects/pvrig_top7500_dualpanel_screen_v1_20260724/run/qc397_final50_fusion_developability_v1_20260726/final50_common4_bundle/representative_complexes/R40__NODE1GEN_136300__8x6b__s3047.pdb	1.000000	135.852603	31.776997	False		0	False	2	2	0	0	2.033961	GQGTLVTVSS	3	2
NODE1GEN_136300_source_rfantibody_source_id_PVRIG_RFAb_v2_P6_qkg_L_bb255_mpn02_arm_P6_qkg_L_backbone_P6_qkg_L_bb255_status_NEEDS_RF2_AND_DOCKING	40	generated_top3000	rfantibody	9e6y	3047	/data/qlyu/projects/pvrig_top7500_dualpanel_screen_v1_20260724/run/qc397_final50_fusion_developability_v1_20260726/final50_common4_bundle/representative_complexes/R40__NODE1GEN_136300__9e6y__s3047.pdb	1.000000	134.663741	33.895105	False		0	False	2	2	0	0	2.037226	GQGTLVTVSS	3	2
NODE1GEN_095824_source_rfantibody_source_id_PVRIG_RFAb_v2_P4_qrg_L_bb358_mpn04_arm_P4_qrg_L_backbone_P4_qrg_L_bb358_status_NEEDS_RF2_AND_DOCKING	41	generated_top3000	rfantibody	8x6b	42	/data/qlyu/projects/pvrig_top7500_dualpanel_screen_v1_20260724/run/qc397_final50_fusion_developability_v1_20260726/final50_common4_bundle/representative_complexes/R41__NODE1GEN_095824__8x6b__s42.pdb	1.000000	132.453903	35.317780	False	38.525721	0	False	2	2	0	0	2.032601	GQGTLVTVSS	3	2
NODE1GEN_095824_source_rfantibody_source_id_PVRIG_RFAb_v2_P4_qrg_L_bb358_mpn04_arm_P4_qrg_L_backbone_P4_qrg_L_bb358_status_NEEDS_RF2_AND_DOCKING	41	generated_top3000	rfantibody	9e6y	42	/data/qlyu/projects/pvrig_top7500_dualpanel_screen_v1_20260724/run/qc397_final50_fusion_developability_v1_20260726/final50_common4_bundle/representative_complexes/R41__NODE1GEN_095824__9e6y__s42.pdb	1.000000	138.038146	34.801633	False		0	False	2	2	0	0	2.033486	GQGTLVTVSS	3	2
NODE1GEN_095824_source_rfantibody_source_id_PVRIG_RFAb_v2_P4_qrg_L_bb358_mpn04_arm_P4_qrg_L_backbone_P4_qrg_L_bb358_status_NEEDS_RF2_AND_DOCKING	41	generated_top3000	rfantibody	8x6b	917	/data/qlyu/projects/pvrig_top7500_dualpanel_screen_v1_20260724/run/qc397_final50_fusion_developability_v1_20260726/final50_common4_bundle/representative_complexes/R41__NODE1GEN_095824__8x6b__s917.pdb	1.000000	134.952453	35.317191	False	39.004432	0	False	2	2	0	0	2.033485	GQGTLVTVSS	3	2
NODE1GEN_095824_source_rfantibody_source_id_PVRIG_RFAb_v2_P4_qrg_L_bb358_mpn04_arm_P4_qrg_L_backbone_P4_qrg_L_bb358_status_NEEDS_RF2_AND_DOCKING	41	generated_top3000	rfantibody	9e6y	917	/data/qlyu/projects/pvrig_top7500_dualpanel_screen_v1_20260724/run/qc397_final50_fusion_developability_v1_20260726/final50_common4_bundle/representative_complexes/R41__NODE1GEN_095824__9e6y__s917.pdb	1.000000	136.760398	34.431443	False	38.211593	0	False	2	2	0	0	2.034730	GQGTLVTVSS	3	2
NODE1GEN_095824_source_rfantibody_source_id_PVRIG_RFAb_v2_P4_qrg_L_bb358_mpn04_arm_P4_qrg_L_backbone_P4_qrg_L_bb358_status_NEEDS_RF2_AND_DOCKING	41	generated_top3000	rfantibody	8x6b	1931	/data/qlyu/projects/pvrig_top7500_dualpanel_screen_v1_20260724/run/qc397_final50_fusion_developability_v1_20260726/final50_common4_bundle/representative_complexes/R41__NODE1GEN_095824__8x6b__s1931.pdb	1.000000	122.844231	34.785613	False	41.174140	0	False	2	2	0	0	2.031893	GQGTLVTVSS	3	2
NODE1GEN_095824_source_rfantibody_source_id_PVRIG_RFAb_v2_P4_qrg_L_bb358_mpn04_arm_P4_qrg_L_backbone_P4_qrg_L_bb358_status_NEEDS_RF2_AND_DOCKING	41	generated_top3000	rfantibody	9e6y	1931	/data/qlyu/projects/pvrig_top7500_dualpanel_screen_v1_20260724/run/qc397_final50_fusion_developability_v1_20260726/final50_common4_bundle/representative_complexes/R41__NODE1GEN_095824__9e6y__s1931.pdb	1.000000	131.038092	34.593765	False	40.065088	0	False	2	2	0	0	2.031950	GQGTLVTVSS	3	2
NODE1GEN_095824_source_rfantibody_source_id_PVRIG_RFAb_v2_P4_qrg_L_bb358_mpn04_arm_P4_qrg_L_backbone_P4_qrg_L_bb358_status_NEEDS_RF2_AND_DOCKING	41	generated_top3000	rfantibody	8x6b	3047	/data/qlyu/projects/pvrig_top7500_dualpanel_screen_v1_20260724/run/qc397_final50_fusion_developability_v1_20260726/final50_common4_bundle/representative_complexes/R41__NODE1GEN_095824__8x6b__s3047.pdb	1.000000	139.680906	35.036890	False	38.628187	0	False	2	2	0	0	2.032624	GQGTLVTVSS	3	2
NODE1GEN_095824_source_rfantibody_source_id_PVRIG_RFAb_v2_P4_qrg_L_bb358_mpn04_arm_P4_qrg_L_backbone_P4_qrg_L_bb358_status_NEEDS_RF2_AND_DOCKING	41	generated_top3000	rfantibody	9e6y	3047	/data/qlyu/projects/pvrig_top7500_dualpanel_screen_v1_20260724/run/qc397_final50_fusion_developability_v1_20260726/final50_common4_bundle/representative_complexes/R41__NODE1GEN_095824__9e6y__s3047.pdb	1.000000	140.193865	34.870437	False	39.129368	0	False	2	2	0	0	2.031880	GQGTLVTVSS	3	2
NODE1GEN_017313_source_rfantibody_source_id_PVRIG_RFAb_v2_P1_qrg_L_bb054_mpn00_arm_P1_qrg_L_backbone_P1_qrg_L_bb054_status_NEEDS_RF2_AND_DOCKING	42	generated_top3000	rfantibody	8x6b	42	/data/qlyu/projects/pvrig_top7500_dualpanel_screen_v1_20260724/run/qc397_final50_fusion_developability_v1_20260726/final50_common4_bundle/representative_complexes/R42__NODE1GEN_017313__8x6b__s42.pdb	1.000000	134.466616	31.193994	False	40.215692	0	False	2	2	0	0	2.033352	GQGTLVTVSS	3	2
NODE1GEN_017313_source_rfantibody_source_id_PVRIG_RFAb_v2_P1_qrg_L_bb054_mpn00_arm_P1_qrg_L_backbone_P1_qrg_L_bb054_status_NEEDS_RF2_AND_DOCKING	42	generated_top3000	rfantibody	9e6y	42	/data/qlyu/projects/pvrig_top7500_dualpanel_screen_v1_20260724/run/qc397_final50_fusion_developability_v1_20260726/final50_common4_bundle/representative_complexes/R42__NODE1GEN_017313__9e6y__s42.pdb	1.000000	133.726708	34.419022	False		0	False	2	2	0	0	2.032744	GQGTLVTVSS	3	2
NODE1GEN_017313_source_rfantibody_source_id_PVRIG_RFAb_v2_P1_qrg_L_bb054_mpn00_arm_P1_qrg_L_backbone_P1_qrg_L_bb054_status_NEEDS_RF2_AND_DOCKING	42	generated_top3000	rfantibody	8x6b	917	/data/qlyu/projects/pvrig_top7500_dualpanel_screen_v1_20260724/run/qc397_final50_fusion_developability_v1_20260726/final50_common4_bundle/representative_complexes/R42__NODE1GEN_017313__8x6b__s917.pdb	1.000000	132.680851	30.698041	False	41.332713	0	False	2	2	0	0	2.031828	GQGTLVTVSS	3	2
NODE1GEN_017313_source_rfantibody_source_id_PVRIG_RFAb_v2_P1_qrg_L_bb054_mpn00_arm_P1_qrg_L_backbone_P1_qrg_L_bb054_status_NEEDS_RF2_AND_DOCKING	42	generated_top3000	rfantibody	9e6y	917	/data/qlyu/projects/pvrig_top7500_dualpanel_screen_v1_20260724/run/qc397_final50_fusion_developability_v1_20260726/final50_common4_bundle/representative_complexes/R42__NODE1GEN_017313__9e6y__s917.pdb	1.000000	125.453848	28.733456	False	39.073324	0	False	2	2	0	0	2.031133	GQGTLVTVSS	3	2
NODE1GEN_017313_source_rfantibody_source_id_PVRIG_RFAb_v2_P1_qrg_L_bb054_mpn00_arm_P1_qrg_L_backbone_P1_qrg_L_bb054_status_NEEDS_RF2_AND_DOCKING	42	generated_top3000	rfantibody	8x6b	1931	/data/qlyu/projects/pvrig_top7500_dualpanel_screen_v1_20260724/run/qc397_final50_fusion_developability_v1_20260726/final50_common4_bundle/representative_complexes/R42__NODE1GEN_017313__8x6b__s1931.pdb	1.000000	131.773057	30.851353	False		0	False	2	2	0	0	2.033441	GQGTLVTVSS	3	2
NODE1GEN_017313_source_rfantibody_source_id_PVRIG_RFAb_v2_P1_qrg_L_bb054_mpn00_arm_P1_qrg_L_backbone_P1_qrg_L_bb054_status_NEEDS_RF2_AND_DOCKING	42	generated_top3000	rfantibody	9e6y	1931	/data/qlyu/projects/pvrig_top7500_dualpanel_screen_v1_20260724/run/qc397_final50_fusion_developability_v1_20260726/final50_common4_bundle/representative_complexes/R42__NODE1GEN_017313__9e6y__s1931.pdb	1.000000	127.915516	32.887496	False	40.453166	0	False	2	2	0	0	2.033059	GQGTLVTVSS	3	2
NODE1GEN_017313_source_rfantibody_source_id_PVRIG_RFAb_v2_P1_qrg_L_bb054_mpn00_arm_P1_qrg_L_backbone_P1_qrg_L_bb054_status_NEEDS_RF2_AND_DOCKING	42	generated_top3000	rfantibody	8x6b	3047	/data/qlyu/projects/pvrig_top7500_dualpanel_screen_v1_20260724/run/qc397_final50_fusion_developability_v1_20260726/final50_common4_bundle/representative_complexes/R42__NODE1GEN_017313__8x6b__s3047.pdb	1.000000	135.919310	31.555540	False		0	False	2	2	0	0	2.033275	GQGTLVTVSS	3	2
NODE1GEN_017313_source_rfantibody_source_id_PVRIG_RFAb_v2_P1_qrg_L_bb054_mpn00_arm_P1_qrg_L_backbone_P1_qrg_L_bb054_status_NEEDS_RF2_AND_DOCKING	42	generated_top3000	rfantibody	9e6y	3047	/data/qlyu/projects/pvrig_top7500_dualpanel_screen_v1_20260724/run/qc397_final50_fusion_developability_v1_20260726/final50_common4_bundle/representative_complexes/R42__NODE1GEN_017313__9e6y__s3047.pdb	1.000000	137.895141	31.380422	False	40.911545	0	False	2	2	0	0	2.032928	GQGTLVTVSS	3	2
NODE1GEN_109783_source_rfantibody_source_id_PVRIG_RFAb_v2_P5_qkg_L_bb121_mpn06_arm_P5_qkg_L_backbone_P5_qkg_L_bb121_status_NEEDS_RF2_AND_DOCKING	43	generated_top3000	rfantibody	8x6b	42	/data/qlyu/projects/pvrig_top7500_dualpanel_screen_v1_20260724/run/qc397_final50_fusion_developability_v1_20260726/final50_common4_bundle/representative_complexes/R43__NODE1GEN_109783__8x6b__s42.pdb	1.000000	133.701827	32.952462	False		0	False	2	2	0	0	2.034100	GQGTLVTVSS	3	2
NODE1GEN_109783_source_rfantibody_source_id_PVRIG_RFAb_v2_P5_qkg_L_bb121_mpn06_arm_P5_qkg_L_backbone_P5_qkg_L_bb121_status_NEEDS_RF2_AND_DOCKING	43	generated_top3000	rfantibody	9e6y	42	/data/qlyu/projects/pvrig_top7500_dualpanel_screen_v1_20260724/run/qc397_final50_fusion_developability_v1_20260726/final50_common4_bundle/representative_complexes/R43__NODE1GEN_109783__9e6y__s42.pdb	1.000000	136.079552	29.782709	False		0	False	2	2	0	0	2.032795	GQGTLVTVSS	3	2
NODE1GEN_109783_source_rfantibody_source_id_PVRIG_RFAb_v2_P5_qkg_L_bb121_mpn06_arm_P5_qkg_L_backbone_P5_qkg_L_bb121_status_NEEDS_RF2_AND_DOCKING	43	generated_top3000	rfantibody	8x6b	917	/data/qlyu/projects/pvrig_top7500_dualpanel_screen_v1_20260724/run/qc397_final50_fusion_developability_v1_20260726/final50_common4_bundle/representative_complexes/R43__NODE1GEN_109783__8x6b__s917.pdb	1.000000	128.260589	32.875967	False		0	False	2	2	0	0	2.036324	GQGTLVTVSS	3	2
NODE1GEN_109783_source_rfantibody_source_id_PVRIG_RFAb_v2_P5_qkg_L_bb121_mpn06_arm_P5_qkg_L_backbone_P5_qkg_L_bb121_status_NEEDS_RF2_AND_DOCKING	43	generated_top3000	rfantibody	9e6y	917	/data/qlyu/projects/pvrig_top7500_dualpanel_screen_v1_20260724/run/qc397_final50_fusion_developability_v1_20260726/final50_common4_bundle/representative_complexes/R43__NODE1GEN_109783__9e6y__s917.pdb	1.000000	134.890689	32.002168	False		0	False	2	2	0	0	2.035269	GQGTLVTVSS	3	2
NODE1GEN_109783_source_rfantibody_source_id_PVRIG_RFAb_v2_P5_qkg_L_bb121_mpn06_arm_P5_qkg_L_backbone_P5_qkg_L_bb121_status_NEEDS_RF2_AND_DOCKING	43	generated_top3000	rfantibody	8x6b	1931	/data/qlyu/projects/pvrig_top7500_dualpanel_screen_v1_20260724/run/qc397_final50_fusion_developability_v1_20260726/final50_common4_bundle/representative_complexes/R43__NODE1GEN_109783__8x6b__s1931.pdb	1.000000	131.916062	32.551929	False		0	False	2	2	0	0	2.034187	GQGTLVTVSS	3	2
NODE1GEN_109783_source_rfantibody_source_id_PVRIG_RFAb_v2_P5_qkg_L_bb121_mpn06_arm_P5_qkg_L_backbone_P5_qkg_L_bb121_status_NEEDS_RF2_AND_DOCKING	43	generated_top3000	rfantibody	9e6y	1931	/data/qlyu/projects/pvrig_top7500_dualpanel_screen_v1_20260724/run/qc397_final50_fusion_developability_v1_20260726/final50_common4_bundle/representative_complexes/R43__NODE1GEN_109783__9e6y__s1931.pdb	1.000000	143.760453	33.546446	False	46.166247	0	False	2	2	0	0	2.034902	GQGTLVTVSS	3	2
NODE1GEN_109783_source_rfantibody_source_id_PVRIG_RFAb_v2_P5_qkg_L_bb121_mpn06_arm_P5_qkg_L_backbone_P5_qkg_L_bb121_status_NEEDS_RF2_AND_DOCKING	43	generated_top3000	rfantibody	8x6b	3047	/data/qlyu/projects/pvrig_top7500_dualpanel_screen_v1_20260724/run/qc397_final50_fusion_developability_v1_20260726/final50_common4_bundle/representative_complexes/R43__NODE1GEN_109783__8x6b__s3047.pdb	1.000000	133.780828	35.509031	False	44.724104	0	False	2	2	0	0	2.033723	GQGTLVTVSS	3	2
NODE1GEN_109783_source_rfantibody_source_id_PVRIG_RFAb_v2_P5_qkg_L_bb121_mpn06_arm_P5_qkg_L_backbone_P5_qkg_L_bb121_status_NEEDS_RF2_AND_DOCKING	43	generated_top3000	rfantibody	9e6y	3047	/data/qlyu/projects/pvrig_top7500_dualpanel_screen_v1_20260724/run/qc397_final50_fusion_developability_v1_20260726/final50_common4_bundle/representative_complexes/R43__NODE1GEN_109783__9e6y__s3047.pdb	1.000000	138.462220	35.518860	False	49.563144	0	False	2	2	0	0	2.033499	GQGTLVTVSS	3	2
NODE1GEN_100102_source_rfantibody_source_id_PVRIG_RFAb_v2_P5_ekg_L_bb007_mpn10_arm_P5_ekg_L_backbone_P5_ekg_L_bb007_status_NEEDS_RF2_AND_DOCKING	44	generated_top3000	rfantibody	8x6b	42	/data/qlyu/projects/pvrig_top7500_dualpanel_screen_v1_20260724/run/qc397_final50_fusion_developability_v1_20260726/final50_common4_bundle/representative_complexes/R44__NODE1GEN_100102__8x6b__s42.pdb	1.000000	134.466616	35.482976	False		0	False	2	2	0	0	2.032267	GQGTLVTVSS	3	2
NODE1GEN_100102_source_rfantibody_source_id_PVRIG_RFAb_v2_P5_ekg_L_bb007_mpn10_arm_P5_ekg_L_backbone_P5_ekg_L_bb007_status_NEEDS_RF2_AND_DOCKING	44	generated_top3000	rfantibody	9e6y	42	/data/qlyu/projects/pvrig_top7500_dualpanel_screen_v1_20260724/run/qc397_final50_fusion_developability_v1_20260726/final50_common4_bundle/representative_complexes/R44__NODE1GEN_100102__9e6y__s42.pdb	1.000000	128.058521	34.729125	False		0	False	2	2	0	0	2.032527	GQGTLVTVSS	3	2
NODE1GEN_100102_source_rfantibody_source_id_PVRIG_RFAb_v2_P5_ekg_L_bb007_mpn10_arm_P5_ekg_L_backbone_P5_ekg_L_bb007_status_NEEDS_RF2_AND_DOCKING	44	generated_top3000	rfantibody	8x6b	917	/data/qlyu/projects/pvrig_top7500_dualpanel_screen_v1_20260724/run/qc397_final50_fusion_developability_v1_20260726/final50_common4_bundle/representative_complexes/R44__NODE1GEN_100102__8x6b__s917.pdb	1.000000	129.025378	36.344078	False		0	False	2	2	0	0	2.031640	GQGTLVTVSS	3	2
NODE1GEN_100102_source_rfantibody_source_id_PVRIG_RFAb_v2_P5_ekg_L_bb007_mpn10_arm_P5_ekg_L_backbone_P5_ekg_L_bb007_status_NEEDS_RF2_AND_DOCKING	44	generated_top3000	rfantibody	9e6y	917	/data/qlyu/projects/pvrig_top7500_dualpanel_screen_v1_20260724/run/qc397_final50_fusion_developability_v1_20260726/final50_common4_bundle/representative_complexes/R44__NODE1GEN_100102__9e6y__s917.pdb	1.000000	129.025378	33.748138	False		0	False	2	2	0	0	2.032489	GQGTLVTVSS	3	2
NODE1GEN_100102_source_rfantibody_source_id_PVRIG_RFAb_v2_P5_ekg_L_bb007_mpn10_arm_P5_ekg_L_backbone_P5_ekg_L_bb007_status_NEEDS_RF2_AND_DOCKING	44	generated_top3000	rfantibody	8x6b	1931	/data/qlyu/projects/pvrig_top7500_dualpanel_screen_v1_20260724/run/qc397_final50_fusion_developability_v1_20260726/final50_common4_bundle/representative_complexes/R44__NODE1GEN_100102__8x6b__s1931.pdb	1.000000	129.844286	33.031693	False		0	False	2	2	0	0	2.032673	GQGTLVTVSS	3	2
NODE1GEN_100102_source_rfantibody_source_id_PVRIG_RFAb_v2_P5_ekg_L_bb007_mpn10_arm_P5_ekg_L_backbone_P5_ekg_L_bb007_status_NEEDS_RF2_AND_DOCKING	44	generated_top3000	rfantibody	9e6y	1931	/data/qlyu/projects/pvrig_top7500_dualpanel_screen_v1_20260724/run/qc397_final50_fusion_developability_v1_20260726/final50_common4_bundle/representative_complexes/R44__NODE1GEN_100102__9e6y__s1931.pdb	1.000000	134.049601	33.821050	False		0	False	2	2	0	0	2.031662	GQGTLVTVSS	3	2
NODE1GEN_100102_source_rfantibody_source_id_PVRIG_RFAb_v2_P5_ekg_L_bb007_mpn10_arm_P5_ekg_L_backbone_P5_ekg_L_bb007_status_NEEDS_RF2_AND_DOCKING	44	generated_top3000	rfantibody	8x6b	3047	/data/qlyu/projects/pvrig_top7500_dualpanel_screen_v1_20260724/run/qc397_final50_fusion_developability_v1_20260726/final50_common4_bundle/representative_complexes/R44__NODE1GEN_100102__8x6b__s3047.pdb	1.000000	131.893882	36.783485	False		0	False	2	2	0	0	2.032296	GQGTLVTVSS	3	2
NODE1GEN_100102_source_rfantibody_source_id_PVRIG_RFAb_v2_P5_ekg_L_bb007_mpn10_arm_P5_ekg_L_backbone_P5_ekg_L_bb007_status_NEEDS_RF2_AND_DOCKING	44	generated_top3000	rfantibody	9e6y	3047	/data/qlyu/projects/pvrig_top7500_dualpanel_screen_v1_20260724/run/qc397_final50_fusion_developability_v1_20260726/final50_common4_bundle/representative_complexes/R44__NODE1GEN_100102__9e6y__s3047.pdb	1.000000	132.036888	35.953474	False		0	False	2	2	0	0	2.032646	GQGTLVTVSS	3	2
NODE1GEN_109883_source_rfantibody_source_id_PVRIG_RFAb_v2_P5_qkg_L_bb130_mpn02_arm_P5_qkg_L_backbone_P5_qkg_L_bb130_status_NEEDS_RF2_AND_DOCKING	45	generated_top3000	rfantibody	8x6b	42	/data/qlyu/projects/pvrig_top7500_dualpanel_screen_v1_20260724/run/qc397_final50_fusion_developability_v1_20260726/final50_common4_bundle/representative_complexes/R45__NODE1GEN_109883__8x6b__s42.pdb	1.000000	123.584139	36.775552	False		0	False	2	2	0	0	2.033608	GQGTLVTVSS	3	2
NODE1GEN_109883_source_rfantibody_source_id_PVRIG_RFAb_v2_P5_qkg_L_bb130_mpn02_arm_P5_qkg_L_backbone_P5_qkg_L_bb130_status_NEEDS_RF2_AND_DOCKING	45	generated_top3000	rfantibody	9e6y	42	/data/qlyu/projects/pvrig_top7500_dualpanel_screen_v1_20260724/run/qc397_final50_fusion_developability_v1_20260726/final50_common4_bundle/representative_complexes/R45__NODE1GEN_109883__9e6y__s42.pdb	1.000000	132.226954	35.535493	False		0	False	2	2	0	0	2.033505	GQGTLVTVSS	3	2
NODE1GEN_109883_source_rfantibody_source_id_PVRIG_RFAb_v2_P5_qkg_L_bb130_mpn02_arm_P5_qkg_L_backbone_P5_qkg_L_bb130_status_NEEDS_RF2_AND_DOCKING	45	generated_top3000	rfantibody	8x6b	917	/data/qlyu/projects/pvrig_top7500_dualpanel_screen_v1_20260724/run/qc397_final50_fusion_developability_v1_20260726/final50_common4_bundle/representative_complexes/R45__NODE1GEN_109883__8x6b__s917.pdb	1.000000	126.642710	36.980357	False		0	False	2	2	0	0	2.032145	GQGTLVTVSS	3	2
NODE1GEN_109883_source_rfantibody_source_id_PVRIG_RFAb_v2_P5_qkg_L_bb130_mpn02_arm_P5_qkg_L_backbone_P5_qkg_L_bb130_status_NEEDS_RF2_AND_DOCKING	45	generated_top3000	rfantibody	9e6y	917	/data/qlyu/projects/pvrig_top7500_dualpanel_screen_v1_20260724/run/qc397_final50_fusion_developability_v1_20260726/final50_common4_bundle/representative_complexes/R45__NODE1GEN_109883__9e6y__s917.pdb	1.000000	136.844341	35.835754	False		0	False	2	2	0	0	2.033775	GQGTLVTVSS	3	2
NODE1GEN_109883_source_rfantibody_source_id_PVRIG_RFAb_v2_P5_qkg_L_bb130_mpn02_arm_P5_qkg_L_backbone_P5_qkg_L_bb130_status_NEEDS_RF2_AND_DOCKING	45	generated_top3000	rfantibody	8x6b	1931	/data/qlyu/projects/pvrig_top7500_dualpanel_screen_v1_20260724/run/qc397_final50_fusion_developability_v1_20260726/final50_common4_bundle/representative_complexes/R45__NODE1GEN_109883__8x6b__s1931.pdb	1.000000	132.226954	36.039439	False		0	False	2	2	0	0	2.033763	GQGTLVTVSS	3	2
NODE1GEN_109883_source_rfantibody_source_id_PVRIG_RFAb_v2_P5_qkg_L_bb130_mpn02_arm_P5_qkg_L_backbone_P5_qkg_L_bb130_status_NEEDS_RF2_AND_DOCKING	45	generated_top3000	rfantibody	9e6y	1931	/data/qlyu/projects/pvrig_top7500_dualpanel_screen_v1_20260724/run/qc397_final50_fusion_developability_v1_20260726/final50_common4_bundle/representative_complexes/R45__NODE1GEN_109883__9e6y__s1931.pdb	1.000000	132.369959	36.060092	False		0	False	2	2	0	0	2.032426	GQGTLVTVSS	3	2
NODE1GEN_109883_source_rfantibody_source_id_PVRIG_RFAb_v2_P5_qkg_L_bb130_mpn02_arm_P5_qkg_L_backbone_P5_qkg_L_bb130_status_NEEDS_RF2_AND_DOCKING	45	generated_top3000	rfantibody	8x6b	3047	/data/qlyu/projects/pvrig_top7500_dualpanel_screen_v1_20260724/run/qc397_final50_fusion_developability_v1_20260726/final50_common4_bundle/representative_complexes/R45__NODE1GEN_109883__8x6b__s3047.pdb	1.000000	130.668138	36.741930	False		0	False	2	2	0	0	2.034408	GQGTLVTVSS	3	2
NODE1GEN_109883_source_rfantibody_source_id_PVRIG_RFAb_v2_P5_qkg_L_bb130_mpn02_arm_P5_qkg_L_backbone_P5_qkg_L_bb130_status_NEEDS_RF2_AND_DOCKING	45	generated_top3000	rfantibody	9e6y	3047	/data/qlyu/projects/pvrig_top7500_dualpanel_screen_v1_20260724/run/qc397_final50_fusion_developability_v1_20260726/final50_common4_bundle/representative_complexes/R45__NODE1GEN_109883__9e6y__s3047.pdb	1.000000	126.415762	36.606205	False		0	False	2	2	0	0	2.033278	GQGTLVTVSS	3	2
P1MCPUFP__CPUFP500K_0188__00645	46	existing_old_new7500_top200	old_top7500	8x6b	42	/data/qlyu/projects/pvrig_top7500_dualpanel_screen_v1_20260724/run/qc397_final50_fusion_developability_v1_20260726/final50_common4_bundle/representative_complexes/R46__P1MCPUFP__CPUFP500K_0188__00645__8x6b__s42.pdb	1.000000	133.104924	38.625127	False		0	False	2	2	0	0	2.029986	GQGTMVTVSS	3	2
P1MCPUFP__CPUFP500K_0188__00645	46	existing_old_new7500_top200	old_top7500	9e6y	42	/data/qlyu/projects/pvrig_top7500_dualpanel_screen_v1_20260724/run/qc397_final50_fusion_developability_v1_20260726/final50_common4_bundle/representative_complexes/R46__P1MCPUFP__CPUFP500K_0188__00645__9e6y__s42.pdb	1.000000	129.533394	37.791072	False		0	False	2	2	0	0	2.029589	GQGTMVTVSS	3	2
P1MCPUFP__CPUFP500K_0188__00645	46	existing_old_new7500_top200	old_top7500	8x6b	917	/data/qlyu/projects/pvrig_top7500_dualpanel_screen_v1_20260724/run/qc397_final50_fusion_developability_v1_20260726/final50_common4_bundle/representative_complexes/R46__P1MCPUFP__CPUFP500K_0188__00645__8x6b__s917.pdb	1.000000	133.558822	38.521906	False		0	False	2	2	0	0	2.030489	GQGTMVTVSS	3	2
P1MCPUFP__CPUFP500K_0188__00645	46	existing_old_new7500_top200	old_top7500	9e6y	917	/data/qlyu/projects/pvrig_top7500_dualpanel_screen_v1_20260724/run/qc397_final50_fusion_developability_v1_20260726/final50_common4_bundle/representative_complexes/R46__P1MCPUFP__CPUFP500K_0188__00645__9e6y__s917.pdb	1.000000	131.092211	39.021131	False		0	False	2	2	0	0	2.029690	GQGTMVTVSS	3	2
P1MCPUFP__CPUFP500K_0188__00645	46	existing_old_new7500_top200	old_top7500	8x6b	1931	/data/qlyu/projects/pvrig_top7500_dualpanel_screen_v1_20260724/run/qc397_final50_fusion_developability_v1_20260726/final50_common4_bundle/representative_complexes/R46__P1MCPUFP__CPUFP500K_0188__00645__8x6b__s1931.pdb	1.000000	141.520790	38.747956	False		0	False	2	2	0	0	2.030518	GQGTMVTVSS	3	2
P1MCPUFP__CPUFP500K_0188__00645	46	existing_old_new7500_top200	old_top7500	9e6y	1931	/data/qlyu/projects/pvrig_top7500_dualpanel_screen_v1_20260724/run/qc397_final50_fusion_developability_v1_20260726/final50_common4_bundle/representative_complexes/R46__P1MCPUFP__CPUFP500K_0188__00645__9e6y__s1931.pdb	1.000000	130.949205	34.144419	False		0	False	2	2	0	0	2.030491	GQGTMVTVSS	3	2
P1MCPUFP__CPUFP500K_0188__00645	46	existing_old_new7500_top200	old_top7500	8x6b	3047	/data/qlyu/projects/pvrig_top7500_dualpanel_screen_v1_20260724/run/qc397_final50_fusion_developability_v1_20260726/final50_common4_bundle/representative_complexes/R46__P1MCPUFP__CPUFP500K_0188__00645__8x6b__s3047.pdb	1.000000	123.722202	38.761113	False		0	False	2	2	0	0	2.030559	GQGTMVTVSS	3	2
P1MCPUFP__CPUFP500K_0188__00645	46	existing_old_new7500_top200	old_top7500	9e6y	3047	/data/qlyu/projects/pvrig_top7500_dualpanel_screen_v1_20260724/run/qc397_final50_fusion_developability_v1_20260726/final50_common4_bundle/representative_complexes/R46__P1MCPUFP__CPUFP500K_0188__00645__9e6y__s3047.pdb	1.000000	129.533394	38.799241	False		0	False	2	2	0	0	2.030284	GQGTMVTVSS	3	2
P1MCPUFP__CPUFP500K_0030__00860	47	existing_old_new7500_top200	old_top7500	8x6b	42	/data/qlyu/projects/pvrig_top7500_dualpanel_screen_v1_20260724/run/qc397_final50_fusion_developability_v1_20260726/final50_common4_bundle/representative_complexes/R47__P1MCPUFP__CPUFP500K_0030__00860__8x6b__s42.pdb	1.000000	117.851948	32.686816	False		0	False	2	2	0	0	2.029841	GQGTQVTVSS	2	1
P1MCPUFP__CPUFP500K_0030__00860	47	existing_old_new7500_top200	old_top7500	9e6y	42	/data/qlyu/projects/pvrig_top7500_dualpanel_screen_v1_20260724/run/qc397_final50_fusion_developability_v1_20260726/final50_common4_bundle/representative_complexes/R47__P1MCPUFP__CPUFP500K_0030__00860__9e6y__s42.pdb	1.000000	118.083839	35.563448	False		0	False	2	2	0	0	2.030122	GQGTQVTVSS	2	1
P1MCPUFP__CPUFP500K_0030__00860	47	existing_old_new7500_top200	old_top7500	8x6b	917	/data/qlyu/projects/pvrig_top7500_dualpanel_screen_v1_20260724/run/qc397_final50_fusion_developability_v1_20260726/final50_common4_bundle/representative_complexes/R47__P1MCPUFP__CPUFP500K_0030__00860__8x6b__s917.pdb	1.000000	124.486991	35.311024	False		0	False	2	2	0	0	2.031004	GQGTQVTVSS	2	1
P1MCPUFP__CPUFP500K_0030__00860	47	existing_old_new7500_top200	old_top7500	9e6y	917	/data/qlyu/projects/pvrig_top7500_dualpanel_screen_v1_20260724/run/qc397_final50_fusion_developability_v1_20260726/final50_common4_bundle/representative_complexes/R47__P1MCPUFP__CPUFP500K_0030__00860__9e6y__s917.pdb	1.000000	126.869659	36.048550	False		0	False	2	2	0	0	2.030927	GQGTQVTVSS	2	1
P1MCPUFP__CPUFP500K_0030__00860	47	existing_old_new7500_top200	old_top7500	8x6b	1931	/data/qlyu/projects/pvrig_top7500_dualpanel_screen_v1_20260724/run/qc397_final50_fusion_developability_v1_20260726/final50_common4_bundle/representative_complexes/R47__P1MCPUFP__CPUFP500K_0030__00860__8x6b__s1931.pdb	1.000000	127.461619	35.351712	False		0	False	2	2	0	0	2.031567	GQGTQVTVSS	2	1
P1MCPUFP__CPUFP500K_0030__00860	47	existing_old_new7500_top200	old_top7500	9e6y	1931	/data/qlyu/projects/pvrig_top7500_dualpanel_screen_v1_20260724/run/qc397_final50_fusion_developability_v1_20260726/final50_common4_bundle/representative_complexes/R47__P1MCPUFP__CPUFP500K_0030__00860__9e6y__s1931.pdb	1.000000	122.928175	35.597503	False		0	False	2	2	0	0	2.030267	GQGTQVTVSS	2	1
P1MCPUFP__CPUFP500K_0030__00860	47	existing_old_new7500_top200	old_top7500	8x6b	3047	/data/qlyu/projects/pvrig_top7500_dualpanel_screen_v1_20260724/run/qc397_final50_fusion_developability_v1_20260726/final50_common4_bundle/representative_complexes/R47__P1MCPUFP__CPUFP500K_0030__00860__8x6b__s3047.pdb	1.000000	118.823747	36.037304	False		0	False	2	2	0	0	2.031707	GQGTQVTVSS	2	1
P1MCPUFP__CPUFP500K_0030__00860	47	existing_old_new7500_top200	old_top7500	9e6y	3047	/data/qlyu/projects/pvrig_top7500_dualpanel_screen_v1_20260724/run/qc397_final50_fusion_developability_v1_20260726/final50_common4_bundle/representative_complexes/R47__P1MCPUFP__CPUFP500K_0030__00860__9e6y__s3047.pdb	1.000000	119.415707	36.296711	False		0	False	2	2	0	0	2.031225	GQGTQVTVSS	2	1
P1MCPUFP__CPUFP500K_0029__00647	48	existing_old_new7500_top200	old_top7500	8x6b	42	/data/qlyu/projects/pvrig_top7500_dualpanel_screen_v1_20260724/run/qc397_final50_fusion_developability_v1_20260726/final50_common4_bundle/representative_complexes/R48__P1MCPUFP__CPUFP500K_0029__00647__8x6b__s42.pdb	1.000000	120.096553	31.082411	False		0	False	2	2	0	0	2.031563	GQGTQVTVSS	2	1
P1MCPUFP__CPUFP500K_0029__00647	48	existing_old_new7500_top200	old_top7500	9e6y	42	/data/qlyu/projects/pvrig_top7500_dualpanel_screen_v1_20260724/run/qc397_final50_fusion_developability_v1_20260726/final50_common4_bundle/representative_complexes/R48__P1MCPUFP__CPUFP500K_0029__00647__9e6y__s42.pdb	1.000000	115.109211	33.617608	False		0	False	2	2	0	0	2.030519	GQGTQVTVSS	2	1
P1MCPUFP__CPUFP500K_0029__00647	48	existing_old_new7500_top200	old_top7500	8x6b	917	/data/qlyu/projects/pvrig_top7500_dualpanel_screen_v1_20260724/run/qc397_final50_fusion_developability_v1_20260726/final50_common4_bundle/representative_complexes/R48__P1MCPUFP__CPUFP500K_0029__00647__8x6b__s917.pdb	1.000000	119.346592	35.301761	False		0	False	2	2	0	0	2.031092	GQGTQVTVSS	2	1
P1MCPUFP__CPUFP500K_0029__00647	48	existing_old_new7500_top200	old_top7500	9e6y	917	/data/qlyu/projects/pvrig_top7500_dualpanel_screen_v1_20260724/run/qc397_final50_fusion_developability_v1_20260726/final50_common4_bundle/representative_complexes/R48__P1MCPUFP__CPUFP500K_0029__00647__9e6y__s917.pdb	1.000000	117.111872	31.191847	False		0	False	2	2	0	0	2.030851	GQGTQVTVSS	2	1
P1MCPUFP__CPUFP500K_0029__00647	48	existing_old_new7500_top200	old_top7500	8x6b	1931	/data/qlyu/projects/pvrig_top7500_dualpanel_screen_v1_20260724/run/qc397_final50_fusion_developability_v1_20260726/final50_common4_bundle/representative_complexes/R48__P1MCPUFP__CPUFP500K_0029__00647__8x6b__s1931.pdb	1.000000	122.738108	33.176826	False		0	False	2	2	0	0	2.031233	GQGTQVTVSS	2	1
P1MCPUFP__CPUFP500K_0029__00647	48	existing_old_new7500_top200	old_top7500	9e6y	1931	/data/qlyu/projects/pvrig_top7500_dualpanel_screen_v1_20260724/run/qc397_final50_fusion_developability_v1_20260726/final50_common4_bundle/representative_complexes/R48__P1MCPUFP__CPUFP500K_0029__00647__9e6y__s1931.pdb	1.000000	122.331272	33.298878	False		0	False	2	2	0	0	2.030733	GQGTQVTVSS	2	1
P1MCPUFP__CPUFP500K_0029__00647	48	existing_old_new7500_top200	old_top7500	8x6b	3047	/data/qlyu/projects/pvrig_top7500_dualpanel_screen_v1_20260724/run/qc397_final50_fusion_developability_v1_20260726/final50_common4_bundle/representative_complexes/R48__P1MCPUFP__CPUFP500K_0029__00647__8x6b__s3047.pdb	1.000000	119.129696	31.563142	False		0	False	2	2	0	0	2.030296	GQGTQVTVSS	2	1
P1MCPUFP__CPUFP500K_0029__00647	48	existing_old_new7500_top200	old_top7500	9e6y	3047	/data/qlyu/projects/pvrig_top7500_dualpanel_screen_v1_20260724/run/qc397_final50_fusion_developability_v1_20260726/final50_common4_bundle/representative_complexes/R48__P1MCPUFP__CPUFP500K_0029__00647__9e6y__s3047.pdb	1.000000	127.180551	33.103390	False		0	False	2	2	0	0	2.030138	GQGTQVTVSS	2	1
P1MCPUFP__CPUFP500K_0090__00860	49	existing_old_new7500_top200	old_top7500	8x6b	42	/data/qlyu/projects/pvrig_top7500_dualpanel_screen_v1_20260724/run/qc397_final50_fusion_developability_v1_20260726/final50_common4_bundle/representative_complexes/R49__P1MCPUFP__CPUFP500K_0090__00860__8x6b__s42.pdb	1.000000	126.943549	37.952714	False		0	False	2	2	0	0	2.031969	GQGTMVTVSS	3	2
P1MCPUFP__CPUFP500K_0090__00860	49	existing_old_new7500_top200	old_top7500	9e6y	42	/data/qlyu/projects/pvrig_top7500_dualpanel_screen_v1_20260724/run/qc397_final50_fusion_developability_v1_20260726/final50_common4_bundle/representative_complexes/R49__P1MCPUFP__CPUFP500K_0090__00860__9e6y__s42.pdb	1.000000	124.930835	37.165824	False		0	False	2	2	0	0	2.031038	GQGTMVTVSS	3	2
P1MCPUFP__CPUFP500K_0090__00860	49	existing_old_new7500_top200	old_top7500	8x6b	917	/data/qlyu/projects/pvrig_top7500_dualpanel_screen_v1_20260724/run/qc397_final50_fusion_developability_v1_20260726/final50_common4_bundle/representative_complexes/R49__P1MCPUFP__CPUFP500K_0090__00860__8x6b__s917.pdb	1.000000	138.206033	36.255067	False	37.690090	0	False	2	2	0	0	2.030806	GQGTMVTVSS	3	2
P1MCPUFP__CPUFP500K_0090__00860	49	existing_old_new7500_top200	old_top7500	9e6y	917	/data/qlyu/projects/pvrig_top7500_dualpanel_screen_v1_20260724/run/qc397_final50_fusion_developability_v1_20260726/final50_common4_bundle/representative_complexes/R49__P1MCPUFP__CPUFP500K_0090__00860__9e6y__s917.pdb	1.000000	129.030321	37.036941	False		0	False	2	2	0	0	2.030771	GQGTMVTVSS	3	2
P1MCPUFP__CPUFP500K_0090__00860	49	existing_old_new7500_top200	old_top7500	8x6b	1931	/data/qlyu/projects/pvrig_top7500_dualpanel_screen_v1_20260724/run/qc397_final50_fusion_developability_v1_20260726/final50_common4_bundle/representative_complexes/R49__P1MCPUFP__CPUFP500K_0090__00860__8x6b__s1931.pdb	1.000000	128.053411	37.166546	False		0	False	2	2	0	0	2.031985	GQGTMVTVSS	3	2
P1MCPUFP__CPUFP500K_0090__00860	49	existing_old_new7500_top200	old_top7500	9e6y	1931	/data/qlyu/projects/pvrig_top7500_dualpanel_screen_v1_20260724/run/qc397_final50_fusion_developability_v1_20260726/final50_common4_bundle/representative_complexes/R49__P1MCPUFP__CPUFP500K_0090__00860__9e6y__s1931.pdb	1.000000	118.359796	35.103315	False		0	False	2	2	0	0	2.030841	GQGTMVTVSS	3	2
P1MCPUFP__CPUFP500K_0090__00860	49	existing_old_new7500_top200	old_top7500	8x6b	3047	/data/qlyu/projects/pvrig_top7500_dualpanel_screen_v1_20260724/run/qc397_final50_fusion_developability_v1_20260726/final50_common4_bundle/representative_complexes/R49__P1MCPUFP__CPUFP500K_0090__00860__8x6b__s3047.pdb	1.000000	136.385334	37.570279	False		0	False	2	2	0	0	2.029992	GQGTMVTVSS	3	2
P1MCPUFP__CPUFP500K_0090__00860	49	existing_old_new7500_top200	old_top7500	9e6y	3047	/data/qlyu/projects/pvrig_top7500_dualpanel_screen_v1_20260724/run/qc397_final50_fusion_developability_v1_20260726/final50_common4_bundle/representative_complexes/R49__P1MCPUFP__CPUFP500K_0090__00860__9e6y__s3047.pdb	1.000000	128.566370	36.719796	False		0	False	2	2	0	0	2.031069	GQGTMVTVSS	3	2
NODE1GEN_128929_source_rfantibody_source_id_PVRIG_RFAb_v2_P6_ekg_L_bb339_mpn06_arm_P6_ekg_L_backbone_P6_ekg_L_bb339_status_NEEDS_RF2_AND_DOCKING	50	generated_top3000	rfantibody	8x6b	42	/data/qlyu/projects/pvrig_top7500_dualpanel_screen_v1_20260724/run/qc397_final50_fusion_developability_v1_20260726/final50_common4_bundle/representative_complexes/R50__NODE1GEN_128929__8x6b__s42.pdb	1.000000	127.382618	36.614245	False		0	False	2	2	0	0	2.034424	GQGTLVTVSS	3	2
NODE1GEN_128929_source_rfantibody_source_id_PVRIG_RFAb_v2_P6_ekg_L_bb339_mpn06_arm_P6_ekg_L_backbone_P6_ekg_L_bb339_status_NEEDS_RF2_AND_DOCKING	50	generated_top3000	rfantibody	9e6y	42	/data/qlyu/projects/pvrig_top7500_dualpanel_screen_v1_20260724/run/qc397_final50_fusion_developability_v1_20260726/final50_common4_bundle/representative_complexes/R50__NODE1GEN_128929__9e6y__s42.pdb	1.000000	125.823802	36.414150	False		0	False	2	2	0	0	2.035143	GQGTLVTVSS	3	2
NODE1GEN_128929_source_rfantibody_source_id_PVRIG_RFAb_v2_P6_ekg_L_bb339_mpn06_arm_P6_ekg_L_backbone_P6_ekg_L_bb339_status_NEEDS_RF2_AND_DOCKING	50	generated_top3000	rfantibody	8x6b	917	/data/qlyu/projects/pvrig_top7500_dualpanel_screen_v1_20260724/run/qc397_final50_fusion_developability_v1_20260726/final50_common4_bundle/representative_complexes/R50__NODE1GEN_128929__8x6b__s917.pdb	1.000000	131.666934	35.928445	False		0	False	2	2	0	0	2.034486	GQGTLVTVSS	3	2
NODE1GEN_128929_source_rfantibody_source_id_PVRIG_RFAb_v2_P6_ekg_L_bb339_mpn06_arm_P6_ekg_L_backbone_P6_ekg_L_bb339_status_NEEDS_RF2_AND_DOCKING	50	generated_top3000	rfantibody	9e6y	917	/data/qlyu/projects/pvrig_top7500_dualpanel_screen_v1_20260724/run/qc397_final50_fusion_developability_v1_20260726/final50_common4_bundle/representative_complexes/R50__NODE1GEN_128929__9e6y__s917.pdb	1.000000	130.335066	36.908397	False		0	False	2	2	0	0	2.033523	GQGTLVTVSS	3	2
NODE1GEN_128929_source_rfantibody_source_id_PVRIG_RFAb_v2_P6_ekg_L_bb339_mpn06_arm_P6_ekg_L_backbone_P6_ekg_L_bb339_status_NEEDS_RF2_AND_DOCKING	50	generated_top3000	rfantibody	8x6b	1931	/data/qlyu/projects/pvrig_top7500_dualpanel_screen_v1_20260724/run/qc397_final50_fusion_developability_v1_20260726/final50_common4_bundle/representative_complexes/R50__NODE1GEN_128929__8x6b__s1931.pdb	1.000000	135.549356	36.133948	False		0	False	2	2	0	0	2.032895	GQGTLVTVSS	3	2
NODE1GEN_128929_source_rfantibody_source_id_PVRIG_RFAb_v2_P6_ekg_L_bb339_mpn06_arm_P6_ekg_L_backbone_P6_ekg_L_bb339_status_NEEDS_RF2_AND_DOCKING	50	generated_top3000	rfantibody	9e6y	1931	/data/qlyu/projects/pvrig_top7500_dualpanel_screen_v1_20260724/run/qc397_final50_fusion_developability_v1_20260726/final50_common4_bundle/representative_complexes/R50__NODE1GEN_128929__9e6y__s1931.pdb	1.000000	130.298184	36.423091	False		0	False	2	2	0	0	2.032496	GQGTLVTVSS	3	2
NODE1GEN_128929_source_rfantibody_source_id_PVRIG_RFAb_v2_P6_ekg_L_bb339_mpn06_arm_P6_ekg_L_backbone_P6_ekg_L_bb339_status_NEEDS_RF2_AND_DOCKING	50	generated_top3000	rfantibody	8x6b	3047	/data/qlyu/projects/pvrig_top7500_dualpanel_screen_v1_20260724/run/qc397_final50_fusion_developability_v1_20260726/final50_common4_bundle/representative_complexes/R50__NODE1GEN_128929__8x6b__s3047.pdb	1.000000	128.322352	36.563711	False		0	False	2	2	0	0	2.033575	GQGTLVTVSS	3	2
NODE1GEN_128929_source_rfantibody_source_id_PVRIG_RFAb_v2_P6_ekg_L_bb339_mpn06_arm_P6_ekg_L_backbone_P6_ekg_L_bb339_status_NEEDS_RF2_AND_DOCKING	50	generated_top3000	rfantibody	9e6y	3047	/data/qlyu/projects/pvrig_top7500_dualpanel_screen_v1_20260724/run/qc397_final50_fusion_developability_v1_20260726/final50_common4_bundle/representative_complexes/R50__NODE1GEN_128929__9e6y__s3047.pdb	1.000000	133.679647	37.094735	False		0	False	2	2	0	0	2.033816	GQGTLVTVSS	3	2
