model,baseline,haddock_rank,haddock_score,hotspot_overlap_count,align_rmsd_A,total_vhh_pvrl2_atom_occlusion,total_vhh_pvrl2_residue_pair_occlusion,total_vhh_pvrl2_atom_clash,total_vhh_pvrl2_residue_pair_clash,cdr3_atom_occlusion,cdr3_atom_occlusion_fraction,cdr3_residue_pair_occlusion,cdr3_residue_pair_occlusion_fraction,cdr3_atom_clash,cdr3_residue_pair_clash,cdr3_vhh_residue_count,cdr3_pvrl2_residue_count,cdr12_atom_occlusion,cdr12_residue_pair_occlusion,framework_atom_occlusion,framework_residue_pair_occlusion,framework_residue_pair_occlusion_fraction
cluster_1_model_1,9e6y,1,,9,0.583,7538,611,1385,228,1320,0.17511276200583709,87,0.14238952536824878,262,39,14,26,1997,151,4221,373,0.6104746317512275
cluster_2_model_1,9e6y,2,,9,0.597,5956,514,1092,194,1583,0.2657824042981867,129,0.2509727626459144,360,45,14,39,1694,131,2679,254,0.49416342412451364
cluster_2_model_2,9e6y,3,,8,0.614,6038,503,1068,195,1663,0.2754223252732693,126,0.2504970178926441,329,51,14,38,1661,129,2714,248,0.49304174950298213
cluster_2_model_3,9e6y,7,,7,0.563,5425,465,965,174,1719,0.3168663594470046,130,0.27956989247311825,318,53,14,42,1532,128,2174,207,0.44516129032258067
cluster_2_model_4,9e6y,8,,5,0.512,3415,272,621,105,1173,0.34348462664714496,84,0.3088235294117647,217,37,12,29,1172,94,1070,94,0.34558823529411764
cluster_3_model_1,9e6y,4,,7,0.519,5932,517,1074,188,521,0.08782872555630479,49,0.09477756286266925,105,19,13,16,1479,109,3932,359,0.6943907156673114
cluster_4_model_1,9e6y,5,,9,0.472,7159,655,1290,230,1633,0.2281044838664618,132,0.2015267175572519,332,52,14,38,2096,170,3430,353,0.5389312977099237
cluster_4_model_2,9e6y,6,,9,0.502,7521,689,1329,234,1684,0.22390639542614013,137,0.1988388969521045,310,53,14,42,2110,168,3727,384,0.5573294629898403
cluster_4_model_3,9e6y,9,,6,0.522,6224,590,1089,196,1396,0.224293059125964,123,0.20847457627118643,272,48,14,32,2051,175,2777,292,0.49491525423728816
