final_rank	candidate_id	source_cohort	route	conformation	seed	state	representative_model	pdb_path	pdb_sha256	archive_path	archive_member	haddock_score	representative_pair_label	job_id	chain_set
1	P1MCPUFP__CPUFP500K_0288__00659	existing_old_new7500_top200	c2_four_seed	8x6b	42	SUCCESS	cluster_1_model_1.pdb.gz	/data/qlyu/projects/pvrig_top7500_dualpanel_screen_v1_20260724/run/qc397_final50_fusion_developability_v1_20260726/final50_common4_bundle/representative_complexes/R01__P1MCPUFP__CPUFP500K_0288__00659__8x6b__s42.pdb	e7168b69bec92a42310de18b3f2805f17030d108d62d9a2a94ef204f1d474875	/data1/qlyu/projects/pvrig_c2_new4220_seed42_3047_docking_results_v1_20260723/c2_new4220_seed42_3047/compressed_queue/CANDIDATE_P1MCPUFP__CPUFP500K_0288__00659_8x6b_s42_82c844237df9.tar.gz	runs/CANDIDATE_P1MCPUFP__CPUFP500K_0288__00659_8x6b_s42_82c844237df9/haddock_run/6_seletopclusts/cluster_1_model_1.pdb.gz	-78.2441	STRICT_A	CANDIDATE_P1MCPUFP__CPUFP500K_0288__00659_8x6b_s42_82c844237df9	AT
1	P1MCPUFP__CPUFP500K_0288__00659	existing_old_new7500_top200	c2_four_seed	9e6y	42	SUCCESS	cluster_1_model_1.pdb.gz	/data/qlyu/projects/pvrig_top7500_dualpanel_screen_v1_20260724/run/qc397_final50_fusion_developability_v1_20260726/final50_common4_bundle/representative_complexes/R01__P1MCPUFP__CPUFP500K_0288__00659__9e6y__s42.pdb	24070b3d6e23ded23dc3ee3016c8e65ebd085d74898727e0e6e21bc06ba104a0	/data1/qlyu/projects/pvrig_c2_new4220_seed42_3047_docking_results_v1_20260723/c2_new4220_seed42_3047/compressed_queue/CANDIDATE_P1MCPUFP__CPUFP500K_0288__00659_9e6y_s42_ab71026c84de.tar.gz	runs/CANDIDATE_P1MCPUFP__CPUFP500K_0288__00659_9e6y_s42_ab71026c84de/haddock_run/6_seletopclusts/cluster_1_model_1.pdb.gz	-57.17300000000001	STRICT_A	CANDIDATE_P1MCPUFP__CPUFP500K_0288__00659_9e6y_s42_ab71026c84de	AT
1	P1MCPUFP__CPUFP500K_0288__00659	existing_old_new7500_top200	c2_four_seed	8x6b	917	SUCCESS	cluster_1_model_1.pdb.gz	/data/qlyu/projects/pvrig_top7500_dualpanel_screen_v1_20260724/run/qc397_final50_fusion_developability_v1_20260726/final50_common4_bundle/representative_complexes/R01__P1MCPUFP__CPUFP500K_0288__00659__8x6b__s917.pdb	a982fed87ab44bb15e1082f502a7dc94cd0f2ba2a42ee26783f2d86cee1ef565	/data1/qlyu/projects/pvrig_c2_new6220_dualreceptor_2seed_docking_results_v1_20260723/c2_new4220/compressed_queue/CANDIDATE_P1MCPUFP__CPUFP500K_0288__00659_8x6b_s917_a58d0caec33e.tar.gz	runs/CANDIDATE_P1MCPUFP__CPUFP500K_0288__00659_8x6b_s917_a58d0caec33e/haddock_run/6_seletopclusts/cluster_1_model_1.pdb.gz	-72.7329	STRICT_A	CANDIDATE_P1MCPUFP__CPUFP500K_0288__00659_8x6b_s917_a58d0caec33e	AT
1	P1MCPUFP__CPUFP500K_0288__00659	existing_old_new7500_top200	c2_four_seed	9e6y	917	SUCCESS	cluster_1_model_1.pdb.gz	/data/qlyu/projects/pvrig_top7500_dualpanel_screen_v1_20260724/run/qc397_final50_fusion_developability_v1_20260726/final50_common4_bundle/representative_complexes/R01__P1MCPUFP__CPUFP500K_0288__00659__9e6y__s917.pdb	ab8fb55053b332b35e112df9ad1ed68401bc573efeda13ab4d7784162fb715c8	/data1/qlyu/projects/pvrig_c2_new6220_dualreceptor_2seed_docking_results_v1_20260723/c2_new4220/compressed_queue/CANDIDATE_P1MCPUFP__CPUFP500K_0288__00659_9e6y_s917_974dd02ead33.tar.gz	runs/CANDIDATE_P1MCPUFP__CPUFP500K_0288__00659_9e6y_s917_974dd02ead33/haddock_run/6_seletopclusts/cluster_1_model_1.pdb.gz	-74.9533	STRICT_A	CANDIDATE_P1MCPUFP__CPUFP500K_0288__00659_9e6y_s917_974dd02ead33	AT
1	P1MCPUFP__CPUFP500K_0288__00659	existing_old_new7500_top200	c2_four_seed	8x6b	1931	SUCCESS	cluster_1_model_1.pdb.gz	/data/qlyu/projects/pvrig_top7500_dualpanel_screen_v1_20260724/run/qc397_final50_fusion_developability_v1_20260726/final50_common4_bundle/representative_complexes/R01__P1MCPUFP__CPUFP500K_0288__00659__8x6b__s1931.pdb	b559661dd4029dd37d7e4b4b818f4acd12186cb616e03b3e23fd1f4f3ff63054	/data1/qlyu/projects/pvrig_c2_new6220_dualreceptor_2seed_docking_results_v1_20260723/c2_new4220/compressed_queue/CANDIDATE_P1MCPUFP__CPUFP500K_0288__00659_8x6b_s1931_16a65d3eb246.tar.gz	runs/CANDIDATE_P1MCPUFP__CPUFP500K_0288__00659_8x6b_s1931_16a65d3eb246/haddock_run/6_seletopclusts/cluster_1_model_1.pdb.gz	-65.91562	STRICT_A	CANDIDATE_P1MCPUFP__CPUFP500K_0288__00659_8x6b_s1931_16a65d3eb246	AT
1	P1MCPUFP__CPUFP500K_0288__00659	existing_old_new7500_top200	c2_four_seed	9e6y	1931	SUCCESS	cluster_1_model_1.pdb.gz	/data/qlyu/projects/pvrig_top7500_dualpanel_screen_v1_20260724/run/qc397_final50_fusion_developability_v1_20260726/final50_common4_bundle/representative_complexes/R01__P1MCPUFP__CPUFP500K_0288__00659__9e6y__s1931.pdb	5afb75e586f8defe596e90e722914f53dd545cc47712292770b55417e91e014b	/data1/qlyu/projects/pvrig_c2_new6220_dualreceptor_2seed_docking_results_v1_20260723/c2_new4220/compressed_queue/CANDIDATE_P1MCPUFP__CPUFP500K_0288__00659_9e6y_s1931_9981534b21f6.tar.gz	runs/CANDIDATE_P1MCPUFP__CPUFP500K_0288__00659_9e6y_s1931_9981534b21f6/haddock_run/6_seletopclusts/cluster_1_model_1.pdb.gz	-72.32260000000001	STRICT_A	CANDIDATE_P1MCPUFP__CPUFP500K_0288__00659_9e6y_s1931_9981534b21f6	AT
1	P1MCPUFP__CPUFP500K_0288__00659	existing_old_new7500_top200	c2_four_seed	8x6b	3047	SUCCESS	cluster_1_model_1.pdb.gz	/data/qlyu/projects/pvrig_top7500_dualpanel_screen_v1_20260724/run/qc397_final50_fusion_developability_v1_20260726/final50_common4_bundle/representative_complexes/R01__P1MCPUFP__CPUFP500K_0288__00659__8x6b__s3047.pdb	1603399eea4c7e76ed4cac3e9bb9e46ef63638c1d15e8dd7e89a4d61672baba5	/data1/qlyu/projects/pvrig_c2_new4220_seed42_3047_docking_results_v1_20260723/c2_new4220_seed42_3047/compressed_queue/CANDIDATE_P1MCPUFP__CPUFP500K_0288__00659_8x6b_s3047_329c9d6b5be6.tar.gz	runs/CANDIDATE_P1MCPUFP__CPUFP500K_0288__00659_8x6b_s3047_329c9d6b5be6/haddock_run/6_seletopclusts/cluster_1_model_1.pdb.gz	-84.38310000000001	STRICT_A	CANDIDATE_P1MCPUFP__CPUFP500K_0288__00659_8x6b_s3047_329c9d6b5be6	AT
1	P1MCPUFP__CPUFP500K_0288__00659	existing_old_new7500_top200	c2_four_seed	9e6y	3047	SUCCESS	cluster_1_model_1.pdb.gz	/data/qlyu/projects/pvrig_top7500_dualpanel_screen_v1_20260724/run/qc397_final50_fusion_developability_v1_20260726/final50_common4_bundle/representative_complexes/R01__P1MCPUFP__CPUFP500K_0288__00659__9e6y__s3047.pdb	e91b6d81e4713125c9f671e65642b6f7e77a74a669fea572b2108e19d731c33a	/data1/qlyu/projects/pvrig_c2_new4220_seed42_3047_docking_results_v1_20260723/c2_new4220_seed42_3047/compressed_queue/CANDIDATE_P1MCPUFP__CPUFP500K_0288__00659_9e6y_s3047_36838e6f48ea.tar.gz	runs/CANDIDATE_P1MCPUFP__CPUFP500K_0288__00659_9e6y_s3047_36838e6f48ea/haddock_run/6_seletopclusts/cluster_1_model_1.pdb.gz	-70.8307	STRICT_A	CANDIDATE_P1MCPUFP__CPUFP500K_0288__00659_9e6y_s3047_36838e6f48ea	AT
2	NODE1GEN_112448_source_rfantibody_source_id_PVRIG_RFAb_v2_P5_qkg_L_bb355_mpn01_arm_P5_qkg_L_backbone_P5_qkg_L_bb355_status_NEEDS_RF2_AND_DOCKING	generated_top3000	rfantibody	8x6b	42	SUCCESS	cluster_1_model_1.pdb.gz	/data/qlyu/projects/pvrig_top7500_dualpanel_screen_v1_20260724/run/qc397_final50_fusion_developability_v1_20260726/final50_common4_bundle/representative_complexes/R02__NODE1GEN_112448__8x6b__s42.pdb	2f3c5e165840b68864b2ee4ed608740abe7f49c5605444ccab1d5c2237a31e95	/data/qlyu/projects/pvrig_node1_generated100k_multimodal_top5000_4seed_docking_results_v2_20260724/compressed_queue/CANDIDATE_NODE1GEN_112448_source_rfantibody_source_id_PVRIG_RFAb_v2_P5_qkg_L_bb355_mpn01_arm_P5_qkg_L_backbone_P5_qkg_L_bb355_status_NEEDS_RF2_AND_DOCKING_8x6b_s42_b6645234e005.tar.gz	runs/CANDIDATE_NODE1GEN_112448_source_rfantibody_source_id_PVRIG_RFAb_v2_P5_qkg_L_bb355_mpn01_arm_P5_qkg_L_backbone_P5_qkg_L_bb355_status_NEEDS_RF2_AND_DOCKING_8x6b_s42_b6645234e005/haddock_run/6_seletopclusts/cluster_1_model_1.pdb.gz	-76.33619999999999	STRICT_A	CANDIDATE_NODE1GEN_112448_source_rfantibody_source_id_PVRIG_RFAb_v2_P5_qkg_L_bb355_mpn01_arm_P5_qkg_L_backbone_P5_qkg_L_bb355_status_NEEDS_RF2_AND_DOCKING_8x6b_s42_b6645234e005	AT
2	NODE1GEN_112448_source_rfantibody_source_id_PVRIG_RFAb_v2_P5_qkg_L_bb355_mpn01_arm_P5_qkg_L_backbone_P5_qkg_L_bb355_status_NEEDS_RF2_AND_DOCKING	generated_top3000	rfantibody	9e6y	42	SUCCESS	cluster_1_model_1.pdb.gz	/data/qlyu/projects/pvrig_top7500_dualpanel_screen_v1_20260724/run/qc397_final50_fusion_developability_v1_20260726/final50_common4_bundle/representative_complexes/R02__NODE1GEN_112448__9e6y__s42.pdb	9a70ba659ec796d2b9d6ab4a4fbb272b3f12d62ac5e07f1bbadf8a4532da3e14	/data/qlyu/projects/pvrig_node1_generated100k_multimodal_top5000_4seed_docking_results_v2_20260724/compressed_queue/CANDIDATE_NODE1GEN_112448_source_rfantibody_source_id_PVRIG_RFAb_v2_P5_qkg_L_bb355_mpn01_arm_P5_qkg_L_backbone_P5_qkg_L_bb355_status_NEEDS_RF2_AND_DOCKING_9e6y_s42_39618e1c8e75.tar.gz	runs/CANDIDATE_NODE1GEN_112448_source_rfantibody_source_id_PVRIG_RFAb_v2_P5_qkg_L_bb355_mpn01_arm_P5_qkg_L_backbone_P5_qkg_L_bb355_status_NEEDS_RF2_AND_DOCKING_9e6y_s42_39618e1c8e75/haddock_run/6_seletopclusts/cluster_1_model_1.pdb.gz	-83.594	STRICT_A	CANDIDATE_NODE1GEN_112448_source_rfantibody_source_id_PVRIG_RFAb_v2_P5_qkg_L_bb355_mpn01_arm_P5_qkg_L_backbone_P5_qkg_L_bb355_status_NEEDS_RF2_AND_DOCKING_9e6y_s42_39618e1c8e75	AT
2	NODE1GEN_112448_source_rfantibody_source_id_PVRIG_RFAb_v2_P5_qkg_L_bb355_mpn01_arm_P5_qkg_L_backbone_P5_qkg_L_bb355_status_NEEDS_RF2_AND_DOCKING	generated_top3000	rfantibody	8x6b	917	SUCCESS	cluster_1_model_1.pdb.gz	/data/qlyu/projects/pvrig_top7500_dualpanel_screen_v1_20260724/run/qc397_final50_fusion_developability_v1_20260726/final50_common4_bundle/representative_complexes/R02__NODE1GEN_112448__8x6b__s917.pdb	9740f2dc2ecda3ea458bd7ecf4a534c4549720dc3db4b5849ea2c99a68240d1a	/data/qlyu/projects/pvrig_node1_generated100k_multimodal_top5000_4seed_docking_results_v2_20260724/compressed_queue/CANDIDATE_NODE1GEN_112448_source_rfantibody_source_id_PVRIG_RFAb_v2_P5_qkg_L_bb355_mpn01_arm_P5_qkg_L_backbone_P5_qkg_L_bb355_status_NEEDS_RF2_AND_DOCKING_8x6b_s917_a89c9b52000a.tar.gz	runs/CANDIDATE_NODE1GEN_112448_source_rfantibody_source_id_PVRIG_RFAb_v2_P5_qkg_L_bb355_mpn01_arm_P5_qkg_L_backbone_P5_qkg_L_bb355_status_NEEDS_RF2_AND_DOCKING_8x6b_s917_a89c9b52000a/haddock_run/6_seletopclusts/cluster_1_model_1.pdb.gz	-78.59789999999998	STRICT_A	CANDIDATE_NODE1GEN_112448_source_rfantibody_source_id_PVRIG_RFAb_v2_P5_qkg_L_bb355_mpn01_arm_P5_qkg_L_backbone_P5_qkg_L_bb355_status_NEEDS_RF2_AND_DOCKING_8x6b_s917_a89c9b52000a	AT
2	NODE1GEN_112448_source_rfantibody_source_id_PVRIG_RFAb_v2_P5_qkg_L_bb355_mpn01_arm_P5_qkg_L_backbone_P5_qkg_L_bb355_status_NEEDS_RF2_AND_DOCKING	generated_top3000	rfantibody	9e6y	917	SUCCESS	cluster_1_model_1.pdb.gz	/data/qlyu/projects/pvrig_top7500_dualpanel_screen_v1_20260724/run/qc397_final50_fusion_developability_v1_20260726/final50_common4_bundle/representative_complexes/R02__NODE1GEN_112448__9e6y__s917.pdb	ae8cb90f893de9c19d3e1e1e42b08f88b0607dfca4e75d854611eb80147e55d1	/data/qlyu/projects/pvrig_node1_generated100k_multimodal_top5000_4seed_docking_results_v2_20260724/compressed_queue/CANDIDATE_NODE1GEN_112448_source_rfantibody_source_id_PVRIG_RFAb_v2_P5_qkg_L_bb355_mpn01_arm_P5_qkg_L_backbone_P5_qkg_L_bb355_status_NEEDS_RF2_AND_DOCKING_9e6y_s917_46387d67eab9.tar.gz	runs/CANDIDATE_NODE1GEN_112448_source_rfantibody_source_id_PVRIG_RFAb_v2_P5_qkg_L_bb355_mpn01_arm_P5_qkg_L_backbone_P5_qkg_L_bb355_status_NEEDS_RF2_AND_DOCKING_9e6y_s917_46387d67eab9/haddock_run/6_seletopclusts/cluster_1_model_1.pdb.gz	-68.0395	STRICT_A	CANDIDATE_NODE1GEN_112448_source_rfantibody_source_id_PVRIG_RFAb_v2_P5_qkg_L_bb355_mpn01_arm_P5_qkg_L_backbone_P5_qkg_L_bb355_status_NEEDS_RF2_AND_DOCKING_9e6y_s917_46387d67eab9	AT
2	NODE1GEN_112448_source_rfantibody_source_id_PVRIG_RFAb_v2_P5_qkg_L_bb355_mpn01_arm_P5_qkg_L_backbone_P5_qkg_L_bb355_status_NEEDS_RF2_AND_DOCKING	generated_top3000	rfantibody	8x6b	1931	SUCCESS	cluster_1_model_1.pdb.gz	/data/qlyu/projects/pvrig_top7500_dualpanel_screen_v1_20260724/run/qc397_final50_fusion_developability_v1_20260726/final50_common4_bundle/representative_complexes/R02__NODE1GEN_112448__8x6b__s1931.pdb	ff0cc0f9977dcac4249b204abd34cb880d71266a074123f23141a3cf69ce0a27	/data/qlyu/projects/pvrig_node1_generated100k_multimodal_top5000_4seed_docking_results_v2_20260724/compressed_queue/CANDIDATE_NODE1GEN_112448_source_rfantibody_source_id_PVRIG_RFAb_v2_P5_qkg_L_bb355_mpn01_arm_P5_qkg_L_backbone_P5_qkg_L_bb355_status_NEEDS_RF2_AND_DOCKING_8x6b_s1931_cc0fcdf935e5.tar.gz	runs/CANDIDATE_NODE1GEN_112448_source_rfantibody_source_id_PVRIG_RFAb_v2_P5_qkg_L_bb355_mpn01_arm_P5_qkg_L_backbone_P5_qkg_L_bb355_status_NEEDS_RF2_AND_DOCKING_8x6b_s1931_cc0fcdf935e5/haddock_run/6_seletopclusts/cluster_1_model_1.pdb.gz	-77.6662	STRICT_A	CANDIDATE_NODE1GEN_112448_source_rfantibody_source_id_PVRIG_RFAb_v2_P5_qkg_L_bb355_mpn01_arm_P5_qkg_L_backbone_P5_qkg_L_bb355_status_NEEDS_RF2_AND_DOCKING_8x6b_s1931_cc0fcdf935e5	AT
2	NODE1GEN_112448_source_rfantibody_source_id_PVRIG_RFAb_v2_P5_qkg_L_bb355_mpn01_arm_P5_qkg_L_backbone_P5_qkg_L_bb355_status_NEEDS_RF2_AND_DOCKING	generated_top3000	rfantibody	9e6y	1931	SUCCESS	cluster_1_model_1.pdb.gz	/data/qlyu/projects/pvrig_top7500_dualpanel_screen_v1_20260724/run/qc397_final50_fusion_developability_v1_20260726/final50_common4_bundle/representative_complexes/R02__NODE1GEN_112448__9e6y__s1931.pdb	66e7b2baf7709ed5481081be96d305b144c3736473f28dea713c58b826c3d89d	/data/qlyu/projects/pvrig_node1_generated100k_multimodal_top5000_4seed_docking_results_v2_20260724/compressed_queue/CANDIDATE_NODE1GEN_112448_source_rfantibody_source_id_PVRIG_RFAb_v2_P5_qkg_L_bb355_mpn01_arm_P5_qkg_L_backbone_P5_qkg_L_bb355_status_NEEDS_RF2_AND_DOCKING_9e6y_s1931_4bf716e596a9.tar.gz	runs/CANDIDATE_NODE1GEN_112448_source_rfantibody_source_id_PVRIG_RFAb_v2_P5_qkg_L_bb355_mpn01_arm_P5_qkg_L_backbone_P5_qkg_L_bb355_status_NEEDS_RF2_AND_DOCKING_9e6y_s1931_4bf716e596a9/haddock_run/6_seletopclusts/cluster_1_model_1.pdb.gz	-76.08370000000001	STRICT_A	CANDIDATE_NODE1GEN_112448_source_rfantibody_source_id_PVRIG_RFAb_v2_P5_qkg_L_bb355_mpn01_arm_P5_qkg_L_backbone_P5_qkg_L_bb355_status_NEEDS_RF2_AND_DOCKING_9e6y_s1931_4bf716e596a9	AT
2	NODE1GEN_112448_source_rfantibody_source_id_PVRIG_RFAb_v2_P5_qkg_L_bb355_mpn01_arm_P5_qkg_L_backbone_P5_qkg_L_bb355_status_NEEDS_RF2_AND_DOCKING	generated_top3000	rfantibody	8x6b	3047	SUCCESS	cluster_1_model_1.pdb.gz	/data/qlyu/projects/pvrig_top7500_dualpanel_screen_v1_20260724/run/qc397_final50_fusion_developability_v1_20260726/final50_common4_bundle/representative_complexes/R02__NODE1GEN_112448__8x6b__s3047.pdb	8b5800ddd297e027c4af96327e271682f7c8b48250b1ea5f5ee818ede7cd4125	/data/qlyu/projects/pvrig_node1_generated100k_multimodal_top5000_4seed_docking_results_v2_20260724/compressed_queue/CANDIDATE_NODE1GEN_112448_source_rfantibody_source_id_PVRIG_RFAb_v2_P5_qkg_L_bb355_mpn01_arm_P5_qkg_L_backbone_P5_qkg_L_bb355_status_NEEDS_RF2_AND_DOCKING_8x6b_s3047_95f444c1e245.tar.gz	runs/CANDIDATE_NODE1GEN_112448_source_rfantibody_source_id_PVRIG_RFAb_v2_P5_qkg_L_bb355_mpn01_arm_P5_qkg_L_backbone_P5_qkg_L_bb355_status_NEEDS_RF2_AND_DOCKING_8x6b_s3047_95f444c1e245/haddock_run/6_seletopclusts/cluster_1_model_1.pdb.gz	-82.4154	STRICT_A	CANDIDATE_NODE1GEN_112448_source_rfantibody_source_id_PVRIG_RFAb_v2_P5_qkg_L_bb355_mpn01_arm_P5_qkg_L_backbone_P5_qkg_L_bb355_status_NEEDS_RF2_AND_DOCKING_8x6b_s3047_95f444c1e245	AT
2	NODE1GEN_112448_source_rfantibody_source_id_PVRIG_RFAb_v2_P5_qkg_L_bb355_mpn01_arm_P5_qkg_L_backbone_P5_qkg_L_bb355_status_NEEDS_RF2_AND_DOCKING	generated_top3000	rfantibody	9e6y	3047	SUCCESS	cluster_1_model_1.pdb.gz	/data/qlyu/projects/pvrig_top7500_dualpanel_screen_v1_20260724/run/qc397_final50_fusion_developability_v1_20260726/final50_common4_bundle/representative_complexes/R02__NODE1GEN_112448__9e6y__s3047.pdb	a67f3ab72f2467d7fd1029bdfb8bb15220889298ce65f94a34d2ea114194cf9f	/data/qlyu/projects/pvrig_node1_generated100k_multimodal_top5000_4seed_docking_results_v2_20260724/compressed_queue/CANDIDATE_NODE1GEN_112448_source_rfantibody_source_id_PVRIG_RFAb_v2_P5_qkg_L_bb355_mpn01_arm_P5_qkg_L_backbone_P5_qkg_L_bb355_status_NEEDS_RF2_AND_DOCKING_9e6y_s3047_4bc71d0db491.tar.gz	runs/CANDIDATE_NODE1GEN_112448_source_rfantibody_source_id_PVRIG_RFAb_v2_P5_qkg_L_bb355_mpn01_arm_P5_qkg_L_backbone_P5_qkg_L_bb355_status_NEEDS_RF2_AND_DOCKING_9e6y_s3047_4bc71d0db491/haddock_run/6_seletopclusts/cluster_1_model_1.pdb.gz	-70.29949999999998	STRICT_A	CANDIDATE_NODE1GEN_112448_source_rfantibody_source_id_PVRIG_RFAb_v2_P5_qkg_L_bb355_mpn01_arm_P5_qkg_L_backbone_P5_qkg_L_bb355_status_NEEDS_RF2_AND_DOCKING_9e6y_s3047_4bc71d0db491	AT
3	NODE1GEN_229102_source_fixed_pose_mpnn_source_id_P500K__FIXED_POSE_MPNN__2F90E7DCCA05F9E4	generated_top3000	fixed_pose_mpnn	8x6b	42	SUCCESS	cluster_1_model_1.pdb.gz	/data/qlyu/projects/pvrig_top7500_dualpanel_screen_v1_20260724/run/qc397_final50_fusion_developability_v1_20260726/final50_common4_bundle/representative_complexes/R03__NODE1GEN_229102_source_fixed_pose_mpnn_source_id_P500K__FIXED_POSE_MPNN__2F90E7DCCA05F9E4__8x6b__s42.pdb	081a43661eafb3c36d0435489ba89bccfe9e1f9baed172c033bc9e96ce361c28	/data/qlyu/projects/pvrig_node1_generated100k_multimodal_top5000_4seed_docking_results_v2_20260724/compressed_queue/CANDIDATE_NODE1GEN_229102_source_fixed_pose_mpnn_source_id_P500K__FIXED_POSE_MPNN__2F90E7DCCA05F9E4_8x6b_s42_5c5970c35d75.tar.gz	runs/CANDIDATE_NODE1GEN_229102_source_fixed_pose_mpnn_source_id_P500K__FIXED_POSE_MPNN__2F90E7DCCA05F9E4_8x6b_s42_5c5970c35d75/haddock_run/6_seletopclusts/cluster_1_model_1.pdb.gz	-67.8973	STRICT_A	CANDIDATE_NODE1GEN_229102_source_fixed_pose_mpnn_source_id_P500K__FIXED_POSE_MPNN__2F90E7DCCA05F9E4_8x6b_s42_5c5970c35d75	AT
3	NODE1GEN_229102_source_fixed_pose_mpnn_source_id_P500K__FIXED_POSE_MPNN__2F90E7DCCA05F9E4	generated_top3000	fixed_pose_mpnn	9e6y	42	SUCCESS	cluster_1_model_1.pdb.gz	/data/qlyu/projects/pvrig_top7500_dualpanel_screen_v1_20260724/run/qc397_final50_fusion_developability_v1_20260726/final50_common4_bundle/representative_complexes/R03__NODE1GEN_229102_source_fixed_pose_mpnn_source_id_P500K__FIXED_POSE_MPNN__2F90E7DCCA05F9E4__9e6y__s42.pdb	10850d0526c87368a7925cf1cbb3e6f3f4c32d59b366f3e3befe6734f82ef40d	/data/qlyu/projects/pvrig_node1_generated100k_multimodal_top5000_4seed_docking_results_v2_20260724/compressed_queue/CANDIDATE_NODE1GEN_229102_source_fixed_pose_mpnn_source_id_P500K__FIXED_POSE_MPNN__2F90E7DCCA05F9E4_9e6y_s42_baefef03edfb.tar.gz	runs/CANDIDATE_NODE1GEN_229102_source_fixed_pose_mpnn_source_id_P500K__FIXED_POSE_MPNN__2F90E7DCCA05F9E4_9e6y_s42_baefef03edfb/haddock_run/6_seletopclusts/cluster_1_model_1.pdb.gz	-64.6918	STRICT_A	CANDIDATE_NODE1GEN_229102_source_fixed_pose_mpnn_source_id_P500K__FIXED_POSE_MPNN__2F90E7DCCA05F9E4_9e6y_s42_baefef03edfb	AT
3	NODE1GEN_229102_source_fixed_pose_mpnn_source_id_P500K__FIXED_POSE_MPNN__2F90E7DCCA05F9E4	generated_top3000	fixed_pose_mpnn	8x6b	917	SUCCESS	cluster_1_model_1.pdb.gz	/data/qlyu/projects/pvrig_top7500_dualpanel_screen_v1_20260724/run/qc397_final50_fusion_developability_v1_20260726/final50_common4_bundle/representative_complexes/R03__NODE1GEN_229102_source_fixed_pose_mpnn_source_id_P500K__FIXED_POSE_MPNN__2F90E7DCCA05F9E4__8x6b__s917.pdb	4570645a60f28f46da9796fc5cbf058766157e909b35a2f5cf21f9bf5a1467bf	/data/qlyu/projects/pvrig_node1_generated100k_multimodal_top5000_4seed_docking_results_v2_20260724/compressed_queue/CANDIDATE_NODE1GEN_229102_source_fixed_pose_mpnn_source_id_P500K__FIXED_POSE_MPNN__2F90E7DCCA05F9E4_8x6b_s917_172d485bde17.tar.gz	runs/CANDIDATE_NODE1GEN_229102_source_fixed_pose_mpnn_source_id_P500K__FIXED_POSE_MPNN__2F90E7DCCA05F9E4_8x6b_s917_172d485bde17/haddock_run/6_seletopclusts/cluster_1_model_1.pdb.gz	-71.84245999999999	STRICT_A	CANDIDATE_NODE1GEN_229102_source_fixed_pose_mpnn_source_id_P500K__FIXED_POSE_MPNN__2F90E7DCCA05F9E4_8x6b_s917_172d485bde17	AT
3	NODE1GEN_229102_source_fixed_pose_mpnn_source_id_P500K__FIXED_POSE_MPNN__2F90E7DCCA05F9E4	generated_top3000	fixed_pose_mpnn	9e6y	917	SUCCESS	cluster_1_model_1.pdb.gz	/data/qlyu/projects/pvrig_top7500_dualpanel_screen_v1_20260724/run/qc397_final50_fusion_developability_v1_20260726/final50_common4_bundle/representative_complexes/R03__NODE1GEN_229102_source_fixed_pose_mpnn_source_id_P500K__FIXED_POSE_MPNN__2F90E7DCCA05F9E4__9e6y__s917.pdb	c9843b2b61f229e4e2e750976f864e699e32f4bc4ff194a1e08552e2a55e81d9	/data/qlyu/projects/pvrig_node1_generated100k_multimodal_top5000_4seed_docking_results_v2_20260724/compressed_queue/CANDIDATE_NODE1GEN_229102_source_fixed_pose_mpnn_source_id_P500K__FIXED_POSE_MPNN__2F90E7DCCA05F9E4_9e6y_s917_e125af6c1d1f.tar.gz	runs/CANDIDATE_NODE1GEN_229102_source_fixed_pose_mpnn_source_id_P500K__FIXED_POSE_MPNN__2F90E7DCCA05F9E4_9e6y_s917_e125af6c1d1f/haddock_run/6_seletopclusts/cluster_1_model_1.pdb.gz	-59.308730000000004	STRICT_A	CANDIDATE_NODE1GEN_229102_source_fixed_pose_mpnn_source_id_P500K__FIXED_POSE_MPNN__2F90E7DCCA05F9E4_9e6y_s917_e125af6c1d1f	AT
3	NODE1GEN_229102_source_fixed_pose_mpnn_source_id_P500K__FIXED_POSE_MPNN__2F90E7DCCA05F9E4	generated_top3000	fixed_pose_mpnn	8x6b	1931	SUCCESS	cluster_1_model_1.pdb.gz	/data/qlyu/projects/pvrig_top7500_dualpanel_screen_v1_20260724/run/qc397_final50_fusion_developability_v1_20260726/final50_common4_bundle/representative_complexes/R03__NODE1GEN_229102_source_fixed_pose_mpnn_source_id_P500K__FIXED_POSE_MPNN__2F90E7DCCA05F9E4__8x6b__s1931.pdb	7e0a6c427ebc10902111336f90a63d60426375f5066124a8d6a12c6e92dbae7f	/data/qlyu/projects/pvrig_node1_generated100k_multimodal_top5000_4seed_docking_results_v2_20260724/compressed_queue/CANDIDATE_NODE1GEN_229102_source_fixed_pose_mpnn_source_id_P500K__FIXED_POSE_MPNN__2F90E7DCCA05F9E4_8x6b_s1931_4a7cbfcb4faa.tar.gz	runs/CANDIDATE_NODE1GEN_229102_source_fixed_pose_mpnn_source_id_P500K__FIXED_POSE_MPNN__2F90E7DCCA05F9E4_8x6b_s1931_4a7cbfcb4faa/haddock_run/6_seletopclusts/cluster_1_model_1.pdb.gz	-65.4028	STRICT_A	CANDIDATE_NODE1GEN_229102_source_fixed_pose_mpnn_source_id_P500K__FIXED_POSE_MPNN__2F90E7DCCA05F9E4_8x6b_s1931_4a7cbfcb4faa	AT
3	NODE1GEN_229102_source_fixed_pose_mpnn_source_id_P500K__FIXED_POSE_MPNN__2F90E7DCCA05F9E4	generated_top3000	fixed_pose_mpnn	9e6y	1931	SUCCESS	cluster_1_model_1.pdb.gz	/data/qlyu/projects/pvrig_top7500_dualpanel_screen_v1_20260724/run/qc397_final50_fusion_developability_v1_20260726/final50_common4_bundle/representative_complexes/R03__NODE1GEN_229102_source_fixed_pose_mpnn_source_id_P500K__FIXED_POSE_MPNN__2F90E7DCCA05F9E4__9e6y__s1931.pdb	aa8e529872a434426acd80eb720c1606e76d89e2e472bb270313dc56ebcbc4cc	/data/qlyu/projects/pvrig_node1_generated100k_multimodal_top5000_4seed_docking_results_v2_20260724/compressed_queue/CANDIDATE_NODE1GEN_229102_source_fixed_pose_mpnn_source_id_P500K__FIXED_POSE_MPNN__2F90E7DCCA05F9E4_9e6y_s1931_af764851b344.tar.gz	runs/CANDIDATE_NODE1GEN_229102_source_fixed_pose_mpnn_source_id_P500K__FIXED_POSE_MPNN__2F90E7DCCA05F9E4_9e6y_s1931_af764851b344/haddock_run/6_seletopclusts/cluster_1_model_1.pdb.gz	-71.56269	STRICT_A	CANDIDATE_NODE1GEN_229102_source_fixed_pose_mpnn_source_id_P500K__FIXED_POSE_MPNN__2F90E7DCCA05F9E4_9e6y_s1931_af764851b344	AT
3	NODE1GEN_229102_source_fixed_pose_mpnn_source_id_P500K__FIXED_POSE_MPNN__2F90E7DCCA05F9E4	generated_top3000	fixed_pose_mpnn	8x6b	3047	SUCCESS	cluster_1_model_1.pdb.gz	/data/qlyu/projects/pvrig_top7500_dualpanel_screen_v1_20260724/run/qc397_final50_fusion_developability_v1_20260726/final50_common4_bundle/representative_complexes/R03__NODE1GEN_229102_source_fixed_pose_mpnn_source_id_P500K__FIXED_POSE_MPNN__2F90E7DCCA05F9E4__8x6b__s3047.pdb	423bc4e6d03822a12f1fec1ad5be9e8b32056d0634e1e84f08544114527169b2	/data/qlyu/projects/pvrig_node1_generated100k_multimodal_top5000_4seed_docking_results_v2_20260724/compressed_queue/CANDIDATE_NODE1GEN_229102_source_fixed_pose_mpnn_source_id_P500K__FIXED_POSE_MPNN__2F90E7DCCA05F9E4_8x6b_s3047_6c8b3cb52f94.tar.gz	runs/CANDIDATE_NODE1GEN_229102_source_fixed_pose_mpnn_source_id_P500K__FIXED_POSE_MPNN__2F90E7DCCA05F9E4_8x6b_s3047_6c8b3cb52f94/haddock_run/6_seletopclusts/cluster_1_model_1.pdb.gz	-71.43058	STRICT_A	CANDIDATE_NODE1GEN_229102_source_fixed_pose_mpnn_source_id_P500K__FIXED_POSE_MPNN__2F90E7DCCA05F9E4_8x6b_s3047_6c8b3cb52f94	AT
3	NODE1GEN_229102_source_fixed_pose_mpnn_source_id_P500K__FIXED_POSE_MPNN__2F90E7DCCA05F9E4	generated_top3000	fixed_pose_mpnn	9e6y	3047	SUCCESS	cluster_1_model_1.pdb.gz	/data/qlyu/projects/pvrig_top7500_dualpanel_screen_v1_20260724/run/qc397_final50_fusion_developability_v1_20260726/final50_common4_bundle/representative_complexes/R03__NODE1GEN_229102_source_fixed_pose_mpnn_source_id_P500K__FIXED_POSE_MPNN__2F90E7DCCA05F9E4__9e6y__s3047.pdb	c629ee3313ccf976ee70e174e72ec238ac83bea84903a2ad51652edbe406d59c	/data/qlyu/projects/pvrig_node1_generated100k_multimodal_top5000_4seed_docking_results_v2_20260724/compressed_queue/CANDIDATE_NODE1GEN_229102_source_fixed_pose_mpnn_source_id_P500K__FIXED_POSE_MPNN__2F90E7DCCA05F9E4_9e6y_s3047_9873e24d692f.tar.gz	runs/CANDIDATE_NODE1GEN_229102_source_fixed_pose_mpnn_source_id_P500K__FIXED_POSE_MPNN__2F90E7DCCA05F9E4_9e6y_s3047_9873e24d692f/haddock_run/6_seletopclusts/cluster_1_model_1.pdb.gz	-63.80442	STRICT_A	CANDIDATE_NODE1GEN_229102_source_fixed_pose_mpnn_source_id_P500K__FIXED_POSE_MPNN__2F90E7DCCA05F9E4_9e6y_s3047_9873e24d692f	AT
4	P1MCPUFP__CPUFP500K_0188__00519	existing_old_new7500_top200	c2_four_seed	8x6b	42	SUCCESS	cluster_1_model_1.pdb.gz	/data/qlyu/projects/pvrig_top7500_dualpanel_screen_v1_20260724/run/qc397_final50_fusion_developability_v1_20260726/final50_common4_bundle/representative_complexes/R04__P1MCPUFP__CPUFP500K_0188__00519__8x6b__s42.pdb	b036ac7d7a0a46461b4e7fc871b417a05e3eb6c60ff1838ab70e5fd391b1f831	/data1/qlyu/projects/pvrig_c2_new4220_seed42_3047_docking_results_v1_20260723/c2_new4220_seed42_3047/compressed_queue/CANDIDATE_P1MCPUFP__CPUFP500K_0188__00519_8x6b_s42_27897e361e04.tar.gz	runs/CANDIDATE_P1MCPUFP__CPUFP500K_0188__00519_8x6b_s42_27897e361e04/haddock_run/6_seletopclusts/cluster_1_model_1.pdb.gz	-66.69977999999999	STRICT_A	CANDIDATE_P1MCPUFP__CPUFP500K_0188__00519_8x6b_s42_27897e361e04	AT
4	P1MCPUFP__CPUFP500K_0188__00519	existing_old_new7500_top200	c2_four_seed	9e6y	42	SUCCESS	cluster_1_model_1.pdb.gz	/data/qlyu/projects/pvrig_top7500_dualpanel_screen_v1_20260724/run/qc397_final50_fusion_developability_v1_20260726/final50_common4_bundle/representative_complexes/R04__P1MCPUFP__CPUFP500K_0188__00519__9e6y__s42.pdb	2a54f8d41a032310ea8cb8684970a9d19fbd82ff8322cfb2c93e4dd52a882120	/data1/qlyu/projects/pvrig_c2_new4220_seed42_3047_docking_results_v1_20260723/c2_new4220_seed42_3047/compressed_queue/CANDIDATE_P1MCPUFP__CPUFP500K_0188__00519_9e6y_s42_a738b72f9de2.tar.gz	runs/CANDIDATE_P1MCPUFP__CPUFP500K_0188__00519_9e6y_s42_a738b72f9de2/haddock_run/6_seletopclusts/cluster_1_model_1.pdb.gz	-56.078100000000006	STRICT_A	CANDIDATE_P1MCPUFP__CPUFP500K_0188__00519_9e6y_s42_a738b72f9de2	AT
4	P1MCPUFP__CPUFP500K_0188__00519	existing_old_new7500_top200	c2_four_seed	8x6b	917	SUCCESS	cluster_1_model_1.pdb.gz	/data/qlyu/projects/pvrig_top7500_dualpanel_screen_v1_20260724/run/qc397_final50_fusion_developability_v1_20260726/final50_common4_bundle/representative_complexes/R04__P1MCPUFP__CPUFP500K_0188__00519__8x6b__s917.pdb	46e31406e95b34957b652ad926343ca52848157c5a12879a7282f398292741f1	/data1/qlyu/projects/pvrig_c2_new6220_dualreceptor_2seed_docking_results_v1_20260723/c2_new4220/compressed_queue/CANDIDATE_P1MCPUFP__CPUFP500K_0188__00519_8x6b_s917_91b35b9738b7.tar.gz	runs/CANDIDATE_P1MCPUFP__CPUFP500K_0188__00519_8x6b_s917_91b35b9738b7/haddock_run/6_seletopclusts/cluster_1_model_1.pdb.gz	-56.2451	STRICT_A	CANDIDATE_P1MCPUFP__CPUFP500K_0188__00519_8x6b_s917_91b35b9738b7	AT
4	P1MCPUFP__CPUFP500K_0188__00519	existing_old_new7500_top200	c2_four_seed	9e6y	917	SUCCESS	cluster_1_model_1.pdb.gz	/data/qlyu/projects/pvrig_top7500_dualpanel_screen_v1_20260724/run/qc397_final50_fusion_developability_v1_20260726/final50_common4_bundle/representative_complexes/R04__P1MCPUFP__CPUFP500K_0188__00519__9e6y__s917.pdb	db9c9a9b2873373d210a9ef1a18666bbedd43fd5b65ce4c0c093f61126770249	/data1/qlyu/projects/pvrig_c2_new6220_dualreceptor_2seed_docking_results_v1_20260723/c2_new4220/compressed_queue/CANDIDATE_P1MCPUFP__CPUFP500K_0188__00519_9e6y_s917_d962a9b6816c.tar.gz	runs/CANDIDATE_P1MCPUFP__CPUFP500K_0188__00519_9e6y_s917_d962a9b6816c/haddock_run/6_seletopclusts/cluster_1_model_1.pdb.gz	-59.53119999999999	STRICT_A	CANDIDATE_P1MCPUFP__CPUFP500K_0188__00519_9e6y_s917_d962a9b6816c	AT
4	P1MCPUFP__CPUFP500K_0188__00519	existing_old_new7500_top200	c2_four_seed	8x6b	1931	SUCCESS	cluster_1_model_1.pdb.gz	/data/qlyu/projects/pvrig_top7500_dualpanel_screen_v1_20260724/run/qc397_final50_fusion_developability_v1_20260726/final50_common4_bundle/representative_complexes/R04__P1MCPUFP__CPUFP500K_0188__00519__8x6b__s1931.pdb	acb6f70e1327b78d8e1e48fc564d048c3de8ac51678bd2daf32ca093d802ae79	/data1/qlyu/projects/pvrig_c2_new6220_dualreceptor_2seed_docking_results_v1_20260723/c2_new4220/compressed_queue/CANDIDATE_P1MCPUFP__CPUFP500K_0188__00519_8x6b_s1931_b92439ad6a3b.tar.gz	runs/CANDIDATE_P1MCPUFP__CPUFP500K_0188__00519_8x6b_s1931_b92439ad6a3b/haddock_run/6_seletopclusts/cluster_1_model_1.pdb.gz	-67.31793	STRICT_A	CANDIDATE_P1MCPUFP__CPUFP500K_0188__00519_8x6b_s1931_b92439ad6a3b	AT
4	P1MCPUFP__CPUFP500K_0188__00519	existing_old_new7500_top200	c2_four_seed	9e6y	1931	SUCCESS	cluster_1_model_1.pdb.gz	/data/qlyu/projects/pvrig_top7500_dualpanel_screen_v1_20260724/run/qc397_final50_fusion_developability_v1_20260726/final50_common4_bundle/representative_complexes/R04__P1MCPUFP__CPUFP500K_0188__00519__9e6y__s1931.pdb	7cefda36c77d67d93e5d401d6cecb02cd3f9dcdeb9beed6aa16e778c2af1faf7	/data1/qlyu/projects/pvrig_c2_new6220_dualreceptor_2seed_docking_results_v1_20260723/c2_new4220/compressed_queue/CANDIDATE_P1MCPUFP__CPUFP500K_0188__00519_9e6y_s1931_290df34d8ae7.tar.gz	runs/CANDIDATE_P1MCPUFP__CPUFP500K_0188__00519_9e6y_s1931_290df34d8ae7/haddock_run/6_seletopclusts/cluster_1_model_1.pdb.gz	-62.827149999999996	STRICT_A	CANDIDATE_P1MCPUFP__CPUFP500K_0188__00519_9e6y_s1931_290df34d8ae7	AT
4	P1MCPUFP__CPUFP500K_0188__00519	existing_old_new7500_top200	c2_four_seed	8x6b	3047	SUCCESS	cluster_1_model_1.pdb.gz	/data/qlyu/projects/pvrig_top7500_dualpanel_screen_v1_20260724/run/qc397_final50_fusion_developability_v1_20260726/final50_common4_bundle/representative_complexes/R04__P1MCPUFP__CPUFP500K_0188__00519__8x6b__s3047.pdb	76efe16a7ad59255cf3d790565edc5e4029b11d832250dbee7888f952555c4e5	/data1/qlyu/projects/pvrig_c2_new4220_seed42_3047_docking_results_v1_20260723/c2_new4220_seed42_3047/compressed_queue/CANDIDATE_P1MCPUFP__CPUFP500K_0188__00519_8x6b_s3047_b91eeed3dc78.tar.gz	runs/CANDIDATE_P1MCPUFP__CPUFP500K_0188__00519_8x6b_s3047_b91eeed3dc78/haddock_run/6_seletopclusts/cluster_1_model_1.pdb.gz	-72.96108	STRICT_A	CANDIDATE_P1MCPUFP__CPUFP500K_0188__00519_8x6b_s3047_b91eeed3dc78	AT
4	P1MCPUFP__CPUFP500K_0188__00519	existing_old_new7500_top200	c2_four_seed	9e6y	3047	SUCCESS	cluster_1_model_1.pdb.gz	/data/qlyu/projects/pvrig_top7500_dualpanel_screen_v1_20260724/run/qc397_final50_fusion_developability_v1_20260726/final50_common4_bundle/representative_complexes/R04__P1MCPUFP__CPUFP500K_0188__00519__9e6y__s3047.pdb	6eb4a3833fa9448a825186a88f6b34ce2de868c9014c34d6080610387e5166af	/data1/qlyu/projects/pvrig_c2_new4220_seed42_3047_docking_results_v1_20260723/c2_new4220_seed42_3047/compressed_queue/CANDIDATE_P1MCPUFP__CPUFP500K_0188__00519_9e6y_s3047_c7eb87a93f2e.tar.gz	runs/CANDIDATE_P1MCPUFP__CPUFP500K_0188__00519_9e6y_s3047_c7eb87a93f2e/haddock_run/6_seletopclusts/cluster_1_model_1.pdb.gz	-62.482200000000006	STRICT_A	CANDIDATE_P1MCPUFP__CPUFP500K_0188__00519_9e6y_s3047_c7eb87a93f2e	AT
5	P1MCPUFP__CPUFP500K_0100__00092	existing_old_new7500_top200	c2_four_seed	8x6b	42	SUCCESS	cluster_1_model_1.pdb.gz	/data/qlyu/projects/pvrig_top7500_dualpanel_screen_v1_20260724/run/qc397_final50_fusion_developability_v1_20260726/final50_common4_bundle/representative_complexes/R05__P1MCPUFP__CPUFP500K_0100__00092__8x6b__s42.pdb	29e20cdbd4aa09be111b3eb8016d7fe93a9c78ae6341e33ec4a750f0e4bf4329	/data1/qlyu/projects/pvrig_c2_new4220_seed42_3047_docking_results_v1_20260723/c2_new4220_seed42_3047/compressed_queue/CANDIDATE_P1MCPUFP__CPUFP500K_0100__00092_8x6b_s42_0b55c33bb12f.tar.gz	runs/CANDIDATE_P1MCPUFP__CPUFP500K_0100__00092_8x6b_s42_0b55c33bb12f/haddock_run/6_seletopclusts/cluster_1_model_1.pdb.gz	-85.6185	STRICT_A	CANDIDATE_P1MCPUFP__CPUFP500K_0100__00092_8x6b_s42_0b55c33bb12f	AT
5	P1MCPUFP__CPUFP500K_0100__00092	existing_old_new7500_top200	c2_four_seed	9e6y	42	SUCCESS	cluster_1_model_1.pdb.gz	/data/qlyu/projects/pvrig_top7500_dualpanel_screen_v1_20260724/run/qc397_final50_fusion_developability_v1_20260726/final50_common4_bundle/representative_complexes/R05__P1MCPUFP__CPUFP500K_0100__00092__9e6y__s42.pdb	aa36ba37a76eba4fe0f2e59850890a89f8001709ca3e6e18bc9fd4a6eba8bb89	/data1/qlyu/projects/pvrig_c2_new4220_seed42_3047_docking_results_v1_20260723/c2_new4220_seed42_3047/compressed_queue/CANDIDATE_P1MCPUFP__CPUFP500K_0100__00092_9e6y_s42_3577b5e30803.tar.gz	runs/CANDIDATE_P1MCPUFP__CPUFP500K_0100__00092_9e6y_s42_3577b5e30803/haddock_run/6_seletopclusts/cluster_1_model_1.pdb.gz	-92.923	STRICT_A	CANDIDATE_P1MCPUFP__CPUFP500K_0100__00092_9e6y_s42_3577b5e30803	AT
5	P1MCPUFP__CPUFP500K_0100__00092	existing_old_new7500_top200	c2_four_seed	8x6b	917	SUCCESS	cluster_1_model_1.pdb.gz	/data/qlyu/projects/pvrig_top7500_dualpanel_screen_v1_20260724/run/qc397_final50_fusion_developability_v1_20260726/final50_common4_bundle/representative_complexes/R05__P1MCPUFP__CPUFP500K_0100__00092__8x6b__s917.pdb	395b7413e0ade0c89f734876c0a97564243cdba7e666a020856f2aeeb3aba35a	/data1/qlyu/projects/pvrig_c2_new6220_dualreceptor_2seed_docking_results_v1_20260723/c2_new4220/compressed_queue/CANDIDATE_P1MCPUFP__CPUFP500K_0100__00092_8x6b_s917_d33335e2aa2e.tar.gz	runs/CANDIDATE_P1MCPUFP__CPUFP500K_0100__00092_8x6b_s917_d33335e2aa2e/haddock_run/6_seletopclusts/cluster_1_model_1.pdb.gz	-73.13316	STRICT_A	CANDIDATE_P1MCPUFP__CPUFP500K_0100__00092_8x6b_s917_d33335e2aa2e	AT
5	P1MCPUFP__CPUFP500K_0100__00092	existing_old_new7500_top200	c2_four_seed	9e6y	917	SUCCESS	cluster_1_model_1.pdb.gz	/data/qlyu/projects/pvrig_top7500_dualpanel_screen_v1_20260724/run/qc397_final50_fusion_developability_v1_20260726/final50_common4_bundle/representative_complexes/R05__P1MCPUFP__CPUFP500K_0100__00092__9e6y__s917.pdb	369c871e26e0d3b3e73323832c9b978004945615142676a20a6cfdd53a14147e	/data1/qlyu/projects/pvrig_c2_new6220_dualreceptor_2seed_docking_results_v1_20260723/c2_new4220/compressed_queue/CANDIDATE_P1MCPUFP__CPUFP500K_0100__00092_9e6y_s917_89b6de17ad66.tar.gz	runs/CANDIDATE_P1MCPUFP__CPUFP500K_0100__00092_9e6y_s917_89b6de17ad66/haddock_run/6_seletopclusts/cluster_1_model_1.pdb.gz	-76.22970000000001	STRICT_A	CANDIDATE_P1MCPUFP__CPUFP500K_0100__00092_9e6y_s917_89b6de17ad66	AT
5	P1MCPUFP__CPUFP500K_0100__00092	existing_old_new7500_top200	c2_four_seed	8x6b	1931	SUCCESS	cluster_1_model_1.pdb.gz	/data/qlyu/projects/pvrig_top7500_dualpanel_screen_v1_20260724/run/qc397_final50_fusion_developability_v1_20260726/final50_common4_bundle/representative_complexes/R05__P1MCPUFP__CPUFP500K_0100__00092__8x6b__s1931.pdb	4811374488c37946768a184d7015975b20506f3af5e95cf10ddc029a0f02f886	/data1/qlyu/projects/pvrig_c2_new6220_dualreceptor_2seed_docking_results_v1_20260723/c2_new4220/compressed_queue/CANDIDATE_P1MCPUFP__CPUFP500K_0100__00092_8x6b_s1931_8cd894911276.tar.gz	runs/CANDIDATE_P1MCPUFP__CPUFP500K_0100__00092_8x6b_s1931_8cd894911276/haddock_run/6_seletopclusts/cluster_1_model_1.pdb.gz	-90.6545	STRICT_A	CANDIDATE_P1MCPUFP__CPUFP500K_0100__00092_8x6b_s1931_8cd894911276	AT
5	P1MCPUFP__CPUFP500K_0100__00092	existing_old_new7500_top200	c2_four_seed	9e6y	1931	SUCCESS	cluster_1_model_1.pdb.gz	/data/qlyu/projects/pvrig_top7500_dualpanel_screen_v1_20260724/run/qc397_final50_fusion_developability_v1_20260726/final50_common4_bundle/representative_complexes/R05__P1MCPUFP__CPUFP500K_0100__00092__9e6y__s1931.pdb	4cc6acdb93940f2310fd90edcf291332d5927194070ff9a115a4a8e7c2b1a14b	/data1/qlyu/projects/pvrig_c2_new6220_dualreceptor_2seed_docking_results_v1_20260723/c2_new4220/compressed_queue/CANDIDATE_P1MCPUFP__CPUFP500K_0100__00092_9e6y_s1931_557bc6c3f46c.tar.gz	runs/CANDIDATE_P1MCPUFP__CPUFP500K_0100__00092_9e6y_s1931_557bc6c3f46c/haddock_run/6_seletopclusts/cluster_1_model_1.pdb.gz	-86.51939999999999	STRICT_A	CANDIDATE_P1MCPUFP__CPUFP500K_0100__00092_9e6y_s1931_557bc6c3f46c	AT
5	P1MCPUFP__CPUFP500K_0100__00092	existing_old_new7500_top200	c2_four_seed	8x6b	3047	SUCCESS	cluster_1_model_1.pdb.gz	/data/qlyu/projects/pvrig_top7500_dualpanel_screen_v1_20260724/run/qc397_final50_fusion_developability_v1_20260726/final50_common4_bundle/representative_complexes/R05__P1MCPUFP__CPUFP500K_0100__00092__8x6b__s3047.pdb	c2be5f756394e71324b0bd5dc68621c580af30a33c91f998cfde35011f9f0fef	/data1/qlyu/projects/pvrig_c2_new4220_seed42_3047_docking_results_v1_20260723/c2_new4220_seed42_3047/compressed_queue/CANDIDATE_P1MCPUFP__CPUFP500K_0100__00092_8x6b_s3047_3b90898b43e4.tar.gz	runs/CANDIDATE_P1MCPUFP__CPUFP500K_0100__00092_8x6b_s3047_3b90898b43e4/haddock_run/6_seletopclusts/cluster_1_model_1.pdb.gz	-71.26400000000001	STRICT_A	CANDIDATE_P1MCPUFP__CPUFP500K_0100__00092_8x6b_s3047_3b90898b43e4	AT
5	P1MCPUFP__CPUFP500K_0100__00092	existing_old_new7500_top200	c2_four_seed	9e6y	3047	SUCCESS	cluster_1_model_1.pdb.gz	/data/qlyu/projects/pvrig_top7500_dualpanel_screen_v1_20260724/run/qc397_final50_fusion_developability_v1_20260726/final50_common4_bundle/representative_complexes/R05__P1MCPUFP__CPUFP500K_0100__00092__9e6y__s3047.pdb	b37917987d7c2503eae8af2a9bdbf671e49a2b94893be77dac0f55ae4ae0b169	/data1/qlyu/projects/pvrig_c2_new4220_seed42_3047_docking_results_v1_20260723/c2_new4220_seed42_3047/compressed_queue/CANDIDATE_P1MCPUFP__CPUFP500K_0100__00092_9e6y_s3047_039133555aa0.tar.gz	runs/CANDIDATE_P1MCPUFP__CPUFP500K_0100__00092_9e6y_s3047_039133555aa0/haddock_run/6_seletopclusts/cluster_1_model_1.pdb.gz	-71.75366	STRICT_A	CANDIDATE_P1MCPUFP__CPUFP500K_0100__00092_9e6y_s3047_039133555aa0	AT
6	NODE1GEN_181778_source_fixed_pose_mpnn_source_id_P500K__FIXED_POSE_MPNN__8EDA6734F7A8BD2C	generated_top3000	fixed_pose_mpnn	8x6b	42	SUCCESS	cluster_1_model_1.pdb.gz	/data/qlyu/projects/pvrig_top7500_dualpanel_screen_v1_20260724/run/qc397_final50_fusion_developability_v1_20260726/final50_common4_bundle/representative_complexes/R06__NODE1GEN_181778_source_fixed_pose_mpnn_source_id_P500K__FIXED_POSE_MPNN__8EDA6734F7A8BD2C__8x6b__s42.pdb	de552dd30397e57654498729190d08f4cc1e550cea9bbffe9a51f6492804d4e7	/data/qlyu/projects/pvrig_node1_generated100k_multimodal_top5000_4seed_docking_results_v2_20260724/compressed_queue/CANDIDATE_NODE1GEN_181778_source_fixed_pose_mpnn_source_id_P500K__FIXED_POSE_MPNN__8EDA6734F7A8BD2C_8x6b_s42_ef3cdc72a181.tar.gz	runs/CANDIDATE_NODE1GEN_181778_source_fixed_pose_mpnn_source_id_P500K__FIXED_POSE_MPNN__8EDA6734F7A8BD2C_8x6b_s42_ef3cdc72a181/haddock_run/6_seletopclusts/cluster_1_model_1.pdb.gz	-63.48682999999998	STRICT_A	CANDIDATE_NODE1GEN_181778_source_fixed_pose_mpnn_source_id_P500K__FIXED_POSE_MPNN__8EDA6734F7A8BD2C_8x6b_s42_ef3cdc72a181	AT
6	NODE1GEN_181778_source_fixed_pose_mpnn_source_id_P500K__FIXED_POSE_MPNN__8EDA6734F7A8BD2C	generated_top3000	fixed_pose_mpnn	9e6y	42	SUCCESS	cluster_1_model_1.pdb.gz	/data/qlyu/projects/pvrig_top7500_dualpanel_screen_v1_20260724/run/qc397_final50_fusion_developability_v1_20260726/final50_common4_bundle/representative_complexes/R06__NODE1GEN_181778_source_fixed_pose_mpnn_source_id_P500K__FIXED_POSE_MPNN__8EDA6734F7A8BD2C__9e6y__s42.pdb	53b185e0f81daacc60bc650d411e29b9cac36336275aa8d9ad4cf6538a8c35ca	/data/qlyu/projects/pvrig_node1_generated100k_multimodal_top5000_4seed_docking_results_v2_20260724/compressed_queue/CANDIDATE_NODE1GEN_181778_source_fixed_pose_mpnn_source_id_P500K__FIXED_POSE_MPNN__8EDA6734F7A8BD2C_9e6y_s42_d7f0f089734c.tar.gz	runs/CANDIDATE_NODE1GEN_181778_source_fixed_pose_mpnn_source_id_P500K__FIXED_POSE_MPNN__8EDA6734F7A8BD2C_9e6y_s42_d7f0f089734c/haddock_run/6_seletopclusts/cluster_1_model_1.pdb.gz	-74.39680000000001	STRICT_A	CANDIDATE_NODE1GEN_181778_source_fixed_pose_mpnn_source_id_P500K__FIXED_POSE_MPNN__8EDA6734F7A8BD2C_9e6y_s42_d7f0f089734c	AT
6	NODE1GEN_181778_source_fixed_pose_mpnn_source_id_P500K__FIXED_POSE_MPNN__8EDA6734F7A8BD2C	generated_top3000	fixed_pose_mpnn	8x6b	917	SUCCESS	cluster_1_model_1.pdb.gz	/data/qlyu/projects/pvrig_top7500_dualpanel_screen_v1_20260724/run/qc397_final50_fusion_developability_v1_20260726/final50_common4_bundle/representative_complexes/R06__NODE1GEN_181778_source_fixed_pose_mpnn_source_id_P500K__FIXED_POSE_MPNN__8EDA6734F7A8BD2C__8x6b__s917.pdb	140a40361aa7e2b030bea1c9bef27b7b28a17e5ea9d3f672c08d4624e30ba918	/data/qlyu/projects/pvrig_node1_generated100k_multimodal_top5000_4seed_docking_results_v2_20260724/compressed_queue/CANDIDATE_NODE1GEN_181778_source_fixed_pose_mpnn_source_id_P500K__FIXED_POSE_MPNN__8EDA6734F7A8BD2C_8x6b_s917_827cf3efd9bf.tar.gz	runs/CANDIDATE_NODE1GEN_181778_source_fixed_pose_mpnn_source_id_P500K__FIXED_POSE_MPNN__8EDA6734F7A8BD2C_8x6b_s917_827cf3efd9bf/haddock_run/6_seletopclusts/cluster_1_model_1.pdb.gz	-63.184	STRICT_A	CANDIDATE_NODE1GEN_181778_source_fixed_pose_mpnn_source_id_P500K__FIXED_POSE_MPNN__8EDA6734F7A8BD2C_8x6b_s917_827cf3efd9bf	AT
6	NODE1GEN_181778_source_fixed_pose_mpnn_source_id_P500K__FIXED_POSE_MPNN__8EDA6734F7A8BD2C	generated_top3000	fixed_pose_mpnn	9e6y	917	SUCCESS	cluster_1_model_1.pdb.gz	/data/qlyu/projects/pvrig_top7500_dualpanel_screen_v1_20260724/run/qc397_final50_fusion_developability_v1_20260726/final50_common4_bundle/representative_complexes/R06__NODE1GEN_181778_source_fixed_pose_mpnn_source_id_P500K__FIXED_POSE_MPNN__8EDA6734F7A8BD2C__9e6y__s917.pdb	8673a3aeb4869c4c6770685b84795999a70c89637a1c5da708d8caf03831416c	/data/qlyu/projects/pvrig_node1_generated100k_multimodal_top5000_4seed_docking_results_v2_20260724/compressed_queue/CANDIDATE_NODE1GEN_181778_source_fixed_pose_mpnn_source_id_P500K__FIXED_POSE_MPNN__8EDA6734F7A8BD2C_9e6y_s917_0795f78c9033.tar.gz	runs/CANDIDATE_NODE1GEN_181778_source_fixed_pose_mpnn_source_id_P500K__FIXED_POSE_MPNN__8EDA6734F7A8BD2C_9e6y_s917_0795f78c9033/haddock_run/6_seletopclusts/cluster_1_model_1.pdb.gz	-79.31013000000002	STRICT_A	CANDIDATE_NODE1GEN_181778_source_fixed_pose_mpnn_source_id_P500K__FIXED_POSE_MPNN__8EDA6734F7A8BD2C_9e6y_s917_0795f78c9033	AT
6	NODE1GEN_181778_source_fixed_pose_mpnn_source_id_P500K__FIXED_POSE_MPNN__8EDA6734F7A8BD2C	generated_top3000	fixed_pose_mpnn	8x6b	1931	SUCCESS	cluster_1_model_1.pdb.gz	/data/qlyu/projects/pvrig_top7500_dualpanel_screen_v1_20260724/run/qc397_final50_fusion_developability_v1_20260726/final50_common4_bundle/representative_complexes/R06__NODE1GEN_181778_source_fixed_pose_mpnn_source_id_P500K__FIXED_POSE_MPNN__8EDA6734F7A8BD2C__8x6b__s1931.pdb	0736b1207579b7168bf1b7bc0211fdc995b564de069082120eb4ebcd8596aecc	/data/qlyu/projects/pvrig_node1_generated100k_multimodal_top5000_4seed_docking_results_v2_20260724/compressed_queue/CANDIDATE_NODE1GEN_181778_source_fixed_pose_mpnn_source_id_P500K__FIXED_POSE_MPNN__8EDA6734F7A8BD2C_8x6b_s1931_593a146703e1.tar.gz	runs/CANDIDATE_NODE1GEN_181778_source_fixed_pose_mpnn_source_id_P500K__FIXED_POSE_MPNN__8EDA6734F7A8BD2C_8x6b_s1931_593a146703e1/haddock_run/6_seletopclusts/cluster_1_model_1.pdb.gz	-64.3851	STRICT_A	CANDIDATE_NODE1GEN_181778_source_fixed_pose_mpnn_source_id_P500K__FIXED_POSE_MPNN__8EDA6734F7A8BD2C_8x6b_s1931_593a146703e1	AT
6	NODE1GEN_181778_source_fixed_pose_mpnn_source_id_P500K__FIXED_POSE_MPNN__8EDA6734F7A8BD2C	generated_top3000	fixed_pose_mpnn	9e6y	1931	SUCCESS	cluster_1_model_1.pdb.gz	/data/qlyu/projects/pvrig_top7500_dualpanel_screen_v1_20260724/run/qc397_final50_fusion_developability_v1_20260726/final50_common4_bundle/representative_complexes/R06__NODE1GEN_181778_source_fixed_pose_mpnn_source_id_P500K__FIXED_POSE_MPNN__8EDA6734F7A8BD2C__9e6y__s1931.pdb	017937e6f8fbafd1077940b6a061341b13d23878ada28aa6f3f8cee451d7f432	/data/qlyu/projects/pvrig_node1_generated100k_multimodal_top5000_4seed_docking_results_v2_20260724/compressed_queue/CANDIDATE_NODE1GEN_181778_source_fixed_pose_mpnn_source_id_P500K__FIXED_POSE_MPNN__8EDA6734F7A8BD2C_9e6y_s1931_2fd58b11607b.tar.gz	runs/CANDIDATE_NODE1GEN_181778_source_fixed_pose_mpnn_source_id_P500K__FIXED_POSE_MPNN__8EDA6734F7A8BD2C_9e6y_s1931_2fd58b11607b/haddock_run/6_seletopclusts/cluster_1_model_1.pdb.gz	-60.94323	STRICT_A	CANDIDATE_NODE1GEN_181778_source_fixed_pose_mpnn_source_id_P500K__FIXED_POSE_MPNN__8EDA6734F7A8BD2C_9e6y_s1931_2fd58b11607b	AT
6	NODE1GEN_181778_source_fixed_pose_mpnn_source_id_P500K__FIXED_POSE_MPNN__8EDA6734F7A8BD2C	generated_top3000	fixed_pose_mpnn	8x6b	3047	SUCCESS	cluster_1_model_1.pdb.gz	/data/qlyu/projects/pvrig_top7500_dualpanel_screen_v1_20260724/run/qc397_final50_fusion_developability_v1_20260726/final50_common4_bundle/representative_complexes/R06__NODE1GEN_181778_source_fixed_pose_mpnn_source_id_P500K__FIXED_POSE_MPNN__8EDA6734F7A8BD2C__8x6b__s3047.pdb	7d5dc9fa5ced9a12eb795aa83aa84379e1b5c2f33325dd6dcb76761e9bb9c472	/data/qlyu/projects/pvrig_node1_generated100k_multimodal_top5000_4seed_docking_results_v2_20260724/compressed_queue/CANDIDATE_NODE1GEN_181778_source_fixed_pose_mpnn_source_id_P500K__FIXED_POSE_MPNN__8EDA6734F7A8BD2C_8x6b_s3047_64dd84e3a7bf.tar.gz	runs/CANDIDATE_NODE1GEN_181778_source_fixed_pose_mpnn_source_id_P500K__FIXED_POSE_MPNN__8EDA6734F7A8BD2C_8x6b_s3047_64dd84e3a7bf/haddock_run/6_seletopclusts/cluster_1_model_1.pdb.gz	-61.870599999999996	STRICT_A	CANDIDATE_NODE1GEN_181778_source_fixed_pose_mpnn_source_id_P500K__FIXED_POSE_MPNN__8EDA6734F7A8BD2C_8x6b_s3047_64dd84e3a7bf	AT
6	NODE1GEN_181778_source_fixed_pose_mpnn_source_id_P500K__FIXED_POSE_MPNN__8EDA6734F7A8BD2C	generated_top3000	fixed_pose_mpnn	9e6y	3047	SUCCESS	cluster_1_model_1.pdb.gz	/data/qlyu/projects/pvrig_top7500_dualpanel_screen_v1_20260724/run/qc397_final50_fusion_developability_v1_20260726/final50_common4_bundle/representative_complexes/R06__NODE1GEN_181778_source_fixed_pose_mpnn_source_id_P500K__FIXED_POSE_MPNN__8EDA6734F7A8BD2C__9e6y__s3047.pdb	712313d3d476bbbd12a28303940b8b22e80de4d2ac9ff0a1fbba9d22b420e298	/data/qlyu/projects/pvrig_node1_generated100k_multimodal_top5000_4seed_docking_results_v2_20260724/compressed_queue/CANDIDATE_NODE1GEN_181778_source_fixed_pose_mpnn_source_id_P500K__FIXED_POSE_MPNN__8EDA6734F7A8BD2C_9e6y_s3047_4e5a71e2e195.tar.gz	runs/CANDIDATE_NODE1GEN_181778_source_fixed_pose_mpnn_source_id_P500K__FIXED_POSE_MPNN__8EDA6734F7A8BD2C_9e6y_s3047_4e5a71e2e195/haddock_run/6_seletopclusts/cluster_1_model_1.pdb.gz	-64.66337999999999	STRICT_A	CANDIDATE_NODE1GEN_181778_source_fixed_pose_mpnn_source_id_P500K__FIXED_POSE_MPNN__8EDA6734F7A8BD2C_9e6y_s3047_4e5a71e2e195	AT
7	NODE1GEN_154595_source_fixed_pose_mpnn_source_id_P500K__FIXED_POSE_MPNN__9B999365EA60CCE9	generated_top3000	fixed_pose_mpnn	8x6b	42	SUCCESS	cluster_1_model_1.pdb.gz	/data/qlyu/projects/pvrig_top7500_dualpanel_screen_v1_20260724/run/qc397_final50_fusion_developability_v1_20260726/final50_common4_bundle/representative_complexes/R07__NODE1GEN_154595_source_fixed_pose_mpnn_source_id_P500K__FIXED_POSE_MPNN__9B999365EA60CCE9__8x6b__s42.pdb	3a3c803669d0323e7cfd4eb8ee42be2ba127821f99f1a7fd838a98cb37ec8010	/data/qlyu/projects/pvrig_node1_generated100k_multimodal_top5000_4seed_docking_results_v2_20260724/compressed_queue/CANDIDATE_NODE1GEN_154595_source_fixed_pose_mpnn_source_id_P500K__FIXED_POSE_MPNN__9B999365EA60CCE9_8x6b_s42_c0f03f47c033.tar.gz	runs/CANDIDATE_NODE1GEN_154595_source_fixed_pose_mpnn_source_id_P500K__FIXED_POSE_MPNN__9B999365EA60CCE9_8x6b_s42_c0f03f47c033/haddock_run/6_seletopclusts/cluster_1_model_1.pdb.gz	-87.69309999999999	STRICT_A	CANDIDATE_NODE1GEN_154595_source_fixed_pose_mpnn_source_id_P500K__FIXED_POSE_MPNN__9B999365EA60CCE9_8x6b_s42_c0f03f47c033	AT
7	NODE1GEN_154595_source_fixed_pose_mpnn_source_id_P500K__FIXED_POSE_MPNN__9B999365EA60CCE9	generated_top3000	fixed_pose_mpnn	9e6y	42	SUCCESS	cluster_1_model_1.pdb.gz	/data/qlyu/projects/pvrig_top7500_dualpanel_screen_v1_20260724/run/qc397_final50_fusion_developability_v1_20260726/final50_common4_bundle/representative_complexes/R07__NODE1GEN_154595_source_fixed_pose_mpnn_source_id_P500K__FIXED_POSE_MPNN__9B999365EA60CCE9__9e6y__s42.pdb	5827e697b1c368294684751daa8a8f67662557a7cd73c856b7f3286d629a3ff3	/data/qlyu/projects/pvrig_node1_generated100k_multimodal_top5000_4seed_docking_results_v2_20260724/compressed_queue/CANDIDATE_NODE1GEN_154595_source_fixed_pose_mpnn_source_id_P500K__FIXED_POSE_MPNN__9B999365EA60CCE9_9e6y_s42_6156dfd05412.tar.gz	runs/CANDIDATE_NODE1GEN_154595_source_fixed_pose_mpnn_source_id_P500K__FIXED_POSE_MPNN__9B999365EA60CCE9_9e6y_s42_6156dfd05412/haddock_run/6_seletopclusts/cluster_1_model_1.pdb.gz	-83.9195	STRICT_A	CANDIDATE_NODE1GEN_154595_source_fixed_pose_mpnn_source_id_P500K__FIXED_POSE_MPNN__9B999365EA60CCE9_9e6y_s42_6156dfd05412	AT
7	NODE1GEN_154595_source_fixed_pose_mpnn_source_id_P500K__FIXED_POSE_MPNN__9B999365EA60CCE9	generated_top3000	fixed_pose_mpnn	8x6b	917	SUCCESS	cluster_1_model_1.pdb.gz	/data/qlyu/projects/pvrig_top7500_dualpanel_screen_v1_20260724/run/qc397_final50_fusion_developability_v1_20260726/final50_common4_bundle/representative_complexes/R07__NODE1GEN_154595_source_fixed_pose_mpnn_source_id_P500K__FIXED_POSE_MPNN__9B999365EA60CCE9__8x6b__s917.pdb	d6949d2ad0d5334cc1df34bc0c5502a08a623c52eab3374c4ee777bc4b06b399	/data/qlyu/projects/pvrig_node1_generated100k_multimodal_top5000_4seed_docking_results_v2_20260724/compressed_queue/CANDIDATE_NODE1GEN_154595_source_fixed_pose_mpnn_source_id_P500K__FIXED_POSE_MPNN__9B999365EA60CCE9_8x6b_s917_9110409c472c.tar.gz	runs/CANDIDATE_NODE1GEN_154595_source_fixed_pose_mpnn_source_id_P500K__FIXED_POSE_MPNN__9B999365EA60CCE9_8x6b_s917_9110409c472c/haddock_run/6_seletopclusts/cluster_1_model_1.pdb.gz	-76.69669999999999	STRICT_A	CANDIDATE_NODE1GEN_154595_source_fixed_pose_mpnn_source_id_P500K__FIXED_POSE_MPNN__9B999365EA60CCE9_8x6b_s917_9110409c472c	AT
7	NODE1GEN_154595_source_fixed_pose_mpnn_source_id_P500K__FIXED_POSE_MPNN__9B999365EA60CCE9	generated_top3000	fixed_pose_mpnn	9e6y	917	SUCCESS	cluster_1_model_1.pdb.gz	/data/qlyu/projects/pvrig_top7500_dualpanel_screen_v1_20260724/run/qc397_final50_fusion_developability_v1_20260726/final50_common4_bundle/representative_complexes/R07__NODE1GEN_154595_source_fixed_pose_mpnn_source_id_P500K__FIXED_POSE_MPNN__9B999365EA60CCE9__9e6y__s917.pdb	25b5ed39325a0b8d2c525e8a695c75aa0492438c39d4a9cbb3e33134061afcee	/data/qlyu/projects/pvrig_node1_generated100k_multimodal_top5000_4seed_docking_results_v2_20260724/compressed_queue/CANDIDATE_NODE1GEN_154595_source_fixed_pose_mpnn_source_id_P500K__FIXED_POSE_MPNN__9B999365EA60CCE9_9e6y_s917_b0818d2088de.tar.gz	runs/CANDIDATE_NODE1GEN_154595_source_fixed_pose_mpnn_source_id_P500K__FIXED_POSE_MPNN__9B999365EA60CCE9_9e6y_s917_b0818d2088de/haddock_run/6_seletopclusts/cluster_1_model_1.pdb.gz	-87.8392	STRICT_A	CANDIDATE_NODE1GEN_154595_source_fixed_pose_mpnn_source_id_P500K__FIXED_POSE_MPNN__9B999365EA60CCE9_9e6y_s917_b0818d2088de	AT
7	NODE1GEN_154595_source_fixed_pose_mpnn_source_id_P500K__FIXED_POSE_MPNN__9B999365EA60CCE9	generated_top3000	fixed_pose_mpnn	8x6b	1931	SUCCESS	cluster_1_model_1.pdb.gz	/data/qlyu/projects/pvrig_top7500_dualpanel_screen_v1_20260724/run/qc397_final50_fusion_developability_v1_20260726/final50_common4_bundle/representative_complexes/R07__NODE1GEN_154595_source_fixed_pose_mpnn_source_id_P500K__FIXED_POSE_MPNN__9B999365EA60CCE9__8x6b__s1931.pdb	524a32b012490452d74543be8a45c409ef197425311d3e9adce4f969a0ab62b5	/data/qlyu/projects/pvrig_node1_generated100k_multimodal_top5000_4seed_docking_results_v2_20260724/compressed_queue/CANDIDATE_NODE1GEN_154595_source_fixed_pose_mpnn_source_id_P500K__FIXED_POSE_MPNN__9B999365EA60CCE9_8x6b_s1931_8fc9b442fea3.tar.gz	runs/CANDIDATE_NODE1GEN_154595_source_fixed_pose_mpnn_source_id_P500K__FIXED_POSE_MPNN__9B999365EA60CCE9_8x6b_s1931_8fc9b442fea3/haddock_run/6_seletopclusts/cluster_1_model_1.pdb.gz	-85.5453	STRICT_A	CANDIDATE_NODE1GEN_154595_source_fixed_pose_mpnn_source_id_P500K__FIXED_POSE_MPNN__9B999365EA60CCE9_8x6b_s1931_8fc9b442fea3	AT
7	NODE1GEN_154595_source_fixed_pose_mpnn_source_id_P500K__FIXED_POSE_MPNN__9B999365EA60CCE9	generated_top3000	fixed_pose_mpnn	9e6y	1931	SUCCESS	cluster_1_model_1.pdb.gz	/data/qlyu/projects/pvrig_top7500_dualpanel_screen_v1_20260724/run/qc397_final50_fusion_developability_v1_20260726/final50_common4_bundle/representative_complexes/R07__NODE1GEN_154595_source_fixed_pose_mpnn_source_id_P500K__FIXED_POSE_MPNN__9B999365EA60CCE9__9e6y__s1931.pdb	97b794ad92b79364ce7ad0d0040fd63bc1044635b70743cb337619da6b41529d	/data/qlyu/projects/pvrig_node1_generated100k_multimodal_top5000_4seed_docking_results_v2_20260724/compressed_queue/CANDIDATE_NODE1GEN_154595_source_fixed_pose_mpnn_source_id_P500K__FIXED_POSE_MPNN__9B999365EA60CCE9_9e6y_s1931_c1b96a2bb837.tar.gz	runs/CANDIDATE_NODE1GEN_154595_source_fixed_pose_mpnn_source_id_P500K__FIXED_POSE_MPNN__9B999365EA60CCE9_9e6y_s1931_c1b96a2bb837/haddock_run/6_seletopclusts/cluster_1_model_1.pdb.gz	-83.9799	STRICT_A	CANDIDATE_NODE1GEN_154595_source_fixed_pose_mpnn_source_id_P500K__FIXED_POSE_MPNN__9B999365EA60CCE9_9e6y_s1931_c1b96a2bb837	AT
7	NODE1GEN_154595_source_fixed_pose_mpnn_source_id_P500K__FIXED_POSE_MPNN__9B999365EA60CCE9	generated_top3000	fixed_pose_mpnn	8x6b	3047	SUCCESS	cluster_1_model_1.pdb.gz	/data/qlyu/projects/pvrig_top7500_dualpanel_screen_v1_20260724/run/qc397_final50_fusion_developability_v1_20260726/final50_common4_bundle/representative_complexes/R07__NODE1GEN_154595_source_fixed_pose_mpnn_source_id_P500K__FIXED_POSE_MPNN__9B999365EA60CCE9__8x6b__s3047.pdb	7428b47280d64f027d09640a66f7585525f2b9b12777b4c4b193f76052bc9d8e	/data/qlyu/projects/pvrig_node1_generated100k_multimodal_top5000_4seed_docking_results_v2_20260724/compressed_queue/CANDIDATE_NODE1GEN_154595_source_fixed_pose_mpnn_source_id_P500K__FIXED_POSE_MPNN__9B999365EA60CCE9_8x6b_s3047_8bdec0106ac3.tar.gz	runs/CANDIDATE_NODE1GEN_154595_source_fixed_pose_mpnn_source_id_P500K__FIXED_POSE_MPNN__9B999365EA60CCE9_8x6b_s3047_8bdec0106ac3/haddock_run/6_seletopclusts/cluster_1_model_1.pdb.gz	-93.2845	STRICT_A	CANDIDATE_NODE1GEN_154595_source_fixed_pose_mpnn_source_id_P500K__FIXED_POSE_MPNN__9B999365EA60CCE9_8x6b_s3047_8bdec0106ac3	AT
7	NODE1GEN_154595_source_fixed_pose_mpnn_source_id_P500K__FIXED_POSE_MPNN__9B999365EA60CCE9	generated_top3000	fixed_pose_mpnn	9e6y	3047	SUCCESS	cluster_1_model_1.pdb.gz	/data/qlyu/projects/pvrig_top7500_dualpanel_screen_v1_20260724/run/qc397_final50_fusion_developability_v1_20260726/final50_common4_bundle/representative_complexes/R07__NODE1GEN_154595_source_fixed_pose_mpnn_source_id_P500K__FIXED_POSE_MPNN__9B999365EA60CCE9__9e6y__s3047.pdb	ae2bff83fee2904aa888ef6481390ab02bbdebb158242a8182f84ea98963582c	/data/qlyu/projects/pvrig_node1_generated100k_multimodal_top5000_4seed_docking_results_v2_20260724/compressed_queue/CANDIDATE_NODE1GEN_154595_source_fixed_pose_mpnn_source_id_P500K__FIXED_POSE_MPNN__9B999365EA60CCE9_9e6y_s3047_4f2a78ff6ac7.tar.gz	runs/CANDIDATE_NODE1GEN_154595_source_fixed_pose_mpnn_source_id_P500K__FIXED_POSE_MPNN__9B999365EA60CCE9_9e6y_s3047_4f2a78ff6ac7/haddock_run/6_seletopclusts/cluster_1_model_1.pdb.gz	-86.9452	STRICT_A	CANDIDATE_NODE1GEN_154595_source_fixed_pose_mpnn_source_id_P500K__FIXED_POSE_MPNN__9B999365EA60CCE9_9e6y_s3047_4f2a78ff6ac7	AT
8	NODE1GEN_256613_source_fixed_pose_mpnn_source_id_P500K__FIXED_POSE_MPNN__0A1B353F72DFABBD	generated_top3000	fixed_pose_mpnn	8x6b	42	SUCCESS	cluster_1_model_1.pdb.gz	/data/qlyu/projects/pvrig_top7500_dualpanel_screen_v1_20260724/run/qc397_final50_fusion_developability_v1_20260726/final50_common4_bundle/representative_complexes/R08__NODE1GEN_256613_source_fixed_pose_mpnn_source_id_P500K__FIXED_POSE_MPNN__0A1B353F72DFABBD__8x6b__s42.pdb	d07d7139d4743eb46b107a341ea6042cc1f294cd70ce02f92d947cd2e4b3e521	/data/qlyu/projects/pvrig_node1_generated100k_multimodal_top5000_4seed_docking_results_v2_20260724/compressed_queue/CANDIDATE_NODE1GEN_256613_source_fixed_pose_mpnn_source_id_P500K__FIXED_POSE_MPNN__0A1B353F72DFABBD_8x6b_s42_a4fd2bd98fd0.tar.gz	runs/CANDIDATE_NODE1GEN_256613_source_fixed_pose_mpnn_source_id_P500K__FIXED_POSE_MPNN__0A1B353F72DFABBD_8x6b_s42_a4fd2bd98fd0/haddock_run/6_seletopclusts/cluster_1_model_1.pdb.gz	-76.63839999999999	STRICT_A	CANDIDATE_NODE1GEN_256613_source_fixed_pose_mpnn_source_id_P500K__FIXED_POSE_MPNN__0A1B353F72DFABBD_8x6b_s42_a4fd2bd98fd0	AT
8	NODE1GEN_256613_source_fixed_pose_mpnn_source_id_P500K__FIXED_POSE_MPNN__0A1B353F72DFABBD	generated_top3000	fixed_pose_mpnn	9e6y	42	SUCCESS	cluster_1_model_1.pdb.gz	/data/qlyu/projects/pvrig_top7500_dualpanel_screen_v1_20260724/run/qc397_final50_fusion_developability_v1_20260726/final50_common4_bundle/representative_complexes/R08__NODE1GEN_256613_source_fixed_pose_mpnn_source_id_P500K__FIXED_POSE_MPNN__0A1B353F72DFABBD__9e6y__s42.pdb	991a68659995ac7b0a479b84ceb832be5748ce61e3405bb2c0904d6fd6ef1a03	/data/qlyu/projects/pvrig_node1_generated100k_multimodal_top5000_4seed_docking_results_v2_20260724/compressed_queue/CANDIDATE_NODE1GEN_256613_source_fixed_pose_mpnn_source_id_P500K__FIXED_POSE_MPNN__0A1B353F72DFABBD_9e6y_s42_72a26e9810d0.tar.gz	runs/CANDIDATE_NODE1GEN_256613_source_fixed_pose_mpnn_source_id_P500K__FIXED_POSE_MPNN__0A1B353F72DFABBD_9e6y_s42_72a26e9810d0/haddock_run/6_seletopclusts/cluster_1_model_1.pdb.gz	-75.88264000000001	STRICT_A	CANDIDATE_NODE1GEN_256613_source_fixed_pose_mpnn_source_id_P500K__FIXED_POSE_MPNN__0A1B353F72DFABBD_9e6y_s42_72a26e9810d0	AT
8	NODE1GEN_256613_source_fixed_pose_mpnn_source_id_P500K__FIXED_POSE_MPNN__0A1B353F72DFABBD	generated_top3000	fixed_pose_mpnn	8x6b	917	SUCCESS	cluster_1_model_1.pdb.gz	/data/qlyu/projects/pvrig_top7500_dualpanel_screen_v1_20260724/run/qc397_final50_fusion_developability_v1_20260726/final50_common4_bundle/representative_complexes/R08__NODE1GEN_256613_source_fixed_pose_mpnn_source_id_P500K__FIXED_POSE_MPNN__0A1B353F72DFABBD__8x6b__s917.pdb	a9c1f080ccec75a4004dbb6f2375114441b13c0d3d722caeeaeed5a8e09da100	/data/qlyu/projects/pvrig_node1_generated100k_multimodal_top5000_4seed_docking_results_v2_20260724/compressed_queue/CANDIDATE_NODE1GEN_256613_source_fixed_pose_mpnn_source_id_P500K__FIXED_POSE_MPNN__0A1B353F72DFABBD_8x6b_s917_38a0921eeeb2.tar.gz	runs/CANDIDATE_NODE1GEN_256613_source_fixed_pose_mpnn_source_id_P500K__FIXED_POSE_MPNN__0A1B353F72DFABBD_8x6b_s917_38a0921eeeb2/haddock_run/6_seletopclusts/cluster_1_model_1.pdb.gz	-76.12886	STRICT_A	CANDIDATE_NODE1GEN_256613_source_fixed_pose_mpnn_source_id_P500K__FIXED_POSE_MPNN__0A1B353F72DFABBD_8x6b_s917_38a0921eeeb2	AT
8	NODE1GEN_256613_source_fixed_pose_mpnn_source_id_P500K__FIXED_POSE_MPNN__0A1B353F72DFABBD	generated_top3000	fixed_pose_mpnn	9e6y	917	SUCCESS	cluster_1_model_1.pdb.gz	/data/qlyu/projects/pvrig_top7500_dualpanel_screen_v1_20260724/run/qc397_final50_fusion_developability_v1_20260726/final50_common4_bundle/representative_complexes/R08__NODE1GEN_256613_source_fixed_pose_mpnn_source_id_P500K__FIXED_POSE_MPNN__0A1B353F72DFABBD__9e6y__s917.pdb	e10f2cb0389c96169ea8080ff15d9a238f249600fefade1f20ff310b112742cb	/data/qlyu/projects/pvrig_node1_generated100k_multimodal_top5000_4seed_docking_results_v2_20260724/compressed_queue/CANDIDATE_NODE1GEN_256613_source_fixed_pose_mpnn_source_id_P500K__FIXED_POSE_MPNN__0A1B353F72DFABBD_9e6y_s917_ba577d236cab.tar.gz	runs/CANDIDATE_NODE1GEN_256613_source_fixed_pose_mpnn_source_id_P500K__FIXED_POSE_MPNN__0A1B353F72DFABBD_9e6y_s917_ba577d236cab/haddock_run/6_seletopclusts/cluster_1_model_1.pdb.gz	-79.36448	STRICT_A	CANDIDATE_NODE1GEN_256613_source_fixed_pose_mpnn_source_id_P500K__FIXED_POSE_MPNN__0A1B353F72DFABBD_9e6y_s917_ba577d236cab	AT
8	NODE1GEN_256613_source_fixed_pose_mpnn_source_id_P500K__FIXED_POSE_MPNN__0A1B353F72DFABBD	generated_top3000	fixed_pose_mpnn	8x6b	1931	SUCCESS	cluster_1_model_1.pdb.gz	/data/qlyu/projects/pvrig_top7500_dualpanel_screen_v1_20260724/run/qc397_final50_fusion_developability_v1_20260726/final50_common4_bundle/representative_complexes/R08__NODE1GEN_256613_source_fixed_pose_mpnn_source_id_P500K__FIXED_POSE_MPNN__0A1B353F72DFABBD__8x6b__s1931.pdb	917040af1c751a74e698efdf5c88dc68d249cb9fc16ab418fada5376b6029ddd	/data/qlyu/projects/pvrig_node1_generated100k_multimodal_top5000_4seed_docking_results_v2_20260724/compressed_queue/CANDIDATE_NODE1GEN_256613_source_fixed_pose_mpnn_source_id_P500K__FIXED_POSE_MPNN__0A1B353F72DFABBD_8x6b_s1931_857697c5fe9b.tar.gz	runs/CANDIDATE_NODE1GEN_256613_source_fixed_pose_mpnn_source_id_P500K__FIXED_POSE_MPNN__0A1B353F72DFABBD_8x6b_s1931_857697c5fe9b/haddock_run/6_seletopclusts/cluster_1_model_1.pdb.gz	-68.22612000000001	STRICT_A	CANDIDATE_NODE1GEN_256613_source_fixed_pose_mpnn_source_id_P500K__FIXED_POSE_MPNN__0A1B353F72DFABBD_8x6b_s1931_857697c5fe9b	AT
8	NODE1GEN_256613_source_fixed_pose_mpnn_source_id_P500K__FIXED_POSE_MPNN__0A1B353F72DFABBD	generated_top3000	fixed_pose_mpnn	9e6y	1931	SUCCESS	cluster_1_model_1.pdb.gz	/data/qlyu/projects/pvrig_top7500_dualpanel_screen_v1_20260724/run/qc397_final50_fusion_developability_v1_20260726/final50_common4_bundle/representative_complexes/R08__NODE1GEN_256613_source_fixed_pose_mpnn_source_id_P500K__FIXED_POSE_MPNN__0A1B353F72DFABBD__9e6y__s1931.pdb	769da334a61f6b493e37c34ab51ff25cfac3e84381293564cb171e6d306c2669	/data/qlyu/projects/pvrig_node1_generated100k_multimodal_top5000_4seed_docking_results_v2_20260724/compressed_queue/CANDIDATE_NODE1GEN_256613_source_fixed_pose_mpnn_source_id_P500K__FIXED_POSE_MPNN__0A1B353F72DFABBD_9e6y_s1931_86433d6cfe04.tar.gz	runs/CANDIDATE_NODE1GEN_256613_source_fixed_pose_mpnn_source_id_P500K__FIXED_POSE_MPNN__0A1B353F72DFABBD_9e6y_s1931_86433d6cfe04/haddock_run/6_seletopclusts/cluster_1_model_1.pdb.gz	-72.1996	STRICT_A	CANDIDATE_NODE1GEN_256613_source_fixed_pose_mpnn_source_id_P500K__FIXED_POSE_MPNN__0A1B353F72DFABBD_9e6y_s1931_86433d6cfe04	AT
8	NODE1GEN_256613_source_fixed_pose_mpnn_source_id_P500K__FIXED_POSE_MPNN__0A1B353F72DFABBD	generated_top3000	fixed_pose_mpnn	8x6b	3047	SUCCESS	cluster_1_model_1.pdb.gz	/data/qlyu/projects/pvrig_top7500_dualpanel_screen_v1_20260724/run/qc397_final50_fusion_developability_v1_20260726/final50_common4_bundle/representative_complexes/R08__NODE1GEN_256613_source_fixed_pose_mpnn_source_id_P500K__FIXED_POSE_MPNN__0A1B353F72DFABBD__8x6b__s3047.pdb	f74dede6fef32db74715805faf689443713c2f3370038be94c6654c2432b3fcd	/data/qlyu/projects/pvrig_node1_generated100k_multimodal_top5000_4seed_docking_results_v2_20260724/compressed_queue/CANDIDATE_NODE1GEN_256613_source_fixed_pose_mpnn_source_id_P500K__FIXED_POSE_MPNN__0A1B353F72DFABBD_8x6b_s3047_0c9cdc1a6b0f.tar.gz	runs/CANDIDATE_NODE1GEN_256613_source_fixed_pose_mpnn_source_id_P500K__FIXED_POSE_MPNN__0A1B353F72DFABBD_8x6b_s3047_0c9cdc1a6b0f/haddock_run/6_seletopclusts/cluster_1_model_1.pdb.gz	-64.6934	STRICT_A	CANDIDATE_NODE1GEN_256613_source_fixed_pose_mpnn_source_id_P500K__FIXED_POSE_MPNN__0A1B353F72DFABBD_8x6b_s3047_0c9cdc1a6b0f	AT
8	NODE1GEN_256613_source_fixed_pose_mpnn_source_id_P500K__FIXED_POSE_MPNN__0A1B353F72DFABBD	generated_top3000	fixed_pose_mpnn	9e6y	3047	SUCCESS	cluster_1_model_1.pdb.gz	/data/qlyu/projects/pvrig_top7500_dualpanel_screen_v1_20260724/run/qc397_final50_fusion_developability_v1_20260726/final50_common4_bundle/representative_complexes/R08__NODE1GEN_256613_source_fixed_pose_mpnn_source_id_P500K__FIXED_POSE_MPNN__0A1B353F72DFABBD__9e6y__s3047.pdb	25d3365434540aeef8520dbc673838a431084d12b317d38444768f4af8fd0b64	/data/qlyu/projects/pvrig_node1_generated100k_multimodal_top5000_4seed_docking_results_v2_20260724/compressed_queue/CANDIDATE_NODE1GEN_256613_source_fixed_pose_mpnn_source_id_P500K__FIXED_POSE_MPNN__0A1B353F72DFABBD_9e6y_s3047_5a33358c5898.tar.gz	runs/CANDIDATE_NODE1GEN_256613_source_fixed_pose_mpnn_source_id_P500K__FIXED_POSE_MPNN__0A1B353F72DFABBD_9e6y_s3047_5a33358c5898/haddock_run/6_seletopclusts/cluster_1_model_1.pdb.gz	-76.79078	STRICT_A	CANDIDATE_NODE1GEN_256613_source_fixed_pose_mpnn_source_id_P500K__FIXED_POSE_MPNN__0A1B353F72DFABBD_9e6y_s3047_5a33358c5898	AT
9	NODE1GEN_183154_source_fixed_pose_mpnn_source_id_P500K__FIXED_POSE_MPNN__E25C2338B83B903C	generated_top3000	fixed_pose_mpnn	8x6b	42	SUCCESS	cluster_1_model_1.pdb.gz	/data/qlyu/projects/pvrig_top7500_dualpanel_screen_v1_20260724/run/qc397_final50_fusion_developability_v1_20260726/final50_common4_bundle/representative_complexes/R09__NODE1GEN_183154_source_fixed_pose_mpnn_source_id_P500K__FIXED_POSE_MPNN__E25C2338B83B903C__8x6b__s42.pdb	f0f2e5898d86c92ac92e602adb37c3c27ac0c520504a3aefc856649bab14774e	/data/qlyu/projects/pvrig_node1_generated100k_multimodal_top5000_4seed_docking_results_v2_20260724/compressed_queue/CANDIDATE_NODE1GEN_183154_source_fixed_pose_mpnn_source_id_P500K__FIXED_POSE_MPNN__E25C2338B83B903C_8x6b_s42_9e7f8e5f6f5a.tar.gz	runs/CANDIDATE_NODE1GEN_183154_source_fixed_pose_mpnn_source_id_P500K__FIXED_POSE_MPNN__E25C2338B83B903C_8x6b_s42_9e7f8e5f6f5a/haddock_run/6_seletopclusts/cluster_1_model_1.pdb.gz	-52.02819	STRICT_A	CANDIDATE_NODE1GEN_183154_source_fixed_pose_mpnn_source_id_P500K__FIXED_POSE_MPNN__E25C2338B83B903C_8x6b_s42_9e7f8e5f6f5a	AT
9	NODE1GEN_183154_source_fixed_pose_mpnn_source_id_P500K__FIXED_POSE_MPNN__E25C2338B83B903C	generated_top3000	fixed_pose_mpnn	9e6y	42	SUCCESS	cluster_1_model_1.pdb.gz	/data/qlyu/projects/pvrig_top7500_dualpanel_screen_v1_20260724/run/qc397_final50_fusion_developability_v1_20260726/final50_common4_bundle/representative_complexes/R09__NODE1GEN_183154_source_fixed_pose_mpnn_source_id_P500K__FIXED_POSE_MPNN__E25C2338B83B903C__9e6y__s42.pdb	fcafe23db9b93a92acab76d9340db2259345cffe8cc18e4cc933542ce78187ea	/data/qlyu/projects/pvrig_node1_generated100k_multimodal_top5000_4seed_docking_results_v2_20260724/compressed_queue/CANDIDATE_NODE1GEN_183154_source_fixed_pose_mpnn_source_id_P500K__FIXED_POSE_MPNN__E25C2338B83B903C_9e6y_s42_2c920b596e3c.tar.gz	runs/CANDIDATE_NODE1GEN_183154_source_fixed_pose_mpnn_source_id_P500K__FIXED_POSE_MPNN__E25C2338B83B903C_9e6y_s42_2c920b596e3c/haddock_run/6_seletopclusts/cluster_1_model_1.pdb.gz	-82.81916000000001	STRICT_A	CANDIDATE_NODE1GEN_183154_source_fixed_pose_mpnn_source_id_P500K__FIXED_POSE_MPNN__E25C2338B83B903C_9e6y_s42_2c920b596e3c	AT
9	NODE1GEN_183154_source_fixed_pose_mpnn_source_id_P500K__FIXED_POSE_MPNN__E25C2338B83B903C	generated_top3000	fixed_pose_mpnn	8x6b	917	SUCCESS	cluster_1_model_1.pdb.gz	/data/qlyu/projects/pvrig_top7500_dualpanel_screen_v1_20260724/run/qc397_final50_fusion_developability_v1_20260726/final50_common4_bundle/representative_complexes/R09__NODE1GEN_183154_source_fixed_pose_mpnn_source_id_P500K__FIXED_POSE_MPNN__E25C2338B83B903C__8x6b__s917.pdb	b4c24a3649f63cbac77e9bbf59f019d995cd8f9229aece4e7bbd001347b11c3d	/data/qlyu/projects/pvrig_node1_generated100k_multimodal_top5000_4seed_docking_results_v2_20260724/compressed_queue/CANDIDATE_NODE1GEN_183154_source_fixed_pose_mpnn_source_id_P500K__FIXED_POSE_MPNN__E25C2338B83B903C_8x6b_s917_78956abcdb13.tar.gz	runs/CANDIDATE_NODE1GEN_183154_source_fixed_pose_mpnn_source_id_P500K__FIXED_POSE_MPNN__E25C2338B83B903C_8x6b_s917_78956abcdb13/haddock_run/6_seletopclusts/cluster_1_model_1.pdb.gz	-73.68369999999999	STRICT_A	CANDIDATE_NODE1GEN_183154_source_fixed_pose_mpnn_source_id_P500K__FIXED_POSE_MPNN__E25C2338B83B903C_8x6b_s917_78956abcdb13	AT
9	NODE1GEN_183154_source_fixed_pose_mpnn_source_id_P500K__FIXED_POSE_MPNN__E25C2338B83B903C	generated_top3000	fixed_pose_mpnn	9e6y	917	SUCCESS	cluster_1_model_1.pdb.gz	/data/qlyu/projects/pvrig_top7500_dualpanel_screen_v1_20260724/run/qc397_final50_fusion_developability_v1_20260726/final50_common4_bundle/representative_complexes/R09__NODE1GEN_183154_source_fixed_pose_mpnn_source_id_P500K__FIXED_POSE_MPNN__E25C2338B83B903C__9e6y__s917.pdb	73cee2bfacd6aa81bef3f1991665377b0fcdcaf981a704d21faba0d0bacfa8b1	/data/qlyu/projects/pvrig_node1_generated100k_multimodal_top5000_4seed_docking_results_v2_20260724/compressed_queue/CANDIDATE_NODE1GEN_183154_source_fixed_pose_mpnn_source_id_P500K__FIXED_POSE_MPNN__E25C2338B83B903C_9e6y_s917_bc78cf6dd30d.tar.gz	runs/CANDIDATE_NODE1GEN_183154_source_fixed_pose_mpnn_source_id_P500K__FIXED_POSE_MPNN__E25C2338B83B903C_9e6y_s917_bc78cf6dd30d/haddock_run/6_seletopclusts/cluster_1_model_1.pdb.gz	-72.7499	STRICT_A	CANDIDATE_NODE1GEN_183154_source_fixed_pose_mpnn_source_id_P500K__FIXED_POSE_MPNN__E25C2338B83B903C_9e6y_s917_bc78cf6dd30d	AT
9	NODE1GEN_183154_source_fixed_pose_mpnn_source_id_P500K__FIXED_POSE_MPNN__E25C2338B83B903C	generated_top3000	fixed_pose_mpnn	8x6b	1931	SUCCESS	cluster_1_model_1.pdb.gz	/data/qlyu/projects/pvrig_top7500_dualpanel_screen_v1_20260724/run/qc397_final50_fusion_developability_v1_20260726/final50_common4_bundle/representative_complexes/R09__NODE1GEN_183154_source_fixed_pose_mpnn_source_id_P500K__FIXED_POSE_MPNN__E25C2338B83B903C__8x6b__s1931.pdb	0169dcbe5601160fdbafe6463bb1c0bae1a5f035647184e743b64e2a06fe7a69	/data/qlyu/projects/pvrig_node1_generated100k_multimodal_top5000_4seed_docking_results_v2_20260724/compressed_queue/CANDIDATE_NODE1GEN_183154_source_fixed_pose_mpnn_source_id_P500K__FIXED_POSE_MPNN__E25C2338B83B903C_8x6b_s1931_12e7ea23af9b.tar.gz	runs/CANDIDATE_NODE1GEN_183154_source_fixed_pose_mpnn_source_id_P500K__FIXED_POSE_MPNN__E25C2338B83B903C_8x6b_s1931_12e7ea23af9b/haddock_run/6_seletopclusts/cluster_1_model_1.pdb.gz	-76.2954	STRICT_A	CANDIDATE_NODE1GEN_183154_source_fixed_pose_mpnn_source_id_P500K__FIXED_POSE_MPNN__E25C2338B83B903C_8x6b_s1931_12e7ea23af9b	AT
9	NODE1GEN_183154_source_fixed_pose_mpnn_source_id_P500K__FIXED_POSE_MPNN__E25C2338B83B903C	generated_top3000	fixed_pose_mpnn	9e6y	1931	SUCCESS	cluster_1_model_1.pdb.gz	/data/qlyu/projects/pvrig_top7500_dualpanel_screen_v1_20260724/run/qc397_final50_fusion_developability_v1_20260726/final50_common4_bundle/representative_complexes/R09__NODE1GEN_183154_source_fixed_pose_mpnn_source_id_P500K__FIXED_POSE_MPNN__E25C2338B83B903C__9e6y__s1931.pdb	9171b2489826ae20de9f383af4d44a630e70d6bbdcfbcf3fe68268469b3b16e5	/data/qlyu/projects/pvrig_node1_generated100k_multimodal_top5000_4seed_docking_results_v2_20260724/compressed_queue/CANDIDATE_NODE1GEN_183154_source_fixed_pose_mpnn_source_id_P500K__FIXED_POSE_MPNN__E25C2338B83B903C_9e6y_s1931_913ba26a088c.tar.gz	runs/CANDIDATE_NODE1GEN_183154_source_fixed_pose_mpnn_source_id_P500K__FIXED_POSE_MPNN__E25C2338B83B903C_9e6y_s1931_913ba26a088c/haddock_run/6_seletopclusts/cluster_1_model_1.pdb.gz	-96.1603	STRICT_A	CANDIDATE_NODE1GEN_183154_source_fixed_pose_mpnn_source_id_P500K__FIXED_POSE_MPNN__E25C2338B83B903C_9e6y_s1931_913ba26a088c	AT
9	NODE1GEN_183154_source_fixed_pose_mpnn_source_id_P500K__FIXED_POSE_MPNN__E25C2338B83B903C	generated_top3000	fixed_pose_mpnn	8x6b	3047	SUCCESS	cluster_1_model_1.pdb.gz	/data/qlyu/projects/pvrig_top7500_dualpanel_screen_v1_20260724/run/qc397_final50_fusion_developability_v1_20260726/final50_common4_bundle/representative_complexes/R09__NODE1GEN_183154_source_fixed_pose_mpnn_source_id_P500K__FIXED_POSE_MPNN__E25C2338B83B903C__8x6b__s3047.pdb	08da048558b96b6b83205323b1708734991a20d113e0436b810f61bce082433d	/data/qlyu/projects/pvrig_node1_generated100k_multimodal_top5000_4seed_docking_results_v2_20260724/compressed_queue/CANDIDATE_NODE1GEN_183154_source_fixed_pose_mpnn_source_id_P500K__FIXED_POSE_MPNN__E25C2338B83B903C_8x6b_s3047_fc3a5f829b75.tar.gz	runs/CANDIDATE_NODE1GEN_183154_source_fixed_pose_mpnn_source_id_P500K__FIXED_POSE_MPNN__E25C2338B83B903C_8x6b_s3047_fc3a5f829b75/haddock_run/6_seletopclusts/cluster_1_model_1.pdb.gz	-86.09499	STRICT_A	CANDIDATE_NODE1GEN_183154_source_fixed_pose_mpnn_source_id_P500K__FIXED_POSE_MPNN__E25C2338B83B903C_8x6b_s3047_fc3a5f829b75	AT
9	NODE1GEN_183154_source_fixed_pose_mpnn_source_id_P500K__FIXED_POSE_MPNN__E25C2338B83B903C	generated_top3000	fixed_pose_mpnn	9e6y	3047	SUCCESS	cluster_1_model_1.pdb.gz	/data/qlyu/projects/pvrig_top7500_dualpanel_screen_v1_20260724/run/qc397_final50_fusion_developability_v1_20260726/final50_common4_bundle/representative_complexes/R09__NODE1GEN_183154_source_fixed_pose_mpnn_source_id_P500K__FIXED_POSE_MPNN__E25C2338B83B903C__9e6y__s3047.pdb	3185b2d274bb36a130ed4f6ce2914e13e5177805b879e5a70bda3d3fcc753fd9	/data/qlyu/projects/pvrig_node1_generated100k_multimodal_top5000_4seed_docking_results_v2_20260724/compressed_queue/CANDIDATE_NODE1GEN_183154_source_fixed_pose_mpnn_source_id_P500K__FIXED_POSE_MPNN__E25C2338B83B903C_9e6y_s3047_2e0be54dd31c.tar.gz	runs/CANDIDATE_NODE1GEN_183154_source_fixed_pose_mpnn_source_id_P500K__FIXED_POSE_MPNN__E25C2338B83B903C_9e6y_s3047_2e0be54dd31c/haddock_run/6_seletopclusts/cluster_1_model_1.pdb.gz	-89.3342	STRICT_A	CANDIDATE_NODE1GEN_183154_source_fixed_pose_mpnn_source_id_P500K__FIXED_POSE_MPNN__E25C2338B83B903C_9e6y_s3047_2e0be54dd31c	AT
10	P1MCPUFP__CPUFP500K_0188__00282	existing_old_new7500_top200	c2_four_seed	8x6b	42	SUCCESS	cluster_1_model_1.pdb.gz	/data/qlyu/projects/pvrig_top7500_dualpanel_screen_v1_20260724/run/qc397_final50_fusion_developability_v1_20260726/final50_common4_bundle/representative_complexes/R10__P1MCPUFP__CPUFP500K_0188__00282__8x6b__s42.pdb	9309172074a3690189562f928102a465988eaba7a27a591ea8a00b5c6fea02a4	/data1/qlyu/projects/pvrig_c2_new4220_seed42_3047_docking_results_v1_20260723/c2_new4220_seed42_3047/compressed_queue/CANDIDATE_P1MCPUFP__CPUFP500K_0188__00282_8x6b_s42_31e5608800d0.tar.gz	runs/CANDIDATE_P1MCPUFP__CPUFP500K_0188__00282_8x6b_s42_31e5608800d0/haddock_run/6_seletopclusts/cluster_1_model_1.pdb.gz	-75.65780000000001	STRICT_A	CANDIDATE_P1MCPUFP__CPUFP500K_0188__00282_8x6b_s42_31e5608800d0	AT
10	P1MCPUFP__CPUFP500K_0188__00282	existing_old_new7500_top200	c2_four_seed	9e6y	42	SUCCESS	cluster_1_model_1.pdb.gz	/data/qlyu/projects/pvrig_top7500_dualpanel_screen_v1_20260724/run/qc397_final50_fusion_developability_v1_20260726/final50_common4_bundle/representative_complexes/R10__P1MCPUFP__CPUFP500K_0188__00282__9e6y__s42.pdb	30d6b0ef78126100f5a6cfec57615f30e0a282278fbff91547a2dd548f198ab2	/data1/qlyu/projects/pvrig_c2_new4220_seed42_3047_docking_results_v1_20260723/c2_new4220_seed42_3047/compressed_queue/CANDIDATE_P1MCPUFP__CPUFP500K_0188__00282_9e6y_s42_2945b0478911.tar.gz	runs/CANDIDATE_P1MCPUFP__CPUFP500K_0188__00282_9e6y_s42_2945b0478911/haddock_run/6_seletopclusts/cluster_1_model_1.pdb.gz	-82.1524	STRICT_A	CANDIDATE_P1MCPUFP__CPUFP500K_0188__00282_9e6y_s42_2945b0478911	AT
10	P1MCPUFP__CPUFP500K_0188__00282	existing_old_new7500_top200	c2_four_seed	8x6b	917	SUCCESS	cluster_1_model_1.pdb.gz	/data/qlyu/projects/pvrig_top7500_dualpanel_screen_v1_20260724/run/qc397_final50_fusion_developability_v1_20260726/final50_common4_bundle/representative_complexes/R10__P1MCPUFP__CPUFP500K_0188__00282__8x6b__s917.pdb	1602e3de8347dbd0b1e04c2558bb4d39cec9d9b6511db11a59e409cb5f018056	/data1/qlyu/projects/pvrig_c2_new6220_dualreceptor_2seed_docking_results_v1_20260723/c2_new4220/compressed_queue/CANDIDATE_P1MCPUFP__CPUFP500K_0188__00282_8x6b_s917_0ae50f6e74b7.tar.gz	runs/CANDIDATE_P1MCPUFP__CPUFP500K_0188__00282_8x6b_s917_0ae50f6e74b7/haddock_run/6_seletopclusts/cluster_1_model_1.pdb.gz	-96.7813	STRICT_A	CANDIDATE_P1MCPUFP__CPUFP500K_0188__00282_8x6b_s917_0ae50f6e74b7	AT
10	P1MCPUFP__CPUFP500K_0188__00282	existing_old_new7500_top200	c2_four_seed	9e6y	917	SUCCESS	cluster_1_model_1.pdb.gz	/data/qlyu/projects/pvrig_top7500_dualpanel_screen_v1_20260724/run/qc397_final50_fusion_developability_v1_20260726/final50_common4_bundle/representative_complexes/R10__P1MCPUFP__CPUFP500K_0188__00282__9e6y__s917.pdb	38886d3e8801a023ee1c5458f6930fbf9600eb0bf89ded7cd87b7eeb804967d6	/data1/qlyu/projects/pvrig_c2_new6220_dualreceptor_2seed_docking_results_v1_20260723/c2_new4220/compressed_queue/CANDIDATE_P1MCPUFP__CPUFP500K_0188__00282_9e6y_s917_b0decbd03586.tar.gz	runs/CANDIDATE_P1MCPUFP__CPUFP500K_0188__00282_9e6y_s917_b0decbd03586/haddock_run/6_seletopclusts/cluster_1_model_1.pdb.gz	-96.3777	STRICT_A	CANDIDATE_P1MCPUFP__CPUFP500K_0188__00282_9e6y_s917_b0decbd03586	AT
10	P1MCPUFP__CPUFP500K_0188__00282	existing_old_new7500_top200	c2_four_seed	8x6b	1931	SUCCESS	cluster_1_model_1.pdb.gz	/data/qlyu/projects/pvrig_top7500_dualpanel_screen_v1_20260724/run/qc397_final50_fusion_developability_v1_20260726/final50_common4_bundle/representative_complexes/R10__P1MCPUFP__CPUFP500K_0188__00282__8x6b__s1931.pdb	935e27d433669b24d8130055675cf99a188d79271fb99dfe3e2937aa7b9c8a30	/data1/qlyu/projects/pvrig_c2_new6220_dualreceptor_2seed_docking_results_v1_20260723/c2_new4220/compressed_queue/CANDIDATE_P1MCPUFP__CPUFP500K_0188__00282_8x6b_s1931_c85c1ff2ca38.tar.gz	runs/CANDIDATE_P1MCPUFP__CPUFP500K_0188__00282_8x6b_s1931_c85c1ff2ca38/haddock_run/6_seletopclusts/cluster_1_model_1.pdb.gz	-70.43739999999998	STRICT_A	CANDIDATE_P1MCPUFP__CPUFP500K_0188__00282_8x6b_s1931_c85c1ff2ca38	AT
10	P1MCPUFP__CPUFP500K_0188__00282	existing_old_new7500_top200	c2_four_seed	9e6y	1931	SUCCESS	cluster_1_model_1.pdb.gz	/data/qlyu/projects/pvrig_top7500_dualpanel_screen_v1_20260724/run/qc397_final50_fusion_developability_v1_20260726/final50_common4_bundle/representative_complexes/R10__P1MCPUFP__CPUFP500K_0188__00282__9e6y__s1931.pdb	157f914e422444a26b966d0f01b3696a7d74adbdb1cbaacc6643e742d334e991	/data1/qlyu/projects/pvrig_c2_new6220_dualreceptor_2seed_docking_results_v1_20260723/c2_new4220/compressed_queue/CANDIDATE_P1MCPUFP__CPUFP500K_0188__00282_9e6y_s1931_2cd495ac2b46.tar.gz	runs/CANDIDATE_P1MCPUFP__CPUFP500K_0188__00282_9e6y_s1931_2cd495ac2b46/haddock_run/6_seletopclusts/cluster_1_model_1.pdb.gz	-79.34096000000001	STRICT_A	CANDIDATE_P1MCPUFP__CPUFP500K_0188__00282_9e6y_s1931_2cd495ac2b46	AT
10	P1MCPUFP__CPUFP500K_0188__00282	existing_old_new7500_top200	c2_four_seed	8x6b	3047	SUCCESS	cluster_1_model_1.pdb.gz	/data/qlyu/projects/pvrig_top7500_dualpanel_screen_v1_20260724/run/qc397_final50_fusion_developability_v1_20260726/final50_common4_bundle/representative_complexes/R10__P1MCPUFP__CPUFP500K_0188__00282__8x6b__s3047.pdb	728a2144edd46c6d93fa5fcd553bdcf042daf86c35bf848f66b67a16bd197da5	/data1/qlyu/projects/pvrig_c2_new4220_seed42_3047_docking_results_v1_20260723/c2_new4220_seed42_3047/compressed_queue/CANDIDATE_P1MCPUFP__CPUFP500K_0188__00282_8x6b_s3047_a82240dc6438.tar.gz	runs/CANDIDATE_P1MCPUFP__CPUFP500K_0188__00282_8x6b_s3047_a82240dc6438/haddock_run/6_seletopclusts/cluster_1_model_1.pdb.gz	-71.03817999999998	STRICT_A	CANDIDATE_P1MCPUFP__CPUFP500K_0188__00282_8x6b_s3047_a82240dc6438	AT
10	P1MCPUFP__CPUFP500K_0188__00282	existing_old_new7500_top200	c2_four_seed	9e6y	3047	SUCCESS	cluster_1_model_1.pdb.gz	/data/qlyu/projects/pvrig_top7500_dualpanel_screen_v1_20260724/run/qc397_final50_fusion_developability_v1_20260726/final50_common4_bundle/representative_complexes/R10__P1MCPUFP__CPUFP500K_0188__00282__9e6y__s3047.pdb	4c2dff4632fd38ec737cdf22d2a698ac4eff68d4a74a29307f4714ae35e44b2f	/data1/qlyu/projects/pvrig_c2_new4220_seed42_3047_docking_results_v1_20260723/c2_new4220_seed42_3047/compressed_queue/CANDIDATE_P1MCPUFP__CPUFP500K_0188__00282_9e6y_s3047_2efbb887fd78.tar.gz	runs/CANDIDATE_P1MCPUFP__CPUFP500K_0188__00282_9e6y_s3047_2efbb887fd78/haddock_run/6_seletopclusts/cluster_1_model_1.pdb.gz	-90.32167999999999	STRICT_A	CANDIDATE_P1MCPUFP__CPUFP500K_0188__00282_9e6y_s3047_2efbb887fd78	AT
11	NODE1GEN_191476_source_fixed_pose_mpnn_source_id_P500K__FIXED_POSE_MPNN__310934EF4B70CA47	generated_top3000	fixed_pose_mpnn	8x6b	42	SUCCESS	cluster_1_model_1.pdb.gz	/data/qlyu/projects/pvrig_top7500_dualpanel_screen_v1_20260724/run/qc397_final50_fusion_developability_v1_20260726/final50_common4_bundle/representative_complexes/R11__NODE1GEN_191476_source_fixed_pose_mpnn_source_id_P500K__FIXED_POSE_MPNN__310934EF4B70CA47__8x6b__s42.pdb	c2b60d2463be0b10870050587b6ce828fe1a6ae61c8fbc4da5bb5772d9f64454	/data/qlyu/projects/pvrig_node1_generated100k_multimodal_top5000_4seed_docking_results_v2_20260724/compressed_queue/CANDIDATE_NODE1GEN_191476_source_fixed_pose_mpnn_source_id_P500K__FIXED_POSE_MPNN__310934EF4B70CA47_8x6b_s42_4bf644fbcdf2.tar.gz	runs/CANDIDATE_NODE1GEN_191476_source_fixed_pose_mpnn_source_id_P500K__FIXED_POSE_MPNN__310934EF4B70CA47_8x6b_s42_4bf644fbcdf2/haddock_run/6_seletopclusts/cluster_1_model_1.pdb.gz	-73.5986	STRICT_A	CANDIDATE_NODE1GEN_191476_source_fixed_pose_mpnn_source_id_P500K__FIXED_POSE_MPNN__310934EF4B70CA47_8x6b_s42_4bf644fbcdf2	AT
11	NODE1GEN_191476_source_fixed_pose_mpnn_source_id_P500K__FIXED_POSE_MPNN__310934EF4B70CA47	generated_top3000	fixed_pose_mpnn	9e6y	42	SUCCESS	cluster_1_model_1.pdb.gz	/data/qlyu/projects/pvrig_top7500_dualpanel_screen_v1_20260724/run/qc397_final50_fusion_developability_v1_20260726/final50_common4_bundle/representative_complexes/R11__NODE1GEN_191476_source_fixed_pose_mpnn_source_id_P500K__FIXED_POSE_MPNN__310934EF4B70CA47__9e6y__s42.pdb	6448d331e19fe896fb25b809659e252fe07bf24eddb663f04511e794e9c48764	/data/qlyu/projects/pvrig_node1_generated100k_multimodal_top5000_4seed_docking_results_v2_20260724/compressed_queue/CANDIDATE_NODE1GEN_191476_source_fixed_pose_mpnn_source_id_P500K__FIXED_POSE_MPNN__310934EF4B70CA47_9e6y_s42_f55b61862750.tar.gz	runs/CANDIDATE_NODE1GEN_191476_source_fixed_pose_mpnn_source_id_P500K__FIXED_POSE_MPNN__310934EF4B70CA47_9e6y_s42_f55b61862750/haddock_run/6_seletopclusts/cluster_1_model_1.pdb.gz	-83.06279999999998	STRICT_A	CANDIDATE_NODE1GEN_191476_source_fixed_pose_mpnn_source_id_P500K__FIXED_POSE_MPNN__310934EF4B70CA47_9e6y_s42_f55b61862750	AT
11	NODE1GEN_191476_source_fixed_pose_mpnn_source_id_P500K__FIXED_POSE_MPNN__310934EF4B70CA47	generated_top3000	fixed_pose_mpnn	8x6b	917	SUCCESS	cluster_1_model_1.pdb.gz	/data/qlyu/projects/pvrig_top7500_dualpanel_screen_v1_20260724/run/qc397_final50_fusion_developability_v1_20260726/final50_common4_bundle/representative_complexes/R11__NODE1GEN_191476_source_fixed_pose_mpnn_source_id_P500K__FIXED_POSE_MPNN__310934EF4B70CA47__8x6b__s917.pdb	3940890e1c63f3a139091389ed8caf5e5d5bd0d31627e3e70155ff981779be0d	/data/qlyu/projects/pvrig_node1_generated100k_multimodal_top5000_4seed_docking_results_v2_20260724/compressed_queue/CANDIDATE_NODE1GEN_191476_source_fixed_pose_mpnn_source_id_P500K__FIXED_POSE_MPNN__310934EF4B70CA47_8x6b_s917_bf36150a4764.tar.gz	runs/CANDIDATE_NODE1GEN_191476_source_fixed_pose_mpnn_source_id_P500K__FIXED_POSE_MPNN__310934EF4B70CA47_8x6b_s917_bf36150a4764/haddock_run/6_seletopclusts/cluster_1_model_1.pdb.gz	-69.2074	STRICT_A	CANDIDATE_NODE1GEN_191476_source_fixed_pose_mpnn_source_id_P500K__FIXED_POSE_MPNN__310934EF4B70CA47_8x6b_s917_bf36150a4764	AT
11	NODE1GEN_191476_source_fixed_pose_mpnn_source_id_P500K__FIXED_POSE_MPNN__310934EF4B70CA47	generated_top3000	fixed_pose_mpnn	9e6y	917	SUCCESS	cluster_1_model_1.pdb.gz	/data/qlyu/projects/pvrig_top7500_dualpanel_screen_v1_20260724/run/qc397_final50_fusion_developability_v1_20260726/final50_common4_bundle/representative_complexes/R11__NODE1GEN_191476_source_fixed_pose_mpnn_source_id_P500K__FIXED_POSE_MPNN__310934EF4B70CA47__9e6y__s917.pdb	b159fd50c1d1792de9141463e7123b189383efbd5d724de094095798afd3f483	/data/qlyu/projects/pvrig_node1_generated100k_multimodal_top5000_4seed_docking_results_v2_20260724/compressed_queue/CANDIDATE_NODE1GEN_191476_source_fixed_pose_mpnn_source_id_P500K__FIXED_POSE_MPNN__310934EF4B70CA47_9e6y_s917_bcdb76bad778.tar.gz	runs/CANDIDATE_NODE1GEN_191476_source_fixed_pose_mpnn_source_id_P500K__FIXED_POSE_MPNN__310934EF4B70CA47_9e6y_s917_bcdb76bad778/haddock_run/6_seletopclusts/cluster_1_model_1.pdb.gz	-83.1669	STRICT_A	CANDIDATE_NODE1GEN_191476_source_fixed_pose_mpnn_source_id_P500K__FIXED_POSE_MPNN__310934EF4B70CA47_9e6y_s917_bcdb76bad778	AT
11	NODE1GEN_191476_source_fixed_pose_mpnn_source_id_P500K__FIXED_POSE_MPNN__310934EF4B70CA47	generated_top3000	fixed_pose_mpnn	8x6b	1931	SUCCESS	cluster_1_model_1.pdb.gz	/data/qlyu/projects/pvrig_top7500_dualpanel_screen_v1_20260724/run/qc397_final50_fusion_developability_v1_20260726/final50_common4_bundle/representative_complexes/R11__NODE1GEN_191476_source_fixed_pose_mpnn_source_id_P500K__FIXED_POSE_MPNN__310934EF4B70CA47__8x6b__s1931.pdb	a54448bdd33ac99938906f4eab1ca8c34dfd9d03ca06cdfef5ac60038c8a5711	/data/qlyu/projects/pvrig_node1_generated100k_multimodal_top5000_4seed_docking_results_v2_20260724/compressed_queue/CANDIDATE_NODE1GEN_191476_source_fixed_pose_mpnn_source_id_P500K__FIXED_POSE_MPNN__310934EF4B70CA47_8x6b_s1931_193306bad538.tar.gz	runs/CANDIDATE_NODE1GEN_191476_source_fixed_pose_mpnn_source_id_P500K__FIXED_POSE_MPNN__310934EF4B70CA47_8x6b_s1931_193306bad538/haddock_run/6_seletopclusts/cluster_1_model_1.pdb.gz	-84.7062	STRICT_A	CANDIDATE_NODE1GEN_191476_source_fixed_pose_mpnn_source_id_P500K__FIXED_POSE_MPNN__310934EF4B70CA47_8x6b_s1931_193306bad538	AT
11	NODE1GEN_191476_source_fixed_pose_mpnn_source_id_P500K__FIXED_POSE_MPNN__310934EF4B70CA47	generated_top3000	fixed_pose_mpnn	9e6y	1931	SUCCESS	cluster_1_model_1.pdb.gz	/data/qlyu/projects/pvrig_top7500_dualpanel_screen_v1_20260724/run/qc397_final50_fusion_developability_v1_20260726/final50_common4_bundle/representative_complexes/R11__NODE1GEN_191476_source_fixed_pose_mpnn_source_id_P500K__FIXED_POSE_MPNN__310934EF4B70CA47__9e6y__s1931.pdb	702fe37362a1e8966496f6f41b3ae6284618a7ff097270b1eb66ae34775db61f	/data/qlyu/projects/pvrig_node1_generated100k_multimodal_top5000_4seed_docking_results_v2_20260724/compressed_queue/CANDIDATE_NODE1GEN_191476_source_fixed_pose_mpnn_source_id_P500K__FIXED_POSE_MPNN__310934EF4B70CA47_9e6y_s1931_65c6a6d38bf7.tar.gz	runs/CANDIDATE_NODE1GEN_191476_source_fixed_pose_mpnn_source_id_P500K__FIXED_POSE_MPNN__310934EF4B70CA47_9e6y_s1931_65c6a6d38bf7/haddock_run/6_seletopclusts/cluster_1_model_1.pdb.gz	-70.04490000000001	STRICT_A	CANDIDATE_NODE1GEN_191476_source_fixed_pose_mpnn_source_id_P500K__FIXED_POSE_MPNN__310934EF4B70CA47_9e6y_s1931_65c6a6d38bf7	AT
11	NODE1GEN_191476_source_fixed_pose_mpnn_source_id_P500K__FIXED_POSE_MPNN__310934EF4B70CA47	generated_top3000	fixed_pose_mpnn	8x6b	3047	SUCCESS	cluster_1_model_1.pdb.gz	/data/qlyu/projects/pvrig_top7500_dualpanel_screen_v1_20260724/run/qc397_final50_fusion_developability_v1_20260726/final50_common4_bundle/representative_complexes/R11__NODE1GEN_191476_source_fixed_pose_mpnn_source_id_P500K__FIXED_POSE_MPNN__310934EF4B70CA47__8x6b__s3047.pdb	8da42ca566506ce34a3cdcbb05431e58a6b83443c583f374335528ba10e23991	/data/qlyu/projects/pvrig_node1_generated100k_multimodal_top5000_4seed_docking_results_v2_20260724/compressed_queue/CANDIDATE_NODE1GEN_191476_source_fixed_pose_mpnn_source_id_P500K__FIXED_POSE_MPNN__310934EF4B70CA47_8x6b_s3047_82ff7926853a.tar.gz	runs/CANDIDATE_NODE1GEN_191476_source_fixed_pose_mpnn_source_id_P500K__FIXED_POSE_MPNN__310934EF4B70CA47_8x6b_s3047_82ff7926853a/haddock_run/6_seletopclusts/cluster_1_model_1.pdb.gz	-76.3398	STRICT_A	CANDIDATE_NODE1GEN_191476_source_fixed_pose_mpnn_source_id_P500K__FIXED_POSE_MPNN__310934EF4B70CA47_8x6b_s3047_82ff7926853a	AT
11	NODE1GEN_191476_source_fixed_pose_mpnn_source_id_P500K__FIXED_POSE_MPNN__310934EF4B70CA47	generated_top3000	fixed_pose_mpnn	9e6y	3047	SUCCESS	cluster_1_model_1.pdb.gz	/data/qlyu/projects/pvrig_top7500_dualpanel_screen_v1_20260724/run/qc397_final50_fusion_developability_v1_20260726/final50_common4_bundle/representative_complexes/R11__NODE1GEN_191476_source_fixed_pose_mpnn_source_id_P500K__FIXED_POSE_MPNN__310934EF4B70CA47__9e6y__s3047.pdb	c095a6ffab5821bd7e57e63dab1af841ed5c1bd43d872dfbb07277abd7a0f6c6	/data/qlyu/projects/pvrig_node1_generated100k_multimodal_top5000_4seed_docking_results_v2_20260724/compressed_queue/CANDIDATE_NODE1GEN_191476_source_fixed_pose_mpnn_source_id_P500K__FIXED_POSE_MPNN__310934EF4B70CA47_9e6y_s3047_bff3d65b06f5.tar.gz	runs/CANDIDATE_NODE1GEN_191476_source_fixed_pose_mpnn_source_id_P500K__FIXED_POSE_MPNN__310934EF4B70CA47_9e6y_s3047_bff3d65b06f5/haddock_run/6_seletopclusts/cluster_1_model_1.pdb.gz	-67.70439999999999	STRICT_A	CANDIDATE_NODE1GEN_191476_source_fixed_pose_mpnn_source_id_P500K__FIXED_POSE_MPNN__310934EF4B70CA47_9e6y_s3047_bff3d65b06f5	AT
12	P1MCPUFP__CPUFP500K_0090__00532	existing_old_new7500_top200	old_top7500	8x6b	42	SUCCESS	cluster_1_model_1.pdb.gz	/data/qlyu/projects/pvrig_top7500_dualpanel_screen_v1_20260724/run/qc397_final50_fusion_developability_v1_20260726/final50_common4_bundle/representative_complexes/R12__P1MCPUFP__CPUFP500K_0090__00532__8x6b__s42.pdb	d9144147118eecc25eedb0f461fad253278605fd68cf88b2ba77152fb9304123	/data1/qlyu/projects/pvrig_top200_common4_seed_completion106_docking_results_v1_20260725/top200_seed_completion/compressed_queue/CANDIDATE_P1MCPUFP__CPUFP500K_0090__00532_8x6b_s42_3cb7fd9764fc.tar.gz	runs/CANDIDATE_P1MCPUFP__CPUFP500K_0090__00532_8x6b_s42_3cb7fd9764fc/haddock_run/6_seletopclusts/cluster_1_model_1.pdb.gz	-90.1088	STRICT_A	CANDIDATE_P1MCPUFP__CPUFP500K_0090__00532_8x6b_s42_3cb7fd9764fc	AT
12	P1MCPUFP__CPUFP500K_0090__00532	existing_old_new7500_top200	old_top7500	9e6y	42	SUCCESS	cluster_1_model_1.pdb.gz	/data/qlyu/projects/pvrig_top7500_dualpanel_screen_v1_20260724/run/qc397_final50_fusion_developability_v1_20260726/final50_common4_bundle/representative_complexes/R12__P1MCPUFP__CPUFP500K_0090__00532__9e6y__s42.pdb	57306eda0e4dc2411af663743a6e9530cb4052cd1e648de37d1d6f725b04bd3d	/data1/qlyu/projects/pvrig_top200_common4_seed_completion106_docking_results_v1_20260725/top200_seed_completion/compressed_queue/CANDIDATE_P1MCPUFP__CPUFP500K_0090__00532_9e6y_s42_e0fddef7a0f6.tar.gz	runs/CANDIDATE_P1MCPUFP__CPUFP500K_0090__00532_9e6y_s42_e0fddef7a0f6/haddock_run/6_seletopclusts/cluster_1_model_1.pdb.gz	-73.5737	STRICT_A	CANDIDATE_P1MCPUFP__CPUFP500K_0090__00532_9e6y_s42_e0fddef7a0f6	AT
12	P1MCPUFP__CPUFP500K_0090__00532	existing_old_new7500_top200	old_top7500	8x6b	917	SUCCESS	cluster_1_model_1.pdb.gz	/data/qlyu/projects/pvrig_top7500_dualpanel_screen_v1_20260724/run/qc397_final50_fusion_developability_v1_20260726/final50_common4_bundle/representative_complexes/R12__P1MCPUFP__CPUFP500K_0090__00532__8x6b__s917.pdb	f9b3f8bf630f62c26037cfd355385bb5f6737c8dfaeafc3799ce43d303d2dcee	/data1/qlyu/projects/pvrig_priority_top7500_dualreceptor_multiseed_docking_results_v1_20260722/top7500_25k/compressed_queue/CANDIDATE_P1MCPUFP__CPUFP500K_0090__00532_8x6b_s917_1184e127de62.tar.gz	runs/CANDIDATE_P1MCPUFP__CPUFP500K_0090__00532_8x6b_s917_1184e127de62/haddock_run/6_seletopclusts/cluster_1_model_1.pdb.gz	-66.89945999999999	STRICT_A	CANDIDATE_P1MCPUFP__CPUFP500K_0090__00532_8x6b_s917_1184e127de62	AT
12	P1MCPUFP__CPUFP500K_0090__00532	existing_old_new7500_top200	old_top7500	9e6y	917	SUCCESS	cluster_1_model_1.pdb.gz	/data/qlyu/projects/pvrig_top7500_dualpanel_screen_v1_20260724/run/qc397_final50_fusion_developability_v1_20260726/final50_common4_bundle/representative_complexes/R12__P1MCPUFP__CPUFP500K_0090__00532__9e6y__s917.pdb	e438ecb76d3a56d557fef57af3287bf5bbee0708ca7eec355c8563673533e1dc	/data1/qlyu/projects/pvrig_priority_top7500_dualreceptor_multiseed_docking_results_v1_20260722/top7500_25k/compressed_queue/CANDIDATE_P1MCPUFP__CPUFP500K_0090__00532_9e6y_s917_300001e7a2b3.tar.gz	runs/CANDIDATE_P1MCPUFP__CPUFP500K_0090__00532_9e6y_s917_300001e7a2b3/haddock_run/6_seletopclusts/cluster_1_model_1.pdb.gz	-56.7583	STRICT_A	CANDIDATE_P1MCPUFP__CPUFP500K_0090__00532_9e6y_s917_300001e7a2b3	AT
12	P1MCPUFP__CPUFP500K_0090__00532	existing_old_new7500_top200	old_top7500	8x6b	1931	SUCCESS	cluster_1_model_1.pdb.gz	/data/qlyu/projects/pvrig_top7500_dualpanel_screen_v1_20260724/run/qc397_final50_fusion_developability_v1_20260726/final50_common4_bundle/representative_complexes/R12__P1MCPUFP__CPUFP500K_0090__00532__8x6b__s1931.pdb	2f2bfc18df4c8fe9988f81d1f283ed2cb7acdab1da9448c6ee7f82cf0d7ce342	/data1/qlyu/projects/pvrig_priority_top7500_dualreceptor_multiseed_docking_results_v1_20260722/top7500_25k/compressed_queue/CANDIDATE_P1MCPUFP__CPUFP500K_0090__00532_8x6b_s1931_cf77c60f20e6.tar.gz	runs/CANDIDATE_P1MCPUFP__CPUFP500K_0090__00532_8x6b_s1931_cf77c60f20e6/haddock_run/6_seletopclusts/cluster_1_model_1.pdb.gz	-67.82839999999999	STRICT_A	CANDIDATE_P1MCPUFP__CPUFP500K_0090__00532_8x6b_s1931_cf77c60f20e6	AT
12	P1MCPUFP__CPUFP500K_0090__00532	existing_old_new7500_top200	old_top7500	9e6y	1931	SUCCESS	cluster_1_model_1.pdb.gz	/data/qlyu/projects/pvrig_top7500_dualpanel_screen_v1_20260724/run/qc397_final50_fusion_developability_v1_20260726/final50_common4_bundle/representative_complexes/R12__P1MCPUFP__CPUFP500K_0090__00532__9e6y__s1931.pdb	9975b696322b964daedf10d5420200edc2d362bf60ad3c24babc9275f84bdb56	/data1/qlyu/projects/pvrig_priority_top7500_dualreceptor_multiseed_docking_results_v1_20260722/top7500_25k/compressed_queue/CANDIDATE_P1MCPUFP__CPUFP500K_0090__00532_9e6y_s1931_979c34880b94.tar.gz	runs/CANDIDATE_P1MCPUFP__CPUFP500K_0090__00532_9e6y_s1931_979c34880b94/haddock_run/6_seletopclusts/cluster_1_model_1.pdb.gz	-66.458	STRICT_A	CANDIDATE_P1MCPUFP__CPUFP500K_0090__00532_9e6y_s1931_979c34880b94	AT
12	P1MCPUFP__CPUFP500K_0090__00532	existing_old_new7500_top200	old_top7500	8x6b	3047	SUCCESS	cluster_1_model_1.pdb.gz	/data/qlyu/projects/pvrig_top7500_dualpanel_screen_v1_20260724/run/qc397_final50_fusion_developability_v1_20260726/final50_common4_bundle/representative_complexes/R12__P1MCPUFP__CPUFP500K_0090__00532__8x6b__s3047.pdb	bba079834eff929a4f3e0a44a160cadd6d8bcf657746b3730b4b26bc954cb32d	/data1/qlyu/projects/pvrig_top200_common4_seed_completion106_docking_results_v1_20260725/top200_seed_completion/compressed_queue/CANDIDATE_P1MCPUFP__CPUFP500K_0090__00532_8x6b_s3047_b6d1a1b4efc3.tar.gz	runs/CANDIDATE_P1MCPUFP__CPUFP500K_0090__00532_8x6b_s3047_b6d1a1b4efc3/haddock_run/6_seletopclusts/cluster_1_model_1.pdb.gz	-85.3734	STRICT_A	CANDIDATE_P1MCPUFP__CPUFP500K_0090__00532_8x6b_s3047_b6d1a1b4efc3	AT
12	P1MCPUFP__CPUFP500K_0090__00532	existing_old_new7500_top200	old_top7500	9e6y	3047	SUCCESS	cluster_1_model_1.pdb.gz	/data/qlyu/projects/pvrig_top7500_dualpanel_screen_v1_20260724/run/qc397_final50_fusion_developability_v1_20260726/final50_common4_bundle/representative_complexes/R12__P1MCPUFP__CPUFP500K_0090__00532__9e6y__s3047.pdb	ab47fb0bf6a0df06d4f5d9579453934a83f5b6ebde0ddce1b0109aac3c6968f6	/data1/qlyu/projects/pvrig_top200_common4_seed_completion106_docking_results_v1_20260725/top200_seed_completion/compressed_queue/CANDIDATE_P1MCPUFP__CPUFP500K_0090__00532_9e6y_s3047_89a1686fc205.tar.gz	runs/CANDIDATE_P1MCPUFP__CPUFP500K_0090__00532_9e6y_s3047_89a1686fc205/haddock_run/6_seletopclusts/cluster_1_model_1.pdb.gz	-65.05493999999999	STRICT_A	CANDIDATE_P1MCPUFP__CPUFP500K_0090__00532_9e6y_s3047_89a1686fc205	AT
13	NODE1GEN_177961_source_fixed_pose_mpnn_source_id_P500K__FIXED_POSE_MPNN__8431DA62B813A913	generated_top3000	fixed_pose_mpnn	8x6b	42	SUCCESS	cluster_1_model_1.pdb.gz	/data/qlyu/projects/pvrig_top7500_dualpanel_screen_v1_20260724/run/qc397_final50_fusion_developability_v1_20260726/final50_common4_bundle/representative_complexes/R13__NODE1GEN_177961_source_fixed_pose_mpnn_source_id_P500K__FIXED_POSE_MPNN__8431DA62B813A913__8x6b__s42.pdb	36d19b0e17477cffad8adb60479117157294d5d19e51fbf2b85b97b2fdc6e696	/data/qlyu/projects/pvrig_node1_generated100k_multimodal_top5000_4seed_docking_results_v2_20260724/compressed_queue/CANDIDATE_NODE1GEN_177961_source_fixed_pose_mpnn_source_id_P500K__FIXED_POSE_MPNN__8431DA62B813A913_8x6b_s42_34402eecd2d9.tar.gz	runs/CANDIDATE_NODE1GEN_177961_source_fixed_pose_mpnn_source_id_P500K__FIXED_POSE_MPNN__8431DA62B813A913_8x6b_s42_34402eecd2d9/haddock_run/6_seletopclusts/cluster_1_model_1.pdb.gz	-79.0273	STRICT_A	CANDIDATE_NODE1GEN_177961_source_fixed_pose_mpnn_source_id_P500K__FIXED_POSE_MPNN__8431DA62B813A913_8x6b_s42_34402eecd2d9	AT
13	NODE1GEN_177961_source_fixed_pose_mpnn_source_id_P500K__FIXED_POSE_MPNN__8431DA62B813A913	generated_top3000	fixed_pose_mpnn	9e6y	42	SUCCESS	cluster_1_model_1.pdb.gz	/data/qlyu/projects/pvrig_top7500_dualpanel_screen_v1_20260724/run/qc397_final50_fusion_developability_v1_20260726/final50_common4_bundle/representative_complexes/R13__NODE1GEN_177961_source_fixed_pose_mpnn_source_id_P500K__FIXED_POSE_MPNN__8431DA62B813A913__9e6y__s42.pdb	02cf68a1b2e70e5fed33a94b9e64b510409db8bb12d57574b00d3a39bb118ce2	/data/qlyu/projects/pvrig_node1_generated100k_multimodal_top5000_4seed_docking_results_v2_20260724/compressed_queue/CANDIDATE_NODE1GEN_177961_source_fixed_pose_mpnn_source_id_P500K__FIXED_POSE_MPNN__8431DA62B813A913_9e6y_s42_a69daea940ff.tar.gz	runs/CANDIDATE_NODE1GEN_177961_source_fixed_pose_mpnn_source_id_P500K__FIXED_POSE_MPNN__8431DA62B813A913_9e6y_s42_a69daea940ff/haddock_run/6_seletopclusts/cluster_1_model_1.pdb.gz	-82.57539999999999	STRICT_A	CANDIDATE_NODE1GEN_177961_source_fixed_pose_mpnn_source_id_P500K__FIXED_POSE_MPNN__8431DA62B813A913_9e6y_s42_a69daea940ff	AT
13	NODE1GEN_177961_source_fixed_pose_mpnn_source_id_P500K__FIXED_POSE_MPNN__8431DA62B813A913	generated_top3000	fixed_pose_mpnn	8x6b	917	SUCCESS	cluster_1_model_1.pdb.gz	/data/qlyu/projects/pvrig_top7500_dualpanel_screen_v1_20260724/run/qc397_final50_fusion_developability_v1_20260726/final50_common4_bundle/representative_complexes/R13__NODE1GEN_177961_source_fixed_pose_mpnn_source_id_P500K__FIXED_POSE_MPNN__8431DA62B813A913__8x6b__s917.pdb	4518e3a20ab09dcc0b4499b1742438c88e0c9eb61230d5b127f24bb3c28c2369	/data/qlyu/projects/pvrig_node1_generated100k_multimodal_top5000_4seed_docking_results_v2_20260724/compressed_queue/CANDIDATE_NODE1GEN_177961_source_fixed_pose_mpnn_source_id_P500K__FIXED_POSE_MPNN__8431DA62B813A913_8x6b_s917_2ccbd7cfac65.tar.gz	runs/CANDIDATE_NODE1GEN_177961_source_fixed_pose_mpnn_source_id_P500K__FIXED_POSE_MPNN__8431DA62B813A913_8x6b_s917_2ccbd7cfac65/haddock_run/6_seletopclusts/cluster_1_model_1.pdb.gz	-71.64900000000002	STRICT_A	CANDIDATE_NODE1GEN_177961_source_fixed_pose_mpnn_source_id_P500K__FIXED_POSE_MPNN__8431DA62B813A913_8x6b_s917_2ccbd7cfac65	AT
13	NODE1GEN_177961_source_fixed_pose_mpnn_source_id_P500K__FIXED_POSE_MPNN__8431DA62B813A913	generated_top3000	fixed_pose_mpnn	9e6y	917	SUCCESS	cluster_1_model_1.pdb.gz	/data/qlyu/projects/pvrig_top7500_dualpanel_screen_v1_20260724/run/qc397_final50_fusion_developability_v1_20260726/final50_common4_bundle/representative_complexes/R13__NODE1GEN_177961_source_fixed_pose_mpnn_source_id_P500K__FIXED_POSE_MPNN__8431DA62B813A913__9e6y__s917.pdb	8a60f15da99d57c1cf2ba30972961efb065014c77c64a49a5ff25abafeead36a	/data/qlyu/projects/pvrig_node1_generated100k_multimodal_top5000_4seed_docking_results_v2_20260724/compressed_queue/CANDIDATE_NODE1GEN_177961_source_fixed_pose_mpnn_source_id_P500K__FIXED_POSE_MPNN__8431DA62B813A913_9e6y_s917_d089fd67a6db.tar.gz	runs/CANDIDATE_NODE1GEN_177961_source_fixed_pose_mpnn_source_id_P500K__FIXED_POSE_MPNN__8431DA62B813A913_9e6y_s917_d089fd67a6db/haddock_run/6_seletopclusts/cluster_1_model_1.pdb.gz	-80.9031	STRICT_A	CANDIDATE_NODE1GEN_177961_source_fixed_pose_mpnn_source_id_P500K__FIXED_POSE_MPNN__8431DA62B813A913_9e6y_s917_d089fd67a6db	AT
13	NODE1GEN_177961_source_fixed_pose_mpnn_source_id_P500K__FIXED_POSE_MPNN__8431DA62B813A913	generated_top3000	fixed_pose_mpnn	8x6b	1931	SUCCESS	cluster_1_model_1.pdb.gz	/data/qlyu/projects/pvrig_top7500_dualpanel_screen_v1_20260724/run/qc397_final50_fusion_developability_v1_20260726/final50_common4_bundle/representative_complexes/R13__NODE1GEN_177961_source_fixed_pose_mpnn_source_id_P500K__FIXED_POSE_MPNN__8431DA62B813A913__8x6b__s1931.pdb	495c74fd040a18f186333d8974877413f79c5f557d0ed7bee1a9c7a59be709a3	/data/qlyu/projects/pvrig_node1_generated100k_multimodal_top5000_4seed_docking_results_v2_20260724/compressed_queue/CANDIDATE_NODE1GEN_177961_source_fixed_pose_mpnn_source_id_P500K__FIXED_POSE_MPNN__8431DA62B813A913_8x6b_s1931_45fd45018fb7.tar.gz	runs/CANDIDATE_NODE1GEN_177961_source_fixed_pose_mpnn_source_id_P500K__FIXED_POSE_MPNN__8431DA62B813A913_8x6b_s1931_45fd45018fb7/haddock_run/6_seletopclusts/cluster_1_model_1.pdb.gz	-92.4712	STRICT_A	CANDIDATE_NODE1GEN_177961_source_fixed_pose_mpnn_source_id_P500K__FIXED_POSE_MPNN__8431DA62B813A913_8x6b_s1931_45fd45018fb7	AT
13	NODE1GEN_177961_source_fixed_pose_mpnn_source_id_P500K__FIXED_POSE_MPNN__8431DA62B813A913	generated_top3000	fixed_pose_mpnn	9e6y	1931	SUCCESS	cluster_1_model_1.pdb.gz	/data/qlyu/projects/pvrig_top7500_dualpanel_screen_v1_20260724/run/qc397_final50_fusion_developability_v1_20260726/final50_common4_bundle/representative_complexes/R13__NODE1GEN_177961_source_fixed_pose_mpnn_source_id_P500K__FIXED_POSE_MPNN__8431DA62B813A913__9e6y__s1931.pdb	3ebc09f3a0723917558f07f00745c78ecf3a4aeab1b0c5e48cabfdac33cdc568	/data/qlyu/projects/pvrig_node1_generated100k_multimodal_top5000_4seed_docking_results_v2_20260724/compressed_queue/CANDIDATE_NODE1GEN_177961_source_fixed_pose_mpnn_source_id_P500K__FIXED_POSE_MPNN__8431DA62B813A913_9e6y_s1931_21dd026ea6bb.tar.gz	runs/CANDIDATE_NODE1GEN_177961_source_fixed_pose_mpnn_source_id_P500K__FIXED_POSE_MPNN__8431DA62B813A913_9e6y_s1931_21dd026ea6bb/haddock_run/6_seletopclusts/cluster_1_model_1.pdb.gz	-74.45439999999999	STRICT_A	CANDIDATE_NODE1GEN_177961_source_fixed_pose_mpnn_source_id_P500K__FIXED_POSE_MPNN__8431DA62B813A913_9e6y_s1931_21dd026ea6bb	AT
13	NODE1GEN_177961_source_fixed_pose_mpnn_source_id_P500K__FIXED_POSE_MPNN__8431DA62B813A913	generated_top3000	fixed_pose_mpnn	8x6b	3047	SUCCESS	cluster_1_model_1.pdb.gz	/data/qlyu/projects/pvrig_top7500_dualpanel_screen_v1_20260724/run/qc397_final50_fusion_developability_v1_20260726/final50_common4_bundle/representative_complexes/R13__NODE1GEN_177961_source_fixed_pose_mpnn_source_id_P500K__FIXED_POSE_MPNN__8431DA62B813A913__8x6b__s3047.pdb	952d987dd7ac9a4a365517c36be234984f409f72aabac1c737772401999d98fa	/data/qlyu/projects/pvrig_node1_generated100k_multimodal_top5000_4seed_docking_results_v2_20260724/compressed_queue/CANDIDATE_NODE1GEN_177961_source_fixed_pose_mpnn_source_id_P500K__FIXED_POSE_MPNN__8431DA62B813A913_8x6b_s3047_c9ef596c3ad7.tar.gz	runs/CANDIDATE_NODE1GEN_177961_source_fixed_pose_mpnn_source_id_P500K__FIXED_POSE_MPNN__8431DA62B813A913_8x6b_s3047_c9ef596c3ad7/haddock_run/6_seletopclusts/cluster_1_model_1.pdb.gz	-78.2516	STRICT_A	CANDIDATE_NODE1GEN_177961_source_fixed_pose_mpnn_source_id_P500K__FIXED_POSE_MPNN__8431DA62B813A913_8x6b_s3047_c9ef596c3ad7	AT
13	NODE1GEN_177961_source_fixed_pose_mpnn_source_id_P500K__FIXED_POSE_MPNN__8431DA62B813A913	generated_top3000	fixed_pose_mpnn	9e6y	3047	SUCCESS	cluster_1_model_1.pdb.gz	/data/qlyu/projects/pvrig_top7500_dualpanel_screen_v1_20260724/run/qc397_final50_fusion_developability_v1_20260726/final50_common4_bundle/representative_complexes/R13__NODE1GEN_177961_source_fixed_pose_mpnn_source_id_P500K__FIXED_POSE_MPNN__8431DA62B813A913__9e6y__s3047.pdb	a3adeea88037a2a66c70095ebfcb1e841bda7227778e1d4df917de54fe54d74a	/data/qlyu/projects/pvrig_node1_generated100k_multimodal_top5000_4seed_docking_results_v2_20260724/compressed_queue/CANDIDATE_NODE1GEN_177961_source_fixed_pose_mpnn_source_id_P500K__FIXED_POSE_MPNN__8431DA62B813A913_9e6y_s3047_73e40f927464.tar.gz	runs/CANDIDATE_NODE1GEN_177961_source_fixed_pose_mpnn_source_id_P500K__FIXED_POSE_MPNN__8431DA62B813A913_9e6y_s3047_73e40f927464/haddock_run/6_seletopclusts/cluster_1_model_1.pdb.gz	-73.51660000000001	STRICT_A	CANDIDATE_NODE1GEN_177961_source_fixed_pose_mpnn_source_id_P500K__FIXED_POSE_MPNN__8431DA62B813A913_9e6y_s3047_73e40f927464	AT
14	P1MCPUFP__CPUFP500K_0100__00188	existing_old_new7500_top200	old_top7500	8x6b	42	SUCCESS	cluster_1_model_1.pdb.gz	/data/qlyu/projects/pvrig_top7500_dualpanel_screen_v1_20260724/run/qc397_final50_fusion_developability_v1_20260726/final50_common4_bundle/representative_complexes/R14__P1MCPUFP__CPUFP500K_0100__00188__8x6b__s42.pdb	daacc97820b3461d309f04b1bd98048f699fcba3ae62d7dc837bc25b1a48f81b	/data1/qlyu/projects/pvrig_top200_common4_seed_completion106_docking_results_v1_20260725/top200_seed_completion/compressed_queue/CANDIDATE_P1MCPUFP__CPUFP500K_0100__00188_8x6b_s42_238d721845be.tar.gz	runs/CANDIDATE_P1MCPUFP__CPUFP500K_0100__00188_8x6b_s42_238d721845be/haddock_run/6_seletopclusts/cluster_1_model_1.pdb.gz	-72.6704	STRICT_A	CANDIDATE_P1MCPUFP__CPUFP500K_0100__00188_8x6b_s42_238d721845be	AT
14	P1MCPUFP__CPUFP500K_0100__00188	existing_old_new7500_top200	old_top7500	9e6y	42	SUCCESS	cluster_1_model_1.pdb.gz	/data/qlyu/projects/pvrig_top7500_dualpanel_screen_v1_20260724/run/qc397_final50_fusion_developability_v1_20260726/final50_common4_bundle/representative_complexes/R14__P1MCPUFP__CPUFP500K_0100__00188__9e6y__s42.pdb	d295e440412633d5522838ae073270ee1949f1e09fd2253b2c0c7d0b8eca41f6	/data1/qlyu/projects/pvrig_top200_common4_seed_completion106_docking_results_v1_20260725/top200_seed_completion/compressed_queue/CANDIDATE_P1MCPUFP__CPUFP500K_0100__00188_9e6y_s42_c468246bc5f7.tar.gz	runs/CANDIDATE_P1MCPUFP__CPUFP500K_0100__00188_9e6y_s42_c468246bc5f7/haddock_run/6_seletopclusts/cluster_1_model_1.pdb.gz	-75.07560000000001	STRICT_A	CANDIDATE_P1MCPUFP__CPUFP500K_0100__00188_9e6y_s42_c468246bc5f7	AT
14	P1MCPUFP__CPUFP500K_0100__00188	existing_old_new7500_top200	old_top7500	8x6b	917	SUCCESS	cluster_1_model_1.pdb.gz	/data/qlyu/projects/pvrig_top7500_dualpanel_screen_v1_20260724/run/qc397_final50_fusion_developability_v1_20260726/final50_common4_bundle/representative_complexes/R14__P1MCPUFP__CPUFP500K_0100__00188__8x6b__s917.pdb	114505d873327198c0de03aa1f97557e3d7c06ea8f6a9c9246b8f63972e89378	/data1/qlyu/projects/pvrig_priority_top7500_dualreceptor_multiseed_docking_results_v1_20260722/top7500_25k/compressed_queue/CANDIDATE_P1MCPUFP__CPUFP500K_0100__00188_8x6b_s917_5474bbadfe7f.tar.gz	runs/CANDIDATE_P1MCPUFP__CPUFP500K_0100__00188_8x6b_s917_5474bbadfe7f/haddock_run/6_seletopclusts/cluster_1_model_1.pdb.gz	-62.5652	STRICT_A	CANDIDATE_P1MCPUFP__CPUFP500K_0100__00188_8x6b_s917_5474bbadfe7f	AT
14	P1MCPUFP__CPUFP500K_0100__00188	existing_old_new7500_top200	old_top7500	9e6y	917	SUCCESS	cluster_1_model_1.pdb.gz	/data/qlyu/projects/pvrig_top7500_dualpanel_screen_v1_20260724/run/qc397_final50_fusion_developability_v1_20260726/final50_common4_bundle/representative_complexes/R14__P1MCPUFP__CPUFP500K_0100__00188__9e6y__s917.pdb	9ec7da675f923427328a3ee43cc5ec17132e605dc2d2deb4026ddde99216e6a3	/data1/qlyu/projects/pvrig_priority_top7500_dualreceptor_multiseed_docking_results_v1_20260722/top7500_25k/compressed_queue/CANDIDATE_P1MCPUFP__CPUFP500K_0100__00188_9e6y_s917_dfe478261fea.tar.gz	runs/CANDIDATE_P1MCPUFP__CPUFP500K_0100__00188_9e6y_s917_dfe478261fea/haddock_run/6_seletopclusts/cluster_1_model_1.pdb.gz	-80.6493	STRICT_A	CANDIDATE_P1MCPUFP__CPUFP500K_0100__00188_9e6y_s917_dfe478261fea	AT
14	P1MCPUFP__CPUFP500K_0100__00188	existing_old_new7500_top200	old_top7500	8x6b	1931	SUCCESS	cluster_1_model_1.pdb.gz	/data/qlyu/projects/pvrig_top7500_dualpanel_screen_v1_20260724/run/qc397_final50_fusion_developability_v1_20260726/final50_common4_bundle/representative_complexes/R14__P1MCPUFP__CPUFP500K_0100__00188__8x6b__s1931.pdb	495eaee0d64c439d029a37533544f5cb3b9d4a7d6d6e33162cd38b780c80036b	/data1/qlyu/projects/pvrig_priority_top7500_dualreceptor_multiseed_docking_results_v1_20260722/top7500_25k/compressed_queue/CANDIDATE_P1MCPUFP__CPUFP500K_0100__00188_8x6b_s1931_7be42e699cbd.tar.gz	runs/CANDIDATE_P1MCPUFP__CPUFP500K_0100__00188_8x6b_s1931_7be42e699cbd/haddock_run/6_seletopclusts/cluster_1_model_1.pdb.gz	-89.4409	STRICT_A	CANDIDATE_P1MCPUFP__CPUFP500K_0100__00188_8x6b_s1931_7be42e699cbd	AT
14	P1MCPUFP__CPUFP500K_0100__00188	existing_old_new7500_top200	old_top7500	9e6y	1931	SUCCESS	cluster_1_model_1.pdb.gz	/data/qlyu/projects/pvrig_top7500_dualpanel_screen_v1_20260724/run/qc397_final50_fusion_developability_v1_20260726/final50_common4_bundle/representative_complexes/R14__P1MCPUFP__CPUFP500K_0100__00188__9e6y__s1931.pdb	e4f839776cbc54a871b5741f94ac8944339eef37b71f5fe86e2ad228f5ff37e1	/data1/qlyu/projects/pvrig_priority_top7500_dualreceptor_multiseed_docking_results_v1_20260722/top7500_25k/compressed_queue/CANDIDATE_P1MCPUFP__CPUFP500K_0100__00188_9e6y_s1931_7689df92d3e5.tar.gz	runs/CANDIDATE_P1MCPUFP__CPUFP500K_0100__00188_9e6y_s1931_7689df92d3e5/haddock_run/6_seletopclusts/cluster_1_model_1.pdb.gz	-62.0659	STRICT_A	CANDIDATE_P1MCPUFP__CPUFP500K_0100__00188_9e6y_s1931_7689df92d3e5	AT
14	P1MCPUFP__CPUFP500K_0100__00188	existing_old_new7500_top200	old_top7500	8x6b	3047	SUCCESS	cluster_1_model_1.pdb.gz	/data/qlyu/projects/pvrig_top7500_dualpanel_screen_v1_20260724/run/qc397_final50_fusion_developability_v1_20260726/final50_common4_bundle/representative_complexes/R14__P1MCPUFP__CPUFP500K_0100__00188__8x6b__s3047.pdb	ece0044e3fad81114ef135abb292b4fe0bd4f2bce716c5d58430374f4d5c4d05	/data1/qlyu/projects/pvrig_top200_common4_seed_completion106_docking_results_v1_20260725/top200_seed_completion/compressed_queue/CANDIDATE_P1MCPUFP__CPUFP500K_0100__00188_8x6b_s3047_863a12728166.tar.gz	runs/CANDIDATE_P1MCPUFP__CPUFP500K_0100__00188_8x6b_s3047_863a12728166/haddock_run/6_seletopclusts/cluster_1_model_1.pdb.gz	-70.74864	STRICT_A	CANDIDATE_P1MCPUFP__CPUFP500K_0100__00188_8x6b_s3047_863a12728166	AT
14	P1MCPUFP__CPUFP500K_0100__00188	existing_old_new7500_top200	old_top7500	9e6y	3047	SUCCESS	cluster_1_model_1.pdb.gz	/data/qlyu/projects/pvrig_top7500_dualpanel_screen_v1_20260724/run/qc397_final50_fusion_developability_v1_20260726/final50_common4_bundle/representative_complexes/R14__P1MCPUFP__CPUFP500K_0100__00188__9e6y__s3047.pdb	53e4e25568f221216bc507f5ca91856431708f9ce1924fc38dea2148451f52a1	/data1/qlyu/projects/pvrig_top200_common4_seed_completion106_docking_results_v1_20260725/top200_seed_completion/compressed_queue/CANDIDATE_P1MCPUFP__CPUFP500K_0100__00188_9e6y_s3047_7060b1b9529f.tar.gz	runs/CANDIDATE_P1MCPUFP__CPUFP500K_0100__00188_9e6y_s3047_7060b1b9529f/haddock_run/6_seletopclusts/cluster_1_model_1.pdb.gz	-79.1643	STRICT_A	CANDIDATE_P1MCPUFP__CPUFP500K_0100__00188_9e6y_s3047_7060b1b9529f	AT
15	NODE1GEN_206644_source_fixed_pose_mpnn_source_id_P500K__FIXED_POSE_MPNN__53F648E960398F2F	generated_top3000	fixed_pose_mpnn	8x6b	42	SUCCESS	cluster_1_model_1.pdb.gz	/data/qlyu/projects/pvrig_top7500_dualpanel_screen_v1_20260724/run/qc397_final50_fusion_developability_v1_20260726/final50_common4_bundle/representative_complexes/R15__NODE1GEN_206644_source_fixed_pose_mpnn_source_id_P500K__FIXED_POSE_MPNN__53F648E960398F2F__8x6b__s42.pdb	6e731cb5148424251ef8aeedf5e88c7293f6667931926c8d0c04fd38a06b6a2c	/data/qlyu/projects/pvrig_node1_generated100k_multimodal_top5000_4seed_docking_results_v2_20260724/compressed_queue/CANDIDATE_NODE1GEN_206644_source_fixed_pose_mpnn_source_id_P500K__FIXED_POSE_MPNN__53F648E960398F2F_8x6b_s42_eb40bf288792.tar.gz	runs/CANDIDATE_NODE1GEN_206644_source_fixed_pose_mpnn_source_id_P500K__FIXED_POSE_MPNN__53F648E960398F2F_8x6b_s42_eb40bf288792/haddock_run/6_seletopclusts/cluster_1_model_1.pdb.gz	-70.2373	STRICT_A	CANDIDATE_NODE1GEN_206644_source_fixed_pose_mpnn_source_id_P500K__FIXED_POSE_MPNN__53F648E960398F2F_8x6b_s42_eb40bf288792	AT
15	NODE1GEN_206644_source_fixed_pose_mpnn_source_id_P500K__FIXED_POSE_MPNN__53F648E960398F2F	generated_top3000	fixed_pose_mpnn	9e6y	42	SUCCESS	cluster_1_model_1.pdb.gz	/data/qlyu/projects/pvrig_top7500_dualpanel_screen_v1_20260724/run/qc397_final50_fusion_developability_v1_20260726/final50_common4_bundle/representative_complexes/R15__NODE1GEN_206644_source_fixed_pose_mpnn_source_id_P500K__FIXED_POSE_MPNN__53F648E960398F2F__9e6y__s42.pdb	c76f0a968e2bc719c628c16cbdaca4ac7ce16fc5081045f4cf491379271146b3	/data/qlyu/projects/pvrig_node1_generated100k_multimodal_top5000_4seed_docking_results_v2_20260724/compressed_queue/CANDIDATE_NODE1GEN_206644_source_fixed_pose_mpnn_source_id_P500K__FIXED_POSE_MPNN__53F648E960398F2F_9e6y_s42_015d367b5175.tar.gz	runs/CANDIDATE_NODE1GEN_206644_source_fixed_pose_mpnn_source_id_P500K__FIXED_POSE_MPNN__53F648E960398F2F_9e6y_s42_015d367b5175/haddock_run/6_seletopclusts/cluster_1_model_1.pdb.gz	-89.47476999999999	STRICT_A	CANDIDATE_NODE1GEN_206644_source_fixed_pose_mpnn_source_id_P500K__FIXED_POSE_MPNN__53F648E960398F2F_9e6y_s42_015d367b5175	AT
15	NODE1GEN_206644_source_fixed_pose_mpnn_source_id_P500K__FIXED_POSE_MPNN__53F648E960398F2F	generated_top3000	fixed_pose_mpnn	8x6b	917	SUCCESS	cluster_1_model_1.pdb.gz	/data/qlyu/projects/pvrig_top7500_dualpanel_screen_v1_20260724/run/qc397_final50_fusion_developability_v1_20260726/final50_common4_bundle/representative_complexes/R15__NODE1GEN_206644_source_fixed_pose_mpnn_source_id_P500K__FIXED_POSE_MPNN__53F648E960398F2F__8x6b__s917.pdb	9e450333409a4dbc7e89fc99ac526d593156c9f3e1785c532fd0e31b9b2eff8b	/data/qlyu/projects/pvrig_node1_generated100k_multimodal_top5000_4seed_docking_results_v2_20260724/compressed_queue/CANDIDATE_NODE1GEN_206644_source_fixed_pose_mpnn_source_id_P500K__FIXED_POSE_MPNN__53F648E960398F2F_8x6b_s917_b4d53cf248ad.tar.gz	runs/CANDIDATE_NODE1GEN_206644_source_fixed_pose_mpnn_source_id_P500K__FIXED_POSE_MPNN__53F648E960398F2F_8x6b_s917_b4d53cf248ad/haddock_run/6_seletopclusts/cluster_1_model_1.pdb.gz	-63.49250000000001	STRICT_A	CANDIDATE_NODE1GEN_206644_source_fixed_pose_mpnn_source_id_P500K__FIXED_POSE_MPNN__53F648E960398F2F_8x6b_s917_b4d53cf248ad	AT
15	NODE1GEN_206644_source_fixed_pose_mpnn_source_id_P500K__FIXED_POSE_MPNN__53F648E960398F2F	generated_top3000	fixed_pose_mpnn	9e6y	917	SUCCESS	cluster_1_model_1.pdb.gz	/data/qlyu/projects/pvrig_top7500_dualpanel_screen_v1_20260724/run/qc397_final50_fusion_developability_v1_20260726/final50_common4_bundle/representative_complexes/R15__NODE1GEN_206644_source_fixed_pose_mpnn_source_id_P500K__FIXED_POSE_MPNN__53F648E960398F2F__9e6y__s917.pdb	a4892719b46a5f2f9e36fd6057935be70addac07c9ad6bfa4145cf55f2776d84	/data/qlyu/projects/pvrig_node1_generated100k_multimodal_top5000_4seed_docking_results_v2_20260724/compressed_queue/CANDIDATE_NODE1GEN_206644_source_fixed_pose_mpnn_source_id_P500K__FIXED_POSE_MPNN__53F648E960398F2F_9e6y_s917_42383a201a0f.tar.gz	runs/CANDIDATE_NODE1GEN_206644_source_fixed_pose_mpnn_source_id_P500K__FIXED_POSE_MPNN__53F648E960398F2F_9e6y_s917_42383a201a0f/haddock_run/6_seletopclusts/cluster_1_model_1.pdb.gz	-84.84485	STRICT_A	CANDIDATE_NODE1GEN_206644_source_fixed_pose_mpnn_source_id_P500K__FIXED_POSE_MPNN__53F648E960398F2F_9e6y_s917_42383a201a0f	AT
15	NODE1GEN_206644_source_fixed_pose_mpnn_source_id_P500K__FIXED_POSE_MPNN__53F648E960398F2F	generated_top3000	fixed_pose_mpnn	8x6b	1931	SUCCESS	cluster_1_model_1.pdb.gz	/data/qlyu/projects/pvrig_top7500_dualpanel_screen_v1_20260724/run/qc397_final50_fusion_developability_v1_20260726/final50_common4_bundle/representative_complexes/R15__NODE1GEN_206644_source_fixed_pose_mpnn_source_id_P500K__FIXED_POSE_MPNN__53F648E960398F2F__8x6b__s1931.pdb	2f4b1f08174904825304353c673a160b95e740aff0062115d1a78fd92214a318	/data/qlyu/projects/pvrig_node1_generated100k_multimodal_top5000_4seed_docking_results_v2_20260724/compressed_queue/CANDIDATE_NODE1GEN_206644_source_fixed_pose_mpnn_source_id_P500K__FIXED_POSE_MPNN__53F648E960398F2F_8x6b_s1931_422286686823.tar.gz	runs/CANDIDATE_NODE1GEN_206644_source_fixed_pose_mpnn_source_id_P500K__FIXED_POSE_MPNN__53F648E960398F2F_8x6b_s1931_422286686823/haddock_run/6_seletopclusts/cluster_1_model_1.pdb.gz	-56.59203000000001	STRICT_A	CANDIDATE_NODE1GEN_206644_source_fixed_pose_mpnn_source_id_P500K__FIXED_POSE_MPNN__53F648E960398F2F_8x6b_s1931_422286686823	AT
15	NODE1GEN_206644_source_fixed_pose_mpnn_source_id_P500K__FIXED_POSE_MPNN__53F648E960398F2F	generated_top3000	fixed_pose_mpnn	9e6y	1931	SUCCESS	cluster_1_model_1.pdb.gz	/data/qlyu/projects/pvrig_top7500_dualpanel_screen_v1_20260724/run/qc397_final50_fusion_developability_v1_20260726/final50_common4_bundle/representative_complexes/R15__NODE1GEN_206644_source_fixed_pose_mpnn_source_id_P500K__FIXED_POSE_MPNN__53F648E960398F2F__9e6y__s1931.pdb	7f8f0c3645d2a1339ef580ef3d33a0755ee808ff261f3d3bcaa379d6d4e27e30	/data/qlyu/projects/pvrig_node1_generated100k_multimodal_top5000_4seed_docking_results_v2_20260724/compressed_queue/CANDIDATE_NODE1GEN_206644_source_fixed_pose_mpnn_source_id_P500K__FIXED_POSE_MPNN__53F648E960398F2F_9e6y_s1931_4231dec995f5.tar.gz	runs/CANDIDATE_NODE1GEN_206644_source_fixed_pose_mpnn_source_id_P500K__FIXED_POSE_MPNN__53F648E960398F2F_9e6y_s1931_4231dec995f5/haddock_run/6_seletopclusts/cluster_1_model_1.pdb.gz	-63.25662	STRICT_A	CANDIDATE_NODE1GEN_206644_source_fixed_pose_mpnn_source_id_P500K__FIXED_POSE_MPNN__53F648E960398F2F_9e6y_s1931_4231dec995f5	AT
15	NODE1GEN_206644_source_fixed_pose_mpnn_source_id_P500K__FIXED_POSE_MPNN__53F648E960398F2F	generated_top3000	fixed_pose_mpnn	8x6b	3047	SUCCESS	cluster_1_model_1.pdb.gz	/data/qlyu/projects/pvrig_top7500_dualpanel_screen_v1_20260724/run/qc397_final50_fusion_developability_v1_20260726/final50_common4_bundle/representative_complexes/R15__NODE1GEN_206644_source_fixed_pose_mpnn_source_id_P500K__FIXED_POSE_MPNN__53F648E960398F2F__8x6b__s3047.pdb	37e1f18ea3e73ee28370cdf9d5975a62c697a575a2177ba989387dd89aadc076	/data/qlyu/projects/pvrig_node1_generated100k_multimodal_top5000_4seed_docking_results_v2_20260724/compressed_queue/CANDIDATE_NODE1GEN_206644_source_fixed_pose_mpnn_source_id_P500K__FIXED_POSE_MPNN__53F648E960398F2F_8x6b_s3047_ac7a83862c3b.tar.gz	runs/CANDIDATE_NODE1GEN_206644_source_fixed_pose_mpnn_source_id_P500K__FIXED_POSE_MPNN__53F648E960398F2F_8x6b_s3047_ac7a83862c3b/haddock_run/6_seletopclusts/cluster_1_model_1.pdb.gz	-91.0701	STRICT_A	CANDIDATE_NODE1GEN_206644_source_fixed_pose_mpnn_source_id_P500K__FIXED_POSE_MPNN__53F648E960398F2F_8x6b_s3047_ac7a83862c3b	AT
15	NODE1GEN_206644_source_fixed_pose_mpnn_source_id_P500K__FIXED_POSE_MPNN__53F648E960398F2F	generated_top3000	fixed_pose_mpnn	9e6y	3047	SUCCESS	cluster_1_model_1.pdb.gz	/data/qlyu/projects/pvrig_top7500_dualpanel_screen_v1_20260724/run/qc397_final50_fusion_developability_v1_20260726/final50_common4_bundle/representative_complexes/R15__NODE1GEN_206644_source_fixed_pose_mpnn_source_id_P500K__FIXED_POSE_MPNN__53F648E960398F2F__9e6y__s3047.pdb	27b3b2cf1317703e3f1b8f455c07c9b5a3e2ec712f45fae8be92b78c1e41f687	/data/qlyu/projects/pvrig_node1_generated100k_multimodal_top5000_4seed_docking_results_v2_20260724/compressed_queue/CANDIDATE_NODE1GEN_206644_source_fixed_pose_mpnn_source_id_P500K__FIXED_POSE_MPNN__53F648E960398F2F_9e6y_s3047_7dc4a73f7bf9.tar.gz	runs/CANDIDATE_NODE1GEN_206644_source_fixed_pose_mpnn_source_id_P500K__FIXED_POSE_MPNN__53F648E960398F2F_9e6y_s3047_7dc4a73f7bf9/haddock_run/6_seletopclusts/cluster_1_model_1.pdb.gz	-91.22180999999998	STRICT_A	CANDIDATE_NODE1GEN_206644_source_fixed_pose_mpnn_source_id_P500K__FIXED_POSE_MPNN__53F648E960398F2F_9e6y_s3047_7dc4a73f7bf9	AT
16	P1MCPUFP__CPUFP500K_0002__00919	existing_old_new7500_top200	c2_four_seed	8x6b	42	SUCCESS	cluster_1_model_1.pdb.gz	/data/qlyu/projects/pvrig_top7500_dualpanel_screen_v1_20260724/run/qc397_final50_fusion_developability_v1_20260726/final50_common4_bundle/representative_complexes/R16__P1MCPUFP__CPUFP500K_0002__00919__8x6b__s42.pdb	5da68387f55324b934cc30274484e6e0ba34f8ecedc21e2687ef1ae3b0e0eb54	/data1/qlyu/projects/pvrig_c2_new4220_seed42_3047_docking_results_v1_20260723/c2_new4220_seed42_3047/compressed_queue/CANDIDATE_P1MCPUFP__CPUFP500K_0002__00919_8x6b_s42_8f0e9b505799.tar.gz	runs/CANDIDATE_P1MCPUFP__CPUFP500K_0002__00919_8x6b_s42_8f0e9b505799/haddock_run/6_seletopclusts/cluster_1_model_1.pdb.gz	-69.82580000000002	STRICT_A	CANDIDATE_P1MCPUFP__CPUFP500K_0002__00919_8x6b_s42_8f0e9b505799	AT
16	P1MCPUFP__CPUFP500K_0002__00919	existing_old_new7500_top200	c2_four_seed	9e6y	42	SUCCESS	cluster_1_model_1.pdb.gz	/data/qlyu/projects/pvrig_top7500_dualpanel_screen_v1_20260724/run/qc397_final50_fusion_developability_v1_20260726/final50_common4_bundle/representative_complexes/R16__P1MCPUFP__CPUFP500K_0002__00919__9e6y__s42.pdb	0c205be9249e89177096f7600aa1fc000b721e90f085a238f156703fd451f478	/data1/qlyu/projects/pvrig_c2_new4220_seed42_3047_docking_results_v1_20260723/c2_new4220_seed42_3047/compressed_queue/CANDIDATE_P1MCPUFP__CPUFP500K_0002__00919_9e6y_s42_55e2dcea888c.tar.gz	runs/CANDIDATE_P1MCPUFP__CPUFP500K_0002__00919_9e6y_s42_55e2dcea888c/haddock_run/6_seletopclusts/cluster_1_model_1.pdb.gz	-92.1588	STRICT_A	CANDIDATE_P1MCPUFP__CPUFP500K_0002__00919_9e6y_s42_55e2dcea888c	AT
16	P1MCPUFP__CPUFP500K_0002__00919	existing_old_new7500_top200	c2_four_seed	8x6b	917	SUCCESS	cluster_1_model_1.pdb.gz	/data/qlyu/projects/pvrig_top7500_dualpanel_screen_v1_20260724/run/qc397_final50_fusion_developability_v1_20260726/final50_common4_bundle/representative_complexes/R16__P1MCPUFP__CPUFP500K_0002__00919__8x6b__s917.pdb	5199243acef4d683beadfb60e34bbe43a4acce614acb1190ed1edb702f4f60f8	/data1/qlyu/projects/pvrig_c2_new6220_dualreceptor_2seed_docking_results_v1_20260723/c2_new4220/compressed_queue/CANDIDATE_P1MCPUFP__CPUFP500K_0002__00919_8x6b_s917_1072ed9e7ca3.tar.gz	runs/CANDIDATE_P1MCPUFP__CPUFP500K_0002__00919_8x6b_s917_1072ed9e7ca3/haddock_run/6_seletopclusts/cluster_1_model_1.pdb.gz	-87.8222	STRICT_A	CANDIDATE_P1MCPUFP__CPUFP500K_0002__00919_8x6b_s917_1072ed9e7ca3	AT
16	P1MCPUFP__CPUFP500K_0002__00919	existing_old_new7500_top200	c2_four_seed	9e6y	917	SUCCESS	cluster_1_model_1.pdb.gz	/data/qlyu/projects/pvrig_top7500_dualpanel_screen_v1_20260724/run/qc397_final50_fusion_developability_v1_20260726/final50_common4_bundle/representative_complexes/R16__P1MCPUFP__CPUFP500K_0002__00919__9e6y__s917.pdb	5fa9c0b7c9813546e9f33d2186c7e3c307e02df43746cc75480e6acc5f5b2ce0	/data1/qlyu/projects/pvrig_c2_new6220_dualreceptor_2seed_docking_results_v1_20260723/c2_new4220/compressed_queue/CANDIDATE_P1MCPUFP__CPUFP500K_0002__00919_9e6y_s917_4f97687dbff1.tar.gz	runs/CANDIDATE_P1MCPUFP__CPUFP500K_0002__00919_9e6y_s917_4f97687dbff1/haddock_run/6_seletopclusts/cluster_1_model_1.pdb.gz	-74.6677	STRICT_A	CANDIDATE_P1MCPUFP__CPUFP500K_0002__00919_9e6y_s917_4f97687dbff1	AT
16	P1MCPUFP__CPUFP500K_0002__00919	existing_old_new7500_top200	c2_four_seed	8x6b	1931	SUCCESS	cluster_1_model_1.pdb.gz	/data/qlyu/projects/pvrig_top7500_dualpanel_screen_v1_20260724/run/qc397_final50_fusion_developability_v1_20260726/final50_common4_bundle/representative_complexes/R16__P1MCPUFP__CPUFP500K_0002__00919__8x6b__s1931.pdb	53a83fcb71053006d525c574371dc0084c0119934911f36765949d30c24eb27b	/data1/qlyu/projects/pvrig_c2_new6220_dualreceptor_2seed_docking_results_v1_20260723/c2_new4220/compressed_queue/CANDIDATE_P1MCPUFP__CPUFP500K_0002__00919_8x6b_s1931_6d616c7dd7c2.tar.gz	runs/CANDIDATE_P1MCPUFP__CPUFP500K_0002__00919_8x6b_s1931_6d616c7dd7c2/haddock_run/6_seletopclusts/cluster_1_model_1.pdb.gz	-78.73570000000001	STRICT_A	CANDIDATE_P1MCPUFP__CPUFP500K_0002__00919_8x6b_s1931_6d616c7dd7c2	AT
16	P1MCPUFP__CPUFP500K_0002__00919	existing_old_new7500_top200	c2_four_seed	9e6y	1931	SUCCESS	cluster_1_model_1.pdb.gz	/data/qlyu/projects/pvrig_top7500_dualpanel_screen_v1_20260724/run/qc397_final50_fusion_developability_v1_20260726/final50_common4_bundle/representative_complexes/R16__P1MCPUFP__CPUFP500K_0002__00919__9e6y__s1931.pdb	3bb28baa79beffd4766f2a04579bccc9f3316c3e9f4834cdde18d2ea2d688466	/data1/qlyu/projects/pvrig_c2_new6220_dualreceptor_2seed_docking_results_v1_20260723/c2_new4220/compressed_queue/CANDIDATE_P1MCPUFP__CPUFP500K_0002__00919_9e6y_s1931_7abeb3b56b2c.tar.gz	runs/CANDIDATE_P1MCPUFP__CPUFP500K_0002__00919_9e6y_s1931_7abeb3b56b2c/haddock_run/6_seletopclusts/cluster_1_model_1.pdb.gz	-81.31080000000001	STRICT_A	CANDIDATE_P1MCPUFP__CPUFP500K_0002__00919_9e6y_s1931_7abeb3b56b2c	AT
16	P1MCPUFP__CPUFP500K_0002__00919	existing_old_new7500_top200	c2_four_seed	8x6b	3047	SUCCESS	cluster_1_model_1.pdb.gz	/data/qlyu/projects/pvrig_top7500_dualpanel_screen_v1_20260724/run/qc397_final50_fusion_developability_v1_20260726/final50_common4_bundle/representative_complexes/R16__P1MCPUFP__CPUFP500K_0002__00919__8x6b__s3047.pdb	a2b82004bcf54408746b63370df8cb3ba711c1584590d69d7e147bebfbec6038	/data1/qlyu/projects/pvrig_c2_new4220_seed42_3047_docking_results_v1_20260723/c2_new4220_seed42_3047/compressed_queue/CANDIDATE_P1MCPUFP__CPUFP500K_0002__00919_8x6b_s3047_656b283c7727.tar.gz	runs/CANDIDATE_P1MCPUFP__CPUFP500K_0002__00919_8x6b_s3047_656b283c7727/haddock_run/6_seletopclusts/cluster_1_model_1.pdb.gz	-80.27439999999999	STRICT_A	CANDIDATE_P1MCPUFP__CPUFP500K_0002__00919_8x6b_s3047_656b283c7727	AT
16	P1MCPUFP__CPUFP500K_0002__00919	existing_old_new7500_top200	c2_four_seed	9e6y	3047	SUCCESS	cluster_1_model_1.pdb.gz	/data/qlyu/projects/pvrig_top7500_dualpanel_screen_v1_20260724/run/qc397_final50_fusion_developability_v1_20260726/final50_common4_bundle/representative_complexes/R16__P1MCPUFP__CPUFP500K_0002__00919__9e6y__s3047.pdb	65e23282229305e20bf5afd90b606c5dd340ef754c8ae8fadd645618558bfb64	/data1/qlyu/projects/pvrig_c2_new4220_seed42_3047_docking_results_v1_20260723/c2_new4220_seed42_3047/compressed_queue/CANDIDATE_P1MCPUFP__CPUFP500K_0002__00919_9e6y_s3047_4e7decdabccd.tar.gz	runs/CANDIDATE_P1MCPUFP__CPUFP500K_0002__00919_9e6y_s3047_4e7decdabccd/haddock_run/6_seletopclusts/cluster_1_model_1.pdb.gz	-87.45620000000001	STRICT_A	CANDIDATE_P1MCPUFP__CPUFP500K_0002__00919_9e6y_s3047_4e7decdabccd	AT
17	P1MCPUFP__CPUFP500K_0287__00804	existing_old_new7500_top200	c2_four_seed	8x6b	42	SUCCESS	cluster_1_model_1.pdb.gz	/data/qlyu/projects/pvrig_top7500_dualpanel_screen_v1_20260724/run/qc397_final50_fusion_developability_v1_20260726/final50_common4_bundle/representative_complexes/R17__P1MCPUFP__CPUFP500K_0287__00804__8x6b__s42.pdb	18bab0247407ec1eb34156c29b0fa527b6ed3d3965c97ef58c3d7b698af57c06	/data1/qlyu/projects/pvrig_c2_new4220_seed42_3047_docking_results_v1_20260723/c2_new4220_seed42_3047/compressed_queue/CANDIDATE_P1MCPUFP__CPUFP500K_0287__00804_8x6b_s42_b3b243ffdaef.tar.gz	runs/CANDIDATE_P1MCPUFP__CPUFP500K_0287__00804_8x6b_s42_b3b243ffdaef/haddock_run/6_seletopclusts/cluster_1_model_1.pdb.gz	-66.19160000000001	STRICT_A	CANDIDATE_P1MCPUFP__CPUFP500K_0287__00804_8x6b_s42_b3b243ffdaef	AT
17	P1MCPUFP__CPUFP500K_0287__00804	existing_old_new7500_top200	c2_four_seed	9e6y	42	SUCCESS	cluster_1_model_1.pdb.gz	/data/qlyu/projects/pvrig_top7500_dualpanel_screen_v1_20260724/run/qc397_final50_fusion_developability_v1_20260726/final50_common4_bundle/representative_complexes/R17__P1MCPUFP__CPUFP500K_0287__00804__9e6y__s42.pdb	6dc3a0249bd9488752fbc2f57e09991c6bea4ce9471bf952ceb7f537c4fed11c	/data1/qlyu/projects/pvrig_c2_new4220_seed42_3047_docking_results_v1_20260723/c2_new4220_seed42_3047/compressed_queue/CANDIDATE_P1MCPUFP__CPUFP500K_0287__00804_9e6y_s42_b212bc93a959.tar.gz	runs/CANDIDATE_P1MCPUFP__CPUFP500K_0287__00804_9e6y_s42_b212bc93a959/haddock_run/6_seletopclusts/cluster_1_model_1.pdb.gz	-68.65719999999999	STRICT_A	CANDIDATE_P1MCPUFP__CPUFP500K_0287__00804_9e6y_s42_b212bc93a959	AT
17	P1MCPUFP__CPUFP500K_0287__00804	existing_old_new7500_top200	c2_four_seed	8x6b	917	SUCCESS	cluster_1_model_1.pdb.gz	/data/qlyu/projects/pvrig_top7500_dualpanel_screen_v1_20260724/run/qc397_final50_fusion_developability_v1_20260726/final50_common4_bundle/representative_complexes/R17__P1MCPUFP__CPUFP500K_0287__00804__8x6b__s917.pdb	8e8b470037c4c687568c2fb17a21cde8064e3b49ba4b720ae0c3c50727166acb	/data1/qlyu/projects/pvrig_c2_new6220_dualreceptor_2seed_docking_results_v1_20260723/c2_new4220/compressed_queue/CANDIDATE_P1MCPUFP__CPUFP500K_0287__00804_8x6b_s917_cee84144f49d.tar.gz	runs/CANDIDATE_P1MCPUFP__CPUFP500K_0287__00804_8x6b_s917_cee84144f49d/haddock_run/6_seletopclusts/cluster_1_model_1.pdb.gz	-69.0014	STRICT_A	CANDIDATE_P1MCPUFP__CPUFP500K_0287__00804_8x6b_s917_cee84144f49d	AT
17	P1MCPUFP__CPUFP500K_0287__00804	existing_old_new7500_top200	c2_four_seed	9e6y	917	SUCCESS	cluster_1_model_1.pdb.gz	/data/qlyu/projects/pvrig_top7500_dualpanel_screen_v1_20260724/run/qc397_final50_fusion_developability_v1_20260726/final50_common4_bundle/representative_complexes/R17__P1MCPUFP__CPUFP500K_0287__00804__9e6y__s917.pdb	9415b2fc6548a25ac9b1d5423618fe8cbf01c8be7c17d4fa7c28300d95fbd675	/data1/qlyu/projects/pvrig_c2_new6220_dualreceptor_2seed_docking_results_v1_20260723/c2_new4220/compressed_queue/CANDIDATE_P1MCPUFP__CPUFP500K_0287__00804_9e6y_s917_d7eeacb18834.tar.gz	runs/CANDIDATE_P1MCPUFP__CPUFP500K_0287__00804_9e6y_s917_d7eeacb18834/haddock_run/6_seletopclusts/cluster_1_model_1.pdb.gz	-68.50594	STRICT_A	CANDIDATE_P1MCPUFP__CPUFP500K_0287__00804_9e6y_s917_d7eeacb18834	AT
17	P1MCPUFP__CPUFP500K_0287__00804	existing_old_new7500_top200	c2_four_seed	8x6b	1931	SUCCESS	cluster_1_model_1.pdb.gz	/data/qlyu/projects/pvrig_top7500_dualpanel_screen_v1_20260724/run/qc397_final50_fusion_developability_v1_20260726/final50_common4_bundle/representative_complexes/R17__P1MCPUFP__CPUFP500K_0287__00804__8x6b__s1931.pdb	a988b2aa29a20a4a14ceaad18e0381bbdd7248947aae25b2d64b2ec0b4216b90	/data1/qlyu/projects/pvrig_c2_new6220_dualreceptor_2seed_docking_results_v1_20260723/c2_new4220/compressed_queue/CANDIDATE_P1MCPUFP__CPUFP500K_0287__00804_8x6b_s1931_6035eb57ea25.tar.gz	runs/CANDIDATE_P1MCPUFP__CPUFP500K_0287__00804_8x6b_s1931_6035eb57ea25/haddock_run/6_seletopclusts/cluster_1_model_1.pdb.gz	-72.32749999999999	STRICT_A	CANDIDATE_P1MCPUFP__CPUFP500K_0287__00804_8x6b_s1931_6035eb57ea25	AT
17	P1MCPUFP__CPUFP500K_0287__00804	existing_old_new7500_top200	c2_four_seed	9e6y	1931	SUCCESS	cluster_1_model_1.pdb.gz	/data/qlyu/projects/pvrig_top7500_dualpanel_screen_v1_20260724/run/qc397_final50_fusion_developability_v1_20260726/final50_common4_bundle/representative_complexes/R17__P1MCPUFP__CPUFP500K_0287__00804__9e6y__s1931.pdb	a5a331aa0f426c0f544839b0f9ee42fc07e676b02d59f6f3a33e0610c6246129	/data1/qlyu/projects/pvrig_c2_new6220_dualreceptor_2seed_docking_results_v1_20260723/c2_new4220/compressed_queue/CANDIDATE_P1MCPUFP__CPUFP500K_0287__00804_9e6y_s1931_c7fe3b5c0523.tar.gz	runs/CANDIDATE_P1MCPUFP__CPUFP500K_0287__00804_9e6y_s1931_c7fe3b5c0523/haddock_run/6_seletopclusts/cluster_1_model_1.pdb.gz	-61.12636	STRICT_A	CANDIDATE_P1MCPUFP__CPUFP500K_0287__00804_9e6y_s1931_c7fe3b5c0523	AT
17	P1MCPUFP__CPUFP500K_0287__00804	existing_old_new7500_top200	c2_four_seed	8x6b	3047	SUCCESS	cluster_1_model_1.pdb.gz	/data/qlyu/projects/pvrig_top7500_dualpanel_screen_v1_20260724/run/qc397_final50_fusion_developability_v1_20260726/final50_common4_bundle/representative_complexes/R17__P1MCPUFP__CPUFP500K_0287__00804__8x6b__s3047.pdb	07bc43869b45f0c698de54414e09b01404f548be1284d66be1df7099711acbc2	/data1/qlyu/projects/pvrig_c2_new4220_seed42_3047_docking_results_v1_20260723/c2_new4220_seed42_3047/compressed_queue/CANDIDATE_P1MCPUFP__CPUFP500K_0287__00804_8x6b_s3047_5617d4cf615b.tar.gz	runs/CANDIDATE_P1MCPUFP__CPUFP500K_0287__00804_8x6b_s3047_5617d4cf615b/haddock_run/6_seletopclusts/cluster_1_model_1.pdb.gz	-57.388279999999995	STRICT_A	CANDIDATE_P1MCPUFP__CPUFP500K_0287__00804_8x6b_s3047_5617d4cf615b	AT
17	P1MCPUFP__CPUFP500K_0287__00804	existing_old_new7500_top200	c2_four_seed	9e6y	3047	SUCCESS	cluster_1_model_1.pdb.gz	/data/qlyu/projects/pvrig_top7500_dualpanel_screen_v1_20260724/run/qc397_final50_fusion_developability_v1_20260726/final50_common4_bundle/representative_complexes/R17__P1MCPUFP__CPUFP500K_0287__00804__9e6y__s3047.pdb	added644ec05d48a9ae8eee3e11ff9b0819a91deb113ffd07dc3b3b28df4f87b	/data1/qlyu/projects/pvrig_c2_new4220_seed42_3047_docking_results_v1_20260723/c2_new4220_seed42_3047/compressed_queue/CANDIDATE_P1MCPUFP__CPUFP500K_0287__00804_9e6y_s3047_56a459c045c6.tar.gz	runs/CANDIDATE_P1MCPUFP__CPUFP500K_0287__00804_9e6y_s3047_56a459c045c6/haddock_run/6_seletopclusts/cluster_1_model_1.pdb.gz	-69.30030000000001	STRICT_A	CANDIDATE_P1MCPUFP__CPUFP500K_0287__00804_9e6y_s3047_56a459c045c6	AT
18	NODE1GEN_127352_source_rfantibody_source_id_PVRIG_RFAb_v2_P6_ekg_L_bb203_mpn04_arm_P6_ekg_L_backbone_P6_ekg_L_bb203_status_NEEDS_RF2_AND_DOCKING	generated_top3000	rfantibody	8x6b	42	SUCCESS	cluster_1_model_1.pdb.gz	/data/qlyu/projects/pvrig_top7500_dualpanel_screen_v1_20260724/run/qc397_final50_fusion_developability_v1_20260726/final50_common4_bundle/representative_complexes/R18__NODE1GEN_127352__8x6b__s42.pdb	81c6e7485a412fef01816b390810d1090505edeaa0688a77fff6f9a3a101738d	/data/qlyu/projects/pvrig_node1_generated100k_multimodal_top5000_4seed_docking_results_v2_20260724/compressed_queue/CANDIDATE_NODE1GEN_127352_source_rfantibody_source_id_PVRIG_RFAb_v2_P6_ekg_L_bb203_mpn04_arm_P6_ekg_L_backbone_P6_ekg_L_bb203_status_NEEDS_RF2_AND_DOCKING_8x6b_s42_3f3d9c3441b5.tar.gz	runs/CANDIDATE_NODE1GEN_127352_source_rfantibody_source_id_PVRIG_RFAb_v2_P6_ekg_L_bb203_mpn04_arm_P6_ekg_L_backbone_P6_ekg_L_bb203_status_NEEDS_RF2_AND_DOCKING_8x6b_s42_3f3d9c3441b5/haddock_run/6_seletopclusts/cluster_1_model_1.pdb.gz	-84.511	STRICT_A	CANDIDATE_NODE1GEN_127352_source_rfantibody_source_id_PVRIG_RFAb_v2_P6_ekg_L_bb203_mpn04_arm_P6_ekg_L_backbone_P6_ekg_L_bb203_status_NEEDS_RF2_AND_DOCKING_8x6b_s42_3f3d9c3441b5	AT
18	NODE1GEN_127352_source_rfantibody_source_id_PVRIG_RFAb_v2_P6_ekg_L_bb203_mpn04_arm_P6_ekg_L_backbone_P6_ekg_L_bb203_status_NEEDS_RF2_AND_DOCKING	generated_top3000	rfantibody	9e6y	42	SUCCESS	cluster_1_model_1.pdb.gz	/data/qlyu/projects/pvrig_top7500_dualpanel_screen_v1_20260724/run/qc397_final50_fusion_developability_v1_20260726/final50_common4_bundle/representative_complexes/R18__NODE1GEN_127352__9e6y__s42.pdb	e92d123c62ffdedc3b398ac6fb1fccdc7fd615f948561c19473e6412423a8a56	/data/qlyu/projects/pvrig_node1_generated100k_multimodal_top5000_4seed_docking_results_v2_20260724/compressed_queue/CANDIDATE_NODE1GEN_127352_source_rfantibody_source_id_PVRIG_RFAb_v2_P6_ekg_L_bb203_mpn04_arm_P6_ekg_L_backbone_P6_ekg_L_bb203_status_NEEDS_RF2_AND_DOCKING_9e6y_s42_c50eadda60ba.tar.gz	runs/CANDIDATE_NODE1GEN_127352_source_rfantibody_source_id_PVRIG_RFAb_v2_P6_ekg_L_bb203_mpn04_arm_P6_ekg_L_backbone_P6_ekg_L_bb203_status_NEEDS_RF2_AND_DOCKING_9e6y_s42_c50eadda60ba/haddock_run/6_seletopclusts/cluster_1_model_1.pdb.gz	-92.6193	STRICT_A	CANDIDATE_NODE1GEN_127352_source_rfantibody_source_id_PVRIG_RFAb_v2_P6_ekg_L_bb203_mpn04_arm_P6_ekg_L_backbone_P6_ekg_L_bb203_status_NEEDS_RF2_AND_DOCKING_9e6y_s42_c50eadda60ba	AT
18	NODE1GEN_127352_source_rfantibody_source_id_PVRIG_RFAb_v2_P6_ekg_L_bb203_mpn04_arm_P6_ekg_L_backbone_P6_ekg_L_bb203_status_NEEDS_RF2_AND_DOCKING	generated_top3000	rfantibody	8x6b	917	SUCCESS	cluster_1_model_1.pdb.gz	/data/qlyu/projects/pvrig_top7500_dualpanel_screen_v1_20260724/run/qc397_final50_fusion_developability_v1_20260726/final50_common4_bundle/representative_complexes/R18__NODE1GEN_127352__8x6b__s917.pdb	4412e2f1e428c1f4a18bf700bac4c65efbbe1b78f630181cd327e86a073a595f	/data/qlyu/projects/pvrig_node1_generated100k_multimodal_top5000_4seed_docking_results_v2_20260724/compressed_queue/CANDIDATE_NODE1GEN_127352_source_rfantibody_source_id_PVRIG_RFAb_v2_P6_ekg_L_bb203_mpn04_arm_P6_ekg_L_backbone_P6_ekg_L_bb203_status_NEEDS_RF2_AND_DOCKING_8x6b_s917_1fe1d7fc46ad.tar.gz	runs/CANDIDATE_NODE1GEN_127352_source_rfantibody_source_id_PVRIG_RFAb_v2_P6_ekg_L_bb203_mpn04_arm_P6_ekg_L_backbone_P6_ekg_L_bb203_status_NEEDS_RF2_AND_DOCKING_8x6b_s917_1fe1d7fc46ad/haddock_run/6_seletopclusts/cluster_1_model_1.pdb.gz	-90.5328	STRICT_A	CANDIDATE_NODE1GEN_127352_source_rfantibody_source_id_PVRIG_RFAb_v2_P6_ekg_L_bb203_mpn04_arm_P6_ekg_L_backbone_P6_ekg_L_bb203_status_NEEDS_RF2_AND_DOCKING_8x6b_s917_1fe1d7fc46ad	AT
18	NODE1GEN_127352_source_rfantibody_source_id_PVRIG_RFAb_v2_P6_ekg_L_bb203_mpn04_arm_P6_ekg_L_backbone_P6_ekg_L_bb203_status_NEEDS_RF2_AND_DOCKING	generated_top3000	rfantibody	9e6y	917	SUCCESS	cluster_1_model_1.pdb.gz	/data/qlyu/projects/pvrig_top7500_dualpanel_screen_v1_20260724/run/qc397_final50_fusion_developability_v1_20260726/final50_common4_bundle/representative_complexes/R18__NODE1GEN_127352__9e6y__s917.pdb	c55305f24cf4d8d6f02ca005d072e90618f8116d7ffe1a86bec7b3d0a64f2c1d	/data/qlyu/projects/pvrig_node1_generated100k_multimodal_top5000_4seed_docking_results_v2_20260724/compressed_queue/CANDIDATE_NODE1GEN_127352_source_rfantibody_source_id_PVRIG_RFAb_v2_P6_ekg_L_bb203_mpn04_arm_P6_ekg_L_backbone_P6_ekg_L_bb203_status_NEEDS_RF2_AND_DOCKING_9e6y_s917_f1581531a3d8.tar.gz	runs/CANDIDATE_NODE1GEN_127352_source_rfantibody_source_id_PVRIG_RFAb_v2_P6_ekg_L_bb203_mpn04_arm_P6_ekg_L_backbone_P6_ekg_L_bb203_status_NEEDS_RF2_AND_DOCKING_9e6y_s917_f1581531a3d8/haddock_run/6_seletopclusts/cluster_1_model_1.pdb.gz	-85.2148	STRICT_A	CANDIDATE_NODE1GEN_127352_source_rfantibody_source_id_PVRIG_RFAb_v2_P6_ekg_L_bb203_mpn04_arm_P6_ekg_L_backbone_P6_ekg_L_bb203_status_NEEDS_RF2_AND_DOCKING_9e6y_s917_f1581531a3d8	AT
18	NODE1GEN_127352_source_rfantibody_source_id_PVRIG_RFAb_v2_P6_ekg_L_bb203_mpn04_arm_P6_ekg_L_backbone_P6_ekg_L_bb203_status_NEEDS_RF2_AND_DOCKING	generated_top3000	rfantibody	8x6b	1931	SUCCESS	cluster_1_model_1.pdb.gz	/data/qlyu/projects/pvrig_top7500_dualpanel_screen_v1_20260724/run/qc397_final50_fusion_developability_v1_20260726/final50_common4_bundle/representative_complexes/R18__NODE1GEN_127352__8x6b__s1931.pdb	f759abb5db3ab83a4e71aa7d4f1fdc4ebae28bd1f9c4236f6e6e036c28ed9ad2	/data/qlyu/projects/pvrig_node1_generated100k_multimodal_top5000_4seed_docking_results_v2_20260724/compressed_queue/CANDIDATE_NODE1GEN_127352_source_rfantibody_source_id_PVRIG_RFAb_v2_P6_ekg_L_bb203_mpn04_arm_P6_ekg_L_backbone_P6_ekg_L_bb203_status_NEEDS_RF2_AND_DOCKING_8x6b_s1931_82424be3a994.tar.gz	runs/CANDIDATE_NODE1GEN_127352_source_rfantibody_source_id_PVRIG_RFAb_v2_P6_ekg_L_bb203_mpn04_arm_P6_ekg_L_backbone_P6_ekg_L_bb203_status_NEEDS_RF2_AND_DOCKING_8x6b_s1931_82424be3a994/haddock_run/6_seletopclusts/cluster_1_model_1.pdb.gz	-79.31796	STRICT_A	CANDIDATE_NODE1GEN_127352_source_rfantibody_source_id_PVRIG_RFAb_v2_P6_ekg_L_bb203_mpn04_arm_P6_ekg_L_backbone_P6_ekg_L_bb203_status_NEEDS_RF2_AND_DOCKING_8x6b_s1931_82424be3a994	AT
18	NODE1GEN_127352_source_rfantibody_source_id_PVRIG_RFAb_v2_P6_ekg_L_bb203_mpn04_arm_P6_ekg_L_backbone_P6_ekg_L_bb203_status_NEEDS_RF2_AND_DOCKING	generated_top3000	rfantibody	9e6y	1931	SUCCESS	cluster_1_model_1.pdb.gz	/data/qlyu/projects/pvrig_top7500_dualpanel_screen_v1_20260724/run/qc397_final50_fusion_developability_v1_20260726/final50_common4_bundle/representative_complexes/R18__NODE1GEN_127352__9e6y__s1931.pdb	e0e50c3a9ca6b8a276f6a03c71747b961e728460439709f25e30450a89227ae7	/data/qlyu/projects/pvrig_node1_generated100k_multimodal_top5000_4seed_docking_results_v2_20260724/compressed_queue/CANDIDATE_NODE1GEN_127352_source_rfantibody_source_id_PVRIG_RFAb_v2_P6_ekg_L_bb203_mpn04_arm_P6_ekg_L_backbone_P6_ekg_L_bb203_status_NEEDS_RF2_AND_DOCKING_9e6y_s1931_a23d48ddce56.tar.gz	runs/CANDIDATE_NODE1GEN_127352_source_rfantibody_source_id_PVRIG_RFAb_v2_P6_ekg_L_bb203_mpn04_arm_P6_ekg_L_backbone_P6_ekg_L_bb203_status_NEEDS_RF2_AND_DOCKING_9e6y_s1931_a23d48ddce56/haddock_run/6_seletopclusts/cluster_1_model_1.pdb.gz	-85.1178	STRICT_A	CANDIDATE_NODE1GEN_127352_source_rfantibody_source_id_PVRIG_RFAb_v2_P6_ekg_L_bb203_mpn04_arm_P6_ekg_L_backbone_P6_ekg_L_bb203_status_NEEDS_RF2_AND_DOCKING_9e6y_s1931_a23d48ddce56	AT
18	NODE1GEN_127352_source_rfantibody_source_id_PVRIG_RFAb_v2_P6_ekg_L_bb203_mpn04_arm_P6_ekg_L_backbone_P6_ekg_L_bb203_status_NEEDS_RF2_AND_DOCKING	generated_top3000	rfantibody	8x6b	3047	SUCCESS	cluster_1_model_1.pdb.gz	/data/qlyu/projects/pvrig_top7500_dualpanel_screen_v1_20260724/run/qc397_final50_fusion_developability_v1_20260726/final50_common4_bundle/representative_complexes/R18__NODE1GEN_127352__8x6b__s3047.pdb	0eef7118f35f7024d70bdf239169c65b4575a0191e169e3923f7686094f256f8	/data/qlyu/projects/pvrig_node1_generated100k_multimodal_top5000_4seed_docking_results_v2_20260724/compressed_queue/CANDIDATE_NODE1GEN_127352_source_rfantibody_source_id_PVRIG_RFAb_v2_P6_ekg_L_bb203_mpn04_arm_P6_ekg_L_backbone_P6_ekg_L_bb203_status_NEEDS_RF2_AND_DOCKING_8x6b_s3047_5af65b33b921.tar.gz	runs/CANDIDATE_NODE1GEN_127352_source_rfantibody_source_id_PVRIG_RFAb_v2_P6_ekg_L_bb203_mpn04_arm_P6_ekg_L_backbone_P6_ekg_L_bb203_status_NEEDS_RF2_AND_DOCKING_8x6b_s3047_5af65b33b921/haddock_run/6_seletopclusts/cluster_1_model_1.pdb.gz	-91.9555	STRICT_A	CANDIDATE_NODE1GEN_127352_source_rfantibody_source_id_PVRIG_RFAb_v2_P6_ekg_L_bb203_mpn04_arm_P6_ekg_L_backbone_P6_ekg_L_bb203_status_NEEDS_RF2_AND_DOCKING_8x6b_s3047_5af65b33b921	AT
18	NODE1GEN_127352_source_rfantibody_source_id_PVRIG_RFAb_v2_P6_ekg_L_bb203_mpn04_arm_P6_ekg_L_backbone_P6_ekg_L_bb203_status_NEEDS_RF2_AND_DOCKING	generated_top3000	rfantibody	9e6y	3047	SUCCESS	cluster_1_model_1.pdb.gz	/data/qlyu/projects/pvrig_top7500_dualpanel_screen_v1_20260724/run/qc397_final50_fusion_developability_v1_20260726/final50_common4_bundle/representative_complexes/R18__NODE1GEN_127352__9e6y__s3047.pdb	e05063dd97d0057eea81651f63aef1ef7b5080d1a463e5a1e4e5e26372af6901	/data/qlyu/projects/pvrig_node1_generated100k_multimodal_top5000_4seed_docking_results_v2_20260724/compressed_queue/CANDIDATE_NODE1GEN_127352_source_rfantibody_source_id_PVRIG_RFAb_v2_P6_ekg_L_bb203_mpn04_arm_P6_ekg_L_backbone_P6_ekg_L_bb203_status_NEEDS_RF2_AND_DOCKING_9e6y_s3047_6ea691d240ca.tar.gz	runs/CANDIDATE_NODE1GEN_127352_source_rfantibody_source_id_PVRIG_RFAb_v2_P6_ekg_L_bb203_mpn04_arm_P6_ekg_L_backbone_P6_ekg_L_bb203_status_NEEDS_RF2_AND_DOCKING_9e6y_s3047_6ea691d240ca/haddock_run/6_seletopclusts/cluster_1_model_1.pdb.gz	-72.97756000000001	STRICT_A	CANDIDATE_NODE1GEN_127352_source_rfantibody_source_id_PVRIG_RFAb_v2_P6_ekg_L_bb203_mpn04_arm_P6_ekg_L_backbone_P6_ekg_L_bb203_status_NEEDS_RF2_AND_DOCKING_9e6y_s3047_6ea691d240ca	AT
19	P1MCPUFP__CPUFP500K_0089__00735	existing_old_new7500_top200	c2_four_seed	8x6b	42	SUCCESS	cluster_1_model_1.pdb.gz	/data/qlyu/projects/pvrig_top7500_dualpanel_screen_v1_20260724/run/qc397_final50_fusion_developability_v1_20260726/final50_common4_bundle/representative_complexes/R19__P1MCPUFP__CPUFP500K_0089__00735__8x6b__s42.pdb	d46fa951a80bc3eb8096dfd11f15dc0f7f443e994c84cefe217070f2bf10126d	/data1/qlyu/projects/pvrig_c2_new4220_seed42_3047_docking_results_v1_20260723/c2_new4220_seed42_3047/compressed_queue/CANDIDATE_P1MCPUFP__CPUFP500K_0089__00735_8x6b_s42_b9a6e9cf22eb.tar.gz	runs/CANDIDATE_P1MCPUFP__CPUFP500K_0089__00735_8x6b_s42_b9a6e9cf22eb/haddock_run/6_seletopclusts/cluster_1_model_1.pdb.gz	-76.34509999999999	STRICT_A	CANDIDATE_P1MCPUFP__CPUFP500K_0089__00735_8x6b_s42_b9a6e9cf22eb	AT
19	P1MCPUFP__CPUFP500K_0089__00735	existing_old_new7500_top200	c2_four_seed	9e6y	42	SUCCESS	cluster_1_model_1.pdb.gz	/data/qlyu/projects/pvrig_top7500_dualpanel_screen_v1_20260724/run/qc397_final50_fusion_developability_v1_20260726/final50_common4_bundle/representative_complexes/R19__P1MCPUFP__CPUFP500K_0089__00735__9e6y__s42.pdb	d08d8e74de8bb58d7dade7219ad2aa5f08edaa8889f5f72897f6c7dde982bca8	/data1/qlyu/projects/pvrig_c2_new4220_seed42_3047_docking_results_v1_20260723/c2_new4220_seed42_3047/compressed_queue/CANDIDATE_P1MCPUFP__CPUFP500K_0089__00735_9e6y_s42_55e2fec42ecb.tar.gz	runs/CANDIDATE_P1MCPUFP__CPUFP500K_0089__00735_9e6y_s42_55e2fec42ecb/haddock_run/6_seletopclusts/cluster_1_model_1.pdb.gz	-99.3605	STRICT_A	CANDIDATE_P1MCPUFP__CPUFP500K_0089__00735_9e6y_s42_55e2fec42ecb	AT
19	P1MCPUFP__CPUFP500K_0089__00735	existing_old_new7500_top200	c2_four_seed	8x6b	917	SUCCESS	cluster_1_model_1.pdb.gz	/data/qlyu/projects/pvrig_top7500_dualpanel_screen_v1_20260724/run/qc397_final50_fusion_developability_v1_20260726/final50_common4_bundle/representative_complexes/R19__P1MCPUFP__CPUFP500K_0089__00735__8x6b__s917.pdb	b963172e3fb05837f261bc2dfc7a7c5d3ab36fa948304c1b495ee8000324778e	/data1/qlyu/projects/pvrig_c2_new6220_dualreceptor_2seed_docking_results_v1_20260723/c2_new4220/compressed_queue/CANDIDATE_P1MCPUFP__CPUFP500K_0089__00735_8x6b_s917_abb2d6b07ca4.tar.gz	runs/CANDIDATE_P1MCPUFP__CPUFP500K_0089__00735_8x6b_s917_abb2d6b07ca4/haddock_run/6_seletopclusts/cluster_1_model_1.pdb.gz	-81.1698	STRICT_A	CANDIDATE_P1MCPUFP__CPUFP500K_0089__00735_8x6b_s917_abb2d6b07ca4	AT
19	P1MCPUFP__CPUFP500K_0089__00735	existing_old_new7500_top200	c2_four_seed	9e6y	917	SUCCESS	cluster_1_model_1.pdb.gz	/data/qlyu/projects/pvrig_top7500_dualpanel_screen_v1_20260724/run/qc397_final50_fusion_developability_v1_20260726/final50_common4_bundle/representative_complexes/R19__P1MCPUFP__CPUFP500K_0089__00735__9e6y__s917.pdb	992c15c0a8177b0d06f34e63278a6fdb84a00bfbb0cf7250cc08dac843b9895a	/data1/qlyu/projects/pvrig_c2_new6220_dualreceptor_2seed_docking_results_v1_20260723/c2_new4220/compressed_queue/CANDIDATE_P1MCPUFP__CPUFP500K_0089__00735_9e6y_s917_e7e6a1d177a6.tar.gz	runs/CANDIDATE_P1MCPUFP__CPUFP500K_0089__00735_9e6y_s917_e7e6a1d177a6/haddock_run/6_seletopclusts/cluster_1_model_1.pdb.gz	-75.79279999999999	STRICT_A	CANDIDATE_P1MCPUFP__CPUFP500K_0089__00735_9e6y_s917_e7e6a1d177a6	AT
19	P1MCPUFP__CPUFP500K_0089__00735	existing_old_new7500_top200	c2_four_seed	8x6b	1931	SUCCESS	cluster_1_model_1.pdb.gz	/data/qlyu/projects/pvrig_top7500_dualpanel_screen_v1_20260724/run/qc397_final50_fusion_developability_v1_20260726/final50_common4_bundle/representative_complexes/R19__P1MCPUFP__CPUFP500K_0089__00735__8x6b__s1931.pdb	6941d02fe0fa34b878ff4c68eabcd9ea092154c7013ed47a30c61a2db83e695b	/data1/qlyu/projects/pvrig_c2_new6220_dualreceptor_2seed_docking_results_v1_20260723/c2_new4220/compressed_queue/CANDIDATE_P1MCPUFP__CPUFP500K_0089__00735_8x6b_s1931_d7bf18ea1c2f.tar.gz	runs/CANDIDATE_P1MCPUFP__CPUFP500K_0089__00735_8x6b_s1931_d7bf18ea1c2f/haddock_run/6_seletopclusts/cluster_1_model_1.pdb.gz	-83.0068	STRICT_A	CANDIDATE_P1MCPUFP__CPUFP500K_0089__00735_8x6b_s1931_d7bf18ea1c2f	AT
19	P1MCPUFP__CPUFP500K_0089__00735	existing_old_new7500_top200	c2_four_seed	9e6y	1931	SUCCESS	cluster_1_model_1.pdb.gz	/data/qlyu/projects/pvrig_top7500_dualpanel_screen_v1_20260724/run/qc397_final50_fusion_developability_v1_20260726/final50_common4_bundle/representative_complexes/R19__P1MCPUFP__CPUFP500K_0089__00735__9e6y__s1931.pdb	d04c3fdea8171d2f63366643b2d04ce551f7e18312c1b01c9aa8a078112c9ab5	/data1/qlyu/projects/pvrig_c2_new6220_dualreceptor_2seed_docking_results_v1_20260723/c2_new4220/compressed_queue/CANDIDATE_P1MCPUFP__CPUFP500K_0089__00735_9e6y_s1931_ea8156d7d976.tar.gz	runs/CANDIDATE_P1MCPUFP__CPUFP500K_0089__00735_9e6y_s1931_ea8156d7d976/haddock_run/6_seletopclusts/cluster_1_model_1.pdb.gz	-78.44260000000001	STRICT_A	CANDIDATE_P1MCPUFP__CPUFP500K_0089__00735_9e6y_s1931_ea8156d7d976	AT
19	P1MCPUFP__CPUFP500K_0089__00735	existing_old_new7500_top200	c2_four_seed	8x6b	3047	SUCCESS	cluster_1_model_1.pdb.gz	/data/qlyu/projects/pvrig_top7500_dualpanel_screen_v1_20260724/run/qc397_final50_fusion_developability_v1_20260726/final50_common4_bundle/representative_complexes/R19__P1MCPUFP__CPUFP500K_0089__00735__8x6b__s3047.pdb	2d2bb19034e59be6eb2872ace41e8c587e171dff58b9c3efb7f7ec9d0154f407	/data1/qlyu/projects/pvrig_c2_new4220_seed42_3047_docking_results_v1_20260723/c2_new4220_seed42_3047/compressed_queue/CANDIDATE_P1MCPUFP__CPUFP500K_0089__00735_8x6b_s3047_bfd33960c7ac.tar.gz	runs/CANDIDATE_P1MCPUFP__CPUFP500K_0089__00735_8x6b_s3047_bfd33960c7ac/haddock_run/6_seletopclusts/cluster_1_model_1.pdb.gz	-95.08170000000001	STRICT_A	CANDIDATE_P1MCPUFP__CPUFP500K_0089__00735_8x6b_s3047_bfd33960c7ac	AT
19	P1MCPUFP__CPUFP500K_0089__00735	existing_old_new7500_top200	c2_four_seed	9e6y	3047	SUCCESS	cluster_1_model_1.pdb.gz	/data/qlyu/projects/pvrig_top7500_dualpanel_screen_v1_20260724/run/qc397_final50_fusion_developability_v1_20260726/final50_common4_bundle/representative_complexes/R19__P1MCPUFP__CPUFP500K_0089__00735__9e6y__s3047.pdb	7b4b990fed3e1e0f12dd2234273e5e67ea98103091396b120cec927e441a0d82	/data1/qlyu/projects/pvrig_c2_new4220_seed42_3047_docking_results_v1_20260723/c2_new4220_seed42_3047/compressed_queue/CANDIDATE_P1MCPUFP__CPUFP500K_0089__00735_9e6y_s3047_8f873bd355dd.tar.gz	runs/CANDIDATE_P1MCPUFP__CPUFP500K_0089__00735_9e6y_s3047_8f873bd355dd/haddock_run/6_seletopclusts/cluster_1_model_1.pdb.gz	-88.4116	STRICT_A	CANDIDATE_P1MCPUFP__CPUFP500K_0089__00735_9e6y_s3047_8f873bd355dd	AT
20	NODE1GEN_258472_source_fixed_pose_mpnn_source_id_P500K__FIXED_POSE_MPNN__2E2B33208D567583	generated_top3000	fixed_pose_mpnn	8x6b	42	SUCCESS	cluster_1_model_1.pdb.gz	/data/qlyu/projects/pvrig_top7500_dualpanel_screen_v1_20260724/run/qc397_final50_fusion_developability_v1_20260726/final50_common4_bundle/representative_complexes/R20__NODE1GEN_258472_source_fixed_pose_mpnn_source_id_P500K__FIXED_POSE_MPNN__2E2B33208D567583__8x6b__s42.pdb	0895d939c3a88e9d8e9444cc78f83a726f9126d149cc651caf64526143eb599b	/data/qlyu/projects/pvrig_node1_generated100k_multimodal_top5000_4seed_docking_results_v2_20260724/compressed_queue/CANDIDATE_NODE1GEN_258472_source_fixed_pose_mpnn_source_id_P500K__FIXED_POSE_MPNN__2E2B33208D567583_8x6b_s42_5a1b2aa30a1d.tar.gz	runs/CANDIDATE_NODE1GEN_258472_source_fixed_pose_mpnn_source_id_P500K__FIXED_POSE_MPNN__2E2B33208D567583_8x6b_s42_5a1b2aa30a1d/haddock_run/6_seletopclusts/cluster_1_model_1.pdb.gz	-76.38409999999999	STRICT_A	CANDIDATE_NODE1GEN_258472_source_fixed_pose_mpnn_source_id_P500K__FIXED_POSE_MPNN__2E2B33208D567583_8x6b_s42_5a1b2aa30a1d	AT
20	NODE1GEN_258472_source_fixed_pose_mpnn_source_id_P500K__FIXED_POSE_MPNN__2E2B33208D567583	generated_top3000	fixed_pose_mpnn	9e6y	42	SUCCESS	cluster_1_model_1.pdb.gz	/data/qlyu/projects/pvrig_top7500_dualpanel_screen_v1_20260724/run/qc397_final50_fusion_developability_v1_20260726/final50_common4_bundle/representative_complexes/R20__NODE1GEN_258472_source_fixed_pose_mpnn_source_id_P500K__FIXED_POSE_MPNN__2E2B33208D567583__9e6y__s42.pdb	49401793a6aed8853ebb4c9879029283ed453b2fa5b90058d2977981b8a533f7	/data/qlyu/projects/pvrig_node1_generated100k_multimodal_top5000_4seed_docking_results_v2_20260724/compressed_queue/CANDIDATE_NODE1GEN_258472_source_fixed_pose_mpnn_source_id_P500K__FIXED_POSE_MPNN__2E2B33208D567583_9e6y_s42_1d603753fe9a.tar.gz	runs/CANDIDATE_NODE1GEN_258472_source_fixed_pose_mpnn_source_id_P500K__FIXED_POSE_MPNN__2E2B33208D567583_9e6y_s42_1d603753fe9a/haddock_run/6_seletopclusts/cluster_1_model_1.pdb.gz	-75.76109999999998	STRICT_A	CANDIDATE_NODE1GEN_258472_source_fixed_pose_mpnn_source_id_P500K__FIXED_POSE_MPNN__2E2B33208D567583_9e6y_s42_1d603753fe9a	AT
20	NODE1GEN_258472_source_fixed_pose_mpnn_source_id_P500K__FIXED_POSE_MPNN__2E2B33208D567583	generated_top3000	fixed_pose_mpnn	8x6b	917	SUCCESS	cluster_1_model_1.pdb.gz	/data/qlyu/projects/pvrig_top7500_dualpanel_screen_v1_20260724/run/qc397_final50_fusion_developability_v1_20260726/final50_common4_bundle/representative_complexes/R20__NODE1GEN_258472_source_fixed_pose_mpnn_source_id_P500K__FIXED_POSE_MPNN__2E2B33208D567583__8x6b__s917.pdb	1df8b35dabed290a9b06b821edc4b24e55ae6fe0491d8356ce55c59e266fc3ec	/data/qlyu/projects/pvrig_node1_generated100k_multimodal_top5000_4seed_docking_results_v2_20260724/compressed_queue/CANDIDATE_NODE1GEN_258472_source_fixed_pose_mpnn_source_id_P500K__FIXED_POSE_MPNN__2E2B33208D567583_8x6b_s917_267634b47c74.tar.gz	runs/CANDIDATE_NODE1GEN_258472_source_fixed_pose_mpnn_source_id_P500K__FIXED_POSE_MPNN__2E2B33208D567583_8x6b_s917_267634b47c74/haddock_run/6_seletopclusts/cluster_1_model_1.pdb.gz	-74.0984	STRICT_A	CANDIDATE_NODE1GEN_258472_source_fixed_pose_mpnn_source_id_P500K__FIXED_POSE_MPNN__2E2B33208D567583_8x6b_s917_267634b47c74	AT
20	NODE1GEN_258472_source_fixed_pose_mpnn_source_id_P500K__FIXED_POSE_MPNN__2E2B33208D567583	generated_top3000	fixed_pose_mpnn	9e6y	917	SUCCESS	cluster_1_model_1.pdb.gz	/data/qlyu/projects/pvrig_top7500_dualpanel_screen_v1_20260724/run/qc397_final50_fusion_developability_v1_20260726/final50_common4_bundle/representative_complexes/R20__NODE1GEN_258472_source_fixed_pose_mpnn_source_id_P500K__FIXED_POSE_MPNN__2E2B33208D567583__9e6y__s917.pdb	a28829e162b32cd2ff02df8f4f85a26a18ebaa7d8058288f35dae9118225aef9	/data/qlyu/projects/pvrig_node1_generated100k_multimodal_top5000_4seed_docking_results_v2_20260724/compressed_queue/CANDIDATE_NODE1GEN_258472_source_fixed_pose_mpnn_source_id_P500K__FIXED_POSE_MPNN__2E2B33208D567583_9e6y_s917_d6bab930f073.tar.gz	runs/CANDIDATE_NODE1GEN_258472_source_fixed_pose_mpnn_source_id_P500K__FIXED_POSE_MPNN__2E2B33208D567583_9e6y_s917_d6bab930f073/haddock_run/6_seletopclusts/cluster_1_model_1.pdb.gz	-83.99167999999999	STRICT_A	CANDIDATE_NODE1GEN_258472_source_fixed_pose_mpnn_source_id_P500K__FIXED_POSE_MPNN__2E2B33208D567583_9e6y_s917_d6bab930f073	AT
20	NODE1GEN_258472_source_fixed_pose_mpnn_source_id_P500K__FIXED_POSE_MPNN__2E2B33208D567583	generated_top3000	fixed_pose_mpnn	8x6b	1931	SUCCESS	cluster_1_model_1.pdb.gz	/data/qlyu/projects/pvrig_top7500_dualpanel_screen_v1_20260724/run/qc397_final50_fusion_developability_v1_20260726/final50_common4_bundle/representative_complexes/R20__NODE1GEN_258472_source_fixed_pose_mpnn_source_id_P500K__FIXED_POSE_MPNN__2E2B33208D567583__8x6b__s1931.pdb	7215187b3e9fd8a49bb388bb3a31a0bd7c8e043ce8d1107678ecd9a469c26667	/data/qlyu/projects/pvrig_node1_generated100k_multimodal_top5000_4seed_docking_results_v2_20260724/compressed_queue/CANDIDATE_NODE1GEN_258472_source_fixed_pose_mpnn_source_id_P500K__FIXED_POSE_MPNN__2E2B33208D567583_8x6b_s1931_283b5cdb83bb.tar.gz	runs/CANDIDATE_NODE1GEN_258472_source_fixed_pose_mpnn_source_id_P500K__FIXED_POSE_MPNN__2E2B33208D567583_8x6b_s1931_283b5cdb83bb/haddock_run/6_seletopclusts/cluster_1_model_1.pdb.gz	-76.4514	STRICT_A	CANDIDATE_NODE1GEN_258472_source_fixed_pose_mpnn_source_id_P500K__FIXED_POSE_MPNN__2E2B33208D567583_8x6b_s1931_283b5cdb83bb	AT
20	NODE1GEN_258472_source_fixed_pose_mpnn_source_id_P500K__FIXED_POSE_MPNN__2E2B33208D567583	generated_top3000	fixed_pose_mpnn	9e6y	1931	SUCCESS	cluster_1_model_1.pdb.gz	/data/qlyu/projects/pvrig_top7500_dualpanel_screen_v1_20260724/run/qc397_final50_fusion_developability_v1_20260726/final50_common4_bundle/representative_complexes/R20__NODE1GEN_258472_source_fixed_pose_mpnn_source_id_P500K__FIXED_POSE_MPNN__2E2B33208D567583__9e6y__s1931.pdb	1672ded8fbd4adef78f339167cb6e64c3c78199441f49aadc860f66c377ce064	/data/qlyu/projects/pvrig_node1_generated100k_multimodal_top5000_4seed_docking_results_v2_20260724/compressed_queue/CANDIDATE_NODE1GEN_258472_source_fixed_pose_mpnn_source_id_P500K__FIXED_POSE_MPNN__2E2B33208D567583_9e6y_s1931_79d6d17fd789.tar.gz	runs/CANDIDATE_NODE1GEN_258472_source_fixed_pose_mpnn_source_id_P500K__FIXED_POSE_MPNN__2E2B33208D567583_9e6y_s1931_79d6d17fd789/haddock_run/6_seletopclusts/cluster_1_model_1.pdb.gz	-73.9538	STRICT_A	CANDIDATE_NODE1GEN_258472_source_fixed_pose_mpnn_source_id_P500K__FIXED_POSE_MPNN__2E2B33208D567583_9e6y_s1931_79d6d17fd789	AT
20	NODE1GEN_258472_source_fixed_pose_mpnn_source_id_P500K__FIXED_POSE_MPNN__2E2B33208D567583	generated_top3000	fixed_pose_mpnn	8x6b	3047	SUCCESS	cluster_1_model_1.pdb.gz	/data/qlyu/projects/pvrig_top7500_dualpanel_screen_v1_20260724/run/qc397_final50_fusion_developability_v1_20260726/final50_common4_bundle/representative_complexes/R20__NODE1GEN_258472_source_fixed_pose_mpnn_source_id_P500K__FIXED_POSE_MPNN__2E2B33208D567583__8x6b__s3047.pdb	c415f98deb89aba91678ace6ffab1e39dde9426eb406ac87bcf3610975cab7f4	/data/qlyu/projects/pvrig_node1_generated100k_multimodal_top5000_4seed_docking_results_v2_20260724/compressed_queue/CANDIDATE_NODE1GEN_258472_source_fixed_pose_mpnn_source_id_P500K__FIXED_POSE_MPNN__2E2B33208D567583_8x6b_s3047_53ca6ecf7fb3.tar.gz	runs/CANDIDATE_NODE1GEN_258472_source_fixed_pose_mpnn_source_id_P500K__FIXED_POSE_MPNN__2E2B33208D567583_8x6b_s3047_53ca6ecf7fb3/haddock_run/6_seletopclusts/cluster_1_model_1.pdb.gz	-72.45570000000001	STRICT_A	CANDIDATE_NODE1GEN_258472_source_fixed_pose_mpnn_source_id_P500K__FIXED_POSE_MPNN__2E2B33208D567583_8x6b_s3047_53ca6ecf7fb3	AT
20	NODE1GEN_258472_source_fixed_pose_mpnn_source_id_P500K__FIXED_POSE_MPNN__2E2B33208D567583	generated_top3000	fixed_pose_mpnn	9e6y	3047	SUCCESS	cluster_1_model_1.pdb.gz	/data/qlyu/projects/pvrig_top7500_dualpanel_screen_v1_20260724/run/qc397_final50_fusion_developability_v1_20260726/final50_common4_bundle/representative_complexes/R20__NODE1GEN_258472_source_fixed_pose_mpnn_source_id_P500K__FIXED_POSE_MPNN__2E2B33208D567583__9e6y__s3047.pdb	198c793de13b4225f1c799af0fd10b9f94c18c154094abcf0d5bc53d107ebf8d	/data/qlyu/projects/pvrig_node1_generated100k_multimodal_top5000_4seed_docking_results_v2_20260724/compressed_queue/CANDIDATE_NODE1GEN_258472_source_fixed_pose_mpnn_source_id_P500K__FIXED_POSE_MPNN__2E2B33208D567583_9e6y_s3047_72821e1048e6.tar.gz	runs/CANDIDATE_NODE1GEN_258472_source_fixed_pose_mpnn_source_id_P500K__FIXED_POSE_MPNN__2E2B33208D567583_9e6y_s3047_72821e1048e6/haddock_run/6_seletopclusts/cluster_1_model_1.pdb.gz	-70.2583	STRICT_A	CANDIDATE_NODE1GEN_258472_source_fixed_pose_mpnn_source_id_P500K__FIXED_POSE_MPNN__2E2B33208D567583_9e6y_s3047_72821e1048e6	AT
21	P1MCPUFP__CPUFP500K_0299__00780	existing_old_new7500_top200	c2_four_seed	8x6b	42	SUCCESS	cluster_1_model_1.pdb.gz	/data/qlyu/projects/pvrig_top7500_dualpanel_screen_v1_20260724/run/qc397_final50_fusion_developability_v1_20260726/final50_common4_bundle/representative_complexes/R21__P1MCPUFP__CPUFP500K_0299__00780__8x6b__s42.pdb	ccc844e6b3cf7a0a2e85dc72ba244a98167bffb43b77a83235655b1f139aba90	/data1/qlyu/projects/pvrig_c2_new4220_seed42_3047_docking_results_v1_20260723/c2_new4220_seed42_3047/compressed_queue/CANDIDATE_P1MCPUFP__CPUFP500K_0299__00780_8x6b_s42_77b736574c42.tar.gz	runs/CANDIDATE_P1MCPUFP__CPUFP500K_0299__00780_8x6b_s42_77b736574c42/haddock_run/6_seletopclusts/cluster_1_model_1.pdb.gz	-79.7272	STRICT_A	CANDIDATE_P1MCPUFP__CPUFP500K_0299__00780_8x6b_s42_77b736574c42	AT
21	P1MCPUFP__CPUFP500K_0299__00780	existing_old_new7500_top200	c2_four_seed	9e6y	42	SUCCESS	cluster_1_model_1.pdb.gz	/data/qlyu/projects/pvrig_top7500_dualpanel_screen_v1_20260724/run/qc397_final50_fusion_developability_v1_20260726/final50_common4_bundle/representative_complexes/R21__P1MCPUFP__CPUFP500K_0299__00780__9e6y__s42.pdb	b0750dadf5e7a33dffa550ad8d05f29685ad9b3b3705b2c03fae6f4b9f6b319a	/data1/qlyu/projects/pvrig_c2_new4220_seed42_3047_docking_results_v1_20260723/c2_new4220_seed42_3047/compressed_queue/CANDIDATE_P1MCPUFP__CPUFP500K_0299__00780_9e6y_s42_e6024d808fa6.tar.gz	runs/CANDIDATE_P1MCPUFP__CPUFP500K_0299__00780_9e6y_s42_e6024d808fa6/haddock_run/6_seletopclusts/cluster_1_model_1.pdb.gz	-68.59496	STRICT_A	CANDIDATE_P1MCPUFP__CPUFP500K_0299__00780_9e6y_s42_e6024d808fa6	AT
21	P1MCPUFP__CPUFP500K_0299__00780	existing_old_new7500_top200	c2_four_seed	8x6b	917	SUCCESS	cluster_1_model_1.pdb.gz	/data/qlyu/projects/pvrig_top7500_dualpanel_screen_v1_20260724/run/qc397_final50_fusion_developability_v1_20260726/final50_common4_bundle/representative_complexes/R21__P1MCPUFP__CPUFP500K_0299__00780__8x6b__s917.pdb	50633bdc4353c852f885a343a67675cf483351f0da466e554f2900e5b56608a7	/data1/qlyu/projects/pvrig_c2_new6220_dualreceptor_2seed_docking_results_v1_20260723/c2_new4220/compressed_queue/CANDIDATE_P1MCPUFP__CPUFP500K_0299__00780_8x6b_s917_6dc4c3acb569.tar.gz	runs/CANDIDATE_P1MCPUFP__CPUFP500K_0299__00780_8x6b_s917_6dc4c3acb569/haddock_run/6_seletopclusts/cluster_1_model_1.pdb.gz	-82.80940000000001	STRICT_A	CANDIDATE_P1MCPUFP__CPUFP500K_0299__00780_8x6b_s917_6dc4c3acb569	AT
21	P1MCPUFP__CPUFP500K_0299__00780	existing_old_new7500_top200	c2_four_seed	9e6y	917	SUCCESS	cluster_1_model_1.pdb.gz	/data/qlyu/projects/pvrig_top7500_dualpanel_screen_v1_20260724/run/qc397_final50_fusion_developability_v1_20260726/final50_common4_bundle/representative_complexes/R21__P1MCPUFP__CPUFP500K_0299__00780__9e6y__s917.pdb	fe37fa247f58a006304e82e2704dcdfad27a5f63464a7362f9e1e69e29778010	/data1/qlyu/projects/pvrig_c2_new6220_dualreceptor_2seed_docking_results_v1_20260723/c2_new4220/compressed_queue/CANDIDATE_P1MCPUFP__CPUFP500K_0299__00780_9e6y_s917_3c1546e10f84.tar.gz	runs/CANDIDATE_P1MCPUFP__CPUFP500K_0299__00780_9e6y_s917_3c1546e10f84/haddock_run/6_seletopclusts/cluster_1_model_1.pdb.gz	-84.0875	STRICT_A	CANDIDATE_P1MCPUFP__CPUFP500K_0299__00780_9e6y_s917_3c1546e10f84	AT
21	P1MCPUFP__CPUFP500K_0299__00780	existing_old_new7500_top200	c2_four_seed	8x6b	1931	SUCCESS	cluster_1_model_1.pdb.gz	/data/qlyu/projects/pvrig_top7500_dualpanel_screen_v1_20260724/run/qc397_final50_fusion_developability_v1_20260726/final50_common4_bundle/representative_complexes/R21__P1MCPUFP__CPUFP500K_0299__00780__8x6b__s1931.pdb	57723f26a937fc51a84ce0da8fa01e8b0d36e4e83dc5f164855bfb1d99b472b4	/data1/qlyu/projects/pvrig_c2_new6220_dualreceptor_2seed_docking_results_v1_20260723/c2_new4220/compressed_queue/CANDIDATE_P1MCPUFP__CPUFP500K_0299__00780_8x6b_s1931_316723537ac7.tar.gz	runs/CANDIDATE_P1MCPUFP__CPUFP500K_0299__00780_8x6b_s1931_316723537ac7/haddock_run/6_seletopclusts/cluster_1_model_1.pdb.gz	-78.24759999999999	STRICT_A	CANDIDATE_P1MCPUFP__CPUFP500K_0299__00780_8x6b_s1931_316723537ac7	AT
21	P1MCPUFP__CPUFP500K_0299__00780	existing_old_new7500_top200	c2_four_seed	9e6y	1931	SUCCESS	cluster_1_model_1.pdb.gz	/data/qlyu/projects/pvrig_top7500_dualpanel_screen_v1_20260724/run/qc397_final50_fusion_developability_v1_20260726/final50_common4_bundle/representative_complexes/R21__P1MCPUFP__CPUFP500K_0299__00780__9e6y__s1931.pdb	2ac3aeeb7cfb953c79a80188fdde654290dea50a2dc007d2a56cf7af6249b68d	/data1/qlyu/projects/pvrig_c2_new6220_dualreceptor_2seed_docking_results_v1_20260723/c2_new4220/compressed_queue/CANDIDATE_P1MCPUFP__CPUFP500K_0299__00780_9e6y_s1931_fd65b6791731.tar.gz	runs/CANDIDATE_P1MCPUFP__CPUFP500K_0299__00780_9e6y_s1931_fd65b6791731/haddock_run/6_seletopclusts/cluster_1_model_1.pdb.gz	-83.631	STRICT_A	CANDIDATE_P1MCPUFP__CPUFP500K_0299__00780_9e6y_s1931_fd65b6791731	AT
21	P1MCPUFP__CPUFP500K_0299__00780	existing_old_new7500_top200	c2_four_seed	8x6b	3047	SUCCESS	cluster_1_model_1.pdb.gz	/data/qlyu/projects/pvrig_top7500_dualpanel_screen_v1_20260724/run/qc397_final50_fusion_developability_v1_20260726/final50_common4_bundle/representative_complexes/R21__P1MCPUFP__CPUFP500K_0299__00780__8x6b__s3047.pdb	049c158ff901e31cf3226fdde35ccf7727ed57ea5ae47867233a1455e12473f4	/data1/qlyu/projects/pvrig_c2_new4220_seed42_3047_docking_results_v1_20260723/c2_new4220_seed42_3047/compressed_queue/CANDIDATE_P1MCPUFP__CPUFP500K_0299__00780_8x6b_s3047_4a8aec2bc7f6.tar.gz	runs/CANDIDATE_P1MCPUFP__CPUFP500K_0299__00780_8x6b_s3047_4a8aec2bc7f6/haddock_run/6_seletopclusts/cluster_1_model_1.pdb.gz	-73.7474	STRICT_A	CANDIDATE_P1MCPUFP__CPUFP500K_0299__00780_8x6b_s3047_4a8aec2bc7f6	AT
21	P1MCPUFP__CPUFP500K_0299__00780	existing_old_new7500_top200	c2_four_seed	9e6y	3047	SUCCESS	cluster_1_model_1.pdb.gz	/data/qlyu/projects/pvrig_top7500_dualpanel_screen_v1_20260724/run/qc397_final50_fusion_developability_v1_20260726/final50_common4_bundle/representative_complexes/R21__P1MCPUFP__CPUFP500K_0299__00780__9e6y__s3047.pdb	1d26ae79601783b073ddefad1ef04eaee641c0b9e86ac654f5c9ac1f41b0015a	/data1/qlyu/projects/pvrig_c2_new4220_seed42_3047_docking_results_v1_20260723/c2_new4220_seed42_3047/compressed_queue/CANDIDATE_P1MCPUFP__CPUFP500K_0299__00780_9e6y_s3047_1cf7a1d275b7.tar.gz	runs/CANDIDATE_P1MCPUFP__CPUFP500K_0299__00780_9e6y_s3047_1cf7a1d275b7/haddock_run/6_seletopclusts/cluster_1_model_1.pdb.gz	-69.41129999999998	STRICT_A	CANDIDATE_P1MCPUFP__CPUFP500K_0299__00780_9e6y_s3047_1cf7a1d275b7	AT
22	P1MCPUFP__CPUFP500K_0189__00858	existing_old_new7500_top200	old_top7500	8x6b	42	SUCCESS	cluster_1_model_1.pdb.gz	/data/qlyu/projects/pvrig_top7500_dualpanel_screen_v1_20260724/run/qc397_final50_fusion_developability_v1_20260726/final50_common4_bundle/representative_complexes/R22__P1MCPUFP__CPUFP500K_0189__00858__8x6b__s42.pdb	b69ab65eda71e06d717e026089a5e9226b89a2494a5389ef127baf7a8f5fb00f	/data1/qlyu/projects/pvrig_top200_common4_seed_completion106_docking_results_v1_20260725/top200_seed_completion/compressed_queue/CANDIDATE_P1MCPUFP__CPUFP500K_0189__00858_8x6b_s42_b66f93878be8.tar.gz	runs/CANDIDATE_P1MCPUFP__CPUFP500K_0189__00858_8x6b_s42_b66f93878be8/haddock_run/6_seletopclusts/cluster_1_model_1.pdb.gz	-92.15862	STRICT_A	CANDIDATE_P1MCPUFP__CPUFP500K_0189__00858_8x6b_s42_b66f93878be8	AT
22	P1MCPUFP__CPUFP500K_0189__00858	existing_old_new7500_top200	old_top7500	9e6y	42	SUCCESS	cluster_1_model_1.pdb.gz	/data/qlyu/projects/pvrig_top7500_dualpanel_screen_v1_20260724/run/qc397_final50_fusion_developability_v1_20260726/final50_common4_bundle/representative_complexes/R22__P1MCPUFP__CPUFP500K_0189__00858__9e6y__s42.pdb	2abcdc3e943f8bc3eb15f1b28b9f2944026b073070cbab3b158f5265198f0c6d	/data1/qlyu/projects/pvrig_top200_common4_seed_completion106_docking_results_v1_20260725/top200_seed_completion/compressed_queue/CANDIDATE_P1MCPUFP__CPUFP500K_0189__00858_9e6y_s42_368562bfa145.tar.gz	runs/CANDIDATE_P1MCPUFP__CPUFP500K_0189__00858_9e6y_s42_368562bfa145/haddock_run/6_seletopclusts/cluster_1_model_1.pdb.gz	-70.7614	STRICT_A	CANDIDATE_P1MCPUFP__CPUFP500K_0189__00858_9e6y_s42_368562bfa145	AT
22	P1MCPUFP__CPUFP500K_0189__00858	existing_old_new7500_top200	old_top7500	8x6b	917	SUCCESS	cluster_1_model_1.pdb.gz	/data/qlyu/projects/pvrig_top7500_dualpanel_screen_v1_20260724/run/qc397_final50_fusion_developability_v1_20260726/final50_common4_bundle/representative_complexes/R22__P1MCPUFP__CPUFP500K_0189__00858__8x6b__s917.pdb	6da59a066897231371bb3cbf27ad1bb2aae833e519ec007c75cb1c70604a4e92	/data1/qlyu/projects/pvrig_priority_top7500_dualreceptor_multiseed_docking_results_v1_20260722/top7500_25k/compressed_queue/CANDIDATE_P1MCPUFP__CPUFP500K_0189__00858_8x6b_s917_d608414f057d.tar.gz	runs/CANDIDATE_P1MCPUFP__CPUFP500K_0189__00858_8x6b_s917_d608414f057d/haddock_run/6_seletopclusts/cluster_1_model_1.pdb.gz	-78.06127	STRICT_A	CANDIDATE_P1MCPUFP__CPUFP500K_0189__00858_8x6b_s917_d608414f057d	AT
22	P1MCPUFP__CPUFP500K_0189__00858	existing_old_new7500_top200	old_top7500	9e6y	917	SUCCESS	cluster_1_model_1.pdb.gz	/data/qlyu/projects/pvrig_top7500_dualpanel_screen_v1_20260724/run/qc397_final50_fusion_developability_v1_20260726/final50_common4_bundle/representative_complexes/R22__P1MCPUFP__CPUFP500K_0189__00858__9e6y__s917.pdb	c6a34b0505e6ec56b3492d5c903643b7a6ffd3f2c4c2df4c471cdc9f96e46b7a	/data1/qlyu/projects/pvrig_priority_top7500_dualreceptor_multiseed_docking_results_v1_20260722/top7500_25k/compressed_queue/CANDIDATE_P1MCPUFP__CPUFP500K_0189__00858_9e6y_s917_ba6b0be0634d.tar.gz	runs/CANDIDATE_P1MCPUFP__CPUFP500K_0189__00858_9e6y_s917_ba6b0be0634d/haddock_run/6_seletopclusts/cluster_1_model_1.pdb.gz	-92.73429999999999	STRICT_A	CANDIDATE_P1MCPUFP__CPUFP500K_0189__00858_9e6y_s917_ba6b0be0634d	AT
22	P1MCPUFP__CPUFP500K_0189__00858	existing_old_new7500_top200	old_top7500	8x6b	1931	SUCCESS	cluster_1_model_1.pdb.gz	/data/qlyu/projects/pvrig_top7500_dualpanel_screen_v1_20260724/run/qc397_final50_fusion_developability_v1_20260726/final50_common4_bundle/representative_complexes/R22__P1MCPUFP__CPUFP500K_0189__00858__8x6b__s1931.pdb	5a3f5e13dcd5519b74319f5b5efea0fee6375900b8cb6d6f4cde9c010d6fb92f	/data1/qlyu/projects/pvrig_priority_top7500_dualreceptor_multiseed_docking_results_v1_20260722/top7500_25k/compressed_queue/CANDIDATE_P1MCPUFP__CPUFP500K_0189__00858_8x6b_s1931_190cd50b5134.tar.gz	runs/CANDIDATE_P1MCPUFP__CPUFP500K_0189__00858_8x6b_s1931_190cd50b5134/haddock_run/6_seletopclusts/cluster_1_model_1.pdb.gz	-79.88103000000001	STRICT_A	CANDIDATE_P1MCPUFP__CPUFP500K_0189__00858_8x6b_s1931_190cd50b5134	AT
22	P1MCPUFP__CPUFP500K_0189__00858	existing_old_new7500_top200	old_top7500	9e6y	1931	SUCCESS	cluster_1_model_1.pdb.gz	/data/qlyu/projects/pvrig_top7500_dualpanel_screen_v1_20260724/run/qc397_final50_fusion_developability_v1_20260726/final50_common4_bundle/representative_complexes/R22__P1MCPUFP__CPUFP500K_0189__00858__9e6y__s1931.pdb	c8d739661a741659d5f6e52feb64f63839ffc983c876625082718c5b1b30c1dc	/data1/qlyu/projects/pvrig_priority_top7500_dualreceptor_multiseed_docking_results_v1_20260722/top7500_25k/compressed_queue/CANDIDATE_P1MCPUFP__CPUFP500K_0189__00858_9e6y_s1931_50652fe4e4d4.tar.gz	runs/CANDIDATE_P1MCPUFP__CPUFP500K_0189__00858_9e6y_s1931_50652fe4e4d4/haddock_run/6_seletopclusts/cluster_1_model_1.pdb.gz	-71.22860000000001	STRICT_A	CANDIDATE_P1MCPUFP__CPUFP500K_0189__00858_9e6y_s1931_50652fe4e4d4	AT
22	P1MCPUFP__CPUFP500K_0189__00858	existing_old_new7500_top200	old_top7500	8x6b	3047	SUCCESS	cluster_1_model_1.pdb.gz	/data/qlyu/projects/pvrig_top7500_dualpanel_screen_v1_20260724/run/qc397_final50_fusion_developability_v1_20260726/final50_common4_bundle/representative_complexes/R22__P1MCPUFP__CPUFP500K_0189__00858__8x6b__s3047.pdb	c829bad402c49615e317a8e5715a18fbf0fe9c5d53d8787a243b0fe2655d15b7	/data1/qlyu/projects/pvrig_top200_common4_seed_completion106_docking_results_v1_20260725/top200_seed_completion/compressed_queue/CANDIDATE_P1MCPUFP__CPUFP500K_0189__00858_8x6b_s3047_cc8c674bb23c.tar.gz	runs/CANDIDATE_P1MCPUFP__CPUFP500K_0189__00858_8x6b_s3047_cc8c674bb23c/haddock_run/6_seletopclusts/cluster_1_model_1.pdb.gz	-74.36426	STRICT_A	CANDIDATE_P1MCPUFP__CPUFP500K_0189__00858_8x6b_s3047_cc8c674bb23c	AT
22	P1MCPUFP__CPUFP500K_0189__00858	existing_old_new7500_top200	old_top7500	9e6y	3047	SUCCESS	cluster_1_model_1.pdb.gz	/data/qlyu/projects/pvrig_top7500_dualpanel_screen_v1_20260724/run/qc397_final50_fusion_developability_v1_20260726/final50_common4_bundle/representative_complexes/R22__P1MCPUFP__CPUFP500K_0189__00858__9e6y__s3047.pdb	43899e20fd382308f496e8b3712a093145bc05718977fffe3f25a2c5ab0bae6a	/data1/qlyu/projects/pvrig_top200_common4_seed_completion106_docking_results_v1_20260725/top200_seed_completion/compressed_queue/CANDIDATE_P1MCPUFP__CPUFP500K_0189__00858_9e6y_s3047_9600015a3628.tar.gz	runs/CANDIDATE_P1MCPUFP__CPUFP500K_0189__00858_9e6y_s3047_9600015a3628/haddock_run/6_seletopclusts/cluster_1_model_1.pdb.gz	-76.9503	STRICT_A	CANDIDATE_P1MCPUFP__CPUFP500K_0189__00858_9e6y_s3047_9600015a3628	AT
23	NODE1GEN_174576_source_fixed_pose_mpnn_source_id_P500K__FIXED_POSE_MPNN__D5384A7F42146722	generated_top3000	fixed_pose_mpnn	8x6b	42	SUCCESS	cluster_1_model_1.pdb.gz	/data/qlyu/projects/pvrig_top7500_dualpanel_screen_v1_20260724/run/qc397_final50_fusion_developability_v1_20260726/final50_common4_bundle/representative_complexes/R23__NODE1GEN_174576_source_fixed_pose_mpnn_source_id_P500K__FIXED_POSE_MPNN__D5384A7F42146722__8x6b__s42.pdb	ef76ea6b2c352fdb4b1f84ad0342228f69de403c2c086d92fb2af0b2201b8396	/data/qlyu/projects/pvrig_node1_generated100k_multimodal_top5000_4seed_docking_results_v2_20260724/compressed_queue/CANDIDATE_NODE1GEN_174576_source_fixed_pose_mpnn_source_id_P500K__FIXED_POSE_MPNN__D5384A7F42146722_8x6b_s42_8e94e6b612bc.tar.gz	runs/CANDIDATE_NODE1GEN_174576_source_fixed_pose_mpnn_source_id_P500K__FIXED_POSE_MPNN__D5384A7F42146722_8x6b_s42_8e94e6b612bc/haddock_run/6_seletopclusts/cluster_1_model_1.pdb.gz	-85.805796	STRICT_A	CANDIDATE_NODE1GEN_174576_source_fixed_pose_mpnn_source_id_P500K__FIXED_POSE_MPNN__D5384A7F42146722_8x6b_s42_8e94e6b612bc	AT
23	NODE1GEN_174576_source_fixed_pose_mpnn_source_id_P500K__FIXED_POSE_MPNN__D5384A7F42146722	generated_top3000	fixed_pose_mpnn	9e6y	42	SUCCESS	cluster_1_model_1.pdb.gz	/data/qlyu/projects/pvrig_top7500_dualpanel_screen_v1_20260724/run/qc397_final50_fusion_developability_v1_20260726/final50_common4_bundle/representative_complexes/R23__NODE1GEN_174576_source_fixed_pose_mpnn_source_id_P500K__FIXED_POSE_MPNN__D5384A7F42146722__9e6y__s42.pdb	7ce975ca21d0311c6b2eaa0311052e747b2ff02ccf0362adc149232e9c500ceb	/data/qlyu/projects/pvrig_node1_generated100k_multimodal_top5000_4seed_docking_results_v2_20260724/compressed_queue/CANDIDATE_NODE1GEN_174576_source_fixed_pose_mpnn_source_id_P500K__FIXED_POSE_MPNN__D5384A7F42146722_9e6y_s42_f6f366c971d4.tar.gz	runs/CANDIDATE_NODE1GEN_174576_source_fixed_pose_mpnn_source_id_P500K__FIXED_POSE_MPNN__D5384A7F42146722_9e6y_s42_f6f366c971d4/haddock_run/6_seletopclusts/cluster_1_model_1.pdb.gz	-68.437994	STRICT_A	CANDIDATE_NODE1GEN_174576_source_fixed_pose_mpnn_source_id_P500K__FIXED_POSE_MPNN__D5384A7F42146722_9e6y_s42_f6f366c971d4	AT
23	NODE1GEN_174576_source_fixed_pose_mpnn_source_id_P500K__FIXED_POSE_MPNN__D5384A7F42146722	generated_top3000	fixed_pose_mpnn	8x6b	917	SUCCESS	cluster_1_model_1.pdb.gz	/data/qlyu/projects/pvrig_top7500_dualpanel_screen_v1_20260724/run/qc397_final50_fusion_developability_v1_20260726/final50_common4_bundle/representative_complexes/R23__NODE1GEN_174576_source_fixed_pose_mpnn_source_id_P500K__FIXED_POSE_MPNN__D5384A7F42146722__8x6b__s917.pdb	6ddbc4948725a1184858db9d728c789154eaf197b9b5a276f3a338739ae8feb1	/data/qlyu/projects/pvrig_node1_generated100k_multimodal_top5000_4seed_docking_results_v2_20260724/compressed_queue/CANDIDATE_NODE1GEN_174576_source_fixed_pose_mpnn_source_id_P500K__FIXED_POSE_MPNN__D5384A7F42146722_8x6b_s917_697991d43619.tar.gz	runs/CANDIDATE_NODE1GEN_174576_source_fixed_pose_mpnn_source_id_P500K__FIXED_POSE_MPNN__D5384A7F42146722_8x6b_s917_697991d43619/haddock_run/6_seletopclusts/cluster_1_model_1.pdb.gz	-75.92157702	STRICT_A	CANDIDATE_NODE1GEN_174576_source_fixed_pose_mpnn_source_id_P500K__FIXED_POSE_MPNN__D5384A7F42146722_8x6b_s917_697991d43619	AT
23	NODE1GEN_174576_source_fixed_pose_mpnn_source_id_P500K__FIXED_POSE_MPNN__D5384A7F42146722	generated_top3000	fixed_pose_mpnn	9e6y	917	SUCCESS	cluster_1_model_1.pdb.gz	/data/qlyu/projects/pvrig_top7500_dualpanel_screen_v1_20260724/run/qc397_final50_fusion_developability_v1_20260726/final50_common4_bundle/representative_complexes/R23__NODE1GEN_174576_source_fixed_pose_mpnn_source_id_P500K__FIXED_POSE_MPNN__D5384A7F42146722__9e6y__s917.pdb	2565f1ab7bca7c1373153e10183461309033b628b30353c0240bd9201358f9d5	/data/qlyu/projects/pvrig_node1_generated100k_multimodal_top5000_4seed_docking_results_v2_20260724/compressed_queue/CANDIDATE_NODE1GEN_174576_source_fixed_pose_mpnn_source_id_P500K__FIXED_POSE_MPNN__D5384A7F42146722_9e6y_s917_83c4b2f241e5.tar.gz	runs/CANDIDATE_NODE1GEN_174576_source_fixed_pose_mpnn_source_id_P500K__FIXED_POSE_MPNN__D5384A7F42146722_9e6y_s917_83c4b2f241e5/haddock_run/6_seletopclusts/cluster_1_model_1.pdb.gz	-77.88517	STRICT_A	CANDIDATE_NODE1GEN_174576_source_fixed_pose_mpnn_source_id_P500K__FIXED_POSE_MPNN__D5384A7F42146722_9e6y_s917_83c4b2f241e5	AT
23	NODE1GEN_174576_source_fixed_pose_mpnn_source_id_P500K__FIXED_POSE_MPNN__D5384A7F42146722	generated_top3000	fixed_pose_mpnn	8x6b	1931	SUCCESS	cluster_1_model_1.pdb.gz	/data/qlyu/projects/pvrig_top7500_dualpanel_screen_v1_20260724/run/qc397_final50_fusion_developability_v1_20260726/final50_common4_bundle/representative_complexes/R23__NODE1GEN_174576_source_fixed_pose_mpnn_source_id_P500K__FIXED_POSE_MPNN__D5384A7F42146722__8x6b__s1931.pdb	d529d0e9c0a86ee15ff32a221d39e3de1a7cfce99a0f3e3c39260090aaf53461	/data/qlyu/projects/pvrig_node1_generated100k_multimodal_top5000_4seed_docking_results_v2_20260724/compressed_queue/CANDIDATE_NODE1GEN_174576_source_fixed_pose_mpnn_source_id_P500K__FIXED_POSE_MPNN__D5384A7F42146722_8x6b_s1931_c9505b62549f.tar.gz	runs/CANDIDATE_NODE1GEN_174576_source_fixed_pose_mpnn_source_id_P500K__FIXED_POSE_MPNN__D5384A7F42146722_8x6b_s1931_c9505b62549f/haddock_run/6_seletopclusts/cluster_1_model_1.pdb.gz	-88.44730000000001	STRICT_A	CANDIDATE_NODE1GEN_174576_source_fixed_pose_mpnn_source_id_P500K__FIXED_POSE_MPNN__D5384A7F42146722_8x6b_s1931_c9505b62549f	AT
23	NODE1GEN_174576_source_fixed_pose_mpnn_source_id_P500K__FIXED_POSE_MPNN__D5384A7F42146722	generated_top3000	fixed_pose_mpnn	9e6y	1931	SUCCESS	cluster_1_model_1.pdb.gz	/data/qlyu/projects/pvrig_top7500_dualpanel_screen_v1_20260724/run/qc397_final50_fusion_developability_v1_20260726/final50_common4_bundle/representative_complexes/R23__NODE1GEN_174576_source_fixed_pose_mpnn_source_id_P500K__FIXED_POSE_MPNN__D5384A7F42146722__9e6y__s1931.pdb	e0d6d7e6f27bef9ba45ad1ab726eb8e707194d4257387fad5c3b71c69362e457	/data/qlyu/projects/pvrig_node1_generated100k_multimodal_top5000_4seed_docking_results_v2_20260724/compressed_queue/CANDIDATE_NODE1GEN_174576_source_fixed_pose_mpnn_source_id_P500K__FIXED_POSE_MPNN__D5384A7F42146722_9e6y_s1931_f682518837c1.tar.gz	runs/CANDIDATE_NODE1GEN_174576_source_fixed_pose_mpnn_source_id_P500K__FIXED_POSE_MPNN__D5384A7F42146722_9e6y_s1931_f682518837c1/haddock_run/6_seletopclusts/cluster_1_model_1.pdb.gz	-84.93625	STRICT_A	CANDIDATE_NODE1GEN_174576_source_fixed_pose_mpnn_source_id_P500K__FIXED_POSE_MPNN__D5384A7F42146722_9e6y_s1931_f682518837c1	AT
23	NODE1GEN_174576_source_fixed_pose_mpnn_source_id_P500K__FIXED_POSE_MPNN__D5384A7F42146722	generated_top3000	fixed_pose_mpnn	8x6b	3047	SUCCESS	cluster_1_model_1.pdb.gz	/data/qlyu/projects/pvrig_top7500_dualpanel_screen_v1_20260724/run/qc397_final50_fusion_developability_v1_20260726/final50_common4_bundle/representative_complexes/R23__NODE1GEN_174576_source_fixed_pose_mpnn_source_id_P500K__FIXED_POSE_MPNN__D5384A7F42146722__8x6b__s3047.pdb	47e5438615376fced78c6637b2b8bfb907229fe653c78752854b5707618f676b	/data/qlyu/projects/pvrig_node1_generated100k_multimodal_top5000_4seed_docking_results_v2_20260724/compressed_queue/CANDIDATE_NODE1GEN_174576_source_fixed_pose_mpnn_source_id_P500K__FIXED_POSE_MPNN__D5384A7F42146722_8x6b_s3047_1d7966a26183.tar.gz	runs/CANDIDATE_NODE1GEN_174576_source_fixed_pose_mpnn_source_id_P500K__FIXED_POSE_MPNN__D5384A7F42146722_8x6b_s3047_1d7966a26183/haddock_run/6_seletopclusts/cluster_1_model_1.pdb.gz	-82.75359999999998	STRICT_A	CANDIDATE_NODE1GEN_174576_source_fixed_pose_mpnn_source_id_P500K__FIXED_POSE_MPNN__D5384A7F42146722_8x6b_s3047_1d7966a26183	AT
23	NODE1GEN_174576_source_fixed_pose_mpnn_source_id_P500K__FIXED_POSE_MPNN__D5384A7F42146722	generated_top3000	fixed_pose_mpnn	9e6y	3047	SUCCESS	cluster_1_model_1.pdb.gz	/data/qlyu/projects/pvrig_top7500_dualpanel_screen_v1_20260724/run/qc397_final50_fusion_developability_v1_20260726/final50_common4_bundle/representative_complexes/R23__NODE1GEN_174576_source_fixed_pose_mpnn_source_id_P500K__FIXED_POSE_MPNN__D5384A7F42146722__9e6y__s3047.pdb	edf52fbc12d7cc6c6c06c160dc701752e4fb08111b0747d7ea90ff7eeec2708a	/data/qlyu/projects/pvrig_node1_generated100k_multimodal_top5000_4seed_docking_results_v2_20260724/compressed_queue/CANDIDATE_NODE1GEN_174576_source_fixed_pose_mpnn_source_id_P500K__FIXED_POSE_MPNN__D5384A7F42146722_9e6y_s3047_3da943beeaf2.tar.gz	runs/CANDIDATE_NODE1GEN_174576_source_fixed_pose_mpnn_source_id_P500K__FIXED_POSE_MPNN__D5384A7F42146722_9e6y_s3047_3da943beeaf2/haddock_run/6_seletopclusts/cluster_1_model_1.pdb.gz	-76.37095976	STRICT_A	CANDIDATE_NODE1GEN_174576_source_fixed_pose_mpnn_source_id_P500K__FIXED_POSE_MPNN__D5384A7F42146722_9e6y_s3047_3da943beeaf2	AT
24	NODE1GEN_002130_source_rfantibody_source_id_PVRIG_RFAb_v2_P1_ekg_L_bb177_mpn10_arm_P1_ekg_L_backbone_P1_ekg_L_bb177_status_NEEDS_RF2_AND_DOCKING	generated_top3000	rfantibody	8x6b	42	SUCCESS	cluster_1_model_1.pdb.gz	/data/qlyu/projects/pvrig_top7500_dualpanel_screen_v1_20260724/run/qc397_final50_fusion_developability_v1_20260726/final50_common4_bundle/representative_complexes/R24__NODE1GEN_002130__8x6b__s42.pdb	97900c73537586037cc4c6978dd11d229fe0fe73eb060e14647af700d739f808	/data/qlyu/projects/pvrig_node1_generated100k_multimodal_top5000_4seed_docking_results_v2_20260724/compressed_queue/CANDIDATE_NODE1GEN_002130_source_rfantibody_source_id_PVRIG_RFAb_v2_P1_ekg_L_bb177_mpn10_arm_P1_ekg_L_backbone_P1_ekg_L_bb177_status_NEEDS_RF2_AND_DOCKING_8x6b_s42_4b32c9132c6a.tar.gz	runs/CANDIDATE_NODE1GEN_002130_source_rfantibody_source_id_PVRIG_RFAb_v2_P1_ekg_L_bb177_mpn10_arm_P1_ekg_L_backbone_P1_ekg_L_bb177_status_NEEDS_RF2_AND_DOCKING_8x6b_s42_4b32c9132c6a/haddock_run/6_seletopclusts/cluster_1_model_1.pdb.gz	-72.14030000000001	STRICT_A	CANDIDATE_NODE1GEN_002130_source_rfantibody_source_id_PVRIG_RFAb_v2_P1_ekg_L_bb177_mpn10_arm_P1_ekg_L_backbone_P1_ekg_L_bb177_status_NEEDS_RF2_AND_DOCKING_8x6b_s42_4b32c9132c6a	AT
24	NODE1GEN_002130_source_rfantibody_source_id_PVRIG_RFAb_v2_P1_ekg_L_bb177_mpn10_arm_P1_ekg_L_backbone_P1_ekg_L_bb177_status_NEEDS_RF2_AND_DOCKING	generated_top3000	rfantibody	9e6y	42	SUCCESS	cluster_1_model_1.pdb.gz	/data/qlyu/projects/pvrig_top7500_dualpanel_screen_v1_20260724/run/qc397_final50_fusion_developability_v1_20260726/final50_common4_bundle/representative_complexes/R24__NODE1GEN_002130__9e6y__s42.pdb	d8c067f2a2d8df789b9771774ed2e1f6094e676b5b6c24261f8b02475d86e457	/data/qlyu/projects/pvrig_node1_generated100k_multimodal_top5000_4seed_docking_results_v2_20260724/compressed_queue/CANDIDATE_NODE1GEN_002130_source_rfantibody_source_id_PVRIG_RFAb_v2_P1_ekg_L_bb177_mpn10_arm_P1_ekg_L_backbone_P1_ekg_L_bb177_status_NEEDS_RF2_AND_DOCKING_9e6y_s42_5a30663d9a3d.tar.gz	runs/CANDIDATE_NODE1GEN_002130_source_rfantibody_source_id_PVRIG_RFAb_v2_P1_ekg_L_bb177_mpn10_arm_P1_ekg_L_backbone_P1_ekg_L_bb177_status_NEEDS_RF2_AND_DOCKING_9e6y_s42_5a30663d9a3d/haddock_run/6_seletopclusts/cluster_1_model_1.pdb.gz	-62.451370000000004	STRICT_A	CANDIDATE_NODE1GEN_002130_source_rfantibody_source_id_PVRIG_RFAb_v2_P1_ekg_L_bb177_mpn10_arm_P1_ekg_L_backbone_P1_ekg_L_bb177_status_NEEDS_RF2_AND_DOCKING_9e6y_s42_5a30663d9a3d	AT
24	NODE1GEN_002130_source_rfantibody_source_id_PVRIG_RFAb_v2_P1_ekg_L_bb177_mpn10_arm_P1_ekg_L_backbone_P1_ekg_L_bb177_status_NEEDS_RF2_AND_DOCKING	generated_top3000	rfantibody	8x6b	917	SUCCESS	cluster_1_model_1.pdb.gz	/data/qlyu/projects/pvrig_top7500_dualpanel_screen_v1_20260724/run/qc397_final50_fusion_developability_v1_20260726/final50_common4_bundle/representative_complexes/R24__NODE1GEN_002130__8x6b__s917.pdb	fe74223dc20471b0a2c1fd370f7cc0926712d34c1cab592ac557fcae1df0fbb2	/data/qlyu/projects/pvrig_node1_generated100k_multimodal_top5000_4seed_docking_results_v2_20260724/compressed_queue/CANDIDATE_NODE1GEN_002130_source_rfantibody_source_id_PVRIG_RFAb_v2_P1_ekg_L_bb177_mpn10_arm_P1_ekg_L_backbone_P1_ekg_L_bb177_status_NEEDS_RF2_AND_DOCKING_8x6b_s917_bfbe5252f926.tar.gz	runs/CANDIDATE_NODE1GEN_002130_source_rfantibody_source_id_PVRIG_RFAb_v2_P1_ekg_L_bb177_mpn10_arm_P1_ekg_L_backbone_P1_ekg_L_bb177_status_NEEDS_RF2_AND_DOCKING_8x6b_s917_bfbe5252f926/haddock_run/6_seletopclusts/cluster_1_model_1.pdb.gz	-60.70179999999999	STRICT_A	CANDIDATE_NODE1GEN_002130_source_rfantibody_source_id_PVRIG_RFAb_v2_P1_ekg_L_bb177_mpn10_arm_P1_ekg_L_backbone_P1_ekg_L_bb177_status_NEEDS_RF2_AND_DOCKING_8x6b_s917_bfbe5252f926	AT
24	NODE1GEN_002130_source_rfantibody_source_id_PVRIG_RFAb_v2_P1_ekg_L_bb177_mpn10_arm_P1_ekg_L_backbone_P1_ekg_L_bb177_status_NEEDS_RF2_AND_DOCKING	generated_top3000	rfantibody	9e6y	917	SUCCESS	cluster_1_model_1.pdb.gz	/data/qlyu/projects/pvrig_top7500_dualpanel_screen_v1_20260724/run/qc397_final50_fusion_developability_v1_20260726/final50_common4_bundle/representative_complexes/R24__NODE1GEN_002130__9e6y__s917.pdb	9f27679f75f1a20907118342865d0ec5e30d8e311b6f71b9feb91533b356fea4	/data/qlyu/projects/pvrig_node1_generated100k_multimodal_top5000_4seed_docking_results_v2_20260724/compressed_queue/CANDIDATE_NODE1GEN_002130_source_rfantibody_source_id_PVRIG_RFAb_v2_P1_ekg_L_bb177_mpn10_arm_P1_ekg_L_backbone_P1_ekg_L_bb177_status_NEEDS_RF2_AND_DOCKING_9e6y_s917_8dcc74d724d7.tar.gz	runs/CANDIDATE_NODE1GEN_002130_source_rfantibody_source_id_PVRIG_RFAb_v2_P1_ekg_L_bb177_mpn10_arm_P1_ekg_L_backbone_P1_ekg_L_bb177_status_NEEDS_RF2_AND_DOCKING_9e6y_s917_8dcc74d724d7/haddock_run/6_seletopclusts/cluster_1_model_1.pdb.gz	-63.752739999999996	STRICT_A	CANDIDATE_NODE1GEN_002130_source_rfantibody_source_id_PVRIG_RFAb_v2_P1_ekg_L_bb177_mpn10_arm_P1_ekg_L_backbone_P1_ekg_L_bb177_status_NEEDS_RF2_AND_DOCKING_9e6y_s917_8dcc74d724d7	AT
24	NODE1GEN_002130_source_rfantibody_source_id_PVRIG_RFAb_v2_P1_ekg_L_bb177_mpn10_arm_P1_ekg_L_backbone_P1_ekg_L_bb177_status_NEEDS_RF2_AND_DOCKING	generated_top3000	rfantibody	8x6b	1931	SUCCESS	cluster_1_model_1.pdb.gz	/data/qlyu/projects/pvrig_top7500_dualpanel_screen_v1_20260724/run/qc397_final50_fusion_developability_v1_20260726/final50_common4_bundle/representative_complexes/R24__NODE1GEN_002130__8x6b__s1931.pdb	bed59bea70c5accfad695ad1a36244c43a4f2eb90bbfc7b967562d4b644c47ce	/data/qlyu/projects/pvrig_node1_generated100k_multimodal_top5000_4seed_docking_results_v2_20260724/compressed_queue/CANDIDATE_NODE1GEN_002130_source_rfantibody_source_id_PVRIG_RFAb_v2_P1_ekg_L_bb177_mpn10_arm_P1_ekg_L_backbone_P1_ekg_L_bb177_status_NEEDS_RF2_AND_DOCKING_8x6b_s1931_c81fa89aefd1.tar.gz	runs/CANDIDATE_NODE1GEN_002130_source_rfantibody_source_id_PVRIG_RFAb_v2_P1_ekg_L_bb177_mpn10_arm_P1_ekg_L_backbone_P1_ekg_L_bb177_status_NEEDS_RF2_AND_DOCKING_8x6b_s1931_c81fa89aefd1/haddock_run/6_seletopclusts/cluster_1_model_1.pdb.gz	-64.17858000000001	STRICT_A	CANDIDATE_NODE1GEN_002130_source_rfantibody_source_id_PVRIG_RFAb_v2_P1_ekg_L_bb177_mpn10_arm_P1_ekg_L_backbone_P1_ekg_L_bb177_status_NEEDS_RF2_AND_DOCKING_8x6b_s1931_c81fa89aefd1	AT
24	NODE1GEN_002130_source_rfantibody_source_id_PVRIG_RFAb_v2_P1_ekg_L_bb177_mpn10_arm_P1_ekg_L_backbone_P1_ekg_L_bb177_status_NEEDS_RF2_AND_DOCKING	generated_top3000	rfantibody	9e6y	1931	SUCCESS	cluster_1_model_1.pdb.gz	/data/qlyu/projects/pvrig_top7500_dualpanel_screen_v1_20260724/run/qc397_final50_fusion_developability_v1_20260726/final50_common4_bundle/representative_complexes/R24__NODE1GEN_002130__9e6y__s1931.pdb	79e5f21b01995638e6df45ddd23961540c60cd2e46f6d6ec15d904fd54db0407	/data/qlyu/projects/pvrig_node1_generated100k_multimodal_top5000_4seed_docking_results_v2_20260724/compressed_queue/CANDIDATE_NODE1GEN_002130_source_rfantibody_source_id_PVRIG_RFAb_v2_P1_ekg_L_bb177_mpn10_arm_P1_ekg_L_backbone_P1_ekg_L_bb177_status_NEEDS_RF2_AND_DOCKING_9e6y_s1931_ebf5e80e3289.tar.gz	runs/CANDIDATE_NODE1GEN_002130_source_rfantibody_source_id_PVRIG_RFAb_v2_P1_ekg_L_bb177_mpn10_arm_P1_ekg_L_backbone_P1_ekg_L_bb177_status_NEEDS_RF2_AND_DOCKING_9e6y_s1931_ebf5e80e3289/haddock_run/6_seletopclusts/cluster_1_model_1.pdb.gz	-57.97881000000001	STRICT_A	CANDIDATE_NODE1GEN_002130_source_rfantibody_source_id_PVRIG_RFAb_v2_P1_ekg_L_bb177_mpn10_arm_P1_ekg_L_backbone_P1_ekg_L_bb177_status_NEEDS_RF2_AND_DOCKING_9e6y_s1931_ebf5e80e3289	AT
24	NODE1GEN_002130_source_rfantibody_source_id_PVRIG_RFAb_v2_P1_ekg_L_bb177_mpn10_arm_P1_ekg_L_backbone_P1_ekg_L_bb177_status_NEEDS_RF2_AND_DOCKING	generated_top3000	rfantibody	8x6b	3047	SUCCESS	cluster_1_model_1.pdb.gz	/data/qlyu/projects/pvrig_top7500_dualpanel_screen_v1_20260724/run/qc397_final50_fusion_developability_v1_20260726/final50_common4_bundle/representative_complexes/R24__NODE1GEN_002130__8x6b__s3047.pdb	d7f83433b750a69b55a6abe90ba4f39e7f31ea0d41a1417f89449e68b2ecd274	/data/qlyu/projects/pvrig_node1_generated100k_multimodal_top5000_4seed_docking_results_v2_20260724/compressed_queue/CANDIDATE_NODE1GEN_002130_source_rfantibody_source_id_PVRIG_RFAb_v2_P1_ekg_L_bb177_mpn10_arm_P1_ekg_L_backbone_P1_ekg_L_bb177_status_NEEDS_RF2_AND_DOCKING_8x6b_s3047_66a6af7ad2ad.tar.gz	runs/CANDIDATE_NODE1GEN_002130_source_rfantibody_source_id_PVRIG_RFAb_v2_P1_ekg_L_bb177_mpn10_arm_P1_ekg_L_backbone_P1_ekg_L_bb177_status_NEEDS_RF2_AND_DOCKING_8x6b_s3047_66a6af7ad2ad/haddock_run/6_seletopclusts/cluster_1_model_1.pdb.gz	-68.18306	STRICT_A	CANDIDATE_NODE1GEN_002130_source_rfantibody_source_id_PVRIG_RFAb_v2_P1_ekg_L_bb177_mpn10_arm_P1_ekg_L_backbone_P1_ekg_L_bb177_status_NEEDS_RF2_AND_DOCKING_8x6b_s3047_66a6af7ad2ad	AT
24	NODE1GEN_002130_source_rfantibody_source_id_PVRIG_RFAb_v2_P1_ekg_L_bb177_mpn10_arm_P1_ekg_L_backbone_P1_ekg_L_bb177_status_NEEDS_RF2_AND_DOCKING	generated_top3000	rfantibody	9e6y	3047	SUCCESS	cluster_1_model_1.pdb.gz	/data/qlyu/projects/pvrig_top7500_dualpanel_screen_v1_20260724/run/qc397_final50_fusion_developability_v1_20260726/final50_common4_bundle/representative_complexes/R24__NODE1GEN_002130__9e6y__s3047.pdb	0a2950fd296c4580b1b08cd81d2e0683d6b89ee7068c9ab3fcb3af287d742e87	/data/qlyu/projects/pvrig_node1_generated100k_multimodal_top5000_4seed_docking_results_v2_20260724/compressed_queue/CANDIDATE_NODE1GEN_002130_source_rfantibody_source_id_PVRIG_RFAb_v2_P1_ekg_L_bb177_mpn10_arm_P1_ekg_L_backbone_P1_ekg_L_bb177_status_NEEDS_RF2_AND_DOCKING_9e6y_s3047_9cefe62918a2.tar.gz	runs/CANDIDATE_NODE1GEN_002130_source_rfantibody_source_id_PVRIG_RFAb_v2_P1_ekg_L_bb177_mpn10_arm_P1_ekg_L_backbone_P1_ekg_L_bb177_status_NEEDS_RF2_AND_DOCKING_9e6y_s3047_9cefe62918a2/haddock_run/6_seletopclusts/cluster_1_model_1.pdb.gz	-75.61930000000001	STRICT_A	CANDIDATE_NODE1GEN_002130_source_rfantibody_source_id_PVRIG_RFAb_v2_P1_ekg_L_bb177_mpn10_arm_P1_ekg_L_backbone_P1_ekg_L_bb177_status_NEEDS_RF2_AND_DOCKING_9e6y_s3047_9cefe62918a2	AT
25	P1MCPUFP__CPUFP500K_0380__00771	existing_old_new7500_top200	c2_four_seed	8x6b	42	SUCCESS	cluster_1_model_1.pdb.gz	/data/qlyu/projects/pvrig_top7500_dualpanel_screen_v1_20260724/run/qc397_final50_fusion_developability_v1_20260726/final50_common4_bundle/representative_complexes/R25__P1MCPUFP__CPUFP500K_0380__00771__8x6b__s42.pdb	9e3f05244f003ec7d1c24df2b9de56d984f265af9552d08acf7b7737e1722d2b	/data1/qlyu/projects/pvrig_c2_new4220_seed42_3047_docking_results_v1_20260723/c2_new4220_seed42_3047/compressed_queue/CANDIDATE_P1MCPUFP__CPUFP500K_0380__00771_8x6b_s42_7376a272b089.tar.gz	runs/CANDIDATE_P1MCPUFP__CPUFP500K_0380__00771_8x6b_s42_7376a272b089/haddock_run/6_seletopclusts/cluster_1_model_1.pdb.gz	-73.29937999999999	STRICT_A	CANDIDATE_P1MCPUFP__CPUFP500K_0380__00771_8x6b_s42_7376a272b089	AT
25	P1MCPUFP__CPUFP500K_0380__00771	existing_old_new7500_top200	c2_four_seed	9e6y	42	SUCCESS	cluster_1_model_1.pdb.gz	/data/qlyu/projects/pvrig_top7500_dualpanel_screen_v1_20260724/run/qc397_final50_fusion_developability_v1_20260726/final50_common4_bundle/representative_complexes/R25__P1MCPUFP__CPUFP500K_0380__00771__9e6y__s42.pdb	f32cb6f2056ae3d83e6eb07a4b45b1ae015dd74df7866250382d37f8e196472a	/data1/qlyu/projects/pvrig_c2_new4220_seed42_3047_docking_results_v1_20260723/c2_new4220_seed42_3047/compressed_queue/CANDIDATE_P1MCPUFP__CPUFP500K_0380__00771_9e6y_s42_1308c3ee4a42.tar.gz	runs/CANDIDATE_P1MCPUFP__CPUFP500K_0380__00771_9e6y_s42_1308c3ee4a42/haddock_run/6_seletopclusts/cluster_1_model_1.pdb.gz	-68.1763	STRICT_A	CANDIDATE_P1MCPUFP__CPUFP500K_0380__00771_9e6y_s42_1308c3ee4a42	AT
25	P1MCPUFP__CPUFP500K_0380__00771	existing_old_new7500_top200	c2_four_seed	8x6b	917	SUCCESS	cluster_1_model_1.pdb.gz	/data/qlyu/projects/pvrig_top7500_dualpanel_screen_v1_20260724/run/qc397_final50_fusion_developability_v1_20260726/final50_common4_bundle/representative_complexes/R25__P1MCPUFP__CPUFP500K_0380__00771__8x6b__s917.pdb	2e94209a290d9719c2785d400240c0296b1af78f40786f5610b11ce035d7d6c7	/data1/qlyu/projects/pvrig_c2_new6220_dualreceptor_2seed_docking_results_v1_20260723/c2_new4220/compressed_queue/CANDIDATE_P1MCPUFP__CPUFP500K_0380__00771_8x6b_s917_412661aa77d9.tar.gz	runs/CANDIDATE_P1MCPUFP__CPUFP500K_0380__00771_8x6b_s917_412661aa77d9/haddock_run/6_seletopclusts/cluster_1_model_1.pdb.gz	-69.13829999999999	STRICT_A	CANDIDATE_P1MCPUFP__CPUFP500K_0380__00771_8x6b_s917_412661aa77d9	AT
25	P1MCPUFP__CPUFP500K_0380__00771	existing_old_new7500_top200	c2_four_seed	9e6y	917	SUCCESS	cluster_1_model_1.pdb.gz	/data/qlyu/projects/pvrig_top7500_dualpanel_screen_v1_20260724/run/qc397_final50_fusion_developability_v1_20260726/final50_common4_bundle/representative_complexes/R25__P1MCPUFP__CPUFP500K_0380__00771__9e6y__s917.pdb	b179cebc0274202a24e20ea18330cc30f1c059492194eb1a427c0dd8ffad331f	/data1/qlyu/projects/pvrig_c2_new6220_dualreceptor_2seed_docking_results_v1_20260723/c2_new4220/compressed_queue/CANDIDATE_P1MCPUFP__CPUFP500K_0380__00771_9e6y_s917_a7d3c8b45ed7.tar.gz	runs/CANDIDATE_P1MCPUFP__CPUFP500K_0380__00771_9e6y_s917_a7d3c8b45ed7/haddock_run/6_seletopclusts/cluster_1_model_1.pdb.gz	-80.25059999999999	STRICT_A	CANDIDATE_P1MCPUFP__CPUFP500K_0380__00771_9e6y_s917_a7d3c8b45ed7	AT
25	P1MCPUFP__CPUFP500K_0380__00771	existing_old_new7500_top200	c2_four_seed	8x6b	1931	SUCCESS	cluster_1_model_1.pdb.gz	/data/qlyu/projects/pvrig_top7500_dualpanel_screen_v1_20260724/run/qc397_final50_fusion_developability_v1_20260726/final50_common4_bundle/representative_complexes/R25__P1MCPUFP__CPUFP500K_0380__00771__8x6b__s1931.pdb	91eaccdf0f3c7ca9bdf6cf42ead603855bfb5a8391e44a413d791302116d2201	/data1/qlyu/projects/pvrig_c2_new6220_dualreceptor_2seed_docking_results_v1_20260723/c2_new4220/compressed_queue/CANDIDATE_P1MCPUFP__CPUFP500K_0380__00771_8x6b_s1931_4e14039fe9ae.tar.gz	runs/CANDIDATE_P1MCPUFP__CPUFP500K_0380__00771_8x6b_s1931_4e14039fe9ae/haddock_run/6_seletopclusts/cluster_1_model_1.pdb.gz	-72.645	STRICT_A	CANDIDATE_P1MCPUFP__CPUFP500K_0380__00771_8x6b_s1931_4e14039fe9ae	AT
25	P1MCPUFP__CPUFP500K_0380__00771	existing_old_new7500_top200	c2_four_seed	9e6y	1931	SUCCESS	cluster_1_model_1.pdb.gz	/data/qlyu/projects/pvrig_top7500_dualpanel_screen_v1_20260724/run/qc397_final50_fusion_developability_v1_20260726/final50_common4_bundle/representative_complexes/R25__P1MCPUFP__CPUFP500K_0380__00771__9e6y__s1931.pdb	43b1931b8a0b8ddfdbe874e29aeda95ec3178c1c22e1c133356847ec08b03327	/data1/qlyu/projects/pvrig_c2_new6220_dualreceptor_2seed_docking_results_v1_20260723/c2_new4220/compressed_queue/CANDIDATE_P1MCPUFP__CPUFP500K_0380__00771_9e6y_s1931_3b1e0df7ed87.tar.gz	runs/CANDIDATE_P1MCPUFP__CPUFP500K_0380__00771_9e6y_s1931_3b1e0df7ed87/haddock_run/6_seletopclusts/cluster_1_model_1.pdb.gz	-96.09540000000001	STRICT_A	CANDIDATE_P1MCPUFP__CPUFP500K_0380__00771_9e6y_s1931_3b1e0df7ed87	AT
25	P1MCPUFP__CPUFP500K_0380__00771	existing_old_new7500_top200	c2_four_seed	8x6b	3047	SUCCESS	cluster_1_model_1.pdb.gz	/data/qlyu/projects/pvrig_top7500_dualpanel_screen_v1_20260724/run/qc397_final50_fusion_developability_v1_20260726/final50_common4_bundle/representative_complexes/R25__P1MCPUFP__CPUFP500K_0380__00771__8x6b__s3047.pdb	9aab415b3f611acf3933620f8939048070b2c43ef5b6a5cd16c7d32e3ea0e75f	/data1/qlyu/projects/pvrig_c2_new4220_seed42_3047_docking_results_v1_20260723/c2_new4220_seed42_3047/compressed_queue/CANDIDATE_P1MCPUFP__CPUFP500K_0380__00771_8x6b_s3047_7caa51129264.tar.gz	runs/CANDIDATE_P1MCPUFP__CPUFP500K_0380__00771_8x6b_s3047_7caa51129264/haddock_run/6_seletopclusts/cluster_1_model_1.pdb.gz	-69.10194	STRICT_A	CANDIDATE_P1MCPUFP__CPUFP500K_0380__00771_8x6b_s3047_7caa51129264	AT
25	P1MCPUFP__CPUFP500K_0380__00771	existing_old_new7500_top200	c2_four_seed	9e6y	3047	SUCCESS	cluster_1_model_1.pdb.gz	/data/qlyu/projects/pvrig_top7500_dualpanel_screen_v1_20260724/run/qc397_final50_fusion_developability_v1_20260726/final50_common4_bundle/representative_complexes/R25__P1MCPUFP__CPUFP500K_0380__00771__9e6y__s3047.pdb	07c59269c6c3249292c2160d60be5ab21377a455d6d70802f85a02781ec95f34	/data1/qlyu/projects/pvrig_c2_new4220_seed42_3047_docking_results_v1_20260723/c2_new4220_seed42_3047/compressed_queue/CANDIDATE_P1MCPUFP__CPUFP500K_0380__00771_9e6y_s3047_303524a6c349.tar.gz	runs/CANDIDATE_P1MCPUFP__CPUFP500K_0380__00771_9e6y_s3047_303524a6c349/haddock_run/6_seletopclusts/cluster_1_model_1.pdb.gz	-65.41140000000001	STRICT_A	CANDIDATE_P1MCPUFP__CPUFP500K_0380__00771_9e6y_s3047_303524a6c349	AT
26	NODE1GEN_217675_source_fixed_pose_mpnn_source_id_P500K__FIXED_POSE_MPNN__68DDB4A6D7CBCA89	generated_top3000	fixed_pose_mpnn	8x6b	42	SUCCESS	cluster_1_model_1.pdb.gz	/data/qlyu/projects/pvrig_top7500_dualpanel_screen_v1_20260724/run/qc397_final50_fusion_developability_v1_20260726/final50_common4_bundle/representative_complexes/R26__NODE1GEN_217675_source_fixed_pose_mpnn_source_id_P500K__FIXED_POSE_MPNN__68DDB4A6D7CBCA89__8x6b__s42.pdb	716bd576a5694d5d8d67a462724971ec37df88e6c073af53cb813afb5e5353a5	/data/qlyu/projects/pvrig_node1_generated100k_multimodal_top5000_4seed_docking_results_v2_20260724/compressed_queue/CANDIDATE_NODE1GEN_217675_source_fixed_pose_mpnn_source_id_P500K__FIXED_POSE_MPNN__68DDB4A6D7CBCA89_8x6b_s42_6bdd7e190c2f.tar.gz	runs/CANDIDATE_NODE1GEN_217675_source_fixed_pose_mpnn_source_id_P500K__FIXED_POSE_MPNN__68DDB4A6D7CBCA89_8x6b_s42_6bdd7e190c2f/haddock_run/6_seletopclusts/cluster_1_model_1.pdb.gz	-63.03887999999999	STRICT_A	CANDIDATE_NODE1GEN_217675_source_fixed_pose_mpnn_source_id_P500K__FIXED_POSE_MPNN__68DDB4A6D7CBCA89_8x6b_s42_6bdd7e190c2f	AT
26	NODE1GEN_217675_source_fixed_pose_mpnn_source_id_P500K__FIXED_POSE_MPNN__68DDB4A6D7CBCA89	generated_top3000	fixed_pose_mpnn	9e6y	42	SUCCESS	cluster_1_model_1.pdb.gz	/data/qlyu/projects/pvrig_top7500_dualpanel_screen_v1_20260724/run/qc397_final50_fusion_developability_v1_20260726/final50_common4_bundle/representative_complexes/R26__NODE1GEN_217675_source_fixed_pose_mpnn_source_id_P500K__FIXED_POSE_MPNN__68DDB4A6D7CBCA89__9e6y__s42.pdb	1317f067b84e5314884b69f3bfc5bef76294fd40661cc01581f553b9a5868ede	/data/qlyu/projects/pvrig_node1_generated100k_multimodal_top5000_4seed_docking_results_v2_20260724/compressed_queue/CANDIDATE_NODE1GEN_217675_source_fixed_pose_mpnn_source_id_P500K__FIXED_POSE_MPNN__68DDB4A6D7CBCA89_9e6y_s42_63be2fffec3f.tar.gz	runs/CANDIDATE_NODE1GEN_217675_source_fixed_pose_mpnn_source_id_P500K__FIXED_POSE_MPNN__68DDB4A6D7CBCA89_9e6y_s42_63be2fffec3f/haddock_run/6_seletopclusts/cluster_1_model_1.pdb.gz	-60.7762	STRICT_A	CANDIDATE_NODE1GEN_217675_source_fixed_pose_mpnn_source_id_P500K__FIXED_POSE_MPNN__68DDB4A6D7CBCA89_9e6y_s42_63be2fffec3f	AT
26	NODE1GEN_217675_source_fixed_pose_mpnn_source_id_P500K__FIXED_POSE_MPNN__68DDB4A6D7CBCA89	generated_top3000	fixed_pose_mpnn	8x6b	917	SUCCESS	cluster_1_model_1.pdb.gz	/data/qlyu/projects/pvrig_top7500_dualpanel_screen_v1_20260724/run/qc397_final50_fusion_developability_v1_20260726/final50_common4_bundle/representative_complexes/R26__NODE1GEN_217675_source_fixed_pose_mpnn_source_id_P500K__FIXED_POSE_MPNN__68DDB4A6D7CBCA89__8x6b__s917.pdb	e3d9610378dce3151cd46fbc292544141c1ff18c6628058edf587a823ec382f4	/data/qlyu/projects/pvrig_node1_generated100k_multimodal_top5000_4seed_docking_results_v2_20260724/compressed_queue/CANDIDATE_NODE1GEN_217675_source_fixed_pose_mpnn_source_id_P500K__FIXED_POSE_MPNN__68DDB4A6D7CBCA89_8x6b_s917_4659678b80cb.tar.gz	runs/CANDIDATE_NODE1GEN_217675_source_fixed_pose_mpnn_source_id_P500K__FIXED_POSE_MPNN__68DDB4A6D7CBCA89_8x6b_s917_4659678b80cb/haddock_run/6_seletopclusts/cluster_1_model_1.pdb.gz	-52.464279999999995	STRICT_A	CANDIDATE_NODE1GEN_217675_source_fixed_pose_mpnn_source_id_P500K__FIXED_POSE_MPNN__68DDB4A6D7CBCA89_8x6b_s917_4659678b80cb	AT
26	NODE1GEN_217675_source_fixed_pose_mpnn_source_id_P500K__FIXED_POSE_MPNN__68DDB4A6D7CBCA89	generated_top3000	fixed_pose_mpnn	9e6y	917	SUCCESS	cluster_1_model_1.pdb.gz	/data/qlyu/projects/pvrig_top7500_dualpanel_screen_v1_20260724/run/qc397_final50_fusion_developability_v1_20260726/final50_common4_bundle/representative_complexes/R26__NODE1GEN_217675_source_fixed_pose_mpnn_source_id_P500K__FIXED_POSE_MPNN__68DDB4A6D7CBCA89__9e6y__s917.pdb	d77f763865e7ed980a8922f3cf128b0aaddcbd0153c1e2bd7c82f989da70e0cb	/data/qlyu/projects/pvrig_node1_generated100k_multimodal_top5000_4seed_docking_results_v2_20260724/compressed_queue/CANDIDATE_NODE1GEN_217675_source_fixed_pose_mpnn_source_id_P500K__FIXED_POSE_MPNN__68DDB4A6D7CBCA89_9e6y_s917_331d22952052.tar.gz	runs/CANDIDATE_NODE1GEN_217675_source_fixed_pose_mpnn_source_id_P500K__FIXED_POSE_MPNN__68DDB4A6D7CBCA89_9e6y_s917_331d22952052/haddock_run/6_seletopclusts/cluster_1_model_1.pdb.gz	-65.1852	STRICT_A	CANDIDATE_NODE1GEN_217675_source_fixed_pose_mpnn_source_id_P500K__FIXED_POSE_MPNN__68DDB4A6D7CBCA89_9e6y_s917_331d22952052	AT
26	NODE1GEN_217675_source_fixed_pose_mpnn_source_id_P500K__FIXED_POSE_MPNN__68DDB4A6D7CBCA89	generated_top3000	fixed_pose_mpnn	8x6b	1931	SUCCESS	cluster_1_model_1.pdb.gz	/data/qlyu/projects/pvrig_top7500_dualpanel_screen_v1_20260724/run/qc397_final50_fusion_developability_v1_20260726/final50_common4_bundle/representative_complexes/R26__NODE1GEN_217675_source_fixed_pose_mpnn_source_id_P500K__FIXED_POSE_MPNN__68DDB4A6D7CBCA89__8x6b__s1931.pdb	0c9b9f26f4cfd038b6f5e867a032a5d6bcc3720ac1ac741211e33e264a9a6351	/data/qlyu/projects/pvrig_node1_generated100k_multimodal_top5000_4seed_docking_results_v2_20260724/compressed_queue/CANDIDATE_NODE1GEN_217675_source_fixed_pose_mpnn_source_id_P500K__FIXED_POSE_MPNN__68DDB4A6D7CBCA89_8x6b_s1931_b735eca9b92f.tar.gz	runs/CANDIDATE_NODE1GEN_217675_source_fixed_pose_mpnn_source_id_P500K__FIXED_POSE_MPNN__68DDB4A6D7CBCA89_8x6b_s1931_b735eca9b92f/haddock_run/6_seletopclusts/cluster_1_model_1.pdb.gz	-45.39452	STRICT_A	CANDIDATE_NODE1GEN_217675_source_fixed_pose_mpnn_source_id_P500K__FIXED_POSE_MPNN__68DDB4A6D7CBCA89_8x6b_s1931_b735eca9b92f	AT
26	NODE1GEN_217675_source_fixed_pose_mpnn_source_id_P500K__FIXED_POSE_MPNN__68DDB4A6D7CBCA89	generated_top3000	fixed_pose_mpnn	9e6y	1931	SUCCESS	cluster_1_model_1.pdb.gz	/data/qlyu/projects/pvrig_top7500_dualpanel_screen_v1_20260724/run/qc397_final50_fusion_developability_v1_20260726/final50_common4_bundle/representative_complexes/R26__NODE1GEN_217675_source_fixed_pose_mpnn_source_id_P500K__FIXED_POSE_MPNN__68DDB4A6D7CBCA89__9e6y__s1931.pdb	ae89b2cef445532691ca5e482b7bf94ed84ff2c0832a227fadf4e64b0f418691	/data/qlyu/projects/pvrig_node1_generated100k_multimodal_top5000_4seed_docking_results_v2_20260724/compressed_queue/CANDIDATE_NODE1GEN_217675_source_fixed_pose_mpnn_source_id_P500K__FIXED_POSE_MPNN__68DDB4A6D7CBCA89_9e6y_s1931_aa5d025e027f.tar.gz	runs/CANDIDATE_NODE1GEN_217675_source_fixed_pose_mpnn_source_id_P500K__FIXED_POSE_MPNN__68DDB4A6D7CBCA89_9e6y_s1931_aa5d025e027f/haddock_run/6_seletopclusts/cluster_1_model_1.pdb.gz	-64.05040000000001	STRICT_A	CANDIDATE_NODE1GEN_217675_source_fixed_pose_mpnn_source_id_P500K__FIXED_POSE_MPNN__68DDB4A6D7CBCA89_9e6y_s1931_aa5d025e027f	AT
26	NODE1GEN_217675_source_fixed_pose_mpnn_source_id_P500K__FIXED_POSE_MPNN__68DDB4A6D7CBCA89	generated_top3000	fixed_pose_mpnn	8x6b	3047	SUCCESS	cluster_1_model_1.pdb.gz	/data/qlyu/projects/pvrig_top7500_dualpanel_screen_v1_20260724/run/qc397_final50_fusion_developability_v1_20260726/final50_common4_bundle/representative_complexes/R26__NODE1GEN_217675_source_fixed_pose_mpnn_source_id_P500K__FIXED_POSE_MPNN__68DDB4A6D7CBCA89__8x6b__s3047.pdb	58f29d8d8acc2fd9a2a820f09942c07d2064c355ebd7cb94345e1d017176186d	/data/qlyu/projects/pvrig_node1_generated100k_multimodal_top5000_4seed_docking_results_v2_20260724/compressed_queue/CANDIDATE_NODE1GEN_217675_source_fixed_pose_mpnn_source_id_P500K__FIXED_POSE_MPNN__68DDB4A6D7CBCA89_8x6b_s3047_561f60ae4321.tar.gz	runs/CANDIDATE_NODE1GEN_217675_source_fixed_pose_mpnn_source_id_P500K__FIXED_POSE_MPNN__68DDB4A6D7CBCA89_8x6b_s3047_561f60ae4321/haddock_run/6_seletopclusts/cluster_1_model_1.pdb.gz	-66.7903	STRICT_A	CANDIDATE_NODE1GEN_217675_source_fixed_pose_mpnn_source_id_P500K__FIXED_POSE_MPNN__68DDB4A6D7CBCA89_8x6b_s3047_561f60ae4321	AT
26	NODE1GEN_217675_source_fixed_pose_mpnn_source_id_P500K__FIXED_POSE_MPNN__68DDB4A6D7CBCA89	generated_top3000	fixed_pose_mpnn	9e6y	3047	SUCCESS	cluster_1_model_1.pdb.gz	/data/qlyu/projects/pvrig_top7500_dualpanel_screen_v1_20260724/run/qc397_final50_fusion_developability_v1_20260726/final50_common4_bundle/representative_complexes/R26__NODE1GEN_217675_source_fixed_pose_mpnn_source_id_P500K__FIXED_POSE_MPNN__68DDB4A6D7CBCA89__9e6y__s3047.pdb	577c3025a0393341abacde383fda03c968c53ec9be12e242fe59276d6d879d77	/data/qlyu/projects/pvrig_node1_generated100k_multimodal_top5000_4seed_docking_results_v2_20260724/compressed_queue/CANDIDATE_NODE1GEN_217675_source_fixed_pose_mpnn_source_id_P500K__FIXED_POSE_MPNN__68DDB4A6D7CBCA89_9e6y_s3047_0b0c14550e96.tar.gz	runs/CANDIDATE_NODE1GEN_217675_source_fixed_pose_mpnn_source_id_P500K__FIXED_POSE_MPNN__68DDB4A6D7CBCA89_9e6y_s3047_0b0c14550e96/haddock_run/6_seletopclusts/cluster_1_model_1.pdb.gz	-68.52289999999999	STRICT_A	CANDIDATE_NODE1GEN_217675_source_fixed_pose_mpnn_source_id_P500K__FIXED_POSE_MPNN__68DDB4A6D7CBCA89_9e6y_s3047_0b0c14550e96	AT
27	P1MCPUFP__CPUFP500K_0404__00029	existing_old_new7500_top200	c2_four_seed	8x6b	42	SUCCESS	cluster_1_model_1.pdb.gz	/data/qlyu/projects/pvrig_top7500_dualpanel_screen_v1_20260724/run/qc397_final50_fusion_developability_v1_20260726/final50_common4_bundle/representative_complexes/R27__P1MCPUFP__CPUFP500K_0404__00029__8x6b__s42.pdb	f16f7b8e63121984edddcdd2348b25efe7904677c49bbea2b83f409a9acda22c	/data1/qlyu/projects/pvrig_c2_new4220_seed42_3047_docking_results_v1_20260723/c2_new4220_seed42_3047/compressed_queue/CANDIDATE_P1MCPUFP__CPUFP500K_0404__00029_8x6b_s42_c3f60105f2ed.tar.gz	runs/CANDIDATE_P1MCPUFP__CPUFP500K_0404__00029_8x6b_s42_c3f60105f2ed/haddock_run/6_seletopclusts/cluster_1_model_1.pdb.gz	-83.4477	STRICT_A	CANDIDATE_P1MCPUFP__CPUFP500K_0404__00029_8x6b_s42_c3f60105f2ed	AT
27	P1MCPUFP__CPUFP500K_0404__00029	existing_old_new7500_top200	c2_four_seed	9e6y	42	SUCCESS	cluster_1_model_1.pdb.gz	/data/qlyu/projects/pvrig_top7500_dualpanel_screen_v1_20260724/run/qc397_final50_fusion_developability_v1_20260726/final50_common4_bundle/representative_complexes/R27__P1MCPUFP__CPUFP500K_0404__00029__9e6y__s42.pdb	07a93c24572fabf9842c2e77a452438d166a60d3528291c015b9af6689b0b2bb	/data1/qlyu/projects/pvrig_c2_new4220_seed42_3047_docking_results_v1_20260723/c2_new4220_seed42_3047/compressed_queue/CANDIDATE_P1MCPUFP__CPUFP500K_0404__00029_9e6y_s42_28043d27ca14.tar.gz	runs/CANDIDATE_P1MCPUFP__CPUFP500K_0404__00029_9e6y_s42_28043d27ca14/haddock_run/6_seletopclusts/cluster_1_model_1.pdb.gz	-73.7602	STRICT_A	CANDIDATE_P1MCPUFP__CPUFP500K_0404__00029_9e6y_s42_28043d27ca14	AT
27	P1MCPUFP__CPUFP500K_0404__00029	existing_old_new7500_top200	c2_four_seed	8x6b	917	SUCCESS	cluster_1_model_1.pdb.gz	/data/qlyu/projects/pvrig_top7500_dualpanel_screen_v1_20260724/run/qc397_final50_fusion_developability_v1_20260726/final50_common4_bundle/representative_complexes/R27__P1MCPUFP__CPUFP500K_0404__00029__8x6b__s917.pdb	56959d0174579438a647d973298ea622b72bbe80cea3b5a3b21590027f3a6359	/data1/qlyu/projects/pvrig_c2_new6220_dualreceptor_2seed_docking_results_v1_20260723/c2_new4220/compressed_queue/CANDIDATE_P1MCPUFP__CPUFP500K_0404__00029_8x6b_s917_544f4c3d4f0b.tar.gz	runs/CANDIDATE_P1MCPUFP__CPUFP500K_0404__00029_8x6b_s917_544f4c3d4f0b/haddock_run/6_seletopclusts/cluster_1_model_1.pdb.gz	-90.0101	STRICT_A	CANDIDATE_P1MCPUFP__CPUFP500K_0404__00029_8x6b_s917_544f4c3d4f0b	AT
27	P1MCPUFP__CPUFP500K_0404__00029	existing_old_new7500_top200	c2_four_seed	9e6y	917	SUCCESS	cluster_1_model_1.pdb.gz	/data/qlyu/projects/pvrig_top7500_dualpanel_screen_v1_20260724/run/qc397_final50_fusion_developability_v1_20260726/final50_common4_bundle/representative_complexes/R27__P1MCPUFP__CPUFP500K_0404__00029__9e6y__s917.pdb	87750f81603eca35a294bcfe6d2ab720583bc9baeaa6c95f4aebd203b0a592ea	/data1/qlyu/projects/pvrig_c2_new6220_dualreceptor_2seed_docking_results_v1_20260723/c2_new4220/compressed_queue/CANDIDATE_P1MCPUFP__CPUFP500K_0404__00029_9e6y_s917_428d475a7ad5.tar.gz	runs/CANDIDATE_P1MCPUFP__CPUFP500K_0404__00029_9e6y_s917_428d475a7ad5/haddock_run/6_seletopclusts/cluster_1_model_1.pdb.gz	-59.122800000000005	STRICT_A	CANDIDATE_P1MCPUFP__CPUFP500K_0404__00029_9e6y_s917_428d475a7ad5	AT
27	P1MCPUFP__CPUFP500K_0404__00029	existing_old_new7500_top200	c2_four_seed	8x6b	1931	SUCCESS	cluster_1_model_1.pdb.gz	/data/qlyu/projects/pvrig_top7500_dualpanel_screen_v1_20260724/run/qc397_final50_fusion_developability_v1_20260726/final50_common4_bundle/representative_complexes/R27__P1MCPUFP__CPUFP500K_0404__00029__8x6b__s1931.pdb	64ef1fd2c1fe43b7140de03a695548390124d463c8870693a93b7eff55110c6e	/data1/qlyu/projects/pvrig_c2_new6220_dualreceptor_2seed_docking_results_v1_20260723/c2_new4220/compressed_queue/CANDIDATE_P1MCPUFP__CPUFP500K_0404__00029_8x6b_s1931_162787bb168d.tar.gz	runs/CANDIDATE_P1MCPUFP__CPUFP500K_0404__00029_8x6b_s1931_162787bb168d/haddock_run/6_seletopclusts/cluster_1_model_1.pdb.gz	-78.19420000000002	STRICT_A	CANDIDATE_P1MCPUFP__CPUFP500K_0404__00029_8x6b_s1931_162787bb168d	AT
27	P1MCPUFP__CPUFP500K_0404__00029	existing_old_new7500_top200	c2_four_seed	9e6y	1931	SUCCESS	cluster_1_model_1.pdb.gz	/data/qlyu/projects/pvrig_top7500_dualpanel_screen_v1_20260724/run/qc397_final50_fusion_developability_v1_20260726/final50_common4_bundle/representative_complexes/R27__P1MCPUFP__CPUFP500K_0404__00029__9e6y__s1931.pdb	5e147c5ed0eb9df8c27a30e2e4f1e268956e6d073af563bdecd9eb37a1db638f	/data1/qlyu/projects/pvrig_c2_new6220_dualreceptor_2seed_docking_results_v1_20260723/c2_new4220/compressed_queue/CANDIDATE_P1MCPUFP__CPUFP500K_0404__00029_9e6y_s1931_08cdeabd4b81.tar.gz	runs/CANDIDATE_P1MCPUFP__CPUFP500K_0404__00029_9e6y_s1931_08cdeabd4b81/haddock_run/6_seletopclusts/cluster_1_model_1.pdb.gz	-59.74989	STRICT_A	CANDIDATE_P1MCPUFP__CPUFP500K_0404__00029_9e6y_s1931_08cdeabd4b81	AT
27	P1MCPUFP__CPUFP500K_0404__00029	existing_old_new7500_top200	c2_four_seed	8x6b	3047	SUCCESS	cluster_1_model_1.pdb.gz	/data/qlyu/projects/pvrig_top7500_dualpanel_screen_v1_20260724/run/qc397_final50_fusion_developability_v1_20260726/final50_common4_bundle/representative_complexes/R27__P1MCPUFP__CPUFP500K_0404__00029__8x6b__s3047.pdb	52804a6286dff66abc117f2d4d12aedc2a926873b73c053e235863d4868ae6e1	/data1/qlyu/projects/pvrig_c2_new4220_seed42_3047_docking_results_v1_20260723/c2_new4220_seed42_3047/compressed_queue/CANDIDATE_P1MCPUFP__CPUFP500K_0404__00029_8x6b_s3047_162b400ff92e.tar.gz	runs/CANDIDATE_P1MCPUFP__CPUFP500K_0404__00029_8x6b_s3047_162b400ff92e/haddock_run/6_seletopclusts/cluster_1_model_1.pdb.gz	-65.2219	STRICT_A	CANDIDATE_P1MCPUFP__CPUFP500K_0404__00029_8x6b_s3047_162b400ff92e	AT
27	P1MCPUFP__CPUFP500K_0404__00029	existing_old_new7500_top200	c2_four_seed	9e6y	3047	SUCCESS	cluster_1_model_1.pdb.gz	/data/qlyu/projects/pvrig_top7500_dualpanel_screen_v1_20260724/run/qc397_final50_fusion_developability_v1_20260726/final50_common4_bundle/representative_complexes/R27__P1MCPUFP__CPUFP500K_0404__00029__9e6y__s3047.pdb	3e740f09d8aad3fb2453b8dde36c70ba344725ec6972fdc4d2f339b02b2ece79	/data1/qlyu/projects/pvrig_c2_new4220_seed42_3047_docking_results_v1_20260723/c2_new4220_seed42_3047/compressed_queue/CANDIDATE_P1MCPUFP__CPUFP500K_0404__00029_9e6y_s3047_4f0b0c0e02aa.tar.gz	runs/CANDIDATE_P1MCPUFP__CPUFP500K_0404__00029_9e6y_s3047_4f0b0c0e02aa/haddock_run/6_seletopclusts/cluster_1_model_1.pdb.gz	-71.56943000000001	STRICT_A	CANDIDATE_P1MCPUFP__CPUFP500K_0404__00029_9e6y_s3047_4f0b0c0e02aa	AT
28	P1MCPUFP__CPUFP500K_0188__00549	existing_old_new7500_top200	c2_four_seed	8x6b	42	SUCCESS	cluster_1_model_1.pdb.gz	/data/qlyu/projects/pvrig_top7500_dualpanel_screen_v1_20260724/run/qc397_final50_fusion_developability_v1_20260726/final50_common4_bundle/representative_complexes/R28__P1MCPUFP__CPUFP500K_0188__00549__8x6b__s42.pdb	87cf97aba067a5ca45c6f784807a982161165578f263105e5ce10709295f838d	/data1/qlyu/projects/pvrig_c2_new4220_seed42_3047_docking_results_v1_20260723/c2_new4220_seed42_3047/compressed_queue/CANDIDATE_P1MCPUFP__CPUFP500K_0188__00549_8x6b_s42_34b244170d60.tar.gz	runs/CANDIDATE_P1MCPUFP__CPUFP500K_0188__00549_8x6b_s42_34b244170d60/haddock_run/6_seletopclusts/cluster_1_model_1.pdb.gz	-110.59700000000001	STRICT_A	CANDIDATE_P1MCPUFP__CPUFP500K_0188__00549_8x6b_s42_34b244170d60	AT
28	P1MCPUFP__CPUFP500K_0188__00549	existing_old_new7500_top200	c2_four_seed	9e6y	42	SUCCESS	cluster_1_model_1.pdb.gz	/data/qlyu/projects/pvrig_top7500_dualpanel_screen_v1_20260724/run/qc397_final50_fusion_developability_v1_20260726/final50_common4_bundle/representative_complexes/R28__P1MCPUFP__CPUFP500K_0188__00549__9e6y__s42.pdb	f01dfb659ce0896b41a588d6161a10b92502f9777a248f6968c8e096953c8114	/data1/qlyu/projects/pvrig_c2_new4220_seed42_3047_docking_results_v1_20260723/c2_new4220_seed42_3047/compressed_queue/CANDIDATE_P1MCPUFP__CPUFP500K_0188__00549_9e6y_s42_1bd605a088bc.tar.gz	runs/CANDIDATE_P1MCPUFP__CPUFP500K_0188__00549_9e6y_s42_1bd605a088bc/haddock_run/6_seletopclusts/cluster_1_model_1.pdb.gz	-105.26950000000001	STRICT_A	CANDIDATE_P1MCPUFP__CPUFP500K_0188__00549_9e6y_s42_1bd605a088bc	AT
28	P1MCPUFP__CPUFP500K_0188__00549	existing_old_new7500_top200	c2_four_seed	8x6b	917	SUCCESS	cluster_1_model_1.pdb.gz	/data/qlyu/projects/pvrig_top7500_dualpanel_screen_v1_20260724/run/qc397_final50_fusion_developability_v1_20260726/final50_common4_bundle/representative_complexes/R28__P1MCPUFP__CPUFP500K_0188__00549__8x6b__s917.pdb	d19580c2d5bde9e95ce2e602e1c24862592509b48bfb8694e6ea19435883f996	/data1/qlyu/projects/pvrig_c2_new6220_dualreceptor_2seed_docking_results_v1_20260723/c2_new4220/compressed_queue/CANDIDATE_P1MCPUFP__CPUFP500K_0188__00549_8x6b_s917_2881411fb4f4.tar.gz	runs/CANDIDATE_P1MCPUFP__CPUFP500K_0188__00549_8x6b_s917_2881411fb4f4/haddock_run/6_seletopclusts/cluster_1_model_1.pdb.gz	-95.21249999999999	STRICT_A	CANDIDATE_P1MCPUFP__CPUFP500K_0188__00549_8x6b_s917_2881411fb4f4	AT
28	P1MCPUFP__CPUFP500K_0188__00549	existing_old_new7500_top200	c2_four_seed	9e6y	917	SUCCESS	cluster_1_model_1.pdb.gz	/data/qlyu/projects/pvrig_top7500_dualpanel_screen_v1_20260724/run/qc397_final50_fusion_developability_v1_20260726/final50_common4_bundle/representative_complexes/R28__P1MCPUFP__CPUFP500K_0188__00549__9e6y__s917.pdb	3afb380012addae5df07fd9071f344cb6514ee6a37e2e8ea486f96521700b656	/data1/qlyu/projects/pvrig_c2_new6220_dualreceptor_2seed_docking_results_v1_20260723/c2_new4220/compressed_queue/CANDIDATE_P1MCPUFP__CPUFP500K_0188__00549_9e6y_s917_f6634c199d4f.tar.gz	runs/CANDIDATE_P1MCPUFP__CPUFP500K_0188__00549_9e6y_s917_f6634c199d4f/haddock_run/6_seletopclusts/cluster_1_model_1.pdb.gz	-86.89020000000002	STRICT_A	CANDIDATE_P1MCPUFP__CPUFP500K_0188__00549_9e6y_s917_f6634c199d4f	AT
28	P1MCPUFP__CPUFP500K_0188__00549	existing_old_new7500_top200	c2_four_seed	8x6b	1931	SUCCESS	cluster_1_model_1.pdb.gz	/data/qlyu/projects/pvrig_top7500_dualpanel_screen_v1_20260724/run/qc397_final50_fusion_developability_v1_20260726/final50_common4_bundle/representative_complexes/R28__P1MCPUFP__CPUFP500K_0188__00549__8x6b__s1931.pdb	5771a4aafa31742fff2a4ce403bbc924b342b3d92ff785f36fd1cccf0edcbd21	/data1/qlyu/projects/pvrig_c2_new6220_dualreceptor_2seed_docking_results_v1_20260723/c2_new4220/compressed_queue/CANDIDATE_P1MCPUFP__CPUFP500K_0188__00549_8x6b_s1931_de830fe00bbf.tar.gz	runs/CANDIDATE_P1MCPUFP__CPUFP500K_0188__00549_8x6b_s1931_de830fe00bbf/haddock_run/6_seletopclusts/cluster_1_model_1.pdb.gz	-104.9177	STRICT_A	CANDIDATE_P1MCPUFP__CPUFP500K_0188__00549_8x6b_s1931_de830fe00bbf	AT
28	P1MCPUFP__CPUFP500K_0188__00549	existing_old_new7500_top200	c2_four_seed	9e6y	1931	SUCCESS	cluster_1_model_1.pdb.gz	/data/qlyu/projects/pvrig_top7500_dualpanel_screen_v1_20260724/run/qc397_final50_fusion_developability_v1_20260726/final50_common4_bundle/representative_complexes/R28__P1MCPUFP__CPUFP500K_0188__00549__9e6y__s1931.pdb	fa4b74b4599cc6f004f0f0efc3f2e9db46e51ce2ae739243c1a8d6720df1002b	/data1/qlyu/projects/pvrig_c2_new6220_dualreceptor_2seed_docking_results_v1_20260723/c2_new4220/compressed_queue/CANDIDATE_P1MCPUFP__CPUFP500K_0188__00549_9e6y_s1931_a24379431c99.tar.gz	runs/CANDIDATE_P1MCPUFP__CPUFP500K_0188__00549_9e6y_s1931_a24379431c99/haddock_run/6_seletopclusts/cluster_1_model_1.pdb.gz	-88.82190000000001	STRICT_A	CANDIDATE_P1MCPUFP__CPUFP500K_0188__00549_9e6y_s1931_a24379431c99	AT
28	P1MCPUFP__CPUFP500K_0188__00549	existing_old_new7500_top200	c2_four_seed	8x6b	3047	SUCCESS	cluster_1_model_1.pdb.gz	/data/qlyu/projects/pvrig_top7500_dualpanel_screen_v1_20260724/run/qc397_final50_fusion_developability_v1_20260726/final50_common4_bundle/representative_complexes/R28__P1MCPUFP__CPUFP500K_0188__00549__8x6b__s3047.pdb	80637ab905360e6f0bc318a9a0a4834e31fc13c8e5f670f5d9044c8d25dab57f	/data1/qlyu/projects/pvrig_c2_new4220_seed42_3047_docking_results_v1_20260723/c2_new4220_seed42_3047/compressed_queue/CANDIDATE_P1MCPUFP__CPUFP500K_0188__00549_8x6b_s3047_531f98faac2e.tar.gz	runs/CANDIDATE_P1MCPUFP__CPUFP500K_0188__00549_8x6b_s3047_531f98faac2e/haddock_run/6_seletopclusts/cluster_1_model_1.pdb.gz	-94.9428	STRICT_A	CANDIDATE_P1MCPUFP__CPUFP500K_0188__00549_8x6b_s3047_531f98faac2e	AT
28	P1MCPUFP__CPUFP500K_0188__00549	existing_old_new7500_top200	c2_four_seed	9e6y	3047	SUCCESS	cluster_1_model_1.pdb.gz	/data/qlyu/projects/pvrig_top7500_dualpanel_screen_v1_20260724/run/qc397_final50_fusion_developability_v1_20260726/final50_common4_bundle/representative_complexes/R28__P1MCPUFP__CPUFP500K_0188__00549__9e6y__s3047.pdb	e2551bca299d0085a1954641eac78f059ae905ebd242d996434c65be3afe738c	/data1/qlyu/projects/pvrig_c2_new4220_seed42_3047_docking_results_v1_20260723/c2_new4220_seed42_3047/compressed_queue/CANDIDATE_P1MCPUFP__CPUFP500K_0188__00549_9e6y_s3047_ee614e9d888f.tar.gz	runs/CANDIDATE_P1MCPUFP__CPUFP500K_0188__00549_9e6y_s3047_ee614e9d888f/haddock_run/6_seletopclusts/cluster_1_model_1.pdb.gz	-95.202	STRICT_A	CANDIDATE_P1MCPUFP__CPUFP500K_0188__00549_9e6y_s3047_ee614e9d888f	AT
29	P1MCPUFP__CPUFP500K_0188__00481	existing_old_new7500_top200	c2_four_seed	8x6b	42	SUCCESS	cluster_1_model_1.pdb.gz	/data/qlyu/projects/pvrig_top7500_dualpanel_screen_v1_20260724/run/qc397_final50_fusion_developability_v1_20260726/final50_common4_bundle/representative_complexes/R29__P1MCPUFP__CPUFP500K_0188__00481__8x6b__s42.pdb	450612f9671a76b1fa263106485b1b1e86e71c355dcfad56de323baebcbbdaac	/data1/qlyu/projects/pvrig_c2_new4220_seed42_3047_docking_results_v1_20260723/c2_new4220_seed42_3047/compressed_queue/CANDIDATE_P1MCPUFP__CPUFP500K_0188__00481_8x6b_s42_07fe10b18309.tar.gz	runs/CANDIDATE_P1MCPUFP__CPUFP500K_0188__00481_8x6b_s42_07fe10b18309/haddock_run/6_seletopclusts/cluster_1_model_1.pdb.gz	-75.51844	STRICT_A	CANDIDATE_P1MCPUFP__CPUFP500K_0188__00481_8x6b_s42_07fe10b18309	AT
29	P1MCPUFP__CPUFP500K_0188__00481	existing_old_new7500_top200	c2_four_seed	9e6y	42	SUCCESS	cluster_1_model_1.pdb.gz	/data/qlyu/projects/pvrig_top7500_dualpanel_screen_v1_20260724/run/qc397_final50_fusion_developability_v1_20260726/final50_common4_bundle/representative_complexes/R29__P1MCPUFP__CPUFP500K_0188__00481__9e6y__s42.pdb	7bfae73ebb944ab80df7d3ff7a30a630714dbd5593adb56185a2f55b088e4c7a	/data1/qlyu/projects/pvrig_c2_new4220_seed42_3047_docking_results_v1_20260723/c2_new4220_seed42_3047/compressed_queue/CANDIDATE_P1MCPUFP__CPUFP500K_0188__00481_9e6y_s42_9e70ea342df3.tar.gz	runs/CANDIDATE_P1MCPUFP__CPUFP500K_0188__00481_9e6y_s42_9e70ea342df3/haddock_run/6_seletopclusts/cluster_1_model_1.pdb.gz	-73.06766	STRICT_A	CANDIDATE_P1MCPUFP__CPUFP500K_0188__00481_9e6y_s42_9e70ea342df3	AT
29	P1MCPUFP__CPUFP500K_0188__00481	existing_old_new7500_top200	c2_four_seed	8x6b	917	SUCCESS	cluster_1_model_1.pdb.gz	/data/qlyu/projects/pvrig_top7500_dualpanel_screen_v1_20260724/run/qc397_final50_fusion_developability_v1_20260726/final50_common4_bundle/representative_complexes/R29__P1MCPUFP__CPUFP500K_0188__00481__8x6b__s917.pdb	9fbee259f4401d510fa99f981c2aac7ee7c4b298abd3ea6c19c396ef74bca193	/data1/qlyu/projects/pvrig_c2_new6220_dualreceptor_2seed_docking_results_v1_20260723/c2_new4220/compressed_queue/CANDIDATE_P1MCPUFP__CPUFP500K_0188__00481_8x6b_s917_de5eb00cbe1f.tar.gz	runs/CANDIDATE_P1MCPUFP__CPUFP500K_0188__00481_8x6b_s917_de5eb00cbe1f/haddock_run/6_seletopclusts/cluster_1_model_1.pdb.gz	-69.29818	STRICT_A	CANDIDATE_P1MCPUFP__CPUFP500K_0188__00481_8x6b_s917_de5eb00cbe1f	AT
29	P1MCPUFP__CPUFP500K_0188__00481	existing_old_new7500_top200	c2_four_seed	9e6y	917	SUCCESS	cluster_1_model_1.pdb.gz	/data/qlyu/projects/pvrig_top7500_dualpanel_screen_v1_20260724/run/qc397_final50_fusion_developability_v1_20260726/final50_common4_bundle/representative_complexes/R29__P1MCPUFP__CPUFP500K_0188__00481__9e6y__s917.pdb	0fe9bc1700986d28f044aee36caf2fb8a2c08c0611e364cf49c10e6c9c9d544e	/data1/qlyu/projects/pvrig_c2_new6220_dualreceptor_2seed_docking_results_v1_20260723/c2_new4220/compressed_queue/CANDIDATE_P1MCPUFP__CPUFP500K_0188__00481_9e6y_s917_e16d16ab541c.tar.gz	runs/CANDIDATE_P1MCPUFP__CPUFP500K_0188__00481_9e6y_s917_e16d16ab541c/haddock_run/6_seletopclusts/cluster_1_model_1.pdb.gz	-73.65844000000001	STRICT_A	CANDIDATE_P1MCPUFP__CPUFP500K_0188__00481_9e6y_s917_e16d16ab541c	AT
29	P1MCPUFP__CPUFP500K_0188__00481	existing_old_new7500_top200	c2_four_seed	8x6b	1931	SUCCESS	cluster_1_model_1.pdb.gz	/data/qlyu/projects/pvrig_top7500_dualpanel_screen_v1_20260724/run/qc397_final50_fusion_developability_v1_20260726/final50_common4_bundle/representative_complexes/R29__P1MCPUFP__CPUFP500K_0188__00481__8x6b__s1931.pdb	1307c829b7b2df94c34e0f3136bf3788308ac6883bacb1eae647d92e68444df8	/data1/qlyu/projects/pvrig_c2_new6220_dualreceptor_2seed_docking_results_v1_20260723/c2_new4220/compressed_queue/CANDIDATE_P1MCPUFP__CPUFP500K_0188__00481_8x6b_s1931_bbb92894029c.tar.gz	runs/CANDIDATE_P1MCPUFP__CPUFP500K_0188__00481_8x6b_s1931_bbb92894029c/haddock_run/6_seletopclusts/cluster_1_model_1.pdb.gz	-92.3	STRICT_A	CANDIDATE_P1MCPUFP__CPUFP500K_0188__00481_8x6b_s1931_bbb92894029c	AT
29	P1MCPUFP__CPUFP500K_0188__00481	existing_old_new7500_top200	c2_four_seed	9e6y	1931	SUCCESS	cluster_1_model_1.pdb.gz	/data/qlyu/projects/pvrig_top7500_dualpanel_screen_v1_20260724/run/qc397_final50_fusion_developability_v1_20260726/final50_common4_bundle/representative_complexes/R29__P1MCPUFP__CPUFP500K_0188__00481__9e6y__s1931.pdb	40d50bb0af407fdf8e8a39032adf7e39aff4e64a113efa8bf1b6d1dcca7141a7	/data1/qlyu/projects/pvrig_c2_new6220_dualreceptor_2seed_docking_results_v1_20260723/c2_new4220/compressed_queue/CANDIDATE_P1MCPUFP__CPUFP500K_0188__00481_9e6y_s1931_2014e8a8c6a8.tar.gz	runs/CANDIDATE_P1MCPUFP__CPUFP500K_0188__00481_9e6y_s1931_2014e8a8c6a8/haddock_run/6_seletopclusts/cluster_1_model_1.pdb.gz	-63.095	STRICT_A	CANDIDATE_P1MCPUFP__CPUFP500K_0188__00481_9e6y_s1931_2014e8a8c6a8	AT
29	P1MCPUFP__CPUFP500K_0188__00481	existing_old_new7500_top200	c2_four_seed	8x6b	3047	SUCCESS	cluster_1_model_1.pdb.gz	/data/qlyu/projects/pvrig_top7500_dualpanel_screen_v1_20260724/run/qc397_final50_fusion_developability_v1_20260726/final50_common4_bundle/representative_complexes/R29__P1MCPUFP__CPUFP500K_0188__00481__8x6b__s3047.pdb	c6da70b3d45480798695bad88fc138d2920894b5db1f4ee5db1907bd4e0a696e	/data1/qlyu/projects/pvrig_c2_new4220_seed42_3047_docking_results_v1_20260723/c2_new4220_seed42_3047/compressed_queue/CANDIDATE_P1MCPUFP__CPUFP500K_0188__00481_8x6b_s3047_34c89a8ec943.tar.gz	runs/CANDIDATE_P1MCPUFP__CPUFP500K_0188__00481_8x6b_s3047_34c89a8ec943/haddock_run/6_seletopclusts/cluster_1_model_1.pdb.gz	-76.1736	STRICT_A	CANDIDATE_P1MCPUFP__CPUFP500K_0188__00481_8x6b_s3047_34c89a8ec943	AT
29	P1MCPUFP__CPUFP500K_0188__00481	existing_old_new7500_top200	c2_four_seed	9e6y	3047	SUCCESS	cluster_1_model_1.pdb.gz	/data/qlyu/projects/pvrig_top7500_dualpanel_screen_v1_20260724/run/qc397_final50_fusion_developability_v1_20260726/final50_common4_bundle/representative_complexes/R29__P1MCPUFP__CPUFP500K_0188__00481__9e6y__s3047.pdb	9cf74b733bc801c762d281229e3a45c65ce1ba5f6bbabde3005fa2961a4fa6e2	/data1/qlyu/projects/pvrig_c2_new4220_seed42_3047_docking_results_v1_20260723/c2_new4220_seed42_3047/compressed_queue/CANDIDATE_P1MCPUFP__CPUFP500K_0188__00481_9e6y_s3047_819d5ca8b954.tar.gz	runs/CANDIDATE_P1MCPUFP__CPUFP500K_0188__00481_9e6y_s3047_819d5ca8b954/haddock_run/6_seletopclusts/cluster_1_model_1.pdb.gz	-74.7093	STRICT_A	CANDIDATE_P1MCPUFP__CPUFP500K_0188__00481_9e6y_s3047_819d5ca8b954	AT
30	NODE1GEN_182669_source_fixed_pose_mpnn_source_id_P500K__FIXED_POSE_MPNN__D4BBD3AB583903E7	generated_top3000	fixed_pose_mpnn	8x6b	42	SUCCESS	cluster_1_model_1.pdb.gz	/data/qlyu/projects/pvrig_top7500_dualpanel_screen_v1_20260724/run/qc397_final50_fusion_developability_v1_20260726/final50_common4_bundle/representative_complexes/R30__NODE1GEN_182669_source_fixed_pose_mpnn_source_id_P500K__FIXED_POSE_MPNN__D4BBD3AB583903E7__8x6b__s42.pdb	2d6a6a34b569d6d4fbf593f410ba9a7ff06ff8e3f89409cf29ce4731ad65a5a0	/data/qlyu/projects/pvrig_node1_generated100k_multimodal_top5000_4seed_docking_results_v2_20260724/compressed_queue/CANDIDATE_NODE1GEN_182669_source_fixed_pose_mpnn_source_id_P500K__FIXED_POSE_MPNN__D4BBD3AB583903E7_8x6b_s42_3c4290e4d050.tar.gz	runs/CANDIDATE_NODE1GEN_182669_source_fixed_pose_mpnn_source_id_P500K__FIXED_POSE_MPNN__D4BBD3AB583903E7_8x6b_s42_3c4290e4d050/haddock_run/6_seletopclusts/cluster_1_model_1.pdb.gz	-51.490300000000005	STRICT_A	CANDIDATE_NODE1GEN_182669_source_fixed_pose_mpnn_source_id_P500K__FIXED_POSE_MPNN__D4BBD3AB583903E7_8x6b_s42_3c4290e4d050	AT
30	NODE1GEN_182669_source_fixed_pose_mpnn_source_id_P500K__FIXED_POSE_MPNN__D4BBD3AB583903E7	generated_top3000	fixed_pose_mpnn	9e6y	42	SUCCESS	cluster_1_model_1.pdb.gz	/data/qlyu/projects/pvrig_top7500_dualpanel_screen_v1_20260724/run/qc397_final50_fusion_developability_v1_20260726/final50_common4_bundle/representative_complexes/R30__NODE1GEN_182669_source_fixed_pose_mpnn_source_id_P500K__FIXED_POSE_MPNN__D4BBD3AB583903E7__9e6y__s42.pdb	9f902c9b68cfc5df5b44dfaa660f483bb1d7a027d2e568c5c06a365c5ca91e0c	/data/qlyu/projects/pvrig_node1_generated100k_multimodal_top5000_4seed_docking_results_v2_20260724/compressed_queue/CANDIDATE_NODE1GEN_182669_source_fixed_pose_mpnn_source_id_P500K__FIXED_POSE_MPNN__D4BBD3AB583903E7_9e6y_s42_d47a0003966d.tar.gz	runs/CANDIDATE_NODE1GEN_182669_source_fixed_pose_mpnn_source_id_P500K__FIXED_POSE_MPNN__D4BBD3AB583903E7_9e6y_s42_d47a0003966d/haddock_run/6_seletopclusts/cluster_1_model_1.pdb.gz	-55.110499999999995	STRICT_A	CANDIDATE_NODE1GEN_182669_source_fixed_pose_mpnn_source_id_P500K__FIXED_POSE_MPNN__D4BBD3AB583903E7_9e6y_s42_d47a0003966d	AT
30	NODE1GEN_182669_source_fixed_pose_mpnn_source_id_P500K__FIXED_POSE_MPNN__D4BBD3AB583903E7	generated_top3000	fixed_pose_mpnn	8x6b	917	SUCCESS	cluster_1_model_1.pdb.gz	/data/qlyu/projects/pvrig_top7500_dualpanel_screen_v1_20260724/run/qc397_final50_fusion_developability_v1_20260726/final50_common4_bundle/representative_complexes/R30__NODE1GEN_182669_source_fixed_pose_mpnn_source_id_P500K__FIXED_POSE_MPNN__D4BBD3AB583903E7__8x6b__s917.pdb	9d1bbbe05524e59564c2da68ae902942ba139a6061c46f3c8efa64d143e2d059	/data/qlyu/projects/pvrig_node1_generated100k_multimodal_top5000_4seed_docking_results_v2_20260724/compressed_queue/CANDIDATE_NODE1GEN_182669_source_fixed_pose_mpnn_source_id_P500K__FIXED_POSE_MPNN__D4BBD3AB583903E7_8x6b_s917_e0b6b46b8ff6.tar.gz	runs/CANDIDATE_NODE1GEN_182669_source_fixed_pose_mpnn_source_id_P500K__FIXED_POSE_MPNN__D4BBD3AB583903E7_8x6b_s917_e0b6b46b8ff6/haddock_run/6_seletopclusts/cluster_1_model_1.pdb.gz	-63.1757	STRICT_A	CANDIDATE_NODE1GEN_182669_source_fixed_pose_mpnn_source_id_P500K__FIXED_POSE_MPNN__D4BBD3AB583903E7_8x6b_s917_e0b6b46b8ff6	AT
30	NODE1GEN_182669_source_fixed_pose_mpnn_source_id_P500K__FIXED_POSE_MPNN__D4BBD3AB583903E7	generated_top3000	fixed_pose_mpnn	9e6y	917	SUCCESS	cluster_1_model_1.pdb.gz	/data/qlyu/projects/pvrig_top7500_dualpanel_screen_v1_20260724/run/qc397_final50_fusion_developability_v1_20260726/final50_common4_bundle/representative_complexes/R30__NODE1GEN_182669_source_fixed_pose_mpnn_source_id_P500K__FIXED_POSE_MPNN__D4BBD3AB583903E7__9e6y__s917.pdb	5a3c623ae20cb74da279bd41eb78be31c5e8301c54b9eb48da856d667a0f01ee	/data/qlyu/projects/pvrig_node1_generated100k_multimodal_top5000_4seed_docking_results_v2_20260724/compressed_queue/CANDIDATE_NODE1GEN_182669_source_fixed_pose_mpnn_source_id_P500K__FIXED_POSE_MPNN__D4BBD3AB583903E7_9e6y_s917_0e7006ec17e6.tar.gz	runs/CANDIDATE_NODE1GEN_182669_source_fixed_pose_mpnn_source_id_P500K__FIXED_POSE_MPNN__D4BBD3AB583903E7_9e6y_s917_0e7006ec17e6/haddock_run/6_seletopclusts/cluster_1_model_1.pdb.gz	-57.1797	STRICT_A	CANDIDATE_NODE1GEN_182669_source_fixed_pose_mpnn_source_id_P500K__FIXED_POSE_MPNN__D4BBD3AB583903E7_9e6y_s917_0e7006ec17e6	AT
30	NODE1GEN_182669_source_fixed_pose_mpnn_source_id_P500K__FIXED_POSE_MPNN__D4BBD3AB583903E7	generated_top3000	fixed_pose_mpnn	8x6b	1931	SUCCESS	cluster_1_model_1.pdb.gz	/data/qlyu/projects/pvrig_top7500_dualpanel_screen_v1_20260724/run/qc397_final50_fusion_developability_v1_20260726/final50_common4_bundle/representative_complexes/R30__NODE1GEN_182669_source_fixed_pose_mpnn_source_id_P500K__FIXED_POSE_MPNN__D4BBD3AB583903E7__8x6b__s1931.pdb	a7b97d8691250634c9669dd246c12a8e57a6b74858386f0e8d5ba11da2476f14	/data/qlyu/projects/pvrig_node1_generated100k_multimodal_top5000_4seed_docking_results_v2_20260724/compressed_queue/CANDIDATE_NODE1GEN_182669_source_fixed_pose_mpnn_source_id_P500K__FIXED_POSE_MPNN__D4BBD3AB583903E7_8x6b_s1931_1fb3a127aacb.tar.gz	runs/CANDIDATE_NODE1GEN_182669_source_fixed_pose_mpnn_source_id_P500K__FIXED_POSE_MPNN__D4BBD3AB583903E7_8x6b_s1931_1fb3a127aacb/haddock_run/6_seletopclusts/cluster_1_model_1.pdb.gz	-52.76121	STRICT_A	CANDIDATE_NODE1GEN_182669_source_fixed_pose_mpnn_source_id_P500K__FIXED_POSE_MPNN__D4BBD3AB583903E7_8x6b_s1931_1fb3a127aacb	AT
30	NODE1GEN_182669_source_fixed_pose_mpnn_source_id_P500K__FIXED_POSE_MPNN__D4BBD3AB583903E7	generated_top3000	fixed_pose_mpnn	9e6y	1931	SUCCESS	cluster_1_model_1.pdb.gz	/data/qlyu/projects/pvrig_top7500_dualpanel_screen_v1_20260724/run/qc397_final50_fusion_developability_v1_20260726/final50_common4_bundle/representative_complexes/R30__NODE1GEN_182669_source_fixed_pose_mpnn_source_id_P500K__FIXED_POSE_MPNN__D4BBD3AB583903E7__9e6y__s1931.pdb	415cd47ceb0150970102d8e1206f25fdeada018ca2b051db7d02027a285ce153	/data/qlyu/projects/pvrig_node1_generated100k_multimodal_top5000_4seed_docking_results_v2_20260724/compressed_queue/CANDIDATE_NODE1GEN_182669_source_fixed_pose_mpnn_source_id_P500K__FIXED_POSE_MPNN__D4BBD3AB583903E7_9e6y_s1931_72839806d827.tar.gz	runs/CANDIDATE_NODE1GEN_182669_source_fixed_pose_mpnn_source_id_P500K__FIXED_POSE_MPNN__D4BBD3AB583903E7_9e6y_s1931_72839806d827/haddock_run/6_seletopclusts/cluster_1_model_1.pdb.gz	-58.835300000000004	STRICT_A	CANDIDATE_NODE1GEN_182669_source_fixed_pose_mpnn_source_id_P500K__FIXED_POSE_MPNN__D4BBD3AB583903E7_9e6y_s1931_72839806d827	AT
30	NODE1GEN_182669_source_fixed_pose_mpnn_source_id_P500K__FIXED_POSE_MPNN__D4BBD3AB583903E7	generated_top3000	fixed_pose_mpnn	8x6b	3047	SUCCESS	cluster_1_model_1.pdb.gz	/data/qlyu/projects/pvrig_top7500_dualpanel_screen_v1_20260724/run/qc397_final50_fusion_developability_v1_20260726/final50_common4_bundle/representative_complexes/R30__NODE1GEN_182669_source_fixed_pose_mpnn_source_id_P500K__FIXED_POSE_MPNN__D4BBD3AB583903E7__8x6b__s3047.pdb	ae35f8cde78bd35ce4f5ead7a10028ed1229574f83c92485d6aeeda95ecc2bb8	/data/qlyu/projects/pvrig_node1_generated100k_multimodal_top5000_4seed_docking_results_v2_20260724/compressed_queue/CANDIDATE_NODE1GEN_182669_source_fixed_pose_mpnn_source_id_P500K__FIXED_POSE_MPNN__D4BBD3AB583903E7_8x6b_s3047_4c4a9b3d43b9.tar.gz	runs/CANDIDATE_NODE1GEN_182669_source_fixed_pose_mpnn_source_id_P500K__FIXED_POSE_MPNN__D4BBD3AB583903E7_8x6b_s3047_4c4a9b3d43b9/haddock_run/6_seletopclusts/cluster_1_model_1.pdb.gz	-59.90916000000001	STRICT_A	CANDIDATE_NODE1GEN_182669_source_fixed_pose_mpnn_source_id_P500K__FIXED_POSE_MPNN__D4BBD3AB583903E7_8x6b_s3047_4c4a9b3d43b9	AT
30	NODE1GEN_182669_source_fixed_pose_mpnn_source_id_P500K__FIXED_POSE_MPNN__D4BBD3AB583903E7	generated_top3000	fixed_pose_mpnn	9e6y	3047	SUCCESS	cluster_1_model_1.pdb.gz	/data/qlyu/projects/pvrig_top7500_dualpanel_screen_v1_20260724/run/qc397_final50_fusion_developability_v1_20260726/final50_common4_bundle/representative_complexes/R30__NODE1GEN_182669_source_fixed_pose_mpnn_source_id_P500K__FIXED_POSE_MPNN__D4BBD3AB583903E7__9e6y__s3047.pdb	782535bc245fa808bfb42c5ef65e89094560053c317629675a9826c757c14168	/data/qlyu/projects/pvrig_node1_generated100k_multimodal_top5000_4seed_docking_results_v2_20260724/compressed_queue/CANDIDATE_NODE1GEN_182669_source_fixed_pose_mpnn_source_id_P500K__FIXED_POSE_MPNN__D4BBD3AB583903E7_9e6y_s3047_bc2f04096a8e.tar.gz	runs/CANDIDATE_NODE1GEN_182669_source_fixed_pose_mpnn_source_id_P500K__FIXED_POSE_MPNN__D4BBD3AB583903E7_9e6y_s3047_bc2f04096a8e/haddock_run/6_seletopclusts/cluster_1_model_1.pdb.gz	-59.1781	STRICT_A	CANDIDATE_NODE1GEN_182669_source_fixed_pose_mpnn_source_id_P500K__FIXED_POSE_MPNN__D4BBD3AB583903E7_9e6y_s3047_bc2f04096a8e	AT
31	NODE1GEN_128014_source_rfantibody_source_id_PVRIG_RFAb_v2_P6_ekg_L_bb258_mpn01_arm_P6_ekg_L_backbone_P6_ekg_L_bb258_status_NEEDS_RF2_AND_DOCKING	generated_top3000	rfantibody	8x6b	42	SUCCESS	cluster_1_model_1.pdb.gz	/data/qlyu/projects/pvrig_top7500_dualpanel_screen_v1_20260724/run/qc397_final50_fusion_developability_v1_20260726/final50_common4_bundle/representative_complexes/R31__NODE1GEN_128014__8x6b__s42.pdb	8c1429878a682e6326f487fee47aa780ff99c482f65e9603dbd89f4fa6595012	/data/qlyu/projects/pvrig_node1_generated100k_multimodal_top5000_4seed_docking_results_v2_20260724/compressed_queue/CANDIDATE_NODE1GEN_128014_source_rfantibody_source_id_PVRIG_RFAb_v2_P6_ekg_L_bb258_mpn01_arm_P6_ekg_L_backbone_P6_ekg_L_bb258_status_NEEDS_RF2_AND_DOCKING_8x6b_s42_6d22339a8f10.tar.gz	runs/CANDIDATE_NODE1GEN_128014_source_rfantibody_source_id_PVRIG_RFAb_v2_P6_ekg_L_bb258_mpn01_arm_P6_ekg_L_backbone_P6_ekg_L_bb258_status_NEEDS_RF2_AND_DOCKING_8x6b_s42_6d22339a8f10/haddock_run/6_seletopclusts/cluster_1_model_1.pdb.gz	-92.76410000000001	STRICT_A	CANDIDATE_NODE1GEN_128014_source_rfantibody_source_id_PVRIG_RFAb_v2_P6_ekg_L_bb258_mpn01_arm_P6_ekg_L_backbone_P6_ekg_L_bb258_status_NEEDS_RF2_AND_DOCKING_8x6b_s42_6d22339a8f10	AT
31	NODE1GEN_128014_source_rfantibody_source_id_PVRIG_RFAb_v2_P6_ekg_L_bb258_mpn01_arm_P6_ekg_L_backbone_P6_ekg_L_bb258_status_NEEDS_RF2_AND_DOCKING	generated_top3000	rfantibody	9e6y	42	SUCCESS	cluster_1_model_1.pdb.gz	/data/qlyu/projects/pvrig_top7500_dualpanel_screen_v1_20260724/run/qc397_final50_fusion_developability_v1_20260726/final50_common4_bundle/representative_complexes/R31__NODE1GEN_128014__9e6y__s42.pdb	658d9fd6eed2c9b995e0bed5c0ef87b54744a3cc176fcd328af6ddd3437a5f07	/data/qlyu/projects/pvrig_node1_generated100k_multimodal_top5000_4seed_docking_results_v2_20260724/compressed_queue/CANDIDATE_NODE1GEN_128014_source_rfantibody_source_id_PVRIG_RFAb_v2_P6_ekg_L_bb258_mpn01_arm_P6_ekg_L_backbone_P6_ekg_L_bb258_status_NEEDS_RF2_AND_DOCKING_9e6y_s42_09971e88ef9c.tar.gz	runs/CANDIDATE_NODE1GEN_128014_source_rfantibody_source_id_PVRIG_RFAb_v2_P6_ekg_L_bb258_mpn01_arm_P6_ekg_L_backbone_P6_ekg_L_bb258_status_NEEDS_RF2_AND_DOCKING_9e6y_s42_09971e88ef9c/haddock_run/6_seletopclusts/cluster_1_model_1.pdb.gz	-83.79545999999999	STRICT_A	CANDIDATE_NODE1GEN_128014_source_rfantibody_source_id_PVRIG_RFAb_v2_P6_ekg_L_bb258_mpn01_arm_P6_ekg_L_backbone_P6_ekg_L_bb258_status_NEEDS_RF2_AND_DOCKING_9e6y_s42_09971e88ef9c	AT
31	NODE1GEN_128014_source_rfantibody_source_id_PVRIG_RFAb_v2_P6_ekg_L_bb258_mpn01_arm_P6_ekg_L_backbone_P6_ekg_L_bb258_status_NEEDS_RF2_AND_DOCKING	generated_top3000	rfantibody	8x6b	917	SUCCESS	cluster_1_model_1.pdb.gz	/data/qlyu/projects/pvrig_top7500_dualpanel_screen_v1_20260724/run/qc397_final50_fusion_developability_v1_20260726/final50_common4_bundle/representative_complexes/R31__NODE1GEN_128014__8x6b__s917.pdb	390828a56c0ffefe6202c2aae1c76a433ae117ab494b131e5e80b7772ee37e6a	/data/qlyu/projects/pvrig_node1_generated100k_multimodal_top5000_4seed_docking_results_v2_20260724/compressed_queue/CANDIDATE_NODE1GEN_128014_source_rfantibody_source_id_PVRIG_RFAb_v2_P6_ekg_L_bb258_mpn01_arm_P6_ekg_L_backbone_P6_ekg_L_bb258_status_NEEDS_RF2_AND_DOCKING_8x6b_s917_3517e52e57f5.tar.gz	runs/CANDIDATE_NODE1GEN_128014_source_rfantibody_source_id_PVRIG_RFAb_v2_P6_ekg_L_bb258_mpn01_arm_P6_ekg_L_backbone_P6_ekg_L_bb258_status_NEEDS_RF2_AND_DOCKING_8x6b_s917_3517e52e57f5/haddock_run/6_seletopclusts/cluster_1_model_1.pdb.gz	-68.89093000000001	STRICT_A	CANDIDATE_NODE1GEN_128014_source_rfantibody_source_id_PVRIG_RFAb_v2_P6_ekg_L_bb258_mpn01_arm_P6_ekg_L_backbone_P6_ekg_L_bb258_status_NEEDS_RF2_AND_DOCKING_8x6b_s917_3517e52e57f5	AT
31	NODE1GEN_128014_source_rfantibody_source_id_PVRIG_RFAb_v2_P6_ekg_L_bb258_mpn01_arm_P6_ekg_L_backbone_P6_ekg_L_bb258_status_NEEDS_RF2_AND_DOCKING	generated_top3000	rfantibody	9e6y	917	SUCCESS	cluster_1_model_1.pdb.gz	/data/qlyu/projects/pvrig_top7500_dualpanel_screen_v1_20260724/run/qc397_final50_fusion_developability_v1_20260726/final50_common4_bundle/representative_complexes/R31__NODE1GEN_128014__9e6y__s917.pdb	dd5d0a557b2757a9fc9060eb4e4d81d72e79b44ba1c55e085ab25af3522ce331	/data/qlyu/projects/pvrig_node1_generated100k_multimodal_top5000_4seed_docking_results_v2_20260724/compressed_queue/CANDIDATE_NODE1GEN_128014_source_rfantibody_source_id_PVRIG_RFAb_v2_P6_ekg_L_bb258_mpn01_arm_P6_ekg_L_backbone_P6_ekg_L_bb258_status_NEEDS_RF2_AND_DOCKING_9e6y_s917_e1b15766e992.tar.gz	runs/CANDIDATE_NODE1GEN_128014_source_rfantibody_source_id_PVRIG_RFAb_v2_P6_ekg_L_bb258_mpn01_arm_P6_ekg_L_backbone_P6_ekg_L_bb258_status_NEEDS_RF2_AND_DOCKING_9e6y_s917_e1b15766e992/haddock_run/6_seletopclusts/cluster_1_model_1.pdb.gz	-73.08169000000002	STRICT_A	CANDIDATE_NODE1GEN_128014_source_rfantibody_source_id_PVRIG_RFAb_v2_P6_ekg_L_bb258_mpn01_arm_P6_ekg_L_backbone_P6_ekg_L_bb258_status_NEEDS_RF2_AND_DOCKING_9e6y_s917_e1b15766e992	AT
31	NODE1GEN_128014_source_rfantibody_source_id_PVRIG_RFAb_v2_P6_ekg_L_bb258_mpn01_arm_P6_ekg_L_backbone_P6_ekg_L_bb258_status_NEEDS_RF2_AND_DOCKING	generated_top3000	rfantibody	8x6b	1931	SUCCESS	cluster_1_model_1.pdb.gz	/data/qlyu/projects/pvrig_top7500_dualpanel_screen_v1_20260724/run/qc397_final50_fusion_developability_v1_20260726/final50_common4_bundle/representative_complexes/R31__NODE1GEN_128014__8x6b__s1931.pdb	82b053a88787048b38f879579666cd926da2ee0ea84fb0b2635a72e4a0b899ea	/data/qlyu/projects/pvrig_node1_generated100k_multimodal_top5000_4seed_docking_results_v2_20260724/compressed_queue/CANDIDATE_NODE1GEN_128014_source_rfantibody_source_id_PVRIG_RFAb_v2_P6_ekg_L_bb258_mpn01_arm_P6_ekg_L_backbone_P6_ekg_L_bb258_status_NEEDS_RF2_AND_DOCKING_8x6b_s1931_f99203dce248.tar.gz	runs/CANDIDATE_NODE1GEN_128014_source_rfantibody_source_id_PVRIG_RFAb_v2_P6_ekg_L_bb258_mpn01_arm_P6_ekg_L_backbone_P6_ekg_L_bb258_status_NEEDS_RF2_AND_DOCKING_8x6b_s1931_f99203dce248/haddock_run/6_seletopclusts/cluster_1_model_1.pdb.gz	-89.12536	STRICT_A	CANDIDATE_NODE1GEN_128014_source_rfantibody_source_id_PVRIG_RFAb_v2_P6_ekg_L_bb258_mpn01_arm_P6_ekg_L_backbone_P6_ekg_L_bb258_status_NEEDS_RF2_AND_DOCKING_8x6b_s1931_f99203dce248	AT
31	NODE1GEN_128014_source_rfantibody_source_id_PVRIG_RFAb_v2_P6_ekg_L_bb258_mpn01_arm_P6_ekg_L_backbone_P6_ekg_L_bb258_status_NEEDS_RF2_AND_DOCKING	generated_top3000	rfantibody	9e6y	1931	SUCCESS	cluster_1_model_1.pdb.gz	/data/qlyu/projects/pvrig_top7500_dualpanel_screen_v1_20260724/run/qc397_final50_fusion_developability_v1_20260726/final50_common4_bundle/representative_complexes/R31__NODE1GEN_128014__9e6y__s1931.pdb	ca735212c41ea9e62b8cba88b9042906154f7c4c0766e24688e010a84fe61519	/data/qlyu/projects/pvrig_node1_generated100k_multimodal_top5000_4seed_docking_results_v2_20260724/compressed_queue/CANDIDATE_NODE1GEN_128014_source_rfantibody_source_id_PVRIG_RFAb_v2_P6_ekg_L_bb258_mpn01_arm_P6_ekg_L_backbone_P6_ekg_L_bb258_status_NEEDS_RF2_AND_DOCKING_9e6y_s1931_fe6f92d35426.tar.gz	runs/CANDIDATE_NODE1GEN_128014_source_rfantibody_source_id_PVRIG_RFAb_v2_P6_ekg_L_bb258_mpn01_arm_P6_ekg_L_backbone_P6_ekg_L_bb258_status_NEEDS_RF2_AND_DOCKING_9e6y_s1931_fe6f92d35426/haddock_run/6_seletopclusts/cluster_1_model_1.pdb.gz	-72.03451000000001	STRICT_A	CANDIDATE_NODE1GEN_128014_source_rfantibody_source_id_PVRIG_RFAb_v2_P6_ekg_L_bb258_mpn01_arm_P6_ekg_L_backbone_P6_ekg_L_bb258_status_NEEDS_RF2_AND_DOCKING_9e6y_s1931_fe6f92d35426	AT
31	NODE1GEN_128014_source_rfantibody_source_id_PVRIG_RFAb_v2_P6_ekg_L_bb258_mpn01_arm_P6_ekg_L_backbone_P6_ekg_L_bb258_status_NEEDS_RF2_AND_DOCKING	generated_top3000	rfantibody	8x6b	3047	SUCCESS	cluster_1_model_1.pdb.gz	/data/qlyu/projects/pvrig_top7500_dualpanel_screen_v1_20260724/run/qc397_final50_fusion_developability_v1_20260726/final50_common4_bundle/representative_complexes/R31__NODE1GEN_128014__8x6b__s3047.pdb	693fc9359aa64681cb8d6b6a284f52aef39f1c05ca3a40a24c5cde7e03e7dbff	/data/qlyu/projects/pvrig_node1_generated100k_multimodal_top5000_4seed_docking_results_v2_20260724/compressed_queue/CANDIDATE_NODE1GEN_128014_source_rfantibody_source_id_PVRIG_RFAb_v2_P6_ekg_L_bb258_mpn01_arm_P6_ekg_L_backbone_P6_ekg_L_bb258_status_NEEDS_RF2_AND_DOCKING_8x6b_s3047_1c1812348282.tar.gz	runs/CANDIDATE_NODE1GEN_128014_source_rfantibody_source_id_PVRIG_RFAb_v2_P6_ekg_L_bb258_mpn01_arm_P6_ekg_L_backbone_P6_ekg_L_bb258_status_NEEDS_RF2_AND_DOCKING_8x6b_s3047_1c1812348282/haddock_run/6_seletopclusts/cluster_1_model_1.pdb.gz	-99.24828000000001	STRICT_A	CANDIDATE_NODE1GEN_128014_source_rfantibody_source_id_PVRIG_RFAb_v2_P6_ekg_L_bb258_mpn01_arm_P6_ekg_L_backbone_P6_ekg_L_bb258_status_NEEDS_RF2_AND_DOCKING_8x6b_s3047_1c1812348282	AT
31	NODE1GEN_128014_source_rfantibody_source_id_PVRIG_RFAb_v2_P6_ekg_L_bb258_mpn01_arm_P6_ekg_L_backbone_P6_ekg_L_bb258_status_NEEDS_RF2_AND_DOCKING	generated_top3000	rfantibody	9e6y	3047	SUCCESS	cluster_1_model_1.pdb.gz	/data/qlyu/projects/pvrig_top7500_dualpanel_screen_v1_20260724/run/qc397_final50_fusion_developability_v1_20260726/final50_common4_bundle/representative_complexes/R31__NODE1GEN_128014__9e6y__s3047.pdb	22df0497bd9a04c6b908d799b8483d750cd3b953c0afb02da40c2e4a95eca75d	/data/qlyu/projects/pvrig_node1_generated100k_multimodal_top5000_4seed_docking_results_v2_20260724/compressed_queue/CANDIDATE_NODE1GEN_128014_source_rfantibody_source_id_PVRIG_RFAb_v2_P6_ekg_L_bb258_mpn01_arm_P6_ekg_L_backbone_P6_ekg_L_bb258_status_NEEDS_RF2_AND_DOCKING_9e6y_s3047_43f70a37834c.tar.gz	runs/CANDIDATE_NODE1GEN_128014_source_rfantibody_source_id_PVRIG_RFAb_v2_P6_ekg_L_bb258_mpn01_arm_P6_ekg_L_backbone_P6_ekg_L_bb258_status_NEEDS_RF2_AND_DOCKING_9e6y_s3047_43f70a37834c/haddock_run/6_seletopclusts/cluster_1_model_1.pdb.gz	-77.70649	STRICT_A	CANDIDATE_NODE1GEN_128014_source_rfantibody_source_id_PVRIG_RFAb_v2_P6_ekg_L_bb258_mpn01_arm_P6_ekg_L_backbone_P6_ekg_L_bb258_status_NEEDS_RF2_AND_DOCKING_9e6y_s3047_43f70a37834c	AT
32	NODE1GEN_218195_source_fixed_pose_mpnn_source_id_P500K__FIXED_POSE_MPNN__A6B62FDDBC1A99BE	generated_top3000	fixed_pose_mpnn	8x6b	42	SUCCESS	cluster_1_model_1.pdb.gz	/data/qlyu/projects/pvrig_top7500_dualpanel_screen_v1_20260724/run/qc397_final50_fusion_developability_v1_20260726/final50_common4_bundle/representative_complexes/R32__NODE1GEN_218195_source_fixed_pose_mpnn_source_id_P500K__FIXED_POSE_MPNN__A6B62FDDBC1A99BE__8x6b__s42.pdb	f5d2e04bdab599fe0c7a5d28095a92dfcfd2afbb47d5465a5d6963e108a81957	/data/qlyu/projects/pvrig_node1_generated100k_multimodal_top5000_4seed_docking_results_v2_20260724/compressed_queue/CANDIDATE_NODE1GEN_218195_source_fixed_pose_mpnn_source_id_P500K__FIXED_POSE_MPNN__A6B62FDDBC1A99BE_8x6b_s42_3ad56eab27d7.tar.gz	runs/CANDIDATE_NODE1GEN_218195_source_fixed_pose_mpnn_source_id_P500K__FIXED_POSE_MPNN__A6B62FDDBC1A99BE_8x6b_s42_3ad56eab27d7/haddock_run/6_seletopclusts/cluster_1_model_1.pdb.gz	-68.33610000000002	STRICT_A	CANDIDATE_NODE1GEN_218195_source_fixed_pose_mpnn_source_id_P500K__FIXED_POSE_MPNN__A6B62FDDBC1A99BE_8x6b_s42_3ad56eab27d7	AT
32	NODE1GEN_218195_source_fixed_pose_mpnn_source_id_P500K__FIXED_POSE_MPNN__A6B62FDDBC1A99BE	generated_top3000	fixed_pose_mpnn	9e6y	42	SUCCESS	cluster_1_model_1.pdb.gz	/data/qlyu/projects/pvrig_top7500_dualpanel_screen_v1_20260724/run/qc397_final50_fusion_developability_v1_20260726/final50_common4_bundle/representative_complexes/R32__NODE1GEN_218195_source_fixed_pose_mpnn_source_id_P500K__FIXED_POSE_MPNN__A6B62FDDBC1A99BE__9e6y__s42.pdb	b3b586e2c9510f6d9ea89d2beee629fac1aa4fd926c4ed2824e1ca15d62a023b	/data/qlyu/projects/pvrig_node1_generated100k_multimodal_top5000_4seed_docking_results_v2_20260724/compressed_queue/CANDIDATE_NODE1GEN_218195_source_fixed_pose_mpnn_source_id_P500K__FIXED_POSE_MPNN__A6B62FDDBC1A99BE_9e6y_s42_f40834ce53c4.tar.gz	runs/CANDIDATE_NODE1GEN_218195_source_fixed_pose_mpnn_source_id_P500K__FIXED_POSE_MPNN__A6B62FDDBC1A99BE_9e6y_s42_f40834ce53c4/haddock_run/6_seletopclusts/cluster_1_model_1.pdb.gz	-69.1431	STRICT_A	CANDIDATE_NODE1GEN_218195_source_fixed_pose_mpnn_source_id_P500K__FIXED_POSE_MPNN__A6B62FDDBC1A99BE_9e6y_s42_f40834ce53c4	AT
32	NODE1GEN_218195_source_fixed_pose_mpnn_source_id_P500K__FIXED_POSE_MPNN__A6B62FDDBC1A99BE	generated_top3000	fixed_pose_mpnn	8x6b	917	SUCCESS	cluster_1_model_1.pdb.gz	/data/qlyu/projects/pvrig_top7500_dualpanel_screen_v1_20260724/run/qc397_final50_fusion_developability_v1_20260726/final50_common4_bundle/representative_complexes/R32__NODE1GEN_218195_source_fixed_pose_mpnn_source_id_P500K__FIXED_POSE_MPNN__A6B62FDDBC1A99BE__8x6b__s917.pdb	eecf59245e5f32d1f71c70748b359b96169ba186c11903bcccda424edf52cfc0	/data/qlyu/projects/pvrig_node1_generated100k_multimodal_top5000_4seed_docking_results_v2_20260724/compressed_queue/CANDIDATE_NODE1GEN_218195_source_fixed_pose_mpnn_source_id_P500K__FIXED_POSE_MPNN__A6B62FDDBC1A99BE_8x6b_s917_d1d6d4769ff1.tar.gz	runs/CANDIDATE_NODE1GEN_218195_source_fixed_pose_mpnn_source_id_P500K__FIXED_POSE_MPNN__A6B62FDDBC1A99BE_8x6b_s917_d1d6d4769ff1/haddock_run/6_seletopclusts/cluster_1_model_1.pdb.gz	-69.2791	STRICT_A	CANDIDATE_NODE1GEN_218195_source_fixed_pose_mpnn_source_id_P500K__FIXED_POSE_MPNN__A6B62FDDBC1A99BE_8x6b_s917_d1d6d4769ff1	AT
32	NODE1GEN_218195_source_fixed_pose_mpnn_source_id_P500K__FIXED_POSE_MPNN__A6B62FDDBC1A99BE	generated_top3000	fixed_pose_mpnn	9e6y	917	SUCCESS	cluster_1_model_1.pdb.gz	/data/qlyu/projects/pvrig_top7500_dualpanel_screen_v1_20260724/run/qc397_final50_fusion_developability_v1_20260726/final50_common4_bundle/representative_complexes/R32__NODE1GEN_218195_source_fixed_pose_mpnn_source_id_P500K__FIXED_POSE_MPNN__A6B62FDDBC1A99BE__9e6y__s917.pdb	56f9831edb987c3b0b43ea95abe998a2fcd102a08a585225aab2de4e6f03c3eb	/data/qlyu/projects/pvrig_node1_generated100k_multimodal_top5000_4seed_docking_results_v2_20260724/compressed_queue/CANDIDATE_NODE1GEN_218195_source_fixed_pose_mpnn_source_id_P500K__FIXED_POSE_MPNN__A6B62FDDBC1A99BE_9e6y_s917_c359c1a827f8.tar.gz	runs/CANDIDATE_NODE1GEN_218195_source_fixed_pose_mpnn_source_id_P500K__FIXED_POSE_MPNN__A6B62FDDBC1A99BE_9e6y_s917_c359c1a827f8/haddock_run/6_seletopclusts/cluster_1_model_1.pdb.gz	-70.4602	STRICT_A	CANDIDATE_NODE1GEN_218195_source_fixed_pose_mpnn_source_id_P500K__FIXED_POSE_MPNN__A6B62FDDBC1A99BE_9e6y_s917_c359c1a827f8	AT
32	NODE1GEN_218195_source_fixed_pose_mpnn_source_id_P500K__FIXED_POSE_MPNN__A6B62FDDBC1A99BE	generated_top3000	fixed_pose_mpnn	8x6b	1931	SUCCESS	cluster_1_model_1.pdb.gz	/data/qlyu/projects/pvrig_top7500_dualpanel_screen_v1_20260724/run/qc397_final50_fusion_developability_v1_20260726/final50_common4_bundle/representative_complexes/R32__NODE1GEN_218195_source_fixed_pose_mpnn_source_id_P500K__FIXED_POSE_MPNN__A6B62FDDBC1A99BE__8x6b__s1931.pdb	ccd7e1b7405fec9e8d21650b22d41f8aa22c2b482a991596a4ba0b802d5050fe	/data/qlyu/projects/pvrig_node1_generated100k_multimodal_top5000_4seed_docking_results_v2_20260724/compressed_queue/CANDIDATE_NODE1GEN_218195_source_fixed_pose_mpnn_source_id_P500K__FIXED_POSE_MPNN__A6B62FDDBC1A99BE_8x6b_s1931_c8c974122464.tar.gz	runs/CANDIDATE_NODE1GEN_218195_source_fixed_pose_mpnn_source_id_P500K__FIXED_POSE_MPNN__A6B62FDDBC1A99BE_8x6b_s1931_c8c974122464/haddock_run/6_seletopclusts/cluster_1_model_1.pdb.gz	-77.3767	STRICT_A	CANDIDATE_NODE1GEN_218195_source_fixed_pose_mpnn_source_id_P500K__FIXED_POSE_MPNN__A6B62FDDBC1A99BE_8x6b_s1931_c8c974122464	AT
32	NODE1GEN_218195_source_fixed_pose_mpnn_source_id_P500K__FIXED_POSE_MPNN__A6B62FDDBC1A99BE	generated_top3000	fixed_pose_mpnn	9e6y	1931	SUCCESS	cluster_1_model_1.pdb.gz	/data/qlyu/projects/pvrig_top7500_dualpanel_screen_v1_20260724/run/qc397_final50_fusion_developability_v1_20260726/final50_common4_bundle/representative_complexes/R32__NODE1GEN_218195_source_fixed_pose_mpnn_source_id_P500K__FIXED_POSE_MPNN__A6B62FDDBC1A99BE__9e6y__s1931.pdb	69354d5ff218f5c9c57a6423c5997580c113d6790b4091ac4f6f7406b37235f0	/data/qlyu/projects/pvrig_node1_generated100k_multimodal_top5000_4seed_docking_results_v2_20260724/compressed_queue/CANDIDATE_NODE1GEN_218195_source_fixed_pose_mpnn_source_id_P500K__FIXED_POSE_MPNN__A6B62FDDBC1A99BE_9e6y_s1931_d9ab4bb57ed5.tar.gz	runs/CANDIDATE_NODE1GEN_218195_source_fixed_pose_mpnn_source_id_P500K__FIXED_POSE_MPNN__A6B62FDDBC1A99BE_9e6y_s1931_d9ab4bb57ed5/haddock_run/6_seletopclusts/cluster_1_model_1.pdb.gz	-74.6935	STRICT_A	CANDIDATE_NODE1GEN_218195_source_fixed_pose_mpnn_source_id_P500K__FIXED_POSE_MPNN__A6B62FDDBC1A99BE_9e6y_s1931_d9ab4bb57ed5	AT
32	NODE1GEN_218195_source_fixed_pose_mpnn_source_id_P500K__FIXED_POSE_MPNN__A6B62FDDBC1A99BE	generated_top3000	fixed_pose_mpnn	8x6b	3047	SUCCESS	cluster_1_model_1.pdb.gz	/data/qlyu/projects/pvrig_top7500_dualpanel_screen_v1_20260724/run/qc397_final50_fusion_developability_v1_20260726/final50_common4_bundle/representative_complexes/R32__NODE1GEN_218195_source_fixed_pose_mpnn_source_id_P500K__FIXED_POSE_MPNN__A6B62FDDBC1A99BE__8x6b__s3047.pdb	99ed62586555a244aec5e52a45e27e0378bc30a9ca53db44800c83d4304a817f	/data/qlyu/projects/pvrig_node1_generated100k_multimodal_top5000_4seed_docking_results_v2_20260724/compressed_queue/CANDIDATE_NODE1GEN_218195_source_fixed_pose_mpnn_source_id_P500K__FIXED_POSE_MPNN__A6B62FDDBC1A99BE_8x6b_s3047_f455b80756af.tar.gz	runs/CANDIDATE_NODE1GEN_218195_source_fixed_pose_mpnn_source_id_P500K__FIXED_POSE_MPNN__A6B62FDDBC1A99BE_8x6b_s3047_f455b80756af/haddock_run/6_seletopclusts/cluster_1_model_1.pdb.gz	-68.1354	STRICT_A	CANDIDATE_NODE1GEN_218195_source_fixed_pose_mpnn_source_id_P500K__FIXED_POSE_MPNN__A6B62FDDBC1A99BE_8x6b_s3047_f455b80756af	AT
32	NODE1GEN_218195_source_fixed_pose_mpnn_source_id_P500K__FIXED_POSE_MPNN__A6B62FDDBC1A99BE	generated_top3000	fixed_pose_mpnn	9e6y	3047	SUCCESS	cluster_1_model_1.pdb.gz	/data/qlyu/projects/pvrig_top7500_dualpanel_screen_v1_20260724/run/qc397_final50_fusion_developability_v1_20260726/final50_common4_bundle/representative_complexes/R32__NODE1GEN_218195_source_fixed_pose_mpnn_source_id_P500K__FIXED_POSE_MPNN__A6B62FDDBC1A99BE__9e6y__s3047.pdb	b88e9fac08a0b5f3afc671b7ae0194d1ffe3cf6c83601dc46a1ba640f18b9019	/data/qlyu/projects/pvrig_node1_generated100k_multimodal_top5000_4seed_docking_results_v2_20260724/compressed_queue/CANDIDATE_NODE1GEN_218195_source_fixed_pose_mpnn_source_id_P500K__FIXED_POSE_MPNN__A6B62FDDBC1A99BE_9e6y_s3047_6894570ba696.tar.gz	runs/CANDIDATE_NODE1GEN_218195_source_fixed_pose_mpnn_source_id_P500K__FIXED_POSE_MPNN__A6B62FDDBC1A99BE_9e6y_s3047_6894570ba696/haddock_run/6_seletopclusts/cluster_1_model_1.pdb.gz	-68.5753	STRICT_A	CANDIDATE_NODE1GEN_218195_source_fixed_pose_mpnn_source_id_P500K__FIXED_POSE_MPNN__A6B62FDDBC1A99BE_9e6y_s3047_6894570ba696	AT
33	NODE1GEN_195165_source_fixed_pose_mpnn_source_id_P500K__FIXED_POSE_MPNN__499D245F888E5DC4	generated_top3000	fixed_pose_mpnn	8x6b	42	SUCCESS	cluster_1_model_1.pdb.gz	/data/qlyu/projects/pvrig_top7500_dualpanel_screen_v1_20260724/run/qc397_final50_fusion_developability_v1_20260726/final50_common4_bundle/representative_complexes/R33__NODE1GEN_195165_source_fixed_pose_mpnn_source_id_P500K__FIXED_POSE_MPNN__499D245F888E5DC4__8x6b__s42.pdb	ac0a17c443d7500007358b0e01d124f9654f6aa54bce9af97a2276a03e257fe1	/data/qlyu/projects/pvrig_node1_generated100k_multimodal_top5000_4seed_docking_results_v2_20260724/compressed_queue/CANDIDATE_NODE1GEN_195165_source_fixed_pose_mpnn_source_id_P500K__FIXED_POSE_MPNN__499D245F888E5DC4_8x6b_s42_5bff5f5ce8a8.tar.gz	runs/CANDIDATE_NODE1GEN_195165_source_fixed_pose_mpnn_source_id_P500K__FIXED_POSE_MPNN__499D245F888E5DC4_8x6b_s42_5bff5f5ce8a8/haddock_run/6_seletopclusts/cluster_1_model_1.pdb.gz	-96.3091	STRICT_A	CANDIDATE_NODE1GEN_195165_source_fixed_pose_mpnn_source_id_P500K__FIXED_POSE_MPNN__499D245F888E5DC4_8x6b_s42_5bff5f5ce8a8	AT
33	NODE1GEN_195165_source_fixed_pose_mpnn_source_id_P500K__FIXED_POSE_MPNN__499D245F888E5DC4	generated_top3000	fixed_pose_mpnn	9e6y	42	SUCCESS	cluster_1_model_1.pdb.gz	/data/qlyu/projects/pvrig_top7500_dualpanel_screen_v1_20260724/run/qc397_final50_fusion_developability_v1_20260726/final50_common4_bundle/representative_complexes/R33__NODE1GEN_195165_source_fixed_pose_mpnn_source_id_P500K__FIXED_POSE_MPNN__499D245F888E5DC4__9e6y__s42.pdb	4bc322b9d88203c27af30a27fe48c0374709f42efaf2cccab64d1ab1b45a446e	/data/qlyu/projects/pvrig_node1_generated100k_multimodal_top5000_4seed_docking_results_v2_20260724/compressed_queue/CANDIDATE_NODE1GEN_195165_source_fixed_pose_mpnn_source_id_P500K__FIXED_POSE_MPNN__499D245F888E5DC4_9e6y_s42_b89083bbcc58.tar.gz	runs/CANDIDATE_NODE1GEN_195165_source_fixed_pose_mpnn_source_id_P500K__FIXED_POSE_MPNN__499D245F888E5DC4_9e6y_s42_b89083bbcc58/haddock_run/6_seletopclusts/cluster_1_model_1.pdb.gz	-80.4175	STRICT_A	CANDIDATE_NODE1GEN_195165_source_fixed_pose_mpnn_source_id_P500K__FIXED_POSE_MPNN__499D245F888E5DC4_9e6y_s42_b89083bbcc58	AT
33	NODE1GEN_195165_source_fixed_pose_mpnn_source_id_P500K__FIXED_POSE_MPNN__499D245F888E5DC4	generated_top3000	fixed_pose_mpnn	8x6b	917	SUCCESS	cluster_1_model_1.pdb.gz	/data/qlyu/projects/pvrig_top7500_dualpanel_screen_v1_20260724/run/qc397_final50_fusion_developability_v1_20260726/final50_common4_bundle/representative_complexes/R33__NODE1GEN_195165_source_fixed_pose_mpnn_source_id_P500K__FIXED_POSE_MPNN__499D245F888E5DC4__8x6b__s917.pdb	7d7a4b3c25f5e126c0c5fa9943ebd2927c5944961859ece37c912c66398f52ac	/data/qlyu/projects/pvrig_node1_generated100k_multimodal_top5000_4seed_docking_results_v2_20260724/compressed_queue/CANDIDATE_NODE1GEN_195165_source_fixed_pose_mpnn_source_id_P500K__FIXED_POSE_MPNN__499D245F888E5DC4_8x6b_s917_096a27dadb2b.tar.gz	runs/CANDIDATE_NODE1GEN_195165_source_fixed_pose_mpnn_source_id_P500K__FIXED_POSE_MPNN__499D245F888E5DC4_8x6b_s917_096a27dadb2b/haddock_run/6_seletopclusts/cluster_1_model_1.pdb.gz	-82.42499999999998	STRICT_A	CANDIDATE_NODE1GEN_195165_source_fixed_pose_mpnn_source_id_P500K__FIXED_POSE_MPNN__499D245F888E5DC4_8x6b_s917_096a27dadb2b	AT
33	NODE1GEN_195165_source_fixed_pose_mpnn_source_id_P500K__FIXED_POSE_MPNN__499D245F888E5DC4	generated_top3000	fixed_pose_mpnn	9e6y	917	SUCCESS	cluster_1_model_1.pdb.gz	/data/qlyu/projects/pvrig_top7500_dualpanel_screen_v1_20260724/run/qc397_final50_fusion_developability_v1_20260726/final50_common4_bundle/representative_complexes/R33__NODE1GEN_195165_source_fixed_pose_mpnn_source_id_P500K__FIXED_POSE_MPNN__499D245F888E5DC4__9e6y__s917.pdb	2d0c4bdc45ff1d38d635af8a1957d0b1586841314d7340f3cd49ec23daddcdca	/data/qlyu/projects/pvrig_node1_generated100k_multimodal_top5000_4seed_docking_results_v2_20260724/compressed_queue/CANDIDATE_NODE1GEN_195165_source_fixed_pose_mpnn_source_id_P500K__FIXED_POSE_MPNN__499D245F888E5DC4_9e6y_s917_c62768c72d7c.tar.gz	runs/CANDIDATE_NODE1GEN_195165_source_fixed_pose_mpnn_source_id_P500K__FIXED_POSE_MPNN__499D245F888E5DC4_9e6y_s917_c62768c72d7c/haddock_run/6_seletopclusts/cluster_1_model_1.pdb.gz	-78.55749999999999	STRICT_A	CANDIDATE_NODE1GEN_195165_source_fixed_pose_mpnn_source_id_P500K__FIXED_POSE_MPNN__499D245F888E5DC4_9e6y_s917_c62768c72d7c	AT
33	NODE1GEN_195165_source_fixed_pose_mpnn_source_id_P500K__FIXED_POSE_MPNN__499D245F888E5DC4	generated_top3000	fixed_pose_mpnn	8x6b	1931	SUCCESS	cluster_1_model_1.pdb.gz	/data/qlyu/projects/pvrig_top7500_dualpanel_screen_v1_20260724/run/qc397_final50_fusion_developability_v1_20260726/final50_common4_bundle/representative_complexes/R33__NODE1GEN_195165_source_fixed_pose_mpnn_source_id_P500K__FIXED_POSE_MPNN__499D245F888E5DC4__8x6b__s1931.pdb	24af9f346146768b88a74d83c877a694f3bf977eace40fdd568ff6ae06e502d4	/data/qlyu/projects/pvrig_node1_generated100k_multimodal_top5000_4seed_docking_results_v2_20260724/compressed_queue/CANDIDATE_NODE1GEN_195165_source_fixed_pose_mpnn_source_id_P500K__FIXED_POSE_MPNN__499D245F888E5DC4_8x6b_s1931_1f8fcf92117b.tar.gz	runs/CANDIDATE_NODE1GEN_195165_source_fixed_pose_mpnn_source_id_P500K__FIXED_POSE_MPNN__499D245F888E5DC4_8x6b_s1931_1f8fcf92117b/haddock_run/6_seletopclusts/cluster_1_model_1.pdb.gz	-77.8624	STRICT_A	CANDIDATE_NODE1GEN_195165_source_fixed_pose_mpnn_source_id_P500K__FIXED_POSE_MPNN__499D245F888E5DC4_8x6b_s1931_1f8fcf92117b	AT
33	NODE1GEN_195165_source_fixed_pose_mpnn_source_id_P500K__FIXED_POSE_MPNN__499D245F888E5DC4	generated_top3000	fixed_pose_mpnn	9e6y	1931	SUCCESS	cluster_1_model_1.pdb.gz	/data/qlyu/projects/pvrig_top7500_dualpanel_screen_v1_20260724/run/qc397_final50_fusion_developability_v1_20260726/final50_common4_bundle/representative_complexes/R33__NODE1GEN_195165_source_fixed_pose_mpnn_source_id_P500K__FIXED_POSE_MPNN__499D245F888E5DC4__9e6y__s1931.pdb	cffb635ceae1a68326b84f361c720f53a843a6dbee4875f7fc5dc488d3acc9c7	/data/qlyu/projects/pvrig_node1_generated100k_multimodal_top5000_4seed_docking_results_v2_20260724/compressed_queue/CANDIDATE_NODE1GEN_195165_source_fixed_pose_mpnn_source_id_P500K__FIXED_POSE_MPNN__499D245F888E5DC4_9e6y_s1931_379a4fc7d1b7.tar.gz	runs/CANDIDATE_NODE1GEN_195165_source_fixed_pose_mpnn_source_id_P500K__FIXED_POSE_MPNN__499D245F888E5DC4_9e6y_s1931_379a4fc7d1b7/haddock_run/6_seletopclusts/cluster_1_model_1.pdb.gz	-69.90280000000001	STRICT_A	CANDIDATE_NODE1GEN_195165_source_fixed_pose_mpnn_source_id_P500K__FIXED_POSE_MPNN__499D245F888E5DC4_9e6y_s1931_379a4fc7d1b7	AT
33	NODE1GEN_195165_source_fixed_pose_mpnn_source_id_P500K__FIXED_POSE_MPNN__499D245F888E5DC4	generated_top3000	fixed_pose_mpnn	8x6b	3047	SUCCESS	cluster_1_model_1.pdb.gz	/data/qlyu/projects/pvrig_top7500_dualpanel_screen_v1_20260724/run/qc397_final50_fusion_developability_v1_20260726/final50_common4_bundle/representative_complexes/R33__NODE1GEN_195165_source_fixed_pose_mpnn_source_id_P500K__FIXED_POSE_MPNN__499D245F888E5DC4__8x6b__s3047.pdb	baa4fe43a627fe73244f0a16fb2f2de61cea3dfa3deaa904b91c05575fde047d	/data/qlyu/projects/pvrig_node1_generated100k_multimodal_top5000_4seed_docking_results_v2_20260724/compressed_queue/CANDIDATE_NODE1GEN_195165_source_fixed_pose_mpnn_source_id_P500K__FIXED_POSE_MPNN__499D245F888E5DC4_8x6b_s3047_33323b6dfff9.tar.gz	runs/CANDIDATE_NODE1GEN_195165_source_fixed_pose_mpnn_source_id_P500K__FIXED_POSE_MPNN__499D245F888E5DC4_8x6b_s3047_33323b6dfff9/haddock_run/6_seletopclusts/cluster_1_model_1.pdb.gz	-75.03569999999999	STRICT_A	CANDIDATE_NODE1GEN_195165_source_fixed_pose_mpnn_source_id_P500K__FIXED_POSE_MPNN__499D245F888E5DC4_8x6b_s3047_33323b6dfff9	AT
33	NODE1GEN_195165_source_fixed_pose_mpnn_source_id_P500K__FIXED_POSE_MPNN__499D245F888E5DC4	generated_top3000	fixed_pose_mpnn	9e6y	3047	SUCCESS	cluster_1_model_1.pdb.gz	/data/qlyu/projects/pvrig_top7500_dualpanel_screen_v1_20260724/run/qc397_final50_fusion_developability_v1_20260726/final50_common4_bundle/representative_complexes/R33__NODE1GEN_195165_source_fixed_pose_mpnn_source_id_P500K__FIXED_POSE_MPNN__499D245F888E5DC4__9e6y__s3047.pdb	b868686e081626eaf6bc71f39583941cfe94002027f6ec4850b4c1c64dcbc0ed	/data/qlyu/projects/pvrig_node1_generated100k_multimodal_top5000_4seed_docking_results_v2_20260724/compressed_queue/CANDIDATE_NODE1GEN_195165_source_fixed_pose_mpnn_source_id_P500K__FIXED_POSE_MPNN__499D245F888E5DC4_9e6y_s3047_9c4906c11b67.tar.gz	runs/CANDIDATE_NODE1GEN_195165_source_fixed_pose_mpnn_source_id_P500K__FIXED_POSE_MPNN__499D245F888E5DC4_9e6y_s3047_9c4906c11b67/haddock_run/6_seletopclusts/cluster_1_model_1.pdb.gz	-65.02836	STRICT_A	CANDIDATE_NODE1GEN_195165_source_fixed_pose_mpnn_source_id_P500K__FIXED_POSE_MPNN__499D245F888E5DC4_9e6y_s3047_9c4906c11b67	AT
34	NODE1GEN_235318_source_fixed_pose_mpnn_source_id_P500K__FIXED_POSE_MPNN__B52C2EC7CC64BFED	generated_top3000	fixed_pose_mpnn	8x6b	42	SUCCESS	cluster_1_model_1.pdb.gz	/data/qlyu/projects/pvrig_top7500_dualpanel_screen_v1_20260724/run/qc397_final50_fusion_developability_v1_20260726/final50_common4_bundle/representative_complexes/R34__NODE1GEN_235318_source_fixed_pose_mpnn_source_id_P500K__FIXED_POSE_MPNN__B52C2EC7CC64BFED__8x6b__s42.pdb	357d930bb04151719f0194df0f8b17dfb3bf9cc51988afd19250906963725081	/data/qlyu/projects/pvrig_node1_generated100k_multimodal_top5000_4seed_docking_results_v2_20260724/compressed_queue/CANDIDATE_NODE1GEN_235318_source_fixed_pose_mpnn_source_id_P500K__FIXED_POSE_MPNN__B52C2EC7CC64BFED_8x6b_s42_e0895c00ca5f.tar.gz	runs/CANDIDATE_NODE1GEN_235318_source_fixed_pose_mpnn_source_id_P500K__FIXED_POSE_MPNN__B52C2EC7CC64BFED_8x6b_s42_e0895c00ca5f/haddock_run/6_seletopclusts/cluster_1_model_1.pdb.gz	-54.878600000000006	STRICT_A	CANDIDATE_NODE1GEN_235318_source_fixed_pose_mpnn_source_id_P500K__FIXED_POSE_MPNN__B52C2EC7CC64BFED_8x6b_s42_e0895c00ca5f	AT
34	NODE1GEN_235318_source_fixed_pose_mpnn_source_id_P500K__FIXED_POSE_MPNN__B52C2EC7CC64BFED	generated_top3000	fixed_pose_mpnn	9e6y	42	SUCCESS	cluster_1_model_1.pdb.gz	/data/qlyu/projects/pvrig_top7500_dualpanel_screen_v1_20260724/run/qc397_final50_fusion_developability_v1_20260726/final50_common4_bundle/representative_complexes/R34__NODE1GEN_235318_source_fixed_pose_mpnn_source_id_P500K__FIXED_POSE_MPNN__B52C2EC7CC64BFED__9e6y__s42.pdb	115b934bafdc93c1c2508e4b90ed4c15efed6525d7415e69b6e047fdb5fe8193	/data/qlyu/projects/pvrig_node1_generated100k_multimodal_top5000_4seed_docking_results_v2_20260724/compressed_queue/CANDIDATE_NODE1GEN_235318_source_fixed_pose_mpnn_source_id_P500K__FIXED_POSE_MPNN__B52C2EC7CC64BFED_9e6y_s42_aa835da14a4e.tar.gz	runs/CANDIDATE_NODE1GEN_235318_source_fixed_pose_mpnn_source_id_P500K__FIXED_POSE_MPNN__B52C2EC7CC64BFED_9e6y_s42_aa835da14a4e/haddock_run/6_seletopclusts/cluster_1_model_1.pdb.gz	-60.782489999999996	STRICT_A	CANDIDATE_NODE1GEN_235318_source_fixed_pose_mpnn_source_id_P500K__FIXED_POSE_MPNN__B52C2EC7CC64BFED_9e6y_s42_aa835da14a4e	AT
34	NODE1GEN_235318_source_fixed_pose_mpnn_source_id_P500K__FIXED_POSE_MPNN__B52C2EC7CC64BFED	generated_top3000	fixed_pose_mpnn	8x6b	917	SUCCESS	cluster_1_model_1.pdb.gz	/data/qlyu/projects/pvrig_top7500_dualpanel_screen_v1_20260724/run/qc397_final50_fusion_developability_v1_20260726/final50_common4_bundle/representative_complexes/R34__NODE1GEN_235318_source_fixed_pose_mpnn_source_id_P500K__FIXED_POSE_MPNN__B52C2EC7CC64BFED__8x6b__s917.pdb	110ec081021b471111c957af5b762834e06350273e643277d13a59d3e9ba361a	/data/qlyu/projects/pvrig_node1_generated100k_multimodal_top5000_4seed_docking_results_v2_20260724/compressed_queue/CANDIDATE_NODE1GEN_235318_source_fixed_pose_mpnn_source_id_P500K__FIXED_POSE_MPNN__B52C2EC7CC64BFED_8x6b_s917_83578120ae4a.tar.gz	runs/CANDIDATE_NODE1GEN_235318_source_fixed_pose_mpnn_source_id_P500K__FIXED_POSE_MPNN__B52C2EC7CC64BFED_8x6b_s917_83578120ae4a/haddock_run/6_seletopclusts/cluster_1_model_1.pdb.gz	-63.535889999999995	STRICT_A	CANDIDATE_NODE1GEN_235318_source_fixed_pose_mpnn_source_id_P500K__FIXED_POSE_MPNN__B52C2EC7CC64BFED_8x6b_s917_83578120ae4a	AT
34	NODE1GEN_235318_source_fixed_pose_mpnn_source_id_P500K__FIXED_POSE_MPNN__B52C2EC7CC64BFED	generated_top3000	fixed_pose_mpnn	9e6y	917	SUCCESS	cluster_1_model_1.pdb.gz	/data/qlyu/projects/pvrig_top7500_dualpanel_screen_v1_20260724/run/qc397_final50_fusion_developability_v1_20260726/final50_common4_bundle/representative_complexes/R34__NODE1GEN_235318_source_fixed_pose_mpnn_source_id_P500K__FIXED_POSE_MPNN__B52C2EC7CC64BFED__9e6y__s917.pdb	b8ccac534a4575dd32a433c6e77f087268f4add35b41908d027fd3175076062a	/data/qlyu/projects/pvrig_node1_generated100k_multimodal_top5000_4seed_docking_results_v2_20260724/compressed_queue/CANDIDATE_NODE1GEN_235318_source_fixed_pose_mpnn_source_id_P500K__FIXED_POSE_MPNN__B52C2EC7CC64BFED_9e6y_s917_e178868d0bb6.tar.gz	runs/CANDIDATE_NODE1GEN_235318_source_fixed_pose_mpnn_source_id_P500K__FIXED_POSE_MPNN__B52C2EC7CC64BFED_9e6y_s917_e178868d0bb6/haddock_run/6_seletopclusts/cluster_1_model_1.pdb.gz	-48.08104000000001	STRICT_A	CANDIDATE_NODE1GEN_235318_source_fixed_pose_mpnn_source_id_P500K__FIXED_POSE_MPNN__B52C2EC7CC64BFED_9e6y_s917_e178868d0bb6	AT
34	NODE1GEN_235318_source_fixed_pose_mpnn_source_id_P500K__FIXED_POSE_MPNN__B52C2EC7CC64BFED	generated_top3000	fixed_pose_mpnn	8x6b	1931	SUCCESS	cluster_1_model_1.pdb.gz	/data/qlyu/projects/pvrig_top7500_dualpanel_screen_v1_20260724/run/qc397_final50_fusion_developability_v1_20260726/final50_common4_bundle/representative_complexes/R34__NODE1GEN_235318_source_fixed_pose_mpnn_source_id_P500K__FIXED_POSE_MPNN__B52C2EC7CC64BFED__8x6b__s1931.pdb	4ada6b7a139c6dcd5c479e54df1d9ddba6e0e01ebfd71e524ff4623bad2ac9a3	/data/qlyu/projects/pvrig_node1_generated100k_multimodal_top5000_4seed_docking_results_v2_20260724/compressed_queue/CANDIDATE_NODE1GEN_235318_source_fixed_pose_mpnn_source_id_P500K__FIXED_POSE_MPNN__B52C2EC7CC64BFED_8x6b_s1931_9b60b16f0f02.tar.gz	runs/CANDIDATE_NODE1GEN_235318_source_fixed_pose_mpnn_source_id_P500K__FIXED_POSE_MPNN__B52C2EC7CC64BFED_8x6b_s1931_9b60b16f0f02/haddock_run/6_seletopclusts/cluster_1_model_1.pdb.gz	-59.95132	STRICT_A	CANDIDATE_NODE1GEN_235318_source_fixed_pose_mpnn_source_id_P500K__FIXED_POSE_MPNN__B52C2EC7CC64BFED_8x6b_s1931_9b60b16f0f02	AT
34	NODE1GEN_235318_source_fixed_pose_mpnn_source_id_P500K__FIXED_POSE_MPNN__B52C2EC7CC64BFED	generated_top3000	fixed_pose_mpnn	9e6y	1931	SUCCESS	cluster_1_model_1.pdb.gz	/data/qlyu/projects/pvrig_top7500_dualpanel_screen_v1_20260724/run/qc397_final50_fusion_developability_v1_20260726/final50_common4_bundle/representative_complexes/R34__NODE1GEN_235318_source_fixed_pose_mpnn_source_id_P500K__FIXED_POSE_MPNN__B52C2EC7CC64BFED__9e6y__s1931.pdb	9d61d085e39cdae810dd60ce3f30d304f1cecda38bf70113d878de41e9107d6a	/data/qlyu/projects/pvrig_node1_generated100k_multimodal_top5000_4seed_docking_results_v2_20260724/compressed_queue/CANDIDATE_NODE1GEN_235318_source_fixed_pose_mpnn_source_id_P500K__FIXED_POSE_MPNN__B52C2EC7CC64BFED_9e6y_s1931_1e704fae2213.tar.gz	runs/CANDIDATE_NODE1GEN_235318_source_fixed_pose_mpnn_source_id_P500K__FIXED_POSE_MPNN__B52C2EC7CC64BFED_9e6y_s1931_1e704fae2213/haddock_run/6_seletopclusts/cluster_1_model_1.pdb.gz	-69.23473999999999	STRICT_A	CANDIDATE_NODE1GEN_235318_source_fixed_pose_mpnn_source_id_P500K__FIXED_POSE_MPNN__B52C2EC7CC64BFED_9e6y_s1931_1e704fae2213	AT
34	NODE1GEN_235318_source_fixed_pose_mpnn_source_id_P500K__FIXED_POSE_MPNN__B52C2EC7CC64BFED	generated_top3000	fixed_pose_mpnn	8x6b	3047	SUCCESS	cluster_1_model_1.pdb.gz	/data/qlyu/projects/pvrig_top7500_dualpanel_screen_v1_20260724/run/qc397_final50_fusion_developability_v1_20260726/final50_common4_bundle/representative_complexes/R34__NODE1GEN_235318_source_fixed_pose_mpnn_source_id_P500K__FIXED_POSE_MPNN__B52C2EC7CC64BFED__8x6b__s3047.pdb	950392816ceab559279f4c9b445c4842eeb6efbe60b740c4c77d2838f20bcea3	/data/qlyu/projects/pvrig_node1_generated100k_multimodal_top5000_4seed_docking_results_v2_20260724/compressed_queue/CANDIDATE_NODE1GEN_235318_source_fixed_pose_mpnn_source_id_P500K__FIXED_POSE_MPNN__B52C2EC7CC64BFED_8x6b_s3047_9d83e6b9300a.tar.gz	runs/CANDIDATE_NODE1GEN_235318_source_fixed_pose_mpnn_source_id_P500K__FIXED_POSE_MPNN__B52C2EC7CC64BFED_8x6b_s3047_9d83e6b9300a/haddock_run/6_seletopclusts/cluster_1_model_1.pdb.gz	-64.12357	STRICT_A	CANDIDATE_NODE1GEN_235318_source_fixed_pose_mpnn_source_id_P500K__FIXED_POSE_MPNN__B52C2EC7CC64BFED_8x6b_s3047_9d83e6b9300a	AT
34	NODE1GEN_235318_source_fixed_pose_mpnn_source_id_P500K__FIXED_POSE_MPNN__B52C2EC7CC64BFED	generated_top3000	fixed_pose_mpnn	9e6y	3047	SUCCESS	cluster_1_model_1.pdb.gz	/data/qlyu/projects/pvrig_top7500_dualpanel_screen_v1_20260724/run/qc397_final50_fusion_developability_v1_20260726/final50_common4_bundle/representative_complexes/R34__NODE1GEN_235318_source_fixed_pose_mpnn_source_id_P500K__FIXED_POSE_MPNN__B52C2EC7CC64BFED__9e6y__s3047.pdb	48fe8268ac49dc109de1be41c7e32934c9d94d5970f3d2bed24f7f5023cb0b5e	/data/qlyu/projects/pvrig_node1_generated100k_multimodal_top5000_4seed_docking_results_v2_20260724/compressed_queue/CANDIDATE_NODE1GEN_235318_source_fixed_pose_mpnn_source_id_P500K__FIXED_POSE_MPNN__B52C2EC7CC64BFED_9e6y_s3047_3ff4d09b3cd3.tar.gz	runs/CANDIDATE_NODE1GEN_235318_source_fixed_pose_mpnn_source_id_P500K__FIXED_POSE_MPNN__B52C2EC7CC64BFED_9e6y_s3047_3ff4d09b3cd3/haddock_run/6_seletopclusts/cluster_1_model_1.pdb.gz	-57.93707	STRICT_A	CANDIDATE_NODE1GEN_235318_source_fixed_pose_mpnn_source_id_P500K__FIXED_POSE_MPNN__B52C2EC7CC64BFED_9e6y_s3047_3ff4d09b3cd3	AT
35	P1MCPUFP__CPUFP500K_0289__00496	existing_old_new7500_top200	c2_four_seed	8x6b	42	SUCCESS	cluster_1_model_1.pdb.gz	/data/qlyu/projects/pvrig_top7500_dualpanel_screen_v1_20260724/run/qc397_final50_fusion_developability_v1_20260726/final50_common4_bundle/representative_complexes/R35__P1MCPUFP__CPUFP500K_0289__00496__8x6b__s42.pdb	87564f4b99c80c6966daed943acd9fd1136f5704dfed9cd8528da6f894493cc6	/data1/qlyu/projects/pvrig_c2_new4220_seed42_3047_docking_results_v1_20260723/c2_new4220_seed42_3047/compressed_queue/CANDIDATE_P1MCPUFP__CPUFP500K_0289__00496_8x6b_s42_91018b72ce18.tar.gz	runs/CANDIDATE_P1MCPUFP__CPUFP500K_0289__00496_8x6b_s42_91018b72ce18/haddock_run/6_seletopclusts/cluster_1_model_1.pdb.gz	-69.25482000000001	STRICT_A	CANDIDATE_P1MCPUFP__CPUFP500K_0289__00496_8x6b_s42_91018b72ce18	AT
35	P1MCPUFP__CPUFP500K_0289__00496	existing_old_new7500_top200	c2_four_seed	9e6y	42	SUCCESS	cluster_1_model_1.pdb.gz	/data/qlyu/projects/pvrig_top7500_dualpanel_screen_v1_20260724/run/qc397_final50_fusion_developability_v1_20260726/final50_common4_bundle/representative_complexes/R35__P1MCPUFP__CPUFP500K_0289__00496__9e6y__s42.pdb	fb669744773833489b9652200d8347d6453a5787656fa333047b887ef4b9f7ed	/data1/qlyu/projects/pvrig_c2_new4220_seed42_3047_docking_results_v1_20260723/c2_new4220_seed42_3047/compressed_queue/CANDIDATE_P1MCPUFP__CPUFP500K_0289__00496_9e6y_s42_78241fb7583c.tar.gz	runs/CANDIDATE_P1MCPUFP__CPUFP500K_0289__00496_9e6y_s42_78241fb7583c/haddock_run/6_seletopclusts/cluster_1_model_1.pdb.gz	-70.62106	STRICT_A	CANDIDATE_P1MCPUFP__CPUFP500K_0289__00496_9e6y_s42_78241fb7583c	AT
35	P1MCPUFP__CPUFP500K_0289__00496	existing_old_new7500_top200	c2_four_seed	8x6b	917	SUCCESS	cluster_1_model_1.pdb.gz	/data/qlyu/projects/pvrig_top7500_dualpanel_screen_v1_20260724/run/qc397_final50_fusion_developability_v1_20260726/final50_common4_bundle/representative_complexes/R35__P1MCPUFP__CPUFP500K_0289__00496__8x6b__s917.pdb	ba47bf952589c139c13d7f386e5e1add6f1f37baf9587423e95284429757f093	/data1/qlyu/projects/pvrig_c2_new6220_dualreceptor_2seed_docking_results_v1_20260723/c2_new4220/compressed_queue/CANDIDATE_P1MCPUFP__CPUFP500K_0289__00496_8x6b_s917_59a4eb6bc352.tar.gz	runs/CANDIDATE_P1MCPUFP__CPUFP500K_0289__00496_8x6b_s917_59a4eb6bc352/haddock_run/6_seletopclusts/cluster_1_model_1.pdb.gz	-65.93741999999999	STRICT_A	CANDIDATE_P1MCPUFP__CPUFP500K_0289__00496_8x6b_s917_59a4eb6bc352	AT
35	P1MCPUFP__CPUFP500K_0289__00496	existing_old_new7500_top200	c2_four_seed	9e6y	917	SUCCESS	cluster_1_model_1.pdb.gz	/data/qlyu/projects/pvrig_top7500_dualpanel_screen_v1_20260724/run/qc397_final50_fusion_developability_v1_20260726/final50_common4_bundle/representative_complexes/R35__P1MCPUFP__CPUFP500K_0289__00496__9e6y__s917.pdb	0e4b78113261c457e45a72e9897486e4335e7f0518d4953952456a52ded4606f	/data1/qlyu/projects/pvrig_c2_new6220_dualreceptor_2seed_docking_results_v1_20260723/c2_new4220/compressed_queue/CANDIDATE_P1MCPUFP__CPUFP500K_0289__00496_9e6y_s917_418a8ba8433b.tar.gz	runs/CANDIDATE_P1MCPUFP__CPUFP500K_0289__00496_9e6y_s917_418a8ba8433b/haddock_run/6_seletopclusts/cluster_1_model_1.pdb.gz	-78.80573000000001	STRICT_A	CANDIDATE_P1MCPUFP__CPUFP500K_0289__00496_9e6y_s917_418a8ba8433b	AT
35	P1MCPUFP__CPUFP500K_0289__00496	existing_old_new7500_top200	c2_four_seed	8x6b	1931	SUCCESS	cluster_1_model_1.pdb.gz	/data/qlyu/projects/pvrig_top7500_dualpanel_screen_v1_20260724/run/qc397_final50_fusion_developability_v1_20260726/final50_common4_bundle/representative_complexes/R35__P1MCPUFP__CPUFP500K_0289__00496__8x6b__s1931.pdb	a816df5e38eed919e84d092e0f994016416d6ed48e4a5f10ac3866d84dea76b0	/data1/qlyu/projects/pvrig_c2_new6220_dualreceptor_2seed_docking_results_v1_20260723/c2_new4220/compressed_queue/CANDIDATE_P1MCPUFP__CPUFP500K_0289__00496_8x6b_s1931_a0a45f806cc1.tar.gz	runs/CANDIDATE_P1MCPUFP__CPUFP500K_0289__00496_8x6b_s1931_a0a45f806cc1/haddock_run/6_seletopclusts/cluster_1_model_1.pdb.gz	-52.715900000000005	STRICT_A	CANDIDATE_P1MCPUFP__CPUFP500K_0289__00496_8x6b_s1931_a0a45f806cc1	AT
35	P1MCPUFP__CPUFP500K_0289__00496	existing_old_new7500_top200	c2_four_seed	9e6y	1931	SUCCESS	cluster_1_model_1.pdb.gz	/data/qlyu/projects/pvrig_top7500_dualpanel_screen_v1_20260724/run/qc397_final50_fusion_developability_v1_20260726/final50_common4_bundle/representative_complexes/R35__P1MCPUFP__CPUFP500K_0289__00496__9e6y__s1931.pdb	f84667a55cb3f9999e4dc29099be30759e1859110bc947343068480181ccb6a0	/data1/qlyu/projects/pvrig_c2_new6220_dualreceptor_2seed_docking_results_v1_20260723/c2_new4220/compressed_queue/CANDIDATE_P1MCPUFP__CPUFP500K_0289__00496_9e6y_s1931_32fe208a7307.tar.gz	runs/CANDIDATE_P1MCPUFP__CPUFP500K_0289__00496_9e6y_s1931_32fe208a7307/haddock_run/6_seletopclusts/cluster_1_model_1.pdb.gz	-83.36289000000001	STRICT_A	CANDIDATE_P1MCPUFP__CPUFP500K_0289__00496_9e6y_s1931_32fe208a7307	AT
35	P1MCPUFP__CPUFP500K_0289__00496	existing_old_new7500_top200	c2_four_seed	8x6b	3047	SUCCESS	cluster_1_model_1.pdb.gz	/data/qlyu/projects/pvrig_top7500_dualpanel_screen_v1_20260724/run/qc397_final50_fusion_developability_v1_20260726/final50_common4_bundle/representative_complexes/R35__P1MCPUFP__CPUFP500K_0289__00496__8x6b__s3047.pdb	4fe512cd97cde73e6a2b5e6b575a49a0c07be9d3578af8ea0d3c89b585f71c5d	/data1/qlyu/projects/pvrig_c2_new4220_seed42_3047_docking_results_v1_20260723/c2_new4220_seed42_3047/compressed_queue/CANDIDATE_P1MCPUFP__CPUFP500K_0289__00496_8x6b_s3047_ab741b3dbf3d.tar.gz	runs/CANDIDATE_P1MCPUFP__CPUFP500K_0289__00496_8x6b_s3047_ab741b3dbf3d/haddock_run/6_seletopclusts/cluster_1_model_1.pdb.gz	-59.05006000000001	STRICT_A	CANDIDATE_P1MCPUFP__CPUFP500K_0289__00496_8x6b_s3047_ab741b3dbf3d	AT
35	P1MCPUFP__CPUFP500K_0289__00496	existing_old_new7500_top200	c2_four_seed	9e6y	3047	SUCCESS	cluster_1_model_1.pdb.gz	/data/qlyu/projects/pvrig_top7500_dualpanel_screen_v1_20260724/run/qc397_final50_fusion_developability_v1_20260726/final50_common4_bundle/representative_complexes/R35__P1MCPUFP__CPUFP500K_0289__00496__9e6y__s3047.pdb	6df449f82f9f327e5f7d8375f72b50ea6461240853d1555be488e639a9827e85	/data1/qlyu/projects/pvrig_c2_new4220_seed42_3047_docking_results_v1_20260723/c2_new4220_seed42_3047/compressed_queue/CANDIDATE_P1MCPUFP__CPUFP500K_0289__00496_9e6y_s3047_c760492ab9ed.tar.gz	runs/CANDIDATE_P1MCPUFP__CPUFP500K_0289__00496_9e6y_s3047_c760492ab9ed/haddock_run/6_seletopclusts/cluster_1_model_1.pdb.gz	-78.33774000000001	STRICT_A	CANDIDATE_P1MCPUFP__CPUFP500K_0289__00496_9e6y_s3047_c760492ab9ed	AT
36	P1MCPUFP__CPUFP500K_0091__00849	existing_old_new7500_top200	c2_four_seed	8x6b	42	SUCCESS	cluster_1_model_1.pdb.gz	/data/qlyu/projects/pvrig_top7500_dualpanel_screen_v1_20260724/run/qc397_final50_fusion_developability_v1_20260726/final50_common4_bundle/representative_complexes/R36__P1MCPUFP__CPUFP500K_0091__00849__8x6b__s42.pdb	88f67ab33096647469dfe246021ccb43f4755f8208c160466a7079b1868a69d4	/data1/qlyu/projects/pvrig_c2_new4220_seed42_3047_docking_results_v1_20260723/c2_new4220_seed42_3047/compressed_queue/CANDIDATE_P1MCPUFP__CPUFP500K_0091__00849_8x6b_s42_6c7147771993.tar.gz	runs/CANDIDATE_P1MCPUFP__CPUFP500K_0091__00849_8x6b_s42_6c7147771993/haddock_run/6_seletopclusts/cluster_1_model_1.pdb.gz	-58.29773	STRICT_A	CANDIDATE_P1MCPUFP__CPUFP500K_0091__00849_8x6b_s42_6c7147771993	AT
36	P1MCPUFP__CPUFP500K_0091__00849	existing_old_new7500_top200	c2_four_seed	9e6y	42	SUCCESS	cluster_1_model_1.pdb.gz	/data/qlyu/projects/pvrig_top7500_dualpanel_screen_v1_20260724/run/qc397_final50_fusion_developability_v1_20260726/final50_common4_bundle/representative_complexes/R36__P1MCPUFP__CPUFP500K_0091__00849__9e6y__s42.pdb	833bb54c77004b4f0261aba6928423cb31e1d8832e546d34a2269f477b253d3e	/data1/qlyu/projects/pvrig_c2_new4220_seed42_3047_docking_results_v1_20260723/c2_new4220_seed42_3047/compressed_queue/CANDIDATE_P1MCPUFP__CPUFP500K_0091__00849_9e6y_s42_fcedf6ac43bb.tar.gz	runs/CANDIDATE_P1MCPUFP__CPUFP500K_0091__00849_9e6y_s42_fcedf6ac43bb/haddock_run/6_seletopclusts/cluster_1_model_1.pdb.gz	-65.68342	STRICT_A	CANDIDATE_P1MCPUFP__CPUFP500K_0091__00849_9e6y_s42_fcedf6ac43bb	AT
36	P1MCPUFP__CPUFP500K_0091__00849	existing_old_new7500_top200	c2_four_seed	8x6b	917	SUCCESS	cluster_1_model_1.pdb.gz	/data/qlyu/projects/pvrig_top7500_dualpanel_screen_v1_20260724/run/qc397_final50_fusion_developability_v1_20260726/final50_common4_bundle/representative_complexes/R36__P1MCPUFP__CPUFP500K_0091__00849__8x6b__s917.pdb	3b8b1d2851c0f0ca490364820a168830a43e1c994ff7984bf1161149fe7e93cc	/data1/qlyu/projects/pvrig_c2_new6220_dualreceptor_2seed_docking_results_v1_20260723/c2_new4220/compressed_queue/CANDIDATE_P1MCPUFP__CPUFP500K_0091__00849_8x6b_s917_ecf059f41640.tar.gz	runs/CANDIDATE_P1MCPUFP__CPUFP500K_0091__00849_8x6b_s917_ecf059f41640/haddock_run/6_seletopclusts/cluster_1_model_1.pdb.gz	-64.12154112000002	STRICT_A	CANDIDATE_P1MCPUFP__CPUFP500K_0091__00849_8x6b_s917_ecf059f41640	AT
36	P1MCPUFP__CPUFP500K_0091__00849	existing_old_new7500_top200	c2_four_seed	9e6y	917	SUCCESS	cluster_1_model_1.pdb.gz	/data/qlyu/projects/pvrig_top7500_dualpanel_screen_v1_20260724/run/qc397_final50_fusion_developability_v1_20260726/final50_common4_bundle/representative_complexes/R36__P1MCPUFP__CPUFP500K_0091__00849__9e6y__s917.pdb	73c5f389834c5bda034c2f8d593113827626cd8f73295d65a2ddbf1b54bc94e4	/data1/qlyu/projects/pvrig_c2_new6220_dualreceptor_2seed_docking_results_v1_20260723/c2_new4220/compressed_queue/CANDIDATE_P1MCPUFP__CPUFP500K_0091__00849_9e6y_s917_cf8fc7ceb6ef.tar.gz	runs/CANDIDATE_P1MCPUFP__CPUFP500K_0091__00849_9e6y_s917_cf8fc7ceb6ef/haddock_run/6_seletopclusts/cluster_1_model_1.pdb.gz	-54.48354	STRICT_A	CANDIDATE_P1MCPUFP__CPUFP500K_0091__00849_9e6y_s917_cf8fc7ceb6ef	AT
36	P1MCPUFP__CPUFP500K_0091__00849	existing_old_new7500_top200	c2_four_seed	8x6b	1931	SUCCESS	cluster_1_model_1.pdb.gz	/data/qlyu/projects/pvrig_top7500_dualpanel_screen_v1_20260724/run/qc397_final50_fusion_developability_v1_20260726/final50_common4_bundle/representative_complexes/R36__P1MCPUFP__CPUFP500K_0091__00849__8x6b__s1931.pdb	560b8038051c05c17eb5dc8162c74f9f498d3881012109e057f45f6f3822d74d	/data1/qlyu/projects/pvrig_c2_new6220_dualreceptor_2seed_docking_results_v1_20260723/c2_new4220/compressed_queue/CANDIDATE_P1MCPUFP__CPUFP500K_0091__00849_8x6b_s1931_8d9c6582ea16.tar.gz	runs/CANDIDATE_P1MCPUFP__CPUFP500K_0091__00849_8x6b_s1931_8d9c6582ea16/haddock_run/6_seletopclusts/cluster_1_model_1.pdb.gz	-68.48850999999999	STRICT_A	CANDIDATE_P1MCPUFP__CPUFP500K_0091__00849_8x6b_s1931_8d9c6582ea16	AT
36	P1MCPUFP__CPUFP500K_0091__00849	existing_old_new7500_top200	c2_four_seed	9e6y	1931	SUCCESS	cluster_1_model_1.pdb.gz	/data/qlyu/projects/pvrig_top7500_dualpanel_screen_v1_20260724/run/qc397_final50_fusion_developability_v1_20260726/final50_common4_bundle/representative_complexes/R36__P1MCPUFP__CPUFP500K_0091__00849__9e6y__s1931.pdb	c95fcb804622679b5d09f6a029ca2830a1289ce8bab5097d557c37377888d2fd	/data1/qlyu/projects/pvrig_c2_new6220_dualreceptor_2seed_docking_results_v1_20260723/c2_new4220/compressed_queue/CANDIDATE_P1MCPUFP__CPUFP500K_0091__00849_9e6y_s1931_9dae78386199.tar.gz	runs/CANDIDATE_P1MCPUFP__CPUFP500K_0091__00849_9e6y_s1931_9dae78386199/haddock_run/6_seletopclusts/cluster_1_model_1.pdb.gz	-63.630750000000006	STRICT_A	CANDIDATE_P1MCPUFP__CPUFP500K_0091__00849_9e6y_s1931_9dae78386199	AT
36	P1MCPUFP__CPUFP500K_0091__00849	existing_old_new7500_top200	c2_four_seed	8x6b	3047	SUCCESS	cluster_1_model_1.pdb.gz	/data/qlyu/projects/pvrig_top7500_dualpanel_screen_v1_20260724/run/qc397_final50_fusion_developability_v1_20260726/final50_common4_bundle/representative_complexes/R36__P1MCPUFP__CPUFP500K_0091__00849__8x6b__s3047.pdb	0acd1b2b96d76ee46d07d7b8c6811248c861cc1816769dd681b19362ac24c657	/data1/qlyu/projects/pvrig_c2_new4220_seed42_3047_docking_results_v1_20260723/c2_new4220_seed42_3047/compressed_queue/CANDIDATE_P1MCPUFP__CPUFP500K_0091__00849_8x6b_s3047_2efa5a1c3e83.tar.gz	runs/CANDIDATE_P1MCPUFP__CPUFP500K_0091__00849_8x6b_s3047_2efa5a1c3e83/haddock_run/6_seletopclusts/cluster_1_model_1.pdb.gz	-63.674609999999994	STRICT_A	CANDIDATE_P1MCPUFP__CPUFP500K_0091__00849_8x6b_s3047_2efa5a1c3e83	AT
36	P1MCPUFP__CPUFP500K_0091__00849	existing_old_new7500_top200	c2_four_seed	9e6y	3047	SUCCESS	cluster_1_model_1.pdb.gz	/data/qlyu/projects/pvrig_top7500_dualpanel_screen_v1_20260724/run/qc397_final50_fusion_developability_v1_20260726/final50_common4_bundle/representative_complexes/R36__P1MCPUFP__CPUFP500K_0091__00849__9e6y__s3047.pdb	804a87449d9a1188f2be5f9443572006671daf063bead1df35b33d03750a6483	/data1/qlyu/projects/pvrig_c2_new4220_seed42_3047_docking_results_v1_20260723/c2_new4220_seed42_3047/compressed_queue/CANDIDATE_P1MCPUFP__CPUFP500K_0091__00849_9e6y_s3047_bd405095d8a8.tar.gz	runs/CANDIDATE_P1MCPUFP__CPUFP500K_0091__00849_9e6y_s3047_bd405095d8a8/haddock_run/6_seletopclusts/cluster_1_model_1.pdb.gz	-75.07018	STRICT_A	CANDIDATE_P1MCPUFP__CPUFP500K_0091__00849_9e6y_s3047_bd405095d8a8	AT
37	NODE1GEN_076816_source_rfantibody_source_id_PVRIG_RFAb_v2_P4_ekg_L_bb155_mpn03_arm_P4_ekg_L_backbone_P4_ekg_L_bb155_status_NEEDS_RF2_AND_DOCKING	generated_top3000	rfantibody	8x6b	42	SUCCESS	cluster_1_model_1.pdb.gz	/data/qlyu/projects/pvrig_top7500_dualpanel_screen_v1_20260724/run/qc397_final50_fusion_developability_v1_20260726/final50_common4_bundle/representative_complexes/R37__NODE1GEN_076816__8x6b__s42.pdb	24d808fbaf2bbeedc7d3da2bf8e56865d6a22b4ceee1128fd33e482ecf391c49	/data/qlyu/projects/pvrig_node1_generated100k_multimodal_top5000_4seed_docking_results_v2_20260724/compressed_queue/CANDIDATE_NODE1GEN_076816_source_rfantibody_source_id_PVRIG_RFAb_v2_P4_ekg_L_bb155_mpn03_arm_P4_ekg_L_backbone_P4_ekg_L_bb155_status_NEEDS_RF2_AND_DOCKING_8x6b_s42_f70c6c3b63b5.tar.gz	runs/CANDIDATE_NODE1GEN_076816_source_rfantibody_source_id_PVRIG_RFAb_v2_P4_ekg_L_bb155_mpn03_arm_P4_ekg_L_backbone_P4_ekg_L_bb155_status_NEEDS_RF2_AND_DOCKING_8x6b_s42_f70c6c3b63b5/haddock_run/6_seletopclusts/cluster_1_model_1.pdb.gz	-62.43823999999999	STRICT_A	CANDIDATE_NODE1GEN_076816_source_rfantibody_source_id_PVRIG_RFAb_v2_P4_ekg_L_bb155_mpn03_arm_P4_ekg_L_backbone_P4_ekg_L_bb155_status_NEEDS_RF2_AND_DOCKING_8x6b_s42_f70c6c3b63b5	AT
37	NODE1GEN_076816_source_rfantibody_source_id_PVRIG_RFAb_v2_P4_ekg_L_bb155_mpn03_arm_P4_ekg_L_backbone_P4_ekg_L_bb155_status_NEEDS_RF2_AND_DOCKING	generated_top3000	rfantibody	9e6y	42	SUCCESS	cluster_1_model_1.pdb.gz	/data/qlyu/projects/pvrig_top7500_dualpanel_screen_v1_20260724/run/qc397_final50_fusion_developability_v1_20260726/final50_common4_bundle/representative_complexes/R37__NODE1GEN_076816__9e6y__s42.pdb	6cbe16a894f187e7c8b0f7f8426be36dd0af49cfbd11299efb7e8898358b2355	/data/qlyu/projects/pvrig_node1_generated100k_multimodal_top5000_4seed_docking_results_v2_20260724/compressed_queue/CANDIDATE_NODE1GEN_076816_source_rfantibody_source_id_PVRIG_RFAb_v2_P4_ekg_L_bb155_mpn03_arm_P4_ekg_L_backbone_P4_ekg_L_bb155_status_NEEDS_RF2_AND_DOCKING_9e6y_s42_e6b46e6751ae.tar.gz	runs/CANDIDATE_NODE1GEN_076816_source_rfantibody_source_id_PVRIG_RFAb_v2_P4_ekg_L_bb155_mpn03_arm_P4_ekg_L_backbone_P4_ekg_L_bb155_status_NEEDS_RF2_AND_DOCKING_9e6y_s42_e6b46e6751ae/haddock_run/6_seletopclusts/cluster_1_model_1.pdb.gz	-72.01459	STRICT_A	CANDIDATE_NODE1GEN_076816_source_rfantibody_source_id_PVRIG_RFAb_v2_P4_ekg_L_bb155_mpn03_arm_P4_ekg_L_backbone_P4_ekg_L_bb155_status_NEEDS_RF2_AND_DOCKING_9e6y_s42_e6b46e6751ae	AT
37	NODE1GEN_076816_source_rfantibody_source_id_PVRIG_RFAb_v2_P4_ekg_L_bb155_mpn03_arm_P4_ekg_L_backbone_P4_ekg_L_bb155_status_NEEDS_RF2_AND_DOCKING	generated_top3000	rfantibody	8x6b	917	SUCCESS	cluster_1_model_1.pdb.gz	/data/qlyu/projects/pvrig_top7500_dualpanel_screen_v1_20260724/run/qc397_final50_fusion_developability_v1_20260726/final50_common4_bundle/representative_complexes/R37__NODE1GEN_076816__8x6b__s917.pdb	f4fdafbdc4a4cf1fcc84cff19ac9cb8854e56fba2bca385dc471b072fa12eab1	/data/qlyu/projects/pvrig_node1_generated100k_multimodal_top5000_4seed_docking_results_v2_20260724/compressed_queue/CANDIDATE_NODE1GEN_076816_source_rfantibody_source_id_PVRIG_RFAb_v2_P4_ekg_L_bb155_mpn03_arm_P4_ekg_L_backbone_P4_ekg_L_bb155_status_NEEDS_RF2_AND_DOCKING_8x6b_s917_087abe7339f6.tar.gz	runs/CANDIDATE_NODE1GEN_076816_source_rfantibody_source_id_PVRIG_RFAb_v2_P4_ekg_L_bb155_mpn03_arm_P4_ekg_L_backbone_P4_ekg_L_bb155_status_NEEDS_RF2_AND_DOCKING_8x6b_s917_087abe7339f6/haddock_run/6_seletopclusts/cluster_1_model_1.pdb.gz	-63.456770000000006	STRICT_A	CANDIDATE_NODE1GEN_076816_source_rfantibody_source_id_PVRIG_RFAb_v2_P4_ekg_L_bb155_mpn03_arm_P4_ekg_L_backbone_P4_ekg_L_bb155_status_NEEDS_RF2_AND_DOCKING_8x6b_s917_087abe7339f6	AT
37	NODE1GEN_076816_source_rfantibody_source_id_PVRIG_RFAb_v2_P4_ekg_L_bb155_mpn03_arm_P4_ekg_L_backbone_P4_ekg_L_bb155_status_NEEDS_RF2_AND_DOCKING	generated_top3000	rfantibody	9e6y	917	SUCCESS	cluster_1_model_1.pdb.gz	/data/qlyu/projects/pvrig_top7500_dualpanel_screen_v1_20260724/run/qc397_final50_fusion_developability_v1_20260726/final50_common4_bundle/representative_complexes/R37__NODE1GEN_076816__9e6y__s917.pdb	f6f34065b705f71e0f27873b063097ef6516eac1a31a2e5e2d5da5d02c89e2c9	/data/qlyu/projects/pvrig_node1_generated100k_multimodal_top5000_4seed_docking_results_v2_20260724/compressed_queue/CANDIDATE_NODE1GEN_076816_source_rfantibody_source_id_PVRIG_RFAb_v2_P4_ekg_L_bb155_mpn03_arm_P4_ekg_L_backbone_P4_ekg_L_bb155_status_NEEDS_RF2_AND_DOCKING_9e6y_s917_f184d1f33500.tar.gz	runs/CANDIDATE_NODE1GEN_076816_source_rfantibody_source_id_PVRIG_RFAb_v2_P4_ekg_L_bb155_mpn03_arm_P4_ekg_L_backbone_P4_ekg_L_bb155_status_NEEDS_RF2_AND_DOCKING_9e6y_s917_f184d1f33500/haddock_run/6_seletopclusts/cluster_1_model_1.pdb.gz	-59.678100000000015	STRICT_A	CANDIDATE_NODE1GEN_076816_source_rfantibody_source_id_PVRIG_RFAb_v2_P4_ekg_L_bb155_mpn03_arm_P4_ekg_L_backbone_P4_ekg_L_bb155_status_NEEDS_RF2_AND_DOCKING_9e6y_s917_f184d1f33500	AT
37	NODE1GEN_076816_source_rfantibody_source_id_PVRIG_RFAb_v2_P4_ekg_L_bb155_mpn03_arm_P4_ekg_L_backbone_P4_ekg_L_bb155_status_NEEDS_RF2_AND_DOCKING	generated_top3000	rfantibody	8x6b	1931	SUCCESS	cluster_1_model_1.pdb.gz	/data/qlyu/projects/pvrig_top7500_dualpanel_screen_v1_20260724/run/qc397_final50_fusion_developability_v1_20260726/final50_common4_bundle/representative_complexes/R37__NODE1GEN_076816__8x6b__s1931.pdb	0cc0f34c86a4164c2bc0c02e179fae7027f98ba867d5c4d9810edfb16b2cd457	/data/qlyu/projects/pvrig_node1_generated100k_multimodal_top5000_4seed_docking_results_v2_20260724/compressed_queue/CANDIDATE_NODE1GEN_076816_source_rfantibody_source_id_PVRIG_RFAb_v2_P4_ekg_L_bb155_mpn03_arm_P4_ekg_L_backbone_P4_ekg_L_bb155_status_NEEDS_RF2_AND_DOCKING_8x6b_s1931_2e102b0c059f.tar.gz	runs/CANDIDATE_NODE1GEN_076816_source_rfantibody_source_id_PVRIG_RFAb_v2_P4_ekg_L_bb155_mpn03_arm_P4_ekg_L_backbone_P4_ekg_L_bb155_status_NEEDS_RF2_AND_DOCKING_8x6b_s1931_2e102b0c059f/haddock_run/6_seletopclusts/cluster_1_model_1.pdb.gz	-66.30482	STRICT_A	CANDIDATE_NODE1GEN_076816_source_rfantibody_source_id_PVRIG_RFAb_v2_P4_ekg_L_bb155_mpn03_arm_P4_ekg_L_backbone_P4_ekg_L_bb155_status_NEEDS_RF2_AND_DOCKING_8x6b_s1931_2e102b0c059f	AT
37	NODE1GEN_076816_source_rfantibody_source_id_PVRIG_RFAb_v2_P4_ekg_L_bb155_mpn03_arm_P4_ekg_L_backbone_P4_ekg_L_bb155_status_NEEDS_RF2_AND_DOCKING	generated_top3000	rfantibody	9e6y	1931	SUCCESS	cluster_1_model_1.pdb.gz	/data/qlyu/projects/pvrig_top7500_dualpanel_screen_v1_20260724/run/qc397_final50_fusion_developability_v1_20260726/final50_common4_bundle/representative_complexes/R37__NODE1GEN_076816__9e6y__s1931.pdb	dc6d9d49452e872d123b8775d4aedc9d35babb8d5667be0dc7b568b771831f1a	/data/qlyu/projects/pvrig_node1_generated100k_multimodal_top5000_4seed_docking_results_v2_20260724/compressed_queue/CANDIDATE_NODE1GEN_076816_source_rfantibody_source_id_PVRIG_RFAb_v2_P4_ekg_L_bb155_mpn03_arm_P4_ekg_L_backbone_P4_ekg_L_bb155_status_NEEDS_RF2_AND_DOCKING_9e6y_s1931_1a5c97635a48.tar.gz	runs/CANDIDATE_NODE1GEN_076816_source_rfantibody_source_id_PVRIG_RFAb_v2_P4_ekg_L_bb155_mpn03_arm_P4_ekg_L_backbone_P4_ekg_L_bb155_status_NEEDS_RF2_AND_DOCKING_9e6y_s1931_1a5c97635a48/haddock_run/6_seletopclusts/cluster_1_model_1.pdb.gz	-71.93224000000001	STRICT_A	CANDIDATE_NODE1GEN_076816_source_rfantibody_source_id_PVRIG_RFAb_v2_P4_ekg_L_bb155_mpn03_arm_P4_ekg_L_backbone_P4_ekg_L_bb155_status_NEEDS_RF2_AND_DOCKING_9e6y_s1931_1a5c97635a48	AT
37	NODE1GEN_076816_source_rfantibody_source_id_PVRIG_RFAb_v2_P4_ekg_L_bb155_mpn03_arm_P4_ekg_L_backbone_P4_ekg_L_bb155_status_NEEDS_RF2_AND_DOCKING	generated_top3000	rfantibody	8x6b	3047	SUCCESS	cluster_1_model_1.pdb.gz	/data/qlyu/projects/pvrig_top7500_dualpanel_screen_v1_20260724/run/qc397_final50_fusion_developability_v1_20260726/final50_common4_bundle/representative_complexes/R37__NODE1GEN_076816__8x6b__s3047.pdb	278a8d52fe193408134349eb3dd51e7fe8e7e5e0cda7d8c55b14835855727666	/data/qlyu/projects/pvrig_node1_generated100k_multimodal_top5000_4seed_docking_results_v2_20260724/compressed_queue/CANDIDATE_NODE1GEN_076816_source_rfantibody_source_id_PVRIG_RFAb_v2_P4_ekg_L_bb155_mpn03_arm_P4_ekg_L_backbone_P4_ekg_L_bb155_status_NEEDS_RF2_AND_DOCKING_8x6b_s3047_ea4331c78996.tar.gz	runs/CANDIDATE_NODE1GEN_076816_source_rfantibody_source_id_PVRIG_RFAb_v2_P4_ekg_L_bb155_mpn03_arm_P4_ekg_L_backbone_P4_ekg_L_bb155_status_NEEDS_RF2_AND_DOCKING_8x6b_s3047_ea4331c78996/haddock_run/6_seletopclusts/cluster_1_model_1.pdb.gz	-62.66252	STRICT_A	CANDIDATE_NODE1GEN_076816_source_rfantibody_source_id_PVRIG_RFAb_v2_P4_ekg_L_bb155_mpn03_arm_P4_ekg_L_backbone_P4_ekg_L_bb155_status_NEEDS_RF2_AND_DOCKING_8x6b_s3047_ea4331c78996	AT
37	NODE1GEN_076816_source_rfantibody_source_id_PVRIG_RFAb_v2_P4_ekg_L_bb155_mpn03_arm_P4_ekg_L_backbone_P4_ekg_L_bb155_status_NEEDS_RF2_AND_DOCKING	generated_top3000	rfantibody	9e6y	3047	SUCCESS	cluster_1_model_1.pdb.gz	/data/qlyu/projects/pvrig_top7500_dualpanel_screen_v1_20260724/run/qc397_final50_fusion_developability_v1_20260726/final50_common4_bundle/representative_complexes/R37__NODE1GEN_076816__9e6y__s3047.pdb	cb7eb90be195d7229842ed88797550bfb1c1f75810fb9837f61ca4cdff0e6136	/data/qlyu/projects/pvrig_node1_generated100k_multimodal_top5000_4seed_docking_results_v2_20260724/compressed_queue/CANDIDATE_NODE1GEN_076816_source_rfantibody_source_id_PVRIG_RFAb_v2_P4_ekg_L_bb155_mpn03_arm_P4_ekg_L_backbone_P4_ekg_L_bb155_status_NEEDS_RF2_AND_DOCKING_9e6y_s3047_37740bf16f91.tar.gz	runs/CANDIDATE_NODE1GEN_076816_source_rfantibody_source_id_PVRIG_RFAb_v2_P4_ekg_L_bb155_mpn03_arm_P4_ekg_L_backbone_P4_ekg_L_bb155_status_NEEDS_RF2_AND_DOCKING_9e6y_s3047_37740bf16f91/haddock_run/6_seletopclusts/cluster_1_model_1.pdb.gz	-83.47593	STRICT_A	CANDIDATE_NODE1GEN_076816_source_rfantibody_source_id_PVRIG_RFAb_v2_P4_ekg_L_bb155_mpn03_arm_P4_ekg_L_backbone_P4_ekg_L_bb155_status_NEEDS_RF2_AND_DOCKING_9e6y_s3047_37740bf16f91	AT
38	P1MCPUFP__CPUFP500K_0388__00174	existing_old_new7500_top200	old_top7500	8x6b	42	SUCCESS	cluster_1_model_1.pdb.gz	/data/qlyu/projects/pvrig_top7500_dualpanel_screen_v1_20260724/run/qc397_final50_fusion_developability_v1_20260726/final50_common4_bundle/representative_complexes/R38__P1MCPUFP__CPUFP500K_0388__00174__8x6b__s42.pdb	af745602b38b7cd452f70481842e3a1d3eac76d5345a54d88d4b702c9c60b27e	/data1/qlyu/projects/pvrig_top200_common4_seed_completion106_docking_results_v1_20260725/top200_seed_completion/compressed_queue/CANDIDATE_P1MCPUFP__CPUFP500K_0388__00174_8x6b_s42_4167e337ef23.tar.gz	runs/CANDIDATE_P1MCPUFP__CPUFP500K_0388__00174_8x6b_s42_4167e337ef23/haddock_run/6_seletopclusts/cluster_1_model_1.pdb.gz	-75.91746	STRICT_A	CANDIDATE_P1MCPUFP__CPUFP500K_0388__00174_8x6b_s42_4167e337ef23	AT
38	P1MCPUFP__CPUFP500K_0388__00174	existing_old_new7500_top200	old_top7500	9e6y	42	SUCCESS	cluster_1_model_1.pdb.gz	/data/qlyu/projects/pvrig_top7500_dualpanel_screen_v1_20260724/run/qc397_final50_fusion_developability_v1_20260726/final50_common4_bundle/representative_complexes/R38__P1MCPUFP__CPUFP500K_0388__00174__9e6y__s42.pdb	8a30dcd95d9d7c81422d6c867bad369c8529819a90b97f9e54f6f18b0994be21	/data1/qlyu/projects/pvrig_top200_common4_seed_completion106_docking_results_v1_20260725/top200_seed_completion/compressed_queue/CANDIDATE_P1MCPUFP__CPUFP500K_0388__00174_9e6y_s42_af0704ccc7d1.tar.gz	runs/CANDIDATE_P1MCPUFP__CPUFP500K_0388__00174_9e6y_s42_af0704ccc7d1/haddock_run/6_seletopclusts/cluster_1_model_1.pdb.gz	-61.2765	STRICT_A	CANDIDATE_P1MCPUFP__CPUFP500K_0388__00174_9e6y_s42_af0704ccc7d1	AT
38	P1MCPUFP__CPUFP500K_0388__00174	existing_old_new7500_top200	old_top7500	8x6b	917	SUCCESS	cluster_1_model_1.pdb.gz	/data/qlyu/projects/pvrig_top7500_dualpanel_screen_v1_20260724/run/qc397_final50_fusion_developability_v1_20260726/final50_common4_bundle/representative_complexes/R38__P1MCPUFP__CPUFP500K_0388__00174__8x6b__s917.pdb	a8c57c49477ec68c5efab764efe3873dcec1e00e8a182dc23977fc140f50e7f3	/data1/qlyu/projects/pvrig_priority_top7500_dualreceptor_multiseed_docking_results_v1_20260722/top7500_25k/compressed_queue/CANDIDATE_P1MCPUFP__CPUFP500K_0388__00174_8x6b_s917_1b12177da048.tar.gz	runs/CANDIDATE_P1MCPUFP__CPUFP500K_0388__00174_8x6b_s917_1b12177da048/haddock_run/6_seletopclusts/cluster_1_model_1.pdb.gz	-65.50035	STRICT_A	CANDIDATE_P1MCPUFP__CPUFP500K_0388__00174_8x6b_s917_1b12177da048	AT
38	P1MCPUFP__CPUFP500K_0388__00174	existing_old_new7500_top200	old_top7500	9e6y	917	SUCCESS	cluster_1_model_1.pdb.gz	/data/qlyu/projects/pvrig_top7500_dualpanel_screen_v1_20260724/run/qc397_final50_fusion_developability_v1_20260726/final50_common4_bundle/representative_complexes/R38__P1MCPUFP__CPUFP500K_0388__00174__9e6y__s917.pdb	da629c9071fd249ebd40f8e47c80f7d3a3b0c38f84c2bab8ff65601b71c79268	/data1/qlyu/projects/pvrig_priority_top7500_dualreceptor_multiseed_docking_results_v1_20260722/top7500_25k/compressed_queue/CANDIDATE_P1MCPUFP__CPUFP500K_0388__00174_9e6y_s917_920594b5cd61.tar.gz	runs/CANDIDATE_P1MCPUFP__CPUFP500K_0388__00174_9e6y_s917_920594b5cd61/haddock_run/6_seletopclusts/cluster_1_model_1.pdb.gz	-56.236372	STRICT_A	CANDIDATE_P1MCPUFP__CPUFP500K_0388__00174_9e6y_s917_920594b5cd61	AT
38	P1MCPUFP__CPUFP500K_0388__00174	existing_old_new7500_top200	old_top7500	8x6b	1931	SUCCESS	cluster_1_model_1.pdb.gz	/data/qlyu/projects/pvrig_top7500_dualpanel_screen_v1_20260724/run/qc397_final50_fusion_developability_v1_20260726/final50_common4_bundle/representative_complexes/R38__P1MCPUFP__CPUFP500K_0388__00174__8x6b__s1931.pdb	8395e9a78d9afc6d2d42065326b3e08d443bfb6cf6c19e30a10ba54a0c4c8178	/data1/qlyu/projects/pvrig_priority_top7500_dualreceptor_multiseed_docking_results_v1_20260722/top7500_25k/compressed_queue/CANDIDATE_P1MCPUFP__CPUFP500K_0388__00174_8x6b_s1931_2a4dbc166357.tar.gz	runs/CANDIDATE_P1MCPUFP__CPUFP500K_0388__00174_8x6b_s1931_2a4dbc166357/haddock_run/6_seletopclusts/cluster_1_model_1.pdb.gz	-63.82054	STRICT_A	CANDIDATE_P1MCPUFP__CPUFP500K_0388__00174_8x6b_s1931_2a4dbc166357	AT
38	P1MCPUFP__CPUFP500K_0388__00174	existing_old_new7500_top200	old_top7500	9e6y	1931	SUCCESS	cluster_1_model_1.pdb.gz	/data/qlyu/projects/pvrig_top7500_dualpanel_screen_v1_20260724/run/qc397_final50_fusion_developability_v1_20260726/final50_common4_bundle/representative_complexes/R38__P1MCPUFP__CPUFP500K_0388__00174__9e6y__s1931.pdb	a07158c924fccdb2bfbcfe2d19fde5e3d065e805d730a3b0419fc2d414247c23	/data1/qlyu/projects/pvrig_priority_top7500_dualreceptor_multiseed_docking_results_v1_20260722/top7500_25k/compressed_queue/CANDIDATE_P1MCPUFP__CPUFP500K_0388__00174_9e6y_s1931_93cf9f5ebf2c.tar.gz	runs/CANDIDATE_P1MCPUFP__CPUFP500K_0388__00174_9e6y_s1931_93cf9f5ebf2c/haddock_run/6_seletopclusts/cluster_1_model_1.pdb.gz	-74.14443999999999	STRICT_A	CANDIDATE_P1MCPUFP__CPUFP500K_0388__00174_9e6y_s1931_93cf9f5ebf2c	AT
38	P1MCPUFP__CPUFP500K_0388__00174	existing_old_new7500_top200	old_top7500	8x6b	3047	SUCCESS	cluster_1_model_1.pdb.gz	/data/qlyu/projects/pvrig_top7500_dualpanel_screen_v1_20260724/run/qc397_final50_fusion_developability_v1_20260726/final50_common4_bundle/representative_complexes/R38__P1MCPUFP__CPUFP500K_0388__00174__8x6b__s3047.pdb	eaf80d0a5580239df516741073619aefc7035e1ba3969de6dc0e3ccf903d540f	/data1/qlyu/projects/pvrig_top200_common4_seed_completion106_docking_results_v1_20260725/top200_seed_completion/compressed_queue/CANDIDATE_P1MCPUFP__CPUFP500K_0388__00174_8x6b_s3047_62f5fd857de2.tar.gz	runs/CANDIDATE_P1MCPUFP__CPUFP500K_0388__00174_8x6b_s3047_62f5fd857de2/haddock_run/6_seletopclusts/cluster_1_model_1.pdb.gz	-79.37849000000001	STRICT_A	CANDIDATE_P1MCPUFP__CPUFP500K_0388__00174_8x6b_s3047_62f5fd857de2	AT
38	P1MCPUFP__CPUFP500K_0388__00174	existing_old_new7500_top200	old_top7500	9e6y	3047	SUCCESS	cluster_1_model_1.pdb.gz	/data/qlyu/projects/pvrig_top7500_dualpanel_screen_v1_20260724/run/qc397_final50_fusion_developability_v1_20260726/final50_common4_bundle/representative_complexes/R38__P1MCPUFP__CPUFP500K_0388__00174__9e6y__s3047.pdb	bfaa94cd39489defa34828b9beee30b74bdbd82d6ff2bf9478fb83a6137b99ae	/data1/qlyu/projects/pvrig_top200_common4_seed_completion106_docking_results_v1_20260725/top200_seed_completion/compressed_queue/CANDIDATE_P1MCPUFP__CPUFP500K_0388__00174_9e6y_s3047_19540d9d3fe2.tar.gz	runs/CANDIDATE_P1MCPUFP__CPUFP500K_0388__00174_9e6y_s3047_19540d9d3fe2/haddock_run/6_seletopclusts/cluster_1_model_1.pdb.gz	-77.12166	STRICT_A	CANDIDATE_P1MCPUFP__CPUFP500K_0388__00174_9e6y_s3047_19540d9d3fe2	AT
39	P1MCPUFP__CPUFP500K_0487__00827	existing_old_new7500_top200	old_top7500	8x6b	42	SUCCESS	cluster_1_model_1.pdb.gz	/data/qlyu/projects/pvrig_top7500_dualpanel_screen_v1_20260724/run/qc397_final50_fusion_developability_v1_20260726/final50_common4_bundle/representative_complexes/R39__P1MCPUFP__CPUFP500K_0487__00827__8x6b__s42.pdb	73dc24537cbf5f54faa04f55d24ee7f57d6eaa8931aa927d8e40cf0dcbe69761	/data1/qlyu/projects/pvrig_top200_common4_seed_completion106_docking_results_v1_20260725/top200_seed_completion/compressed_queue/CANDIDATE_P1MCPUFP__CPUFP500K_0487__00827_8x6b_s42_66d940651514.tar.gz	runs/CANDIDATE_P1MCPUFP__CPUFP500K_0487__00827_8x6b_s42_66d940651514/haddock_run/6_seletopclusts/cluster_1_model_1.pdb.gz	-86.35988	STRICT_A	CANDIDATE_P1MCPUFP__CPUFP500K_0487__00827_8x6b_s42_66d940651514	AT
39	P1MCPUFP__CPUFP500K_0487__00827	existing_old_new7500_top200	old_top7500	9e6y	42	SUCCESS	cluster_1_model_1.pdb.gz	/data/qlyu/projects/pvrig_top7500_dualpanel_screen_v1_20260724/run/qc397_final50_fusion_developability_v1_20260726/final50_common4_bundle/representative_complexes/R39__P1MCPUFP__CPUFP500K_0487__00827__9e6y__s42.pdb	0e54d5ed69fab58e9f6a5d4c26795b611ee65eef3b5c95bd6c28d0315e41406b	/data1/qlyu/projects/pvrig_top200_common4_seed_completion106_docking_results_v1_20260725/top200_seed_completion/compressed_queue/CANDIDATE_P1MCPUFP__CPUFP500K_0487__00827_9e6y_s42_f300a9bddcd7.tar.gz	runs/CANDIDATE_P1MCPUFP__CPUFP500K_0487__00827_9e6y_s42_f300a9bddcd7/haddock_run/6_seletopclusts/cluster_1_model_1.pdb.gz	-62.40222	STRICT_A	CANDIDATE_P1MCPUFP__CPUFP500K_0487__00827_9e6y_s42_f300a9bddcd7	AT
39	P1MCPUFP__CPUFP500K_0487__00827	existing_old_new7500_top200	old_top7500	8x6b	917	SUCCESS	cluster_1_model_1.pdb.gz	/data/qlyu/projects/pvrig_top7500_dualpanel_screen_v1_20260724/run/qc397_final50_fusion_developability_v1_20260726/final50_common4_bundle/representative_complexes/R39__P1MCPUFP__CPUFP500K_0487__00827__8x6b__s917.pdb	dddd82b83383dcdc52f302d8111ffb7b3630c1e20dd6413163b8e17a6160b424	/data1/qlyu/projects/pvrig_priority_top7500_dualreceptor_multiseed_docking_results_v1_20260722/top7500_25k/compressed_queue/CANDIDATE_P1MCPUFP__CPUFP500K_0487__00827_8x6b_s917_3c5759e3f2c3.tar.gz	runs/CANDIDATE_P1MCPUFP__CPUFP500K_0487__00827_8x6b_s917_3c5759e3f2c3/haddock_run/6_seletopclusts/cluster_1_model_1.pdb.gz	-69.79349	STRICT_A	CANDIDATE_P1MCPUFP__CPUFP500K_0487__00827_8x6b_s917_3c5759e3f2c3	AT
39	P1MCPUFP__CPUFP500K_0487__00827	existing_old_new7500_top200	old_top7500	9e6y	917	SUCCESS	cluster_1_model_1.pdb.gz	/data/qlyu/projects/pvrig_top7500_dualpanel_screen_v1_20260724/run/qc397_final50_fusion_developability_v1_20260726/final50_common4_bundle/representative_complexes/R39__P1MCPUFP__CPUFP500K_0487__00827__9e6y__s917.pdb	caa0f66b69f9fa3c0328eb9a99fe26fdba3a3473b2f7a66480292f6ddc7b27e7	/data1/qlyu/projects/pvrig_priority_top7500_dualreceptor_multiseed_docking_results_v1_20260722/top7500_25k/compressed_queue/CANDIDATE_P1MCPUFP__CPUFP500K_0487__00827_9e6y_s917_ac20f08f15b3.tar.gz	runs/CANDIDATE_P1MCPUFP__CPUFP500K_0487__00827_9e6y_s917_ac20f08f15b3/haddock_run/6_seletopclusts/cluster_1_model_1.pdb.gz	-63.5886	STRICT_A	CANDIDATE_P1MCPUFP__CPUFP500K_0487__00827_9e6y_s917_ac20f08f15b3	AT
39	P1MCPUFP__CPUFP500K_0487__00827	existing_old_new7500_top200	old_top7500	8x6b	1931	SUCCESS	cluster_1_model_1.pdb.gz	/data/qlyu/projects/pvrig_top7500_dualpanel_screen_v1_20260724/run/qc397_final50_fusion_developability_v1_20260726/final50_common4_bundle/representative_complexes/R39__P1MCPUFP__CPUFP500K_0487__00827__8x6b__s1931.pdb	b0b9011311e5cdad11ec7d43f931b479a10fcc0210da54a3ff87b923522d005a	/data1/qlyu/projects/pvrig_priority_top7500_dualreceptor_multiseed_docking_results_v1_20260722/top7500_25k/compressed_queue/CANDIDATE_P1MCPUFP__CPUFP500K_0487__00827_8x6b_s1931_0386165915db.tar.gz	runs/CANDIDATE_P1MCPUFP__CPUFP500K_0487__00827_8x6b_s1931_0386165915db/haddock_run/6_seletopclusts/cluster_1_model_1.pdb.gz	-56.09691000000001	STRICT_A	CANDIDATE_P1MCPUFP__CPUFP500K_0487__00827_8x6b_s1931_0386165915db	AT
39	P1MCPUFP__CPUFP500K_0487__00827	existing_old_new7500_top200	old_top7500	9e6y	1931	SUCCESS	cluster_1_model_1.pdb.gz	/data/qlyu/projects/pvrig_top7500_dualpanel_screen_v1_20260724/run/qc397_final50_fusion_developability_v1_20260726/final50_common4_bundle/representative_complexes/R39__P1MCPUFP__CPUFP500K_0487__00827__9e6y__s1931.pdb	b3c24d6cedde12f2f354087603a5fb5fc74169ee104a8e770e773210eeab9116	/data1/qlyu/projects/pvrig_priority_top7500_dualreceptor_multiseed_docking_results_v1_20260722/top7500_25k/compressed_queue/CANDIDATE_P1MCPUFP__CPUFP500K_0487__00827_9e6y_s1931_3bddfe224c32.tar.gz	runs/CANDIDATE_P1MCPUFP__CPUFP500K_0487__00827_9e6y_s1931_3bddfe224c32/haddock_run/6_seletopclusts/cluster_1_model_1.pdb.gz	-60.518600000000006	STRICT_A	CANDIDATE_P1MCPUFP__CPUFP500K_0487__00827_9e6y_s1931_3bddfe224c32	AT
39	P1MCPUFP__CPUFP500K_0487__00827	existing_old_new7500_top200	old_top7500	8x6b	3047	SUCCESS	cluster_1_model_1.pdb.gz	/data/qlyu/projects/pvrig_top7500_dualpanel_screen_v1_20260724/run/qc397_final50_fusion_developability_v1_20260726/final50_common4_bundle/representative_complexes/R39__P1MCPUFP__CPUFP500K_0487__00827__8x6b__s3047.pdb	bb1f1201bf744f2203a8716528ed53b9f203bc07b02790b968813f35dbb2eb03	/data1/qlyu/projects/pvrig_top200_common4_seed_completion106_docking_results_v1_20260725/top200_seed_completion/compressed_queue/CANDIDATE_P1MCPUFP__CPUFP500K_0487__00827_8x6b_s3047_fd69af7e3b1a.tar.gz	runs/CANDIDATE_P1MCPUFP__CPUFP500K_0487__00827_8x6b_s3047_fd69af7e3b1a/haddock_run/6_seletopclusts/cluster_1_model_1.pdb.gz	-62.120760000000004	STRICT_A	CANDIDATE_P1MCPUFP__CPUFP500K_0487__00827_8x6b_s3047_fd69af7e3b1a	AT
39	P1MCPUFP__CPUFP500K_0487__00827	existing_old_new7500_top200	old_top7500	9e6y	3047	SUCCESS	cluster_1_model_1.pdb.gz	/data/qlyu/projects/pvrig_top7500_dualpanel_screen_v1_20260724/run/qc397_final50_fusion_developability_v1_20260726/final50_common4_bundle/representative_complexes/R39__P1MCPUFP__CPUFP500K_0487__00827__9e6y__s3047.pdb	3fe701ba8c63a0db370225e560c7e5fe1a09ac275382c923bebeea0eafb80813	/data1/qlyu/projects/pvrig_top200_common4_seed_completion106_docking_results_v1_20260725/top200_seed_completion/compressed_queue/CANDIDATE_P1MCPUFP__CPUFP500K_0487__00827_9e6y_s3047_7116a6302118.tar.gz	runs/CANDIDATE_P1MCPUFP__CPUFP500K_0487__00827_9e6y_s3047_7116a6302118/haddock_run/6_seletopclusts/cluster_1_model_1.pdb.gz	-53.03484	STRICT_A	CANDIDATE_P1MCPUFP__CPUFP500K_0487__00827_9e6y_s3047_7116a6302118	AT
40	NODE1GEN_136300_source_rfantibody_source_id_PVRIG_RFAb_v2_P6_qkg_L_bb255_mpn02_arm_P6_qkg_L_backbone_P6_qkg_L_bb255_status_NEEDS_RF2_AND_DOCKING	generated_top3000	rfantibody	8x6b	42	SUCCESS	cluster_1_model_1.pdb.gz	/data/qlyu/projects/pvrig_top7500_dualpanel_screen_v1_20260724/run/qc397_final50_fusion_developability_v1_20260726/final50_common4_bundle/representative_complexes/R40__NODE1GEN_136300__8x6b__s42.pdb	d33a3fea8fb328817e269f74852f51a026a927d983160de9a14dfe9e46bcb17d	/data/qlyu/projects/pvrig_node1_generated100k_multimodal_top5000_4seed_docking_results_v2_20260724/compressed_queue/CANDIDATE_NODE1GEN_136300_source_rfantibody_source_id_PVRIG_RFAb_v2_P6_qkg_L_bb255_mpn02_arm_P6_qkg_L_backbone_P6_qkg_L_bb255_status_NEEDS_RF2_AND_DOCKING_8x6b_s42_c5f436d8bda3.tar.gz	runs/CANDIDATE_NODE1GEN_136300_source_rfantibody_source_id_PVRIG_RFAb_v2_P6_qkg_L_bb255_mpn02_arm_P6_qkg_L_backbone_P6_qkg_L_bb255_status_NEEDS_RF2_AND_DOCKING_8x6b_s42_c5f436d8bda3/haddock_run/6_seletopclusts/cluster_1_model_1.pdb.gz	-66.3048	STRICT_A	CANDIDATE_NODE1GEN_136300_source_rfantibody_source_id_PVRIG_RFAb_v2_P6_qkg_L_bb255_mpn02_arm_P6_qkg_L_backbone_P6_qkg_L_bb255_status_NEEDS_RF2_AND_DOCKING_8x6b_s42_c5f436d8bda3	AT
40	NODE1GEN_136300_source_rfantibody_source_id_PVRIG_RFAb_v2_P6_qkg_L_bb255_mpn02_arm_P6_qkg_L_backbone_P6_qkg_L_bb255_status_NEEDS_RF2_AND_DOCKING	generated_top3000	rfantibody	9e6y	42	SUCCESS	cluster_1_model_1.pdb.gz	/data/qlyu/projects/pvrig_top7500_dualpanel_screen_v1_20260724/run/qc397_final50_fusion_developability_v1_20260726/final50_common4_bundle/representative_complexes/R40__NODE1GEN_136300__9e6y__s42.pdb	965f6fc4d3e76db2fa73bda82222fc0096aa498156672651acfd80d2e85de66d	/data/qlyu/projects/pvrig_node1_generated100k_multimodal_top5000_4seed_docking_results_v2_20260724/compressed_queue/CANDIDATE_NODE1GEN_136300_source_rfantibody_source_id_PVRIG_RFAb_v2_P6_qkg_L_bb255_mpn02_arm_P6_qkg_L_backbone_P6_qkg_L_bb255_status_NEEDS_RF2_AND_DOCKING_9e6y_s42_b4c87342b841.tar.gz	runs/CANDIDATE_NODE1GEN_136300_source_rfantibody_source_id_PVRIG_RFAb_v2_P6_qkg_L_bb255_mpn02_arm_P6_qkg_L_backbone_P6_qkg_L_bb255_status_NEEDS_RF2_AND_DOCKING_9e6y_s42_b4c87342b841/haddock_run/6_seletopclusts/cluster_1_model_1.pdb.gz	-62.27510000000001	STRICT_A	CANDIDATE_NODE1GEN_136300_source_rfantibody_source_id_PVRIG_RFAb_v2_P6_qkg_L_bb255_mpn02_arm_P6_qkg_L_backbone_P6_qkg_L_bb255_status_NEEDS_RF2_AND_DOCKING_9e6y_s42_b4c87342b841	AT
40	NODE1GEN_136300_source_rfantibody_source_id_PVRIG_RFAb_v2_P6_qkg_L_bb255_mpn02_arm_P6_qkg_L_backbone_P6_qkg_L_bb255_status_NEEDS_RF2_AND_DOCKING	generated_top3000	rfantibody	8x6b	917	SUCCESS	cluster_1_model_1.pdb.gz	/data/qlyu/projects/pvrig_top7500_dualpanel_screen_v1_20260724/run/qc397_final50_fusion_developability_v1_20260726/final50_common4_bundle/representative_complexes/R40__NODE1GEN_136300__8x6b__s917.pdb	b351c9d9faf82c6b207221f52805089003ae06f2bd924a93cb99e7c9e93e0ec8	/data/qlyu/projects/pvrig_node1_generated100k_multimodal_top5000_4seed_docking_results_v2_20260724/compressed_queue/CANDIDATE_NODE1GEN_136300_source_rfantibody_source_id_PVRIG_RFAb_v2_P6_qkg_L_bb255_mpn02_arm_P6_qkg_L_backbone_P6_qkg_L_bb255_status_NEEDS_RF2_AND_DOCKING_8x6b_s917_660162df988f.tar.gz	runs/CANDIDATE_NODE1GEN_136300_source_rfantibody_source_id_PVRIG_RFAb_v2_P6_qkg_L_bb255_mpn02_arm_P6_qkg_L_backbone_P6_qkg_L_bb255_status_NEEDS_RF2_AND_DOCKING_8x6b_s917_660162df988f/haddock_run/6_seletopclusts/cluster_1_model_1.pdb.gz	-77.0637	STRICT_A	CANDIDATE_NODE1GEN_136300_source_rfantibody_source_id_PVRIG_RFAb_v2_P6_qkg_L_bb255_mpn02_arm_P6_qkg_L_backbone_P6_qkg_L_bb255_status_NEEDS_RF2_AND_DOCKING_8x6b_s917_660162df988f	AT
40	NODE1GEN_136300_source_rfantibody_source_id_PVRIG_RFAb_v2_P6_qkg_L_bb255_mpn02_arm_P6_qkg_L_backbone_P6_qkg_L_bb255_status_NEEDS_RF2_AND_DOCKING	generated_top3000	rfantibody	9e6y	917	SUCCESS	cluster_1_model_1.pdb.gz	/data/qlyu/projects/pvrig_top7500_dualpanel_screen_v1_20260724/run/qc397_final50_fusion_developability_v1_20260726/final50_common4_bundle/representative_complexes/R40__NODE1GEN_136300__9e6y__s917.pdb	3a442129c29cf3583b694d92af05db6f5e036c95c75577e5f5df911349e9d607	/data/qlyu/projects/pvrig_node1_generated100k_multimodal_top5000_4seed_docking_results_v2_20260724/compressed_queue/CANDIDATE_NODE1GEN_136300_source_rfantibody_source_id_PVRIG_RFAb_v2_P6_qkg_L_bb255_mpn02_arm_P6_qkg_L_backbone_P6_qkg_L_bb255_status_NEEDS_RF2_AND_DOCKING_9e6y_s917_de5c13c466ce.tar.gz	runs/CANDIDATE_NODE1GEN_136300_source_rfantibody_source_id_PVRIG_RFAb_v2_P6_qkg_L_bb255_mpn02_arm_P6_qkg_L_backbone_P6_qkg_L_bb255_status_NEEDS_RF2_AND_DOCKING_9e6y_s917_de5c13c466ce/haddock_run/6_seletopclusts/cluster_1_model_1.pdb.gz	-66.96770000000001	STRICT_A	CANDIDATE_NODE1GEN_136300_source_rfantibody_source_id_PVRIG_RFAb_v2_P6_qkg_L_bb255_mpn02_arm_P6_qkg_L_backbone_P6_qkg_L_bb255_status_NEEDS_RF2_AND_DOCKING_9e6y_s917_de5c13c466ce	AT
40	NODE1GEN_136300_source_rfantibody_source_id_PVRIG_RFAb_v2_P6_qkg_L_bb255_mpn02_arm_P6_qkg_L_backbone_P6_qkg_L_bb255_status_NEEDS_RF2_AND_DOCKING	generated_top3000	rfantibody	8x6b	1931	SUCCESS	cluster_1_model_1.pdb.gz	/data/qlyu/projects/pvrig_top7500_dualpanel_screen_v1_20260724/run/qc397_final50_fusion_developability_v1_20260726/final50_common4_bundle/representative_complexes/R40__NODE1GEN_136300__8x6b__s1931.pdb	0df68d62115358ca8180acf3b5cca5fd3c78ff9a12167240a5026b072416ba7b	/data/qlyu/projects/pvrig_node1_generated100k_multimodal_top5000_4seed_docking_results_v2_20260724/compressed_queue/CANDIDATE_NODE1GEN_136300_source_rfantibody_source_id_PVRIG_RFAb_v2_P6_qkg_L_bb255_mpn02_arm_P6_qkg_L_backbone_P6_qkg_L_bb255_status_NEEDS_RF2_AND_DOCKING_8x6b_s1931_53da65d41d6e.tar.gz	runs/CANDIDATE_NODE1GEN_136300_source_rfantibody_source_id_PVRIG_RFAb_v2_P6_qkg_L_bb255_mpn02_arm_P6_qkg_L_backbone_P6_qkg_L_bb255_status_NEEDS_RF2_AND_DOCKING_8x6b_s1931_53da65d41d6e/haddock_run/6_seletopclusts/cluster_1_model_1.pdb.gz	-54.013099999999994	STRICT_A	CANDIDATE_NODE1GEN_136300_source_rfantibody_source_id_PVRIG_RFAb_v2_P6_qkg_L_bb255_mpn02_arm_P6_qkg_L_backbone_P6_qkg_L_bb255_status_NEEDS_RF2_AND_DOCKING_8x6b_s1931_53da65d41d6e	AT
40	NODE1GEN_136300_source_rfantibody_source_id_PVRIG_RFAb_v2_P6_qkg_L_bb255_mpn02_arm_P6_qkg_L_backbone_P6_qkg_L_bb255_status_NEEDS_RF2_AND_DOCKING	generated_top3000	rfantibody	9e6y	1931	SUCCESS	cluster_1_model_1.pdb.gz	/data/qlyu/projects/pvrig_top7500_dualpanel_screen_v1_20260724/run/qc397_final50_fusion_developability_v1_20260726/final50_common4_bundle/representative_complexes/R40__NODE1GEN_136300__9e6y__s1931.pdb	0b67e5186f5246266aa94b11764663c176fe09730321de6ad8fad499ea30991f	/data/qlyu/projects/pvrig_node1_generated100k_multimodal_top5000_4seed_docking_results_v2_20260724/compressed_queue/CANDIDATE_NODE1GEN_136300_source_rfantibody_source_id_PVRIG_RFAb_v2_P6_qkg_L_bb255_mpn02_arm_P6_qkg_L_backbone_P6_qkg_L_bb255_status_NEEDS_RF2_AND_DOCKING_9e6y_s1931_217d5596726d.tar.gz	runs/CANDIDATE_NODE1GEN_136300_source_rfantibody_source_id_PVRIG_RFAb_v2_P6_qkg_L_bb255_mpn02_arm_P6_qkg_L_backbone_P6_qkg_L_bb255_status_NEEDS_RF2_AND_DOCKING_9e6y_s1931_217d5596726d/haddock_run/6_seletopclusts/cluster_1_model_1.pdb.gz	-69.9631	STRICT_A	CANDIDATE_NODE1GEN_136300_source_rfantibody_source_id_PVRIG_RFAb_v2_P6_qkg_L_bb255_mpn02_arm_P6_qkg_L_backbone_P6_qkg_L_bb255_status_NEEDS_RF2_AND_DOCKING_9e6y_s1931_217d5596726d	AT
40	NODE1GEN_136300_source_rfantibody_source_id_PVRIG_RFAb_v2_P6_qkg_L_bb255_mpn02_arm_P6_qkg_L_backbone_P6_qkg_L_bb255_status_NEEDS_RF2_AND_DOCKING	generated_top3000	rfantibody	8x6b	3047	SUCCESS	cluster_1_model_1.pdb.gz	/data/qlyu/projects/pvrig_top7500_dualpanel_screen_v1_20260724/run/qc397_final50_fusion_developability_v1_20260726/final50_common4_bundle/representative_complexes/R40__NODE1GEN_136300__8x6b__s3047.pdb	b29ed2d12bd62deb25069cc0a1215937526a3525e1a361856a9b03b6b1938d42	/data/qlyu/projects/pvrig_node1_generated100k_multimodal_top5000_4seed_docking_results_v2_20260724/compressed_queue/CANDIDATE_NODE1GEN_136300_source_rfantibody_source_id_PVRIG_RFAb_v2_P6_qkg_L_bb255_mpn02_arm_P6_qkg_L_backbone_P6_qkg_L_bb255_status_NEEDS_RF2_AND_DOCKING_8x6b_s3047_2f23d5a61899.tar.gz	runs/CANDIDATE_NODE1GEN_136300_source_rfantibody_source_id_PVRIG_RFAb_v2_P6_qkg_L_bb255_mpn02_arm_P6_qkg_L_backbone_P6_qkg_L_bb255_status_NEEDS_RF2_AND_DOCKING_8x6b_s3047_2f23d5a61899/haddock_run/6_seletopclusts/cluster_1_model_1.pdb.gz	-72.2193	STRICT_A	CANDIDATE_NODE1GEN_136300_source_rfantibody_source_id_PVRIG_RFAb_v2_P6_qkg_L_bb255_mpn02_arm_P6_qkg_L_backbone_P6_qkg_L_bb255_status_NEEDS_RF2_AND_DOCKING_8x6b_s3047_2f23d5a61899	AT
40	NODE1GEN_136300_source_rfantibody_source_id_PVRIG_RFAb_v2_P6_qkg_L_bb255_mpn02_arm_P6_qkg_L_backbone_P6_qkg_L_bb255_status_NEEDS_RF2_AND_DOCKING	generated_top3000	rfantibody	9e6y	3047	SUCCESS	cluster_1_model_1.pdb.gz	/data/qlyu/projects/pvrig_top7500_dualpanel_screen_v1_20260724/run/qc397_final50_fusion_developability_v1_20260726/final50_common4_bundle/representative_complexes/R40__NODE1GEN_136300__9e6y__s3047.pdb	587b2c17f4bea6c0f52df125b076741e9f2c1cf12fe20b4d83a347eb3e7e4152	/data/qlyu/projects/pvrig_node1_generated100k_multimodal_top5000_4seed_docking_results_v2_20260724/compressed_queue/CANDIDATE_NODE1GEN_136300_source_rfantibody_source_id_PVRIG_RFAb_v2_P6_qkg_L_bb255_mpn02_arm_P6_qkg_L_backbone_P6_qkg_L_bb255_status_NEEDS_RF2_AND_DOCKING_9e6y_s3047_7460f1706021.tar.gz	runs/CANDIDATE_NODE1GEN_136300_source_rfantibody_source_id_PVRIG_RFAb_v2_P6_qkg_L_bb255_mpn02_arm_P6_qkg_L_backbone_P6_qkg_L_bb255_status_NEEDS_RF2_AND_DOCKING_9e6y_s3047_7460f1706021/haddock_run/6_seletopclusts/cluster_1_model_1.pdb.gz	-71.1578	STRICT_A	CANDIDATE_NODE1GEN_136300_source_rfantibody_source_id_PVRIG_RFAb_v2_P6_qkg_L_bb255_mpn02_arm_P6_qkg_L_backbone_P6_qkg_L_bb255_status_NEEDS_RF2_AND_DOCKING_9e6y_s3047_7460f1706021	AT
41	NODE1GEN_095824_source_rfantibody_source_id_PVRIG_RFAb_v2_P4_qrg_L_bb358_mpn04_arm_P4_qrg_L_backbone_P4_qrg_L_bb358_status_NEEDS_RF2_AND_DOCKING	generated_top3000	rfantibody	8x6b	42	SUCCESS	cluster_1_model_1.pdb.gz	/data/qlyu/projects/pvrig_top7500_dualpanel_screen_v1_20260724/run/qc397_final50_fusion_developability_v1_20260726/final50_common4_bundle/representative_complexes/R41__NODE1GEN_095824__8x6b__s42.pdb	1b4f7ab29783d86fe4106ba020546d1c49e452f9b46413345be759f073dc7368	/data/qlyu/projects/pvrig_node1_generated100k_multimodal_top5000_4seed_docking_results_v2_20260724/compressed_queue/CANDIDATE_NODE1GEN_095824_source_rfantibody_source_id_PVRIG_RFAb_v2_P4_qrg_L_bb358_mpn04_arm_P4_qrg_L_backbone_P4_qrg_L_bb358_status_NEEDS_RF2_AND_DOCKING_8x6b_s42_a96c6207b7d2.tar.gz	runs/CANDIDATE_NODE1GEN_095824_source_rfantibody_source_id_PVRIG_RFAb_v2_P4_qrg_L_bb358_mpn04_arm_P4_qrg_L_backbone_P4_qrg_L_bb358_status_NEEDS_RF2_AND_DOCKING_8x6b_s42_a96c6207b7d2/haddock_run/6_seletopclusts/cluster_1_model_1.pdb.gz	-102.8275	STRICT_A	CANDIDATE_NODE1GEN_095824_source_rfantibody_source_id_PVRIG_RFAb_v2_P4_qrg_L_bb358_mpn04_arm_P4_qrg_L_backbone_P4_qrg_L_bb358_status_NEEDS_RF2_AND_DOCKING_8x6b_s42_a96c6207b7d2	AT
41	NODE1GEN_095824_source_rfantibody_source_id_PVRIG_RFAb_v2_P4_qrg_L_bb358_mpn04_arm_P4_qrg_L_backbone_P4_qrg_L_bb358_status_NEEDS_RF2_AND_DOCKING	generated_top3000	rfantibody	9e6y	42	SUCCESS	cluster_1_model_1.pdb.gz	/data/qlyu/projects/pvrig_top7500_dualpanel_screen_v1_20260724/run/qc397_final50_fusion_developability_v1_20260726/final50_common4_bundle/representative_complexes/R41__NODE1GEN_095824__9e6y__s42.pdb	c2e93b684678d462b95fe0ecf3f8fc5dbfd903aebcde78a889a21b56d9288cda	/data/qlyu/projects/pvrig_node1_generated100k_multimodal_top5000_4seed_docking_results_v2_20260724/compressed_queue/CANDIDATE_NODE1GEN_095824_source_rfantibody_source_id_PVRIG_RFAb_v2_P4_qrg_L_bb358_mpn04_arm_P4_qrg_L_backbone_P4_qrg_L_bb358_status_NEEDS_RF2_AND_DOCKING_9e6y_s42_f2a38309ea9e.tar.gz	runs/CANDIDATE_NODE1GEN_095824_source_rfantibody_source_id_PVRIG_RFAb_v2_P4_qrg_L_bb358_mpn04_arm_P4_qrg_L_backbone_P4_qrg_L_bb358_status_NEEDS_RF2_AND_DOCKING_9e6y_s42_f2a38309ea9e/haddock_run/6_seletopclusts/cluster_1_model_1.pdb.gz	-75.68203999999999	STRICT_A	CANDIDATE_NODE1GEN_095824_source_rfantibody_source_id_PVRIG_RFAb_v2_P4_qrg_L_bb358_mpn04_arm_P4_qrg_L_backbone_P4_qrg_L_bb358_status_NEEDS_RF2_AND_DOCKING_9e6y_s42_f2a38309ea9e	AT
41	NODE1GEN_095824_source_rfantibody_source_id_PVRIG_RFAb_v2_P4_qrg_L_bb358_mpn04_arm_P4_qrg_L_backbone_P4_qrg_L_bb358_status_NEEDS_RF2_AND_DOCKING	generated_top3000	rfantibody	8x6b	917	SUCCESS	cluster_1_model_1.pdb.gz	/data/qlyu/projects/pvrig_top7500_dualpanel_screen_v1_20260724/run/qc397_final50_fusion_developability_v1_20260726/final50_common4_bundle/representative_complexes/R41__NODE1GEN_095824__8x6b__s917.pdb	4385a7cb119352e2e6df85e9bd3b8966833fab028c62c10745c7b836ec7239bd	/data/qlyu/projects/pvrig_node1_generated100k_multimodal_top5000_4seed_docking_results_v2_20260724/compressed_queue/CANDIDATE_NODE1GEN_095824_source_rfantibody_source_id_PVRIG_RFAb_v2_P4_qrg_L_bb358_mpn04_arm_P4_qrg_L_backbone_P4_qrg_L_bb358_status_NEEDS_RF2_AND_DOCKING_8x6b_s917_2e057026fa97.tar.gz	runs/CANDIDATE_NODE1GEN_095824_source_rfantibody_source_id_PVRIG_RFAb_v2_P4_qrg_L_bb358_mpn04_arm_P4_qrg_L_backbone_P4_qrg_L_bb358_status_NEEDS_RF2_AND_DOCKING_8x6b_s917_2e057026fa97/haddock_run/6_seletopclusts/cluster_1_model_1.pdb.gz	-91.39614999999999	STRICT_A	CANDIDATE_NODE1GEN_095824_source_rfantibody_source_id_PVRIG_RFAb_v2_P4_qrg_L_bb358_mpn04_arm_P4_qrg_L_backbone_P4_qrg_L_bb358_status_NEEDS_RF2_AND_DOCKING_8x6b_s917_2e057026fa97	AT
41	NODE1GEN_095824_source_rfantibody_source_id_PVRIG_RFAb_v2_P4_qrg_L_bb358_mpn04_arm_P4_qrg_L_backbone_P4_qrg_L_bb358_status_NEEDS_RF2_AND_DOCKING	generated_top3000	rfantibody	9e6y	917	SUCCESS	cluster_1_model_1.pdb.gz	/data/qlyu/projects/pvrig_top7500_dualpanel_screen_v1_20260724/run/qc397_final50_fusion_developability_v1_20260726/final50_common4_bundle/representative_complexes/R41__NODE1GEN_095824__9e6y__s917.pdb	f81f7d00709665ca89591e49204cf31c610161d680ce1f21bd918bc5b7e83a84	/data/qlyu/projects/pvrig_node1_generated100k_multimodal_top5000_4seed_docking_results_v2_20260724/compressed_queue/CANDIDATE_NODE1GEN_095824_source_rfantibody_source_id_PVRIG_RFAb_v2_P4_qrg_L_bb358_mpn04_arm_P4_qrg_L_backbone_P4_qrg_L_bb358_status_NEEDS_RF2_AND_DOCKING_9e6y_s917_03ea28dd65dd.tar.gz	runs/CANDIDATE_NODE1GEN_095824_source_rfantibody_source_id_PVRIG_RFAb_v2_P4_qrg_L_bb358_mpn04_arm_P4_qrg_L_backbone_P4_qrg_L_bb358_status_NEEDS_RF2_AND_DOCKING_9e6y_s917_03ea28dd65dd/haddock_run/6_seletopclusts/cluster_1_model_1.pdb.gz	-92.4637	STRICT_A	CANDIDATE_NODE1GEN_095824_source_rfantibody_source_id_PVRIG_RFAb_v2_P4_qrg_L_bb358_mpn04_arm_P4_qrg_L_backbone_P4_qrg_L_bb358_status_NEEDS_RF2_AND_DOCKING_9e6y_s917_03ea28dd65dd	AT
41	NODE1GEN_095824_source_rfantibody_source_id_PVRIG_RFAb_v2_P4_qrg_L_bb358_mpn04_arm_P4_qrg_L_backbone_P4_qrg_L_bb358_status_NEEDS_RF2_AND_DOCKING	generated_top3000	rfantibody	8x6b	1931	SUCCESS	cluster_1_model_1.pdb.gz	/data/qlyu/projects/pvrig_top7500_dualpanel_screen_v1_20260724/run/qc397_final50_fusion_developability_v1_20260726/final50_common4_bundle/representative_complexes/R41__NODE1GEN_095824__8x6b__s1931.pdb	665919387279090a78f216c0cc0e2d23e1897445b504e48f9ecabd82207bab54	/data/qlyu/projects/pvrig_node1_generated100k_multimodal_top5000_4seed_docking_results_v2_20260724/compressed_queue/CANDIDATE_NODE1GEN_095824_source_rfantibody_source_id_PVRIG_RFAb_v2_P4_qrg_L_bb358_mpn04_arm_P4_qrg_L_backbone_P4_qrg_L_bb358_status_NEEDS_RF2_AND_DOCKING_8x6b_s1931_4beee5d47a2b.tar.gz	runs/CANDIDATE_NODE1GEN_095824_source_rfantibody_source_id_PVRIG_RFAb_v2_P4_qrg_L_bb358_mpn04_arm_P4_qrg_L_backbone_P4_qrg_L_bb358_status_NEEDS_RF2_AND_DOCKING_8x6b_s1931_4beee5d47a2b/haddock_run/6_seletopclusts/cluster_1_model_1.pdb.gz	-84.7012	STRICT_A	CANDIDATE_NODE1GEN_095824_source_rfantibody_source_id_PVRIG_RFAb_v2_P4_qrg_L_bb358_mpn04_arm_P4_qrg_L_backbone_P4_qrg_L_bb358_status_NEEDS_RF2_AND_DOCKING_8x6b_s1931_4beee5d47a2b	AT
41	NODE1GEN_095824_source_rfantibody_source_id_PVRIG_RFAb_v2_P4_qrg_L_bb358_mpn04_arm_P4_qrg_L_backbone_P4_qrg_L_bb358_status_NEEDS_RF2_AND_DOCKING	generated_top3000	rfantibody	9e6y	1931	SUCCESS	cluster_1_model_1.pdb.gz	/data/qlyu/projects/pvrig_top7500_dualpanel_screen_v1_20260724/run/qc397_final50_fusion_developability_v1_20260726/final50_common4_bundle/representative_complexes/R41__NODE1GEN_095824__9e6y__s1931.pdb	e0d711d34c14344423346a457c46b325ce5d8418c53b79f5d3168221857c5b7b	/data/qlyu/projects/pvrig_node1_generated100k_multimodal_top5000_4seed_docking_results_v2_20260724/compressed_queue/CANDIDATE_NODE1GEN_095824_source_rfantibody_source_id_PVRIG_RFAb_v2_P4_qrg_L_bb358_mpn04_arm_P4_qrg_L_backbone_P4_qrg_L_bb358_status_NEEDS_RF2_AND_DOCKING_9e6y_s1931_4c344d742e35.tar.gz	runs/CANDIDATE_NODE1GEN_095824_source_rfantibody_source_id_PVRIG_RFAb_v2_P4_qrg_L_bb358_mpn04_arm_P4_qrg_L_backbone_P4_qrg_L_bb358_status_NEEDS_RF2_AND_DOCKING_9e6y_s1931_4c344d742e35/haddock_run/6_seletopclusts/cluster_1_model_1.pdb.gz	-76.85589999999999	STRICT_A	CANDIDATE_NODE1GEN_095824_source_rfantibody_source_id_PVRIG_RFAb_v2_P4_qrg_L_bb358_mpn04_arm_P4_qrg_L_backbone_P4_qrg_L_bb358_status_NEEDS_RF2_AND_DOCKING_9e6y_s1931_4c344d742e35	AT
41	NODE1GEN_095824_source_rfantibody_source_id_PVRIG_RFAb_v2_P4_qrg_L_bb358_mpn04_arm_P4_qrg_L_backbone_P4_qrg_L_bb358_status_NEEDS_RF2_AND_DOCKING	generated_top3000	rfantibody	8x6b	3047	SUCCESS	cluster_1_model_1.pdb.gz	/data/qlyu/projects/pvrig_top7500_dualpanel_screen_v1_20260724/run/qc397_final50_fusion_developability_v1_20260726/final50_common4_bundle/representative_complexes/R41__NODE1GEN_095824__8x6b__s3047.pdb	96145d3eda487704a31184d71df88084a1778df134e93ae5fdd5114468b1b65c	/data/qlyu/projects/pvrig_node1_generated100k_multimodal_top5000_4seed_docking_results_v2_20260724/compressed_queue/CANDIDATE_NODE1GEN_095824_source_rfantibody_source_id_PVRIG_RFAb_v2_P4_qrg_L_bb358_mpn04_arm_P4_qrg_L_backbone_P4_qrg_L_bb358_status_NEEDS_RF2_AND_DOCKING_8x6b_s3047_c1b5af4e307e.tar.gz	runs/CANDIDATE_NODE1GEN_095824_source_rfantibody_source_id_PVRIG_RFAb_v2_P4_qrg_L_bb358_mpn04_arm_P4_qrg_L_backbone_P4_qrg_L_bb358_status_NEEDS_RF2_AND_DOCKING_8x6b_s3047_c1b5af4e307e/haddock_run/6_seletopclusts/cluster_1_model_1.pdb.gz	-94.3499	STRICT_A	CANDIDATE_NODE1GEN_095824_source_rfantibody_source_id_PVRIG_RFAb_v2_P4_qrg_L_bb358_mpn04_arm_P4_qrg_L_backbone_P4_qrg_L_bb358_status_NEEDS_RF2_AND_DOCKING_8x6b_s3047_c1b5af4e307e	AT
41	NODE1GEN_095824_source_rfantibody_source_id_PVRIG_RFAb_v2_P4_qrg_L_bb358_mpn04_arm_P4_qrg_L_backbone_P4_qrg_L_bb358_status_NEEDS_RF2_AND_DOCKING	generated_top3000	rfantibody	9e6y	3047	SUCCESS	cluster_1_model_1.pdb.gz	/data/qlyu/projects/pvrig_top7500_dualpanel_screen_v1_20260724/run/qc397_final50_fusion_developability_v1_20260726/final50_common4_bundle/representative_complexes/R41__NODE1GEN_095824__9e6y__s3047.pdb	8cd9a2e410efe936b4e8f63c0f7e30a6db1ee022e974ed540c0fbaeb8e16d685	/data/qlyu/projects/pvrig_node1_generated100k_multimodal_top5000_4seed_docking_results_v2_20260724/compressed_queue/CANDIDATE_NODE1GEN_095824_source_rfantibody_source_id_PVRIG_RFAb_v2_P4_qrg_L_bb358_mpn04_arm_P4_qrg_L_backbone_P4_qrg_L_bb358_status_NEEDS_RF2_AND_DOCKING_9e6y_s3047_6b01c05e395d.tar.gz	runs/CANDIDATE_NODE1GEN_095824_source_rfantibody_source_id_PVRIG_RFAb_v2_P4_qrg_L_bb358_mpn04_arm_P4_qrg_L_backbone_P4_qrg_L_bb358_status_NEEDS_RF2_AND_DOCKING_9e6y_s3047_6b01c05e395d/haddock_run/6_seletopclusts/cluster_1_model_1.pdb.gz	-80.7439	STRICT_A	CANDIDATE_NODE1GEN_095824_source_rfantibody_source_id_PVRIG_RFAb_v2_P4_qrg_L_bb358_mpn04_arm_P4_qrg_L_backbone_P4_qrg_L_bb358_status_NEEDS_RF2_AND_DOCKING_9e6y_s3047_6b01c05e395d	AT
42	NODE1GEN_017313_source_rfantibody_source_id_PVRIG_RFAb_v2_P1_qrg_L_bb054_mpn00_arm_P1_qrg_L_backbone_P1_qrg_L_bb054_status_NEEDS_RF2_AND_DOCKING	generated_top3000	rfantibody	8x6b	42	SUCCESS	cluster_1_model_1.pdb.gz	/data/qlyu/projects/pvrig_top7500_dualpanel_screen_v1_20260724/run/qc397_final50_fusion_developability_v1_20260726/final50_common4_bundle/representative_complexes/R42__NODE1GEN_017313__8x6b__s42.pdb	5bbb59e1c411e9c132df9b21d7f3ef5ab8821b6298f46fc50ff74c5987cdb804	/data/qlyu/projects/pvrig_node1_generated100k_multimodal_top5000_4seed_docking_results_v2_20260724/compressed_queue/CANDIDATE_NODE1GEN_017313_source_rfantibody_source_id_PVRIG_RFAb_v2_P1_qrg_L_bb054_mpn00_arm_P1_qrg_L_backbone_P1_qrg_L_bb054_status_NEEDS_RF2_AND_DOCKING_8x6b_s42_e745ff7e3171.tar.gz	runs/CANDIDATE_NODE1GEN_017313_source_rfantibody_source_id_PVRIG_RFAb_v2_P1_qrg_L_bb054_mpn00_arm_P1_qrg_L_backbone_P1_qrg_L_bb054_status_NEEDS_RF2_AND_DOCKING_8x6b_s42_e745ff7e3171/haddock_run/6_seletopclusts/cluster_1_model_1.pdb.gz	-62.34936	STRICT_A	CANDIDATE_NODE1GEN_017313_source_rfantibody_source_id_PVRIG_RFAb_v2_P1_qrg_L_bb054_mpn00_arm_P1_qrg_L_backbone_P1_qrg_L_bb054_status_NEEDS_RF2_AND_DOCKING_8x6b_s42_e745ff7e3171	AT
42	NODE1GEN_017313_source_rfantibody_source_id_PVRIG_RFAb_v2_P1_qrg_L_bb054_mpn00_arm_P1_qrg_L_backbone_P1_qrg_L_bb054_status_NEEDS_RF2_AND_DOCKING	generated_top3000	rfantibody	9e6y	42	SUCCESS	cluster_1_model_1.pdb.gz	/data/qlyu/projects/pvrig_top7500_dualpanel_screen_v1_20260724/run/qc397_final50_fusion_developability_v1_20260726/final50_common4_bundle/representative_complexes/R42__NODE1GEN_017313__9e6y__s42.pdb	5413eed33ac31063f4f9832a730209db03d33ce7fa40a6c9f5b17058869f0628	/data/qlyu/projects/pvrig_node1_generated100k_multimodal_top5000_4seed_docking_results_v2_20260724/compressed_queue/CANDIDATE_NODE1GEN_017313_source_rfantibody_source_id_PVRIG_RFAb_v2_P1_qrg_L_bb054_mpn00_arm_P1_qrg_L_backbone_P1_qrg_L_bb054_status_NEEDS_RF2_AND_DOCKING_9e6y_s42_fe3ef039de84.tar.gz	runs/CANDIDATE_NODE1GEN_017313_source_rfantibody_source_id_PVRIG_RFAb_v2_P1_qrg_L_bb054_mpn00_arm_P1_qrg_L_backbone_P1_qrg_L_bb054_status_NEEDS_RF2_AND_DOCKING_9e6y_s42_fe3ef039de84/haddock_run/6_seletopclusts/cluster_1_model_1.pdb.gz	-67.48354	STRICT_A	CANDIDATE_NODE1GEN_017313_source_rfantibody_source_id_PVRIG_RFAb_v2_P1_qrg_L_bb054_mpn00_arm_P1_qrg_L_backbone_P1_qrg_L_bb054_status_NEEDS_RF2_AND_DOCKING_9e6y_s42_fe3ef039de84	AT
42	NODE1GEN_017313_source_rfantibody_source_id_PVRIG_RFAb_v2_P1_qrg_L_bb054_mpn00_arm_P1_qrg_L_backbone_P1_qrg_L_bb054_status_NEEDS_RF2_AND_DOCKING	generated_top3000	rfantibody	8x6b	917	SUCCESS	cluster_1_model_1.pdb.gz	/data/qlyu/projects/pvrig_top7500_dualpanel_screen_v1_20260724/run/qc397_final50_fusion_developability_v1_20260726/final50_common4_bundle/representative_complexes/R42__NODE1GEN_017313__8x6b__s917.pdb	0d2e0fe22f29d12e4565df1185f24800eb789767af814bd7f770a3a76658afcf	/data/qlyu/projects/pvrig_node1_generated100k_multimodal_top5000_4seed_docking_results_v2_20260724/compressed_queue/CANDIDATE_NODE1GEN_017313_source_rfantibody_source_id_PVRIG_RFAb_v2_P1_qrg_L_bb054_mpn00_arm_P1_qrg_L_backbone_P1_qrg_L_bb054_status_NEEDS_RF2_AND_DOCKING_8x6b_s917_9a76c3d07c9d.tar.gz	runs/CANDIDATE_NODE1GEN_017313_source_rfantibody_source_id_PVRIG_RFAb_v2_P1_qrg_L_bb054_mpn00_arm_P1_qrg_L_backbone_P1_qrg_L_bb054_status_NEEDS_RF2_AND_DOCKING_8x6b_s917_9a76c3d07c9d/haddock_run/6_seletopclusts/cluster_1_model_1.pdb.gz	-58.93437	STRICT_A	CANDIDATE_NODE1GEN_017313_source_rfantibody_source_id_PVRIG_RFAb_v2_P1_qrg_L_bb054_mpn00_arm_P1_qrg_L_backbone_P1_qrg_L_bb054_status_NEEDS_RF2_AND_DOCKING_8x6b_s917_9a76c3d07c9d	AT
42	NODE1GEN_017313_source_rfantibody_source_id_PVRIG_RFAb_v2_P1_qrg_L_bb054_mpn00_arm_P1_qrg_L_backbone_P1_qrg_L_bb054_status_NEEDS_RF2_AND_DOCKING	generated_top3000	rfantibody	9e6y	917	SUCCESS	cluster_1_model_1.pdb.gz	/data/qlyu/projects/pvrig_top7500_dualpanel_screen_v1_20260724/run/qc397_final50_fusion_developability_v1_20260726/final50_common4_bundle/representative_complexes/R42__NODE1GEN_017313__9e6y__s917.pdb	b5d096c15220a7c5848afbcc37e3fcb6e1f8572cce85cbba4298824af6044227	/data/qlyu/projects/pvrig_node1_generated100k_multimodal_top5000_4seed_docking_results_v2_20260724/compressed_queue/CANDIDATE_NODE1GEN_017313_source_rfantibody_source_id_PVRIG_RFAb_v2_P1_qrg_L_bb054_mpn00_arm_P1_qrg_L_backbone_P1_qrg_L_bb054_status_NEEDS_RF2_AND_DOCKING_9e6y_s917_24592e4ba1eb.tar.gz	runs/CANDIDATE_NODE1GEN_017313_source_rfantibody_source_id_PVRIG_RFAb_v2_P1_qrg_L_bb054_mpn00_arm_P1_qrg_L_backbone_P1_qrg_L_bb054_status_NEEDS_RF2_AND_DOCKING_9e6y_s917_24592e4ba1eb/haddock_run/6_seletopclusts/cluster_1_model_1.pdb.gz	-48.389399000000004	STRICT_A	CANDIDATE_NODE1GEN_017313_source_rfantibody_source_id_PVRIG_RFAb_v2_P1_qrg_L_bb054_mpn00_arm_P1_qrg_L_backbone_P1_qrg_L_bb054_status_NEEDS_RF2_AND_DOCKING_9e6y_s917_24592e4ba1eb	AT
42	NODE1GEN_017313_source_rfantibody_source_id_PVRIG_RFAb_v2_P1_qrg_L_bb054_mpn00_arm_P1_qrg_L_backbone_P1_qrg_L_bb054_status_NEEDS_RF2_AND_DOCKING	generated_top3000	rfantibody	8x6b	1931	SUCCESS	cluster_1_model_1.pdb.gz	/data/qlyu/projects/pvrig_top7500_dualpanel_screen_v1_20260724/run/qc397_final50_fusion_developability_v1_20260726/final50_common4_bundle/representative_complexes/R42__NODE1GEN_017313__8x6b__s1931.pdb	802247e76fc3931677d0332b9d79d19bcf3b8b68c208b8b06589137468a4c8f2	/data/qlyu/projects/pvrig_node1_generated100k_multimodal_top5000_4seed_docking_results_v2_20260724/compressed_queue/CANDIDATE_NODE1GEN_017313_source_rfantibody_source_id_PVRIG_RFAb_v2_P1_qrg_L_bb054_mpn00_arm_P1_qrg_L_backbone_P1_qrg_L_bb054_status_NEEDS_RF2_AND_DOCKING_8x6b_s1931_b748e414004e.tar.gz	runs/CANDIDATE_NODE1GEN_017313_source_rfantibody_source_id_PVRIG_RFAb_v2_P1_qrg_L_bb054_mpn00_arm_P1_qrg_L_backbone_P1_qrg_L_bb054_status_NEEDS_RF2_AND_DOCKING_8x6b_s1931_b748e414004e/haddock_run/6_seletopclusts/cluster_1_model_1.pdb.gz	-51.54501000000001	STRICT_A	CANDIDATE_NODE1GEN_017313_source_rfantibody_source_id_PVRIG_RFAb_v2_P1_qrg_L_bb054_mpn00_arm_P1_qrg_L_backbone_P1_qrg_L_bb054_status_NEEDS_RF2_AND_DOCKING_8x6b_s1931_b748e414004e	AT
42	NODE1GEN_017313_source_rfantibody_source_id_PVRIG_RFAb_v2_P1_qrg_L_bb054_mpn00_arm_P1_qrg_L_backbone_P1_qrg_L_bb054_status_NEEDS_RF2_AND_DOCKING	generated_top3000	rfantibody	9e6y	1931	SUCCESS	cluster_1_model_1.pdb.gz	/data/qlyu/projects/pvrig_top7500_dualpanel_screen_v1_20260724/run/qc397_final50_fusion_developability_v1_20260726/final50_common4_bundle/representative_complexes/R42__NODE1GEN_017313__9e6y__s1931.pdb	bf2e38bbaa2eb06ebecdce46f50d7daaad92f7d1377496bd7353efc9546e06f2	/data/qlyu/projects/pvrig_node1_generated100k_multimodal_top5000_4seed_docking_results_v2_20260724/compressed_queue/CANDIDATE_NODE1GEN_017313_source_rfantibody_source_id_PVRIG_RFAb_v2_P1_qrg_L_bb054_mpn00_arm_P1_qrg_L_backbone_P1_qrg_L_bb054_status_NEEDS_RF2_AND_DOCKING_9e6y_s1931_ac429bcf8bd8.tar.gz	runs/CANDIDATE_NODE1GEN_017313_source_rfantibody_source_id_PVRIG_RFAb_v2_P1_qrg_L_bb054_mpn00_arm_P1_qrg_L_backbone_P1_qrg_L_bb054_status_NEEDS_RF2_AND_DOCKING_9e6y_s1931_ac429bcf8bd8/haddock_run/6_seletopclusts/cluster_1_model_1.pdb.gz	-53.97942000000001	STRICT_A	CANDIDATE_NODE1GEN_017313_source_rfantibody_source_id_PVRIG_RFAb_v2_P1_qrg_L_bb054_mpn00_arm_P1_qrg_L_backbone_P1_qrg_L_bb054_status_NEEDS_RF2_AND_DOCKING_9e6y_s1931_ac429bcf8bd8	AT
42	NODE1GEN_017313_source_rfantibody_source_id_PVRIG_RFAb_v2_P1_qrg_L_bb054_mpn00_arm_P1_qrg_L_backbone_P1_qrg_L_bb054_status_NEEDS_RF2_AND_DOCKING	generated_top3000	rfantibody	8x6b	3047	SUCCESS	cluster_1_model_1.pdb.gz	/data/qlyu/projects/pvrig_top7500_dualpanel_screen_v1_20260724/run/qc397_final50_fusion_developability_v1_20260726/final50_common4_bundle/representative_complexes/R42__NODE1GEN_017313__8x6b__s3047.pdb	70447fc0ca84588849783ca27b64ed2049aeda3c91e6691a2cababe08f2c0aac	/data/qlyu/projects/pvrig_node1_generated100k_multimodal_top5000_4seed_docking_results_v2_20260724/compressed_queue/CANDIDATE_NODE1GEN_017313_source_rfantibody_source_id_PVRIG_RFAb_v2_P1_qrg_L_bb054_mpn00_arm_P1_qrg_L_backbone_P1_qrg_L_bb054_status_NEEDS_RF2_AND_DOCKING_8x6b_s3047_8714c152fcb9.tar.gz	runs/CANDIDATE_NODE1GEN_017313_source_rfantibody_source_id_PVRIG_RFAb_v2_P1_qrg_L_bb054_mpn00_arm_P1_qrg_L_backbone_P1_qrg_L_bb054_status_NEEDS_RF2_AND_DOCKING_8x6b_s3047_8714c152fcb9/haddock_run/6_seletopclusts/cluster_1_model_1.pdb.gz	-61.304726	STRICT_A	CANDIDATE_NODE1GEN_017313_source_rfantibody_source_id_PVRIG_RFAb_v2_P1_qrg_L_bb054_mpn00_arm_P1_qrg_L_backbone_P1_qrg_L_bb054_status_NEEDS_RF2_AND_DOCKING_8x6b_s3047_8714c152fcb9	AT
42	NODE1GEN_017313_source_rfantibody_source_id_PVRIG_RFAb_v2_P1_qrg_L_bb054_mpn00_arm_P1_qrg_L_backbone_P1_qrg_L_bb054_status_NEEDS_RF2_AND_DOCKING	generated_top3000	rfantibody	9e6y	3047	SUCCESS	cluster_1_model_1.pdb.gz	/data/qlyu/projects/pvrig_top7500_dualpanel_screen_v1_20260724/run/qc397_final50_fusion_developability_v1_20260726/final50_common4_bundle/representative_complexes/R42__NODE1GEN_017313__9e6y__s3047.pdb	55dca97e84684f3390a19166ff9115360d67aa2795d66119a64bf5e59f1891b6	/data/qlyu/projects/pvrig_node1_generated100k_multimodal_top5000_4seed_docking_results_v2_20260724/compressed_queue/CANDIDATE_NODE1GEN_017313_source_rfantibody_source_id_PVRIG_RFAb_v2_P1_qrg_L_bb054_mpn00_arm_P1_qrg_L_backbone_P1_qrg_L_bb054_status_NEEDS_RF2_AND_DOCKING_9e6y_s3047_c453f7147277.tar.gz	runs/CANDIDATE_NODE1GEN_017313_source_rfantibody_source_id_PVRIG_RFAb_v2_P1_qrg_L_bb054_mpn00_arm_P1_qrg_L_backbone_P1_qrg_L_bb054_status_NEEDS_RF2_AND_DOCKING_9e6y_s3047_c453f7147277/haddock_run/6_seletopclusts/cluster_1_model_1.pdb.gz	-69.85175	STRICT_A	CANDIDATE_NODE1GEN_017313_source_rfantibody_source_id_PVRIG_RFAb_v2_P1_qrg_L_bb054_mpn00_arm_P1_qrg_L_backbone_P1_qrg_L_bb054_status_NEEDS_RF2_AND_DOCKING_9e6y_s3047_c453f7147277	AT
43	NODE1GEN_109783_source_rfantibody_source_id_PVRIG_RFAb_v2_P5_qkg_L_bb121_mpn06_arm_P5_qkg_L_backbone_P5_qkg_L_bb121_status_NEEDS_RF2_AND_DOCKING	generated_top3000	rfantibody	8x6b	42	SUCCESS	cluster_1_model_1.pdb.gz	/data/qlyu/projects/pvrig_top7500_dualpanel_screen_v1_20260724/run/qc397_final50_fusion_developability_v1_20260726/final50_common4_bundle/representative_complexes/R43__NODE1GEN_109783__8x6b__s42.pdb	82594567bd6ddce521fc9e5b116262bcfd43137f7e1e592c08cad2f51edc5113	/data/qlyu/projects/pvrig_node1_generated100k_multimodal_top5000_4seed_docking_results_v2_20260724/compressed_queue/CANDIDATE_NODE1GEN_109783_source_rfantibody_source_id_PVRIG_RFAb_v2_P5_qkg_L_bb121_mpn06_arm_P5_qkg_L_backbone_P5_qkg_L_bb121_status_NEEDS_RF2_AND_DOCKING_8x6b_s42_3d24eb6dda59.tar.gz	runs/CANDIDATE_NODE1GEN_109783_source_rfantibody_source_id_PVRIG_RFAb_v2_P5_qkg_L_bb121_mpn06_arm_P5_qkg_L_backbone_P5_qkg_L_bb121_status_NEEDS_RF2_AND_DOCKING_8x6b_s42_3d24eb6dda59/haddock_run/6_seletopclusts/cluster_1_model_1.pdb.gz	-79.3751	STRICT_A	CANDIDATE_NODE1GEN_109783_source_rfantibody_source_id_PVRIG_RFAb_v2_P5_qkg_L_bb121_mpn06_arm_P5_qkg_L_backbone_P5_qkg_L_bb121_status_NEEDS_RF2_AND_DOCKING_8x6b_s42_3d24eb6dda59	AT
43	NODE1GEN_109783_source_rfantibody_source_id_PVRIG_RFAb_v2_P5_qkg_L_bb121_mpn06_arm_P5_qkg_L_backbone_P5_qkg_L_bb121_status_NEEDS_RF2_AND_DOCKING	generated_top3000	rfantibody	9e6y	42	SUCCESS	cluster_1_model_1.pdb.gz	/data/qlyu/projects/pvrig_top7500_dualpanel_screen_v1_20260724/run/qc397_final50_fusion_developability_v1_20260726/final50_common4_bundle/representative_complexes/R43__NODE1GEN_109783__9e6y__s42.pdb	163c6b2666e8adaf852876d480738d628c4c5d3dfcea8dfa68683ae3e62b6284	/data/qlyu/projects/pvrig_node1_generated100k_multimodal_top5000_4seed_docking_results_v2_20260724/compressed_queue/CANDIDATE_NODE1GEN_109783_source_rfantibody_source_id_PVRIG_RFAb_v2_P5_qkg_L_bb121_mpn06_arm_P5_qkg_L_backbone_P5_qkg_L_bb121_status_NEEDS_RF2_AND_DOCKING_9e6y_s42_a95e0bf1aafe.tar.gz	runs/CANDIDATE_NODE1GEN_109783_source_rfantibody_source_id_PVRIG_RFAb_v2_P5_qkg_L_bb121_mpn06_arm_P5_qkg_L_backbone_P5_qkg_L_bb121_status_NEEDS_RF2_AND_DOCKING_9e6y_s42_a95e0bf1aafe/haddock_run/6_seletopclusts/cluster_1_model_1.pdb.gz	-84.15190000000001	STRICT_A	CANDIDATE_NODE1GEN_109783_source_rfantibody_source_id_PVRIG_RFAb_v2_P5_qkg_L_bb121_mpn06_arm_P5_qkg_L_backbone_P5_qkg_L_bb121_status_NEEDS_RF2_AND_DOCKING_9e6y_s42_a95e0bf1aafe	AT
43	NODE1GEN_109783_source_rfantibody_source_id_PVRIG_RFAb_v2_P5_qkg_L_bb121_mpn06_arm_P5_qkg_L_backbone_P5_qkg_L_bb121_status_NEEDS_RF2_AND_DOCKING	generated_top3000	rfantibody	8x6b	917	SUCCESS	cluster_1_model_1.pdb.gz	/data/qlyu/projects/pvrig_top7500_dualpanel_screen_v1_20260724/run/qc397_final50_fusion_developability_v1_20260726/final50_common4_bundle/representative_complexes/R43__NODE1GEN_109783__8x6b__s917.pdb	701eff3882fdee5113950aba4f62851c85fbbf4aa924ec52c58180b2e88cbffe	/data/qlyu/projects/pvrig_node1_generated100k_multimodal_top5000_4seed_docking_results_v2_20260724/compressed_queue/CANDIDATE_NODE1GEN_109783_source_rfantibody_source_id_PVRIG_RFAb_v2_P5_qkg_L_bb121_mpn06_arm_P5_qkg_L_backbone_P5_qkg_L_bb121_status_NEEDS_RF2_AND_DOCKING_8x6b_s917_ff5ae59b30c7.tar.gz	runs/CANDIDATE_NODE1GEN_109783_source_rfantibody_source_id_PVRIG_RFAb_v2_P5_qkg_L_bb121_mpn06_arm_P5_qkg_L_backbone_P5_qkg_L_bb121_status_NEEDS_RF2_AND_DOCKING_8x6b_s917_ff5ae59b30c7/haddock_run/6_seletopclusts/cluster_1_model_1.pdb.gz	-77.4385	STRICT_A	CANDIDATE_NODE1GEN_109783_source_rfantibody_source_id_PVRIG_RFAb_v2_P5_qkg_L_bb121_mpn06_arm_P5_qkg_L_backbone_P5_qkg_L_bb121_status_NEEDS_RF2_AND_DOCKING_8x6b_s917_ff5ae59b30c7	AT
43	NODE1GEN_109783_source_rfantibody_source_id_PVRIG_RFAb_v2_P5_qkg_L_bb121_mpn06_arm_P5_qkg_L_backbone_P5_qkg_L_bb121_status_NEEDS_RF2_AND_DOCKING	generated_top3000	rfantibody	9e6y	917	SUCCESS	cluster_1_model_1.pdb.gz	/data/qlyu/projects/pvrig_top7500_dualpanel_screen_v1_20260724/run/qc397_final50_fusion_developability_v1_20260726/final50_common4_bundle/representative_complexes/R43__NODE1GEN_109783__9e6y__s917.pdb	9879196f0a8a5db6d8f5db7b827518edfe709889533e80924c7561c9d94832fb	/data/qlyu/projects/pvrig_node1_generated100k_multimodal_top5000_4seed_docking_results_v2_20260724/compressed_queue/CANDIDATE_NODE1GEN_109783_source_rfantibody_source_id_PVRIG_RFAb_v2_P5_qkg_L_bb121_mpn06_arm_P5_qkg_L_backbone_P5_qkg_L_bb121_status_NEEDS_RF2_AND_DOCKING_9e6y_s917_1832e0c1236f.tar.gz	runs/CANDIDATE_NODE1GEN_109783_source_rfantibody_source_id_PVRIG_RFAb_v2_P5_qkg_L_bb121_mpn06_arm_P5_qkg_L_backbone_P5_qkg_L_bb121_status_NEEDS_RF2_AND_DOCKING_9e6y_s917_1832e0c1236f/haddock_run/6_seletopclusts/cluster_1_model_1.pdb.gz	-55.84130000000001	STRICT_A	CANDIDATE_NODE1GEN_109783_source_rfantibody_source_id_PVRIG_RFAb_v2_P5_qkg_L_bb121_mpn06_arm_P5_qkg_L_backbone_P5_qkg_L_bb121_status_NEEDS_RF2_AND_DOCKING_9e6y_s917_1832e0c1236f	AT
43	NODE1GEN_109783_source_rfantibody_source_id_PVRIG_RFAb_v2_P5_qkg_L_bb121_mpn06_arm_P5_qkg_L_backbone_P5_qkg_L_bb121_status_NEEDS_RF2_AND_DOCKING	generated_top3000	rfantibody	8x6b	1931	SUCCESS	cluster_1_model_1.pdb.gz	/data/qlyu/projects/pvrig_top7500_dualpanel_screen_v1_20260724/run/qc397_final50_fusion_developability_v1_20260726/final50_common4_bundle/representative_complexes/R43__NODE1GEN_109783__8x6b__s1931.pdb	c12d98481300645f76310d6f7873166bbc761ecd727f5018d50939e266d33c58	/data/qlyu/projects/pvrig_node1_generated100k_multimodal_top5000_4seed_docking_results_v2_20260724/compressed_queue/CANDIDATE_NODE1GEN_109783_source_rfantibody_source_id_PVRIG_RFAb_v2_P5_qkg_L_bb121_mpn06_arm_P5_qkg_L_backbone_P5_qkg_L_bb121_status_NEEDS_RF2_AND_DOCKING_8x6b_s1931_4f7d8161216b.tar.gz	runs/CANDIDATE_NODE1GEN_109783_source_rfantibody_source_id_PVRIG_RFAb_v2_P5_qkg_L_bb121_mpn06_arm_P5_qkg_L_backbone_P5_qkg_L_bb121_status_NEEDS_RF2_AND_DOCKING_8x6b_s1931_4f7d8161216b/haddock_run/6_seletopclusts/cluster_1_model_1.pdb.gz	-77.04503000000001	STRICT_A	CANDIDATE_NODE1GEN_109783_source_rfantibody_source_id_PVRIG_RFAb_v2_P5_qkg_L_bb121_mpn06_arm_P5_qkg_L_backbone_P5_qkg_L_bb121_status_NEEDS_RF2_AND_DOCKING_8x6b_s1931_4f7d8161216b	AT
43	NODE1GEN_109783_source_rfantibody_source_id_PVRIG_RFAb_v2_P5_qkg_L_bb121_mpn06_arm_P5_qkg_L_backbone_P5_qkg_L_bb121_status_NEEDS_RF2_AND_DOCKING	generated_top3000	rfantibody	9e6y	1931	SUCCESS	cluster_1_model_1.pdb.gz	/data/qlyu/projects/pvrig_top7500_dualpanel_screen_v1_20260724/run/qc397_final50_fusion_developability_v1_20260726/final50_common4_bundle/representative_complexes/R43__NODE1GEN_109783__9e6y__s1931.pdb	683355c200d3334368db9f312966ece97db9207261eb7730e05990273e3f2fe9	/data/qlyu/projects/pvrig_node1_generated100k_multimodal_top5000_4seed_docking_results_v2_20260724/compressed_queue/CANDIDATE_NODE1GEN_109783_source_rfantibody_source_id_PVRIG_RFAb_v2_P5_qkg_L_bb121_mpn06_arm_P5_qkg_L_backbone_P5_qkg_L_bb121_status_NEEDS_RF2_AND_DOCKING_9e6y_s1931_215b308cf5c5.tar.gz	runs/CANDIDATE_NODE1GEN_109783_source_rfantibody_source_id_PVRIG_RFAb_v2_P5_qkg_L_bb121_mpn06_arm_P5_qkg_L_backbone_P5_qkg_L_bb121_status_NEEDS_RF2_AND_DOCKING_9e6y_s1931_215b308cf5c5/haddock_run/6_seletopclusts/cluster_1_model_1.pdb.gz	-54.136430000000004	STRICT_A	CANDIDATE_NODE1GEN_109783_source_rfantibody_source_id_PVRIG_RFAb_v2_P5_qkg_L_bb121_mpn06_arm_P5_qkg_L_backbone_P5_qkg_L_bb121_status_NEEDS_RF2_AND_DOCKING_9e6y_s1931_215b308cf5c5	AT
43	NODE1GEN_109783_source_rfantibody_source_id_PVRIG_RFAb_v2_P5_qkg_L_bb121_mpn06_arm_P5_qkg_L_backbone_P5_qkg_L_bb121_status_NEEDS_RF2_AND_DOCKING	generated_top3000	rfantibody	8x6b	3047	SUCCESS	cluster_1_model_1.pdb.gz	/data/qlyu/projects/pvrig_top7500_dualpanel_screen_v1_20260724/run/qc397_final50_fusion_developability_v1_20260726/final50_common4_bundle/representative_complexes/R43__NODE1GEN_109783__8x6b__s3047.pdb	c9d28b0b923a964ab74ff65403ed8a153fb95979b0c994fd05e57f48d791accb	/data/qlyu/projects/pvrig_node1_generated100k_multimodal_top5000_4seed_docking_results_v2_20260724/compressed_queue/CANDIDATE_NODE1GEN_109783_source_rfantibody_source_id_PVRIG_RFAb_v2_P5_qkg_L_bb121_mpn06_arm_P5_qkg_L_backbone_P5_qkg_L_bb121_status_NEEDS_RF2_AND_DOCKING_8x6b_s3047_377440c2d66f.tar.gz	runs/CANDIDATE_NODE1GEN_109783_source_rfantibody_source_id_PVRIG_RFAb_v2_P5_qkg_L_bb121_mpn06_arm_P5_qkg_L_backbone_P5_qkg_L_bb121_status_NEEDS_RF2_AND_DOCKING_8x6b_s3047_377440c2d66f/haddock_run/6_seletopclusts/cluster_1_model_1.pdb.gz	-64.18731	STRICT_A	CANDIDATE_NODE1GEN_109783_source_rfantibody_source_id_PVRIG_RFAb_v2_P5_qkg_L_bb121_mpn06_arm_P5_qkg_L_backbone_P5_qkg_L_bb121_status_NEEDS_RF2_AND_DOCKING_8x6b_s3047_377440c2d66f	AT
43	NODE1GEN_109783_source_rfantibody_source_id_PVRIG_RFAb_v2_P5_qkg_L_bb121_mpn06_arm_P5_qkg_L_backbone_P5_qkg_L_bb121_status_NEEDS_RF2_AND_DOCKING	generated_top3000	rfantibody	9e6y	3047	SUCCESS	cluster_1_model_1.pdb.gz	/data/qlyu/projects/pvrig_top7500_dualpanel_screen_v1_20260724/run/qc397_final50_fusion_developability_v1_20260726/final50_common4_bundle/representative_complexes/R43__NODE1GEN_109783__9e6y__s3047.pdb	084d4241257d658ee2eb60c226a41bcf173a34db7e37b6d95becf07163a43a9c	/data/qlyu/projects/pvrig_node1_generated100k_multimodal_top5000_4seed_docking_results_v2_20260724/compressed_queue/CANDIDATE_NODE1GEN_109783_source_rfantibody_source_id_PVRIG_RFAb_v2_P5_qkg_L_bb121_mpn06_arm_P5_qkg_L_backbone_P5_qkg_L_bb121_status_NEEDS_RF2_AND_DOCKING_9e6y_s3047_7999bdb907ad.tar.gz	runs/CANDIDATE_NODE1GEN_109783_source_rfantibody_source_id_PVRIG_RFAb_v2_P5_qkg_L_bb121_mpn06_arm_P5_qkg_L_backbone_P5_qkg_L_bb121_status_NEEDS_RF2_AND_DOCKING_9e6y_s3047_7999bdb907ad/haddock_run/6_seletopclusts/cluster_1_model_1.pdb.gz	-58.575340000000004	STRICT_A	CANDIDATE_NODE1GEN_109783_source_rfantibody_source_id_PVRIG_RFAb_v2_P5_qkg_L_bb121_mpn06_arm_P5_qkg_L_backbone_P5_qkg_L_bb121_status_NEEDS_RF2_AND_DOCKING_9e6y_s3047_7999bdb907ad	AT
44	NODE1GEN_100102_source_rfantibody_source_id_PVRIG_RFAb_v2_P5_ekg_L_bb007_mpn10_arm_P5_ekg_L_backbone_P5_ekg_L_bb007_status_NEEDS_RF2_AND_DOCKING	generated_top3000	rfantibody	8x6b	42	SUCCESS	cluster_1_model_1.pdb.gz	/data/qlyu/projects/pvrig_top7500_dualpanel_screen_v1_20260724/run/qc397_final50_fusion_developability_v1_20260726/final50_common4_bundle/representative_complexes/R44__NODE1GEN_100102__8x6b__s42.pdb	dd323f3b57c0d86bc94c52fdae64968ed5b05b1372a73db7d57c44bceb893988	/data/qlyu/projects/pvrig_node1_generated100k_multimodal_top5000_4seed_docking_results_v2_20260724/compressed_queue/CANDIDATE_NODE1GEN_100102_source_rfantibody_source_id_PVRIG_RFAb_v2_P5_ekg_L_bb007_mpn10_arm_P5_ekg_L_backbone_P5_ekg_L_bb007_status_NEEDS_RF2_AND_DOCKING_8x6b_s42_a8bb6e204ecc.tar.gz	runs/CANDIDATE_NODE1GEN_100102_source_rfantibody_source_id_PVRIG_RFAb_v2_P5_ekg_L_bb007_mpn10_arm_P5_ekg_L_backbone_P5_ekg_L_bb007_status_NEEDS_RF2_AND_DOCKING_8x6b_s42_a8bb6e204ecc/haddock_run/6_seletopclusts/cluster_1_model_1.pdb.gz	-61.6162	STRICT_A	CANDIDATE_NODE1GEN_100102_source_rfantibody_source_id_PVRIG_RFAb_v2_P5_ekg_L_bb007_mpn10_arm_P5_ekg_L_backbone_P5_ekg_L_bb007_status_NEEDS_RF2_AND_DOCKING_8x6b_s42_a8bb6e204ecc	AT
44	NODE1GEN_100102_source_rfantibody_source_id_PVRIG_RFAb_v2_P5_ekg_L_bb007_mpn10_arm_P5_ekg_L_backbone_P5_ekg_L_bb007_status_NEEDS_RF2_AND_DOCKING	generated_top3000	rfantibody	9e6y	42	SUCCESS	cluster_1_model_1.pdb.gz	/data/qlyu/projects/pvrig_top7500_dualpanel_screen_v1_20260724/run/qc397_final50_fusion_developability_v1_20260726/final50_common4_bundle/representative_complexes/R44__NODE1GEN_100102__9e6y__s42.pdb	1e2f64d57e14d7afbda3e0074a7d23a6818f9db5cd4d5827117629da2d568c93	/data/qlyu/projects/pvrig_node1_generated100k_multimodal_top5000_4seed_docking_results_v2_20260724/compressed_queue/CANDIDATE_NODE1GEN_100102_source_rfantibody_source_id_PVRIG_RFAb_v2_P5_ekg_L_bb007_mpn10_arm_P5_ekg_L_backbone_P5_ekg_L_bb007_status_NEEDS_RF2_AND_DOCKING_9e6y_s42_7616d424c7fc.tar.gz	runs/CANDIDATE_NODE1GEN_100102_source_rfantibody_source_id_PVRIG_RFAb_v2_P5_ekg_L_bb007_mpn10_arm_P5_ekg_L_backbone_P5_ekg_L_bb007_status_NEEDS_RF2_AND_DOCKING_9e6y_s42_7616d424c7fc/haddock_run/6_seletopclusts/cluster_1_model_1.pdb.gz	-66.1021	STRICT_A	CANDIDATE_NODE1GEN_100102_source_rfantibody_source_id_PVRIG_RFAb_v2_P5_ekg_L_bb007_mpn10_arm_P5_ekg_L_backbone_P5_ekg_L_bb007_status_NEEDS_RF2_AND_DOCKING_9e6y_s42_7616d424c7fc	AT
44	NODE1GEN_100102_source_rfantibody_source_id_PVRIG_RFAb_v2_P5_ekg_L_bb007_mpn10_arm_P5_ekg_L_backbone_P5_ekg_L_bb007_status_NEEDS_RF2_AND_DOCKING	generated_top3000	rfantibody	8x6b	917	SUCCESS	cluster_1_model_1.pdb.gz	/data/qlyu/projects/pvrig_top7500_dualpanel_screen_v1_20260724/run/qc397_final50_fusion_developability_v1_20260726/final50_common4_bundle/representative_complexes/R44__NODE1GEN_100102__8x6b__s917.pdb	490b123a2e35720fe0734f05d2e027a845046f9ecc45f0014a07067aaaa7f054	/data/qlyu/projects/pvrig_node1_generated100k_multimodal_top5000_4seed_docking_results_v2_20260724/compressed_queue/CANDIDATE_NODE1GEN_100102_source_rfantibody_source_id_PVRIG_RFAb_v2_P5_ekg_L_bb007_mpn10_arm_P5_ekg_L_backbone_P5_ekg_L_bb007_status_NEEDS_RF2_AND_DOCKING_8x6b_s917_147f29d1d428.tar.gz	runs/CANDIDATE_NODE1GEN_100102_source_rfantibody_source_id_PVRIG_RFAb_v2_P5_ekg_L_bb007_mpn10_arm_P5_ekg_L_backbone_P5_ekg_L_bb007_status_NEEDS_RF2_AND_DOCKING_8x6b_s917_147f29d1d428/haddock_run/6_seletopclusts/cluster_1_model_1.pdb.gz	-54.2304	STRICT_A	CANDIDATE_NODE1GEN_100102_source_rfantibody_source_id_PVRIG_RFAb_v2_P5_ekg_L_bb007_mpn10_arm_P5_ekg_L_backbone_P5_ekg_L_bb007_status_NEEDS_RF2_AND_DOCKING_8x6b_s917_147f29d1d428	AT
44	NODE1GEN_100102_source_rfantibody_source_id_PVRIG_RFAb_v2_P5_ekg_L_bb007_mpn10_arm_P5_ekg_L_backbone_P5_ekg_L_bb007_status_NEEDS_RF2_AND_DOCKING	generated_top3000	rfantibody	9e6y	917	SUCCESS	cluster_1_model_1.pdb.gz	/data/qlyu/projects/pvrig_top7500_dualpanel_screen_v1_20260724/run/qc397_final50_fusion_developability_v1_20260726/final50_common4_bundle/representative_complexes/R44__NODE1GEN_100102__9e6y__s917.pdb	2b504e27441f91361ef66b6d72e4c239d2668214f75c5a56e2d84cef55a3df9e	/data/qlyu/projects/pvrig_node1_generated100k_multimodal_top5000_4seed_docking_results_v2_20260724/compressed_queue/CANDIDATE_NODE1GEN_100102_source_rfantibody_source_id_PVRIG_RFAb_v2_P5_ekg_L_bb007_mpn10_arm_P5_ekg_L_backbone_P5_ekg_L_bb007_status_NEEDS_RF2_AND_DOCKING_9e6y_s917_3f2eb4daa34c.tar.gz	runs/CANDIDATE_NODE1GEN_100102_source_rfantibody_source_id_PVRIG_RFAb_v2_P5_ekg_L_bb007_mpn10_arm_P5_ekg_L_backbone_P5_ekg_L_bb007_status_NEEDS_RF2_AND_DOCKING_9e6y_s917_3f2eb4daa34c/haddock_run/6_seletopclusts/cluster_1_model_1.pdb.gz	-64.40129999999999	STRICT_A	CANDIDATE_NODE1GEN_100102_source_rfantibody_source_id_PVRIG_RFAb_v2_P5_ekg_L_bb007_mpn10_arm_P5_ekg_L_backbone_P5_ekg_L_bb007_status_NEEDS_RF2_AND_DOCKING_9e6y_s917_3f2eb4daa34c	AT
44	NODE1GEN_100102_source_rfantibody_source_id_PVRIG_RFAb_v2_P5_ekg_L_bb007_mpn10_arm_P5_ekg_L_backbone_P5_ekg_L_bb007_status_NEEDS_RF2_AND_DOCKING	generated_top3000	rfantibody	8x6b	1931	SUCCESS	cluster_1_model_1.pdb.gz	/data/qlyu/projects/pvrig_top7500_dualpanel_screen_v1_20260724/run/qc397_final50_fusion_developability_v1_20260726/final50_common4_bundle/representative_complexes/R44__NODE1GEN_100102__8x6b__s1931.pdb	8db006f7ab72018dd527302bc9a733e10dec9165c01b21a832a0f84e40e9a079	/data/qlyu/projects/pvrig_node1_generated100k_multimodal_top5000_4seed_docking_results_v2_20260724/compressed_queue/CANDIDATE_NODE1GEN_100102_source_rfantibody_source_id_PVRIG_RFAb_v2_P5_ekg_L_bb007_mpn10_arm_P5_ekg_L_backbone_P5_ekg_L_bb007_status_NEEDS_RF2_AND_DOCKING_8x6b_s1931_71ccf014a2e2.tar.gz	runs/CANDIDATE_NODE1GEN_100102_source_rfantibody_source_id_PVRIG_RFAb_v2_P5_ekg_L_bb007_mpn10_arm_P5_ekg_L_backbone_P5_ekg_L_bb007_status_NEEDS_RF2_AND_DOCKING_8x6b_s1931_71ccf014a2e2/haddock_run/6_seletopclusts/cluster_1_model_1.pdb.gz	-76.4042	STRICT_A	CANDIDATE_NODE1GEN_100102_source_rfantibody_source_id_PVRIG_RFAb_v2_P5_ekg_L_bb007_mpn10_arm_P5_ekg_L_backbone_P5_ekg_L_bb007_status_NEEDS_RF2_AND_DOCKING_8x6b_s1931_71ccf014a2e2	AT
44	NODE1GEN_100102_source_rfantibody_source_id_PVRIG_RFAb_v2_P5_ekg_L_bb007_mpn10_arm_P5_ekg_L_backbone_P5_ekg_L_bb007_status_NEEDS_RF2_AND_DOCKING	generated_top3000	rfantibody	9e6y	1931	SUCCESS	cluster_1_model_1.pdb.gz	/data/qlyu/projects/pvrig_top7500_dualpanel_screen_v1_20260724/run/qc397_final50_fusion_developability_v1_20260726/final50_common4_bundle/representative_complexes/R44__NODE1GEN_100102__9e6y__s1931.pdb	aad604a92af5b33032541b1ed1ce02e3460ea611a0437444638628da5075940e	/data/qlyu/projects/pvrig_node1_generated100k_multimodal_top5000_4seed_docking_results_v2_20260724/compressed_queue/CANDIDATE_NODE1GEN_100102_source_rfantibody_source_id_PVRIG_RFAb_v2_P5_ekg_L_bb007_mpn10_arm_P5_ekg_L_backbone_P5_ekg_L_bb007_status_NEEDS_RF2_AND_DOCKING_9e6y_s1931_a1e6304fbfb4.tar.gz	runs/CANDIDATE_NODE1GEN_100102_source_rfantibody_source_id_PVRIG_RFAb_v2_P5_ekg_L_bb007_mpn10_arm_P5_ekg_L_backbone_P5_ekg_L_bb007_status_NEEDS_RF2_AND_DOCKING_9e6y_s1931_a1e6304fbfb4/haddock_run/6_seletopclusts/cluster_1_model_1.pdb.gz	-66.1046	STRICT_A	CANDIDATE_NODE1GEN_100102_source_rfantibody_source_id_PVRIG_RFAb_v2_P5_ekg_L_bb007_mpn10_arm_P5_ekg_L_backbone_P5_ekg_L_bb007_status_NEEDS_RF2_AND_DOCKING_9e6y_s1931_a1e6304fbfb4	AT
44	NODE1GEN_100102_source_rfantibody_source_id_PVRIG_RFAb_v2_P5_ekg_L_bb007_mpn10_arm_P5_ekg_L_backbone_P5_ekg_L_bb007_status_NEEDS_RF2_AND_DOCKING	generated_top3000	rfantibody	8x6b	3047	SUCCESS	cluster_1_model_1.pdb.gz	/data/qlyu/projects/pvrig_top7500_dualpanel_screen_v1_20260724/run/qc397_final50_fusion_developability_v1_20260726/final50_common4_bundle/representative_complexes/R44__NODE1GEN_100102__8x6b__s3047.pdb	2ef6a6a1db3482241b19de490b92be4b6fa11602fcdd298a37f648a09273eedb	/data/qlyu/projects/pvrig_node1_generated100k_multimodal_top5000_4seed_docking_results_v2_20260724/compressed_queue/CANDIDATE_NODE1GEN_100102_source_rfantibody_source_id_PVRIG_RFAb_v2_P5_ekg_L_bb007_mpn10_arm_P5_ekg_L_backbone_P5_ekg_L_bb007_status_NEEDS_RF2_AND_DOCKING_8x6b_s3047_652f146ce116.tar.gz	runs/CANDIDATE_NODE1GEN_100102_source_rfantibody_source_id_PVRIG_RFAb_v2_P5_ekg_L_bb007_mpn10_arm_P5_ekg_L_backbone_P5_ekg_L_bb007_status_NEEDS_RF2_AND_DOCKING_8x6b_s3047_652f146ce116/haddock_run/6_seletopclusts/cluster_1_model_1.pdb.gz	-65.07018	STRICT_A	CANDIDATE_NODE1GEN_100102_source_rfantibody_source_id_PVRIG_RFAb_v2_P5_ekg_L_bb007_mpn10_arm_P5_ekg_L_backbone_P5_ekg_L_bb007_status_NEEDS_RF2_AND_DOCKING_8x6b_s3047_652f146ce116	AT
44	NODE1GEN_100102_source_rfantibody_source_id_PVRIG_RFAb_v2_P5_ekg_L_bb007_mpn10_arm_P5_ekg_L_backbone_P5_ekg_L_bb007_status_NEEDS_RF2_AND_DOCKING	generated_top3000	rfantibody	9e6y	3047	SUCCESS	cluster_1_model_1.pdb.gz	/data/qlyu/projects/pvrig_top7500_dualpanel_screen_v1_20260724/run/qc397_final50_fusion_developability_v1_20260726/final50_common4_bundle/representative_complexes/R44__NODE1GEN_100102__9e6y__s3047.pdb	53a2e069ae0d73dedd0693a8c1e50cd90390ba10b5b56276dc3afc571b037a8f	/data/qlyu/projects/pvrig_node1_generated100k_multimodal_top5000_4seed_docking_results_v2_20260724/compressed_queue/CANDIDATE_NODE1GEN_100102_source_rfantibody_source_id_PVRIG_RFAb_v2_P5_ekg_L_bb007_mpn10_arm_P5_ekg_L_backbone_P5_ekg_L_bb007_status_NEEDS_RF2_AND_DOCKING_9e6y_s3047_9f02853e3ca3.tar.gz	runs/CANDIDATE_NODE1GEN_100102_source_rfantibody_source_id_PVRIG_RFAb_v2_P5_ekg_L_bb007_mpn10_arm_P5_ekg_L_backbone_P5_ekg_L_bb007_status_NEEDS_RF2_AND_DOCKING_9e6y_s3047_9f02853e3ca3/haddock_run/6_seletopclusts/cluster_1_model_1.pdb.gz	-65.72470000000001	SUPPORTED_AB	CANDIDATE_NODE1GEN_100102_source_rfantibody_source_id_PVRIG_RFAb_v2_P5_ekg_L_bb007_mpn10_arm_P5_ekg_L_backbone_P5_ekg_L_bb007_status_NEEDS_RF2_AND_DOCKING_9e6y_s3047_9f02853e3ca3	AT
45	NODE1GEN_109883_source_rfantibody_source_id_PVRIG_RFAb_v2_P5_qkg_L_bb130_mpn02_arm_P5_qkg_L_backbone_P5_qkg_L_bb130_status_NEEDS_RF2_AND_DOCKING	generated_top3000	rfantibody	8x6b	42	SUCCESS	cluster_1_model_1.pdb.gz	/data/qlyu/projects/pvrig_top7500_dualpanel_screen_v1_20260724/run/qc397_final50_fusion_developability_v1_20260726/final50_common4_bundle/representative_complexes/R45__NODE1GEN_109883__8x6b__s42.pdb	ea25f3c8a5d72ff12f684139a719486ba89613e5186ad5636663e9ed28b062be	/data/qlyu/projects/pvrig_node1_generated100k_multimodal_top5000_4seed_docking_results_v2_20260724/compressed_queue/CANDIDATE_NODE1GEN_109883_source_rfantibody_source_id_PVRIG_RFAb_v2_P5_qkg_L_bb130_mpn02_arm_P5_qkg_L_backbone_P5_qkg_L_bb130_status_NEEDS_RF2_AND_DOCKING_8x6b_s42_d4ecec0d35b3.tar.gz	runs/CANDIDATE_NODE1GEN_109883_source_rfantibody_source_id_PVRIG_RFAb_v2_P5_qkg_L_bb130_mpn02_arm_P5_qkg_L_backbone_P5_qkg_L_bb130_status_NEEDS_RF2_AND_DOCKING_8x6b_s42_d4ecec0d35b3/haddock_run/6_seletopclusts/cluster_1_model_1.pdb.gz	-79.78559000000001	STRICT_A	CANDIDATE_NODE1GEN_109883_source_rfantibody_source_id_PVRIG_RFAb_v2_P5_qkg_L_bb130_mpn02_arm_P5_qkg_L_backbone_P5_qkg_L_bb130_status_NEEDS_RF2_AND_DOCKING_8x6b_s42_d4ecec0d35b3	AT
45	NODE1GEN_109883_source_rfantibody_source_id_PVRIG_RFAb_v2_P5_qkg_L_bb130_mpn02_arm_P5_qkg_L_backbone_P5_qkg_L_bb130_status_NEEDS_RF2_AND_DOCKING	generated_top3000	rfantibody	9e6y	42	SUCCESS	cluster_1_model_1.pdb.gz	/data/qlyu/projects/pvrig_top7500_dualpanel_screen_v1_20260724/run/qc397_final50_fusion_developability_v1_20260726/final50_common4_bundle/representative_complexes/R45__NODE1GEN_109883__9e6y__s42.pdb	2f46f97227329642ba6f4ccdb8c2bcbf73d302a7a43f703630abe44556911612	/data/qlyu/projects/pvrig_node1_generated100k_multimodal_top5000_4seed_docking_results_v2_20260724/compressed_queue/CANDIDATE_NODE1GEN_109883_source_rfantibody_source_id_PVRIG_RFAb_v2_P5_qkg_L_bb130_mpn02_arm_P5_qkg_L_backbone_P5_qkg_L_bb130_status_NEEDS_RF2_AND_DOCKING_9e6y_s42_def50aad0a28.tar.gz	runs/CANDIDATE_NODE1GEN_109883_source_rfantibody_source_id_PVRIG_RFAb_v2_P5_qkg_L_bb130_mpn02_arm_P5_qkg_L_backbone_P5_qkg_L_bb130_status_NEEDS_RF2_AND_DOCKING_9e6y_s42_def50aad0a28/haddock_run/6_seletopclusts/cluster_1_model_1.pdb.gz	-70.76068	STRICT_A	CANDIDATE_NODE1GEN_109883_source_rfantibody_source_id_PVRIG_RFAb_v2_P5_qkg_L_bb130_mpn02_arm_P5_qkg_L_backbone_P5_qkg_L_bb130_status_NEEDS_RF2_AND_DOCKING_9e6y_s42_def50aad0a28	AT
45	NODE1GEN_109883_source_rfantibody_source_id_PVRIG_RFAb_v2_P5_qkg_L_bb130_mpn02_arm_P5_qkg_L_backbone_P5_qkg_L_bb130_status_NEEDS_RF2_AND_DOCKING	generated_top3000	rfantibody	8x6b	917	SUCCESS	cluster_1_model_1.pdb.gz	/data/qlyu/projects/pvrig_top7500_dualpanel_screen_v1_20260724/run/qc397_final50_fusion_developability_v1_20260726/final50_common4_bundle/representative_complexes/R45__NODE1GEN_109883__8x6b__s917.pdb	54a1159852b829eddb13640bf4863a30d61f6f3634f8da98043525cc97af39a9	/data/qlyu/projects/pvrig_node1_generated100k_multimodal_top5000_4seed_docking_results_v2_20260724/compressed_queue/CANDIDATE_NODE1GEN_109883_source_rfantibody_source_id_PVRIG_RFAb_v2_P5_qkg_L_bb130_mpn02_arm_P5_qkg_L_backbone_P5_qkg_L_bb130_status_NEEDS_RF2_AND_DOCKING_8x6b_s917_5dc7a1dc6abd.tar.gz	runs/CANDIDATE_NODE1GEN_109883_source_rfantibody_source_id_PVRIG_RFAb_v2_P5_qkg_L_bb130_mpn02_arm_P5_qkg_L_backbone_P5_qkg_L_bb130_status_NEEDS_RF2_AND_DOCKING_8x6b_s917_5dc7a1dc6abd/haddock_run/6_seletopclusts/cluster_1_model_1.pdb.gz	-77.28455	STRICT_A	CANDIDATE_NODE1GEN_109883_source_rfantibody_source_id_PVRIG_RFAb_v2_P5_qkg_L_bb130_mpn02_arm_P5_qkg_L_backbone_P5_qkg_L_bb130_status_NEEDS_RF2_AND_DOCKING_8x6b_s917_5dc7a1dc6abd	AT
45	NODE1GEN_109883_source_rfantibody_source_id_PVRIG_RFAb_v2_P5_qkg_L_bb130_mpn02_arm_P5_qkg_L_backbone_P5_qkg_L_bb130_status_NEEDS_RF2_AND_DOCKING	generated_top3000	rfantibody	9e6y	917	SUCCESS	cluster_1_model_1.pdb.gz	/data/qlyu/projects/pvrig_top7500_dualpanel_screen_v1_20260724/run/qc397_final50_fusion_developability_v1_20260726/final50_common4_bundle/representative_complexes/R45__NODE1GEN_109883__9e6y__s917.pdb	95d8773fcd68f9a092dc5fc764fdb790fdf2a57c845e406d9e3bd9ce5fed24f8	/data/qlyu/projects/pvrig_node1_generated100k_multimodal_top5000_4seed_docking_results_v2_20260724/compressed_queue/CANDIDATE_NODE1GEN_109883_source_rfantibody_source_id_PVRIG_RFAb_v2_P5_qkg_L_bb130_mpn02_arm_P5_qkg_L_backbone_P5_qkg_L_bb130_status_NEEDS_RF2_AND_DOCKING_9e6y_s917_3edc9389e7d6.tar.gz	runs/CANDIDATE_NODE1GEN_109883_source_rfantibody_source_id_PVRIG_RFAb_v2_P5_qkg_L_bb130_mpn02_arm_P5_qkg_L_backbone_P5_qkg_L_bb130_status_NEEDS_RF2_AND_DOCKING_9e6y_s917_3edc9389e7d6/haddock_run/6_seletopclusts/cluster_1_model_1.pdb.gz	-66.06917999999999	STRICT_A	CANDIDATE_NODE1GEN_109883_source_rfantibody_source_id_PVRIG_RFAb_v2_P5_qkg_L_bb130_mpn02_arm_P5_qkg_L_backbone_P5_qkg_L_bb130_status_NEEDS_RF2_AND_DOCKING_9e6y_s917_3edc9389e7d6	AT
45	NODE1GEN_109883_source_rfantibody_source_id_PVRIG_RFAb_v2_P5_qkg_L_bb130_mpn02_arm_P5_qkg_L_backbone_P5_qkg_L_bb130_status_NEEDS_RF2_AND_DOCKING	generated_top3000	rfantibody	8x6b	1931	SUCCESS	cluster_1_model_1.pdb.gz	/data/qlyu/projects/pvrig_top7500_dualpanel_screen_v1_20260724/run/qc397_final50_fusion_developability_v1_20260726/final50_common4_bundle/representative_complexes/R45__NODE1GEN_109883__8x6b__s1931.pdb	07072c6a0f57632d98531cc3667d6d92d13718c094815c80df082efb7ea613ef	/data/qlyu/projects/pvrig_node1_generated100k_multimodal_top5000_4seed_docking_results_v2_20260724/compressed_queue/CANDIDATE_NODE1GEN_109883_source_rfantibody_source_id_PVRIG_RFAb_v2_P5_qkg_L_bb130_mpn02_arm_P5_qkg_L_backbone_P5_qkg_L_bb130_status_NEEDS_RF2_AND_DOCKING_8x6b_s1931_20348aec3b8c.tar.gz	runs/CANDIDATE_NODE1GEN_109883_source_rfantibody_source_id_PVRIG_RFAb_v2_P5_qkg_L_bb130_mpn02_arm_P5_qkg_L_backbone_P5_qkg_L_bb130_status_NEEDS_RF2_AND_DOCKING_8x6b_s1931_20348aec3b8c/haddock_run/6_seletopclusts/cluster_1_model_1.pdb.gz	-97.12349999999999	STRICT_A	CANDIDATE_NODE1GEN_109883_source_rfantibody_source_id_PVRIG_RFAb_v2_P5_qkg_L_bb130_mpn02_arm_P5_qkg_L_backbone_P5_qkg_L_bb130_status_NEEDS_RF2_AND_DOCKING_8x6b_s1931_20348aec3b8c	AT
45	NODE1GEN_109883_source_rfantibody_source_id_PVRIG_RFAb_v2_P5_qkg_L_bb130_mpn02_arm_P5_qkg_L_backbone_P5_qkg_L_bb130_status_NEEDS_RF2_AND_DOCKING	generated_top3000	rfantibody	9e6y	1931	SUCCESS	cluster_1_model_1.pdb.gz	/data/qlyu/projects/pvrig_top7500_dualpanel_screen_v1_20260724/run/qc397_final50_fusion_developability_v1_20260726/final50_common4_bundle/representative_complexes/R45__NODE1GEN_109883__9e6y__s1931.pdb	c24c1838c959d17f93d4e87ae66fedd217c1fff38e4529a0e4f3adbce2bb534a	/data/qlyu/projects/pvrig_node1_generated100k_multimodal_top5000_4seed_docking_results_v2_20260724/compressed_queue/CANDIDATE_NODE1GEN_109883_source_rfantibody_source_id_PVRIG_RFAb_v2_P5_qkg_L_bb130_mpn02_arm_P5_qkg_L_backbone_P5_qkg_L_bb130_status_NEEDS_RF2_AND_DOCKING_9e6y_s1931_a01780542dbc.tar.gz	runs/CANDIDATE_NODE1GEN_109883_source_rfantibody_source_id_PVRIG_RFAb_v2_P5_qkg_L_bb130_mpn02_arm_P5_qkg_L_backbone_P5_qkg_L_bb130_status_NEEDS_RF2_AND_DOCKING_9e6y_s1931_a01780542dbc/haddock_run/6_seletopclusts/cluster_1_model_1.pdb.gz	-85.09958	STRICT_A	CANDIDATE_NODE1GEN_109883_source_rfantibody_source_id_PVRIG_RFAb_v2_P5_qkg_L_bb130_mpn02_arm_P5_qkg_L_backbone_P5_qkg_L_bb130_status_NEEDS_RF2_AND_DOCKING_9e6y_s1931_a01780542dbc	AT
45	NODE1GEN_109883_source_rfantibody_source_id_PVRIG_RFAb_v2_P5_qkg_L_bb130_mpn02_arm_P5_qkg_L_backbone_P5_qkg_L_bb130_status_NEEDS_RF2_AND_DOCKING	generated_top3000	rfantibody	8x6b	3047	SUCCESS	cluster_1_model_1.pdb.gz	/data/qlyu/projects/pvrig_top7500_dualpanel_screen_v1_20260724/run/qc397_final50_fusion_developability_v1_20260726/final50_common4_bundle/representative_complexes/R45__NODE1GEN_109883__8x6b__s3047.pdb	b47631040bf9044074a6809e7cd1ce774cd8a99d4cbecb8210f5b86321d7c2e1	/data/qlyu/projects/pvrig_node1_generated100k_multimodal_top5000_4seed_docking_results_v2_20260724/compressed_queue/CANDIDATE_NODE1GEN_109883_source_rfantibody_source_id_PVRIG_RFAb_v2_P5_qkg_L_bb130_mpn02_arm_P5_qkg_L_backbone_P5_qkg_L_bb130_status_NEEDS_RF2_AND_DOCKING_8x6b_s3047_d0de9b6bbcab.tar.gz	runs/CANDIDATE_NODE1GEN_109883_source_rfantibody_source_id_PVRIG_RFAb_v2_P5_qkg_L_bb130_mpn02_arm_P5_qkg_L_backbone_P5_qkg_L_bb130_status_NEEDS_RF2_AND_DOCKING_8x6b_s3047_d0de9b6bbcab/haddock_run/6_seletopclusts/cluster_1_model_1.pdb.gz	-86.40152	STRICT_A	CANDIDATE_NODE1GEN_109883_source_rfantibody_source_id_PVRIG_RFAb_v2_P5_qkg_L_bb130_mpn02_arm_P5_qkg_L_backbone_P5_qkg_L_bb130_status_NEEDS_RF2_AND_DOCKING_8x6b_s3047_d0de9b6bbcab	AT
45	NODE1GEN_109883_source_rfantibody_source_id_PVRIG_RFAb_v2_P5_qkg_L_bb130_mpn02_arm_P5_qkg_L_backbone_P5_qkg_L_bb130_status_NEEDS_RF2_AND_DOCKING	generated_top3000	rfantibody	9e6y	3047	SUCCESS	cluster_1_model_1.pdb.gz	/data/qlyu/projects/pvrig_top7500_dualpanel_screen_v1_20260724/run/qc397_final50_fusion_developability_v1_20260726/final50_common4_bundle/representative_complexes/R45__NODE1GEN_109883__9e6y__s3047.pdb	8a9ca1556a58f4fe495c9f4aec8bd5e3c0771b1a74dc338b5a5f733195940784	/data/qlyu/projects/pvrig_node1_generated100k_multimodal_top5000_4seed_docking_results_v2_20260724/compressed_queue/CANDIDATE_NODE1GEN_109883_source_rfantibody_source_id_PVRIG_RFAb_v2_P5_qkg_L_bb130_mpn02_arm_P5_qkg_L_backbone_P5_qkg_L_bb130_status_NEEDS_RF2_AND_DOCKING_9e6y_s3047_9273f6a3673d.tar.gz	runs/CANDIDATE_NODE1GEN_109883_source_rfantibody_source_id_PVRIG_RFAb_v2_P5_qkg_L_bb130_mpn02_arm_P5_qkg_L_backbone_P5_qkg_L_bb130_status_NEEDS_RF2_AND_DOCKING_9e6y_s3047_9273f6a3673d/haddock_run/6_seletopclusts/cluster_1_model_1.pdb.gz	-85.49159999999999	STRICT_A	CANDIDATE_NODE1GEN_109883_source_rfantibody_source_id_PVRIG_RFAb_v2_P5_qkg_L_bb130_mpn02_arm_P5_qkg_L_backbone_P5_qkg_L_bb130_status_NEEDS_RF2_AND_DOCKING_9e6y_s3047_9273f6a3673d	AT
46	P1MCPUFP__CPUFP500K_0188__00645	existing_old_new7500_top200	old_top7500	8x6b	42	SUCCESS	cluster_1_model_1.pdb.gz	/data/qlyu/projects/pvrig_top7500_dualpanel_screen_v1_20260724/run/qc397_final50_fusion_developability_v1_20260726/final50_common4_bundle/representative_complexes/R46__P1MCPUFP__CPUFP500K_0188__00645__8x6b__s42.pdb	4d6bff314f9934d9d0b113031ef1356693e057d690127a17fc9b46098897f5f3	/data1/qlyu/projects/pvrig_top200_common4_seed_completion106_docking_results_v1_20260725/top200_seed_completion/compressed_queue/CANDIDATE_P1MCPUFP__CPUFP500K_0188__00645_8x6b_s42_651eba5ab010.tar.gz	runs/CANDIDATE_P1MCPUFP__CPUFP500K_0188__00645_8x6b_s42_651eba5ab010/haddock_run/6_seletopclusts/cluster_1_model_1.pdb.gz	-92.02029999999999	STRICT_A	CANDIDATE_P1MCPUFP__CPUFP500K_0188__00645_8x6b_s42_651eba5ab010	AT
46	P1MCPUFP__CPUFP500K_0188__00645	existing_old_new7500_top200	old_top7500	9e6y	42	SUCCESS	cluster_1_model_1.pdb.gz	/data/qlyu/projects/pvrig_top7500_dualpanel_screen_v1_20260724/run/qc397_final50_fusion_developability_v1_20260726/final50_common4_bundle/representative_complexes/R46__P1MCPUFP__CPUFP500K_0188__00645__9e6y__s42.pdb	de51b88655a9bb9da0ffe2e86cabfaab6d220add52c6006efe9e1bf58dcee02e	/data1/qlyu/projects/pvrig_top200_common4_seed_completion106_docking_results_v1_20260725/top200_seed_completion/compressed_queue/CANDIDATE_P1MCPUFP__CPUFP500K_0188__00645_9e6y_s42_ee5ebc3dc910.tar.gz	runs/CANDIDATE_P1MCPUFP__CPUFP500K_0188__00645_9e6y_s42_ee5ebc3dc910/haddock_run/6_seletopclusts/cluster_1_model_1.pdb.gz	-95.91409999999999	STRICT_A	CANDIDATE_P1MCPUFP__CPUFP500K_0188__00645_9e6y_s42_ee5ebc3dc910	AT
46	P1MCPUFP__CPUFP500K_0188__00645	existing_old_new7500_top200	old_top7500	8x6b	917	SUCCESS	cluster_1_model_1.pdb.gz	/data/qlyu/projects/pvrig_top7500_dualpanel_screen_v1_20260724/run/qc397_final50_fusion_developability_v1_20260726/final50_common4_bundle/representative_complexes/R46__P1MCPUFP__CPUFP500K_0188__00645__8x6b__s917.pdb	752fbd3250f145a2945745038c63adcd5df51aa2e7cfecb5a2d7aa50e747712f	/data1/qlyu/projects/pvrig_priority_top7500_dualreceptor_multiseed_docking_results_v1_20260722/top7500_25k/compressed_queue/CANDIDATE_P1MCPUFP__CPUFP500K_0188__00645_8x6b_s917_e4f658f708bb.tar.gz	runs/CANDIDATE_P1MCPUFP__CPUFP500K_0188__00645_8x6b_s917_e4f658f708bb/haddock_run/6_seletopclusts/cluster_1_model_1.pdb.gz	-88.62109999999998	STRICT_A	CANDIDATE_P1MCPUFP__CPUFP500K_0188__00645_8x6b_s917_e4f658f708bb	AT
46	P1MCPUFP__CPUFP500K_0188__00645	existing_old_new7500_top200	old_top7500	9e6y	917	SUCCESS	cluster_1_model_1.pdb.gz	/data/qlyu/projects/pvrig_top7500_dualpanel_screen_v1_20260724/run/qc397_final50_fusion_developability_v1_20260726/final50_common4_bundle/representative_complexes/R46__P1MCPUFP__CPUFP500K_0188__00645__9e6y__s917.pdb	d742c6c77f4c97fd2207f0080e3fc4c58cf5bef61b73a4bc1d88b61dfb889270	/data1/qlyu/projects/pvrig_priority_top7500_dualreceptor_multiseed_docking_results_v1_20260722/top7500_25k/compressed_queue/CANDIDATE_P1MCPUFP__CPUFP500K_0188__00645_9e6y_s917_a9ff4c7480a2.tar.gz	runs/CANDIDATE_P1MCPUFP__CPUFP500K_0188__00645_9e6y_s917_a9ff4c7480a2/haddock_run/6_seletopclusts/cluster_1_model_1.pdb.gz	-78.8668	STRICT_A	CANDIDATE_P1MCPUFP__CPUFP500K_0188__00645_9e6y_s917_a9ff4c7480a2	AT
46	P1MCPUFP__CPUFP500K_0188__00645	existing_old_new7500_top200	old_top7500	8x6b	1931	SUCCESS	cluster_1_model_1.pdb.gz	/data/qlyu/projects/pvrig_top7500_dualpanel_screen_v1_20260724/run/qc397_final50_fusion_developability_v1_20260726/final50_common4_bundle/representative_complexes/R46__P1MCPUFP__CPUFP500K_0188__00645__8x6b__s1931.pdb	4e4d0ecdcdab86f77b952555f6e594be459b376634f60955709cc6e533086839	/data1/qlyu/projects/pvrig_priority_top7500_dualreceptor_multiseed_docking_results_v1_20260722/top7500_25k/compressed_queue/CANDIDATE_P1MCPUFP__CPUFP500K_0188__00645_8x6b_s1931_8b4142cbecac.tar.gz	runs/CANDIDATE_P1MCPUFP__CPUFP500K_0188__00645_8x6b_s1931_8b4142cbecac/haddock_run/6_seletopclusts/cluster_1_model_1.pdb.gz	-97.2225	STRICT_A	CANDIDATE_P1MCPUFP__CPUFP500K_0188__00645_8x6b_s1931_8b4142cbecac	AT
46	P1MCPUFP__CPUFP500K_0188__00645	existing_old_new7500_top200	old_top7500	9e6y	1931	SUCCESS	cluster_1_model_1.pdb.gz	/data/qlyu/projects/pvrig_top7500_dualpanel_screen_v1_20260724/run/qc397_final50_fusion_developability_v1_20260726/final50_common4_bundle/representative_complexes/R46__P1MCPUFP__CPUFP500K_0188__00645__9e6y__s1931.pdb	095632e8e2469f7a734ac1b98a55aa5b70771e17b45818a9abd6b1aff1d471c9	/data1/qlyu/projects/pvrig_priority_top7500_dualreceptor_multiseed_docking_results_v1_20260722/top7500_25k/compressed_queue/CANDIDATE_P1MCPUFP__CPUFP500K_0188__00645_9e6y_s1931_674d72547908.tar.gz	runs/CANDIDATE_P1MCPUFP__CPUFP500K_0188__00645_9e6y_s1931_674d72547908/haddock_run/6_seletopclusts/cluster_1_model_1.pdb.gz	-81.83439999999999	STRICT_A	CANDIDATE_P1MCPUFP__CPUFP500K_0188__00645_9e6y_s1931_674d72547908	AT
46	P1MCPUFP__CPUFP500K_0188__00645	existing_old_new7500_top200	old_top7500	8x6b	3047	SUCCESS	cluster_1_model_1.pdb.gz	/data/qlyu/projects/pvrig_top7500_dualpanel_screen_v1_20260724/run/qc397_final50_fusion_developability_v1_20260726/final50_common4_bundle/representative_complexes/R46__P1MCPUFP__CPUFP500K_0188__00645__8x6b__s3047.pdb	55f48953eb1ca4b716aebfb955ebdc713c08237284a87e42cbcc567134223d07	/data1/qlyu/projects/pvrig_top200_common4_seed_completion106_docking_results_v1_20260725/top200_seed_completion/compressed_queue/CANDIDATE_P1MCPUFP__CPUFP500K_0188__00645_8x6b_s3047_6fff69ffad7b.tar.gz	runs/CANDIDATE_P1MCPUFP__CPUFP500K_0188__00645_8x6b_s3047_6fff69ffad7b/haddock_run/6_seletopclusts/cluster_1_model_1.pdb.gz	-70.65729999999999	STRICT_A	CANDIDATE_P1MCPUFP__CPUFP500K_0188__00645_8x6b_s3047_6fff69ffad7b	AT
46	P1MCPUFP__CPUFP500K_0188__00645	existing_old_new7500_top200	old_top7500	9e6y	3047	SUCCESS	cluster_1_model_1.pdb.gz	/data/qlyu/projects/pvrig_top7500_dualpanel_screen_v1_20260724/run/qc397_final50_fusion_developability_v1_20260726/final50_common4_bundle/representative_complexes/R46__P1MCPUFP__CPUFP500K_0188__00645__9e6y__s3047.pdb	df210b818190e950cb4630a8afc5bf9c1d3ba52f3544ca950f79f91cfa264261	/data1/qlyu/projects/pvrig_top200_common4_seed_completion106_docking_results_v1_20260725/top200_seed_completion/compressed_queue/CANDIDATE_P1MCPUFP__CPUFP500K_0188__00645_9e6y_s3047_5645fad53dd1.tar.gz	runs/CANDIDATE_P1MCPUFP__CPUFP500K_0188__00645_9e6y_s3047_5645fad53dd1/haddock_run/6_seletopclusts/cluster_1_model_1.pdb.gz	-68.928	STRICT_A	CANDIDATE_P1MCPUFP__CPUFP500K_0188__00645_9e6y_s3047_5645fad53dd1	AT
47	P1MCPUFP__CPUFP500K_0030__00860	existing_old_new7500_top200	old_top7500	8x6b	42	SUCCESS	cluster_1_model_1.pdb.gz	/data/qlyu/projects/pvrig_top7500_dualpanel_screen_v1_20260724/run/qc397_final50_fusion_developability_v1_20260726/final50_common4_bundle/representative_complexes/R47__P1MCPUFP__CPUFP500K_0030__00860__8x6b__s42.pdb	d7d00a553239dbea0dacb8ae04a857497142beb4c1b09810adf16aa73c593ff2	/data1/qlyu/projects/pvrig_top200_common4_seed_completion106_docking_results_v1_20260725/top200_seed_completion/compressed_queue/CANDIDATE_P1MCPUFP__CPUFP500K_0030__00860_8x6b_s42_9d9f695faaf7.tar.gz	runs/CANDIDATE_P1MCPUFP__CPUFP500K_0030__00860_8x6b_s42_9d9f695faaf7/haddock_run/6_seletopclusts/cluster_1_model_1.pdb.gz	-68.58391	STRICT_A	CANDIDATE_P1MCPUFP__CPUFP500K_0030__00860_8x6b_s42_9d9f695faaf7	AT
47	P1MCPUFP__CPUFP500K_0030__00860	existing_old_new7500_top200	old_top7500	9e6y	42	SUCCESS	cluster_1_model_1.pdb.gz	/data/qlyu/projects/pvrig_top7500_dualpanel_screen_v1_20260724/run/qc397_final50_fusion_developability_v1_20260726/final50_common4_bundle/representative_complexes/R47__P1MCPUFP__CPUFP500K_0030__00860__9e6y__s42.pdb	8c25425dd20beab7c5f9d4e9461d635201f4e03ebace1231057a913aa6106fec	/data1/qlyu/projects/pvrig_top200_common4_seed_completion106_docking_results_v1_20260725/top200_seed_completion/compressed_queue/CANDIDATE_P1MCPUFP__CPUFP500K_0030__00860_9e6y_s42_82c0fe6f8ac9.tar.gz	runs/CANDIDATE_P1MCPUFP__CPUFP500K_0030__00860_9e6y_s42_82c0fe6f8ac9/haddock_run/6_seletopclusts/cluster_1_model_1.pdb.gz	-84.69611	STRICT_A	CANDIDATE_P1MCPUFP__CPUFP500K_0030__00860_9e6y_s42_82c0fe6f8ac9	AT
47	P1MCPUFP__CPUFP500K_0030__00860	existing_old_new7500_top200	old_top7500	8x6b	917	SUCCESS	cluster_1_model_1.pdb.gz	/data/qlyu/projects/pvrig_top7500_dualpanel_screen_v1_20260724/run/qc397_final50_fusion_developability_v1_20260726/final50_common4_bundle/representative_complexes/R47__P1MCPUFP__CPUFP500K_0030__00860__8x6b__s917.pdb	af2e7c27eb934fd27ada338bbabb4777c4ba934108f6839c0e532a839a3e25cf	/data1/qlyu/projects/pvrig_priority_top7500_dualreceptor_multiseed_docking_results_v1_20260722/top7500_25k/compressed_queue/CANDIDATE_P1MCPUFP__CPUFP500K_0030__00860_8x6b_s917_0dbe3b33ef8d.tar.gz	runs/CANDIDATE_P1MCPUFP__CPUFP500K_0030__00860_8x6b_s917_0dbe3b33ef8d/haddock_run/6_seletopclusts/cluster_1_model_1.pdb.gz	-65.70431	STRICT_A	CANDIDATE_P1MCPUFP__CPUFP500K_0030__00860_8x6b_s917_0dbe3b33ef8d	AT
47	P1MCPUFP__CPUFP500K_0030__00860	existing_old_new7500_top200	old_top7500	9e6y	917	SUCCESS	cluster_1_model_1.pdb.gz	/data/qlyu/projects/pvrig_top7500_dualpanel_screen_v1_20260724/run/qc397_final50_fusion_developability_v1_20260726/final50_common4_bundle/representative_complexes/R47__P1MCPUFP__CPUFP500K_0030__00860__9e6y__s917.pdb	29c53eb686894eac17e9e3acd29551eeacbf2ba45712a991916fff1eed10b448	/data1/qlyu/projects/pvrig_priority_top7500_dualreceptor_multiseed_docking_results_v1_20260722/top7500_25k/compressed_queue/CANDIDATE_P1MCPUFP__CPUFP500K_0030__00860_9e6y_s917_4948207f0435.tar.gz	runs/CANDIDATE_P1MCPUFP__CPUFP500K_0030__00860_9e6y_s917_4948207f0435/haddock_run/6_seletopclusts/cluster_1_model_1.pdb.gz	-77.11285000000001	STRICT_A	CANDIDATE_P1MCPUFP__CPUFP500K_0030__00860_9e6y_s917_4948207f0435	AT
47	P1MCPUFP__CPUFP500K_0030__00860	existing_old_new7500_top200	old_top7500	8x6b	1931	SUCCESS	cluster_1_model_1.pdb.gz	/data/qlyu/projects/pvrig_top7500_dualpanel_screen_v1_20260724/run/qc397_final50_fusion_developability_v1_20260726/final50_common4_bundle/representative_complexes/R47__P1MCPUFP__CPUFP500K_0030__00860__8x6b__s1931.pdb	5ea685fa3d329175b17eef11e03120361c8c6c2c6421de3fd78f0b654baa526c	/data1/qlyu/projects/pvrig_priority_top7500_dualreceptor_multiseed_docking_results_v1_20260722/top7500_25k/compressed_queue/CANDIDATE_P1MCPUFP__CPUFP500K_0030__00860_8x6b_s1931_bb2f2bb272c6.tar.gz	runs/CANDIDATE_P1MCPUFP__CPUFP500K_0030__00860_8x6b_s1931_bb2f2bb272c6/haddock_run/6_seletopclusts/cluster_1_model_1.pdb.gz	-64.34162	STRICT_A	CANDIDATE_P1MCPUFP__CPUFP500K_0030__00860_8x6b_s1931_bb2f2bb272c6	AT
47	P1MCPUFP__CPUFP500K_0030__00860	existing_old_new7500_top200	old_top7500	9e6y	1931	SUCCESS	cluster_1_model_1.pdb.gz	/data/qlyu/projects/pvrig_top7500_dualpanel_screen_v1_20260724/run/qc397_final50_fusion_developability_v1_20260726/final50_common4_bundle/representative_complexes/R47__P1MCPUFP__CPUFP500K_0030__00860__9e6y__s1931.pdb	1232703e1152df10c5e6f97a28d5b3f485f7063fd5c3a188ab3b1ccdc92fe6d7	/data1/qlyu/projects/pvrig_priority_top7500_dualreceptor_multiseed_docking_results_v1_20260722/top7500_25k/compressed_queue/CANDIDATE_P1MCPUFP__CPUFP500K_0030__00860_9e6y_s1931_0f1357f59d09.tar.gz	runs/CANDIDATE_P1MCPUFP__CPUFP500K_0030__00860_9e6y_s1931_0f1357f59d09/haddock_run/6_seletopclusts/cluster_1_model_1.pdb.gz	-71.450041	STRICT_A	CANDIDATE_P1MCPUFP__CPUFP500K_0030__00860_9e6y_s1931_0f1357f59d09	AT
47	P1MCPUFP__CPUFP500K_0030__00860	existing_old_new7500_top200	old_top7500	8x6b	3047	SUCCESS	cluster_1_model_1.pdb.gz	/data/qlyu/projects/pvrig_top7500_dualpanel_screen_v1_20260724/run/qc397_final50_fusion_developability_v1_20260726/final50_common4_bundle/representative_complexes/R47__P1MCPUFP__CPUFP500K_0030__00860__8x6b__s3047.pdb	edd6bfdd451c22d1b4ff8097056a77f665d323f7a0a9fa6f44bfab81018849d8	/data1/qlyu/projects/pvrig_top200_common4_seed_completion106_docking_results_v1_20260725/top200_seed_completion/compressed_queue/CANDIDATE_P1MCPUFP__CPUFP500K_0030__00860_8x6b_s3047_445516f3d933.tar.gz	runs/CANDIDATE_P1MCPUFP__CPUFP500K_0030__00860_8x6b_s3047_445516f3d933/haddock_run/6_seletopclusts/cluster_1_model_1.pdb.gz	-86.87406	STRICT_A	CANDIDATE_P1MCPUFP__CPUFP500K_0030__00860_8x6b_s3047_445516f3d933	AT
47	P1MCPUFP__CPUFP500K_0030__00860	existing_old_new7500_top200	old_top7500	9e6y	3047	SUCCESS	cluster_1_model_1.pdb.gz	/data/qlyu/projects/pvrig_top7500_dualpanel_screen_v1_20260724/run/qc397_final50_fusion_developability_v1_20260726/final50_common4_bundle/representative_complexes/R47__P1MCPUFP__CPUFP500K_0030__00860__9e6y__s3047.pdb	e8b912a8901b8b45cc3900ebaa792c1e59831636ba121699c4c969eac9b8437e	/data1/qlyu/projects/pvrig_top200_common4_seed_completion106_docking_results_v1_20260725/top200_seed_completion/compressed_queue/CANDIDATE_P1MCPUFP__CPUFP500K_0030__00860_9e6y_s3047_bd3806460671.tar.gz	runs/CANDIDATE_P1MCPUFP__CPUFP500K_0030__00860_9e6y_s3047_bd3806460671/haddock_run/6_seletopclusts/cluster_1_model_1.pdb.gz	-87.65154	STRICT_A	CANDIDATE_P1MCPUFP__CPUFP500K_0030__00860_9e6y_s3047_bd3806460671	AT
48	P1MCPUFP__CPUFP500K_0029__00647	existing_old_new7500_top200	old_top7500	8x6b	42	SUCCESS	cluster_1_model_1.pdb.gz	/data/qlyu/projects/pvrig_top7500_dualpanel_screen_v1_20260724/run/qc397_final50_fusion_developability_v1_20260726/final50_common4_bundle/representative_complexes/R48__P1MCPUFP__CPUFP500K_0029__00647__8x6b__s42.pdb	f0232b42876562c205099c88a25494feab8ccdd975f28bab189651928e0c7fe3	/data1/qlyu/projects/pvrig_top200_common4_seed_completion106_docking_results_v1_20260725/top200_seed_completion/compressed_queue/CANDIDATE_P1MCPUFP__CPUFP500K_0029__00647_8x6b_s42_419c5042517a.tar.gz	runs/CANDIDATE_P1MCPUFP__CPUFP500K_0029__00647_8x6b_s42_419c5042517a/haddock_run/6_seletopclusts/cluster_1_model_1.pdb.gz	-68.7166	STRICT_A	CANDIDATE_P1MCPUFP__CPUFP500K_0029__00647_8x6b_s42_419c5042517a	AT
48	P1MCPUFP__CPUFP500K_0029__00647	existing_old_new7500_top200	old_top7500	9e6y	42	SUCCESS	cluster_1_model_1.pdb.gz	/data/qlyu/projects/pvrig_top7500_dualpanel_screen_v1_20260724/run/qc397_final50_fusion_developability_v1_20260726/final50_common4_bundle/representative_complexes/R48__P1MCPUFP__CPUFP500K_0029__00647__9e6y__s42.pdb	4309be359111750b340d48591efe0ae7ba1a84ebcbfac4220898f70cab6b7998	/data1/qlyu/projects/pvrig_top200_common4_seed_completion106_docking_results_v1_20260725/top200_seed_completion/compressed_queue/CANDIDATE_P1MCPUFP__CPUFP500K_0029__00647_9e6y_s42_fb7a20da1d22.tar.gz	runs/CANDIDATE_P1MCPUFP__CPUFP500K_0029__00647_9e6y_s42_fb7a20da1d22/haddock_run/6_seletopclusts/cluster_1_model_1.pdb.gz	-58.19487000000001	STRICT_A	CANDIDATE_P1MCPUFP__CPUFP500K_0029__00647_9e6y_s42_fb7a20da1d22	AT
48	P1MCPUFP__CPUFP500K_0029__00647	existing_old_new7500_top200	old_top7500	8x6b	917	SUCCESS	cluster_1_model_1.pdb.gz	/data/qlyu/projects/pvrig_top7500_dualpanel_screen_v1_20260724/run/qc397_final50_fusion_developability_v1_20260726/final50_common4_bundle/representative_complexes/R48__P1MCPUFP__CPUFP500K_0029__00647__8x6b__s917.pdb	3a5aa7837920c9f6e8e16a9a53c825de2dd9e010bb4d48d79dd503f4fb5da47b	/data1/qlyu/projects/pvrig_priority_top7500_dualreceptor_multiseed_docking_results_v1_20260722/top7500_25k/compressed_queue/CANDIDATE_P1MCPUFP__CPUFP500K_0029__00647_8x6b_s917_fe1e7dd71179.tar.gz	runs/CANDIDATE_P1MCPUFP__CPUFP500K_0029__00647_8x6b_s917_fe1e7dd71179/haddock_run/6_seletopclusts/cluster_1_model_1.pdb.gz	-51.0272	STRICT_A	CANDIDATE_P1MCPUFP__CPUFP500K_0029__00647_8x6b_s917_fe1e7dd71179	AT
48	P1MCPUFP__CPUFP500K_0029__00647	existing_old_new7500_top200	old_top7500	9e6y	917	SUCCESS	cluster_1_model_1.pdb.gz	/data/qlyu/projects/pvrig_top7500_dualpanel_screen_v1_20260724/run/qc397_final50_fusion_developability_v1_20260726/final50_common4_bundle/representative_complexes/R48__P1MCPUFP__CPUFP500K_0029__00647__9e6y__s917.pdb	ad31f341a5dec8acfe3dca090f5606523380871183a04ce4d2a8809c8cae5155	/data1/qlyu/projects/pvrig_priority_top7500_dualreceptor_multiseed_docking_results_v1_20260722/top7500_25k/compressed_queue/CANDIDATE_P1MCPUFP__CPUFP500K_0029__00647_9e6y_s917_bc1453f6d2f2.tar.gz	runs/CANDIDATE_P1MCPUFP__CPUFP500K_0029__00647_9e6y_s917_bc1453f6d2f2/haddock_run/6_seletopclusts/cluster_1_model_1.pdb.gz	-60.221460000000015	STRICT_A	CANDIDATE_P1MCPUFP__CPUFP500K_0029__00647_9e6y_s917_bc1453f6d2f2	AT
48	P1MCPUFP__CPUFP500K_0029__00647	existing_old_new7500_top200	old_top7500	8x6b	1931	SUCCESS	cluster_1_model_1.pdb.gz	/data/qlyu/projects/pvrig_top7500_dualpanel_screen_v1_20260724/run/qc397_final50_fusion_developability_v1_20260726/final50_common4_bundle/representative_complexes/R48__P1MCPUFP__CPUFP500K_0029__00647__8x6b__s1931.pdb	9d0dc774db481104fbc6a916e420967985d3c27d4f7256b5bd4a2b7591a17a82	/data1/qlyu/projects/pvrig_priority_top7500_dualreceptor_multiseed_docking_results_v1_20260722/top7500_25k/compressed_queue/CANDIDATE_P1MCPUFP__CPUFP500K_0029__00647_8x6b_s1931_1d3b9d2c90e3.tar.gz	runs/CANDIDATE_P1MCPUFP__CPUFP500K_0029__00647_8x6b_s1931_1d3b9d2c90e3/haddock_run/6_seletopclusts/cluster_1_model_1.pdb.gz	-70.21346999999999	STRICT_A	CANDIDATE_P1MCPUFP__CPUFP500K_0029__00647_8x6b_s1931_1d3b9d2c90e3	AT
48	P1MCPUFP__CPUFP500K_0029__00647	existing_old_new7500_top200	old_top7500	9e6y	1931	SUCCESS	cluster_1_model_1.pdb.gz	/data/qlyu/projects/pvrig_top7500_dualpanel_screen_v1_20260724/run/qc397_final50_fusion_developability_v1_20260726/final50_common4_bundle/representative_complexes/R48__P1MCPUFP__CPUFP500K_0029__00647__9e6y__s1931.pdb	88a8306c4e6b241d8eeb5ee2c1335cd26bf85bc4260e9ae48c48b799a5221756	/data1/qlyu/projects/pvrig_priority_top7500_dualreceptor_multiseed_docking_results_v1_20260722/top7500_25k/compressed_queue/CANDIDATE_P1MCPUFP__CPUFP500K_0029__00647_9e6y_s1931_bbae598483f8.tar.gz	runs/CANDIDATE_P1MCPUFP__CPUFP500K_0029__00647_9e6y_s1931_bbae598483f8/haddock_run/6_seletopclusts/cluster_1_model_1.pdb.gz	-65.96833	STRICT_A	CANDIDATE_P1MCPUFP__CPUFP500K_0029__00647_9e6y_s1931_bbae598483f8	AT
48	P1MCPUFP__CPUFP500K_0029__00647	existing_old_new7500_top200	old_top7500	8x6b	3047	SUCCESS	cluster_1_model_1.pdb.gz	/data/qlyu/projects/pvrig_top7500_dualpanel_screen_v1_20260724/run/qc397_final50_fusion_developability_v1_20260726/final50_common4_bundle/representative_complexes/R48__P1MCPUFP__CPUFP500K_0029__00647__8x6b__s3047.pdb	0a669401cd5a0e2831f44bb4dedcb45110c71a344ac2f4d50f10ecd4604906bc	/data1/qlyu/projects/pvrig_top200_common4_seed_completion106_docking_results_v1_20260725/top200_seed_completion/compressed_queue/CANDIDATE_P1MCPUFP__CPUFP500K_0029__00647_8x6b_s3047_9dbb0ecd9bf1.tar.gz	runs/CANDIDATE_P1MCPUFP__CPUFP500K_0029__00647_8x6b_s3047_9dbb0ecd9bf1/haddock_run/6_seletopclusts/cluster_1_model_1.pdb.gz	-74.84559999999999	STRICT_A	CANDIDATE_P1MCPUFP__CPUFP500K_0029__00647_8x6b_s3047_9dbb0ecd9bf1	AT
48	P1MCPUFP__CPUFP500K_0029__00647	existing_old_new7500_top200	old_top7500	9e6y	3047	SUCCESS	cluster_1_model_1.pdb.gz	/data/qlyu/projects/pvrig_top7500_dualpanel_screen_v1_20260724/run/qc397_final50_fusion_developability_v1_20260726/final50_common4_bundle/representative_complexes/R48__P1MCPUFP__CPUFP500K_0029__00647__9e6y__s3047.pdb	72f7a439fbd589ee06506bf65fcaf35a0c0c0a152164167846bc3187907686ec	/data1/qlyu/projects/pvrig_top200_common4_seed_completion106_docking_results_v1_20260725/top200_seed_completion/compressed_queue/CANDIDATE_P1MCPUFP__CPUFP500K_0029__00647_9e6y_s3047_f9551e5c1ea5.tar.gz	runs/CANDIDATE_P1MCPUFP__CPUFP500K_0029__00647_9e6y_s3047_f9551e5c1ea5/haddock_run/6_seletopclusts/cluster_1_model_1.pdb.gz	-59.656200000000005	STRICT_A	CANDIDATE_P1MCPUFP__CPUFP500K_0029__00647_9e6y_s3047_f9551e5c1ea5	AT
49	P1MCPUFP__CPUFP500K_0090__00860	existing_old_new7500_top200	old_top7500	8x6b	42	SUCCESS	cluster_1_model_1.pdb.gz	/data/qlyu/projects/pvrig_top7500_dualpanel_screen_v1_20260724/run/qc397_final50_fusion_developability_v1_20260726/final50_common4_bundle/representative_complexes/R49__P1MCPUFP__CPUFP500K_0090__00860__8x6b__s42.pdb	b7517fd0ed5860411f3b0e7621f23ff0a8559355e9b9740d8986b010043ec0e7	/data1/qlyu/projects/pvrig_top200_common4_seed_completion106_docking_results_v1_20260725/top200_seed_completion/compressed_queue/CANDIDATE_P1MCPUFP__CPUFP500K_0090__00860_8x6b_s42_cf8ad0286507.tar.gz	runs/CANDIDATE_P1MCPUFP__CPUFP500K_0090__00860_8x6b_s42_cf8ad0286507/haddock_run/6_seletopclusts/cluster_1_model_1.pdb.gz	-62.408	STRICT_A	CANDIDATE_P1MCPUFP__CPUFP500K_0090__00860_8x6b_s42_cf8ad0286507	AT
49	P1MCPUFP__CPUFP500K_0090__00860	existing_old_new7500_top200	old_top7500	9e6y	42	SUCCESS	cluster_1_model_1.pdb.gz	/data/qlyu/projects/pvrig_top7500_dualpanel_screen_v1_20260724/run/qc397_final50_fusion_developability_v1_20260726/final50_common4_bundle/representative_complexes/R49__P1MCPUFP__CPUFP500K_0090__00860__9e6y__s42.pdb	f6a7056d8b3240052082ef9e3b7f457971ac41c1efa4c6261c92b423b345354e	/data1/qlyu/projects/pvrig_top200_common4_seed_completion106_docking_results_v1_20260725/top200_seed_completion/compressed_queue/CANDIDATE_P1MCPUFP__CPUFP500K_0090__00860_9e6y_s42_d1d31bb4c089.tar.gz	runs/CANDIDATE_P1MCPUFP__CPUFP500K_0090__00860_9e6y_s42_d1d31bb4c089/haddock_run/6_seletopclusts/cluster_1_model_1.pdb.gz	-67.5207	STRICT_A	CANDIDATE_P1MCPUFP__CPUFP500K_0090__00860_9e6y_s42_d1d31bb4c089	AT
49	P1MCPUFP__CPUFP500K_0090__00860	existing_old_new7500_top200	old_top7500	8x6b	917	SUCCESS	cluster_1_model_1.pdb.gz	/data/qlyu/projects/pvrig_top7500_dualpanel_screen_v1_20260724/run/qc397_final50_fusion_developability_v1_20260726/final50_common4_bundle/representative_complexes/R49__P1MCPUFP__CPUFP500K_0090__00860__8x6b__s917.pdb	053a0bd9df42cf31cb1fe0b60b01679c4aed38facc250fab965c8d0211399b64	/data1/qlyu/projects/pvrig_priority_top7500_dualreceptor_multiseed_docking_results_v1_20260722/top7500_25k/compressed_queue/CANDIDATE_P1MCPUFP__CPUFP500K_0090__00860_8x6b_s917_63f2c8bc2fd3.tar.gz	runs/CANDIDATE_P1MCPUFP__CPUFP500K_0090__00860_8x6b_s917_63f2c8bc2fd3/haddock_run/6_seletopclusts/cluster_1_model_1.pdb.gz	-61.92190000000001	STRICT_A	CANDIDATE_P1MCPUFP__CPUFP500K_0090__00860_8x6b_s917_63f2c8bc2fd3	AT
49	P1MCPUFP__CPUFP500K_0090__00860	existing_old_new7500_top200	old_top7500	9e6y	917	SUCCESS	cluster_1_model_1.pdb.gz	/data/qlyu/projects/pvrig_top7500_dualpanel_screen_v1_20260724/run/qc397_final50_fusion_developability_v1_20260726/final50_common4_bundle/representative_complexes/R49__P1MCPUFP__CPUFP500K_0090__00860__9e6y__s917.pdb	e2b5b72f2e53ff0b4b2d2519e3d750277fe59e8785bddb01b29949c6dd8d0676	/data1/qlyu/projects/pvrig_priority_top7500_dualreceptor_multiseed_docking_results_v1_20260722/top7500_25k/compressed_queue/CANDIDATE_P1MCPUFP__CPUFP500K_0090__00860_9e6y_s917_d4f6f42305b9.tar.gz	runs/CANDIDATE_P1MCPUFP__CPUFP500K_0090__00860_9e6y_s917_d4f6f42305b9/haddock_run/6_seletopclusts/cluster_1_model_1.pdb.gz	-59.27634000000001	STRICT_A	CANDIDATE_P1MCPUFP__CPUFP500K_0090__00860_9e6y_s917_d4f6f42305b9	AT
49	P1MCPUFP__CPUFP500K_0090__00860	existing_old_new7500_top200	old_top7500	8x6b	1931	SUCCESS	cluster_1_model_1.pdb.gz	/data/qlyu/projects/pvrig_top7500_dualpanel_screen_v1_20260724/run/qc397_final50_fusion_developability_v1_20260726/final50_common4_bundle/representative_complexes/R49__P1MCPUFP__CPUFP500K_0090__00860__8x6b__s1931.pdb	613af0c2d068a6c825b9ce161c36b39d2c042a9b2de018f1c76b5628dcb9b2f9	/data1/qlyu/projects/pvrig_priority_top7500_dualreceptor_multiseed_docking_results_v1_20260722/top7500_25k/compressed_queue/CANDIDATE_P1MCPUFP__CPUFP500K_0090__00860_8x6b_s1931_034d988ae067.tar.gz	runs/CANDIDATE_P1MCPUFP__CPUFP500K_0090__00860_8x6b_s1931_034d988ae067/haddock_run/6_seletopclusts/cluster_1_model_1.pdb.gz	-60.96470000000001	STRICT_A	CANDIDATE_P1MCPUFP__CPUFP500K_0090__00860_8x6b_s1931_034d988ae067	AT
49	P1MCPUFP__CPUFP500K_0090__00860	existing_old_new7500_top200	old_top7500	9e6y	1931	SUCCESS	cluster_1_model_1.pdb.gz	/data/qlyu/projects/pvrig_top7500_dualpanel_screen_v1_20260724/run/qc397_final50_fusion_developability_v1_20260726/final50_common4_bundle/representative_complexes/R49__P1MCPUFP__CPUFP500K_0090__00860__9e6y__s1931.pdb	e71a8f65da4b0dcfae41b7fe5e1ec48c023c4775a09bde81088218716b6cd273	/data1/qlyu/projects/pvrig_priority_top7500_dualreceptor_multiseed_docking_results_v1_20260722/top7500_25k/compressed_queue/CANDIDATE_P1MCPUFP__CPUFP500K_0090__00860_9e6y_s1931_ecca04a106b8.tar.gz	runs/CANDIDATE_P1MCPUFP__CPUFP500K_0090__00860_9e6y_s1931_ecca04a106b8/haddock_run/6_seletopclusts/cluster_1_model_1.pdb.gz	-69.7065	STRICT_A	CANDIDATE_P1MCPUFP__CPUFP500K_0090__00860_9e6y_s1931_ecca04a106b8	AT
49	P1MCPUFP__CPUFP500K_0090__00860	existing_old_new7500_top200	old_top7500	8x6b	3047	SUCCESS	cluster_1_model_1.pdb.gz	/data/qlyu/projects/pvrig_top7500_dualpanel_screen_v1_20260724/run/qc397_final50_fusion_developability_v1_20260726/final50_common4_bundle/representative_complexes/R49__P1MCPUFP__CPUFP500K_0090__00860__8x6b__s3047.pdb	0dd738a51ad753a952496fed918bca22be7ac66433899552d45e17549b90023b	/data1/qlyu/projects/pvrig_top200_common4_seed_completion106_docking_results_v1_20260725/top200_seed_completion/compressed_queue/CANDIDATE_P1MCPUFP__CPUFP500K_0090__00860_8x6b_s3047_1b1c6754d5e5.tar.gz	runs/CANDIDATE_P1MCPUFP__CPUFP500K_0090__00860_8x6b_s3047_1b1c6754d5e5/haddock_run/6_seletopclusts/cluster_1_model_1.pdb.gz	-62.4297	STRICT_A	CANDIDATE_P1MCPUFP__CPUFP500K_0090__00860_8x6b_s3047_1b1c6754d5e5	AT
49	P1MCPUFP__CPUFP500K_0090__00860	existing_old_new7500_top200	old_top7500	9e6y	3047	SUCCESS	cluster_1_model_1.pdb.gz	/data/qlyu/projects/pvrig_top7500_dualpanel_screen_v1_20260724/run/qc397_final50_fusion_developability_v1_20260726/final50_common4_bundle/representative_complexes/R49__P1MCPUFP__CPUFP500K_0090__00860__9e6y__s3047.pdb	6094d6518f857e5e382ec2d2e73a36e9ad5b99984dffb0b90c3751d0efa3b8e1	/data1/qlyu/projects/pvrig_top200_common4_seed_completion106_docking_results_v1_20260725/top200_seed_completion/compressed_queue/CANDIDATE_P1MCPUFP__CPUFP500K_0090__00860_9e6y_s3047_d69cec3015fc.tar.gz	runs/CANDIDATE_P1MCPUFP__CPUFP500K_0090__00860_9e6y_s3047_d69cec3015fc/haddock_run/6_seletopclusts/cluster_1_model_1.pdb.gz	-68.7277	STRICT_A	CANDIDATE_P1MCPUFP__CPUFP500K_0090__00860_9e6y_s3047_d69cec3015fc	AT
50	NODE1GEN_128929_source_rfantibody_source_id_PVRIG_RFAb_v2_P6_ekg_L_bb339_mpn06_arm_P6_ekg_L_backbone_P6_ekg_L_bb339_status_NEEDS_RF2_AND_DOCKING	generated_top3000	rfantibody	8x6b	42	SUCCESS	cluster_1_model_1.pdb.gz	/data/qlyu/projects/pvrig_top7500_dualpanel_screen_v1_20260724/run/qc397_final50_fusion_developability_v1_20260726/final50_common4_bundle/representative_complexes/R50__NODE1GEN_128929__8x6b__s42.pdb	8b8f178315972fa402e022be974e88b1efab1c60587b718de3e48d413138f85c	/data/qlyu/projects/pvrig_node1_generated100k_multimodal_top5000_4seed_docking_results_v2_20260724/compressed_queue/CANDIDATE_NODE1GEN_128929_source_rfantibody_source_id_PVRIG_RFAb_v2_P6_ekg_L_bb339_mpn06_arm_P6_ekg_L_backbone_P6_ekg_L_bb339_status_NEEDS_RF2_AND_DOCKING_8x6b_s42_e5019073d848.tar.gz	runs/CANDIDATE_NODE1GEN_128929_source_rfantibody_source_id_PVRIG_RFAb_v2_P6_ekg_L_bb339_mpn06_arm_P6_ekg_L_backbone_P6_ekg_L_bb339_status_NEEDS_RF2_AND_DOCKING_8x6b_s42_e5019073d848/haddock_run/6_seletopclusts/cluster_1_model_1.pdb.gz	-73.69951	STRICT_A	CANDIDATE_NODE1GEN_128929_source_rfantibody_source_id_PVRIG_RFAb_v2_P6_ekg_L_bb339_mpn06_arm_P6_ekg_L_backbone_P6_ekg_L_bb339_status_NEEDS_RF2_AND_DOCKING_8x6b_s42_e5019073d848	AT
50	NODE1GEN_128929_source_rfantibody_source_id_PVRIG_RFAb_v2_P6_ekg_L_bb339_mpn06_arm_P6_ekg_L_backbone_P6_ekg_L_bb339_status_NEEDS_RF2_AND_DOCKING	generated_top3000	rfantibody	9e6y	42	SUCCESS	cluster_1_model_1.pdb.gz	/data/qlyu/projects/pvrig_top7500_dualpanel_screen_v1_20260724/run/qc397_final50_fusion_developability_v1_20260726/final50_common4_bundle/representative_complexes/R50__NODE1GEN_128929__9e6y__s42.pdb	9dbb4fa8b025224d423a994b5d9edea437f25f197aa79de30857ab8714775973	/data/qlyu/projects/pvrig_node1_generated100k_multimodal_top5000_4seed_docking_results_v2_20260724/compressed_queue/CANDIDATE_NODE1GEN_128929_source_rfantibody_source_id_PVRIG_RFAb_v2_P6_ekg_L_bb339_mpn06_arm_P6_ekg_L_backbone_P6_ekg_L_bb339_status_NEEDS_RF2_AND_DOCKING_9e6y_s42_a98cbec3ce6a.tar.gz	runs/CANDIDATE_NODE1GEN_128929_source_rfantibody_source_id_PVRIG_RFAb_v2_P6_ekg_L_bb339_mpn06_arm_P6_ekg_L_backbone_P6_ekg_L_bb339_status_NEEDS_RF2_AND_DOCKING_9e6y_s42_a98cbec3ce6a/haddock_run/6_seletopclusts/cluster_1_model_1.pdb.gz	-69.72930000000001	STRICT_A	CANDIDATE_NODE1GEN_128929_source_rfantibody_source_id_PVRIG_RFAb_v2_P6_ekg_L_bb339_mpn06_arm_P6_ekg_L_backbone_P6_ekg_L_bb339_status_NEEDS_RF2_AND_DOCKING_9e6y_s42_a98cbec3ce6a	AT
50	NODE1GEN_128929_source_rfantibody_source_id_PVRIG_RFAb_v2_P6_ekg_L_bb339_mpn06_arm_P6_ekg_L_backbone_P6_ekg_L_bb339_status_NEEDS_RF2_AND_DOCKING	generated_top3000	rfantibody	8x6b	917	SUCCESS	cluster_1_model_1.pdb.gz	/data/qlyu/projects/pvrig_top7500_dualpanel_screen_v1_20260724/run/qc397_final50_fusion_developability_v1_20260726/final50_common4_bundle/representative_complexes/R50__NODE1GEN_128929__8x6b__s917.pdb	d7bbf1299b17fec709325c58759ffe674cf455e9df6d6051195b535ad721d106	/data/qlyu/projects/pvrig_node1_generated100k_multimodal_top5000_4seed_docking_results_v2_20260724/compressed_queue/CANDIDATE_NODE1GEN_128929_source_rfantibody_source_id_PVRIG_RFAb_v2_P6_ekg_L_bb339_mpn06_arm_P6_ekg_L_backbone_P6_ekg_L_bb339_status_NEEDS_RF2_AND_DOCKING_8x6b_s917_6a99f4592322.tar.gz	runs/CANDIDATE_NODE1GEN_128929_source_rfantibody_source_id_PVRIG_RFAb_v2_P6_ekg_L_bb339_mpn06_arm_P6_ekg_L_backbone_P6_ekg_L_bb339_status_NEEDS_RF2_AND_DOCKING_8x6b_s917_6a99f4592322/haddock_run/6_seletopclusts/cluster_1_model_1.pdb.gz	-75.63602	STRICT_A	CANDIDATE_NODE1GEN_128929_source_rfantibody_source_id_PVRIG_RFAb_v2_P6_ekg_L_bb339_mpn06_arm_P6_ekg_L_backbone_P6_ekg_L_bb339_status_NEEDS_RF2_AND_DOCKING_8x6b_s917_6a99f4592322	AT
50	NODE1GEN_128929_source_rfantibody_source_id_PVRIG_RFAb_v2_P6_ekg_L_bb339_mpn06_arm_P6_ekg_L_backbone_P6_ekg_L_bb339_status_NEEDS_RF2_AND_DOCKING	generated_top3000	rfantibody	9e6y	917	SUCCESS	cluster_1_model_1.pdb.gz	/data/qlyu/projects/pvrig_top7500_dualpanel_screen_v1_20260724/run/qc397_final50_fusion_developability_v1_20260726/final50_common4_bundle/representative_complexes/R50__NODE1GEN_128929__9e6y__s917.pdb	ee3c0087e588cb2bab8775cf85f95c69690681be48be3b593c0349d93c2e187b	/data/qlyu/projects/pvrig_node1_generated100k_multimodal_top5000_4seed_docking_results_v2_20260724/compressed_queue/CANDIDATE_NODE1GEN_128929_source_rfantibody_source_id_PVRIG_RFAb_v2_P6_ekg_L_bb339_mpn06_arm_P6_ekg_L_backbone_P6_ekg_L_bb339_status_NEEDS_RF2_AND_DOCKING_9e6y_s917_580ca20cea75.tar.gz	runs/CANDIDATE_NODE1GEN_128929_source_rfantibody_source_id_PVRIG_RFAb_v2_P6_ekg_L_bb339_mpn06_arm_P6_ekg_L_backbone_P6_ekg_L_bb339_status_NEEDS_RF2_AND_DOCKING_9e6y_s917_580ca20cea75/haddock_run/6_seletopclusts/cluster_1_model_1.pdb.gz	-63.546940000000006	STRICT_A	CANDIDATE_NODE1GEN_128929_source_rfantibody_source_id_PVRIG_RFAb_v2_P6_ekg_L_bb339_mpn06_arm_P6_ekg_L_backbone_P6_ekg_L_bb339_status_NEEDS_RF2_AND_DOCKING_9e6y_s917_580ca20cea75	AT
50	NODE1GEN_128929_source_rfantibody_source_id_PVRIG_RFAb_v2_P6_ekg_L_bb339_mpn06_arm_P6_ekg_L_backbone_P6_ekg_L_bb339_status_NEEDS_RF2_AND_DOCKING	generated_top3000	rfantibody	8x6b	1931	SUCCESS	cluster_1_model_1.pdb.gz	/data/qlyu/projects/pvrig_top7500_dualpanel_screen_v1_20260724/run/qc397_final50_fusion_developability_v1_20260726/final50_common4_bundle/representative_complexes/R50__NODE1GEN_128929__8x6b__s1931.pdb	29f1b8fc8da215be2c4ee421686363e8c3f621898147eb08a7915b857169a0f9	/data/qlyu/projects/pvrig_node1_generated100k_multimodal_top5000_4seed_docking_results_v2_20260724/compressed_queue/CANDIDATE_NODE1GEN_128929_source_rfantibody_source_id_PVRIG_RFAb_v2_P6_ekg_L_bb339_mpn06_arm_P6_ekg_L_backbone_P6_ekg_L_bb339_status_NEEDS_RF2_AND_DOCKING_8x6b_s1931_1f954fa708bf.tar.gz	runs/CANDIDATE_NODE1GEN_128929_source_rfantibody_source_id_PVRIG_RFAb_v2_P6_ekg_L_bb339_mpn06_arm_P6_ekg_L_backbone_P6_ekg_L_bb339_status_NEEDS_RF2_AND_DOCKING_8x6b_s1931_1f954fa708bf/haddock_run/6_seletopclusts/cluster_1_model_1.pdb.gz	-78.7324	STRICT_A	CANDIDATE_NODE1GEN_128929_source_rfantibody_source_id_PVRIG_RFAb_v2_P6_ekg_L_bb339_mpn06_arm_P6_ekg_L_backbone_P6_ekg_L_bb339_status_NEEDS_RF2_AND_DOCKING_8x6b_s1931_1f954fa708bf	AT
50	NODE1GEN_128929_source_rfantibody_source_id_PVRIG_RFAb_v2_P6_ekg_L_bb339_mpn06_arm_P6_ekg_L_backbone_P6_ekg_L_bb339_status_NEEDS_RF2_AND_DOCKING	generated_top3000	rfantibody	9e6y	1931	SUCCESS	cluster_1_model_1.pdb.gz	/data/qlyu/projects/pvrig_top7500_dualpanel_screen_v1_20260724/run/qc397_final50_fusion_developability_v1_20260726/final50_common4_bundle/representative_complexes/R50__NODE1GEN_128929__9e6y__s1931.pdb	46e71c984fe8e4c10df7025cd1e88a5417a91f2eab989c54c0a61ffb8833099e	/data/qlyu/projects/pvrig_node1_generated100k_multimodal_top5000_4seed_docking_results_v2_20260724/compressed_queue/CANDIDATE_NODE1GEN_128929_source_rfantibody_source_id_PVRIG_RFAb_v2_P6_ekg_L_bb339_mpn06_arm_P6_ekg_L_backbone_P6_ekg_L_bb339_status_NEEDS_RF2_AND_DOCKING_9e6y_s1931_f471df2700d3.tar.gz	runs/CANDIDATE_NODE1GEN_128929_source_rfantibody_source_id_PVRIG_RFAb_v2_P6_ekg_L_bb339_mpn06_arm_P6_ekg_L_backbone_P6_ekg_L_bb339_status_NEEDS_RF2_AND_DOCKING_9e6y_s1931_f471df2700d3/haddock_run/6_seletopclusts/cluster_1_model_1.pdb.gz	-62.21185000000001	STRICT_A	CANDIDATE_NODE1GEN_128929_source_rfantibody_source_id_PVRIG_RFAb_v2_P6_ekg_L_bb339_mpn06_arm_P6_ekg_L_backbone_P6_ekg_L_bb339_status_NEEDS_RF2_AND_DOCKING_9e6y_s1931_f471df2700d3	AT
50	NODE1GEN_128929_source_rfantibody_source_id_PVRIG_RFAb_v2_P6_ekg_L_bb339_mpn06_arm_P6_ekg_L_backbone_P6_ekg_L_bb339_status_NEEDS_RF2_AND_DOCKING	generated_top3000	rfantibody	8x6b	3047	SUCCESS	cluster_1_model_1.pdb.gz	/data/qlyu/projects/pvrig_top7500_dualpanel_screen_v1_20260724/run/qc397_final50_fusion_developability_v1_20260726/final50_common4_bundle/representative_complexes/R50__NODE1GEN_128929__8x6b__s3047.pdb	6be919313c9f939fdd4d8a51a33cf6b6e7fda567b9b2b92ea0559a5e1576dccc	/data/qlyu/projects/pvrig_node1_generated100k_multimodal_top5000_4seed_docking_results_v2_20260724/compressed_queue/CANDIDATE_NODE1GEN_128929_source_rfantibody_source_id_PVRIG_RFAb_v2_P6_ekg_L_bb339_mpn06_arm_P6_ekg_L_backbone_P6_ekg_L_bb339_status_NEEDS_RF2_AND_DOCKING_8x6b_s3047_6fdfb929ec29.tar.gz	runs/CANDIDATE_NODE1GEN_128929_source_rfantibody_source_id_PVRIG_RFAb_v2_P6_ekg_L_bb339_mpn06_arm_P6_ekg_L_backbone_P6_ekg_L_bb339_status_NEEDS_RF2_AND_DOCKING_8x6b_s3047_6fdfb929ec29/haddock_run/6_seletopclusts/cluster_1_model_1.pdb.gz	-72.50079999999998	STRICT_A	CANDIDATE_NODE1GEN_128929_source_rfantibody_source_id_PVRIG_RFAb_v2_P6_ekg_L_bb339_mpn06_arm_P6_ekg_L_backbone_P6_ekg_L_bb339_status_NEEDS_RF2_AND_DOCKING_8x6b_s3047_6fdfb929ec29	AT
50	NODE1GEN_128929_source_rfantibody_source_id_PVRIG_RFAb_v2_P6_ekg_L_bb339_mpn06_arm_P6_ekg_L_backbone_P6_ekg_L_bb339_status_NEEDS_RF2_AND_DOCKING	generated_top3000	rfantibody	9e6y	3047	SUCCESS	cluster_1_model_1.pdb.gz	/data/qlyu/projects/pvrig_top7500_dualpanel_screen_v1_20260724/run/qc397_final50_fusion_developability_v1_20260726/final50_common4_bundle/representative_complexes/R50__NODE1GEN_128929__9e6y__s3047.pdb	62ef011c60ca426608dff12d40c4300f5ef1577bfad42591e4f95ea80669c6cd	/data/qlyu/projects/pvrig_node1_generated100k_multimodal_top5000_4seed_docking_results_v2_20260724/compressed_queue/CANDIDATE_NODE1GEN_128929_source_rfantibody_source_id_PVRIG_RFAb_v2_P6_ekg_L_bb339_mpn06_arm_P6_ekg_L_backbone_P6_ekg_L_bb339_status_NEEDS_RF2_AND_DOCKING_9e6y_s3047_bfce23c764e2.tar.gz	runs/CANDIDATE_NODE1GEN_128929_source_rfantibody_source_id_PVRIG_RFAb_v2_P6_ekg_L_bb339_mpn06_arm_P6_ekg_L_backbone_P6_ekg_L_bb339_status_NEEDS_RF2_AND_DOCKING_9e6y_s3047_bfce23c764e2/haddock_run/6_seletopclusts/cluster_1_model_1.pdb.gz	-76.80704	STRICT_A	CANDIDATE_NODE1GEN_128929_source_rfantibody_source_id_PVRIG_RFAb_v2_P6_ekg_L_bb339_mpn06_arm_P6_ekg_L_backbone_P6_ekg_L_bb339_status_NEEDS_RF2_AND_DOCKING_9e6y_s3047_bfce23c764e2	AT
