{
  "M2_reproduction_fields": {
    "mae": true,
    "rmse": true,
    "spearman": true
  },
  "claim_boundary": "Open computational Docking geometry development evidence only; not binding, Kd, experimental blocking, Docking Gold, or sealed V4-F evidence.",
  "contract_sha256": "f59fa1fdbc8c95df17bdc041319679ce74a3717fd7bfa34f90198b91cfc71d60",
  "gates": {
    "M2_exact_reproduction": true,
    "Rdual_mae": true,
    "Rdual_rmse": true,
    "Rdual_spearman": false,
    "parent_macro_Rdual_mae_nonregression_vs_M2": true,
    "source_Rdual_mae_nonregression_vs_M2": true
  },
  "meta_c2_weights": [
    0.14682401221189595,
    0.16720081177290266,
    0.21233717944482805,
    0.11025789613408431,
    0.21370901592096403
  ],
  "models": {
    "C2_INNER_SELECTED_PCA8_RIDGE": {
      "parent_macro": {
        "R_8X6B": {
          "macro_mae": 0.03193588224724861,
          "macro_rmse": 0.039753991172481955,
          "macro_within_parent_spearman": 0.18085646899787464,
          "spearman_parent_count": 31
        },
        "R_9E6Y": {
          "macro_mae": 0.03211872664588876,
          "macro_rmse": 0.03910101397258011,
          "macro_within_parent_spearman": 0.14314917044729863,
          "spearman_parent_count": 31
        },
        "R_dual_min": {
          "macro_mae": 0.031463936984879565,
          "macro_rmse": 0.03909236005326081,
          "macro_within_parent_spearman": 0.1502036086687325,
          "spearman_parent_count": 31
        }
      },
      "sources": {
        "V4D_OPEN_MULTI_SEED": {
          "R_8X6B": {
            "mae": 0.02986561163678431,
            "rmse": 0.038053832957479654,
            "spearman": 0.6277624004262342
          },
          "R_9E6Y": {
            "mae": 0.03035985161226776,
            "rmse": 0.037818615238776575,
            "spearman": 0.6360781256091381
          },
          "R_dual_min": {
            "mae": 0.030393653444909328,
            "rmse": 0.03826835259394621,
            "spearman": 0.6587142801450235
          }
        },
        "V4H_ADAPTIVE_SEED_RANKING": {
          "R_8X6B": {
            "mae": 0.03556957561596687,
            "rmse": 0.04497674723931631,
            "spearman": 0.5136485993690334
          },
          "R_9E6Y": {
            "mae": 0.034748416253272144,
            "rmse": 0.043500420273904945,
            "spearman": 0.5411326710679669
          },
          "R_dual_min": {
            "mae": 0.032711469124477754,
            "rmse": 0.042634145796713645,
            "spearman": 0.568939995597482
          }
        }
      },
      "targets": {
        "R_8X6B": {
          "mae": 0.034714170268060264,
          "rmse": 0.0440080086491218,
          "spearman": 0.5355688831801998
        },
        "R_9E6Y": {
          "mae": 0.034090277163114885,
          "rmse": 0.04269655791688806,
          "spearman": 0.5573892791190226
        },
        "R_dual_min": {
          "mae": 0.03236387367419078,
          "rmse": 0.04200835119290359,
          "spearman": 0.583180253802572
        }
      }
    },
    "M2_C2_NONNEGATIVE_SHARED_SLOPE_STACK": {
      "parent_macro": {
        "R_8X6B": {
          "macro_mae": 0.03127939136052611,
          "macro_rmse": 0.039135406268205025,
          "macro_within_parent_spearman": 0.15905499519220945,
          "spearman_parent_count": 31
        },
        "R_9E6Y": {
          "macro_mae": 0.03138777857209672,
          "macro_rmse": 0.038581602686488144,
          "macro_within_parent_spearman": 0.15273277186369272,
          "spearman_parent_count": 31
        },
        "R_dual_min": {
          "macro_mae": 0.030810877485922268,
          "macro_rmse": 0.0384872750690755,
          "macro_within_parent_spearman": 0.15979486102346113,
          "spearman_parent_count": 31
        }
      },
      "sources": {
        "V4D_OPEN_MULTI_SEED": {
          "R_8X6B": {
            "mae": 0.02917239065138625,
            "rmse": 0.03770196035153734,
            "spearman": 0.6640016633529557
          },
          "R_9E6Y": {
            "mae": 0.029968961563570498,
            "rmse": 0.0377823912927356,
            "spearman": 0.6777108104947176
          },
          "R_dual_min": {
            "mae": 0.029734263438737304,
            "rmse": 0.03824435612704305,
            "spearman": 0.6972011487531351
          }
        },
        "V4H_ADAPTIVE_SEED_RANKING": {
          "R_8X6B": {
            "mae": 0.03496433870478113,
            "rmse": 0.044738625676835835,
            "spearman": 0.5325018690150417
          },
          "R_9E6Y": {
            "mae": 0.03373918228874301,
            "rmse": 0.04290935572407128,
            "spearman": 0.5918156664791183
          },
          "R_dual_min": {
            "mae": 0.03239894213960136,
            "rmse": 0.04306124565105954,
            "spearman": 0.6010747121922349
          }
        }
      },
      "targets": {
        "R_8X6B": {
          "mae": 0.034095738664922305,
          "rmse": 0.04375554653481835,
          "spearman": 0.5590734490659583
        },
        "R_9E6Y": {
          "mae": 0.03317377427023671,
          "rmse": 0.04218022021273917,
          "spearman": 0.6091461583222203
        },
        "R_dual_min": {
          "mae": 0.03199932874451491,
          "rmse": 0.04237378736713076,
          "spearman": 0.6174381817748448
        }
      }
    },
    "M2_FROZEN_ALPHA10": {
      "parent_macro": {
        "R_8X6B": {
          "macro_mae": 0.031406132701320456,
          "macro_rmse": 0.03946146740143801,
          "macro_within_parent_spearman": 0.13290598329398778,
          "spearman_parent_count": 31
        },
        "R_9E6Y": {
          "macro_mae": 0.031726267694034575,
          "macro_rmse": 0.03901740493726219,
          "macro_within_parent_spearman": 0.16171911818012136,
          "spearman_parent_count": 31
        },
        "R_dual_min": {
          "macro_mae": 0.031087415091996074,
          "macro_rmse": 0.03885174451058484,
          "macro_within_parent_spearman": 0.16517206575118007,
          "spearman_parent_count": 31
        }
      },
      "sources": {
        "V4D_OPEN_MULTI_SEED": {
          "R_8X6B": {
            "mae": 0.029277260562601916,
            "rmse": 0.03809645027930775,
            "spearman": 0.6645900744610346
          },
          "R_9E6Y": {
            "mae": 0.030406276740067878,
            "rmse": 0.03838078702680807,
            "spearman": 0.6748456850285238
          },
          "R_dual_min": {
            "mae": 0.03000052514759953,
            "rmse": 0.03879049092341954,
            "spearman": 0.6933494470650917
          }
        },
        "V4H_ADAPTIVE_SEED_RANKING": {
          "R_8X6B": {
            "mae": 0.03516576249920868,
            "rmse": 0.04510543744812362,
            "spearman": 0.5287400281140052
          },
          "R_9E6Y": {
            "mae": 0.03399826172802847,
            "rmse": 0.0433256082615715,
            "spearman": 0.5877084402755502
          },
          "R_dual_min": {
            "mae": 0.03277475789562944,
            "rmse": 0.043593494554549674,
            "spearman": 0.5929015961867984
          }
        }
      },
      "targets": {
        "R_8X6B": {
          "mae": 0.03428268258038112,
          "rmse": 0.04412534069293279,
          "spearman": 0.5549841104551536
        },
        "R_9E6Y": {
          "mae": 0.0334595831565095,
          "rmse": 0.04262063125252723,
          "spearman": 0.6051290272246869
        },
        "R_dual_min": {
          "mae": 0.0323587150283071,
          "rmse": 0.042907485462189345,
          "spearman": 0.6094011215999979
        }
      }
    }
  },
  "schema_version": "pvrig_v2_5_m2_c2_strict_double_crossfit_stack_metrics_v1",
  "stack_delta_vs_M2": {
    "mae": -0.00035938628379219434,
    "rmse": -0.0005336980950585851,
    "spearman": 0.008037060174846844
  },
  "status": "DO_NOT_PROMOTE_M2_C2_STACK"
}
