{
  "deepnano_binding_prior": {
    "max": 0.5341572,
    "mean": 0.14824786779243876,
    "median": 0.13782345,
    "min": 0.009133027,
    "q05": 0.055617542,
    "q95": 0.27524254
  },
  "nanobind_binary_counts": {
    "0": 107673,
    "1": 198032
  },
  "nanobind_binding_prior": {
    "max": 0.9372963905334473,
    "mean": 0.41035739853564296,
    "median": 0.4004059433937073,
    "min": 0.00428456487134099,
    "q05": 0.08223254531621933,
    "q95": 0.7672799110412597
  },
  "output": "/publicfs04/fs04-al/home/als001821/pvrig_bxcpu_model_runtime_v1_20260721/pvrig1m_cpu_topup305705_v1/aggregated/binding_priors_uncorrected.tsv.gz",
  "output_sha256": "f39ca62a69fce89768a8974bc1300cc9356fe4aeba113c215404eb4c9fcbc559",
  "records": 305705,
  "scientific_boundary": "weak binding priors; not Kd, IC50, or blocking evidence",
  "status": "PASS",
  "tasks": 32
}
