model,baseline,haddock_rank,haddock_score,hotspot_overlap_count,align_rmsd_A,total_vhh_pvrl2_atom_occlusion,total_vhh_pvrl2_residue_pair_occlusion,total_vhh_pvrl2_atom_clash,total_vhh_pvrl2_residue_pair_clash,cdr3_atom_occlusion,cdr3_atom_occlusion_fraction,cdr3_residue_pair_occlusion,cdr3_residue_pair_occlusion_fraction,cdr3_atom_clash,cdr3_residue_pair_clash,cdr3_vhh_residue_count,cdr3_pvrl2_residue_count,cdr12_atom_occlusion,cdr12_residue_pair_occlusion,framework_atom_occlusion,framework_residue_pair_occlusion,framework_residue_pair_occlusion_fraction
cluster_1_model_1,8x6b,1,,20,0.595,8208,674,1430,250,1302,0.15862573099415206,96,0.142433234421365,260,38,12,33,1349,112,5557,466,0.6913946587537092
cluster_2_model_1,8x6b,2,,15,0.475,8379,673,1475,259,1331,0.15884950471416637,96,0.1426448736998514,266,37,12,33,1729,128,5319,449,0.6671619613670133
cluster_3_model_1,8x6b,3,,16,0.605,9128,784,1651,270,1755,0.1922655565293602,125,0.15943877551020408,338,47,12,45,1160,101,6213,558,0.7117346938775511
cluster_3_model_2,8x6b,4,,13,0.492,8404,737,1506,266,1779,0.21168491194669206,131,0.17774762550881953,331,53,12,49,950,76,5675,530,0.7191316146540027
cluster_3_model_3,8x6b,5,,13,0.598,9754,839,1693,282,1809,0.18546237441049826,133,0.15852205005959474,301,47,12,43,1363,119,6582,587,0.699642431466031
cluster_3_model_4,8x6b,7,,13,0.553,9023,756,1629,283,1853,0.20536406959991133,125,0.16534391534391535,337,53,12,46,1180,93,5990,538,0.7116402116402116
cluster_4_model_1,8x6b,6,,17,0.597,9129,761,1626,277,1535,0.16814547047869427,112,0.1471747700394218,286,44,12,40,1726,136,5868,513,0.6741130091984231
