candidate_id	final_rank	top10_rank	pdb_path	vhh_chain	chain_identity_proxy	mapped_sequence_fraction	free_vhh_sasa_a2	bound_vhh_sasa_a2	binding_buried_sasa_a2	largest_hydrophobic_patch_residues	largest_hydrophobic_patch_free_sasa_a2	largest_positive_patch_residues	largest_positive_patch_free_sasa_a2	largest_negative_patch_residues	largest_negative_patch_free_sasa_a2	c_terminal_target_min_distance_a	c_terminal_target_contact_4p5a
P1MCPUFP__CPUFP500K_0288__00659	1	1	/data/qlyu/projects/pvrig_top7500_dualpanel_screen_v1_20260724/run/qc397_final50_fusion_developability_v1_20260726/final50_common4_bundle/representative_complexes/R01__P1MCPUFP__CPUFP500K_0288__00659__8x6b__s1931.pdb	A	1.000000	1.000000	6452.687174	5794.838804	657.848371	14	894.830370	3	331.942565	3	249.443022	36.672740	False
P1MCPUFP__CPUFP500K_0288__00659	1	1	/data/qlyu/projects/pvrig_top7500_dualpanel_screen_v1_20260724/run/qc397_final50_fusion_developability_v1_20260726/final50_common4_bundle/representative_complexes/R01__P1MCPUFP__CPUFP500K_0288__00659__8x6b__s3047.pdb	A	1.000000	1.000000	6407.193813	5652.819359	754.374454	21	1239.868664	6	489.467571	3	257.647061	35.106576	False
P1MCPUFP__CPUFP500K_0288__00659	1	1	/data/qlyu/projects/pvrig_top7500_dualpanel_screen_v1_20260724/run/qc397_final50_fusion_developability_v1_20260726/final50_common4_bundle/representative_complexes/R01__P1MCPUFP__CPUFP500K_0288__00659__8x6b__s42.pdb	A	1.000000	1.000000	6486.167106	5655.604318	830.562788	14	896.676663	4	249.505456	3	253.394685	35.019465	False
P1MCPUFP__CPUFP500K_0288__00659	1	1	/data/qlyu/projects/pvrig_top7500_dualpanel_screen_v1_20260724/run/qc397_final50_fusion_developability_v1_20260726/final50_common4_bundle/representative_complexes/R01__P1MCPUFP__CPUFP500K_0288__00659__8x6b__s917.pdb	A	1.000000	1.000000	6468.500506	5680.990669	787.509837	15	919.878205	3	303.616751	3	258.064076	35.077989	False
P1MCPUFP__CPUFP500K_0288__00659	1	1	/data/qlyu/projects/pvrig_top7500_dualpanel_screen_v1_20260724/run/qc397_final50_fusion_developability_v1_20260726/final50_common4_bundle/representative_complexes/R01__P1MCPUFP__CPUFP500K_0288__00659__9e6y__s1931.pdb	A	1.000000	1.000000	6524.481070	5784.633926	739.847143	12	640.259473	6	486.488000	3	279.947154	36.277898	False
P1MCPUFP__CPUFP500K_0288__00659	1	1	/data/qlyu/projects/pvrig_top7500_dualpanel_screen_v1_20260724/run/qc397_final50_fusion_developability_v1_20260726/final50_common4_bundle/representative_complexes/R01__P1MCPUFP__CPUFP500K_0288__00659__9e6y__s3047.pdb	A	1.000000	1.000000	6520.567902	5816.181821	704.386081	6	320.871906	3	308.456144	3	246.197506	38.851761	False
P1MCPUFP__CPUFP500K_0288__00659	1	1	/data/qlyu/projects/pvrig_top7500_dualpanel_screen_v1_20260724/run/qc397_final50_fusion_developability_v1_20260726/final50_common4_bundle/representative_complexes/R01__P1MCPUFP__CPUFP500K_0288__00659__9e6y__s42.pdb	A	1.000000	1.000000	6460.879799	5811.268286	649.611513	8	531.845896	3	317.347375	3	269.829466	35.247747	False
P1MCPUFP__CPUFP500K_0288__00659	1	1	/data/qlyu/projects/pvrig_top7500_dualpanel_screen_v1_20260724/run/qc397_final50_fusion_developability_v1_20260726/final50_common4_bundle/representative_complexes/R01__P1MCPUFP__CPUFP500K_0288__00659__9e6y__s917.pdb	A	1.000000	1.000000	6480.688734	5755.080818	725.607917	15	907.626852	3	291.587530	3	232.752473	35.078105	False
NODE1GEN_112448_source_rfantibody_source_id_PVRIG_RFAb_v2_P5_qkg_L_bb355_mpn01_arm_P5_qkg_L_backbone_P5_qkg_L_bb355_status_NEEDS_RF2_AND_DOCKING	2	2	/data/qlyu/projects/pvrig_top7500_dualpanel_screen_v1_20260724/run/qc397_final50_fusion_developability_v1_20260726/final50_common4_bundle/representative_complexes/R02__NODE1GEN_112448__8x6b__s1931.pdb	A	1.000000	1.000000	6012.923390	5277.471251	735.452139	19	1045.579107	5	365.870865	1	142.299654	31.490279	False
NODE1GEN_112448_source_rfantibody_source_id_PVRIG_RFAb_v2_P5_qkg_L_bb355_mpn01_arm_P5_qkg_L_backbone_P5_qkg_L_bb355_status_NEEDS_RF2_AND_DOCKING	2	2	/data/qlyu/projects/pvrig_top7500_dualpanel_screen_v1_20260724/run/qc397_final50_fusion_developability_v1_20260726/final50_common4_bundle/representative_complexes/R02__NODE1GEN_112448__8x6b__s3047.pdb	A	1.000000	1.000000	6169.980801	5425.311774	744.669027	12	623.603796	5	367.123313	2	159.269448	34.663013	False
NODE1GEN_112448_source_rfantibody_source_id_PVRIG_RFAb_v2_P5_qkg_L_bb355_mpn01_arm_P5_qkg_L_backbone_P5_qkg_L_bb355_status_NEEDS_RF2_AND_DOCKING	2	2	/data/qlyu/projects/pvrig_top7500_dualpanel_screen_v1_20260724/run/qc397_final50_fusion_developability_v1_20260726/final50_common4_bundle/representative_complexes/R02__NODE1GEN_112448__8x6b__s42.pdb	A	1.000000	1.000000	6011.880863	5230.735160	781.145704	9	474.416975	5	348.945011	2	167.273242	35.704060	False
NODE1GEN_112448_source_rfantibody_source_id_PVRIG_RFAb_v2_P5_qkg_L_bb355_mpn01_arm_P5_qkg_L_backbone_P5_qkg_L_bb355_status_NEEDS_RF2_AND_DOCKING	2	2	/data/qlyu/projects/pvrig_top7500_dualpanel_screen_v1_20260724/run/qc397_final50_fusion_developability_v1_20260726/final50_common4_bundle/representative_complexes/R02__NODE1GEN_112448__8x6b__s917.pdb	A	1.000000	1.000000	6125.092783	5373.968600	751.124183	13	640.186400	5	364.491936	2	163.891778	33.685681	False
NODE1GEN_112448_source_rfantibody_source_id_PVRIG_RFAb_v2_P5_qkg_L_bb355_mpn01_arm_P5_qkg_L_backbone_P5_qkg_L_bb355_status_NEEDS_RF2_AND_DOCKING	2	2	/data/qlyu/projects/pvrig_top7500_dualpanel_screen_v1_20260724/run/qc397_final50_fusion_developability_v1_20260726/final50_common4_bundle/representative_complexes/R02__NODE1GEN_112448__9e6y__s1931.pdb	A	1.000000	1.000000	6128.814209	5309.256231	819.557978	9	471.459291	5	371.925531	2	161.652116	35.197328	False
NODE1GEN_112448_source_rfantibody_source_id_PVRIG_RFAb_v2_P5_qkg_L_bb355_mpn01_arm_P5_qkg_L_backbone_P5_qkg_L_bb355_status_NEEDS_RF2_AND_DOCKING	2	2	/data/qlyu/projects/pvrig_top7500_dualpanel_screen_v1_20260724/run/qc397_final50_fusion_developability_v1_20260726/final50_common4_bundle/representative_complexes/R02__NODE1GEN_112448__9e6y__s3047.pdb	A	1.000000	1.000000	6126.961319	5410.583171	716.378148	12	636.995002	5	363.936858	2	168.832059	33.638296	False
NODE1GEN_112448_source_rfantibody_source_id_PVRIG_RFAb_v2_P5_qkg_L_bb355_mpn01_arm_P5_qkg_L_backbone_P5_qkg_L_bb355_status_NEEDS_RF2_AND_DOCKING	2	2	/data/qlyu/projects/pvrig_top7500_dualpanel_screen_v1_20260724/run/qc397_final50_fusion_developability_v1_20260726/final50_common4_bundle/representative_complexes/R02__NODE1GEN_112448__9e6y__s42.pdb	A	1.000000	1.000000	6222.685228	5479.566975	743.118253	21	1207.023020	5	366.119574	2	176.429016	32.659493	False
NODE1GEN_112448_source_rfantibody_source_id_PVRIG_RFAb_v2_P5_qkg_L_bb355_mpn01_arm_P5_qkg_L_backbone_P5_qkg_L_bb355_status_NEEDS_RF2_AND_DOCKING	2	2	/data/qlyu/projects/pvrig_top7500_dualpanel_screen_v1_20260724/run/qc397_final50_fusion_developability_v1_20260726/final50_common4_bundle/representative_complexes/R02__NODE1GEN_112448__9e6y__s917.pdb	A	1.000000	1.000000	6067.512751	5373.538579	693.974173	16	941.007342	5	355.912707	2	169.619027	34.040948	False
NODE1GEN_229102_source_fixed_pose_mpnn_source_id_P500K__FIXED_POSE_MPNN__2F90E7DCCA05F9E4	3	3	/data/qlyu/projects/pvrig_top7500_dualpanel_screen_v1_20260724/run/qc397_final50_fusion_developability_v1_20260726/final50_common4_bundle/representative_complexes/R03__NODE1GEN_229102_source_fixed_pose_mpnn_source_id_P500K__FIXED_POSE_MPNN__2F90E7DCCA05F9E4__8x6b__s1931.pdb	A	1.000000	1.000000	6306.655957	5543.634709	763.021248	14	700.472285	3	246.657058	3	192.925561	37.089738	False
NODE1GEN_229102_source_fixed_pose_mpnn_source_id_P500K__FIXED_POSE_MPNN__2F90E7DCCA05F9E4	3	3	/data/qlyu/projects/pvrig_top7500_dualpanel_screen_v1_20260724/run/qc397_final50_fusion_developability_v1_20260726/final50_common4_bundle/representative_complexes/R03__NODE1GEN_229102_source_fixed_pose_mpnn_source_id_P500K__FIXED_POSE_MPNN__2F90E7DCCA05F9E4__8x6b__s3047.pdb	A	1.000000	1.000000	6277.988736	5476.787817	801.200919	14	714.587168	3	234.780728	2	111.063678	33.702621	False
NODE1GEN_229102_source_fixed_pose_mpnn_source_id_P500K__FIXED_POSE_MPNN__2F90E7DCCA05F9E4	3	3	/data/qlyu/projects/pvrig_top7500_dualpanel_screen_v1_20260724/run/qc397_final50_fusion_developability_v1_20260726/final50_common4_bundle/representative_complexes/R03__NODE1GEN_229102_source_fixed_pose_mpnn_source_id_P500K__FIXED_POSE_MPNN__2F90E7DCCA05F9E4__8x6b__s42.pdb	A	1.000000	1.000000	6332.813758	5567.069126	765.744632	14	743.356407	3	248.114694	3	199.930559	36.550285	False
NODE1GEN_229102_source_fixed_pose_mpnn_source_id_P500K__FIXED_POSE_MPNN__2F90E7DCCA05F9E4	3	3	/data/qlyu/projects/pvrig_top7500_dualpanel_screen_v1_20260724/run/qc397_final50_fusion_developability_v1_20260726/final50_common4_bundle/representative_complexes/R03__NODE1GEN_229102_source_fixed_pose_mpnn_source_id_P500K__FIXED_POSE_MPNN__2F90E7DCCA05F9E4__8x6b__s917.pdb	A	1.000000	1.000000	6332.524292	5497.747958	834.776334	14	714.656283	3	245.885210	2	114.565967	34.141897	False
NODE1GEN_229102_source_fixed_pose_mpnn_source_id_P500K__FIXED_POSE_MPNN__2F90E7DCCA05F9E4	3	3	/data/qlyu/projects/pvrig_top7500_dualpanel_screen_v1_20260724/run/qc397_final50_fusion_developability_v1_20260726/final50_common4_bundle/representative_complexes/R03__NODE1GEN_229102_source_fixed_pose_mpnn_source_id_P500K__FIXED_POSE_MPNN__2F90E7DCCA05F9E4__9e6y__s1931.pdb	A	1.000000	1.000000	6324.865571	5553.942170	770.923401	14	733.151781	3	242.826640	3	196.191142	37.154850	False
NODE1GEN_229102_source_fixed_pose_mpnn_source_id_P500K__FIXED_POSE_MPNN__2F90E7DCCA05F9E4	3	3	/data/qlyu/projects/pvrig_top7500_dualpanel_screen_v1_20260724/run/qc397_final50_fusion_developability_v1_20260726/final50_common4_bundle/representative_complexes/R03__NODE1GEN_229102_source_fixed_pose_mpnn_source_id_P500K__FIXED_POSE_MPNN__2F90E7DCCA05F9E4__9e6y__s3047.pdb	A	1.000000	1.000000	6397.228430	5693.479589	703.748841	14	727.286470	6	431.958036	3	197.690896	37.137479	False
NODE1GEN_229102_source_fixed_pose_mpnn_source_id_P500K__FIXED_POSE_MPNN__2F90E7DCCA05F9E4	3	3	/data/qlyu/projects/pvrig_top7500_dualpanel_screen_v1_20260724/run/qc397_final50_fusion_developability_v1_20260726/final50_common4_bundle/representative_complexes/R03__NODE1GEN_229102_source_fixed_pose_mpnn_source_id_P500K__FIXED_POSE_MPNN__2F90E7DCCA05F9E4__9e6y__s42.pdb	A	1.000000	1.000000	6338.398128	5572.771620	765.626508	12	694.743800	2	153.081160	3	199.249713	36.829782	False
NODE1GEN_229102_source_fixed_pose_mpnn_source_id_P500K__FIXED_POSE_MPNN__2F90E7DCCA05F9E4	3	3	/data/qlyu/projects/pvrig_top7500_dualpanel_screen_v1_20260724/run/qc397_final50_fusion_developability_v1_20260726/final50_common4_bundle/representative_complexes/R03__NODE1GEN_229102_source_fixed_pose_mpnn_source_id_P500K__FIXED_POSE_MPNN__2F90E7DCCA05F9E4__9e6y__s917.pdb	A	1.000000	1.000000	6352.489805	5614.961743	737.528062	21	1054.215702	3	248.494827	2	119.378364	35.947050	False
P1MCPUFP__CPUFP500K_0188__00519	4	4	/data/qlyu/projects/pvrig_top7500_dualpanel_screen_v1_20260724/run/qc397_final50_fusion_developability_v1_20260726/final50_common4_bundle/representative_complexes/R04__P1MCPUFP__CPUFP500K_0188__00519__8x6b__s1931.pdb	A	1.000000	1.000000	6366.221413	5611.194617	755.026795	11	557.455782	3	251.474397	4	273.057746	30.970966	False
P1MCPUFP__CPUFP500K_0188__00519	4	4	/data/qlyu/projects/pvrig_top7500_dualpanel_screen_v1_20260724/run/qc397_final50_fusion_developability_v1_20260726/final50_common4_bundle/representative_complexes/R04__P1MCPUFP__CPUFP500K_0188__00519__8x6b__s3047.pdb	A	1.000000	1.000000	6370.379436	5611.351006	759.028431	11	619.663967	3	263.619501	5	290.387734	37.947928	False
P1MCPUFP__CPUFP500K_0188__00519	4	4	/data/qlyu/projects/pvrig_top7500_dualpanel_screen_v1_20260724/run/qc397_final50_fusion_developability_v1_20260726/final50_common4_bundle/representative_complexes/R04__P1MCPUFP__CPUFP500K_0188__00519__8x6b__s42.pdb	A	1.000000	1.000000	6609.826392	5892.383936	717.442456	11	561.808103	3	248.822662	5	370.419619	36.803504	False
P1MCPUFP__CPUFP500K_0188__00519	4	4	/data/qlyu/projects/pvrig_top7500_dualpanel_screen_v1_20260724/run/qc397_final50_fusion_developability_v1_20260726/final50_common4_bundle/representative_complexes/R04__P1MCPUFP__CPUFP500K_0188__00519__8x6b__s917.pdb	A	1.000000	1.000000	6537.946313	5804.537968	733.408345	11	554.576157	3	253.291808	4	325.101705	37.738122	False
P1MCPUFP__CPUFP500K_0188__00519	4	4	/data/qlyu/projects/pvrig_top7500_dualpanel_screen_v1_20260724/run/qc397_final50_fusion_developability_v1_20260726/final50_common4_bundle/representative_complexes/R04__P1MCPUFP__CPUFP500K_0188__00519__9e6y__s1931.pdb	A	1.000000	1.000000	6367.298707	5537.410628	829.888079	11	518.453433	6	424.261029	4	268.445595	30.038968	False
P1MCPUFP__CPUFP500K_0188__00519	4	4	/data/qlyu/projects/pvrig_top7500_dualpanel_screen_v1_20260724/run/qc397_final50_fusion_developability_v1_20260726/final50_common4_bundle/representative_complexes/R04__P1MCPUFP__CPUFP500K_0188__00519__9e6y__s3047.pdb	A	1.000000	1.000000	6621.812322	5854.472285	767.340037	11	557.515075	3	255.891246	4	303.371811	31.986056	False
P1MCPUFP__CPUFP500K_0188__00519	4	4	/data/qlyu/projects/pvrig_top7500_dualpanel_screen_v1_20260724/run/qc397_final50_fusion_developability_v1_20260726/final50_common4_bundle/representative_complexes/R04__P1MCPUFP__CPUFP500K_0188__00519__9e6y__s42.pdb	A	1.000000	1.000000	6480.600811	5625.881018	854.719793	12	533.407812	3	246.429816	4	302.668786	28.715816	False
P1MCPUFP__CPUFP500K_0188__00519	4	4	/data/qlyu/projects/pvrig_top7500_dualpanel_screen_v1_20260724/run/qc397_final50_fusion_developability_v1_20260726/final50_common4_bundle/representative_complexes/R04__P1MCPUFP__CPUFP500K_0188__00519__9e6y__s917.pdb	A	1.000000	1.000000	6536.387957	5745.615031	790.772926	11	543.711210	3	243.645255	4	271.652114	32.063565	False
P1MCPUFP__CPUFP500K_0100__00092	5	5	/data/qlyu/projects/pvrig_top7500_dualpanel_screen_v1_20260724/run/qc397_final50_fusion_developability_v1_20260726/final50_common4_bundle/representative_complexes/R05__P1MCPUFP__CPUFP500K_0100__00092__8x6b__s1931.pdb	A	1.000000	1.000000	6689.054678	5805.338341	883.716337	9	429.928358	3	232.250531	2	154.405760	35.588086	False
P1MCPUFP__CPUFP500K_0100__00092	5	5	/data/qlyu/projects/pvrig_top7500_dualpanel_screen_v1_20260724/run/qc397_final50_fusion_developability_v1_20260726/final50_common4_bundle/representative_complexes/R05__P1MCPUFP__CPUFP500K_0100__00092__8x6b__s3047.pdb	A	1.000000	1.000000	6757.651731	5906.088694	851.563037	13	702.694983	3	234.833443	2	169.409609	36.883123	False
P1MCPUFP__CPUFP500K_0100__00092	5	5	/data/qlyu/projects/pvrig_top7500_dualpanel_screen_v1_20260724/run/qc397_final50_fusion_developability_v1_20260726/final50_common4_bundle/representative_complexes/R05__P1MCPUFP__CPUFP500K_0100__00092__8x6b__s42.pdb	A	1.000000	1.000000	6705.348716	5821.878429	883.470288	11	637.502411	3	227.606440	2	156.191525	36.943482	False
P1MCPUFP__CPUFP500K_0100__00092	5	5	/data/qlyu/projects/pvrig_top7500_dualpanel_screen_v1_20260724/run/qc397_final50_fusion_developability_v1_20260726/final50_common4_bundle/representative_complexes/R05__P1MCPUFP__CPUFP500K_0100__00092__8x6b__s917.pdb	A	1.000000	1.000000	6654.369548	5871.366660	783.002887	19	1051.778161	3	234.500372	2	161.775769	37.517176	False
P1MCPUFP__CPUFP500K_0100__00092	5	5	/data/qlyu/projects/pvrig_top7500_dualpanel_screen_v1_20260724/run/qc397_final50_fusion_developability_v1_20260726/final50_common4_bundle/representative_complexes/R05__P1MCPUFP__CPUFP500K_0100__00092__9e6y__s1931.pdb	A	1.000000	1.000000	6710.124544	5863.034779	847.089765	12	685.954420	3	230.395944	2	162.880688	36.943309	False
P1MCPUFP__CPUFP500K_0100__00092	5	5	/data/qlyu/projects/pvrig_top7500_dualpanel_screen_v1_20260724/run/qc397_final50_fusion_developability_v1_20260726/final50_common4_bundle/representative_complexes/R05__P1MCPUFP__CPUFP500K_0100__00092__9e6y__s3047.pdb	A	1.000000	1.000000	6619.473972	5754.527897	864.946075	21	1134.990342	3	228.679001	2	170.053573	37.501172	False
P1MCPUFP__CPUFP500K_0100__00092	5	5	/data/qlyu/projects/pvrig_top7500_dualpanel_screen_v1_20260724/run/qc397_final50_fusion_developability_v1_20260726/final50_common4_bundle/representative_complexes/R05__P1MCPUFP__CPUFP500K_0100__00092__9e6y__s42.pdb	A	1.000000	1.000000	6718.734833	5770.807735	947.927098	13	679.356489	3	232.477479	2	156.418474	34.747932	False
P1MCPUFP__CPUFP500K_0100__00092	5	5	/data/qlyu/projects/pvrig_top7500_dualpanel_screen_v1_20260724/run/qc397_final50_fusion_developability_v1_20260726/final50_common4_bundle/representative_complexes/R05__P1MCPUFP__CPUFP500K_0100__00092__9e6y__s917.pdb	A	1.000000	1.000000	6657.304654	5903.216126	754.088527	13	688.614700	3	235.097274	2	158.431188	37.827230	False
NODE1GEN_181778_source_fixed_pose_mpnn_source_id_P500K__FIXED_POSE_MPNN__8EDA6734F7A8BD2C	6	6	/data/qlyu/projects/pvrig_top7500_dualpanel_screen_v1_20260724/run/qc397_final50_fusion_developability_v1_20260726/final50_common4_bundle/representative_complexes/R06__NODE1GEN_181778_source_fixed_pose_mpnn_source_id_P500K__FIXED_POSE_MPNN__8EDA6734F7A8BD2C__8x6b__s1931.pdb	A	1.000000	1.000000	6555.986280	5690.658292	865.327988	12	624.269248	3	240.232564	3	259.874722	34.006956	False
NODE1GEN_181778_source_fixed_pose_mpnn_source_id_P500K__FIXED_POSE_MPNN__8EDA6734F7A8BD2C	6	6	/data/qlyu/projects/pvrig_top7500_dualpanel_screen_v1_20260724/run/qc397_final50_fusion_developability_v1_20260726/final50_common4_bundle/representative_complexes/R06__NODE1GEN_181778_source_fixed_pose_mpnn_source_id_P500K__FIXED_POSE_MPNN__8EDA6734F7A8BD2C__8x6b__s3047.pdb	A	1.000000	1.000000	6535.350352	5717.893366	817.456985	13	780.858478	3	240.454276	3	239.096564	33.572808	False
NODE1GEN_181778_source_fixed_pose_mpnn_source_id_P500K__FIXED_POSE_MPNN__8EDA6734F7A8BD2C	6	6	/data/qlyu/projects/pvrig_top7500_dualpanel_screen_v1_20260724/run/qc397_final50_fusion_developability_v1_20260726/final50_common4_bundle/representative_complexes/R06__NODE1GEN_181778_source_fixed_pose_mpnn_source_id_P500K__FIXED_POSE_MPNN__8EDA6734F7A8BD2C__8x6b__s42.pdb	A	1.000000	1.000000	6664.559094	5975.969003	688.590090	13	758.742755	3	229.623803	3	268.948668	27.354177	False
NODE1GEN_181778_source_fixed_pose_mpnn_source_id_P500K__FIXED_POSE_MPNN__8EDA6734F7A8BD2C	6	6	/data/qlyu/projects/pvrig_top7500_dualpanel_screen_v1_20260724/run/qc397_final50_fusion_developability_v1_20260726/final50_common4_bundle/representative_complexes/R06__NODE1GEN_181778_source_fixed_pose_mpnn_source_id_P500K__FIXED_POSE_MPNN__8EDA6734F7A8BD2C__8x6b__s917.pdb	A	1.000000	1.000000	6706.490664	5864.578328	841.912336	11	668.673189	3	238.404680	3	252.874668	35.363526	False
NODE1GEN_181778_source_fixed_pose_mpnn_source_id_P500K__FIXED_POSE_MPNN__8EDA6734F7A8BD2C	6	6	/data/qlyu/projects/pvrig_top7500_dualpanel_screen_v1_20260724/run/qc397_final50_fusion_developability_v1_20260726/final50_common4_bundle/representative_complexes/R06__NODE1GEN_181778_source_fixed_pose_mpnn_source_id_P500K__FIXED_POSE_MPNN__8EDA6734F7A8BD2C__9e6y__s1931.pdb	A	1.000000	1.000000	6587.267034	5818.408121	768.858914	12	751.398340	3	240.042204	3	245.852433	38.071614	False
NODE1GEN_181778_source_fixed_pose_mpnn_source_id_P500K__FIXED_POSE_MPNN__8EDA6734F7A8BD2C	6	6	/data/qlyu/projects/pvrig_top7500_dualpanel_screen_v1_20260724/run/qc397_final50_fusion_developability_v1_20260726/final50_common4_bundle/representative_complexes/R06__NODE1GEN_181778_source_fixed_pose_mpnn_source_id_P500K__FIXED_POSE_MPNN__8EDA6734F7A8BD2C__9e6y__s3047.pdb	A	1.000000	1.000000	6426.421847	5672.345656	754.076191	14	741.672828	3	247.121260	3	256.865328	29.385750	False
NODE1GEN_181778_source_fixed_pose_mpnn_source_id_P500K__FIXED_POSE_MPNN__8EDA6734F7A8BD2C	6	6	/data/qlyu/projects/pvrig_top7500_dualpanel_screen_v1_20260724/run/qc397_final50_fusion_developability_v1_20260726/final50_common4_bundle/representative_complexes/R06__NODE1GEN_181778_source_fixed_pose_mpnn_source_id_P500K__FIXED_POSE_MPNN__8EDA6734F7A8BD2C__9e6y__s42.pdb	A	1.000000	1.000000	6565.012390	5791.529073	773.483317	15	794.176988	6	448.060751	3	258.895572	27.064692	False
NODE1GEN_181778_source_fixed_pose_mpnn_source_id_P500K__FIXED_POSE_MPNN__8EDA6734F7A8BD2C	6	6	/data/qlyu/projects/pvrig_top7500_dualpanel_screen_v1_20260724/run/qc397_final50_fusion_developability_v1_20260726/final50_common4_bundle/representative_complexes/R06__NODE1GEN_181778_source_fixed_pose_mpnn_source_id_P500K__FIXED_POSE_MPNN__8EDA6734F7A8BD2C__9e6y__s917.pdb	A	1.000000	1.000000	6657.058667	5744.241066	912.817601	13	822.034433	3	245.456739	3	264.551172	34.839290	False
NODE1GEN_154595_source_fixed_pose_mpnn_source_id_P500K__FIXED_POSE_MPNN__9B999365EA60CCE9	7	7	/data/qlyu/projects/pvrig_top7500_dualpanel_screen_v1_20260724/run/qc397_final50_fusion_developability_v1_20260726/final50_common4_bundle/representative_complexes/R07__NODE1GEN_154595_source_fixed_pose_mpnn_source_id_P500K__FIXED_POSE_MPNN__9B999365EA60CCE9__8x6b__s1931.pdb	A	1.000000	1.000000	6583.855432	5788.890742	794.964690	11	620.046403	3	253.544769	2	238.654667	33.117974	False
NODE1GEN_154595_source_fixed_pose_mpnn_source_id_P500K__FIXED_POSE_MPNN__9B999365EA60CCE9	7	7	/data/qlyu/projects/pvrig_top7500_dualpanel_screen_v1_20260724/run/qc397_final50_fusion_developability_v1_20260726/final50_common4_bundle/representative_complexes/R07__NODE1GEN_154595_source_fixed_pose_mpnn_source_id_P500K__FIXED_POSE_MPNN__9B999365EA60CCE9__8x6b__s3047.pdb	A	1.000000	1.000000	6567.947915	5782.719251	785.228664	16	878.416847	3	253.951606	2	141.261441	32.683709	False
NODE1GEN_154595_source_fixed_pose_mpnn_source_id_P500K__FIXED_POSE_MPNN__9B999365EA60CCE9	7	7	/data/qlyu/projects/pvrig_top7500_dualpanel_screen_v1_20260724/run/qc397_final50_fusion_developability_v1_20260726/final50_common4_bundle/representative_complexes/R07__NODE1GEN_154595_source_fixed_pose_mpnn_source_id_P500K__FIXED_POSE_MPNN__9B999365EA60CCE9__8x6b__s42.pdb	A	1.000000	1.000000	6579.981199	5741.169112	838.812087	15	876.262175	3	247.506628	2	130.509969	32.631839	False
NODE1GEN_154595_source_fixed_pose_mpnn_source_id_P500K__FIXED_POSE_MPNN__9B999365EA60CCE9	7	7	/data/qlyu/projects/pvrig_top7500_dualpanel_screen_v1_20260724/run/qc397_final50_fusion_developability_v1_20260726/final50_common4_bundle/representative_complexes/R07__NODE1GEN_154595_source_fixed_pose_mpnn_source_id_P500K__FIXED_POSE_MPNN__9B999365EA60CCE9__8x6b__s917.pdb	A	1.000000	1.000000	6623.371348	5839.329431	784.041917	11	637.066966	3	245.937633	2	251.064021	32.894870	False
NODE1GEN_154595_source_fixed_pose_mpnn_source_id_P500K__FIXED_POSE_MPNN__9B999365EA60CCE9	7	7	/data/qlyu/projects/pvrig_top7500_dualpanel_screen_v1_20260724/run/qc397_final50_fusion_developability_v1_20260726/final50_common4_bundle/representative_complexes/R07__NODE1GEN_154595_source_fixed_pose_mpnn_source_id_P500K__FIXED_POSE_MPNN__9B999365EA60CCE9__9e6y__s1931.pdb	A	1.000000	1.000000	6628.485254	5819.681869	808.803385	21	1134.086108	3	237.854839	2	253.954705	32.503697	False
NODE1GEN_154595_source_fixed_pose_mpnn_source_id_P500K__FIXED_POSE_MPNN__9B999365EA60CCE9	7	7	/data/qlyu/projects/pvrig_top7500_dualpanel_screen_v1_20260724/run/qc397_final50_fusion_developability_v1_20260726/final50_common4_bundle/representative_complexes/R07__NODE1GEN_154595_source_fixed_pose_mpnn_source_id_P500K__FIXED_POSE_MPNN__9B999365EA60CCE9__9e6y__s3047.pdb	A	1.000000	1.000000	6613.631427	5786.646787	826.984640	16	898.834938	3	242.509108	2	133.627602	32.321111	False
NODE1GEN_154595_source_fixed_pose_mpnn_source_id_P500K__FIXED_POSE_MPNN__9B999365EA60CCE9	7	7	/data/qlyu/projects/pvrig_top7500_dualpanel_screen_v1_20260724/run/qc397_final50_fusion_developability_v1_20260726/final50_common4_bundle/representative_complexes/R07__NODE1GEN_154595_source_fixed_pose_mpnn_source_id_P500K__FIXED_POSE_MPNN__9B999365EA60CCE9__9e6y__s42.pdb	A	1.000000	1.000000	6645.020042	5841.384180	803.635863	15	869.644431	3	235.018274	2	133.891433	32.079657	False
NODE1GEN_154595_source_fixed_pose_mpnn_source_id_P500K__FIXED_POSE_MPNN__9B999365EA60CCE9	7	7	/data/qlyu/projects/pvrig_top7500_dualpanel_screen_v1_20260724/run/qc397_final50_fusion_developability_v1_20260726/final50_common4_bundle/representative_complexes/R07__NODE1GEN_154595_source_fixed_pose_mpnn_source_id_P500K__FIXED_POSE_MPNN__9B999365EA60CCE9__9e6y__s917.pdb	A	1.000000	1.000000	6712.881774	5906.278048	806.603725	26	1419.679982	3	246.798660	2	264.311929	34.699417	False
NODE1GEN_256613_source_fixed_pose_mpnn_source_id_P500K__FIXED_POSE_MPNN__0A1B353F72DFABBD	8		/data/qlyu/projects/pvrig_top7500_dualpanel_screen_v1_20260724/run/qc397_final50_fusion_developability_v1_20260726/final50_common4_bundle/representative_complexes/R08__NODE1GEN_256613_source_fixed_pose_mpnn_source_id_P500K__FIXED_POSE_MPNN__0A1B353F72DFABBD__8x6b__s1931.pdb	A	1.000000	1.000000	6276.494071	5356.514288	919.979783	6	468.949159	3	211.487745	2	195.241522	29.089281	False
NODE1GEN_256613_source_fixed_pose_mpnn_source_id_P500K__FIXED_POSE_MPNN__0A1B353F72DFABBD	8		/data/qlyu/projects/pvrig_top7500_dualpanel_screen_v1_20260724/run/qc397_final50_fusion_developability_v1_20260726/final50_common4_bundle/representative_complexes/R08__NODE1GEN_256613_source_fixed_pose_mpnn_source_id_P500K__FIXED_POSE_MPNN__0A1B353F72DFABBD__8x6b__s3047.pdb	A	1.000000	1.000000	6274.120640	5285.384169	988.736470	5	204.172400	3	378.251086	2	198.813052	30.095283	False
NODE1GEN_256613_source_fixed_pose_mpnn_source_id_P500K__FIXED_POSE_MPNN__0A1B353F72DFABBD	8		/data/qlyu/projects/pvrig_top7500_dualpanel_screen_v1_20260724/run/qc397_final50_fusion_developability_v1_20260726/final50_common4_bundle/representative_complexes/R08__NODE1GEN_256613_source_fixed_pose_mpnn_source_id_P500K__FIXED_POSE_MPNN__0A1B353F72DFABBD__8x6b__s42.pdb	A	1.000000	1.000000	6199.107219	5254.903223	944.203997	6	464.010701	3	400.117513	2	172.685243	27.200245	False
NODE1GEN_256613_source_fixed_pose_mpnn_source_id_P500K__FIXED_POSE_MPNN__0A1B353F72DFABBD	8		/data/qlyu/projects/pvrig_top7500_dualpanel_screen_v1_20260724/run/qc397_final50_fusion_developability_v1_20260726/final50_common4_bundle/representative_complexes/R08__NODE1GEN_256613_source_fixed_pose_mpnn_source_id_P500K__FIXED_POSE_MPNN__0A1B353F72DFABBD__8x6b__s917.pdb	A	1.000000	1.000000	6341.431796	5445.570690	895.861106	9	553.537127	3	397.317830	2	194.644619	28.881291	False
NODE1GEN_256613_source_fixed_pose_mpnn_source_id_P500K__FIXED_POSE_MPNN__0A1B353F72DFABBD	8		/data/qlyu/projects/pvrig_top7500_dualpanel_screen_v1_20260724/run/qc397_final50_fusion_developability_v1_20260726/final50_common4_bundle/representative_complexes/R08__NODE1GEN_256613_source_fixed_pose_mpnn_source_id_P500K__FIXED_POSE_MPNN__0A1B353F72DFABBD__9e6y__s1931.pdb	A	1.000000	1.000000	6252.071309	5283.632815	968.438494	7	240.110063	3	407.429151	3	255.457161	27.437692	False
NODE1GEN_256613_source_fixed_pose_mpnn_source_id_P500K__FIXED_POSE_MPNN__0A1B353F72DFABBD	8		/data/qlyu/projects/pvrig_top7500_dualpanel_screen_v1_20260724/run/qc397_final50_fusion_developability_v1_20260726/final50_common4_bundle/representative_complexes/R08__NODE1GEN_256613_source_fixed_pose_mpnn_source_id_P500K__FIXED_POSE_MPNN__0A1B353F72DFABBD__9e6y__s3047.pdb	A	1.000000	1.000000	6369.879379	5352.317015	1017.562363	6	439.054517	3	400.059268	2	188.471118	29.317443	False
NODE1GEN_256613_source_fixed_pose_mpnn_source_id_P500K__FIXED_POSE_MPNN__0A1B353F72DFABBD	8		/data/qlyu/projects/pvrig_top7500_dualpanel_screen_v1_20260724/run/qc397_final50_fusion_developability_v1_20260726/final50_common4_bundle/representative_complexes/R08__NODE1GEN_256613_source_fixed_pose_mpnn_source_id_P500K__FIXED_POSE_MPNN__0A1B353F72DFABBD__9e6y__s42.pdb	A	1.000000	1.000000	6293.663273	5358.021268	935.642005	6	471.706723	3	390.872434	2	185.639495	28.552700	False
NODE1GEN_256613_source_fixed_pose_mpnn_source_id_P500K__FIXED_POSE_MPNN__0A1B353F72DFABBD	8		/data/qlyu/projects/pvrig_top7500_dualpanel_screen_v1_20260724/run/qc397_final50_fusion_developability_v1_20260726/final50_common4_bundle/representative_complexes/R08__NODE1GEN_256613_source_fixed_pose_mpnn_source_id_P500K__FIXED_POSE_MPNN__0A1B353F72DFABBD__9e6y__s917.pdb	A	1.000000	1.000000	6226.312385	5292.859505	933.452880	8	509.963279	6	420.352197	2	188.673185	28.306281	False
NODE1GEN_183154_source_fixed_pose_mpnn_source_id_P500K__FIXED_POSE_MPNN__E25C2338B83B903C	9		/data/qlyu/projects/pvrig_top7500_dualpanel_screen_v1_20260724/run/qc397_final50_fusion_developability_v1_20260726/final50_common4_bundle/representative_complexes/R09__NODE1GEN_183154_source_fixed_pose_mpnn_source_id_P500K__FIXED_POSE_MPNN__E25C2338B83B903C__8x6b__s1931.pdb	A	1.000000	1.000000	6337.823300	5436.340859	901.482441	10	486.433148	3	237.035930	2	182.238093	30.249549	False
NODE1GEN_183154_source_fixed_pose_mpnn_source_id_P500K__FIXED_POSE_MPNN__E25C2338B83B903C	9		/data/qlyu/projects/pvrig_top7500_dualpanel_screen_v1_20260724/run/qc397_final50_fusion_developability_v1_20260726/final50_common4_bundle/representative_complexes/R09__NODE1GEN_183154_source_fixed_pose_mpnn_source_id_P500K__FIXED_POSE_MPNN__E25C2338B83B903C__8x6b__s3047.pdb	A	1.000000	1.000000	6433.554037	5554.134980	879.419057	10	499.327396	6	475.574715	2	254.438427	25.953070	False
NODE1GEN_183154_source_fixed_pose_mpnn_source_id_P500K__FIXED_POSE_MPNN__E25C2338B83B903C	9		/data/qlyu/projects/pvrig_top7500_dualpanel_screen_v1_20260724/run/qc397_final50_fusion_developability_v1_20260726/final50_common4_bundle/representative_complexes/R09__NODE1GEN_183154_source_fixed_pose_mpnn_source_id_P500K__FIXED_POSE_MPNN__E25C2338B83B903C__8x6b__s42.pdb	A	1.000000	1.000000	6386.167426	5627.798772	758.368654	11	507.828441	3	229.550039	2	182.095088	32.345784	False
NODE1GEN_183154_source_fixed_pose_mpnn_source_id_P500K__FIXED_POSE_MPNN__E25C2338B83B903C	9		/data/qlyu/projects/pvrig_top7500_dualpanel_screen_v1_20260724/run/qc397_final50_fusion_developability_v1_20260726/final50_common4_bundle/representative_complexes/R09__NODE1GEN_183154_source_fixed_pose_mpnn_source_id_P500K__FIXED_POSE_MPNN__E25C2338B83B903C__8x6b__s917.pdb	A	1.000000	1.000000	6357.387087	5504.654896	852.732191	7	310.516798	3	218.472553	2	169.426846	29.975468	False
NODE1GEN_183154_source_fixed_pose_mpnn_source_id_P500K__FIXED_POSE_MPNN__E25C2338B83B903C	9		/data/qlyu/projects/pvrig_top7500_dualpanel_screen_v1_20260724/run/qc397_final50_fusion_developability_v1_20260726/final50_common4_bundle/representative_complexes/R09__NODE1GEN_183154_source_fixed_pose_mpnn_source_id_P500K__FIXED_POSE_MPNN__E25C2338B83B903C__9e6y__s1931.pdb	A	1.000000	1.000000	6451.383748	5477.577571	973.806177	10	441.096468	3	224.071918	2	180.526093	28.801166	False
NODE1GEN_183154_source_fixed_pose_mpnn_source_id_P500K__FIXED_POSE_MPNN__E25C2338B83B903C	9		/data/qlyu/projects/pvrig_top7500_dualpanel_screen_v1_20260724/run/qc397_final50_fusion_developability_v1_20260726/final50_common4_bundle/representative_complexes/R09__NODE1GEN_183154_source_fixed_pose_mpnn_source_id_P500K__FIXED_POSE_MPNN__E25C2338B83B903C__9e6y__s3047.pdb	A	1.000000	1.000000	6456.874477	5543.783642	913.090836	15	800.231298	3	242.250220	2	250.025809	31.824981	False
NODE1GEN_183154_source_fixed_pose_mpnn_source_id_P500K__FIXED_POSE_MPNN__E25C2338B83B903C	9		/data/qlyu/projects/pvrig_top7500_dualpanel_screen_v1_20260724/run/qc397_final50_fusion_developability_v1_20260726/final50_common4_bundle/representative_complexes/R09__NODE1GEN_183154_source_fixed_pose_mpnn_source_id_P500K__FIXED_POSE_MPNN__E25C2338B83B903C__9e6y__s42.pdb	A	1.000000	1.000000	6314.343581	5428.341065	886.002516	6	310.384558	6	442.387328	2	234.114165	28.723895	False
NODE1GEN_183154_source_fixed_pose_mpnn_source_id_P500K__FIXED_POSE_MPNN__E25C2338B83B903C	9		/data/qlyu/projects/pvrig_top7500_dualpanel_screen_v1_20260724/run/qc397_final50_fusion_developability_v1_20260726/final50_common4_bundle/representative_complexes/R09__NODE1GEN_183154_source_fixed_pose_mpnn_source_id_P500K__FIXED_POSE_MPNN__E25C2338B83B903C__9e6y__s917.pdb	A	1.000000	1.000000	6370.858404	5527.777709	843.080695	11	493.322493	6	449.313911	2	174.044233	32.038420	False
P1MCPUFP__CPUFP500K_0188__00282	10		/data/qlyu/projects/pvrig_top7500_dualpanel_screen_v1_20260724/run/qc397_final50_fusion_developability_v1_20260726/final50_common4_bundle/representative_complexes/R10__P1MCPUFP__CPUFP500K_0188__00282__8x6b__s1931.pdb	A	1.000000	1.000000	6338.310059	5625.845539	712.464519	15	728.273265	4	363.494082	2	191.450688	36.927487	False
P1MCPUFP__CPUFP500K_0188__00282	10		/data/qlyu/projects/pvrig_top7500_dualpanel_screen_v1_20260724/run/qc397_final50_fusion_developability_v1_20260726/final50_common4_bundle/representative_complexes/R10__P1MCPUFP__CPUFP500K_0188__00282__8x6b__s3047.pdb	A	1.000000	1.000000	6184.835906	5461.105301	723.730606	6	379.909972	4	333.506575	2	201.822447	35.092625	False
P1MCPUFP__CPUFP500K_0188__00282	10		/data/qlyu/projects/pvrig_top7500_dualpanel_screen_v1_20260724/run/qc397_final50_fusion_developability_v1_20260726/final50_common4_bundle/representative_complexes/R10__P1MCPUFP__CPUFP500K_0188__00282__8x6b__s42.pdb	A	1.000000	1.000000	6304.013396	5558.480955	745.532442	6	354.310830	4	369.431169	4	331.510680	32.853071	False
P1MCPUFP__CPUFP500K_0188__00282	10		/data/qlyu/projects/pvrig_top7500_dualpanel_screen_v1_20260724/run/qc397_final50_fusion_developability_v1_20260726/final50_common4_bundle/representative_complexes/R10__P1MCPUFP__CPUFP500K_0188__00282__8x6b__s917.pdb	A	1.000000	1.000000	6308.929256	5395.605125	913.324130	9	488.307611	4	404.684970	4	294.626162	35.621118	False
P1MCPUFP__CPUFP500K_0188__00282	10		/data/qlyu/projects/pvrig_top7500_dualpanel_screen_v1_20260724/run/qc397_final50_fusion_developability_v1_20260726/final50_common4_bundle/representative_complexes/R10__P1MCPUFP__CPUFP500K_0188__00282__9e6y__s1931.pdb	A	1.000000	1.000000	6163.928335	5440.774274	723.154060	8	489.863788	4	343.502725	2	196.812926	36.608816	False
P1MCPUFP__CPUFP500K_0188__00282	10		/data/qlyu/projects/pvrig_top7500_dualpanel_screen_v1_20260724/run/qc397_final50_fusion_developability_v1_20260726/final50_common4_bundle/representative_complexes/R10__P1MCPUFP__CPUFP500K_0188__00282__9e6y__s3047.pdb	A	1.000000	1.000000	6357.890998	5535.979402	821.911596	7	402.791846	4	404.225836	2	201.647083	37.259713	False
P1MCPUFP__CPUFP500K_0188__00282	10		/data/qlyu/projects/pvrig_top7500_dualpanel_screen_v1_20260724/run/qc397_final50_fusion_developability_v1_20260726/final50_common4_bundle/representative_complexes/R10__P1MCPUFP__CPUFP500K_0188__00282__9e6y__s42.pdb	A	1.000000	1.000000	6304.682409	5521.592290	783.090119	8	484.758323	4	388.608142	2	202.905186	36.310477	False
P1MCPUFP__CPUFP500K_0188__00282	10		/data/qlyu/projects/pvrig_top7500_dualpanel_screen_v1_20260724/run/qc397_final50_fusion_developability_v1_20260726/final50_common4_bundle/representative_complexes/R10__P1MCPUFP__CPUFP500K_0188__00282__9e6y__s917.pdb	A	1.000000	1.000000	6302.819591	5395.529245	907.290346	8	449.240733	4	373.589004	2	200.347574	36.704976	False
NODE1GEN_191476_source_fixed_pose_mpnn_source_id_P500K__FIXED_POSE_MPNN__310934EF4B70CA47	11		/data/qlyu/projects/pvrig_top7500_dualpanel_screen_v1_20260724/run/qc397_final50_fusion_developability_v1_20260726/final50_common4_bundle/representative_complexes/R11__NODE1GEN_191476_source_fixed_pose_mpnn_source_id_P500K__FIXED_POSE_MPNN__310934EF4B70CA47__8x6b__s1931.pdb	A	1.000000	1.000000	6575.314573	5734.883623	840.430950	12	643.024577	3	226.274111	2	178.439614	33.315933	False
NODE1GEN_191476_source_fixed_pose_mpnn_source_id_P500K__FIXED_POSE_MPNN__310934EF4B70CA47	11		/data/qlyu/projects/pvrig_top7500_dualpanel_screen_v1_20260724/run/qc397_final50_fusion_developability_v1_20260726/final50_common4_bundle/representative_complexes/R11__NODE1GEN_191476_source_fixed_pose_mpnn_source_id_P500K__FIXED_POSE_MPNN__310934EF4B70CA47__8x6b__s3047.pdb	A	1.000000	1.000000	6707.469228	5830.492026	876.977202	15	781.568101	6	428.255229	2	173.082319	33.700998	False
NODE1GEN_191476_source_fixed_pose_mpnn_source_id_P500K__FIXED_POSE_MPNN__310934EF4B70CA47	11		/data/qlyu/projects/pvrig_top7500_dualpanel_screen_v1_20260724/run/qc397_final50_fusion_developability_v1_20260726/final50_common4_bundle/representative_complexes/R11__NODE1GEN_191476_source_fixed_pose_mpnn_source_id_P500K__FIXED_POSE_MPNN__310934EF4B70CA47__8x6b__s42.pdb	A	1.000000	1.000000	6655.990484	5766.372853	889.617630	16	774.615107	3	228.847139	2	174.725079	31.398106	False
NODE1GEN_191476_source_fixed_pose_mpnn_source_id_P500K__FIXED_POSE_MPNN__310934EF4B70CA47	11		/data/qlyu/projects/pvrig_top7500_dualpanel_screen_v1_20260724/run/qc397_final50_fusion_developability_v1_20260726/final50_common4_bundle/representative_complexes/R11__NODE1GEN_191476_source_fixed_pose_mpnn_source_id_P500K__FIXED_POSE_MPNN__310934EF4B70CA47__8x6b__s917.pdb	A	1.000000	1.000000	6619.326422	5765.768097	853.558325	8	336.148885	3	217.594415	2	173.817284	30.811903	False
NODE1GEN_191476_source_fixed_pose_mpnn_source_id_P500K__FIXED_POSE_MPNN__310934EF4B70CA47	11		/data/qlyu/projects/pvrig_top7500_dualpanel_screen_v1_20260724/run/qc397_final50_fusion_developability_v1_20260726/final50_common4_bundle/representative_complexes/R11__NODE1GEN_191476_source_fixed_pose_mpnn_source_id_P500K__FIXED_POSE_MPNN__310934EF4B70CA47__9e6y__s1931.pdb	A	1.000000	1.000000	6617.455750	5809.836997	807.618753	7	307.333820	3	225.423557	2	173.082319	33.570701	False
NODE1GEN_191476_source_fixed_pose_mpnn_source_id_P500K__FIXED_POSE_MPNN__310934EF4B70CA47	11		/data/qlyu/projects/pvrig_top7500_dualpanel_screen_v1_20260724/run/qc397_final50_fusion_developability_v1_20260726/final50_common4_bundle/representative_complexes/R11__NODE1GEN_191476_source_fixed_pose_mpnn_source_id_P500K__FIXED_POSE_MPNN__310934EF4B70CA47__9e6y__s3047.pdb	A	1.000000	1.000000	6680.106564	5817.129744	862.976820	10	412.399067	3	217.283523	2	179.401528	32.956667	False
NODE1GEN_191476_source_fixed_pose_mpnn_source_id_P500K__FIXED_POSE_MPNN__310934EF4B70CA47	11		/data/qlyu/projects/pvrig_top7500_dualpanel_screen_v1_20260724/run/qc397_final50_fusion_developability_v1_20260726/final50_common4_bundle/representative_complexes/R11__NODE1GEN_191476_source_fixed_pose_mpnn_source_id_P500K__FIXED_POSE_MPNN__310934EF4B70CA47__9e6y__s42.pdb	A	1.000000	1.000000	6627.754959	5817.774964	809.979995	7	310.223269	3	222.613695	2	176.964741	33.437324	False
NODE1GEN_191476_source_fixed_pose_mpnn_source_id_P500K__FIXED_POSE_MPNN__310934EF4B70CA47	11		/data/qlyu/projects/pvrig_top7500_dualpanel_screen_v1_20260724/run/qc397_final50_fusion_developability_v1_20260726/final50_common4_bundle/representative_complexes/R11__NODE1GEN_191476_source_fixed_pose_mpnn_source_id_P500K__FIXED_POSE_MPNN__310934EF4B70CA47__9e6y__s917.pdb	A	1.000000	1.000000	6579.753937	5762.278081	817.475856	13	645.106113	6	440.173092	2	176.547726	31.544806	False
P1MCPUFP__CPUFP500K_0090__00532	12		/data/qlyu/projects/pvrig_top7500_dualpanel_screen_v1_20260724/run/qc397_final50_fusion_developability_v1_20260726/final50_common4_bundle/representative_complexes/R12__P1MCPUFP__CPUFP500K_0090__00532__8x6b__s1931.pdb	A	1.000000	1.000000	6404.630776	5802.843372	601.787404	5	248.146382	3	264.413109	2	275.216585	38.211091	False
P1MCPUFP__CPUFP500K_0090__00532	12		/data/qlyu/projects/pvrig_top7500_dualpanel_screen_v1_20260724/run/qc397_final50_fusion_developability_v1_20260726/final50_common4_bundle/representative_complexes/R12__P1MCPUFP__CPUFP500K_0090__00532__8x6b__s3047.pdb	A	1.000000	1.000000	6486.560811	5751.669613	734.891197	10	552.831358	3	260.783229	2	253.794463	35.162396	False
P1MCPUFP__CPUFP500K_0090__00532	12		/data/qlyu/projects/pvrig_top7500_dualpanel_screen_v1_20260724/run/qc397_final50_fusion_developability_v1_20260726/final50_common4_bundle/representative_complexes/R12__P1MCPUFP__CPUFP500K_0090__00532__8x6b__s42.pdb	A	1.000000	1.000000	6424.622405	5650.274166	774.348240	9	536.140516	3	258.791983	2	252.425713	36.661829	False
P1MCPUFP__CPUFP500K_0090__00532	12		/data/qlyu/projects/pvrig_top7500_dualpanel_screen_v1_20260724/run/qc397_final50_fusion_developability_v1_20260726/final50_common4_bundle/representative_complexes/R12__P1MCPUFP__CPUFP500K_0090__00532__8x6b__s917.pdb	A	1.000000	1.000000	6472.435288	5827.604274	644.831014	8	500.744988	3	260.603342	2	248.400286	38.220942	False
P1MCPUFP__CPUFP500K_0090__00532	12		/data/qlyu/projects/pvrig_top7500_dualpanel_screen_v1_20260724/run/qc397_final50_fusion_developability_v1_20260726/final50_common4_bundle/representative_complexes/R12__P1MCPUFP__CPUFP500K_0090__00532__9e6y__s1931.pdb	A	1.000000	1.000000	6442.963945	5755.004833	687.959112	9	521.503794	3	264.766538	2	253.333508	34.576289	False
P1MCPUFP__CPUFP500K_0090__00532	12		/data/qlyu/projects/pvrig_top7500_dualpanel_screen_v1_20260724/run/qc397_final50_fusion_developability_v1_20260726/final50_common4_bundle/representative_complexes/R12__P1MCPUFP__CPUFP500K_0090__00532__9e6y__s3047.pdb	A	1.000000	1.000000	6440.775302	5758.759141	682.016161	10	525.297330	3	265.881217	2	258.046839	35.511666	False
P1MCPUFP__CPUFP500K_0090__00532	12		/data/qlyu/projects/pvrig_top7500_dualpanel_screen_v1_20260724/run/qc397_final50_fusion_developability_v1_20260726/final50_common4_bundle/representative_complexes/R12__P1MCPUFP__CPUFP500K_0090__00532__9e6y__s42.pdb	A	1.000000	1.000000	6576.189946	5966.161747	610.028199	6	317.495218	3	257.132699	2	250.639948	38.214629	False
P1MCPUFP__CPUFP500K_0090__00532	12		/data/qlyu/projects/pvrig_top7500_dualpanel_screen_v1_20260724/run/qc397_final50_fusion_developability_v1_20260726/final50_common4_bundle/representative_complexes/R12__P1MCPUFP__CPUFP500K_0090__00532__9e6y__s917.pdb	A	1.000000	1.000000	6412.517723	5746.104470	666.413253	4	289.317226	3	251.141618	2	255.119273	34.938708	False
NODE1GEN_177961_source_fixed_pose_mpnn_source_id_P500K__FIXED_POSE_MPNN__8431DA62B813A913	13		/data/qlyu/projects/pvrig_top7500_dualpanel_screen_v1_20260724/run/qc397_final50_fusion_developability_v1_20260726/final50_common4_bundle/representative_complexes/R13__NODE1GEN_177961_source_fixed_pose_mpnn_source_id_P500K__FIXED_POSE_MPNN__8431DA62B813A913__8x6b__s1931.pdb	A	1.000000	1.000000	6957.206848	6017.515414	939.691434	13	861.006078	3	232.994963	3	152.106450	36.942917	False
NODE1GEN_177961_source_fixed_pose_mpnn_source_id_P500K__FIXED_POSE_MPNN__8431DA62B813A913	13		/data/qlyu/projects/pvrig_top7500_dualpanel_screen_v1_20260724/run/qc397_final50_fusion_developability_v1_20260726/final50_common4_bundle/representative_complexes/R13__NODE1GEN_177961_source_fixed_pose_mpnn_source_id_P500K__FIXED_POSE_MPNN__8431DA62B813A913__8x6b__s3047.pdb	A	1.000000	1.000000	6999.926791	6100.355757	899.571034	12	791.117056	2	249.428571	3	275.631359	36.668287	False
NODE1GEN_177961_source_fixed_pose_mpnn_source_id_P500K__FIXED_POSE_MPNN__8431DA62B813A913	13		/data/qlyu/projects/pvrig_top7500_dualpanel_screen_v1_20260724/run/qc397_final50_fusion_developability_v1_20260726/final50_common4_bundle/representative_complexes/R13__NODE1GEN_177961_source_fixed_pose_mpnn_source_id_P500K__FIXED_POSE_MPNN__8431DA62B813A913__8x6b__s42.pdb	A	1.000000	1.000000	6839.224127	5961.796357	877.427769	13	851.576650	2	233.649754	3	267.723510	37.209045	False
NODE1GEN_177961_source_fixed_pose_mpnn_source_id_P500K__FIXED_POSE_MPNN__8431DA62B813A913	13		/data/qlyu/projects/pvrig_top7500_dualpanel_screen_v1_20260724/run/qc397_final50_fusion_developability_v1_20260726/final50_common4_bundle/representative_complexes/R13__NODE1GEN_177961_source_fixed_pose_mpnn_source_id_P500K__FIXED_POSE_MPNN__8431DA62B813A913__8x6b__s917.pdb	A	1.000000	1.000000	6890.502605	6038.460245	852.042360	20	1268.620227	3	252.567315	3	156.782899	37.617895	False
NODE1GEN_177961_source_fixed_pose_mpnn_source_id_P500K__FIXED_POSE_MPNN__8431DA62B813A913	13		/data/qlyu/projects/pvrig_top7500_dualpanel_screen_v1_20260724/run/qc397_final50_fusion_developability_v1_20260726/final50_common4_bundle/representative_complexes/R13__NODE1GEN_177961_source_fixed_pose_mpnn_source_id_P500K__FIXED_POSE_MPNN__8431DA62B813A913__9e6y__s1931.pdb	A	1.000000	1.000000	6966.469311	6077.117354	889.351956	13	884.614686	2	233.136795	3	149.353828	37.624134	False
NODE1GEN_177961_source_fixed_pose_mpnn_source_id_P500K__FIXED_POSE_MPNN__8431DA62B813A913	13		/data/qlyu/projects/pvrig_top7500_dualpanel_screen_v1_20260724/run/qc397_final50_fusion_developability_v1_20260726/final50_common4_bundle/representative_complexes/R13__NODE1GEN_177961_source_fixed_pose_mpnn_source_id_P500K__FIXED_POSE_MPNN__8431DA62B813A913__9e6y__s3047.pdb	A	1.000000	1.000000	7082.121871	6208.477857	873.644014	13	860.688421	2	244.875482	3	168.669115	33.323808	False
NODE1GEN_177961_source_fixed_pose_mpnn_source_id_P500K__FIXED_POSE_MPNN__8431DA62B813A913	13		/data/qlyu/projects/pvrig_top7500_dualpanel_screen_v1_20260724/run/qc397_final50_fusion_developability_v1_20260726/final50_common4_bundle/representative_complexes/R13__NODE1GEN_177961_source_fixed_pose_mpnn_source_id_P500K__FIXED_POSE_MPNN__8431DA62B813A913__9e6y__s42.pdb	A	1.000000	1.000000	6998.304786	6178.584954	819.719833	20	1355.211380	3	233.338213	3	143.668404	30.926797	False
NODE1GEN_177961_source_fixed_pose_mpnn_source_id_P500K__FIXED_POSE_MPNN__8431DA62B813A913	13		/data/qlyu/projects/pvrig_top7500_dualpanel_screen_v1_20260724/run/qc397_final50_fusion_developability_v1_20260726/final50_common4_bundle/representative_complexes/R13__NODE1GEN_177961_source_fixed_pose_mpnn_source_id_P500K__FIXED_POSE_MPNN__8431DA62B813A913__9e6y__s917.pdb	A	1.000000	1.000000	7100.992475	6291.639207	809.353268	19	1397.713128	2	248.937791	4	183.665905	30.209704	False
P1MCPUFP__CPUFP500K_0100__00188	14		/data/qlyu/projects/pvrig_top7500_dualpanel_screen_v1_20260724/run/qc397_final50_fusion_developability_v1_20260726/final50_common4_bundle/representative_complexes/R14__P1MCPUFP__CPUFP500K_0100__00188__8x6b__s1931.pdb	A	1.000000	1.000000	6452.523895	5615.792359	836.731536	10	607.274091	3	241.124944	2	182.240208	34.406770	False
P1MCPUFP__CPUFP500K_0100__00188	14		/data/qlyu/projects/pvrig_top7500_dualpanel_screen_v1_20260724/run/qc397_final50_fusion_developability_v1_20260726/final50_common4_bundle/representative_complexes/R14__P1MCPUFP__CPUFP500K_0100__00188__8x6b__s3047.pdb	A	1.000000	1.000000	6431.281221	5656.385946	774.895275	6	373.733119	3	243.132714	2	188.732247	36.730585	False
P1MCPUFP__CPUFP500K_0100__00188	14		/data/qlyu/projects/pvrig_top7500_dualpanel_screen_v1_20260724/run/qc397_final50_fusion_developability_v1_20260726/final50_common4_bundle/representative_complexes/R14__P1MCPUFP__CPUFP500K_0100__00188__8x6b__s42.pdb	A	1.000000	1.000000	6338.160603	5494.043936	844.116666	10	562.354489	3	245.372377	2	191.479926	36.766495	False
P1MCPUFP__CPUFP500K_0100__00188	14		/data/qlyu/projects/pvrig_top7500_dualpanel_screen_v1_20260724/run/qc397_final50_fusion_developability_v1_20260726/final50_common4_bundle/representative_complexes/R14__P1MCPUFP__CPUFP500K_0100__00188__8x6b__s917.pdb	A	1.000000	1.000000	6376.368590	5585.599517	790.769072	7	432.126698	3	244.521822	2	180.358499	32.856062	False
P1MCPUFP__CPUFP500K_0100__00188	14		/data/qlyu/projects/pvrig_top7500_dualpanel_screen_v1_20260724/run/qc397_final50_fusion_developability_v1_20260726/final50_common4_bundle/representative_complexes/R14__P1MCPUFP__CPUFP500K_0100__00188__9e6y__s1931.pdb	A	1.000000	1.000000	6450.051148	5768.823317	681.227831	10	579.006396	3	260.243399	2	193.598762	31.146184	False
P1MCPUFP__CPUFP500K_0100__00188	14		/data/qlyu/projects/pvrig_top7500_dualpanel_screen_v1_20260724/run/qc397_final50_fusion_developability_v1_20260726/final50_common4_bundle/representative_complexes/R14__P1MCPUFP__CPUFP500K_0100__00188__9e6y__s3047.pdb	A	1.000000	1.000000	6507.808072	5706.801848	801.006224	11	658.658902	3	242.725878	2	187.871513	33.979734	False
P1MCPUFP__CPUFP500K_0100__00188	14		/data/qlyu/projects/pvrig_top7500_dualpanel_screen_v1_20260724/run/qc397_final50_fusion_developability_v1_20260726/final50_common4_bundle/representative_complexes/R14__P1MCPUFP__CPUFP500K_0100__00188__9e6y__s42.pdb	A	1.000000	1.000000	6380.095482	5674.510946	705.584536	11	511.201444	3	227.786034	2	186.766594	30.323480	False
P1MCPUFP__CPUFP500K_0100__00188	14		/data/qlyu/projects/pvrig_top7500_dualpanel_screen_v1_20260724/run/qc397_final50_fusion_developability_v1_20260726/final50_common4_bundle/representative_complexes/R14__P1MCPUFP__CPUFP500K_0100__00188__9e6y__s917.pdb	A	1.000000	1.000000	6497.073836	5600.873334	896.200503	11	661.431587	3	247.538275	2	187.787570	33.951467	False
NODE1GEN_206644_source_fixed_pose_mpnn_source_id_P500K__FIXED_POSE_MPNN__53F648E960398F2F	15		/data/qlyu/projects/pvrig_top7500_dualpanel_screen_v1_20260724/run/qc397_final50_fusion_developability_v1_20260726/final50_common4_bundle/representative_complexes/R15__NODE1GEN_206644_source_fixed_pose_mpnn_source_id_P500K__FIXED_POSE_MPNN__53F648E960398F2F__8x6b__s1931.pdb	A	1.000000	1.000000	6450.408766	5727.126696	723.282070	6	335.903820	3	221.346000	2	178.787389	30.202939	False
NODE1GEN_206644_source_fixed_pose_mpnn_source_id_P500K__FIXED_POSE_MPNN__53F648E960398F2F	15		/data/qlyu/projects/pvrig_top7500_dualpanel_screen_v1_20260724/run/qc397_final50_fusion_developability_v1_20260726/final50_common4_bundle/representative_complexes/R15__NODE1GEN_206644_source_fixed_pose_mpnn_source_id_P500K__FIXED_POSE_MPNN__53F648E960398F2F__8x6b__s3047.pdb	A	1.000000	1.000000	6345.704069	5420.815652	924.888417	6	332.596414	3	223.359007	2	176.737793	25.925279	False
NODE1GEN_206644_source_fixed_pose_mpnn_source_id_P500K__FIXED_POSE_MPNN__53F648E960398F2F	15		/data/qlyu/projects/pvrig_top7500_dualpanel_screen_v1_20260724/run/qc397_final50_fusion_developability_v1_20260726/final50_common4_bundle/representative_complexes/R15__NODE1GEN_206644_source_fixed_pose_mpnn_source_id_P500K__FIXED_POSE_MPNN__53F648E960398F2F__8x6b__s42.pdb	A	1.000000	1.000000	6471.137099	5639.484575	831.652523	8	346.983421	3	214.077171	2	171.173488	32.920137	False
NODE1GEN_206644_source_fixed_pose_mpnn_source_id_P500K__FIXED_POSE_MPNN__53F648E960398F2F	15		/data/qlyu/projects/pvrig_top7500_dualpanel_screen_v1_20260724/run/qc397_final50_fusion_developability_v1_20260726/final50_common4_bundle/representative_complexes/R15__NODE1GEN_206644_source_fixed_pose_mpnn_source_id_P500K__FIXED_POSE_MPNN__53F648E960398F2F__8x6b__s917.pdb	A	1.000000	1.000000	6466.599215	5712.820741	753.778473	8	355.743417	3	218.921507	2	176.340716	33.019871	False
NODE1GEN_206644_source_fixed_pose_mpnn_source_id_P500K__FIXED_POSE_MPNN__53F648E960398F2F	15		/data/qlyu/projects/pvrig_top7500_dualpanel_screen_v1_20260724/run/qc397_final50_fusion_developability_v1_20260726/final50_common4_bundle/representative_complexes/R15__NODE1GEN_206644_source_fixed_pose_mpnn_source_id_P500K__FIXED_POSE_MPNN__53F648E960398F2F__9e6y__s1931.pdb	A	1.000000	1.000000	6417.797861	5618.867078	798.930783	13	678.018610	3	211.245549	2	180.620215	30.016816	False
NODE1GEN_206644_source_fixed_pose_mpnn_source_id_P500K__FIXED_POSE_MPNN__53F648E960398F2F	15		/data/qlyu/projects/pvrig_top7500_dualpanel_screen_v1_20260724/run/qc397_final50_fusion_developability_v1_20260726/final50_common4_bundle/representative_complexes/R15__NODE1GEN_206644_source_fixed_pose_mpnn_source_id_P500K__FIXED_POSE_MPNN__53F648E960398F2F__9e6y__s3047.pdb	A	1.000000	1.000000	6350.907342	5482.866610	868.040732	7	339.570352	3	226.116571	2	172.971253	26.598949	False
NODE1GEN_206644_source_fixed_pose_mpnn_source_id_P500K__FIXED_POSE_MPNN__53F648E960398F2F	15		/data/qlyu/projects/pvrig_top7500_dualpanel_screen_v1_20260724/run/qc397_final50_fusion_developability_v1_20260726/final50_common4_bundle/representative_complexes/R15__NODE1GEN_206644_source_fixed_pose_mpnn_source_id_P500K__FIXED_POSE_MPNN__53F648E960398F2F__9e6y__s42.pdb	A	1.000000	1.000000	6464.473362	5513.221830	951.251531	8	370.664851	3	231.784758	2	182.322036	25.804683	False
NODE1GEN_206644_source_fixed_pose_mpnn_source_id_P500K__FIXED_POSE_MPNN__53F648E960398F2F	15		/data/qlyu/projects/pvrig_top7500_dualpanel_screen_v1_20260724/run/qc397_final50_fusion_developability_v1_20260726/final50_common4_bundle/representative_complexes/R15__NODE1GEN_206644_source_fixed_pose_mpnn_source_id_P500K__FIXED_POSE_MPNN__53F648E960398F2F__9e6y__s917.pdb	A	1.000000	1.000000	6506.581238	5609.930210	896.651028	8	378.951661	3	246.497653	2	182.115026	27.060557	False
P1MCPUFP__CPUFP500K_0002__00919	16		/data/qlyu/projects/pvrig_top7500_dualpanel_screen_v1_20260724/run/qc397_final50_fusion_developability_v1_20260726/final50_common4_bundle/representative_complexes/R16__P1MCPUFP__CPUFP500K_0002__00919__8x6b__s1931.pdb	A	1.000000	1.000000	6328.273047	5610.947709	717.325338	12	674.921105	3	217.705648	2	180.055252	33.885522	False
P1MCPUFP__CPUFP500K_0002__00919	16		/data/qlyu/projects/pvrig_top7500_dualpanel_screen_v1_20260724/run/qc397_final50_fusion_developability_v1_20260726/final50_common4_bundle/representative_complexes/R16__P1MCPUFP__CPUFP500K_0002__00919__8x6b__s3047.pdb	A	1.000000	1.000000	6168.182156	5469.561128	698.621028	8	393.950504	3	229.270793	2	173.203145	28.901167	False
P1MCPUFP__CPUFP500K_0002__00919	16		/data/qlyu/projects/pvrig_top7500_dualpanel_screen_v1_20260724/run/qc397_final50_fusion_developability_v1_20260726/final50_common4_bundle/representative_complexes/R16__P1MCPUFP__CPUFP500K_0002__00919__8x6b__s42.pdb	A	1.000000	1.000000	6365.569051	5611.925854	753.643196	8	432.308072	6	448.467713	2	180.139195	34.144326	False
P1MCPUFP__CPUFP500K_0002__00919	16		/data/qlyu/projects/pvrig_top7500_dualpanel_screen_v1_20260724/run/qc397_final50_fusion_developability_v1_20260726/final50_common4_bundle/representative_complexes/R16__P1MCPUFP__CPUFP500K_0002__00919__8x6b__s917.pdb	A	1.000000	1.000000	6294.128501	5545.730591	748.397909	8	404.776390	3	226.444407	2	174.128176	28.975929	False
P1MCPUFP__CPUFP500K_0002__00919	16		/data/qlyu/projects/pvrig_top7500_dualpanel_screen_v1_20260724/run/qc397_final50_fusion_developability_v1_20260726/final50_common4_bundle/representative_complexes/R16__P1MCPUFP__CPUFP500K_0002__00919__9e6y__s1931.pdb	A	1.000000	1.000000	6295.282617	5601.430045	693.852572	7	289.812697	6	439.408177	2	192.168416	29.024447	False
P1MCPUFP__CPUFP500K_0002__00919	16		/data/qlyu/projects/pvrig_top7500_dualpanel_screen_v1_20260724/run/qc397_final50_fusion_developability_v1_20260726/final50_common4_bundle/representative_complexes/R16__P1MCPUFP__CPUFP500K_0002__00919__9e6y__s3047.pdb	A	1.000000	1.000000	6267.419853	5546.448676	720.971177	8	405.404059	3	218.060480	2	180.166317	33.677871	False
P1MCPUFP__CPUFP500K_0002__00919	16		/data/qlyu/projects/pvrig_top7500_dualpanel_screen_v1_20260724/run/qc397_final50_fusion_developability_v1_20260726/final50_common4_bundle/representative_complexes/R16__P1MCPUFP__CPUFP500K_0002__00919__9e6y__s42.pdb	A	1.000000	1.000000	6285.529291	5572.787034	712.742257	7	273.937936	3	233.375221	2	173.319028	29.653796	False
P1MCPUFP__CPUFP500K_0002__00919	16		/data/qlyu/projects/pvrig_top7500_dualpanel_screen_v1_20260724/run/qc397_final50_fusion_developability_v1_20260726/final50_common4_bundle/representative_complexes/R16__P1MCPUFP__CPUFP500K_0002__00919__9e6y__s917.pdb	A	1.000000	1.000000	6246.710474	5529.429998	717.280476	8	428.505824	6	451.886352	2	180.546031	28.826784	False
P1MCPUFP__CPUFP500K_0287__00804	17		/data/qlyu/projects/pvrig_top7500_dualpanel_screen_v1_20260724/run/qc397_final50_fusion_developability_v1_20260726/final50_common4_bundle/representative_complexes/R17__P1MCPUFP__CPUFP500K_0287__00804__8x6b__s1931.pdb	A	1.000000	1.000000	6199.961628	5379.915760	820.045867	14	878.576775	3	295.544428	3	227.676246	26.892355	False
P1MCPUFP__CPUFP500K_0287__00804	17		/data/qlyu/projects/pvrig_top7500_dualpanel_screen_v1_20260724/run/qc397_final50_fusion_developability_v1_20260726/final50_common4_bundle/representative_complexes/R17__P1MCPUFP__CPUFP500K_0287__00804__8x6b__s3047.pdb	A	1.000000	1.000000	6194.066073	5650.677923	543.388149	19	1073.997180	3	283.071195	3	222.826968	41.778946	False
P1MCPUFP__CPUFP500K_0287__00804	17		/data/qlyu/projects/pvrig_top7500_dualpanel_screen_v1_20260724/run/qc397_final50_fusion_developability_v1_20260726/final50_common4_bundle/representative_complexes/R17__P1MCPUFP__CPUFP500K_0287__00804__8x6b__s42.pdb	A	1.000000	1.000000	6293.794487	5559.125777	734.668710	15	932.515261	3	289.733236	3	220.676191	36.228878	False
P1MCPUFP__CPUFP500K_0287__00804	17		/data/qlyu/projects/pvrig_top7500_dualpanel_screen_v1_20260724/run/qc397_final50_fusion_developability_v1_20260726/final50_common4_bundle/representative_complexes/R17__P1MCPUFP__CPUFP500K_0287__00804__8x6b__s917.pdb	A	1.000000	1.000000	6154.954417	5496.776326	658.178091	16	1003.926867	3	294.577279	2	190.128119	26.060105	False
P1MCPUFP__CPUFP500K_0287__00804	17		/data/qlyu/projects/pvrig_top7500_dualpanel_screen_v1_20260724/run/qc397_final50_fusion_developability_v1_20260726/final50_common4_bundle/representative_complexes/R17__P1MCPUFP__CPUFP500K_0287__00804__9e6y__s1931.pdb	A	1.000000	1.000000	6117.513733	5512.303208	605.210525	14	909.046433	3	293.030044	2	188.305472	26.689211	False
P1MCPUFP__CPUFP500K_0287__00804	17		/data/qlyu/projects/pvrig_top7500_dualpanel_screen_v1_20260724/run/qc397_final50_fusion_developability_v1_20260726/final50_common4_bundle/representative_complexes/R17__P1MCPUFP__CPUFP500K_0287__00804__9e6y__s3047.pdb	A	1.000000	1.000000	6155.722851	5475.951085	679.771766	20	1125.730184	3	299.364375	2	160.157304	28.691412	False
P1MCPUFP__CPUFP500K_0287__00804	17		/data/qlyu/projects/pvrig_top7500_dualpanel_screen_v1_20260724/run/qc397_final50_fusion_developability_v1_20260726/final50_common4_bundle/representative_complexes/R17__P1MCPUFP__CPUFP500K_0287__00804__9e6y__s42.pdb	A	1.000000	1.000000	6177.111861	5550.560748	626.551113	9	634.911184	3	285.068788	3	224.839681	27.586094	False
P1MCPUFP__CPUFP500K_0287__00804	17		/data/qlyu/projects/pvrig_top7500_dualpanel_screen_v1_20260724/run/qc397_final50_fusion_developability_v1_20260726/final50_common4_bundle/representative_complexes/R17__P1MCPUFP__CPUFP500K_0287__00804__9e6y__s917.pdb	A	1.000000	1.000000	6181.565005	5561.674111	619.890894	20	1141.349051	3	294.789106	2	176.068948	25.983842	False
NODE1GEN_127352_source_rfantibody_source_id_PVRIG_RFAb_v2_P6_ekg_L_bb203_mpn04_arm_P6_ekg_L_backbone_P6_ekg_L_bb203_status_NEEDS_RF2_AND_DOCKING	18	8	/data/qlyu/projects/pvrig_top7500_dualpanel_screen_v1_20260724/run/qc397_final50_fusion_developability_v1_20260726/final50_common4_bundle/representative_complexes/R18__NODE1GEN_127352__8x6b__s1931.pdb	A	1.000000	1.000000	6483.220585	5807.736654	675.483931	14	853.452265	2	160.858843	2	184.808586	31.572694	False
NODE1GEN_127352_source_rfantibody_source_id_PVRIG_RFAb_v2_P6_ekg_L_bb203_mpn04_arm_P6_ekg_L_backbone_P6_ekg_L_bb203_status_NEEDS_RF2_AND_DOCKING	18	8	/data/qlyu/projects/pvrig_top7500_dualpanel_screen_v1_20260724/run/qc397_final50_fusion_developability_v1_20260726/final50_common4_bundle/representative_complexes/R18__NODE1GEN_127352__8x6b__s3047.pdb	A	1.000000	1.000000	6475.078122	5681.040348	794.037774	12	633.901664	5	309.302468	2	147.995424	27.866355	False
NODE1GEN_127352_source_rfantibody_source_id_PVRIG_RFAb_v2_P6_ekg_L_bb203_mpn04_arm_P6_ekg_L_backbone_P6_ekg_L_bb203_status_NEEDS_RF2_AND_DOCKING	18	8	/data/qlyu/projects/pvrig_top7500_dualpanel_screen_v1_20260724/run/qc397_final50_fusion_developability_v1_20260726/final50_common4_bundle/representative_complexes/R18__NODE1GEN_127352__8x6b__s42.pdb	A	1.000000	1.000000	6430.050701	5764.865475	665.185225	13	771.910406	3	244.871293	2	186.858182	31.951757	False
NODE1GEN_127352_source_rfantibody_source_id_PVRIG_RFAb_v2_P6_ekg_L_bb203_mpn04_arm_P6_ekg_L_backbone_P6_ekg_L_bb203_status_NEEDS_RF2_AND_DOCKING	18	8	/data/qlyu/projects/pvrig_top7500_dualpanel_screen_v1_20260724/run/qc397_final50_fusion_developability_v1_20260726/final50_common4_bundle/representative_complexes/R18__NODE1GEN_127352__8x6b__s917.pdb	A	1.000000	1.000000	6469.981830	5790.640903	679.340928	13	816.222507	2	161.682694	2	168.911646	31.418242	False
NODE1GEN_127352_source_rfantibody_source_id_PVRIG_RFAb_v2_P6_ekg_L_bb203_mpn04_arm_P6_ekg_L_backbone_P6_ekg_L_bb203_status_NEEDS_RF2_AND_DOCKING	18	8	/data/qlyu/projects/pvrig_top7500_dualpanel_screen_v1_20260724/run/qc397_final50_fusion_developability_v1_20260726/final50_common4_bundle/representative_complexes/R18__NODE1GEN_127352__9e6y__s1931.pdb	A	1.000000	1.000000	6367.107677	5725.088975	642.018702	12	777.306992	2	65.577919	2	166.408152	32.080925	False
NODE1GEN_127352_source_rfantibody_source_id_PVRIG_RFAb_v2_P6_ekg_L_bb203_mpn04_arm_P6_ekg_L_backbone_P6_ekg_L_bb203_status_NEEDS_RF2_AND_DOCKING	18	8	/data/qlyu/projects/pvrig_top7500_dualpanel_screen_v1_20260724/run/qc397_final50_fusion_developability_v1_20260726/final50_common4_bundle/representative_complexes/R18__NODE1GEN_127352__9e6y__s3047.pdb	A	1.000000	1.000000	6443.059784	5796.575581	646.484204	14	810.420907	2	168.825754	2	169.281599	33.347831	False
NODE1GEN_127352_source_rfantibody_source_id_PVRIG_RFAb_v2_P6_ekg_L_bb203_mpn04_arm_P6_ekg_L_backbone_P6_ekg_L_bb203_status_NEEDS_RF2_AND_DOCKING	18	8	/data/qlyu/projects/pvrig_top7500_dualpanel_screen_v1_20260724/run/qc397_final50_fusion_developability_v1_20260726/final50_common4_bundle/representative_complexes/R18__NODE1GEN_127352__9e6y__s42.pdb	A	1.000000	1.000000	6456.013786	5813.769957	642.243829	11	704.050748	5	332.394347	2	181.924960	32.053192	False
NODE1GEN_127352_source_rfantibody_source_id_PVRIG_RFAb_v2_P6_ekg_L_bb203_mpn04_arm_P6_ekg_L_backbone_P6_ekg_L_bb203_status_NEEDS_RF2_AND_DOCKING	18	8	/data/qlyu/projects/pvrig_top7500_dualpanel_screen_v1_20260724/run/qc397_final50_fusion_developability_v1_20260726/final50_common4_bundle/representative_complexes/R18__NODE1GEN_127352__9e6y__s917.pdb	A	1.000000	1.000000	6378.940486	5722.593545	656.346941	13	785.604734	5	317.189960	2	177.660583	31.863467	False
P1MCPUFP__CPUFP500K_0089__00735	19		/data/qlyu/projects/pvrig_top7500_dualpanel_screen_v1_20260724/run/qc397_final50_fusion_developability_v1_20260726/final50_common4_bundle/representative_complexes/R19__P1MCPUFP__CPUFP500K_0089__00735__8x6b__s1931.pdb	A	1.000000	1.000000	6514.326332	5770.377295	743.949037	25	1401.747100	6	442.545162	5	410.471239	33.295735	False
P1MCPUFP__CPUFP500K_0089__00735	19		/data/qlyu/projects/pvrig_top7500_dualpanel_screen_v1_20260724/run/qc397_final50_fusion_developability_v1_20260726/final50_common4_bundle/representative_complexes/R19__P1MCPUFP__CPUFP500K_0089__00735__8x6b__s3047.pdb	A	1.000000	1.000000	6570.527665	5799.389673	771.137993	14	812.965492	3	251.965595	2	243.891137	33.341704	False
P1MCPUFP__CPUFP500K_0089__00735	19		/data/qlyu/projects/pvrig_top7500_dualpanel_screen_v1_20260724/run/qc397_final50_fusion_developability_v1_20260726/final50_common4_bundle/representative_complexes/R19__P1MCPUFP__CPUFP500K_0089__00735__8x6b__s42.pdb	A	1.000000	1.000000	6520.610627	5774.684356	745.926272	10	664.808067	3	255.467885	2	258.404206	33.598958	False
P1MCPUFP__CPUFP500K_0089__00735	19		/data/qlyu/projects/pvrig_top7500_dualpanel_screen_v1_20260724/run/qc397_final50_fusion_developability_v1_20260726/final50_common4_bundle/representative_complexes/R19__P1MCPUFP__CPUFP500K_0089__00735__8x6b__s917.pdb	A	1.000000	1.000000	6531.972490	5773.656804	758.315687	23	1349.555780	6	443.595961	2	232.268752	31.480961	False
P1MCPUFP__CPUFP500K_0089__00735	19		/data/qlyu/projects/pvrig_top7500_dualpanel_screen_v1_20260724/run/qc397_final50_fusion_developability_v1_20260726/final50_common4_bundle/representative_complexes/R19__P1MCPUFP__CPUFP500K_0089__00735__9e6y__s1931.pdb	A	1.000000	1.000000	6485.417857	5749.066657	736.351200	19	974.373611	3	253.635059	2	231.617730	33.458690	False
P1MCPUFP__CPUFP500K_0089__00735	19		/data/qlyu/projects/pvrig_top7500_dualpanel_screen_v1_20260724/run/qc397_final50_fusion_developability_v1_20260726/final50_common4_bundle/representative_complexes/R19__P1MCPUFP__CPUFP500K_0089__00735__9e6y__s3047.pdb	A	1.000000	1.000000	6576.809175	5824.168901	752.640274	24	1343.905081	6	445.271080	2	260.643868	35.497274	False
P1MCPUFP__CPUFP500K_0089__00735	19		/data/qlyu/projects/pvrig_top7500_dualpanel_screen_v1_20260724/run/qc397_final50_fusion_developability_v1_20260726/final50_common4_bundle/representative_complexes/R19__P1MCPUFP__CPUFP500K_0089__00735__9e6y__s42.pdb	A	1.000000	1.000000	6510.664555	5622.136785	888.527770	13	750.539596	3	237.126220	3	176.039123	34.982586	False
P1MCPUFP__CPUFP500K_0089__00735	19		/data/qlyu/projects/pvrig_top7500_dualpanel_screen_v1_20260724/run/qc397_final50_fusion_developability_v1_20260726/final50_common4_bundle/representative_complexes/R19__P1MCPUFP__CPUFP500K_0089__00735__9e6y__s917.pdb	A	1.000000	1.000000	6536.814460	5778.118598	758.695862	15	844.774076	3	244.109750	2	235.029018	32.032456	False
NODE1GEN_258472_source_fixed_pose_mpnn_source_id_P500K__FIXED_POSE_MPNN__2E2B33208D567583	20		/data/qlyu/projects/pvrig_top7500_dualpanel_screen_v1_20260724/run/qc397_final50_fusion_developability_v1_20260726/final50_common4_bundle/representative_complexes/R20__NODE1GEN_258472_source_fixed_pose_mpnn_source_id_P500K__FIXED_POSE_MPNN__2E2B33208D567583__8x6b__s1931.pdb	A	1.000000	1.000000	6342.305389	5570.221023	772.084366	7	324.768445	3	257.808434	3	191.634932	30.619990	False
NODE1GEN_258472_source_fixed_pose_mpnn_source_id_P500K__FIXED_POSE_MPNN__2E2B33208D567583	20		/data/qlyu/projects/pvrig_top7500_dualpanel_screen_v1_20260724/run/qc397_final50_fusion_developability_v1_20260726/final50_common4_bundle/representative_complexes/R20__NODE1GEN_258472_source_fixed_pose_mpnn_source_id_P500K__FIXED_POSE_MPNN__2E2B33208D567583__8x6b__s3047.pdb	A	1.000000	1.000000	6255.016175	5445.360748	809.655427	6	301.113718	3	275.522367	3	189.669279	30.948010	False
NODE1GEN_258472_source_fixed_pose_mpnn_source_id_P500K__FIXED_POSE_MPNN__2E2B33208D567583	20		/data/qlyu/projects/pvrig_top7500_dualpanel_screen_v1_20260724/run/qc397_final50_fusion_developability_v1_20260726/final50_common4_bundle/representative_complexes/R20__NODE1GEN_258472_source_fixed_pose_mpnn_source_id_P500K__FIXED_POSE_MPNN__2E2B33208D567583__8x6b__s42.pdb	A	1.000000	1.000000	6177.672070	5428.324541	749.347529	7	324.119664	3	284.064295	3	183.212008	29.887522	False
NODE1GEN_258472_source_fixed_pose_mpnn_source_id_P500K__FIXED_POSE_MPNN__2E2B33208D567583	20		/data/qlyu/projects/pvrig_top7500_dualpanel_screen_v1_20260724/run/qc397_final50_fusion_developability_v1_20260726/final50_common4_bundle/representative_complexes/R20__NODE1GEN_258472_source_fixed_pose_mpnn_source_id_P500K__FIXED_POSE_MPNN__2E2B33208D567583__8x6b__s917.pdb	A	1.000000	1.000000	6190.048395	5432.891118	757.157277	6	337.858644	3	272.326027	3	181.702368	30.317741	False
NODE1GEN_258472_source_fixed_pose_mpnn_source_id_P500K__FIXED_POSE_MPNN__2E2B33208D567583	20		/data/qlyu/projects/pvrig_top7500_dualpanel_screen_v1_20260724/run/qc397_final50_fusion_developability_v1_20260726/final50_common4_bundle/representative_complexes/R20__NODE1GEN_258472_source_fixed_pose_mpnn_source_id_P500K__FIXED_POSE_MPNN__2E2B33208D567583__9e6y__s1931.pdb	A	1.000000	1.000000	6273.729218	5515.417887	758.311331	6	304.884258	3	272.542797	3	168.346222	30.663413	False
NODE1GEN_258472_source_fixed_pose_mpnn_source_id_P500K__FIXED_POSE_MPNN__2E2B33208D567583	20		/data/qlyu/projects/pvrig_top7500_dualpanel_screen_v1_20260724/run/qc397_final50_fusion_developability_v1_20260726/final50_common4_bundle/representative_complexes/R20__NODE1GEN_258472_source_fixed_pose_mpnn_source_id_P500K__FIXED_POSE_MPNN__2E2B33208D567583__9e6y__s3047.pdb	A	1.000000	1.000000	6188.496951	5497.417253	691.079698	5	251.442960	3	270.096543	3	168.013150	30.049805	False
NODE1GEN_258472_source_fixed_pose_mpnn_source_id_P500K__FIXED_POSE_MPNN__2E2B33208D567583	20		/data/qlyu/projects/pvrig_top7500_dualpanel_screen_v1_20260724/run/qc397_final50_fusion_developability_v1_20260726/final50_common4_bundle/representative_complexes/R20__NODE1GEN_258472_source_fixed_pose_mpnn_source_id_P500K__FIXED_POSE_MPNN__2E2B33208D567583__9e6y__s42.pdb	A	1.000000	1.000000	6322.513146	5576.200626	746.312520	10	413.575572	3	262.383703	3	173.089377	30.499020	False
NODE1GEN_258472_source_fixed_pose_mpnn_source_id_P500K__FIXED_POSE_MPNN__2E2B33208D567583	20		/data/qlyu/projects/pvrig_top7500_dualpanel_screen_v1_20260724/run/qc397_final50_fusion_developability_v1_20260726/final50_common4_bundle/representative_complexes/R20__NODE1GEN_258472_source_fixed_pose_mpnn_source_id_P500K__FIXED_POSE_MPNN__2E2B33208D567583__9e6y__s917.pdb	A	1.000000	1.000000	6337.488762	5550.077110	787.411652	6	358.346729	3	260.264866	3	169.381900	29.967155	False
P1MCPUFP__CPUFP500K_0299__00780	21		/data/qlyu/projects/pvrig_top7500_dualpanel_screen_v1_20260724/run/qc397_final50_fusion_developability_v1_20260726/final50_common4_bundle/representative_complexes/R21__P1MCPUFP__CPUFP500K_0299__00780__8x6b__s1931.pdb	A	1.000000	1.000000	6351.021445	5567.205241	783.816204	16	914.928332	3	253.655416	2	189.741222	35.633501	False
P1MCPUFP__CPUFP500K_0299__00780	21		/data/qlyu/projects/pvrig_top7500_dualpanel_screen_v1_20260724/run/qc397_final50_fusion_developability_v1_20260726/final50_common4_bundle/representative_complexes/R21__P1MCPUFP__CPUFP500K_0299__00780__8x6b__s3047.pdb	A	1.000000	1.000000	6326.179846	5557.739853	768.439993	7	401.384517	3	254.422028	2	185.202835	33.234189	False
P1MCPUFP__CPUFP500K_0299__00780	21		/data/qlyu/projects/pvrig_top7500_dualpanel_screen_v1_20260724/run/qc397_final50_fusion_developability_v1_20260726/final50_common4_bundle/representative_complexes/R21__P1MCPUFP__CPUFP500K_0299__00780__8x6b__s42.pdb	A	1.000000	1.000000	6214.406440	5435.000320	779.406120	15	744.743588	3	256.413274	2	194.395491	32.754597	False
P1MCPUFP__CPUFP500K_0299__00780	21		/data/qlyu/projects/pvrig_top7500_dualpanel_screen_v1_20260724/run/qc397_final50_fusion_developability_v1_20260726/final50_common4_bundle/representative_complexes/R21__P1MCPUFP__CPUFP500K_0299__00780__8x6b__s917.pdb	A	1.000000	1.000000	6283.113846	5504.608170	778.505677	7	419.754184	3	264.464129	2	189.371268	32.869143	False
P1MCPUFP__CPUFP500K_0299__00780	21		/data/qlyu/projects/pvrig_top7500_dualpanel_screen_v1_20260724/run/qc397_final50_fusion_developability_v1_20260726/final50_common4_bundle/representative_complexes/R21__P1MCPUFP__CPUFP500K_0299__00780__9e6y__s1931.pdb	A	1.000000	1.000000	6270.228835	5503.754662	766.474173	12	621.133792	3	252.952809	2	193.169746	33.363783	False
P1MCPUFP__CPUFP500K_0299__00780	21		/data/qlyu/projects/pvrig_top7500_dualpanel_screen_v1_20260724/run/qc397_final50_fusion_developability_v1_20260726/final50_common4_bundle/representative_complexes/R21__P1MCPUFP__CPUFP500K_0299__00780__9e6y__s3047.pdb	A	1.000000	1.000000	6321.840636	5541.461020	780.379616	13	733.830931	3	248.283418	2	189.144319	33.851370	False
P1MCPUFP__CPUFP500K_0299__00780	21		/data/qlyu/projects/pvrig_top7500_dualpanel_screen_v1_20260724/run/qc397_final50_fusion_developability_v1_20260726/final50_common4_bundle/representative_complexes/R21__P1MCPUFP__CPUFP500K_0299__00780__9e6y__s42.pdb	A	1.000000	1.000000	6435.963723	5714.127037	721.836686	11	614.074675	3	233.676227	2	191.980884	35.689511	False
P1MCPUFP__CPUFP500K_0299__00780	21		/data/qlyu/projects/pvrig_top7500_dualpanel_screen_v1_20260724/run/qc397_final50_fusion_developability_v1_20260726/final50_common4_bundle/representative_complexes/R21__P1MCPUFP__CPUFP500K_0299__00780__9e6y__s917.pdb	A	1.000000	1.000000	6316.166522	5508.750422	807.416099	10	576.378077	3	251.230630	2	188.098462	35.107374	False
P1MCPUFP__CPUFP500K_0189__00858	22		/data/qlyu/projects/pvrig_top7500_dualpanel_screen_v1_20260724/run/qc397_final50_fusion_developability_v1_20260726/final50_common4_bundle/representative_complexes/R22__P1MCPUFP__CPUFP500K_0189__00858__8x6b__s1931.pdb	A	1.000000	1.000000	6724.368107	5949.694964	774.673143	12	617.753020	3	296.326161	3	369.960779	35.544564	False
P1MCPUFP__CPUFP500K_0189__00858	22		/data/qlyu/projects/pvrig_top7500_dualpanel_screen_v1_20260724/run/qc397_final50_fusion_developability_v1_20260726/final50_common4_bundle/representative_complexes/R22__P1MCPUFP__CPUFP500K_0189__00858__8x6b__s3047.pdb	A	1.000000	1.000000	6613.629625	5834.869249	778.760376	14	710.970461	3	280.440928	3	389.443952	38.154983	False
P1MCPUFP__CPUFP500K_0189__00858	22		/data/qlyu/projects/pvrig_top7500_dualpanel_screen_v1_20260724/run/qc397_final50_fusion_developability_v1_20260726/final50_common4_bundle/representative_complexes/R22__P1MCPUFP__CPUFP500K_0189__00858__8x6b__s42.pdb	A	1.000000	1.000000	6490.600459	5676.070202	814.530257	13	712.781988	3	264.243693	3	351.452106	36.056530	False
P1MCPUFP__CPUFP500K_0189__00858	22		/data/qlyu/projects/pvrig_top7500_dualpanel_screen_v1_20260724/run/qc397_final50_fusion_developability_v1_20260726/final50_common4_bundle/representative_complexes/R22__P1MCPUFP__CPUFP500K_0189__00858__8x6b__s917.pdb	A	1.000000	1.000000	6462.876532	5691.091120	771.785412	9	420.115593	3	274.968044	4	375.370664	35.444649	False
P1MCPUFP__CPUFP500K_0189__00858	22		/data/qlyu/projects/pvrig_top7500_dualpanel_screen_v1_20260724/run/qc397_final50_fusion_developability_v1_20260726/final50_common4_bundle/representative_complexes/R22__P1MCPUFP__CPUFP500K_0189__00858__9e6y__s1931.pdb	A	1.000000	1.000000	6500.437602	5699.488115	800.949487	11	569.232587	3	277.392830	4	377.442440	36.896684	False
P1MCPUFP__CPUFP500K_0189__00858	22		/data/qlyu/projects/pvrig_top7500_dualpanel_screen_v1_20260724/run/qc397_final50_fusion_developability_v1_20260726/final50_common4_bundle/representative_complexes/R22__P1MCPUFP__CPUFP500K_0189__00858__9e6y__s3047.pdb	A	1.000000	1.000000	6706.593981	5856.250615	850.343366	13	741.950188	3	289.924412	3	363.360502	35.594347	False
P1MCPUFP__CPUFP500K_0189__00858	22		/data/qlyu/projects/pvrig_top7500_dualpanel_screen_v1_20260724/run/qc397_final50_fusion_developability_v1_20260726/final50_common4_bundle/representative_complexes/R22__P1MCPUFP__CPUFP500K_0189__00858__9e6y__s42.pdb	A	1.000000	1.000000	6511.500134	5696.323715	815.176420	14	700.350936	3	285.660454	4	392.518231	37.224666	False
P1MCPUFP__CPUFP500K_0189__00858	22		/data/qlyu/projects/pvrig_top7500_dualpanel_screen_v1_20260724/run/qc397_final50_fusion_developability_v1_20260726/final50_common4_bundle/representative_complexes/R22__P1MCPUFP__CPUFP500K_0189__00858__9e6y__s917.pdb	A	1.000000	1.000000	6440.139884	5589.610891	850.528992	11	589.112543	3	269.605806	4	381.295038	35.029702	False
NODE1GEN_174576_source_fixed_pose_mpnn_source_id_P500K__FIXED_POSE_MPNN__D5384A7F42146722	23		/data/qlyu/projects/pvrig_top7500_dualpanel_screen_v1_20260724/run/qc397_final50_fusion_developability_v1_20260726/final50_common4_bundle/representative_complexes/R23__NODE1GEN_174576_source_fixed_pose_mpnn_source_id_P500K__FIXED_POSE_MPNN__D5384A7F42146722__8x6b__s1931.pdb	A	1.000000	1.000000	6369.370105	5549.539291	819.830815	5	240.090647	3	266.034401	4	332.617840	32.257769	False
NODE1GEN_174576_source_fixed_pose_mpnn_source_id_P500K__FIXED_POSE_MPNN__D5384A7F42146722	23		/data/qlyu/projects/pvrig_top7500_dualpanel_screen_v1_20260724/run/qc397_final50_fusion_developability_v1_20260726/final50_common4_bundle/representative_complexes/R23__NODE1GEN_174576_source_fixed_pose_mpnn_source_id_P500K__FIXED_POSE_MPNN__D5384A7F42146722__8x6b__s3047.pdb	A	1.000000	1.000000	6400.325014	5563.420041	836.904973	5	249.457306	3	255.156867	4	341.326774	32.619063	False
NODE1GEN_174576_source_fixed_pose_mpnn_source_id_P500K__FIXED_POSE_MPNN__D5384A7F42146722	23		/data/qlyu/projects/pvrig_top7500_dualpanel_screen_v1_20260724/run/qc397_final50_fusion_developability_v1_20260726/final50_common4_bundle/representative_complexes/R23__NODE1GEN_174576_source_fixed_pose_mpnn_source_id_P500K__FIXED_POSE_MPNN__D5384A7F42146722__8x6b__s42.pdb	A	1.000000	1.000000	6278.222826	5467.159485	811.063342	4	226.708321	3	259.636192	4	338.364441	32.319024	False
NODE1GEN_174576_source_fixed_pose_mpnn_source_id_P500K__FIXED_POSE_MPNN__D5384A7F42146722	23		/data/qlyu/projects/pvrig_top7500_dualpanel_screen_v1_20260724/run/qc397_final50_fusion_developability_v1_20260726/final50_common4_bundle/representative_complexes/R23__NODE1GEN_174576_source_fixed_pose_mpnn_source_id_P500K__FIXED_POSE_MPNN__D5384A7F42146722__8x6b__s917.pdb	A	1.000000	1.000000	6367.252944	5531.269840	835.983104	5	306.750803	3	252.964266	4	348.834846	31.369956	False
NODE1GEN_174576_source_fixed_pose_mpnn_source_id_P500K__FIXED_POSE_MPNN__D5384A7F42146722	23		/data/qlyu/projects/pvrig_top7500_dualpanel_screen_v1_20260724/run/qc397_final50_fusion_developability_v1_20260726/final50_common4_bundle/representative_complexes/R23__NODE1GEN_174576_source_fixed_pose_mpnn_source_id_P500K__FIXED_POSE_MPNN__D5384A7F42146722__9e6y__s1931.pdb	A	1.000000	1.000000	6300.120000	5524.253805	775.866194	5	261.719654	3	235.715938	4	366.919445	32.317446	False
NODE1GEN_174576_source_fixed_pose_mpnn_source_id_P500K__FIXED_POSE_MPNN__D5384A7F42146722	23		/data/qlyu/projects/pvrig_top7500_dualpanel_screen_v1_20260724/run/qc397_final50_fusion_developability_v1_20260726/final50_common4_bundle/representative_complexes/R23__NODE1GEN_174576_source_fixed_pose_mpnn_source_id_P500K__FIXED_POSE_MPNN__D5384A7F42146722__9e6y__s3047.pdb	A	1.000000	1.000000	6416.202288	5610.153577	806.048711	5	275.871587	3	243.349778	4	346.080109	32.239391	False
NODE1GEN_174576_source_fixed_pose_mpnn_source_id_P500K__FIXED_POSE_MPNN__D5384A7F42146722	23		/data/qlyu/projects/pvrig_top7500_dualpanel_screen_v1_20260724/run/qc397_final50_fusion_developability_v1_20260726/final50_common4_bundle/representative_complexes/R23__NODE1GEN_174576_source_fixed_pose_mpnn_source_id_P500K__FIXED_POSE_MPNN__D5384A7F42146722__9e6y__s42.pdb	A	1.000000	1.000000	6361.947590	5630.604822	731.342768	7	389.520481	3	257.196284	4	346.301528	32.221629	False
NODE1GEN_174576_source_fixed_pose_mpnn_source_id_P500K__FIXED_POSE_MPNN__D5384A7F42146722	23		/data/qlyu/projects/pvrig_top7500_dualpanel_screen_v1_20260724/run/qc397_final50_fusion_developability_v1_20260726/final50_common4_bundle/representative_complexes/R23__NODE1GEN_174576_source_fixed_pose_mpnn_source_id_P500K__FIXED_POSE_MPNN__D5384A7F42146722__9e6y__s917.pdb	A	1.000000	1.000000	6362.657737	5591.823369	770.834368	5	300.712662	3	254.824214	4	331.137437	32.182023	False
NODE1GEN_002130_source_rfantibody_source_id_PVRIG_RFAb_v2_P1_ekg_L_bb177_mpn10_arm_P1_ekg_L_backbone_P1_ekg_L_bb177_status_NEEDS_RF2_AND_DOCKING	24	9	/data/qlyu/projects/pvrig_top7500_dualpanel_screen_v1_20260724/run/qc397_final50_fusion_developability_v1_20260726/final50_common4_bundle/representative_complexes/R24__NODE1GEN_002130__8x6b__s1931.pdb	A	1.000000	1.000000	5935.126414	5179.619081	755.507333	7	428.356452	5	330.428694	4	330.659706	33.871396	False
NODE1GEN_002130_source_rfantibody_source_id_PVRIG_RFAb_v2_P1_ekg_L_bb177_mpn10_arm_P1_ekg_L_backbone_P1_ekg_L_bb177_status_NEEDS_RF2_AND_DOCKING	24	9	/data/qlyu/projects/pvrig_top7500_dualpanel_screen_v1_20260724/run/qc397_final50_fusion_developability_v1_20260726/final50_common4_bundle/representative_complexes/R24__NODE1GEN_002130__8x6b__s3047.pdb	A	1.000000	1.000000	5803.971958	5100.757418	703.214539	7	383.087547	3	192.249783	4	350.554951	33.997701	False
NODE1GEN_002130_source_rfantibody_source_id_PVRIG_RFAb_v2_P1_ekg_L_bb177_mpn10_arm_P1_ekg_L_backbone_P1_ekg_L_bb177_status_NEEDS_RF2_AND_DOCKING	24	9	/data/qlyu/projects/pvrig_top7500_dualpanel_screen_v1_20260724/run/qc397_final50_fusion_developability_v1_20260726/final50_common4_bundle/representative_complexes/R24__NODE1GEN_002130__8x6b__s42.pdb	A	1.000000	1.000000	6021.181883	5352.068620	669.113263	8	397.085415	5	339.108391	4	340.543387	33.344208	False
NODE1GEN_002130_source_rfantibody_source_id_PVRIG_RFAb_v2_P1_ekg_L_bb177_mpn10_arm_P1_ekg_L_backbone_P1_ekg_L_bb177_status_NEEDS_RF2_AND_DOCKING	24	9	/data/qlyu/projects/pvrig_top7500_dualpanel_screen_v1_20260724/run/qc397_final50_fusion_developability_v1_20260726/final50_common4_bundle/representative_complexes/R24__NODE1GEN_002130__8x6b__s917.pdb	A	1.000000	1.000000	5829.889071	5140.430749	689.458322	10	582.622495	5	330.951832	4	342.329152	36.090914	False
NODE1GEN_002130_source_rfantibody_source_id_PVRIG_RFAb_v2_P1_ekg_L_bb177_mpn10_arm_P1_ekg_L_backbone_P1_ekg_L_bb177_status_NEEDS_RF2_AND_DOCKING	24	9	/data/qlyu/projects/pvrig_top7500_dualpanel_screen_v1_20260724/run/qc397_final50_fusion_developability_v1_20260726/final50_common4_bundle/representative_complexes/R24__NODE1GEN_002130__9e6y__s1931.pdb	A	1.000000	1.000000	5901.966778	5233.334053	668.632725	9	496.512592	2	224.047560	4	360.413751	34.487472	False
NODE1GEN_002130_source_rfantibody_source_id_PVRIG_RFAb_v2_P1_ekg_L_bb177_mpn10_arm_P1_ekg_L_backbone_P1_ekg_L_bb177_status_NEEDS_RF2_AND_DOCKING	24	9	/data/qlyu/projects/pvrig_top7500_dualpanel_screen_v1_20260724/run/qc397_final50_fusion_developability_v1_20260726/final50_common4_bundle/representative_complexes/R24__NODE1GEN_002130__9e6y__s3047.pdb	A	1.000000	1.000000	5980.719804	5230.100118	750.619686	10	521.700835	3	243.169890	4	343.100999	33.269800	False
NODE1GEN_002130_source_rfantibody_source_id_PVRIG_RFAb_v2_P1_ekg_L_bb177_mpn10_arm_P1_ekg_L_backbone_P1_ekg_L_bb177_status_NEEDS_RF2_AND_DOCKING	24	9	/data/qlyu/projects/pvrig_top7500_dualpanel_screen_v1_20260724/run/qc397_final50_fusion_developability_v1_20260726/final50_common4_bundle/representative_complexes/R24__NODE1GEN_002130__9e6y__s42.pdb	A	1.000000	1.000000	6046.675196	5402.082503	644.592693	6	392.813519	3	204.759899	4	338.757622	33.965219	False
NODE1GEN_002130_source_rfantibody_source_id_PVRIG_RFAb_v2_P1_ekg_L_bb177_mpn10_arm_P1_ekg_L_backbone_P1_ekg_L_bb177_status_NEEDS_RF2_AND_DOCKING	24	9	/data/qlyu/projects/pvrig_top7500_dualpanel_screen_v1_20260724/run/qc397_final50_fusion_developability_v1_20260726/final50_common4_bundle/representative_complexes/R24__NODE1GEN_002130__9e6y__s917.pdb	A	1.000000	1.000000	5867.654659	5144.643771	723.010888	7	419.158559	3	241.564013	4	360.302685	34.492563	False
P1MCPUFP__CPUFP500K_0380__00771	25		/data/qlyu/projects/pvrig_top7500_dualpanel_screen_v1_20260724/run/qc397_final50_fusion_developability_v1_20260726/final50_common4_bundle/representative_complexes/R25__P1MCPUFP__CPUFP500K_0380__00771__8x6b__s1931.pdb	A	1.000000	1.000000	6419.257068	5754.431744	664.825324	18	893.637214	3	247.263846	2	219.909161	37.396680	False
P1MCPUFP__CPUFP500K_0380__00771	25		/data/qlyu/projects/pvrig_top7500_dualpanel_screen_v1_20260724/run/qc397_final50_fusion_developability_v1_20260726/final50_common4_bundle/representative_complexes/R25__P1MCPUFP__CPUFP500K_0380__00771__8x6b__s3047.pdb	A	1.000000	1.000000	6487.128601	5767.501460	719.627141	9	584.559559	3	241.220762	2	216.051620	37.586081	False
P1MCPUFP__CPUFP500K_0380__00771	25		/data/qlyu/projects/pvrig_top7500_dualpanel_screen_v1_20260724/run/qc397_final50_fusion_developability_v1_20260726/final50_common4_bundle/representative_complexes/R25__P1MCPUFP__CPUFP500K_0380__00771__8x6b__s42.pdb	A	1.000000	1.000000	6484.255866	5751.092691	733.163175	18	947.697301	3	256.722155	2	213.668953	37.112627	False
P1MCPUFP__CPUFP500K_0380__00771	25		/data/qlyu/projects/pvrig_top7500_dualpanel_screen_v1_20260724/run/qc397_final50_fusion_developability_v1_20260726/final50_common4_bundle/representative_complexes/R25__P1MCPUFP__CPUFP500K_0380__00771__8x6b__s917.pdb	A	1.000000	1.000000	6476.688565	5907.703640	568.984925	14	930.781500	3	247.596918	2	218.762417	38.588457	False
P1MCPUFP__CPUFP500K_0380__00771	25		/data/qlyu/projects/pvrig_top7500_dualpanel_screen_v1_20260724/run/qc397_final50_fusion_developability_v1_20260726/final50_common4_bundle/representative_complexes/R25__P1MCPUFP__CPUFP500K_0380__00771__9e6y__s1931.pdb	A	1.000000	1.000000	6536.612288	5798.782424	737.829864	9	552.587801	3	262.876179	2	226.371962	36.935040	False
P1MCPUFP__CPUFP500K_0380__00771	25		/data/qlyu/projects/pvrig_top7500_dualpanel_screen_v1_20260724/run/qc397_final50_fusion_developability_v1_20260726/final50_common4_bundle/representative_complexes/R25__P1MCPUFP__CPUFP500K_0380__00771__9e6y__s3047.pdb	A	1.000000	1.000000	6409.654643	5852.184975	557.469668	9	375.083481	3	247.855806	2	217.329369	38.739216	False
P1MCPUFP__CPUFP500K_0380__00771	25		/data/qlyu/projects/pvrig_top7500_dualpanel_screen_v1_20260724/run/qc397_final50_fusion_developability_v1_20260726/final50_common4_bundle/representative_complexes/R25__P1MCPUFP__CPUFP500K_0380__00771__9e6y__s42.pdb	A	1.000000	1.000000	6550.745538	5969.338798	581.406740	24	1303.494607	3	249.493623	2	215.000820	38.408358	False
P1MCPUFP__CPUFP500K_0380__00771	25		/data/qlyu/projects/pvrig_top7500_dualpanel_screen_v1_20260724/run/qc397_final50_fusion_developability_v1_20260726/final50_common4_bundle/representative_complexes/R25__P1MCPUFP__CPUFP500K_0380__00771__9e6y__s917.pdb	A	1.000000	1.000000	6549.043947	5829.252878	719.791069	16	879.694449	3	250.270413	2	215.341537	30.925863	False
NODE1GEN_217675_source_fixed_pose_mpnn_source_id_P500K__FIXED_POSE_MPNN__68DDB4A6D7CBCA89	26		/data/qlyu/projects/pvrig_top7500_dualpanel_screen_v1_20260724/run/qc397_final50_fusion_developability_v1_20260726/final50_common4_bundle/representative_complexes/R26__NODE1GEN_217675_source_fixed_pose_mpnn_source_id_P500K__FIXED_POSE_MPNN__68DDB4A6D7CBCA89__8x6b__s1931.pdb	A	1.000000	1.000000	6541.413374	5878.431180	662.982194	11	588.480706	3	311.499593	3	300.212228	32.858348	False
NODE1GEN_217675_source_fixed_pose_mpnn_source_id_P500K__FIXED_POSE_MPNN__68DDB4A6D7CBCA89	26		/data/qlyu/projects/pvrig_top7500_dualpanel_screen_v1_20260724/run/qc397_final50_fusion_developability_v1_20260726/final50_common4_bundle/representative_complexes/R26__NODE1GEN_217675_source_fixed_pose_mpnn_source_id_P500K__FIXED_POSE_MPNN__68DDB4A6D7CBCA89__8x6b__s3047.pdb	A	1.000000	1.000000	6478.011594	5781.855564	696.156030	11	629.966736	3	293.151582	3	301.544095	28.666689	False
NODE1GEN_217675_source_fixed_pose_mpnn_source_id_P500K__FIXED_POSE_MPNN__68DDB4A6D7CBCA89	26		/data/qlyu/projects/pvrig_top7500_dualpanel_screen_v1_20260724/run/qc397_final50_fusion_developability_v1_20260726/final50_common4_bundle/representative_complexes/R26__NODE1GEN_217675_source_fixed_pose_mpnn_source_id_P500K__FIXED_POSE_MPNN__68DDB4A6D7CBCA89__8x6b__s42.pdb	A	1.000000	1.000000	6515.796367	5725.495476	790.300891	8	419.507423	3	297.610549	3	311.183591	31.044657	False
NODE1GEN_217675_source_fixed_pose_mpnn_source_id_P500K__FIXED_POSE_MPNN__68DDB4A6D7CBCA89	26		/data/qlyu/projects/pvrig_top7500_dualpanel_screen_v1_20260724/run/qc397_final50_fusion_developability_v1_20260726/final50_common4_bundle/representative_complexes/R26__NODE1GEN_217675_source_fixed_pose_mpnn_source_id_P500K__FIXED_POSE_MPNN__68DDB4A6D7CBCA89__8x6b__s917.pdb	A	1.000000	1.000000	6529.950708	5859.469784	670.480924	11	618.795358	3	302.871900	2	196.573390	31.191661	False
NODE1GEN_217675_source_fixed_pose_mpnn_source_id_P500K__FIXED_POSE_MPNN__68DDB4A6D7CBCA89	26		/data/qlyu/projects/pvrig_top7500_dualpanel_screen_v1_20260724/run/qc397_final50_fusion_developability_v1_20260726/final50_common4_bundle/representative_complexes/R26__NODE1GEN_217675_source_fixed_pose_mpnn_source_id_P500K__FIXED_POSE_MPNN__68DDB4A6D7CBCA89__9e6y__s1931.pdb	A	1.000000	1.000000	6368.384776	5609.920345	758.464431	14	713.270840	3	290.832500	3	307.454353	32.490630	False
NODE1GEN_217675_source_fixed_pose_mpnn_source_id_P500K__FIXED_POSE_MPNN__68DDB4A6D7CBCA89	26		/data/qlyu/projects/pvrig_top7500_dualpanel_screen_v1_20260724/run/qc397_final50_fusion_developability_v1_20260726/final50_common4_bundle/representative_complexes/R26__NODE1GEN_217675_source_fixed_pose_mpnn_source_id_P500K__FIXED_POSE_MPNN__68DDB4A6D7CBCA89__9e6y__s3047.pdb	A	1.000000	1.000000	6534.085086	5765.848982	768.236103	20	1020.268426	3	302.639715	3	298.389580	29.789814	False
NODE1GEN_217675_source_fixed_pose_mpnn_source_id_P500K__FIXED_POSE_MPNN__68DDB4A6D7CBCA89	26		/data/qlyu/projects/pvrig_top7500_dualpanel_screen_v1_20260724/run/qc397_final50_fusion_developability_v1_20260726/final50_common4_bundle/representative_complexes/R26__NODE1GEN_217675_source_fixed_pose_mpnn_source_id_P500K__FIXED_POSE_MPNN__68DDB4A6D7CBCA89__9e6y__s42.pdb	A	1.000000	1.000000	6410.085858	5597.223871	812.861987	8	429.750816	3	293.891490	2	192.325957	35.157855	False
NODE1GEN_217675_source_fixed_pose_mpnn_source_id_P500K__FIXED_POSE_MPNN__68DDB4A6D7CBCA89	26		/data/qlyu/projects/pvrig_top7500_dualpanel_screen_v1_20260724/run/qc397_final50_fusion_developability_v1_20260726/final50_common4_bundle/representative_complexes/R26__NODE1GEN_217675_source_fixed_pose_mpnn_source_id_P500K__FIXED_POSE_MPNN__68DDB4A6D7CBCA89__9e6y__s917.pdb	A	1.000000	1.000000	6444.131863	5685.573185	758.558679	7	366.140581	3	288.983149	2	195.702477	32.570163	False
P1MCPUFP__CPUFP500K_0404__00029	27		/data/qlyu/projects/pvrig_top7500_dualpanel_screen_v1_20260724/run/qc397_final50_fusion_developability_v1_20260726/final50_common4_bundle/representative_complexes/R27__P1MCPUFP__CPUFP500K_0404__00029__8x6b__s1931.pdb	A	1.000000	1.000000	6334.855668	5410.426824	924.428844	10	565.478656	3	301.122200	2	192.244715	25.634746	False
P1MCPUFP__CPUFP500K_0404__00029	27		/data/qlyu/projects/pvrig_top7500_dualpanel_screen_v1_20260724/run/qc397_final50_fusion_developability_v1_20260726/final50_common4_bundle/representative_complexes/R27__P1MCPUFP__CPUFP500K_0404__00029__8x6b__s3047.pdb	A	1.000000	1.000000	6470.253725	5672.425180	797.828545	12	666.865663	4	497.224435	3	255.256749	28.363004	False
P1MCPUFP__CPUFP500K_0404__00029	27		/data/qlyu/projects/pvrig_top7500_dualpanel_screen_v1_20260724/run/qc397_final50_fusion_developability_v1_20260726/final50_common4_bundle/representative_complexes/R27__P1MCPUFP__CPUFP500K_0404__00029__8x6b__s42.pdb	A	1.000000	1.000000	6500.950101	5700.301641	800.648459	9	533.280117	4	527.318086	3	229.121295	28.647133	False
P1MCPUFP__CPUFP500K_0404__00029	27		/data/qlyu/projects/pvrig_top7500_dualpanel_screen_v1_20260724/run/qc397_final50_fusion_developability_v1_20260726/final50_common4_bundle/representative_complexes/R27__P1MCPUFP__CPUFP500K_0404__00029__8x6b__s917.pdb	A	1.000000	1.000000	6336.052133	5280.776437	1055.275696	13	638.349301	6	433.997181	2	172.707423	26.136159	False
P1MCPUFP__CPUFP500K_0404__00029	27		/data/qlyu/projects/pvrig_top7500_dualpanel_screen_v1_20260724/run/qc397_final50_fusion_developability_v1_20260726/final50_common4_bundle/representative_complexes/R27__P1MCPUFP__CPUFP500K_0404__00029__9e6y__s1931.pdb	A	1.000000	1.000000	6614.754441	5862.786866	751.967575	14	818.731090	3	276.737033	3	228.213500	36.060260	False
P1MCPUFP__CPUFP500K_0404__00029	27		/data/qlyu/projects/pvrig_top7500_dualpanel_screen_v1_20260724/run/qc397_final50_fusion_developability_v1_20260726/final50_common4_bundle/representative_complexes/R27__P1MCPUFP__CPUFP500K_0404__00029__9e6y__s3047.pdb	A	1.000000	1.000000	6553.733130	5734.876418	818.856712	6	364.919549	4	515.039862	3	250.491414	27.951677	False
P1MCPUFP__CPUFP500K_0404__00029	27		/data/qlyu/projects/pvrig_top7500_dualpanel_screen_v1_20260724/run/qc397_final50_fusion_developability_v1_20260726/final50_common4_bundle/representative_complexes/R27__P1MCPUFP__CPUFP500K_0404__00029__9e6y__s42.pdb	A	1.000000	1.000000	6399.776743	5743.059744	656.716999	10	535.699730	4	497.005026	2	191.132151	29.213090	False
P1MCPUFP__CPUFP500K_0404__00029	27		/data/qlyu/projects/pvrig_top7500_dualpanel_screen_v1_20260724/run/qc397_final50_fusion_developability_v1_20260726/final50_common4_bundle/representative_complexes/R27__P1MCPUFP__CPUFP500K_0404__00029__9e6y__s917.pdb	A	1.000000	1.000000	6451.272285	5768.029478	683.242807	9	560.614026	3	310.008363	2	189.943289	34.493518	False
P1MCPUFP__CPUFP500K_0188__00549	28		/data/qlyu/projects/pvrig_top7500_dualpanel_screen_v1_20260724/run/qc397_final50_fusion_developability_v1_20260726/final50_common4_bundle/representative_complexes/R28__P1MCPUFP__CPUFP500K_0188__00549__8x6b__s1931.pdb	A	1.000000	1.000000	6373.602794	5472.766557	900.836237	8	471.929609	3	251.718457	3	279.219247	32.802595	False
P1MCPUFP__CPUFP500K_0188__00549	28		/data/qlyu/projects/pvrig_top7500_dualpanel_screen_v1_20260724/run/qc397_final50_fusion_developability_v1_20260726/final50_common4_bundle/representative_complexes/R28__P1MCPUFP__CPUFP500K_0188__00549__8x6b__s3047.pdb	A	1.000000	1.000000	6352.648225	5495.203833	857.444391	14	786.400311	3	276.309797	2	219.995345	34.893832	False
P1MCPUFP__CPUFP500K_0188__00549	28		/data/qlyu/projects/pvrig_top7500_dualpanel_screen_v1_20260724/run/qc397_final50_fusion_developability_v1_20260726/final50_common4_bundle/representative_complexes/R28__P1MCPUFP__CPUFP500K_0188__00549__8x6b__s42.pdb	A	1.000000	1.000000	6369.449986	5443.615782	925.834204	14	742.801225	3	273.922186	3	287.460168	34.392648	False
P1MCPUFP__CPUFP500K_0188__00549	28		/data/qlyu/projects/pvrig_top7500_dualpanel_screen_v1_20260724/run/qc397_final50_fusion_developability_v1_20260726/final50_common4_bundle/representative_complexes/R28__P1MCPUFP__CPUFP500K_0188__00549__8x6b__s917.pdb	A	1.000000	1.000000	6472.604180	5643.475382	829.128798	14	747.403134	3	274.883807	2	250.353351	36.103779	False
P1MCPUFP__CPUFP500K_0188__00549	28		/data/qlyu/projects/pvrig_top7500_dualpanel_screen_v1_20260724/run/qc397_final50_fusion_developability_v1_20260726/final50_common4_bundle/representative_complexes/R28__P1MCPUFP__CPUFP500K_0188__00549__9e6y__s1931.pdb	A	1.000000	1.000000	6293.170022	5428.046279	865.123742	8	474.132221	3	256.979808	3	326.951768	34.957796	False
P1MCPUFP__CPUFP500K_0188__00549	28		/data/qlyu/projects/pvrig_top7500_dualpanel_screen_v1_20260724/run/qc397_final50_fusion_developability_v1_20260726/final50_common4_bundle/representative_complexes/R28__P1MCPUFP__CPUFP500K_0188__00549__9e6y__s3047.pdb	A	1.000000	1.000000	6248.721491	5412.157276	836.564215	15	835.797708	3	262.194098	2	226.003662	35.951799	False
P1MCPUFP__CPUFP500K_0188__00549	28		/data/qlyu/projects/pvrig_top7500_dualpanel_screen_v1_20260724/run/qc397_final50_fusion_developability_v1_20260726/final50_common4_bundle/representative_complexes/R28__P1MCPUFP__CPUFP500K_0188__00549__9e6y__s42.pdb	A	1.000000	1.000000	6321.692311	5422.863573	898.828738	8	464.918391	3	271.063861	3	317.825232	33.288713	False
P1MCPUFP__CPUFP500K_0188__00549	28		/data/qlyu/projects/pvrig_top7500_dualpanel_screen_v1_20260724/run/qc397_final50_fusion_developability_v1_20260726/final50_common4_bundle/representative_complexes/R28__P1MCPUFP__CPUFP500K_0188__00549__9e6y__s917.pdb	A	1.000000	1.000000	6431.613475	5563.622883	867.990592	8	491.109493	3	261.438775	2	232.525525	34.258308	False
P1MCPUFP__CPUFP500K_0188__00481	29		/data/qlyu/projects/pvrig_top7500_dualpanel_screen_v1_20260724/run/qc397_final50_fusion_developability_v1_20260726/final50_common4_bundle/representative_complexes/R29__P1MCPUFP__CPUFP500K_0188__00481__8x6b__s1931.pdb	A	1.000000	1.000000	6381.566648	5555.892492	825.674156	14	697.754430	4	410.961390	2	138.111743	33.071597	False
P1MCPUFP__CPUFP500K_0188__00481	29		/data/qlyu/projects/pvrig_top7500_dualpanel_screen_v1_20260724/run/qc397_final50_fusion_developability_v1_20260726/final50_common4_bundle/representative_complexes/R29__P1MCPUFP__CPUFP500K_0188__00481__8x6b__s3047.pdb	A	1.000000	1.000000	6524.525555	5716.441029	808.084525	13	654.944722	4	429.819135	2	181.192236	33.744056	False
P1MCPUFP__CPUFP500K_0188__00481	29		/data/qlyu/projects/pvrig_top7500_dualpanel_screen_v1_20260724/run/qc397_final50_fusion_developability_v1_20260726/final50_common4_bundle/representative_complexes/R29__P1MCPUFP__CPUFP500K_0188__00481__8x6b__s42.pdb	A	1.000000	1.000000	6374.920043	5519.287827	855.632216	16	744.427460	4	429.957198	2	177.393757	32.782903	False
P1MCPUFP__CPUFP500K_0188__00481	29		/data/qlyu/projects/pvrig_top7500_dualpanel_screen_v1_20260724/run/qc397_final50_fusion_developability_v1_20260726/final50_common4_bundle/representative_complexes/R29__P1MCPUFP__CPUFP500K_0188__00481__8x6b__s917.pdb	A	1.000000	1.000000	6474.547863	5705.295685	769.252178	14	713.239424	4	431.922138	2	174.927146	33.385140	False
P1MCPUFP__CPUFP500K_0188__00481	29		/data/qlyu/projects/pvrig_top7500_dualpanel_screen_v1_20260724/run/qc397_final50_fusion_developability_v1_20260726/final50_common4_bundle/representative_complexes/R29__P1MCPUFP__CPUFP500K_0188__00481__9e6y__s1931.pdb	A	1.000000	1.000000	6421.680346	5616.489290	805.191056	13	771.986432	4	426.232484	2	192.557848	32.461425	False
P1MCPUFP__CPUFP500K_0188__00481	29		/data/qlyu/projects/pvrig_top7500_dualpanel_screen_v1_20260724/run/qc397_final50_fusion_developability_v1_20260726/final50_common4_bundle/representative_complexes/R29__P1MCPUFP__CPUFP500K_0188__00481__9e6y__s3047.pdb	A	1.000000	1.000000	6377.694467	5570.381789	807.312678	14	645.223818	4	420.934250	2	193.465643	32.349036	False
P1MCPUFP__CPUFP500K_0188__00481	29		/data/qlyu/projects/pvrig_top7500_dualpanel_screen_v1_20260724/run/qc397_final50_fusion_developability_v1_20260726/final50_common4_bundle/representative_complexes/R29__P1MCPUFP__CPUFP500K_0188__00481__9e6y__s42.pdb	A	1.000000	1.000000	6400.090295	5587.387209	812.703086	16	756.133851	4	408.307833	2	168.237983	32.886927	False
P1MCPUFP__CPUFP500K_0188__00481	29		/data/qlyu/projects/pvrig_top7500_dualpanel_screen_v1_20260724/run/qc397_final50_fusion_developability_v1_20260726/final50_common4_bundle/representative_complexes/R29__P1MCPUFP__CPUFP500K_0188__00481__9e6y__s917.pdb	A	1.000000	1.000000	6451.022800	5614.323036	836.699764	8	560.066132	4	411.857896	2	186.549531	32.629208	False
NODE1GEN_182669_source_fixed_pose_mpnn_source_id_P500K__FIXED_POSE_MPNN__D4BBD3AB583903E7	30		/data/qlyu/projects/pvrig_top7500_dualpanel_screen_v1_20260724/run/qc397_final50_fusion_developability_v1_20260726/final50_common4_bundle/representative_complexes/R30__NODE1GEN_182669_source_fixed_pose_mpnn_source_id_P500K__FIXED_POSE_MPNN__D4BBD3AB583903E7__8x6b__s1931.pdb	A	1.000000	1.000000	6135.212649	5379.871527	755.341122	12	595.432046	3	236.026955	2	192.350838	29.002134	False
NODE1GEN_182669_source_fixed_pose_mpnn_source_id_P500K__FIXED_POSE_MPNN__D4BBD3AB583903E7	30		/data/qlyu/projects/pvrig_top7500_dualpanel_screen_v1_20260724/run/qc397_final50_fusion_developability_v1_20260726/final50_common4_bundle/representative_complexes/R30__NODE1GEN_182669_source_fixed_pose_mpnn_source_id_P500K__FIXED_POSE_MPNN__D4BBD3AB583903E7__8x6b__s3047.pdb	A	1.000000	1.000000	6070.506103	5422.191356	648.314747	15	805.513949	5	327.119131	2	169.547671	31.440698	False
NODE1GEN_182669_source_fixed_pose_mpnn_source_id_P500K__FIXED_POSE_MPNN__D4BBD3AB583903E7	30		/data/qlyu/projects/pvrig_top7500_dualpanel_screen_v1_20260724/run/qc397_final50_fusion_developability_v1_20260726/final50_common4_bundle/representative_complexes/R30__NODE1GEN_182669_source_fixed_pose_mpnn_source_id_P500K__FIXED_POSE_MPNN__D4BBD3AB583903E7__8x6b__s42.pdb	A	1.000000	1.000000	6137.992833	5390.023102	747.969731	12	637.622211	3	217.700705	2	181.619011	36.557090	False
NODE1GEN_182669_source_fixed_pose_mpnn_source_id_P500K__FIXED_POSE_MPNN__D4BBD3AB583903E7	30		/data/qlyu/projects/pvrig_top7500_dualpanel_screen_v1_20260724/run/qc397_final50_fusion_developability_v1_20260726/final50_common4_bundle/representative_complexes/R30__NODE1GEN_182669_source_fixed_pose_mpnn_source_id_P500K__FIXED_POSE_MPNN__D4BBD3AB583903E7__8x6b__s917.pdb	A	1.000000	1.000000	6193.184730	5472.800738	720.383993	13	690.475256	3	231.927763	2	187.644565	29.334241	False
NODE1GEN_182669_source_fixed_pose_mpnn_source_id_P500K__FIXED_POSE_MPNN__D4BBD3AB583903E7	30		/data/qlyu/projects/pvrig_top7500_dualpanel_screen_v1_20260724/run/qc397_final50_fusion_developability_v1_20260726/final50_common4_bundle/representative_complexes/R30__NODE1GEN_182669_source_fixed_pose_mpnn_source_id_P500K__FIXED_POSE_MPNN__D4BBD3AB583903E7__9e6y__s1931.pdb	A	1.000000	1.000000	6053.767823	5372.341736	681.426086	13	672.670195	3	245.451796	2	171.523503	28.081947	False
NODE1GEN_182669_source_fixed_pose_mpnn_source_id_P500K__FIXED_POSE_MPNN__D4BBD3AB583903E7	30		/data/qlyu/projects/pvrig_top7500_dualpanel_screen_v1_20260724/run/qc397_final50_fusion_developability_v1_20260726/final50_common4_bundle/representative_complexes/R30__NODE1GEN_182669_source_fixed_pose_mpnn_source_id_P500K__FIXED_POSE_MPNN__D4BBD3AB583903E7__9e6y__s3047.pdb	A	1.000000	1.000000	6166.442426	5458.140538	708.301888	13	651.446140	3	237.701655	2	195.295641	29.312244	False
NODE1GEN_182669_source_fixed_pose_mpnn_source_id_P500K__FIXED_POSE_MPNN__D4BBD3AB583903E7	30		/data/qlyu/projects/pvrig_top7500_dualpanel_screen_v1_20260724/run/qc397_final50_fusion_developability_v1_20260726/final50_common4_bundle/representative_complexes/R30__NODE1GEN_182669_source_fixed_pose_mpnn_source_id_P500K__FIXED_POSE_MPNN__D4BBD3AB583903E7__9e6y__s42.pdb	A	1.000000	1.000000	6186.557729	5460.700852	725.856877	11	639.433863	3	231.843401	2	189.573335	30.140864	False
NODE1GEN_182669_source_fixed_pose_mpnn_source_id_P500K__FIXED_POSE_MPNN__D4BBD3AB583903E7	30		/data/qlyu/projects/pvrig_top7500_dualpanel_screen_v1_20260724/run/qc397_final50_fusion_developability_v1_20260726/final50_common4_bundle/representative_complexes/R30__NODE1GEN_182669_source_fixed_pose_mpnn_source_id_P500K__FIXED_POSE_MPNN__D4BBD3AB583903E7__9e6y__s917.pdb	A	1.000000	1.000000	6122.079535	5350.760566	771.318969	9	469.481638	3	235.166222	2	178.131424	35.492787	False
NODE1GEN_128014_source_rfantibody_source_id_PVRIG_RFAb_v2_P6_ekg_L_bb258_mpn01_arm_P6_ekg_L_backbone_P6_ekg_L_bb258_status_NEEDS_RF2_AND_DOCKING	31	10	/data/qlyu/projects/pvrig_top7500_dualpanel_screen_v1_20260724/run/qc397_final50_fusion_developability_v1_20260726/final50_common4_bundle/representative_complexes/R31__NODE1GEN_128014__8x6b__s1931.pdb	A	1.000000	1.000000	6199.534224	5378.182397	821.351827	10	473.913734	5	327.316255	6	495.907773	32.654216	False
NODE1GEN_128014_source_rfantibody_source_id_PVRIG_RFAb_v2_P6_ekg_L_bb258_mpn01_arm_P6_ekg_L_backbone_P6_ekg_L_bb258_status_NEEDS_RF2_AND_DOCKING	31	10	/data/qlyu/projects/pvrig_top7500_dualpanel_screen_v1_20260724/run/qc397_final50_fusion_developability_v1_20260726/final50_common4_bundle/representative_complexes/R31__NODE1GEN_128014__8x6b__s3047.pdb	A	1.000000	1.000000	6163.678411	5274.264272	889.414139	12	585.685966	3	246.824777	3	287.689818	30.638455	False
NODE1GEN_128014_source_rfantibody_source_id_PVRIG_RFAb_v2_P6_ekg_L_bb258_mpn01_arm_P6_ekg_L_backbone_P6_ekg_L_bb258_status_NEEDS_RF2_AND_DOCKING	31	10	/data/qlyu/projects/pvrig_top7500_dualpanel_screen_v1_20260724/run/qc397_final50_fusion_developability_v1_20260726/final50_common4_bundle/representative_complexes/R31__NODE1GEN_128014__8x6b__s42.pdb	A	1.000000	1.000000	6195.780105	5439.031947	756.748158	16	792.377672	5	345.600681	6	487.523846	32.430804	False
NODE1GEN_128014_source_rfantibody_source_id_PVRIG_RFAb_v2_P6_ekg_L_bb258_mpn01_arm_P6_ekg_L_backbone_P6_ekg_L_bb258_status_NEEDS_RF2_AND_DOCKING	31	10	/data/qlyu/projects/pvrig_top7500_dualpanel_screen_v1_20260724/run/qc397_final50_fusion_developability_v1_20260726/final50_common4_bundle/representative_complexes/R31__NODE1GEN_128014__8x6b__s917.pdb	A	1.000000	1.000000	6182.068372	5415.190861	766.877511	11	476.269279	3	234.082770	6	493.273861	34.827167	False
NODE1GEN_128014_source_rfantibody_source_id_PVRIG_RFAb_v2_P6_ekg_L_bb258_mpn01_arm_P6_ekg_L_backbone_P6_ekg_L_bb258_status_NEEDS_RF2_AND_DOCKING	31	10	/data/qlyu/projects/pvrig_top7500_dualpanel_screen_v1_20260724/run/qc397_final50_fusion_developability_v1_20260726/final50_common4_bundle/representative_complexes/R31__NODE1GEN_128014__9e6y__s1931.pdb	A	1.000000	1.000000	6160.215873	5382.016229	778.199644	10	460.495698	3	238.969225	3	284.678309	35.147093	False
NODE1GEN_128014_source_rfantibody_source_id_PVRIG_RFAb_v2_P6_ekg_L_bb258_mpn01_arm_P6_ekg_L_backbone_P6_ekg_L_bb258_status_NEEDS_RF2_AND_DOCKING	31	10	/data/qlyu/projects/pvrig_top7500_dualpanel_screen_v1_20260724/run/qc397_final50_fusion_developability_v1_20260726/final50_common4_bundle/representative_complexes/R31__NODE1GEN_128014__9e6y__s3047.pdb	A	1.000000	1.000000	6264.861800	5432.652503	832.209297	16	834.274413	5	347.571276	6	502.939767	33.047785	False
NODE1GEN_128014_source_rfantibody_source_id_PVRIG_RFAb_v2_P6_ekg_L_bb258_mpn01_arm_P6_ekg_L_backbone_P6_ekg_L_bb258_status_NEEDS_RF2_AND_DOCKING	31	10	/data/qlyu/projects/pvrig_top7500_dualpanel_screen_v1_20260724/run/qc397_final50_fusion_developability_v1_20260726/final50_common4_bundle/representative_complexes/R31__NODE1GEN_128014__9e6y__s42.pdb	A	1.000000	1.000000	6279.401824	5507.938572	771.463252	9	489.857484	3	252.589202	6	511.180688	33.670556	False
NODE1GEN_128014_source_rfantibody_source_id_PVRIG_RFAb_v2_P6_ekg_L_bb258_mpn01_arm_P6_ekg_L_backbone_P6_ekg_L_bb258_status_NEEDS_RF2_AND_DOCKING	31	10	/data/qlyu/projects/pvrig_top7500_dualpanel_screen_v1_20260724/run/qc397_final50_fusion_developability_v1_20260726/final50_common4_bundle/representative_complexes/R31__NODE1GEN_128014__9e6y__s917.pdb	A	1.000000	1.000000	6135.143324	5272.711969	862.431356	9	442.433153	3	241.780489	3	302.656785	32.089812	False
NODE1GEN_218195_source_fixed_pose_mpnn_source_id_P500K__FIXED_POSE_MPNN__A6B62FDDBC1A99BE	32		/data/qlyu/projects/pvrig_top7500_dualpanel_screen_v1_20260724/run/qc397_final50_fusion_developability_v1_20260726/final50_common4_bundle/representative_complexes/R32__NODE1GEN_218195_source_fixed_pose_mpnn_source_id_P500K__FIXED_POSE_MPNN__A6B62FDDBC1A99BE__8x6b__s1931.pdb	A	1.000000	1.000000	6461.630011	5690.704264	770.925747	6	328.576977	3	303.648690	2	192.979680	36.720795	False
NODE1GEN_218195_source_fixed_pose_mpnn_source_id_P500K__FIXED_POSE_MPNN__A6B62FDDBC1A99BE	32		/data/qlyu/projects/pvrig_top7500_dualpanel_screen_v1_20260724/run/qc397_final50_fusion_developability_v1_20260726/final50_common4_bundle/representative_complexes/R32__NODE1GEN_218195_source_fixed_pose_mpnn_source_id_P500K__FIXED_POSE_MPNN__A6B62FDDBC1A99BE__8x6b__s3047.pdb	A	1.000000	1.000000	6456.102714	5756.425943	699.676771	5	311.883538	3	321.451802	2	187.728508	35.536606	False
NODE1GEN_218195_source_fixed_pose_mpnn_source_id_P500K__FIXED_POSE_MPNN__A6B62FDDBC1A99BE	32		/data/qlyu/projects/pvrig_top7500_dualpanel_screen_v1_20260724/run/qc397_final50_fusion_developability_v1_20260726/final50_common4_bundle/representative_complexes/R32__NODE1GEN_218195_source_fixed_pose_mpnn_source_id_P500K__FIXED_POSE_MPNN__A6B62FDDBC1A99BE__8x6b__s42.pdb	A	1.000000	1.000000	6520.064242	5722.211297	797.852945	5	304.064574	3	312.518453	2	188.098462	35.685730	False
NODE1GEN_218195_source_fixed_pose_mpnn_source_id_P500K__FIXED_POSE_MPNN__A6B62FDDBC1A99BE	32		/data/qlyu/projects/pvrig_top7500_dualpanel_screen_v1_20260724/run/qc397_final50_fusion_developability_v1_20260726/final50_common4_bundle/representative_complexes/R32__NODE1GEN_218195_source_fixed_pose_mpnn_source_id_P500K__FIXED_POSE_MPNN__A6B62FDDBC1A99BE__8x6b__s917.pdb	A	1.000000	1.000000	6507.659642	5659.523706	848.135936	12	663.759717	3	309.765832	2	194.765445	36.592028	False
NODE1GEN_218195_source_fixed_pose_mpnn_source_id_P500K__FIXED_POSE_MPNN__A6B62FDDBC1A99BE	32		/data/qlyu/projects/pvrig_top7500_dualpanel_screen_v1_20260724/run/qc397_final50_fusion_developability_v1_20260726/final50_common4_bundle/representative_complexes/R32__NODE1GEN_218195_source_fixed_pose_mpnn_source_id_P500K__FIXED_POSE_MPNN__A6B62FDDBC1A99BE__9e6y__s1931.pdb	A	1.000000	1.000000	6489.871295	5771.046245	718.825050	6	336.125993	3	316.137045	2	188.098462	33.557295	False
NODE1GEN_218195_source_fixed_pose_mpnn_source_id_P500K__FIXED_POSE_MPNN__A6B62FDDBC1A99BE	32		/data/qlyu/projects/pvrig_top7500_dualpanel_screen_v1_20260724/run/qc397_final50_fusion_developability_v1_20260726/final50_common4_bundle/representative_complexes/R32__NODE1GEN_218195_source_fixed_pose_mpnn_source_id_P500K__FIXED_POSE_MPNN__A6B62FDDBC1A99BE__9e6y__s3047.pdb	A	1.000000	1.000000	6512.504229	5757.123167	755.381062	7	334.736299	3	306.475076	2	189.741222	35.930407	False
NODE1GEN_218195_source_fixed_pose_mpnn_source_id_P500K__FIXED_POSE_MPNN__A6B62FDDBC1A99BE	32		/data/qlyu/projects/pvrig_top7500_dualpanel_screen_v1_20260724/run/qc397_final50_fusion_developability_v1_20260726/final50_common4_bundle/representative_complexes/R32__NODE1GEN_218195_source_fixed_pose_mpnn_source_id_P500K__FIXED_POSE_MPNN__A6B62FDDBC1A99BE__9e6y__s42.pdb	A	1.000000	1.000000	6511.883744	5806.900551	704.983193	6	349.138365	3	316.765887	2	188.098462	33.692273	False
NODE1GEN_218195_source_fixed_pose_mpnn_source_id_P500K__FIXED_POSE_MPNN__A6B62FDDBC1A99BE	32		/data/qlyu/projects/pvrig_top7500_dualpanel_screen_v1_20260724/run/qc397_final50_fusion_developability_v1_20260726/final50_common4_bundle/representative_complexes/R32__NODE1GEN_218195_source_fixed_pose_mpnn_source_id_P500K__FIXED_POSE_MPNN__A6B62FDDBC1A99BE__9e6y__s917.pdb	A	1.000000	1.000000	6551.831880	5756.719263	795.112617	12	671.350789	3	315.577024	2	190.111176	35.813982	False
NODE1GEN_195165_source_fixed_pose_mpnn_source_id_P500K__FIXED_POSE_MPNN__499D245F888E5DC4	33		/data/qlyu/projects/pvrig_top7500_dualpanel_screen_v1_20260724/run/qc397_final50_fusion_developability_v1_20260726/final50_common4_bundle/representative_complexes/R33__NODE1GEN_195165_source_fixed_pose_mpnn_source_id_P500K__FIXED_POSE_MPNN__499D245F888E5DC4__8x6b__s1931.pdb	A	1.000000	1.000000	6469.138313	5659.313847	809.824465	19	1076.520570	3	303.616751	2	245.706726	31.088229	False
NODE1GEN_195165_source_fixed_pose_mpnn_source_id_P500K__FIXED_POSE_MPNN__499D245F888E5DC4	33		/data/qlyu/projects/pvrig_top7500_dualpanel_screen_v1_20260724/run/qc397_final50_fusion_developability_v1_20260726/final50_common4_bundle/representative_complexes/R33__NODE1GEN_195165_source_fixed_pose_mpnn_source_id_P500K__FIXED_POSE_MPNN__499D245F888E5DC4__8x6b__s3047.pdb	A	1.000000	1.000000	6468.805199	5685.117591	783.687608	16	1040.623433	3	295.576075	2	136.548110	30.866440	False
NODE1GEN_195165_source_fixed_pose_mpnn_source_id_P500K__FIXED_POSE_MPNN__499D245F888E5DC4	33		/data/qlyu/projects/pvrig_top7500_dualpanel_screen_v1_20260724/run/qc397_final50_fusion_developability_v1_20260726/final50_common4_bundle/representative_complexes/R33__NODE1GEN_195165_source_fixed_pose_mpnn_source_id_P500K__FIXED_POSE_MPNN__499D245F888E5DC4__8x6b__s42.pdb	A	1.000000	1.000000	6451.236973	5658.166182	793.070791	25	1455.968958	3	279.859441	2	237.261622	27.344097	False
NODE1GEN_195165_source_fixed_pose_mpnn_source_id_P500K__FIXED_POSE_MPNN__499D245F888E5DC4	33		/data/qlyu/projects/pvrig_top7500_dualpanel_screen_v1_20260724/run/qc397_final50_fusion_developability_v1_20260726/final50_common4_bundle/representative_complexes/R33__NODE1GEN_195165_source_fixed_pose_mpnn_source_id_P500K__FIXED_POSE_MPNN__499D245F888E5DC4__8x6b__s917.pdb	A	1.000000	1.000000	6501.677756	5619.354841	882.322915	18	1065.071014	3	278.021378	2	238.563666	31.967785	False
NODE1GEN_195165_source_fixed_pose_mpnn_source_id_P500K__FIXED_POSE_MPNN__499D245F888E5DC4	33		/data/qlyu/projects/pvrig_top7500_dualpanel_screen_v1_20260724/run/qc397_final50_fusion_developability_v1_20260726/final50_common4_bundle/representative_complexes/R33__NODE1GEN_195165_source_fixed_pose_mpnn_source_id_P500K__FIXED_POSE_MPNN__499D245F888E5DC4__9e6y__s1931.pdb	A	1.000000	1.000000	6534.636770	5761.397346	773.239425	18	1083.307499	3	289.532991	4	415.838713	33.102792	False
NODE1GEN_195165_source_fixed_pose_mpnn_source_id_P500K__FIXED_POSE_MPNN__499D245F888E5DC4	33		/data/qlyu/projects/pvrig_top7500_dualpanel_screen_v1_20260724/run/qc397_final50_fusion_developability_v1_20260726/final50_common4_bundle/representative_complexes/R33__NODE1GEN_195165_source_fixed_pose_mpnn_source_id_P500K__FIXED_POSE_MPNN__499D245F888E5DC4__9e6y__s3047.pdb	A	1.000000	1.000000	6444.698460	5729.355467	715.342993	23	1529.451795	3	284.920546	4	417.086637	34.457060	False
NODE1GEN_195165_source_fixed_pose_mpnn_source_id_P500K__FIXED_POSE_MPNN__499D245F888E5DC4	33		/data/qlyu/projects/pvrig_top7500_dualpanel_screen_v1_20260724/run/qc397_final50_fusion_developability_v1_20260726/final50_common4_bundle/representative_complexes/R33__NODE1GEN_195165_source_fixed_pose_mpnn_source_id_P500K__FIXED_POSE_MPNN__499D245F888E5DC4__9e6y__s42.pdb	A	1.000000	1.000000	6447.924394	5747.857144	700.067250	16	968.334989	3	294.408973	4	380.787021	34.155202	False
NODE1GEN_195165_source_fixed_pose_mpnn_source_id_P500K__FIXED_POSE_MPNN__499D245F888E5DC4	33		/data/qlyu/projects/pvrig_top7500_dualpanel_screen_v1_20260724/run/qc397_final50_fusion_developability_v1_20260726/final50_common4_bundle/representative_complexes/R33__NODE1GEN_195165_source_fixed_pose_mpnn_source_id_P500K__FIXED_POSE_MPNN__499D245F888E5DC4__9e6y__s917.pdb	A	1.000000	1.000000	6419.386376	5684.523914	734.862462	17	883.538649	3	289.088979	2	216.907537	33.422863	False
NODE1GEN_235318_source_fixed_pose_mpnn_source_id_P500K__FIXED_POSE_MPNN__B52C2EC7CC64BFED	34		/data/qlyu/projects/pvrig_top7500_dualpanel_screen_v1_20260724/run/qc397_final50_fusion_developability_v1_20260726/final50_common4_bundle/representative_complexes/R34__NODE1GEN_235318_source_fixed_pose_mpnn_source_id_P500K__FIXED_POSE_MPNN__B52C2EC7CC64BFED__8x6b__s1931.pdb	A	1.000000	1.000000	6509.560787	5780.928816	728.631972	17	802.974809	3	278.808641	2	214.041148	37.758400	False
NODE1GEN_235318_source_fixed_pose_mpnn_source_id_P500K__FIXED_POSE_MPNN__B52C2EC7CC64BFED	34		/data/qlyu/projects/pvrig_top7500_dualpanel_screen_v1_20260724/run/qc397_final50_fusion_developability_v1_20260726/final50_common4_bundle/representative_complexes/R34__NODE1GEN_235318_source_fixed_pose_mpnn_source_id_P500K__FIXED_POSE_MPNN__B52C2EC7CC64BFED__8x6b__s3047.pdb	A	1.000000	1.000000	6472.576765	5662.215737	810.361028	15	810.396528	3	280.821354	3	246.101561	35.561609	False
NODE1GEN_235318_source_fixed_pose_mpnn_source_id_P500K__FIXED_POSE_MPNN__B52C2EC7CC64BFED	34		/data/qlyu/projects/pvrig_top7500_dualpanel_screen_v1_20260724/run/qc397_final50_fusion_developability_v1_20260726/final50_common4_bundle/representative_complexes/R34__NODE1GEN_235318_source_fixed_pose_mpnn_source_id_P500K__FIXED_POSE_MPNN__B52C2EC7CC64BFED__8x6b__s42.pdb	A	1.000000	1.000000	6605.106757	5946.516447	658.590310	22	1207.631797	3	277.165881	3	254.295421	38.202383	False
NODE1GEN_235318_source_fixed_pose_mpnn_source_id_P500K__FIXED_POSE_MPNN__B52C2EC7CC64BFED	34		/data/qlyu/projects/pvrig_top7500_dualpanel_screen_v1_20260724/run/qc397_final50_fusion_developability_v1_20260726/final50_common4_bundle/representative_complexes/R34__NODE1GEN_235318_source_fixed_pose_mpnn_source_id_P500K__FIXED_POSE_MPNN__B52C2EC7CC64BFED__8x6b__s917.pdb	A	1.000000	1.000000	6477.362332	5761.078244	716.284088	20	1169.488946	3	275.158110	3	231.709318	37.664119	False
NODE1GEN_235318_source_fixed_pose_mpnn_source_id_P500K__FIXED_POSE_MPNN__B52C2EC7CC64BFED	34		/data/qlyu/projects/pvrig_top7500_dualpanel_screen_v1_20260724/run/qc397_final50_fusion_developability_v1_20260726/final50_common4_bundle/representative_complexes/R34__NODE1GEN_235318_source_fixed_pose_mpnn_source_id_P500K__FIXED_POSE_MPNN__B52C2EC7CC64BFED__9e6y__s1931.pdb	A	1.000000	1.000000	6552.098078	5732.149516	819.948562	20	1178.557237	3	257.613593	3	243.891723	37.848557	False
NODE1GEN_235318_source_fixed_pose_mpnn_source_id_P500K__FIXED_POSE_MPNN__B52C2EC7CC64BFED	34		/data/qlyu/projects/pvrig_top7500_dualpanel_screen_v1_20260724/run/qc397_final50_fusion_developability_v1_20260726/final50_common4_bundle/representative_complexes/R34__NODE1GEN_235318_source_fixed_pose_mpnn_source_id_P500K__FIXED_POSE_MPNN__B52C2EC7CC64BFED__9e6y__s3047.pdb	A	1.000000	1.000000	6468.226560	5704.069102	764.157458	21	1155.714193	3	268.343179	3	244.399740	34.219689	False
NODE1GEN_235318_source_fixed_pose_mpnn_source_id_P500K__FIXED_POSE_MPNN__B52C2EC7CC64BFED	34		/data/qlyu/projects/pvrig_top7500_dualpanel_screen_v1_20260724/run/qc397_final50_fusion_developability_v1_20260726/final50_common4_bundle/representative_complexes/R34__NODE1GEN_235318_source_fixed_pose_mpnn_source_id_P500K__FIXED_POSE_MPNN__B52C2EC7CC64BFED__9e6y__s42.pdb	A	1.000000	1.000000	6513.585482	5646.355343	867.230138	8	431.847536	3	282.902597	2	207.494990	35.554061	False
NODE1GEN_235318_source_fixed_pose_mpnn_source_id_P500K__FIXED_POSE_MPNN__B52C2EC7CC64BFED	34		/data/qlyu/projects/pvrig_top7500_dualpanel_screen_v1_20260724/run/qc397_final50_fusion_developability_v1_20260726/final50_common4_bundle/representative_complexes/R34__NODE1GEN_235318_source_fixed_pose_mpnn_source_id_P500K__FIXED_POSE_MPNN__B52C2EC7CC64BFED__9e6y__s917.pdb	A	1.000000	1.000000	6478.852389	5735.539462	743.312927	15	837.132885	3	268.707897	3	244.399740	38.472937	False
P1MCPUFP__CPUFP500K_0289__00496	35		/data/qlyu/projects/pvrig_top7500_dualpanel_screen_v1_20260724/run/qc397_final50_fusion_developability_v1_20260726/final50_common4_bundle/representative_complexes/R35__P1MCPUFP__CPUFP500K_0289__00496__8x6b__s1931.pdb	A	1.000000	1.000000	6798.948804	6081.496734	717.452070	24	1271.240818	3	306.300425	1	136.690696	38.375769	False
P1MCPUFP__CPUFP500K_0289__00496	35		/data/qlyu/projects/pvrig_top7500_dualpanel_screen_v1_20260724/run/qc397_final50_fusion_developability_v1_20260726/final50_common4_bundle/representative_complexes/R35__P1MCPUFP__CPUFP500K_0289__00496__8x6b__s3047.pdb	A	1.000000	1.000000	6666.049884	5995.403189	670.646696	16	842.907823	3	314.985064	1	139.522319	36.945347	False
P1MCPUFP__CPUFP500K_0289__00496	35		/data/qlyu/projects/pvrig_top7500_dualpanel_screen_v1_20260724/run/qc397_final50_fusion_developability_v1_20260726/final50_common4_bundle/representative_complexes/R35__P1MCPUFP__CPUFP500K_0289__00496__8x6b__s42.pdb	A	1.000000	1.000000	6726.420237	5898.203464	828.216773	22	1213.831563	3	296.368280	1	137.287599	37.091564	False
P1MCPUFP__CPUFP500K_0289__00496	35		/data/qlyu/projects/pvrig_top7500_dualpanel_screen_v1_20260724/run/qc397_final50_fusion_developability_v1_20260726/final50_common4_bundle/representative_complexes/R35__P1MCPUFP__CPUFP500K_0289__00496__8x6b__s917.pdb	A	1.000000	1.000000	6679.054486	5861.491964	817.562522	24	1247.871452	3	299.189723	1	133.299054	37.591691	False
P1MCPUFP__CPUFP500K_0289__00496	35		/data/qlyu/projects/pvrig_top7500_dualpanel_screen_v1_20260724/run/qc397_final50_fusion_developability_v1_20260726/final50_common4_bundle/representative_complexes/R35__P1MCPUFP__CPUFP500K_0289__00496__9e6y__s1931.pdb	A	1.000000	1.000000	6649.192852	5841.004864	808.187989	17	853.907251	3	305.883410	1	131.883243	36.959296	False
P1MCPUFP__CPUFP500K_0289__00496	35		/data/qlyu/projects/pvrig_top7500_dualpanel_screen_v1_20260724/run/qc397_final50_fusion_developability_v1_20260726/final50_common4_bundle/representative_complexes/R35__P1MCPUFP__CPUFP500K_0289__00496__9e6y__s3047.pdb	A	1.000000	1.000000	6757.191613	6011.462759	745.728854	22	1215.710047	3	306.913852	1	137.060650	36.250880	False
P1MCPUFP__CPUFP500K_0289__00496	35		/data/qlyu/projects/pvrig_top7500_dualpanel_screen_v1_20260724/run/qc397_final50_fusion_developability_v1_20260726/final50_common4_bundle/representative_complexes/R35__P1MCPUFP__CPUFP500K_0289__00496__9e6y__s42.pdb	A	1.000000	1.000000	6698.425253	5916.821673	781.603580	20	1135.138961	3	306.828799	1	134.312971	36.409941	False
P1MCPUFP__CPUFP500K_0289__00496	35		/data/qlyu/projects/pvrig_top7500_dualpanel_screen_v1_20260724/run/qc397_final50_fusion_developability_v1_20260726/final50_common4_bundle/representative_complexes/R35__P1MCPUFP__CPUFP500K_0289__00496__9e6y__s917.pdb	A	1.000000	1.000000	6636.697796	5808.308906	828.388890	21	1245.423544	3	300.262284	1	140.351113	38.385332	False
P1MCPUFP__CPUFP500K_0091__00849	36		/data/qlyu/projects/pvrig_top7500_dualpanel_screen_v1_20260724/run/qc397_final50_fusion_developability_v1_20260726/final50_common4_bundle/representative_complexes/R36__P1MCPUFP__CPUFP500K_0091__00849__8x6b__s1931.pdb	A	1.000000	1.000000	6908.544479	6093.102259	815.442219	13	777.691711	3	309.338638	1	162.030280	34.964594	False
P1MCPUFP__CPUFP500K_0091__00849	36		/data/qlyu/projects/pvrig_top7500_dualpanel_screen_v1_20260724/run/qc397_final50_fusion_developability_v1_20260726/final50_common4_bundle/representative_complexes/R36__P1MCPUFP__CPUFP500K_0091__00849__8x6b__s3047.pdb	A	1.000000	1.000000	6836.907788	6042.700495	794.207294	21	1250.362966	3	326.745093	1	159.531730	35.789146	False
P1MCPUFP__CPUFP500K_0091__00849	36		/data/qlyu/projects/pvrig_top7500_dualpanel_screen_v1_20260724/run/qc397_final50_fusion_developability_v1_20260726/final50_common4_bundle/representative_complexes/R36__P1MCPUFP__CPUFP500K_0091__00849__8x6b__s42.pdb	A	1.000000	1.000000	6996.365418	6185.602999	810.762419	25	1375.515514	3	323.496456	1	174.045636	36.251103	False
P1MCPUFP__CPUFP500K_0091__00849	36		/data/qlyu/projects/pvrig_top7500_dualpanel_screen_v1_20260724/run/qc397_final50_fusion_developability_v1_20260726/final50_common4_bundle/representative_complexes/R36__P1MCPUFP__CPUFP500K_0091__00849__8x6b__s917.pdb	A	1.000000	1.000000	7034.447595	6267.755878	766.691717	17	893.202250	3	322.460777	1	158.353046	35.703100	False
P1MCPUFP__CPUFP500K_0091__00849	36		/data/qlyu/projects/pvrig_top7500_dualpanel_screen_v1_20260724/run/qc397_final50_fusion_developability_v1_20260726/final50_common4_bundle/representative_complexes/R36__P1MCPUFP__CPUFP500K_0091__00849__9e6y__s1931.pdb	A	1.000000	1.000000	6862.593513	6085.481153	777.112359	15	829.949214	3	316.844887	1	171.196233	35.318644	False
P1MCPUFP__CPUFP500K_0091__00849	36		/data/qlyu/projects/pvrig_top7500_dualpanel_screen_v1_20260724/run/qc397_final50_fusion_developability_v1_20260726/final50_common4_bundle/representative_complexes/R36__P1MCPUFP__CPUFP500K_0091__00849__9e6y__s3047.pdb	A	1.000000	1.000000	7024.658036	6142.310303	882.347734	23	1342.440303	3	314.098318	1	163.140142	35.530403	False
P1MCPUFP__CPUFP500K_0091__00849	36		/data/qlyu/projects/pvrig_top7500_dualpanel_screen_v1_20260724/run/qc397_final50_fusion_developability_v1_20260726/final50_common4_bundle/representative_complexes/R36__P1MCPUFP__CPUFP500K_0091__00849__9e6y__s42.pdb	A	1.000000	1.000000	6928.111679	6068.391581	859.720098	25	1350.663338	3	316.570584	1	167.895592	34.857743	False
P1MCPUFP__CPUFP500K_0091__00849	36		/data/qlyu/projects/pvrig_top7500_dualpanel_screen_v1_20260724/run/qc397_final50_fusion_developability_v1_20260726/final50_common4_bundle/representative_complexes/R36__P1MCPUFP__CPUFP500K_0091__00849__9e6y__s917.pdb	A	1.000000	1.000000	7041.958661	6292.586795	749.371866	18	938.379986	3	316.057918	1	137.954308	38.006469	False
NODE1GEN_076816_source_rfantibody_source_id_PVRIG_RFAb_v2_P4_ekg_L_bb155_mpn03_arm_P4_ekg_L_backbone_P4_ekg_L_bb155_status_NEEDS_RF2_AND_DOCKING	37		/data/qlyu/projects/pvrig_top7500_dualpanel_screen_v1_20260724/run/qc397_final50_fusion_developability_v1_20260726/final50_common4_bundle/representative_complexes/R37__NODE1GEN_076816__8x6b__s1931.pdb	A	1.000000	1.000000	6325.429738	5519.986433	805.443305	9	478.864193	3	262.398699	5	470.655232	32.264603	False
NODE1GEN_076816_source_rfantibody_source_id_PVRIG_RFAb_v2_P4_ekg_L_bb155_mpn03_arm_P4_ekg_L_backbone_P4_ekg_L_bb155_status_NEEDS_RF2_AND_DOCKING	37		/data/qlyu/projects/pvrig_top7500_dualpanel_screen_v1_20260724/run/qc397_final50_fusion_developability_v1_20260726/final50_common4_bundle/representative_complexes/R37__NODE1GEN_076816__8x6b__s3047.pdb	A	1.000000	1.000000	6376.790673	5624.471532	752.319141	9	546.195937	3	319.418836	5	484.546517	32.489257	False
NODE1GEN_076816_source_rfantibody_source_id_PVRIG_RFAb_v2_P4_ekg_L_bb155_mpn03_arm_P4_ekg_L_backbone_P4_ekg_L_bb155_status_NEEDS_RF2_AND_DOCKING	37		/data/qlyu/projects/pvrig_top7500_dualpanel_screen_v1_20260724/run/qc397_final50_fusion_developability_v1_20260726/final50_common4_bundle/representative_complexes/R37__NODE1GEN_076816__8x6b__s42.pdb	A	1.000000	1.000000	6288.421525	5603.032864	685.388661	9	557.044359	3	223.237469	5	466.981935	30.796946	False
NODE1GEN_076816_source_rfantibody_source_id_PVRIG_RFAb_v2_P4_ekg_L_bb155_mpn03_arm_P4_ekg_L_backbone_P4_ekg_L_bb155_status_NEEDS_RF2_AND_DOCKING	37		/data/qlyu/projects/pvrig_top7500_dualpanel_screen_v1_20260724/run/qc397_final50_fusion_developability_v1_20260726/final50_common4_bundle/representative_complexes/R37__NODE1GEN_076816__8x6b__s917.pdb	A	1.000000	1.000000	6386.618371	5628.630917	757.987453	8	527.275319	3	254.870982	5	473.693278	34.873407	False
NODE1GEN_076816_source_rfantibody_source_id_PVRIG_RFAb_v2_P4_ekg_L_bb155_mpn03_arm_P4_ekg_L_backbone_P4_ekg_L_bb155_status_NEEDS_RF2_AND_DOCKING	37		/data/qlyu/projects/pvrig_top7500_dualpanel_screen_v1_20260724/run/qc397_final50_fusion_developability_v1_20260726/final50_common4_bundle/representative_complexes/R37__NODE1GEN_076816__9e6y__s1931.pdb	A	1.000000	1.000000	6390.704138	5696.786450	693.917687	8	499.936007	3	258.136144	5	478.967216	35.153643	False
NODE1GEN_076816_source_rfantibody_source_id_PVRIG_RFAb_v2_P4_ekg_L_bb155_mpn03_arm_P4_ekg_L_backbone_P4_ekg_L_bb155_status_NEEDS_RF2_AND_DOCKING	37		/data/qlyu/projects/pvrig_top7500_dualpanel_screen_v1_20260724/run/qc397_final50_fusion_developability_v1_20260726/final50_common4_bundle/representative_complexes/R37__NODE1GEN_076816__9e6y__s3047.pdb	A	1.000000	1.000000	6333.548368	5676.858428	656.689940	10	684.146329	3	269.731825	7	657.016812	29.043515	False
NODE1GEN_076816_source_rfantibody_source_id_PVRIG_RFAb_v2_P4_ekg_L_bb155_mpn03_arm_P4_ekg_L_backbone_P4_ekg_L_bb155_status_NEEDS_RF2_AND_DOCKING	37		/data/qlyu/projects/pvrig_top7500_dualpanel_screen_v1_20260724/run/qc397_final50_fusion_developability_v1_20260726/final50_common4_bundle/representative_complexes/R37__NODE1GEN_076816__9e6y__s42.pdb	A	1.000000	1.000000	6243.130734	5435.234809	807.895925	10	546.820549	3	248.045579	5	426.585243	34.235714	False
NODE1GEN_076816_source_rfantibody_source_id_PVRIG_RFAb_v2_P4_ekg_L_bb155_mpn03_arm_P4_ekg_L_backbone_P4_ekg_L_bb155_status_NEEDS_RF2_AND_DOCKING	37		/data/qlyu/projects/pvrig_top7500_dualpanel_screen_v1_20260724/run/qc397_final50_fusion_developability_v1_20260726/final50_common4_bundle/representative_complexes/R37__NODE1GEN_076816__9e6y__s917.pdb	A	1.000000	1.000000	6495.818728	5853.688814	642.129915	9	562.285353	3	247.295492	5	479.189222	38.357028	False
P1MCPUFP__CPUFP500K_0388__00174	38		/data/qlyu/projects/pvrig_top7500_dualpanel_screen_v1_20260724/run/qc397_final50_fusion_developability_v1_20260726/final50_common4_bundle/representative_complexes/R38__P1MCPUFP__CPUFP500K_0388__00174__8x6b__s1931.pdb	A	1.000000	1.000000	6775.706045	6047.744950	727.961095	19	1211.079297	3	308.646210	1	146.493240	34.246435	False
P1MCPUFP__CPUFP500K_0388__00174	38		/data/qlyu/projects/pvrig_top7500_dualpanel_screen_v1_20260724/run/qc397_final50_fusion_developability_v1_20260726/final50_common4_bundle/representative_complexes/R38__P1MCPUFP__CPUFP500K_0388__00174__8x6b__s3047.pdb	A	1.000000	1.000000	6675.365377	5810.130631	865.234745	17	1090.630258	3	323.232332	1	148.748611	31.608419	False
P1MCPUFP__CPUFP500K_0388__00174	38		/data/qlyu/projects/pvrig_top7500_dualpanel_screen_v1_20260724/run/qc397_final50_fusion_developability_v1_20260726/final50_common4_bundle/representative_complexes/R38__P1MCPUFP__CPUFP500K_0388__00174__8x6b__s42.pdb	A	1.000000	1.000000	6819.317969	5986.109792	833.208177	19	1164.640296	3	327.226113	1	165.079929	33.712289	False
P1MCPUFP__CPUFP500K_0388__00174	38		/data/qlyu/projects/pvrig_top7500_dualpanel_screen_v1_20260724/run/qc397_final50_fusion_developability_v1_20260726/final50_common4_bundle/representative_complexes/R38__P1MCPUFP__CPUFP500K_0388__00174__8x6b__s917.pdb	A	1.000000	1.000000	6768.951558	6024.519511	744.432047	17	1082.481993	3	320.775899	1	166.051184	29.401854	False
P1MCPUFP__CPUFP500K_0388__00174	38		/data/qlyu/projects/pvrig_top7500_dualpanel_screen_v1_20260724/run/qc397_final50_fusion_developability_v1_20260726/final50_common4_bundle/representative_complexes/R38__P1MCPUFP__CPUFP500K_0388__00174__9e6y__s1931.pdb	A	1.000000	1.000000	6832.222271	6010.690723	821.531547	17	1127.874132	3	321.441624	1	136.846687	33.499582	False
P1MCPUFP__CPUFP500K_0388__00174	38		/data/qlyu/projects/pvrig_top7500_dualpanel_screen_v1_20260724/run/qc397_final50_fusion_developability_v1_20260726/final50_common4_bundle/representative_complexes/R38__P1MCPUFP__CPUFP500K_0388__00174__9e6y__s3047.pdb	A	1.000000	1.000000	6783.659741	5979.527297	804.132444	17	1130.461108	3	301.857689	1	157.677143	34.846452	False
P1MCPUFP__CPUFP500K_0388__00174	38		/data/qlyu/projects/pvrig_top7500_dualpanel_screen_v1_20260724/run/qc397_final50_fusion_developability_v1_20260726/final50_common4_bundle/representative_complexes/R38__P1MCPUFP__CPUFP500K_0388__00174__9e6y__s42.pdb	A	1.000000	1.000000	6852.767239	6195.674128	657.093111	17	1090.028580	3	318.578355	1	185.161408	31.547521	False
P1MCPUFP__CPUFP500K_0388__00174	38		/data/qlyu/projects/pvrig_top7500_dualpanel_screen_v1_20260724/run/qc397_final50_fusion_developability_v1_20260726/final50_common4_bundle/representative_complexes/R38__P1MCPUFP__CPUFP500K_0388__00174__9e6y__s917.pdb	A	1.000000	1.000000	6715.394001	6045.579722	669.814278	17	1088.459711	3	315.307957	1	128.927255	30.089053	False
P1MCPUFP__CPUFP500K_0487__00827	39		/data/qlyu/projects/pvrig_top7500_dualpanel_screen_v1_20260724/run/qc397_final50_fusion_developability_v1_20260726/final50_common4_bundle/representative_complexes/R39__P1MCPUFP__CPUFP500K_0487__00827__8x6b__s1931.pdb	A	1.000000	1.000000	6301.283583	5614.509019	686.774564	13	749.744438	3	309.871955	1	123.070426	36.659904	False
P1MCPUFP__CPUFP500K_0487__00827	39		/data/qlyu/projects/pvrig_top7500_dualpanel_screen_v1_20260724/run/qc397_final50_fusion_developability_v1_20260726/final50_common4_bundle/representative_complexes/R39__P1MCPUFP__CPUFP500K_0487__00827__8x6b__s3047.pdb	A	1.000000	1.000000	6362.474708	5739.180945	623.293763	12	757.943555	3	316.765887	1	118.105139	34.587109	False
P1MCPUFP__CPUFP500K_0487__00827	39		/data/qlyu/projects/pvrig_top7500_dualpanel_screen_v1_20260724/run/qc397_final50_fusion_developability_v1_20260726/final50_common4_bundle/representative_complexes/R39__P1MCPUFP__CPUFP500K_0487__00827__8x6b__s42.pdb	A	1.000000	1.000000	6272.196791	5429.314645	842.882146	11	683.062710	3	306.290246	1	123.105193	29.604555	False
P1MCPUFP__CPUFP500K_0487__00827	39		/data/qlyu/projects/pvrig_top7500_dualpanel_screen_v1_20260724/run/qc397_final50_fusion_developability_v1_20260726/final50_common4_bundle/representative_complexes/R39__P1MCPUFP__CPUFP500K_0487__00827__8x6b__s917.pdb	A	1.000000	1.000000	6128.623703	5517.506334	611.117368	11	670.679305	3	311.467360	1	124.550116	28.038079	False
P1MCPUFP__CPUFP500K_0487__00827	39		/data/qlyu/projects/pvrig_top7500_dualpanel_screen_v1_20260724/run/qc397_final50_fusion_developability_v1_20260726/final50_common4_bundle/representative_complexes/R39__P1MCPUFP__CPUFP500K_0487__00827__9e6y__s1931.pdb	A	1.000000	1.000000	6197.661730	5568.360237	629.301493	13	735.861153	3	320.004052	1	127.213852	26.418989	False
P1MCPUFP__CPUFP500K_0487__00827	39		/data/qlyu/projects/pvrig_top7500_dualpanel_screen_v1_20260724/run/qc397_final50_fusion_developability_v1_20260726/final50_common4_bundle/representative_complexes/R39__P1MCPUFP__CPUFP500K_0487__00827__9e6y__s3047.pdb	A	1.000000	1.000000	6256.170961	5528.905582	727.265379	7	442.837120	3	309.649949	1	125.226145	29.578340	False
P1MCPUFP__CPUFP500K_0487__00827	39		/data/qlyu/projects/pvrig_top7500_dualpanel_screen_v1_20260724/run/qc397_final50_fusion_developability_v1_20260726/final50_common4_bundle/representative_complexes/R39__P1MCPUFP__CPUFP500K_0487__00827__9e6y__s42.pdb	A	1.000000	1.000000	6145.833955	5465.080839	680.753115	12	701.357020	3	300.447114	1	126.416704	35.149261	False
P1MCPUFP__CPUFP500K_0487__00827	39		/data/qlyu/projects/pvrig_top7500_dualpanel_screen_v1_20260724/run/qc397_final50_fusion_developability_v1_20260726/final50_common4_bundle/representative_complexes/R39__P1MCPUFP__CPUFP500K_0487__00827__9e6y__s917.pdb	A	1.000000	1.000000	6109.376296	5467.536434	641.839862	6	371.452826	3	306.406255	1	122.675465	26.404304	False
NODE1GEN_136300_source_rfantibody_source_id_PVRIG_RFAb_v2_P6_qkg_L_bb255_mpn02_arm_P6_qkg_L_backbone_P6_qkg_L_bb255_status_NEEDS_RF2_AND_DOCKING	40		/data/qlyu/projects/pvrig_top7500_dualpanel_screen_v1_20260724/run/qc397_final50_fusion_developability_v1_20260726/final50_common4_bundle/representative_complexes/R40__NODE1GEN_136300__8x6b__s1931.pdb	A	1.000000	1.000000	6283.065131	5596.424713	686.640418	11	518.129598	5	385.655045	1	117.856136	35.977992	False
NODE1GEN_136300_source_rfantibody_source_id_PVRIG_RFAb_v2_P6_qkg_L_bb255_mpn02_arm_P6_qkg_L_backbone_P6_qkg_L_bb255_status_NEEDS_RF2_AND_DOCKING	40		/data/qlyu/projects/pvrig_top7500_dualpanel_screen_v1_20260724/run/qc397_final50_fusion_developability_v1_20260726/final50_common4_bundle/representative_complexes/R40__NODE1GEN_136300__8x6b__s3047.pdb	A	1.000000	1.000000	6320.211008	5668.397009	651.814000	11	483.434980	5	382.822836	1	110.629133	31.776997	False
NODE1GEN_136300_source_rfantibody_source_id_PVRIG_RFAb_v2_P6_qkg_L_bb255_mpn02_arm_P6_qkg_L_backbone_P6_qkg_L_bb255_status_NEEDS_RF2_AND_DOCKING	40		/data/qlyu/projects/pvrig_top7500_dualpanel_screen_v1_20260724/run/qc397_final50_fusion_developability_v1_20260726/final50_common4_bundle/representative_complexes/R40__NODE1GEN_136300__8x6b__s42.pdb	A	1.000000	1.000000	6253.829407	5493.960077	759.869330	8	398.565231	3	285.702279	2	171.996752	33.413005	False
NODE1GEN_136300_source_rfantibody_source_id_PVRIG_RFAb_v2_P6_qkg_L_bb255_mpn02_arm_P6_qkg_L_backbone_P6_qkg_L_bb255_status_NEEDS_RF2_AND_DOCKING	40		/data/qlyu/projects/pvrig_top7500_dualpanel_screen_v1_20260724/run/qc397_final50_fusion_developability_v1_20260726/final50_common4_bundle/representative_complexes/R40__NODE1GEN_136300__8x6b__s917.pdb	A	1.000000	1.000000	6408.587758	5590.152272	818.435487	8	402.600712	5	404.854323	1	114.427612	33.563862	False
NODE1GEN_136300_source_rfantibody_source_id_PVRIG_RFAb_v2_P6_qkg_L_bb255_mpn02_arm_P6_qkg_L_backbone_P6_qkg_L_bb255_status_NEEDS_RF2_AND_DOCKING	40		/data/qlyu/projects/pvrig_top7500_dualpanel_screen_v1_20260724/run/qc397_final50_fusion_developability_v1_20260726/final50_common4_bundle/representative_complexes/R40__NODE1GEN_136300__9e6y__s1931.pdb	A	1.000000	1.000000	6289.914955	5534.480422	755.434532	9	410.242028	5	365.328081	1	113.830709	33.684656	False
NODE1GEN_136300_source_rfantibody_source_id_PVRIG_RFAb_v2_P6_qkg_L_bb255_mpn02_arm_P6_qkg_L_backbone_P6_qkg_L_bb255_status_NEEDS_RF2_AND_DOCKING	40		/data/qlyu/projects/pvrig_top7500_dualpanel_screen_v1_20260724/run/qc397_final50_fusion_developability_v1_20260726/final50_common4_bundle/representative_complexes/R40__NODE1GEN_136300__9e6y__s3047.pdb	A	1.000000	1.000000	6260.982688	5421.943421	839.039266	11	525.583550	5	383.316024	1	119.641901	33.895105	False
NODE1GEN_136300_source_rfantibody_source_id_PVRIG_RFAb_v2_P6_qkg_L_bb255_mpn02_arm_P6_qkg_L_backbone_P6_qkg_L_bb255_status_NEEDS_RF2_AND_DOCKING	40		/data/qlyu/projects/pvrig_top7500_dualpanel_screen_v1_20260724/run/qc397_final50_fusion_developability_v1_20260726/final50_common4_bundle/representative_complexes/R40__NODE1GEN_136300__9e6y__s42.pdb	A	1.000000	1.000000	6386.655211	5698.252757	688.402454	8	386.869082	5	369.235217	1	123.499442	30.467358	False
NODE1GEN_136300_source_rfantibody_source_id_PVRIG_RFAb_v2_P6_qkg_L_bb255_mpn02_arm_P6_qkg_L_backbone_P6_qkg_L_bb255_status_NEEDS_RF2_AND_DOCKING	40		/data/qlyu/projects/pvrig_top7500_dualpanel_screen_v1_20260724/run/qc397_final50_fusion_developability_v1_20260726/final50_common4_bundle/representative_complexes/R40__NODE1GEN_136300__9e6y__s917.pdb	A	1.000000	1.000000	6283.371206	5506.064486	777.306719	9	414.208394	5	392.597860	1	119.641901	34.204131	False
NODE1GEN_095824_source_rfantibody_source_id_PVRIG_RFAb_v2_P4_qrg_L_bb358_mpn04_arm_P4_qrg_L_backbone_P4_qrg_L_bb358_status_NEEDS_RF2_AND_DOCKING	41		/data/qlyu/projects/pvrig_top7500_dualpanel_screen_v1_20260724/run/qc397_final50_fusion_developability_v1_20260726/final50_common4_bundle/representative_complexes/R41__NODE1GEN_095824__8x6b__s1931.pdb	A	1.000000	1.000000	6365.248210	5489.425250	875.822960	13	736.030045	5	372.580783	3	275.807959	34.785613	False
NODE1GEN_095824_source_rfantibody_source_id_PVRIG_RFAb_v2_P4_qrg_L_bb358_mpn04_arm_P4_qrg_L_backbone_P4_qrg_L_bb358_status_NEEDS_RF2_AND_DOCKING	41		/data/qlyu/projects/pvrig_top7500_dualpanel_screen_v1_20260724/run/qc397_final50_fusion_developability_v1_20260726/final50_common4_bundle/representative_complexes/R41__NODE1GEN_095824__8x6b__s3047.pdb	A	1.000000	1.000000	6323.484464	5426.791464	896.693000	13	728.050379	5	361.914657	2	223.263628	35.036890	False
NODE1GEN_095824_source_rfantibody_source_id_PVRIG_RFAb_v2_P4_qrg_L_bb358_mpn04_arm_P4_qrg_L_backbone_P4_qrg_L_bb358_status_NEEDS_RF2_AND_DOCKING	41		/data/qlyu/projects/pvrig_top7500_dualpanel_screen_v1_20260724/run/qc397_final50_fusion_developability_v1_20260726/final50_common4_bundle/representative_complexes/R41__NODE1GEN_095824__8x6b__s42.pdb	A	1.000000	1.000000	6301.937976	5378.746459	923.191517	13	680.736863	5	360.926752	2	224.785562	35.317780	False
NODE1GEN_095824_source_rfantibody_source_id_PVRIG_RFAb_v2_P4_qrg_L_bb358_mpn04_arm_P4_qrg_L_backbone_P4_qrg_L_bb358_status_NEEDS_RF2_AND_DOCKING	41		/data/qlyu/projects/pvrig_top7500_dualpanel_screen_v1_20260724/run/qc397_final50_fusion_developability_v1_20260726/final50_common4_bundle/representative_complexes/R41__NODE1GEN_095824__8x6b__s917.pdb	A	1.000000	1.000000	6329.922383	5361.881510	968.040873	14	685.051128	5	379.289885	2	214.250859	35.317191	False
NODE1GEN_095824_source_rfantibody_source_id_PVRIG_RFAb_v2_P4_qrg_L_bb358_mpn04_arm_P4_qrg_L_backbone_P4_qrg_L_bb358_status_NEEDS_RF2_AND_DOCKING	41		/data/qlyu/projects/pvrig_top7500_dualpanel_screen_v1_20260724/run/qc397_final50_fusion_developability_v1_20260726/final50_common4_bundle/representative_complexes/R41__NODE1GEN_095824__9e6y__s1931.pdb	A	1.000000	1.000000	6361.948072	5488.857439	873.090633	13	756.869088	5	367.842151	3	268.595658	34.593765	False
NODE1GEN_095824_source_rfantibody_source_id_PVRIG_RFAb_v2_P4_qrg_L_bb358_mpn04_arm_P4_qrg_L_backbone_P4_qrg_L_bb358_status_NEEDS_RF2_AND_DOCKING	41		/data/qlyu/projects/pvrig_top7500_dualpanel_screen_v1_20260724/run/qc397_final50_fusion_developability_v1_20260726/final50_common4_bundle/representative_complexes/R41__NODE1GEN_095824__9e6y__s3047.pdb	A	1.000000	1.000000	6411.822573	5510.221065	901.601508	10	573.707911	5	360.097665	3	257.802360	34.870437	False
NODE1GEN_095824_source_rfantibody_source_id_PVRIG_RFAb_v2_P4_qrg_L_bb358_mpn04_arm_P4_qrg_L_backbone_P4_qrg_L_bb358_status_NEEDS_RF2_AND_DOCKING	41		/data/qlyu/projects/pvrig_top7500_dualpanel_screen_v1_20260724/run/qc397_final50_fusion_developability_v1_20260726/final50_common4_bundle/representative_complexes/R41__NODE1GEN_095824__9e6y__s42.pdb	A	1.000000	1.000000	6330.383255	5572.862537	757.520717	16	1031.926919	5	363.198354	2	241.651474	34.801633	False
NODE1GEN_095824_source_rfantibody_source_id_PVRIG_RFAb_v2_P4_qrg_L_bb358_mpn04_arm_P4_qrg_L_backbone_P4_qrg_L_bb358_status_NEEDS_RF2_AND_DOCKING	41		/data/qlyu/projects/pvrig_top7500_dualpanel_screen_v1_20260724/run/qc397_final50_fusion_developability_v1_20260726/final50_common4_bundle/representative_complexes/R41__NODE1GEN_095824__9e6y__s917.pdb	A	1.000000	1.000000	6305.500124	5343.409679	962.090445	13	706.468015	5	371.619163	3	261.151885	34.431443	False
NODE1GEN_017313_source_rfantibody_source_id_PVRIG_RFAb_v2_P1_qrg_L_bb054_mpn00_arm_P1_qrg_L_backbone_P1_qrg_L_bb054_status_NEEDS_RF2_AND_DOCKING	42		/data/qlyu/projects/pvrig_top7500_dualpanel_screen_v1_20260724/run/qc397_final50_fusion_developability_v1_20260726/final50_common4_bundle/representative_complexes/R42__NODE1GEN_017313__8x6b__s1931.pdb	A	1.000000	1.000000	6118.666467	5342.501696	776.164771	14	798.613524	2	163.014562	2	150.665631	30.851353	False
NODE1GEN_017313_source_rfantibody_source_id_PVRIG_RFAb_v2_P1_qrg_L_bb054_mpn00_arm_P1_qrg_L_backbone_P1_qrg_L_bb054_status_NEEDS_RF2_AND_DOCKING	42		/data/qlyu/projects/pvrig_top7500_dualpanel_screen_v1_20260724/run/qc397_final50_fusion_developability_v1_20260726/final50_common4_bundle/representative_complexes/R42__NODE1GEN_017313__8x6b__s3047.pdb	A	1.000000	1.000000	6217.192048	5443.219145	773.972903	8	578.133829	2	162.190711	2	128.432664	31.555540	False
NODE1GEN_017313_source_rfantibody_source_id_PVRIG_RFAb_v2_P1_qrg_L_bb054_mpn00_arm_P1_qrg_L_backbone_P1_qrg_L_bb054_status_NEEDS_RF2_AND_DOCKING	42		/data/qlyu/projects/pvrig_top7500_dualpanel_screen_v1_20260724/run/qc397_final50_fusion_developability_v1_20260726/final50_common4_bundle/representative_complexes/R42__NODE1GEN_017313__8x6b__s42.pdb	A	1.000000	1.000000	6137.076640	5428.036477	709.040162	8	621.387025	3	244.770825	2	123.415499	31.193994	False
NODE1GEN_017313_source_rfantibody_source_id_PVRIG_RFAb_v2_P1_qrg_L_bb054_mpn00_arm_P1_qrg_L_backbone_P1_qrg_L_bb054_status_NEEDS_RF2_AND_DOCKING	42		/data/qlyu/projects/pvrig_top7500_dualpanel_screen_v1_20260724/run/qc397_final50_fusion_developability_v1_20260726/final50_common4_bundle/representative_complexes/R42__NODE1GEN_017313__8x6b__s917.pdb	A	1.000000	1.000000	6164.487098	5391.175752	773.311346	7	558.028872	2	158.254169	2	128.545845	30.698041	False
NODE1GEN_017313_source_rfantibody_source_id_PVRIG_RFAb_v2_P1_qrg_L_bb054_mpn00_arm_P1_qrg_L_backbone_P1_qrg_L_bb054_status_NEEDS_RF2_AND_DOCKING	42		/data/qlyu/projects/pvrig_top7500_dualpanel_screen_v1_20260724/run/qc397_final50_fusion_developability_v1_20260726/final50_common4_bundle/representative_complexes/R42__NODE1GEN_017313__9e6y__s1931.pdb	A	1.000000	1.000000	6264.688406	5470.242728	794.445678	9	400.033214	2	155.930564	2	128.067527	32.887496	False
NODE1GEN_017313_source_rfantibody_source_id_PVRIG_RFAb_v2_P1_qrg_L_bb054_mpn00_arm_P1_qrg_L_backbone_P1_qrg_L_bb054_status_NEEDS_RF2_AND_DOCKING	42		/data/qlyu/projects/pvrig_top7500_dualpanel_screen_v1_20260724/run/qc397_final50_fusion_developability_v1_20260726/final50_common4_bundle/representative_complexes/R42__NODE1GEN_017313__9e6y__s3047.pdb	A	1.000000	1.000000	6136.291283	5363.936447	772.354836	8	591.643159	3	239.778247	2	121.062655	31.380422	False
NODE1GEN_017313_source_rfantibody_source_id_PVRIG_RFAb_v2_P1_qrg_L_bb054_mpn00_arm_P1_qrg_L_backbone_P1_qrg_L_bb054_status_NEEDS_RF2_AND_DOCKING	42		/data/qlyu/projects/pvrig_top7500_dualpanel_screen_v1_20260724/run/qc397_final50_fusion_developability_v1_20260726/final50_common4_bundle/representative_complexes/R42__NODE1GEN_017313__9e6y__s42.pdb	A	1.000000	1.000000	6234.847003	5539.061618	695.785385	8	605.574028	3	258.136437	2	135.461957	34.419022	False
NODE1GEN_017313_source_rfantibody_source_id_PVRIG_RFAb_v2_P1_qrg_L_bb054_mpn00_arm_P1_qrg_L_backbone_P1_qrg_L_bb054_status_NEEDS_RF2_AND_DOCKING	42		/data/qlyu/projects/pvrig_top7500_dualpanel_screen_v1_20260724/run/qc397_final50_fusion_developability_v1_20260726/final50_common4_bundle/representative_complexes/R42__NODE1GEN_017313__9e6y__s917.pdb	A	1.000000	1.000000	6131.696830	5379.412603	752.284227	8	569.604196	3	236.386605	2	125.344269	28.733456	False
NODE1GEN_109783_source_rfantibody_source_id_PVRIG_RFAb_v2_P5_qkg_L_bb121_mpn06_arm_P5_qkg_L_backbone_P5_qkg_L_bb121_status_NEEDS_RF2_AND_DOCKING	43		/data/qlyu/projects/pvrig_top7500_dualpanel_screen_v1_20260724/run/qc397_final50_fusion_developability_v1_20260726/final50_common4_bundle/representative_complexes/R43__NODE1GEN_109783__8x6b__s1931.pdb	A	1.000000	1.000000	5998.710029	5255.728268	742.981762	8	360.883691	5	374.451078	2	170.447822	32.551929	False
NODE1GEN_109783_source_rfantibody_source_id_PVRIG_RFAb_v2_P5_qkg_L_bb121_mpn06_arm_P5_qkg_L_backbone_P5_qkg_L_bb121_status_NEEDS_RF2_AND_DOCKING	43		/data/qlyu/projects/pvrig_top7500_dualpanel_screen_v1_20260724/run/qc397_final50_fusion_developability_v1_20260726/final50_common4_bundle/representative_complexes/R43__NODE1GEN_109783__8x6b__s3047.pdb	A	1.000000	1.000000	6175.981725	5409.682393	766.299333	9	434.177697	5	377.403945	2	166.417451	35.509031	False
NODE1GEN_109783_source_rfantibody_source_id_PVRIG_RFAb_v2_P5_qkg_L_bb121_mpn06_arm_P5_qkg_L_backbone_P5_qkg_L_bb121_status_NEEDS_RF2_AND_DOCKING	43		/data/qlyu/projects/pvrig_top7500_dualpanel_screen_v1_20260724/run/qc397_final50_fusion_developability_v1_20260726/final50_common4_bundle/representative_complexes/R43__NODE1GEN_109783__8x6b__s42.pdb	A	1.000000	1.000000	6150.990146	5425.209526	725.780620	7	370.318418	5	382.813244	2	162.170018	32.952462	False
NODE1GEN_109783_source_rfantibody_source_id_PVRIG_RFAb_v2_P5_qkg_L_bb121_mpn06_arm_P5_qkg_L_backbone_P5_qkg_L_bb121_status_NEEDS_RF2_AND_DOCKING	43		/data/qlyu/projects/pvrig_top7500_dualpanel_screen_v1_20260724/run/qc397_final50_fusion_developability_v1_20260726/final50_common4_bundle/representative_complexes/R43__NODE1GEN_109783__8x6b__s917.pdb	A	1.000000	1.000000	6104.219099	5350.133609	754.085491	8	390.667560	3	293.320998	2	153.241193	32.875967	False
NODE1GEN_109783_source_rfantibody_source_id_PVRIG_RFAb_v2_P5_qkg_L_bb121_mpn06_arm_P5_qkg_L_backbone_P5_qkg_L_bb121_status_NEEDS_RF2_AND_DOCKING	43		/data/qlyu/projects/pvrig_top7500_dualpanel_screen_v1_20260724/run/qc397_final50_fusion_developability_v1_20260726/final50_common4_bundle/representative_complexes/R43__NODE1GEN_109783__9e6y__s1931.pdb	A	1.000000	1.000000	6109.025443	5378.786106	730.239336	9	413.305542	5	391.672828	2	162.614030	33.546446	False
NODE1GEN_109783_source_rfantibody_source_id_PVRIG_RFAb_v2_P5_qkg_L_bb121_mpn06_arm_P5_qkg_L_backbone_P5_qkg_L_bb121_status_NEEDS_RF2_AND_DOCKING	43		/data/qlyu/projects/pvrig_top7500_dualpanel_screen_v1_20260724/run/qc397_final50_fusion_developability_v1_20260726/final50_common4_bundle/representative_complexes/R43__NODE1GEN_109783__9e6y__s3047.pdb	A	1.000000	1.000000	6110.942924	5570.353724	540.589200	9	424.848801	5	358.554556	2	168.065154	35.518860	False
NODE1GEN_109783_source_rfantibody_source_id_PVRIG_RFAb_v2_P5_qkg_L_bb121_mpn06_arm_P5_qkg_L_backbone_P5_qkg_L_bb121_status_NEEDS_RF2_AND_DOCKING	43		/data/qlyu/projects/pvrig_top7500_dualpanel_screen_v1_20260724/run/qc397_final50_fusion_developability_v1_20260726/final50_common4_bundle/representative_complexes/R43__NODE1GEN_109783__9e6y__s42.pdb	A	1.000000	1.000000	6112.241428	5274.357053	837.884375	9	444.822879	5	361.432946	2	172.904547	29.782709	False
NODE1GEN_109783_source_rfantibody_source_id_PVRIG_RFAb_v2_P5_qkg_L_bb121_mpn06_arm_P5_qkg_L_backbone_P5_qkg_L_bb121_status_NEEDS_RF2_AND_DOCKING	43		/data/qlyu/projects/pvrig_top7500_dualpanel_screen_v1_20260724/run/qc397_final50_fusion_developability_v1_20260726/final50_common4_bundle/representative_complexes/R43__NODE1GEN_109783__9e6y__s917.pdb	A	1.000000	1.000000	6005.086981	5291.659061	713.427920	15	866.319705	5	383.294138	2	141.051730	32.002168	False
NODE1GEN_100102_source_rfantibody_source_id_PVRIG_RFAb_v2_P5_ekg_L_bb007_mpn10_arm_P5_ekg_L_backbone_P5_ekg_L_bb007_status_NEEDS_RF2_AND_DOCKING	44		/data/qlyu/projects/pvrig_top7500_dualpanel_screen_v1_20260724/run/qc397_final50_fusion_developability_v1_20260726/final50_common4_bundle/representative_complexes/R44__NODE1GEN_100102__8x6b__s1931.pdb	A	1.000000	1.000000	6227.105574	5532.303320	694.802255	7	435.043499	5	374.298187	3	272.873795	33.031693	False
NODE1GEN_100102_source_rfantibody_source_id_PVRIG_RFAb_v2_P5_ekg_L_bb007_mpn10_arm_P5_ekg_L_backbone_P5_ekg_L_bb007_status_NEEDS_RF2_AND_DOCKING	44		/data/qlyu/projects/pvrig_top7500_dualpanel_screen_v1_20260724/run/qc397_final50_fusion_developability_v1_20260726/final50_common4_bundle/representative_complexes/R44__NODE1GEN_100102__8x6b__s3047.pdb	A	1.000000	1.000000	6305.039399	5639.112653	665.926746	14	868.940086	5	373.462461	3	108.831074	36.783485	False
NODE1GEN_100102_source_rfantibody_source_id_PVRIG_RFAb_v2_P5_ekg_L_bb007_mpn10_arm_P5_ekg_L_backbone_P5_ekg_L_bb007_status_NEEDS_RF2_AND_DOCKING	44		/data/qlyu/projects/pvrig_top7500_dualpanel_screen_v1_20260724/run/qc397_final50_fusion_developability_v1_20260726/final50_common4_bundle/representative_complexes/R44__NODE1GEN_100102__8x6b__s42.pdb	A	1.000000	1.000000	6325.877394	5583.678119	742.199275	14	922.483967	3	261.660488	3	110.473833	35.482976	False
NODE1GEN_100102_source_rfantibody_source_id_PVRIG_RFAb_v2_P5_ekg_L_bb007_mpn10_arm_P5_ekg_L_backbone_P5_ekg_L_bb007_status_NEEDS_RF2_AND_DOCKING	44		/data/qlyu/projects/pvrig_top7500_dualpanel_screen_v1_20260724/run/qc397_final50_fusion_developability_v1_20260726/final50_common4_bundle/representative_complexes/R44__NODE1GEN_100102__8x6b__s917.pdb	A	1.000000	1.000000	6315.139556	5609.631738	705.507818	13	853.706294	3	278.803111	2	157.294203	36.344078	False
NODE1GEN_100102_source_rfantibody_source_id_PVRIG_RFAb_v2_P5_ekg_L_bb007_mpn10_arm_P5_ekg_L_backbone_P5_ekg_L_bb007_status_NEEDS_RF2_AND_DOCKING	44		/data/qlyu/projects/pvrig_top7500_dualpanel_screen_v1_20260724/run/qc397_final50_fusion_developability_v1_20260726/final50_common4_bundle/representative_complexes/R44__NODE1GEN_100102__9e6y__s1931.pdb	A	1.000000	1.000000	6204.008041	5440.577988	763.430053	14	976.883597	5	350.545527	3	267.881511	33.821050	False
NODE1GEN_100102_source_rfantibody_source_id_PVRIG_RFAb_v2_P5_ekg_L_bb007_mpn10_arm_P5_ekg_L_backbone_P5_ekg_L_bb007_status_NEEDS_RF2_AND_DOCKING	44		/data/qlyu/projects/pvrig_top7500_dualpanel_screen_v1_20260724/run/qc397_final50_fusion_developability_v1_20260726/final50_common4_bundle/representative_complexes/R44__NODE1GEN_100102__9e6y__s3047.pdb	A	1.000000	1.000000	6437.809366	5764.222643	673.586724	14	929.873747	5	377.811074	2	162.651499	35.953474	False
NODE1GEN_100102_source_rfantibody_source_id_PVRIG_RFAb_v2_P5_ekg_L_bb007_mpn10_arm_P5_ekg_L_backbone_P5_ekg_L_bb007_status_NEEDS_RF2_AND_DOCKING	44		/data/qlyu/projects/pvrig_top7500_dualpanel_screen_v1_20260724/run/qc397_final50_fusion_developability_v1_20260726/final50_common4_bundle/representative_complexes/R44__NODE1GEN_100102__9e6y__s42.pdb	A	1.000000	1.000000	6336.925810	5577.269522	759.656288	14	1046.502610	5	371.155380	3	267.940573	34.729125	False
NODE1GEN_100102_source_rfantibody_source_id_PVRIG_RFAb_v2_P5_ekg_L_bb007_mpn10_arm_P5_ekg_L_backbone_P5_ekg_L_bb007_status_NEEDS_RF2_AND_DOCKING	44		/data/qlyu/projects/pvrig_top7500_dualpanel_screen_v1_20260724/run/qc397_final50_fusion_developability_v1_20260726/final50_common4_bundle/representative_complexes/R44__NODE1GEN_100102__9e6y__s917.pdb	A	1.000000	1.000000	6357.936321	5650.301812	707.634509	21	1310.980897	3	274.904165	2	154.509642	33.748138	False
NODE1GEN_109883_source_rfantibody_source_id_PVRIG_RFAb_v2_P5_qkg_L_bb130_mpn02_arm_P5_qkg_L_backbone_P5_qkg_L_bb130_status_NEEDS_RF2_AND_DOCKING	45		/data/qlyu/projects/pvrig_top7500_dualpanel_screen_v1_20260724/run/qc397_final50_fusion_developability_v1_20260726/final50_common4_bundle/representative_complexes/R45__NODE1GEN_109883__8x6b__s1931.pdb	A	1.000000	1.000000	6149.420523	5295.603938	853.816585	14	688.227697	5	343.250120	3	280.353990	36.039439	False
NODE1GEN_109883_source_rfantibody_source_id_PVRIG_RFAb_v2_P5_qkg_L_bb130_mpn02_arm_P5_qkg_L_backbone_P5_qkg_L_bb130_status_NEEDS_RF2_AND_DOCKING	45		/data/qlyu/projects/pvrig_top7500_dualpanel_screen_v1_20260724/run/qc397_final50_fusion_developability_v1_20260726/final50_common4_bundle/representative_complexes/R45__NODE1GEN_109883__8x6b__s3047.pdb	A	1.000000	1.000000	6089.589959	5350.230809	739.359149	12	694.186838	3	242.419803	3	257.980133	36.741930	False
NODE1GEN_109883_source_rfantibody_source_id_PVRIG_RFAb_v2_P5_qkg_L_bb130_mpn02_arm_P5_qkg_L_backbone_P5_qkg_L_bb130_status_NEEDS_RF2_AND_DOCKING	45		/data/qlyu/projects/pvrig_top7500_dualpanel_screen_v1_20260724/run/qc397_final50_fusion_developability_v1_20260726/final50_common4_bundle/representative_complexes/R45__NODE1GEN_109883__8x6b__s42.pdb	A	1.000000	1.000000	6218.627714	5400.556673	818.071041	13	632.601736	3	243.428485	3	260.870817	36.775552	False
NODE1GEN_109883_source_rfantibody_source_id_PVRIG_RFAb_v2_P5_qkg_L_bb130_mpn02_arm_P5_qkg_L_backbone_P5_qkg_L_bb130_status_NEEDS_RF2_AND_DOCKING	45		/data/qlyu/projects/pvrig_top7500_dualpanel_screen_v1_20260724/run/qc397_final50_fusion_developability_v1_20260726/final50_common4_bundle/representative_complexes/R45__NODE1GEN_109883__8x6b__s917.pdb	A	1.000000	1.000000	6160.469316	5422.560325	737.908990	13	615.336171	3	254.528025	3	277.169651	36.980357	False
NODE1GEN_109883_source_rfantibody_source_id_PVRIG_RFAb_v2_P5_qkg_L_bb130_mpn02_arm_P5_qkg_L_backbone_P5_qkg_L_bb130_status_NEEDS_RF2_AND_DOCKING	45		/data/qlyu/projects/pvrig_top7500_dualpanel_screen_v1_20260724/run/qc397_final50_fusion_developability_v1_20260726/final50_common4_bundle/representative_complexes/R45__NODE1GEN_109883__9e6y__s1931.pdb	A	1.000000	1.000000	6149.248698	5318.158102	831.090597	12	626.716486	1	134.328261	3	265.160075	36.060092	False
NODE1GEN_109883_source_rfantibody_source_id_PVRIG_RFAb_v2_P5_qkg_L_bb130_mpn02_arm_P5_qkg_L_backbone_P5_qkg_L_bb130_status_NEEDS_RF2_AND_DOCKING	45		/data/qlyu/projects/pvrig_top7500_dualpanel_screen_v1_20260724/run/qc397_final50_fusion_developability_v1_20260726/final50_common4_bundle/representative_complexes/R45__NODE1GEN_109883__9e6y__s3047.pdb	A	1.000000	1.000000	6212.571541	5461.052291	751.519249	15	836.104830	3	236.566493	2	204.120584	36.606205	False
NODE1GEN_109883_source_rfantibody_source_id_PVRIG_RFAb_v2_P5_qkg_L_bb130_mpn02_arm_P5_qkg_L_backbone_P5_qkg_L_bb130_status_NEEDS_RF2_AND_DOCKING	45		/data/qlyu/projects/pvrig_top7500_dualpanel_screen_v1_20260724/run/qc397_final50_fusion_developability_v1_20260726/final50_common4_bundle/representative_complexes/R45__NODE1GEN_109883__9e6y__s42.pdb	A	1.000000	1.000000	6210.492120	5453.960230	756.531891	14	790.459374	1	129.631747	3	285.711285	35.535493	False
NODE1GEN_109883_source_rfantibody_source_id_PVRIG_RFAb_v2_P5_qkg_L_bb130_mpn02_arm_P5_qkg_L_backbone_P5_qkg_L_bb130_status_NEEDS_RF2_AND_DOCKING	45		/data/qlyu/projects/pvrig_top7500_dualpanel_screen_v1_20260724/run/qc397_final50_fusion_developability_v1_20260726/final50_common4_bundle/representative_complexes/R45__NODE1GEN_109883__9e6y__s917.pdb	A	1.000000	1.000000	6193.053433	5399.768029	793.285404	12	618.532511	1	136.732689	3	278.077445	35.835754	False
P1MCPUFP__CPUFP500K_0188__00645	46		/data/qlyu/projects/pvrig_top7500_dualpanel_screen_v1_20260724/run/qc397_final50_fusion_developability_v1_20260726/final50_common4_bundle/representative_complexes/R46__P1MCPUFP__CPUFP500K_0188__00645__8x6b__s1931.pdb	A	1.000000	1.000000	6562.609218	5719.115299	843.493919	22	1183.710182	4	304.937979	2	208.439667	38.747956	False
P1MCPUFP__CPUFP500K_0188__00645	46		/data/qlyu/projects/pvrig_top7500_dualpanel_screen_v1_20260724/run/qc397_final50_fusion_developability_v1_20260726/final50_common4_bundle/representative_complexes/R46__P1MCPUFP__CPUFP500K_0188__00645__8x6b__s3047.pdb	A	1.000000	1.000000	6561.835067	5758.494116	803.340951	22	1191.502086	4	354.417016	2	205.739049	38.761113	False
P1MCPUFP__CPUFP500K_0188__00645	46		/data/qlyu/projects/pvrig_top7500_dualpanel_screen_v1_20260724/run/qc397_final50_fusion_developability_v1_20260726/final50_common4_bundle/representative_complexes/R46__P1MCPUFP__CPUFP500K_0188__00645__8x6b__s42.pdb	A	1.000000	1.000000	6718.837207	5906.803679	812.033528	23	1240.062228	4	323.279644	2	219.147199	38.625127	False
P1MCPUFP__CPUFP500K_0188__00645	46		/data/qlyu/projects/pvrig_top7500_dualpanel_screen_v1_20260724/run/qc397_final50_fusion_developability_v1_20260726/final50_common4_bundle/representative_complexes/R46__P1MCPUFP__CPUFP500K_0188__00645__8x6b__s917.pdb	A	1.000000	1.000000	6646.913941	5833.511956	813.401985	22	1168.007957	4	331.848401	2	226.781039	38.521906	False
P1MCPUFP__CPUFP500K_0188__00645	46		/data/qlyu/projects/pvrig_top7500_dualpanel_screen_v1_20260724/run/qc397_final50_fusion_developability_v1_20260726/final50_common4_bundle/representative_complexes/R46__P1MCPUFP__CPUFP500K_0188__00645__9e6y__s1931.pdb	A	1.000000	1.000000	6676.296042	5919.197157	757.098885	21	1140.728461	4	309.613025	2	210.899220	34.144419	False
P1MCPUFP__CPUFP500K_0188__00645	46		/data/qlyu/projects/pvrig_top7500_dualpanel_screen_v1_20260724/run/qc397_final50_fusion_developability_v1_20260726/final50_common4_bundle/representative_complexes/R46__P1MCPUFP__CPUFP500K_0188__00645__9e6y__s3047.pdb	A	1.000000	1.000000	6652.824491	5843.210764	809.613727	12	655.989825	4	305.549877	2	228.990877	38.799241	False
P1MCPUFP__CPUFP500K_0188__00645	46		/data/qlyu/projects/pvrig_top7500_dualpanel_screen_v1_20260724/run/qc397_final50_fusion_developability_v1_20260726/final50_common4_bundle/representative_complexes/R46__P1MCPUFP__CPUFP500K_0188__00645__9e6y__s42.pdb	A	1.000000	1.000000	6606.359729	5690.427720	915.932008	22	1180.883440	4	310.621581	2	228.076024	37.791072	False
P1MCPUFP__CPUFP500K_0188__00645	46		/data/qlyu/projects/pvrig_top7500_dualpanel_screen_v1_20260724/run/qc397_final50_fusion_developability_v1_20260726/final50_common4_bundle/representative_complexes/R46__P1MCPUFP__CPUFP500K_0188__00645__9e6y__s917.pdb	A	1.000000	1.000000	6574.338187	5735.490013	838.848174	13	674.770978	4	308.963699	2	224.277546	39.021131	False
P1MCPUFP__CPUFP500K_0030__00860	47		/data/qlyu/projects/pvrig_top7500_dualpanel_screen_v1_20260724/run/qc397_final50_fusion_developability_v1_20260726/final50_common4_bundle/representative_complexes/R47__P1MCPUFP__CPUFP500K_0030__00860__8x6b__s1931.pdb	A	1.000000	1.000000	6260.112927	5518.170949	741.941978	10	547.940296	3	268.480487	1	117.920141	35.351712	False
P1MCPUFP__CPUFP500K_0030__00860	47		/data/qlyu/projects/pvrig_top7500_dualpanel_screen_v1_20260724/run/qc397_final50_fusion_developability_v1_20260726/final50_common4_bundle/representative_complexes/R47__P1MCPUFP__CPUFP500K_0030__00860__8x6b__s3047.pdb	A	1.000000	1.000000	6352.193280	5496.308773	855.884507	11	553.845024	3	261.749918	2	96.121007	36.037304	False
P1MCPUFP__CPUFP500K_0030__00860	47		/data/qlyu/projects/pvrig_top7500_dualpanel_screen_v1_20260724/run/qc397_final50_fusion_developability_v1_20260726/final50_common4_bundle/representative_complexes/R47__P1MCPUFP__CPUFP500K_0030__00860__8x6b__s42.pdb	A	1.000000	1.000000	6248.732215	5396.112053	852.620162	8	370.754910	3	260.048097	2	99.919485	32.686816	False
P1MCPUFP__CPUFP500K_0030__00860	47		/data/qlyu/projects/pvrig_top7500_dualpanel_screen_v1_20260724/run/qc397_final50_fusion_developability_v1_20260726/final50_common4_bundle/representative_complexes/R47__P1MCPUFP__CPUFP500K_0030__00860__8x6b__s917.pdb	A	1.000000	1.000000	6222.076681	5454.237905	767.838776	11	559.962459	3	252.140247	2	102.159148	35.311024	False
P1MCPUFP__CPUFP500K_0030__00860	47		/data/qlyu/projects/pvrig_top7500_dualpanel_screen_v1_20260724/run/qc397_final50_fusion_developability_v1_20260726/final50_common4_bundle/representative_complexes/R47__P1MCPUFP__CPUFP500K_0030__00860__9e6y__s1931.pdb	A	1.000000	1.000000	6260.496306	5477.429854	783.066452	7	407.479940	3	253.270173	2	100.427502	35.597503	False
P1MCPUFP__CPUFP500K_0030__00860	47		/data/qlyu/projects/pvrig_top7500_dualpanel_screen_v1_20260724/run/qc397_final50_fusion_developability_v1_20260726/final50_common4_bundle/representative_complexes/R47__P1MCPUFP__CPUFP500K_0030__00860__9e6y__s3047.pdb	A	1.000000	1.000000	6280.347339	5437.310019	843.037320	5	261.592524	6	477.829205	2	102.704046	36.296711	False
P1MCPUFP__CPUFP500K_0030__00860	47		/data/qlyu/projects/pvrig_top7500_dualpanel_screen_v1_20260724/run/qc397_final50_fusion_developability_v1_20260726/final50_common4_bundle/representative_complexes/R47__P1MCPUFP__CPUFP500K_0030__00860__9e6y__s42.pdb	A	1.000000	1.000000	6252.754647	5389.277015	863.477632	7	380.622527	3	262.013749	2	95.667109	35.563448	False
P1MCPUFP__CPUFP500K_0030__00860	47		/data/qlyu/projects/pvrig_top7500_dualpanel_screen_v1_20260724/run/qc397_final50_fusion_developability_v1_20260726/final50_common4_bundle/representative_complexes/R47__P1MCPUFP__CPUFP500K_0030__00860__9e6y__s917.pdb	A	1.000000	1.000000	6233.967253	5448.023583	785.943670	11	545.646222	3	263.799514	2	98.360669	36.048550	False
P1MCPUFP__CPUFP500K_0029__00647	48		/data/qlyu/projects/pvrig_top7500_dualpanel_screen_v1_20260724/run/qc397_final50_fusion_developability_v1_20260726/final50_common4_bundle/representative_complexes/R48__P1MCPUFP__CPUFP500K_0029__00647__8x6b__s1931.pdb	A	1.000000	1.000000	6179.947651	5511.328330	668.619321	17	699.695683	3	268.332539	2	165.973607	33.176826	False
P1MCPUFP__CPUFP500K_0029__00647	48		/data/qlyu/projects/pvrig_top7500_dualpanel_screen_v1_20260724/run/qc397_final50_fusion_developability_v1_20260726/final50_common4_bundle/representative_complexes/R48__P1MCPUFP__CPUFP500K_0029__00647__8x6b__s3047.pdb	A	1.000000	1.000000	6276.036885	5530.796675	745.240211	15	664.056556	3	244.712998	2	162.724970	31.563142	False
P1MCPUFP__CPUFP500K_0029__00647	48		/data/qlyu/projects/pvrig_top7500_dualpanel_screen_v1_20260724/run/qc397_final50_fusion_developability_v1_20260726/final50_common4_bundle/representative_complexes/R48__P1MCPUFP__CPUFP500K_0029__00647__8x6b__s42.pdb	A	1.000000	1.000000	6291.805021	5526.992457	764.812563	17	744.858465	3	252.525323	2	158.926491	31.082411	False
P1MCPUFP__CPUFP500K_0029__00647	48		/data/qlyu/projects/pvrig_top7500_dualpanel_screen_v1_20260724/run/qc397_final50_fusion_developability_v1_20260726/final50_common4_bundle/representative_complexes/R48__P1MCPUFP__CPUFP500K_0029__00647__8x6b__s917.pdb	A	1.000000	1.000000	6190.176488	5544.478101	645.698387	16	719.690811	3	338.458291	2	173.856575	35.301761	False
P1MCPUFP__CPUFP500K_0029__00647	48		/data/qlyu/projects/pvrig_top7500_dualpanel_screen_v1_20260724/run/qc397_final50_fusion_developability_v1_20260726/final50_common4_bundle/representative_complexes/R48__P1MCPUFP__CPUFP500K_0029__00647__9e6y__s1931.pdb	A	1.000000	1.000000	6307.913013	5623.682343	684.230670	16	713.025000	3	249.952589	2	176.133120	33.298878	False
P1MCPUFP__CPUFP500K_0029__00647	48		/data/qlyu/projects/pvrig_top7500_dualpanel_screen_v1_20260724/run/qc397_final50_fusion_developability_v1_20260726/final50_common4_bundle/representative_complexes/R48__P1MCPUFP__CPUFP500K_0029__00647__9e6y__s3047.pdb	A	1.000000	1.000000	6179.706481	5484.731816	694.974665	17	734.055994	3	252.150426	2	181.179523	33.103390	False
P1MCPUFP__CPUFP500K_0029__00647	48		/data/qlyu/projects/pvrig_top7500_dualpanel_screen_v1_20260724/run/qc397_final50_fusion_developability_v1_20260726/final50_common4_bundle/representative_complexes/R48__P1MCPUFP__CPUFP500K_0029__00647__9e6y__s42.pdb	A	1.000000	1.000000	6232.684813	5553.668139	679.016673	17	724.412436	3	253.164343	3	218.249458	33.617608	False
P1MCPUFP__CPUFP500K_0029__00647	48		/data/qlyu/projects/pvrig_top7500_dualpanel_screen_v1_20260724/run/qc397_final50_fusion_developability_v1_20260726/final50_common4_bundle/representative_complexes/R48__P1MCPUFP__CPUFP500K_0029__00647__9e6y__s917.pdb	A	1.000000	1.000000	6315.230076	5570.162108	745.067968	17	746.194040	3	257.618368	3	225.476461	31.191847	False
P1MCPUFP__CPUFP500K_0090__00860	49		/data/qlyu/projects/pvrig_top7500_dualpanel_screen_v1_20260724/run/qc397_final50_fusion_developability_v1_20260726/final50_common4_bundle/representative_complexes/R49__P1MCPUFP__CPUFP500K_0090__00860__8x6b__s1931.pdb	A	1.000000	1.000000	6304.436778	5637.043537	667.393241	17	919.998025	3	307.484051	3	233.130072	37.166546	False
P1MCPUFP__CPUFP500K_0090__00860	49		/data/qlyu/projects/pvrig_top7500_dualpanel_screen_v1_20260724/run/qc397_final50_fusion_developability_v1_20260726/final50_common4_bundle/representative_complexes/R49__P1MCPUFP__CPUFP500K_0090__00860__8x6b__s3047.pdb	A	1.000000	1.000000	6304.584182	5719.421123	585.163059	17	935.482663	3	311.467360	2	234.604945	37.570279	False
P1MCPUFP__CPUFP500K_0090__00860	49		/data/qlyu/projects/pvrig_top7500_dualpanel_screen_v1_20260724/run/qc397_final50_fusion_developability_v1_20260726/final50_common4_bundle/representative_complexes/R49__P1MCPUFP__CPUFP500K_0090__00860__8x6b__s42.pdb	A	1.000000	1.000000	6266.120322	5656.323512	609.796810	16	937.018525	3	324.219839	3	237.949526	37.952714	False
P1MCPUFP__CPUFP500K_0090__00860	49		/data/qlyu/projects/pvrig_top7500_dualpanel_screen_v1_20260724/run/qc397_final50_fusion_developability_v1_20260726/final50_common4_bundle/representative_complexes/R49__P1MCPUFP__CPUFP500K_0090__00860__8x6b__s917.pdb	A	1.000000	1.000000	6359.550052	5593.087922	766.462130	16	926.843786	3	295.460066	3	225.222222	36.255067	False
P1MCPUFP__CPUFP500K_0090__00860	49		/data/qlyu/projects/pvrig_top7500_dualpanel_screen_v1_20260724/run/qc397_final50_fusion_developability_v1_20260726/final50_common4_bundle/representative_complexes/R49__P1MCPUFP__CPUFP500K_0090__00860__9e6y__s1931.pdb	A	1.000000	1.000000	6326.853634	5592.520111	734.333523	17	922.185579	3	311.519657	2	206.419895	35.103315	False
P1MCPUFP__CPUFP500K_0090__00860	49		/data/qlyu/projects/pvrig_top7500_dualpanel_screen_v1_20260724/run/qc397_final50_fusion_developability_v1_20260726/final50_common4_bundle/representative_complexes/R49__P1MCPUFP__CPUFP500K_0090__00860__9e6y__s3047.pdb	A	1.000000	1.000000	6359.281635	5729.852698	629.428937	17	972.983080	3	315.630431	3	229.659722	36.719796	False
P1MCPUFP__CPUFP500K_0090__00860	49		/data/qlyu/projects/pvrig_top7500_dualpanel_screen_v1_20260724/run/qc397_final50_fusion_developability_v1_20260726/final50_common4_bundle/representative_complexes/R49__P1MCPUFP__CPUFP500K_0090__00860__9e6y__s42.pdb	A	1.000000	1.000000	6280.633915	5660.727480	619.906435	17	911.755638	3	317.194190	2	201.166189	37.165824	False
P1MCPUFP__CPUFP500K_0090__00860	49		/data/qlyu/projects/pvrig_top7500_dualpanel_screen_v1_20260724/run/qc397_final50_fusion_developability_v1_20260726/final50_common4_bundle/representative_complexes/R49__P1MCPUFP__CPUFP500K_0090__00860__9e6y__s917.pdb	A	1.000000	1.000000	6415.943756	5604.295512	811.648243	16	940.796709	3	314.377983	5	438.356162	37.036941	False
NODE1GEN_128929_source_rfantibody_source_id_PVRIG_RFAb_v2_P6_ekg_L_bb339_mpn06_arm_P6_ekg_L_backbone_P6_ekg_L_bb339_status_NEEDS_RF2_AND_DOCKING	50		/data/qlyu/projects/pvrig_top7500_dualpanel_screen_v1_20260724/run/qc397_final50_fusion_developability_v1_20260726/final50_common4_bundle/representative_complexes/R50__NODE1GEN_128929__8x6b__s1931.pdb	A	1.000000	1.000000	6036.362248	5266.064380	770.297868	8	430.512171	3	257.095816	3	283.302375	36.133948	False
NODE1GEN_128929_source_rfantibody_source_id_PVRIG_RFAb_v2_P6_ekg_L_bb339_mpn06_arm_P6_ekg_L_backbone_P6_ekg_L_bb339_status_NEEDS_RF2_AND_DOCKING	50		/data/qlyu/projects/pvrig_top7500_dualpanel_screen_v1_20260724/run/qc397_final50_fusion_developability_v1_20260726/final50_common4_bundle/representative_complexes/R50__NODE1GEN_128929__8x6b__s3047.pdb	A	1.000000	1.000000	6015.919820	5224.349202	791.570618	9	431.907917	1	138.304805	3	275.394525	36.563711	False
NODE1GEN_128929_source_rfantibody_source_id_PVRIG_RFAb_v2_P6_ekg_L_bb339_mpn06_arm_P6_ekg_L_backbone_P6_ekg_L_bb339_status_NEEDS_RF2_AND_DOCKING	50		/data/qlyu/projects/pvrig_top7500_dualpanel_screen_v1_20260724/run/qc397_final50_fusion_developability_v1_20260726/final50_common4_bundle/representative_complexes/R50__NODE1GEN_128929__8x6b__s42.pdb	A	1.000000	1.000000	6061.656446	5300.359052	761.297393	8	488.757089	3	235.192800	3	278.494921	36.614245	False
NODE1GEN_128929_source_rfantibody_source_id_PVRIG_RFAb_v2_P6_ekg_L_bb339_mpn06_arm_P6_ekg_L_backbone_P6_ekg_L_bb339_status_NEEDS_RF2_AND_DOCKING	50		/data/qlyu/projects/pvrig_top7500_dualpanel_screen_v1_20260724/run/qc397_final50_fusion_developability_v1_20260726/final50_common4_bundle/representative_complexes/R50__NODE1GEN_128929__8x6b__s917.pdb	A	1.000000	1.000000	6014.371288	5236.497657	777.873630	9	471.920414	3	239.810187	3	276.852161	35.928445	False
NODE1GEN_128929_source_rfantibody_source_id_PVRIG_RFAb_v2_P6_ekg_L_bb339_mpn06_arm_P6_ekg_L_backbone_P6_ekg_L_bb339_status_NEEDS_RF2_AND_DOCKING	50		/data/qlyu/projects/pvrig_top7500_dualpanel_screen_v1_20260724/run/qc397_final50_fusion_developability_v1_20260726/final50_common4_bundle/representative_complexes/R50__NODE1GEN_128929__9e6y__s1931.pdb	A	1.000000	1.000000	6050.643551	5283.157136	767.486415	12	591.731501	2	81.711861	3	283.028365	36.423091	False
NODE1GEN_128929_source_rfantibody_source_id_PVRIG_RFAb_v2_P6_ekg_L_bb339_mpn06_arm_P6_ekg_L_backbone_P6_ekg_L_bb339_status_NEEDS_RF2_AND_DOCKING	50		/data/qlyu/projects/pvrig_top7500_dualpanel_screen_v1_20260724/run/qc397_final50_fusion_developability_v1_20260726/final50_common4_bundle/representative_complexes/R50__NODE1GEN_128929__9e6y__s3047.pdb	A	1.000000	1.000000	5950.709363	5203.032784	747.676579	9	451.406212	2	159.581094	3	283.398319	37.094735	False
NODE1GEN_128929_source_rfantibody_source_id_PVRIG_RFAb_v2_P6_ekg_L_bb339_mpn06_arm_P6_ekg_L_backbone_P6_ekg_L_bb339_status_NEEDS_RF2_AND_DOCKING	50		/data/qlyu/projects/pvrig_top7500_dualpanel_screen_v1_20260724/run/qc397_final50_fusion_developability_v1_20260726/final50_common4_bundle/representative_complexes/R50__NODE1GEN_128929__9e6y__s42.pdb	A	1.000000	1.000000	6046.878143	5298.656833	748.221310	8	448.426349	3	242.192855	3	283.958339	36.414150	False
NODE1GEN_128929_source_rfantibody_source_id_PVRIG_RFAb_v2_P6_ekg_L_bb339_mpn06_arm_P6_ekg_L_backbone_P6_ekg_L_bb339_status_NEEDS_RF2_AND_DOCKING	50		/data/qlyu/projects/pvrig_top7500_dualpanel_screen_v1_20260724/run/qc397_final50_fusion_developability_v1_20260726/final50_common4_bundle/representative_complexes/R50__NODE1GEN_128929__9e6y__s917.pdb	A	1.000000	1.000000	6014.391352	5207.860134	806.531217	8	429.659082	5	332.024393	3	283.339257	36.908397	False
