model,baseline,haddock_rank,haddock_score,hotspot_overlap_count,align_rmsd_A,total_vhh_pvrl2_atom_occlusion,total_vhh_pvrl2_residue_pair_occlusion,total_vhh_pvrl2_atom_clash,total_vhh_pvrl2_residue_pair_clash,cdr3_atom_occlusion,cdr3_atom_occlusion_fraction,cdr3_residue_pair_occlusion,cdr3_residue_pair_occlusion_fraction,cdr3_atom_clash,cdr3_residue_pair_clash,cdr3_vhh_residue_count,cdr3_pvrl2_residue_count,cdr12_atom_occlusion,cdr12_residue_pair_occlusion,framework_atom_occlusion,framework_residue_pair_occlusion,framework_residue_pair_occlusion_fraction
cluster_1_model_1,8x6b,1,,15,0.467,8760,722,1684,266,1490,0.17009132420091325,109,0.15096952908587258,307,43,13,36,1700,146,5570,467,0.646814404432133
cluster_2_model_1,8x6b,2,,17,0.515,8445,691,1529,259,1394,0.1650680876258141,104,0.15050651230101303,281,40,13,39,1485,112,5566,475,0.6874095513748191
cluster_2_model_2,8x6b,3,,17,0.482,8993,755,1652,266,1533,0.17046591793617258,125,0.16556291390728478,325,42,13,42,1365,111,6095,519,0.6874172185430464
cluster_2_model_3,8x6b,4,,18,0.490,8723,728,1624,259,1457,0.16702969161985556,112,0.15384615384615385,306,38,13,39,1478,118,5788,498,0.6840659340659341
cluster_2_model_4,8x6b,5,,18,0.477,9022,744,1657,266,1553,0.1721347816448681,117,0.15725806451612903,319,40,13,41,1413,112,6056,515,0.6922043010752689
cluster_3_model_1,8x6b,6,,15,0.485,7708,669,1384,243,1031,0.13375713544369486,84,0.12556053811659193,187,33,13,36,1640,135,5037,450,0.672645739910314
cluster_3_model_2,8x6b,7,,15,0.577,7800,651,1380,244,1147,0.14705128205128204,87,0.1336405529953917,220,37,13,37,1540,131,5113,433,0.6651305683563749
cluster_4_model_1,8x6b,8,,15,0.559,6941,617,1222,216,1110,0.15991931998271142,96,0.15559157212317667,213,36,13,32,1217,105,4614,416,0.6742301458670988
cluster_5_model_1,8x6b,9,,18,0.639,9007,766,1564,272,1264,0.14033529477073386,108,0.1409921671018277,241,37,13,35,1837,142,5906,516,0.6736292428198434
