{
  "node23_first_vs_repeat": {
    "rmsd": 0.8257905957120334,
    "p95": 1.840696606222118,
    "max": 3.795332322253786
  },
  "node23_repeat_vs_bxcpu": {
    "rmsd": 0.8079735416029015,
    "p95": 1.8444166232837922,
    "max": 3.4969361663936978
  },
  "node23_first_vs_bxcpu": {
    "rmsd": 0.8029247619095118,
    "p95": 1.8210069512264173,
    "max": 3.7752937337013233
  }
}
