{
  "atoms_node23": 1897,
  "atoms_bxcpu": 1897,
  "common_atoms": 1897,
  "same_atom_key_set": true,
  "aligned_rmsd_A": 0.8029247619095118,
  "aligned_max_A": 3.7752937337013233,
  "aligned_p95_A": 1.8210069512264173,
  "node23_sha256": "021359c8cfd485882727d3cd61203b629bc964c886abb1b5f83866c177659fbc",
  "bxcpu_sha256": "6ab16898ccaa8386346f5c74803a088937901b33fd29428e9c84914e6409f28e"
}
