model,baseline,haddock_rank,haddock_score,hotspot_overlap_count,align_rmsd_A,total_vhh_pvrl2_atom_occlusion,total_vhh_pvrl2_residue_pair_occlusion,total_vhh_pvrl2_atom_clash,total_vhh_pvrl2_residue_pair_clash,cdr3_atom_occlusion,cdr3_atom_occlusion_fraction,cdr3_residue_pair_occlusion,cdr3_residue_pair_occlusion_fraction,cdr3_atom_clash,cdr3_residue_pair_clash,cdr3_vhh_residue_count,cdr3_pvrl2_residue_count,cdr12_atom_occlusion,cdr12_residue_pair_occlusion,framework_atom_occlusion,framework_residue_pair_occlusion,framework_residue_pair_occlusion_fraction
cluster_1_model_1,8x6b,1,,16,0.658,8508,702,1489,257,1855,0.21803008932769158,124,0.17663817663817663,336,52,12,46,1048,76,5605,502,0.7150997150997151
cluster_1_model_2,8x6b,2,,20,0.602,7706,662,1512,234,1840,0.23877498053464832,133,0.20090634441087613,365,54,12,45,982,74,4884,455,0.6873111782477341
cluster_1_model_3,8x6b,3,,15,0.546,7285,601,1305,216,1864,0.2558682223747426,130,0.21630615640599002,335,53,12,48,904,62,4517,409,0.6805324459234608
cluster_1_model_4,8x6b,4,,17,0.593,8917,750,1614,286,1849,0.2073567343276887,123,0.164,346,55,12,44,1246,92,5822,535,0.7133333333333334
cluster_2_model_1,8x6b,5,,18,0.519,7536,650,1338,223,1202,0.15950106157112526,101,0.15538461538461537,248,36,12,31,1234,102,5100,447,0.6876923076923077
cluster_3_model_1,8x6b,6,,12,0.461,7923,658,1434,261,1753,0.2212545752871387,128,0.1945288753799392,325,54,12,42,1170,91,5000,439,0.6671732522796353
cluster_4_model_1,8x6b,7,,17,0.513,8417,684,1470,266,1365,0.16217179517642866,98,0.14327485380116958,254,42,12,34,1879,144,5173,442,0.6461988304093568
