model,baseline,haddock_rank,haddock_score,hotspot_overlap_count,align_rmsd_A,total_vhh_pvrl2_atom_occlusion,total_vhh_pvrl2_residue_pair_occlusion,total_vhh_pvrl2_atom_clash,total_vhh_pvrl2_residue_pair_clash,cdr3_atom_occlusion,cdr3_atom_occlusion_fraction,cdr3_residue_pair_occlusion,cdr3_residue_pair_occlusion_fraction,cdr3_atom_clash,cdr3_residue_pair_clash,cdr3_vhh_residue_count,cdr3_pvrl2_residue_count,cdr12_atom_occlusion,cdr12_residue_pair_occlusion,framework_atom_occlusion,framework_residue_pair_occlusion,framework_residue_pair_occlusion_fraction
cluster_1_model_1,8x6b,1,,15,0.476,8000,668,1386,244,1479,0.184875,108,0.16167664670658682,273,40,13,37,1483,130,5038,430,0.6437125748502994
cluster_1_model_2,8x6b,3,,15,0.502,8737,763,1579,278,1748,0.2000686734577086,139,0.182175622542595,325,52,13,43,1666,134,5323,490,0.6422018348623854
cluster_1_model_3,8x6b,4,,15,0.550,8998,791,1670,277,1821,0.20237830629028672,143,0.18078381795195955,348,50,13,43,1645,131,5532,517,0.6536030341340076
cluster_1_model_4,8x6b,6,,16,0.495,8808,768,1601,287,1758,0.19959128065395096,136,0.17708333333333334,319,56,13,44,1643,130,5407,502,0.6536458333333334
cluster_2_model_1,8x6b,2,,13,0.535,8326,688,1493,249,1968,0.23636800384338216,147,0.2136627906976744,373,55,13,48,1234,96,5124,445,0.6468023255813954
cluster_2_model_2,8x6b,5,,10,0.681,8386,710,1414,250,1862,0.22203672787979967,138,0.19436619718309858,334,56,13,43,1332,115,5192,457,0.643661971830986
cluster_3_model_1,8x6b,7,,9,0.420,7338,632,1340,220,1573,0.21436358680839465,124,0.1962025316455696,263,40,13,40,1559,125,4206,383,0.6060126582278481
